ppm HF Concentration mole,X (m),Y (m),Z (m)
5676,171.81,65.83,34.77
999524,171.82,65.83,34.76
999522,171.82,65.83,34.76
999689,171.82,65.83,34.76
999687,171.82,65.83,34.76
999525,171.82,65.83,34.76
999690,171.82,65.83,34.76
999524,171.82,65.83,34.76
999690,171.82,65.83,34.76
999516,171.82,65.83,34.76
999519,171.82,65.83,34.76
999683,171.82,65.83,34.76
999685,171.82,65.83,34.76
999508,171.82,65.83,34.76
999512,171.82,65.83,34.76
999678,171.82,65.83,34.76
999680,171.82,65.83,34.76
999675,171.82,65.83,34.76
3164,171.81,65.83,34.73
4435,171.81,65.83,34.73
3050,171.81,65.83,34.73
6964,171.81,65.83,34.73
7516,171.81,65.83,34.73
10185,171.81,65.83,34.74
12747,171.82,65.83,34.73
8741,171.82,65.83,34.73
9600,171.82,65.83,34.74
7475,171.82,65.83,34.74
4531,171.82,65.83,34.74
2961,171.82,65.83,34.74
9303,171.81,65.83,34.77
998142,171.82,65.83,34.76
998147,171.82,65.83,34.76
999369,171.82,65.83,34.76
999198,171.82,65.83,34.76
999372,171.82,65.83,34.76
999204,171.82,65.83,34.76
998997,171.82,65.83,34.76
998147,171.82,65.83,34.76
998142,171.82,65.83,34.76
999372,171.82,65.83,34.76
999208,171.82,65.83,34.76
999371,171.82,65.83,34.76
999208,171.82,65.83,34.76
999004,171.82,65.83,34.76
999009,171.82,65.83,34.76
999360,171.82,65.83,34.76
999185,171.82,65.83,34.76
998986,171.82,65.83,34.76
999667,171.82,65.83,34.76
998629,171.82,65.83,34.76
999674,171.82,65.83,34.76
998652,171.82,65.83,34.76
999418,171.82,65.83,34.76
999433,171.82,65.83,34.76
999678,171.82,65.83,34.76
998669,171.82,65.83,34.76
999681,171.82,65.83,34.76
998680,171.82,65.83,34.76
999441,171.82,65.83,34.76
999450,171.82,65.83,34.76
999505,171.82,65.83,34.76
998082,171.82,65.83,34.76
999350,171.82,65.83,34.76
999189,171.82,65.83,34.76
998133,171.82,65.83,34.76
998123,171.82,65.83,34.76
999369,171.82,65.83,34.76
999208,171.82,65.83,34.76
999366,171.82,65.83,34.76
999205,171.82,65.83,34.76
999011,171.82,65.83,34.76
999010,171.82,65.83,34.76
998095,171.82,65.83,34.76
998110,171.82,65.83,34.76
999356,171.82,65.83,34.76
999195,171.82,65.83,34.76
999362,171.82,65.83,34.76
999201,171.82,65.83,34.76
999002,171.82,65.83,34.76
999007,171.82,65.83,34.76
999683,171.82,65.83,34.76
999684,171.82,65.83,34.76
998686,171.82,65.83,34.76
998690,171.82,65.83,34.76
999454,171.82,65.83,34.76
999459,171.82,65.83,34.76
999684,171.82,65.83,34.76
998691,171.82,65.83,34.76
999462,171.82,65.83,34.76
999685,171.82,65.83,34.76
998692,171.82,65.83,34.76
999469,171.82,65.83,34.76
15495,171.83,65.83,34.74
3192,171.82,65.83,34.74
6126,171.83,65.83,34.74
3016,171.83,65.83,34.74
6217,171.83,65.83,34.74
3186,171.83,65.83,34.74
8613,171.83,65.83,34.74
12597,171.81,65.83,34.77
2897,171.81,65.83,34.78
2154,171.81,65.83,34.78
5401,171.81,65.83,34.77
113073,171.81,65.83,34.77
3930,171.81,65.83,34.77
3113,171.8,65.83,34.77
3572,171.8,65.83,34.77
6932,171.8,65.83,34.77
995686,171.82,65.83,34.76
995670,171.82,65.83,34.76
998473,171.82,65.83,34.76
998466,171.82,65.83,34.76
998777,171.82,65.83,34.76
998772,171.82,65.83,34.76
995688,171.82,65.83,34.76
998475,171.82,65.83,34.76
998778,171.82,65.83,34.76
998473,171.82,65.83,34.76
999518,171.82,65.83,34.76
998122,171.82,65.83,34.76
995678,171.82,65.83,34.76
999682,171.82,65.83,34.76
999685,171.82,65.83,34.76
998773,171.82,65.83,34.76
995621,171.82,65.83,34.76
998447,171.82,65.83,34.76
995647,171.82,65.83,34.76
998457,171.82,65.83,34.76
998756,171.82,65.83,34.76
998764,171.82,65.83,34.76
998423,171.82,65.83,34.76
995558,171.82,65.83,34.76
995589,171.82,65.83,34.76
998435,171.82,65.83,34.76
998736,171.82,65.83,34.76
998745,171.82,65.83,34.76
998724,171.82,65.83,34.76
998411,171.82,65.83,34.76
995532,171.82,65.83,34.76
998712,171.82,65.83,34.76
999673,171.82,65.83,34.76
7311,171.82,65.83,34.74
6429,171.81,65.83,34.73
15328,171.81,65.83,34.73
9317,171.82,65.83,34.73
1926,171.81,65.83,34.73
930,171.81,65.83,34.73
2692,171.82,65.83,34.73
1088,171.82,65.83,34.73
321,171.81,65.83,34.73
390,171.81,65.83,34.73
1824,171.81,65.83,34.73
39051,171.81,65.83,34.73
2075,171.81,65.83,34.73
212878,171.81,65.83,34.73
2307,171.81,65.83,34.73
577,171.81,65.83,34.73
764,171.81,65.83,34.73
809,171.81,65.83,34.73
998391,171.81,65.83,34.74
998788,171.81,65.83,34.74
998022,171.81,65.83,34.74
998568,171.81,65.83,34.74
8534,171.8,65.83,34.74
5393,171.81,65.83,34.73
480,171.81,65.83,34.73
46273,171.81,65.83,34.73
1792,171.81,65.83,34.73
1166,171.81,65.83,34.73
993893,171.81,65.83,34.74
1000000,171.81,65.83,34.74
7686,171.81,65.83,34.74
6005,171.81,65.83,34.73
821990,171.81,65.83,34.74
687003,171.81,65.83,34.74
3817,171.81,65.83,34.73
3334,171.8,65.83,34.77
2368,171.8,65.83,34.74
849384,171.81,65.83,34.74
5593,171.8,65.83,34.74
2015,171.8,65.83,34.74
2641,171.8,65.83,34.74
8876,171.8,65.83,34.74
1060,171.82,65.83,34.73
913,171.82,65.83,34.73
2648,171.82,65.83,34.73
1963,171.82,65.83,34.73
1228,171.82,65.83,34.73
997055,171.82,65.83,34.74
993365,171.82,65.83,34.74
6305,171.82,65.83,34.73
931598,171.82,65.83,34.74
754180,171.82,65.83,34.74
3667,171.82,65.83,34.73
921117,171.82,65.83,34.74
5485,171.82,65.83,34.74
617124,171.82,65.83,34.74
3446,171.82,65.83,34.74
87492,171.82,65.83,34.74
2668,171.82,65.83,34.73
63050,171.82,65.83,34.74
1735,171.82,65.83,34.74
843,171.82,65.83,34.73
1779,171.81,65.83,34.78
1982,171.81,65.83,34.78
2248,171.81,65.83,34.78
6813,171.81,65.83,34.77
801483,171.81,65.83,34.77
3732,171.81,65.83,34.78
3883,171.81,65.83,34.78
2439,171.81,65.83,34.78
9505,171.81,65.83,34.77
11366,171.81,65.83,34.77
17235,171.82,65.83,34.77
10891,171.83,65.83,34.77
8249,171.83,65.83,34.77
15876,171.83,65.83,34.77
9601,171.83,65.83,34.77
10667,171.83,65.83,34.77
4367,171.81,65.83,34.78
10997,171.81,65.83,34.77
4478,171.82,65.83,34.78
9349,171.82,65.83,34.77
10689,171.82,65.83,34.77
8214,171.82,65.83,34.77
2794,171.82,65.83,34.77
7841,171.82,65.83,34.77
7883,171.82,65.83,34.77
15918,171.82,65.83,34.77
3400,171.82,65.83,34.77
3986,171.82,65.83,34.77
7847,171.82,65.83,34.77
2394,171.83,65.83,34.77
3792,171.83,65.83,34.77
992283,171.82,65.83,34.76
992280,171.82,65.83,34.76
992256,171.82,65.83,34.76
995090,171.82,65.83,34.76
995109,171.82,65.83,34.76
997602,171.82,65.83,34.76
997172,171.82,65.83,34.76
997616,171.82,65.83,34.76
997198,171.82,65.83,34.76
996650,171.82,65.83,34.76
995114,171.82,65.83,34.76
995104,171.82,65.83,34.76
997621,171.82,65.83,34.76
997213,171.82,65.83,34.76
997620,171.82,65.83,34.76
997220,171.82,65.83,34.76
996682,171.82,65.83,34.76
996701,171.82,65.83,34.76
992264,171.82,65.83,34.76
999513,171.82,65.83,34.76
999350,171.82,65.83,34.76
998095,171.82,65.83,34.76
999174,171.82,65.83,34.76
995046,171.82,65.83,34.76
997571,171.82,65.83,34.76
998928,171.82,65.83,34.76
997052,171.82,65.83,34.76
997123,171.82,65.83,34.76
996607,171.82,65.83,34.76
998963,171.82,65.83,34.76
999558,171.82,65.83,34.77
998569,171.82,65.83,34.76
999660,171.82,65.83,34.76
998604,171.82,65.83,34.76
999373,171.82,65.83,34.76
998147,171.82,65.83,34.76
995559,171.82,65.83,34.76
998190,171.82,65.83,34.76
995639,171.82,65.83,34.76
999098,171.83,65.83,34.76
997551,171.82,65.83,34.76
999155,171.83,65.83,34.76
997613,171.82,65.83,34.76
998218,171.82,65.83,34.76
995699,171.82,65.83,34.76
998240,171.82,65.83,34.76
995741,171.82,65.83,34.76
999157,171.83,65.83,34.76
997649,171.82,65.83,34.76
999192,171.83,65.83,34.76
997699,171.82,65.83,34.76
992077,171.82,65.83,34.76
999503,171.82,65.83,34.76
999346,171.82,65.83,34.76
998073,171.82,65.83,34.76
999189,171.82,65.83,34.76
994989,171.82,65.83,34.76
997560,171.82,65.83,34.76
998992,171.82,65.83,34.76
997174,171.82,65.83,34.76
998994,171.82,65.83,34.76
997177,171.82,65.83,34.76
992222,171.82,65.83,34.76
992179,171.82,65.83,34.76
992095,171.82,65.83,34.76
992132,171.82,65.83,34.76
995087,171.82,65.83,34.76
995064,171.82,65.83,34.76
997615,171.82,65.83,34.76
997221,171.82,65.83,34.76
997605,171.82,65.83,34.76
997215,171.82,65.83,34.76
996712,171.82,65.83,34.76
996715,171.82,65.83,34.76
995008,171.82,65.83,34.76
995037,171.82,65.83,34.76
997575,171.82,65.83,34.76
997192,171.82,65.83,34.76
997592,171.82,65.83,34.76
997206,171.82,65.83,34.76
996710,171.82,65.83,34.76
996714,171.82,65.83,34.76
998253,171.82,65.83,34.76
998265,171.82,65.83,34.76
995769,171.82,65.83,34.76
995790,171.82,65.83,34.76
999190,171.83,65.83,34.76
999213,171.83,65.83,34.76
997718,171.82,65.83,34.76
997751,171.82,65.83,34.76
998274,171.82,65.83,34.76
995807,171.82,65.83,34.76
999212,171.83,65.83,34.76
997768,171.82,65.83,34.76
998283,171.82,65.83,34.76
999685,171.82,65.83,34.76
995824,171.82,65.83,34.76
998691,171.82,65.83,34.76
999234,171.83,65.83,34.76
997809,171.82,65.83,34.76
999470,171.82,65.83,34.76
999465,171.82,65.83,34.76
998708,171.82,65.83,34.76
999679,171.82,65.83,34.76
4222,171.82,65.83,34.74
5417,171.83,65.83,34.74
911037,171.83,65.83,34.74
995883,171.83,65.83,34.74
737934,171.83,65.83,34.74
998773,171.83,65.83,34.75
998655,171.83,65.83,34.74
998416,171.83,65.83,34.74
997812,171.83,65.83,34.74
995666,171.83,65.83,34.74
993428,171.83,65.83,34.74
6378,171.83,65.83,34.74
5954,171.83,65.83,34.74
10771,171.83,65.83,34.74
997669,171.83,65.83,34.75
997057,171.83,65.83,34.74
1030,171.82,65.83,34.73
1245,171.82,65.83,34.74
2007,171.82,65.83,34.74
74137,171.82,65.83,34.74
1638,171.83,65.83,34.74
659291,171.83,65.83,34.74
1874,171.83,65.83,34.74
73867,171.83,65.83,34.74
136145,171.83,65.83,34.74
2846,171.83,65.83,34.74
1707,171.83,65.83,34.74
32676,171.83,65.83,34.74
2329,171.83,65.83,34.74
4154,171.83,65.83,34.74
998952,171.83,65.83,34.75
998927,171.83,65.83,34.75
998895,171.83,65.83,34.75
998852,171.83,65.83,34.75
998076,171.83,65.83,34.75
997954,171.83,65.83,34.75
998233,171.83,65.83,34.75
998157,171.83,65.83,34.75
998889,171.83,65.83,34.76
998922,171.83,65.83,34.76
998973,171.83,65.83,34.76
998946,171.83,65.83,34.76
998050,171.83,65.83,34.76
998133,171.83,65.83,34.76
998274,171.83,65.83,34.76
998213,171.83,65.83,34.76
998374,171.83,65.83,34.77
998628,171.83,65.83,34.76
998748,171.83,65.83,34.76
998841,171.83,65.83,34.76
997965,171.83,65.83,34.77
996798,171.83,65.83,34.76
7821,171.83,65.83,34.77
997920,171.83,65.83,34.76
997569,171.83,65.83,34.76
2296,171.83,65.83,34.76
9865,171.83,65.83,34.76
6027,171.83,65.83,34.76
6154,171.83,65.83,34.76
5322,171.83,65.83,34.76
7234,171.83,65.83,34.76
996627,171.81,65.83,34.77
6453,171.8,65.83,34.77
841317,171.81,65.83,34.77
7956,171.81,65.83,34.77
997640,171.81,65.83,34.77
992481,171.81,65.83,34.77
993554,171.81,65.83,34.77
997455,171.81,65.83,34.77
2955,171.81,65.83,34.78
1762,171.81,65.83,34.78
1822,171.81,65.83,34.78
1769,171.81,65.83,34.78
1754,171.81,65.83,34.78
1865,171.81,65.83,34.78
41369,171.81,65.83,34.78
2201,171.81,65.83,34.78
11339,171.81,65.83,34.78
1968,171.81,65.83,34.78
418997,171.81,65.83,34.77
102903,171.81,65.83,34.77
3122,171.8,65.83,34.77
1815,171.8,65.83,34.78
46488,171.8,65.83,34.77
2231,171.8,65.83,34.77
3774,171.8,65.83,34.77
60625,171.8,65.83,34.77
2511,171.8,65.83,34.77
998712,171.81,65.83,34.77
999042,171.81,65.83,34.77
998276,171.81,65.83,34.77
998693,171.81,65.83,34.77
7243,171.8,65.83,34.77
700071,171.8,65.83,34.77
4468,171.8,65.83,34.77
998954,171.81,65.83,34.77
999281,171.81,65.83,34.77
998851,171.81,65.83,34.77
999198,171.81,65.83,34.77
992915,171.82,65.83,34.76
992884,171.82,65.83,34.76
996222,171.82,65.83,34.76
996205,171.82,65.83,34.76
999017,171.82,65.83,34.76
999013,171.82,65.83,34.76
996899,171.82,65.83,34.76
996886,171.82,65.83,34.76
999172,171.82,65.83,34.76
999170,171.82,65.83,34.76
992926,171.82,65.83,34.76
996226,171.82,65.83,34.76
999020,171.82,65.83,34.76
996903,171.82,65.83,34.76
999176,171.82,65.83,34.76
999177,171.82,65.83,34.76
999148,171.82,65.83,34.77
998793,171.82,65.83,34.77
998449,171.82,65.83,34.76
996217,171.82,65.83,34.76
998462,171.82,65.83,34.76
995591,171.82,65.83,34.76
995645,171.82,65.83,34.76
992915,171.82,65.83,34.76
999018,171.82,65.83,34.76
998743,171.82,65.83,34.76
998760,171.82,65.83,34.76
996893,171.82,65.83,34.76
999164,171.82,65.83,34.76
992795,171.82,65.83,34.76
996156,171.82,65.83,34.76
992843,171.82,65.83,34.76
996182,171.82,65.83,34.76
999000,171.82,65.83,34.76
996844,171.82,65.83,34.76
999005,171.82,65.83,34.76
996865,171.82,65.83,34.76
999159,171.82,65.83,34.76
999161,171.82,65.83,34.76
996096,171.82,65.83,34.76
992699,171.82,65.83,34.76
992743,171.82,65.83,34.76
996125,171.82,65.83,34.76
998984,171.82,65.83,34.76
996795,171.82,65.83,34.76
998990,171.82,65.83,34.76
996817,171.82,65.83,34.76
999150,171.82,65.83,34.76
996068,171.82,65.83,34.76
992668,171.82,65.83,34.76
998974,171.82,65.83,34.76
996767,171.82,65.83,34.76
999138,171.82,65.83,34.76
998407,171.82,65.83,34.76
995515,171.82,65.83,34.76
996049,171.82,65.83,34.76
992661,171.82,65.83,34.76
998966,171.82,65.83,34.76
996743,171.82,65.83,34.76
998761,171.82,65.83,34.76
999120,171.82,65.83,34.76
999120,171.82,65.83,34.76
998763,171.82,65.83,34.76
999120,171.82,65.83,34.75
998764,171.82,65.83,34.75
998758,171.81,65.83,34.76
999055,171.81,65.83,34.76
998756,171.81,65.83,34.76
999053,171.81,65.83,34.76
999390,171.81,65.83,34.76
999390,171.81,65.83,34.76
998769,171.81,65.83,34.76
999060,171.81,65.83,34.76
998763,171.81,65.83,34.76
999057,171.81,65.83,34.76
999390,171.81,65.83,34.76
999390,171.81,65.83,34.76
998757,171.81,65.83,34.76
999040,171.81,65.83,34.76
998723,171.81,65.83,34.77
999007,171.81,65.83,34.77
999331,171.81,65.83,34.77
999361,171.81,65.83,34.76
998773,171.81,65.83,34.76
999060,171.81,65.83,34.76
998771,171.81,65.83,34.76
999054,171.81,65.83,34.76
999386,171.81,65.83,34.76
999378,171.81,65.83,34.76
998755,171.81,65.83,34.76
999053,171.81,65.83,34.76
998757,171.81,65.83,34.75
999054,171.81,65.83,34.75
999391,171.81,65.83,34.76
999392,171.81,65.83,34.75
998760,171.81,65.83,34.75
999058,171.81,65.83,34.75
998766,171.81,65.83,34.75
999063,171.81,65.83,34.75
999394,171.81,65.83,34.75
999398,171.81,65.83,34.75
998782,171.81,65.83,34.75
999076,171.81,65.83,34.75
998773,171.81,65.83,34.75
999069,171.81,65.83,34.75
999404,171.81,65.83,34.75
999401,171.81,65.83,34.75
998794,171.81,65.83,34.75
999081,171.81,65.83,34.75
998789,171.81,65.83,34.75
999079,171.81,65.83,34.75
999405,171.81,65.83,34.75
999402,171.81,65.83,34.75
998087,171.81,65.83,34.74
997412,171.81,65.83,34.74
998716,171.82,65.83,34.74
997997,171.82,65.83,34.74
996918,171.82,65.83,34.74
995029,171.82,65.83,34.74
985068,171.82,65.83,34.74
998317,171.82,65.83,34.74
997386,171.82,65.83,34.74
994965,171.82,65.83,34.74
983986,171.82,65.83,34.74
714420,171.82,65.83,34.74
994934,171.81,65.83,34.74
995439,171.81,65.83,34.74
917581,171.81,65.83,34.74
971985,171.81,65.83,34.74
993207,171.81,65.83,34.74
884773,171.81,65.83,34.74
988244,171.82,65.83,34.74
833926,171.82,65.83,34.74
2011,171.81,65.83,34.73
31914,171.81,65.83,34.73
770,171.81,65.83,34.73
12044,171.81,65.83,34.73
89891,171.82,65.83,34.73
2186,171.82,65.83,34.73
17967,171.82,65.83,34.73
862,171.82,65.83,34.73
459,171.81,65.83,34.73
541,171.82,65.83,34.73
348,171.81,65.83,34.73
202,171.81,65.83,34.73
252,171.81,65.83,34.73
348,171.81,65.83,34.73
158,171.81,65.83,34.73
230,171.81,65.83,34.73
2206,171.81,65.83,34.73
310,171.81,65.83,34.73
2301,171.81,65.83,34.73
390,171.81,65.83,34.73
1087,171.81,65.83,34.73
93958,171.81,65.83,34.73
153761,171.81,65.83,34.73
217126,171.81,65.83,34.73
379,171.81,65.83,34.73
13234,171.81,65.83,34.73
435,171.81,65.83,34.73
24411,171.81,65.83,34.73
594,171.81,65.83,34.73
23757,171.81,65.83,34.73
998790,171.81,65.83,34.75
999074,171.81,65.83,34.75
998775,171.81,65.83,34.74
999058,171.81,65.83,34.74
999376,171.81,65.83,34.74
999393,171.81,65.83,34.75
998741,171.81,65.83,34.74
999025,171.81,65.83,34.74
998678,171.81,65.83,34.74
998970,171.81,65.83,34.74
999345,171.81,65.83,34.74
999294,171.81,65.83,34.74
998574,171.81,65.83,34.74
998873,171.81,65.83,34.74
999212,171.81,65.83,34.74
998401,171.81,65.83,34.74
998736,171.81,65.83,34.74
999067,171.81,65.83,34.74
6797,171.8,65.83,34.74
994060,171.81,65.83,34.74
994418,171.81,65.83,34.74
994339,171.8,65.83,34.74
987347,171.8,65.83,34.74
4159,171.8,65.83,34.74
992161,171.81,65.83,34.74
992167,171.81,65.83,34.74
983798,171.8,65.83,34.74
776466,171.8,65.83,34.74
980430,171.81,65.83,34.74
828530,171.81,65.83,34.74
12296,171.81,65.83,34.73
272,171.81,65.83,34.73
75453,171.81,65.83,34.73
855,171.81,65.83,34.73
29764,171.81,65.83,34.73
599,171.81,65.83,34.73
976515,171.81,65.83,34.74
926990,171.81,65.83,34.74
629039,171.81,65.83,34.74
244701,171.81,65.83,34.74
1952,171.8,65.83,34.73
120,171.81,65.83,34.73
122,171.81,65.83,34.73
3283,171.8,65.83,34.77
7976,171.8,65.83,34.77
5873,171.8,65.83,34.77
11653,171.8,65.83,34.77
1862,171.8,65.83,34.77
1865,171.8,65.83,34.77
37750,171.8,65.83,34.77
2643,171.8,65.83,34.77
12903,171.8,65.83,34.76
17808,171.8,65.83,34.74
4533,171.8,65.83,34.74
8387,171.8,65.83,34.74
66439,171.8,65.83,34.74
1156,171.8,65.83,34.73
610792,171.8,65.83,34.74
3065,171.8,65.83,34.74
76907,171.8,65.83,34.74
2043,171.8,65.83,34.74
44641,171.8,65.83,34.74
3047,171.8,65.83,34.74
810600,171.8,65.83,34.74
5310,171.8,65.83,34.74
1107,171.8,65.83,34.74
187,171.81,65.83,34.73
462,171.8,65.83,34.73
836,171.82,65.83,34.73
18402,171.82,65.83,34.73
11140,171.82,65.83,34.73
795,171.82,65.83,34.73
1866,171.82,65.83,34.73
87922,171.82,65.83,34.73
54510,171.82,65.83,34.73
1227,171.82,65.83,34.73
981,171.82,65.83,34.73
21516,171.82,65.83,34.73
981114,171.82,65.83,34.74
950339,171.82,65.83,34.74
718595,171.82,65.83,34.74
365177,171.82,65.83,34.74
761335,171.82,65.83,34.74
270827,171.82,65.83,34.74
113115,171.82,65.83,34.74
47514,171.82,65.83,34.74
1305,171.82,65.83,34.73
607,171.82,65.83,34.73
687,171.82,65.83,34.73
1898,171.82,65.83,34.73
834,171.82,65.83,34.73
999135,171.82,65.83,34.74
998765,171.82,65.83,34.74
999142,171.82,65.83,34.75
998781,171.82,65.83,34.75
998385,171.82,65.83,34.74
997914,171.82,65.83,34.74
998424,171.82,65.83,34.75
997996,171.82,65.83,34.75
999080,171.82,65.83,34.74
998670,171.82,65.83,34.74
999115,171.82,65.83,34.74
998729,171.82,65.83,34.74
998200,171.82,65.83,34.74
997557,171.82,65.83,34.74
998313,171.82,65.83,34.74
997778,171.82,65.83,34.74
998916,171.82,65.83,34.74
998400,171.82,65.83,34.74
999017,171.82,65.83,34.74
998559,171.82,65.83,34.74
998001,171.82,65.83,34.74
997179,171.82,65.83,34.74
995621,171.82,65.83,34.74
990513,171.83,65.83,34.74
997681,171.82,65.83,34.74
996443,171.82,65.83,34.74
993910,171.82,65.83,34.74
972005,171.83,65.83,34.74
1705,171.81,65.83,34.78
1761,171.81,65.83,34.78
2333,171.81,65.83,34.78
15138,171.81,65.83,34.78
1714,171.81,65.83,34.78
1772,171.81,65.83,34.78
2004,171.81,65.83,34.78
18836,171.81,65.83,34.78
1811,171.81,65.83,34.78
1821,171.81,65.83,34.78
2183,171.81,65.83,34.78
2308,171.81,65.83,34.78
1813,171.81,65.83,34.78
2292,171.81,65.83,34.78
1726,171.82,65.83,34.78
2067,171.82,65.83,34.78
2296,171.82,65.83,34.78
2015,171.82,65.83,34.78
702526,171.81,65.83,34.77
98631,171.81,65.83,34.78
3134,171.81,65.83,34.78
41732,171.81,65.83,34.78
77830,171.81,65.83,34.78
3599,171.81,65.83,34.78
834016,171.81,65.83,34.77
865552,171.81,65.83,34.77
993317,171.81,65.83,34.77
992214,171.81,65.83,34.77
998393,171.81,65.83,34.77
998008,171.81,65.83,34.77
996892,171.81,65.83,34.77
996241,171.81,65.83,34.77
998552,171.81,65.83,34.77
998664,171.81,65.83,34.77
998923,171.82,65.83,34.77
998430,171.82,65.83,34.77
998660,171.82,65.83,34.77
997923,171.82,65.83,34.77
997125,171.82,65.83,34.77
994920,171.82,65.83,34.77
999036,171.82,65.83,34.77
999108,171.82,65.83,34.77
998614,171.82,65.83,34.77
998733,171.82,65.83,34.77
997774,171.82,65.83,34.77
996509,171.82,65.83,34.77
941950,171.82,65.83,34.77
994353,171.82,65.83,34.77
7715,171.83,65.83,34.77
1000000,171.83,65.83,34.77
997950,171.83,65.83,34.77
388940,171.83,65.83,34.77
901497,171.83,65.83,34.77
3131,171.83,65.83,34.77
820243,171.83,65.83,34.77
992065,171.83,65.83,34.77
5598,171.83,65.83,34.77
2750,171.83,65.83,34.77
4580,171.83,65.83,34.77
3898,171.83,65.83,34.77
628872,171.83,65.83,34.77
995564,171.81,65.83,34.77
990189,171.81,65.83,34.77
100684,171.81,65.83,34.78
3528,171.81,65.83,34.78
840221,171.81,65.83,34.77
97208,171.82,65.83,34.78
3052,171.82,65.83,34.78
766301,171.82,65.83,34.77
3811,171.82,65.83,34.78
2868,171.82,65.83,34.78
7066,171.82,65.83,34.77
839077,171.82,65.83,34.77
561783,171.82,65.83,34.77
4732,171.82,65.83,34.77
2096,171.82,65.83,34.78
3155,171.82,65.83,34.77
29388,171.82,65.83,34.77
994321,171.82,65.83,34.77
985562,171.82,65.83,34.77
998235,171.82,65.83,34.77
997181,171.82,65.83,34.77
995865,171.82,65.83,34.77
989903,171.82,65.83,34.77
845722,171.82,65.83,34.77
5780,171.82,65.83,34.77
493264,171.82,65.83,34.77
3944,171.82,65.83,34.77
993939,171.82,65.83,34.77
953389,171.82,65.83,34.77
1778,171.82,65.83,34.78
42946,171.82,65.83,34.77
2388,171.82,65.83,34.77
2388,171.82,65.83,34.77
70827,171.82,65.83,34.77
4411,171.82,65.83,34.77
513292,171.82,65.83,34.77
27529,171.83,65.83,34.77
1682,171.83,65.83,34.77
2056,171.83,65.83,34.77
70118,171.83,65.83,34.77
2095,171.83,65.83,34.77
998451,171.82,65.83,34.75
998110,171.82,65.83,34.75
998446,171.82,65.83,34.76
998102,171.82,65.83,34.76
999120,171.82,65.83,34.75
998764,171.82,65.83,34.75
999123,171.82,65.83,34.75
998766,171.82,65.83,34.75
998449,171.82,65.83,34.75
998106,171.82,65.83,34.75
998449,171.82,65.83,34.75
998100,171.82,65.83,34.75
999128,171.82,65.83,34.75
998771,171.82,65.83,34.75
999134,171.82,65.83,34.75
998778,171.82,65.83,34.75
998451,171.82,65.83,34.75
998095,171.82,65.83,34.75
998453,171.82,65.83,34.75
998087,171.82,65.83,34.75
999139,171.82,65.83,34.75
998782,171.82,65.83,34.75
999142,171.82,65.83,34.75
998785,171.82,65.83,34.75
998451,171.82,65.83,34.75
998072,171.82,65.83,34.75
998443,171.82,65.83,34.75
998044,171.82,65.83,34.75
989386,171.82,65.83,34.76
989367,171.82,65.83,34.76
989329,171.82,65.83,34.76
988576,171.82,65.83,34.76
988612,171.82,65.83,34.76
988610,171.82,65.83,34.76
988590,171.82,65.83,34.76
991495,171.82,65.83,34.76
991535,171.82,65.83,34.76
994397,171.82,65.83,34.76
993544,171.82,65.83,34.76
994434,171.82,65.83,34.76
993607,171.82,65.83,34.76
992616,171.82,65.83,34.76
991547,171.82,65.83,34.76
991541,171.82,65.83,34.76
994451,171.82,65.83,34.76
993646,171.82,65.83,34.76
994455,171.82,65.83,34.76
993671,171.82,65.83,34.76
992690,171.82,65.83,34.76
992747,171.82,65.83,34.76
989373,171.82,65.83,34.76
992212,171.82,65.83,34.76
992124,171.82,65.83,34.76
988382,171.82,65.83,34.76
988513,171.82,65.83,34.76
998422,171.82,65.83,34.77
997544,171.82,65.83,34.76
994985,171.82,65.83,34.76
997902,171.82,65.83,34.77
991306,171.82,65.83,34.76
994231,171.82,65.83,34.76
991425,171.82,65.83,34.76
994332,171.82,65.83,34.76
996450,171.82,65.83,34.76
993314,171.82,65.83,34.76
993465,171.82,65.83,34.76
992507,171.82,65.83,34.76
996544,171.82,65.83,34.76
996987,171.82,65.83,34.77
995116,171.83,65.83,34.77
998040,171.82,65.83,34.76
995286,171.82,65.83,34.76
998083,171.82,65.83,34.76
995467,171.82,65.83,34.76
995680,171.83,65.83,34.76
994467,171.82,65.83,34.76
991293,171.82,65.83,34.76
994607,171.82,65.83,34.76
991475,171.82,65.83,34.76
996310,171.83,65.83,34.76
993130,171.83,65.83,34.76
996531,171.83,65.83,34.76
993394,171.83,65.83,34.76
994691,171.82,65.83,34.76
991591,171.82,65.83,34.76
994779,171.82,65.83,34.76
991702,171.82,65.83,34.76
996604,171.83,65.83,34.76
993540,171.83,65.83,34.76
996719,171.83,65.83,34.76
993693,171.83,65.83,34.76
989089,171.82,65.83,34.76
989121,171.82,65.83,34.76
992084,171.82,65.83,34.76
988494,171.82,65.83,34.76
988438,171.82,65.83,34.76
998444,171.82,65.83,34.76
997560,171.82,65.83,34.76
994988,171.82,65.83,34.76
998086,171.82,65.83,34.76
991467,171.82,65.83,34.76
994394,171.82,65.83,34.76
991435,171.82,65.83,34.76
994383,171.82,65.83,34.76
996728,171.82,65.83,34.76
993732,171.82,65.83,34.76
996702,171.82,65.83,34.76
993694,171.82,65.83,34.76
989272,171.82,65.83,34.76
989209,171.82,65.83,34.76
989101,171.82,65.83,34.76
989145,171.82,65.83,34.76
988548,171.82,65.83,34.76
988501,171.82,65.83,34.76
988430,171.82,65.83,34.76
988454,171.82,65.83,34.76
991518,171.82,65.83,34.76
991489,171.82,65.83,34.76
994448,171.82,65.83,34.76
993679,171.82,65.83,34.76
994433,171.82,65.83,34.76
993681,171.82,65.83,34.76
992781,171.82,65.83,34.76
992808,171.82,65.83,34.76
991434,171.82,65.83,34.76
991456,171.82,65.83,34.76
994393,171.82,65.83,34.76
993677,171.82,65.83,34.76
994413,171.82,65.83,34.76
993676,171.82,65.83,34.76
992855,171.82,65.83,34.76
992828,171.82,65.83,34.76
994826,171.82,65.83,34.76
994883,171.82,65.83,34.76
991768,171.82,65.83,34.76
991837,171.82,65.83,34.76
996749,171.83,65.83,34.76
996820,171.83,65.83,34.76
993776,171.83,65.83,34.76
993874,171.83,65.83,34.76
994922,171.82,65.83,34.76
991889,171.82,65.83,34.76
996898,171.83,65.83,34.76
994015,171.83,65.83,34.76
996843,171.83,65.83,34.76
993934,171.83,65.83,34.76
994981,171.82,65.83,34.76
991963,171.82,65.83,34.76
998348,171.82,65.83,34.76
995869,171.82,65.83,34.76
998275,171.82,65.83,34.76
995833,171.82,65.83,34.76
996500,171.83,65.83,34.76
997568,171.82,65.83,34.76
996645,171.83,65.83,34.76
996963,171.82,65.83,34.74
995075,171.83,65.83,34.74
996507,171.82,65.83,34.74
993787,171.83,65.83,34.74
997224,171.82,65.83,34.74
995710,171.83,65.83,34.74
997381,171.82,65.83,34.75
996065,171.83,65.83,34.75
877314,171.82,65.83,34.74
383083,171.82,65.83,34.74
511550,171.83,65.83,34.74
934465,171.83,65.83,34.74
272051,171.83,65.83,34.74
993921,171.83,65.83,34.75
993034,171.83,65.83,34.74
991237,171.83,65.83,34.74
986957,171.83,65.83,34.74
950329,171.83,65.83,34.74
716184,171.83,65.83,34.74
235516,171.83,65.83,34.74
2624,171.83,65.83,34.74
4300,171.83,65.83,34.74
830418,171.83,65.83,34.74
989142,171.83,65.83,34.75
984999,171.83,65.83,34.74
994344,171.83,65.83,34.75
6602,171.83,65.83,34.74
987157,171.83,65.83,34.74
970,171.82,65.83,34.73
4218,171.82,65.83,34.73
1006,171.82,65.83,34.73
1091,171.83,65.83,34.73
15115,171.82,65.83,34.74
59535,171.82,65.83,34.74
903,171.82,65.83,34.73
1102,171.83,65.83,34.74
28887,171.83,65.83,34.74
1273,171.83,65.83,34.74
382143,171.83,65.83,34.74
53661,171.83,65.83,34.74
1763,171.83,65.83,34.74
70542,171.83,65.83,34.74
27088,171.83,65.83,34.74
1291,171.83,65.83,34.74
1550,171.83,65.83,34.74
1493,171.83,65.83,34.74
49099,171.83,65.83,34.74
1806,171.83,65.83,34.74
2421,171.83,65.83,34.74
4351,171.83,65.83,34.74
7843,171.83,65.83,34.75
1337,171.83,65.83,34.74
997638,171.82,65.83,34.76
997645,171.82,65.83,34.75
997625,171.82,65.83,34.75
997638,171.82,65.83,34.75
997480,171.82,65.83,34.75
996285,171.83,65.83,34.75
997541,171.82,65.83,34.75
996418,171.83,65.83,34.75
997580,171.82,65.83,34.75
996511,171.83,65.83,34.75
997605,171.82,65.83,34.75
996579,171.83,65.83,34.75
996669,171.83,65.83,34.76
996678,171.83,65.83,34.75
998989,171.83,65.83,34.75
998984,171.83,65.83,34.76
996630,171.83,65.83,34.75
996664,171.83,65.83,34.75
998984,171.83,65.83,34.75
998970,171.83,65.83,34.75
998332,171.83,65.83,34.75
998317,171.83,65.83,34.76
998321,171.83,65.83,34.75
998284,171.83,65.83,34.75
995076,171.83,65.83,34.75
994920,171.83,65.83,34.75
994719,171.83,65.83,34.75
994440,171.83,65.83,34.75
991451,171.83,65.83,34.75
990635,171.83,65.83,34.75
996268,171.83,65.83,34.75
995983,171.83,65.83,34.75
992631,171.83,65.83,34.75
992191,171.83,65.83,34.75
997185,171.83,65.83,34.75
996930,171.83,65.83,34.75
994691,171.83,65.83,34.76
994899,171.83,65.83,34.76
995173,171.83,65.83,34.76
995053,171.83,65.83,34.76
991244,171.83,65.83,34.76
992030,171.83,65.83,34.76
996016,171.83,65.83,34.76
996783,171.83,65.83,34.76
992823,171.83,65.83,34.76
992522,171.83,65.83,34.76
997209,171.83,65.83,34.76
991558,171.83,65.83,34.76
997098,171.83,65.83,34.76
990324,171.83,65.83,34.76
991069,171.83,65.83,34.77
992749,171.83,65.83,34.76
993792,171.83,65.83,34.76
994382,171.83,65.83,34.76
936606,171.83,65.83,34.77
983737,171.83,65.83,34.76
3635,171.83,65.83,34.77
738751,171.83,65.83,34.77
4632,171.83,65.83,34.76
986928,171.83,65.83,34.76
990405,171.83,65.83,34.76
988906,171.83,65.83,34.76
994352,171.83,65.83,34.76
995867,171.83,65.83,34.76
19788,171.83,65.83,34.76
1859,171.83,65.83,34.76
1649,171.83,65.83,34.77
517925,171.83,65.83,34.76
4888,171.83,65.83,34.76
796422,171.83,65.83,34.76
2727,171.83,65.83,34.76
2473,171.83,65.83,34.76
8592,171.83,65.83,34.75
8087,171.83,65.83,34.76
8600,171.83,65.83,34.75
2253,171.83,65.83,34.76
922755,171.83,65.83,34.76
988107,171.83,65.83,34.76
368634,171.83,65.83,34.76
567872,171.83,65.83,34.76
2226,171.83,65.83,34.76
2037,171.83,65.83,34.76
2910,171.83,65.83,34.76
8968,171.83,65.83,34.75
8292,171.83,65.83,34.75
7923,171.83,65.83,34.75
975389,171.8,65.83,34.77
988650,171.81,65.83,34.77
515782,171.8,65.83,34.77
878016,171.81,65.83,34.77
991849,171.81,65.83,34.77
971512,171.81,65.83,34.77
973478,171.81,65.83,34.77
990430,171.81,65.83,34.77
620462,171.81,65.83,34.77
106433,171.81,65.83,34.78
1720,171.81,65.83,34.78
1881,171.81,65.83,34.78
1738,171.81,65.83,34.78
1780,171.81,65.83,34.78
4112,171.81,65.83,34.78
2099,171.81,65.83,34.78
1747,171.8,65.83,34.78
2127,171.81,65.83,34.78
1750,171.81,65.83,34.78
9650,171.81,65.83,34.78
31643,171.81,65.83,34.78
13108,171.81,65.83,34.78
1835,171.8,65.83,34.78
286580,171.81,65.83,34.77
109666,171.81,65.83,34.77
2726,171.8,65.83,34.78
1779,171.8,65.83,34.78
26396,171.8,65.83,34.77
1939,171.8,65.83,34.77
185192,171.8,65.83,34.77
42270,171.8,65.83,34.77
1993,171.8,65.83,34.77
995033,171.81,65.83,34.77
995431,171.81,65.83,34.77
995599,171.8,65.83,34.77
994399,171.8,65.83,34.77
982454,171.8,65.83,34.77
993810,171.81,65.83,34.77
993961,171.81,65.83,34.77
993841,171.8,65.83,34.77
4791,171.8,65.83,34.77
752285,171.8,65.83,34.77
982496,171.8,65.83,34.77
835892,171.8,65.83,34.77
294615,171.8,65.83,34.77
995926,171.81,65.83,34.77
996442,171.81,65.83,34.77
996882,171.8,65.83,34.77
996922,171.8,65.83,34.77
996437,171.8,65.83,34.77
993003,171.8,65.83,34.77
6528,171.8,65.83,34.77
995573,171.81,65.83,34.77
996069,171.81,65.83,34.77
996449,171.8,65.83,34.77
996161,171.8,65.83,34.77
994809,171.8,65.83,34.77
973740,171.8,65.83,34.77
998504,171.81,65.83,34.76
998219,171.81,65.83,34.76
990055,171.82,65.83,34.76
990010,171.82,65.83,34.76
993487,171.82,65.83,34.76
993457,171.82,65.83,34.76
997242,171.82,65.83,34.76
997230,171.82,65.83,34.76
994053,171.82,65.83,34.76
994028,171.82,65.83,34.76
997893,171.81,65.83,34.76
997240,171.82,65.83,34.76
998502,171.81,65.83,34.76
998219,171.81,65.83,34.76
990083,171.82,65.83,34.76
993503,171.82,65.83,34.76
997252,171.82,65.83,34.76
994070,171.82,65.83,34.76
997252,171.82,65.83,34.76
994074,171.82,65.83,34.76
997898,171.81,65.83,34.76
997257,171.82,65.83,34.76
998449,171.81,65.83,34.77
998158,171.81,65.83,34.77
997829,171.81,65.83,34.77
997205,171.82,65.83,34.77
996429,171.82,65.83,34.77
995552,171.82,65.83,34.77
998486,171.81,65.83,34.76
998202,171.81,65.83,34.76
997880,171.81,65.83,34.76
996154,171.82,65.83,34.76
993496,171.82,65.83,34.76
996193,171.82,65.83,34.76
992799,171.82,65.83,34.76
992872,171.82,65.83,34.76
990082,171.82,65.83,34.76
997255,171.82,65.83,34.76
996516,171.82,65.83,34.76
998496,171.81,65.83,34.76
998208,171.81,65.83,34.76
989881,171.82,65.83,34.76
993367,171.82,65.83,34.76
989947,171.82,65.83,34.76
993414,171.82,65.83,34.76
997193,171.82,65.83,34.76
993946,171.82,65.83,34.76
997209,171.82,65.83,34.76
993986,171.82,65.83,34.76
997877,171.81,65.83,34.76
997210,171.82,65.83,34.76
998488,171.81,65.83,34.76
998195,171.81,65.83,34.76
993270,171.82,65.83,34.76
989755,171.82,65.83,34.76
989809,171.82,65.83,34.76
993314,171.82,65.83,34.76
997151,171.82,65.83,34.76
993859,171.82,65.83,34.76
997172,171.82,65.83,34.76
993898,171.82,65.83,34.76
997857,171.81,65.83,34.76
997186,171.82,65.83,34.76
998480,171.81,65.83,34.76
998183,171.81,65.83,34.76
993233,171.82,65.83,34.76
989728,171.82,65.83,34.76
997116,171.82,65.83,34.76
993809,171.82,65.83,34.76
997130,171.82,65.83,34.76
993821,171.82,65.83,34.76
997839,171.81,65.83,34.76
997169,171.82,65.83,34.76
998476,171.81,65.83,34.76
998175,171.81,65.83,34.76
997826,171.81,65.83,34.76
993223,171.82,65.83,34.76
989744,171.82,65.83,34.76
995541,171.82,65.83,34.76
997155,171.82,65.83,34.76
996344,171.82,65.83,34.76
998511,171.81,65.83,34.75
998210,171.81,65.83,34.75
997865,171.81,65.83,34.75
997215,171.82,65.83,34.75
998516,171.81,65.83,34.75
998216,171.81,65.83,34.75
997873,171.81,65.83,34.75
997225,171.82,65.83,34.75
998501,171.81,65.83,34.75
998199,171.81,65.83,34.75
997853,171.81,65.83,34.75
997200,171.82,65.83,34.75
998491,171.81,65.83,34.75
998187,171.81,65.83,34.75
997840,171.81,65.83,34.75
997182,171.82,65.83,34.75
998474,171.81,65.83,34.76
998171,171.81,65.83,34.76
997821,171.81,65.83,34.76
997153,171.82,65.83,34.76
996335,171.82,65.83,34.76
995562,171.82,65.83,34.76
998475,171.81,65.83,34.75
998171,171.81,65.83,34.75
997820,171.81,65.83,34.75
997154,171.82,65.83,34.75
996338,171.82,65.83,34.75
995571,171.82,65.83,34.75
998477,171.81,65.83,34.75
998173,171.81,65.83,34.75
997822,171.81,65.83,34.75
997157,171.82,65.83,34.75
998483,171.81,65.83,34.75
998178,171.81,65.83,34.75
997829,171.81,65.83,34.75
997167,171.82,65.83,34.75
995345,171.81,65.83,34.76
995321,171.81,65.83,34.76
995285,171.81,65.83,34.76
995299,171.81,65.83,34.76
995362,171.81,65.83,34.76
995354,171.81,65.83,34.76
995302,171.81,65.83,34.76
995181,171.81,65.83,34.77
996275,171.81,65.83,34.76
996896,171.81,65.83,34.76
996266,171.81,65.83,34.76
996893,171.81,65.83,34.76
997491,171.8,65.83,34.76
997904,171.8,65.83,34.76
997486,171.8,65.83,34.76
997885,171.8,65.83,34.76
996301,171.81,65.83,34.76
996901,171.81,65.83,34.76
996288,171.81,65.83,34.76
996899,171.81,65.83,34.76
997468,171.8,65.83,34.76
997830,171.8,65.83,34.76
997480,171.8,65.83,34.76
997862,171.8,65.83,34.76
996236,171.81,65.83,34.76
996789,171.81,65.83,34.76
996123,171.81,65.83,34.77
996659,171.81,65.83,34.77
997139,171.8,65.83,34.77
997314,171.8,65.83,34.77
997183,171.8,65.83,34.77
996475,171.8,65.83,34.77
992694,171.8,65.83,34.77
6984,171.8,65.83,34.77
997295,171.8,65.83,34.76
997542,171.8,65.83,34.76
997557,171.8,65.83,34.76
997350,171.8,65.83,34.76
995654,171.8,65.83,34.76
996305,171.81,65.83,34.76
996890,171.81,65.83,34.76
996289,171.81,65.83,34.76
996858,171.81,65.83,34.76
997809,171.8,65.83,34.76
997926,171.8,65.83,34.76
997900,171.8,65.83,34.76
997440,171.8,65.83,34.76
997774,171.8,65.83,34.76
997321,171.8,65.83,34.76
997735,171.8,65.83,34.76
997773,171.8,65.83,34.76
997388,171.8,65.83,34.76
997686,171.8,65.83,34.76
995285,171.81,65.83,34.75
995281,171.81,65.83,34.76
995296,171.81,65.83,34.75
995315,171.81,65.83,34.75
995416,171.81,65.83,34.75
995401,171.81,65.83,34.75
995373,171.81,65.83,34.75
995342,171.81,65.83,34.75
996265,171.81,65.83,34.76
996895,171.81,65.83,34.76
996270,171.81,65.83,34.75
996901,171.81,65.83,34.75
997497,171.8,65.83,34.76
997917,171.8,65.83,34.76
997504,171.8,65.83,34.75
997928,171.8,65.83,34.75
996282,171.81,65.83,34.75
996912,171.81,65.83,34.75
996300,171.81,65.83,34.75
996928,171.81,65.83,34.75
997514,171.8,65.83,34.75
997935,171.8,65.83,34.75
997526,171.8,65.83,34.75
997940,171.8,65.83,34.75
996347,171.81,65.83,34.75
996963,171.81,65.83,34.75
996323,171.81,65.83,34.75
996946,171.81,65.83,34.75
997542,171.8,65.83,34.75
997930,171.8,65.83,34.75
997536,171.8,65.83,34.75
997938,171.8,65.83,34.75
996371,171.81,65.83,34.75
996963,171.81,65.83,34.75
996365,171.81,65.83,34.75
996970,171.81,65.83,34.75
997537,171.8,65.83,34.75
997906,171.8,65.83,34.75
997515,171.8,65.83,34.75
997859,171.8,65.83,34.75
993950,171.81,65.83,34.74
994604,171.81,65.83,34.74
998263,171.81,65.83,34.74
997920,171.81,65.83,34.74
998041,171.81,65.83,34.74
997658,171.81,65.83,34.74
992848,171.81,65.83,34.74
990433,171.81,65.83,34.74
996868,171.81,65.83,34.74
996376,171.81,65.83,34.74
997740,171.81,65.83,34.74
997322,171.81,65.83,34.74
997244,171.81,65.83,34.74
997529,171.81,65.83,34.74
996451,171.82,65.83,34.74
996792,171.82,65.83,34.74
996801,171.81,65.83,34.74
995836,171.82,65.83,34.74
994406,171.82,65.83,34.74
992210,171.82,65.83,34.74
987664,171.82,65.83,34.74
976165,171.82,65.83,34.74
995694,171.81,65.83,34.74
994566,171.82,65.83,34.74
992705,171.82,65.83,34.74
988818,171.82,65.83,34.74
971281,171.82,65.83,34.74
872985,171.82,65.83,34.74
984056,171.81,65.83,34.74
981519,171.81,65.83,34.74
906714,171.81,65.83,34.74
902646,171.81,65.83,34.74
971734,171.81,65.83,34.74
843800,171.81,65.83,34.74
959949,171.82,65.83,34.74
781949,171.82,65.83,34.74
154361,171.81,65.83,34.73
21963,171.81,65.83,34.73
175938,171.82,65.83,34.73
22681,171.82,65.83,34.73
433,171.82,65.83,34.73
466,171.82,65.83,34.73
2057,171.81,65.83,34.73
522,171.82,65.83,34.73
1747,171.82,65.83,34.73
551,171.82,65.83,34.73
416,171.82,65.83,34.73
998382,171.81,65.83,34.74
998061,171.81,65.83,34.74
997694,171.81,65.83,34.74
997001,171.82,65.83,34.74
998458,171.81,65.83,34.74
998149,171.81,65.83,34.74
997793,171.81,65.83,34.74
997122,171.82,65.83,34.74
995222,171.81,65.83,34.74
994990,171.81,65.83,34.74
998514,171.81,65.83,34.75
998214,171.81,65.83,34.75
997869,171.81,65.83,34.75
997219,171.82,65.83,34.75
998497,171.81,65.83,34.74
998196,171.81,65.83,34.74
997848,171.81,65.83,34.74
997191,171.82,65.83,34.74
995404,171.81,65.83,34.75
995348,171.81,65.83,34.74
220,171.81,65.83,34.73
270,171.81,65.83,34.73
346,171.81,65.83,34.73
373,171.81,65.83,34.73
159,171.81,65.83,34.73
282,171.81,65.83,34.73
222,171.81,65.83,34.73
499,171.81,65.83,34.73
272,171.81,65.83,34.73
614,171.81,65.83,34.73
383,171.81,65.83,34.73
184,171.81,65.83,34.73
424,171.81,65.83,34.73
2249,171.81,65.83,34.73
4385,171.81,65.83,34.73
4899,171.81,65.83,34.73
143681,171.81,65.83,34.73
209110,171.81,65.83,34.73
286334,171.81,65.83,34.73
316331,171.81,65.83,34.73
17951,171.81,65.83,34.73
23223,171.81,65.83,34.73
34730,171.81,65.83,34.73
41739,171.81,65.83,34.73
996352,171.81,65.83,34.75
996929,171.81,65.83,34.75
996295,171.81,65.83,34.74
996856,171.81,65.83,34.74
997367,171.8,65.83,34.74
997632,171.8,65.83,34.74
997676,171.8,65.83,34.74
997535,171.8,65.83,34.74
997462,171.8,65.83,34.75
997774,171.8,65.83,34.75
997881,171.8,65.83,34.75
997863,171.8,65.83,34.75
996178,171.81,65.83,34.74
996722,171.81,65.83,34.74
995976,171.81,65.83,34.74
996502,171.81,65.83,34.74
997204,171.8,65.83,34.74
997395,171.8,65.83,34.74
997299,171.8,65.83,34.74
996728,171.8,65.83,34.74
996942,171.8,65.83,34.74
997000,171.8,65.83,34.74
996579,171.8,65.83,34.74
994203,171.8,65.83,34.74
8982,171.8,65.83,34.74
995637,171.81,65.83,34.74
996141,171.81,65.83,34.74
996520,171.8,65.83,34.74
996259,171.8,65.83,34.74
994967,171.8,65.83,34.74
981698,171.8,65.83,34.74
5835,171.8,65.83,34.74
995106,171.81,65.83,34.74
995555,171.81,65.83,34.74
995723,171.8,65.83,34.74
994742,171.8,65.83,34.74
986674,171.8,65.83,34.74
734845,171.8,65.83,34.74
988475,171.81,65.83,34.74
987011,171.81,65.83,34.74
897080,171.8,65.83,34.74
984386,171.81,65.83,34.74
984515,171.81,65.83,34.74
983159,171.81,65.83,34.74
975796,171.8,65.83,34.74
390302,171.8,65.83,34.74
978971,171.81,65.83,34.74
977074,171.81,65.83,34.74
964802,171.81,65.83,34.74
878519,171.8,65.83,34.74
961637,171.81,65.83,34.74
950115,171.81,65.83,34.74
835192,171.81,65.83,34.74
746039,171.81,65.83,34.74
11616,171.81,65.83,34.73
160,171.81,65.83,34.73
305,171.8,65.83,34.73
64017,171.81,65.83,34.73
30056,171.81,65.83,34.73
916281,171.81,65.83,34.74
790509,171.81,65.83,34.74
464734,171.81,65.83,34.74
204247,171.81,65.83,34.74
169976,171.81,65.83,34.73
20990,171.81,65.83,34.73
109,171.81,65.83,34.73
479,171.81,65.83,34.73
100,171.81,65.83,34.73
163,171.81,65.83,34.73
132,171.81,65.83,34.73
1703,171.81,65.83,34.73
1717,171.8,65.83,34.78
1741,171.8,65.83,34.78
29605,171.8,65.83,34.77
2621,171.8,65.83,34.77
721988,171.8,65.83,34.77
4277,171.8,65.83,34.77
237014,171.8,65.83,34.77
2998,171.8,65.83,34.77
875232,171.8,65.83,34.77
5665,171.8,65.83,34.77
1767,171.8,65.83,34.78
3716,171.8,65.83,34.77
1803,171.8,65.83,34.77
4138,171.8,65.83,34.77
1798,171.8,65.83,34.77
47161,171.8,65.83,34.77
2039,171.8,65.83,34.77
2787,171.79,65.83,34.77
912593,171.8,65.83,34.76
5329,171.79,65.83,34.76
991441,171.8,65.83,34.76
997859,171.8,65.83,34.76
9628,171.79,65.83,34.76
997977,171.8,65.83,34.76
998029,171.8,65.83,34.76
998016,171.8,65.83,34.76
998210,171.8,65.83,34.76
2493,171.79,65.83,34.76
998030,171.8,65.83,34.76
998109,171.8,65.83,34.76
998176,171.8,65.83,34.76
998432,171.8,65.83,34.76
998489,171.8,65.83,34.76
998285,171.8,65.83,34.76
998176,171.8,65.83,34.76
998070,171.8,65.83,34.76
998500,171.8,65.83,34.76
998345,171.8,65.83,34.76
998224,171.8,65.83,34.76
998102,171.8,65.83,34.76
998106,171.8,65.83,34.75
998196,171.8,65.83,34.75
998254,171.8,65.83,34.75
998408,171.8,65.83,34.75
998131,171.8,65.83,34.75
998242,171.8,65.83,34.75
998340,171.8,65.83,34.75
998490,171.8,65.83,34.75
998065,171.8,65.83,34.75
998126,171.8,65.83,34.75
998103,171.8,65.83,34.75
997997,171.8,65.83,34.75
998031,171.8,65.83,34.75
997913,171.8,65.83,34.75
998537,171.8,65.83,34.75
998398,171.8,65.83,34.75
998275,171.8,65.83,34.75
998141,171.8,65.83,34.75
998525,171.8,65.83,34.76
998380,171.8,65.83,34.76
998256,171.8,65.83,34.76
998126,171.8,65.83,34.76
998544,171.8,65.83,34.75
998400,171.8,65.83,34.75
998278,171.8,65.83,34.75
998146,171.8,65.83,34.75
998531,171.8,65.83,34.75
998384,171.8,65.83,34.75
998268,171.8,65.83,34.75
998143,171.8,65.83,34.75
7381,171.79,65.83,34.76
3489,171.79,65.83,34.76
8903,171.79,65.83,34.76
10011,171.79,65.83,34.76
10772,171.79,65.83,34.75
10296,171.79,65.83,34.75
10927,171.79,65.83,34.75
10667,171.79,65.83,34.76
14997,171.8,65.83,34.74
925352,171.8,65.83,34.74
6824,171.8,65.83,34.74
994020,171.8,65.83,34.74
6428,171.8,65.83,34.74
996331,171.8,65.83,34.74
997519,171.8,65.83,34.75
2533,171.8,65.83,34.74
33242,171.8,65.83,34.74
3343,171.8,65.83,34.74
3171,171.8,65.83,34.74
470693,171.8,65.83,34.74
3800,171.8,65.83,34.74
2085,171.8,65.83,34.74
51846,171.8,65.83,34.74
654,171.8,65.83,34.73
1592,171.8,65.83,34.74
295569,171.8,65.83,34.74
65124,171.8,65.83,34.74
2388,171.8,65.83,34.74
64560,171.8,65.83,34.74
384004,171.8,65.83,34.74
3484,171.8,65.83,34.74
14036,171.8,65.83,34.74
1260,171.8,65.83,34.74
2114,171.81,65.83,34.73
156,171.8,65.83,34.73
8962,171.8,65.83,34.73
416,171.8,65.83,34.73
15106,171.82,65.83,34.73
5532,171.82,65.83,34.73
116201,171.82,65.83,34.73
40042,171.82,65.83,34.73
12275,171.82,65.83,34.73
934834,171.82,65.83,34.74
844902,171.82,65.83,34.74
630595,171.82,65.83,34.74
302328,171.82,65.83,34.74
605192,171.82,65.83,34.74
210686,171.82,65.83,34.74
123726,171.82,65.83,34.74
32108,171.82,65.83,34.74
504,171.82,65.83,34.73
605,171.82,65.83,34.73
622,171.82,65.83,34.73
1064,171.82,65.83,34.73
728,171.82,65.83,34.73
841,171.82,65.83,34.73
786,171.82,65.83,34.73
864,171.82,65.83,34.73
1421,171.82,65.83,34.73
996358,171.82,65.83,34.74
995472,171.82,65.83,34.74
996400,171.82,65.83,34.75
995557,171.82,65.83,34.75
994128,171.82,65.83,34.74
992774,171.82,65.83,34.74
994312,171.82,65.83,34.75
993113,171.82,65.83,34.75
996096,171.82,65.83,34.74
995041,171.82,65.83,34.74
996261,171.82,65.83,34.74
995308,171.82,65.83,34.74
993304,171.82,65.83,34.74
991268,171.82,65.83,34.74
993813,171.82,65.83,34.74
992211,171.82,65.83,34.74
995343,171.82,65.83,34.74
993829,171.82,65.83,34.74
995804,171.82,65.83,34.74
994578,171.82,65.83,34.74
992442,171.82,65.83,34.74
989590,171.82,65.83,34.74
983562,171.82,65.83,34.74
957083,171.83,65.83,34.74
990902,171.82,65.83,34.74
986322,171.82,65.83,34.74
971548,171.82,65.83,34.74
848214,171.83,65.83,34.74
921516,171.82,65.83,34.74
710555,171.82,65.83,34.74
1706,171.81,65.83,34.78
1672,171.81,65.83,34.78
1799,171.81,65.83,34.78
3662,171.81,65.83,34.78
31090,171.81,65.83,34.78
1685,171.81,65.83,34.78
1800,171.81,65.83,34.78
1697,171.81,65.83,34.78
1751,171.81,65.83,34.78
3487,171.81,65.83,34.78
22177,171.81,65.83,34.78
1778,171.81,65.83,34.78
3308,171.81,65.83,34.78
5140,171.81,65.83,34.78
1760,171.81,65.83,34.78
2074,171.81,65.83,34.78
21736,171.81,65.83,34.78
27793,171.81,65.83,34.78
2110,171.81,65.83,34.78
1653,171.81,65.83,34.78
6911,171.81,65.83,34.78
1713,171.82,65.83,34.78
29593,171.81,65.83,34.78
2032,171.82,65.83,34.78
1643,171.82,65.83,34.78
3888,171.82,65.83,34.78
1647,171.82,65.83,34.78
23148,171.82,65.83,34.78
1678,171.82,65.83,34.78
1614,171.82,65.83,34.78
23141,171.82,65.83,34.78
1913,171.82,65.83,34.78
17273,171.82,65.83,34.78
1739,171.82,65.83,34.78
1603,171.82,65.83,34.78
1550,171.82,65.83,34.78
760981,171.81,65.83,34.77
186895,171.81,65.83,34.78
99634,171.81,65.83,34.78
159640,171.81,65.83,34.78
829887,171.81,65.83,34.77
836310,171.81,65.83,34.77
975794,171.81,65.83,34.77
973460,171.81,65.83,34.77
993924,171.81,65.83,34.77
992667,171.81,65.83,34.77
989133,171.81,65.83,34.77
997659,171.81,65.83,34.77
987678,171.81,65.83,34.77
997238,171.81,65.83,34.77
998047,171.81,65.83,34.77
997669,171.81,65.83,34.77
994555,171.81,65.83,34.77
994955,171.81,65.83,34.77
998250,171.81,65.83,34.77
997923,171.81,65.83,34.77
998376,171.81,65.83,34.77
998069,171.81,65.83,34.77
997549,171.81,65.83,34.77
996838,171.82,65.83,34.77
997723,171.81,65.83,34.77
997072,171.82,65.83,34.77
996725,171.81,65.83,34.77
995704,171.82,65.83,34.77
997249,171.81,65.83,34.77
996452,171.82,65.83,34.77
995373,171.82,65.83,34.77
993968,171.82,65.83,34.77
994193,171.82,65.83,34.77
992039,171.82,65.83,34.77
987897,171.82,65.83,34.77
964254,171.82,65.83,34.77
995912,171.82,65.83,34.77
996237,171.82,65.83,34.77
994823,171.82,65.83,34.77
995299,171.82,65.83,34.77
991202,171.82,65.83,34.77
998136,171.82,65.83,34.77
985991,171.82,65.83,34.77
997363,171.82,65.83,34.77
995810,171.82,65.83,34.77
990648,171.83,65.83,34.77
998316,171.82,65.83,34.77
997716,171.82,65.83,34.77
996624,171.82,65.83,34.77
993724,171.83,65.83,34.77
771434,171.82,65.83,34.77
948882,171.82,65.83,34.77
887677,171.83,65.83,34.77
985651,171.83,65.83,34.77
225626,171.83,65.83,34.77
732996,171.83,65.83,34.77
1826,171.83,65.83,34.77
62388,171.83,65.83,34.77
374181,171.83,65.83,34.77
612979,171.83,65.83,34.77
25963,171.83,65.83,34.77
2087,171.83,65.83,34.77
1730,171.83,65.83,34.77
1651,171.83,65.83,34.77
2364,171.83,65.83,34.77
144035,171.83,65.83,34.77
985966,171.81,65.83,34.77
966737,171.81,65.83,34.77
163393,171.81,65.83,34.78
802148,171.81,65.83,34.77
127312,171.82,65.83,34.78
708145,171.82,65.83,34.77
2585,171.82,65.83,34.78
81083,171.82,65.83,34.78
45979,171.82,65.83,34.78
2036,171.82,65.83,34.78
569732,171.82,65.83,34.77
212485,171.82,65.83,34.77
1723,171.82,65.83,34.78
17616,171.82,65.83,34.78
80499,171.82,65.83,34.77
981628,171.82,65.83,34.77
950538,171.82,65.83,34.77
992240,171.82,65.83,34.77
987513,171.82,65.83,34.77
973801,171.82,65.83,34.77
920887,171.82,65.83,34.77
655714,171.82,65.83,34.77
234662,171.82,65.83,34.77
956345,171.82,65.83,34.77
784024,171.82,65.83,34.77
1599,171.82,65.83,34.78
7666,171.82,65.83,34.78
1590,171.82,65.83,34.78
1814,171.82,65.83,34.77
39520,171.82,65.83,34.77
1779,171.82,65.83,34.77
43417,171.82,65.83,34.77
256155,171.82,65.83,34.77
1567,171.83,65.83,34.77
7416,171.83,65.83,34.77
1553,171.83,65.83,34.77
1548,171.83,65.83,34.77
31966,171.83,65.83,34.77
19371,171.83,65.83,34.77
1582,171.83,65.83,34.77
994518,171.82,65.83,34.75
993632,171.82,65.83,34.75
989015,171.82,65.83,34.76
994501,171.82,65.83,34.76
993613,171.82,65.83,34.76
996340,171.82,65.83,34.75
989040,171.82,65.83,34.75
995569,171.82,65.83,34.75
996349,171.82,65.83,34.75
995573,171.82,65.83,34.75
994510,171.82,65.83,34.75
993619,171.82,65.83,34.75
994502,171.82,65.83,34.75
993593,171.82,65.83,34.75
996366,171.82,65.83,34.75
995585,171.82,65.83,34.75
996388,171.82,65.83,34.75
995599,171.82,65.83,34.75
994498,171.82,65.83,34.75
993561,171.82,65.83,34.75
994492,171.82,65.83,34.75
993518,171.82,65.83,34.75
996403,171.82,65.83,34.75
995604,171.82,65.83,34.75
996412,171.82,65.83,34.75
995596,171.82,65.83,34.75
994467,171.82,65.83,34.75
993443,171.82,65.83,34.75
994416,171.82,65.83,34.75
993321,171.82,65.83,34.75
985724,171.82,65.83,34.76
986545,171.82,65.83,34.76
985766,171.82,65.83,34.76
986500,171.82,65.83,34.76
985740,171.82,65.83,34.76
986458,171.82,65.83,34.76
985717,171.82,65.83,34.76
984821,171.82,65.83,34.76
984916,171.82,65.83,34.76
984928,171.82,65.83,34.76
984942,171.82,65.83,34.76
987652,171.82,65.83,34.76
987736,171.82,65.83,34.76
990559,171.82,65.83,34.76
989476,171.82,65.83,34.76
990639,171.82,65.83,34.76
989605,171.82,65.83,34.76
988414,171.82,65.83,34.76
987762,171.82,65.83,34.76
987778,171.82,65.83,34.76
990669,171.82,65.83,34.76
989670,171.82,65.83,34.76
990695,171.82,65.83,34.76
989737,171.82,65.83,34.76
988533,171.82,65.83,34.76
988660,171.82,65.83,34.76
986524,171.82,65.83,34.76
989239,171.82,65.83,34.76
989345,171.82,65.83,34.76
985536,171.82,65.83,34.76
985691,171.82,65.83,34.76
988555,171.82,65.83,34.77
984466,171.82,65.83,34.76
984712,171.82,65.83,34.76
994186,171.82,65.83,34.77
992527,171.82,65.83,34.77
987343,171.82,65.83,34.76
990287,171.82,65.83,34.76
987546,171.82,65.83,34.76
990472,171.82,65.83,34.76
988194,171.82,65.83,34.76
992136,171.82,65.83,34.76
989086,171.82,65.83,34.76
989367,171.82,65.83,34.76
992382,171.82,65.83,34.76
989393,171.82,65.83,34.77
982666,171.83,65.83,34.77
990131,171.82,65.83,34.76
985474,171.83,65.83,34.76
989728,171.82,65.83,34.76
986626,171.82,65.83,34.76
990054,171.82,65.83,34.76
986991,171.82,65.83,34.76
986986,171.83,65.83,34.76
990241,171.82,65.83,34.76
987204,171.82,65.83,34.76
990438,171.82,65.83,34.76
987420,171.82,65.83,34.76
987910,171.83,65.83,34.76
986190,171.82,65.83,34.76
985567,171.82,65.83,34.76
986152,171.82,65.83,34.76
985500,171.82,65.83,34.76
988932,171.82,65.83,34.76
984927,171.82,65.83,34.76
984861,171.82,65.83,34.76
994479,171.82,65.83,34.76
993530,171.82,65.83,34.76
987828,171.82,65.83,34.76
990762,171.82,65.83,34.76
987757,171.82,65.83,34.76
990707,171.82,65.83,34.76
992951,171.82,65.83,34.76
990022,171.82,65.83,34.76
992884,171.82,65.83,34.76
989936,171.82,65.83,34.76
986373,171.82,65.83,34.76
985648,171.82,65.83,34.76
986302,171.82,65.83,34.76
985595,171.82,65.83,34.76
986171,171.82,65.83,34.76
985499,171.82,65.83,34.76
986218,171.82,65.83,34.76
985527,171.82,65.83,34.76
984905,171.82,65.83,34.76
984884,171.82,65.83,34.76
984841,171.82,65.83,34.76
984843,171.82,65.83,34.76
987760,171.82,65.83,34.76
987745,171.82,65.83,34.76
990687,171.82,65.83,34.76
989758,171.82,65.83,34.76
990685,171.82,65.83,34.76
989789,171.82,65.83,34.76
988725,171.82,65.83,34.76
988803,171.82,65.83,34.76
987725,171.82,65.83,34.76
987720,171.82,65.83,34.76
990676,171.82,65.83,34.76
989850,171.82,65.83,34.76
990669,171.82,65.83,34.76
989802,171.82,65.83,34.76
988939,171.82,65.83,34.76
988854,171.82,65.83,34.76
990552,171.82,65.83,34.76
990680,171.82,65.83,34.76
987552,171.82,65.83,34.76
987692,171.82,65.83,34.76
988467,171.83,65.83,34.76
990880,171.82,65.83,34.76
987909,171.82,65.83,34.76
990763,171.82,65.83,34.76
987785,171.82,65.83,34.76
988834,171.83,65.83,34.76
991561,171.82,65.83,34.76
989118,171.83,65.83,34.76
991987,171.82,65.83,34.76
989319,171.83,65.83,34.76
989563,171.82,65.83,34.74
983032,171.83,65.83,34.74
987611,171.82,65.83,34.74
977499,171.83,65.83,34.74
990638,171.82,65.83,34.74
985630,171.83,65.83,34.74
991269,171.82,65.83,34.75
987071,171.83,65.83,34.75
710027,171.82,65.83,34.74
269020,171.82,65.83,34.74
264891,171.83,65.83,34.74
690128,171.83,65.83,34.74
121165,171.83,65.83,34.74
20188,171.83,65.83,34.74
980331,171.83,65.83,34.75
975875,171.83,65.83,34.74
962934,171.83,65.83,34.74
920527,171.83,65.83,34.74
746387,171.83,65.83,34.74
402933,171.83,65.83,34.74
1696,171.83,65.83,34.74
61438,171.83,65.83,34.74
330917,171.83,65.83,34.74
950064,171.83,65.83,34.75
903283,171.83,65.83,34.74
895267,171.83,65.83,34.75
626504,171.83,65.83,34.74
3233,171.82,65.83,34.73
1710,171.82,65.83,34.73
1006,171.82,65.83,34.73
5230,171.82,65.83,34.74
46748,171.82,65.83,34.74
860,171.82,65.83,34.73
928,171.82,65.83,34.73
1031,171.82,65.83,34.73
963,171.82,65.83,34.73
1098,171.83,65.83,34.73
1614,171.83,65.83,34.74
1127,171.83,65.83,34.74
1177,171.83,65.83,34.74
11393,171.83,65.83,34.74
1162,171.83,65.83,34.74
245397,171.83,65.83,34.74
44114,171.83,65.83,34.74
43844,171.83,65.83,34.74
1222,171.83,65.83,34.74
8490,171.83,65.83,34.74
3579,171.83,65.83,34.74
20437,171.83,65.83,34.74
1273,171.83,65.83,34.74
20577,171.83,65.83,34.74
1208,171.83,65.83,34.74
1408,171.83,65.83,34.74
1443,171.83,65.83,34.74
24085,171.83,65.83,34.74
1894,171.83,65.83,34.74
610680,171.83,65.83,34.75
2270,171.83,65.83,34.74
144084,171.83,65.83,34.74
3740,171.83,65.83,34.75
1295,171.83,65.83,34.74
1550,171.83,65.83,34.77
992319,171.82,65.83,34.76
992337,171.82,65.83,34.75
992258,171.82,65.83,34.75
992312,171.82,65.83,34.75
991662,171.82,65.83,34.75
987959,171.83,65.83,34.75
991905,171.82,65.83,34.75
988495,171.83,65.83,34.75
992067,171.82,65.83,34.75
988860,171.83,65.83,34.75
992178,171.82,65.83,34.75
989120,171.83,65.83,34.75
989436,171.83,65.83,34.76
989473,171.83,65.83,34.75
995283,171.83,65.83,34.75
995254,171.83,65.83,34.76
989307,171.83,65.83,34.75
989428,171.83,65.83,34.75
995259,171.83,65.83,34.75
995184,171.83,65.83,34.75
993123,171.83,65.83,34.75
993044,171.83,65.83,34.76
997353,171.83,65.83,34.75
992945,171.83,65.83,34.75
997321,171.83,65.83,34.76
992633,171.83,65.83,34.76
993068,171.83,65.83,34.75
992888,171.83,65.83,34.75
997253,171.83,65.83,34.75
991651,171.83,65.83,34.75
997329,171.83,65.83,34.75
992614,171.83,65.83,34.75
985287,171.83,65.83,34.75
984675,171.83,65.83,34.75
983798,171.83,65.83,34.75
982543,171.83,65.83,34.75
972231,171.83,65.83,34.75
965329,171.83,65.83,34.75
976541,171.83,65.83,34.75
956774,171.83,65.83,34.75
978036,171.83,65.83,34.75
976319,171.83,65.83,34.75
986661,171.83,65.83,34.75
986010,171.83,65.83,34.75
983589,171.83,65.83,34.76
984532,171.83,65.83,34.76
985659,171.83,65.83,34.76
985194,171.83,65.83,34.76
971029,171.83,65.83,34.76
975585,171.83,65.83,34.76
973943,171.83,65.83,34.76
985028,171.83,65.83,34.76
978775,171.83,65.83,34.76
977591,171.83,65.83,34.76
986686,171.83,65.83,34.76
890787,171.83,65.83,34.76
986185,171.83,65.83,34.76
808264,171.83,65.83,34.76
959570,171.83,65.83,34.77
974654,171.83,65.83,34.76
979765,171.83,65.83,34.76
982209,171.83,65.83,34.76
675108,171.83,65.83,34.77
887721,171.83,65.83,34.76
227706,171.83,65.83,34.77
545411,171.83,65.83,34.76
963363,171.83,65.83,34.76
944314,171.83,65.83,34.76
854200,171.83,65.83,34.76
951467,171.83,65.83,34.76
6539,171.83,65.83,34.77
1511,171.83,65.83,34.76
1578,171.83,65.83,34.76
19595,171.83,65.83,34.76
1504,171.83,65.83,34.77
94718,171.83,65.83,34.76
24394,171.83,65.83,34.76
332733,171.83,65.83,34.76
1540,171.83,65.83,34.76
1718,171.83,65.83,34.76
644922,171.83,65.83,34.75
4009,171.83,65.83,34.75
634857,171.83,65.83,34.76
662709,171.83,65.83,34.75
3587,171.83,65.83,34.76
3971,171.83,65.83,34.75
13423,171.83,65.83,34.76
1824,171.83,65.83,34.76
12218,171.83,65.83,34.76
509465,171.83,65.83,34.76
642744,171.83,65.83,34.76
42080,171.83,65.83,34.76
130355,171.83,65.83,34.76
1794,171.83,65.83,34.76
1477,171.84,65.83,34.76
1506,171.84,65.83,34.76
932728,171.83,65.83,34.75
2263,171.83,65.83,34.75
3944,171.83,65.83,34.75
818560,171.83,65.83,34.75
2462,171.83,65.83,34.75
990853,171.83,65.83,34.75
578833,171.83,65.83,34.75
990749,171.83,65.83,34.75
3638,171.83,65.83,34.75
4949,171.83,65.83,34.75
3360,171.83,65.83,34.75
95712,171.81,65.83,34.78
952967,171.81,65.83,34.77
973544,171.81,65.83,34.77
709102,171.81,65.83,34.77
516956,171.81,65.83,34.77
887475,171.81,65.83,34.77
977943,171.81,65.83,34.77
936701,171.81,65.83,34.77
947809,171.81,65.83,34.77
977378,171.81,65.83,34.77
697859,171.81,65.83,34.77
229058,171.81,65.83,34.78
988384,171.81,65.83,34.77
989306,171.81,65.83,34.77
986863,171.81,65.83,34.77
983981,171.81,65.83,34.77
1719,171.81,65.83,34.78
1750,171.81,65.83,34.78
1712,171.81,65.83,34.78
1821,171.81,65.83,34.78
1723,171.8,65.83,34.78
1738,171.8,65.83,34.78
3159,171.81,65.83,34.78
1945,171.8,65.83,34.78
3702,171.81,65.83,34.78
2099,171.81,65.83,34.78
36957,171.81,65.83,34.78
11346,171.81,65.83,34.78
1684,171.81,65.83,34.78
32678,171.81,65.83,34.78
6918,171.8,65.83,34.78
267255,171.81,65.83,34.77
81737,171.8,65.83,34.77
2242,171.8,65.83,34.78
1765,171.8,65.83,34.78
13445,171.8,65.83,34.77
496009,171.8,65.83,34.77
141482,171.8,65.83,34.77
18513,171.8,65.83,34.77
987197,171.81,65.83,34.77
986837,171.81,65.83,34.77
985410,171.8,65.83,34.77
973245,171.8,65.83,34.77
839553,171.8,65.83,34.77
983614,171.81,65.83,34.77
981778,171.81,65.83,34.77
971188,171.8,65.83,34.77
859847,171.8,65.83,34.77
306935,171.8,65.83,34.77
870653,171.8,65.83,34.77
626739,171.8,65.83,34.77
169137,171.8,65.83,34.77
950598,171.8,65.83,34.77
989970,171.81,65.83,34.77
990450,171.81,65.83,34.77
990963,171.8,65.83,34.77
989762,171.8,65.83,34.77
985772,171.8,65.83,34.77
675372,171.8,65.83,34.77
988948,171.81,65.83,34.77
989183,171.81,65.83,34.77
989184,171.8,65.83,34.77
986301,171.8,65.83,34.77
971650,171.8,65.83,34.77
983878,171.82,65.83,34.76
983835,171.82,65.83,34.76
983930,171.82,65.83,34.76
983904,171.82,65.83,34.76
994809,171.81,65.83,34.76
994175,171.81,65.83,34.76
987253,171.82,65.83,34.76
987201,171.82,65.83,34.76
990683,171.82,65.83,34.76
990640,171.82,65.83,34.76
993416,171.81,65.83,34.76
991638,171.82,65.83,34.76
994807,171.81,65.83,34.76
994183,171.81,65.83,34.76
987309,171.82,65.83,34.76
990727,171.82,65.83,34.76
987302,171.82,65.83,34.76
990722,171.82,65.83,34.76
993441,171.81,65.83,34.76
991693,171.82,65.83,34.76
994624,171.81,65.83,34.77
993987,171.81,65.83,34.77
993238,171.81,65.83,34.77
991485,171.82,65.83,34.77
990162,171.82,65.83,34.77
994754,171.81,65.83,34.76
994129,171.81,65.83,34.76
993395,171.81,65.83,34.76
991676,171.82,65.83,34.76
990379,171.82,65.83,34.76
994783,171.81,65.83,34.76
994135,171.81,65.83,34.76
987042,171.82,65.83,34.76
990512,171.82,65.83,34.76
987118,171.82,65.83,34.76
990575,171.82,65.83,34.76
993355,171.81,65.83,34.76
991542,171.82,65.83,34.76
994747,171.81,65.83,34.76
994082,171.81,65.83,34.76
990383,171.82,65.83,34.76
986896,171.82,65.83,34.76
986955,171.82,65.83,34.76
990439,171.82,65.83,34.76
993281,171.81,65.83,34.76
991433,171.82,65.83,34.76
983512,171.82,65.83,34.76
983570,171.82,65.83,34.76
983739,171.82,65.83,34.76
983664,171.82,65.83,34.76
994715,171.81,65.83,34.76
994035,171.81,65.83,34.76
990352,171.82,65.83,34.76
986884,171.82,65.83,34.76
990347,171.82,65.83,34.76
986864,171.82,65.83,34.76
993219,171.81,65.83,34.76
991358,171.82,65.83,34.76
994694,171.81,65.83,34.76
993998,171.81,65.83,34.76
993176,171.81,65.83,34.76
991354,171.82,65.83,34.76
990117,171.82,65.83,34.76
983491,171.82,65.83,34.76
983473,171.82,65.83,34.76
994805,171.81,65.83,34.75
994116,171.81,65.83,34.75
993319,171.81,65.83,34.75
991557,171.82,65.83,34.75
994825,171.81,65.83,34.75
994142,171.81,65.83,34.75
993348,171.81,65.83,34.75
991586,171.82,65.83,34.75
994772,171.81,65.83,34.75
994078,171.81,65.83,34.75
993275,171.81,65.83,34.75
991507,171.82,65.83,34.75
994737,171.81,65.83,34.75
994035,171.81,65.83,34.75
993225,171.81,65.83,34.75
991445,171.82,65.83,34.75
994683,171.81,65.83,34.76
993979,171.81,65.83,34.76
993157,171.81,65.83,34.76
991355,171.82,65.83,34.76
990164,171.82,65.83,34.76
994683,171.81,65.83,34.75
993974,171.81,65.83,34.75
993152,171.81,65.83,34.75
991357,171.82,65.83,34.75
990179,171.82,65.83,34.75
994690,171.81,65.83,34.75
993981,171.81,65.83,34.75
993159,171.81,65.83,34.75
991363,171.82,65.83,34.75
994709,171.81,65.83,34.75
994002,171.81,65.83,34.75
993185,171.81,65.83,34.75
991392,171.82,65.83,34.75
989391,171.81,65.83,34.76
990329,171.81,65.83,34.76
989313,171.81,65.83,34.76
990283,171.81,65.83,34.76
989176,171.81,65.83,34.76
990198,171.81,65.83,34.76
989235,171.81,65.83,34.76
990235,171.81,65.83,34.76
989441,171.81,65.83,34.76
990344,171.81,65.83,34.76
989429,171.81,65.83,34.76
990300,171.81,65.83,34.76
989308,171.81,65.83,34.76
990152,171.81,65.83,34.76
989026,171.81,65.83,34.77
989848,171.81,65.83,34.77
991216,171.81,65.83,34.76
992196,171.81,65.83,34.76
991199,171.81,65.83,34.76
992203,171.81,65.83,34.76
993770,171.8,65.83,34.76
993407,171.8,65.83,34.76
993695,171.8,65.83,34.76
993371,171.8,65.83,34.76
991246,171.81,65.83,34.76
992153,171.81,65.83,34.76
991234,171.81,65.83,34.76
992181,171.81,65.83,34.76
993462,171.8,65.83,34.76
993246,171.8,65.83,34.76
993596,171.8,65.83,34.76
993321,171.8,65.83,34.76
990936,171.81,65.83,34.76
991656,171.81,65.83,34.76
990578,171.81,65.83,34.77
991201,171.81,65.83,34.77
4246,171.8,65.83,34.77
991944,171.8,65.83,34.77
991426,171.8,65.83,34.77
989747,171.8,65.83,34.77
985452,171.8,65.83,34.77
801422,171.8,65.83,34.77
992527,171.8,65.83,34.76
992351,171.8,65.83,34.76
991547,171.8,65.83,34.76
990247,171.8,65.83,34.76
965221,171.8,65.83,34.76
991220,171.81,65.83,34.76
992075,171.81,65.83,34.76
991132,171.81,65.83,34.76
991926,171.81,65.83,34.76
990434,171.8,65.83,34.76
992976,171.8,65.83,34.76
993044,171.8,65.83,34.76
993251,171.8,65.83,34.76
993112,171.8,65.83,34.76
986143,171.8,65.83,34.76
992112,171.8,65.83,34.76
992514,171.8,65.83,34.76
992912,171.8,65.83,34.76
992892,171.8,65.83,34.76
989139,171.81,65.83,34.75
990187,171.81,65.83,34.75
989141,171.81,65.83,34.76
990181,171.81,65.83,34.76
989164,171.81,65.83,34.75
990214,171.81,65.83,34.75
989216,171.81,65.83,34.75
990262,171.81,65.83,34.75
989491,171.81,65.83,34.75
990453,171.81,65.83,34.75
989451,171.81,65.83,34.75
990439,171.81,65.83,34.75
989376,171.81,65.83,34.75
990390,171.81,65.83,34.75
989290,171.81,65.83,34.75
990324,171.81,65.83,34.75
991196,171.81,65.83,34.76
992216,171.81,65.83,34.76
991208,171.81,65.83,34.75
992235,171.81,65.83,34.75
993827,171.8,65.83,34.76
993438,171.8,65.83,34.76
993866,171.8,65.83,34.75
993464,171.8,65.83,34.75
991237,171.81,65.83,34.75
992262,171.81,65.83,34.75
991278,171.81,65.83,34.75
992294,171.81,65.83,34.75
993885,171.8,65.83,34.75
993487,171.8,65.83,34.75
993887,171.8,65.83,34.75
993505,171.8,65.83,34.75
991372,171.81,65.83,34.75
992342,171.81,65.83,34.75
991326,171.81,65.83,34.75
992323,171.81,65.83,34.75
993497,171.8,65.83,34.75
993809,171.8,65.83,34.75
993510,171.8,65.83,34.75
993864,171.8,65.83,34.75
991371,171.81,65.83,34.75
992260,171.81,65.83,34.75
991392,171.81,65.83,34.75
992326,171.81,65.83,34.75
993441,171.8,65.83,34.75
993702,171.8,65.83,34.75
993324,171.8,65.83,34.75
993516,171.8,65.83,34.75
218,171.81,65.83,34.73
260,171.81,65.83,34.73
356,171.81,65.83,34.73
986133,171.81,65.83,34.74
987616,171.81,65.83,34.74
993952,171.81,65.83,34.74
993188,171.81,65.83,34.74
993221,171.81,65.83,34.74
992391,171.81,65.83,34.74
983573,171.81,65.83,34.74
978540,171.81,65.83,34.74
989512,171.81,65.83,34.74
988238,171.81,65.83,34.74
992107,171.81,65.83,34.74
991120,171.81,65.83,34.74
991411,171.81,65.83,34.74
992280,171.81,65.83,34.74
988994,171.82,65.83,34.74
990135,171.82,65.83,34.74
989899,171.81,65.83,34.74
986920,171.82,65.83,34.74
983703,171.82,65.83,34.74
978093,171.82,65.83,34.74
965906,171.82,65.83,34.74
986510,171.81,65.83,34.74
982632,171.82,65.83,34.74
977181,171.82,65.83,34.74
961413,171.82,65.83,34.74
907869,171.82,65.83,34.74
962958,171.81,65.83,34.74
955802,171.81,65.83,34.74
863686,171.81,65.83,34.74
838271,171.81,65.83,34.74
942329,171.82,65.83,34.74
788935,171.82,65.83,34.74
921958,171.82,65.83,34.74
723491,171.82,65.83,34.74
274863,171.82,65.83,34.73
38793,171.82,65.83,34.73
241691,171.82,65.83,34.73
33063,171.82,65.83,34.73
464,171.82,65.83,34.73
621,171.82,65.83,34.73
4391,171.82,65.83,34.73
628,171.82,65.83,34.73
552,171.82,65.83,34.73
3031,171.82,65.83,34.73
418,171.82,65.83,34.73
441,171.82,65.83,34.73
412,171.82,65.83,34.73
994370,171.81,65.83,34.74
993652,171.81,65.83,34.74
992798,171.81,65.83,34.74
990828,171.82,65.83,34.74
994624,171.81,65.83,34.74
993927,171.81,65.83,34.74
993102,171.81,65.83,34.74
991230,171.82,65.83,34.74
989042,171.81,65.83,34.74
989921,171.81,65.83,34.74
988510,171.81,65.83,34.74
989376,171.81,65.83,34.74
994816,171.81,65.83,34.75
994136,171.81,65.83,34.75
993338,171.81,65.83,34.75
991561,171.82,65.83,34.75
994759,171.81,65.83,34.74
994077,171.81,65.83,34.74
993272,171.81,65.83,34.74
991462,171.82,65.83,34.74
989465,171.81,65.83,34.75
990396,171.81,65.83,34.75
989335,171.81,65.83,34.74
990238,171.81,65.83,34.74
179,171.81,65.83,34.73
180,171.81,65.83,34.73
250,171.81,65.83,34.73
241,171.81,65.83,34.73
293,171.81,65.83,34.73
384,171.81,65.83,34.73
314,171.81,65.83,34.73
499,171.81,65.83,34.73
601,171.81,65.83,34.73
781,171.81,65.83,34.73
3392,171.81,65.83,34.73
6188,171.81,65.83,34.73
8204,171.81,65.83,34.73
8742,171.81,65.83,34.73
269166,171.81,65.83,34.73
349871,171.81,65.83,34.73
407266,171.81,65.83,34.73
383527,171.81,65.83,34.73
37446,171.81,65.83,34.73
60811,171.81,65.83,34.73
78041,171.81,65.83,34.73
78629,171.81,65.83,34.73
991273,171.81,65.83,34.75
992105,171.81,65.83,34.75
991068,171.81,65.83,34.74
991828,171.81,65.83,34.74
992736,171.8,65.83,34.74
992641,171.8,65.83,34.74
991994,171.8,65.83,34.74
991004,171.8,65.83,34.74
993104,171.8,65.83,34.75
993191,171.8,65.83,34.75
992887,171.8,65.83,34.75
992548,171.8,65.83,34.75
990696,171.81,65.83,34.74
991357,171.81,65.83,34.74
990088,171.81,65.83,34.74
990606,171.81,65.83,34.74
992130,171.8,65.83,34.74
991695,171.8,65.83,34.74
990245,171.8,65.83,34.74
986927,171.8,65.83,34.74
991144,171.8,65.83,34.74
990046,171.8,65.83,34.74
986564,171.8,65.83,34.74
964388,171.8,65.83,34.74
223275,171.8,65.83,34.74
768002,171.8,65.83,34.74
989100,171.81,65.83,34.74
989383,171.81,65.83,34.74
989427,171.8,65.83,34.74
986773,171.8,65.83,34.74
974764,171.8,65.83,34.74
254226,171.8,65.83,34.74
987489,171.81,65.83,34.74
987240,171.81,65.83,34.74
986019,171.8,65.83,34.74
977345,171.8,65.83,34.74
863654,171.8,65.83,34.74
709833,171.8,65.83,34.74
980700,171.81,65.83,34.74
981059,171.81,65.83,34.74
978200,171.81,65.83,34.74
978282,171.81,65.83,34.74
919965,171.8,65.83,34.74
973827,171.81,65.83,34.74
973326,171.81,65.83,34.74
970552,171.81,65.83,34.74
960928,171.8,65.83,34.74
707953,171.8,65.83,34.74
964778,171.81,65.83,34.74
961342,171.81,65.83,34.74
948537,171.81,65.83,34.74
899029,171.8,65.83,34.74
940841,171.81,65.83,34.74
931352,171.81,65.83,34.74
902833,171.81,65.83,34.74
817598,171.81,65.83,34.74
769609,171.81,65.83,34.74
634786,171.81,65.83,34.74
7489,171.81,65.83,34.73
70457,171.81,65.83,34.73
18262,171.8,65.83,34.73
827821,171.81,65.83,34.74
609925,171.8,65.83,34.74
406731,171.81,65.83,34.74
152777,171.8,65.83,34.74
294724,171.81,65.83,34.73
175642,171.81,65.83,34.73
60043,171.81,65.83,34.73
28636,171.81,65.83,34.73
112,171.81,65.83,34.73
190,171.81,65.83,34.73
92,171.81,65.83,34.73
93,171.81,65.83,34.73
515,171.81,65.83,34.73
99,171.8,65.83,34.73
127,171.81,65.83,34.73
156,171.81,65.83,34.73
130,171.81,65.83,34.73
150,171.81,65.83,34.73
356,171.81,65.83,34.73
5602,171.81,65.83,34.73
2432,171.81,65.83,34.73
1741,171.8,65.83,34.78
1705,171.8,65.83,34.78
1778,171.8,65.83,34.78
1727,171.8,65.83,34.78
1852,171.8,65.83,34.77
2039,171.8,65.83,34.77
36471,171.8,65.83,34.77
1998,171.8,65.83,34.77
134236,171.8,65.83,34.77
2462,171.8,65.83,34.77
50409,171.8,65.83,34.77
2180,171.8,65.83,34.77
2935,171.8,65.83,34.77
348029,171.8,65.83,34.77
1820,171.8,65.83,34.78
1747,171.8,65.83,34.78
2530,171.8,65.83,34.77
1778,171.8,65.83,34.77
1763,171.8,65.83,34.77
2477,171.8,65.83,34.77
1772,171.8,65.83,34.77
16664,171.8,65.83,34.77
1882,171.8,65.83,34.77
320744,171.8,65.83,34.77
712219,171.8,65.83,34.77
25983,171.79,65.83,34.77
2260,171.79,65.83,34.77
246513,171.79,65.83,34.76
2763,171.79,65.83,34.76
2799,171.79,65.83,34.76
699901,171.79,65.83,34.76
916396,171.79,65.83,34.76
4437,171.79,65.83,34.76
2591,171.79,65.83,34.76
993347,171.8,65.83,34.76
993439,171.8,65.83,34.76
992561,171.8,65.83,34.76
990665,171.79,65.83,34.76
14930,171.79,65.83,34.76
993557,171.8,65.83,34.76
993787,171.8,65.83,34.76
993352,171.8,65.83,34.76
990122,171.79,65.83,34.76
383679,171.79,65.83,34.76
622798,171.79,65.83,34.76
990276,171.79,65.83,34.76
993702,171.8,65.83,34.76
994066,171.8,65.83,34.76
993726,171.8,65.83,34.76
709358,171.79,65.83,34.76
991147,171.79,65.83,34.76
993885,171.8,65.83,34.76
994249,171.8,65.83,34.76
993853,171.8,65.83,34.76
998339,171.8,65.83,34.75
12087,171.79,65.83,34.75
998136,171.8,65.83,34.75
988131,171.79,65.83,34.75
993820,171.8,65.83,34.75
994059,171.8,65.83,34.75
993451,171.8,65.83,34.75
990226,171.79,65.83,34.75
993932,171.8,65.83,34.75
994267,171.8,65.83,34.75
993812,171.8,65.83,34.75
993641,171.8,65.83,34.75
993740,171.8,65.83,34.75
992711,171.8,65.83,34.75
993369,171.8,65.83,34.75
993305,171.8,65.83,34.75
991117,171.8,65.83,34.75
776410,171.79,65.83,34.75
991946,171.79,65.83,34.75
994078,171.8,65.83,34.75
994427,171.8,65.83,34.75
993999,171.8,65.83,34.75
760650,171.79,65.83,34.76
991771,171.79,65.83,34.76
994012,171.8,65.83,34.76
994367,171.8,65.83,34.76
993946,171.8,65.83,34.76
763694,171.79,65.83,34.75
991894,171.79,65.83,34.75
994081,171.8,65.83,34.75
994435,171.8,65.83,34.75
994016,171.8,65.83,34.75
721240,171.79,65.83,34.75
991448,171.79,65.83,34.75
994003,171.8,65.83,34.75
994387,171.8,65.83,34.75
993995,171.8,65.83,34.75
4242,171.79,65.83,34.76
2922,171.79,65.83,34.76
4168,171.79,65.83,34.76
4713,171.79,65.83,34.76
9113,171.79,65.83,34.75
4339,171.79,65.83,34.75
5326,171.79,65.83,34.75
5047,171.79,65.83,34.75
5352,171.79,65.83,34.75
5120,171.79,65.83,34.76
3601,171.79,65.83,34.74
3562,171.79,65.83,34.74
978727,171.8,65.83,34.75
6795,171.79,65.83,34.74
994812,171.8,65.83,34.75
10050,171.79,65.83,34.75
421789,171.8,65.83,34.74
4110,171.8,65.83,34.74
829280,171.8,65.83,34.74
974631,171.8,65.83,34.74
987919,171.8,65.83,34.75
6767,171.8,65.83,34.74
2499,171.8,65.83,34.74
47926,171.8,65.83,34.74
2689,171.8,65.83,34.74
28321,171.8,65.83,34.74
2624,171.8,65.83,34.74
55265,171.8,65.83,34.74
2857,171.8,65.83,34.74
17088,171.8,65.83,34.74
2104,171.8,65.83,34.74
27655,171.8,65.83,34.74
33383,171.8,65.83,34.74
198417,171.8,65.83,34.74
25584,171.8,65.83,34.74
176287,171.8,65.83,34.74
381678,171.8,65.83,34.74
70373,171.8,65.83,34.74
1962,171.8,65.83,34.74
999,171.8,65.83,34.73
1678,171.8,65.83,34.73
6737,171.8,65.83,34.74
304,171.8,65.83,34.73
118,171.8,65.83,34.73
205,171.8,65.83,34.73
1570,171.8,65.83,34.73
643,171.8,65.83,34.73
4328,171.8,65.83,34.73
14774,171.82,65.83,34.73
4335,171.82,65.83,34.73
133117,171.82,65.83,34.73
49202,171.82,65.83,34.73
13850,171.82,65.83,34.73
870784,171.82,65.83,34.74
750559,171.82,65.83,34.74
539503,171.82,65.83,34.74
293646,171.82,65.83,34.74
475871,171.82,65.83,34.74
187361,171.82,65.83,34.74
124291,171.82,65.83,34.74
32528,171.82,65.83,34.74
527,171.82,65.83,34.73
498,171.82,65.83,34.73
568,171.82,65.83,34.73
692,171.82,65.83,34.73
636,171.82,65.83,34.73
623,171.82,65.83,34.73
1195,171.82,65.83,34.73
723,171.82,65.83,34.73
773,171.82,65.83,34.73
838,171.82,65.83,34.73
819,171.82,65.83,34.73
816,171.82,65.83,34.73
1357,171.82,65.83,34.73
990106,171.82,65.83,34.74
988561,171.82,65.83,34.74
990270,171.82,65.83,34.75
988855,171.82,65.83,34.75
986558,171.82,65.83,34.74
983656,171.82,65.83,34.74
987081,171.82,65.83,34.75
984587,171.82,65.83,34.75
989217,171.82,65.83,34.74
987171,171.82,65.83,34.74
989773,171.82,65.83,34.74
988033,171.82,65.83,34.74
984218,171.82,65.83,34.74
979432,171.82,65.83,34.74
985673,171.82,65.83,34.74
982098,171.82,65.83,34.74
986699,171.82,65.83,34.74
983199,171.82,65.83,34.74
988273,171.82,65.83,34.74
985724,171.82,65.83,34.74
981726,171.82,65.83,34.74
974480,171.82,65.83,34.74
957605,171.82,65.83,34.74
875174,171.83,65.83,34.74
977053,171.82,65.83,34.74
963585,171.82,65.83,34.74
915395,171.82,65.83,34.74
628512,171.83,65.83,34.74
930586,171.82,65.83,34.74
837242,171.82,65.83,34.74
822464,171.82,65.83,34.74
554986,171.82,65.83,34.74
503,171.82,65.83,34.73
1766,171.81,65.83,34.78
1696,171.81,65.83,34.78
1654,171.81,65.83,34.78
1670,171.81,65.83,34.78
1652,171.81,65.83,34.78
1970,171.81,65.83,34.78
8468,171.81,65.83,34.78
73108,171.81,65.83,34.78
1864,171.81,65.83,34.78
1660,171.81,65.83,34.78
1832,171.81,65.83,34.78
5896,171.81,65.83,34.78
50398,171.81,65.83,34.78
5651,171.81,65.83,34.78
6783,171.81,65.83,34.78
30172,171.81,65.83,34.78
38627,171.81,65.83,34.78
2045,171.81,65.83,34.78
1638,171.81,65.83,34.78
6395,171.82,65.83,34.78
36008,171.82,65.83,34.78
1607,171.82,65.83,34.78
1737,171.82,65.83,34.78
1605,171.82,65.83,34.78
1560,171.82,65.83,34.78
4972,171.82,65.83,34.78
29201,171.82,65.83,34.78
1614,171.82,65.83,34.78
3186,171.82,65.83,34.78
1559,171.82,65.83,34.78
2210,171.82,65.83,34.78
1689,171.82,65.83,34.78
16606,171.82,65.83,34.78
8923,171.82,65.83,34.78
1614,171.82,65.83,34.78
1556,171.82,65.83,34.78
3145,171.82,65.83,34.78
1517,171.82,65.83,34.78
1866,171.82,65.83,34.78
1520,171.82,65.83,34.78
1496,171.83,65.83,34.78
758706,171.81,65.83,34.77
291804,171.81,65.83,34.78
210916,171.81,65.83,34.78
245600,171.81,65.83,34.78
798270,171.81,65.83,34.77
790317,171.81,65.83,34.77
950889,171.81,65.83,34.77
945725,171.81,65.83,34.77
986058,171.81,65.83,34.77
983287,171.81,65.83,34.77
975716,171.81,65.83,34.77
991912,171.81,65.83,34.77
973203,171.81,65.83,34.77
990923,171.81,65.83,34.77
993217,171.81,65.83,34.77
992390,171.81,65.83,34.77
987579,171.81,65.83,34.77
988493,171.81,65.83,34.77
993941,171.81,65.83,34.77
993218,171.81,65.83,34.77
994372,171.81,65.83,34.77
993700,171.81,65.83,34.77
992347,171.81,65.83,34.77
990275,171.82,65.83,34.77
992910,171.81,65.83,34.77
991052,171.82,65.83,34.77
989653,171.81,65.83,34.77
986488,171.82,65.83,34.77
991388,171.81,65.83,34.77
988956,171.82,65.83,34.77
986738,171.82,65.83,34.77
983397,171.82,65.83,34.77
983090,171.82,65.83,34.77
977250,171.82,65.83,34.77
961892,171.82,65.83,34.77
895972,171.82,65.83,34.77
988566,171.82,65.83,34.77
989600,171.82,65.83,34.77
986231,171.82,65.83,34.77
987737,171.82,65.83,34.77
976921,171.82,65.83,34.77
992885,171.82,65.83,34.77
961200,171.82,65.83,34.77
989922,171.82,65.83,34.77
982534,171.82,65.83,34.77
944566,171.83,65.83,34.77
993715,171.82,65.83,34.77
991677,171.82,65.83,34.77
987657,171.82,65.83,34.77
976390,171.83,65.83,34.77
591312,171.82,65.83,34.77
875506,171.83,65.83,34.77
603552,171.83,65.83,34.77
902278,171.83,65.83,34.77
161348,171.83,65.83,34.77
532391,171.83,65.83,34.77
23391,171.83,65.83,34.77
176577,171.83,65.83,34.77
315480,171.83,65.83,34.77
1636,171.83,65.83,34.77
32489,171.83,65.83,34.77
6240,171.83,65.83,34.77
1525,171.83,65.83,34.77
1566,171.83,65.83,34.77
1521,171.83,65.83,34.77
4673,171.83,65.83,34.77
1631,171.83,65.83,34.77
33686,171.83,65.83,34.77
45137,171.83,65.83,34.77
969470,171.82,65.83,34.77
932800,171.82,65.83,34.77
224800,171.82,65.83,34.78
746370,171.82,65.83,34.77
181970,171.82,65.83,34.78
641883,171.82,65.83,34.77
79100,171.82,65.83,34.78
33950,171.82,65.83,34.78
475169,171.82,65.83,34.77
214372,171.82,65.83,34.77
13509,171.82,65.83,34.78
86987,171.82,65.83,34.77
962618,171.82,65.83,34.77
904350,171.82,65.83,34.77
974845,171.82,65.83,34.77
953657,171.82,65.83,34.77
910695,171.82,65.83,34.77
792168,171.82,65.83,34.77
513725,171.82,65.83,34.77
155976,171.82,65.83,34.77
872772,171.82,65.83,34.77
597086,171.82,65.83,34.77
5031,171.82,65.83,34.78
2353,171.82,65.83,34.78
1536,171.82,65.83,34.78
23658,171.82,65.83,34.77
1576,171.83,65.83,34.77
10597,171.82,65.83,34.77
29475,171.82,65.83,34.77
182314,171.82,65.83,34.77
1508,171.83,65.83,34.78
1520,171.83,65.83,34.77
2243,171.83,65.83,34.77
4220,171.83,65.83,34.77
2033,171.83,65.83,34.77
1505,171.83,65.83,34.77
23724,171.83,65.83,34.77
1517,171.83,65.83,34.77
4212,171.83,65.83,34.77
1511,171.83,65.83,34.77
983385,171.82,65.83,34.76
987748,171.82,65.83,34.75
986043,171.82,65.83,34.75
982214,171.82,65.83,34.76
987724,171.82,65.83,34.76
986028,171.82,65.83,34.76
983398,171.82,65.83,34.75
990179,171.82,65.83,34.75
982226,171.82,65.83,34.75
989031,171.82,65.83,34.75
990201,171.82,65.83,34.75
989037,171.82,65.83,34.75
987726,171.82,65.83,34.75
986006,171.82,65.83,34.75
987702,171.82,65.83,34.75
985944,171.82,65.83,34.75
990248,171.82,65.83,34.75
989058,171.82,65.83,34.75
990301,171.82,65.83,34.75
989078,171.82,65.83,34.75
987680,171.82,65.83,34.75
985852,171.82,65.83,34.75
987642,171.82,65.83,34.75
985720,171.82,65.83,34.75
990334,171.82,65.83,34.75
989067,171.82,65.83,34.75
990337,171.82,65.83,34.75
989010,171.82,65.83,34.75
987554,171.82,65.83,34.75
985505,171.82,65.83,34.75
987389,171.82,65.83,34.75
985160,171.82,65.83,34.75
980674,171.82,65.83,34.76
980758,171.82,65.83,34.76
983086,171.82,65.83,34.76
982225,171.82,65.83,34.76
983149,171.82,65.83,34.76
982343,171.82,65.83,34.76
980761,171.82,65.83,34.76
980749,171.82,65.83,34.76
983119,171.82,65.83,34.76
982353,171.82,65.83,34.76
983103,171.82,65.83,34.76
982376,171.82,65.83,34.76
978845,171.82,65.83,34.76
979071,171.82,65.83,34.76
981214,171.82,65.83,34.76
981414,171.82,65.83,34.76
979190,171.82,65.83,34.76
979282,171.82,65.83,34.76
981496,171.82,65.83,34.76
981578,171.82,65.83,34.76
983816,171.82,65.83,34.76
983988,171.82,65.83,34.76
986545,171.82,65.83,34.76
985324,171.82,65.83,34.76
986704,171.82,65.83,34.76
985575,171.82,65.83,34.76
981017,171.82,65.83,34.76
981445,171.82,65.83,34.76
983679,171.82,65.83,34.76
984077,171.82,65.83,34.76
984060,171.82,65.83,34.76
984132,171.82,65.83,34.76
986763,171.82,65.83,34.76
985690,171.82,65.83,34.76
986837,171.82,65.83,34.76
985829,171.82,65.83,34.76
981714,171.82,65.83,34.76
981954,171.82,65.83,34.76
984305,171.82,65.83,34.76
984538,171.82,65.83,34.76
982904,171.82,65.83,34.77
981800,171.82,65.83,34.76
983434,171.82,65.83,34.76
982100,171.82,65.83,34.76
980547,171.82,65.83,34.77
978087,171.82,65.83,34.76
978555,171.82,65.83,34.76
980567,171.82,65.83,34.76
980986,171.82,65.83,34.76
986254,171.82,65.83,34.77
982559,171.82,65.83,34.77
983264,171.82,65.83,34.76
986080,171.82,65.83,34.76
983623,171.82,65.83,34.76
986398,171.82,65.83,34.76
983981,171.82,65.83,34.76
975844,171.82,65.83,34.77
960123,171.83,65.83,34.77
978950,171.82,65.83,34.76
968967,171.83,65.83,34.76
980729,171.82,65.83,34.76
973327,171.83,65.83,34.76
981816,171.82,65.83,34.76
975872,171.83,65.83,34.76
983332,171.82,65.83,34.76
980442,171.82,65.83,34.76
980453,171.82,65.83,34.76
982875,171.82,65.83,34.76
982281,171.82,65.83,34.76
982833,171.82,65.83,34.76
982232,171.82,65.83,34.76
982151,171.82,65.83,34.76
979326,171.82,65.83,34.76
979315,171.82,65.83,34.76
981686,171.82,65.83,34.76
981631,171.82,65.83,34.76
987631,171.82,65.83,34.76
985943,171.82,65.83,34.76
984316,171.82,65.83,34.76
987090,171.82,65.83,34.76
984237,171.82,65.83,34.76
986995,171.82,65.83,34.76
985777,171.82,65.83,34.76
980689,171.82,65.83,34.76
980632,171.82,65.83,34.76
983025,171.82,65.83,34.76
982330,171.82,65.83,34.76
982972,171.82,65.83,34.76
982308,171.82,65.83,34.76
980502,171.82,65.83,34.76
980556,171.82,65.83,34.76
982855,171.82,65.83,34.76
982238,171.82,65.83,34.76
982893,171.82,65.83,34.76
982253,171.82,65.83,34.76
979312,171.82,65.83,34.76
979334,171.82,65.83,34.76
981589,171.82,65.83,34.76
981612,171.82,65.83,34.76
979326,171.82,65.83,34.76
979324,171.82,65.83,34.76
981616,171.82,65.83,34.76
981599,171.82,65.83,34.76
984144,171.82,65.83,34.76
984168,171.82,65.83,34.76
986848,171.82,65.83,34.76
985886,171.82,65.83,34.76
986879,171.82,65.83,34.76
985969,171.82,65.83,34.76
982108,171.82,65.83,34.76
982254,171.82,65.83,34.76
984677,171.82,65.83,34.76
984826,171.82,65.83,34.76
984196,171.82,65.83,34.76
984165,171.82,65.83,34.76
986927,171.82,65.83,34.76
986102,171.82,65.83,34.76
986882,171.82,65.83,34.76
986009,171.82,65.83,34.76
982455,171.82,65.83,34.76
982349,171.82,65.83,34.76
985048,171.82,65.83,34.76
984918,171.82,65.83,34.76
982501,171.82,65.83,34.76
977438,171.83,65.83,34.76
982943,171.82,65.83,34.76
978455,171.83,65.83,34.76
983272,171.82,65.83,34.76
979168,171.83,65.83,34.76
983489,171.82,65.83,34.76
979657,171.83,65.83,34.76
975918,171.82,65.83,34.74
961988,171.83,65.83,34.74
970321,171.82,65.83,34.74
944557,171.83,65.83,34.74
978908,171.82,65.83,34.74
969816,171.83,65.83,34.74
980677,171.82,65.83,34.75
973814,171.83,65.83,34.75
538848,171.83,65.83,34.74
205125,171.83,65.83,34.74
163813,171.83,65.83,34.74
449484,171.83,65.83,34.74
77841,171.83,65.83,34.74
8929,171.83,65.83,34.74
956155,171.83,65.83,34.75
941433,171.83,65.83,34.74
895717,171.83,65.83,34.74
748535,171.83,65.83,34.74
495098,171.83,65.83,34.74
246281,171.83,65.83,34.74
36512,171.83,65.83,34.74
151826,171.83,65.83,34.74
847339,171.83,65.83,34.75
711824,171.83,65.83,34.74
608940,171.83,65.83,34.75
349537,171.83,65.83,34.74
3034,171.82,65.83,34.73
1026,171.83,65.83,34.73
1206,171.82,65.83,34.73
4014,171.83,65.83,34.74
43029,171.83,65.83,34.74
872,171.82,65.83,34.73
880,171.82,65.83,34.73
972,171.82,65.83,34.73
835,171.82,65.83,34.73
965,171.82,65.83,34.73
977,171.83,65.83,34.73
1003,171.83,65.83,34.73
1058,171.83,65.83,34.73
1248,171.83,65.83,34.74
1172,171.83,65.83,34.74
1128,171.83,65.83,34.74
5076,171.83,65.83,34.74
1163,171.83,65.83,34.74
1596,171.83,65.83,34.74
174533,171.83,65.83,34.74
38576,171.83,65.83,34.74
31363,171.83,65.83,34.74
4030,171.83,65.83,34.74
1177,171.83,65.83,34.74
1224,171.83,65.83,34.74
1896,171.83,65.83,34.74
1255,171.83,65.83,34.74
3393,171.83,65.83,34.74
13674,171.83,65.83,34.74
1211,171.83,65.83,34.74
1442,171.83,65.83,34.74
1313,171.83,65.83,34.74
6220,171.83,65.83,34.74
1367,171.83,65.83,34.74
1470,171.83,65.83,34.74
24542,171.83,65.83,34.74
1370,171.83,65.83,34.74
1485,171.83,65.83,34.74
186028,171.83,65.83,34.75
48824,171.83,65.83,34.74
1735,171.83,65.83,34.75
1292,171.83,65.83,34.74
1247,171.83,65.83,34.74
1292,171.83,65.83,34.74
2519,171.83,65.83,34.77
1492,171.83,65.83,34.77
1488,171.83,65.83,34.77
983611,171.82,65.83,34.76
983640,171.82,65.83,34.75
983453,171.82,65.83,34.75
983584,171.82,65.83,34.75
981786,171.82,65.83,34.75
976157,171.83,65.83,34.75
982478,171.82,65.83,34.75
977594,171.83,65.83,34.75
982935,171.82,65.83,34.75
978544,171.83,65.83,34.75
983241,171.82,65.83,34.75
979204,171.83,65.83,34.75
979958,171.83,65.83,34.76
980063,171.83,65.83,34.75
986079,171.83,65.83,34.75
985965,171.83,65.83,34.76
979675,171.83,65.83,34.75
979963,171.83,65.83,34.75
985989,171.83,65.83,34.75
985713,171.83,65.83,34.75
979859,171.83,65.83,34.75
979568,171.83,65.83,34.76
987608,171.83,65.83,34.75
922610,171.83,65.83,34.75
987376,171.83,65.83,34.76
915090,171.83,65.83,34.76
979657,171.83,65.83,34.75
979023,171.83,65.83,34.75
986911,171.83,65.83,34.75
894499,171.83,65.83,34.75
987418,171.83,65.83,34.75
917023,171.83,65.83,34.75
971893,171.83,65.83,34.75
970292,171.83,65.83,34.75
967729,171.83,65.83,34.75
963552,171.83,65.83,34.75
933127,171.83,65.83,34.75
906343,171.83,65.83,34.75
873638,171.83,65.83,34.75
776222,171.83,65.83,34.75
951983,171.83,65.83,34.75
945968,171.83,65.83,34.75
939475,171.83,65.83,34.75
922161,171.83,65.83,34.75
966970,171.83,65.83,34.76
969783,171.83,65.83,34.76
972781,171.83,65.83,34.76
971567,171.83,65.83,34.76
929748,171.83,65.83,34.76
943925,171.83,65.83,34.76
864099,171.83,65.83,34.76
916549,171.83,65.83,34.76
954911,171.83,65.83,34.76
950631,171.83,65.83,34.76
948044,171.83,65.83,34.76
584147,171.83,65.83,34.76
936483,171.83,65.83,34.76
483935,171.83,65.83,34.76
876659,171.83,65.83,34.77
936768,171.83,65.83,34.76
954026,171.83,65.83,34.76
962377,171.83,65.83,34.76
421404,171.83,65.83,34.77
672078,171.83,65.83,34.76
73767,171.83,65.83,34.77
280821,171.83,65.83,34.76
899110,171.83,65.83,34.76
826559,171.83,65.83,34.76
536735,171.83,65.83,34.76
753115,171.83,65.83,34.76
2988,171.83,65.83,34.77
2028,171.83,65.83,34.76
1470,171.83,65.83,34.76
7725,171.83,65.83,34.76
1465,171.83,65.83,34.77
2772,171.83,65.83,34.76
26842,171.83,65.83,34.76
15828,171.83,65.83,34.76
129503,171.83,65.83,34.76
1477,171.83,65.83,34.76
1501,171.83,65.83,34.76
218069,171.83,65.83,34.75
1659,171.84,65.83,34.75
196952,171.83,65.83,34.76
228290,171.83,65.83,34.75
1551,171.84,65.83,34.76
1619,171.84,65.83,34.75
1564,171.83,65.83,34.76
20106,171.83,65.83,34.76
20780,171.83,65.83,34.76
254312,171.83,65.83,34.76
361118,171.83,65.83,34.76
18452,171.83,65.83,34.76
34186,171.83,65.83,34.76
1468,171.84,65.83,34.76
1468,171.84,65.83,34.76
1440,171.84,65.83,34.76
2213,171.84,65.83,34.76
1441,171.84,65.83,34.76
2929,171.84,65.83,34.76
15964,171.83,65.83,34.75
531675,171.83,65.83,34.75
14550,171.83,65.83,34.75
1856,171.83,65.83,34.75
362509,171.83,65.83,34.75
1844,171.83,65.83,34.75
825586,171.83,65.83,34.75
172270,171.83,65.83,34.75
405267,171.83,65.83,34.75
27636,171.83,65.83,34.75
671661,171.83,65.83,34.75
1634,171.84,65.83,34.75
2896,171.83,65.83,34.75
2122,171.83,65.83,34.75
104414,171.81,65.83,34.78
227744,171.81,65.83,34.78
939230,171.81,65.83,34.77
957547,171.81,65.83,34.77
446187,171.81,65.83,34.77
783736,171.81,65.83,34.77
631496,171.81,65.83,34.77
880151,171.81,65.83,34.77
962295,171.81,65.83,34.77
913860,171.81,65.83,34.77
924936,171.81,65.83,34.77
962470,171.81,65.83,34.77
718944,171.81,65.83,34.77
335762,171.81,65.83,34.78
982661,171.81,65.83,34.77
980920,171.81,65.83,34.77
977922,171.81,65.83,34.77
972214,171.81,65.83,34.77
980650,171.81,65.83,34.77
982206,171.81,65.83,34.77
978030,171.81,65.83,34.77
973252,171.81,65.83,34.77
2171,171.81,65.83,34.78
10990,171.81,65.83,34.78
87341,171.81,65.83,34.78
1740,171.81,65.83,34.78
1703,171.8,65.83,34.78
1740,171.81,65.83,34.78
1771,171.8,65.83,34.78
1847,171.8,65.83,34.78
3305,171.8,65.83,34.78
4227,171.81,65.83,34.78
2262,171.81,65.83,34.78
40361,171.81,65.83,34.78
12262,171.81,65.83,34.78
1679,171.81,65.83,34.78
1670,171.81,65.83,34.78
1707,171.81,65.83,34.78
1803,171.81,65.83,34.78
1673,171.81,65.83,34.78
34071,171.8,65.83,34.78
6137,171.8,65.83,34.78
234387,171.8,65.83,34.77
71529,171.8,65.83,34.77
1999,171.8,65.83,34.78
10488,171.8,65.83,34.77
671731,171.8,65.83,34.77
361546,171.8,65.83,34.77
107829,171.8,65.83,34.77
10405,171.8,65.83,34.77
394937,171.81,65.83,34.77
101799,171.81,65.83,34.78
498764,171.8,65.83,34.77
976606,171.81,65.83,34.77
972800,171.8,65.83,34.77
960762,171.8,65.83,34.77
896382,171.8,65.83,34.77
107188,171.8,65.83,34.77
968475,171.81,65.83,34.77
956290,171.8,65.83,34.77
899206,171.8,65.83,34.77
635523,171.8,65.83,34.77
100934,171.8,65.83,34.77
885590,171.8,65.83,34.77
761130,171.8,65.83,34.77
431472,171.8,65.83,34.77
953153,171.8,65.83,34.77
982696,171.81,65.83,34.77
982043,171.8,65.83,34.77
979989,171.8,65.83,34.77
974532,171.8,65.83,34.77
870580,171.8,65.83,34.77
980516,171.81,65.83,34.77
978914,171.8,65.83,34.77
974489,171.8,65.83,34.77
960847,171.8,65.83,34.77
978841,171.82,65.83,34.76
978787,171.82,65.83,34.76
988481,171.81,65.83,34.76
987438,171.81,65.83,34.76
986282,171.82,65.83,34.76
984977,171.82,65.83,34.76
988497,171.81,65.83,34.76
987479,171.81,65.83,34.76
986346,171.82,65.83,34.76
985054,171.82,65.83,34.76
978472,171.82,65.83,34.76
988114,171.81,65.83,34.77
987095,171.81,65.83,34.77
985937,171.82,65.83,34.77
984589,171.82,65.83,34.77
988398,171.81,65.83,34.76
987396,171.81,65.83,34.76
986269,171.82,65.83,34.76
984987,171.82,65.83,34.76
988391,171.81,65.83,34.76
987306,171.81,65.83,34.76
986124,171.82,65.83,34.76
984814,171.82,65.83,34.76
988276,171.81,65.83,34.76
987154,171.81,65.83,34.76
985947,171.82,65.83,34.76
984636,171.82,65.83,34.76
978562,171.82,65.83,34.76
978732,171.82,65.83,34.76
988159,171.81,65.83,34.76
986999,171.81,65.83,34.76
985783,171.82,65.83,34.76
984512,171.82,65.83,34.76
988070,171.81,65.83,34.76
986884,171.81,65.83,34.76
985678,171.82,65.83,34.76
984492,171.82,65.83,34.76
978391,171.82,65.83,34.76
978257,171.82,65.83,34.76
988384,171.81,65.83,34.75
987242,171.81,65.83,34.75
986065,171.82,65.83,34.75
984880,171.82,65.83,34.75
988450,171.81,65.83,34.75
987326,171.81,65.83,34.75
986144,171.82,65.83,34.75
984922,171.82,65.83,34.75
988279,171.81,65.83,34.75
987109,171.81,65.83,34.75
985926,171.82,65.83,34.75
984767,171.82,65.83,34.75
988171,171.81,65.83,34.75
986982,171.81,65.83,34.75
985791,171.82,65.83,34.75
984645,171.82,65.83,34.75
988012,171.81,65.83,34.76
986806,171.81,65.83,34.76
985611,171.82,65.83,34.76
984479,171.82,65.83,34.76
987996,171.81,65.83,34.75
986780,171.81,65.83,34.75
985589,171.82,65.83,34.75
984476,171.82,65.83,34.75
978182,171.82,65.83,34.76
978163,171.82,65.83,34.75
988018,171.81,65.83,34.75
986800,171.81,65.83,34.75
985598,171.82,65.83,34.75
984470,171.82,65.83,34.75
988077,171.81,65.83,34.75
986866,171.81,65.83,34.75
985663,171.82,65.83,34.75
984526,171.82,65.83,34.75
982856,171.81,65.83,34.76
982672,171.81,65.83,34.76
983856,171.81,65.83,34.76
984793,171.81,65.83,34.76
983732,171.81,65.83,34.76
984738,171.81,65.83,34.76
982474,171.81,65.83,34.76
982311,171.81,65.83,34.76
983484,171.81,65.83,34.76
984599,171.81,65.83,34.76
983596,171.81,65.83,34.76
984663,171.81,65.83,34.76
982999,171.81,65.83,34.76
982986,171.81,65.83,34.76
983917,171.81,65.83,34.76
984778,171.81,65.83,34.76
983867,171.81,65.83,34.76
984645,171.81,65.83,34.76
982825,171.81,65.83,34.76
982365,171.81,65.83,34.77
983631,171.81,65.83,34.76
984318,171.81,65.83,34.76
983124,171.81,65.83,34.77
983708,171.81,65.83,34.77
985632,171.81,65.83,34.76
986407,171.8,65.83,34.76
985616,171.81,65.83,34.76
986448,171.8,65.83,34.76
986995,171.8,65.83,34.76
986953,171.8,65.83,34.76
986787,171.8,65.83,34.76
986841,171.8,65.83,34.76
985613,171.81,65.83,34.76
986218,171.8,65.83,34.76
985638,171.81,65.83,34.76
986336,171.8,65.83,34.76
986117,171.8,65.83,34.76
986447,171.8,65.83,34.76
986501,171.8,65.83,34.76
986680,171.8,65.83,34.76
984794,171.81,65.83,34.76
984925,171.8,65.83,34.76
984006,171.81,65.83,34.77
983842,171.8,65.83,34.77
351396,171.8,65.83,34.77
982795,171.8,65.83,34.77
980018,171.8,65.83,34.77
972606,171.8,65.83,34.77
918711,171.8,65.83,34.77
655032,171.8,65.83,34.76
984430,171.8,65.83,34.76
982872,171.8,65.83,34.76
979051,171.8,65.83,34.76
962949,171.8,65.83,34.76
985502,171.81,65.83,34.76
985988,171.8,65.83,34.76
985258,171.81,65.83,34.76
985593,171.8,65.83,34.76
948932,171.8,65.83,34.76
979490,171.8,65.83,34.76
983891,171.8,65.83,34.76
985516,171.8,65.83,34.76
986060,171.8,65.83,34.76
887979,171.8,65.83,34.76
974893,171.8,65.83,34.76
982165,171.8,65.83,34.76
984530,171.8,65.83,34.76
985440,171.8,65.83,34.76
982201,171.81,65.83,34.76
982170,171.81,65.83,34.75
983402,171.81,65.83,34.75
984569,171.81,65.83,34.75
983411,171.81,65.83,34.76
984561,171.81,65.83,34.76
982221,171.81,65.83,34.75
982337,171.81,65.83,34.75
983450,171.81,65.83,34.75
984614,171.81,65.83,34.75
983550,171.81,65.83,34.75
984696,171.81,65.83,34.75
982970,171.81,65.83,34.75
982868,171.81,65.83,34.75
983989,171.81,65.83,34.75
984924,171.81,65.83,34.75
983943,171.81,65.83,34.75
984946,171.81,65.83,34.75
982696,171.81,65.83,34.75
982509,171.81,65.83,34.75
983828,171.81,65.83,34.75
984892,171.81,65.83,34.75
983684,171.81,65.83,34.75
984795,171.81,65.83,34.75
985614,171.81,65.83,34.76
986485,171.8,65.83,34.76
985635,171.81,65.83,34.75
986523,171.8,65.83,34.75
987144,171.8,65.83,34.76
987039,171.8,65.83,34.76
987234,171.8,65.83,34.75
987098,171.8,65.83,34.75
985679,171.81,65.83,34.75
986564,171.8,65.83,34.75
985740,171.81,65.83,34.75
986601,171.8,65.83,34.75
987264,171.8,65.83,34.75
987136,171.8,65.83,34.75
987232,171.8,65.83,34.75
987144,171.8,65.83,34.75
985845,171.81,65.83,34.75
986600,171.8,65.83,34.75
985801,171.81,65.83,34.75
986618,171.8,65.83,34.75
987014,171.8,65.83,34.75
986924,171.8,65.83,34.75
987108,171.8,65.83,34.75
987122,171.8,65.83,34.75
985721,171.81,65.83,34.75
986284,171.8,65.83,34.75
985828,171.81,65.83,34.75
986500,171.8,65.83,34.75
986812,171.8,65.83,34.75
986582,171.8,65.83,34.75
986456,171.8,65.83,34.75
986034,171.8,65.83,34.75
227,171.81,65.83,34.73
266,171.81,65.83,34.73
284,171.81,65.83,34.73
237,171.81,65.83,34.73
352,171.81,65.83,34.73
389,171.82,65.83,34.73
977526,171.81,65.83,34.74
979986,171.81,65.83,34.74
986586,171.81,65.83,34.74
985374,171.81,65.83,34.74
985016,171.81,65.83,34.74
983673,171.81,65.83,34.74
973241,171.81,65.83,34.74
965065,171.81,65.83,34.74
977047,171.81,65.83,34.74
974702,171.81,65.83,34.74
982312,171.81,65.83,34.74
980722,171.81,65.83,34.74
981941,171.82,65.83,34.74
983882,171.82,65.83,34.74
979522,171.82,65.83,34.74
981954,171.82,65.83,34.74
978547,171.82,65.83,34.74
975200,171.82,65.83,34.74
969398,171.82,65.83,34.74
958111,171.82,65.83,34.74
971150,171.82,65.83,34.74
965288,171.82,65.83,34.74
952377,171.82,65.83,34.74
918587,171.82,65.83,34.74
938726,171.81,65.83,34.74
928153,171.81,65.83,34.74
823142,171.81,65.83,34.74
792500,171.81,65.83,34.74
910479,171.82,65.83,34.74
746983,171.82,65.83,34.74
877188,171.82,65.83,34.74
658526,171.82,65.83,34.74
345596,171.82,65.83,34.73
72331,171.82,65.83,34.73
265536,171.82,65.83,34.73
49446,171.82,65.83,34.73
748,171.82,65.83,34.73
7518,171.82,65.83,34.73
663,171.82,65.83,34.73
4083,171.82,65.83,34.73
425,171.82,65.83,34.73
446,171.82,65.83,34.73
448,171.82,65.83,34.73
151,171.81,65.83,34.73
987508,171.81,65.83,34.74
986357,171.81,65.83,34.74
984996,171.82,65.83,34.74
983347,171.82,65.83,34.74
988055,171.81,65.83,34.74
986941,171.81,65.83,34.74
985668,171.82,65.83,34.74
984196,171.82,65.83,34.74
981440,171.81,65.83,34.74
982303,171.81,65.83,34.74
983130,171.81,65.83,34.74
983786,171.81,65.83,34.74
982214,171.81,65.83,34.74
982742,171.81,65.83,34.74
988453,171.81,65.83,34.75
987348,171.81,65.83,34.75
986154,171.82,65.83,34.75
984878,171.82,65.83,34.75
988339,171.81,65.83,34.74
987234,171.81,65.83,34.74
986008,171.82,65.83,34.74
984652,171.82,65.83,34.74
982763,171.81,65.83,34.74
982959,171.81,65.83,34.75
983911,171.81,65.83,34.75
984766,171.81,65.83,34.75
983655,171.81,65.83,34.74
984418,171.81,65.83,34.74
201,171.81,65.83,34.73
201,171.81,65.83,34.73
212,171.81,65.83,34.73
301,171.81,65.83,34.73
367,171.81,65.83,34.73
459,171.82,65.83,34.73
911,171.81,65.83,34.73
1397,171.81,65.83,34.73
1817,171.81,65.83,34.73
1838,171.82,65.83,34.73
11079,171.81,65.83,34.73
16537,171.81,65.83,34.73
20402,171.81,65.83,34.73
20044,171.82,65.83,34.73
384959,171.81,65.83,34.73
449566,171.81,65.83,34.73
460478,171.81,65.83,34.73
426842,171.82,65.83,34.73
89718,171.81,65.83,34.73
116990,171.81,65.83,34.73
129890,171.81,65.83,34.73
122733,171.82,65.83,34.73
973397,171.81,65.83,34.74
969778,171.81,65.83,34.74
963683,171.81,65.83,34.74
951206,171.81,65.83,34.74
985456,171.81,65.83,34.75
985874,171.8,65.83,34.75
984974,171.81,65.83,34.74
985192,171.8,65.83,34.74
984818,171.8,65.83,34.74
983479,171.8,65.83,34.74
980123,171.8,65.83,34.74
967127,171.8,65.83,34.74
985833,171.8,65.83,34.75
985087,171.8,65.83,34.75
982972,171.8,65.83,34.75
976606,171.8,65.83,34.75
984163,171.81,65.83,34.74
984077,171.8,65.83,34.74
982867,171.81,65.83,34.74
982297,171.8,65.83,34.74
983146,171.8,65.83,34.74
980670,171.8,65.83,34.74
974351,171.8,65.83,34.74
929345,171.8,65.83,34.74
980385,171.8,65.83,34.74
975453,171.8,65.83,34.74
958841,171.8,65.83,34.74
772593,171.8,65.83,34.74
142885,171.8,65.83,34.74
504242,171.8,65.83,34.74
894166,171.8,65.83,34.74
980781,171.81,65.83,34.74
979328,171.8,65.83,34.74
975331,171.8,65.83,34.74
963591,171.8,65.83,34.74
600088,171.8,65.83,34.74
977240,171.81,65.83,34.74
973828,171.8,65.83,34.74
964092,171.8,65.83,34.74
914354,171.8,65.83,34.74
469750,171.8,65.83,34.74
822310,171.8,65.83,34.74
973567,171.81,65.83,34.74
972963,171.81,65.83,34.74
969631,171.81,65.83,34.74
968173,171.81,65.83,34.74
922790,171.8,65.83,34.74
962845,171.81,65.83,34.74
959412,171.81,65.83,34.74
949963,171.8,65.83,34.74
804225,171.8,65.83,34.74
947263,171.81,65.83,34.74
935664,171.81,65.83,34.74
903009,171.8,65.83,34.74
843812,171.81,65.83,34.74
919720,171.81,65.83,34.74
914384,171.81,65.83,34.74
893493,171.81,65.83,34.74
554789,171.81,65.83,34.74
798574,171.81,65.83,34.74
772917,171.81,65.83,34.74
702311,171.81,65.83,34.74
399575,171.81,65.83,34.73
115961,171.81,65.83,34.73
1732,171.81,65.83,34.73
19022,171.81,65.83,34.73
8123,171.8,65.83,34.73
16019,171.8,65.83,34.73
76147,171.8,65.83,34.73
732343,171.8,65.83,34.74
445425,171.8,65.83,34.74
333759,171.8,65.83,34.74
124529,171.8,65.83,34.74
776968,171.81,65.83,34.74
483610,171.81,65.83,34.74
293839,171.81,65.83,34.73
170419,171.81,65.83,34.73
74135,171.81,65.83,34.73
34473,171.81,65.83,34.73
105,171.81,65.83,34.73
92,171.81,65.83,34.73
92,171.81,65.83,34.73
171,171.81,65.83,34.73
118,171.81,65.83,34.73
96,171.8,65.83,34.73
435,171.8,65.83,34.73
99,171.81,65.83,34.73
136,171.81,65.83,34.73
131,171.81,65.83,34.73
169,171.81,65.83,34.73
231,171.81,65.83,34.73
690,171.81,65.83,34.73
9664,171.81,65.83,34.73
3091,171.81,65.83,34.73
1722,171.8,65.83,34.78
1727,171.8,65.83,34.78
1698,171.8,65.83,34.78
1677,171.8,65.83,34.78
1697,171.8,65.83,34.78
1715,171.8,65.83,34.78
1759,171.8,65.83,34.78
1767,171.8,65.83,34.77
2221,171.8,65.83,34.77
1831,171.8,65.83,34.77
1991,171.79,65.83,34.77
1886,171.8,65.83,34.77
7078,171.8,65.83,34.77
1924,171.8,65.83,34.77
8648,171.8,65.83,34.77
1904,171.8,65.83,34.77
44801,171.8,65.83,34.77
18204,171.8,65.83,34.77
1958,171.79,65.83,34.77
84119,171.8,65.83,34.77
1720,171.8,65.83,34.78
1775,171.8,65.83,34.78
1729,171.8,65.83,34.78
2017,171.8,65.83,34.77
1840,171.8,65.83,34.77
1741,171.8,65.83,34.77
1951,171.8,65.83,34.77
6503,171.8,65.83,34.77
52322,171.8,65.83,34.77
270478,171.8,65.83,34.77
645590,171.8,65.83,34.77
145992,171.8,65.83,34.77
865034,171.8,65.83,34.77
395180,171.8,65.83,34.77
1909,171.79,65.83,34.77
17495,171.79,65.83,34.77
2029,171.79,65.83,34.77
45573,171.79,65.83,34.76
2160,171.79,65.83,34.76
2018,171.79,65.83,34.76
12989,171.79,65.83,34.76
2475,171.79,65.83,34.76
2229,171.79,65.83,34.76
223460,171.79,65.83,34.76
396392,171.79,65.83,34.76
25810,171.79,65.83,34.76
984875,171.8,65.83,34.76
981981,171.8,65.83,34.76
972379,171.8,65.83,34.76
558810,171.79,65.83,34.76
43557,171.79,65.83,34.76
985521,171.8,65.83,34.76
983283,171.8,65.83,34.76
976759,171.8,65.83,34.76
774429,171.79,65.83,34.76
133275,171.79,65.83,34.76
879706,171.79,65.83,34.76
978221,171.8,65.83,34.76
984146,171.8,65.83,34.76
986025,171.8,65.83,34.76
200359,171.79,65.83,34.76
917028,171.79,65.83,34.76
979497,171.8,65.83,34.76
984701,171.8,65.83,34.76
986383,171.8,65.83,34.76
140147,171.79,65.83,34.77
328807,171.79,65.83,34.76
589267,171.79,65.83,34.76
768056,171.79,65.83,34.76
644100,171.79,65.83,34.75
933047,171.79,65.83,34.75
6151,171.79,65.83,34.75
8743,171.79,65.83,34.75
500199,171.79,65.83,34.75
984865,171.79,65.83,34.75
820939,171.79,65.83,34.75
976118,171.8,65.83,34.75
986034,171.8,65.83,34.75
983755,171.8,65.83,34.75
891521,171.79,65.83,34.75
978464,171.8,65.83,34.75
986426,171.8,65.83,34.75
984526,171.8,65.83,34.75
985425,171.8,65.83,34.75
982534,171.8,65.83,34.75
971736,171.8,65.83,34.75
984520,171.8,65.83,34.75
980407,171.8,65.83,34.75
955403,171.8,65.83,34.75
267787,171.79,65.83,34.75
935854,171.79,65.83,34.75
980646,171.8,65.83,34.75
985219,171.8,65.83,34.75
986751,171.8,65.83,34.75
243944,171.79,65.83,34.76
932183,171.79,65.83,34.76
980315,171.8,65.83,34.76
985055,171.8,65.83,34.76
986626,171.8,65.83,34.76
253208,171.79,65.83,34.75
933407,171.79,65.83,34.75
980539,171.8,65.83,34.75
985203,171.8,65.83,34.75
986766,171.8,65.83,34.75
212269,171.79,65.83,34.75
922549,171.79,65.83,34.75
979883,171.8,65.83,34.75
984989,171.8,65.83,34.75
986666,171.8,65.83,34.75
2174,171.79,65.83,34.76
2284,171.79,65.83,34.76
2467,171.79,65.83,34.76
2644,171.79,65.83,34.76
4568,171.79,65.83,34.75
3427,171.79,65.83,34.75
2423,171.79,65.83,34.75
2914,171.79,65.83,34.75
2836,171.79,65.83,34.75
2904,171.79,65.83,34.75
2788,171.79,65.83,34.76
47810,171.79,65.83,34.74
27735,171.79,65.83,34.74
2833,171.79,65.83,34.74
2632,171.79,65.83,34.74
391532,171.79,65.83,34.74
3396,171.79,65.83,34.74
804652,171.79,65.83,34.75
5203,171.79,65.83,34.75
109977,171.8,65.83,34.74
416973,171.8,65.83,34.74
729926,171.8,65.83,34.74
912293,171.8,65.83,34.75
2448,171.8,65.83,34.74
2575,171.79,65.83,34.74
2594,171.8,65.83,34.74
3192,171.8,65.83,34.74
2561,171.8,65.83,34.74
2608,171.8,65.83,34.74
13865,171.8,65.83,34.74
5191,171.8,65.83,34.74
2582,171.79,65.83,34.74
21101,171.8,65.83,34.74
2629,171.79,65.83,34.74
2295,171.8,65.83,34.74
4043,171.8,65.83,34.74
21061,171.8,65.83,34.74
21749,171.8,65.83,34.74
148635,171.8,65.83,34.74
12850,171.8,65.83,34.74
91437,171.8,65.83,34.74
699841,171.8,65.83,34.74
176014,171.8,65.83,34.74
341700,171.8,65.83,34.74
33364,171.8,65.83,34.74
2125,171.8,65.83,34.74
2221,171.8,65.83,34.74
1197,171.8,65.83,34.73
1532,171.8,65.83,34.73
2992,171.8,65.83,34.74
344,171.8,65.83,34.73
569,171.8,65.83,34.73
168,171.8,65.83,34.73
115,171.8,65.83,34.73
189,171.8,65.83,34.73
1028,171.8,65.83,34.73
2066,171.8,65.83,34.73
19482,171.82,65.83,34.73
5591,171.82,65.83,34.73
141709,171.82,65.83,34.73
59271,171.82,65.83,34.73
16891,171.82,65.83,34.73
804760,171.82,65.83,34.74
652880,171.82,65.83,34.74
477413,171.82,65.83,34.74
278255,171.82,65.83,34.74
392640,171.82,65.83,34.74
159002,171.82,65.83,34.74
117723,171.82,65.83,34.74
30879,171.82,65.83,34.74
562,171.82,65.83,34.73
524,171.82,65.83,34.73
598,171.82,65.83,34.73
562,171.82,65.83,34.73
695,171.82,65.83,34.73
663,171.82,65.83,34.73
653,171.82,65.83,34.73
1659,171.82,65.83,34.73
719,171.82,65.83,34.73
792,171.82,65.83,34.73
757,171.82,65.83,34.73
919,171.82,65.83,34.73
1683,171.82,65.83,34.73
808,171.82,65.83,34.73
983078,171.82,65.83,34.74
981042,171.82,65.83,34.74
983458,171.82,65.83,34.75
981689,171.82,65.83,34.75
978124,171.82,65.83,34.74
973479,171.82,65.83,34.74
979238,171.82,65.83,34.75
975443,171.82,65.83,34.75
981206,171.82,65.83,34.74
978131,171.82,65.83,34.74
982399,171.82,65.83,34.74
979963,171.82,65.83,34.74
973254,171.82,65.83,34.74
964751,171.82,65.83,34.74
976321,171.82,65.83,34.74
970311,171.82,65.83,34.74
975832,171.82,65.83,34.74
969576,171.82,65.83,34.74
979263,171.82,65.83,34.74
975107,171.82,65.83,34.74
968006,171.82,65.83,34.74
954254,171.82,65.83,34.74
915910,171.83,65.83,34.74
728060,171.83,65.83,34.74
957687,171.82,65.83,34.74
928646,171.82,65.83,34.74
815885,171.83,65.83,34.74
444072,171.83,65.83,34.74
930706,171.82,65.83,34.74
862815,171.82,65.83,34.74
878965,171.82,65.83,34.74
729040,171.82,65.83,34.74
721721,171.82,65.83,34.74
435928,171.82,65.83,34.74
505,171.82,65.83,34.73
525,171.82,65.83,34.73
1589,171.81,65.83,34.78
1682,171.81,65.83,34.78
1680,171.81,65.83,34.78
1687,171.81,65.83,34.78
1619,171.81,65.83,34.78
1672,171.81,65.83,34.78
1629,171.81,65.83,34.78
1636,171.81,65.83,34.78
3001,171.81,65.83,34.78
21518,171.81,65.83,34.78
128316,171.81,65.83,34.78
1616,171.81,65.83,34.78
2402,171.81,65.83,34.78
2014,171.81,65.83,34.78
14229,171.81,65.83,34.78
96844,171.81,65.83,34.78
8662,171.81,65.83,34.78
9877,171.81,65.83,34.78
65067,171.81,65.83,34.78
69787,171.81,65.83,34.78
2138,171.81,65.83,34.78
1583,171.82,65.83,34.78
1594,171.82,65.83,34.78
1609,171.81,65.83,34.78
8575,171.82,65.83,34.78
61087,171.82,65.83,34.78
1569,171.82,65.83,34.78
2021,171.82,65.83,34.78
1559,171.82,65.83,34.78
1586,171.82,65.83,34.78
1842,171.82,65.83,34.78
1578,171.82,65.83,34.78
1540,171.82,65.83,34.78
1710,171.82,65.83,34.78
1533,171.82,65.83,34.78
6377,171.82,65.83,34.78
42768,171.82,65.83,34.78
3315,171.82,65.83,34.78
2086,171.82,65.83,34.78
16119,171.82,65.83,34.78
6831,171.82,65.83,34.78
2967,171.82,65.83,34.78
1503,171.82,65.83,34.78
1481,171.83,65.83,34.78
1490,171.83,65.83,34.78
1849,171.82,65.83,34.78
1502,171.83,65.83,34.78
1608,171.82,65.83,34.78
1519,171.83,65.83,34.78
1470,171.83,65.83,34.78
1459,171.83,65.83,34.78
749767,171.81,65.83,34.77
380953,171.81,65.83,34.78
327608,171.81,65.83,34.78
329627,171.81,65.83,34.78
772318,171.81,65.83,34.77
753722,171.81,65.83,34.77
925596,171.81,65.83,34.77
916785,171.81,65.83,34.77
977426,171.81,65.83,34.77
972742,171.81,65.83,34.77
960837,171.81,65.83,34.77
982005,171.81,65.83,34.77
957309,171.81,65.83,34.77
980269,171.81,65.83,34.77
984966,171.81,65.83,34.77
983591,171.81,65.83,34.77
979979,171.81,65.83,34.77
981498,171.81,65.83,34.77
986596,171.81,65.83,34.77
985412,171.81,65.83,34.77
987562,171.81,65.83,34.77
986493,171.81,65.83,34.77
983948,171.82,65.83,34.77
982109,171.82,65.83,34.77
985238,171.82,65.83,34.77
983723,171.82,65.83,34.77
977703,171.82,65.83,34.77
977863,171.82,65.83,34.77
974250,171.82,65.83,34.77
981789,171.82,65.83,34.77
979358,171.82,65.83,34.77
975744,171.82,65.83,34.77
969494,171.82,65.83,34.77
968067,171.82,65.83,34.77
955480,171.82,65.83,34.77
919659,171.82,65.83,34.77
792628,171.82,65.83,34.77
979594,171.82,65.83,34.77
981736,171.82,65.83,34.77
975578,171.82,65.83,34.77
978770,171.82,65.83,34.77
956624,171.82,65.83,34.77
982280,171.82,65.83,34.77
918635,171.82,65.83,34.77
974428,171.82,65.83,34.77
953764,171.82,65.83,34.77
847921,171.83,65.83,34.77
984872,171.82,65.83,34.77
979875,171.82,65.83,34.77
969739,171.82,65.83,34.77
939774,171.83,65.83,34.77
435747,171.83,65.83,34.77
766558,171.83,65.83,34.77
380184,171.83,65.83,34.77
694278,171.83,65.83,34.77
115436,171.83,65.83,34.77
362658,171.83,65.83,34.77
15104,171.83,65.83,34.77
105513,171.83,65.83,34.77
179794,171.83,65.83,34.77
11930,171.83,65.83,34.77
1495,171.83,65.83,34.77
1497,171.83,65.83,34.77
2379,171.83,65.83,34.77
2200,171.83,65.83,34.77
1502,171.83,65.83,34.77
2899,171.83,65.83,34.77
33865,171.83,65.83,34.77
8830,171.83,65.83,34.77
950885,171.82,65.83,34.77
896495,171.82,65.83,34.77
288274,171.82,65.83,34.78
699905,171.82,65.83,34.77
207536,171.82,65.83,34.78
578962,171.82,65.83,34.77
97556,171.82,65.83,34.78
38495,171.82,65.83,34.78
421524,171.82,65.83,34.77
223565,171.82,65.83,34.77
14061,171.82,65.83,34.78
92165,171.82,65.83,34.77
937979,171.82,65.83,34.77
853153,171.82,65.83,34.77
946429,171.82,65.83,34.77
901335,171.82,65.83,34.77
836246,171.82,65.83,34.77
685977,171.82,65.83,34.77
390745,171.82,65.83,34.77
132274,171.82,65.83,34.77
769750,171.82,65.83,34.77
446868,171.82,65.83,34.77
4392,171.82,65.83,34.78
1522,171.83,65.83,34.78
1919,171.82,65.83,34.78
23553,171.82,65.83,34.77
5049,171.82,65.83,34.77
25402,171.83,65.83,34.77
139207,171.83,65.83,34.77
1493,171.83,65.83,34.77
1480,171.83,65.83,34.78
1562,171.83,65.83,34.78
1784,171.83,65.83,34.77
1483,171.83,65.83,34.78
3390,171.83,65.83,34.77
1493,171.83,65.83,34.77
1641,171.83,65.83,34.77
19677,171.83,65.83,34.77
2724,171.83,65.83,34.77
1476,171.83,65.83,34.77
1484,171.83,65.83,34.77
1675,171.83,65.83,34.77
977298,171.82,65.83,34.76
980735,171.82,65.83,34.75
978586,171.82,65.83,34.75
976141,171.82,65.83,34.76
980731,171.82,65.83,34.76
978566,171.82,65.83,34.76
977294,171.82,65.83,34.75
983389,171.82,65.83,34.75
976139,171.82,65.83,34.75
982208,171.82,65.83,34.75
983426,171.82,65.83,34.75
982212,171.82,65.83,34.75
980700,171.82,65.83,34.75
978534,171.82,65.83,34.75
980655,171.82,65.83,34.75
978414,171.82,65.83,34.75
983513,171.82,65.83,34.75
982240,171.82,65.83,34.75
983591,171.82,65.83,34.75
982241,171.82,65.83,34.75
980596,171.82,65.83,34.75
978218,171.82,65.83,34.75
980478,171.82,65.83,34.75
977902,171.82,65.83,34.75
983645,171.82,65.83,34.75
982194,171.82,65.83,34.75
983609,171.82,65.83,34.75
982025,171.82,65.83,34.75
980273,171.82,65.83,34.75
977424,171.82,65.83,34.75
979884,171.82,65.83,34.75
976650,171.82,65.83,34.75
977183,171.82,65.83,34.76
977450,171.82,65.83,34.76
974961,171.82,65.83,34.76
975616,171.82,65.83,34.76
979518,171.82,65.83,34.76
975613,171.82,65.83,34.76
980047,171.82,65.83,34.76
976816,171.82,65.83,34.76
975384,171.82,65.83,34.77
976572,171.82,65.83,34.76
971839,171.82,65.83,34.77
973811,171.82,65.83,34.76
976846,171.82,65.83,34.77
970438,171.82,65.83,34.77
978558,171.82,65.83,34.76
973685,171.82,65.83,34.76
957742,171.83,65.83,34.77
920871,171.83,65.83,34.77
964630,171.83,65.83,34.76
943815,171.83,65.83,34.76
968555,171.83,65.83,34.76
954069,171.83,65.83,34.76
971091,171.83,65.83,34.76
959952,171.83,65.83,34.76
977332,171.82,65.83,34.76
977398,171.82,65.83,34.76
976149,171.82,65.83,34.76
976153,171.82,65.83,34.76
980686,171.82,65.83,34.76
978478,171.82,65.83,34.76
980593,171.82,65.83,34.76
978295,171.82,65.83,34.76
977511,171.82,65.83,34.76
977471,171.82,65.83,34.76
975944,171.82,65.83,34.76
976108,171.82,65.83,34.76
980326,171.82,65.83,34.76
977544,171.82,65.83,34.76
980485,171.82,65.83,34.76
978009,171.82,65.83,34.76
972690,171.83,65.83,34.76
963485,171.83,65.83,34.76
973757,171.83,65.83,34.76
965797,171.83,65.83,34.76
974457,171.83,65.83,34.76
967371,171.83,65.83,34.76
974924,171.83,65.83,34.76
968472,171.83,65.83,34.76
958807,171.83,65.83,34.74
926906,171.83,65.83,34.74
946468,171.83,65.83,34.74
875920,171.83,65.83,34.74
965102,171.83,65.83,34.74
946217,171.83,65.83,34.74
968899,171.83,65.83,34.75
955532,171.83,65.83,34.75
406723,171.83,65.83,34.74
159709,171.83,65.83,34.74
563652,171.83,65.83,34.74
315928,171.83,65.83,34.74
109903,171.83,65.83,34.74
297104,171.83,65.83,34.74
53960,171.83,65.83,34.74
5950,171.83,65.83,34.74
911534,171.83,65.83,34.75
865472,171.83,65.83,34.74
756542,171.83,65.83,34.74
551616,171.83,65.83,34.74
321098,171.83,65.83,34.74
157390,171.83,65.83,34.74
26141,171.83,65.83,34.74
93197,171.83,65.83,34.74
671105,171.83,65.83,34.75
507333,171.83,65.83,34.74
372396,171.83,65.83,34.75
207689,171.83,65.83,34.74
2928,171.82,65.83,34.73
1073,171.83,65.83,34.73
3723,171.83,65.83,34.74
36203,171.83,65.83,34.74
849,171.82,65.83,34.73
898,171.82,65.83,34.73
889,171.82,65.83,34.73
984,171.82,65.83,34.73
861,171.82,65.83,34.73
944,171.83,65.83,34.73
930,171.83,65.83,34.73
1019,171.83,65.83,34.73
1014,171.83,65.83,34.73
1064,171.83,65.83,34.73
1071,171.83,65.83,34.73
1086,171.83,65.83,34.73
1204,171.83,65.83,34.74
1129,171.83,65.83,34.73
1112,171.83,65.83,34.74
4313,171.83,65.83,34.74
1270,171.83,65.83,34.74
125722,171.83,65.83,34.74
29427,171.83,65.83,34.74
24058,171.83,65.83,34.74
3468,171.83,65.83,34.74
1143,171.83,65.83,34.74
1217,171.83,65.83,34.74
1175,171.83,65.83,34.74
1268,171.83,65.83,34.74
1216,171.83,65.83,34.74
1813,171.83,65.83,34.74
1361,171.83,65.83,34.74
10882,171.83,65.83,34.74
2674,171.83,65.83,34.74
1340,171.83,65.83,34.74
1304,171.83,65.83,34.74
1623,171.83,65.83,34.74
1298,171.83,65.83,34.74
1321,171.83,65.83,34.74
1330,171.83,65.83,34.74
3648,171.83,65.83,34.74
2433,171.83,65.83,34.74
12451,171.83,65.83,34.74
1346,171.83,65.83,34.74
15422,171.83,65.83,34.75
5266,171.83,65.83,34.74
1399,171.83,65.83,34.74
86678,171.83,65.83,34.75
34351,171.83,65.83,34.74
1439,171.83,65.83,34.75
1373,171.83,65.83,34.74
1245,171.83,65.83,34.74
1283,171.83,65.83,34.74
798,171.82,65.83,34.73
1460,171.83,65.83,34.77
1475,171.83,65.83,34.77
1718,171.83,65.83,34.77
1568,171.83,65.83,34.77
1466,171.83,65.83,34.77
1485,171.83,65.83,34.77
1456,171.83,65.83,34.77
975185,171.83,65.83,34.76
975272,171.83,65.83,34.75
974908,171.83,65.83,34.75
975179,171.83,65.83,34.75
971248,171.83,65.83,34.75
960760,171.83,65.83,34.75
972781,171.83,65.83,34.75
964051,171.83,65.83,34.75
973771,171.83,65.83,34.75
966146,171.83,65.83,34.75
974454,171.83,65.83,34.75
967598,171.83,65.83,34.75
969143,171.83,65.83,34.76
969389,171.83,65.83,34.75
973825,171.83,65.83,34.75
973541,171.83,65.83,34.76
968606,171.83,65.83,34.75
969203,171.83,65.83,34.75
973625,171.83,65.83,34.75
972982,171.83,65.83,34.75
958366,171.83,65.83,34.75
957466,171.83,65.83,34.76
955509,171.83,65.83,34.75
664434,171.83,65.83,34.75
953734,171.83,65.83,34.76
643329,171.83,65.83,34.76
957781,171.83,65.83,34.75
955712,171.83,65.83,34.75
949551,171.83,65.83,34.75
608694,171.83,65.83,34.75
954220,171.83,65.83,34.75
652740,171.83,65.83,34.75
953027,171.83,65.83,34.75
949191,171.83,65.83,34.75
942907,171.83,65.83,34.75
932015,171.83,65.83,34.75
844821,171.83,65.83,34.75
778170,171.83,65.83,34.75
654372,171.83,65.83,34.75
526733,171.83,65.83,34.75
901241,171.83,65.83,34.75
881815,171.83,65.83,34.75
815024,171.83,65.83,34.75
753970,171.83,65.83,34.75
941134,171.83,65.83,34.76
948038,171.83,65.83,34.76
954998,171.83,65.83,34.76
952195,171.83,65.83,34.76
837661,171.83,65.83,34.76
877551,171.83,65.83,34.76
640555,171.83,65.83,34.76
741280,171.83,65.83,34.76
910228,171.83,65.83,34.76
898085,171.83,65.83,34.76
843863,171.83,65.83,34.76
340949,171.83,65.83,34.76
805871,171.83,65.83,34.76
274722,171.83,65.83,34.76
719657,171.83,65.83,34.77
851032,171.83,65.83,34.76
905385,171.83,65.83,34.76
929257,171.83,65.83,34.76
260875,171.83,65.83,34.77
459792,171.83,65.83,34.76
42118,171.83,65.83,34.77
158077,171.83,65.83,34.76
763254,171.83,65.83,34.76
640132,171.83,65.83,34.76
315818,171.83,65.83,34.76
493329,171.83,65.83,34.76
1516,171.83,65.83,34.77
2269,171.83,65.83,34.77
1457,171.84,65.83,34.76
1587,171.83,65.83,34.76
4826,171.83,65.83,34.76
1447,171.84,65.83,34.77
1451,171.84,65.83,34.76
1884,171.83,65.83,34.76
16067,171.83,65.83,34.76
4220,171.83,65.83,34.76
59275,171.83,65.83,34.76
1453,171.84,65.83,34.76
1450,171.84,65.83,34.76
76955,171.83,65.83,34.75
1456,171.84,65.83,34.75
9580,171.84,65.83,34.75
56036,171.83,65.83,34.76
73715,171.83,65.83,34.75
1447,171.84,65.83,34.76
4632,171.84,65.83,34.76
1454,171.84,65.83,34.75
7958,171.84,65.83,34.75
7421,171.83,65.83,34.76
12193,171.83,65.83,34.76
132401,171.83,65.83,34.76
202114,171.83,65.83,34.76
14370,171.84,65.83,34.76
22205,171.84,65.83,34.76
1817,171.84,65.83,34.76
1443,171.84,65.83,34.76
1936,171.84,65.83,34.76
1439,171.84,65.83,34.76
1415,171.84,65.83,34.76
1843,171.84,65.83,34.76
1412,171.84,65.83,34.76
2189,171.84,65.83,34.76
28091,171.83,65.83,34.75
271163,171.83,65.83,34.75
1486,171.83,65.83,34.75
23321,171.83,65.83,34.75
169410,171.83,65.83,34.75
1438,171.84,65.83,34.75
1403,171.84,65.83,34.75
520433,171.83,65.83,34.75
65194,171.83,65.83,34.75
96128,171.83,65.83,34.75
41515,171.83,65.83,34.75
391370,171.83,65.83,34.75
8589,171.84,65.83,34.75
1447,171.84,65.83,34.75
1547,171.84,65.83,34.75
1483,171.84,65.83,34.75
217258,171.81,65.83,34.78
343151,171.81,65.83,34.78
887821,171.81,65.83,34.77
738209,171.81,65.83,34.77
927976,171.81,65.83,34.77
942656,171.81,65.83,34.77
567022,171.81,65.83,34.77
811437,171.81,65.83,34.77
677493,171.81,65.83,34.77
872131,171.81,65.83,34.77
947118,171.81,65.83,34.77
895684,171.81,65.83,34.77
903275,171.81,65.83,34.77
947429,171.81,65.83,34.77
725534,171.81,65.83,34.77
413093,171.81,65.83,34.78
975694,171.81,65.83,34.77
975928,171.81,65.83,34.77
972679,171.81,65.83,34.77
973439,171.81,65.83,34.77
967456,171.81,65.83,34.77
969271,171.81,65.83,34.77
956944,171.81,65.83,34.77
961359,171.81,65.83,34.77
973349,171.81,65.83,34.77
975617,171.81,65.83,34.77
969608,171.81,65.83,34.77
962603,171.81,65.83,34.77
4041,171.81,65.83,34.78
2406,171.81,65.83,34.78
29120,171.81,65.83,34.78
13436,171.81,65.83,34.78
151659,171.81,65.83,34.78
93726,171.81,65.83,34.78
1693,171.8,65.83,34.78
1720,171.81,65.83,34.78
1736,171.81,65.83,34.78
1773,171.8,65.83,34.78
1858,171.8,65.83,34.78
3364,171.8,65.83,34.78
1895,171.81,65.83,34.78
2349,171.8,65.83,34.78
4989,171.81,65.83,34.78
12491,171.8,65.83,34.78
41970,171.81,65.83,34.78
1701,171.8,65.83,34.78
1695,171.81,65.83,34.78
1636,171.81,65.83,34.78
1669,171.8,65.83,34.78
1713,171.81,65.83,34.78
1625,171.81,65.83,34.78
1679,171.81,65.83,34.78
1684,171.81,65.83,34.78
31881,171.8,65.83,34.78
5842,171.8,65.83,34.78
197404,171.8,65.83,34.77
59503,171.8,65.83,34.77
1959,171.8,65.83,34.78
8110,171.8,65.83,34.77
550337,171.8,65.83,34.77
273579,171.8,65.83,34.77
73541,171.8,65.83,34.77
6474,171.8,65.83,34.77
58554,171.8,65.83,34.77
512532,171.81,65.83,34.77
344504,171.8,65.83,34.77
204148,171.81,65.83,34.78
93478,171.8,65.83,34.78
655821,171.8,65.83,34.77
753081,171.8,65.83,34.77
962883,171.8,65.83,34.77
951668,171.8,65.83,34.77
915409,171.8,65.83,34.77
391309,171.8,65.83,34.77
945625,171.8,65.83,34.77
910962,171.8,65.83,34.77
784116,171.8,65.83,34.77
292300,171.8,65.83,34.77
813266,171.8,65.83,34.77
624510,171.8,65.83,34.77
547151,171.8,65.83,34.77
234847,171.8,65.83,34.77
948693,171.8,65.83,34.77
974543,171.8,65.83,34.77
971754,171.8,65.83,34.77
965391,171.8,65.83,34.77
908009,171.8,65.83,34.77
970405,171.8,65.83,34.77
965172,171.8,65.83,34.77
952381,171.8,65.83,34.77
799370,171.8,65.83,34.77
836464,171.8,65.83,34.77
954422,171.81,65.83,34.77
936096,171.81,65.83,34.77
973375,171.82,65.83,34.76
972953,171.82,65.83,34.76
974603,171.82,65.83,34.76
974417,171.82,65.83,34.76
982033,171.81,65.83,34.76
981064,171.81,65.83,34.76
980020,171.82,65.83,34.76
982068,171.81,65.83,34.76
981100,171.81,65.83,34.76
980048,171.82,65.83,34.76
972135,171.82,65.83,34.76
973927,171.82,65.83,34.76
981492,171.81,65.83,34.77
980501,171.81,65.83,34.77
979309,171.82,65.83,34.77
981973,171.81,65.83,34.76
981031,171.81,65.83,34.76
979891,171.82,65.83,34.76
973496,171.82,65.83,34.76
973508,171.82,65.83,34.76
981807,171.81,65.83,34.76
980788,171.81,65.83,34.76
979801,171.82,65.83,34.76
981584,171.81,65.83,34.76
980549,171.81,65.83,34.76
979566,171.82,65.83,34.76
974367,171.82,65.83,34.76
974534,171.82,65.83,34.76
973377,171.82,65.83,34.76
973218,171.82,65.83,34.76
981299,171.81,65.83,34.76
980221,171.81,65.83,34.76
979297,171.82,65.83,34.76
981101,171.81,65.83,34.76
980011,171.81,65.83,34.76
979108,171.82,65.83,34.76
974119,171.82,65.83,34.76
973887,171.82,65.83,34.76
978720,171.82,65.83,34.75
978688,171.82,65.83,34.75
981759,171.81,65.83,34.75
980702,171.81,65.83,34.75
979724,171.82,65.83,34.75
981883,171.81,65.83,34.75
980821,171.81,65.83,34.75
979790,171.82,65.83,34.75
978549,171.82,65.83,34.75
978424,171.82,65.83,34.75
981503,171.81,65.83,34.75
980406,171.81,65.83,34.75
979460,171.82,65.83,34.75
981294,171.81,65.83,34.75
980194,171.81,65.83,34.75
979275,171.82,65.83,34.75
973112,171.82,65.83,34.76
980935,171.81,65.83,34.76
979820,171.81,65.83,34.76
978963,171.82,65.83,34.76
980885,171.81,65.83,34.75
979764,171.81,65.83,34.75
978918,171.82,65.83,34.75
973718,171.82,65.83,34.76
973670,171.82,65.83,34.75
973094,171.82,65.83,34.75
978170,171.82,65.83,34.75
978238,171.82,65.83,34.75
980940,171.81,65.83,34.75
979813,171.81,65.83,34.75
978938,171.82,65.83,34.75
981062,171.81,65.83,34.75
979931,171.81,65.83,34.75
979033,171.82,65.83,34.75
977007,171.81,65.83,34.76
977907,171.81,65.83,34.76
976740,171.81,65.83,34.76
977692,171.81,65.83,34.76
978808,171.81,65.83,34.76
979581,171.81,65.83,34.76
978686,171.81,65.83,34.76
979573,171.81,65.83,34.76
976392,171.81,65.83,34.76
977429,171.81,65.83,34.76
976117,171.81,65.83,34.76
977205,171.81,65.83,34.76
978367,171.81,65.83,34.76
979433,171.81,65.83,34.76
978512,171.81,65.83,34.76
979499,171.81,65.83,34.76
977204,171.81,65.83,34.76
977975,171.81,65.83,34.76
977221,171.81,65.83,34.76
978037,171.81,65.83,34.76
978839,171.81,65.83,34.76
979483,171.81,65.83,34.76
978672,171.81,65.83,34.76
979164,171.81,65.83,34.76
976964,171.81,65.83,34.76
977659,171.81,65.83,34.76
976244,171.81,65.83,34.77
976915,171.81,65.83,34.77
978245,171.81,65.83,34.76
978562,171.81,65.83,34.76
977378,171.81,65.83,34.77
977466,171.81,65.83,34.77
968079,171.81,65.83,34.77
962931,171.81,65.83,34.77
980603,171.8,65.83,34.76
980254,171.8,65.83,34.76
980722,171.8,65.83,34.76
980272,171.8,65.83,34.76
979504,171.8,65.83,34.76
980596,171.8,65.83,34.76
979044,171.8,65.83,34.76
980341,171.8,65.83,34.76
980127,171.8,65.83,34.76
980082,171.8,65.83,34.76
980428,171.8,65.83,34.76
980213,171.8,65.83,34.76
977485,171.8,65.83,34.76
979447,171.8,65.83,34.76
978403,171.8,65.83,34.76
979989,171.8,65.83,34.76
977488,171.8,65.83,34.76
978417,171.8,65.83,34.76
975306,171.8,65.83,34.77
976927,171.8,65.83,34.77
702338,171.8,65.83,34.77
971568,171.8,65.83,34.77
963182,171.8,65.83,34.77
900497,171.8,65.83,34.77
934631,171.8,65.83,34.77
867300,171.8,65.83,34.76
975135,171.8,65.83,34.76
970080,171.8,65.83,34.76
956558,171.8,65.83,34.76
979639,171.8,65.83,34.76
979818,171.8,65.83,34.76
978801,171.8,65.83,34.76
979290,171.8,65.83,34.76
950846,171.8,65.83,34.76
970394,171.8,65.83,34.76
976107,171.8,65.83,34.76
978620,171.8,65.83,34.76
928185,171.8,65.83,34.76
965623,171.8,65.83,34.76
973808,171.8,65.83,34.76
977257,171.8,65.83,34.76
975892,171.81,65.83,34.76
977042,171.81,65.83,34.76
975826,171.81,65.83,34.75
976998,171.81,65.83,34.75
978247,171.81,65.83,34.75
979395,171.81,65.83,34.75
978262,171.81,65.83,34.76
979385,171.81,65.83,34.76
975915,171.81,65.83,34.75
977077,171.81,65.83,34.75
976102,171.81,65.83,34.75
977246,171.81,65.83,34.75
978314,171.81,65.83,34.75
979454,171.81,65.83,34.75
978444,171.81,65.83,34.75
979548,171.81,65.83,34.75
977078,171.81,65.83,34.75
977997,171.81,65.83,34.75
976953,171.81,65.83,34.75
977919,171.81,65.83,34.75
978885,171.81,65.83,34.75
979620,171.81,65.83,34.75
978900,171.81,65.83,34.75
979756,171.81,65.83,34.75
976672,171.81,65.83,34.75
977716,171.81,65.83,34.75
976401,171.81,65.83,34.75
977483,171.81,65.83,34.75
978782,171.81,65.83,34.75
979741,171.81,65.83,34.75
978621,171.81,65.83,34.75
979662,171.81,65.83,34.75
980804,171.8,65.83,34.76
980287,171.8,65.83,34.76
980868,171.8,65.83,34.75
980320,171.8,65.83,34.75
979802,171.8,65.83,34.76
980764,171.8,65.83,34.76
979958,171.8,65.83,34.75
980867,171.8,65.83,34.75
980915,171.8,65.83,34.75
980373,171.8,65.83,34.75
980926,171.8,65.83,34.75
980427,171.8,65.83,34.75
979976,171.8,65.83,34.75
980906,171.8,65.83,34.75
979837,171.8,65.83,34.75
980860,171.8,65.83,34.75
980767,171.8,65.83,34.75
980458,171.8,65.83,34.75
980895,171.8,65.83,34.75
980473,171.8,65.83,34.75
980445,171.8,65.83,34.75
978997,171.8,65.83,34.75
980726,171.8,65.83,34.75
979532,171.8,65.83,34.75
980013,171.8,65.83,34.75
980060,171.8,65.83,34.75
980511,171.8,65.83,34.75
980350,171.8,65.83,34.75
979979,171.8,65.83,34.75
978174,171.8,65.83,34.75
979172,171.8,65.83,34.75
976852,171.8,65.83,34.75
247,171.81,65.83,34.73
291,171.81,65.83,34.73
250,171.81,65.83,34.73
387,171.82,65.83,34.73
390,171.82,65.83,34.73
347,171.82,65.83,34.72
969197,171.81,65.83,34.74
972830,171.81,65.83,34.74
979088,171.81,65.83,34.74
977873,171.81,65.83,34.74
976476,171.81,65.83,34.74
974994,171.81,65.83,34.74
963212,171.81,65.83,34.74
951273,171.81,65.83,34.74
963342,171.81,65.83,34.74
959884,171.81,65.83,34.74
972094,171.81,65.83,34.74
970273,171.81,65.83,34.74
972698,171.82,65.83,34.74
976114,171.82,65.83,34.74
969092,171.82,65.83,34.74
973498,171.82,65.83,34.74
967114,171.82,65.83,34.74
961558,171.82,65.83,34.74
951273,171.82,65.83,34.74
953906,171.82,65.83,34.74
942840,171.82,65.83,34.74
919220,171.82,65.83,34.74
913755,171.81,65.83,34.74
899825,171.82,65.83,34.74
790067,171.81,65.83,34.74
758323,171.82,65.83,34.74
875054,171.82,65.83,34.74
706207,171.82,65.83,34.74
829245,171.82,65.83,34.74
600618,171.82,65.83,34.74
448923,171.82,65.83,34.73
163471,171.82,65.83,34.73
374528,171.82,65.83,34.73
102192,171.82,65.83,34.73
267936,171.82,65.83,34.73
61121,171.82,65.83,34.73
3790,171.82,65.83,34.73
34535,171.82,65.83,34.73
1368,171.82,65.83,34.73
14722,171.82,65.83,34.73
913,171.82,65.83,34.73
6689,171.82,65.83,34.73
449,171.82,65.83,34.73
422,171.82,65.83,34.73
631,171.82,65.83,34.73
511,171.82,65.83,34.73
192,171.81,65.83,34.73
181,171.81,65.83,34.72
179,171.81,65.83,34.73
96,171.81,65.83,34.73
90,171.81,65.83,34.73
977365,171.82,65.83,34.74
975805,171.82,65.83,34.74
980492,171.81,65.83,34.74
979339,171.81,65.83,34.74
977841,171.82,65.83,34.74
981391,171.81,65.83,34.74
980332,171.81,65.83,34.74
979039,171.82,65.83,34.74
974860,171.81,65.83,34.74
975520,171.81,65.83,34.74
976135,171.81,65.83,34.74
976831,171.81,65.83,34.74
977362,171.81,65.83,34.74
977549,171.81,65.83,34.74
975891,171.81,65.83,34.74
975760,171.81,65.83,34.74
978601,171.82,65.83,34.75
978108,171.82,65.83,34.74
981961,171.81,65.83,34.75
980930,171.81,65.83,34.75
979845,171.82,65.83,34.75
981773,171.81,65.83,34.74
980711,171.81,65.83,34.74
979526,171.82,65.83,34.74
976763,171.81,65.83,34.74
977551,171.81,65.83,34.74
977080,171.81,65.83,34.75
977915,171.81,65.83,34.75
978698,171.81,65.83,34.75
979289,171.81,65.83,34.75
978217,171.81,65.83,34.74
978628,171.81,65.83,34.74
246,171.81,65.83,34.73
560,171.81,65.83,34.73
565,171.81,65.83,34.73
554,171.81,65.83,34.73
275,171.81,65.83,34.73
3481,171.81,65.83,34.73
4548,171.81,65.83,34.73
4416,171.81,65.83,34.73
28953,171.81,65.83,34.73
37230,171.81,65.83,34.73
39217,171.81,65.83,34.73
779437,171.81,65.83,34.74
898659,171.81,65.83,34.74
468296,171.81,65.83,34.73
500517,171.81,65.83,34.73
487077,171.81,65.83,34.73
154113,171.81,65.83,34.73
180998,171.81,65.83,34.73
181430,171.81,65.83,34.73
966565,171.81,65.83,34.74
966703,171.81,65.83,34.74
961644,171.81,65.83,34.74
961489,171.81,65.83,34.74
954077,171.81,65.83,34.74
953247,171.81,65.83,34.74
937810,171.81,65.83,34.74
934276,171.81,65.83,34.74
979191,171.8,65.83,34.75
979532,171.8,65.83,34.75
977817,171.8,65.83,34.74
978599,171.8,65.83,34.74
885741,171.8,65.83,34.74
975707,171.8,65.83,34.74
971103,171.8,65.83,34.74
959171,171.8,65.83,34.74
935366,171.8,65.83,34.75
977874,171.8,65.83,34.75
974740,171.8,65.83,34.75
967257,171.8,65.83,34.75
975666,171.8,65.83,34.74
977132,171.8,65.83,34.74
972125,171.8,65.83,34.74
974740,171.8,65.83,34.74
741678,171.8,65.83,34.74
447940,171.8,65.83,34.74
972258,171.8,65.83,34.74
964815,171.8,65.83,34.74
940517,171.8,65.83,34.74
966281,171.8,65.83,34.74
951869,171.8,65.83,34.74
886272,171.8,65.83,34.74
677750,171.8,65.83,34.74
90834,171.8,65.83,34.74
351109,171.8,65.83,34.74
295460,171.8,65.83,34.74
918232,171.8,65.83,34.74
970929,171.8,65.83,34.74
966152,171.8,65.83,34.74
954883,171.8,65.83,34.74
792645,171.8,65.83,34.74
964070,171.8,65.83,34.74
954297,171.8,65.83,34.74
925393,171.8,65.83,34.74
677735,171.8,65.83,34.74
861573,171.8,65.83,34.74
827181,171.8,65.83,34.74
608721,171.8,65.83,34.74
965973,171.81,65.83,34.74
963715,171.81,65.83,34.74
959824,171.81,65.83,34.74
955541,171.81,65.83,34.74
919692,171.8,65.83,34.74
949584,171.81,65.83,34.74
940606,171.81,65.83,34.74
839675,171.8,65.83,34.74
924089,171.81,65.83,34.74
899891,171.81,65.83,34.74
848738,171.81,65.83,34.74
897998,171.81,65.83,34.74
883125,171.81,65.83,34.74
639308,171.81,65.83,34.74
770314,171.81,65.83,34.74
728698,171.81,65.83,34.74
473962,171.81,65.83,34.73
397257,171.81,65.83,34.73
184660,171.81,65.83,34.73
134638,171.81,65.83,34.73
259,171.81,65.83,34.73
960,171.81,65.83,34.73
6997,171.81,65.83,34.73
2979,171.81,65.83,34.73
44328,171.81,65.83,34.73
27365,171.81,65.83,34.73
9352,171.8,65.83,34.73
15368,171.8,65.83,34.73
71912,171.8,65.83,34.73
333644,171.8,65.83,34.74
615855,171.8,65.83,34.74
98563,171.8,65.83,34.74
273262,171.8,65.83,34.74
797805,171.81,65.83,34.74
700938,171.8,65.83,34.74
580271,171.81,65.83,34.74
417040,171.8,65.83,34.74
157032,171.8,65.83,34.73
279812,171.81,65.83,34.73
35597,171.8,65.83,34.73
81181,171.81,65.83,34.73
92,171.81,65.83,34.73
96,171.81,65.83,34.73
108,171.8,65.83,34.73
95,171.81,65.83,34.73
92,171.81,65.83,34.73
212,171.81,65.83,34.73
96,171.81,65.83,34.73
113,171.81,65.83,34.73
600,171.8,65.83,34.73
105,171.81,65.83,34.73
123,171.81,65.83,34.73
128,171.81,65.83,34.73
316,171.81,65.83,34.73
999,171.81,65.83,34.73
3681,171.8,65.83,34.73
12667,171.81,65.83,34.73
1678,171.8,65.83,34.78
1746,171.8,65.83,34.78
1704,171.8,65.83,34.78
1731,171.8,65.83,34.78
1706,171.8,65.83,34.78
1710,171.8,65.83,34.78
1683,171.8,65.83,34.78
1649,171.8,65.83,34.78
1662,171.8,65.83,34.78
1675,171.8,65.83,34.78
1744,171.8,65.83,34.78
1713,171.8,65.83,34.77
1791,171.8,65.83,34.77
1769,171.8,65.83,34.77
1837,171.8,65.83,34.77
1907,171.8,65.83,34.77
1846,171.79,65.83,34.77
2238,171.79,65.83,34.77
3848,171.79,65.83,34.77
1936,171.79,65.83,34.77
2061,171.8,65.83,34.77
1861,171.79,65.83,34.77
3240,171.8,65.83,34.77
1884,171.79,65.83,34.77
3523,171.8,65.83,34.77
23962,171.8,65.83,34.77
6370,171.79,65.83,34.77
33288,171.79,65.83,34.77
1750,171.8,65.83,34.78
1699,171.8,65.83,34.78
1750,171.8,65.83,34.78
1917,171.8,65.83,34.77
1721,171.8,65.83,34.77
1779,171.8,65.83,34.77
1842,171.8,65.83,34.77
3663,171.8,65.83,34.77
30511,171.8,65.83,34.77
153292,171.8,65.83,34.77
407277,171.8,65.83,34.77
69289,171.8,65.83,34.77
672486,171.8,65.83,34.77
209522,171.8,65.83,34.77
1882,171.79,65.83,34.77
16527,171.79,65.83,34.76
27878,171.79,65.83,34.76
40626,171.79,65.83,34.76
3016,171.79,65.83,34.76
6517,171.79,65.83,34.77
1977,171.79,65.83,34.77
17175,171.79,65.83,34.76
1959,171.79,65.83,34.77
1983,171.79,65.83,34.76
21356,171.79,65.83,34.76
2142,171.79,65.83,34.76
7305,171.79,65.83,34.76
11112,171.79,65.83,34.76
2119,171.79,65.83,34.76
69282,171.79,65.83,34.76
146334,171.79,65.83,34.76
246967,171.79,65.83,34.76
973057,171.8,65.83,34.76
961858,171.8,65.83,34.76
869871,171.79,65.83,34.76
382812,171.79,65.83,34.76
974740,171.8,65.83,34.76
966312,171.8,65.83,34.76
909957,171.79,65.83,34.76
169029,171.79,65.83,34.76
102001,171.79,65.83,34.76
512069,171.79,65.83,34.76
927897,171.79,65.83,34.76
968476,171.8,65.83,34.76
975900,171.8,65.83,34.76
594218,171.79,65.83,34.76
938686,171.79,65.83,34.76
969970,171.8,65.83,34.76
976709,171.8,65.83,34.76
298529,171.79,65.83,34.76
242952,171.79,65.83,34.76
640737,171.8,65.83,34.76
425405,171.8,65.83,34.77
61005,171.79,65.83,34.77
157544,171.79,65.83,34.76
880060,171.8,65.83,34.76
801990,171.8,65.83,34.76
312296,171.79,65.83,34.76
461321,171.79,65.83,34.76
142569,171.79,65.83,34.75
22245,171.79,65.83,34.75
446770,171.79,65.83,34.75
233843,171.79,65.83,34.75
2753,171.79,65.83,34.75
51368,171.79,65.83,34.75
644133,171.79,65.83,34.75
36785,171.79,65.83,34.75
48039,171.79,65.83,34.75
53651,171.79,65.83,34.75
48414,171.79,65.83,34.76
421451,171.79,65.83,34.75
911690,171.79,65.83,34.75
966641,171.8,65.83,34.75
975415,171.8,65.83,34.75
534081,171.79,65.83,34.75
930746,171.79,65.83,34.75
968994,171.8,65.83,34.75
976467,171.8,65.83,34.75
973866,171.8,65.83,34.75
962813,171.8,65.83,34.75
874766,171.79,65.83,34.75
971370,171.8,65.83,34.75
954001,171.8,65.83,34.75
798845,171.79,65.83,34.75
660511,171.79,65.83,34.75
945739,171.79,65.83,34.75
971221,171.8,65.83,34.75
977425,171.8,65.83,34.75
643417,171.79,65.83,34.76
944030,171.79,65.83,34.76
970846,171.8,65.83,34.76
977200,171.8,65.83,34.76
332984,171.79,65.83,34.76
346490,171.79,65.83,34.75
649550,171.79,65.83,34.75
944810,171.79,65.83,34.75
971087,171.8,65.83,34.75
977397,171.8,65.83,34.75
609987,171.79,65.83,34.75
940568,171.79,65.83,34.75
970367,171.8,65.83,34.75
977086,171.8,65.83,34.75
337611,171.79,65.83,34.75
308424,171.79,65.83,34.75
2030,171.79,65.83,34.76
2081,171.79,65.83,34.76
2110,171.79,65.83,34.76
2165,171.79,65.83,34.76
2226,171.79,65.83,34.76
2748,171.79,65.83,34.75
2675,171.79,65.83,34.75
3075,171.79,65.83,34.75
2418,171.79,65.83,34.75
2457,171.79,65.83,34.75
2366,171.79,65.83,34.75
2302,171.79,65.83,34.76
5946,171.79,65.83,34.74
18291,171.79,65.83,34.74
2612,171.79,65.83,34.74
2576,171.79,65.83,34.74
2872,171.79,65.83,34.75
2724,171.79,65.83,34.74
49196,171.79,65.83,34.74
279490,171.79,65.83,34.75
39677,171.79,65.83,34.74
171577,171.79,65.83,34.74
377048,171.79,65.83,34.74
649634,171.79,65.83,34.75
238154,171.8,65.83,34.74
468632,171.8,65.83,34.74
683049,171.8,65.83,34.74
827303,171.8,65.83,34.75
2494,171.8,65.83,34.74
2526,171.8,65.83,34.74
2541,171.8,65.83,34.74
2952,171.79,65.83,34.74
2572,171.79,65.83,34.74
2903,171.8,65.83,34.74
2590,171.79,65.83,34.74
2593,171.8,65.83,34.74
2688,171.8,65.83,34.74
5818,171.8,65.83,34.74
2987,171.79,65.83,34.74
2577,171.79,65.83,34.74
7302,171.79,65.83,34.74
2795,171.8,65.83,34.74
18023,171.8,65.83,34.74
15143,171.8,65.83,34.74
108897,171.8,65.83,34.74
7588,171.8,65.83,34.74
50192,171.8,65.83,34.74
455980,171.8,65.83,34.74
82568,171.8,65.83,34.74
191389,171.8,65.83,34.74
15681,171.8,65.83,34.74
1306,171.8,65.83,34.73
2111,171.8,65.83,34.73
2207,171.8,65.83,34.74
2375,171.8,65.83,34.73
1930,171.8,65.83,34.73
1446,171.8,65.83,34.73
2695,171.8,65.83,34.74
896,171.8,65.83,34.73
598,171.8,65.83,34.73
478,171.8,65.83,34.73
188,171.8,65.83,34.73
304,171.8,65.83,34.73
242,171.8,65.83,34.73
331,171.8,65.83,34.73
1209,171.8,65.83,34.73
1907,171.8,65.83,34.73
2596,171.79,65.83,34.75
2598,171.79,65.83,34.74
2579,171.79,65.83,34.74
1585,171.81,65.83,34.78
24180,171.82,65.83,34.73
6928,171.82,65.83,34.73
147380,171.82,65.83,34.73
63485,171.82,65.83,34.73
17358,171.82,65.83,34.73
737763,171.82,65.83,34.74
565251,171.82,65.83,34.74
434823,171.82,65.83,34.74
255279,171.82,65.83,34.74
330915,171.82,65.83,34.74
132674,171.83,65.83,34.74
107299,171.82,65.83,34.74
26345,171.83,65.83,34.74
585,171.82,65.83,34.73
551,171.82,65.83,34.73
564,171.82,65.83,34.73
590,171.82,65.83,34.73
717,171.82,65.83,34.73
684,171.82,65.83,34.73
738,171.82,65.83,34.73
2210,171.82,65.83,34.73
771,171.82,65.83,34.73
759,171.82,65.83,34.73
1117,171.82,65.83,34.73
1874,171.82,65.83,34.73
834,171.82,65.83,34.73
976204,171.82,65.83,34.74
973424,171.82,65.83,34.74
977015,171.82,65.83,34.75
974727,171.82,65.83,34.75
969023,171.82,65.83,34.74
961354,171.82,65.83,34.74
971209,171.82,65.83,34.75
965129,171.82,65.83,34.75
972789,171.82,65.83,34.74
968067,171.82,65.83,34.74
975046,171.82,65.83,34.74
971510,171.82,65.83,34.74
960114,171.82,65.83,34.74
945281,171.82,65.83,34.74
965870,171.82,65.83,34.74
955759,171.82,65.83,34.74
963015,171.82,65.83,34.74
952398,171.82,65.83,34.74
969396,171.82,65.83,34.74
962680,171.82,65.83,34.74
950824,171.82,65.83,34.74
925332,171.82,65.83,34.74
843772,171.83,65.83,34.74
930966,171.82,65.83,34.74
873656,171.82,65.83,34.74
683484,171.83,65.83,34.74
927988,171.82,65.83,34.74
894416,171.82,65.83,34.74
878598,171.82,65.83,34.74
796490,171.82,65.83,34.74
811157,171.82,65.83,34.74
614642,171.83,65.83,34.74
619521,171.82,65.83,34.74
347855,171.83,65.83,34.74
535,171.82,65.83,34.73
517,171.82,65.83,34.73
456,171.82,65.83,34.72
1557,171.81,65.83,34.78
1611,171.81,65.83,34.78
1603,171.81,65.83,34.78
1715,171.81,65.83,34.78
1647,171.81,65.83,34.78
1789,171.81,65.83,34.78
1538,171.81,65.83,34.78
1668,171.81,65.83,34.78
1662,171.81,65.83,34.78
1584,171.81,65.83,34.78
1993,171.81,65.83,34.78
6494,171.81,65.83,34.78
43845,171.81,65.83,34.78
187680,171.81,65.83,34.78
1755,171.81,65.83,34.78
1688,171.81,65.83,34.78
4128,171.81,65.83,34.78
2786,171.81,65.83,34.78
2841,171.82,65.83,34.78
29695,171.81,65.83,34.78
149777,171.81,65.83,34.78
17877,171.81,65.83,34.78
17809,171.82,65.83,34.78
108717,171.81,65.83,34.78
104983,171.82,65.83,34.78
1501,171.82,65.83,34.78
1673,171.82,65.83,34.78
1641,171.82,65.83,34.78
1653,171.81,65.83,34.78
1542,171.82,65.83,34.78
1537,171.82,65.83,34.78
1483,171.82,65.83,34.78
14585,171.82,65.83,34.78
85656,171.82,65.83,34.78
1673,171.82,65.83,34.78
2690,171.82,65.83,34.78
1506,171.82,65.83,34.78
1517,171.82,65.83,34.78
1619,171.82,65.83,34.78
1938,171.82,65.83,34.78
1538,171.82,65.83,34.78
1714,171.82,65.83,34.78
1522,171.82,65.83,34.78
1606,171.82,65.83,34.78
1503,171.82,65.83,34.78
1520,171.82,65.83,34.78
1699,171.82,65.83,34.78
9732,171.82,65.83,34.78
55280,171.82,65.83,34.78
3897,171.82,65.83,34.78
2327,171.82,65.83,34.78
21636,171.82,65.83,34.78
8495,171.82,65.83,34.78
3402,171.82,65.83,34.78
1475,171.82,65.83,34.78
1614,171.82,65.83,34.78
1456,171.83,65.83,34.78
1521,171.83,65.83,34.78
1588,171.82,65.83,34.78
1848,171.82,65.83,34.78
1553,171.83,65.83,34.78
1435,171.83,65.83,34.78
1460,171.83,65.83,34.78
1501,171.83,65.83,34.78
1486,171.83,65.83,34.78
1447,171.83,65.83,34.78
1460,171.83,65.83,34.78
739738,171.81,65.83,34.77
439920,171.81,65.83,34.78
397626,171.81,65.83,34.78
375427,171.82,65.83,34.78
749602,171.81,65.83,34.77
721587,171.82,65.83,34.77
900130,171.81,65.83,34.77
886524,171.82,65.83,34.77
969036,171.81,65.83,34.77
962046,171.81,65.83,34.77
944968,171.81,65.83,34.77
971364,171.81,65.83,34.77
939564,171.82,65.83,34.77
969163,171.81,65.83,34.77
976384,171.81,65.83,34.77
974813,171.81,65.83,34.77
972730,171.81,65.83,34.77
975012,171.81,65.83,34.77
979020,171.81,65.83,34.77
977735,171.81,65.83,34.77
980660,171.81,65.83,34.77
979611,171.81,65.83,34.77
975940,171.82,65.83,34.77
973415,171.82,65.83,34.77
978217,171.82,65.83,34.77
972928,171.82,65.83,34.77
970684,171.82,65.83,34.77
976252,171.82,65.83,34.77
965608,171.82,65.83,34.77
959721,171.82,65.83,34.77
972402,171.82,65.83,34.77
968797,171.82,65.83,34.77
962801,171.82,65.83,34.77
951945,171.82,65.83,34.77
948892,171.82,65.83,34.77
925483,171.82,65.83,34.77
859922,171.82,65.83,34.77
665642,171.82,65.83,34.77
969491,171.82,65.83,34.77
973274,171.82,65.83,34.77
962816,171.82,65.83,34.77
968573,171.82,65.83,34.77
927490,171.82,65.83,34.77
968282,171.82,65.83,34.77
853744,171.82,65.83,34.77
952848,171.82,65.83,34.77
905502,171.83,65.83,34.77
685094,171.83,65.83,34.77
973837,171.82,65.83,34.77
964744,171.82,65.83,34.77
944211,171.83,65.83,34.77
858103,171.83,65.83,34.77
321672,171.83,65.83,34.77
621216,171.83,65.83,34.77
726521,171.83,65.83,34.77
514404,171.83,65.83,34.77
240478,171.83,65.83,34.77
489076,171.83,65.83,34.77
82928,171.83,65.83,34.77
253914,171.83,65.83,34.77
11751,171.83,65.83,34.77
70313,171.83,65.83,34.77
106741,171.83,65.83,34.77
7616,171.83,65.83,34.77
1474,171.83,65.83,34.77
1545,171.83,65.83,34.77
1868,171.83,65.83,34.77
1486,171.83,65.83,34.77
1712,171.83,65.83,34.77
2462,171.83,65.83,34.77
23538,171.83,65.83,34.77
5466,171.83,65.83,34.77
929066,171.82,65.83,34.77
857960,171.82,65.83,34.77
314048,171.82,65.83,34.78
655885,171.82,65.83,34.77
216225,171.82,65.83,34.78
531005,171.82,65.83,34.77
112607,171.82,65.83,34.78
48578,171.82,65.83,34.78
392018,171.82,65.83,34.77
218309,171.82,65.83,34.77
16285,171.82,65.83,34.78
89534,171.82,65.83,34.77
908292,171.82,65.83,34.77
800990,171.82,65.83,34.77
908843,171.82,65.83,34.77
837965,171.82,65.83,34.77
763934,171.82,65.83,34.77
586958,171.82,65.83,34.77
315081,171.82,65.83,34.77
110954,171.82,65.83,34.77
656004,171.82,65.83,34.77
344138,171.82,65.83,34.77
4200,171.82,65.83,34.78
1781,171.83,65.83,34.78
22360,171.82,65.83,34.77
4273,171.83,65.83,34.77
21184,171.83,65.83,34.77
107546,171.83,65.83,34.77
1480,171.83,65.83,34.77
1525,171.83,65.83,34.77
1501,171.83,65.83,34.78
1527,171.83,65.83,34.78
1694,171.83,65.83,34.77
1470,171.83,65.83,34.78
2942,171.83,65.83,34.77
1574,171.83,65.83,34.77
14870,171.83,65.83,34.77
2384,171.83,65.83,34.77
1470,171.83,65.83,34.77
1467,171.83,65.83,34.77
1453,171.83,65.83,34.77
1507,171.83,65.83,34.77
1545,171.83,65.83,34.77
1456,171.83,65.83,34.77
972178,171.82,65.83,34.76
974358,171.82,65.83,34.75
971411,171.82,65.83,34.75
970635,171.82,65.83,34.76
974334,171.82,65.83,34.76
971330,171.82,65.83,34.76
972162,171.82,65.83,34.75
977314,171.82,65.83,34.75
970662,171.82,65.83,34.75
976144,171.82,65.83,34.75
977347,171.82,65.83,34.75
976121,171.82,65.83,34.75
974337,171.82,65.83,34.75
971333,171.82,65.83,34.75
974222,171.82,65.83,34.75
971066,171.82,65.83,34.75
977457,171.82,65.83,34.75
976117,171.82,65.83,34.75
977476,171.82,65.83,34.75
975996,171.82,65.83,34.75
974073,171.82,65.83,34.75
970654,171.82,65.83,34.75
973722,171.82,65.83,34.75
969938,171.82,65.83,34.75
977518,171.82,65.83,34.75
975838,171.82,65.83,34.75
977311,171.82,65.83,34.75
975380,171.82,65.83,34.75
973285,171.82,65.83,34.75
968979,171.82,65.83,34.75
972399,171.82,65.83,34.75
967374,171.82,65.83,34.75
970811,171.82,65.83,34.76
971611,171.82,65.83,34.76
967445,171.82,65.83,34.76
968889,171.82,65.83,34.76
971302,171.82,65.83,34.76
964852,171.82,65.83,34.76
972655,171.82,65.83,34.76
967396,171.82,65.83,34.76
967257,171.82,65.83,34.77
969487,171.82,65.83,34.76
961882,171.82,65.83,34.77
965430,171.82,65.83,34.76
965869,171.82,65.83,34.77
954971,171.82,65.83,34.77
969344,171.82,65.83,34.76
961252,171.82,65.83,34.76
930771,171.83,65.83,34.77
846493,171.83,65.83,34.77
945290,171.83,65.83,34.76
900849,171.83,65.83,34.76
952664,171.83,65.83,34.76
924004,171.83,65.83,34.76
957748,171.83,65.83,34.76
936954,171.83,65.83,34.76
972224,171.82,65.83,34.76
972264,171.82,65.83,34.76
970598,171.82,65.83,34.76
970432,171.82,65.83,34.76
974286,171.82,65.83,34.76
971113,171.82,65.83,34.76
974117,171.82,65.83,34.76
970653,171.82,65.83,34.76
972019,171.82,65.83,34.76
972226,171.82,65.83,34.76
969644,171.82,65.83,34.76
970203,171.82,65.83,34.76
973368,171.82,65.83,34.76
968912,171.82,65.83,34.76
973892,171.82,65.83,34.76
970015,171.82,65.83,34.76
960737,171.83,65.83,34.76
944067,171.83,65.83,34.76
962961,171.83,65.83,34.76
948862,171.83,65.83,34.76
964330,171.83,65.83,34.76
951856,171.83,65.83,34.76
965352,171.83,65.83,34.76
954046,171.83,65.83,34.76
934376,171.83,65.83,34.74
861465,171.83,65.83,34.74
908184,171.83,65.83,34.74
757657,171.83,65.83,34.74
946431,171.83,65.83,34.74
906224,171.83,65.83,34.74
953921,171.83,65.83,34.75
927466,171.83,65.83,34.75
739308,171.83,65.83,34.74
547859,171.83,65.83,34.74
308882,171.83,65.83,34.74
123272,171.83,65.83,34.74
427927,171.83,65.83,34.74
230308,171.83,65.83,34.74
75366,171.83,65.83,34.74
204112,171.83,65.83,34.74
37927,171.83,65.83,34.74
5699,171.83,65.83,34.74
825699,171.83,65.83,34.75
736577,171.83,65.83,34.74
588671,171.83,65.83,34.74
394851,171.83,65.83,34.74
213230,171.83,65.83,34.74
105367,171.83,65.83,34.74
20906,171.83,65.83,34.74
61921,171.83,65.83,34.74
490538,171.83,65.83,34.75
348627,171.83,65.83,34.74
228743,171.83,65.83,34.75
130354,171.83,65.83,34.74
2841,171.83,65.83,34.73
1124,171.83,65.83,34.73
3349,171.83,65.83,34.74
28628,171.83,65.83,34.74
1116,171.83,65.83,34.73
947,171.83,65.83,34.73
909,171.83,65.83,34.73
872,171.82,65.83,34.73
910,171.83,65.83,34.73
904,171.82,65.83,34.73
954,171.83,65.83,34.73
1042,171.83,65.83,34.73
1026,171.83,65.83,34.73
1071,171.83,65.83,34.73
1065,171.83,65.83,34.73
1087,171.83,65.83,34.73
1053,171.83,65.83,34.73
1227,171.83,65.83,34.74
1097,171.83,65.83,34.74
3818,171.83,65.83,34.74
1279,171.83,65.83,34.74
92664,171.83,65.83,34.74
23932,171.83,65.83,34.74
18834,171.83,65.83,34.74
3854,171.83,65.83,34.74
1164,171.83,65.83,34.74
1141,171.83,65.83,34.74
1170,171.83,65.83,34.74
1193,171.83,65.83,34.74
1181,171.83,65.83,34.74
1208,171.83,65.83,34.74
1236,171.83,65.83,34.74
2014,171.83,65.83,34.74
1340,171.83,65.83,34.74
9368,171.83,65.83,34.74
2546,171.83,65.83,34.74
1460,171.83,65.83,34.74
1404,171.83,65.83,34.74
1675,171.83,65.83,34.74
1288,171.84,65.83,34.74
1273,171.84,65.83,34.74
1527,171.83,65.83,34.74
1313,171.84,65.83,34.74
3266,171.83,65.83,34.74
2056,171.83,65.83,34.74
9238,171.83,65.83,34.74
1328,171.84,65.83,34.74
8022,171.83,65.83,34.75
1355,171.84,65.83,34.74
4596,171.83,65.83,34.74
55351,171.83,65.83,34.75
25025,171.83,65.83,34.74
1353,171.84,65.83,34.75
1339,171.84,65.83,34.75
1348,171.83,65.83,34.74
1274,171.83,65.83,34.74
1244,171.83,65.83,34.74
1216,171.83,65.83,34.74
634,171.82,65.83,34.73
810,171.82,65.83,34.73
826,171.83,65.83,34.73
579,171.82,65.83,34.72
1459,171.83,65.83,34.77
1481,171.83,65.83,34.77
1443,171.84,65.83,34.77
1582,171.83,65.83,34.77
1479,171.83,65.83,34.77
1512,171.83,65.83,34.77
1512,171.83,65.83,34.77
1463,171.83,65.83,34.77
1462,171.83,65.83,34.77
1437,171.84,65.83,34.77
965898,171.83,65.83,34.76
966109,171.83,65.83,34.75
965395,171.83,65.83,34.75
965947,171.83,65.83,34.75
958155,171.83,65.83,34.75
938352,171.83,65.83,34.75
961249,171.83,65.83,34.75
945380,171.83,65.83,34.75
963103,171.83,65.83,34.75
949490,171.83,65.83,34.75
964523,171.83,65.83,34.75
952456,171.83,65.83,34.75
955313,171.83,65.83,34.76
955800,171.83,65.83,34.75
957311,171.83,65.83,34.75
956683,171.83,65.83,34.76
954341,171.83,65.83,34.75
955480,171.83,65.83,34.75
956913,171.83,65.83,34.75
955502,171.83,65.83,34.75
919020,171.83,65.83,34.75
916753,171.83,65.83,34.76
869048,171.83,65.83,34.75
406960,171.83,65.83,34.75
862848,171.83,65.83,34.76
387057,171.83,65.83,34.76
917562,171.83,65.83,34.75
912003,171.83,65.83,34.75
848875,171.83,65.83,34.75
366035,171.83,65.83,34.75
864755,171.83,65.83,34.75
399999,171.83,65.83,34.75
922996,171.83,65.83,34.75
914149,171.83,65.83,34.75
899787,171.83,65.83,34.75
873149,171.83,65.83,34.75
700523,171.83,65.83,34.75
608528,171.83,65.83,34.75
444077,171.83,65.83,34.75
337279,171.83,65.83,34.75
804044,171.83,65.83,34.75
763867,171.83,65.83,34.75
624093,171.83,65.83,34.75
545639,171.83,65.83,34.75
896173,171.83,65.83,34.76
912301,171.83,65.83,34.76
927153,171.83,65.83,34.76
921146,171.83,65.83,34.76
688206,171.83,65.83,34.76
756093,171.83,65.83,34.76
425776,171.83,65.83,34.76
528035,171.83,65.83,34.76
822865,171.83,65.83,34.76
797683,171.83,65.83,34.76
662943,171.83,65.83,34.76
196300,171.83,65.83,34.76
608554,171.83,65.83,34.76
155830,171.83,65.83,34.76
544592,171.83,65.83,34.77
710362,171.83,65.83,34.76
812749,171.83,65.83,34.76
867596,171.83,65.83,34.76
162575,171.83,65.83,34.77
303610,171.83,65.83,34.76
23248,171.83,65.83,34.77
86827,171.83,65.83,34.76
589340,171.83,65.83,34.76
456016,171.83,65.83,34.76
185712,171.83,65.83,34.76
305250,171.83,65.83,34.76
1467,171.84,65.83,34.77
1864,171.83,65.83,34.77
1505,171.84,65.83,34.76
3340,171.83,65.83,34.76
1470,171.84,65.83,34.76
1431,171.84,65.83,34.77
1430,171.84,65.83,34.76
1673,171.84,65.83,34.76
8687,171.83,65.83,34.76
2458,171.84,65.83,34.76
27724,171.83,65.83,34.76
1429,171.84,65.83,34.76
1480,171.84,65.83,34.76
1428,171.84,65.83,34.76
1504,171.84,65.83,34.76
41962,171.84,65.83,34.75
1402,171.84,65.83,34.75
4353,171.84,65.83,34.75
31329,171.84,65.83,34.76
39440,171.84,65.83,34.75
1409,171.84,65.83,34.76
1407,171.84,65.83,34.75
3160,171.84,65.83,34.76
3938,171.84,65.83,34.75
4273,171.84,65.83,34.76
8514,171.84,65.83,34.76
67342,171.83,65.83,34.76
112694,171.83,65.83,34.76
9030,171.84,65.83,34.76
13106,171.84,65.83,34.76
1550,171.84,65.83,34.76
1420,171.84,65.83,34.76
1639,171.84,65.83,34.76
1416,171.84,65.83,34.76
1396,171.84,65.83,34.76
1446,171.84,65.83,34.76
1715,171.84,65.83,34.76
1395,171.84,65.83,34.76
1446,171.84,65.83,34.76
1878,171.84,65.83,34.76
18983,171.83,65.83,34.75
152863,171.83,65.83,34.75
12766,171.83,65.83,34.75
98674,171.83,65.83,34.75
2724,171.84,65.83,34.75
1391,171.84,65.83,34.75
2108,171.84,65.83,34.75
1375,171.84,65.83,34.75
303875,171.83,65.83,34.75
37604,171.84,65.83,34.75
43731,171.83,65.83,34.75
27817,171.83,65.83,34.75
224280,171.83,65.83,34.75
4128,171.84,65.83,34.75
4846,171.84,65.83,34.75
3392,171.84,65.83,34.75
1394,171.84,65.83,34.75
1429,171.84,65.83,34.75
1416,171.84,65.83,34.75
330931,171.81,65.83,34.78
422410,171.81,65.83,34.78
884567,171.81,65.83,34.77
770030,171.81,65.83,34.77
917170,171.81,65.83,34.77
928814,171.81,65.83,34.77
633665,171.81,65.83,34.77
823374,171.81,65.83,34.77
698129,171.81,65.83,34.77
862571,171.81,65.83,34.77
932642,171.81,65.83,34.77
878768,171.81,65.83,34.77
882022,171.81,65.83,34.77
932163,171.81,65.83,34.77
725728,171.81,65.83,34.77
464481,171.81,65.83,34.78
969445,171.81,65.83,34.77
969802,171.81,65.83,34.77
965458,171.81,65.83,34.77
966408,171.81,65.83,34.77
959151,171.81,65.83,34.77
961189,171.81,65.83,34.77
946304,171.81,65.83,34.77
950691,171.81,65.83,34.77
966331,171.81,65.83,34.77
969527,171.81,65.83,34.77
961485,171.81,65.83,34.77
951808,171.81,65.83,34.77
968677,171.82,65.83,34.76
968646,171.82,65.83,34.75
968365,171.82,65.83,34.76
968678,171.82,65.83,34.76
968738,171.82,65.83,34.76
968730,171.82,65.83,34.76
962819,171.82,65.83,34.77
965384,171.82,65.83,34.76
966874,171.82,65.83,34.76
967877,171.82,65.83,34.76
2360,171.81,65.83,34.78
10222,171.81,65.83,34.78
58956,171.81,65.83,34.78
216961,171.81,65.83,34.78
1740,171.81,65.83,34.78
6256,171.81,65.83,34.78
2861,171.81,65.83,34.78
37505,171.81,65.83,34.78
16792,171.81,65.83,34.78
164718,171.81,65.83,34.78
96510,171.81,65.83,34.78
2057,171.81,65.83,34.78
1664,171.8,65.83,34.78
1701,171.8,65.83,34.78
1735,171.8,65.83,34.78
1795,171.8,65.83,34.78
1872,171.8,65.83,34.78
3452,171.8,65.83,34.78
2102,171.81,65.83,34.78
2665,171.8,65.83,34.78
7146,171.81,65.83,34.78
12726,171.8,65.83,34.78
43884,171.81,65.83,34.78
1665,171.81,65.83,34.78
1678,171.8,65.83,34.78
1689,171.8,65.83,34.78
1627,171.8,65.83,34.78
1643,171.81,65.83,34.78
1715,171.81,65.83,34.78
312746,171.81,65.83,34.78
589452,171.81,65.83,34.77
27693,171.8,65.83,34.78
4950,171.8,65.83,34.78
162782,171.8,65.83,34.77
44902,171.8,65.83,34.77
1917,171.8,65.83,34.78
5405,171.8,65.83,34.77
445487,171.8,65.83,34.77
203672,171.8,65.83,34.77
4047,171.8,65.83,34.77
45414,171.8,65.83,34.77
31453,171.8,65.83,34.77
193685,171.8,65.83,34.77
461559,171.81,65.83,34.77
294951,171.8,65.83,34.77
189064,171.81,65.83,34.78
83447,171.8,65.83,34.78
711736,171.81,65.83,34.77
569733,171.8,65.83,34.77
772771,171.8,65.83,34.77
837937,171.8,65.83,34.77
944316,171.8,65.83,34.77
918646,171.8,65.83,34.77
625215,171.8,65.83,34.77
911403,171.8,65.83,34.77
839309,171.8,65.83,34.77
489960,171.8,65.83,34.77
722079,171.8,65.83,34.77
716197,171.8,65.83,34.77
367815,171.8,65.83,34.77
457605,171.8,65.83,34.77
142477,171.8,65.83,34.77
943864,171.8,65.83,34.77
965031,171.8,65.83,34.77
958479,171.8,65.83,34.77
916201,171.8,65.83,34.77
957453,171.8,65.83,34.77
945709,171.8,65.83,34.77
853576,171.8,65.83,34.77
632263,171.8,65.83,34.77
845830,171.81,65.83,34.77
908098,171.8,65.83,34.77
938227,171.8,65.83,34.77
946342,171.81,65.83,34.77
926376,171.81,65.83,34.77
969583,171.82,65.83,34.76
968930,171.82,65.83,34.76
970709,171.82,65.83,34.76
970304,171.82,65.83,34.76
976472,171.81,65.83,34.76
975632,171.82,65.83,34.76
976406,171.81,65.83,34.76
975528,171.82,65.83,34.76
972138,171.81,65.83,34.76
972367,171.81,65.83,34.76
967919,171.82,65.83,34.76
969587,171.82,65.83,34.76
968162,171.82,65.83,34.77
975418,171.81,65.83,34.77
974384,171.82,65.83,34.77
976251,171.81,65.83,34.76
975290,171.82,65.83,34.76
970518,171.81,65.83,34.77
971684,171.81,65.83,34.76
969900,171.82,65.83,34.76
969797,171.82,65.83,34.76
976173,171.81,65.83,34.76
975389,171.82,65.83,34.76
975926,171.81,65.83,34.76
975162,171.82,65.83,34.76
970689,171.82,65.83,34.76
970754,171.82,65.83,34.76
972229,171.81,65.83,34.76
972040,171.81,65.83,34.76
969784,171.82,65.83,34.76
969680,171.82,65.83,34.76
975497,171.81,65.83,34.76
974779,171.82,65.83,34.76
975228,171.81,65.83,34.76
974523,171.82,65.83,34.76
970464,171.82,65.83,34.76
970269,171.82,65.83,34.76
971675,171.81,65.83,34.76
971398,171.81,65.83,34.76
974427,171.82,65.83,34.75
974333,171.82,65.83,34.75
973470,171.82,65.83,34.75
973179,171.82,65.83,34.75
976088,171.81,65.83,34.75
975290,171.82,65.83,34.75
976180,171.81,65.83,34.75
975320,171.82,65.83,34.75
970384,171.82,65.83,34.75
970566,171.82,65.83,34.75
972100,171.81,65.83,34.75
972111,171.81,65.83,34.75
974217,171.82,65.83,34.75
974098,171.82,65.83,34.75
973410,171.82,65.83,34.75
973418,171.82,65.83,34.75
975732,171.81,65.83,34.75
974968,171.82,65.83,34.75
975482,171.81,65.83,34.75
974764,171.82,65.83,34.75
970495,171.82,65.83,34.75
970408,171.82,65.83,34.75
971873,171.81,65.83,34.75
971650,171.81,65.83,34.75
969557,171.82,65.83,34.76
974941,171.81,65.83,34.76
974267,171.82,65.83,34.76
974866,171.81,65.83,34.75
974200,171.82,65.83,34.75
970082,171.82,65.83,34.76
970026,171.82,65.83,34.75
971122,171.81,65.83,34.76
971047,171.81,65.83,34.75
969526,171.82,65.83,34.75
973864,171.82,65.83,34.75
973767,171.82,65.83,34.75
973230,171.82,65.83,34.75
973280,171.82,65.83,34.75
974960,171.81,65.83,34.75
974303,171.82,65.83,34.75
975125,171.81,65.83,34.75
974440,171.82,65.83,34.75
970126,171.82,65.83,34.75
970233,171.82,65.83,34.75
971151,171.81,65.83,34.75
971332,171.81,65.83,34.75
972917,171.81,65.83,34.76
973671,171.81,65.83,34.76
972743,171.81,65.83,34.76
973577,171.81,65.83,34.76
974337,171.81,65.83,34.76
974770,171.81,65.83,34.76
974366,171.81,65.83,34.76
974958,171.81,65.83,34.76
972398,171.81,65.83,34.76
973325,171.81,65.83,34.76
972136,171.81,65.83,34.76
973147,171.81,65.83,34.76
974137,171.81,65.83,34.76
974968,171.81,65.83,34.76
974221,171.81,65.83,34.76
974948,171.81,65.83,34.76
972820,171.81,65.83,34.76
973411,171.81,65.83,34.76
973049,171.81,65.83,34.76
973719,171.81,65.83,34.76
974259,171.81,65.83,34.76
974506,171.81,65.83,34.76
973790,171.81,65.83,34.76
973801,171.81,65.83,34.76
972372,171.81,65.83,34.76
972875,171.81,65.83,34.76
971235,171.81,65.83,34.77
971641,171.81,65.83,34.77
973086,171.81,65.83,34.76
972800,171.81,65.83,34.76
971601,171.81,65.83,34.77
970879,171.81,65.83,34.77
950601,171.8,65.83,34.77
959078,171.8,65.83,34.77
961834,171.81,65.83,34.77
955593,171.81,65.83,34.77
974982,171.8,65.83,34.76
975279,171.8,65.83,34.76
975284,171.8,65.83,34.76
975421,171.8,65.83,34.76
971002,171.8,65.83,34.76
974111,171.8,65.83,34.76
970062,171.8,65.83,34.76
973564,171.8,65.83,34.76
973919,171.8,65.83,34.76
974732,171.8,65.83,34.76
974620,171.8,65.83,34.76
975133,171.8,65.83,34.76
966746,171.8,65.83,34.76
971672,171.8,65.83,34.76
968827,171.8,65.83,34.76
972883,171.8,65.83,34.76
968989,171.8,65.83,34.76
971678,171.8,65.83,34.76
964837,171.8,65.83,34.77
968957,171.8,65.83,34.77
804940,171.8,65.83,34.77
843389,171.8,65.83,34.77
956157,171.8,65.83,34.77
908967,171.8,65.83,34.77
935278,171.8,65.83,34.77
910210,171.8,65.83,34.76
963415,171.8,65.83,34.76
951176,171.8,65.83,34.76
972998,171.8,65.83,34.76
974219,171.8,65.83,34.76
971318,171.8,65.83,34.76
973141,171.8,65.83,34.76
948383,171.8,65.83,34.76
963852,171.8,65.83,34.76
970103,171.8,65.83,34.76
935558,171.8,65.83,34.76
958889,171.8,65.83,34.76
967295,171.8,65.83,34.76
971893,171.81,65.83,34.76
972978,171.81,65.83,34.76
971829,171.81,65.83,34.75
972941,171.81,65.83,34.75
974030,171.81,65.83,34.75
974969,171.81,65.83,34.75
974038,171.81,65.83,34.76
974945,171.81,65.83,34.76
971939,171.81,65.83,34.75
973026,171.81,65.83,34.75
972127,171.81,65.83,34.75
973167,171.81,65.83,34.75
974103,171.81,65.83,34.75
975029,171.81,65.83,34.75
974196,171.81,65.83,34.75
975073,171.81,65.83,34.75
972848,171.81,65.83,34.75
973597,171.81,65.83,34.75
972874,171.81,65.83,34.75
973702,171.81,65.83,34.75
974225,171.81,65.83,34.75
974587,171.81,65.83,34.75
974461,171.81,65.83,34.75
975001,171.81,65.83,34.75
972645,171.81,65.83,34.75
973549,171.81,65.83,34.75
972433,171.81,65.83,34.75
973405,171.81,65.83,34.75
974413,171.81,65.83,34.75
975092,171.81,65.83,34.75
974361,171.81,65.83,34.75
975152,171.81,65.83,34.75
975443,171.8,65.83,34.76
975478,171.8,65.83,34.76
975547,171.8,65.83,34.75
975538,171.8,65.83,34.75
971507,171.8,65.83,34.76
974404,171.8,65.83,34.76
971754,171.8,65.83,34.75
974568,171.8,65.83,34.75
975588,171.8,65.83,34.75
975590,171.8,65.83,34.75
975509,171.8,65.83,34.75
975579,171.8,65.83,34.75
971729,171.8,65.83,34.75
974591,171.8,65.83,34.75
971358,171.8,65.83,34.75
974403,171.8,65.83,34.75
974989,171.8,65.83,34.75
975368,171.8,65.83,34.75
975375,171.8,65.83,34.75
975567,171.8,65.83,34.75
973401,171.8,65.83,34.75
969496,171.8,65.83,34.75
974095,171.8,65.83,34.75
970727,171.8,65.83,34.75
973422,171.8,65.83,34.75
974434,171.8,65.83,34.75
974470,171.8,65.83,34.75
975104,171.8,65.83,34.75
972488,171.8,65.83,34.75
967844,171.8,65.83,34.75
970765,171.8,65.83,34.75
964899,171.8,65.83,34.75
235,171.81,65.83,34.72
259,171.81,65.83,34.72
284,171.81,65.83,34.73
275,171.81,65.83,34.73
328,171.81,65.83,34.73
439,171.82,65.83,34.73
404,171.82,65.83,34.73
386,171.82,65.83,34.72
355,171.82,65.83,34.72
960772,171.81,65.83,34.74
965866,171.81,65.83,34.74
972027,171.81,65.83,34.74
970560,171.82,65.83,34.74
967965,171.81,65.83,34.74
965994,171.82,65.83,34.74
953184,171.81,65.83,34.74
936532,171.81,65.83,34.74
948150,171.81,65.83,34.74
942896,171.82,65.83,34.74
961949,171.81,65.83,34.74
959359,171.82,65.83,34.74
962344,171.82,65.83,34.74
955846,171.82,65.83,34.74
962451,171.82,65.83,34.74
968058,171.82,65.83,34.74
956884,171.82,65.83,34.74
964301,171.82,65.83,34.74
946390,171.82,65.83,34.74
923305,171.82,65.83,34.74
954087,171.82,65.83,34.74
945294,171.82,65.83,34.74
932548,171.82,65.83,34.74
915277,171.82,65.83,34.74
924588,171.82,65.83,34.74
883570,171.82,65.83,34.74
889217,171.81,65.83,34.74
870393,171.82,65.83,34.74
763764,171.81,65.83,34.74
728621,171.82,65.83,34.74
502175,171.82,65.83,34.73
225734,171.82,65.83,34.73
838773,171.82,65.83,34.74
666850,171.82,65.83,34.74
780338,171.82,65.83,34.74
552572,171.82,65.83,34.74
456068,171.82,65.83,34.73
193803,171.82,65.83,34.73
378254,171.82,65.83,34.73
123443,171.82,65.83,34.73
263947,171.82,65.83,34.73
69611,171.82,65.83,34.73
378,171.82,65.83,34.73
979,171.82,65.83,34.73
9425,171.82,65.83,34.73
62302,171.82,65.83,34.73
8343,171.82,65.83,34.73
51426,171.82,65.83,34.73
2717,171.82,65.83,34.73
22964,171.82,65.83,34.73
1422,171.82,65.83,34.73
9954,171.82,65.83,34.73
488,171.82,65.83,34.73
513,171.82,65.83,34.73
1119,171.82,65.83,34.73
699,171.82,65.83,34.73
210,171.81,65.83,34.72
231,171.81,65.83,34.73
168,171.81,65.83,34.72
179,171.81,65.83,34.72
111,171.81,65.83,34.72
97,171.81,65.83,34.72
115,171.81,65.83,34.73
87,171.81,65.83,34.73
93,171.81,65.83,34.73
108,171.8,65.83,34.73
194,171.81,65.83,34.72
972698,171.82,65.83,34.74
970697,171.82,65.83,34.74
970596,171.82,65.83,34.74
967894,171.82,65.83,34.74
973948,171.81,65.83,34.74
972669,171.82,65.83,34.74
975372,171.81,65.83,34.74
974287,171.82,65.83,34.74
967985,171.82,65.83,34.74
965602,171.82,65.83,34.74
968570,171.81,65.83,34.74
970451,171.81,65.83,34.74
969305,171.81,65.83,34.74
969613,171.81,65.83,34.74
971158,171.81,65.83,34.74
971605,171.81,65.83,34.74
971674,171.81,65.83,34.74
971092,171.81,65.83,34.74
969331,171.81,65.83,34.74
968095,171.81,65.83,34.74
974230,171.82,65.83,34.75
973553,171.82,65.83,34.74
972860,171.82,65.83,34.75
971848,171.82,65.83,34.74
976273,171.81,65.83,34.75
975367,171.82,65.83,34.75
975893,171.81,65.83,34.74
974889,171.82,65.83,34.74
970056,171.82,65.83,34.75
969194,171.82,65.83,34.74
971972,171.81,65.83,34.75
971367,171.81,65.83,34.74
972100,171.81,65.83,34.74
972663,171.81,65.83,34.74
972710,171.81,65.83,34.75
973370,171.81,65.83,34.75
973855,171.81,65.83,34.75
973997,171.81,65.83,34.75
972952,171.81,65.83,34.74
972785,171.81,65.83,34.74
953347,171.81,65.83,34.74
959631,171.81,65.83,34.74
944863,171.81,65.83,34.74
923945,171.81,65.83,34.74
2713,171.81,65.83,34.73
457,171.81,65.83,34.73
510,171.81,65.83,34.73
2726,171.81,65.83,34.73
1270,171.81,65.83,34.73
303,171.81,65.83,34.73
891,171.81,65.83,34.73
4730,171.81,65.83,34.73
96643,171.81,65.83,34.73
20808,171.81,65.83,34.73
13936,171.81,65.83,34.73
10514,171.81,65.83,34.73
61203,171.81,65.83,34.73
66342,171.81,65.83,34.73
83153,171.81,65.83,34.73
22675,171.81,65.83,34.73
883350,171.81,65.83,34.74
761829,171.81,65.83,34.74
759859,171.81,65.83,34.74
878949,171.81,65.83,34.74
538773,171.81,65.83,34.73
286589,171.81,65.83,34.73
516450,171.81,65.83,34.73
523934,171.81,65.83,34.73
229629,171.81,65.83,34.73
244226,171.81,65.83,34.73
522225,171.81,65.83,34.73
259462,171.81,65.83,34.73
945028,171.81,65.83,34.74
952637,171.81,65.83,34.74
959382,171.81,65.83,34.74
959931,171.81,65.83,34.74
951872,171.81,65.83,34.74
953359,171.81,65.83,34.74
908683,171.81,65.83,34.74
934973,171.81,65.83,34.74
941229,171.81,65.83,34.74
944293,171.81,65.83,34.74
912380,171.81,65.83,34.74
921011,171.81,65.83,34.74
971964,171.8,65.83,34.75
973525,171.8,65.83,34.75
969369,171.8,65.83,34.74
971796,171.8,65.83,34.74
916938,171.8,65.83,34.74
964140,171.8,65.83,34.74
952905,171.8,65.83,34.74
939279,171.8,65.83,34.75
968403,171.8,65.83,34.75
960629,171.8,65.83,34.75
965659,171.8,65.83,34.74
969391,171.8,65.83,34.74
959071,171.8,65.83,34.74
965123,171.8,65.83,34.74
860560,171.8,65.83,34.74
714191,171.8,65.83,34.74
957987,171.8,65.83,34.74
939577,171.8,65.83,34.74
945948,171.8,65.83,34.74
909148,171.8,65.83,34.74
541645,171.8,65.83,34.74
758281,171.8,65.83,34.74
54291,171.8,65.83,34.74
242521,171.8,65.83,34.74
184726,171.8,65.83,34.74
514211,171.8,65.83,34.74
922573,171.8,65.83,34.74
958697,171.8,65.83,34.74
948187,171.8,65.83,34.74
857830,171.8,65.83,34.74
946108,171.8,65.83,34.74
924604,171.8,65.83,34.74
774424,171.8,65.83,34.74
875417,171.8,65.83,34.74
867349,171.8,65.83,34.74
673908,171.8,65.83,34.74
752262,171.8,65.83,34.74
420254,171.8,65.83,34.74
950014,171.81,65.83,34.74
939629,171.81,65.83,34.74
952450,171.8,65.83,34.74
956925,171.81,65.83,34.74
938787,171.8,65.83,34.74
947270,171.81,65.83,34.74
885580,171.81,65.83,34.74
924810,171.81,65.83,34.74
915616,171.8,65.83,34.74
932152,171.81,65.83,34.74
853670,171.8,65.83,34.74
892930,171.81,65.83,34.74
880045,171.8,65.83,34.74
797066,171.8,65.83,34.74
863547,171.81,65.83,34.74
739738,171.81,65.83,34.74
847627,171.81,65.83,34.74
872562,171.81,65.83,34.74
685892,171.81,65.83,34.74
739374,171.81,65.83,34.74
807377,171.81,65.83,34.74
640818,171.81,65.83,34.74
472518,171.81,65.83,34.73
381102,171.81,65.83,34.73
208606,171.81,65.83,34.73
144670,171.81,65.83,34.73
270,171.81,65.83,34.73
1560,171.81,65.83,34.73
11241,171.81,65.83,34.73
4970,171.81,65.83,34.73
59062,171.81,65.83,34.73
35020,171.81,65.83,34.73
8426,171.8,65.83,34.73
12388,171.8,65.83,34.73
61783,171.8,65.83,34.73
252540,171.8,65.83,34.74
504516,171.8,65.83,34.74
76165,171.8,65.83,34.74
220726,171.8,65.83,34.74
618798,171.8,65.83,34.74
743551,171.81,65.83,34.74
354550,171.8,65.83,34.74
523890,171.81,65.83,34.74
139126,171.8,65.83,34.73
259572,171.81,65.83,34.73
34432,171.8,65.83,34.73
83204,171.81,65.83,34.73
110,171.8,65.83,34.73
133,171.8,65.83,34.73
103,171.8,65.83,34.73
94,171.81,65.83,34.73
352,171.8,65.83,34.73
99,171.81,65.83,34.73
164,171.8,65.83,34.73
631,171.8,65.83,34.73
81,171.81,65.83,34.73
130,171.81,65.83,34.73
139,171.81,65.83,34.73
491,171.81,65.83,34.73
2025,171.81,65.83,34.73
473,171.8,65.83,34.73
4511,171.8,65.83,34.73
15819,171.81,65.83,34.73
1709,171.8,65.83,34.78
1661,171.8,65.83,34.78
1688,171.8,65.83,34.78
1729,171.8,65.83,34.78
1680,171.8,65.83,34.78
1718,171.8,65.83,34.78
1676,171.8,65.83,34.78
1690,171.8,65.83,34.78
1697,171.8,65.83,34.78
1639,171.8,65.83,34.78
1709,171.8,65.83,34.78
1739,171.8,65.83,34.78
1744,171.8,65.83,34.77
1697,171.8,65.83,34.77
1671,171.8,65.83,34.78
1864,171.79,65.83,34.77
1794,171.8,65.83,34.77
1760,171.79,65.83,34.77
1851,171.8,65.83,34.77
1783,171.79,65.83,34.77
1820,171.79,65.83,34.77
1962,171.79,65.83,34.77
2345,171.79,65.83,34.77
1922,171.79,65.83,34.77
1903,171.79,65.83,34.77
1842,171.79,65.83,34.77
1861,171.79,65.83,34.77
2185,171.79,65.83,34.77
2534,171.8,65.83,34.77
11604,171.8,65.83,34.77
3357,171.79,65.83,34.77
14330,171.79,65.83,34.77
1679,171.8,65.83,34.78
1715,171.8,65.83,34.78
1744,171.8,65.83,34.78
1871,171.8,65.83,34.77
1736,171.8,65.83,34.77
1819,171.8,65.83,34.77
2742,171.8,65.83,34.77
14938,171.8,65.83,34.77
84942,171.8,65.83,34.77
242036,171.8,65.83,34.77
30267,171.79,65.83,34.77
453622,171.8,65.83,34.77
106871,171.79,65.83,34.77
1848,171.79,65.83,34.77
1869,171.79,65.83,34.77
6942,171.79,65.83,34.76
10986,171.79,65.83,34.76
15061,171.79,65.83,34.76
2039,171.79,65.83,34.77
2212,171.79,65.83,34.76
2960,171.79,65.83,34.77
7227,171.79,65.83,34.76
1932,171.79,65.83,34.77
1962,171.79,65.83,34.76
7990,171.79,65.83,34.76
2066,171.79,65.83,34.76
3151,171.79,65.83,34.76
4652,171.79,65.83,34.76
25376,171.79,65.83,34.76
56938,171.79,65.83,34.76
595406,171.79,65.83,34.76
955381,171.8,65.83,34.76
915601,171.8,65.83,34.76
708872,171.79,65.83,34.76
959818,171.8,65.83,34.76
930108,171.8,65.83,34.76
443825,171.79,65.83,34.76
75338,171.79,65.83,34.76
344025,171.79,65.83,34.76
44209,171.79,65.83,34.76
778738,171.79,65.83,34.76
937248,171.8,65.83,34.76
962016,171.8,65.83,34.76
817338,171.79,65.83,34.76
942412,171.8,65.83,34.76
963747,171.8,65.83,34.76
584555,171.79,65.83,34.76
142335,171.79,65.83,34.76
528083,171.79,65.83,34.76
111776,171.79,65.83,34.76
803007,171.8,65.83,34.76
403683,171.79,65.83,34.76
665546,171.8,65.83,34.77
237636,171.79,65.83,34.77
25193,171.79,65.83,34.77
73534,171.79,65.83,34.76
905478,171.8,65.83,34.76
709624,171.79,65.83,34.76
872766,171.8,65.83,34.76
578321,171.79,65.83,34.76
155295,171.79,65.83,34.76
245440,171.79,65.83,34.76
24297,171.79,65.83,34.75
30645,171.79,65.83,34.75
179474,171.79,65.83,34.75
30752,171.79,65.83,34.75
2670,171.79,65.83,34.75
15805,171.79,65.83,34.75
291063,171.79,65.83,34.75
188351,171.79,65.83,34.75
257167,171.79,65.83,34.75
12658,171.79,65.83,34.75
16182,171.79,65.83,34.75
18285,171.79,65.83,34.75
17518,171.79,65.83,34.76
730956,171.79,65.83,34.75
930596,171.8,65.83,34.75
960323,171.8,65.83,34.75
790170,171.79,65.83,34.75
938760,171.8,65.83,34.75
962846,171.8,65.83,34.75
626280,171.79,65.83,34.75
957063,171.8,65.83,34.75
918216,171.8,65.83,34.75
503283,171.79,65.83,34.75
950202,171.8,65.83,34.75
889739,171.8,65.83,34.75
843990,171.79,65.83,34.75
946140,171.8,65.83,34.75
964977,171.8,65.83,34.75
837704,171.79,65.83,34.76
945059,171.8,65.83,34.76
964578,171.8,65.83,34.76
618443,171.79,65.83,34.76
162249,171.79,65.83,34.76
630118,171.79,65.83,34.75
170247,171.79,65.83,34.75
840023,171.79,65.83,34.75
945618,171.8,65.83,34.75
964859,171.8,65.83,34.75
823904,171.79,65.83,34.75
943175,171.8,65.83,34.75
964067,171.8,65.83,34.75
622821,171.79,65.83,34.75
164650,171.79,65.83,34.75
595455,171.79,65.83,34.75
146094,171.79,65.83,34.75
2374,171.79,65.83,34.76
2594,171.79,65.83,34.76
2821,171.79,65.83,34.76
2188,171.79,65.83,34.76
2003,171.79,65.83,34.76
2055,171.79,65.83,34.76
2085,171.79,65.83,34.76
2140,171.79,65.83,34.76
2193,171.79,65.83,34.76
2799,171.79,65.83,34.75
2938,171.79,65.83,34.75
3031,171.79,65.83,34.75
2968,171.79,65.83,34.76
2495,171.79,65.83,34.75
2516,171.79,65.83,34.75
2633,171.79,65.83,34.75
2386,171.79,65.83,34.75
2428,171.79,65.83,34.75
2325,171.79,65.83,34.75
2269,171.79,65.83,34.76
2945,171.79,65.83,34.74
6161,171.79,65.83,34.74
2584,171.79,65.83,34.74
2583,171.79,65.83,34.74
2578,171.79,65.83,34.74
17923,171.79,65.83,34.75
2588,171.79,65.83,34.75
4031,171.79,65.83,34.75
15950,171.79,65.83,34.74
83568,171.79,65.83,34.75
15500,171.79,65.83,34.74
68321,171.79,65.83,34.74
183070,171.79,65.83,34.74
354822,171.79,65.83,34.75
495118,171.8,65.83,34.74
121545,171.79,65.83,34.74
697182,171.8,65.83,34.74
265611,171.79,65.83,34.74
822556,171.8,65.83,34.74
443305,171.79,65.83,34.74
881516,171.8,65.83,34.75
618989,171.79,65.83,34.75
2493,171.8,65.83,34.74
2561,171.8,65.83,34.74
2533,171.8,65.83,34.74
2584,171.8,65.83,34.74
2584,171.79,65.83,34.74
2635,171.79,65.83,34.74
2578,171.79,65.83,34.74
2642,171.79,65.83,34.74
2588,171.79,65.83,34.74
2591,171.79,65.83,34.74
2614,171.8,65.83,34.74
3825,171.8,65.83,34.74
2678,171.79,65.83,34.74
4217,171.79,65.83,34.74
2647,171.8,65.83,34.74
12580,171.8,65.83,34.74
9151,171.8,65.83,34.74
76290,171.8,65.83,34.74
4515,171.8,65.83,34.74
24596,171.8,65.83,34.74
272969,171.8,65.83,34.74
36947,171.79,65.83,34.74
105579,171.8,65.83,34.74
7244,171.79,65.83,34.74
1350,171.8,65.83,34.73
1773,171.8,65.83,34.73
2103,171.8,65.83,34.73
2288,171.8,65.83,34.73
2310,171.8,65.83,34.74
2684,171.8,65.83,34.74
1766,171.8,65.83,34.73
279,171.8,65.83,34.73
624,171.8,65.83,34.73
745,171.8,65.83,34.73
783,171.8,65.83,34.73
500,171.8,65.83,34.73
501,171.8,65.83,34.73
339,171.8,65.83,34.73
1385,171.8,65.83,34.73
311,171.8,65.83,34.73
2046,171.8,65.83,34.73
2574,171.79,65.83,34.74
2600,171.79,65.83,34.74
2585,171.79,65.83,34.74
1621,171.8,65.83,34.78
1515,171.81,65.83,34.79
1597,171.8,65.83,34.78
1543,171.81,65.83,34.79
1617,171.81,65.83,34.78
1588,171.81,65.83,34.78
1486,171.81,65.83,34.79
1481,171.81,65.83,34.79
1445,171.82,65.83,34.79
28958,171.82,65.83,34.73
9114,171.82,65.83,34.73
148962,171.82,65.83,34.73
64542,171.82,65.83,34.73
18029,171.82,65.83,34.73
671177,171.82,65.83,34.74
491508,171.82,65.83,34.74
398204,171.82,65.83,34.74
231079,171.82,65.83,34.74
280950,171.82,65.83,34.74
109135,171.83,65.83,34.74
96261,171.82,65.83,34.74
22574,171.83,65.83,34.74
565,171.82,65.83,34.73
579,171.82,65.83,34.73
666,171.82,65.83,34.73
639,171.82,65.83,34.73
723,171.82,65.83,34.73
917,171.82,65.83,34.73
3562,171.82,65.83,34.73
2621,171.82,65.83,34.73
919,171.82,65.83,34.73
772,171.82,65.83,34.73
1483,171.82,65.83,34.73
934,171.82,65.83,34.73
966545,171.82,65.83,34.75
964876,171.82,65.83,34.74
969091,171.82,65.83,34.74
965092,171.82,65.83,34.74
970620,171.82,65.83,34.75
967480,171.82,65.83,34.75
954643,171.82,65.83,34.74
958333,171.82,65.83,34.75
957950,171.82,65.83,34.74
945793,171.83,65.83,34.74
961765,171.82,65.83,34.75
952538,171.83,65.83,34.75
962648,171.82,65.83,34.74
958556,171.82,65.83,34.74
963210,171.82,65.83,34.74
956129,171.82,65.83,34.74
967096,171.82,65.83,34.74
962060,171.82,65.83,34.74
940885,171.82,65.83,34.74
949946,171.82,65.83,34.74
942928,171.82,65.83,34.74
917740,171.83,65.83,34.74
952879,171.82,65.83,34.74
937176,171.83,65.83,34.74
942054,171.82,65.83,34.74
952941,171.82,65.83,34.74
947007,171.82,65.83,34.74
930405,171.82,65.83,34.74
957676,171.82,65.83,34.74
947939,171.82,65.83,34.74
928660,171.82,65.83,34.74
901253,171.82,65.83,34.74
927492,171.82,65.83,34.74
882012,171.83,65.83,34.74
892034,171.82,65.83,34.74
797420,171.83,65.83,34.74
817874,171.83,65.83,34.74
705006,171.83,65.83,34.74
899905,171.82,65.83,34.74
848564,171.82,65.83,34.74
831336,171.82,65.83,34.74
722944,171.82,65.83,34.74
732610,171.82,65.83,34.74
508305,171.83,65.83,34.74
528124,171.82,65.83,34.74
279539,171.83,65.83,34.74
558,171.82,65.83,34.73
527,171.82,65.83,34.73
347,171.82,65.83,34.72
465,171.82,65.83,34.72
496,171.82,65.83,34.72
1581,171.81,65.83,34.78
1640,171.81,65.83,34.78
1514,171.81,65.83,34.78
1573,171.81,65.83,34.78
1553,171.81,65.83,34.78
1615,171.81,65.83,34.78
3510,171.81,65.83,34.78
15936,171.81,65.83,34.78
74788,171.81,65.83,34.78
242751,171.81,65.83,34.78
2144,171.81,65.83,34.78
1856,171.81,65.83,34.78
1840,171.82,65.83,34.78
8597,171.81,65.83,34.78
4777,171.81,65.83,34.78
4787,171.82,65.83,34.78
51737,171.81,65.83,34.78
201028,171.81,65.83,34.78
32262,171.81,65.83,34.78
29705,171.82,65.83,34.78
153280,171.81,65.83,34.78
138433,171.82,65.83,34.78
1538,171.82,65.83,34.78
1462,171.82,65.83,34.78
1598,171.82,65.83,34.78
1496,171.82,65.83,34.78
1455,171.82,65.83,34.78
1615,171.82,65.83,34.78
1480,171.82,65.83,34.78
1440,171.82,65.83,34.78
1538,171.82,65.83,34.78
1464,171.82,65.83,34.78
24363,171.82,65.83,34.78
106927,171.82,65.83,34.78
1980,171.82,65.83,34.78
5344,171.82,65.83,34.78
1578,171.82,65.83,34.78
1500,171.82,65.83,34.78
1638,171.82,65.83,34.78
2412,171.82,65.83,34.78
1740,171.82,65.83,34.78
1480,171.82,65.83,34.78
1560,171.82,65.83,34.78
1908,171.82,65.83,34.78
1615,171.82,65.83,34.78
1613,171.82,65.83,34.78
14629,171.82,65.83,34.78
65836,171.82,65.83,34.78
5212,171.82,65.83,34.78
3177,171.82,65.83,34.78
26884,171.82,65.83,34.78
10820,171.82,65.83,34.78
2085,171.82,65.83,34.78
3943,171.82,65.83,34.78
1441,171.83,65.83,34.78
1600,171.82,65.83,34.78
1533,171.83,65.83,34.78
1692,171.83,65.83,34.78
2071,171.83,65.83,34.78
1583,171.83,65.83,34.78
1468,171.83,65.83,34.78
1412,171.83,65.83,34.78
1423,171.83,65.83,34.78
1475,171.83,65.83,34.78
1486,171.83,65.83,34.78
1498,171.83,65.83,34.78
1426,171.83,65.83,34.78
728815,171.81,65.83,34.77
475241,171.81,65.83,34.78
436810,171.81,65.83,34.78
398666,171.82,65.83,34.78
729322,171.81,65.83,34.77
691885,171.82,65.83,34.77
920412,171.82,65.83,34.77
874853,171.81,65.83,34.77
855590,171.82,65.83,34.77
928443,171.81,65.83,34.77
960518,171.81,65.83,34.77
950729,171.81,65.83,34.77
960120,171.81,65.83,34.77
957006,171.82,65.83,34.77
967897,171.81,65.83,34.77
965788,171.82,65.83,34.77
965465,171.81,65.83,34.77
968789,171.81,65.83,34.77
971642,171.81,65.83,34.77
970035,171.82,65.83,34.77
974244,171.81,65.83,34.77
973040,171.82,65.83,34.77
961637,171.82,65.83,34.77
965943,171.82,65.83,34.77
967469,171.82,65.83,34.77
963759,171.82,65.83,34.77
965970,171.82,65.83,34.77
971168,171.82,65.83,34.77
968349,171.82,65.83,34.77
943417,171.82,65.83,34.77
955540,171.82,65.83,34.77
951353,171.82,65.83,34.77
942237,171.82,65.83,34.77
962202,171.82,65.83,34.77
956860,171.82,65.83,34.77
942201,171.82,65.83,34.77
921599,171.82,65.83,34.77
947101,171.82,65.83,34.77
929154,171.82,65.83,34.77
924750,171.82,65.83,34.77
885294,171.82,65.83,34.77
781931,171.82,65.83,34.77
542854,171.83,65.83,34.77
952477,171.82,65.83,34.77
959059,171.82,65.83,34.77
957645,171.82,65.83,34.77
963719,171.82,65.83,34.77
946983,171.82,65.83,34.77
956710,171.82,65.83,34.77
885390,171.82,65.83,34.77
949980,171.82,65.83,34.77
766822,171.83,65.83,34.77
920197,171.82,65.83,34.77
822702,171.83,65.83,34.77
960479,171.82,65.83,34.77
944296,171.82,65.83,34.77
901528,171.83,65.83,34.77
831506,171.83,65.83,34.77
711087,171.83,65.83,34.77
241012,171.83,65.83,34.77
485714,171.83,65.83,34.77
582568,171.83,65.83,34.77
376462,171.83,65.83,34.77
156936,171.83,65.83,34.77
335585,171.83,65.83,34.77
59039,171.83,65.83,34.77
181463,171.83,65.83,34.77
8172,171.83,65.83,34.77
46847,171.83,65.83,34.77
61606,171.83,65.83,34.77
4956,171.83,65.83,34.77
1496,171.83,65.83,34.77
1792,171.83,65.83,34.77
2039,171.83,65.83,34.77
1574,171.83,65.83,34.77
12888,171.83,65.83,34.77
4317,171.83,65.83,34.77
904752,171.82,65.83,34.77
818620,171.82,65.83,34.77
321649,171.82,65.83,34.78
616131,171.82,65.83,34.77
218156,171.82,65.83,34.78
492954,171.82,65.83,34.77
120121,171.82,65.83,34.78
52632,171.82,65.83,34.78
366436,171.82,65.83,34.77
202182,171.82,65.83,34.77
16694,171.82,65.83,34.78
81459,171.82,65.83,34.77
874737,171.82,65.83,34.77
748841,171.82,65.83,34.77
864398,171.82,65.83,34.77
763418,171.82,65.83,34.77
693597,171.82,65.83,34.77
499373,171.82,65.83,34.77
259442,171.82,65.83,34.77
91358,171.83,65.83,34.77
547577,171.82,65.83,34.77
270453,171.83,65.83,34.77
4113,171.83,65.83,34.78
1783,171.83,65.83,34.78
19625,171.83,65.83,34.77
3899,171.83,65.83,34.77
16467,171.83,65.83,34.77
82175,171.83,65.83,34.77
1440,171.83,65.83,34.78
1488,171.83,65.83,34.78
1548,171.83,65.83,34.78
1702,171.83,65.83,34.77
1511,171.83,65.83,34.77
3342,171.83,65.83,34.77
1739,171.83,65.83,34.77
11463,171.83,65.83,34.77
2348,171.83,65.83,34.77
1496,171.83,65.83,34.77
1438,171.83,65.83,34.77
1459,171.83,65.83,34.77
1487,171.83,65.83,34.77
1473,171.83,65.83,34.77
1517,171.83,65.83,34.77
1549,171.83,65.83,34.77
1447,171.83,65.83,34.77
967150,171.82,65.83,34.76
964597,171.82,65.83,34.75
967939,171.82,65.83,34.75
963396,171.83,65.83,34.75
964544,171.82,65.83,34.76
967863,171.82,65.83,34.76
963210,171.83,65.83,34.76
967163,171.82,65.83,34.75
968653,171.82,65.83,34.75
968612,171.82,65.83,34.75
972219,171.82,65.83,34.75
970730,171.82,65.83,34.75
972192,171.82,65.83,34.75
970611,171.82,65.83,34.75
964483,171.82,65.83,34.75
964201,171.82,65.83,34.75
967863,171.82,65.83,34.75
963247,171.83,65.83,34.75
967587,171.82,65.83,34.75
962713,171.83,65.83,34.75
968341,171.82,65.83,34.75
968550,171.82,65.83,34.75
972203,171.82,65.83,34.75
970483,171.82,65.83,34.75
972033,171.82,65.83,34.75
970075,171.82,65.83,34.75
963781,171.82,65.83,34.75
963024,171.82,65.83,34.75
967198,171.82,65.83,34.75
961967,171.83,65.83,34.75
966443,171.82,65.83,34.75
960577,171.83,65.83,34.75
968061,171.82,65.83,34.75
967414,171.82,65.83,34.75
971875,171.82,65.83,34.75
969654,171.82,65.83,34.75
971306,171.82,65.83,34.75
968650,171.82,65.83,34.75
962076,171.82,65.83,34.75
960417,171.82,65.83,34.75
965535,171.82,65.83,34.75
958986,171.83,65.83,34.75
963860,171.82,65.83,34.75
956024,171.83,65.83,34.75
963658,171.82,65.83,34.76
965206,171.82,65.83,34.76
958353,171.82,65.83,34.76
960842,171.82,65.83,34.76
961527,171.82,65.83,34.76
951382,171.83,65.83,34.76
964092,171.82,65.83,34.76
956042,171.83,65.83,34.76
957901,171.82,65.83,34.77
961521,171.82,65.83,34.76
949507,171.82,65.83,34.77
955253,171.82,65.83,34.76
952038,171.82,65.83,34.77
933907,171.83,65.83,34.77
958218,171.82,65.83,34.76
945745,171.83,65.83,34.76
903495,171.83,65.83,34.77
923879,171.83,65.83,34.76
886508,171.83,65.83,34.77
736778,171.83,65.83,34.77
915554,171.83,65.83,34.76
828708,171.83,65.83,34.76
940560,171.83,65.83,34.76
933033,171.83,65.83,34.76
929739,171.83,65.83,34.76
875250,171.83,65.83,34.76
939285,171.83,65.83,34.76
902342,171.83,65.83,34.76
967120,171.82,65.83,34.76
966935,171.82,65.83,34.76
964367,171.82,65.83,34.76
963919,171.82,65.83,34.76
967673,171.82,65.83,34.76
962768,171.83,65.83,34.76
967208,171.82,65.83,34.76
961805,171.83,65.83,34.76
966049,171.82,65.83,34.76
966672,171.82,65.83,34.76
962224,171.82,65.83,34.76
963338,171.82,65.83,34.76
965493,171.82,65.83,34.76
958521,171.83,65.83,34.76
966626,171.82,65.83,34.76
960653,171.83,65.83,34.76
947864,171.83,65.83,34.76
944479,171.83,65.83,34.76
944505,171.83,65.83,34.76
915543,171.83,65.83,34.76
948534,171.83,65.83,34.76
925288,171.83,65.83,34.76
949806,171.83,65.83,34.76
951346,171.83,65.83,34.76
950946,171.83,65.83,34.76
930291,171.83,65.83,34.76
952770,171.83,65.83,34.76
934347,171.83,65.83,34.76
877178,171.83,65.83,34.74
910172,171.83,65.83,34.74
894499,171.83,65.83,34.74
758671,171.83,65.83,34.74
843107,171.83,65.83,34.74
622356,171.83,65.83,34.74
924222,171.83,65.83,34.74
935204,171.83,65.83,34.75
917976,171.83,65.83,34.74
838622,171.83,65.83,34.74
932458,171.83,65.83,34.75
882601,171.83,65.83,34.75
623807,171.83,65.83,34.74
432746,171.83,65.83,34.74
238180,171.83,65.83,34.74
96686,171.83,65.83,34.74
330674,171.83,65.83,34.74
177727,171.83,65.83,34.74
58520,171.83,65.83,34.74
147513,171.83,65.83,34.74
30884,171.83,65.83,34.74
6138,171.83,65.83,34.74
744401,171.83,65.83,34.74
812324,171.83,65.83,34.75
698929,171.83,65.83,34.75
587460,171.83,65.83,34.74
641330,171.83,65.83,34.74
495823,171.83,65.83,34.74
441115,171.83,65.83,34.74
285183,171.83,65.83,34.74
147561,171.83,65.83,34.74
73784,171.83,65.83,34.74
16379,171.83,65.83,34.74
42809,171.83,65.83,34.74
348671,171.83,65.83,34.75
243762,171.83,65.83,34.74
147579,171.83,65.83,34.75
86861,171.83,65.83,34.74
1503,171.83,65.83,34.73
997,171.83,65.83,34.73
3196,171.83,65.83,34.73
1299,171.83,65.83,34.73
3949,171.83,65.83,34.74
23784,171.83,65.83,34.74
899,171.83,65.83,34.73
969,171.83,65.83,34.73
979,171.83,65.83,34.73
1007,171.83,65.83,34.73
1056,171.83,65.83,34.73
1036,171.83,65.83,34.73
1054,171.83,65.83,34.73
1054,171.83,65.83,34.73
1080,171.83,65.83,34.73
1085,171.83,65.83,34.73
1392,171.83,65.83,34.74
1103,171.83,65.83,34.74
3753,171.83,65.83,34.74
1425,171.83,65.83,34.74
75279,171.83,65.83,34.74
24297,171.83,65.83,34.74
19481,171.83,65.83,34.74
6237,171.83,65.83,34.74
1159,171.83,65.83,34.74
1139,171.83,65.83,34.73
1184,171.83,65.83,34.74
1189,171.83,65.83,34.74
1173,171.83,65.83,34.74
1146,171.83,65.83,34.74
1308,171.83,65.83,34.74
2498,171.83,65.83,34.74
11608,171.83,65.83,34.74
1492,171.83,65.83,34.74
2998,171.83,65.83,34.74
1883,171.83,65.83,34.74
1343,171.84,65.83,34.74
1380,171.84,65.83,34.74
1858,171.83,65.83,34.74
1279,171.84,65.83,34.74
1263,171.84,65.83,34.74
1304,171.84,65.83,34.74
1559,171.84,65.83,34.74
3471,171.83,65.83,34.74
2052,171.84,65.83,34.74
7685,171.83,65.83,34.74
1308,171.84,65.83,34.74
1298,171.84,65.83,34.74
5797,171.84,65.83,34.75
3370,171.84,65.83,34.74
36107,171.83,65.83,34.75
18026,171.83,65.83,34.74
1334,171.84,65.83,34.75
1701,171.84,65.83,34.75
1325,171.84,65.83,34.74
1556,171.84,65.83,34.75
1425,171.83,65.83,34.74
1275,171.83,65.83,34.74
1273,171.83,65.83,34.74
1218,171.84,65.83,34.74
673,171.82,65.83,34.73
650,171.82,65.83,34.73
742,171.83,65.83,34.73
847,171.83,65.83,34.73
843,171.83,65.83,34.73
586,171.82,65.83,34.72
596,171.82,65.83,34.72
890,171.83,65.83,34.73
1420,171.83,65.83,34.77
1466,171.83,65.83,34.77
1428,171.83,65.83,34.77
1430,171.84,65.83,34.77
1455,171.84,65.83,34.77
1548,171.83,65.83,34.77
1455,171.84,65.83,34.77
1511,171.83,65.83,34.77
1494,171.83,65.83,34.77
1497,171.83,65.83,34.77
1427,171.84,65.83,34.77
1421,171.84,65.83,34.77
1427,171.84,65.83,34.77
952147,171.83,65.83,34.76
952455,171.83,65.83,34.75
953766,171.83,65.83,34.76
954149,171.83,65.83,34.75
952211,171.83,65.83,34.75
951374,171.83,65.83,34.75
952918,171.83,65.83,34.75
953881,171.83,65.83,34.75
945282,171.83,65.83,34.75
940583,171.83,65.83,34.75
939891,171.83,65.83,34.75
903823,171.83,65.83,34.75
945553,171.83,65.83,34.75
918479,171.83,65.83,34.75
950099,171.83,65.83,34.75
947892,171.83,65.83,34.75
948822,171.83,65.83,34.75
925866,171.83,65.83,34.75
951388,171.83,65.83,34.75
931722,171.83,65.83,34.75
936348,171.83,65.83,34.76
937211,171.83,65.83,34.75
931692,171.83,65.83,34.75
930435,171.83,65.83,34.76
934718,171.83,65.83,34.75
936757,171.83,65.83,34.75
930962,171.83,65.83,34.75
928059,171.83,65.83,34.75
840893,171.83,65.83,34.75
836189,171.83,65.83,34.76
704400,171.83,65.83,34.75
241441,171.83,65.83,34.75
693544,171.83,65.83,34.76
226659,171.83,65.83,34.76
837961,171.83,65.83,34.75
826372,171.83,65.83,34.75
673113,171.83,65.83,34.75
216378,171.83,65.83,34.75
697974,171.83,65.83,34.75
238094,171.83,65.83,34.75
888508,171.83,65.83,34.75
898894,171.83,65.83,34.75
869616,171.83,65.83,34.75
851108,171.83,65.83,34.75
849071,171.83,65.83,34.75
875081,171.83,65.83,34.75
822143,171.83,65.83,34.75
772404,171.83,65.83,34.75
542367,171.83,65.83,34.75
452233,171.83,65.83,34.75
294902,171.83,65.83,34.75
219255,171.83,65.83,34.75
668026,171.83,65.83,34.75
616196,171.83,65.83,34.75
441695,171.83,65.83,34.75
374481,171.83,65.83,34.75
870603,171.83,65.83,34.76
887978,171.83,65.83,34.76
815373,171.83,65.83,34.76
848281,171.83,65.83,34.76
896638,171.83,65.83,34.76
903561,171.83,65.83,34.76
878165,171.83,65.83,34.76
866390,171.83,65.83,34.76
528427,171.83,65.83,34.76
603917,171.83,65.83,34.76
274556,171.83,65.83,34.76
354441,171.83,65.83,34.76
693840,171.83,65.83,34.76
658955,171.83,65.83,34.76
474520,171.83,65.83,34.76
112648,171.84,65.83,34.76
423292,171.83,65.83,34.76
85855,171.84,65.83,34.76
730879,171.83,65.83,34.76
614060,171.83,65.83,34.77
396856,171.83,65.83,34.77
555347,171.83,65.83,34.76
801237,171.83,65.83,34.76
847334,171.83,65.83,34.76
679323,171.83,65.83,34.76
763858,171.83,65.83,34.76
96656,171.83,65.83,34.77
197479,171.83,65.83,34.76
10290,171.83,65.83,34.77
44067,171.83,65.83,34.76
429427,171.83,65.83,34.76
315896,171.83,65.83,34.76
109356,171.83,65.83,34.76
189291,171.83,65.83,34.76
1452,171.84,65.83,34.77
1835,171.84,65.83,34.77
1489,171.84,65.83,34.76
2683,171.84,65.83,34.76
1458,171.84,65.83,34.77
1457,171.84,65.83,34.76
1402,171.84,65.83,34.76
1593,171.84,65.83,34.76
4911,171.84,65.83,34.76
1947,171.84,65.83,34.76
11548,171.84,65.83,34.76
1398,171.84,65.83,34.76
1458,171.84,65.83,34.76
1469,171.84,65.83,34.76
1378,171.84,65.83,34.76
1376,171.84,65.83,34.76
1375,171.84,65.83,34.76
23605,171.84,65.83,34.75
1383,171.84,65.83,34.75
1461,171.84,65.83,34.75
2493,171.84,65.83,34.75
17694,171.84,65.83,34.76
21856,171.84,65.83,34.75
1391,171.84,65.83,34.76
1453,171.84,65.83,34.76
1388,171.84,65.83,34.75
1460,171.84,65.83,34.75
2135,171.84,65.83,34.76
2366,171.84,65.83,34.75
3178,171.84,65.83,34.76
5623,171.84,65.83,34.76
28266,171.84,65.83,34.76
57786,171.84,65.83,34.76
4728,171.84,65.83,34.76
6032,171.84,65.83,34.76
1396,171.84,65.83,34.76
1448,171.84,65.83,34.76
1504,171.84,65.83,34.76
1605,171.84,65.83,34.76
1423,171.84,65.83,34.76
1611,171.84,65.83,34.76
1412,171.84,65.83,34.76
1635,171.84,65.83,34.76
14825,171.84,65.83,34.75
93147,171.83,65.83,34.75
9435,171.84,65.83,34.75
61578,171.83,65.83,34.75
2277,171.84,65.83,34.75
1364,171.84,65.83,34.75
1356,171.84,65.83,34.75
1939,171.84,65.83,34.75
178499,171.83,65.83,34.75
21788,171.84,65.83,34.75
29612,171.84,65.83,34.75
21400,171.84,65.83,34.75
133919,171.83,65.83,34.75
1378,171.84,65.83,34.75
2416,171.84,65.83,34.75
3682,171.84,65.83,34.75
2992,171.84,65.83,34.75
1428,171.84,65.83,34.75
1385,171.84,65.83,34.75
1383,171.84,65.83,34.75
707327,171.81,65.83,34.77
417441,171.81,65.83,34.78
474358,171.81,65.83,34.78
669946,171.81,65.83,34.77
879529,171.81,65.83,34.77
785975,171.81,65.83,34.77
907065,171.81,65.83,34.77
915761,171.81,65.83,34.77
825955,171.81,65.83,34.77
851017,171.81,65.83,34.77
903416,171.81,65.83,34.77
839715,171.81,65.83,34.77
918774,171.81,65.83,34.77
861927,171.81,65.83,34.77
860991,171.81,65.83,34.77
917175,171.81,65.83,34.77
723374,171.81,65.83,34.77
499927,171.81,65.83,34.78
955398,171.81,65.83,34.77
948487,171.81,65.83,34.77
963441,171.81,65.83,34.77
963697,171.81,65.83,34.77
958431,171.81,65.83,34.77
959276,171.81,65.83,34.77
938811,171.81,65.83,34.77
917559,171.81,65.83,34.77
951505,171.81,65.83,34.77
953184,171.81,65.83,34.77
935848,171.81,65.83,34.77
939583,171.81,65.83,34.77
951820,171.81,65.83,34.77
957129,171.81,65.83,34.77
959077,171.81,65.83,34.77
963345,171.81,65.83,34.77
944611,171.81,65.83,34.77
953242,171.81,65.83,34.77
928648,171.81,65.83,34.77
940469,171.81,65.83,34.77
965312,171.82,65.83,34.75
965356,171.82,65.83,34.76
963889,171.82,65.83,34.76
963893,171.82,65.83,34.75
964730,171.82,65.83,34.76
965195,171.82,65.83,34.76
962578,171.82,65.83,34.76
963324,171.82,65.83,34.76
965405,171.82,65.83,34.76
965309,171.82,65.83,34.76
963863,171.82,65.83,34.76
963617,171.82,65.83,34.76
958033,171.82,65.83,34.77
961180,171.82,65.83,34.76
953884,171.82,65.83,34.77
957737,171.82,65.83,34.76
962874,171.82,65.83,34.76
964131,171.82,65.83,34.76
959935,171.82,65.83,34.76
961674,171.82,65.83,34.76
3760,171.81,65.83,34.78
15367,171.81,65.83,34.78
7506,171.81,65.83,34.78
27704,171.81,65.83,34.78
75872,171.81,65.83,34.78
236628,171.81,65.83,34.78
101585,171.81,65.83,34.78
274433,171.81,65.83,34.78
5589,171.81,65.83,34.78
21182,171.81,65.83,34.78
1806,171.81,65.83,34.78
2986,171.81,65.83,34.78
3619,171.81,65.83,34.78
10739,171.81,65.83,34.78
94973,171.81,65.83,34.78
246301,171.81,65.83,34.78
22141,171.81,65.83,34.78
52377,171.81,65.83,34.78
100086,171.81,65.83,34.78
171481,171.81,65.83,34.78
1716,171.81,65.83,34.78
1663,171.8,65.83,34.78
1697,171.8,65.83,34.78
1693,171.8,65.83,34.78
1766,171.8,65.83,34.78
1855,171.8,65.83,34.78
1649,171.8,65.83,34.78
1877,171.8,65.83,34.78
3933,171.8,65.83,34.78
1805,171.8,65.83,34.78
2704,171.8,65.83,34.78
1925,171.81,65.83,34.78
4379,171.81,65.83,34.78
3300,171.8,65.83,34.78
13172,171.8,65.83,34.78
13228,171.8,65.83,34.78
48019,171.8,65.83,34.78
31138,171.81,65.83,34.78
102811,171.81,65.83,34.78
1620,171.8,65.83,34.78
1653,171.8,65.83,34.78
1657,171.81,65.83,34.78
543852,171.81,65.83,34.77
298926,171.81,65.83,34.78
403899,171.81,65.83,34.78
636197,171.81,65.83,34.77
849558,171.81,65.83,34.77
740930,171.81,65.83,34.77
25778,171.8,65.83,34.78
4486,171.8,65.83,34.78
132026,171.8,65.83,34.77
30849,171.8,65.83,34.77
1903,171.8,65.83,34.78
4428,171.8,65.83,34.77
359869,171.8,65.83,34.77
145431,171.8,65.83,34.77
372235,171.8,65.83,34.77
3452,171.8,65.83,34.77
28801,171.8,65.83,34.77
16271,171.8,65.83,34.77
127345,171.8,65.83,34.77
280566,171.81,65.83,34.78
502163,171.81,65.83,34.77
251291,171.8,65.83,34.77
410636,171.8,65.83,34.77
77468,171.8,65.83,34.78
176096,171.8,65.83,34.78
813923,171.81,65.83,34.77
691116,171.81,65.83,34.77
801090,171.8,65.83,34.77
490500,171.8,65.83,34.77
647435,171.8,65.83,34.77
694986,171.8,65.83,34.77
915207,171.8,65.83,34.77
868847,171.8,65.83,34.77
867593,171.8,65.83,34.77
917122,171.8,65.83,34.77
742642,171.8,65.83,34.77
859068,171.8,65.83,34.77
622860,171.8,65.83,34.77
789389,171.8,65.83,34.77
625565,171.8,65.83,34.77
566498,171.8,65.83,34.77
239746,171.8,65.83,34.77
320986,171.8,65.83,34.77
82579,171.8,65.83,34.77
933877,171.8,65.83,34.77
946842,171.8,65.83,34.77
940188,171.8,65.83,34.77
952623,171.8,65.83,34.77
916645,171.8,65.83,34.77
939248,171.8,65.83,34.77
911552,171.8,65.83,34.77
872917,171.8,65.83,34.77
754165,171.8,65.83,34.77
453217,171.8,65.83,34.77
654569,171.8,65.83,34.77
903131,171.81,65.83,34.77
965841,171.82,65.83,34.76
964909,171.82,65.83,34.76
958773,171.82,65.83,34.76
960227,171.82,65.83,34.76
967047,171.81,65.83,34.76
967989,171.81,65.83,34.76
968525,171.81,65.83,34.76
963668,171.82,65.83,34.76
961202,171.82,65.83,34.77
953362,171.82,65.83,34.77
956799,171.82,65.83,34.76
964886,171.81,65.83,34.76
965579,171.81,65.83,34.77
967240,171.81,65.83,34.76
966470,171.82,65.83,34.76
966193,171.82,65.83,34.76
961029,171.82,65.83,34.76
961621,171.82,65.83,34.76
968576,171.81,65.83,34.76
968590,171.81,65.83,34.76
967575,171.81,65.83,34.76
966438,171.82,65.83,34.76
966444,171.82,65.83,34.76
961881,171.82,65.83,34.76
962055,171.82,65.83,34.76
968355,171.81,65.83,34.76
968214,171.81,65.83,34.76
967417,171.81,65.83,34.76
964802,171.82,65.83,34.75
968228,171.81,65.83,34.75
968487,171.81,65.83,34.75
967188,171.81,65.83,34.75
965524,171.82,65.83,34.75
968406,171.81,65.83,34.75
968350,171.81,65.83,34.75
967364,171.81,65.83,34.75
966354,171.82,65.83,34.76
966333,171.82,65.83,34.75
962033,171.82,65.83,34.75
962071,171.82,65.83,34.76
968034,171.81,65.83,34.76
967991,171.81,65.83,34.75
967203,171.81,65.83,34.76
965727,171.82,65.83,34.75
968056,171.81,65.83,34.75
968145,171.81,65.83,34.75
967218,171.81,65.83,34.75
965024,171.81,65.83,34.76
964779,171.81,65.83,34.76
969719,171.81,65.83,34.76
969148,171.81,65.83,34.76
969884,171.81,65.83,34.76
969202,171.81,65.83,34.76
965250,171.81,65.83,34.76
965690,171.81,65.83,34.76
969893,171.8,65.83,34.76
969921,171.81,65.83,34.76
970430,171.8,65.83,34.76
970233,171.81,65.83,34.76
965083,171.81,65.83,34.76
965051,171.81,65.83,34.76
969781,171.81,65.83,34.76
969008,171.81,65.83,34.76
969758,171.81,65.83,34.76
968905,171.81,65.83,34.76
966013,171.81,65.83,34.76
965875,171.81,65.83,34.76
970798,171.8,65.83,34.76
970327,171.81,65.83,34.76
970597,171.8,65.83,34.76
970257,171.81,65.83,34.76
963530,171.81,65.83,34.76
964397,171.81,65.83,34.76
968830,171.81,65.83,34.76
968492,171.81,65.83,34.76
969545,171.81,65.83,34.76
969068,171.81,65.83,34.76
963482,171.81,65.83,34.76
964644,171.81,65.83,34.76
969311,171.8,65.83,34.76
969560,171.81,65.83,34.76
967979,171.8,65.83,34.76
968616,171.81,65.83,34.76
960106,171.81,65.83,34.77
962307,171.81,65.83,34.76
967936,171.81,65.83,34.76
967715,171.81,65.83,34.76
965983,171.81,65.83,34.77
965995,171.81,65.83,34.77
959139,171.81,65.83,34.77
961918,171.81,65.83,34.76
966385,171.8,65.83,34.76
967426,171.81,65.83,34.76
963179,171.8,65.83,34.77
965030,171.81,65.83,34.77
938083,171.81,65.83,34.77
968765,171.8,65.83,34.76
970025,171.8,65.83,34.76
969386,171.8,65.83,34.76
970389,171.8,65.83,34.76
965641,171.8,65.83,34.76
965233,171.8,65.83,34.76
959844,171.8,65.83,34.76
965906,171.8,65.83,34.76
958111,171.8,65.83,34.76
964898,171.8,65.83,34.76
959914,171.8,65.83,34.76
960922,171.8,65.83,34.76
966666,171.8,65.83,34.76
968763,171.8,65.83,34.76
968066,171.8,65.83,34.76
969619,171.8,65.83,34.76
964696,171.8,65.83,34.76
963748,171.8,65.83,34.76
951704,171.8,65.83,34.76
961269,171.8,65.83,34.76
956213,171.8,65.83,34.76
963589,171.8,65.83,34.76
956263,171.8,65.83,34.76
958546,171.8,65.83,34.76
958319,171.8,65.83,34.76
963344,171.8,65.83,34.76
950770,171.8,65.83,34.77
958729,171.8,65.83,34.77
952959,171.8,65.83,34.77
957733,171.8,65.83,34.76
942442,171.8,65.83,34.76
929975,171.8,65.83,34.77
851250,171.8,65.83,34.77
883292,171.8,65.83,34.77
932167,171.8,65.83,34.77
919488,171.8,65.83,34.76
946136,171.8,65.83,34.76
857817,171.8,65.83,34.76
789327,171.8,65.83,34.77
965085,171.8,65.83,34.76
967746,171.8,65.83,34.76
962001,171.8,65.83,34.76
965796,171.8,65.83,34.76
960430,171.8,65.83,34.76
962524,171.8,65.83,34.76
945648,171.8,65.83,34.76
958365,171.8,65.83,34.76
935314,171.8,65.83,34.76
953117,171.8,65.83,34.76
953457,171.8,65.83,34.76
948495,171.8,65.83,34.76
913592,171.8,65.83,34.76
893956,171.8,65.83,34.76
965056,171.81,65.83,34.75
965061,171.81,65.83,34.76
969672,171.81,65.83,34.76
968760,171.81,65.83,34.76
969666,171.81,65.83,34.75
968731,171.81,65.83,34.75
966096,171.81,65.83,34.75
966064,171.81,65.83,34.76
970918,171.8,65.83,34.75
970331,171.81,65.83,34.75
970856,171.8,65.83,34.76
970308,171.81,65.83,34.76
965050,171.81,65.83,34.75
965025,171.81,65.83,34.75
969725,171.81,65.83,34.75
968801,171.81,65.83,34.75
969766,171.81,65.83,34.75
968877,171.81,65.83,34.75
966107,171.81,65.83,34.75
966057,171.81,65.83,34.75
970958,171.8,65.83,34.75
970381,171.81,65.83,34.75
970902,171.8,65.83,34.75
970381,171.81,65.83,34.75
964158,171.81,65.83,34.75
964683,171.81,65.83,34.75
969379,171.81,65.83,34.75
968831,171.81,65.83,34.75
969800,171.81,65.83,34.75
969133,171.81,65.83,34.75
965335,171.81,65.83,34.75
964579,171.81,65.83,34.75
969371,171.8,65.83,34.75
969512,171.81,65.83,34.75
970234,171.8,65.83,34.75
970103,171.81,65.83,34.75
965019,171.81,65.83,34.75
964886,171.81,65.83,34.75
969830,171.81,65.83,34.75
969084,171.81,65.83,34.75
969887,171.81,65.83,34.75
969060,171.81,65.83,34.75
965972,171.81,65.83,34.75
965712,171.81,65.83,34.75
970556,171.8,65.83,34.75
970270,171.81,65.83,34.75
970862,171.8,65.83,34.75
970427,171.81,65.83,34.75
969677,171.8,65.83,34.76
970556,171.8,65.83,34.76
969847,171.8,65.83,34.75
970663,171.8,65.83,34.75
965967,171.8,65.83,34.75
965857,171.8,65.83,34.76
960541,171.8,65.83,34.76
966415,171.8,65.83,34.76
960932,171.8,65.83,34.75
966666,171.8,65.83,34.75
961460,171.8,65.83,34.76
961709,171.8,65.83,34.75
969862,171.8,65.83,34.75
970692,171.8,65.83,34.75
969625,171.8,65.83,34.75
970567,171.8,65.83,34.75
965806,171.8,65.83,34.75
965965,171.8,65.83,34.75
960848,171.8,65.83,34.75
966642,171.8,65.83,34.75
960075,171.8,65.83,34.75
966231,171.8,65.83,34.75
961667,171.8,65.83,34.75
961251,171.8,65.83,34.75
968477,171.8,65.83,34.75
969896,171.8,65.83,34.75
969302,171.8,65.83,34.75
970397,171.8,65.83,34.75
965531,171.8,65.83,34.75
964953,171.8,65.83,34.75
959195,171.8,65.83,34.75
960556,171.8,65.83,34.75
956642,171.8,65.83,34.75
964240,171.8,65.83,34.75
959097,171.8,65.83,34.75
965595,171.8,65.83,34.75
965554,171.8,65.83,34.75
968029,171.8,65.83,34.75
967525,171.8,65.83,34.75
969293,171.8,65.83,34.75
964164,171.8,65.83,34.75
962773,171.8,65.83,34.75
954239,171.8,65.83,34.75
957393,171.8,65.83,34.75
953996,171.8,65.83,34.75
962503,171.8,65.83,34.75
947582,171.8,65.83,34.75
959272,171.8,65.83,34.75
264,171.82,65.83,34.72
249,171.81,65.83,34.72
293,171.82,65.83,34.72
278,171.81,65.83,34.72
318,171.81,65.83,34.73
459,171.82,65.83,34.73
402,171.82,65.83,34.72
953922,171.81,65.83,34.74
930584,171.81,65.83,34.74
945869,171.82,65.83,34.74
911590,171.82,65.83,34.74
902375,171.82,65.83,34.74
846544,171.82,65.83,34.74
857721,171.81,65.83,34.74
741372,171.81,65.83,34.74
864759,171.82,65.83,34.74
840100,171.82,65.83,34.74
740752,171.82,65.83,34.74
700732,171.82,65.83,34.74
511240,171.82,65.83,34.73
262378,171.82,65.83,34.73
811043,171.82,65.83,34.74
669463,171.82,65.83,34.74
802577,171.82,65.83,34.74
628401,171.82,65.83,34.74
730157,171.82,65.83,34.74
513939,171.82,65.83,34.74
452852,171.82,65.83,34.73
218618,171.82,65.83,34.73
370695,171.82,65.83,34.73
142527,171.82,65.83,34.73
258947,171.82,65.83,34.73
79320,171.82,65.83,34.73
525,171.82,65.83,34.73
2416,171.82,65.83,34.73
18238,171.82,65.83,34.73
87409,171.82,65.83,34.73
18905,171.82,65.83,34.73
70348,171.82,65.83,34.73
8119,171.82,65.83,34.73
35125,171.82,65.83,34.73
2889,171.82,65.83,34.73
14720,171.82,65.83,34.73
599,171.82,65.83,34.73
741,171.82,65.83,34.73
2597,171.82,65.83,34.73
1390,171.82,65.83,34.73
218,171.81,65.83,34.72
399,171.81,65.83,34.73
238,171.82,65.83,34.72
212,171.81,65.83,34.73
175,171.81,65.83,34.72
105,171.81,65.83,34.72
126,171.81,65.83,34.72
101,171.81,65.83,34.72
87,171.81,65.83,34.72
113,171.81,65.83,34.73
113,171.8,65.83,34.73
175,171.8,65.83,34.73
108,171.8,65.83,34.72
213,171.81,65.83,34.72
178,171.81,65.83,34.72
102,171.81,65.83,34.72
957822,171.82,65.83,34.74
962579,171.81,65.83,34.74
963041,171.81,65.83,34.74
965569,171.81,65.83,34.74
960117,171.81,65.83,34.74
956901,171.81,65.83,34.74
963181,171.81,65.83,34.74
963404,171.81,65.83,34.74
966124,171.81,65.83,34.74
966019,171.81,65.83,34.74
959372,171.81,65.83,34.74
955327,171.81,65.83,34.74
963725,171.8,65.83,34.74
965305,171.81,65.83,34.74
958849,171.8,65.83,34.74
961700,171.81,65.83,34.74
962757,171.82,65.83,34.75
965995,171.81,65.83,34.75
967866,171.81,65.83,34.75
966881,171.81,65.83,34.74
962009,171.81,65.83,34.74
963406,171.81,65.83,34.75
967653,171.81,65.83,34.74
967387,171.81,65.83,34.74
968873,171.81,65.83,34.75
968429,171.81,65.83,34.75
963545,171.81,65.83,34.75
961753,171.81,65.83,34.74
968354,171.8,65.83,34.75
968776,171.81,65.83,34.75
966290,171.8,65.83,34.74
967252,171.81,65.83,34.74
940107,171.81,65.83,34.74
910139,171.81,65.83,34.74
5915,171.81,65.83,34.73
983,171.81,65.83,34.73
7427,171.81,65.83,34.73
1237,171.81,65.83,34.73
7236,171.81,65.83,34.73
129142,171.81,65.83,34.73
35019,171.81,65.83,34.73
91242,171.81,65.83,34.73
103370,171.81,65.83,34.73
30676,171.81,65.83,34.73
792748,171.81,65.83,34.74
542344,171.81,65.83,34.73
322424,171.81,65.83,34.73
441613,171.81,65.83,34.73
514828,171.81,65.83,34.73
283174,171.81,65.83,34.73
938887,171.81,65.83,34.74
901781,171.81,65.83,34.74
963206,171.8,65.83,34.75
966440,171.8,65.83,34.75
958658,171.8,65.83,34.74
963502,171.8,65.83,34.74
960939,171.8,65.83,34.75
957840,171.8,65.83,34.74
950334,171.8,65.83,34.75
943096,171.8,65.83,34.74
922540,171.8,65.83,34.74
947258,171.8,65.83,34.74
938899,171.8,65.83,34.75
955114,171.8,65.83,34.75
899112,171.8,65.83,34.75
867859,171.8,65.83,34.74
953040,171.8,65.83,34.74
959655,171.8,65.83,34.74
941205,171.8,65.83,34.74
952464,171.8,65.83,34.74
953795,171.8,65.83,34.74
946557,171.8,65.83,34.74
934128,171.8,65.83,34.74
914217,171.8,65.83,34.74
893546,171.8,65.83,34.74
824481,171.8,65.83,34.74
936144,171.8,65.83,34.74
912518,171.8,65.83,34.74
803893,171.8,65.83,34.74
688087,171.8,65.83,34.74
663923,171.8,65.83,34.74
417820,171.8,65.83,34.74
662601,171.8,65.83,34.74
29438,171.8,65.83,34.74
165912,171.8,65.83,34.74
112958,171.8,65.83,34.74
370607,171.8,65.83,34.74
916022,171.8,65.83,34.74
936878,171.8,65.83,34.74
922828,171.8,65.83,34.74
942062,171.8,65.83,34.74
879346,171.8,65.83,34.74
920061,171.8,65.83,34.74
816412,171.8,65.83,34.74
882124,171.8,65.83,34.74
813932,171.8,65.83,34.74
777841,171.8,65.83,34.74
496556,171.8,65.83,34.74
611853,171.8,65.83,34.74
274683,171.8,65.83,34.74
926938,171.81,65.83,34.74
837310,171.8,65.83,34.74
727866,171.8,65.83,34.74
866942,171.81,65.83,34.74
759962,171.81,65.83,34.74
764950,171.81,65.83,34.74
594622,171.81,65.83,34.74
500268,171.81,65.83,34.73
292307,171.81,65.83,34.73
357088,171.81,65.83,34.73
454448,171.81,65.83,34.73
151169,171.81,65.83,34.73
223677,171.81,65.83,34.73
1938,171.81,65.83,34.73
9781,171.81,65.83,34.73
336,171.81,65.83,34.73
2948,171.81,65.83,34.73
119561,171.81,65.83,34.73
40158,171.81,65.83,34.73
9826,171.81,65.83,34.73
16674,171.81,65.83,34.73
42683,171.81,65.83,34.73
72546,171.81,65.83,34.73
8168,171.8,65.83,34.73
10518,171.8,65.83,34.73
51513,171.8,65.83,34.73
188949,171.8,65.83,34.74
408775,171.8,65.83,34.74
57293,171.8,65.83,34.74
177101,171.8,65.83,34.74
533361,171.8,65.83,34.74
684453,171.8,65.83,34.74
303417,171.8,65.83,34.74
468752,171.8,65.83,34.74
718716,171.81,65.83,34.74
545743,171.81,65.83,34.74
121962,171.8,65.83,34.73
236022,171.8,65.83,34.73
35494,171.8,65.83,34.73
83274,171.8,65.83,34.73
332075,171.81,65.83,34.73
151005,171.81,65.83,34.73
153,171.8,65.83,34.73
320,171.8,65.83,34.73
971,171.8,65.83,34.73
892,171.81,65.83,34.73
1621,171.8,65.83,34.73
3344,171.8,65.83,34.73
7414,171.8,65.83,34.73
19043,171.8,65.83,34.73
13033,171.81,65.83,34.73
47932,171.81,65.83,34.73
1618,171.8,65.83,34.78
1693,171.8,65.83,34.78
1649,171.8,65.83,34.78
1705,171.8,65.83,34.78
1714,171.8,65.83,34.78
1659,171.8,65.83,34.78
1647,171.8,65.83,34.78
1624,171.8,65.83,34.78
1669,171.8,65.83,34.78
1692,171.8,65.83,34.78
1729,171.8,65.83,34.78
1735,171.8,65.83,34.77
1702,171.8,65.83,34.78
1668,171.79,65.83,34.77
1817,171.79,65.83,34.77
1824,171.79,65.83,34.77
1797,171.79,65.83,34.77
1842,171.79,65.83,34.77
1762,171.79,65.83,34.77
1803,171.79,65.83,34.77
1896,171.79,65.83,34.77
1880,171.79,65.83,34.77
1902,171.79,65.83,34.77
2010,171.79,65.83,34.77
1903,171.79,65.83,34.77
1815,171.79,65.83,34.77
1853,171.79,65.83,34.77
1969,171.79,65.83,34.77
2252,171.79,65.83,34.77
5426,171.79,65.83,34.77
2364,171.79,65.83,34.77
5968,171.79,65.83,34.77
1747,171.8,65.83,34.78
1894,171.8,65.83,34.77
1693,171.8,65.83,34.78
1723,171.8,65.83,34.77
1814,171.8,65.83,34.77
2462,171.8,65.83,34.77
8728,171.8,65.83,34.77
46168,171.8,65.83,34.77
140339,171.8,65.83,34.77
11918,171.79,65.83,34.77
286101,171.8,65.83,34.77
50758,171.79,65.83,34.77
1804,171.79,65.83,34.77
1824,171.79,65.83,34.77
1852,171.79,65.83,34.77
4150,171.79,65.83,34.76
5628,171.79,65.83,34.76
7210,171.79,65.83,34.76
1982,171.79,65.83,34.77
2054,171.79,65.83,34.76
2410,171.79,65.83,34.77
4011,171.79,65.83,34.76
1914,171.79,65.83,34.77
1944,171.79,65.83,34.76
2040,171.79,65.83,34.76
3529,171.79,65.83,34.76
2329,171.79,65.83,34.76
3022,171.79,65.83,34.76
9448,171.79,65.83,34.76
22077,171.79,65.83,34.76
19826,171.79,65.83,34.76
33399,171.79,65.83,34.76
933782,171.8,65.83,34.76
925193,171.8,65.83,34.76
791128,171.79,65.83,34.76
921213,171.8,65.83,34.76
840839,171.79,65.83,34.76
931764,171.8,65.83,34.76
670385,171.79,65.83,34.76
253873,171.79,65.83,34.76
594571,171.79,65.83,34.76
188305,171.79,65.83,34.76
48609,171.79,65.83,34.76
62279,171.79,65.83,34.76
865992,171.79,65.83,34.76
937062,171.8,65.83,34.76
881979,171.79,65.83,34.76
941020,171.8,65.83,34.76
937454,171.8,65.83,34.76
940605,171.8,65.83,34.76
757000,171.79,65.83,34.76
363038,171.79,65.83,34.76
725152,171.79,65.83,34.76
316274,171.79,65.83,34.76
626849,171.8,65.83,34.76
236666,171.79,65.83,34.76
463902,171.8,65.83,34.77
127243,171.79,65.83,34.77
10914,171.79,65.83,34.77
33468,171.79,65.83,34.76
818132,171.8,65.83,34.76
491018,171.79,65.83,34.76
748004,171.8,65.83,34.76
367430,171.79,65.83,34.76
74916,171.79,65.83,34.76
127279,171.79,65.83,34.76
9271,171.79,65.83,34.75
8662,171.79,65.83,34.75
67249,171.79,65.83,34.75
2563,171.79,65.83,34.75
12541,171.79,65.83,34.75
6760,171.79,65.83,34.75
121753,171.79,65.83,34.75
468195,171.79,65.83,34.75
78509,171.79,65.83,34.75
543531,171.79,65.83,34.75
115509,171.79,65.83,34.75
276449,171.79,65.83,34.75
372568,171.79,65.83,34.75
6281,171.79,65.83,34.75
7643,171.79,65.83,34.75
8430,171.79,65.83,34.75
8262,171.79,65.83,34.76
846781,171.79,65.83,34.75
932569,171.8,65.83,34.75
871501,171.79,65.83,34.75
938539,171.8,65.83,34.75
938937,171.8,65.83,34.75
934294,171.8,65.83,34.75
733707,171.79,65.83,34.75
688065,171.79,65.83,34.75
928940,171.8,65.83,34.75
916369,171.8,65.83,34.75
803856,171.79,65.83,34.75
924343,171.8,65.83,34.75
732050,171.79,65.83,34.75
907482,171.8,65.83,34.75
612794,171.79,65.83,34.75
523823,171.79,65.83,34.75
74511,171.79,65.83,34.75
71365,171.79,65.83,34.76
892662,171.79,65.83,34.75
943750,171.8,65.83,34.75
889626,171.79,65.83,34.76
942901,171.8,65.83,34.76
942592,171.8,65.83,34.75
941915,171.8,65.83,34.76
775704,171.79,65.83,34.76
392635,171.79,65.83,34.76
781993,171.79,65.83,34.75
403611,171.79,65.83,34.75
60009,171.79,65.83,34.75
70725,171.79,65.83,34.75
891092,171.79,65.83,34.75
943374,171.8,65.83,34.75
884030,171.79,65.83,34.75
941477,171.8,65.83,34.75
942351,171.8,65.83,34.75
940878,171.8,65.83,34.75
778020,171.79,65.83,34.75
396586,171.79,65.83,34.75
763417,171.79,65.83,34.75
371412,171.79,65.83,34.75
2180,171.79,65.83,34.76
2289,171.79,65.83,34.76
2378,171.79,65.83,34.76
2124,171.79,65.83,34.76
1988,171.79,65.83,34.76
2023,171.79,65.83,34.76
2033,171.79,65.83,34.76
2063,171.79,65.83,34.76
2120,171.79,65.83,34.76
2169,171.79,65.83,34.76
2720,171.79,65.83,34.75
2672,171.79,65.83,34.75
2546,171.79,65.83,34.75
2558,171.79,65.83,34.75
2539,171.79,65.83,34.75
2492,171.79,65.83,34.76
2475,171.79,65.83,34.75
2501,171.79,65.83,34.75
2531,171.79,65.83,34.75
2558,171.79,65.83,34.75
2369,171.79,65.83,34.75
2408,171.79,65.83,34.75
2303,171.79,65.83,34.75
2250,171.79,65.83,34.76
434,171.8,65.83,34.73
2619,171.79,65.83,34.74
2640,171.79,65.83,34.74
3195,171.79,65.83,34.74
2595,171.79,65.83,34.74
2594,171.79,65.83,34.74
3933,171.79,65.83,34.75
2567,171.79,65.83,34.75
2735,171.79,65.83,34.74
6576,171.79,65.83,34.74
26930,171.79,65.83,34.75
6154,171.79,65.83,34.74
25286,171.79,65.83,34.74
81460,171.79,65.83,34.74
177618,171.79,65.83,34.75
315877,171.8,65.83,34.74
55339,171.79,65.83,34.74
497099,171.8,65.83,34.74
141298,171.79,65.83,34.74
658842,171.8,65.83,34.74
261867,171.79,65.83,34.74
767358,171.8,65.83,34.75
404918,171.79,65.83,34.75
2525,171.8,65.83,34.73
2550,171.8,65.83,34.74
2599,171.79,65.83,34.74
2603,171.79,65.83,34.74
2560,171.8,65.83,34.74
2607,171.79,65.83,34.74
2579,171.79,65.83,34.74
2589,171.79,65.83,34.74
2586,171.79,65.83,34.74
2593,171.79,65.83,34.74
2589,171.79,65.83,34.74
2595,171.79,65.83,34.74
2588,171.79,65.83,34.74
2615,171.79,65.83,34.74
3044,171.79,65.83,34.74
2640,171.79,65.83,34.74
3204,171.79,65.83,34.74
2644,171.8,65.83,34.74
9011,171.8,65.83,34.74
6521,171.8,65.83,34.74
51175,171.8,65.83,34.74
3544,171.8,65.83,34.74
11493,171.8,65.83,34.74
158844,171.8,65.83,34.74
15545,171.79,65.83,34.74
54710,171.8,65.83,34.74
4606,171.79,65.83,34.74
1775,171.8,65.83,34.73
1518,171.8,65.83,34.73
1285,171.8,65.83,34.73
2155,171.8,65.83,34.73
2438,171.8,65.83,34.73
2273,171.8,65.83,34.73
2419,171.8,65.83,34.74
2867,171.8,65.83,34.74
2076,171.8,65.83,34.73
2356,171.8,65.83,34.73
332,171.8,65.83,34.73
598,171.8,65.83,34.73
639,171.8,65.83,34.73
834,171.8,65.83,34.73
1123,171.8,65.83,34.73
748,171.8,65.83,34.73
546,171.8,65.83,34.73
1972,171.8,65.83,34.73
528,171.8,65.83,34.73
2289,171.8,65.83,34.73
2574,171.79,65.83,34.74
2592,171.79,65.83,34.74
2591,171.79,65.83,34.74
2601,171.79,65.83,34.74
1649,171.8,65.83,34.78
1605,171.8,65.83,34.78
1602,171.81,65.83,34.78
1538,171.81,65.83,34.79
1518,171.81,65.83,34.79
1629,171.8,65.83,34.78
1588,171.8,65.83,34.78
1580,171.81,65.83,34.79
1548,171.81,65.83,34.79
1622,171.81,65.83,34.78
1453,171.81,65.83,34.79
1515,171.81,65.83,34.79
1448,171.82,65.83,34.79
1507,171.81,65.83,34.79
1463,171.82,65.83,34.79
1422,171.82,65.83,34.79
1423,171.82,65.83,34.79
1394,171.82,65.83,34.79
253027,171.82,65.83,34.73
92099,171.82,65.83,34.73
39817,171.82,65.83,34.73
14389,171.82,65.83,34.73
149124,171.82,65.83,34.73
66080,171.82,65.83,34.73
19418,171.82,65.83,34.73
66953,171.82,65.83,34.73
5150,171.83,65.83,34.73
21564,171.83,65.83,34.73
683565,171.82,65.83,34.74
476598,171.82,65.83,34.74
607528,171.82,65.83,34.74
429016,171.82,65.83,34.74
366960,171.82,65.83,34.74
213606,171.82,65.83,34.74
378853,171.82,65.83,34.74
194332,171.82,65.83,34.74
239855,171.83,65.83,34.74
90539,171.83,65.83,34.74
87479,171.83,65.83,34.74
24730,171.83,65.83,34.74
728,171.82,65.83,34.73
773,171.82,65.83,34.73
4856,171.82,65.83,34.73
20395,171.82,65.83,34.73
1656,171.82,65.83,34.73
7643,171.82,65.83,34.73
1307,171.82,65.83,34.73
955647,171.82,65.83,34.75
937864,171.82,65.83,34.75
946674,171.82,65.83,34.74
916709,171.82,65.83,34.74
925779,171.82,65.83,34.74
855483,171.82,65.83,34.74
740137,171.83,65.83,34.74
605806,171.83,65.83,34.74
876176,171.82,65.83,34.74
805421,171.82,65.83,34.74
867667,171.82,65.83,34.74
790823,171.82,65.83,34.74
777376,171.82,65.83,34.74
648456,171.82,65.83,34.74
729103,171.82,65.83,34.74
577588,171.82,65.83,34.74
649813,171.83,65.83,34.74
413827,171.83,65.83,34.74
450233,171.83,65.83,34.74
230555,171.83,65.83,34.74
574,171.82,65.83,34.73
375,171.82,65.83,34.72
357,171.82,65.83,34.72
431,171.82,65.83,34.72
528,171.82,65.83,34.72
510,171.82,65.83,34.72
335,171.82,65.83,34.72
1562,171.81,65.83,34.78
1964,171.81,65.83,34.78
1541,171.81,65.83,34.78
1674,171.81,65.83,34.78
14738,171.81,65.83,34.78
45976,171.81,65.83,34.78
6976,171.81,65.83,34.78
30238,171.81,65.83,34.78
145129,171.81,65.83,34.78
320863,171.81,65.83,34.78
113140,171.81,65.83,34.78
289387,171.81,65.83,34.78
3195,171.81,65.83,34.78
2440,171.82,65.83,34.78
4000,171.82,65.83,34.78
16549,171.81,65.83,34.78
8992,171.82,65.83,34.78
13960,171.82,65.83,34.78
80344,171.81,65.83,34.78
246758,171.81,65.83,34.78
52003,171.82,65.83,34.78
53242,171.82,65.83,34.78
195723,171.82,65.83,34.78
168264,171.82,65.83,34.78
1498,171.82,65.83,34.78
1794,171.82,65.83,34.78
1444,171.82,65.83,34.78
1484,171.82,65.83,34.78
1470,171.82,65.83,34.78
1596,171.82,65.83,34.78
1413,171.82,65.83,34.78
1463,171.82,65.83,34.78
1404,171.83,65.83,34.78
1439,171.82,65.83,34.78
1539,171.82,65.83,34.78
1424,171.83,65.83,34.78
1402,171.83,65.83,34.78
72373,171.82,65.83,34.78
189684,171.82,65.83,34.78
35551,171.82,65.83,34.78
124798,171.82,65.83,34.78
6852,171.82,65.83,34.78
21266,171.82,65.83,34.78
2817,171.82,65.83,34.78
9223,171.82,65.83,34.78
1793,171.82,65.83,34.78
1601,171.82,65.83,34.78
3545,171.82,65.83,34.78
1965,171.82,65.83,34.78
1998,171.82,65.83,34.78
26030,171.82,65.83,34.78
78256,171.82,65.83,34.78
9011,171.82,65.83,34.78
4095,171.82,65.83,34.78
33598,171.82,65.83,34.78
13187,171.82,65.83,34.78
2735,171.82,65.83,34.78
5514,171.82,65.83,34.78
1555,171.83,65.83,34.78
1500,171.83,65.83,34.78
1729,171.83,65.83,34.78
2344,171.83,65.83,34.78
1601,171.83,65.83,34.78
1403,171.83,65.83,34.78
1436,171.83,65.83,34.78
1494,171.83,65.83,34.78
1406,171.83,65.83,34.78
1442,171.83,65.83,34.78
1416,171.83,65.83,34.78
718629,171.81,65.83,34.77
496979,171.81,65.83,34.78
460868,171.82,65.83,34.78
409755,171.82,65.83,34.78
709980,171.82,65.83,34.77
662830,171.82,65.83,34.77
902428,171.81,65.83,34.77
839686,171.81,65.83,34.77
912658,171.82,65.83,34.77
900517,171.82,65.83,34.77
848694,171.82,65.83,34.77
823198,171.82,65.83,34.77
944571,171.81,65.83,34.77
959092,171.81,65.83,34.77
953233,171.82,65.83,34.77
933452,171.82,65.83,34.77
926779,171.82,65.83,34.77
896858,171.82,65.83,34.77
928349,171.82,65.83,34.77
899010,171.82,65.83,34.77
894618,171.82,65.83,34.77
833429,171.82,65.83,34.77
665958,171.83,65.83,34.77
693256,171.82,65.83,34.77
436772,171.83,65.83,34.77
939695,171.82,65.83,34.77
948850,171.82,65.83,34.77
943496,171.82,65.83,34.77
952680,171.82,65.83,34.77
829930,171.82,65.83,34.77
926095,171.82,65.83,34.77
942067,171.82,65.83,34.77
924114,171.82,65.83,34.77
871262,171.83,65.83,34.77
943046,171.82,65.83,34.77
914902,171.83,65.83,34.77
870573,171.83,65.83,34.77
805209,171.83,65.83,34.77
737144,171.83,65.83,34.77
587873,171.83,65.83,34.77
183386,171.83,65.83,34.77
375230,171.83,65.83,34.77
458918,171.83,65.83,34.77
279420,171.83,65.83,34.77
103216,171.83,65.83,34.77
231947,171.83,65.83,34.77
42343,171.83,65.83,34.77
135177,171.83,65.83,34.77
5519,171.83,65.83,34.77
31057,171.83,65.83,34.77
34729,171.83,65.83,34.77
3363,171.83,65.83,34.77
9753,171.83,65.83,34.77
2094,171.83,65.83,34.77
1456,171.83,65.83,34.77
1799,171.83,65.83,34.77
1521,171.83,65.83,34.77
3372,171.83,65.83,34.77
878673,171.82,65.83,34.77
790456,171.82,65.83,34.77
879536,171.82,65.83,34.77
777858,171.82,65.83,34.77
638160,171.82,65.83,34.77
408002,171.82,65.83,34.78
324952,171.82,65.83,34.78
580363,171.82,65.83,34.77
220810,171.82,65.83,34.78
458002,171.82,65.83,34.77
123364,171.82,65.83,34.78
54015,171.82,65.83,34.78
338341,171.82,65.83,34.77
182963,171.82,65.83,34.77
17658,171.82,65.83,34.78
72959,171.82,65.83,34.77
837490,171.82,65.83,34.77
696868,171.82,65.83,34.77
813199,171.82,65.83,34.77
682147,171.82,65.83,34.77
624656,171.82,65.83,34.77
425820,171.82,65.83,34.77
216309,171.82,65.83,34.77
74119,171.83,65.83,34.77
454928,171.82,65.83,34.77
214345,171.83,65.83,34.77
4383,171.83,65.83,34.78
1755,171.83,65.83,34.78
17173,171.83,65.83,34.77
3496,171.83,65.83,34.77
16517,171.83,65.83,34.77
64135,171.83,65.83,34.77
1839,171.83,65.83,34.77
3331,171.83,65.83,34.77
1649,171.83,65.83,34.77
8827,171.83,65.83,34.77
2093,171.83,65.83,34.77
1429,171.83,65.83,34.78
1490,171.83,65.83,34.77
1446,171.83,65.83,34.77
1450,171.83,65.83,34.77
1499,171.83,65.83,34.77
1467,171.83,65.83,34.77
1537,171.83,65.83,34.77
957865,171.82,65.83,34.75
957874,171.82,65.83,34.76
961170,171.82,65.83,34.75
961157,171.82,65.83,34.76
953808,171.82,65.83,34.76
962294,171.82,65.83,34.75
953373,171.82,65.83,34.75
961493,171.82,65.83,34.75
951361,171.82,65.83,34.75
959671,171.82,65.83,34.75
947005,171.82,65.83,34.75
951412,171.82,65.83,34.76
953895,171.82,65.83,34.76
954913,171.82,65.83,34.76
957368,171.82,65.83,34.76
943160,171.82,65.83,34.76
943097,171.82,65.83,34.77
948268,171.82,65.83,34.76
946410,171.82,65.83,34.77
951765,171.82,65.83,34.76
928974,171.82,65.83,34.76
834501,171.83,65.83,34.76
892174,171.83,65.83,34.76
957702,171.82,65.83,34.76
957234,171.82,65.83,34.76
960993,171.82,65.83,34.76
960546,171.82,65.83,34.76
952689,171.82,65.83,34.76
955401,171.82,65.83,34.76
956572,171.82,65.83,34.76
958809,171.82,65.83,34.76
959938,171.82,65.83,34.76
949641,171.82,65.83,34.76
914392,171.83,65.83,34.76
924126,171.83,65.83,34.76
784967,171.83,65.83,34.74
874319,171.83,65.83,34.75
652711,171.83,65.83,34.74
512274,171.83,65.83,34.74
516440,171.83,65.83,34.74
347341,171.83,65.83,34.74
343090,171.83,65.83,34.74
192375,171.83,65.83,34.74
191382,171.83,65.83,34.74
80226,171.83,65.83,34.74
136396,171.83,65.83,34.74
12686,171.83,65.83,34.74
3661,171.83,65.83,34.74
27672,171.83,65.83,34.74
7649,171.83,65.83,34.74
535791,171.83,65.83,34.75
328232,171.83,65.83,34.74
111651,171.83,65.83,34.74
60039,171.83,65.83,34.74
17235,171.83,65.83,34.74
34241,171.83,65.83,34.74
254340,171.83,65.83,34.75
178747,171.83,65.83,34.74
102045,171.83,65.83,34.75
62594,171.83,65.83,34.74
2116,171.83,65.83,34.73
26299,171.83,65.83,34.74
79444,171.83,65.83,34.74
6250,171.83,65.83,34.74
23720,171.83,65.83,34.74
955,171.83,65.83,34.73
994,171.83,65.83,34.73
1025,171.83,65.83,34.73
999,171.83,65.83,34.73
1064,171.83,65.83,34.73
1084,171.83,65.83,34.73
1095,171.83,65.83,34.73
1821,171.83,65.83,34.74
1124,171.83,65.83,34.74
4631,171.83,65.83,34.74
1882,171.83,65.83,34.74
27044,171.83,65.83,34.74
1143,171.83,65.83,34.74
1128,171.83,65.83,34.74
1166,171.83,65.83,34.74
1156,171.83,65.83,34.74
1216,171.83,65.83,34.74
2227,171.83,65.83,34.74
1260,171.84,65.83,34.74
1368,171.84,65.83,34.74
1446,171.84,65.83,34.74
1614,171.84,65.83,34.74
2116,171.84,65.83,34.74
1250,171.84,65.83,34.74
1773,171.84,65.83,34.74
4272,171.84,65.83,34.74
2275,171.84,65.83,34.74
7034,171.84,65.83,34.74
1405,171.84,65.83,34.74
1408,171.84,65.83,34.74
1284,171.84,65.83,34.74
5514,171.84,65.83,34.75
3575,171.84,65.83,34.74
24251,171.84,65.83,34.75
14177,171.84,65.83,34.74
1310,171.84,65.83,34.75
1668,171.84,65.83,34.75
1540,171.84,65.83,34.74
1100,171.83,65.83,34.73
1239,171.83,65.83,34.74
1207,171.84,65.83,34.74
1150,171.83,65.83,34.74
1212,171.84,65.83,34.74
693,171.82,65.83,34.73
768,171.83,65.83,34.73
752,171.83,65.83,34.73
873,171.83,65.83,34.73
609,171.82,65.83,34.72
625,171.83,65.83,34.72
532,171.82,65.83,34.72
684,171.83,65.83,34.72
816,171.83,65.83,34.73
894,171.83,65.83,34.73
906,171.83,65.83,34.73
933,171.83,65.83,34.73
1378,171.84,65.83,34.78
1432,171.83,65.83,34.77
1385,171.84,65.83,34.77
1393,171.84,65.83,34.77
1444,171.83,65.83,34.77
1396,171.84,65.83,34.77
1428,171.84,65.83,34.77
1500,171.84,65.83,34.77
1437,171.84,65.83,34.77
1544,171.84,65.83,34.77
1403,171.84,65.83,34.77
1477,171.83,65.83,34.77
1441,171.84,65.83,34.77
1401,171.84,65.83,34.77
927860,171.83,65.83,34.76
926887,171.83,65.83,34.75
907073,171.83,65.83,34.75
920916,171.83,65.83,34.75
906708,171.83,65.83,34.76
908119,171.83,65.83,34.75
886594,171.83,65.83,34.75
884293,171.83,65.83,34.76
903945,171.83,65.83,34.75
907367,171.83,65.83,34.75
885234,171.83,65.83,34.75
879601,171.83,65.83,34.75
721009,171.83,65.83,34.75
713691,171.83,65.83,34.76
519953,171.83,65.83,34.75
144036,171.84,65.83,34.75
507026,171.83,65.83,34.76
132973,171.84,65.83,34.76
716819,171.83,65.83,34.75
699702,171.83,65.83,34.75
488651,171.83,65.83,34.75
131297,171.84,65.83,34.75
513880,171.83,65.83,34.75
143224,171.84,65.83,34.75
764951,171.83,65.83,34.75
683619,171.83,65.83,34.75
409370,171.83,65.83,34.75
332963,171.83,65.83,34.75
202062,171.83,65.83,34.75
149313,171.83,65.83,34.75
529386,171.83,65.83,34.75
477565,171.83,65.83,34.75
306456,171.83,65.83,34.75
258000,171.83,65.83,34.75
725935,171.83,65.83,34.76
784069,171.83,65.83,34.76
392553,171.83,65.83,34.76
462410,171.83,65.83,34.76
177282,171.83,65.83,34.76
234936,171.83,65.83,34.76
556546,171.83,65.83,34.76
518870,171.83,65.83,34.76
325890,171.83,65.83,34.76
52197,171.84,65.83,34.76
285105,171.83,65.83,34.76
32445,171.84,65.83,34.76
403786,171.83,65.83,34.76
604457,171.83,65.83,34.76
57875,171.83,65.83,34.77
132799,171.83,65.83,34.76
7194,171.83,65.83,34.77
24442,171.83,65.83,34.76
308526,171.83,65.83,34.76
218714,171.83,65.83,34.76
62088,171.83,65.83,34.76
119495,171.83,65.83,34.76
1366,171.84,65.83,34.76
1363,171.84,65.83,34.76
1893,171.84,65.83,34.76
1382,171.84,65.83,34.77
1421,171.84,65.83,34.76
3198,171.84,65.83,34.76
1436,171.84,65.83,34.76
1365,171.84,65.83,34.75
1359,171.84,65.83,34.75
1371,171.84,65.83,34.76
1369,171.84,65.83,34.75
1370,171.84,65.83,34.76
1358,171.84,65.83,34.76
1385,171.84,65.83,34.76
1389,171.84,65.83,34.76
1353,171.84,65.83,34.76
1348,171.84,65.83,34.75
11447,171.84,65.83,34.75
1399,171.84,65.83,34.75
1924,171.84,65.83,34.75
7939,171.84,65.83,34.76
10080,171.84,65.83,34.75
1410,171.84,65.83,34.76
1410,171.84,65.83,34.75
1722,171.84,65.83,34.76
1832,171.84,65.83,34.75
7116,171.84,65.83,34.76
17877,171.84,65.83,34.76
3467,171.84,65.83,34.76
27332,171.84,65.83,34.76
4029,171.84,65.83,34.76
1495,171.84,65.83,34.76
1401,171.84,65.83,34.76
1568,171.84,65.83,34.76
1401,171.84,65.83,34.76
1574,171.84,65.83,34.76
12741,171.84,65.83,34.75
60963,171.84,65.83,34.75
8901,171.84,65.83,34.75
41085,171.84,65.83,34.75
1338,171.84,65.83,34.75
2171,171.84,65.83,34.75
1991,171.84,65.83,34.75
10573,171.84,65.83,34.75
112977,171.84,65.83,34.75
21298,171.84,65.83,34.75
17588,171.84,65.83,34.75
87352,171.84,65.83,34.75
1365,171.84,65.83,34.75
1906,171.84,65.83,34.75
1369,171.84,65.83,34.75
1532,171.84,65.83,34.75
1555,171.84,65.83,34.75
2581,171.84,65.83,34.75
2547,171.84,65.83,34.75
463292,171.81,65.83,34.78
659477,171.81,65.83,34.77
684441,171.81,65.83,34.77
711126,171.81,65.83,34.77
475397,171.81,65.83,34.78
511504,171.81,65.83,34.78
843599,171.81,65.83,34.77
861532,171.81,65.83,34.77
708572,171.81,65.83,34.77
532069,171.81,65.83,34.78
715813,171.81,65.83,34.77
522554,171.81,65.83,34.78
946054,171.81,65.83,34.77
922598,171.81,65.83,34.77
946676,171.81,65.83,34.77
926339,171.81,65.83,34.77
952350,171.82,65.83,34.75
954540,171.82,65.83,34.75
955882,171.82,65.83,34.76
955554,171.82,65.83,34.75
954139,171.82,65.83,34.76
955513,171.82,65.83,34.76
944706,171.82,65.83,34.76
951050,171.82,65.83,34.76
1589,171.81,65.82,34.78
2621,171.81,65.82,34.78
36093,171.81,65.82,34.78
245275,171.81,65.82,34.78
12672,171.81,65.82,34.78
152835,171.81,65.82,34.78
1614,171.81,65.82,34.78
1839,171.81,65.82,34.78
1705,171.8,65.83,34.78
1590,171.8,65.83,34.78
1997,171.8,65.83,34.78
1894,171.8,65.83,34.78
5203,171.8,65.83,34.78
3478,171.8,65.83,34.78
13078,171.8,65.83,34.78
2847,171.8,65.82,34.78
47579,171.8,65.82,34.78
1646,171.8,65.83,34.78
1668,171.8,65.82,34.78
503414,171.81,65.82,34.77
789180,171.81,65.82,34.77
892586,171.81,65.82,34.77
78672,171.8,65.83,34.78
214399,171.8,65.83,34.77
4475,171.8,65.83,34.78
31647,171.8,65.83,34.78
21907,171.8,65.83,34.77
105886,171.8,65.83,34.77
1980,171.8,65.83,34.78
4904,171.8,65.83,34.77
4265,171.8,65.83,34.78
16702,171.8,65.83,34.77
614578,171.8,65.83,34.77
417227,171.8,65.83,34.77
103186,171.8,65.83,34.77
288277,171.8,65.83,34.77
275002,171.8,65.83,34.77
522002,171.8,65.83,34.77
3441,171.8,65.83,34.77
27375,171.8,65.83,34.77
11264,171.8,65.83,34.77
85148,171.8,65.83,34.77
207696,171.8,65.83,34.77
81984,171.8,65.83,34.77
299294,171.8,65.82,34.77
654055,171.8,65.82,34.77
814522,171.8,65.83,34.77
691560,171.8,65.83,34.77
500778,171.8,65.83,34.77
580787,171.8,65.83,34.77
389392,171.8,65.83,34.77
153495,171.8,65.83,34.77
423705,171.8,65.83,34.77
47817,171.8,65.83,34.77
222156,171.8,65.83,34.77
910175,171.8,65.83,34.77
872075,171.8,65.83,34.77
808979,171.8,65.83,34.77
811045,171.8,65.83,34.77
722577,171.8,65.83,34.77
484482,171.8,65.83,34.77
311035,171.8,65.83,34.77
622950,171.8,65.83,34.77
762273,171.8,65.83,34.77
843458,171.8,65.82,34.77
956358,171.82,65.83,34.76
958711,171.81,65.83,34.76
951916,171.82,65.83,34.76
954960,171.81,65.83,34.76
958366,171.82,65.83,34.76
960305,171.81,65.83,34.76
959164,171.82,65.83,34.76
960890,171.81,65.83,34.76
957218,171.82,65.83,34.75
959464,171.81,65.83,34.75
958580,171.82,65.83,34.75
960519,171.81,65.83,34.75
959359,171.82,65.83,34.76
961048,171.81,65.83,34.76
959163,171.82,65.83,34.75
960928,171.81,65.83,34.75
960968,171.81,65.83,34.76
959958,171.81,65.83,34.76
961639,171.81,65.83,34.76
961168,171.81,65.83,34.76
959223,171.81,65.83,34.76
957265,171.81,65.83,34.76
906024,171.8,65.82,34.77
925919,171.81,65.82,34.77
955173,171.81,65.83,34.76
951443,171.81,65.83,34.76
957303,171.8,65.83,34.76
942996,171.8,65.83,34.76
954797,171.8,65.83,34.76
936837,171.8,65.83,34.76
938370,171.8,65.83,34.76
888719,171.8,65.83,34.76
757348,171.8,65.83,34.76
647027,171.8,65.83,34.77
949564,171.8,65.83,34.76
923000,171.8,65.83,34.76
862918,171.8,65.83,34.76
823080,171.8,65.83,34.76
961839,171.81,65.83,34.76
961624,171.81,65.83,34.76
961783,171.81,65.83,34.75
961558,171.81,65.83,34.75
960208,171.81,65.83,34.75
959048,171.81,65.83,34.75
961370,171.81,65.83,34.75
960862,171.81,65.83,34.75
958292,171.8,65.83,34.76
945281,171.8,65.83,34.76
958173,171.8,65.83,34.75
944910,171.8,65.83,34.75
956801,171.8,65.83,34.75
941579,171.8,65.83,34.75
953367,171.8,65.83,34.75
933103,171.8,65.83,34.75
289,171.82,65.83,34.72
332,171.82,65.83,34.72
423,171.82,65.83,34.73
536,171.82,65.83,34.73
456,171.82,65.83,34.72
947894,171.82,65.83,34.75
938939,171.82,65.83,34.74
934657,171.82,65.83,34.74
898701,171.82,65.83,34.74
919935,171.82,65.83,34.74
865206,171.82,65.83,34.74
767880,171.82,65.83,34.74
538942,171.82,65.82,34.73
342151,171.82,65.82,34.73
505718,171.82,65.83,34.73
289496,171.82,65.83,34.73
675330,171.82,65.83,34.74
298936,171.82,65.83,34.73
2313,171.82,65.82,34.73
1120,171.82,65.83,34.73
11500,171.82,65.82,34.73
6299,171.82,65.83,34.73
157912,171.82,65.82,34.73
55549,171.82,65.82,34.73
33812,171.82,65.83,34.73
113462,171.82,65.83,34.73
48618,171.82,65.83,34.73
2294,171.82,65.83,34.73
275,171.81,65.82,34.72
177,171.81,65.82,34.72
834,171.81,65.82,34.73
697,171.81,65.82,34.73
256,171.82,65.82,34.72
254,171.81,65.82,34.72
266,171.82,65.83,34.72
206,171.81,65.83,34.72
311,171.81,65.82,34.73
88,171.81,65.83,34.72
127,171.81,65.83,34.72
103,171.81,65.82,34.72
88,171.81,65.83,34.72
137,171.8,65.82,34.73
90,171.81,65.83,34.72
112,171.8,65.83,34.72
192,171.8,65.83,34.73
176,171.8,65.83,34.72
171,171.81,65.82,34.72
190,171.81,65.83,34.72
115,171.81,65.83,34.72
120,171.81,65.83,34.72
85,171.81,65.83,34.72
83,171.81,65.83,34.72
947980,171.82,65.83,34.74
951611,171.81,65.83,34.74
951687,171.81,65.83,34.74
946658,171.81,65.83,34.74
954229,171.82,65.83,34.75
956984,171.81,65.83,34.75
957502,171.81,65.83,34.75
955087,171.81,65.83,34.75
921303,171.81,65.82,34.74
922779,171.81,65.82,34.74
883633,171.81,65.82,34.74
883933,171.81,65.82,34.74
17401,171.81,65.82,34.73
15471,171.81,65.82,34.73
145418,171.81,65.82,34.73
130983,171.81,65.82,34.73
768006,171.81,65.82,34.74
763014,171.81,65.82,34.74
480441,171.81,65.82,34.73
462010,171.81,65.82,34.73
914868,171.81,65.82,34.74
862485,171.81,65.82,34.74
945967,171.8,65.83,34.75
913194,171.8,65.83,34.75
834755,171.8,65.83,34.75
774679,171.8,65.83,34.74
929639,171.8,65.83,34.74
858805,171.8,65.83,34.74
671253,171.8,65.83,34.74
522869,171.8,65.83,34.74
537818,171.8,65.83,34.74
743446,171.8,65.83,34.74
319903,171.8,65.83,34.74
561333,171.8,65.83,34.74
782865,171.8,65.83,34.74
651044,171.8,65.83,34.74
17927,171.8,65.83,34.74
111532,171.8,65.83,34.74
65545,171.8,65.83,34.74
260884,171.8,65.83,34.74
424925,171.8,65.83,34.74
242947,171.8,65.83,34.74
886796,171.8,65.83,34.74
825334,171.8,65.83,34.74
721351,171.8,65.83,34.74
743555,171.8,65.83,34.74
612105,171.8,65.83,34.74
339238,171.8,65.83,34.74
657764,171.8,65.83,34.74
175487,171.8,65.83,34.74
467063,171.8,65.83,34.74
888116,171.8,65.82,34.74
789888,171.8,65.82,34.74
699242,171.81,65.82,34.74
355513,171.81,65.82,34.73
7557,171.81,65.82,34.73
80054,171.81,65.82,34.73
10241,171.8,65.83,34.73
11070,171.8,65.83,34.73
44709,171.8,65.83,34.73
108163,171.8,65.83,34.73
34935,171.8,65.83,34.73
140503,171.8,65.83,34.74
328162,171.8,65.83,34.74
43861,171.8,65.83,34.74
143363,171.8,65.83,34.74
457367,171.8,65.83,34.74
257200,171.8,65.83,34.74
522057,171.8,65.82,34.74
182674,171.8,65.82,34.73
296,171.8,65.83,34.73
429,171.8,65.83,34.73
1635,171.8,65.83,34.73
1869,171.8,65.83,34.73
8308,171.8,65.83,34.73
1616,171.8,65.82,34.73
28015,171.8,65.82,34.73
1629,171.79,65.83,34.78
1654,171.8,65.83,34.78
1600,171.8,65.83,34.78
1624,171.79,65.83,34.78
1671,171.8,65.83,34.78
1677,171.8,65.83,34.78
1684,171.8,65.83,34.78
1699,171.8,65.83,34.78
1659,171.8,65.83,34.78
1664,171.8,65.83,34.78
1731,171.8,65.83,34.78
1596,171.8,65.83,34.78
1879,171.8,65.83,34.78
1755,171.79,65.83,34.77
1714,171.79,65.83,34.77
1665,171.79,65.83,34.77
1754,171.79,65.83,34.77
1765,171.79,65.83,34.77
1790,171.79,65.83,34.77
1784,171.79,65.83,34.77
1835,171.79,65.83,34.77
1851,171.79,65.83,34.77
1850,171.79,65.83,34.77
1931,171.79,65.83,34.77
1862,171.79,65.83,34.77
1941,171.79,65.83,34.77
1838,171.79,65.83,34.77
1877,171.79,65.83,34.77
1849,171.79,65.83,34.77
1933,171.79,65.83,34.77
2295,171.79,65.83,34.77
3377,171.79,65.83,34.77
2142,171.79,65.83,34.77
3544,171.79,65.83,34.77
1742,171.8,65.83,34.77
2924,171.8,65.83,34.77
7836,171.8,65.83,34.77
1807,171.79,65.83,34.77
2408,171.79,65.83,34.77
32233,171.8,65.83,34.77
98345,171.8,65.83,34.77
8011,171.79,65.83,34.77
26837,171.79,65.83,34.77
212948,171.8,65.83,34.77
348399,171.8,65.83,34.77
7607,171.79,65.83,34.77
80690,171.79,65.83,34.77
23502,171.79,65.83,34.77
177456,171.79,65.83,34.77
1789,171.79,65.83,34.77
3130,171.79,65.83,34.76
3716,171.79,65.83,34.76
4269,171.79,65.83,34.76
1899,171.79,65.83,34.77
1973,171.79,65.83,34.77
2036,171.79,65.83,34.76
2410,171.79,65.83,34.77
3112,171.79,65.83,34.76
2229,171.79,65.83,34.76
2497,171.79,65.83,34.76
2539,171.79,65.83,34.76
5367,171.79,65.83,34.76
9576,171.79,65.83,34.76
12156,171.79,65.83,34.76
105276,171.79,65.83,34.76
17080,171.79,65.83,34.76
144743,171.79,65.83,34.76
836432,171.8,65.83,34.76
263056,171.79,65.83,34.76
320862,171.79,65.83,34.76
474394,171.79,65.83,34.76
399781,171.79,65.83,34.76
22525,171.79,65.83,34.76
182516,171.79,65.83,34.76
27158,171.79,65.83,34.76
213177,171.79,65.83,34.76
870274,171.8,65.83,34.76
409393,171.79,65.83,34.76
372174,171.79,65.83,34.76
578313,171.79,65.83,34.76
537297,171.79,65.83,34.76
622715,171.8,65.83,34.76
496070,171.8,65.83,34.77
63168,171.79,65.83,34.77
132697,171.79,65.83,34.76
444606,171.79,65.83,34.76
304987,171.79,65.83,34.77
33642,171.79,65.83,34.77
74779,171.79,65.83,34.76
7649,171.79,65.83,34.77
18001,171.79,65.83,34.76
772469,171.8,65.83,34.76
713971,171.8,65.83,34.76
675617,171.79,65.83,34.76
311036,171.79,65.83,34.76
222207,171.79,65.83,34.76
574701,171.79,65.83,34.76
200620,171.79,65.83,34.76
137826,171.79,65.83,34.76
41208,171.79,65.83,34.76
71250,171.79,65.83,34.76
4969,171.79,65.83,34.75
3340,171.79,65.83,34.75
23190,171.79,65.83,34.75
4003,171.79,65.83,34.75
4977,171.79,65.83,34.75
46676,171.79,65.83,34.75
268410,171.79,65.83,34.75
28400,171.79,65.83,34.75
326876,171.79,65.83,34.75
45169,171.79,65.83,34.75
142686,171.79,65.83,34.75
204348,171.79,65.83,34.75
3863,171.79,65.83,34.75
4361,171.79,65.83,34.75
4624,171.79,65.83,34.75
4633,171.79,65.83,34.76
861085,171.8,65.83,34.75
547804,171.79,65.83,34.75
494464,171.79,65.83,34.75
811712,171.8,65.83,34.75
419326,171.79,65.83,34.75
338773,171.79,65.83,34.75
30541,171.79,65.83,34.75
240024,171.79,65.83,34.75
30694,171.79,65.83,34.76
232837,171.79,65.83,34.76
882182,171.8,65.83,34.76
433428,171.79,65.83,34.76
604015,171.79,65.83,34.76
442352,171.79,65.83,34.75
613129,171.79,65.83,34.75
24080,171.79,65.83,34.75
215940,171.79,65.83,34.75
29385,171.79,65.83,34.75
234711,171.79,65.83,34.75
879696,171.8,65.83,34.75
436395,171.79,65.83,34.75
607276,171.79,65.83,34.75
416779,171.79,65.83,34.75
587015,171.79,65.83,34.75
2123,171.79,65.83,34.76
2211,171.79,65.83,34.76
2270,171.79,65.83,34.76
2080,171.79,65.83,34.76
2077,171.79,65.83,34.76
1982,171.79,65.83,34.76
1910,171.79,65.83,34.76
2014,171.79,65.83,34.76
2040,171.79,65.83,34.76
2098,171.79,65.83,34.76
2145,171.79,65.83,34.76
2551,171.79,65.83,34.75
2551,171.79,65.83,34.75
2649,171.79,65.83,34.75
2472,171.79,65.83,34.75
2456,171.79,65.83,34.75
2412,171.79,65.83,34.75
2373,171.79,65.83,34.76
2462,171.79,65.83,34.75
2488,171.79,65.83,34.75
2529,171.79,65.83,34.75
2540,171.79,65.83,34.75
2349,171.79,65.83,34.75
2385,171.79,65.83,34.75
2281,171.79,65.83,34.75
2228,171.79,65.83,34.76
474,171.8,65.83,34.73
1059,171.8,65.83,34.73
2577,171.79,65.83,34.74
2586,171.79,65.83,34.74
2600,171.79,65.83,34.74
2750,171.79,65.83,34.74
2606,171.79,65.83,34.74
2603,171.79,65.83,34.74
2565,171.79,65.83,34.75
2758,171.79,65.83,34.75
2620,171.79,65.83,34.74
3922,171.79,65.83,34.74
9080,171.79,65.83,34.75
3613,171.79,65.83,34.74
8565,171.79,65.83,34.74
30904,171.79,65.83,34.74
81499,171.79,65.83,34.75
522221,171.8,65.83,34.74
376713,171.8,65.83,34.74
22106,171.79,65.83,34.74
192588,171.79,65.83,34.74
65177,171.79,65.83,34.74
329267,171.79,65.83,34.74
729154,171.8,65.83,34.75
645952,171.8,65.83,34.74
142937,171.79,65.83,34.74
476100,171.79,65.83,34.74
241953,171.79,65.83,34.75
606227,171.79,65.83,34.75
2512,171.8,65.83,34.73
2584,171.79,65.83,34.73
2582,171.79,65.83,34.74
2619,171.79,65.83,34.73
2597,171.79,65.83,34.74
2582,171.79,65.83,34.74
2611,171.79,65.83,34.74
2617,171.79,65.83,34.74
2582,171.79,65.83,34.74
2581,171.79,65.83,34.74
2574,171.79,65.83,34.74
2581,171.79,65.83,34.74
2605,171.79,65.83,34.74
2600,171.79,65.83,34.74
2591,171.79,65.83,34.74
2595,171.79,65.83,34.74
2647,171.79,65.83,34.74
2879,171.79,65.83,34.74
2644,171.79,65.83,34.74
2906,171.79,65.83,34.74
2701,171.8,65.83,34.74
9884,171.8,65.83,34.74
6704,171.8,65.83,34.74
36120,171.8,65.83,34.74
107945,171.8,65.83,34.74
36118,171.8,65.83,34.74
39304,171.8,65.83,34.74
11606,171.8,65.83,34.74
3248,171.79,65.83,34.74
7605,171.79,65.83,34.74
231884,171.8,65.83,34.74
111518,171.8,65.83,34.74
9757,171.79,65.83,34.74
92209,171.79,65.83,34.74
4434,171.79,65.83,34.74
31086,171.79,65.83,34.74
1806,171.8,65.83,34.73
1328,171.8,65.83,34.73
2166,171.8,65.83,34.73
1516,171.8,65.83,34.73
2052,171.8,65.83,34.73
2043,171.8,65.83,34.73
3324,171.8,65.83,34.74
2473,171.8,65.83,34.74
2237,171.8,65.83,34.73
2304,171.8,65.83,34.73
2503,171.79,65.83,34.73
2320,171.8,65.83,34.73
2383,171.8,65.83,34.73
1266,171.8,65.83,34.73
617,171.8,65.83,34.73
3488,171.8,65.83,34.73
1468,171.8,65.83,34.73
866,171.8,65.83,34.73
1041,171.8,65.83,34.73
786,171.8,65.83,34.73
904,171.8,65.83,34.73
1670,171.8,65.83,34.73
2676,171.8,65.83,34.73
3369,171.8,65.83,34.73
10288,171.8,65.83,34.73
2576,171.79,65.83,34.74
2558,171.79,65.83,34.75
2602,171.79,65.83,34.74
1585,171.8,65.83,34.78
1591,171.8,65.83,34.78
1632,171.8,65.83,34.78
1591,171.8,65.83,34.78
1533,171.81,65.82,34.79
1549,171.81,65.83,34.79
1478,171.81,65.83,34.79
1458,171.81,65.83,34.79
1487,171.81,65.83,34.79
1569,171.81,65.82,34.79
1505,171.81,65.83,34.79
1558,171.8,65.83,34.79
1582,171.8,65.83,34.79
1619,171.8,65.83,34.78
1579,171.81,65.83,34.79
1551,171.8,65.83,34.79
1626,171.8,65.82,34.78
1365,171.84,65.83,34.78
1386,171.84,65.83,34.77
1474,171.81,65.83,34.79
1426,171.81,65.83,34.79
1417,171.82,65.83,34.79
1432,171.81,65.83,34.79
1401,171.82,65.83,34.79
1499,171.81,65.82,34.79
1400,171.82,65.83,34.79
1478,171.82,65.83,34.79
1450,171.82,65.83,34.79
1398,171.82,65.83,34.79
1443,171.82,65.83,34.79
1376,171.83,65.83,34.79
1415,171.82,65.83,34.79
1374,171.83,65.83,34.79
142242,171.82,65.83,34.73
28852,171.83,65.82,34.73
469549,171.82,65.83,34.74
196369,171.83,65.82,34.74
932,171.82,65.83,34.73
821,171.83,65.82,34.73
12301,171.82,65.83,34.73
1799,171.83,65.82,34.73
933899,171.82,65.83,34.75
897147,171.83,65.82,34.75
917728,171.82,65.83,34.74
855888,171.83,65.82,34.74
879733,171.82,65.83,34.74
751066,171.83,65.82,34.74
763223,171.82,65.83,34.74
498514,171.83,65.82,34.74
629,171.82,65.83,34.73
410,171.82,65.83,34.72
394,171.82,65.83,34.72
467,171.82,65.83,34.72
445,171.82,65.83,34.72
562,171.82,65.83,34.72
349,171.82,65.82,34.72
358,171.82,65.83,34.72
1584,171.81,65.82,34.78
3946,171.81,65.82,34.78
1533,171.82,65.83,34.78
2525,171.82,65.83,34.78
48656,171.81,65.82,34.78
266405,171.81,65.82,34.78
25056,171.82,65.83,34.78
193438,171.82,65.83,34.78
1497,171.82,65.83,34.78
2299,171.82,65.83,34.78
1469,171.82,65.83,34.78
1667,171.82,65.83,34.78
1435,171.82,65.83,34.78
1426,171.83,65.83,34.78
1385,171.83,65.83,34.78
1506,171.82,65.83,34.78
1400,171.83,65.83,34.78
1463,171.83,65.83,34.78
1419,171.83,65.83,34.78
1377,171.83,65.83,34.78
1389,171.83,65.83,34.78
126350,171.82,65.83,34.78
17533,171.82,65.83,34.78
5284,171.82,65.83,34.78
2368,171.82,65.83,34.78
34382,171.82,65.83,34.78
86754,171.82,65.83,34.78
12208,171.82,65.83,34.78
7726,171.82,65.83,34.78
39464,171.82,65.83,34.78
19914,171.82,65.83,34.78
9439,171.82,65.83,34.78
23339,171.82,65.83,34.78
3080,171.83,65.83,34.78
7163,171.83,65.83,34.78
1531,171.83,65.83,34.78
2385,171.83,65.83,34.78
1411,171.83,65.83,34.78
1469,171.83,65.83,34.78
1377,171.84,65.83,34.78
1415,171.83,65.83,34.78
1393,171.84,65.83,34.78
1430,171.83,65.83,34.78
585364,171.82,65.83,34.77
843688,171.82,65.83,34.77
920931,171.82,65.83,34.77
942779,171.82,65.83,34.77
931867,171.82,65.83,34.77
898920,171.82,65.83,34.77
908137,171.82,65.83,34.77
867229,171.82,65.83,34.77
905486,171.82,65.83,34.77
859858,171.82,65.83,34.77
856007,171.82,65.83,34.77
770718,171.82,65.83,34.77
812476,171.82,65.83,34.77
702200,171.82,65.83,34.77
763728,171.83,65.83,34.77
559084,171.83,65.83,34.77
602575,171.83,65.83,34.77
354989,171.83,65.83,34.77
924441,171.82,65.83,34.77
936650,171.82,65.83,34.77
925819,171.82,65.83,34.77
939357,171.82,65.83,34.77
892649,171.82,65.83,34.77
813025,171.83,65.83,34.77
721050,171.83,65.83,34.77
740243,171.83,65.83,34.77
630174,171.83,65.83,34.77
633868,171.83,65.83,34.77
476311,171.83,65.83,34.77
288537,171.83,65.83,34.77
466348,171.83,65.83,34.77
141084,171.83,65.83,34.77
293072,171.83,65.83,34.77
179606,171.83,65.83,34.77
35999,171.83,65.83,34.77
7726,171.83,65.83,34.77
1964,171.83,65.83,34.77
23109,171.83,65.83,34.77
2941,171.83,65.83,34.77
2406,171.83,65.83,34.77
781081,171.82,65.83,34.77
459357,171.82,65.83,34.77
217444,171.82,65.83,34.78
426494,171.82,65.83,34.77
125241,171.82,65.83,34.78
59002,171.82,65.83,34.78
309438,171.82,65.83,34.77
165978,171.82,65.83,34.77
61793,171.82,65.83,34.78
152134,171.82,65.83,34.77
18376,171.83,65.83,34.78
65786,171.83,65.83,34.77
797915,171.82,65.83,34.77
644172,171.82,65.83,34.77
756366,171.82,65.83,34.77
600328,171.82,65.83,34.77
559761,171.82,65.83,34.77
369812,171.82,65.83,34.77
321006,171.82,65.83,34.77
527899,171.82,65.83,34.77
183935,171.83,65.83,34.77
61167,171.83,65.83,34.77
378800,171.83,65.83,34.77
170052,171.83,65.83,34.77
9987,171.83,65.83,34.77
55265,171.83,65.83,34.77
140178,171.83,65.83,34.77
15263,171.83,65.83,34.77
50437,171.83,65.83,34.77
1770,171.83,65.83,34.77
4422,171.83,65.83,34.77
1452,171.83,65.83,34.77
1537,171.83,65.83,34.77
948053,171.82,65.83,34.76
929283,171.83,65.82,34.76
947604,171.82,65.83,34.75
928538,171.83,65.82,34.75
945717,171.82,65.83,34.75
924456,171.83,65.82,34.75
941744,171.82,65.83,34.75
915518,171.83,65.82,34.75
938797,171.82,65.83,34.76
907425,171.83,65.82,34.76
927512,171.82,65.83,34.76
879284,171.83,65.82,34.76
681885,171.83,65.82,34.76
789169,171.83,65.82,34.76
947111,171.82,65.83,34.76
926887,171.83,65.82,34.76
944399,171.82,65.83,34.76
920565,171.83,65.82,34.76
839301,171.83,65.82,34.76
862163,171.83,65.82,34.76
615549,171.83,65.82,34.74
753134,171.83,65.82,34.75
387232,171.83,65.82,34.74
160917,171.83,65.82,34.74
89218,171.83,65.82,34.74
11474,171.83,65.83,34.74
352406,171.83,65.82,34.75
207742,171.83,65.82,34.74
40898,171.83,65.83,34.74
100877,171.83,65.83,34.75
2304,171.83,65.82,34.73
28750,171.83,65.82,34.74
990,171.83,65.82,34.73
1010,171.83,65.83,34.73
991,171.84,65.83,34.73
1019,171.83,65.83,34.73
1110,171.83,65.83,34.73
1082,171.83,65.83,34.73
21801,171.83,65.82,34.74
2732,171.83,65.83,34.74
2542,171.83,65.83,34.74
1175,171.83,65.83,34.74
1726,171.84,65.83,34.74
1230,171.84,65.83,34.74
1271,171.84,65.83,34.74
1266,171.84,65.83,34.74
1281,171.84,65.83,34.75
3813,171.84,65.83,34.74
1264,171.84,65.83,34.74
1367,171.84,65.83,34.74
8995,171.84,65.83,34.75
1534,171.84,65.83,34.75
1016,171.84,65.83,34.73
1245,171.84,65.83,34.74
1118,171.83,65.83,34.73
1084,171.84,65.83,34.73
1246,171.84,65.83,34.74
1155,171.83,65.83,34.74
1140,171.84,65.83,34.74
1186,171.84,65.83,34.74
731,171.83,65.82,34.73
893,171.83,65.82,34.73
780,171.83,65.83,34.73
690,171.83,65.83,34.72
548,171.82,65.83,34.72
649,171.83,65.82,34.72
706,171.83,65.83,34.72
565,171.83,65.83,34.72
500,171.83,65.83,34.72
834,171.83,65.83,34.73
820,171.83,65.83,34.73
929,171.83,65.83,34.73
757,171.83,65.83,34.72
949,171.83,65.83,34.73
926,171.84,65.83,34.73
1379,171.84,65.83,34.78
1391,171.84,65.83,34.78
1344,171.84,65.83,34.78
1345,171.84,65.83,34.78
1400,171.84,65.83,34.77
1401,171.84,65.83,34.77
1359,171.84,65.83,34.78
1411,171.84,65.83,34.77
1406,171.84,65.83,34.77
1374,171.84,65.83,34.77
1476,171.84,65.83,34.77
1426,171.84,65.83,34.77
1376,171.84,65.83,34.77
1416,171.84,65.83,34.77
870483,171.83,65.82,34.76
868143,171.83,65.82,34.75
821769,171.83,65.82,34.75
854230,171.83,65.82,34.75
804329,171.83,65.83,34.76
799191,171.83,65.83,34.75
588206,171.83,65.83,34.75
579217,171.83,65.83,34.76
366412,171.83,65.83,34.75
80535,171.84,65.83,34.75
353843,171.83,65.83,34.76
69246,171.84,65.83,34.76
583403,171.83,65.83,34.75
564273,171.83,65.83,34.75
342501,171.83,65.83,34.75
76994,171.84,65.83,34.75
362343,171.83,65.83,34.75
81847,171.84,65.83,34.75
568382,171.83,65.82,34.75
480341,171.83,65.82,34.75
178253,171.83,65.83,34.75
251987,171.83,65.83,34.75
522383,171.83,65.82,34.76
594260,171.83,65.82,34.76
201480,171.83,65.83,34.76
265233,171.83,65.83,34.76
251966,171.83,65.82,34.76
402284,171.83,65.82,34.76
25097,171.83,65.83,34.76
103909,171.83,65.83,34.76
1375,171.84,65.83,34.76
1333,171.84,65.83,34.77
1374,171.84,65.83,34.76
1330,171.84,65.83,34.76
1575,171.84,65.83,34.76
1391,171.84,65.83,34.76
2276,171.84,65.83,34.76
1405,171.84,65.83,34.76
1378,171.84,65.83,34.75
1380,171.84,65.83,34.75
1337,171.84,65.83,34.75
1391,171.84,65.83,34.76
1387,171.84,65.83,34.75
1346,171.84,65.83,34.76
1328,171.84,65.83,34.76
1367,171.84,65.83,34.76
1326,171.84,65.83,34.76
1359,171.84,65.83,34.76
1301,171.84,65.83,34.75
1322,171.84,65.83,34.75
1322,171.84,65.83,34.75
46957,171.84,65.83,34.75
7299,171.84,65.83,34.75
45534,171.84,65.83,34.75
7524,171.84,65.83,34.75
1356,171.84,65.83,34.75
1819,171.84,65.83,34.75
1405,171.84,65.83,34.75
1816,171.84,65.83,34.75
34471,171.84,65.83,34.76
44175,171.84,65.83,34.75
5167,171.84,65.83,34.76
6458,171.84,65.83,34.75
1405,171.84,65.83,34.76
1408,171.84,65.83,34.75
1642,171.84,65.83,34.76
1728,171.84,65.83,34.75
4068,171.84,65.83,34.76
7143,171.84,65.83,34.76
1427,171.84,65.83,34.76
1481,171.84,65.83,34.76
17901,171.84,65.83,34.75
1765,171.84,65.83,34.75
27435,171.84,65.83,34.75
1998,171.84,65.83,34.75
605448,171.81,65.82,34.77
831015,171.81,65.82,34.77
832343,171.81,65.82,34.77
618576,171.81,65.82,34.77
931642,171.81,65.82,34.77
905742,171.81,65.82,34.77
930563,171.81,65.82,34.77
905255,171.81,65.82,34.77
944750,171.82,65.82,34.75
935825,171.82,65.82,34.75
947529,171.82,65.82,34.75
939853,171.82,65.82,34.75
949180,171.82,65.82,34.76
942211,171.82,65.82,34.76
948853,171.82,65.82,34.75
941789,171.82,65.82,34.75
946807,171.82,65.82,34.76
938609,171.82,65.82,34.76
948617,171.82,65.82,34.76
941294,171.82,65.82,34.76
923261,171.82,65.82,34.76
936183,171.82,65.82,34.76
933324,171.82,65.82,34.76
943178,171.82,65.82,34.76
1662,171.81,65.82,34.78
1611,171.81,65.82,34.78
6129,171.81,65.82,34.78
2907,171.81,65.82,34.78
71573,171.81,65.82,34.78
43084,171.81,65.82,34.78
315800,171.81,65.82,34.78
256653,171.81,65.82,34.78
575367,171.81,65.82,34.77
793229,171.81,65.82,34.77
879999,171.81,65.82,34.77
11845,171.81,65.82,34.78
138166,171.81,65.82,34.78
1621,171.81,65.82,34.78
1863,171.81,65.82,34.78
1723,171.8,65.83,34.78
5086,171.8,65.83,34.78
2487,171.8,65.82,34.78
36201,171.8,65.82,34.78
1643,171.8,65.83,34.78
1656,171.8,65.82,34.78
443663,171.81,65.82,34.77
719861,171.81,65.82,34.77
850161,171.81,65.82,34.77
87546,171.8,65.83,34.77
4747,171.8,65.83,34.77
354875,171.8,65.83,34.77
68575,171.8,65.83,34.77
229356,171.8,65.82,34.77
532142,171.8,65.82,34.77
677340,171.8,65.83,34.77
278896,171.8,65.83,34.77
840152,171.8,65.83,34.77
559863,171.8,65.83,34.77
759545,171.8,65.82,34.77
947579,171.81,65.82,34.76
948859,171.81,65.82,34.76
941740,171.81,65.82,34.76
912804,171.81,65.82,34.77
943076,171.81,65.82,34.76
950531,171.81,65.82,34.76
951724,171.81,65.82,34.76
952000,171.81,65.82,34.76
953135,171.81,65.82,34.76
948957,171.81,65.82,34.75
950341,171.81,65.82,34.75
951173,171.81,65.82,34.75
952460,171.81,65.82,34.75
952466,171.81,65.82,34.76
953610,171.81,65.82,34.76
952205,171.81,65.82,34.75
953398,171.81,65.82,34.75
945266,171.8,65.82,34.76
950503,171.81,65.82,34.76
947998,171.8,65.82,34.76
952241,171.81,65.82,34.76
939922,171.8,65.82,34.76
947013,171.81,65.82,34.76
857480,171.8,65.82,34.77
898524,171.81,65.82,34.77
929193,171.8,65.82,34.76
940031,171.81,65.82,34.76
935528,171.8,65.83,34.76
893766,171.8,65.83,34.76
930251,171.8,65.83,34.76
878290,171.8,65.83,34.76
896868,171.8,65.83,34.76
759353,171.8,65.83,34.76
919523,171.8,65.83,34.76
844991,171.8,65.83,34.76
949063,171.8,65.82,34.76
952876,171.81,65.82,34.76
948851,171.8,65.82,34.75
952689,171.81,65.82,34.75
949077,171.81,65.82,34.75
943486,171.8,65.82,34.75
951606,171.81,65.82,34.75
947249,171.8,65.82,34.75
937573,171.8,65.83,34.76
899718,171.8,65.83,34.76
937239,171.8,65.83,34.75
898582,171.8,65.83,34.75
934298,171.8,65.83,34.75
889632,171.8,65.83,34.75
927218,171.8,65.83,34.75
867905,171.8,65.83,34.75
348,171.82,65.82,34.72
303,171.82,65.82,34.72
386,171.82,65.82,34.72
663,171.82,65.82,34.73
610,171.82,65.82,34.73
511,171.82,65.82,34.72
1638,171.82,65.82,34.73
361,171.82,65.82,34.72
928446,171.82,65.82,34.75
939619,171.82,65.82,34.75
914425,171.82,65.82,34.74
930002,171.82,65.82,34.74
911122,171.82,65.82,34.74
863653,171.82,65.82,34.74
885488,171.82,65.82,34.74
808164,171.82,65.82,34.74
899929,171.82,65.82,34.74
855538,171.82,65.82,34.74
723717,171.82,65.82,34.74
422006,171.82,65.82,34.73
607076,171.82,65.82,34.74
286212,171.82,65.82,34.73
739936,171.82,65.82,34.74
490790,171.82,65.82,34.73
9761,171.82,65.82,34.73
116730,171.82,65.82,34.73
55243,171.82,65.82,34.73
2977,171.82,65.82,34.73
186989,171.82,65.82,34.73
29582,171.82,65.82,34.73
252,171.81,65.82,34.72
154,171.81,65.82,34.72
1912,171.81,65.82,34.73
1235,171.81,65.82,34.73
150,171.82,65.83,34.71
293,171.82,65.82,34.72
259,171.82,65.82,34.72
211,171.81,65.82,34.72
223,171.81,65.82,34.72
202,171.82,65.83,34.72
353,171.81,65.82,34.73
138,171.81,65.82,34.72
92,171.81,65.82,34.72
104,171.81,65.82,34.72
99,171.8,65.83,34.72
92,171.81,65.83,34.72
209,171.8,65.82,34.73
100,171.8,65.82,34.72
178,171.8,65.83,34.72
502,171.8,65.83,34.73
161,171.8,65.83,34.72
394,171.8,65.83,34.72
147,171.81,65.82,34.72
123,171.81,65.82,34.72
95,171.81,65.82,34.72
95,171.81,65.83,34.72
84,171.81,65.83,34.72
100,171.8,65.83,34.72
921335,171.8,65.82,34.74
936856,171.81,65.82,34.74
938441,171.81,65.82,34.74
934631,171.81,65.82,34.74
936076,171.8,65.82,34.75
944793,171.81,65.82,34.75
946276,171.81,65.82,34.75
944162,171.81,65.82,34.75
905210,171.81,65.82,34.74
901109,171.81,65.82,34.74
863924,171.81,65.82,34.74
852966,171.81,65.82,34.74
34107,171.81,65.82,34.73
23732,171.81,65.82,34.73
194670,171.81,65.82,34.73
152137,171.81,65.82,34.73
753996,171.81,65.82,34.74
724009,171.81,65.82,34.74
506271,171.81,65.82,34.73
451523,171.81,65.82,34.73
883038,171.81,65.82,34.74
810585,171.81,65.82,34.74
912472,171.8,65.83,34.75
821101,171.8,65.83,34.75
880373,171.8,65.83,34.74
698867,171.8,65.83,34.74
908297,171.8,65.82,34.75
884334,171.8,65.82,34.74
557366,171.8,65.83,34.74
173020,171.8,65.83,34.74
793897,171.8,65.83,34.74
447207,171.8,65.83,34.74
828893,171.8,65.82,34.74
684273,171.8,65.82,34.74
624783,171.81,65.82,34.74
317440,171.81,65.82,34.73
8952,171.81,65.82,34.73
83185,171.81,65.82,34.73
46350,171.8,65.83,34.73
228328,171.8,65.83,34.74
410897,171.8,65.82,34.74
143922,171.8,65.82,34.73
527,171.8,65.83,34.73
3134,171.8,65.83,34.73
1289,171.8,65.82,34.73
24389,171.8,65.82,34.73
1652,171.79,65.83,34.78
1612,171.79,65.83,34.78
1579,171.79,65.83,34.78
1580,171.79,65.83,34.78
1634,171.8,65.83,34.78
1656,171.8,65.83,34.78
1651,171.8,65.83,34.78
1719,171.8,65.83,34.78
1693,171.79,65.83,34.77
1797,171.79,65.83,34.77
1733,171.79,65.83,34.77
1652,171.79,65.83,34.78
1716,171.79,65.83,34.77
1770,171.79,65.83,34.77
1821,171.79,65.83,34.77
1851,171.79,65.83,34.77
1878,171.79,65.83,34.77
1878,171.79,65.83,34.77
1936,171.79,65.83,34.77
1837,171.79,65.83,34.77
2149,171.79,65.83,34.77
2139,171.79,65.83,34.77
2967,171.79,65.83,34.77
5114,171.79,65.83,34.77
12284,171.79,65.83,34.77
1713,171.79,65.83,34.77
2683,171.79,65.83,34.77
21401,171.79,65.83,34.77
123644,171.79,65.83,34.77
1771,171.79,65.83,34.77
2378,171.79,65.83,34.76
2645,171.79,65.83,34.76
6831,171.79,65.83,34.76
8958,171.79,65.83,34.76
3075,171.79,65.83,34.76
3303,171.79,65.83,34.76
11610,171.79,65.83,34.76
13145,171.79,65.83,34.76
2181,171.79,65.83,34.76
3276,171.79,65.83,34.76
607340,171.79,65.83,34.76
111420,171.79,65.83,34.76
682090,171.79,65.83,34.76
157758,171.79,65.83,34.76
289470,171.79,65.83,34.76
15354,171.79,65.83,34.76
471329,171.79,65.83,34.76
55880,171.79,65.83,34.76
3466,171.79,65.83,34.75
3085,171.79,65.83,34.75
2932,171.79,65.83,34.75
8761,171.79,65.83,34.75
3459,171.79,65.83,34.75
16871,171.79,65.83,34.75
381084,171.79,65.83,34.75
334690,171.79,65.83,34.75
13182,171.79,65.83,34.75
19936,171.79,65.83,34.75
148082,171.79,65.83,34.75
186730,171.79,65.83,34.75
276515,171.79,65.83,34.75
213398,171.79,65.83,34.75
70670,171.79,65.83,34.75
110909,171.79,65.83,34.75
3167,171.79,65.83,34.75
3400,171.79,65.83,34.75
11290,171.79,65.83,34.75
13998,171.79,65.83,34.75
3543,171.79,65.83,34.75
3574,171.79,65.83,34.76
14205,171.79,65.83,34.75
14956,171.79,65.83,34.76
661650,171.79,65.83,34.75
567647,171.79,65.83,34.75
711664,171.79,65.83,34.76
180496,171.79,65.83,34.76
705522,171.79,65.83,34.75
173945,171.79,65.83,34.75
2072,171.79,65.83,34.76
2103,171.79,65.83,34.76
2194,171.79,65.83,34.76
2236,171.79,65.83,34.76
1948,171.79,65.83,34.76
2022,171.79,65.83,34.76
1963,171.78,65.83,34.76
1874,171.79,65.83,34.77
2000,171.78,65.83,34.76
2090,171.78,65.83,34.76
2506,171.79,65.83,34.75
2523,171.79,65.83,34.75
2577,171.79,65.83,34.75
2586,171.79,65.83,34.75
2373,171.79,65.83,34.75
2439,171.79,65.83,34.75
2448,171.79,65.83,34.75
2377,171.79,65.83,34.75
2344,171.79,65.83,34.76
2442,171.79,65.83,34.75
2470,171.79,65.83,34.75
2525,171.79,65.83,34.75
2335,171.78,65.83,34.75
2223,171.78,65.83,34.76
2125,171.8,65.83,34.73
998,171.8,65.83,34.73
1762,171.8,65.83,34.73
830,171.8,65.83,34.72
2610,171.79,65.83,34.74
2589,171.79,65.83,34.74
2594,171.79,65.83,34.74
2617,171.79,65.83,34.74
2695,171.79,65.83,34.74
2627,171.79,65.83,34.74
3266,171.79,65.83,34.74
2676,171.79,65.83,34.75
4770,171.79,65.83,34.75
3197,171.79,65.83,34.74
4979,171.79,65.83,34.74
29250,171.79,65.83,34.74
10734,171.79,65.83,34.74
13543,171.79,65.83,34.74
36222,171.79,65.83,34.75
143707,171.79,65.83,34.75
70862,171.79,65.83,34.74
209504,171.79,65.83,34.74
403592,171.79,65.83,34.75
2613,171.79,65.83,34.74
2579,171.79,65.83,34.73
2626,171.79,65.83,34.73
2618,171.79,65.83,34.74
2601,171.79,65.83,34.74
2598,171.79,65.83,34.74
2601,171.79,65.83,34.74
2596,171.79,65.83,34.74
2590,171.79,65.83,34.74
2583,171.79,65.83,34.74
2584,171.79,65.83,34.74
2587,171.79,65.83,34.74
2620,171.79,65.83,34.74
2686,171.79,65.83,34.74
2637,171.79,65.83,34.74
2755,171.79,65.83,34.74
3584,171.79,65.83,34.74
6423,171.79,65.83,34.74
3029,171.8,65.83,34.74
5234,171.8,65.83,34.74
2495,171.79,65.83,34.74
2658,171.79,65.83,34.74
33910,171.8,65.83,34.74
7730,171.79,65.83,34.74
65621,171.79,65.83,34.74
1827,171.8,65.83,34.73
2298,171.8,65.83,34.73
2027,171.8,65.83,34.73
2455,171.79,65.83,34.73
2440,171.8,65.83,34.73
1290,171.8,65.83,34.73
3533,171.8,65.83,34.73
1416,171.8,65.83,34.73
2579,171.79,65.83,34.75
2585,171.79,65.83,34.74
2563,171.79,65.83,34.75
2610,171.79,65.83,34.74
1612,171.8,65.83,34.78
1570,171.8,65.83,34.78
1616,171.8,65.83,34.78
1569,171.79,65.83,34.78
1616,171.8,65.83,34.78
1515,171.81,65.82,34.79
1551,171.81,65.82,34.79
1480,171.81,65.82,34.79
1499,171.81,65.83,34.79
1507,171.81,65.82,34.79
1498,171.81,65.82,34.79
1424,171.81,65.83,34.79
1582,171.81,65.82,34.79
1539,171.81,65.83,34.79
1509,171.8,65.83,34.79
1520,171.8,65.83,34.79
1593,171.8,65.83,34.79
1550,171.8,65.83,34.79
1610,171.8,65.83,34.78
1508,171.8,65.83,34.79
1622,171.8,65.82,34.78
1581,171.8,65.82,34.79
1335,171.84,65.83,34.78
1367,171.84,65.83,34.77
1357,171.84,65.83,34.77
1458,171.81,65.82,34.79
1443,171.81,65.82,34.79
1442,171.82,65.83,34.79
1373,171.82,65.83,34.79
1424,171.82,65.82,34.79
1383,171.82,65.83,34.79
1358,171.83,65.83,34.79
1376,171.82,65.83,34.79
1389,171.82,65.83,34.79
1447,171.82,65.82,34.79
1481,171.82,65.82,34.79
1429,171.82,65.82,34.79
1463,171.82,65.82,34.79
1364,171.82,65.83,34.79
1432,171.82,65.82,34.79
1422,171.82,65.82,34.79
1347,171.83,65.83,34.79
1344,171.83,65.83,34.79
1393,171.83,65.82,34.79
1358,171.83,65.83,34.79
1389,171.83,65.83,34.79
1335,171.83,65.83,34.79
1350,171.83,65.83,34.79
125130,171.82,65.82,34.73
22994,171.83,65.82,34.73
391212,171.82,65.82,34.74
149583,171.83,65.82,34.74
1078,171.82,65.82,34.73
875,171.83,65.82,34.73
12699,171.82,65.82,34.73
1853,171.83,65.82,34.73
903686,171.82,65.82,34.75
836311,171.83,65.82,34.75
877691,171.82,65.82,34.74
766833,171.83,65.82,34.74
817264,171.82,65.82,34.74
616866,171.83,65.82,34.74
664648,171.82,65.82,34.74
378503,171.83,65.82,34.74
687,171.82,65.82,34.73
433,171.82,65.83,34.72
427,171.82,65.82,34.72
447,171.82,65.82,34.72
605,171.82,65.82,34.72
489,171.82,65.82,34.72
241,171.82,65.83,34.71
384,171.82,65.82,34.72
330,171.82,65.83,34.72
1711,171.82,65.82,34.78
8137,171.82,65.82,34.78
1564,171.82,65.82,34.78
4140,171.82,65.82,34.78
74830,171.82,65.82,34.78
303780,171.82,65.82,34.78
41514,171.82,65.82,34.78
222846,171.82,65.82,34.78
1511,171.82,65.82,34.78
2946,171.82,65.82,34.78
1457,171.82,65.83,34.78
1780,171.82,65.83,34.78
1417,171.83,65.82,34.78
1374,171.83,65.83,34.79
1406,171.83,65.83,34.78
1496,171.83,65.82,34.78
1428,171.83,65.83,34.78
1384,171.83,65.83,34.78
1396,171.83,65.83,34.78
1359,171.83,65.83,34.78
1364,171.83,65.83,34.78
133360,171.82,65.82,34.78
22845,171.82,65.82,34.78
7054,171.82,65.83,34.78
2362,171.83,65.82,34.78
50120,171.82,65.83,34.78
11191,171.83,65.82,34.78
1481,171.83,65.82,34.78
2196,171.83,65.82,34.78
1408,171.83,65.82,34.78
1449,171.83,65.82,34.78
1392,171.83,65.83,34.78
1407,171.83,65.83,34.78
559640,171.82,65.82,34.77
800064,171.82,65.82,34.77
891764,171.82,65.82,34.77
922934,171.82,65.82,34.77
903460,171.82,65.82,34.77
853193,171.82,65.82,34.77
830584,171.82,65.83,34.77
610348,171.83,65.82,34.77
902829,171.82,65.83,34.77
810122,171.83,65.82,34.77
474908,171.83,65.82,34.77
220861,171.83,65.82,34.77
105034,171.83,65.82,34.77
18998,171.83,65.82,34.77
4450,171.83,65.83,34.77
1901,171.83,65.83,34.77
710268,171.82,65.82,34.77
413546,171.82,65.82,34.77
245825,171.82,65.83,34.77
70869,171.83,65.82,34.77
606228,171.82,65.83,34.77
285709,171.83,65.82,34.77
8310,171.83,65.82,34.77
52061,171.83,65.82,34.77
1640,171.83,65.82,34.77
3254,171.83,65.82,34.77
1424,171.83,65.83,34.77
1478,171.83,65.83,34.77
927566,171.82,65.82,34.76
892350,171.83,65.82,34.76
926938,171.82,65.82,34.75
891018,171.83,65.82,34.75
923642,171.82,65.82,34.75
883806,171.83,65.82,34.75
916724,171.82,65.82,34.75
868037,171.83,65.82,34.75
911480,171.82,65.82,34.76
854021,171.83,65.82,34.76
892941,171.82,65.82,34.76
804161,171.83,65.82,34.76
520075,171.83,65.82,34.76
650834,171.83,65.82,34.76
925779,171.82,65.82,34.76
888081,171.83,65.82,34.76
920950,171.82,65.82,34.76
876827,171.83,65.82,34.76
727366,171.83,65.82,34.76
767248,171.83,65.82,34.76
454468,171.83,65.82,34.74
602977,171.83,65.82,34.75
271527,171.83,65.82,34.74
112329,171.83,65.82,34.74
57398,171.83,65.82,34.74
7713,171.84,65.82,34.74
224331,171.83,65.82,34.75
130070,171.83,65.82,34.74
24466,171.84,65.82,34.74
56222,171.84,65.82,34.75
2494,171.83,65.82,34.73
22794,171.83,65.82,34.74
1062,171.83,65.82,34.73
1026,171.83,65.82,34.73
1022,171.83,65.83,34.73
1178,171.83,65.82,34.73
1080,171.83,65.83,34.73
15534,171.83,65.82,34.74
2765,171.83,65.82,34.74
2255,171.84,65.82,34.74
1201,171.83,65.83,34.74
1204,171.84,65.83,34.74
1553,171.84,65.83,34.74
1237,171.84,65.83,34.74
1268,171.84,65.83,34.74
1238,171.84,65.83,34.74
1280,171.84,65.83,34.75
1257,171.84,65.83,34.75
2641,171.84,65.83,34.74
1302,171.84,65.83,34.74
5066,171.84,65.83,34.75
1393,171.84,65.83,34.75
1046,171.84,65.83,34.73
997,171.84,65.83,34.73
1166,171.84,65.83,34.74
1214,171.84,65.83,34.74
1070,171.84,65.83,34.73
1097,171.84,65.83,34.73
1234,171.84,65.83,34.74
1132,171.84,65.83,34.74
1161,171.84,65.83,34.74
1126,171.84,65.83,34.74
1081,171.84,65.83,34.73
443,171.83,65.83,34.72
760,171.83,65.82,34.73
890,171.83,65.82,34.73
807,171.83,65.82,34.73
711,171.83,65.82,34.72
687,171.83,65.82,34.72
575,171.83,65.83,34.72
523,171.83,65.82,34.72
579,171.83,65.82,34.72
664,171.83,65.83,34.72
823,171.83,65.83,34.73
847,171.83,65.83,34.73
946,171.83,65.82,34.73
919,171.84,65.83,34.73
761,171.83,65.83,34.72
778,171.83,65.82,34.72
935,171.83,65.83,34.73
856,171.83,65.83,34.73
935,171.84,65.83,34.73
1358,171.84,65.82,34.78
1325,171.84,65.83,34.78
1369,171.84,65.83,34.78
1357,171.84,65.83,34.78
1336,171.84,65.83,34.78
1330,171.84,65.83,34.78
1342,171.84,65.83,34.77
1339,171.84,65.83,34.77
1378,171.84,65.83,34.77
1379,171.84,65.83,34.77
1391,171.84,65.83,34.77
1368,171.84,65.83,34.77
1361,171.84,65.83,34.77
1386,171.84,65.83,34.77
1432,171.84,65.83,34.77
1406,171.84,65.83,34.77
1389,171.84,65.83,34.77
781375,171.83,65.82,34.76
776940,171.83,65.82,34.75
698491,171.83,65.82,34.75
752072,171.83,65.82,34.75
621375,171.83,65.82,34.76
614063,171.83,65.82,34.75
301476,171.83,65.83,34.76
297338,171.83,65.83,34.75
390067,171.83,65.82,34.75
317653,171.83,65.82,34.75
99272,171.84,65.82,34.75
140520,171.84,65.82,34.75
347022,171.83,65.82,34.76
410944,171.83,65.82,34.76
102399,171.84,65.82,34.76
149038,171.84,65.82,34.76
148678,171.83,65.82,34.76
251987,171.83,65.82,34.76
8880,171.84,65.82,34.76
40941,171.84,65.82,34.76
1304,171.85,65.83,34.77
1348,171.84,65.83,34.76
1346,171.84,65.83,34.76
1300,171.85,65.83,34.76
1304,171.85,65.83,34.76
1557,171.84,65.82,34.76
1371,171.84,65.83,34.77
2130,171.84,65.82,34.76
1385,171.84,65.83,34.76
1308,171.84,65.83,34.75
1338,171.84,65.83,34.75
1319,171.84,65.83,34.76
1350,171.84,65.83,34.76
1302,171.85,65.83,34.76
1299,171.85,65.83,34.76
1344,171.84,65.83,34.76
1338,171.84,65.83,34.76
1271,171.84,65.83,34.75
1302,171.84,65.83,34.75
1292,171.84,65.83,34.75
1321,171.84,65.83,34.75
13055,171.84,65.83,34.75
1615,171.84,65.83,34.75
10746,171.84,65.83,34.76
1555,171.84,65.83,34.76
3172,171.84,65.82,34.76
4861,171.84,65.82,34.76
1402,171.84,65.83,34.76
1429,171.84,65.83,34.76
8931,171.84,65.83,34.75
1494,171.84,65.83,34.75
12299,171.84,65.83,34.75
1590,171.84,65.83,34.75
340,171.83,65.83,34.71
623930,171.81,65.82,34.77
813254,171.81,65.82,34.77
801421,171.82,65.82,34.77
607638,171.82,65.82,34.77
916299,171.81,65.82,34.77
887155,171.81,65.82,34.77
912402,171.82,65.82,34.77
880685,171.82,65.82,34.77
2061,171.81,65.82,34.78
14491,171.81,65.82,34.78
108583,171.81,65.82,34.78
359823,171.81,65.82,34.78
920498,171.82,65.82,34.75
914264,171.82,65.82,34.75
936326,171.82,65.82,34.75
929097,171.82,65.82,34.75
939840,171.82,65.82,34.75
933508,171.82,65.82,34.75
923467,171.82,65.82,34.75
924138,171.82,65.82,34.76
941964,171.82,65.82,34.76
936096,171.82,65.82,34.76
941531,171.82,65.82,34.75
935572,171.82,65.82,34.75
922629,171.82,65.82,34.76
918313,171.82,65.82,34.76
938744,171.82,65.82,34.76
932145,171.82,65.82,34.76
941152,171.82,65.82,34.76
935131,171.82,65.82,34.76
910526,171.82,65.82,34.76
895560,171.82,65.82,34.76
916813,171.82,65.82,34.76
926383,171.82,65.82,34.76
926887,171.82,65.82,34.76
934495,171.82,65.82,34.76
1628,171.81,65.82,34.78
1811,171.81,65.82,34.78
3183,171.81,65.82,34.78
8829,171.81,65.82,34.78
43784,171.81,65.82,34.78
87709,171.81,65.82,34.78
245183,171.81,65.82,34.78
335587,171.81,65.82,34.78
610884,171.81,65.82,34.77
533068,171.81,65.82,34.77
787722,171.81,65.82,34.77
747115,171.81,65.82,34.77
865369,171.81,65.82,34.77
847108,171.81,65.82,34.77
10782,171.8,65.82,34.78
116036,171.8,65.82,34.78
1620,171.8,65.82,34.78
1896,171.8,65.82,34.78
1687,171.8,65.82,34.78
3198,171.8,65.82,34.78
2275,171.8,65.82,34.78
23524,171.8,65.82,34.78
1638,171.8,65.82,34.78
1636,171.8,65.82,34.78
373246,171.8,65.82,34.77
638120,171.8,65.82,34.77
793474,171.8,65.82,34.77
49260,171.8,65.82,34.77
2781,171.79,65.82,34.77
232281,171.8,65.82,34.77
32728,171.79,65.82,34.77
162157,171.8,65.82,34.77
410507,171.8,65.82,34.77
502670,171.8,65.82,34.77
157818,171.79,65.82,34.77
714245,171.8,65.82,34.77
351790,171.79,65.82,34.77
648646,171.8,65.82,34.77
937374,171.81,65.82,34.76
936430,171.81,65.82,34.76
888971,171.81,65.82,34.77
898924,171.81,65.82,34.77
929705,171.81,65.82,34.76
928073,171.81,65.82,34.76
941304,171.81,65.82,34.76
940761,171.81,65.82,34.76
943627,171.81,65.82,34.76
943229,171.81,65.82,34.76
939217,171.81,65.82,34.75
938721,171.81,65.82,34.75
942511,171.81,65.82,34.75
942201,171.81,65.82,34.75
944391,171.81,65.82,34.76
944108,171.81,65.82,34.76
943985,171.81,65.82,34.75
943730,171.81,65.82,34.75
923498,171.8,65.82,34.76
936079,171.81,65.82,34.76
928443,171.8,65.82,34.76
939294,171.81,65.82,34.76
914422,171.8,65.82,34.76
930479,171.81,65.82,34.76
784549,171.8,65.82,34.77
861049,171.8,65.82,34.77
896077,171.8,65.82,34.76
919421,171.81,65.82,34.76
899833,171.8,65.82,34.76
799981,171.79,65.82,34.76
889887,171.8,65.82,34.76
764426,171.79,65.82,34.76
824543,171.8,65.82,34.76
544586,171.79,65.82,34.76
869379,171.8,65.82,34.76
682346,171.79,65.82,34.76
930315,171.8,65.82,34.76
940434,171.81,65.82,34.76
929912,171.8,65.82,34.75
940065,171.81,65.82,34.75
933780,171.81,65.82,34.75
920600,171.8,65.82,34.75
938186,171.81,65.82,34.75
927137,171.8,65.82,34.75
903764,171.8,65.82,34.76
813418,171.79,65.82,34.76
903066,171.8,65.82,34.75
810882,171.79,65.82,34.75
897346,171.8,65.82,34.75
791180,171.79,65.82,34.75
884134,171.8,65.82,34.75
744227,171.79,65.82,34.75
414,171.82,65.82,34.72
370,171.82,65.82,34.72
252,171.81,65.82,34.72
462,171.82,65.82,34.72
1157,171.82,65.82,34.73
716,171.82,65.82,34.73
549,171.82,65.82,34.72
3545,171.82,65.82,34.73
4552,171.81,65.82,34.73
586,171.82,65.82,34.72
390,171.81,65.82,34.72
181,171.82,65.83,34.71
340,171.82,65.82,34.72
245,171.82,65.83,34.71
312,171.82,65.82,34.72
903658,171.82,65.82,34.75
883231,171.82,65.82,34.74
921807,171.82,65.82,34.75
930406,171.82,65.82,34.75
908223,171.82,65.82,34.74
919621,171.82,65.82,34.74
883321,171.82,65.82,34.74
823496,171.82,65.82,34.74
842541,171.82,65.82,34.74
744438,171.82,65.82,34.74
876478,171.82,65.82,34.74
886220,171.81,65.82,34.74
824865,171.82,65.82,34.74
842038,171.81,65.82,34.74
677634,171.82,65.82,34.74
407669,171.82,65.82,34.73
539983,171.82,65.82,34.74
261628,171.82,65.82,34.73
708902,171.82,65.82,34.74
738311,171.81,65.82,34.74
484363,171.82,65.82,34.73
524631,171.81,65.82,34.73
14442,171.82,65.82,34.73
130674,171.82,65.82,34.73
57717,171.82,65.82,34.73
4266,171.82,65.82,34.73
211900,171.82,65.82,34.73
244600,171.81,65.82,34.73
42552,171.82,65.82,34.73
56372,171.81,65.82,34.73
168,171.81,65.82,34.72
131,171.81,65.82,34.72
273,171.81,65.82,34.72
1693,171.81,65.82,34.73
3989,171.81,65.82,34.73
162,171.82,65.82,34.71
96,171.81,65.83,34.71
223,171.81,65.82,34.72
219,171.82,65.82,34.72
121,171.81,65.83,34.71
187,171.81,65.82,34.72
160,171.81,65.82,34.72
332,171.8,65.82,34.73
94,171.81,65.82,34.72
94,171.8,65.82,34.72
82,171.81,65.82,34.72
532,171.8,65.82,34.73
207,171.8,65.82,34.72
97,171.8,65.82,34.72
183,171.8,65.83,34.72
1027,171.8,65.82,34.73
405,171.8,65.83,34.72
229,171.8,65.83,34.72
374,171.8,65.83,34.72
69,171.81,65.83,34.71
110,171.81,65.82,34.72
87,171.81,65.82,34.72
78,171.81,65.82,34.72
70,171.81,65.83,34.71
97,171.8,65.82,34.72
166,171.8,65.83,34.72
911792,171.81,65.82,34.74
923672,171.81,65.82,34.74
921802,171.81,65.82,34.74
926065,171.81,65.82,34.75
933759,171.81,65.82,34.75
932772,171.81,65.82,34.75
886086,171.81,65.82,34.74
874359,171.81,65.82,34.74
814934,171.81,65.82,34.74
839827,171.81,65.82,34.74
29537,171.81,65.82,34.73
50541,171.81,65.82,34.73
157137,171.81,65.82,34.73
223852,171.81,65.82,34.73
675780,171.81,65.82,34.74
730099,171.81,65.82,34.74
422088,171.81,65.82,34.73
506434,171.81,65.82,34.73
901656,171.8,65.82,34.75
881415,171.8,65.82,34.74
840354,171.8,65.82,34.74
743964,171.8,65.82,34.74
856832,171.8,65.82,34.75
639636,171.79,65.82,34.75
795317,171.8,65.82,34.74
471837,171.79,65.82,34.74
868057,171.8,65.82,34.75
829830,171.8,65.82,34.74
392377,171.8,65.82,34.74
93399,171.79,65.82,34.74
644208,171.8,65.82,34.74
264793,171.79,65.82,34.74
743160,171.8,65.82,34.74
563979,171.8,65.82,34.74
541631,171.8,65.82,34.74
268413,171.8,65.82,34.73
8634,171.8,65.82,34.73
76047,171.8,65.82,34.73
28810,171.8,65.82,34.73
150371,171.8,65.82,34.74
309270,171.8,65.82,34.74
105107,171.8,65.82,34.73
1043,171.8,65.82,34.73
2457,171.8,65.82,34.73
1188,171.8,65.82,34.73
17178,171.8,65.82,34.73
1608,171.79,65.83,34.78
1641,171.79,65.83,34.78
1604,171.79,65.83,34.78
1563,171.79,65.83,34.78
1611,171.79,65.83,34.78
1647,171.79,65.83,34.78
1639,171.79,65.82,34.78
1684,171.79,65.82,34.78
1701,171.79,65.83,34.77
1668,171.79,65.83,34.77
1762,171.79,65.83,34.77
1725,171.79,65.83,34.77
1709,171.79,65.83,34.77
1767,171.79,65.83,34.77
1791,171.79,65.83,34.77
1816,171.79,65.83,34.77
1850,171.79,65.83,34.77
1917,171.79,65.83,34.77
3498,171.79,65.83,34.77
1686,171.79,65.82,34.77
1979,171.79,65.82,34.77
7689,171.79,65.82,34.77
55947,171.79,65.82,34.77
1752,171.79,65.83,34.77
1819,171.79,65.83,34.77
3396,171.79,65.83,34.76
4575,171.79,65.83,34.76
1969,171.79,65.83,34.77
2374,171.79,65.83,34.76
42209,171.79,65.82,34.76
353563,171.79,65.82,34.76
63194,171.79,65.82,34.76
423774,171.79,65.82,34.76
5408,171.79,65.82,34.76
147113,171.79,65.82,34.76
19899,171.79,65.82,34.76
257907,171.79,65.82,34.76
7251,171.79,65.83,34.75
2838,171.79,65.83,34.75
9986,171.79,65.83,34.75
2936,171.79,65.83,34.75
4148,171.79,65.83,34.75
138544,171.79,65.83,34.75
77193,171.79,65.83,34.75
4610,171.79,65.83,34.75
5132,171.79,65.83,34.76
401942,171.79,65.82,34.75
317685,171.79,65.82,34.75
73911,171.79,65.82,34.76
455963,171.79,65.82,34.76
67823,171.79,65.82,34.75
448987,171.79,65.82,34.75
2046,171.79,65.83,34.76
2155,171.79,65.83,34.76
1929,171.79,65.83,34.76
1975,171.79,65.83,34.76
1935,171.78,65.83,34.76
1854,171.78,65.83,34.76
1975,171.78,65.83,34.76
2061,171.78,65.83,34.76
2500,171.79,65.83,34.75
2486,171.79,65.83,34.75
2562,171.79,65.83,34.75
2387,171.79,65.83,34.75
2281,171.79,65.83,34.76
2429,171.78,65.83,34.75
2502,171.78,65.83,34.75
2296,171.78,65.83,34.75
2193,171.78,65.83,34.76
2123,171.8,65.83,34.73
2430,171.79,65.83,34.73
1688,171.8,65.83,34.73
852,171.8,65.83,34.72
1530,171.8,65.83,34.72
2033,171.79,65.83,34.72
2315,171.79,65.83,34.72
2627,171.79,65.83,34.74
2946,171.79,65.83,34.75
5553,171.79,65.83,34.74
20219,171.79,65.83,34.75
98315,171.79,65.82,34.74
210293,171.79,65.82,34.75
2626,171.79,65.83,34.73
2632,171.79,65.83,34.73
2595,171.79,65.83,34.74
2621,171.79,65.83,34.74
2636,171.79,65.83,34.73
2619,171.79,65.83,34.73
2605,171.79,65.83,34.74
2599,171.79,65.83,34.74
2621,171.79,65.83,34.74
2594,171.79,65.83,34.74
2615,171.79,65.83,34.74
2977,171.79,65.83,34.74
2842,171.79,65.83,34.74
14294,171.79,65.82,34.74
3940,171.79,65.82,34.74
22368,171.79,65.82,34.74
2540,171.79,65.83,34.73
2263,171.8,65.83,34.73
2593,171.79,65.83,34.73
2424,171.8,65.83,34.73
2554,171.79,65.83,34.73
1921,171.8,65.83,34.73
2902,171.79,65.82,34.73
1922,171.8,65.83,34.73
2579,171.79,65.83,34.75
2571,171.79,65.83,34.74
2585,171.79,65.83,34.74
2555,171.78,65.83,34.75
2624,171.79,65.83,34.74
2610,171.79,65.83,34.74
1592,171.8,65.83,34.78
1561,171.79,65.83,34.78
1557,171.79,65.83,34.79
1550,171.8,65.83,34.79
1552,171.79,65.83,34.78
1594,171.79,65.83,34.78
1609,171.79,65.82,34.78
1545,171.79,65.83,34.78
1499,171.81,65.82,34.79
1346,171.82,65.83,34.8
1381,171.81,65.83,34.8
1353,171.81,65.83,34.8
1455,171.81,65.82,34.79
1383,171.81,65.83,34.79
1473,171.81,65.82,34.79
1482,171.81,65.82,34.79
1553,171.81,65.82,34.79
1535,171.81,65.82,34.79
1441,171.81,65.82,34.79
1440,171.8,65.83,34.79
1526,171.81,65.82,34.79
1511,171.81,65.82,34.79
1535,171.8,65.82,34.79
1587,171.8,65.82,34.79
1536,171.8,65.82,34.79
1466,171.8,65.83,34.79
1513,171.8,65.83,34.79
1548,171.8,65.82,34.79
1543,171.8,65.83,34.79
1580,171.8,65.82,34.79
1606,171.8,65.82,34.78
1539,171.8,65.82,34.79
1603,171.8,65.82,34.78
1588,171.8,65.82,34.79
141,171.82,65.83,34.71
81,171.81,65.83,34.71
61,171.81,65.83,34.71
1315,171.84,65.83,34.78
1347,171.84,65.83,34.77
1346,171.84,65.83,34.77
1319,171.82,65.83,34.8
1356,171.82,65.83,34.79
1399,171.82,65.82,34.79
1373,171.83,65.82,34.79
1395,171.82,65.82,34.79
1405,171.82,65.82,34.79
1398,171.82,65.82,34.79
1343,171.82,65.83,34.79
1318,171.83,65.83,34.79
1414,171.82,65.82,34.79
1495,171.82,65.82,34.79
1412,171.82,65.82,34.79
1445,171.82,65.82,34.79
1385,171.82,65.82,34.79
1381,171.82,65.82,34.79
1414,171.82,65.82,34.79
1405,171.82,65.82,34.79
1334,171.83,65.83,34.79
1353,171.83,65.82,34.79
1353,171.83,65.82,34.79
1379,171.83,65.82,34.79
1368,171.83,65.82,34.79
1298,171.83,65.83,34.8
1295,171.84,65.83,34.79
1346,171.83,65.82,34.79
1356,171.83,65.82,34.79
1306,171.84,65.83,34.79
104736,171.83,65.82,34.73
17899,171.83,65.82,34.73
320869,171.83,65.82,34.74
112338,171.83,65.82,34.74
1536,171.83,65.82,34.73
1020,171.83,65.82,34.73
13025,171.83,65.82,34.73
2410,171.83,65.82,34.73
863321,171.83,65.82,34.75
746191,171.83,65.82,34.75
823858,171.83,65.82,34.74
648907,171.83,65.82,34.74
739338,171.83,65.82,34.74
487082,171.83,65.82,34.74
566124,171.83,65.82,34.74
283223,171.83,65.82,34.74
822,171.83,65.82,34.73
643,171.83,65.82,34.72
461,171.82,65.82,34.72
428,171.82,65.82,34.72
505,171.82,65.82,34.72
536,171.82,65.82,34.72
275,171.83,65.83,34.71
263,171.82,65.82,34.71
372,171.83,65.83,34.71
351,171.82,65.82,34.72
2251,171.82,65.82,34.78
14931,171.82,65.82,34.78
1674,171.82,65.82,34.78
6645,171.82,65.82,34.78
97133,171.82,65.82,34.78
321128,171.82,65.82,34.78
54211,171.82,65.82,34.78
231230,171.82,65.82,34.78
1534,171.82,65.82,34.78
3469,171.82,65.82,34.78
1444,171.82,65.82,34.78
1834,171.82,65.82,34.78
1403,171.83,65.82,34.78
1385,171.83,65.82,34.78
1502,171.83,65.82,34.78
1407,171.83,65.82,34.78
1322,171.84,65.83,34.78
1380,171.83,65.83,34.78
1372,171.83,65.82,34.78
1390,171.83,65.82,34.78
128548,171.82,65.82,34.78
25010,171.82,65.82,34.78
7359,171.82,65.82,34.78
2274,171.83,65.82,34.78
48601,171.82,65.82,34.78
9690,171.83,65.82,34.78
1477,171.83,65.82,34.78
1935,171.83,65.82,34.78
1466,171.83,65.82,34.78
1548,171.83,65.82,34.78
1378,171.84,65.82,34.78
1397,171.84,65.82,34.78
526033,171.82,65.82,34.77
753964,171.82,65.82,34.77
857329,171.82,65.82,34.77
899128,171.82,65.82,34.77
867139,171.82,65.82,34.77
797845,171.82,65.82,34.77
742641,171.82,65.82,34.77
468740,171.83,65.82,34.77
852330,171.82,65.82,34.77
688223,171.83,65.82,34.77
330862,171.83,65.82,34.77
144180,171.83,65.82,34.77
53887,171.83,65.82,34.77
8936,171.83,65.82,34.77
2844,171.84,65.82,34.77
1630,171.84,65.82,34.77
636951,171.82,65.82,34.77
363581,171.82,65.82,34.77
206258,171.82,65.82,34.77
56128,171.83,65.82,34.77
500808,171.82,65.82,34.77
211773,171.83,65.82,34.77
5694,171.83,65.82,34.77
33270,171.83,65.82,34.77
1695,171.83,65.82,34.77
2473,171.83,65.82,34.77
1417,171.84,65.82,34.77
1448,171.84,65.82,34.77
899454,171.83,65.82,34.76
839144,171.83,65.82,34.76
898437,171.83,65.82,34.75
836715,171.83,65.82,34.75
893473,171.83,65.82,34.75
824487,171.83,65.82,34.75
882645,171.83,65.82,34.75
797264,171.83,65.82,34.75
874853,171.83,65.82,34.76
774420,171.83,65.82,34.76
846013,171.83,65.82,34.76
697464,171.83,65.82,34.76
374804,171.83,65.82,34.76
500493,171.83,65.82,34.76
896704,171.83,65.82,34.76
832155,171.83,65.82,34.76
889014,171.83,65.82,34.76
812592,171.83,65.82,34.76
586659,171.83,65.82,34.76
635561,171.83,65.82,34.76
324436,171.83,65.82,34.74
453863,171.83,65.82,34.75
188412,171.83,65.82,34.74
79704,171.83,65.82,34.74
36257,171.84,65.82,34.74
5136,171.84,65.82,34.74
142300,171.84,65.82,34.75
81858,171.84,65.82,34.74
14008,171.84,65.82,34.74
31392,171.84,65.82,34.75
3669,171.83,65.82,34.73
19358,171.83,65.82,34.74
1378,171.83,65.82,34.73
1060,171.83,65.82,34.73
1024,171.84,65.82,34.73
1438,171.83,65.82,34.73
1108,171.84,65.82,34.73
11200,171.84,65.82,34.74
2968,171.83,65.82,34.74
2031,171.84,65.82,34.74
1285,171.84,65.82,34.74
1216,171.84,65.83,34.74
1173,171.85,65.83,34.74
1438,171.84,65.82,34.74
1226,171.84,65.83,34.74
1214,171.85,65.83,34.74
1237,171.84,65.83,34.74
1236,171.85,65.83,34.75
1254,171.84,65.83,34.75
1221,171.85,65.83,34.75
1201,171.85,65.83,34.74
1986,171.84,65.82,34.74
1270,171.84,65.83,34.74
3145,171.84,65.82,34.75
1325,171.84,65.83,34.75
926,171.84,65.83,34.73
1024,171.84,65.83,34.73
993,171.84,65.83,34.73
1186,171.84,65.83,34.74
1129,171.85,65.83,34.74
1088,171.84,65.83,34.73
1192,171.84,65.82,34.74
1127,171.84,65.83,34.74
1072,171.84,65.83,34.73
1219,171.84,65.82,34.74
1123,171.84,65.83,34.74
1106,171.84,65.83,34.74
1055,171.84,65.83,34.73
464,171.83,65.83,34.71
470,171.83,65.82,34.72
527,171.84,65.83,34.72
901,171.83,65.82,34.73
722,171.83,65.82,34.72
726,171.83,65.82,34.72
802,171.83,65.82,34.73
816,171.83,65.82,34.73
609,171.83,65.82,34.72
693,171.83,65.82,34.72
666,171.84,65.83,34.72
974,171.83,65.82,34.73
934,171.84,65.82,34.73
803,171.84,65.83,34.72
782,171.83,65.82,34.72
884,171.83,65.82,34.73
866,171.83,65.82,34.73
964,171.84,65.82,34.73
847,171.84,65.83,34.73
1332,171.84,65.82,34.78
1293,171.85,65.83,34.78
1343,171.84,65.82,34.78
1356,171.84,65.82,34.78
1299,171.84,65.83,34.78
1338,171.84,65.82,34.78
1347,171.84,65.82,34.78
1351,171.84,65.83,34.77
1352,171.84,65.83,34.77
1288,171.85,65.83,34.77
1369,171.84,65.82,34.77
1381,171.84,65.82,34.77
1356,171.84,65.82,34.77
1361,171.84,65.82,34.77
1417,171.84,65.82,34.77
1391,171.84,65.82,34.77
1367,171.84,65.83,34.77
1364,171.84,65.83,34.77
654311,171.83,65.82,34.76
648448,171.83,65.82,34.75
553365,171.83,65.82,34.75
616219,171.83,65.82,34.75
437824,171.83,65.82,34.76
431188,171.83,65.82,34.75
170772,171.84,65.82,34.76
167839,171.84,65.82,34.75
258938,171.84,65.82,34.75
205616,171.84,65.82,34.75
54676,171.84,65.82,34.75
78481,171.84,65.82,34.75
227548,171.84,65.82,34.76
278028,171.84,65.82,34.76
49793,171.84,65.82,34.76
81488,171.84,65.82,34.76
84889,171.84,65.82,34.76
162564,171.84,65.82,34.76
6990,171.84,65.82,34.76
21980,171.84,65.82,34.76
1307,171.85,65.83,34.76
1313,171.85,65.83,34.76
1323,171.85,65.82,34.76
1329,171.85,65.82,34.76
1278,171.85,65.83,34.76
1279,171.85,65.83,34.76
1866,171.84,65.82,34.76
1355,171.84,65.82,34.76
2713,171.84,65.82,34.76
1379,171.84,65.82,34.76
1277,171.85,65.83,34.75
1289,171.85,65.83,34.76
1312,171.84,65.83,34.75
1327,171.84,65.83,34.76
1275,171.85,65.83,34.76
1311,171.85,65.83,34.76
1267,171.85,65.83,34.76
1304,171.85,65.83,34.76
1328,171.85,65.82,34.76
1322,171.85,65.82,34.76
1239,171.85,65.83,34.75
1259,171.85,65.83,34.75
1273,171.84,65.83,34.75
1293,171.84,65.83,34.75
6684,171.84,65.82,34.75
1450,171.84,65.83,34.75
6117,171.84,65.82,34.76
1447,171.84,65.83,34.76
3389,171.84,65.82,34.76
5337,171.84,65.82,34.76
1391,171.84,65.82,34.76
1422,171.84,65.82,34.76
4798,171.84,65.82,34.75
1384,171.84,65.83,34.75
6245,171.84,65.82,34.75
1431,171.84,65.83,34.75
204,171.83,65.83,34.71
364,171.83,65.82,34.71
354,171.83,65.83,34.71
627222,171.81,65.82,34.77
792534,171.81,65.82,34.77
768536,171.82,65.82,34.77
589375,171.82,65.82,34.77
777053,171.81,65.82,34.77
625156,171.81,65.82,34.77
900533,171.81,65.82,34.77
865559,171.81,65.82,34.77
892395,171.82,65.82,34.77
851971,171.82,65.82,34.77
884921,171.81,65.82,34.77
847836,171.81,65.82,34.77
4448,171.82,65.82,34.78
2902,171.81,65.82,34.78
28979,171.82,65.82,34.78
22538,171.81,65.82,34.78
144545,171.82,65.82,34.78
137238,171.81,65.82,34.78
386556,171.82,65.82,34.78
386785,171.81,65.82,34.78
909697,171.82,65.82,34.75
915882,171.82,65.82,34.75
896157,171.82,65.82,34.75
887074,171.82,65.82,34.75
926439,171.81,65.82,34.75
921222,171.82,65.82,34.75
930890,171.81,65.82,34.75
926227,171.82,65.82,34.75
909353,171.82,65.82,34.75
903139,171.82,65.82,34.75
918672,171.82,65.82,34.75
919371,171.82,65.82,34.76
900063,171.82,65.82,34.75
901015,171.82,65.82,34.76
933474,171.81,65.82,34.76
929079,171.82,65.82,34.76
932935,171.81,65.82,34.75
928473,171.82,65.82,34.75
912863,171.82,65.82,34.76
912144,171.82,65.82,34.75
913756,171.82,65.82,34.76
918023,171.82,65.82,34.76
898991,171.82,65.82,34.76
892592,171.82,65.82,34.76
929336,171.81,65.82,34.76
924595,171.82,65.82,34.76
932423,171.81,65.82,34.76
928022,171.82,65.82,34.76
911548,171.82,65.82,34.76
907271,171.82,65.82,34.76
893031,171.82,65.82,34.76
906986,171.82,65.82,34.76
882458,171.82,65.82,34.76
860501,171.82,65.82,34.76
900958,171.82,65.82,34.76
887499,171.82,65.82,34.76
914948,171.81,65.82,34.76
908527,171.82,65.82,34.76
924579,171.81,65.82,34.76
919318,171.82,65.82,34.76
1665,171.8,65.82,34.78
2277,171.81,65.82,34.78
3549,171.8,65.82,34.78
12231,171.81,65.82,34.78
41083,171.8,65.82,34.78
95854,171.81,65.82,34.78
221301,171.8,65.82,34.78
332696,171.81,65.82,34.78
584035,171.81,65.82,34.77
478574,171.8,65.82,34.77
755719,171.81,65.82,34.77
691023,171.8,65.82,34.77
858907,171.8,65.82,34.77
838937,171.81,65.82,34.77
805228,171.8,65.82,34.77
11838,171.8,65.82,34.78
91148,171.8,65.82,34.78
1617,171.8,65.82,34.78
2072,171.8,65.82,34.78
1661,171.8,65.82,34.78
2422,171.8,65.82,34.78
2259,171.8,65.82,34.78
13896,171.8,65.82,34.78
1628,171.8,65.82,34.78
1618,171.8,65.82,34.78
300393,171.8,65.82,34.77
544169,171.8,65.82,34.77
720183,171.8,65.82,34.77
2128,171.79,65.82,34.77
25273,171.8,65.82,34.77
12537,171.79,65.82,34.77
143541,171.8,65.82,34.77
107038,171.8,65.82,34.77
299568,171.8,65.82,34.77
78856,171.79,65.82,34.77
345629,171.8,65.82,34.77
203583,171.79,65.82,34.77
555236,171.8,65.82,34.77
682585,171.8,65.82,34.77
516632,171.8,65.82,34.77
901018,171.81,65.82,34.76
911999,171.81,65.82,34.76
878013,171.81,65.82,34.77
920822,171.81,65.82,34.76
924796,171.81,65.82,34.76
909065,171.81,65.82,34.76
914991,171.81,65.82,34.76
917694,171.81,65.82,34.76
921346,171.81,65.82,34.76
926673,171.81,65.82,34.76
929907,171.81,65.82,34.76
930454,171.81,65.82,34.76
933108,171.81,65.82,34.76
914373,171.81,65.82,34.75
919615,171.81,65.82,34.75
923828,171.81,65.82,34.75
927244,171.81,65.82,34.75
929015,171.81,65.82,34.75
931726,171.81,65.82,34.75
922636,171.81,65.82,34.76
922061,171.81,65.82,34.75
931689,171.81,65.82,34.76
934237,171.81,65.82,34.76
931160,171.81,65.82,34.75
933732,171.81,65.82,34.75
891318,171.8,65.82,34.76
915879,171.8,65.82,34.76
899444,171.8,65.82,34.76
920976,171.8,65.82,34.76
912618,171.8,65.82,34.76
907541,171.8,65.82,34.76
810374,171.8,65.82,34.77
876945,171.8,65.82,34.76
907636,171.8,65.82,34.76
846753,171.8,65.82,34.76
890781,171.8,65.82,34.76
899808,171.8,65.82,34.76
884123,171.8,65.82,34.76
842363,171.8,65.82,34.76
638963,171.79,65.82,34.76
823730,171.8,65.82,34.76
582098,171.79,65.82,34.76
856545,171.8,65.82,34.76
844031,171.8,65.82,34.76
705353,171.8,65.82,34.76
349557,171.79,65.82,34.76
783928,171.8,65.82,34.76
484035,171.79,65.82,34.76
819891,171.8,65.82,34.76
774606,171.8,65.82,34.76
902421,171.8,65.82,34.76
922698,171.8,65.82,34.76
901824,171.8,65.82,34.75
922159,171.8,65.82,34.75
913685,171.8,65.82,34.75
914293,171.8,65.82,34.76
904121,171.8,65.82,34.75
910868,171.8,65.82,34.75
887187,171.8,65.82,34.75
912733,171.8,65.82,34.75
897497,171.8,65.82,34.75
919381,171.8,65.82,34.75
849668,171.8,65.82,34.76
662511,171.79,65.82,34.76
848430,171.8,65.82,34.75
657956,171.79,65.82,34.75
861518,171.8,65.82,34.76
860684,171.8,65.82,34.75
838024,171.8,65.82,34.75
623997,171.79,65.82,34.75
813912,171.8,65.82,34.75
553940,171.79,65.82,34.75
853676,171.8,65.82,34.75
838372,171.8,65.82,34.75
388,171.82,65.82,34.72
496,171.82,65.82,34.72
370,171.82,65.82,34.72
487,171.82,65.82,34.72
186,171.81,65.82,34.72
346,171.82,65.82,34.72
209,171.81,65.82,34.72
898,171.82,65.82,34.72
3498,171.82,65.82,34.73
1082,171.82,65.82,34.73
589,171.82,65.82,34.72
8178,171.82,65.82,34.73
1654,171.82,65.82,34.72
9659,171.82,65.82,34.73
10064,171.81,65.82,34.73
807,171.82,65.82,34.72
607,171.81,65.82,34.72
203,171.82,65.82,34.71
273,171.82,65.82,34.72
284,171.82,65.82,34.72
900506,171.82,65.82,34.75
881938,171.82,65.82,34.74
873367,171.82,65.82,34.75
844007,171.82,65.82,34.74
894416,171.82,65.82,34.75
877156,171.82,65.82,34.74
919663,171.81,65.82,34.75
913792,171.82,65.82,34.75
907229,171.81,65.82,34.74
899815,171.82,65.82,34.74
851755,171.82,65.82,34.74
776758,171.82,65.82,34.74
791330,171.82,65.82,34.74
674525,171.82,65.82,34.74
852006,171.82,65.82,34.74
789559,171.82,65.82,34.74
865966,171.82,65.82,34.74
870223,171.81,65.82,34.74
818129,171.82,65.82,34.74
823953,171.81,65.82,34.74
628707,171.82,65.82,34.74
386615,171.82,65.82,34.73
472104,171.82,65.82,34.74
238594,171.82,65.82,34.73
677743,171.82,65.82,34.74
468750,171.82,65.82,34.73
718193,171.82,65.82,34.74
725743,171.81,65.82,34.74
527434,171.82,65.82,34.73
535184,171.81,65.82,34.73
25389,171.82,65.82,34.73
138258,171.82,65.82,34.73
56272,171.82,65.82,34.73
6738,171.82,65.82,34.73
225946,171.82,65.82,34.73
60496,171.82,65.82,34.73
277431,171.82,65.82,34.73
281474,171.81,65.82,34.73
78486,171.82,65.82,34.73
81658,171.81,65.82,34.73
156,171.81,65.82,34.72
137,171.8,65.82,34.72
371,171.81,65.82,34.72
1980,171.8,65.82,34.73
6627,171.81,65.82,34.73
112,171.81,65.82,34.71
62,171.81,65.83,34.71
155,171.81,65.82,34.71
123,171.81,65.82,34.72
407,171.8,65.82,34.73
154,171.8,65.82,34.72
78,171.8,65.82,34.72
83,171.8,65.82,34.72
83,171.8,65.82,34.72
87,171.8,65.82,34.72
1580,171.8,65.82,34.73
1025,171.8,65.82,34.73
575,171.8,65.82,34.72
190,171.8,65.82,34.72
197,171.8,65.82,34.72
782,171.8,65.83,34.72
362,171.8,65.82,34.72
859,171.8,65.82,34.72
956,171.8,65.82,34.72
1351,171.8,65.82,34.72
150,171.8,65.83,34.71
70,171.8,65.82,34.71
73,171.81,65.82,34.72
480,171.8,65.83,34.71
190,171.8,65.82,34.72
670,171.8,65.83,34.71
906566,171.81,65.82,34.75
892566,171.81,65.82,34.74
901065,171.81,65.82,34.74
907687,171.81,65.82,34.74
915788,171.81,65.82,34.75
920365,171.81,65.82,34.75
893567,171.8,65.82,34.75
874898,171.8,65.82,34.74
863564,171.81,65.82,34.74
841331,171.8,65.82,34.74
767923,171.8,65.82,34.74
810690,171.81,65.82,34.74
31041,171.8,65.82,34.73
62199,171.81,65.82,34.73
148908,171.8,65.82,34.73
234391,171.81,65.82,34.73
617705,171.8,65.82,34.74
698112,171.81,65.82,34.74
379624,171.8,65.82,34.73
489286,171.81,65.82,34.73
869425,171.8,65.82,34.75
840763,171.8,65.82,34.74
783715,171.8,65.82,34.74
662026,171.8,65.82,34.74
438173,171.79,65.82,34.75
762468,171.8,65.82,34.75
287073,171.79,65.82,34.74
658925,171.8,65.82,34.74
809109,171.8,65.82,34.75
748126,171.8,65.82,34.74
40731,171.79,65.82,34.74
257053,171.8,65.82,34.74
140909,171.79,65.82,34.74
477722,171.8,65.82,34.74
628339,171.8,65.82,34.74
433012,171.8,65.82,34.74
451530,171.8,65.82,34.74
216550,171.8,65.82,34.73
7728,171.8,65.82,34.73
63588,171.8,65.82,34.73
14310,171.8,65.82,34.73
90294,171.8,65.82,34.74
220326,171.8,65.82,34.74
70286,171.8,65.82,34.73
1761,171.8,65.82,34.73
2381,171.8,65.82,34.73
1602,171.8,65.82,34.73
10468,171.8,65.82,34.73
1591,171.79,65.83,34.78
1636,171.79,65.83,34.78
1602,171.79,65.83,34.78
1555,171.79,65.83,34.78
1601,171.79,65.82,34.78
1633,171.79,65.82,34.78
1630,171.79,65.82,34.78
1660,171.79,65.82,34.78
1682,171.79,65.83,34.77
1663,171.78,65.83,34.77
1702,171.78,65.83,34.77
1745,171.79,65.83,34.77
1704,171.79,65.82,34.77
1767,171.79,65.82,34.77
1785,171.79,65.83,34.77
1831,171.79,65.83,34.77
1818,171.79,65.82,34.77
2243,171.79,65.82,34.77
1671,171.79,65.82,34.77
1804,171.79,65.82,34.77
2912,171.79,65.82,34.77
20153,171.79,65.82,34.77
1861,171.78,65.83,34.77
1734,171.78,65.83,34.77
1789,171.78,65.83,34.77
1702,171.78,65.83,34.77
2349,171.78,65.82,34.76
2679,171.78,65.82,34.76
1911,171.78,65.82,34.76
2069,171.78,65.82,34.76
13105,171.79,65.82,34.76
186519,171.79,65.82,34.76
20449,171.79,65.82,34.76
232536,171.79,65.82,34.76
2779,171.79,65.82,34.76
65745,171.79,65.82,34.76
6229,171.79,65.82,34.76
127653,171.79,65.82,34.76
3601,171.79,65.83,34.75
2855,171.79,65.83,34.75
45258,171.79,65.82,34.75
19290,171.79,65.82,34.75
2788,171.78,65.82,34.75
2869,171.78,65.82,34.76
213297,171.79,65.82,34.75
158884,171.79,65.82,34.75
23275,171.79,65.82,34.76
254750,171.79,65.82,34.76
19300,171.79,65.82,34.75
248089,171.79,65.82,34.75
2045,171.78,65.83,34.76
2122,171.78,65.83,34.76
1938,171.78,65.83,34.76
1902,171.78,65.83,34.76
2004,171.78,65.83,34.76
1833,171.78,65.83,34.77
1904,171.78,65.83,34.76
1951,171.78,65.83,34.76
2028,171.78,65.83,34.76
2455,171.79,65.83,34.75
2512,171.79,65.83,34.75
2316,171.78,65.83,34.75
2219,171.78,65.83,34.76
2395,171.78,65.83,34.75
2468,171.78,65.83,34.75
2255,171.78,65.83,34.75
2156,171.78,65.83,34.76
2639,171.79,65.83,34.73
2590,171.79,65.83,34.73
2421,171.79,65.83,34.73
2186,171.79,65.82,34.73
2329,171.79,65.82,34.72
2019,171.79,65.82,34.72
1440,171.8,65.83,34.72
1592,171.8,65.83,34.72
2537,171.79,65.83,34.72
2597,171.79,65.83,34.74
2642,171.79,65.83,34.75
3351,171.79,65.82,34.74
6302,171.79,65.82,34.75
34343,171.79,65.82,34.74
94409,171.79,65.82,34.75
2618,171.79,65.83,34.73
2646,171.79,65.83,34.73
2644,171.79,65.83,34.73
2620,171.79,65.83,34.73
2641,171.79,65.83,34.73
2604,171.79,65.83,34.74
2629,171.79,65.83,34.74
2625,171.79,65.83,34.73
2601,171.79,65.83,34.74
2614,171.79,65.83,34.74
2603,171.79,65.83,34.74
2599,171.79,65.82,34.74
2665,171.79,65.82,34.74
2679,171.79,65.82,34.74
5895,171.79,65.82,34.74
2883,171.79,65.82,34.74
6401,171.79,65.82,34.74
2505,171.79,65.83,34.73
2606,171.79,65.82,34.73
2566,171.79,65.83,34.73
2332,171.79,65.82,34.73
2750,171.79,65.82,34.73
2377,171.79,65.82,34.73
2562,171.79,65.83,34.75
2581,171.79,65.83,34.74
2568,171.78,65.83,34.74
2537,171.78,65.83,34.75
2604,171.78,65.83,34.74
2618,171.78,65.83,34.74
2608,171.78,65.83,34.74
1577,171.79,65.82,34.78
1575,171.79,65.82,34.78
1571,171.8,65.82,34.79
1540,171.79,65.83,34.78
1512,171.8,65.83,34.79
1537,171.79,65.83,34.79
1524,171.79,65.83,34.79
1582,171.79,65.82,34.78
1600,171.79,65.82,34.78
1581,171.79,65.83,34.78
1517,171.79,65.83,34.78
1530,171.79,65.83,34.78
1436,171.82,65.82,34.79
1448,171.81,65.82,34.79
1716,171.82,65.82,34.79
1532,171.81,65.82,34.79
1354,171.82,65.82,34.8
1324,171.82,65.83,34.8
1324,171.81,65.83,34.8
1397,171.81,65.82,34.8
1390,171.8,65.83,34.8
1363,171.81,65.82,34.8
1416,171.81,65.82,34.79
1490,171.81,65.82,34.79
1507,171.8,65.82,34.79
1546,171.8,65.82,34.79
1581,171.81,65.82,34.79
1423,171.8,65.83,34.8
1459,171.81,65.82,34.79
1536,171.8,65.82,34.79
1575,171.8,65.82,34.79
1495,171.8,65.82,34.79
1474,171.8,65.83,34.79
1544,171.8,65.82,34.79
1598,171.8,65.82,34.78
1574,171.8,65.82,34.79
1544,171.8,65.82,34.79
1564,171.8,65.82,34.78
1587,171.8,65.82,34.79
159,171.82,65.83,34.7
158,171.82,65.82,34.71
93,171.81,65.82,34.71
98,171.82,65.83,34.7
57,171.81,65.83,34.7
68,171.81,65.82,34.71
162,171.8,65.83,34.71
1286,171.84,65.83,34.78
1296,171.85,65.83,34.77
1277,171.83,65.83,34.8
1299,171.83,65.83,34.8
1331,171.82,65.82,34.8
1375,171.82,65.82,34.79
1326,171.83,65.83,34.79
1360,171.82,65.82,34.79
1294,171.83,65.83,34.79
1328,171.83,65.82,34.79
1395,171.82,65.82,34.79
1564,171.82,65.82,34.79
1382,171.82,65.82,34.79
1450,171.82,65.82,34.79
1419,171.82,65.82,34.79
1361,171.83,65.82,34.79
1694,171.82,65.82,34.79
1439,171.83,65.82,34.79
1339,171.83,65.82,34.79
1343,171.83,65.82,34.79
1372,171.83,65.82,34.79
1357,171.83,65.82,34.79
1258,171.83,65.83,34.8
1310,171.83,65.82,34.8
1274,171.83,65.83,34.8
1268,171.84,65.83,34.79
1299,171.84,65.82,34.79
1286,171.84,65.83,34.79
1320,171.84,65.82,34.79
1256,171.84,65.83,34.79
1277,171.84,65.83,34.79
409393,171.83,65.82,34.74
208322,171.83,65.82,34.73
86500,171.83,65.82,34.73
18214,171.83,65.82,34.73
260253,171.83,65.82,34.74
85010,171.83,65.82,34.74
59897,171.83,65.82,34.73
13796,171.83,65.82,34.73
4641,171.83,65.82,34.73
1487,171.83,65.82,34.73
17422,171.83,65.82,34.73
4379,171.83,65.82,34.73
834916,171.83,65.82,34.75
794677,171.83,65.82,34.74
807360,171.83,65.82,34.75
633559,171.83,65.82,34.75
748742,171.83,65.82,34.74
525090,171.83,65.82,34.74
730730,171.83,65.82,34.74
598284,171.83,65.82,34.74
644712,171.83,65.82,34.74
373260,171.83,65.82,34.74
468314,171.83,65.82,34.74
215109,171.83,65.82,34.74
769,171.83,65.82,34.72
1865,171.83,65.82,34.73
756,171.83,65.82,34.72
1224,171.83,65.82,34.73
553,171.83,65.82,34.72
302,171.83,65.82,34.71
414,171.83,65.82,34.72
3385,171.82,65.82,34.78
22356,171.82,65.82,34.78
1934,171.82,65.82,34.78
9197,171.82,65.82,34.78
115313,171.82,65.82,34.78
323473,171.82,65.82,34.78
61467,171.82,65.82,34.78
228517,171.82,65.82,34.78
2738,171.82,65.82,34.78
9134,171.82,65.82,34.78
1511,171.83,65.82,34.78
2646,171.83,65.82,34.78
1403,171.83,65.82,34.78
1374,171.83,65.82,34.78
1620,171.83,65.82,34.78
1407,171.83,65.82,34.78
1377,171.84,65.82,34.78
121653,171.82,65.82,34.78
35112,171.82,65.82,34.78
8654,171.83,65.82,34.78
2441,171.83,65.82,34.78
44447,171.83,65.82,34.78
8055,171.83,65.82,34.78
2125,171.83,65.82,34.78
3194,171.83,65.82,34.78
1482,171.84,65.82,34.78
1621,171.84,65.82,34.78
1368,171.84,65.82,34.78
1390,171.84,65.82,34.78
736291,171.82,65.82,34.77
560707,171.82,65.82,34.77
487693,171.82,65.82,34.77
704746,171.82,65.82,34.77
869258,171.82,65.82,34.77
819831,171.82,65.82,34.77
816096,171.82,65.82,34.77
871341,171.82,65.82,34.77
822868,171.82,65.82,34.77
733216,171.82,65.82,34.77
646268,171.83,65.82,34.77
348251,171.83,65.82,34.77
784852,171.83,65.82,34.77
556468,171.83,65.82,34.77
222425,171.83,65.82,34.77
90498,171.83,65.82,34.77
24899,171.84,65.82,34.77
4211,171.84,65.82,34.77
2136,171.84,65.82,34.77
1398,171.84,65.82,34.77
558864,171.82,65.82,34.77
318975,171.82,65.82,34.77
168391,171.83,65.82,34.77
40233,171.83,65.82,34.77
406320,171.83,65.82,34.77
152002,171.83,65.82,34.77
5400,171.83,65.82,34.77
20754,171.83,65.82,34.77
1831,171.84,65.82,34.77
2334,171.84,65.82,34.77
1383,171.84,65.82,34.77
1399,171.84,65.82,34.77
869802,171.83,65.82,34.75
871092,171.83,65.82,34.76
860760,171.83,65.82,34.76
763788,171.83,65.82,34.76
859140,171.83,65.82,34.75
759914,171.83,65.82,34.75
864824,171.83,65.82,34.75
852306,171.83,65.82,34.75
851875,171.83,65.82,34.75
741262,171.83,65.82,34.75
835040,171.83,65.82,34.75
701434,171.83,65.82,34.75
846924,171.83,65.82,34.76
816013,171.83,65.82,34.76
824292,171.83,65.82,34.76
670192,171.83,65.82,34.76
779399,171.83,65.82,34.76
576774,171.83,65.82,34.76
558904,171.83,65.82,34.76
458715,171.83,65.82,34.76
261073,171.83,65.82,34.76
367481,171.83,65.82,34.76
868538,171.83,65.82,34.76
859641,171.83,65.82,34.76
856782,171.83,65.82,34.76
753363,171.83,65.82,34.76
844739,171.83,65.82,34.76
724068,171.83,65.82,34.76
658175,171.83,65.82,34.76
621974,171.83,65.82,34.76
447144,171.83,65.82,34.76
496242,171.83,65.82,34.76
519314,171.83,65.82,34.75
412278,171.83,65.82,34.74
230247,171.83,65.82,34.74
330595,171.83,65.82,34.75
286612,171.83,65.82,34.74
165045,171.83,65.82,34.74
133281,171.83,65.82,34.74
57771,171.83,65.82,34.74
25108,171.84,65.82,34.74
4439,171.84,65.82,34.74
92142,171.84,65.82,34.75
51896,171.84,65.82,34.74
9243,171.84,65.82,34.74
19739,171.84,65.82,34.75
24748,171.83,65.82,34.73
72638,171.83,65.82,34.74
7565,171.83,65.82,34.73
20283,171.83,65.82,34.74
2175,171.83,65.82,34.73
6477,171.83,65.82,34.73
1092,171.83,65.82,34.73
2403,171.83,65.82,34.73
1030,171.84,65.82,34.73
931,171.84,65.82,34.73
1177,171.84,65.82,34.73
1047,171.84,65.82,34.73
2188,171.84,65.82,34.73
1319,171.84,65.82,34.73
11740,171.84,65.82,34.74
3532,171.84,65.82,34.74
2273,171.84,65.82,34.74
1506,171.84,65.82,34.74
1101,171.85,65.83,34.74
1181,171.85,65.82,34.74
1136,171.85,65.83,34.74
1414,171.84,65.82,34.74
1209,171.84,65.82,34.74
1204,171.85,65.83,34.74
1222,171.85,65.83,34.75
1208,171.85,65.82,34.74
1233,171.85,65.82,34.75
1191,171.85,65.83,34.75
1167,171.85,65.83,34.74
1786,171.84,65.82,34.74
1258,171.84,65.82,34.74
2549,171.84,65.82,34.75
1308,171.84,65.82,34.75
950,171.85,65.83,34.73
936,171.84,65.83,34.73
952,171.84,65.82,34.73
997,171.84,65.82,34.73
1014,171.84,65.82,34.73
1148,171.84,65.82,34.74
1041,171.85,65.83,34.73
1168,171.84,65.82,34.74
1228,171.84,65.82,34.74
1045,171.84,65.83,34.73
1037,171.84,65.82,34.73
1084,171.84,65.82,34.74
1068,171.84,65.82,34.73
1117,171.84,65.82,34.74
509,171.83,65.82,34.72
521,171.84,65.83,34.71
563,171.84,65.82,34.72
818,171.83,65.82,34.72
661,171.83,65.82,34.72
659,171.84,65.83,34.72
690,171.84,65.82,34.72
844,171.84,65.82,34.72
561,171.84,65.83,34.72
693,171.84,65.83,34.72
883,171.84,65.82,34.73
815,171.84,65.83,34.72
1300,171.84,65.82,34.78
1296,171.85,65.82,34.78
1247,171.85,65.83,34.78
1324,171.84,65.82,34.78
1310,171.85,65.82,34.77
1246,171.85,65.83,34.77
1308,171.85,65.82,34.77
1351,171.84,65.82,34.77
1381,171.84,65.82,34.77
1228,171.85,65.83,34.76
1221,171.85,65.83,34.76
666320,171.83,65.82,34.75
671216,171.83,65.82,34.76
516036,171.83,65.82,34.76
510243,171.83,65.82,34.75
641856,171.83,65.82,34.75
593960,171.83,65.82,34.75
417035,171.83,65.82,34.75
476968,171.83,65.82,34.75
299853,171.84,65.82,34.76
295172,171.84,65.82,34.75
96217,171.84,65.82,34.76
95365,171.84,65.82,34.75
173947,171.84,65.82,34.75
138203,171.84,65.82,34.75
37294,171.84,65.82,34.75
61569,171.84,65.82,34.75
85746,171.84,65.82,34.76
29254,171.84,65.82,34.76
1258,171.85,65.83,34.76
1284,171.85,65.82,34.76
1286,171.85,65.82,34.76
1306,171.85,65.82,34.77
1308,171.85,65.82,34.76
1642,171.84,65.82,34.76
1343,171.84,65.82,34.76
2192,171.84,65.82,34.76
1352,171.84,65.82,34.76
1242,171.85,65.83,34.75
1277,171.85,65.83,34.75
1256,171.85,65.83,34.76
1290,171.85,65.83,34.76
1297,171.85,65.82,34.75
1310,171.85,65.82,34.76
1278,171.85,65.82,34.76
1271,171.85,65.82,34.76
1302,171.85,65.82,34.76
1295,171.85,65.82,34.76
1207,171.85,65.83,34.75
1243,171.85,65.83,34.75
1225,171.85,65.83,34.75
1258,171.85,65.83,34.75
1259,171.85,65.82,34.75
1279,171.85,65.82,34.75
6138,171.84,65.82,34.75
1426,171.84,65.82,34.75
5364,171.84,65.82,34.76
1424,171.84,65.82,34.76
2392,171.84,65.82,34.76
3463,171.84,65.82,34.76
1358,171.84,65.82,34.76
1375,171.84,65.82,34.76
3765,171.84,65.82,34.75
1364,171.84,65.82,34.75
5016,171.84,65.82,34.75
1403,171.84,65.82,34.75
214,171.83,65.82,34.7
227,171.83,65.82,34.71
256,171.83,65.83,34.71
364,171.84,65.83,34.71
385,171.83,65.82,34.71
411,171.84,65.83,34.71
681133,171.82,65.82,34.77
755582,171.81,65.82,34.77
610345,171.81,65.82,34.77
843885,171.82,65.82,34.77
866594,171.81,65.82,34.77
826806,171.81,65.82,34.77
8274,171.82,65.82,34.78
45309,171.82,65.82,34.78
21575,171.81,65.82,34.78
72267,171.81,65.82,34.78
4762,171.81,65.82,34.78
12236,171.81,65.82,34.78
30946,171.81,65.82,34.78
48422,171.81,65.82,34.78
174550,171.82,65.82,34.78
388047,171.82,65.82,34.78
422001,171.81,65.82,34.78
221738,171.81,65.82,34.78
160485,171.81,65.82,34.78
187291,171.81,65.82,34.78
392063,171.81,65.82,34.78
414619,171.81,65.82,34.78
875235,171.82,65.82,34.75
901151,171.82,65.82,34.75
883827,171.82,65.82,34.75
907209,171.82,65.82,34.75
879433,171.82,65.82,34.76
904206,171.82,65.82,34.76
857852,171.82,65.82,34.76
889607,171.82,65.82,34.76
1744,171.8,65.82,34.78
4353,171.81,65.82,34.78
4207,171.8,65.82,34.78
17799,171.81,65.82,34.78
9130,171.81,65.82,34.78
38784,171.81,65.82,34.78
41185,171.8,65.82,34.78
101054,171.81,65.82,34.78
192105,171.8,65.82,34.78
314598,171.81,65.82,34.78
385025,171.81,65.82,34.78
173033,171.81,65.82,34.78
728952,171.81,65.82,34.77
582570,171.81,65.82,34.77
419597,171.8,65.82,34.77
545320,171.81,65.82,34.77
624077,171.8,65.82,34.77
716871,171.81,65.82,34.77
845270,171.81,65.82,34.77
800315,171.81,65.82,34.77
821035,171.8,65.82,34.77
853809,171.81,65.82,34.77
751771,171.8,65.82,34.77
805705,171.81,65.82,34.77
163760,171.8,65.82,34.78
48932,171.8,65.82,34.78
18818,171.8,65.82,34.78
70064,171.8,65.82,34.78
1883,171.8,65.82,34.78
4874,171.8,65.82,34.78
1673,171.8,65.82,34.78
2649,171.8,65.82,34.78
1636,171.79,65.82,34.78
2240,171.79,65.82,34.78
2338,171.8,65.82,34.78
9320,171.8,65.82,34.78
1608,171.79,65.82,34.78
1632,171.8,65.82,34.78
550185,171.8,65.82,34.77
356184,171.8,65.82,34.77
233107,171.8,65.82,34.77
443747,171.8,65.82,34.77
770430,171.8,65.82,34.77
685458,171.8,65.82,34.77
743579,171.8,65.82,34.77
626722,171.8,65.82,34.77
2051,171.79,65.82,34.77
14319,171.79,65.82,34.77
5125,171.79,65.82,34.77
83331,171.79,65.82,34.77
66637,171.8,65.82,34.77
209375,171.8,65.82,34.77
31313,171.79,65.82,34.77
222193,171.79,65.82,34.77
109031,171.79,65.82,34.77
391214,171.79,65.82,34.77
550675,171.8,65.82,34.77
387726,171.8,65.82,34.77
888385,171.81,65.82,34.76
903808,171.81,65.82,34.76
901133,171.81,65.82,34.75
907295,171.81,65.82,34.75
873401,171.8,65.82,34.76
844290,171.8,65.82,34.76
444224,171.79,65.82,34.76
749316,171.79,65.82,34.76
389194,171.79,65.82,34.76
715820,171.79,65.82,34.76
797445,171.8,65.82,34.76
776462,171.8,65.82,34.76
206847,171.79,65.82,34.76
543408,171.79,65.82,34.76
307498,171.79,65.82,34.76
651122,171.79,65.82,34.76
739287,171.8,65.82,34.76
669343,171.8,65.82,34.76
880073,171.8,65.82,34.75
870962,171.8,65.82,34.75
468849,171.79,65.82,34.76
762460,171.79,65.82,34.76
463673,171.79,65.82,34.75
760180,171.79,65.82,34.75
805181,171.8,65.82,34.76
803857,171.8,65.82,34.75
428282,171.79,65.82,34.75
741659,171.79,65.82,34.75
362370,171.79,65.82,34.75
699363,171.79,65.82,34.75
793275,171.8,65.82,34.75
767223,171.8,65.82,34.75
567,171.82,65.82,34.72
341,171.82,65.82,34.72
631,171.82,65.82,34.72
286,171.81,65.82,34.72
761,171.81,65.82,34.72
178,171.81,65.82,34.72
199,171.81,65.82,34.72
461,171.81,65.82,34.72
337,171.81,65.82,34.72
6983,171.82,65.82,34.72
19860,171.82,65.82,34.73
3743,171.82,65.82,34.72
35720,171.81,65.82,34.73
7332,171.81,65.82,34.72
19517,171.81,65.82,34.73
20120,171.81,65.82,34.73
3450,171.81,65.82,34.72
1894,171.81,65.82,34.72
265,171.82,65.82,34.71
163,171.82,65.82,34.71
364,171.82,65.82,34.71
236,171.82,65.82,34.71
846480,171.82,65.82,34.74
882352,171.82,65.82,34.74
753911,171.82,65.82,34.74
844874,171.82,65.82,34.74
790797,171.82,65.82,34.74
835304,171.81,65.82,34.74
783722,171.81,65.82,34.74
852298,171.81,65.82,34.74
853922,171.81,65.82,34.74
800911,171.81,65.82,34.74
805161,171.81,65.82,34.74
484343,171.82,65.82,34.73
695631,171.82,65.82,34.74
520820,171.82,65.82,34.73
702422,171.81,65.82,34.74
546079,171.81,65.82,34.73
706030,171.81,65.82,34.74
715740,171.81,65.82,34.74
530086,171.81,65.82,34.73
547421,171.81,65.82,34.73
131791,171.82,65.82,34.73
297256,171.82,65.82,34.73
104582,171.82,65.82,34.73
346541,171.81,65.82,34.73
150865,171.81,65.82,34.73
299369,171.81,65.82,34.73
321076,171.81,65.82,34.73
103941,171.81,65.82,34.73
116608,171.81,65.82,34.73
75,171.81,65.82,34.72
138,171.81,65.82,34.72
151,171.81,65.82,34.72
575,171.81,65.82,34.72
646,171.8,65.82,34.72
701,171.81,65.82,34.72
4394,171.8,65.82,34.73
9471,171.81,65.82,34.73
27514,171.81,65.82,34.73
5858,171.81,65.82,34.72
79,171.81,65.82,34.71
108,171.81,65.82,34.71
798,171.8,65.82,34.72
5567,171.8,65.82,34.73
239,171.8,65.82,34.72
768,171.8,65.82,34.73
158,171.8,65.82,34.72
2234,171.79,65.82,34.73
1716,171.8,65.82,34.73
1586,171.8,65.82,34.72
788,171.8,65.82,34.72
2090,171.79,65.82,34.72
134,171.8,65.82,34.71
133,171.8,65.82,34.71
524,171.8,65.82,34.71
1450,171.79,65.83,34.71
570,171.8,65.82,34.72
1689,171.79,65.83,34.71
881229,171.81,65.82,34.74
867458,171.8,65.82,34.75
842359,171.8,65.82,34.74
800929,171.8,65.82,34.74
837949,171.81,65.82,34.74
709935,171.8,65.82,34.74
774505,171.81,65.82,34.74
830214,171.81,65.82,34.74
772472,171.81,65.82,34.74
32542,171.8,65.82,34.73
68714,171.81,65.82,34.73
133762,171.8,65.82,34.73
230291,171.81,65.82,34.73
301985,171.81,65.82,34.73
118554,171.81,65.82,34.73
549674,171.8,65.82,34.74
658407,171.81,65.82,34.74
333707,171.8,65.82,34.73
459900,171.81,65.82,34.73
680190,171.81,65.82,34.74
509556,171.81,65.82,34.73
832714,171.8,65.82,34.75
799964,171.8,65.82,34.74
826241,171.8,65.82,34.75
783732,171.8,65.82,34.74
748708,171.8,65.82,34.74
639373,171.8,65.82,34.74
707869,171.8,65.82,34.74
562624,171.8,65.82,34.74
267315,171.79,65.82,34.75
619217,171.79,65.82,34.75
157665,171.79,65.82,34.74
489999,171.79,65.82,34.74
720744,171.8,65.82,34.75
632977,171.8,65.82,34.74
12924,171.79,65.82,34.74
157040,171.79,65.82,34.74
64611,171.79,65.82,34.74
322075,171.79,65.82,34.74
492486,171.8,65.82,34.74
315948,171.8,65.82,34.74
477513,171.8,65.82,34.74
282570,171.8,65.82,34.73
360815,171.8,65.82,34.74
167552,171.8,65.82,34.73
116656,171.8,65.82,34.73
32128,171.8,65.82,34.73
7287,171.8,65.82,34.73
49319,171.8,65.82,34.73
6914,171.79,65.82,34.73
48790,171.79,65.82,34.74
147761,171.8,65.82,34.74
42197,171.8,65.82,34.73
2277,171.79,65.82,34.73
2651,171.79,65.82,34.73
2937,171.8,65.82,34.73
9008,171.8,65.82,34.73
1630,171.79,65.83,34.78
1580,171.79,65.82,34.78
1635,171.79,65.82,34.78
1569,171.78,65.83,34.78
1585,171.79,65.82,34.78
1615,171.79,65.82,34.78
1620,171.79,65.82,34.78
1658,171.79,65.82,34.78
1643,171.78,65.83,34.78
1675,171.78,65.82,34.77
1734,171.78,65.82,34.77
1698,171.79,65.82,34.77
1761,171.79,65.82,34.77
1774,171.78,65.82,34.77
1814,171.78,65.82,34.77
1799,171.79,65.82,34.77
1927,171.79,65.82,34.77
1663,171.79,65.82,34.77
1761,171.79,65.82,34.77
2136,171.79,65.82,34.77
6386,171.79,65.82,34.77
1750,171.78,65.83,34.77
1771,171.78,65.83,34.77
1828,171.78,65.83,34.77
1718,171.78,65.83,34.77
1776,171.78,65.83,34.77
1644,171.78,65.83,34.77
1676,171.78,65.83,34.77
2119,171.78,65.82,34.76
2264,171.78,65.82,34.76
1894,171.78,65.82,34.76
1993,171.78,65.82,34.76
4739,171.78,65.82,34.76
89509,171.79,65.82,34.76
6669,171.78,65.82,34.76
116290,171.79,65.82,34.76
2285,171.78,65.82,34.76
25610,171.79,65.82,34.76
3192,171.78,65.82,34.76
56093,171.79,65.82,34.76
2648,171.78,65.82,34.75
2566,171.78,65.82,34.75
11381,171.79,65.82,34.75
5498,171.79,65.82,34.75
2427,171.78,65.82,34.75
2382,171.78,65.82,34.76
100331,171.79,65.82,34.75
66213,171.79,65.82,34.75
7239,171.78,65.82,34.76
128997,171.79,65.82,34.76
5894,171.78,65.82,34.75
123295,171.79,65.82,34.75
2064,171.78,65.83,34.76
2129,171.78,65.83,34.76
2029,171.78,65.83,34.76
2086,171.78,65.83,34.76
1935,171.78,65.83,34.76
2003,171.78,65.83,34.76
1968,171.78,65.83,34.76
1812,171.78,65.83,34.77
1867,171.78,65.83,34.76
1924,171.78,65.83,34.76
1995,171.78,65.83,34.76
2407,171.78,65.83,34.75
2488,171.78,65.83,34.75
2315,171.78,65.83,34.75
2226,171.78,65.83,34.76
2285,171.78,65.83,34.75
2192,171.78,65.83,34.76
2357,171.78,65.83,34.75
2427,171.78,65.83,34.75
2214,171.78,65.83,34.75
2121,171.78,65.83,34.76
2629,171.79,65.82,34.73
2671,171.79,65.83,34.72
2670,171.79,65.83,34.73
2658,171.79,65.83,34.72
2586,171.79,65.82,34.73
2496,171.79,65.82,34.73
1678,171.8,65.82,34.72
2542,171.79,65.82,34.72
2431,171.79,65.82,34.72
2480,171.79,65.83,34.72
2272,171.79,65.83,34.72
2584,171.78,65.82,34.74
2579,171.78,65.82,34.75
2723,171.79,65.82,34.74
3362,171.79,65.82,34.75
8218,171.79,65.82,34.74
30533,171.79,65.82,34.75
2637,171.79,65.83,34.73
2637,171.79,65.83,34.73
2664,171.79,65.83,34.73
2655,171.79,65.83,34.73
2627,171.79,65.83,34.73
2646,171.78,65.83,34.73
2641,171.78,65.83,34.74
2612,171.79,65.83,34.74
2627,171.79,65.82,34.73
2603,171.79,65.82,34.74
2616,171.78,65.82,34.74
2606,171.78,65.82,34.74
2601,171.79,65.82,34.74
2611,171.79,65.82,34.74
2640,171.79,65.82,34.74
3801,171.79,65.82,34.74
2713,171.79,65.82,34.74
3286,171.79,65.82,34.74
2604,171.79,65.82,34.73
2622,171.79,65.82,34.73
2614,171.79,65.82,34.73
2546,171.79,65.82,34.73
2798,171.79,65.82,34.73
2555,171.79,65.82,34.73
2555,171.78,65.83,34.75
2581,171.78,65.83,34.74
2543,171.78,65.83,34.74
2511,171.78,65.83,34.75
2624,171.78,65.83,34.74
2610,171.78,65.83,34.74
2629,171.78,65.83,34.74
2609,171.78,65.83,34.74
2591,171.78,65.83,34.74
1484,171.79,65.83,34.79
1566,171.79,65.82,34.78
1557,171.79,65.82,34.78
1539,171.8,65.82,34.79
1553,171.8,65.82,34.79
1511,171.79,65.83,34.79
1545,171.79,65.82,34.78
1574,171.79,65.82,34.78
1560,171.79,65.82,34.78
1588,171.79,65.82,34.78
1537,171.79,65.82,34.78
1557,171.79,65.82,34.78
1510,171.78,65.83,34.78
1387,171.82,65.82,34.79
1451,171.82,65.82,34.79
2075,171.82,65.82,34.79
1659,171.81,65.82,34.79
3406,171.81,65.82,34.79
1439,171.81,65.82,34.79
1652,171.81,65.82,34.79
1580,171.81,65.82,34.79
2514,171.81,65.82,34.79
1344,171.82,65.82,34.8
1336,171.82,65.82,34.8
1326,171.81,65.82,34.8
1305,171.81,65.83,34.8
1325,171.81,65.83,34.8
1301,171.82,65.83,34.8
1398,171.81,65.82,34.8
1347,171.81,65.83,34.8
1400,171.8,65.83,34.8
1383,171.81,65.82,34.8
1435,171.81,65.82,34.79
1494,171.8,65.82,34.79
1509,171.81,65.82,34.79
1551,171.8,65.82,34.79
1728,171.81,65.82,34.79
1487,171.81,65.82,34.79
1907,171.81,65.82,34.79
1438,171.8,65.82,34.8
1428,171.79,65.83,34.8
1476,171.8,65.82,34.79
1491,171.8,65.82,34.79
1554,171.8,65.82,34.79
1523,171.8,65.82,34.79
1559,171.8,65.82,34.79
1491,171.8,65.82,34.79
1476,171.79,65.83,34.79
1525,171.8,65.82,34.78
1585,171.79,65.82,34.78
1547,171.8,65.82,34.79
1570,171.8,65.82,34.79
1544,171.8,65.82,34.79
1577,171.8,65.82,34.79
189,171.82,65.82,34.71
164,171.83,65.82,34.7
134,171.83,65.82,34.7
122,171.82,65.82,34.7
65,171.81,65.82,34.71
121,171.82,65.82,34.71
75,171.81,65.82,34.7
54,171.81,65.82,34.7
55,171.81,65.82,34.7
149,171.8,65.82,34.7
94,171.81,65.81,34.71
1207,171.79,65.82,34.71
565,171.8,65.82,34.7
147,171.8,65.82,34.71
582,171.8,65.82,34.7
1245,171.85,65.83,34.78
1242,171.85,65.83,34.77
1227,171.85,65.83,34.77
1278,171.82,65.83,34.8
1258,171.83,65.83,34.8
1285,171.83,65.82,34.8
1306,171.82,65.82,34.8
1308,171.83,65.82,34.8
1357,171.82,65.82,34.79
1336,171.83,65.82,34.79
1304,171.83,65.82,34.79
2232,171.82,65.82,34.79
1442,171.83,65.82,34.79
1352,171.83,65.82,34.79
1796,171.83,65.82,34.79
1460,171.83,65.82,34.79
1369,171.83,65.82,34.79
1249,171.84,65.83,34.8
1227,171.84,65.82,34.8
1263,171.83,65.82,34.8
1256,171.84,65.83,34.8
1289,171.83,65.82,34.8
1228,171.84,65.82,34.8
1273,171.84,65.82,34.79
1291,171.84,65.82,34.79
1235,171.85,65.83,34.79
1268,171.84,65.82,34.79
1229,171.85,65.83,34.79
1247,171.85,65.83,34.79
1285,171.84,65.82,34.79
199963,171.83,65.82,34.73
29096,171.83,65.82,34.73
687705,171.83,65.82,34.74
484401,171.83,65.82,34.74
1742,171.83,65.82,34.72
635,171.83,65.82,34.72
362,171.83,65.82,34.71
491,171.83,65.82,34.71
21690,171.82,65.82,34.78
186229,171.82,65.82,34.78
3874,171.83,65.82,34.78
12618,171.83,65.82,34.78
1606,171.83,65.82,34.78
3751,171.83,65.82,34.78
2066,171.83,65.82,34.78
1340,171.84,65.82,34.78
113942,171.83,65.82,34.78
41316,171.83,65.82,34.78
10150,171.83,65.82,34.78
6277,171.83,65.82,34.78
39610,171.83,65.82,34.78
14244,171.83,65.82,34.78
7151,171.83,65.82,34.78
16718,171.83,65.82,34.78
2288,171.83,65.82,34.78
3908,171.83,65.82,34.78
1578,171.84,65.82,34.78
554187,171.82,65.82,34.77
786650,171.82,65.82,34.77
768993,171.83,65.82,34.77
658691,171.83,65.82,34.77
540418,171.83,65.82,34.77
256421,171.83,65.82,34.77
697941,171.83,65.82,34.77
430810,171.83,65.82,34.77
325925,171.83,65.82,34.77
184678,171.83,65.82,34.77
145998,171.83,65.82,34.77
51118,171.83,65.82,34.77
4388,171.84,65.82,34.77
483306,171.83,65.82,34.77
272508,171.83,65.82,34.77
135815,171.83,65.82,34.77
34884,171.83,65.82,34.77
323543,171.83,65.82,34.77
108257,171.83,65.82,34.77
34283,171.83,65.82,34.77
83717,171.83,65.82,34.77
6176,171.83,65.82,34.77
14610,171.83,65.82,34.77
2314,171.84,65.82,34.77
793578,171.83,65.82,34.75
769970,171.83,65.82,34.75
716364,171.83,65.82,34.76
271900,171.84,65.82,34.76
780720,171.83,65.82,34.76
380466,171.84,65.82,34.76
253444,171.84,65.82,34.74
118989,171.84,65.82,34.74
12016,171.84,65.82,34.74
3293,171.84,65.82,34.74
21450,171.84,65.82,34.74
5528,171.84,65.82,34.74
66050,171.84,65.82,34.75
40149,171.84,65.82,34.74
9749,171.84,65.82,34.74
16326,171.84,65.82,34.75
31561,171.84,65.82,34.73
4120,171.84,65.82,34.73
1139,171.84,65.82,34.73
2778,171.84,65.82,34.73
1075,171.85,65.83,34.74
1120,171.85,65.82,34.74
1133,171.85,65.82,34.74
1153,171.85,65.82,34.74
1166,171.84,65.82,34.74
1314,171.84,65.82,34.74
1490,171.84,65.82,34.74
1209,171.84,65.82,34.74
1142,171.85,65.83,34.74
1158,171.85,65.82,34.74
1178,171.85,65.82,34.75
1184,171.85,65.82,34.74
1206,171.85,65.82,34.75
1911,171.84,65.82,34.74
1287,171.84,65.82,34.74
2426,171.84,65.82,34.75
1327,171.84,65.82,34.75
993,171.85,65.82,34.73
899,171.85,65.83,34.73
948,171.84,65.82,34.73
1084,171.85,65.82,34.73
994,171.85,65.83,34.73
1070,171.84,65.82,34.73
552,171.84,65.82,34.71
563,171.84,65.82,34.72
981,171.84,65.82,34.72
704,171.84,65.82,34.72
704,171.84,65.82,34.72
853,171.84,65.82,34.72
598,171.84,65.82,34.72
534,171.85,65.83,34.71
692,171.85,65.83,34.72
672,171.85,65.83,34.72
724,171.84,65.82,34.72
791,171.85,65.83,34.72
786,171.85,65.83,34.72
854,171.84,65.82,34.72
1263,171.85,65.82,34.78
1280,171.85,65.82,34.78
1195,171.85,65.83,34.78
1266,171.85,65.82,34.78
1295,171.85,65.82,34.78
1269,171.85,65.82,34.77
1268,171.85,65.82,34.77
1314,171.85,65.82,34.77
1340,171.85,65.82,34.77
1185,171.86,65.83,34.78
1240,171.85,65.82,34.77
1240,171.85,65.82,34.76
1178,171.86,65.83,34.76
1233,171.85,65.82,34.76
1165,171.86,65.83,34.76
1200,171.85,65.83,34.75
1169,171.85,65.83,34.75
414283,171.84,65.82,34.75
370185,171.84,65.82,34.75
115018,171.84,65.82,34.75
126198,171.84,65.82,34.75
99558,171.84,65.82,34.75
28114,171.84,65.82,34.75
45717,171.84,65.82,34.75
20732,171.84,65.81,34.76
6612,171.84,65.81,34.76
1265,171.85,65.82,34.76
1396,171.85,65.82,34.76
1242,171.85,65.82,34.75
1255,171.85,65.82,34.76
1272,171.85,65.82,34.75
1281,171.85,65.82,34.76
1257,171.85,65.82,34.76
1204,171.85,65.82,34.75
1219,171.85,65.82,34.75
1236,171.85,65.82,34.75
1250,171.85,65.82,34.75
4099,171.84,65.82,34.75
1402,171.84,65.82,34.75
3388,171.84,65.82,34.76
1391,171.84,65.82,34.76
1632,171.85,65.82,34.76
3351,171.84,65.82,34.75
1391,171.84,65.82,34.75
3902,171.84,65.82,34.75
1406,171.84,65.82,34.75
175,171.83,65.82,34.7
235,171.83,65.81,34.71
258,171.83,65.82,34.71
438,171.85,65.82,34.71
205,171.84,65.82,34.7
446,171.84,65.82,34.71
260,171.84,65.82,34.7
291,171.83,65.82,34.71
428,171.84,65.82,34.71
399,171.84,65.82,34.71
290,171.84,65.82,34.71
818557,171.83,65.81,34.76
785220,171.83,65.81,34.76
825389,171.83,65.81,34.75
812049,171.83,65.81,34.75
768622,171.83,65.81,34.74
649273,171.83,65.81,34.74
400703,171.83,65.81,34.73
122844,171.83,65.81,34.73
9618,171.83,65.81,34.72
787,171.83,65.81,34.72
340,171.83,65.81,34.71
450,171.83,65.81,34.71
634516,171.82,65.81,34.77
669730,171.81,65.81,34.77
795421,171.82,65.81,34.77
815035,171.81,65.81,34.77
58268,171.82,65.81,34.78
57237,171.81,65.81,34.78
309651,171.82,65.81,34.78
347448,171.81,65.81,34.78
865166,171.82,65.81,34.75
876496,171.81,65.81,34.75
872715,171.82,65.81,34.75
883084,171.81,65.81,34.75
868869,171.82,65.81,34.76
879466,171.81,65.81,34.76
850183,171.82,65.81,34.76
862914,171.81,65.81,34.76
20394,171.8,65.81,34.78
232648,171.8,65.81,34.78
576027,171.8,65.81,34.77
773826,171.8,65.81,34.77
59628,171.8,65.82,34.78
2693,171.8,65.82,34.78
1621,171.79,65.82,34.78
2461,171.79,65.82,34.78
2301,171.79,65.82,34.78
7166,171.79,65.82,34.78
1563,171.79,65.82,34.78
1588,171.79,65.82,34.78
1528,171.79,65.82,34.78
1631,171.79,65.82,34.78
295501,171.8,65.82,34.77
573851,171.8,65.82,34.77
2079,171.79,65.82,34.77
14217,171.79,65.82,34.77
3810,171.79,65.82,34.77
47287,171.79,65.82,34.77
48800,171.79,65.82,34.77
146205,171.79,65.82,34.77
11383,171.79,65.82,34.77
132513,171.79,65.82,34.77
49252,171.79,65.82,34.77
259180,171.79,65.82,34.77
421635,171.79,65.82,34.77
278989,171.79,65.82,34.77
840780,171.8,65.81,34.76
862844,171.8,65.81,34.76
860178,171.8,65.81,34.75
868059,171.8,65.81,34.75
785961,171.8,65.82,34.76
730958,171.8,65.82,34.76
279733,171.79,65.82,34.76
610666,171.79,65.82,34.76
238627,171.79,65.82,34.76
565578,171.79,65.82,34.76
710448,171.79,65.82,34.76
680189,171.79,65.82,34.76
112437,171.79,65.82,34.76
384660,171.79,65.82,34.76
178976,171.79,65.82,34.76
491434,171.79,65.82,34.76
629671,171.79,65.82,34.76
542773,171.79,65.82,34.76
798721,171.8,65.82,34.75
781525,171.8,65.82,34.75
299182,171.79,65.82,34.76
628863,171.79,65.82,34.76
294599,171.79,65.82,34.75
625342,171.79,65.82,34.75
721749,171.79,65.82,34.76
719726,171.79,65.82,34.75
264291,171.79,65.82,34.75
599982,171.79,65.82,34.75
213109,171.79,65.82,34.75
544369,171.79,65.82,34.75
704907,171.79,65.82,34.75
667163,171.79,65.82,34.75
1043,171.82,65.81,34.72
1359,171.81,65.81,34.72
30255,171.82,65.81,34.72
39617,171.81,65.81,34.72
229,171.82,65.81,34.71
130,171.81,65.81,34.71
310,171.82,65.81,34.71
176,171.81,65.81,34.71
841327,171.82,65.81,34.74
855547,171.81,65.81,34.74
772778,171.82,65.81,34.74
796047,171.81,65.81,34.74
581973,171.82,65.81,34.73
619167,171.81,65.81,34.73
249923,171.82,65.81,34.73
277102,171.81,65.81,34.73
574,171.8,65.81,34.72
19959,171.8,65.81,34.72
74,171.8,65.81,34.71
87,171.8,65.81,34.71
2476,171.8,65.82,34.72
603,171.8,65.82,34.72
2332,171.79,65.82,34.72
2412,171.79,65.82,34.73
1913,171.79,65.82,34.72
2125,171.79,65.82,34.73
1902,171.79,65.82,34.72
520,171.8,65.82,34.71
633,171.8,65.82,34.71
2364,171.79,65.83,34.71
1324,171.79,65.82,34.71
1580,171.79,65.82,34.72
832851,171.8,65.81,34.74
748442,171.8,65.81,34.74
177900,171.8,65.81,34.73
515114,171.8,65.81,34.73
712798,171.8,65.82,34.74
529143,171.8,65.82,34.74
142216,171.79,65.82,34.75
455949,171.79,65.82,34.75
68923,171.79,65.82,34.74
333735,171.79,65.82,34.74
605250,171.79,65.82,34.75
502093,171.79,65.82,34.74
6126,171.79,65.82,34.74
85106,171.79,65.82,34.74
22363,171.79,65.82,34.74
201800,171.79,65.82,34.74
366148,171.79,65.82,34.74
219084,171.79,65.82,34.74
237627,171.8,65.82,34.73
46759,171.8,65.82,34.73
6628,171.79,65.82,34.73
24972,171.79,65.82,34.74
98014,171.79,65.82,34.74
27921,171.79,65.82,34.73
2426,171.79,65.82,34.73
2874,171.79,65.82,34.73
3240,171.79,65.82,34.73
8391,171.79,65.82,34.73
1557,171.78,65.83,34.78
1604,171.78,65.82,34.78
1611,171.79,65.82,34.78
1665,171.78,65.82,34.77
1719,171.78,65.82,34.77
1695,171.78,65.82,34.77
1746,171.78,65.82,34.77
1746,171.78,65.82,34.77
1785,171.78,65.82,34.77
1799,171.78,65.82,34.77
1857,171.78,65.82,34.77
1676,171.79,65.82,34.77
1745,171.79,65.82,34.77
1899,171.79,65.82,34.77
2838,171.79,65.82,34.77
2158,171.79,65.82,34.77
3609,171.79,65.82,34.77
6357,171.79,65.82,34.77
21198,171.79,65.82,34.77
1584,171.78,65.83,34.78
1680,171.78,65.82,34.77
1717,171.78,65.82,34.77
1752,171.78,65.82,34.77
1817,171.78,65.82,34.77
1726,171.78,65.83,34.77
1638,171.78,65.83,34.77
2051,171.78,65.82,34.76
2145,171.78,65.82,34.76
1870,171.78,65.82,34.76
1952,171.78,65.82,34.76
3389,171.78,65.82,34.76
41095,171.79,65.82,34.76
3964,171.78,65.82,34.76
54486,171.79,65.82,34.76
171623,171.79,65.82,34.76
142637,171.79,65.82,34.76
2248,171.78,65.82,34.76
12065,171.79,65.82,34.76
2732,171.78,65.82,34.76
24210,171.79,65.82,34.76
56515,171.79,65.82,34.76
99448,171.79,65.82,34.76
2484,171.78,65.82,34.75
2501,171.78,65.82,34.75
4372,171.78,65.82,34.75
3299,171.78,65.82,34.75
2335,171.78,65.82,34.75
2264,171.78,65.82,34.76
41023,171.79,65.82,34.75
22380,171.79,65.82,34.75
156099,171.79,65.82,34.75
114278,171.79,65.82,34.75
4366,171.78,65.82,34.76
60552,171.79,65.82,34.76
3914,171.78,65.82,34.75
54847,171.79,65.82,34.75
184867,171.79,65.82,34.76
179563,171.79,65.82,34.75
2051,171.78,65.82,34.76
2117,171.78,65.82,34.76
2003,171.78,65.82,34.76
2074,171.78,65.82,34.76
1924,171.78,65.82,34.76
1991,171.78,65.82,34.76
1897,171.78,65.82,34.76
1950,171.78,65.82,34.76
1792,171.78,65.83,34.77
1847,171.78,65.83,34.76
1901,171.78,65.83,34.76
1968,171.78,65.83,34.76
2367,171.78,65.83,34.75
2426,171.78,65.83,34.75
2401,171.78,65.83,34.75
2459,171.78,65.83,34.75
2288,171.78,65.82,34.75
2204,171.78,65.82,34.76
2251,171.78,65.82,34.75
2164,171.78,65.82,34.76
2340,171.78,65.83,34.75
2176,171.78,65.83,34.75
2085,171.78,65.83,34.76
2693,171.79,65.83,34.72
2658,171.79,65.82,34.72
2657,171.79,65.82,34.73
2684,171.78,65.83,34.72
2642,171.79,65.82,34.72
2646,171.79,65.82,34.73
2557,171.79,65.82,34.72
2591,171.79,65.82,34.73
2691,171.79,65.83,34.72
2460,171.79,65.82,34.72
2596,171.79,65.83,34.71
2272,171.79,65.82,34.72
2661,171.79,65.83,34.71
2576,171.78,65.82,34.74
2564,171.78,65.82,34.75
2645,171.78,65.82,34.74
2778,171.78,65.82,34.75
4174,171.79,65.82,34.74
9104,171.79,65.82,34.75
64294,171.79,65.82,34.75
21901,171.79,65.82,34.74
2653,171.79,65.82,34.73
2644,171.79,65.82,34.73
2669,171.78,65.83,34.73
2633,171.78,65.82,34.73
2647,171.78,65.83,34.73
2624,171.78,65.82,34.74
2631,171.79,65.82,34.73
2613,171.79,65.82,34.74
2607,171.78,65.82,34.74
2599,171.78,65.82,34.74
2613,171.78,65.82,34.74
2617,171.78,65.82,34.74
2648,171.79,65.82,34.74
3913,171.79,65.82,34.74
2763,171.79,65.82,34.74
2991,171.79,65.82,34.74
4578,171.79,65.82,34.74
9996,171.79,65.82,34.74
2979,171.79,65.82,34.73
2638,171.79,65.82,34.73
2630,171.79,65.82,34.73
2631,171.79,65.82,34.73
2619,171.79,65.82,34.73
2620,171.79,65.82,34.73
2567,171.78,65.83,34.74
2537,171.78,65.83,34.75
2493,171.78,65.83,34.74
2629,171.78,65.83,34.74
2610,171.78,65.82,34.74
2596,171.78,65.82,34.74
2630,171.78,65.83,34.74
2630,171.78,65.83,34.73
2581,171.78,65.83,34.74
1441,171.79,65.83,34.8
1513,171.79,65.82,34.79
1473,171.79,65.83,34.79
1498,171.79,65.83,34.79
1532,171.79,65.82,34.79
1559,171.79,65.82,34.78
1493,171.78,65.83,34.79
1540,171.78,65.82,34.78
1500,171.78,65.83,34.78
1436,171.82,65.81,34.79
1412,171.81,65.81,34.79
4474,171.82,65.81,34.79
3146,171.81,65.81,34.79
1303,171.82,65.81,34.8
1340,171.81,65.81,34.8
1312,171.82,65.82,34.8
1307,171.82,65.82,34.8
1315,171.81,65.81,34.8
1333,171.81,65.82,34.8
1282,171.81,65.82,34.81
1358,171.81,65.82,34.8
1411,171.8,65.82,34.8
1357,171.8,65.83,34.8
1360,171.8,65.83,34.8
1381,171.79,65.83,34.8
1388,171.8,65.81,34.8
1434,171.8,65.81,34.79
1819,171.8,65.81,34.79
1421,171.8,65.82,34.8
1429,171.79,65.83,34.8
1434,171.79,65.82,34.8
1477,171.8,65.82,34.79
1524,171.8,65.82,34.79
1495,171.79,65.82,34.79
1546,171.79,65.82,34.79
164,171.82,65.81,34.71
141,171.82,65.81,34.7
190,171.83,65.81,34.7
217,171.82,65.81,34.71
171,171.83,65.81,34.7
89,171.83,65.82,34.69
95,171.82,65.82,34.7
73,171.8,65.81,34.71
58,171.81,65.82,34.7
182,171.8,65.82,34.7
90,171.81,65.82,34.7
69,171.81,65.81,34.7
49,171.81,65.82,34.69
70,171.8,65.82,34.7
140,171.81,65.81,34.71
79,171.81,65.81,34.71
110,171.8,65.81,34.71
463,171.8,65.82,34.7
1201,171.79,65.82,34.71
2187,171.79,65.82,34.71
533,171.8,65.81,34.7
1606,171.79,65.82,34.7
518,171.8,65.81,34.71
2012,171.79,65.82,34.7
1179,171.85,65.83,34.78
1119,171.85,65.83,34.74
1060,171.85,65.83,34.74
1188,171.86,65.83,34.77
1186,171.86,65.83,34.77
1283,171.82,65.82,34.8
1240,171.83,65.82,34.81
1262,171.83,65.81,34.8
1265,171.83,65.82,34.8
1280,171.83,65.81,34.8
1285,171.83,65.82,34.8
1386,171.83,65.81,34.79
1318,171.83,65.82,34.79
1275,171.84,65.82,34.79
3164,171.83,65.81,34.79
1674,171.83,65.82,34.79
1346,171.84,65.82,34.79
1154,171.84,65.82,34.82
1190,171.84,65.82,34.81
1224,171.84,65.82,34.8
1258,171.84,65.82,34.8
1233,171.84,65.82,34.8
1234,171.84,65.81,34.8
1258,171.84,65.82,34.8
1204,171.84,65.82,34.8
1249,171.84,65.81,34.79
1272,171.84,65.81,34.79
1216,171.85,65.82,34.8
1252,171.85,65.82,34.79
1172,171.85,65.83,34.79
1177,171.85,65.82,34.79
1248,171.85,65.82,34.79
1265,171.85,65.82,34.79
146833,171.83,65.81,34.73
30640,171.83,65.81,34.73
520017,171.83,65.81,34.74
341288,171.83,65.81,34.74
2502,171.83,65.81,34.72
755,171.83,65.81,34.72
421,171.83,65.81,34.71
566,171.83,65.81,34.71
27290,171.83,65.81,34.78
165269,171.83,65.81,34.78
7086,171.83,65.82,34.78
1920,171.84,65.82,34.78
1313,171.84,65.81,34.78
49614,171.83,65.82,34.78
6546,171.84,65.82,34.78
1483,171.84,65.81,34.78
451941,171.83,65.81,34.77
686805,171.83,65.81,34.77
534634,171.83,65.82,34.77
115446,171.84,65.82,34.77
3147,171.84,65.81,34.77
234488,171.83,65.82,34.77
25275,171.84,65.82,34.77
1852,171.84,65.81,34.77
652676,171.83,65.81,34.75
618169,171.83,65.81,34.75
549610,171.83,65.81,34.76
151351,171.84,65.81,34.76
633122,171.83,65.81,34.76
224283,171.84,65.81,34.76
1149,171.85,65.82,34.74
1094,171.85,65.82,34.74
152614,171.84,65.81,34.74
75801,171.84,65.81,34.74
9392,171.84,65.81,34.74
21936,171.84,65.81,34.74
24563,171.84,65.81,34.73
4921,171.84,65.81,34.73
1290,171.84,65.81,34.73
3210,171.84,65.81,34.73
1094,171.85,65.82,34.74
1328,171.85,65.82,34.74
1158,171.85,65.82,34.74
1687,171.85,65.82,34.74
858,171.85,65.83,34.73
948,171.85,65.82,34.73
943,171.85,65.82,34.73
941,171.85,65.83,34.73
1034,171.85,65.82,34.73
1089,171.85,65.82,34.73
600,171.84,65.81,34.71
580,171.84,65.81,34.71
1221,171.84,65.81,34.72
778,171.84,65.81,34.72
710,171.84,65.81,34.72
882,171.84,65.81,34.72
502,171.85,65.82,34.71
576,171.85,65.82,34.72
532,171.85,65.82,34.72
711,171.85,65.82,34.72
647,171.85,65.82,34.72
704,171.85,65.82,34.72
748,171.85,65.83,34.72
826,171.85,65.82,34.73
837,171.85,65.82,34.72
1192,171.85,65.82,34.78
1234,171.85,65.81,34.78
1204,171.85,65.82,34.78
1267,171.85,65.81,34.78
1216,171.85,65.82,34.77
1220,171.85,65.82,34.77
1288,171.85,65.81,34.77
1313,171.85,65.81,34.77
1182,171.86,65.82,34.78
1139,171.86,65.82,34.78
1197,171.86,65.82,34.77
1198,171.86,65.82,34.77
1132,171.86,65.83,34.76
1195,171.86,65.82,34.76
1186,171.86,65.82,34.76
1214,171.85,65.82,34.75
1188,171.85,65.82,34.75
1097,171.86,65.83,34.76
1139,171.86,65.83,34.75
1103,171.86,65.83,34.75
248280,171.84,65.81,34.75
222528,171.84,65.81,34.75
38239,171.84,65.81,34.75
37423,171.84,65.81,34.75
6915,171.85,65.81,34.76
4596,171.85,65.81,34.76
1220,171.85,65.82,34.76
1343,171.85,65.81,34.76
1214,171.85,65.82,34.76
1240,171.85,65.82,34.75
1211,171.85,65.82,34.75
1383,171.85,65.81,34.76
1937,171.85,65.82,34.75
2018,171.85,65.82,34.75
100,171.83,65.82,34.69
208,171.83,65.81,34.7
217,171.83,65.81,34.7
285,171.83,65.81,34.71
299,171.83,65.81,34.71
130,171.84,65.82,34.69
483,171.85,65.82,34.71
408,171.85,65.82,34.71
246,171.84,65.81,34.7
202,171.84,65.82,34.7
459,171.84,65.81,34.71
331,171.84,65.82,34.71
472,171.84,65.81,34.71
315,171.84,65.81,34.71
287,171.84,65.82,34.71
227,171.84,65.82,34.7
738286,171.83,65.81,34.76
823753,171.82,65.81,34.76
691653,171.83,65.81,34.76
800360,171.82,65.81,34.76
748082,171.83,65.81,34.75
828704,171.82,65.81,34.75
728794,171.83,65.81,34.75
818904,171.82,65.81,34.75
736776,171.82,65.81,34.77
574747,171.82,65.81,34.77
70997,171.82,65.81,34.78
293884,171.82,65.81,34.78
669874,171.83,65.81,34.74
789109,171.82,65.81,34.74
536293,171.83,65.81,34.74
710684,171.82,65.81,34.74
319311,171.83,65.81,34.73
527862,171.82,65.81,34.73
110558,171.83,65.81,34.73
247875,171.82,65.81,34.73
12881,171.83,65.81,34.72
40544,171.82,65.81,34.72
1143,171.83,65.81,34.72
1843,171.82,65.81,34.72
402,171.83,65.81,34.71
303,171.82,65.81,34.71
531,171.83,65.81,34.71
436,171.82,65.81,34.71
651664,171.81,65.81,34.77
625164,171.81,65.81,34.77
781900,171.81,65.81,34.77
770382,171.81,65.81,34.77
95789,171.81,65.81,34.78
67715,171.81,65.81,34.78
383921,171.81,65.81,34.78
345542,171.81,65.81,34.78
846049,171.81,65.81,34.75
842305,171.81,65.81,34.75
853602,171.81,65.81,34.75
850005,171.81,65.81,34.75
849544,171.81,65.81,34.76
845230,171.81,65.81,34.76
830967,171.81,65.81,34.76
824961,171.81,65.81,34.76
16919,171.8,65.81,34.78
179538,171.8,65.81,34.78
461827,171.8,65.81,34.77
672956,171.8,65.81,34.77
29110,171.79,65.81,34.78
2224,171.79,65.81,34.78
2492,171.79,65.82,34.78
1570,171.79,65.82,34.78
177031,171.79,65.81,34.77
383527,171.79,65.81,34.77
35464,171.79,65.82,34.77
165045,171.79,65.82,34.77
768661,171.8,65.81,34.76
802393,171.8,65.81,34.76
799078,171.8,65.81,34.75
810557,171.8,65.81,34.75
625141,171.79,65.81,34.76
542465,171.79,65.81,34.76
438600,171.79,65.82,34.76
325150,171.79,65.82,34.76
647296,171.79,65.81,34.75
618234,171.79,65.81,34.75
471906,171.79,65.82,34.75
424666,171.79,65.82,34.75
3182,171.81,65.81,34.72
2713,171.81,65.81,34.72
66009,171.81,65.81,34.72
56110,171.81,65.81,34.72
187,171.81,65.81,34.71
88,171.81,65.81,34.71
298,171.81,65.81,34.71
160,171.81,65.81,34.71
822908,171.81,65.81,34.74
817478,171.81,65.81,34.74
762658,171.81,65.81,34.74
750110,171.81,65.81,34.74
609168,171.81,65.81,34.73
578605,171.81,65.81,34.73
325947,171.81,65.81,34.73
283428,171.81,65.81,34.73
626,171.8,65.81,34.72
19326,171.8,65.81,34.72
119,171.8,65.81,34.71
128,171.8,65.81,34.71
3009,171.79,65.81,34.72
1888,171.79,65.81,34.72
2457,171.79,65.82,34.72
2522,171.79,65.82,34.72
1588,171.79,65.81,34.71
1799,171.79,65.81,34.71
2291,171.79,65.82,34.71
2413,171.79,65.82,34.71
757358,171.8,65.81,34.74
643968,171.8,65.81,34.74
142416,171.8,65.81,34.73
409767,171.8,65.81,34.73
524186,171.79,65.81,34.74
343458,171.79,65.81,34.74
290591,171.79,65.82,34.74
124577,171.79,65.82,34.74
140817,171.79,65.81,34.73
26522,171.79,65.81,34.73
22110,171.79,65.82,34.73
3511,171.79,65.82,34.73
1615,171.78,65.82,34.78
1631,171.78,65.82,34.78
1693,171.78,65.82,34.77
1773,171.78,65.82,34.77
1817,171.78,65.82,34.77
3815,171.78,65.82,34.77
1634,171.78,65.82,34.78
1562,171.77,65.83,34.78
1683,171.78,65.82,34.77
1770,171.78,65.82,34.77
1715,171.77,65.83,34.77
1628,171.77,65.83,34.77
1996,171.78,65.82,34.76
2060,171.78,65.82,34.76
2493,171.78,65.82,34.76
2682,171.78,65.82,34.76
1855,171.78,65.82,34.76
1898,171.78,65.82,34.76
1985,171.78,65.82,34.76
2226,171.78,65.82,34.76
37348,171.78,65.82,34.76
17249,171.78,65.82,34.76
2689,171.78,65.82,34.75
2259,171.78,65.82,34.75
2184,171.78,65.82,34.76
2871,171.78,65.82,34.75
2940,171.78,65.82,34.76
21583,171.78,65.82,34.75
42524,171.78,65.82,34.75
2037,171.78,65.82,34.76
2100,171.78,65.82,34.76
1993,171.78,65.82,34.76
2056,171.78,65.82,34.76
1906,171.78,65.82,34.76
1972,171.78,65.82,34.76
1884,171.78,65.82,34.76
1939,171.78,65.82,34.76
1791,171.77,65.83,34.76
1899,171.77,65.83,34.76
2366,171.78,65.82,34.75
2258,171.78,65.82,34.75
2182,171.78,65.82,34.76
2215,171.78,65.82,34.75
2138,171.78,65.82,34.76
2274,171.77,65.83,34.75
2084,171.77,65.83,34.75
2683,171.78,65.82,34.72
2703,171.78,65.83,34.72
2668,171.79,65.82,34.73
2691,171.78,65.83,34.72
2659,171.79,65.82,34.72
2668,171.79,65.82,34.72
2595,171.79,65.82,34.71
2725,171.78,65.82,34.71
2721,171.78,65.83,34.71
2649,171.79,65.82,34.72
2716,171.78,65.83,34.72
2603,171.78,65.82,34.74
7311,171.78,65.82,34.74
2674,171.78,65.83,34.73
2655,171.78,65.82,34.73
2632,171.78,65.82,34.73
2623,171.78,65.82,34.74
2631,171.78,65.82,34.73
2621,171.78,65.82,34.74
2609,171.78,65.82,34.74
2631,171.79,65.82,34.73
2648,171.79,65.82,34.74
2808,171.79,65.82,34.73
3398,171.79,65.82,34.74
3703,171.78,65.82,34.74
2648,171.79,65.82,34.73
2523,171.78,65.82,34.74
2448,171.77,65.83,34.74
2623,171.78,65.82,34.73
2629,171.78,65.82,34.74
2595,171.78,65.82,34.74
2628,171.78,65.83,34.73
2542,171.77,65.83,34.74
2655,171.78,65.83,34.73
1396,171.78,65.82,34.8
1461,171.79,65.82,34.8
1436,171.78,65.82,34.8
1464,171.78,65.83,34.79
1462,171.78,65.83,34.79
1495,171.79,65.82,34.79
1565,171.78,65.82,34.78
1524,171.79,65.82,34.79
1522,171.78,65.82,34.79
1477,171.78,65.83,34.79
1540,171.78,65.82,34.78
1497,171.77,65.83,34.78
1695,171.82,65.81,34.79
7971,171.82,65.81,34.79
1291,171.82,65.81,34.8
1200,171.82,65.82,34.82
1248,171.81,65.82,34.82
1246,171.82,65.81,34.8
1248,171.82,65.82,34.81
1279,171.82,65.81,34.8
1706,171.81,65.81,34.79
1472,171.81,65.81,34.79
8651,171.81,65.81,34.79
4164,171.81,65.81,34.79
1260,171.81,65.81,34.8
1323,171.81,65.81,34.8
1328,171.81,65.81,34.8
1278,171.81,65.81,34.81
1302,171.81,65.81,34.8
1289,171.8,65.82,34.81
1342,171.8,65.81,34.8
1391,171.79,65.82,34.8
1365,171.8,65.82,34.8
1361,171.8,65.82,34.8
1318,171.8,65.82,34.81
1384,171.79,65.82,34.8
1334,171.8,65.81,34.8
1381,171.8,65.81,34.8
1435,171.8,65.81,34.79
1938,171.8,65.81,34.79
1426,171.79,65.81,34.8
1383,171.79,65.82,34.8
1438,171.79,65.82,34.8
1453,171.79,65.81,34.79
1502,171.79,65.81,34.79
1494,171.79,65.82,34.79
1537,171.79,65.82,34.79
294,171.82,65.81,34.71
190,171.82,65.81,34.71
119,171.82,65.81,34.7
130,171.82,65.81,34.7
152,171.82,65.81,34.7
122,171.82,65.81,34.7
106,171.81,65.81,34.7
192,171.82,65.81,34.7
59,171.82,65.82,34.69
57,171.83,65.82,34.68
57,171.81,65.81,34.7
69,171.81,65.81,34.7
74,171.8,65.81,34.7
110,171.8,65.81,34.7
75,171.8,65.82,34.69
81,171.8,65.81,34.7
120,171.81,65.81,34.71
85,171.8,65.81,34.71
507,171.8,65.81,34.71
615,171.8,65.81,34.7
1804,171.79,65.82,34.69
2599,171.79,65.82,34.7
2088,171.79,65.81,34.71
1386,171.79,65.81,34.7
1454,171.79,65.81,34.71
1968,171.79,65.81,34.7
2465,171.79,65.82,34.7
2698,171.78,65.82,34.71
1159,171.85,65.82,34.79
1139,171.86,65.82,34.78
1054,171.86,65.83,34.74
995,171.86,65.83,34.74
926,171.86,65.83,34.73
853,171.86,65.83,34.73
1132,171.86,65.83,34.77
1128,171.86,65.83,34.77
1105,171.86,65.83,34.76
1160,171.83,65.82,34.82
1203,171.83,65.82,34.81
1237,171.82,65.81,34.81
1216,171.83,65.81,34.8
1233,171.83,65.81,34.8
1278,171.83,65.81,34.8
1247,171.83,65.81,34.8
1542,171.83,65.81,34.79
1300,171.83,65.81,34.79
1251,171.84,65.81,34.79
4320,171.83,65.81,34.79
1776,171.83,65.81,34.79
1315,171.84,65.81,34.79
1154,171.84,65.81,34.82
1069,171.85,65.82,34.82
1113,171.85,65.82,34.81
1183,171.84,65.81,34.81
1091,171.85,65.82,34.81
1165,171.85,65.82,34.8
1211,171.84,65.81,34.8
1209,171.84,65.81,34.8
1230,171.84,65.81,34.8
1225,171.84,65.81,34.8
1221,171.85,65.81,34.79
1316,171.85,65.81,34.79
1221,171.85,65.82,34.8
1123,171.85,65.82,34.8
1135,171.86,65.82,34.79
1175,171.85,65.82,34.79
1152,171.85,65.82,34.79
1175,171.85,65.81,34.79
1205,171.85,65.81,34.79
105640,171.84,65.81,34.73
28053,171.84,65.81,34.73
370100,171.84,65.81,34.74
234697,171.84,65.81,34.74
3681,171.84,65.81,34.72
973,171.84,65.81,34.72
470,171.84,65.81,34.71
654,171.84,65.81,34.71
27867,171.83,65.81,34.78
135889,171.83,65.81,34.78
6941,171.83,65.81,34.78
1719,171.84,65.81,34.78
1470,171.85,65.81,34.78
39242,171.83,65.81,34.78
4707,171.84,65.81,34.78
1891,171.85,65.81,34.78
355670,171.83,65.81,34.77
575283,171.83,65.81,34.77
375801,171.83,65.81,34.77
57219,171.84,65.81,34.77
3041,171.85,65.81,34.77
164923,171.83,65.81,34.77
13758,171.84,65.81,34.77
2234,171.85,65.81,34.77
493317,171.84,65.81,34.75
460013,171.84,65.81,34.75
390560,171.84,65.81,34.76
75236,171.84,65.81,34.76
472518,171.84,65.81,34.76
122589,171.84,65.81,34.76
1093,171.86,65.82,34.74
1037,171.86,65.82,34.74
895,171.86,65.82,34.73
970,171.86,65.82,34.74
86438,171.84,65.81,34.74
45316,171.84,65.81,34.74
5325,171.85,65.81,34.74
8949,171.85,65.81,34.74
16838,171.84,65.81,34.73
4863,171.84,65.81,34.73
1377,171.85,65.81,34.73
2554,171.85,65.81,34.73
1059,171.85,65.82,34.74
1198,171.85,65.81,34.74
1117,171.85,65.82,34.74
1335,171.85,65.81,34.74
899,171.85,65.82,34.73
922,171.85,65.81,34.73
986,171.85,65.82,34.73
1041,171.85,65.81,34.73
693,171.86,65.82,34.72
609,171.86,65.82,34.72
665,171.84,65.81,34.71
599,171.85,65.81,34.71
1602,171.84,65.81,34.72
991,171.84,65.81,34.72
749,171.85,65.81,34.72
960,171.85,65.81,34.72
561,171.85,65.82,34.72
565,171.85,65.81,34.71
394,171.86,65.82,34.71
480,171.86,65.82,34.71
596,171.86,65.82,34.72
659,171.85,65.82,34.72
688,171.85,65.81,34.72
789,171.85,65.82,34.72
814,171.85,65.81,34.72
2338,171.85,65.81,34.77
2892,171.85,65.81,34.77
1495,171.85,65.81,34.78
1968,171.85,65.81,34.78
1141,171.86,65.81,34.78
1195,171.85,65.81,34.78
1157,171.86,65.81,34.78
1231,171.85,65.81,34.78
1166,171.86,65.81,34.77
1169,171.86,65.81,34.77
1255,171.85,65.81,34.77
1276,171.85,65.81,34.77
1144,171.86,65.82,34.78
1080,171.86,65.82,34.78
1143,171.86,65.82,34.78
1062,171.87,65.82,34.78
1147,171.86,65.82,34.77
1148,171.86,65.82,34.77
1116,171.86,65.82,34.76
1147,171.86,65.82,34.76
1021,171.87,65.82,34.76
1146,171.86,65.82,34.76
1169,171.86,65.82,34.75
1139,171.86,65.82,34.75
1113,171.86,65.82,34.76
1065,171.86,65.83,34.75
1026,171.86,65.83,34.75
140151,171.84,65.81,34.75
124858,171.84,65.81,34.75
9823,171.85,65.81,34.75
11050,171.85,65.81,34.75
4472,171.85,65.81,34.76
3660,171.85,65.81,34.76
1169,171.86,65.81,34.76
1294,171.85,65.81,34.76
1160,171.86,65.81,34.76
1193,171.85,65.82,34.75
1166,171.85,65.82,34.75
1301,171.85,65.81,34.76
1427,171.85,65.81,34.75
1425,171.85,65.81,34.75
142,171.83,65.81,34.69
253,171.83,65.81,34.7
242,171.84,65.81,34.7
332,171.83,65.81,34.71
334,171.84,65.81,34.71
141,171.85,65.82,34.69
120,171.85,65.82,34.69
183,171.84,65.81,34.7
473,171.85,65.81,34.71
256,171.85,65.82,34.7
516,171.84,65.81,34.71
469,171.85,65.81,34.71
225,171.85,65.82,34.7
269,171.84,65.81,34.7
264,171.84,65.81,34.7
339,171.84,65.81,34.71
349,171.84,65.81,34.71
69,171.85,65.82,34.68
575287,171.83,65.81,34.76
630826,171.83,65.81,34.76
768836,171.82,65.81,34.76
813554,171.82,65.81,34.76
739629,171.82,65.81,34.76
792646,171.82,65.81,34.76
643502,171.83,65.81,34.75
619179,171.83,65.81,34.75
774783,171.82,65.81,34.75
817998,171.82,65.81,34.75
762216,171.82,65.81,34.75
809256,171.82,65.81,34.75
666519,171.82,65.81,34.77
742087,171.82,65.81,34.77
502460,171.82,65.81,34.77
618655,171.82,65.81,34.77
75545,171.82,65.81,34.78
123294,171.82,65.81,34.78
261328,171.82,65.81,34.78
384930,171.82,65.81,34.78
551064,171.83,65.81,34.74
421624,171.83,65.81,34.74
725820,171.82,65.81,34.74
784109,171.82,65.81,34.74
637255,171.82,65.81,34.74
721282,171.82,65.81,34.74
248503,171.83,65.81,34.73
96511,171.83,65.81,34.73
461848,171.82,65.81,34.73
581372,171.82,65.81,34.73
228679,171.82,65.81,34.73
339029,171.82,65.81,34.73
16539,171.83,65.81,34.72
2036,171.83,65.81,34.72
49079,171.82,65.81,34.72
91637,171.82,65.81,34.72
4005,171.82,65.81,34.72
6653,171.82,65.81,34.72
443,171.83,65.81,34.71
689,171.83,65.81,34.71
414,171.82,65.81,34.71
256,171.82,65.81,34.71
863,171.82,65.81,34.71
530,171.82,65.81,34.71
634383,171.81,65.81,34.77
555825,171.8,65.81,34.77
753374,171.81,65.81,34.77
708018,171.8,65.81,34.77
124018,171.81,65.81,34.78
64487,171.8,65.81,34.78
403925,171.81,65.81,34.78
305035,171.8,65.81,34.78
818547,171.81,65.81,34.75
795872,171.8,65.81,34.75
826707,171.81,65.81,34.75
805434,171.8,65.81,34.75
822128,171.81,65.81,34.76
799250,171.8,65.81,34.76
801716,171.81,65.81,34.76
773050,171.8,65.81,34.76
15308,171.8,65.81,34.78
124046,171.8,65.81,34.78
342535,171.8,65.81,34.77
545690,171.8,65.81,34.77
12190,171.79,65.81,34.78
2120,171.79,65.81,34.78
1857,171.79,65.81,34.78
1544,171.79,65.81,34.78
93871,171.79,65.81,34.77
229064,171.79,65.81,34.77
11795,171.79,65.81,34.77
75285,171.79,65.81,34.77
661897,171.8,65.81,34.76
711263,171.8,65.81,34.76
707276,171.8,65.81,34.75
723773,171.8,65.81,34.75
435431,171.79,65.81,34.76
353932,171.79,65.81,34.76
229019,171.79,65.81,34.76
161446,171.79,65.81,34.76
459717,171.79,65.81,34.75
427401,171.79,65.81,34.75
249499,171.79,65.81,34.75
217349,171.79,65.81,34.75
8172,171.81,65.81,34.72
3592,171.8,65.81,34.72
97875,171.81,65.81,34.72
59793,171.8,65.81,34.72
155,171.81,65.81,34.71
70,171.8,65.81,34.71
466,171.81,65.81,34.71
159,171.8,65.81,34.71
794581,171.81,65.81,34.74
765634,171.8,65.81,34.74
734493,171.81,65.81,34.74
686566,171.8,65.81,34.74
597495,171.81,65.81,34.73
514515,171.8,65.81,34.73
351267,171.81,65.81,34.73
254032,171.8,65.81,34.73
1203,171.8,65.81,34.72
13934,171.8,65.81,34.72
572,171.8,65.81,34.71
660,171.8,65.81,34.71
2852,171.79,65.81,34.72
2466,171.79,65.81,34.72
2630,171.79,65.81,34.72
2650,171.79,65.81,34.72
2265,171.79,65.81,34.71
2395,171.79,65.81,34.71
2596,171.79,65.81,34.71
2634,171.79,65.81,34.71
650703,171.8,65.81,34.74
515884,171.8,65.81,34.74
100962,171.8,65.81,34.73
301063,171.8,65.81,34.73
335232,171.79,65.81,34.74
197382,171.79,65.81,34.74
139265,171.79,65.81,34.74
50326,171.79,65.81,34.74
71837,171.79,65.81,34.73
9469,171.79,65.81,34.73
7234,171.79,65.81,34.73
2880,171.79,65.81,34.73
1618,171.78,65.82,34.78
1637,171.78,65.81,34.78
1700,171.78,65.82,34.77
1765,171.78,65.82,34.77
1720,171.78,65.81,34.77
2224,171.78,65.81,34.77
1605,171.77,65.82,34.78
1560,171.77,65.83,34.78
1673,171.77,65.82,34.77
1766,171.77,65.82,34.77
1684,171.77,65.83,34.77
1611,171.77,65.83,34.77
1707,171.77,65.83,34.77
2082,171.78,65.82,34.76
1886,171.78,65.82,34.76
7927,171.78,65.81,34.76
4334,171.78,65.81,34.76
2407,171.78,65.82,34.75
2269,171.78,65.82,34.75
5655,171.78,65.81,34.75
8418,171.78,65.81,34.75
2028,171.77,65.82,34.76
1911,171.77,65.82,34.76
1775,171.77,65.83,34.76
1876,171.77,65.83,34.76
2344,171.77,65.82,34.75
2164,171.77,65.82,34.75
2216,171.77,65.83,34.75
2045,171.77,65.83,34.75
2686,171.78,65.82,34.72
2711,171.78,65.83,34.72
2694,171.78,65.83,34.72
2671,171.78,65.82,34.72
2669,171.78,65.82,34.72
2686,171.78,65.82,34.72
2699,171.78,65.82,34.72
2704,171.78,65.82,34.71
2752,171.78,65.82,34.71
2702,171.78,65.82,34.72
2727,171.78,65.82,34.71
2740,171.78,65.82,34.71
2681,171.77,65.83,34.73
2515,171.78,65.82,34.74
3825,171.78,65.81,34.74
2660,171.78,65.82,34.73
2580,171.78,65.82,34.74
2634,171.78,65.82,34.73
2833,171.78,65.81,34.74
2715,171.78,65.82,34.73
2652,171.78,65.82,34.73
2496,171.77,65.82,34.74
2406,171.77,65.83,34.74
2657,171.78,65.82,34.73
2576,171.77,65.82,34.74
2636,171.78,65.82,34.73
2470,171.77,65.83,34.74
2520,171.77,65.83,34.74
2607,171.77,65.83,34.73
2653,171.77,65.83,34.73
1405,171.78,65.81,34.8
1393,171.78,65.82,34.8
1444,171.78,65.82,34.8
1436,171.78,65.82,34.8
1436,171.78,65.82,34.8
1487,171.78,65.82,34.79
1448,171.78,65.82,34.79
1484,171.78,65.82,34.79
1559,171.78,65.81,34.78
1521,171.78,65.82,34.79
1465,171.78,65.83,34.79
1505,171.78,65.82,34.79
1545,171.78,65.82,34.78
1539,171.77,65.82,34.78
1492,171.77,65.83,34.78
1471,171.77,65.83,34.79
3081,171.82,65.81,34.79
2765,171.82,65.81,34.79
13612,171.82,65.81,34.79
17946,171.82,65.81,34.79
1230,171.82,65.81,34.8
1241,171.82,65.81,34.8
1585,171.82,65.81,34.8
1378,171.82,65.81,34.8
1200,171.82,65.81,34.82
1205,171.82,65.82,34.82
1121,171.83,65.82,34.83
1240,171.81,65.81,34.82
1248,171.8,65.82,34.82
1231,171.82,65.81,34.81
2663,171.81,65.81,34.79
1648,171.8,65.81,34.79
15265,171.81,65.81,34.79
5215,171.8,65.81,34.79
1257,171.81,65.81,34.8
1269,171.8,65.81,34.8
1462,171.81,65.81,34.8
1320,171.8,65.81,34.8
1279,171.8,65.81,34.81
1316,171.8,65.81,34.81
1366,171.79,65.81,34.8
1384,171.79,65.82,34.8
1328,171.79,65.82,34.81
1316,171.8,65.81,34.8
1368,171.8,65.81,34.8
1461,171.8,65.81,34.79
2306,171.8,65.81,34.79
1362,171.79,65.81,34.8
1425,171.79,65.81,34.8
1387,171.79,65.81,34.8
1437,171.79,65.81,34.8
1401,171.79,65.81,34.79
1495,171.79,65.81,34.79
1478,171.79,65.81,34.79
1510,171.79,65.81,34.79
58,171.84,65.82,34.68
262,171.83,65.8,34.7
480,171.83,65.8,34.71
292,171.82,65.8,34.7
587,171.82,65.8,34.71
167,171.82,65.8,34.7
244,171.81,65.8,34.71
312,171.82,65.8,34.71
122,171.81,65.8,34.7
85,171.81,65.81,34.7
86,171.82,65.81,34.69
142,171.82,65.8,34.69
78,171.83,65.81,34.68
36,171.82,65.82,34.68
32,171.83,65.82,34.68
44,171.82,65.82,34.68
500,171.8,65.81,34.7
78,171.8,65.81,34.69
614,171.8,65.82,34.69
100,171.8,65.82,34.68
120,171.81,65.8,34.7
253,171.81,65.8,34.71
213,171.8,65.8,34.7
76,171.81,65.8,34.7
216,171.8,65.8,34.71
120,171.81,65.8,34.71
1777,171.79,65.82,34.68
1023,171.79,65.81,34.7
1181,171.79,65.81,34.71
552,171.8,65.8,34.7
678,171.8,65.8,34.71
2715,171.78,65.82,34.69
1689,171.79,65.81,34.69
1994,171.79,65.81,34.7
2108,171.79,65.81,34.71
2717,171.78,65.82,34.7
2417,171.79,65.81,34.7
2530,171.79,65.81,34.71
2768,171.78,65.82,34.69
2678,171.78,65.81,34.71
2768,171.78,65.82,34.7
1066,171.86,65.82,34.78
1131,171.86,65.82,34.79
1116,171.86,65.82,34.79
980,171.86,65.83,34.74
927,171.86,65.83,34.74
860,171.86,65.82,34.73
785,171.86,65.82,34.73
1065,171.87,65.82,34.77
1059,171.87,65.82,34.77
1044,171.87,65.82,34.76
1097,171.84,65.82,34.82
1153,171.83,65.81,34.82
1187,171.83,65.81,34.81
1200,171.83,65.81,34.8
1195,171.84,65.81,34.8
1321,171.83,65.81,34.8
1226,171.84,65.81,34.8
1833,171.83,65.81,34.79
1290,171.84,65.81,34.79
1431,171.84,65.81,34.79
5444,171.83,65.81,34.79
1904,171.84,65.81,34.79
2203,171.84,65.81,34.79
1014,171.84,65.82,34.83
1080,171.84,65.8,34.82
982,171.85,65.82,34.82
978,171.86,65.82,34.82
1092,171.85,65.81,34.81
1092,171.85,65.81,34.81
1012,171.86,65.82,34.81
1186,171.85,65.81,34.8
1503,171.85,65.8,34.79
2443,171.85,65.8,34.79
1192,171.85,65.81,34.79
1317,171.85,65.81,34.79
1040,171.86,65.82,34.8
1110,171.85,65.81,34.8
1105,171.86,65.81,34.79
1132,171.85,65.81,34.79
1122,171.86,65.81,34.79
1160,171.85,65.81,34.79
1015,171.87,65.82,34.8
1113,171.86,65.81,34.79
76335,171.84,65.8,34.73
23825,171.84,65.8,34.73
253266,171.84,65.8,34.74
160371,171.84,65.8,34.74
5397,171.84,65.8,34.72
1523,171.84,65.8,34.72
528,171.84,65.8,34.71
873,171.84,65.8,34.71
26094,171.83,65.81,34.78
110273,171.83,65.81,34.78
5901,171.84,65.81,34.78
4277,171.84,65.81,34.78
29231,171.84,65.81,34.78
9283,171.84,65.81,34.78
4386,171.85,65.8,34.78
9471,171.85,65.8,34.78
274037,171.83,65.81,34.77
460820,171.83,65.81,34.77
250986,171.84,65.81,34.77
31807,171.84,65.81,34.77
107664,171.84,65.81,34.77
14808,171.84,65.81,34.77
24736,171.85,65.8,34.77
14830,171.85,65.8,34.77
350357,171.84,65.8,34.75
323967,171.84,65.8,34.75
264532,171.84,65.8,34.76
38050,171.85,65.8,34.76
330348,171.84,65.8,34.76
61258,171.85,65.8,34.76
977,171.86,65.82,34.74
1033,171.86,65.82,34.74
851,171.86,65.82,34.73
923,171.86,65.82,34.73
50340,171.85,65.8,34.74
27990,171.85,65.8,34.74
4438,171.85,65.81,34.74
6348,171.85,65.81,34.74
11863,171.85,65.8,34.73
5371,171.85,65.8,34.73
1791,171.85,65.81,34.73
2597,171.85,65.81,34.73
1012,171.86,65.81,34.74
1193,171.85,65.81,34.74
1064,171.86,65.81,34.74
1278,171.85,65.81,34.74
846,171.86,65.81,34.73
934,171.85,65.81,34.73
916,171.86,65.81,34.73
1037,171.85,65.81,34.73
666,171.86,65.81,34.72
768,171.86,65.81,34.73
560,171.87,65.82,34.72
583,171.85,65.8,34.71
471,171.85,65.81,34.71
804,171.85,65.8,34.71
641,171.85,65.81,34.71
2236,171.85,65.8,34.72
1431,171.85,65.8,34.72
908,171.85,65.81,34.72
1173,171.85,65.81,34.72
430,171.86,65.81,34.71
515,171.86,65.81,34.72
377,171.86,65.82,34.71
469,171.85,65.81,34.71
561,171.85,65.81,34.71
620,171.86,65.81,34.72
688,171.85,65.81,34.72
753,171.86,65.81,34.72
811,171.85,65.81,34.72
2264,171.85,65.8,34.77
2888,171.85,65.8,34.77
1464,171.85,65.8,34.78
1861,171.85,65.8,34.78
1068,171.86,65.81,34.78
1160,171.86,65.81,34.78
1081,171.86,65.81,34.78
1185,171.86,65.81,34.78
1092,171.86,65.81,34.77
1100,171.86,65.81,34.77
1207,171.86,65.81,34.77
1228,171.86,65.81,34.77
1063,171.87,65.81,34.78
1061,171.86,65.81,34.78
1073,171.86,65.81,34.78
1004,171.87,65.82,34.78
1007,171.87,65.82,34.78
1079,171.87,65.81,34.77
1078,171.87,65.81,34.77
1088,171.86,65.81,34.77
1099,171.86,65.81,34.77
956,171.87,65.82,34.76
1066,171.87,65.81,34.76
1103,171.86,65.81,34.76
1102,171.86,65.81,34.76
1051,171.87,65.82,34.76
944,171.87,65.82,34.75
1078,171.86,65.82,34.75
1039,171.86,65.82,34.75
1121,171.86,65.82,34.75
1085,171.86,65.82,34.75
76921,171.85,65.8,34.75
72479,171.85,65.8,34.75
6571,171.85,65.81,34.75
7546,171.85,65.81,34.75
3289,171.85,65.8,34.76
3268,171.85,65.8,34.76
1108,171.86,65.81,34.76
1242,171.86,65.81,34.76
1084,171.86,65.81,34.76
1228,171.86,65.81,34.76
1144,171.86,65.81,34.75
1120,171.86,65.81,34.75
1342,171.85,65.81,34.75
1364,171.85,65.81,34.75
183,171.84,65.8,34.69
374,171.84,65.8,34.7
226,171.87,65.82,34.7
198,171.85,65.81,34.7
116,171.86,65.82,34.69
186,171.85,65.81,34.69
212,171.86,65.82,34.7
334,171.85,65.81,34.7
332,171.85,65.81,34.7
67,171.86,65.82,34.69
57,171.85,65.82,34.68
107,171.85,65.8,34.69
454677,171.83,65.8,34.76
699469,171.83,65.8,34.76
662335,171.83,65.8,34.76
510413,171.83,65.8,34.76
722985,171.82,65.8,34.76
693973,171.82,65.8,34.76
794292,171.81,65.8,34.76
771837,171.82,65.8,34.76
772584,171.81,65.8,34.76
747328,171.82,65.8,34.76
689922,171.83,65.8,34.75
706199,171.83,65.8,34.75
524557,171.83,65.8,34.75
499729,171.83,65.8,34.75
727226,171.82,65.8,34.75
714660,171.82,65.8,34.75
798502,171.81,65.8,34.75
776366,171.82,65.8,34.75
789659,171.81,65.8,34.75
765926,171.82,65.8,34.75
426888,171.83,65.8,34.77
584408,171.83,65.8,34.77
642212,171.82,65.8,34.77
517895,171.82,65.8,34.77
729028,171.81,65.8,34.77
695552,171.82,65.8,34.77
620737,171.81,65.8,34.77
573265,171.82,65.8,34.77
73759,171.83,65.8,34.78
225226,171.83,65.8,34.78
334279,171.82,65.8,34.78
146232,171.82,65.8,34.78
174496,171.81,65.8,34.78
141710,171.82,65.8,34.78
423687,171.81,65.8,34.78
364800,171.82,65.8,34.78
647361,171.83,65.8,34.74
550851,171.83,65.8,34.74
432419,171.83,65.8,34.74
323546,171.83,65.8,34.74
686531,171.82,65.8,34.74
611954,171.82,65.8,34.74
767064,171.81,65.8,34.74
739395,171.82,65.8,34.74
707615,171.81,65.8,34.74
671123,171.82,65.8,34.74
206064,171.83,65.8,34.73
391526,171.83,65.8,34.73
191320,171.83,65.8,34.73
81570,171.83,65.8,34.73
489776,171.82,65.8,34.73
308872,171.82,65.8,34.73
591734,171.81,65.8,34.73
539523,171.82,65.8,34.73
384848,171.81,65.8,34.73
332642,171.82,65.8,34.73
12781,171.83,65.8,34.72
57052,171.83,65.8,34.72
20894,171.83,65.8,34.72
4516,171.83,65.8,34.72
122468,171.82,65.8,34.72
29201,171.82,65.8,34.72
140453,171.81,65.8,34.72
110513,171.82,65.8,34.72
21429,171.81,65.8,34.72
12605,171.82,65.8,34.72
922,171.83,65.8,34.71
2867,171.83,65.8,34.71
587,171.83,65.8,34.71
1302,171.83,65.8,34.71
5700,171.82,65.8,34.71
1471,171.82,65.8,34.71
677,171.81,65.8,34.71
428,171.82,65.8,34.71
2771,171.81,65.8,34.71
1645,171.82,65.8,34.71
702580,171.81,65.8,34.77
596862,171.81,65.8,34.77
468988,171.8,65.8,34.77
592233,171.81,65.8,34.77
627022,171.8,65.8,34.77
712326,171.81,65.8,34.77
428360,171.81,65.8,34.78
203054,171.81,65.8,34.78
58265,171.8,65.8,34.78
136772,171.81,65.8,34.78
248318,171.8,65.8,34.78
385193,171.81,65.8,34.78
769855,171.81,65.8,34.75
760646,171.81,65.8,34.75
734345,171.8,65.8,34.75
781767,171.81,65.8,34.75
746742,171.8,65.8,34.75
791031,171.81,65.8,34.75
765660,171.81,65.8,34.76
742105,171.81,65.8,34.76
738868,171.8,65.8,34.76
785953,171.81,65.8,34.76
703516,171.8,65.8,34.76
761639,171.81,65.8,34.76
21459,171.79,65.81,34.78
80000,171.79,65.81,34.78
193490,171.8,65.8,34.78
60904,171.8,65.8,34.78
234061,171.79,65.81,34.77
398797,171.79,65.81,34.77
525157,171.8,65.8,34.77
371718,171.8,65.8,34.77
6275,171.79,65.81,34.78
2197,171.79,65.81,34.78
1697,171.78,65.81,34.78
1526,171.78,65.81,34.78
38560,171.79,65.81,34.77
122772,171.79,65.81,34.77
3997,171.78,65.81,34.77
26010,171.78,65.81,34.77
516482,171.79,65.81,34.76
581175,171.79,65.81,34.76
655801,171.8,65.8,34.76
610225,171.8,65.8,34.76
575062,171.79,65.81,34.75
598318,171.79,65.81,34.75
666368,171.8,65.8,34.75
650404,171.8,65.8,34.75
264678,171.79,65.81,34.76
206327,171.79,65.81,34.76
101224,171.78,65.81,34.76
65961,171.78,65.81,34.76
283559,171.79,65.81,34.75
258774,171.79,65.81,34.75
112228,171.78,65.81,34.75
93861,171.78,65.81,34.75
169673,171.81,65.8,34.72
36838,171.81,65.8,34.72
5547,171.8,65.8,34.72
13641,171.81,65.8,34.72
52757,171.8,65.8,34.72
113853,171.81,65.8,34.72
4849,171.81,65.8,34.71
872,171.81,65.8,34.71
88,171.8,65.8,34.71
39,171.81,65.8,34.71
394,171.8,65.8,34.71
723,171.81,65.8,34.71
740000,171.81,65.8,34.74
678860,171.81,65.8,34.74
698494,171.8,65.8,34.74
757484,171.81,65.8,34.74
604724,171.8,65.8,34.74
690981,171.81,65.8,34.74
578566,171.81,65.8,34.73
390439,171.81,65.8,34.73
431091,171.8,65.8,34.73
561782,171.81,65.8,34.73
212683,171.8,65.8,34.73
342703,171.81,65.8,34.73
2067,171.79,65.81,34.72
8151,171.79,65.81,34.72
41554,171.8,65.8,34.72
6131,171.8,65.8,34.72
1327,171.79,65.81,34.71
1552,171.79,65.81,34.71
933,171.8,65.8,34.71
367,171.8,65.8,34.71
3269,171.79,65.81,34.72
2638,171.79,65.81,34.72
2676,171.78,65.81,34.72
2679,171.78,65.81,34.72
2565,171.79,65.81,34.71
2614,171.79,65.81,34.71
2693,171.78,65.81,34.71
2693,171.78,65.81,34.71
505635,171.79,65.81,34.74
371892,171.79,65.81,34.74
607693,171.8,65.8,34.74
502446,171.8,65.8,34.74
59284,171.79,65.81,34.73
202552,171.79,65.81,34.73
342785,171.8,65.8,34.73
161447,171.8,65.8,34.73
187343,171.79,65.81,34.74
94258,171.79,65.81,34.74
51447,171.78,65.81,34.74
12673,171.78,65.81,34.74
25770,171.79,65.81,34.73
5363,171.79,65.81,34.73
3544,171.78,65.81,34.73
2741,171.78,65.81,34.73
1620,171.77,65.81,34.78
1625,171.78,65.81,34.78
1685,171.77,65.81,34.77
1754,171.77,65.81,34.77
1694,171.78,65.81,34.77
1870,171.78,65.81,34.77
1599,171.77,65.82,34.78
1538,171.77,65.82,34.78
1558,171.76,65.82,34.78
1667,171.77,65.82,34.77
1755,171.77,65.82,34.77
1598,171.76,65.82,34.77
1762,171.77,65.82,34.77
1669,171.76,65.83,34.77
1976,171.77,65.81,34.76
1846,171.77,65.81,34.76
3213,171.78,65.81,34.76
2517,171.78,65.81,34.76
2295,171.77,65.81,34.75
2135,171.77,65.81,34.75
3181,171.78,65.81,34.75
3504,171.78,65.81,34.75
2027,171.77,65.82,34.76
1897,171.77,65.82,34.76
1991,171.77,65.82,34.76
1862,171.77,65.82,34.76
1753,171.76,65.83,34.76
1852,171.76,65.83,34.76
2310,171.77,65.82,34.75
2151,171.77,65.82,34.75
2241,171.77,65.82,34.75
2159,171.76,65.83,34.75
2084,171.77,65.82,34.75
2011,171.76,65.83,34.75
2710,171.77,65.82,34.72
2691,171.78,65.82,34.72
2681,171.78,65.82,34.72
2669,171.78,65.81,34.72
2685,171.78,65.81,34.72
2719,171.78,65.81,34.71
2708,171.78,65.82,34.72
2731,171.78,65.81,34.71
2710,171.78,65.81,34.71
2737,171.77,65.82,34.71
2750,171.77,65.82,34.71
2686,171.77,65.82,34.73
2682,171.77,65.82,34.72
2689,171.77,65.82,34.72
2456,171.77,65.81,34.74
2824,171.78,65.81,34.74
2653,171.78,65.82,34.73
2542,171.77,65.81,34.74
2624,171.78,65.82,34.73
2650,171.78,65.81,34.74
2648,171.78,65.81,34.73
2648,171.78,65.81,34.73
2470,171.77,65.82,34.74
2433,171.77,65.82,34.74
2373,171.76,65.83,34.74
2495,171.77,65.82,34.74
2659,171.77,65.82,34.73
2545,171.77,65.82,34.74
2624,171.77,65.82,34.73
2449,171.76,65.83,34.74
2579,171.77,65.83,34.73
2624,171.77,65.83,34.73
1346,171.78,65.82,34.81
1393,171.78,65.81,34.8
1391,171.78,65.82,34.8
1455,171.78,65.82,34.8
1440,171.78,65.81,34.8
1418,171.77,65.82,34.8
1403,171.77,65.82,34.8
1437,171.77,65.82,34.79
1469,171.78,65.82,34.79
1475,171.78,65.81,34.79
1542,171.78,65.81,34.78
1515,171.78,65.81,34.79
1542,171.77,65.81,34.78
1500,171.78,65.82,34.79
1523,171.77,65.82,34.78
1503,171.77,65.82,34.79
1486,171.77,65.82,34.78
1437,171.77,65.82,34.79
1457,171.77,65.82,34.79
1038,171.84,65.82,34.83
1179,171.82,65.8,34.81
4949,171.83,65.8,34.79
18451,171.83,65.8,34.79
15439,171.82,65.8,34.79
45310,171.82,65.8,34.79
5814,171.81,65.8,34.79
32810,171.81,65.8,34.79
10133,171.82,65.8,34.79
34636,171.82,65.8,34.79
1267,171.83,65.8,34.8
1921,171.83,65.8,34.8
1660,171.82,65.8,34.8
3684,171.82,65.8,34.8
1243,171.81,65.8,34.8
1736,171.81,65.8,34.8
1475,171.82,65.8,34.8
2794,171.82,65.8,34.8
1201,171.82,65.81,34.82
1131,171.82,65.8,34.82
1110,171.83,65.8,34.83
1163,171.82,65.82,34.83
1125,171.82,65.82,34.83
1208,171.8,65.82,34.83
1232,171.8,65.81,34.82
1255,171.8,65.82,34.82
1282,171.79,65.82,34.82
1209,171.81,65.8,34.81
13084,171.81,65.8,34.79
49168,171.81,65.8,34.79
2051,171.8,65.8,34.79
6315,171.81,65.8,34.79
6498,171.8,65.8,34.79
24960,171.81,65.8,34.79
1386,171.81,65.8,34.8
2499,171.81,65.8,34.8
1233,171.8,65.8,34.8
1329,171.81,65.8,34.8
1361,171.8,65.8,34.8
1908,171.81,65.8,34.8
1263,171.8,65.8,34.81
1315,171.79,65.81,34.81
1331,171.78,65.82,34.81
1291,171.79,65.81,34.8
1369,171.79,65.81,34.8
1248,171.8,65.8,34.8
1412,171.8,65.8,34.8
1628,171.79,65.81,34.79
3361,171.79,65.81,34.79
2443,171.8,65.8,34.79
7776,171.8,65.8,34.79
1351,171.79,65.81,34.8
1411,171.79,65.81,34.8
1384,171.78,65.81,34.8
1431,171.78,65.81,34.8
1358,171.79,65.81,34.79
1544,171.79,65.81,34.79
1449,171.78,65.81,34.79
1473,171.78,65.81,34.79
29,171.85,65.82,34.67
97,171.84,65.8,34.68
31,171.84,65.82,34.67
31,171.85,65.82,34.67
848,171.83,65.79,34.7
577,171.82,65.8,34.7
268,171.83,65.79,34.69
127,171.83,65.79,34.68
155,171.82,65.8,34.69
70,171.81,65.8,34.69
50,171.82,65.81,34.68
52,171.83,65.8,34.68
76,171.82,65.8,34.68
35,171.81,65.82,34.68
23,171.82,65.82,34.68
25,171.82,65.82,34.67
536,171.8,65.8,34.69
100,171.8,65.81,34.69
697,171.8,65.82,34.68
208,171.8,65.8,34.7
109,171.8,65.8,34.69
1744,171.79,65.81,34.69
2667,171.78,65.82,34.68
2115,171.79,65.8,34.7
2661,171.78,65.8,34.69
2675,171.78,65.81,34.7
2762,171.78,65.81,34.7
2789,171.77,65.82,34.69
2748,171.78,65.81,34.7
2783,171.77,65.82,34.7
1033,171.87,65.82,34.79
848,171.87,65.82,34.74
720,171.87,65.82,34.73
378,171.87,65.82,34.71
991,171.87,65.82,34.77
979,171.87,65.82,34.77
918,171.87,65.82,34.76
962,171.87,65.82,34.76
888,171.87,65.82,34.75
1069,171.84,65.8,34.82
1081,171.84,65.8,34.81
1524,171.84,65.8,34.8
6358,171.84,65.8,34.79
885,171.85,65.82,34.84
934,171.85,65.82,34.83
1017,171.84,65.8,34.83
821,171.87,65.82,34.82
992,171.85,65.8,34.82
857,171.87,65.82,34.82
987,171.86,65.8,34.82
1007,171.85,65.8,34.81
914,171.87,65.82,34.81
1028,171.86,65.8,34.81
1048,171.85,65.8,34.8
1429,171.85,65.8,34.79
1029,171.86,65.81,34.8
1059,171.86,65.81,34.79
1020,171.87,65.81,34.8
897,171.87,65.82,34.8
1022,171.87,65.81,34.79
149231,171.84,65.8,34.73
70787,171.84,65.8,34.73
54965,171.84,65.8,34.73
22865,171.84,65.8,34.73
332520,171.84,65.8,34.74
244785,171.84,65.8,34.74
172313,171.84,65.8,34.74
110112,171.84,65.8,34.74
25610,171.84,65.8,34.72
9011,171.84,65.8,34.72
8455,171.84,65.8,34.72
3249,171.84,65.8,34.72
1033,171.84,65.8,34.71
2512,171.84,65.8,34.71
739,171.84,65.8,34.71
1443,171.84,65.8,34.71
3677,171.85,65.8,34.78
37978,171.84,65.8,34.78
7413,171.85,65.8,34.78
22538,171.85,65.8,34.77
180836,171.84,65.8,34.77
13445,171.85,65.8,34.77
412295,171.84,65.8,34.75
389886,171.84,65.8,34.75
238475,171.84,65.8,34.75
221161,171.84,65.8,34.75
343193,171.84,65.8,34.76
397069,171.84,65.8,34.76
180074,171.84,65.8,34.76
25651,171.85,65.8,34.76
222136,171.84,65.8,34.76
31980,171.85,65.8,34.76
905,171.87,65.81,34.74
808,171.87,65.81,34.73
9889,171.85,65.8,34.74
4856,171.85,65.8,34.73
1101,171.86,65.81,34.74
890,171.86,65.81,34.73
462,171.87,65.81,34.71
434,171.88,65.82,34.72
429,171.87,65.82,34.72
669,171.87,65.81,34.72
725,171.85,65.8,34.71
1841,171.85,65.8,34.72
482,171.86,65.81,34.71
678,171.86,65.81,34.72
9921,171.85,65.8,34.77
18176,171.85,65.8,34.77
2020,171.86,65.8,34.77
2688,171.86,65.8,34.77
2967,171.85,65.8,34.78
6141,171.85,65.8,34.78
1374,171.86,65.8,34.78
1674,171.86,65.8,34.78
1031,171.86,65.81,34.78
1122,171.86,65.8,34.78
1041,171.86,65.81,34.78
1143,171.86,65.8,34.78
1050,171.86,65.81,34.77
1054,171.86,65.81,34.77
1168,171.86,65.8,34.77
1196,171.86,65.8,34.77
874,171.88,65.82,34.78
921,171.87,65.82,34.78
1022,171.87,65.81,34.78
1016,171.87,65.81,34.78
1032,171.87,65.81,34.78
1042,171.87,65.81,34.78
1022,171.87,65.81,34.77
1015,171.87,65.81,34.77
1053,171.87,65.81,34.77
1055,171.87,65.81,34.77
924,171.87,65.81,34.76
1004,171.87,65.81,34.76
987,171.87,65.81,34.76
1046,171.87,65.81,34.76
1054,171.87,65.81,34.76
910,171.87,65.81,34.75
993,171.87,65.81,34.75
14607,171.85,65.8,34.75
23114,171.85,65.8,34.76
3064,171.86,65.8,34.76
19099,171.85,65.8,34.76
3126,171.86,65.8,34.76
1045,171.86,65.81,34.76
1206,171.86,65.8,34.76
1056,171.86,65.81,34.76
1213,171.86,65.8,34.76
1216,171.86,65.81,34.75
2306,171.84,65.79,34.7
662,171.84,65.79,34.69
273,171.84,65.79,34.69
668,171.84,65.79,34.7
266,171.84,65.79,34.68
140,171.84,65.79,34.68
300,171.87,65.81,34.71
156,171.87,65.82,34.7
98,171.87,65.82,34.69
91,171.87,65.82,34.69
194,171.86,65.8,34.69
208,171.85,65.8,34.69
325,171.86,65.81,34.7
365,171.85,65.8,34.7
108,171.86,65.8,34.69
53,171.87,65.82,34.68
28,171.86,65.81,34.67
108,171.85,65.8,34.68
30,171.86,65.81,34.68
2,172.84,75.65,44.22
3,172.39,75.65,44.22
3,172.07,74.98,44.43
2,171.99,75.24,44.43
7,172.07,75.65,44.23
12,174.05,75.62,44.43
10,174.07,75.65,44.23
13,175.03,75.65,44.22
14,174.99,75.59,44.43
11,173.79,75.54,44.43
9,173.53,75.37,44.43
6,173.29,75.56,44.43
8,173.77,75.65,44.22
3,173.32,75.65,44.21
13,175.92,75.56,44.43
12,175.93,75.64,44.23
11,171.96,74.93,44.23
8,171.96,75.5,44.24
9,171.96,75.24,44.23
580071,171.83,65.79,34.76
721198,171.82,65.8,34.76
597130,171.83,65.79,34.75
731588,171.82,65.8,34.75
425640,171.83,65.79,34.77
621998,171.82,65.8,34.77
168469,171.83,65.79,34.78
333379,171.82,65.8,34.78
506896,171.83,65.79,34.74
677024,171.82,65.8,34.74
286718,171.83,65.79,34.73
476265,171.82,65.8,34.73
75142,171.83,65.79,34.72
143507,171.82,65.8,34.72
7014,171.83,65.79,34.71
9994,171.82,65.8,34.71
570604,171.8,65.8,34.77
268248,171.8,65.8,34.78
707360,171.8,65.8,34.75
692314,171.8,65.8,34.76
62697,171.79,65.8,34.78
240434,171.79,65.8,34.77
3959,171.78,65.8,34.78
2118,171.78,65.8,34.78
1684,171.78,65.81,34.78
1553,171.78,65.81,34.78
14334,171.78,65.8,34.77
54616,171.78,65.8,34.77
2846,171.78,65.81,34.77
7566,171.78,65.81,34.77
397039,171.79,65.8,34.76
427149,171.79,65.8,34.75
148011,171.78,65.8,34.76
109660,171.78,65.8,34.76
35882,171.78,65.81,34.76
23130,171.78,65.81,34.76
159706,171.78,65.8,34.75
139928,171.78,65.8,34.75
39740,171.78,65.81,34.75
29072,171.78,65.81,34.75
98362,171.8,65.8,34.72
4360,171.8,65.8,34.71
642269,171.8,65.8,34.74
411335,171.8,65.8,34.73
12825,171.79,65.8,34.72
1785,171.79,65.8,34.71
3218,171.78,65.8,34.72
2686,171.78,65.8,34.72
2700,171.78,65.81,34.72
2688,171.78,65.81,34.72
2633,171.78,65.8,34.71
2672,171.78,65.8,34.71
2722,171.78,65.81,34.71
2717,171.78,65.81,34.71
316124,171.79,65.8,34.74
120920,171.79,65.8,34.73
92218,171.78,65.8,34.74
30847,171.78,65.8,34.74
13371,171.78,65.81,34.74
4945,171.78,65.81,34.74
10783,171.78,65.8,34.73
4535,171.78,65.8,34.73
3082,171.78,65.81,34.73
2806,171.78,65.81,34.73
1619,171.77,65.81,34.78
1618,171.77,65.81,34.78
1659,171.77,65.81,34.77
1725,171.77,65.81,34.77
1698,171.77,65.81,34.77
1840,171.77,65.81,34.77
1597,171.77,65.81,34.78
1623,171.76,65.82,34.78
1479,171.76,65.82,34.78
1532,171.76,65.82,34.78
1661,171.77,65.81,34.77
1743,171.77,65.81,34.77
1583,171.76,65.82,34.77
1644,171.76,65.82,34.77
1659,171.76,65.82,34.77
1715,171.76,65.82,34.77
1925,171.77,65.81,34.76
1818,171.77,65.81,34.76
2618,171.77,65.81,34.76
2301,171.77,65.81,34.76
2227,171.77,65.81,34.75
2085,171.77,65.81,34.75
2831,171.77,65.81,34.75
2908,171.77,65.81,34.75
1993,171.77,65.81,34.76
1873,171.77,65.81,34.76
1952,171.76,65.82,34.76
1837,171.76,65.82,34.76
1731,171.76,65.82,34.76
1833,171.76,65.82,34.76
2277,171.77,65.81,34.75
2128,171.77,65.81,34.75
2118,171.76,65.82,34.75
2213,171.76,65.82,34.75
1980,171.76,65.82,34.75
2063,171.76,65.82,34.75
2695,171.77,65.81,34.72
2680,171.77,65.81,34.72
2682,171.78,65.81,34.72
2695,171.78,65.81,34.72
2754,171.77,65.82,34.71
2736,171.77,65.81,34.71
2723,171.77,65.81,34.72
2735,171.78,65.81,34.71
2718,171.78,65.81,34.71
2683,171.77,65.82,34.72
2681,171.77,65.82,34.73
2682,171.76,65.82,34.72
2734,171.76,65.82,34.71
2411,171.77,65.81,34.74
2675,171.77,65.81,34.74
2641,171.77,65.81,34.74
2491,171.77,65.81,34.74
2624,171.77,65.81,34.73
2592,171.77,65.81,34.73
2638,171.78,65.81,34.73
2650,171.78,65.81,34.73
2442,171.77,65.81,34.74
2412,171.76,65.82,34.74
2331,171.76,65.82,34.74
2403,171.76,65.82,34.74
2518,171.77,65.81,34.74
2489,171.76,65.82,34.74
2642,171.77,65.82,34.73
2608,171.77,65.82,34.73
2564,171.76,65.82,34.73
1350,171.78,65.81,34.81
1347,171.77,65.82,34.81
1402,171.76,65.82,34.8
1391,171.77,65.82,34.8
1414,171.77,65.81,34.8
1391,171.78,65.81,34.8
1440,171.77,65.81,34.8
1430,171.78,65.81,34.8
1534,171.77,65.81,34.78
1541,171.77,65.81,34.78
1461,171.77,65.81,34.79
1461,171.78,65.81,34.79
1503,171.78,65.81,34.79
1498,171.77,65.81,34.79
1517,171.77,65.81,34.78
1453,171.77,65.82,34.79
1481,171.77,65.82,34.79
1438,171.76,65.82,34.79
1025,171.84,65.8,34.83
976,171.84,65.82,34.84
1010,171.83,65.82,34.84
904,171.85,65.81,34.84
1012,171.83,65.8,34.83
1010,171.83,65.79,34.82
1153,171.83,65.79,34.81
1220,171.82,65.8,34.81
27820,171.83,65.79,34.79
54357,171.82,65.8,34.79
3294,171.83,65.79,34.8
4178,171.82,65.8,34.8
1078,171.82,65.8,34.82
1186,171.81,65.8,34.82
1155,171.82,65.81,34.83
1107,171.82,65.8,34.83
1164,171.81,65.82,34.83
1082,171.82,65.82,34.84
1195,171.8,65.81,34.83
1211,171.8,65.82,34.83
1229,171.8,65.8,34.82
1265,171.79,65.81,34.82
1285,171.78,65.82,34.82
1146,171.8,65.8,34.82
1198,171.8,65.8,34.81
30067,171.8,65.8,34.79
2251,171.8,65.8,34.8
1234,171.79,65.8,34.81
1314,171.78,65.81,34.81
1347,171.79,65.8,34.8
3688,171.79,65.8,34.79
1341,171.78,65.8,34.8
1390,171.78,65.8,34.8
1375,171.78,65.81,34.8
1414,171.78,65.81,34.8
1367,171.78,65.8,34.79
1545,171.78,65.8,34.79
1416,171.78,65.81,34.79
1447,171.78,65.81,34.79
67,171.84,65.79,34.67
15,171.84,65.81,34.66
59,171.84,65.8,34.67
61,171.85,65.8,34.67
112,171.84,65.79,34.67
69,171.83,65.79,34.67
2055,171.82,65.79,34.7
954,171.81,65.79,34.7
438,171.82,65.79,34.69
161,171.81,65.79,34.69
182,171.82,65.79,34.68
78,171.82,65.8,34.68
41,171.81,65.8,34.68
28,171.82,65.8,34.68
43,171.82,65.8,34.67
80,171.81,65.79,34.68
86,171.8,65.8,34.68
16,171.82,65.82,34.66
97,171.8,65.82,34.67
33,171.81,65.82,34.67
1930,171.79,65.8,34.69
606,171.8,65.8,34.68
895,171.8,65.82,34.67
2613,171.78,65.82,34.68
705,171.8,65.79,34.7
658,171.8,65.79,34.69
2615,171.78,65.8,34.68
2793,171.77,65.82,34.68
2567,171.78,65.79,34.69
2600,171.78,65.79,34.7
2750,171.78,65.8,34.69
2733,171.78,65.8,34.7
13,171.84,65.81,34.64
2797,171.77,65.82,34.69
2779,171.76,65.82,34.7
2774,171.77,65.8,34.69
2803,171.76,65.82,34.69
2759,171.77,65.81,34.7
2788,171.76,65.82,34.7
880,171.87,65.82,34.81
902,171.88,65.82,34.79
687,171.88,65.82,34.74
564,171.88,65.82,34.73
282,171.87,65.82,34.71
864,171.88,65.82,34.77
828,171.88,65.82,34.76
770,171.88,65.82,34.75
17,171.86,65.81,34.62
6165,171.83,65.78,34.7
1456,171.83,65.78,34.69
477,171.83,65.78,34.68
878,171.84,65.79,34.82
953,171.84,65.79,34.82
1124,171.84,65.79,34.81
961,171.84,65.79,34.81
3986,171.84,65.79,34.8
1493,171.84,65.79,34.8
26789,171.84,65.79,34.79
5689,171.84,65.79,34.79
891,171.84,65.79,34.83
937,171.84,65.79,34.83
815,171.86,65.82,34.83
761,171.86,65.81,34.84
784,171.86,65.81,34.84
864,171.85,65.8,34.84
936,171.85,65.8,34.83
840,171.87,65.8,34.82
740,171.88,65.82,34.82
898,171.87,65.8,34.81
874,171.86,65.79,34.82
875,171.87,65.8,34.82
876,171.86,65.79,34.81
927,171.87,65.8,34.81
876,171.86,65.79,34.8
1130,171.86,65.79,34.79
934,171.87,65.8,34.8
948,171.87,65.8,34.79
749,171.89,65.82,34.8
795,171.88,65.82,34.8
931,171.87,65.8,34.8
943,171.87,65.8,34.79
207602,171.84,65.79,34.73
59407,171.84,65.79,34.73
359943,171.84,65.79,34.74
140611,171.84,65.79,34.74
71194,171.84,65.79,34.72
12946,171.84,65.79,34.71
14529,171.84,65.79,34.72
2521,171.84,65.79,34.71
124722,171.84,65.79,34.78
298182,171.84,65.79,34.77
26588,171.84,65.79,34.78
101362,171.84,65.79,34.77
436086,171.84,65.79,34.75
419774,171.84,65.79,34.76
199610,171.84,65.79,34.75
179264,171.84,65.79,34.76
720,171.88,65.81,34.74
599,171.88,65.81,34.73
817,171.87,65.81,34.74
710,171.87,65.8,34.73
5809,171.86,65.79,34.74
3505,171.86,65.79,34.73
956,171.87,65.8,34.74
796,171.87,65.8,34.73
406,171.87,65.8,34.71
477,171.88,65.81,34.72
291,171.89,65.82,34.72
562,171.87,65.8,34.72
810,171.86,65.79,34.71
1723,171.86,65.79,34.72
453,171.87,65.8,34.71
623,171.87,65.8,34.72
4494,171.86,65.79,34.77
1984,171.86,65.79,34.78
983,171.87,65.8,34.78
1047,171.87,65.8,34.77
878,171.88,65.81,34.78
748,171.89,65.82,34.78
952,171.87,65.8,34.78
877,171.88,65.81,34.77
952,171.87,65.81,34.77
846,171.88,65.81,34.76
931,171.87,65.81,34.76
800,171.88,65.81,34.75
886,171.87,65.81,34.75
7301,171.86,65.79,34.75
6944,171.86,65.79,34.76
1085,171.87,65.8,34.76
1054,171.87,65.8,34.75
14,171.85,65.81,34.65
12,171.85,65.81,34.64
5562,171.84,65.78,34.7
1871,171.84,65.78,34.69
550,171.85,65.79,34.69
1617,171.85,65.79,34.7
218,171.84,65.78,34.67
112,171.85,65.79,34.67
572,171.84,65.78,34.68
269,171.85,65.79,34.68
13,171.86,65.81,34.66
11,171.86,65.81,34.64
263,171.87,65.8,34.7
111,171.88,65.82,34.7
68,171.88,65.82,34.69
173,171.87,65.8,34.7
183,171.87,65.8,34.69
228,171.86,65.79,34.69
303,171.87,65.8,34.7
398,171.86,65.79,34.7
40,171.88,65.81,34.68
38,171.87,65.81,34.68
105,171.86,65.8,34.68
58,171.86,65.79,34.68
68,171.86,65.79,34.67
124,171.86,65.79,34.68
21,171.87,65.81,34.67
2,173.02,74.9,44.43
6,173.28,75.13,44.43
3,173.05,75.4,44.43
3,172.72,75.25,44.23
2,172.96,75.38,44.23
6,172.53,75.39,44.23
7,172.97,75.45,44.05
10,172.55,75.45,44.05
12,172.88,75.65,43.81
17,172.41,75.65,43.83
3,172.48,74.42,44.43
4,172.24,74.69,44.43
10,172.29,75.29,44.23
16,172.26,74.84,44.23
9,172.47,75.05,44.23
15,172.18,75.08,44.23
14,172.26,75.45,44.05
21,172.07,75.65,43.85
13,174.27,75.51,44.43
10,174.13,75.42,44.23
14,174.74,75.48,44.43
14,174.49,75.27,44.43
14,174.51,75.6,44.43
9,174.14,75.45,44.05
12,174.75,75.65,44.23
12,174.53,75.65,44.22
11,174.28,75.65,44.22
8,174.08,75.65,43.82
13,175.68,75.41,44.43
14,175.43,75.19,44.43
14,175.21,75.45,44.43
13,175.23,75.65,44.29
13,175.47,75.57,44.43
13,175.48,75.65,44.22
9,175.05,75.65,43.83
11,175.06,75.45,44.04
12,175.03,75.39,44.23
13,173.99,74.81,44.43
13,174.24,75.04,44.43
11,173.76,75.09,44.43
12,174.02,75.31,44.43
8,173.88,75.35,44.23
6,173.63,75.19,44.23
4,173.41,75.37,44.23
8,173.85,75.45,44.05
6,173.43,75.45,44.05
8,173.8,75.65,43.81
8,173.36,75.65,43.81
12,176.15,75.38,44.43
10,175.93,75.64,43.86
12,175.93,75.37,44.23
11,176.38,75.64,44.23
11,175.94,75.45,44.05
11,176.4,75.54,44.43
8,172.21,74.17,44.43
10,172.03,73.92,44.43
7,172.05,74.44,44.43
23,172.15,74.8,44.05
17,172.15,75.31,44.05
20,172.15,75.08,44.05
13,171.96,73.93,44.23
12,171.96,74.45,44.23
25,171.96,74.93,43.85
23,171.96,75.5,43.86
24,171.96,75.25,43.86
637731,171.82,65.79,34.76
670186,171.81,65.79,34.76
648018,171.82,65.79,34.75
681046,171.81,65.79,34.75
541130,171.82,65.79,34.77
581102,171.81,65.79,34.77
306834,171.82,65.79,34.78
351909,171.81,65.79,34.78
591265,171.82,65.79,34.74
630824,171.81,65.79,34.74
420377,171.82,65.79,34.73
466306,171.81,65.79,34.73
163897,171.82,65.79,34.72
178333,171.81,65.79,34.72
21958,171.82,65.79,34.71
19863,171.81,65.79,34.71
420116,171.8,65.79,34.77
190609,171.8,65.79,34.78
564074,171.8,65.79,34.75
544231,171.8,65.79,34.76
22860,171.78,65.79,34.78
115801,171.78,65.79,34.77
1936,171.78,65.8,34.78
5471,171.78,65.8,34.77
197332,171.78,65.79,34.76
214964,171.78,65.79,34.75
20975,171.78,65.8,34.76
24278,171.78,65.8,34.75
77105,171.8,65.79,34.72
5272,171.8,65.79,34.71
490066,171.8,65.79,34.74
292411,171.8,65.79,34.73
6394,171.78,65.79,34.72
2500,171.78,65.79,34.71
2782,171.78,65.8,34.72
2720,171.78,65.8,34.71
153941,171.78,65.79,34.74
55215,171.78,65.79,34.73
8030,171.78,65.8,34.74
3963,171.78,65.8,34.73
2013,171.75,65.82,34.75
1839,171.75,65.82,34.76
1538,171.77,65.81,34.78
1610,171.77,65.81,34.78
1524,171.77,65.8,34.78
1609,171.77,65.8,34.78
1635,171.77,65.81,34.77
1700,171.77,65.81,34.77
1661,171.77,65.8,34.77
1773,171.77,65.8,34.77
1512,171.76,65.81,34.78
1589,171.76,65.81,34.78
1591,171.76,65.81,34.78
1495,171.75,65.82,34.78
1643,171.76,65.81,34.77
1733,171.76,65.81,34.77
1602,171.75,65.82,34.77
1627,171.76,65.81,34.77
1709,171.76,65.81,34.77
1869,171.77,65.81,34.76
1791,171.77,65.81,34.76
2159,171.77,65.8,34.76
1995,171.77,65.8,34.76
2147,171.77,65.81,34.75
2030,171.77,65.81,34.75
2416,171.77,65.8,34.75
2407,171.77,65.8,34.75
1957,171.76,65.81,34.76
1840,171.76,65.81,34.76
1733,171.75,65.82,34.76
1923,171.76,65.81,34.76
1816,171.76,65.81,34.76
2234,171.76,65.81,34.75
2096,171.76,65.81,34.75
2185,171.76,65.81,34.75
2045,171.76,65.81,34.75
2693,171.77,65.81,34.72
2737,171.77,65.81,34.71
2684,171.76,65.81,34.72
2655,171.75,65.82,34.72
2724,171.76,65.81,34.71
2736,171.76,65.82,34.71
2279,171.75,65.82,34.74
2429,171.77,65.81,34.74
2349,171.77,65.81,34.74
2499,171.77,65.8,34.74
2508,171.77,65.8,34.74
2602,171.77,65.81,34.73
2481,171.76,65.81,34.74
2402,171.76,65.81,34.74
2350,171.75,65.82,34.74
2455,171.76,65.81,34.74
2379,171.76,65.81,34.74
2596,171.76,65.81,34.73
2507,171.75,65.82,34.73
1299,171.77,65.82,34.82
1358,171.76,65.82,34.81
1342,171.77,65.81,34.81
1347,171.76,65.82,34.81
1431,171.76,65.81,34.8
1391,171.76,65.82,34.8
1407,171.77,65.81,34.8
1472,171.77,65.81,34.79
1465,171.76,65.81,34.79
1437,171.75,65.82,34.79
881,171.84,65.79,34.84
953,171.84,65.8,34.84
961,171.83,65.79,34.84
870,171.84,65.79,34.84
858,171.84,65.81,34.85
956,171.82,65.79,34.83
969,171.82,65.79,34.82
1041,171.81,65.79,34.82
1412,171.82,65.79,34.81
1333,171.81,65.79,34.81
72958,171.82,65.79,34.79
81737,171.81,65.79,34.79
8225,171.82,65.79,34.8
6811,171.81,65.79,34.8
1081,171.82,65.8,34.83
1150,171.81,65.8,34.83
1048,171.82,65.8,34.84
1033,171.82,65.82,34.85
1116,171.81,65.82,34.84
1091,171.82,65.82,34.84
1128,171.8,65.82,34.84
1166,171.8,65.82,34.84
1033,171.81,65.79,34.83
1129,171.8,65.8,34.83
1218,171.79,65.82,34.83
1187,171.8,65.8,34.83
1207,171.79,65.8,34.82
1244,171.78,65.82,34.83
1258,171.78,65.8,34.82
1288,171.77,65.82,34.82
1104,171.8,65.79,34.82
1185,171.8,65.79,34.81
26112,171.8,65.79,34.79
2408,171.8,65.79,34.8
1216,171.78,65.79,34.81
1297,171.78,65.8,34.81
1329,171.78,65.79,34.8
2536,171.78,65.79,34.79
1360,171.78,65.8,34.8
1434,171.78,65.8,34.79
5613,171.85,65.89,34.49
6334,171.84,65.88,34.5
17,171.82,65.81,34.64
159,171.83,65.78,34.67
40,171.84,65.79,34.66
83,171.82,65.79,34.67
3729,171.82,65.78,34.7
1224,171.8,65.78,34.7
569,171.82,65.78,34.69
225,171.8,65.78,34.69
212,171.82,65.78,34.68
92,171.82,65.78,34.67
19,171.82,65.8,34.66
40,171.82,65.8,34.67
36,171.81,65.8,34.67
164,171.8,65.78,34.68
61,171.81,65.79,34.67
623,171.8,65.79,34.68
100,171.8,65.8,34.67
59,171.81,65.81,34.66
1921,171.79,65.8,34.68
762,171.8,65.8,34.68
2606,171.78,65.8,34.68
2334,171.79,65.82,34.67
2773,171.78,65.82,34.67
1596,171.79,65.78,34.68
1716,171.79,65.78,34.7
1741,171.79,65.78,34.69
2539,171.78,65.79,34.68
2763,171.78,65.8,34.68
2717,171.77,65.79,34.69
2704,171.77,65.79,34.7
2770,171.77,65.79,34.69
2745,171.77,65.79,34.7
16,171.84,65.79,34.64
19,171.84,65.81,34.62
26,171.82,65.81,34.62
204,171.81,65.81,34.62
77,171.81,65.81,34.64
2786,171.77,65.8,34.69
2816,171.76,65.82,34.68
2818,171.76,65.81,34.68
2772,171.76,65.8,34.71
2786,171.75,65.82,34.7
2783,171.76,65.8,34.69
2812,171.75,65.82,34.69
2769,171.76,65.8,34.7
2809,171.75,65.82,34.69
808,171.83,65.78,34.83
891,171.83,65.78,34.82
1777,171.83,65.78,34.81
11809,171.83,65.78,34.8
77060,171.83,65.78,34.79
710,171.84,65.81,34.87
759,171.88,65.82,34.81
770,171.89,65.82,34.79
515,171.89,65.82,34.74
404,171.89,65.82,34.73
193,171.88,65.82,34.71
713,171.89,65.82,34.77
672,171.89,65.82,34.76
607,171.89,65.82,34.75
978,171.9,65.89,34.49
994,171.9,65.88,34.5
1744,171.85,65.89,34.45
21,171.88,65.81,34.62
20,171.85,65.81,34.62
1510,171.87,65.89,34.49
3579,171.87,65.87,34.5
29,171.85,65.8,34.61
33,171.87,65.82,34.6
25,171.88,65.79,34.61
20,171.89,65.81,34.62
22,171.86,65.79,34.62
158956,171.83,65.78,34.72
36544,171.83,65.78,34.71
349799,171.83,65.78,34.73
495136,171.83,65.78,34.74
255678,171.83,65.78,34.78
447221,171.83,65.78,34.77
552036,171.83,65.78,34.75
540825,171.83,65.78,34.76
2020,171.82,65.77,34.69
11140,171.82,65.77,34.7
13409,171.84,65.77,34.7
4311,171.84,65.77,34.69
188,171.82,65.77,34.67
605,171.82,65.77,34.68
1184,171.84,65.77,34.68
372,171.84,65.77,34.67
713,171.84,65.78,34.82
787,171.85,65.79,34.82
1142,171.84,65.78,34.81
803,171.85,65.79,34.81
4142,171.84,65.78,34.8
1230,171.85,65.79,34.8
22093,171.84,65.78,34.79
4243,171.85,65.79,34.79
711,171.85,65.81,34.86
704,171.84,65.78,34.84
760,171.85,65.79,34.84
711,171.84,65.78,34.83
794,171.85,65.79,34.83
648,171.86,65.81,34.85
703,171.88,65.81,34.83
731,171.87,65.81,34.83
812,171.86,65.8,34.83
682,171.87,65.81,34.84
747,171.86,65.79,34.84
751,171.86,65.79,34.84
831,171.86,65.79,34.83
579,171.89,65.81,34.82
758,171.88,65.8,34.82
797,171.88,65.8,34.81
555,171.89,65.81,34.82
724,171.86,65.79,34.82
775,171.87,65.79,34.82
726,171.86,65.79,34.81
803,171.87,65.79,34.81
756,171.86,65.79,34.8
959,171.86,65.79,34.79
813,171.87,65.79,34.8
828,171.87,65.79,34.79
767,171.89,65.8,34.8
600,171.89,65.81,34.8
826,171.88,65.8,34.8
790,171.89,65.8,34.79
845,171.88,65.8,34.79
144493,171.84,65.78,34.73
38042,171.85,65.79,34.73
243343,171.84,65.78,34.74
79472,171.85,65.79,34.74
59336,171.84,65.78,34.72
18516,171.84,65.78,34.71
13878,171.85,65.79,34.72
4539,171.85,65.79,34.71
85154,171.84,65.78,34.78
197652,171.84,65.78,34.77
16235,171.85,65.79,34.78
54029,171.85,65.79,34.77
297994,171.84,65.78,34.75
283513,171.84,65.78,34.76
109611,171.85,65.79,34.75
98163,171.85,65.79,34.76
613,171.89,65.8,34.74
494,171.89,65.8,34.73
725,171.88,65.8,34.74
629,171.88,65.8,34.73
4724,171.86,65.79,34.74
3278,171.86,65.79,34.73
796,171.87,65.79,34.74
683,171.87,65.79,34.73
250,171.89,65.8,34.71
352,171.88,65.8,34.71
186,171.89,65.82,34.72
364,171.89,65.8,34.72
493,171.88,65.8,34.72
930,171.86,65.79,34.71
1808,171.86,65.79,34.72
397,171.87,65.79,34.71
543,171.87,65.79,34.72
2830,171.86,65.79,34.77
1482,171.86,65.79,34.78
851,171.87,65.79,34.78
885,171.87,65.79,34.77
612,171.89,65.82,34.78
782,171.89,65.8,34.78
854,171.88,65.8,34.78
767,171.89,65.8,34.77
845,171.88,65.8,34.77
739,171.89,65.8,34.76
822,171.88,65.8,34.76
692,171.89,65.8,34.75
785,171.88,65.8,34.75
5391,171.86,65.79,34.75
4455,171.86,65.79,34.76
898,171.87,65.79,34.76
872,171.87,65.79,34.75
60,171.85,65.78,34.66
21,171.85,65.78,34.64
9912,171.85,65.77,34.7
4164,171.85,65.77,34.69
1394,171.86,65.78,34.69
3723,171.86,65.78,34.7
387,171.85,65.77,34.67
203,171.86,65.78,34.67
1061,171.85,65.77,34.68
521,171.86,65.78,34.68
7,171.89,65.81,34.66
11,171.89,65.81,34.64
10,171.88,65.81,34.66
34,171.86,65.79,34.66
11,171.88,65.81,34.64
13,171.86,65.78,34.64
47,171.9,65.81,34.7
139,171.88,65.8,34.69
223,171.88,65.8,34.7
172,171.87,65.79,34.69
282,171.86,65.79,34.69
264,171.87,65.79,34.7
459,171.86,65.79,34.7
88,171.88,65.79,34.69
13,171.89,65.81,34.68
15,171.88,65.81,34.67
50,171.87,65.79,34.67
94,171.87,65.79,34.68
85,171.86,65.79,34.67
146,171.86,65.79,34.68
14,171.99,71.87,44.44
15,172,72.39,44.44
15,172.1,72.15,44.44
14,171.95,71.82,44.42
9,173.47,74.35,44.43
12,173.73,74.58,44.43
5,173.24,74.62,44.43
9,173.5,74.86,44.43
2,173.14,74.76,44.23
3,173.39,74.97,44.23
2,172.93,75.01,44.23
2,173.18,75.22,44.23
14,172.82,75.13,43.94
10,173.05,75.26,43.94
15,172.64,75.27,43.94
13,172.99,75.45,43.69
16,172.56,75.45,43.7
10,172.9,75.65,43.44
12,172.41,75.65,43.47
4,173.2,74.11,44.43
3,172.93,73.87,44.43
3,172.71,74.14,44.43
2,172.98,74.39,44.43
13,172.64,74.33,44.23
4,172.89,74.54,44.23
16,172.42,74.58,44.23
7,172.68,74.8,44.23
19,172.41,75.17,43.94
24,172.38,74.75,43.94
19,172.58,74.95,43.94
22,172.31,74.98,43.94
19,172.26,75.45,43.71
15,172.07,75.65,43.49
14,175.18,74.96,44.43
14,174.71,75,44.43
14,174.96,75.23,44.43
11,174.34,75.32,44.23
9,174.18,75.3,43.94
12,174.79,75.3,44.23
12,174.55,75.1,44.23
12,174.57,75.41,44.23
11,174.79,75.45,44.05
10,174.58,75.45,44.05
9,174.34,75.45,44.04
8,174.14,75.45,43.69
9,174.76,75.65,43.83
8,174.55,75.65,43.83
8,174.29,75.65,43.83
7,174.1,75.64,43.44
13,175.89,75.15,44.43
14,175.64,74.92,44.43
12,175.69,75.23,44.23
12,175.45,75.02,44.23
13,175.24,75.27,44.23
12,175.26,75.45,44.11
12,175.5,75.38,44.23
11,175.5,75.45,44.05
10,175.47,75.64,43.84
6,175.06,75.64,43.46
7,175.08,75.45,43.7
10,175.07,75.27,43.93
15,174.93,74.73,44.43
14,174.21,74.54,44.43
14,174.46,74.77,44.43
10,174.06,74.68,44.23
11,174.3,74.89,44.23
8,173.85,74.93,44.23
10,174.1,75.14,44.23
8,173.94,75.23,43.94
8,173.7,75.08,43.94
7,173.49,75.25,43.94
9,173.87,75.45,43.69
10,173.45,75.45,43.69
7,173.82,75.64,43.44
8,173.39,75.64,43.43
2,179.46,75.65,44.24
2,179.52,75.53,44.43
3,178.77,75.65,44.06
4,178.77,75.48,44.43
10,176.61,75.33,44.43
11,176.35,75.11,44.43
11,176.14,75.2,44.23
10,176.39,75.64,43.86
7,175.93,75.64,43.5
8,175.94,75.45,43.71
9,175.93,75.25,43.94
10,176.86,75.52,44.43
9,176.81,75.64,44.24
10,176.37,75.45,44.05
11,176.39,75.35,44.23
9,177.12,75.61,44.43
9,177.12,75.64,44.24
6,177.86,75.64,44.06
6,177.84,75.5,44.43
8,176.81,75.64,43.86
7,177.11,75.64,43.86
14,172.32,71.92,44.45
15,172.14,72.53,44.44
15,172.35,72.42,44.44
12,172.59,72.68,44.43
15,172.14,73.16,44.43
15,172.01,72.9,44.43
13,172.02,73.43,44.43
14,171.96,73.44,44.23
15,171.96,73.14,44.24
16,171.95,72.9,44.24
8,172.79,72.82,44.43
6,172.66,73.63,44.43
12,172.39,73.4,44.43
12,172.18,73.65,44.43
8,172.44,73.89,44.43
22,172.39,74.11,44.23
24,172.23,73.88,44.23
21,172.24,74.36,44.23
28,172.15,73.89,44.05
26,172.15,74.36,44.05
23,172.15,74.8,43.71
21,172.15,75.31,43.71
22,172.15,75.08,43.71
23,171.96,73.93,43.85
25,171.96,74.45,43.85
20,171.96,74.93,43.49
18,171.96,75.5,43.5
19,171.96,75.25,43.5
914,171.81,65.81,34.87
625983,171.82,65.78,34.76
588998,171.8,65.78,34.76
634910,171.82,65.78,34.75
601786,171.8,65.78,34.75
551367,171.82,65.78,34.77
501864,171.8,65.78,34.77
366695,171.82,65.78,34.78
303650,171.8,65.78,34.78
591209,171.82,65.78,34.74
554934,171.8,65.78,34.74
459865,171.82,65.78,34.73
403045,171.8,65.78,34.73
226438,171.82,65.78,34.72
166312,171.8,65.78,34.72
42382,171.82,65.78,34.71
24591,171.8,65.78,34.71
271559,171.79,65.78,34.77
115833,171.79,65.78,34.78
393154,171.79,65.78,34.75
373142,171.79,65.78,34.76
6360,171.77,65.79,34.78
41223,171.77,65.79,34.77
1616,171.77,65.79,34.78
2424,171.77,65.79,34.77
79574,171.77,65.79,34.76
89911,171.77,65.79,34.75
4078,171.77,65.79,34.76
4934,171.77,65.79,34.75
47900,171.79,65.78,34.72
5039,171.79,65.78,34.71
323968,171.79,65.78,34.74
181791,171.79,65.78,34.73
3922,171.77,65.79,34.72
2686,171.77,65.79,34.71
2709,171.77,65.79,34.72
2716,171.77,65.79,34.71
60380,171.77,65.79,34.74
16891,171.77,65.79,34.73
3995,171.77,65.79,34.74
3010,171.77,65.79,34.73
1514,171.74,65.82,34.78
1604,171.74,65.82,34.77
1834,171.75,65.81,34.76
2037,171.75,65.81,34.75
1984,171.74,65.82,34.75
1776,171.74,65.82,34.76
1576,171.76,65.8,34.78
1695,171.76,65.8,34.77
1544,171.76,65.81,34.78
1481,171.75,65.82,34.78
1667,171.76,65.81,34.77
1872,171.76,65.8,34.76
2118,171.76,65.8,34.75
1852,171.76,65.81,34.76
2103,171.76,65.81,34.75
2679,171.76,65.8,34.72
2732,171.76,65.8,34.71
2668,171.76,65.81,34.72
2631,171.75,65.82,34.72
2732,171.76,65.81,34.71
2721,171.75,65.82,34.71
2287,171.75,65.81,34.74
2278,171.74,65.82,34.74
2434,171.74,65.82,34.73
2383,171.76,65.8,34.74
2568,171.76,65.8,34.73
2390,171.76,65.81,34.74
2552,171.76,65.81,34.73
2485,171.75,65.82,34.73
1286,171.77,65.8,34.82
1297,171.76,65.82,34.82
1367,171.76,65.8,34.81
1349,171.75,65.82,34.81
1339,171.76,65.8,34.81
1412,171.76,65.81,34.8
1390,171.75,65.82,34.8
1402,171.76,65.8,34.8
1475,171.76,65.8,34.79
1465,171.76,65.81,34.79
1433,171.75,65.82,34.79
821,171.84,65.79,34.85
909,171.82,65.81,34.86
940,171.82,65.79,34.84
810,171.83,65.78,34.84
890,171.82,65.78,34.84
891,171.82,65.78,34.83
990,171.82,65.78,34.82
1023,171.8,65.78,34.82
2149,171.82,65.78,34.81
1499,171.8,65.78,34.81
121050,171.82,65.78,34.79
84322,171.8,65.78,34.79
16299,171.82,65.78,34.8
8385,171.8,65.78,34.8
984,171.82,65.8,34.85
1094,171.81,65.8,34.84
1043,171.82,65.8,34.84
1018,171.81,65.79,34.84
1090,171.8,65.8,34.84
1032,171.81,65.81,34.85
1142,171.8,65.8,34.84
1167,171.79,65.82,34.84
978,171.8,65.78,34.83
1093,171.8,65.79,34.83
1178,171.78,65.79,34.82
1179,171.79,65.8,34.83
1187,171.78,65.82,34.84
1221,171.78,65.8,34.83
1244,171.77,65.82,34.83
1252,171.78,65.8,34.82
1071,171.79,65.78,34.82
1184,171.79,65.78,34.81
16834,171.79,65.78,34.79
2230,171.79,65.78,34.8
1207,171.77,65.79,34.81
1279,171.77,65.79,34.81
1331,171.77,65.79,34.8
1884,171.77,65.79,34.79
1343,171.77,65.79,34.8
1419,171.77,65.79,34.79
5290,171.84,65.87,34.48
7222,171.82,65.89,34.49
6767,171.82,65.87,34.5
6874,171.79,65.89,34.5
26,171.82,65.78,34.64
46,171.82,65.78,34.66
5121,171.81,65.78,34.7
1716,171.79,65.78,34.7
633,171.81,65.78,34.69
621,171.79,65.78,34.69
242,171.81,65.78,34.68
600,171.79,65.78,34.68
123,171.81,65.78,34.67
76,171.81,65.79,34.64
210,171.8,65.78,34.67
63,171.81,65.79,34.66
1442,171.79,65.81,34.65
692,171.8,65.79,34.67
650,171.79,65.78,34.67
1508,171.79,65.78,34.67
2753,171.78,65.8,34.67
2011,171.79,65.8,34.67
2499,171.78,65.79,34.67
2488,171.78,65.81,34.66
2818,171.77,65.81,34.67
2330,171.78,65.78,34.68
2426,171.78,65.78,34.7
2419,171.78,65.78,34.69
2724,171.77,65.79,34.68
2796,171.77,65.79,34.68
2755,171.77,65.78,34.69
2734,171.77,65.78,34.7
2772,171.76,65.79,34.69
2741,171.76,65.79,34.7
39,171.84,65.82,34.6
30,171.84,65.79,34.62
26,171.85,65.78,34.62
56,171.82,65.78,34.62
176,171.81,65.82,34.6
187,171.81,65.79,34.62
2604,171.79,65.81,34.62
108,171.82,65.82,34.6
1066,171.8,65.82,34.6
2958,171.78,65.81,34.62
6007,171.84,65.85,34.5
4155,171.87,65.83,34.5
2923,171.77,65.81,34.62
2012,171.79,65.81,34.64
2798,171.76,65.8,34.68
2808,171.76,65.8,34.68
2836,171.75,65.81,34.68
2837,171.75,65.81,34.67
2772,171.75,65.8,34.7
2787,171.74,65.82,34.7
2789,171.75,65.79,34.69
2763,171.75,65.79,34.7
2793,171.75,65.8,34.7
2818,171.74,65.81,34.69
37,171.83,65.77,34.62
621,171.82,65.8,34.89
757,171.82,65.81,34.88
733,171.82,65.77,34.84
764,171.82,65.77,34.83
609,171.84,65.77,34.84
646,171.84,65.77,34.83
1057,171.82,65.77,34.82
3700,171.82,65.77,34.81
26051,171.82,65.77,34.8
136661,171.82,65.77,34.79
977,171.84,65.77,34.82
3501,171.84,65.77,34.81
15313,171.84,65.77,34.8
70863,171.84,65.77,34.79
7261,171.79,65.89,34.49
956,171.84,65.88,34.42
7148,171.82,65.89,34.45
429,171.85,65.8,34.89
556,171.85,65.81,34.87
674,171.84,65.78,34.87
489,171.86,65.81,34.87
594,171.89,65.81,34.81
597,171.9,65.82,34.79
345,171.9,65.82,34.74
257,171.9,65.82,34.73
181,171.9,65.82,34.72
110,171.89,65.82,34.71
551,171.9,65.82,34.78
545,171.9,65.82,34.77
494,171.9,65.82,34.76
427,171.9,65.82,34.75
986,171.9,65.89,34.45
967,171.93,65.89,34.49
938,171.9,65.87,34.48
921,171.93,65.87,34.5
1005,171.87,65.89,34.45
1638,171.84,65.87,34.45
1568,171.84,65.84,34.45
37,171.88,65.82,34.6
50,171.85,65.82,34.6
29,171.91,65.81,34.62
2092,171.87,65.86,34.48
1634,171.9,65.84,34.5
39,171.9,65.81,34.7
25,171.86,65.76,34.62
91,171.85,65.8,34.6
52,171.88,65.8,34.6
35,171.89,65.82,34.6
63,171.86,65.79,34.6
24,171.89,65.79,34.62
23,171.88,65.78,34.62
236547,171.82,65.77,34.72
67718,171.82,65.77,34.71
140082,171.84,65.77,34.72
46957,171.84,65.77,34.71
537197,171.82,65.77,34.74
422683,171.82,65.77,34.73
277521,171.84,65.77,34.73
391446,171.84,65.77,34.74
499276,171.82,65.77,34.77
341919,171.82,65.77,34.78
200682,171.84,65.77,34.78
349585,171.84,65.77,34.77
567755,171.82,65.77,34.76
576644,171.82,65.77,34.75
442727,171.84,65.77,34.75
430926,171.84,65.77,34.76
3989,171.81,65.77,34.69
6136,171.83,65.77,34.69
17094,171.81,65.77,34.7
22737,171.83,65.77,34.7
36671,171.83,65.76,34.7
15481,171.83,65.76,34.69
22166,171.84,65.77,34.7
9794,171.84,65.77,34.69
328,171.81,65.77,34.67
452,171.83,65.77,34.67
1029,171.81,65.77,34.68
1657,171.83,65.77,34.68
1200,171.83,65.76,34.67
3538,171.83,65.76,34.68
793,171.84,65.77,34.67
2463,171.84,65.77,34.68
114,171.83,65.77,34.66
30,171.83,65.77,34.64
600,171.85,65.77,34.82
628,171.86,65.78,34.82
1221,171.85,65.77,34.81
695,171.86,65.78,34.81
3933,171.85,65.77,34.8
1024,171.86,65.78,34.8
17312,171.85,65.77,34.79
3231,171.86,65.78,34.79
605,171.85,65.78,34.85
563,171.85,65.77,34.84
633,171.86,65.78,34.84
544,171.85,65.77,34.83
647,171.86,65.78,34.83
392,171.89,65.81,34.85
446,171.88,65.81,34.86
600,171.86,65.79,34.85
696,171.88,65.79,34.83
453,171.89,65.81,34.83
678,171.87,65.79,34.84
678,171.86,65.79,34.84
724,171.87,65.79,34.83
714,171.86,65.79,34.83
549,171.89,65.79,34.82
576,171.89,65.79,34.82
630,171.89,65.79,34.81
420,171.9,65.81,34.82
504,171.87,65.78,34.82
566,171.88,65.78,34.82
649,171.87,65.78,34.81
594,171.88,65.78,34.81
936,171.87,65.78,34.8
1599,171.87,65.78,34.79
636,171.88,65.78,34.8
694,171.88,65.78,34.79
488,171.9,65.81,34.8
624,171.89,65.79,34.8
658,171.89,65.79,34.8
642,171.89,65.8,34.79
666,171.89,65.79,34.79
107001,171.85,65.77,34.73
30395,171.86,65.78,34.73
166493,171.85,65.77,34.74
48543,171.86,65.78,34.74
54015,171.85,65.77,34.72
25204,171.85,65.77,34.71
16235,171.86,65.78,34.72
8919,171.86,65.78,34.71
58801,171.85,65.77,34.78
132219,171.85,65.77,34.77
10100,171.86,65.78,34.78
29532,171.86,65.78,34.77
201599,171.85,65.77,34.75
188975,171.85,65.77,34.76
60928,171.86,65.78,34.75
51432,171.86,65.78,34.76
503,171.89,65.8,34.74
404,171.89,65.8,34.73
601,171.89,65.79,34.74
528,171.89,65.79,34.73
4877,171.87,65.78,34.74
3973,171.87,65.78,34.73
627,171.88,65.78,34.74
542,171.88,65.78,34.73
201,171.89,65.8,34.71
309,171.89,65.79,34.71
290,171.89,65.8,34.72
423,171.89,65.79,34.72
1128,171.87,65.78,34.71
1986,171.87,65.78,34.72
330,171.88,65.78,34.71
436,171.88,65.78,34.72
3904,171.87,65.78,34.77
2427,171.87,65.78,34.78
727,171.88,65.78,34.78
743,171.88,65.78,34.77
649,171.89,65.8,34.78
674,171.89,65.79,34.78
648,171.89,65.8,34.77
673,171.89,65.79,34.77
628,171.89,65.8,34.76
665,171.89,65.79,34.76
583,171.89,65.8,34.75
645,171.89,65.79,34.75
6201,171.87,65.78,34.75
4626,171.87,65.78,34.76
714,171.88,65.78,34.76
694,171.88,65.78,34.75
81,171.86,65.76,34.66
24,171.86,65.76,34.64
6046,171.86,65.76,34.7
723,171.86,65.76,34.68
7,171.91,65.81,34.66
10,171.89,65.78,34.66
11,171.9,65.81,34.64
12,171.89,65.78,34.64
31,171.88,65.78,34.66
16,171.88,65.78,34.64
118,171.89,65.79,34.7
271,171.88,65.78,34.7
7,171.91,65.81,34.67
41,171.89,65.79,34.68
95,171.88,65.78,34.68
980,171.9,65.88,34.42
974,171.87,65.87,34.42
934,171.87,65.81,34.42
23,172.17,72.01,44.26
26,172.19,72.48,44.25
25,172.27,72.25,44.27
23,172.14,71.98,44.23
12,172.56,71.7,44.45
12,172.26,71.55,44.45
12,172.09,71.66,44.44
10,171.95,71.61,44.41
17,171.95,72.37,44.24
16,171.95,72.09,44.24
15,171.95,71.85,44.22
12,173.69,74.08,44.43
13,173.95,74.31,44.43
5,173.57,74.25,44.23
8,173.81,74.47,44.23
3,173.35,74.51,44.23
6,173.6,74.72,44.23
12,173.22,74.67,43.94
9,173.46,74.87,43.94
13,173.02,74.91,43.94
9,173.26,75.11,43.94
15,172.82,75.13,43.61
14,173.05,75.26,43.61
16,172.64,75.27,43.61
9,173,75.45,43.35
10,172.56,75.45,43.37
6,172.91,75.65,43.09
7,172.42,75.65,43.12
8,173.43,73.85,44.43
4,173.16,73.61,44.43
4,173.32,74.04,44.23
7,173.06,73.82,44.23
10,172.85,74.07,44.23
3,173.1,74.29,44.23
23,172.75,74.27,43.94
18,172.98,74.47,43.94
24,172.53,74.51,43.94
19,172.78,74.71,43.94
18,172.41,75.17,43.61
20,172.38,74.75,43.61
18,172.58,74.95,43.61
20,172.31,74.98,43.61
12,172.26,75.45,43.38
8,172.07,75.65,43.14
14,175.39,74.69,44.43
13,175.21,74.81,44.23
13,174.76,74.85,44.23
13,175,75.06,44.23
9,174.38,75.2,43.94
8,174.17,75.3,43.61
10,174.82,75.18,43.94
10,174.58,75,43.94
9,174.61,75.29,43.94
7,174.8,75.45,43.7
7,174.59,75.45,43.7
8,174.35,75.45,43.7
5,174.14,75.45,43.35
6,174.78,75.65,43.45
6,174.56,75.65,43.45
6,174.31,75.65,43.44
4,174.08,75.64,43.14
12,176.1,74.88,44.43
13,175.85,74.66,44.43
11,175.9,74.98,44.23
12,175.66,74.77,44.23
9,175.7,75.11,43.94
8,175.46,74.92,43.94
9,175.26,75.15,43.94
9,175.5,75.26,43.94
8,175.49,75.45,43.7
7,175.48,75.64,43.48
5,175.07,75.64,43.1
5,175.08,75.45,43.36
6,175.08,75.27,43.61
15,175.14,74.47,44.43
13,174.96,74.6,44.23
15,174.67,74.5,44.43
15,174.42,74.27,44.43
12,174.27,74.43,44.23
12,174.51,74.64,44.23
10,174.1,74.59,43.94
10,174.34,74.79,43.94
9,173.9,74.83,43.94
9,174.14,75.03,43.94
9,173.95,75.23,43.61
11,173.7,75.08,43.61
11,173.49,75.25,43.61
6,173.88,75.45,43.35
7,173.46,75.45,43.35
4,173.84,75.64,43.08
4,173.4,75.64,43.08
2,179.32,75.45,44.05
2,179.37,75.34,44.23
2,179.23,75.12,44.43
5,178.26,75.17,44.43
3,178.73,75.64,43.32
3,178.66,75.45,43.89
3,178.66,75.29,44.23
9,177.03,74.8,44.43
10,176.77,74.57,44.43
10,176.82,75.06,44.43
10,176.59,75.15,44.23
11,176.56,74.84,44.43
10,176.35,74.94,44.23
8,176.14,75.09,43.94
8,176.39,75.64,43.51
8,176.38,75.45,43.71
7,175.94,75.64,43.15
6,175.94,75.45,43.38
6,175.93,75.25,43.61
8,177.31,75.26,44.43
8,176.78,75.45,44.06
9,176.38,75.23,43.94
9,176.83,75.33,44.23
8,177.08,75.41,44.23
8,177.08,75.45,44.05
8,177.33,75.64,44.06
5,177.81,75.64,43.32
5,177.8,75.45,43.89
6,177.78,75.31,44.23
7,176.79,75.45,43.71
7,177.08,75.45,43.71
8,176.94,75.64,43.32
7,172.93,72.19,44.44
6,173.04,72.06,44.44
6,173.05,72.31,44.43
5,173.16,72.19,44.43
9,172.8,71.94,44.44
9,172.82,72.43,44.44
13,172.57,72.18,44.44
24,172.46,72.01,44.29
15,172.11,72.7,44.43
26,172.31,72.6,44.26
26,172.5,72.48,44.27
24,172.74,72.7,44.25
14,172.37,72.92,44.43
17,171.95,72.61,44.24
31,172.4,72.3,44.13
29,172.29,72.09,44.12
31,172.32,72.54,44.13
27,172.32,73.18,44.24
26,172.2,72.95,44.24
25,172.21,73.44,44.23
29,172.15,73.45,44.05
29,172.15,73.17,44.06
29,172.15,72.95,44.06
19,171.96,73.45,43.86
17,171.95,73.14,43.87
17,171.95,72.9,43.87
6,172.94,72.68,44.43
5,173.05,72.56,44.43
5,173.11,73.15,44.43
8,172.79,73.01,44.43
6,172.95,72.93,44.43
19,172.93,72.82,44.23
5,172.89,73.39,44.43
9,172.62,73.16,44.43
16,172.81,73.61,44.23
25,172.56,73.39,44.23
25,172.36,73.64,44.23
20,172.6,73.85,44.23
27,172.5,74.07,43.94
29,172.35,73.86,43.94
27,172.36,74.3,43.94
26,172.15,73.89,43.71
25,172.15,74.37,43.71
16,172.15,74.8,43.38
14,172.15,75.31,43.38
15,172.15,75.08,43.38
22,171.96,73.94,43.49
21,171.96,74.46,43.49
13,171.96,74.93,43.14
11,171.96,75.5,43.14
12,171.96,75.25,43.14
9,172.77,71.52,44.44
7,172.99,71.39,44.44
9,172.74,71.22,44.44
2,178.94,75.67,35.49
795,171.8,65.81,34.89
863,171.81,65.79,34.87
937,171.79,65.81,34.87
580243,171.81,65.78,34.76
477917,171.79,65.78,34.76
589922,171.81,65.78,34.75
492910,171.79,65.78,34.75
513820,171.81,65.78,34.77
393902,171.79,65.78,34.77
357253,171.81,65.78,34.78
230558,171.79,65.78,34.78
552585,171.81,65.78,34.74
443342,171.79,65.78,34.74
439260,171.81,65.78,34.73
310171,171.79,65.78,34.73
239261,171.81,65.78,34.72
128411,171.79,65.78,34.72
56599,171.81,65.78,34.71
21385,171.79,65.78,34.71
152884,171.78,65.78,34.77
59156,171.78,65.78,34.78
234454,171.78,65.78,34.75
219336,171.78,65.78,34.76
3287,171.77,65.78,34.78
8736,171.77,65.78,34.77
1556,171.76,65.79,34.78
1851,171.76,65.79,34.77
17760,171.77,65.78,34.76
20837,171.77,65.78,34.75
2269,171.76,65.79,34.76
2615,171.76,65.79,34.75
24206,171.78,65.78,34.72
3959,171.78,65.78,34.71
186508,171.78,65.78,34.74
97821,171.78,65.78,34.73
2993,171.77,65.78,34.72
2719,171.77,65.78,34.71
2645,171.76,65.79,34.72
2698,171.76,65.79,34.71
13111,171.77,65.78,34.74
4770,171.77,65.78,34.73
2694,171.76,65.79,34.74
2600,171.76,65.79,34.73
1561,171.74,65.81,34.78
1655,171.74,65.81,34.77
1487,171.74,65.82,34.78
1599,171.73,65.82,34.77
1819,171.74,65.81,34.76
2022,171.74,65.81,34.75
1972,171.73,65.82,34.75
1769,171.73,65.82,34.76
1588,171.75,65.79,34.78
1744,171.75,65.79,34.77
1548,171.75,65.8,34.78
1679,171.75,65.8,34.77
1917,171.75,65.79,34.76
2120,171.75,65.79,34.75
1861,171.75,65.8,34.76
2079,171.75,65.8,34.75
2610,171.74,65.82,34.72
2681,171.74,65.82,34.71
2653,171.75,65.79,34.72
2715,171.75,65.79,34.71
2647,171.75,65.8,34.72
2716,171.74,65.82,34.71
2716,171.75,65.8,34.71
2302,171.74,65.81,34.74
2440,171.74,65.81,34.73
2258,171.73,65.82,34.74
2425,171.73,65.82,34.73
2377,171.75,65.79,34.74
2540,171.75,65.79,34.73
2355,171.75,65.8,34.74
2507,171.75,65.8,34.73
1277,171.76,65.8,34.82
1308,171.75,65.82,34.82
1261,171.76,65.82,34.83
1297,171.75,65.82,34.82
1355,171.75,65.8,34.81
1354,171.74,65.82,34.81
1330,171.75,65.79,34.81
1392,171.74,65.82,34.8
1431,171.74,65.82,34.79
1381,171.74,65.82,34.8
1406,171.75,65.8,34.8
1394,171.75,65.79,34.8
1474,171.75,65.79,34.79
1469,171.75,65.8,34.79
812,171.82,65.78,34.85
822,171.81,65.78,34.84
850,171.81,65.78,34.83
1148,171.81,65.78,34.82
1022,171.79,65.78,34.82
3785,171.81,65.78,34.81
1694,171.79,65.78,34.81
141148,171.81,65.78,34.79
68570,171.79,65.78,34.79
24690,171.81,65.78,34.8
8302,171.79,65.78,34.8
970,171.8,65.78,34.84
1057,171.79,65.81,34.86
1067,171.8,65.79,34.84
976,171.81,65.79,34.85
1129,171.79,65.8,34.84
1115,171.78,65.81,34.85
918,171.79,65.78,34.84
944,171.79,65.78,34.83
1036,171.79,65.78,34.84
1057,171.79,65.78,34.83
1122,171.78,65.79,34.84
1154,171.77,65.79,34.82
1156,171.78,65.79,34.83
1162,171.78,65.8,34.84
1199,171.77,65.81,34.84
1209,171.78,65.8,34.83
1251,171.77,65.82,34.83
1233,171.77,65.79,34.82
1051,171.78,65.78,34.82
1215,171.78,65.78,34.81
9413,171.78,65.78,34.79
2151,171.78,65.78,34.8
1213,171.77,65.78,34.81
1267,171.76,65.79,34.81
1368,171.77,65.78,34.8
1824,171.77,65.78,34.79
1328,171.76,65.79,34.8
1410,171.76,65.79,34.79
2934,171.75,65.81,34.62
6596,171.82,65.86,34.48
4076,171.86,65.82,34.51
5882,171.79,65.85,34.5
6415,171.79,65.87,34.48
6332,171.76,65.88,34.5
5348,171.82,65.86,34.45
3924,171.87,65.82,34.54
200,171.81,65.77,34.64
135,171.81,65.77,34.66
20489,171.81,65.76,34.7
4595,171.81,65.76,34.69
1240,171.79,65.77,34.69
2469,171.79,65.77,34.7
4965,171.8,65.77,34.7
516,171.8,65.77,34.69
374,171.81,65.76,34.67
1070,171.81,65.76,34.68
1483,171.79,65.77,34.68
312,171.8,65.77,34.68
201,171.8,65.77,34.67
1191,171.8,65.78,34.64
1398,171.79,65.77,34.67
869,171.79,65.78,34.66
2220,171.78,65.78,34.67
2350,171.78,65.79,34.66
2721,171.77,65.79,34.67
2843,171.77,65.81,34.66
2820,171.77,65.79,34.67
2073,171.78,65.76,34.67
2207,171.78,65.76,34.68
2653,171.77,65.77,34.68
2603,171.77,65.77,34.67
2895,171.78,65.76,34.7
1853,171.78,65.76,34.69
2648,171.77,65.77,34.7
2611,171.77,65.77,34.69
2786,171.77,65.78,34.68
2804,171.77,65.78,34.67
2807,171.76,65.79,34.68
2842,171.76,65.79,34.67
2727,171.76,65.77,34.69
2738,171.76,65.77,34.7
2764,171.75,65.78,34.69
2727,171.75,65.78,34.7
79,171.85,65.78,34.6
112,171.84,65.79,34.6
128,171.83,65.77,34.6
171,171.82,65.78,34.6
401,171.81,65.77,34.62
171,171.82,65.8,34.6
310,171.81,65.79,34.6
1778,171.79,65.78,34.62
1334,171.8,65.8,34.59
2974,171.78,65.79,34.61
2587,171.81,65.82,34.57
3129,171.78,65.82,34.6
2993,171.77,65.81,34.6
2694,171.78,65.77,34.62
3116,171.77,65.78,34.62
3609,171.87,65.8,34.53
4070,171.84,65.84,34.48
5699,171.81,65.83,34.5
1738,171.86,65.81,34.48
2880,171.77,65.81,34.64
2848,171.76,65.81,34.66
2812,171.75,65.79,34.68
2821,171.76,65.79,34.67
2850,171.74,65.81,34.68
2776,171.73,65.81,34.7
2790,171.73,65.81,34.7
2764,171.74,65.79,34.7
2782,171.75,65.79,34.69
2749,171.75,65.79,34.7
2794,171.74,65.79,34.69
2818,171.73,65.81,34.69
31,171.85,65.75,34.62
82,171.82,65.75,34.62
1178,171.79,65.76,34.62
647,171.81,65.8,34.9
516,171.82,65.77,34.89
472,171.84,65.8,34.9
688,171.82,65.78,34.87
666,171.81,65.77,34.84
537,171.83,65.77,34.84
770,171.81,65.77,34.83
790,171.83,65.77,34.83
498,171.83,65.77,34.85
419,171.83,65.76,34.84
701,171.83,65.76,34.83
446,171.84,65.77,34.84
485,171.84,65.77,34.83
1732,171.81,65.77,34.82
3060,171.83,65.77,34.82
7383,171.81,65.77,34.81
11144,171.83,65.77,34.81
43204,171.81,65.77,34.8
40001,171.83,65.77,34.8
177948,171.81,65.77,34.79
135151,171.83,65.77,34.79
4175,171.83,65.76,34.82
14568,171.83,65.76,34.81
1112,171.84,65.77,34.82
4872,171.84,65.77,34.81
125070,171.83,65.76,34.79
47856,171.83,65.76,34.8
17041,171.84,65.77,34.8
61420,171.84,65.77,34.79
7298,171.76,65.89,34.49
7324,171.79,65.89,34.45
2525,171.82,65.87,34.42
993,171.84,65.84,34.42
1596,171.81,65.81,34.45
893,171.84,65.78,34.42
842,171.83,65.73,34.43
287,171.86,65.8,34.9
317,171.85,65.77,34.89
477,171.85,65.78,34.87
252,171.87,65.8,34.89
441,171.86,65.78,34.87
338,171.88,65.8,34.87
595,171.89,65.79,34.81
430,171.9,65.81,34.81
428,171.91,65.81,34.8
437,171.91,65.81,34.79
203,171.91,65.81,34.74
372,171.9,65.8,34.74
150,171.91,65.81,34.73
288,171.9,65.8,34.73
214,171.9,65.8,34.72
99,171.91,65.81,34.72
64,171.91,65.81,34.71
564,171.9,65.8,34.78
563,171.9,65.8,34.77
409,171.91,65.81,34.78
373,171.91,65.81,34.77
322,171.91,65.81,34.76
518,171.9,65.8,34.76
269,171.91,65.81,34.75
455,171.9,65.8,34.75
940,171.96,65.89,34.49
926,171.96,65.88,34.5
935,171.84,65.78,34.45
1662,171.86,65.75,34.49
864,171.83,65.73,34.47
973,171.93,65.89,34.45
944,171.9,65.87,34.45
885,171.93,65.85,34.48
897,171.95,65.84,34.5
1031,171.92,65.83,34.5
997,171.87,65.86,34.45
891,171.87,65.81,34.45
501,171.87,65.82,34.57
44,171.91,65.82,34.6
69,171.95,65.82,34.6
55,171.93,65.82,34.6
44,171.93,65.81,34.62
33,171.91,65.79,34.61
29,171.92,65.81,34.62
1042,171.9,65.83,34.48
2807,171.87,65.8,34.49
1037,171.92,65.82,34.51
1424,171.89,65.78,34.49
613,171.95,65.82,34.51
224,171.95,65.82,34.54
799,171.92,65.82,34.54
6,171.92,65.81,34.66
17,171.92,65.81,34.64
54,171.91,65.79,34.7
17,171.92,65.81,34.7
6,171.92,65.81,34.68
83,171.85,65.75,34.6
61,171.86,65.76,34.6
55,171.88,65.75,34.6
30,171.88,65.75,34.62
462,171.87,65.8,34.57
47,171.89,65.79,34.6
55,171.88,65.78,34.6
1729,171.89,65.78,34.53
51,171.9,65.77,34.6
56,171.89,65.76,34.6
30,171.9,65.77,34.62
29,171.89,65.76,34.62
272600,171.81,65.77,34.72
223479,171.83,65.77,34.72
96230,171.81,65.77,34.71
86830,171.83,65.77,34.71
201994,171.83,65.76,34.72
97370,171.83,65.76,34.71
122446,171.84,65.77,34.72
54211,171.84,65.77,34.71
526931,171.81,65.77,34.74
469454,171.83,65.77,34.74
433888,171.81,65.77,34.73
370895,171.83,65.77,34.73
396710,171.83,65.76,34.74
314329,171.83,65.76,34.73
218462,171.84,65.77,34.73
300319,171.84,65.77,34.74
494326,171.81,65.77,34.77
433649,171.83,65.77,34.77
365753,171.81,65.77,34.78
300688,171.83,65.77,34.78
363834,171.83,65.76,34.77
252000,171.83,65.76,34.78
154013,171.84,65.77,34.78
263288,171.84,65.77,34.77
549640,171.81,65.77,34.76
496864,171.83,65.77,34.76
558715,171.81,65.77,34.75
506521,171.83,65.77,34.75
430561,171.83,65.76,34.75
420501,171.83,65.76,34.76
340587,171.84,65.77,34.75
328932,171.84,65.77,34.76
39140,171.82,65.75,34.7
29832,171.85,65.75,34.7
3165,171.82,65.75,34.68
2980,171.85,65.75,34.68
211,171.82,65.75,34.66
181,171.85,65.75,34.66
48,171.82,65.75,34.64
37,171.85,65.75,34.64
66,171.86,65.74,34.6
36,171.86,65.74,34.62
2241,171.86,65.75,34.53
1286,171.86,65.76,34.82
8069,171.86,65.76,34.8
330,171.86,65.76,34.85
278,171.86,65.76,34.83
356,171.89,65.78,34.85
219,171.91,65.8,34.85
390,171.88,65.78,34.85
277,171.91,65.81,34.84
442,171.89,65.78,34.83
456,171.88,65.78,34.83
368,171.91,65.81,34.82
475,171.9,65.79,34.82
488,171.89,65.78,34.82
505,171.89,65.78,34.81
362,171.88,65.77,34.82
416,171.88,65.78,34.82
523,171.88,65.77,34.81
434,171.88,65.78,34.81
715,171.88,65.77,34.8
1335,171.88,65.77,34.79
433,171.88,65.78,34.8
458,171.88,65.78,34.79
528,171.9,65.79,34.8
515,171.89,65.78,34.8
545,171.9,65.79,34.79
513,171.89,65.78,34.79
59079,171.86,65.76,34.74
25526,171.86,65.76,34.72
32538,171.86,65.76,34.78
69277,171.86,65.76,34.76
397,171.9,65.79,34.74
317,171.9,65.79,34.73
462,171.89,65.78,34.74
402,171.89,65.78,34.73
2305,171.88,65.77,34.74
2084,171.88,65.77,34.73
431,171.88,65.78,34.74
382,171.88,65.78,34.73
161,171.9,65.79,34.71
242,171.89,65.78,34.71
231,171.9,65.79,34.72
324,171.89,65.78,34.72
736,171.88,65.77,34.71
1083,171.88,65.77,34.72
255,171.88,65.78,34.71
308,171.88,65.78,34.72
2536,171.88,65.77,34.77
1563,171.88,65.77,34.78
461,171.88,65.78,34.78
467,171.88,65.78,34.77
555,171.9,65.79,34.78
519,171.89,65.78,34.78
538,171.9,65.79,34.77
521,171.89,65.78,34.77
511,171.9,65.79,34.76
519,171.89,65.78,34.76
461,171.9,65.79,34.75
500,171.89,65.78,34.75
3247,171.88,65.77,34.75
2378,171.88,65.77,34.76
466,171.88,65.78,34.76
468,171.88,65.78,34.75
56,171.88,65.75,34.66
23,171.88,65.75,34.64
2081,171.88,65.75,34.7
394,171.88,65.75,34.68
8,171.9,65.77,34.66
14,171.9,65.77,34.64
19,171.89,65.76,34.66
18,171.89,65.76,34.64
64,171.9,65.77,34.7
130,171.89,65.76,34.7
19,171.9,65.77,34.68
52,171.89,65.76,34.68
850,171.86,65.75,34.43
965,171.93,65.86,34.42
951,171.9,65.84,34.42
896,171.89,65.78,34.42
830,171.86,65.71,34.44
21,172.4,71.67,44.31
22,172.25,71.8,44.28
21,172.14,71.78,44.22
29,172.15,72.48,44.06
28,172.14,72.22,44.06
27,172.14,72.01,44.05
21,172.68,71.78,44.3
6,172.96,71.15,44.44
5,173.07,71.02,44.44
7,172.83,71.06,44.45
6,172.94,70.93,44.44
11,172.53,71.34,44.45
9,172.48,71.05,44.45
11,172.21,71.3,44.45
12,172.34,71.45,44.45
13,172.14,71.44,44.37
11,172.04,71.45,44.39
12,171.95,71.61,44.21
17,171.95,72.37,43.87
16,171.95,72.09,43.87
16,171.95,71.85,43.86
15,174.17,74.05,44.43
14,173.91,73.83,44.43
8,173.78,74,44.23
10,174.02,74.21,44.23
9,173.63,74.19,43.94
9,173.87,74.39,43.94
10,173.42,74.43,43.94
9,173.66,74.63,43.94
16,173.22,74.67,43.61
14,173.46,74.87,43.61
16,173.02,74.91,43.61
13,173.26,75.11,43.61
9,172.82,75.13,43.3
8,173.05,75.26,43.3
9,172.64,75.27,43.3
5,173,75.45,43.03
6,172.56,75.45,43.04
4,172.66,75.65,42.6
7,173.38,73.37,44.43
12,173.65,73.6,44.43
5,173.53,73.79,44.23
5,173.28,73.57,44.23
13,173.39,73.99,43.94
19,173.15,73.79,43.94
22,172.95,74.03,43.94
15,173.19,74.23,43.94
21,172.75,74.27,43.61
19,172.98,74.47,43.61
20,172.53,74.51,43.61
18,172.78,74.71,43.61
11,172.41,75.17,43.3
13,172.38,74.75,43.3
11,172.58,74.95,43.3
13,172.31,74.98,43.3
8,172.26,75.45,43.05
6,172.06,75.65,42.65
14,175.6,74.43,44.43
15,175.35,74.21,44.43
12,175.41,74.56,44.23
9,175.22,74.72,43.94
10,174.78,74.76,43.94
9,175.02,74.96,43.94
8,174.38,75.21,43.61
5,174.17,75.3,43.3
6,174.82,75.18,43.61
7,174.58,75,43.61
7,174.62,75.29,43.61
5,174.81,75.45,43.36
5,174.6,75.45,43.36
5,174.35,75.45,43.36
3,174.13,75.45,43.08
4,174.79,75.64,43.09
4,174.58,75.64,43.09
4,174.29,75.64,43.08
11,176.52,74.35,44.43
11,176.31,74.62,44.43
10,176.1,74.73,44.23
12,176.27,74.13,44.43
12,176.06,74.4,44.43
11,175.86,74.52,44.23
8,175.9,74.88,43.94
8,175.66,74.68,43.94
5,175.7,75.11,43.61
5,175.46,74.92,43.61
6,175.26,75.14,43.61
6,175.49,75.26,43.61
5,175.49,75.45,43.37
6,175.48,75.64,43.13
5,175.06,75.64,42.61
4,175.09,75.45,43.03
4,175.08,75.27,43.3
15,175.1,73.98,44.43
13,175.17,74.35,44.23
15,174.89,74.24,44.43
10,174.98,74.52,43.94
13,174.72,74.39,44.23
16,174.84,73.75,44.43
15,174.63,74.01,44.43
13,174.47,74.17,44.23
11,174.31,74.35,43.94
11,174.54,74.55,43.94
12,174.1,74.59,43.61
9,174.34,74.79,43.61
11,173.9,74.83,43.61
9,174.14,75.03,43.61
6,173.95,75.23,43.3
7,173.7,75.08,43.3
7,173.49,75.25,43.3
3,173.88,75.45,43.03
4,173.46,75.45,43.02
3,173.63,75.64,42.58
10,176.73,74.08,44.43
11,176.48,73.86,44.43
2,179.09,74.95,44.23
4,178.7,74.66,44.43
8,177.24,74.53,44.43
9,176.98,74.31,44.43
3,178.71,75.64,42.62
7,177.73,74.73,44.43
4,178.17,75,44.23
2,178.65,75.45,43.21
2,178.59,75.17,43.78
7,177,74.65,44.23
8,176.76,74.44,44.23
8,176.8,74.9,44.23
7,176.58,75.05,43.94
9,176.55,74.69,44.23
7,176.34,74.84,43.94
6,176.14,75.09,43.61
8,176.39,75.64,43.15
7,176.37,75.24,43.61
7,176.38,75.45,43.38
8,175.95,75.64,42.62
5,175.93,75.25,43.3
6,175.94,75.45,43.05
7,177.05,75.29,43.94
7,176.82,75.21,43.94
7,177.27,75.08,44.23
7,177.32,75.64,43.44
7,177.29,75.45,43.89
6,177.77,75.64,42.62
5,177.77,75.45,43.21
5,177.74,75.2,43.78
6,177.05,75.29,43.61
6,176.83,75.21,43.61
9,176.95,75.64,42.61
7,176.92,75.45,43.21
2,180.19,75.65,39.87
4,173.05,70.8,44.44
3,173.18,70.89,44.44
3,173.16,70.67,44.44
2,173.29,70.76,44.44
5,173.09,71.23,44.44
5,173.21,71.32,44.44
4,173.32,71.19,44.44
4,173.19,71.1,44.44
4,173.43,71.06,44.44
3,173.3,70.97,44.44
5,173.54,70.93,44.44
3,173.41,70.84,44.44
5,173.17,72.43,44.43
6,173.28,72.31,44.43
6,173.15,71.94,44.44
6,173.27,72.07,44.44
7,173.39,71.95,44.44
5,173.27,71.82,44.44
8,173.5,71.84,44.43
6,173.38,71.73,44.44
10,173.61,71.75,44.43
7,173.49,71.66,44.43
8,172.91,71.7,44.44
6,173.03,71.82,44.44
6,173.02,71.61,44.44
5,173.14,71.71,44.44
5,173.13,71.55,44.44
5,173.25,71.64,44.44
5,173.23,71.49,44.44
5,173.36,71.58,44.43
16,173.05,72.22,44.26
13,173.15,72.1,44.26
12,173.17,72.33,44.25
9,173.27,72.21,44.25
18,172.92,71.99,44.28
19,172.95,72.46,44.25
23,172.71,72.24,44.27
28,172.37,71.87,44.13
27,172.48,71.74,44.15
30,172.55,72.06,44.14
31,172.41,72.61,44.13
26,172.29,72.76,44.25
27,172.85,72.66,44.11
31,172.58,72.48,44.13
26,172.53,72.94,44.24
29,172.15,72.7,44.06
17,171.95,72.62,43.87
34,172.38,72.31,43.93
33,172.28,72.1,43.93
33,172.3,72.54,43.94
32,172.44,73.19,43.94
32,172.32,72.98,43.95
31,172.33,73.44,43.94
27,172.15,73.45,43.71
27,172.15,73.17,43.71
28,172.15,72.95,43.71
22,171.96,73.45,43.49
22,171.95,73.14,43.5
21,171.95,72.9,43.51
7,173.33,72.91,44.43
5,173.13,72.73,44.43
14,173.07,72.68,44.23
11,173.18,72.56,44.24
8,173.23,73.12,44.23
18,172.94,73,44.23
13,173.09,72.92,44.23
22,173.02,72.79,44.1
12,173.02,73.36,44.23
21,172.77,73.15,44.23
26,172.91,73.59,43.94
30,172.67,73.39,43.94
30,172.48,73.63,43.94
27,172.71,73.83,43.94
22,172.5,74.07,43.61
24,172.35,73.86,43.61
22,172.36,74.3,43.61
17,172.15,73.9,43.37
16,172.15,74.37,43.37
11,172.15,74.8,43.05
10,172.15,75.31,43.05
11,172.15,75.08,43.05
13,171.96,73.94,43.12
12,171.96,74.46,43.13
9,171.96,75.16,42.62
17,172.89,71.56,44.29
11,173.1,71.37,44.27
14,172.85,71.18,44.29
76,172.97,75.65,34.81
60,172.8,75.42,34.58
67,172.77,75.65,35.61
37,173.68,75.41,34.59
59,173.69,75.64,34.91
42,175.07,75.64,34.88
26,175.06,75.57,34.59
31,175.96,75.64,34.87
20,175.95,75.55,34.59
18,176.89,75.64,34.9
12,176.84,75.52,34.59
8,177.75,75.64,34.92
5,177.75,75.47,34.59
2,178.51,75.65,34.91
63,173.71,75.64,35.59
52,175.07,75.64,35.53
41,175.96,75.64,35.53
26,176.91,75.64,35.56
13,177.7,75.64,35.59
5,178.46,75.65,35.63
5,178.93,75.66,36.38
3,180.15,75.64,38.31
3,180.14,75.64,38
3,179.87,75.67,37.27
3,180.03,75.67,37.29
6,178.98,75.66,36.97
60,172.36,75.54,34.58
89,172.66,75.65,35.1
74,172.48,75.62,34.76
91,172.11,75.67,35.11
96,171.92,75.65,35.11
83,172.14,75.63,34.77
85,171.92,75.65,34.74
63,172.09,75.66,35.79
76,172.09,75.66,35.45
66,171.92,75.65,35.79
79,171.92,75.65,35.46
374,172.37,75,34.58
154,172.08,75.49,34.57
334,171.83,65.8,34.91
489,171.81,65.8,34.91
1029,171.77,65.81,34.87
719,171.8,65.78,34.89
831,171.78,65.8,34.89
859,171.8,65.78,34.87
972,171.78,65.81,34.88
507839,171.81,65.76,34.76
517940,171.81,65.76,34.75
347667,171.79,65.77,34.76
362206,171.79,65.77,34.75
511173,171.8,65.77,34.76
522644,171.8,65.77,34.75
460132,171.81,65.76,34.77
346061,171.81,65.76,34.78
275601,171.79,65.77,34.77
159059,171.79,65.77,34.78
448973,171.8,65.77,34.77
311485,171.8,65.77,34.78
492638,171.81,65.76,34.74
407058,171.81,65.76,34.73
315590,171.79,65.77,34.74
216750,171.79,65.77,34.73
489463,171.8,65.77,34.74
383351,171.8,65.77,34.73
271074,171.81,65.76,34.72
107316,171.81,65.76,34.71
85240,171.79,65.77,34.72
13968,171.79,65.77,34.71
215859,171.8,65.77,34.72
55754,171.8,65.77,34.71
180176,171.78,65.76,34.77
101873,171.78,65.76,34.78
73940,171.77,65.77,34.77
30425,171.77,65.77,34.78
242590,171.78,65.76,34.75
231309,171.78,65.76,34.76
117927,171.77,65.77,34.75
109158,171.77,65.77,34.76
3198,171.76,65.77,34.78
4667,171.76,65.77,34.77
1553,171.75,65.78,34.78
1733,171.75,65.78,34.77
5536,171.76,65.77,34.76
5823,171.76,65.77,34.75
1947,171.75,65.78,34.76
2150,171.75,65.78,34.75
50287,171.78,65.76,34.72
8392,171.78,65.76,34.71
9088,171.77,65.77,34.72
3263,171.77,65.77,34.71
207258,171.78,65.76,34.74
133492,171.78,65.76,34.73
91385,171.77,65.77,34.74
40536,171.77,65.77,34.73
3035,171.76,65.77,34.72
2737,171.76,65.77,34.71
2593,171.75,65.78,34.72
2662,171.75,65.78,34.71
5372,171.76,65.77,34.74
3907,171.76,65.77,34.73
2373,171.75,65.78,34.74
2487,171.75,65.78,34.73
1533,171.74,65.8,34.78
1654,171.74,65.8,34.77
1489,171.73,65.82,34.78
1602,171.72,65.82,34.77
1827,171.74,65.8,34.76
2018,171.74,65.8,34.75
1966,171.72,65.82,34.75
1763,171.72,65.82,34.76
1590,171.75,65.79,34.78
1748,171.75,65.79,34.77
1556,171.74,65.8,34.78
1693,171.74,65.8,34.77
1930,171.75,65.79,34.76
2126,171.75,65.79,34.75
1864,171.74,65.8,34.76
2059,171.74,65.8,34.75
2614,171.74,65.8,34.72
2678,171.73,65.8,34.71
2599,171.73,65.81,34.72
2682,171.73,65.81,34.71
2619,171.75,65.79,34.72
2689,171.75,65.79,34.71
2624,171.74,65.8,34.72
2696,171.74,65.8,34.71
2284,171.74,65.8,34.74
2435,171.74,65.8,34.73
2243,171.72,65.82,34.74
2406,171.73,65.82,34.73
2361,171.75,65.79,34.74
2499,171.75,65.79,34.73
2325,171.74,65.8,34.74
2473,171.74,65.8,34.73
1302,171.75,65.8,34.82
1274,171.75,65.79,34.82
1232,171.76,65.8,34.83
1215,171.76,65.81,34.84
1302,171.74,65.81,34.82
1255,171.75,65.81,34.83
1352,171.73,65.81,34.81
1352,171.73,65.81,34.81
1360,171.74,65.79,34.81
1303,171.73,65.81,34.82
1324,171.75,65.79,34.81
1405,171.73,65.8,34.8
1462,171.74,65.8,34.79
1381,171.73,65.81,34.8
1430,171.73,65.81,34.79
1403,171.74,65.8,34.8
1387,171.75,65.79,34.8
1472,171.75,65.79,34.79
1473,171.74,65.8,34.79
729,171.81,65.77,34.85
661,171.81,65.76,34.84
868,171.81,65.76,34.83
757,171.8,65.77,34.84
881,171.8,65.77,34.83
3262,171.81,65.76,34.82
12577,171.81,65.76,34.81
1019,171.79,65.77,34.82
1982,171.79,65.77,34.81
1897,171.8,65.77,34.82
7042,171.8,65.77,34.81
188336,171.81,65.76,34.79
63100,171.81,65.76,34.8
7685,171.79,65.77,34.8
46406,171.79,65.77,34.79
135314,171.8,65.77,34.79
35154,171.8,65.77,34.8
969,171.79,65.78,34.85
1069,171.78,65.79,34.85
1122,171.77,65.81,34.85
869,171.79,65.77,34.84
931,171.79,65.77,34.83
1000,171.78,65.78,34.84
1025,171.78,65.78,34.83
1102,171.77,65.79,34.84
1137,171.77,65.78,34.82
1130,171.77,65.79,34.83
1155,171.77,65.79,34.84
1216,171.76,65.79,34.82
1200,171.77,65.79,34.83
1114,171.78,65.76,34.82
2096,171.78,65.76,34.81
1054,171.77,65.77,34.82
1309,171.77,65.77,34.81
28455,171.78,65.76,34.79
7288,171.78,65.76,34.8
6901,171.77,65.77,34.79
2612,171.77,65.77,34.8
1236,171.76,65.77,34.81
1261,171.75,65.78,34.81
1395,171.76,65.77,34.8
1934,171.76,65.77,34.79
1315,171.75,65.78,34.8
1404,171.75,65.78,34.79
3011,171.75,65.82,34.6
3047,171.75,65.79,34.61
2940,171.74,65.81,34.62
5479,171.79,65.84,34.48
5534,171.81,65.82,34.51
5476,171.76,65.83,34.5
6447,171.79,65.87,34.45
5798,171.76,65.86,34.48
5638,171.73,65.86,34.5
4856,171.79,65.84,34.45
4790,171.81,65.82,34.54
920,171.79,65.76,34.64
732,171.79,65.76,34.66
9909,171.79,65.76,34.7
935,171.79,65.76,34.68
2399,171.78,65.77,34.64
2971,171.77,65.78,34.64
2130,171.78,65.77,34.66
2828,171.77,65.78,34.66
2731,171.76,65.76,34.68
2716,171.76,65.76,34.7
2815,171.75,65.77,34.68
2722,171.75,65.77,34.69
2718,171.75,65.77,34.7
2748,171.75,65.77,34.69
2703,171.75,65.77,34.7
834,171.84,65.78,34.57
197,171.82,65.75,34.6
443,171.81,65.77,34.6
1211,171.79,65.76,34.6
2036,171.81,65.8,34.57
1615,171.79,65.78,34.6
3560,171.78,65.82,34.58
3094,171.78,65.8,34.6
2779,171.78,65.77,34.6
3371,171.77,65.79,34.6
3178,171.76,65.76,34.62
3237,171.75,65.77,34.62
3842,171.84,65.78,34.53
4685,171.81,65.8,34.49
4131,171.81,65.82,34.48
4532,171.81,65.8,34.53
3192,171.84,65.78,34.49
977,171.81,65.76,34.46
1551,171.83,65.73,34.49
933,171.8,65.71,34.47
2889,171.74,65.81,34.64
2848,171.75,65.79,34.66
2874,171.74,65.81,34.66
2861,171.71,65.81,34.68
2815,171.74,65.79,34.68
2861,171.72,65.81,34.67
2755,171.73,65.79,34.71
2803,171.72,65.81,34.7
2761,171.74,65.78,34.69
2725,171.74,65.78,34.7
2778,171.73,65.79,34.69
2745,171.73,65.79,34.7
176,171.81,65.74,34.64
307,171.81,65.74,34.66
44491,171.81,65.74,34.7
3349,171.81,65.74,34.68
2030,171.78,65.74,34.62
113,171.83,65.74,34.6
407,171.81,65.74,34.6
48,171.83,65.74,34.62
254,171.81,65.74,34.62
530,171.81,65.77,34.89
664,171.81,65.77,34.87
337,171.83,65.77,34.89
465,171.83,65.77,34.87
314,171.82,65.75,34.85
873,171.82,65.75,34.83
173,171.85,65.75,34.85
371,171.85,65.75,34.83
18329,171.82,65.75,34.82
150263,171.82,65.75,34.8
6795,171.85,65.75,34.82
55525,171.85,65.75,34.8
5769,171.7,65.88,34.5
6929,171.71,65.89,34.49
5499,171.79,65.89,34.42
7450,171.76,65.89,34.45
7815,171.71,65.89,34.45
1966,171.79,65.85,34.42
975,171.81,65.82,34.42
1389,171.78,65.79,34.45
827,171.8,65.71,34.44
870,171.81,65.76,34.43
177,171.86,65.8,34.91
227,171.85,65.8,34.92
98,171.86,65.79,34.93
167,171.86,65.76,34.89
262,171.86,65.76,34.87
163,171.87,65.77,34.89
136,171.89,65.8,34.89
168,171.9,65.8,34.87
210,171.89,65.8,34.88
266,171.88,65.77,34.87
198,171.92,65.81,34.83
492,171.9,65.79,34.81
473,171.91,65.79,34.8
469,171.91,65.79,34.79
251,171.92,65.81,34.81
239,171.92,65.81,34.8
75,171.92,65.81,34.74
288,171.91,65.79,34.74
221,171.91,65.79,34.73
100,171.91,65.79,34.71
150,171.91,65.79,34.72
35,171.92,65.81,34.72
460,171.91,65.79,34.78
438,171.91,65.79,34.77
195,171.92,65.81,34.78
132,171.92,65.81,34.76
401,171.91,65.79,34.76
352,171.91,65.79,34.75
734,172.06,65.88,34.5
809,172.07,65.89,34.49
887,172.01,65.89,34.49
862,172.01,65.88,34.5
962,171.96,65.89,34.45
881,171.96,65.87,34.48
864,171.98,65.86,34.5
805,171.86,65.75,34.46
645,171.89,65.72,34.49
667,171.86,65.71,34.47
888,171.93,65.85,34.45
800,171.95,65.83,34.48
846,171.98,65.83,34.5
818,171.92,65.81,34.48
874,171.9,65.83,34.45
785,171.89,65.78,34.45
159,172.01,65.82,34.54
83,171.95,65.82,34.57
89,171.92,65.82,34.57
51,171.91,65.8,34.6
75,171.95,65.8,34.6
63,171.96,65.81,34.62
77,171.96,65.82,34.6
60,171.93,65.8,34.6
56,171.92,65.79,34.6
46,171.95,65.81,34.62
49,171.93,65.79,34.62
36,171.92,65.79,34.62
883,171.92,65.8,34.49
695,171.92,65.75,34.49
655,171.95,65.81,34.5
601,171.98,65.82,34.51
164,171.98,65.82,34.54
293,171.95,65.8,34.53
619,171.92,65.8,34.53
21,171.95,65.8,34.66
34,171.95,65.81,34.64
10,171.93,65.8,34.66
9,171.92,65.78,34.66
22,171.93,65.81,34.64
19,171.92,65.78,34.64
27,171.92,65.78,34.7
9,171.92,65.78,34.68
9,171.94,65.8,34.7
4,171.94,65.8,34.68
310,171.86,65.75,34.57
74,171.89,65.73,34.6
42,171.89,65.73,34.62
209,171.89,65.78,34.57
473,171.92,65.75,34.53
71,171.92,65.76,34.6
73,171.9,65.75,34.6
43,171.92,65.76,34.62
42,171.9,65.75,34.62
218717,171.82,65.75,34.72
108263,171.85,65.75,34.72
425442,171.82,65.75,34.74
219689,171.85,65.75,34.74
383615,171.82,65.75,34.78
181471,171.85,65.75,34.78
478547,171.82,65.75,34.76
260765,171.85,65.75,34.76
66360,171.83,65.74,34.7
20631,171.86,65.74,34.7
7530,171.83,65.74,34.68
2246,171.86,65.74,34.68
551,171.83,65.74,34.66
131,171.86,65.74,34.66
68,171.83,65.74,34.64
38,171.86,65.74,34.64
78,171.85,65.72,34.6
66,171.87,65.72,34.6
100,171.85,65.72,34.62
53,171.87,65.72,34.62
2469,171.83,65.73,34.53
584,171.86,65.7,34.49
543,171.89,65.72,34.53
261,171.88,65.75,34.82
3248,171.88,65.75,34.8
104,171.88,65.75,34.85
106,171.88,65.75,34.83
116,171.92,65.8,34.86
186,171.9,65.77,34.85
188,171.89,65.76,34.85
256,171.9,65.77,34.83
219,171.89,65.76,34.83
308,171.9,65.77,34.82
212,171.89,65.76,34.82
294,171.89,65.76,34.8
320,171.9,65.77,34.8
14328,171.88,65.75,34.74
7393,171.88,65.75,34.72
9231,171.88,65.75,34.78
15541,171.88,65.75,34.76
234,171.9,65.77,34.74
420,171.89,65.76,34.74
144,171.9,65.77,34.72
267,171.89,65.76,34.72
394,171.89,65.76,34.78
323,171.9,65.77,34.78
298,171.9,65.77,34.76
475,171.89,65.76,34.76
35,171.89,65.73,34.66
30,171.89,65.73,34.64
517,171.89,65.73,34.7
128,171.89,65.73,34.68
12,171.92,65.76,34.66
22,171.92,65.76,34.64
16,171.9,65.75,34.66
26,171.9,65.75,34.64
27,171.92,65.76,34.7
40,171.9,65.75,34.7
13,171.92,65.76,34.68
23,171.9,65.75,34.68
968,171.96,65.88,34.42
847,171.89,65.72,34.43
940,171.95,65.83,34.42
917,171.92,65.8,34.42
869,171.92,65.75,34.42
524,171.83,65.67,34.5
749,171.86,65.69,34.44
748,171.91,65.68,34.44
18,172.65,71.37,44.3
17,172.34,71.38,44.32
20,172.47,71.54,44.31
21,172.28,71.58,44.24
20,172.2,71.62,44.23
24,172.14,71.79,44.04
29,172.15,72.48,43.71
30,172.14,72.22,43.71
29,172.14,72,43.71
27,172.75,71.82,44.14
26,172.54,71.59,44.16
23,172.42,71.42,44.16
14,172.61,70.99,44.3
11,172.94,70.97,44.29
8,173.04,70.85,44.28
10,173.06,71.07,44.28
7,173.17,70.94,44.28
5,172.8,70.63,44.45
3,172.91,70.5,44.45
5,172.92,70.71,44.45
3,173.03,70.58,44.44
5,172.66,70.42,44.45
7,172.7,70.87,44.45
10,172.3,71.17,44.45
10,172.2,71.02,44.45
9,172.28,70.89,44.45
12,172.17,71.3,44.37
13,172.17,71.41,44.37
15,172.13,71.44,44.13
13,172.02,71.45,44.17
13,171.95,71.61,43.86
18,171.95,72.37,43.52
16,171.95,72.09,43.52
15,171.95,71.85,43.52
16,174.59,73.53,44.43
16,174.34,73.32,44.43
15,174.38,73.79,44.43
12,174.23,73.96,44.23
15,174.13,73.57,44.43
10,173.98,73.76,44.23
9,173.83,73.95,43.94
9,174.07,74.15,43.94
17,173.63,74.19,43.61
15,173.87,74.39,43.61
17,173.42,74.43,43.61
14,173.66,74.63,43.61
10,173.22,74.67,43.3
9,173.46,74.87,43.3
9,173.02,74.91,43.3
8,173.26,75.11,43.3
6,172.82,75.13,42.99
5,173.05,75.26,42.99
6,172.64,75.27,42.99
4,172.78,75.45,42.55
4,172.65,75.65,41.95
14,173.83,72.89,44.43
16,174.09,73.11,44.43
11,173.6,73.14,44.43
6,173.48,73.34,44.23
14,173.87,73.36,44.43
8,173.74,73.55,44.23
10,173.59,73.75,43.94
15,173.35,73.55,43.94
20,173.39,73.99,43.61
23,173.15,73.79,43.61
22,172.95,74.03,43.61
20,173.19,74.23,43.61
13,172.75,74.27,43.3
12,172.98,74.47,43.3
13,172.53,74.51,43.3
11,172.78,74.71,43.3
9,172.38,74.75,42.99
8,172.58,74.95,42.99
10,172.31,74.98,42.99
8,172.41,75.17,42.99
6,172.24,75.45,42.58
5,172.04,75.65,41.96
2,180.19,75.65,39.56
2,180.18,75.65,39.14
2,180.19,75.65,39.3
3,180.16,75.64,38.61
3,180.17,75.64,38.92
13,176.02,73.91,44.43
13,175.81,74.17,44.43
12,175.62,74.31,44.23
14,175.77,73.68,44.43
14,175.56,73.94,44.43
13,175.37,74.1,44.23
8,175.43,74.48,43.94
5,175.22,74.72,43.61
7,174.78,74.76,43.61
6,175.02,74.96,43.61
4,174.38,75.21,43.3
3,174.15,75.31,43.07
4,174.82,75.18,43.3
4,174.58,75,43.3
4,174.62,75.29,43.3
3,174.81,75.45,43.03
3,174.6,75.45,43.03
3,174.32,75.45,43.02
4,174.49,75.64,42.59
9,176.51,74.23,44.23
9,176.31,74.48,44.23
7,176.1,74.64,43.94
9,176.27,74.02,44.23
10,176.06,74.27,44.23
7,175.87,74.44,43.94
5,175.9,74.88,43.61
4,175.66,74.68,43.61
4,175.7,75.11,43.3
3,175.46,74.92,43.3
4,175.26,75.14,43.3
4,175.49,75.26,43.3
5,175.49,75.45,43.04
6,175.48,75.64,42.6
6,175.05,75.64,41.94
3,175.07,75.45,42.56
3,175.08,75.27,42.99
15,175.52,73.46,44.43
16,175.27,73.24,44.43
15,175.31,73.72,44.43
16,175.06,73.49,44.43
13,175.13,73.89,44.23
10,175.19,74.28,43.94
14,174.92,74.14,44.23
6,174.98,74.52,43.61
11,174.75,74.32,43.94
14,174.88,73.68,44.23
14,174.68,73.93,44.23
12,174.51,74.11,43.94
12,174.31,74.35,43.61
9,174.54,74.55,43.61
8,174.1,74.59,43.3
6,174.34,74.79,43.3
7,173.9,74.83,43.3
5,174.14,75.03,43.3
3,173.95,75.23,42.99
4,173.49,75.25,42.99
4,173.7,75.08,42.99
2,173.67,75.45,42.54
3,173.65,75.64,41.93
14,175.94,72.95,44.43
15,175.69,72.74,44.43
14,175.73,73.2,44.43
15,175.48,72.99,44.43
11,176.44,73.38,44.43
12,176.19,73.16,44.43
12,176.23,73.64,44.43
13,175.98,73.42,44.43
9,176.94,73.82,44.43
10,176.69,73.6,44.43
8,176.72,73.98,44.23
9,176.47,73.77,44.23
3,179.14,74.14,44.43
2,179.39,75.64,41.8
2,179.39,75.64,42.13
7,177.45,74.26,44.43
8,177.19,74.04,44.43
3,178.59,74.52,44.23
5,178.16,74.21,44.43
3,178.69,75.64,41.95
7,177.21,74.4,44.23
7,176.96,74.19,44.23
2,178.64,75.45,42.56
5,177.68,74.59,44.23
3,178.12,74.9,43.78
10,175.96,75.64,41.94
6,177.75,75.64,41.95
10,176.93,75.64,41.95
5,176.99,74.56,43.94
5,176.75,74.36,43.94
6,176.78,74.8,43.94
6,176.58,75.06,43.61
6,176.55,74.6,43.94
5,176.34,74.84,43.61
9,176.38,75.64,42.63
5,176.14,75.09,43.3
6,176.37,75.24,43.3
8,176.38,75.45,43.05
7,175.95,75.45,42.56
5,175.93,75.25,42.99
6,177.29,75.45,43.32
5,177.24,74.97,43.78
5,177.73,75.45,42.56
3,177.72,75.2,43.14
8,176.93,75.45,42.55
6,176.87,75.22,43.14
2,179.71,75.65,40.82
2,179.72,75.64,40.5
2,179.98,75.64,40.5
2,179.38,75.64,41.14
2,179.38,75.64,41.47
3,178.68,75.64,41.3
2,179.72,75.64,40.19
3,179.7,75.64,39.87
2,179.97,75.64,40.19
2,179.96,75.65,39.87
7,173.65,70.8,44.43
9,173.76,70.67,44.43
4,173.52,70.71,44.44
6,173.63,70.58,44.44
8,173.85,70.32,44.43
10,173.87,70.54,44.43
7,173.74,70.45,44.43
2,173.27,70.54,44.44
2,173.38,70.41,44.44
3,173.39,70.62,44.44
3,173.5,70.49,44.44
5,173.15,70.72,44.28
4,173.27,70.82,44.27
3,173.25,70.6,44.27
3,173.37,70.7,44.27
3,173.59,70.15,44.44
5,173.72,70.23,44.43
2,173.49,70.28,44.44
4,173.61,70.36,44.44
14,173.87,71.71,44.43
12,173.72,71.66,44.43
9,173.59,71.58,44.43
13,173.83,71.54,44.43
11,173.7,71.45,44.43
12,173.81,71.32,44.43
14,173.93,71.41,44.43
5,173.34,71.4,44.44
6,173.47,71.49,44.44
8,173.57,71.36,44.44
5,173.45,71.28,44.44
8,173.19,71.16,44.28
7,173.31,71.26,44.27
5,173.41,71.13,44.26
6,173.29,71.04,44.27
10,173.68,71.23,44.43
11,173.79,71.1,44.43
7,173.56,71.15,44.44
8,173.67,71.02,44.43
5,173.52,71.01,44.26
4,173.39,70.92,44.27
6,173.62,70.89,44.25
4,173.5,70.79,44.26
10,173.55,72.1,44.43
7,173.4,72.2,44.43
7,173.35,72.5,44.43
9,173.28,72.44,44.24
7,173.39,72.32,44.24
14,173.88,71.92,44.43
11,173.62,71.95,44.43
13,173.74,71.85,44.43
13,173.75,72.07,44.43
10,173.56,72.67,44.43
9,173.26,71.98,44.26
8,173.38,72.09,44.25
7,173.48,71.97,44.25
7,173.36,71.86,44.26
8,173.59,71.85,44.25
7,173.47,71.75,44.26
9,173.7,71.75,44.24
7,173.57,71.65,44.25
15,173.02,71.76,44.28
12,173.14,71.87,44.27
12,173.12,71.65,44.27
9,173.24,71.75,44.27
9,173.23,71.56,44.27
7,173.35,71.65,44.26
7,173.33,71.46,44.26
6,173.45,71.55,44.26
21,173.12,72.24,44.11
17,173.22,72.12,44.12
18,173.24,72.34,44.11
13,173.34,72.22,44.11
24,172.99,72.02,44.13
23,173.02,72.46,44.11
28,172.79,72.26,44.13
32,172.36,71.88,43.93
32,172.48,71.74,43.93
34,172.55,72.07,43.93
33,172.41,72.75,43.95
31,172.83,72.71,43.94
34,172.59,72.51,43.93
32,172.63,72.95,43.95
28,172.15,72.7,43.71
20,171.95,72.62,43.52
33,172.38,72.31,43.61
33,172.28,72.09,43.61
31,172.3,72.54,43.61
27,172.44,73.19,43.61
28,172.32,72.98,43.61
26,172.33,73.44,43.61
18,172.15,73.45,43.38
19,172.15,73.18,43.38
20,172.15,72.96,43.38
12,171.96,73.45,43.13
13,171.95,73.15,43.14
14,171.95,72.9,43.14
7,173.44,72.88,44.23
9,173.25,72.72,44.23
19,173.14,72.66,44.1
16,173.24,72.54,44.1
18,173.31,73.11,43.94
26,173.07,72.91,43.94
23,173.11,73.35,43.94
29,172.87,73.15,43.94
26,172.91,73.59,43.61
26,172.67,73.39,43.61
25,172.48,73.63,43.61
24,172.71,73.83,43.61
13,172.5,74.07,43.3
14,172.35,73.86,43.3
13,172.36,74.3,43.3
10,172.15,73.9,43.04
10,172.15,74.37,43.04
8,172.15,75.02,42.56
9,171.96,74.18,42.61
8,171.96,75.15,41.95
22,172.95,71.59,44.14
15,173.15,71.35,44.13
23,172.71,71.39,44.15
18,172.91,71.15,44.14
5,173.91,69.74,44.43
9,173.98,70.15,44.43
7,173.96,69.93,44.43
4,173.81,69.88,44.43
4,173.7,70.01,44.43
6,173.83,70.1,44.43
718,172.01,74.48,34.55
422,171.92,74.48,34.92
138,173.01,75.46,34.95
148,172.83,75.3,34.76
244,173.23,75.03,34.59
691,172.71,74.49,34.58
44,172.77,75.65,36.26
92,172.81,75.46,35.63
2,180.27,75.55,37.99
2,180.27,75.55,38.3
150,174.11,74.99,34.59
101,173.69,75.26,34.78
31,174.6,75.37,34.59
104,173.7,75.45,35.04
50,174.52,75.64,34.89
37,175.48,75.64,34.87
74,175.07,75.45,35.03
47,175.06,75.39,34.78
27,175.48,75.34,34.59
27,176.37,75.64,34.88
54,175.96,75.45,35.02
39,175.95,75.36,34.79
28,176.36,75.28,34.59
33,176.89,75.45,35.04
14,177.27,75.64,34.8
29,176.84,75.34,34.79
24,177.25,75.19,34.59
7,178.14,75.08,34.59
13,177.75,75.3,34.78
15,177.74,75.45,35.04
2,178.51,75.47,35.03
89,173.71,75.44,35.62
49,173.71,75.64,36.26
58,174.54,75.64,35.56
47,175.07,75.64,36.23
49,175.48,75.64,35.53
81,175.07,75.44,35.6
40,175.96,75.64,36.23
36,176.37,75.64,35.54
63,175.96,75.44,35.6
28,176.91,75.64,36.24
40,176.91,75.44,35.61
17,177.7,75.64,36.26
20,177.71,75.44,35.63
2,179.09,75.67,36.19
4,178.5,75.48,35.65
7,178.47,75.65,36.26
3,179.01,75.52,36.37
5,179.54,75.64,38.32
4,179.83,75.64,38.32
2,179.99,75.45,38.3
3,180.09,75.66,37.53
3,180.1,75.65,37.74
4,179.88,75.67,37.41
4,179.89,75.66,37.59
4,179.83,75.64,38.02
2,179.99,75.45,37.99
5,179.54,75.64,38.03
2,180.22,75.66,37.44
2,179.46,75.67,37.28
4,179.17,75.67,36.98
10,178.47,75.65,36.94
5,179.05,75.53,36.92
8,179,75.65,37.52
289,171.92,74.48,35.63
47,172.1,75.66,36.11
48,171.92,75.65,36.12
37,172.1,75.67,36.42
37,171.92,75.65,36.45
104,171.9,75.62,35.11
116,172.45,75.41,34.74
156,172.54,75.48,34.86
157,172.71,75.48,35.15
164,172.2,75.53,35.15
173,172.03,75.54,35.15
161,172.22,75.53,34.85
152,172.03,75.54,34.82
86,171.9,75.62,34.75
436,171.94,74.75,35
79,172.19,75.52,35.8
119,172.19,75.52,35.47
247,171.91,74.75,35.63
80,172.03,75.54,35.8
69,171.9,75.62,35.8
118,172.03,75.54,35.48
86,171.9,75.62,35.46
390,172.42,74.99,34.72
227,172.18,75.43,34.7
289,172.09,75.15,34.59
167,171.99,75.44,34.56
138,171.85,65.79,34.93
216,171.83,65.76,34.91
361,171.81,65.76,34.91
202,171.83,65.8,34.93
393,171.82,65.8,34.92
333,171.81,65.8,34.93
545,171.79,65.8,34.92
668,171.78,65.8,34.91
496,171.79,65.76,34.89
590,171.79,65.76,34.87
788,171.75,65.8,34.91
913,171.75,65.8,34.89
967,171.77,65.78,34.87
1037,171.75,65.8,34.87
714,171.78,65.77,34.89
871,171.76,65.8,34.9
851,171.78,65.77,34.87
397764,171.79,65.76,34.76
298984,171.79,65.76,34.78
338869,171.79,65.76,34.74
133882,171.79,65.76,34.72
46783,171.76,65.76,34.78
82297,171.76,65.76,34.76
2506,171.75,65.77,34.78
3304,171.75,65.77,34.77
1551,171.75,65.77,34.78
1682,171.75,65.77,34.77
3526,171.75,65.77,34.76
3613,171.75,65.77,34.75
1916,171.75,65.77,34.76
2064,171.75,65.77,34.75
8935,171.76,65.76,34.72
56279,171.76,65.76,34.74
2862,171.75,65.77,34.72
2615,171.75,65.77,34.71
2530,171.75,65.77,34.72
2609,171.75,65.77,34.71
3709,171.75,65.77,34.74
3174,171.75,65.77,34.73
2282,171.75,65.77,34.74
2392,171.75,65.77,34.73
1542,171.73,65.8,34.78
1673,171.73,65.8,34.77
1542,171.71,65.81,34.78
1833,171.73,65.8,34.76
2022,171.73,65.8,34.75
1862,171.71,65.81,34.76
1587,171.74,65.78,34.78
1742,171.74,65.78,34.77
1566,171.73,65.79,34.78
1709,171.73,65.79,34.77
1912,171.74,65.78,34.76
2100,171.74,65.78,34.75
1859,171.73,65.79,34.76
2045,171.73,65.79,34.75
2590,171.73,65.8,34.72
2670,171.73,65.79,34.71
2635,171.71,65.81,34.72
2581,171.74,65.78,34.72
2652,171.74,65.78,34.71
2594,171.73,65.79,34.72
2668,171.73,65.79,34.71
2269,171.73,65.8,34.74
2416,171.73,65.8,34.73
2325,171.71,65.81,34.74
2322,171.74,65.78,34.74
2453,171.74,65.78,34.73
2299,171.73,65.79,34.74
2435,171.73,65.79,34.73
1169,171.74,65.81,34.85
1182,171.75,65.79,34.84
1297,171.74,65.79,34.82
1267,171.75,65.79,34.82
1222,171.75,65.79,34.83
1244,171.74,65.81,34.83
1361,171.73,65.79,34.81
1325,171.72,65.81,34.82
1303,171.73,65.79,34.82
1361,171.73,65.79,34.81
1264,171.74,65.78,34.82
1319,171.74,65.78,34.81
1394,171.73,65.79,34.8
1461,171.73,65.79,34.79
1401,171.71,65.81,34.8
1402,171.73,65.79,34.8
1381,171.74,65.78,34.8
1472,171.74,65.78,34.79
1478,171.73,65.79,34.79
618,171.79,65.76,34.85
836,171.79,65.76,34.83
7968,171.79,65.76,34.82
99924,171.79,65.76,34.8
922,171.78,65.77,34.85
1061,171.77,65.78,34.85
1127,171.75,65.81,34.86
848,171.78,65.76,34.84
928,171.78,65.76,34.83
962,171.77,65.77,34.84
1007,171.77,65.77,34.83
1130,171.76,65.77,34.82
1208,171.75,65.78,34.82
1090,171.77,65.78,34.84
1112,171.77,65.78,34.83
1156,171.76,65.79,34.84
1183,171.76,65.79,34.83
1373,171.76,65.76,34.82
6600,171.76,65.76,34.8
1136,171.75,65.77,34.82
1235,171.75,65.77,34.81
1203,171.75,65.77,34.82
1260,171.75,65.77,34.81
1367,171.75,65.77,34.8
1806,171.75,65.77,34.79
1311,171.75,65.77,34.8
1395,171.75,65.77,34.79
2999,171.74,65.81,34.6
3274,171.75,65.8,34.6
3484,171.76,65.82,34.57
3021,171.73,65.82,34.6
3061,171.7,65.82,34.6
3019,171.71,65.81,34.6
2990,171.71,65.81,34.62
3074,171.74,65.78,34.62
2953,171.73,65.81,34.62
4775,171.76,65.82,34.48
5214,171.76,65.82,34.51
5093,171.73,65.82,34.5
4985,171.76,65.86,34.45
6800,171.7,65.87,34.45
5656,171.73,65.85,34.48
5029,171.7,65.84,34.5
3526,171.76,65.82,34.45
4721,171.76,65.82,34.54
1836,171.78,65.74,34.64
1700,171.78,65.74,34.66
7894,171.78,65.74,34.7
1726,171.78,65.74,34.68
2941,171.76,65.76,34.64
3008,171.75,65.77,34.64
2783,171.76,65.76,34.66
2884,171.75,65.77,34.66
2891,171.75,65.75,34.68
2788,171.75,65.75,34.7
2778,171.74,65.76,34.68
2683,171.74,65.76,34.7
1714,171.81,65.76,34.57
2034,171.78,65.74,34.6
2763,171.76,65.73,34.6
2660,171.76,65.73,34.62
3519,171.78,65.78,34.57
3407,171.76,65.76,34.6
3549,171.75,65.77,34.6
3647,171.75,65.75,34.6
3603,171.74,65.76,34.6
3423,171.75,65.75,34.62
3312,171.74,65.76,34.62
3955,171.81,65.76,34.53
4005,171.78,65.78,34.49
4562,171.78,65.78,34.53
2960,171.81,65.76,34.49
983,171.78,65.73,34.46
1206,171.8,65.7,34.49
2939,171.71,65.81,34.63
2916,171.74,65.78,34.64
2907,171.72,65.81,34.64
2851,171.74,65.78,34.66
2900,171.72,65.81,34.66
2825,171.71,65.78,34.68
2877,171.7,65.8,34.68
2781,171.72,65.78,34.68
2759,171.72,65.78,34.7
2814,171.7,65.81,34.7
2711,171.72,65.78,34.7
247,171.81,65.74,34.85
1293,171.81,65.74,34.83
27316,171.81,65.74,34.82
160972,171.81,65.74,34.8
417832,171.81,65.74,34.76
343452,171.81,65.74,34.78
218505,171.81,65.74,34.72
377524,171.81,65.74,34.74
968,171.82,65.73,34.66
180,171.82,65.73,34.64
522,171.79,65.73,34.64
587,171.79,65.73,34.66
88783,171.82,65.73,34.7
10874,171.82,65.73,34.68
37068,171.79,65.73,34.7
3012,171.79,65.73,34.68
515,171.83,65.73,34.57
106,171.83,65.71,34.6
159,171.83,65.71,34.62
682,171.79,65.73,34.6
600,171.79,65.73,34.62
158,171.82,65.73,34.6
78,171.82,65.73,34.62
1296,171.78,65.72,34.6
1140,171.78,65.72,34.62
2154,171.8,65.7,34.53
482,171.8,65.65,34.5
306,171.82,65.75,34.89
386,171.82,65.75,34.87
156,171.85,65.75,34.89
203,171.85,65.75,34.87
94,171.83,65.74,34.85
867,171.83,65.74,34.83
36,171.86,65.74,34.85
136,171.86,65.74,34.83
23262,171.83,65.74,34.82
137844,171.83,65.74,34.8
2477,171.86,65.74,34.82
32907,171.86,65.74,34.8
5098,171.65,65.88,34.5
6433,171.7,65.87,34.48
5009,171.68,65.86,34.5
6406,171.65,65.89,34.49
8191,171.6,65.89,34.45
8034,171.65,65.89,34.45
3362,171.76,65.88,34.42
6712,171.71,65.88,34.42
1414,171.76,65.82,34.42
937,171.78,65.79,34.42
1204,171.75,65.76,34.45
746,171.8,65.69,34.44
861,171.78,65.73,34.43
683,171.8,65.65,34.45
116,171.88,65.79,34.92
97,171.86,65.76,34.91
56,171.86,65.75,34.93
102,171.85,65.75,34.91
66,171.87,65.79,34.93
68,171.87,65.75,34.89
91,171.88,65.75,34.87
96,171.89,65.79,34.91
48,171.92,65.79,34.89
72,171.9,65.8,34.9
80,171.89,65.76,34.89
76,171.92,65.8,34.88
121,171.9,65.77,34.87
127,171.89,65.76,34.87
720,172.11,65.89,34.49
529,172.12,65.87,34.5
551,172.15,65.88,34.5
705,172.15,65.89,34.49
836,172.15,65.89,34.45
192,171.92,65.78,34.83
81,171.93,65.8,34.83
67,171.93,65.8,34.85
254,171.92,65.78,34.81
281,171.92,65.78,34.79
81,171.94,65.8,34.81
73,171.94,65.81,34.8
17,171.94,65.81,34.74
13,171.94,65.81,34.72
146,171.92,65.78,34.74
11,171.94,65.81,34.71
74,171.92,65.78,34.72
41,171.94,65.8,34.77
29,171.94,65.81,34.76
68,171.94,65.81,34.78
266,171.92,65.78,34.78
219,171.92,65.78,34.76
108,172,65.82,34.57
521,172.01,65.82,34.51
492,172.09,65.86,34.5
782,172.04,65.86,34.5
694,172.06,65.86,34.48
915,172.07,65.89,34.45
941,172.01,65.89,34.45
808,172.01,65.87,34.48
881,171.96,65.87,34.45
800,171.98,65.85,34.48
842,172.01,65.84,34.5
499,171.91,65.69,34.49
687,171.89,65.73,34.46
748,171.98,65.81,34.48
795,171.95,65.83,34.45
718,171.92,65.75,34.46
785,171.92,65.8,34.45
181,172.06,65.82,34.54
165,172.03,65.82,34.54
233,172.01,65.8,34.53
98,171.98,65.82,34.58
108,171.95,65.8,34.57
115,171.92,65.8,34.57
71,171.96,65.79,34.61
86,171.96,65.79,34.6
75,171.98,65.81,34.62
102,171.99,65.81,34.6
77,171.95,65.78,34.6
73,171.93,65.77,34.6
55,171.95,65.78,34.62
48,171.93,65.77,34.62
674,171.95,65.77,34.49
516,171.94,65.72,34.49
604,171.98,65.79,34.49
254,171.98,65.79,34.53
333,171.95,65.77,34.53
55,171.97,65.81,34.64
31,171.96,65.8,34.66
24,171.95,65.77,34.65
40,171.96,65.81,34.64
38,171.95,65.78,34.64
14,171.93,65.77,34.66
28,171.93,65.77,34.64
12,171.93,65.77,34.7
8,171.93,65.77,34.68
11,171.96,65.8,34.7
15,171.96,65.8,34.68
156,171.89,65.72,34.57
81,171.89,65.71,34.6
72,171.89,65.71,34.62
89,171.9,65.72,34.6
58,171.9,65.72,34.62
329,171.94,65.72,34.53
146,171.92,65.75,34.57
96,171.93,65.74,34.6
97,171.92,65.73,34.6
61,171.93,65.74,34.62
58,171.92,65.73,34.62
202195,171.83,65.74,34.72
71344,171.86,65.74,34.72
340456,171.83,65.74,34.74
133393,171.86,65.74,34.74
305377,171.83,65.74,34.78
107092,171.86,65.74,34.78
379303,171.83,65.74,34.76
154426,171.86,65.74,34.76
111702,171.83,65.71,34.7
31593,171.83,65.71,34.68
67852,171.85,65.72,34.7
10949,171.87,65.72,34.7
15911,171.85,65.72,34.68
1574,171.87,65.72,34.68
1368,171.83,65.71,34.64
4472,171.83,65.71,34.66
2168,171.85,65.72,34.66
194,171.87,65.72,34.66
526,171.85,65.72,34.64
57,171.87,65.72,34.64
175,171.86,65.7,34.57
218,171.86,65.7,34.61
477,171.86,65.7,34.53
469,171.88,65.67,34.5
331,171.91,65.69,34.53
457,171.94,65.66,34.5
416,171.83,65.67,34.53
57,171.89,65.73,34.82
299,171.89,65.73,34.8
21,171.89,65.73,34.85
28,171.89,65.73,34.83
77,171.92,65.76,34.85
57,171.9,65.75,34.85
111,171.92,65.76,34.83
68,171.9,65.75,34.83
132,171.92,65.76,34.82
72,171.9,65.75,34.82
74,171.9,65.75,34.8
146,171.92,65.76,34.8
3311,171.89,65.73,34.74
1797,171.89,65.73,34.72
1321,171.89,65.73,34.78
2937,171.89,65.73,34.76
95,171.92,65.76,34.74
95,171.9,65.75,34.74
56,171.92,65.76,34.72
70,171.9,65.75,34.72
83,171.9,65.75,34.78
146,171.92,65.76,34.78
131,171.92,65.76,34.76
98,171.9,65.75,34.76
174,171.89,65.71,34.66
95,171.89,65.71,34.64
44,171.9,65.72,34.66
47,171.9,65.72,34.64
1835,171.89,65.71,34.7
714,171.89,65.71,34.68
109,171.9,65.72,34.7
79,171.9,65.72,34.68
19,171.93,65.74,34.66
34,171.93,65.74,34.64
22,171.92,65.73,34.66
33,171.92,65.73,34.64
14,171.93,65.74,34.7
20,171.92,65.73,34.7
14,171.93,65.74,34.68
19,171.92,65.73,34.68
36,171.93,65.8,34.87
890,172.12,65.89,34.45
972,172.07,65.88,34.42
962,172.01,65.88,34.42
960,171.98,65.86,34.42
847,171.93,65.71,34.43
840,171.97,65.7,34.44
907,171.98,65.8,34.42
886,171.95,65.77,34.42
752,171.97,65.68,34.44
666,171.82,65.63,34.46
708,171.83,65.67,34.45
412,171.85,65.65,34.51
717,171.88,65.67,34.45
722,171.94,65.66,34.45
16,172.43,71.18,44.31
13,172.33,70.99,44.32
12,172.41,70.8,44.31
18,172.31,71.38,44.24
21,172.31,71.53,44.24
26,172.28,71.58,44
24,172.19,71.62,44.02
27,172.14,71.79,43.71
22,172.14,72.48,43.39
24,172.14,72.22,43.39
25,172.14,72,43.38
32,172.75,71.83,43.93
31,172.54,71.59,43.93
21,172.5,71.19,44.16
17,172.41,70.98,44.16
28,172.42,71.42,43.93
10,172.81,70.77,44.3
18,172.67,70.95,44.15
14,173.01,70.92,44.14
11,173.11,70.8,44.13
13,173.12,71.02,44.13
10,173.23,70.9,44.13
15,172.48,70.75,44.16
6,172.77,70.32,44.3
2,173.01,70.36,44.44
2,173.14,70.45,44.44
7,172.9,70.53,44.29
5,173.01,70.41,44.29
6,173.03,70.63,44.29
4,173.13,70.51,44.28
2,172.87,70.14,44.44
3,172.39,70.22,44.45
7,172.43,70.69,44.45
11,172.17,71.15,44.37
10,172.17,71.02,44.37
9,172.17,70.85,44.37
15,172.17,71.3,44.11
16,172.17,71.41,44.11
18,172.13,71.44,43.79
15,172.02,71.45,43.83
13,171.95,71.61,43.52
17,171.95,72.38,43.16
17,171.95,72.1,43.17
16,171.95,71.85,43.17
16,175.01,73.03,44.43
17,174.76,72.82,44.43
16,174.8,73.28,44.43
17,174.55,73.07,44.43
14,174.64,73.47,44.23
14,174.39,73.27,44.23
13,174.43,73.72,44.23
10,174.27,73.91,43.94
12,174.19,73.51,44.23
9,174.03,73.71,43.94
17,173.83,73.95,43.61
15,174.07,74.15,43.61
13,173.63,74.19,43.3
11,173.87,74.39,43.3
12,173.42,74.43,43.3
10,173.66,74.63,43.3
6,173.22,74.67,42.99
5,173.46,74.87,42.99
6,173.02,74.91,42.99
5,173.26,75.11,42.99
4,172.64,75.64,41.3
5,172.84,75.19,42.52
3,172.77,75.45,41.92
17,174.51,72.61,44.43
17,174.25,72.4,44.43
16,174.04,72.65,44.43
16,174.3,72.86,44.43
11,173.9,72.86,44.23
13,174.15,73.06,44.23
8,173.69,73.1,44.23
12,173.55,73.31,43.94
11,173.94,73.31,44.23
9,173.79,73.51,43.94
20,173.59,73.75,43.61
23,173.35,73.55,43.61
15,173.39,73.99,43.3
17,173.15,73.79,43.3
14,172.95,74.03,43.3
13,173.19,74.23,43.3
8,172.75,74.27,42.99
7,172.98,74.47,42.99
8,172.53,74.51,42.99
7,172.78,74.71,42.99
7,172.46,74.96,42.52
5,172.22,75.45,41.92
5,172.04,75.65,41.31
16,175.44,72.53,44.43
17,175.18,72.32,44.43
16,175.22,72.78,44.43
17,174.97,72.57,44.43
17,174.93,72.11,44.43
18,174.68,71.9,44.43
17,174.72,72.36,44.43
17,174.47,72.15,44.43
2,180.27,75.56,39.56
2,180.27,75.56,39.24
2,180.27,75.56,38.61
2,180.27,75.56,38.93
3,179.67,75.65,39.3
4,179.65,75.64,39.15
3,179.68,75.65,39.55
2,179.95,75.65,39.56
2,180.01,75.45,39.55
3,179.93,75.64,39.15
3,179.95,75.65,39.3
2,180.01,75.45,39.14
2,180.01,75.45,39.3
5,179.57,75.64,38.62
4,179.61,75.64,38.94
4,179.85,75.64,38.62
2,180,75.45,38.61
3,179.89,75.64,38.93
2,180,75.45,38.93
10,176.03,73.82,44.23
11,175.82,74.06,44.23
8,175.63,74.24,43.94
12,175.78,73.61,44.23
12,175.58,73.85,44.23
9,175.39,74.04,43.94
5,175.43,74.48,43.61
3,175.22,74.72,43.3
4,174.78,74.76,43.3
3,175.02,74.96,43.3
2,174.58,75,42.99
2,174.82,75.18,42.99
3,174.62,75.29,42.99
2,174.37,75.21,42.99
3,174.51,75.45,42.55
4,174.51,75.64,41.93
6,176.51,74.16,43.94
6,176.31,74.4,43.94
4,176.1,74.64,43.61
6,176.27,73.96,43.94
6,176.07,74.2,43.94
4,175.87,74.44,43.61
7,175.06,75.64,41.29
4,175.9,74.88,43.3
3,175.66,74.68,43.3
3,175.7,75.11,42.99
2,175.46,74.92,42.99
4,175.49,75.26,42.99
3,175.26,75.14,42.99
5,175.48,75.45,42.55
8,175.47,75.64,41.94
2,175.07,75.27,42.53
4,175.06,75.44,41.91
12,175.96,75.64,41.3
11,176.92,75.64,41.3
7,177.74,75.64,41.3
13,175.54,73.4,44.23
14,175.29,73.19,44.23
13,175.33,73.64,44.23
14,175.09,73.43,44.23
11,175.15,73.84,43.94
6,175.19,74.28,43.61
11,174.95,74.08,43.94
3,174.98,74.52,43.3
9,174.75,74.32,43.61
12,174.91,73.64,43.94
12,174.71,73.88,43.94
12,174.51,74.11,43.61
8,174.31,74.35,43.3
5,174.54,74.55,43.3
4,174.1,74.59,42.99
3,174.34,74.79,42.99
4,173.9,74.83,42.99
3,174.14,75.03,42.99
3,173.64,75.64,41.29
2,173.72,75.17,42.52
2,173.69,75.45,41.91
12,176.36,72.46,44.43
14,176.11,72.25,44.43
13,176.15,72.7,44.43
14,175.9,72.49,44.43
12,175.95,72.91,44.23
14,175.7,72.7,44.23
13,175.74,73.15,44.23
14,175.5,72.94,44.23
10,176.65,73.12,44.43
12,176.4,72.91,44.43
9,176.43,73.32,44.23
11,176.19,73.11,44.23
10,176.23,73.57,44.23
11,175.99,73.36,44.23
8,177.13,73.32,44.43
7,176.92,73.73,44.23
8,176.68,73.52,44.23
5,176.71,73.92,43.94
6,176.47,73.72,43.94
2,179.58,73.62,44.43
2,179.01,74.02,44.23
4,178.6,73.69,44.43
7,177.64,73.76,44.43
6,177.41,74.15,44.23
6,177.16,73.94,44.23
4,178.09,74.1,44.23
2,178.64,75.45,41.92
4,177.19,74.32,43.94
5,176.95,74.12,43.94
3,177.65,74.51,43.78
11,176.38,75.64,41.94
8,175.96,75.44,41.91
4,177.73,75.44,41.92
8,176.92,75.44,41.91
4,176.99,74.56,43.61
4,176.75,74.36,43.61
5,176.78,74.8,43.61
6,176.58,75.06,43.3
4,176.55,74.6,43.61
5,176.34,74.84,43.3
6,176.58,75.06,42.99
4,176.34,74.84,42.99
8,176.38,75.45,42.57
6,176.38,75.24,42.99
5,175.94,75.25,42.52
5,176.14,75.09,42.99
3,177.7,75.2,42.52
6,176.88,75.22,42.52
4,177.24,74.96,43.15
2,179.38,75.64,40.82
3,179.39,75.64,40.5
4,178.68,75.64,40.66
2,178.63,75.45,41.28
3,179.39,75.64,40.19
3,179.37,75.64,39.87
5,178.67,75.64,40.03
14,173.94,71.22,44.43
10,173.77,70.88,44.43
11,173.88,70.75,44.43
13,173.92,70.93,44.43
11,174.01,70.4,44.43
12,173.99,70.62,44.43
8,173.72,70.76,44.25
9,173.83,70.64,44.24
5,173.6,70.67,44.26
6,173.7,70.54,44.25
9,173.91,70.3,44.24
10,173.93,70.52,44.24
8,173.81,70.42,44.25
2,173.36,70.48,44.27
2,173.46,70.35,44.26
3,173.48,70.57,44.26
4,173.58,70.45,44.26
8,173.21,70.68,44.13
6,173.33,70.78,44.13
5,173.31,70.56,44.13
4,173.43,70.66,44.12
4,173.67,70.11,44.25
6,173.79,70.2,44.25
3,173.56,70.23,44.26
5,173.69,70.32,44.25
17,174.43,71.69,44.43
17,174.21,71.94,44.43
16,174.04,71.73,44.43
13,173.94,71.69,44.23
16,174.18,71.49,44.43
11,173.8,71.64,44.24
8,173.68,71.54,44.25
12,173.9,71.51,44.24
10,173.78,71.42,44.24
12,173.88,71.3,44.24
15,174.08,71.27,44.43
14,174,71.39,44.23
6,173.43,71.35,44.26
6,173.55,71.45,44.26
8,173.66,71.32,44.25
6,173.53,71.23,44.26
11,173.24,71.12,44.13
9,173.36,71.22,44.12
6,173.46,71.1,44.12
8,173.34,71,44.12
10,173.76,71.2,44.25
11,173.86,71.08,44.24
7,173.64,71.11,44.25
9,173.74,70.98,44.25
5,173.56,70.98,44.12
5,173.44,70.88,44.12
6,173.66,70.86,44.11
5,173.55,70.76,44.12
15,174,72.18,44.43
10,173.56,72.29,44.43
8,173.65,72.1,44.24
7,173.5,72.2,44.24
7,173.46,72.49,44.23
12,173.34,72.42,44.1
10,173.44,72.3,44.11
13,173.96,71.91,44.23
9,173.71,71.96,44.24
11,173.82,71.85,44.24
11,173.83,72.07,44.23
13,173.78,72.43,44.43
8,173.65,72.65,44.23
13,173.32,72,44.12
10,173.44,72.1,44.11
8,173.54,71.98,44.11
10,173.42,71.88,44.12
8,173.64,71.86,44.11
8,173.52,71.76,44.12
8,173.74,71.74,44.11
8,173.62,71.64,44.11
20,173.08,71.8,44.13
18,173.2,71.9,44.12
17,173.18,71.68,44.13
13,173.3,71.78,44.12
13,173.28,71.56,44.13
10,173.4,71.66,44.12
9,173.38,71.44,44.12
8,173.5,71.54,44.12
23,173.23,72.23,43.93
29,172.99,72.03,43.93
28,173.03,72.47,43.93
33,172.79,72.27,43.93
34,172.36,71.88,43.61
34,172.48,71.74,43.61
35,172.55,72.07,43.61
30,172.41,72.75,43.61
31,172.83,72.71,43.61
33,172.59,72.51,43.61
29,172.63,72.95,43.61
21,172.15,72.7,43.38
16,171.95,72.62,43.15
25,172.38,72.31,43.3
27,172.28,72.09,43.3
22,172.3,72.54,43.3
16,172.44,73.19,43.3
18,172.32,72.98,43.3
15,172.33,73.44,43.3
10,172.15,73.46,43.04
11,172.15,73.18,43.05
12,172.15,72.96,43.05
8,171.96,73.19,42.62
14,173.51,72.87,43.94
21,173.27,72.67,43.94
26,173.31,73.11,43.61
29,173.07,72.91,43.61
26,173.11,73.35,43.61
29,172.87,73.15,43.61
16,172.91,73.59,43.3
16,172.67,73.39,43.3
14,172.48,73.63,43.3
14,172.71,73.83,43.3
8,171.96,75.13,41.3
8,172.35,73.86,42.99
8,172.5,74.07,42.99
8,172.36,74.3,42.99
7,172.15,74.13,42.56
9,171.96,74.15,41.95
8,172.15,75.01,41.92
28,172.95,71.59,43.93
21,173.16,71.35,43.93
29,172.71,71.39,43.93
24,172.92,71.15,43.93
2,173.78,69.64,44.43
2,173.67,69.78,44.43
2,173.57,69.92,44.44
11,174.29,69.93,44.43
8,174.13,69.77,44.43
5,174.04,69.62,44.43
6,173.97,69.73,44.24
11,174.15,70.16,44.43
9,174.04,70.13,44.24
8,174.02,69.91,44.24
5,173.87,69.86,44.24
5,173.77,69.98,44.25
7,173.89,70.08,44.24
792,172.21,74.04,34.58
661,172.12,74.55,34.67
457,172.03,74.55,34.99
553,171.94,73.93,34.92
29,172.76,75.65,36.9
19,172.08,75.64,37.54
227,172.9,75.18,35.02
670,173.63,74.46,34.59
351,173.24,74.94,34.78
792,173.12,74.01,34.59
553,172.75,74.5,34.76
47,172.82,75.46,36.27
99,172.81,75.21,35.64
2,180.28,75.54,37.78
2,180.08,75.37,37.99
2,180.08,75.37,38.3
17,177.7,75.64,36.9
26,176.91,75.64,36.89
37,175.96,75.64,36.89
40,175.07,75.64,36.89
34,173.7,75.64,36.89
593,174.52,74.4,34.59
306,174.12,74.89,34.78
181,173.7,75.16,35.12
152,175,74.88,34.59
100,174.6,75.22,34.78
90,174.53,75.45,35.03
120,175.06,75.27,35.12
69,175.48,75.45,35.02
152,175.89,74.82,34.59
86,175.48,75.18,34.78
91,175.95,75.25,35.12
49,176.37,75.45,35.03
115,176.77,74.73,34.59
78,176.36,75.13,34.79
58,176.86,75.22,35.13
27,177.27,75.45,34.95
38,177.65,74.62,34.59
48,177.24,75.06,34.78
8,178.13,74.97,34.78
23,177.72,75.2,35.12
101,173.7,75.16,35.65
52,173.71,75.44,36.27
88,174.54,75.44,35.61
50,174.54,75.64,36.24
46,175.48,75.64,36.23
62,175.07,75.44,36.26
103,175.06,75.27,35.65
77,175.48,75.44,35.6
36,176.37,75.64,36.24
54,175.96,75.44,36.26
82,175.95,75.25,35.65
55,176.37,75.44,35.6
50,176.88,75.22,35.65
35,176.91,75.44,36.26
24,177.7,75.2,35.65
21,177.71,75.44,36.27
2,178.6,75.21,35.63
7,178.51,75.47,36.26
3,179.06,75.4,36.43
7,179.23,75.64,38.04
6,179.24,75.64,38.32
3,179.52,75.44,38.31
3,179.76,75.45,38.31
2,179.91,75.28,38.3
9,178.59,75.64,38.17
2,179.83,75.56,37.34
2,179.97,75.52,37.49
3,179.97,75.48,37.73
6,179.47,75.65,37.66
3,179.83,75.52,37.53
3,179.75,75.45,38
2,179.91,75.28,37.99
4,179.51,75.44,38
2,180.07,75.51,37.41
2,179.27,75.55,36.92
9,178.5,75.47,36.92
10,178.53,75.64,37.58
4,179.08,75.39,36.86
6,179.05,75.48,37.46
215,172.03,74.54,35.64
196,171.92,74.49,36.28
339,171.94,73.93,35.61
409,172.19,66.11,34.58
616,172.21,66.11,34.54
194,172.2,66.11,34.66
15,171.95,75.49,37.58
35,171.92,75.02,37.31
51,172.2,75.52,36.11
155,171.92,74.75,36.3
51,172.03,75.54,36.12
48,171.9,75.62,36.13
26,172.11,75.64,36.89
35,172.2,75.52,36.43
35,172.03,75.54,36.43
26,171.94,75.58,36.88
36,171.9,75.62,36.47
116,163.43,75.67,34.9
121,163.48,75.68,35.09
13,163.47,75.68,35.41
118,171.79,75.62,35.11
90,171.79,75.62,34.74
195,171.98,75.51,35.15
307,172.38,74.96,35.06
219,172.72,75.24,35.18
283,172.24,75.4,35.17
273,172.24,75.4,34.9
152,171.98,75.51,34.83
428,172.02,74.83,35.02
298,171.93,74.86,34.91
147,171.51,75.67,35.08
105,171.53,75.67,34.72
74,172.23,75.39,35.8
219,171.89,74.82,35.8
101,172.39,74.94,35.64
152,172.23,75.39,35.48
186,172.01,74.83,35.64
271,171.89,74.82,35.46
85,171.98,75.51,35.8
73,171.79,75.62,35.8
76,171.71,75.65,35.79
102,171.71,75.65,35.46
134,171.98,75.51,35.48
98,171.79,75.62,35.46
86,171.51,75.66,35.79
120,171.52,75.66,35.45
311,172.14,75.16,34.69
220,172.07,75.38,34.68
152,171.78,75.51,34.56
219,171.9,75.28,34.57
133,171.48,75.59,34.56
53,171.85,65.75,34.93
57,171.86,65.79,34.96
237,171.81,65.74,34.89
289,171.81,65.74,34.87
124,171.83,65.76,34.93
216,171.82,65.75,34.91
227,171.81,65.76,34.93
364,171.79,65.76,34.91
178,171.81,65.74,34.91
248,171.82,65.79,34.93
376,171.79,65.79,34.93
565,171.78,65.76,34.91
689,171.76,65.8,34.91
1089,171.73,65.8,34.87
430,171.78,65.74,34.89
514,171.78,65.74,34.87
699,171.75,65.76,34.91
796,171.74,65.8,34.91
946,171.73,65.8,34.89
834,171.75,65.77,34.89
1056,171.73,65.8,34.88
961,171.75,65.77,34.87
700,171.76,65.76,34.89
801,171.76,65.76,34.87
233942,171.78,65.74,34.76
171473,171.78,65.74,34.78
196118,171.78,65.74,34.74
76231,171.78,65.74,34.72
8020,171.75,65.75,34.78
13308,171.75,65.75,34.76
1795,171.74,65.76,34.78
2260,171.74,65.76,34.76
3685,171.75,65.75,34.72
8291,171.75,65.75,34.74
2535,171.74,65.76,34.72
2434,171.74,65.76,34.74
1637,171.71,65.79,34.78
1559,171.69,65.81,34.78
1886,171.69,65.81,34.76
1940,171.71,65.79,34.76
1655,171.72,65.78,34.78
1960,171.72,65.78,34.76
2593,171.71,65.79,34.72
2632,171.69,65.81,34.72
2567,171.72,65.78,34.72
2338,171.69,65.81,34.74
2329,171.71,65.79,34.74
2333,171.72,65.78,34.74
1268,171.71,65.81,34.83
1131,171.74,65.78,34.85
1171,171.72,65.81,34.85
1248,171.72,65.81,34.84
1214,171.74,65.79,34.83
1341,171.72,65.78,34.81
1325,171.7,65.81,34.82
1313,171.72,65.78,34.81
1447,171.72,65.79,34.79
1403,171.69,65.81,34.8
1440,171.72,65.78,34.8
560,171.78,65.74,34.85
768,171.78,65.74,34.83
5460,171.78,65.74,34.82
58830,171.78,65.74,34.8
870,171.76,65.76,34.85
1057,171.75,65.77,34.85
921,171.76,65.76,34.83
1122,171.75,65.77,34.83
1157,171.75,65.75,34.82
2797,171.75,65.75,34.8
1214,171.74,65.76,34.82
1412,171.74,65.76,34.8
3914,171.76,65.8,34.57
3294,171.74,65.79,34.6
3242,171.73,65.82,34.57
3206,171.73,65.8,34.6
3260,171.7,65.82,34.57
3028,171.68,65.81,34.62
3051,171.7,65.8,34.6
3064,171.69,65.82,34.6
3110,171.67,65.82,34.6
3142,171.71,65.79,34.6
3310,171.72,65.78,34.6
3003,171.7,65.81,34.62
2997,171.71,65.79,34.62
3076,171.72,65.78,34.62
4678,171.76,65.8,34.5
4049,171.73,65.81,34.48
4993,171.73,65.82,34.5
6671,171.65,65.87,34.45
4736,171.7,65.82,34.51
4643,171.73,65.85,34.45
6199,171.68,65.85,34.45
4654,171.67,65.83,34.5
4993,171.7,65.82,34.48
2378,171.73,65.79,34.45
4026,171.7,65.82,34.54
4674,171.76,65.8,34.53
4042,171.73,65.82,34.54
2546,171.76,65.73,34.64
2485,171.76,65.73,34.66
4900,171.76,65.73,34.7
2331,171.76,65.73,34.68
3195,171.75,65.75,34.64
3058,171.74,65.76,34.64
3019,171.75,65.75,34.66
2894,171.74,65.76,34.66
2914,171.74,65.73,34.68
2704,171.74,65.73,34.7
2721,171.72,65.75,34.68
2589,171.72,65.75,34.7
2596,171.78,65.73,34.57
3169,171.75,65.72,34.6
3052,171.75,65.72,34.62
3925,171.75,65.76,34.57
3667,171.74,65.73,34.6
3605,171.72,65.75,34.6
3521,171.74,65.73,34.62
3346,171.72,65.75,34.62
3774,171.78,65.73,34.53
3104,171.75,65.76,34.49
4195,171.75,65.76,34.53
2327,171.78,65.73,34.49
1085,171.74,65.71,34.47
959,171.77,65.68,34.5
2929,171.7,65.8,34.66
2912,171.71,65.78,34.63
2947,171.7,65.81,34.64
2919,171.71,65.8,34.65
2929,171.73,65.77,34.64
2915,171.71,65.8,34.66
2846,171.73,65.77,34.66
2889,171.68,65.8,34.68
2737,171.7,65.77,34.68
2681,171.71,65.76,34.68
2829,171.68,65.8,34.7
2682,171.7,65.77,34.7
2602,171.71,65.76,34.7
106,171.82,65.73,34.85
245,171.79,65.73,34.85
1733,171.82,65.73,34.83
1210,171.79,65.73,34.83
41477,171.82,65.73,34.82
24004,171.79,65.73,34.82
179572,171.82,65.73,34.8
127388,171.79,65.73,34.8
328038,171.82,65.73,34.78
389051,171.82,65.73,34.76
325557,171.79,65.73,34.76
265310,171.79,65.73,34.78
359596,171.82,65.73,34.74
243225,171.82,65.73,34.72
169253,171.79,65.73,34.72
296058,171.79,65.73,34.74
1071,171.8,65.71,34.66
314,171.8,65.71,34.64
1059,171.78,65.72,34.64
1082,171.78,65.72,34.66
87599,171.8,65.71,34.7
11556,171.8,65.71,34.68
24146,171.78,65.72,34.7
2707,171.78,65.72,34.68
742,171.8,65.7,34.57
314,171.8,65.7,34.61
1794,171.76,65.7,34.6
1651,171.76,65.7,34.62
1525,171.77,65.68,34.53
132374,171.82,65.7,34.7
41890,171.82,65.7,34.68
2443,171.82,65.7,34.64
7009,171.82,65.7,34.66
224,171.83,65.67,34.57
1051,171.83,65.67,34.61
381,171.82,65.63,34.51
394,171.8,65.65,34.53
465,171.77,65.63,34.51
74,171.83,65.74,34.91
101,171.83,65.74,34.89
125,171.83,65.74,34.87
39,171.86,65.74,34.89
48,171.86,65.74,34.87
36,171.85,65.72,34.85
527,171.85,65.72,34.83
81,171.87,65.72,34.83
59,171.83,65.71,34.85
1304,171.83,65.71,34.83
19010,171.85,65.72,34.82
108400,171.85,65.72,34.8
1295,171.87,65.72,34.82
10258,171.87,65.72,34.8
49623,171.83,65.71,34.82
169286,171.83,65.71,34.8
3357,171.64,65.82,34.57
5701,171.65,65.87,34.48
4629,171.62,65.87,34.5
4088,171.65,65.82,34.51
5618,171.68,65.85,34.48
4566,171.65,65.84,34.5
3694,171.65,65.82,34.54
5728,171.6,65.89,34.49
4737,171.6,65.88,34.5
6961,171.6,65.87,34.45
8342,171.54,65.89,34.45
8302,171.57,65.89,34.45
7976,171.6,65.88,34.42
7662,171.65,65.88,34.42
2455,171.73,65.86,34.42
6842,171.68,65.86,34.42
1135,171.73,65.79,34.42
912,171.75,65.76,34.42
1117,171.72,65.74,34.46
724,171.77,65.68,34.44
810,171.75,65.71,34.43
672,171.77,65.63,34.46
614,171.82,65.61,34.46
45,171.39,75.65,43.86
10,171.39,75.65,44.24
2,171.37,75.55,44.43
10,171.91,65.78,34.96
43,171.89,65.79,34.94
30,171.87,65.74,34.93
24,171.86,65.74,34.93
47,171.87,65.75,34.91
34,171.86,65.74,34.91
19,171.89,65.73,34.89
24,171.89,65.73,34.87
49,171.89,65.75,34.91
7,171.94,65.78,34.96
27,171.92,65.79,34.92
29,171.92,65.75,34.89
30,171.93,65.79,34.9
33,171.9,65.75,34.89
47,171.92,65.76,34.87
45,171.9,65.75,34.87
302,172.11,65.83,34.5
631,172.2,66.01,34.53
363,172.19,66,34.58
507,172.18,65.97,34.53
624,172.2,65.99,34.53
632,172.17,65.9,34.5
261,172.11,65.82,34.51
463,172.17,65.89,34.51
533,172.12,65.86,34.48
366,172.14,65.84,34.5
233,172.11,65.82,34.54
517,172.16,65.86,34.5
560,172.15,65.88,34.49
717,172.18,65.89,34.47
711,172.15,65.87,34.46
866,172.18,65.88,34.44
35,171.95,65.8,34.84
84,171.93,65.77,34.83
25,171.95,65.8,34.85
56,171.93,65.76,34.85
26,171.96,65.8,34.83
111,171.93,65.77,34.81
115,171.93,65.77,34.8
23,171.96,65.8,34.81
21,171.96,65.8,34.8
9,171.96,65.8,34.74
15,171.94,65.78,34.74
8,171.96,65.8,34.72
10,171.94,65.78,34.72
51,171.93,65.77,34.74
25,171.93,65.77,34.72
14,171.96,65.8,34.78
52,171.94,65.78,34.77
11,171.96,65.8,34.76
29,171.94,65.78,34.76
106,171.93,65.77,34.78
84,171.93,65.77,34.76
178,172.06,65.82,34.57
147,172.03,65.82,34.58
138,172.01,65.8,34.56
220,172.06,65.81,34.61
161,172.03,65.81,34.61
530,172.01,65.8,34.5
382,172.03,65.82,34.51
514,172.06,65.83,34.5
320,172.06,65.82,34.51
505,172.09,65.84,34.48
764,172.06,65.86,34.45
813,172.01,65.87,34.45
716,172.04,65.85,34.48
804,171.98,65.85,34.45
755,172.01,65.82,34.48
656,172.03,65.82,34.5
651,171.94,65.72,34.46
612,171.97,65.7,34.47
727,171.98,65.8,34.45
730,171.95,65.77,34.45
276,172.08,65.82,34.5
246,172.06,65.8,34.53
255,172.03,65.79,34.53
755,172.12,65.86,34.45
125,171.98,65.79,34.57
129,171.95,65.77,34.57
105,172,65.81,34.62
118,171.99,65.79,34.6
109,171.97,65.78,34.6
86,171.98,65.78,34.62
103,171.96,65.77,34.6
98,171.95,65.76,34.6
73,171.96,65.77,34.62
68,171.95,65.76,34.62
526,171.97,65.74,34.49
483,171.97,65.69,34.49
529,172,65.77,34.49
285,172,65.77,34.53
318,171.97,65.74,34.53
67,172,65.8,34.65
62,171.97,65.78,34.64
31,171.96,65.77,34.66
49,171.96,65.77,34.64
24,171.94,65.76,34.66
41,171.95,65.76,34.64
34,172,65.8,34.69
17,171.97,65.8,34.69
9,171.96,65.76,34.7
15,171.96,65.76,34.68
11,171.95,65.76,34.7
14,171.94,65.76,34.68
114,172.03,65.8,34.64
194,171.91,65.69,34.57
94,171.91,65.69,34.61
347,171.97,65.69,34.53
210,171.94,65.72,34.57
109,171.94,65.72,34.61
230864,171.83,65.71,34.72
318828,171.83,65.71,34.74
165611,171.85,65.72,34.72
41758,171.87,65.72,34.72
255265,171.85,65.72,34.74
77109,171.87,65.72,34.74
339294,171.83,65.71,34.76
288432,171.83,65.71,34.78
227147,171.85,65.72,34.78
45653,171.87,65.72,34.78
280691,171.85,65.72,34.76
82006,171.87,65.72,34.76
60866,171.86,65.7,34.69
6028,171.86,65.7,34.65
197,171.88,65.67,34.57
335,171.88,65.67,34.61
437,171.91,65.65,34.5
311,171.88,65.66,34.53
332,171.94,65.66,34.53
428,171.96,65.64,34.51
313,171.85,65.64,34.53
622,171.89,65.71,34.82
2256,171.89,65.71,34.8
36,171.9,65.72,34.82
89,171.9,65.72,34.8
27,171.89,65.71,34.83
8,171.9,65.72,34.85
11,171.9,65.72,34.83
29,171.93,65.74,34.85
19,171.92,65.73,34.85
42,171.93,65.74,34.83
24,171.92,65.73,34.83
43,171.93,65.74,34.82
23,171.92,65.73,34.82
27,171.92,65.73,34.8
53,171.93,65.74,34.8
13592,171.89,65.71,34.74
7446,171.89,65.71,34.72
399,171.9,65.72,34.74
244,171.9,65.72,34.72
3891,171.89,65.71,34.78
18142,171.89,65.71,34.76
173,171.9,65.72,34.78
450,171.9,65.72,34.76
24,171.93,65.74,34.74
25,171.92,65.73,34.74
20,171.93,65.74,34.72
26,171.92,65.73,34.72
24,171.92,65.73,34.78
43,171.93,65.74,34.78
39,171.93,65.74,34.76
28,171.92,65.73,34.76
121,171.91,65.69,34.65
368,171.91,65.69,34.69
38,171.94,65.72,34.65
19,171.94,65.72,34.69
6,171.97,65.78,34.95
37,171.93,65.76,34.87
23,171.94,65.79,34.89
26,171.94,65.79,34.87
963,172.12,65.87,34.42
958,172.17,65.87,34.42
965,172.09,65.85,34.42
955,172.04,65.86,34.42
945,172.01,65.83,34.42
858,172,65.74,34.43
731,171.99,65.66,34.45
677,171.85,65.64,34.45
636,171.85,65.59,34.47
707,171.91,65.64,34.45
715,171.96,65.64,34.45
372,172.19,66.05,34.58
640,172.23,66.05,34.54
661,172.29,66,34.55
178,172.2,66,34.65
167,172.2,66.05,34.67
678,172.36,66.05,34.56
10,172.55,70.58,44.31
16,172.31,71.17,44.24
14,172.31,70.99,44.24
12,172.31,70.76,44.24
23,172.31,71.38,43.99
26,172.31,71.53,43.99
29,172.28,71.58,43.68
27,172.19,71.62,43.7
25,172.14,71.79,43.38
15,172.14,72.48,43.06
18,172.14,72.22,43.06
20,172.14,72,43.06
35,172.75,71.83,43.61
34,172.54,71.59,43.61
26,172.5,71.19,43.93
22,172.41,70.98,43.93
31,172.42,71.42,43.61
13,172.87,70.71,44.14
24,172.68,70.95,43.93
17,173.12,70.91,43.93
12,172.62,70.51,44.15
20,172.48,70.75,43.93
5,172.52,70.12,44.3
2,172.97,70.07,44.28
8,172.84,70.27,44.14
2,173.11,70.29,44.28
2,173.23,70.38,44.28
2,173.34,70.26,44.27
9,172.97,70.48,44.14
6,173.07,70.36,44.14
9,173.09,70.58,44.14
6,173.19,70.46,44.13
2,173.54,70.01,44.26
2,173.44,70.13,44.27
2,172.59,69.94,44.44
2,172.01,70.33,44.44
4,172.14,70.52,44.45
6,172.07,70.72,44.39
13,172.17,71.15,44.11
12,172.17,71.02,44.11
10,172.17,70.85,44.11
17,172.17,71.3,43.78
19,172.17,71.41,43.78
19,172.13,71.44,43.45
16,172.02,71.45,43.49
13,171.95,71.61,43.17
12,171.95,72.18,42.63
16,175.21,69.84,44.43
14,174.96,69.63,44.43
16,175,70.08,44.43
14,174.75,69.88,44.43
5,172.64,75.64,40.03
6,172.04,75.64,40.03
15,175.05,72.98,44.23
16,174.8,72.78,44.23
15,174.84,73.23,44.23
15,174.6,73.02,44.23
13,174.67,73.43,43.94
11,174.43,73.23,43.94
12,174.47,73.67,43.94
15,174.27,73.91,43.61
10,174.23,73.47,43.94
17,174.03,73.71,43.61
15,173.83,73.95,43.3
11,174.07,74.15,43.3
7,173.63,74.19,42.99
6,173.87,74.39,42.99
6,173.42,74.43,42.99
5,173.66,74.63,42.99
3,173.24,74.89,42.52
4,172.63,75.64,40.66
4,172.83,75.19,41.9
3,172.76,75.45,41.28
16,174.56,72.57,44.23
15,174.32,72.37,44.23
13,174.11,72.61,44.23
14,174.36,72.82,44.23
9,173.95,72.83,43.94
9,174.19,73.03,43.94
10,173.75,73.07,43.94
22,173.55,73.31,43.61
9,173.99,73.27,43.94
18,173.79,73.51,43.61
18,173.59,73.75,43.3
19,173.35,73.55,43.3
9,173.39,73.99,42.99
9,173.15,73.79,42.99
8,172.95,74.03,42.99
7,173.19,74.23,42.99
4,172.75,74.49,42.52
6,172.46,74.96,41.9
5,172.22,75.45,41.28
5,172.04,75.65,40.66
15,175.86,72.04,44.43
16,175.61,71.83,44.43
15,175.65,72.28,44.43
17,175.4,72.08,44.43
15,175.46,72.5,44.23
16,175.21,72.29,44.23
15,175.25,72.74,44.23
16,175.01,72.53,44.23
17,175.36,71.62,44.43
17,175.14,71.87,44.43
18,174.89,71.66,44.43
18,175.1,71.41,44.43
17,174.97,72.09,44.23
17,174.73,71.88,44.23
16,174.76,72.33,44.23
16,174.52,72.13,44.23
2,180.08,75.37,39.24
2,180.08,75.37,38.62
2,180.08,75.37,38.93
4,179.33,75.64,39.3
5,179.32,75.64,39.15
2,179.57,75.45,39.3
2,179.56,75.45,39.15
4,179.34,75.64,39.56
2,179.57,75.45,39.55
2,179.81,75.45,39.55
2,179.8,75.45,39.15
2,179.8,75.45,39.3
6,178.65,75.64,39.46
7,178.64,75.64,39.15
6,179.26,75.64,38.62
3,179.52,75.44,38.62
5,179.29,75.64,38.93
2,179.54,75.44,38.93
2,179.77,75.45,38.62
2,179.78,75.45,38.93
8,178.62,75.64,38.78
10,176.86,72.88,44.43
11,176.61,72.67,44.43
11,176.57,72.21,44.43
13,176.32,72.01,44.43
7,176.03,73.76,43.94
7,175.83,74,43.94
4,175.63,74.24,43.61
8,175.79,73.56,43.94
8,175.59,73.8,43.94
5,175.39,74.04,43.61
3,175.43,74.48,43.3
2,175.22,74.72,42.99
2,174.98,74.52,42.99
2,174.78,74.76,42.99
2,175.02,74.96,42.99
2,174.53,75.44,41.91
5,174.51,75.64,41.29
4,176.51,74.16,43.61
4,176.31,74.4,43.61
3,176.1,74.64,43.3
4,176.27,73.96,43.61
4,176.07,74.2,43.61
3,175.87,74.44,43.3
10,175.06,75.64,40.66
10,175.47,75.64,41.3
5,175.06,75.44,41.28
3,176.1,74.64,42.99
2,175.87,74.44,42.99
3,175.9,74.88,42.99
2,175.66,74.68,42.99
3,175.48,75.08,42.52
2,175.06,75.27,41.9
6,175.47,75.44,41.91
14,175.96,75.64,40.66
13,176.37,75.64,41.3
10,175.96,75.44,41.28
12,176.92,75.64,40.66
9,176.92,75.44,41.28
8,177.74,75.64,40.66
4,177.73,75.44,41.28
12,175.06,75.64,40.03
17,175.96,75.64,40.03
14,176.92,75.64,40.03
9,177.73,75.64,40.03
10,175.55,73.36,43.94
12,175.31,73.16,43.94
10,175.35,73.6,43.94
12,175.11,73.4,43.94
3,175.19,74.28,43.3
8,175.15,73.84,43.61
8,174.95,74.08,43.61
5,174.75,74.32,43.3
11,174.91,73.64,43.61
12,174.71,73.88,43.61
8,174.51,74.11,43.3
4,174.51,74.11,42.99
3,174.75,74.32,42.99
4,174.31,74.35,42.99
3,174.54,74.55,42.99
4,173.63,75.64,40.66
2,173.69,75.45,41.28
6,173.65,75.64,40.03
11,176.36,72.42,44.23
13,176.11,72.22,44.23
12,176.15,72.66,44.23
13,175.91,72.46,44.23
9,175.95,72.88,43.94
12,175.71,72.68,43.94
10,175.75,73.12,43.94
12,175.51,72.92,43.94
8,176.64,73.07,44.23
10,176.39,72.87,44.23
6,176.43,73.28,43.94
7,176.19,73.08,43.94
6,176.23,73.52,43.94
8,175.99,73.32,43.94
7,177.55,72.82,44.43
6,177.1,73.26,44.23
4,176.91,73.68,43.94
5,176.67,73.48,43.94
2,176.91,73.68,43.61
3,176.67,73.48,43.61
3,176.71,73.92,43.61
3,176.47,73.72,43.61
3,179.05,73.18,44.43
3,178.51,73.6,44.23
5,178.07,73.25,44.43
5,177.59,73.68,44.23
4,177.39,74.08,43.94
4,177.15,73.88,43.94
2,178.05,74.03,43.78
2,177.39,74.08,43.61
2,177.15,73.88,43.61
3,177.19,74.32,43.61
3,176.95,74.12,43.61
10,176.37,75.44,41.91
6,175.95,75.25,41.9
2,177.7,75.2,41.9
6,176.88,75.22,41.9
3,177.24,74.95,42.52
3,176.77,74.58,43.15
5,176.36,75.04,42.52
2,179.49,72.68,44.43
2,178.63,75.45,40.65
2,178.63,75.45,40.02
14,175.62,69.34,44.43
12,175.38,69.13,44.43
15,175.41,69.59,44.43
13,175.17,69.38,44.43
10,174.71,69.43,44.43
11,174.5,69.68,44.43
6,174.25,69.47,44.43
6,174.47,69.22,44.43
17,175.28,70.73,44.43
18,175.07,70.97,44.43
17,175.04,70.53,44.43
17,174.82,70.77,44.43
16,174.79,70.33,44.43
14,174.54,70.13,44.43
16,174.57,70.57,44.43
14,174.32,70.37,44.43
18,174.64,71.45,44.43
18,174.86,71.21,44.43
17,174.39,71.25,44.43
17,174.61,71.01,44.43
15,174.14,71.05,44.43
13,174.01,71.2,44.23
16,174.36,70.81,44.43
10,173.84,70.86,44.24
11,173.95,70.73,44.24
12,173.99,70.91,44.24
14,174.05,70.84,44.43
14,174.13,70.7,44.43
14,174.19,70.55,44.43
11,174.07,70.39,44.23
12,174.05,70.61,44.23
7,173.76,70.74,44.11
9,173.86,70.62,44.11
5,173.65,70.64,44.11
7,173.75,70.52,44.11
9,173.95,70.28,44.1
10,173.96,70.5,44.1
8,173.85,70.4,44.11
3,173.41,70.44,44.12
3,173.51,70.32,44.12
4,173.53,70.54,44.12
4,173.63,70.42,44.12
9,173.32,70.67,43.93
4,173.71,70.08,44.11
7,173.83,70.18,44.11
3,173.61,70.2,44.12
5,173.73,70.3,44.11
17,174.48,71.68,44.23
15,174.28,71.92,44.23
14,174.11,71.71,44.23
11,173.96,71.71,44.1
15,174.24,71.48,44.23
10,173.84,71.62,44.1
8,173.72,71.52,44.11
11,173.93,71.5,44.1
9,173.82,71.4,44.11
15,174.14,71.26,44.23
12,174.02,71.37,44.1
11,173.92,71.28,44.1
7,173.48,71.32,44.12
7,173.6,71.42,44.11
7,173.7,71.3,44.11
6,173.58,71.2,44.12
13,173.36,71.11,43.93
9,173.8,71.18,44.11
10,173.9,71.06,44.1
7,173.68,71.08,44.11
8,173.78,70.96,44.11
8,173.56,70.87,43.93
13,174.07,72.16,44.23
9,173.66,72.28,44.23
8,173.54,72.18,44.11
8,173.67,72.08,44.11
15,173.47,72.43,43.94
11,173.98,71.9,44.1
9,173.86,72.04,44.1
9,173.76,71.96,44.1
10,173.86,71.84,44.1
11,173.86,72.41,44.23
10,173.71,72.63,43.94
16,173.43,71.99,43.93
11,173.63,71.75,43.93
23,173.19,71.79,43.93
15,173.39,71.55,43.93
30,173.23,72.23,43.61
33,172.99,72.03,43.61
32,173.03,72.47,43.61
34,172.79,72.27,43.61
30,172.36,71.88,43.3
32,172.48,71.74,43.3
29,172.55,72.07,43.3
20,172.41,72.75,43.3
22,172.83,72.71,43.3
23,172.59,72.51,43.3
18,172.63,72.95,43.3
9,171.95,72.64,42.74
13,172.15,72.7,43.05
20,172.28,72.09,42.99
17,172.38,72.31,42.99
13,172.3,72.54,42.99
10,172.32,72.98,42.99
8,172.33,73.44,42.99
8,172.44,73.19,42.99
8,171.96,73.17,41.96
6,172.15,73.22,42.55
23,173.51,72.87,43.61
28,173.27,72.67,43.61
23,173.31,73.11,43.3
23,173.07,72.91,43.3
20,173.11,73.35,43.3
19,172.87,73.15,43.3
9,172.91,73.59,42.99
9,172.67,73.39,42.99
8,172.48,73.63,42.99
8,172.71,73.83,42.99
9,171.96,75.13,40.66
13,171.96,74.14,41.3
8,172.15,75.01,41.28
4,172.43,74.08,42.52
6,172.16,74.11,41.91
33,172.95,71.59,43.61
28,173.16,71.35,43.61
33,172.71,71.39,43.61
30,172.92,71.15,43.61
2,173.82,69.46,44.43
2,173.72,69.53,44.24
4,173.85,69.63,44.24
2,173.62,69.65,44.24
3,173.75,69.76,44.24
3,173.64,69.88,44.25
11,174.33,69.92,44.23
9,174.18,69.76,44.23
7,174.09,69.61,44.23
6,173.99,69.74,44.1
12,174.2,70.15,44.23
9,174.04,70.15,44.1
8,174.03,69.92,44.1
6,173.91,69.84,44.1
5,173.81,69.96,44.11
8,173.93,70.06,44.11
828,172.54,73.58,34.59
609,172.32,74.09,34.74
367,172.17,74.59,35.05
441,172.1,73.97,35.02
645,171.95,73.18,34.91
849,172.15,73.17,34.59
119,172.17,74.57,35.63
13,172.69,75.64,38.14
24,172.81,75.46,36.9
19,172.72,75.64,37.53
13,172.05,75.64,38.14
16,172.22,75.48,37.53
784,174.04,73.96,34.59
506,173.64,74.43,34.79
236,173.24,74.89,35.11
822,173.54,73.53,34.59
459,173.15,74.01,34.79
247,172.76,74.5,35.09
35,172.82,75.21,36.27
80,173.24,74.89,35.64
58,172.77,74.5,35.64
2,180.08,75.37,37.78
14,177.71,75.64,38.15
20,176.91,75.64,38.15
27,175.96,75.64,38.14
26,175.06,75.64,38.14
16,177.71,75.64,37.53
17,177.71,75.44,36.9
23,176.91,75.64,37.52
33,176.37,75.64,36.89
27,176.91,75.44,36.89
32,175.96,75.64,37.52
40,175.48,75.64,36.89
41,175.96,75.44,36.89
39,174.54,75.64,36.89
32,175.07,75.64,37.52
43,175.07,75.44,36.89
16,173.69,75.64,38.15
24,173.7,75.64,37.52
28,173.71,75.44,36.89
723,174.93,73.89,34.59
492,174.52,74.36,34.79
227,174.12,74.84,35.12
479,175.41,74.35,34.59
284,175,74.79,34.79
171,174.61,75.13,35.12
314,176.29,74.27,34.59
238,175.88,74.72,34.79
149,175.48,75.08,35.12
111,177.17,74.18,34.59
136,176.77,74.64,34.79
108,176.36,75.03,35.12
8,178.06,74.07,34.59
33,177.65,74.55,34.79
53,177.24,74.96,35.12
7,178.12,74.9,35.12
39,173.7,75.16,36.27
88,174.12,74.84,35.65
109,174.61,75.13,35.65
60,174.54,75.44,36.26
63,175.06,75.27,36.27
60,175.48,75.44,36.26
100,175.48,75.08,35.65
55,175.95,75.25,36.27
46,176.37,75.44,36.26
69,176.36,75.03,35.65
32,177.24,74.95,35.65
34,176.88,75.22,36.27
7,178.12,74.9,35.65
17,177.7,75.2,36.27
5,178.6,75.2,36.29
4,179.23,75.44,38.01
4,179.23,75.44,38.31
2,179.49,75.29,38.3
6,178.6,75.44,38.15
3,179.5,75.29,37.99
2,179.71,75.19,37.99
2,179.86,75.36,37.49
4,179.46,75.48,37.6
2,179.33,75.18,36.83
5,178.62,75.2,36.89
8,178.56,75.45,37.55
5,179.08,75.36,37.36
120,172.03,74.54,36.27
195,172.1,73.96,35.63
17,171.95,75.17,38.17
29,171.93,75.06,37.66
131,171.92,74.51,36.94
225,171.94,73.93,36.27
341,171.96,73.17,35.58
834,172.09,72.17,34.58
656,171.95,72.24,34.89
465,172.2,66.22,34.58
623,172.21,66.22,34.54
425,172.19,66.16,34.58
366,172.24,66.11,34.6
651,172.24,66.16,34.54
210,172.2,66.17,34.67
206,172.24,66.11,34.66
122,172.2,66.11,34.72
591,172.22,66.32,34.54
275,172.2,66.22,34.65
23,171.89,65.78,34.97
8,171.89,65.78,35
25,171.83,65.79,35
13,172.09,75.37,37.52
23,172.02,75.03,37.21
19,171.94,75.38,37.26
51,171.9,74.95,37.21
102,171.92,74.77,36.92
7,163.33,75.59,35.45
62,163.33,75.61,35.11
37,172.23,75.39,36.12
84,172.01,74.84,36.28
148,171.89,74.82,36.31
51,171.98,75.51,36.12
50,171.79,75.62,36.13
58,171.51,75.66,36.11
35,171.79,75.62,36.47
51,171.71,75.65,36.12
38,171.51,75.66,36.42
23,172.21,75.51,36.89
29,172.39,74.94,36.27
25,172.24,75.39,36.43
24,172.04,75.52,36.84
34,171.98,75.51,36.44
24,171.8,75.58,36.87
58,163.83,75.66,34.72
90,163.51,75.65,34.7
70,163.54,75.54,34.98
35,163.96,75.68,35.02
55,163.58,75.56,35.15
60,164,75.67,34.86
5,163.58,75.56,35.46
121,171.71,75.65,35.11
222,171.76,75.51,35.15
91,171.71,75.65,34.74
179,171.76,75.51,34.83
287,172.12,75.34,35.18
10,171.78,74.83,35.12
330,172.13,75.12,35.03
282,172.12,75.35,34.88
360,171.97,74.92,35
17,171.78,74.85,34.76
152,171.14,75.65,35.05
203,171.42,75.53,35.14
115,171.16,75.65,34.7
174,171.42,75.54,34.83
113,172.13,75.11,35.8
89,172.12,75.34,35.8
170,171.95,74.91,35.8
158,171.79,74.82,35.8
177,172.13,75.11,35.48
164,172.12,75.34,35.49
242,171.95,74.91,35.48
159,171.79,74.82,35.47
102,171.76,75.51,35.8
107,171.6,75.54,35.8
164,171.6,75.54,35.48
161,171.76,75.51,35.48
99,171.13,75.65,35.78
122,171.42,75.52,35.8
129,171.13,75.65,35.44
170,171.42,75.52,35.47
220,171.75,75.43,34.67
259,171.93,75.25,34.67
185,171.39,75.47,34.7
48,163.75,75.61,34.58
67,163.51,75.51,34.58
154,171.53,75.5,34.56
182,171.62,75.31,34.55
216,171.74,75.03,34.57
146,171.18,75.46,34.57
23,171.86,65.74,34.95
79,171.83,65.78,34.97
49,171.83,65.74,34.93
38,171.82,65.73,34.93
53,171.82,65.73,34.91
69,171.82,65.73,34.89
191,171.79,65.73,34.89
75,171.82,65.73,34.87
234,171.79,65.73,34.87
338,171.78,65.74,34.91
208,171.79,65.75,34.93
124,171.82,65.75,34.93
114,171.8,65.74,34.93
147,171.79,65.73,34.91
79,171.78,65.79,35
156,171.81,65.79,34.96
437,171.78,65.79,34.94
643,171.74,65.79,34.93
552,171.75,65.79,34.94
527,171.76,65.79,34.93
561,171.77,65.76,34.91
892,171.71,65.79,34.91
1048,171.73,65.77,34.87
990,171.71,65.8,34.89
1086,171.71,65.8,34.87
287,171.76,65.73,34.91
382,171.76,65.73,34.89
477,171.76,65.73,34.87
529,171.75,65.75,34.91
822,171.72,65.79,34.92
689,171.74,65.76,34.91
840,171.74,65.76,34.89
964,171.74,65.76,34.87
656,171.75,65.75,34.89
765,171.75,65.75,34.87
106075,171.76,65.73,34.76
76043,171.76,65.73,34.78
86784,171.76,65.73,34.74
30437,171.76,65.73,34.72
2885,171.74,65.73,34.78
3777,171.74,65.73,34.76
1634,171.72,65.75,34.78
1904,171.72,65.75,34.76
2682,171.74,65.73,34.72
3299,171.74,65.73,34.74
2416,171.72,65.75,34.72
2178,171.72,65.75,34.74
1657,171.67,65.8,34.77
1919,171.67,65.8,34.76
2360,171.67,65.8,34.74
2612,171.67,65.8,34.72
1542,171.68,65.8,34.78
1678,171.7,65.78,34.78
1962,171.7,65.78,34.76
1676,171.71,65.76,34.78
1954,171.71,65.76,34.76
2664,171.68,65.8,34.71
2540,171.7,65.78,34.72
2471,171.71,65.76,34.72
2320,171.7,65.78,34.74
2268,171.71,65.76,34.74
1204,171.7,65.8,34.85
1263,171.71,65.78,34.83
1255,171.7,65.8,34.83
1173,171.71,65.8,34.86
1145,171.73,65.77,34.85
1228,171.72,65.78,34.83
1365,171.7,65.77,34.81
1324,171.68,65.8,34.82
1332,171.71,65.76,34.82
1397,171.68,65.8,34.8
1477,171.7,65.78,34.8
1461,171.71,65.76,34.8
538,171.76,65.73,34.85
659,171.76,65.73,34.83
2240,171.76,65.73,34.82
20244,171.76,65.73,34.8
853,171.75,65.75,34.85
1046,171.74,65.76,34.85
925,171.75,65.75,34.83
1120,171.74,65.76,34.83
1094,171.74,65.73,34.82
1555,171.74,65.73,34.8
1228,171.72,65.75,34.82
1387,171.72,65.75,34.8
3669,171.73,65.79,34.57
3246,171.67,65.82,34.57
3366,171.7,65.8,34.57
3048,171.67,65.81,34.62
2818,171.68,65.79,34.62
2958,171.67,65.8,34.6
2927,171.68,65.79,34.6
3118,171.66,65.82,34.6
3092,171.66,65.81,34.62
3090,171.7,65.78,34.6
3296,171.71,65.76,34.6
2883,171.7,65.78,34.62
3047,171.71,65.76,34.62
3860,171.73,65.79,34.49
6141,171.62,65.85,34.45
4639,171.7,65.8,34.5
4332,171.67,65.82,34.51
5325,171.65,65.82,34.45
4664,171.67,65.81,34.48
4038,171.7,65.82,34.45
1747,171.7,65.77,34.46
3695,171.67,65.82,34.54
4117,171.7,65.8,34.53
4167,171.73,65.79,34.53
2953,171.75,65.72,34.64
2903,171.75,65.72,34.66
3325,171.75,65.72,34.7
2776,171.75,65.72,34.68
3310,171.74,65.73,34.64
3076,171.72,65.75,34.64
3105,171.74,65.73,34.66
2879,171.72,65.75,34.66
2892,171.72,65.72,34.68
2664,171.72,65.72,34.7
2661,171.71,65.74,34.68
2497,171.71,65.74,34.7
2991,171.75,65.71,34.57
2200,171.75,65.69,34.6
2134,171.75,65.69,34.62
3269,171.73,65.71,34.6
3224,171.73,65.71,34.62
3730,171.72,65.74,34.57
3624,171.72,65.72,34.6
3533,171.71,65.74,34.6
3512,171.72,65.72,34.62
3307,171.71,65.74,34.62
3295,171.75,65.71,34.53
2270,171.72,65.74,34.49
3489,171.72,65.74,34.53
1786,171.75,65.71,34.49
1117,171.72,65.69,34.47
810,171.74,65.66,34.5
2981,171.67,65.81,34.64
2955,171.68,65.8,34.66
2752,171.7,65.77,34.66
2957,171.68,65.8,34.64
2777,171.7,65.77,34.64
2855,171.71,65.76,34.64
2755,171.71,65.76,34.66
2911,171.66,65.8,34.68
2857,171.66,65.8,34.7
2576,171.68,65.76,34.68
2537,171.69,65.75,34.68
2562,171.68,65.76,34.7
2461,171.69,65.75,34.7
134,171.8,65.71,34.85
266,171.78,65.72,34.85
2258,171.8,65.71,34.83
834,171.78,65.72,34.83
46003,171.8,65.71,34.82
12475,171.78,65.72,34.82
173116,171.8,65.71,34.8
78613,171.78,65.72,34.8
288783,171.82,65.7,34.78
331955,171.82,65.7,34.76
295565,171.8,65.71,34.78
346725,171.8,65.71,34.76
214281,171.78,65.72,34.76
171644,171.78,65.72,34.78
316242,171.82,65.7,34.74
246835,171.82,65.7,34.72
325577,171.8,65.71,34.74
228373,171.8,65.71,34.72
105440,171.78,65.72,34.72
192583,171.78,65.72,34.74
7706,171.8,65.69,34.66
3976,171.8,65.69,34.64
971,171.79,65.7,34.66
428,171.79,65.7,34.64
1420,171.76,65.7,34.64
1616,171.76,65.7,34.66
126151,171.8,65.69,34.7
41150,171.8,65.69,34.68
68748,171.79,65.7,34.7
8175,171.79,65.7,34.68
10911,171.76,65.7,34.7
2708,171.76,65.7,34.68
801,171.77,65.68,34.57
728,171.77,65.68,34.61
1013,171.74,65.65,34.53
117724,171.83,65.67,34.69
21184,171.83,65.67,34.65
311,171.85,65.64,34.57
432,171.8,65.65,34.57
2331,171.85,65.64,34.61
2617,171.8,65.65,34.61
340,171.82,65.62,34.53
397,171.77,65.62,34.53
17,171.85,65.72,34.93
23,171.85,65.72,34.91
12,171.83,65.71,34.93
15,171.83,65.71,34.91
21,171.85,65.72,34.89
26,171.85,65.72,34.87
11,171.87,65.72,34.89
16,171.87,65.72,34.87
12,171.83,65.71,34.89
14,171.83,65.71,34.87
447,171.86,65.7,34.84
173,171.82,65.7,34.85
2731,171.82,65.7,34.83
70465,171.86,65.7,34.81
65472,171.82,65.7,34.82
187785,171.82,65.7,34.8
551,171.85,65.59,34.54
4222,171.54,65.89,34.5
3000,171.64,65.8,34.56
3384,171.62,65.82,34.58
3203,171.62,65.81,34.61
5259,171.62,65.85,34.48
4478,171.59,65.84,34.5
4045,171.65,65.81,34.5
3962,171.62,65.82,34.51
4881,171.65,65.83,34.48
4323,171.62,65.83,34.5
3725,171.61,65.82,34.54
3386,171.64,65.81,34.53
4909,171.57,65.89,34.49
5652,171.6,65.87,34.48
4501,171.57,65.87,34.5
4005,171.59,65.82,34.51
3844,171.59,65.82,34.53
6775,171.57,65.86,34.45
7397,171.54,65.87,34.45
4604,171.54,65.89,34.49
8505,171.51,65.89,34.45
8560,171.54,65.88,34.42
7705,171.57,65.87,34.42
7139,171.62,65.86,34.42
2163,171.7,65.83,34.42
6014,171.65,65.83,34.42
1037,171.7,65.77,34.42
883,171.72,65.74,34.43
1093,171.69,65.72,34.47
701,171.74,65.65,34.45
788,171.72,65.69,34.44
501,171.77,65.61,34.46
662,171.79,65.59,34.47
854,171.82,65.57,34.47
2,171.67,75.41,44.23
10,171.67,75.41,43.86
2,171.67,75.05,43.85
115,171.38,75.65,43.32
23,170.83,75.65,44.05
63,171.21,75.45,43.71
26,171.21,75.45,44.05
13,170.37,75.65,44.05
11,171.19,75.36,44.23
2,170.84,75.35,44.43
2,170.37,75.58,44.43
7,171.94,65.79,35
3,171.95,65.73,34.97
5,171.91,65.73,34.95
10,171.89,65.72,34.92
6,171.89,65.71,34.89
9,171.89,65.71,34.87
9,171.9,65.72,34.89
12,171.9,65.72,34.87
9,171.94,65.78,34.93
14,171.91,65.74,34.92
18,171.93,65.74,34.89
16,171.92,65.73,34.89
25,171.93,65.74,34.87
19,171.92,65.73,34.87
222,172.11,65.82,34.57
361,172.12,65.82,34.48
290,172.11,65.8,34.53
626,172.19,65.92,34.52
414,172.17,65.92,34.53
364,172.18,65.89,34.55
639,172.21,65.9,34.52
360,172.22,65.99,34.58
282,172.19,65.94,34.6
540,172.21,65.98,34.55
443,172.18,65.94,34.53
655,172.22,65.95,34.53
664,172.26,65.95,34.54
567,172.17,65.89,34.51
691,172.19,65.89,34.48
364,172.12,65.8,34.49
475,172.17,65.86,34.51
378,172.15,65.82,34.51
383,172.17,65.87,34.54
399,172.16,65.83,34.5
487,172.15,65.84,34.48
355,172.16,65.82,34.54
643,172.21,65.89,34.51
599,172.17,65.86,34.49
681,172.2,65.89,34.49
847,172.23,65.88,34.44
771,172.17,65.86,34.46
6,172,65.79,34.8
6,171.98,65.79,34.85
26,171.94,65.76,34.85
24,171.96,65.76,34.83
37,171.94,65.76,34.83
6,171.98,65.79,34.81
23,171.96,65.76,34.81
22,171.96,65.76,34.8
39,171.94,65.76,34.81
46,171.95,65.76,34.8
14,172,65.79,34.73
8,171.98,65.8,34.73
9,171.96,65.77,34.74
9,171.96,65.77,34.72
19,171.95,65.76,34.74
13,171.95,65.76,34.72
7,172,65.79,34.77
6,171.98,65.8,34.77
15,171.96,65.77,34.78
12,171.96,65.77,34.76
38,171.95,65.76,34.78
32,171.95,65.76,34.76
201,172.09,65.81,34.58
193,172.06,65.8,34.57
182,172.03,65.79,34.57
222,172.06,65.8,34.6
222,172.08,65.81,34.61
184,172.03,65.78,34.61
569,172.06,65.82,34.48
436,172.06,65.8,34.5
495,172.03,65.79,34.49
633,172.03,65.81,34.48
719,172.09,65.84,34.45
749,172.04,65.85,34.45
741,172.01,65.82,34.45
659,172,65.75,34.46
466,172.06,65.76,34.49
416,172.09,65.78,34.49
302,172.09,65.78,34.53
327,172.06,65.76,34.53
753,172.15,65.84,34.45
700,172.12,65.81,34.45
190,172,65.77,34.57
198,171.97,65.74,34.57
141,172,65.77,34.61
121,171.97,65.74,34.61
491,172,65.71,34.49
450,171.99,65.66,34.5
483,172.03,65.74,34.49
343,172.03,65.74,34.53
346,172,65.71,34.53
76,172,65.76,34.65
56,171.97,65.74,34.65
48,172.03,65.79,34.69
35,172,65.75,34.69
22,171.97,65.74,34.69
148,172.08,65.8,34.65
112,172.05,65.8,34.66
124,172.03,65.77,34.64
70,172.05,65.79,34.69
192,171.94,65.66,34.57
117,171.94,65.66,34.61
344,171.99,65.66,34.53
246,171.97,65.69,34.57
147,171.97,65.69,34.61
167363,171.86,65.7,34.73
183826,171.86,65.7,34.77
37973,171.88,65.67,34.69
5523,171.88,65.67,34.65
517,171.88,65.61,34.57
2292,171.88,65.61,34.61
267,171.91,65.64,34.57
424,171.91,65.64,34.61
329,171.88,65.61,34.54
301,171.91,65.64,34.53
310,171.96,65.63,34.53
298,171.91,65.69,34.81
4,171.91,65.69,34.84
7,171.94,65.72,34.84
9,171.94,65.72,34.81
693,171.91,65.69,34.73
722,171.91,65.69,34.77
14,171.94,65.72,34.73
11,171.94,65.72,34.77
108,171.94,65.66,34.65
184,171.94,65.66,34.69
65,171.97,65.69,34.65
29,171.97,65.69,34.69
3,171.97,65.73,34.96
6,171.99,65.79,34.96
5,172.02,65.79,34.92
7,171.97,65.78,34.92
18,171.94,65.75,34.89
23,171.94,65.75,34.87
5,172.02,65.78,34.88
6,172,65.78,34.92
6,171.97,65.79,34.88
958,172.15,65.85,34.42
956,172.12,65.82,34.42
954,172.23,65.84,34.43
763,172.02,65.68,34.44
816,172.04,65.7,34.44
928,172.06,65.79,34.42
731,172.02,65.64,34.46
720,171.88,65.56,34.48
639,171.91,65.63,34.46
627,171.88,65.61,34.46
679,171.96,65.62,34.46
339,172.25,66.05,34.6
662,172.3,66.1,34.55
700,172.4,66.1,34.56
739,172.43,66.1,34.56
65,172.21,65.99,34.76
77,172.21,65.96,34.73
319,172.29,65.99,34.6
684,172.35,65.95,34.56
201,172.23,66,34.65
139,172.2,65.95,34.67
111,172.21,66.16,34.74
187,172.26,66.05,34.67
85,172.21,66.05,34.75
746,172.43,66,34.56
695,172.39,66,34.56
339,172.35,66.04,34.61
2,172.72,69.87,44.28
4,172.19,70.19,44.26
2,172.27,69.92,44.27
7,172.29,70.38,44.29
8,172.23,70.57,44.23
20,172.31,71.17,43.99
18,172.31,70.99,43.99
15,172.31,70.76,43.99
26,172.31,71.38,43.67
29,172.31,71.53,43.67
28,172.28,71.58,43.36
25,172.19,71.62,43.37
21,172.14,71.79,43.06
10,172.14,72.3,42.56
32,172.75,71.83,43.3
33,172.54,71.59,43.3
30,172.5,71.19,43.61
25,172.41,70.98,43.61
31,172.42,71.42,43.3
18,172.88,70.71,43.93
28,172.68,70.95,43.61
24,173.12,70.91,43.61
9,172.42,70.31,44.14
16,172.63,70.51,43.93
24,172.48,70.75,43.61
7,172.6,70.07,44.14
6,172.31,70.1,44.12
4,172.4,69.87,44.13
3,172.8,69.83,44.13
2,172.56,69.63,44.13
11,172.84,70.27,43.93
3,173.04,70.03,44.13
4,173.17,70.24,44.13
2,173.27,70.12,44.13
3,173.29,70.34,44.13
2,173.39,70.22,44.13
11,173.08,70.47,43.93
2,173.59,69.98,44.12
2,173.49,70.1,44.12
3,171.95,70.61,44.41
4,172.05,70.72,44.16
16,172.17,71.15,43.78
14,172.17,71.02,43.78
11,172.17,70.85,43.78
19,172.17,71.3,43.44
18,172.15,71.44,43.17
19,172.17,71.41,43.44
16,172.04,71.45,43.13
12,171.95,71.62,42.65
9,171.96,75.14,40.03
8,171.95,72.23,41.97
13,176.28,71.55,44.43
14,176.07,71.8,44.43
15,176.03,71.34,44.43
15,175.82,71.59,44.43
15,175.91,69.99,44.43
15,175.87,69.54,44.43
16,175.66,69.79,44.43
16,175.78,71.14,44.43
17,175.57,71.38,44.43
17,175.53,70.93,44.43
17,175.32,71.17,44.43
16,175.7,70.24,44.43
17,175.5,70.49,44.43
16,175.46,70.04,44.43
17,175.25,70.29,44.43
17,175.23,69.84,44.23
15,174.98,69.63,44.23
17,175.02,70.08,44.23
15,174.78,69.88,44.23
7,172.67,75.64,39.15
6,172.66,75.64,39.46
7,172.04,75.64,39.46
8,172.04,75.65,39.14
9,172.68,75.64,38.77
10,172.05,75.64,38.77
4,172.77,75.45,40.02
6,172.22,75.45,40.02
14,175.07,72.96,43.94
14,174.83,72.76,43.94
14,174.87,73.2,43.94
13,174.63,72.99,43.94
15,174.67,73.43,43.61
16,174.43,73.23,43.61
15,174.47,73.67,43.61
12,174.27,73.91,43.3
16,174.23,73.47,43.61
16,174.03,73.71,43.3
10,174.03,73.71,42.99
7,174.27,73.91,42.99
8,173.83,73.95,42.99
6,174.07,74.15,42.99
3,173.64,74.41,42.52
2,173.24,74.89,41.9
4,172.83,75.19,41.27
3,172.76,75.45,40.65
12,174.59,72.55,43.94
10,174.35,72.35,43.94
9,174.15,72.59,43.94
10,174.39,72.79,43.94
16,173.95,72.83,43.61
16,174.19,73.03,43.61
19,173.75,73.07,43.61
22,173.55,73.31,43.3
17,173.99,73.27,43.61
19,173.79,73.51,43.3
12,173.79,73.51,42.99
15,173.55,73.31,42.99
10,173.59,73.75,42.99
11,173.35,73.55,42.99
3,173.17,74.01,42.52
2,172.75,74.49,41.9
6,172.46,74.96,41.27
5,172.22,75.45,40.65
15,175.87,72.01,44.23
16,175.62,71.81,44.23
15,175.66,72.26,44.23
16,175.42,72.05,44.23
14,175.47,72.48,43.94
15,175.23,72.28,43.94
14,175.27,72.72,43.94
15,175.03,72.52,43.94
18,175.38,71.61,44.23
17,175.18,71.85,44.23
18,174.93,71.64,44.23
18,175.14,71.4,44.23
16,174.99,72.08,43.94
14,174.75,71.87,43.94
14,174.79,72.31,43.94
12,174.55,72.11,43.94
18,175.06,75.64,39.15
15,175.06,75.64,39.46
21,175.96,75.64,39.15
19,175.96,75.64,39.46
16,176.92,75.64,39.15
15,176.92,75.64,39.46
11,177.73,75.64,39.15
10,177.73,75.64,39.46
8,173.66,75.64,39.46
9,173.67,75.64,39.15
12,177.72,75.64,38.77
18,176.91,75.64,38.77
23,175.96,75.64,38.77
21,175.06,75.64,38.77
12,173.67,75.64,38.77
2,179.27,75.45,39.3
2,179.26,75.45,39.15
2,179.27,75.45,39.55
3,178.61,75.44,39.15
3,178.62,75.44,39.46
3,179.24,75.44,38.62
2,179.49,75.29,38.61
3,179.25,75.44,38.93
4,178.61,75.44,38.77
9,177.05,72.4,44.43
8,176.84,72.83,44.23
9,176.6,72.63,44.23
11,176.78,71.97,44.43
12,176.53,71.76,44.43
10,176.56,72.18,44.23
12,176.32,71.98,44.23
4,176.03,73.76,43.61
4,175.83,74,43.61
2,175.63,74.24,43.3
5,175.79,73.56,43.61
5,175.59,73.8,43.61
3,175.39,74.04,43.3
3,174.53,75.44,41.28
7,174.51,75.64,40.66
2,176.29,74.18,43.15
12,175.47,75.64,40.66
7,175.06,75.44,40.65
3,175.06,75.27,41.27
8,175.47,75.44,41.28
2,175.88,74.66,42.52
3,175.48,75.08,41.9
15,176.37,75.64,40.66
11,175.96,75.44,40.65
7,175.95,75.25,41.27
11,176.37,75.44,41.28
6,176.88,75.22,41.27
9,176.92,75.44,40.65
2,177.7,75.2,41.27
4,177.72,75.44,40.65
9,174.51,75.64,40.03
15,175.47,75.64,40.03
9,175.06,75.44,40.02
16,176.37,75.64,40.03
13,175.96,75.44,40.02
10,176.91,75.44,40.02
5,177.72,75.44,40.02
7,175.55,73.36,43.61
10,175.31,73.16,43.61
7,175.35,73.6,43.61
10,175.11,73.4,43.61
6,174.93,73.86,43.15
2,173.68,75.45,40.65
2,173.69,75.44,40.02
8,176.35,72.4,43.94
11,176.11,72.2,43.94
9,176.15,72.64,43.94
11,175.91,72.44,43.94
7,175.95,72.88,43.61
9,175.71,72.68,43.61
7,175.75,73.12,43.61
9,175.51,72.92,43.61
5,176.63,73.04,43.94
7,176.39,72.84,43.94
3,176.43,73.28,43.61
5,176.19,73.08,43.61
4,176.23,73.52,43.61
5,175.99,73.32,43.61
5,178.42,71.83,44.43
6,177.99,72.32,44.43
5,177.51,72.77,44.23
3,177.09,73.22,43.78
2,176.69,73.7,43.15
2,178.93,73.11,44.23
4,178.51,72.75,44.43
4,178.01,73.18,44.23
2,177.57,73.62,43.78
2,177.24,74.95,41.9
3,176.77,74.58,42.52
6,176.36,75.03,41.9
3,178.96,72.25,44.43
11,176.04,68.84,44.43
9,175.8,68.63,44.43
13,175.84,69.09,44.43
10,175.59,68.88,44.43
9,175.14,68.93,44.43
10,174.92,69.18,44.43
5,174.68,68.97,44.43
5,174.89,68.72,44.43
16,175.64,69.35,44.23
13,175.39,69.15,44.23
16,175.43,69.59,44.23
14,175.19,69.39,44.23
2,174,69.26,44.43
2,174.22,69.01,44.43
12,174.74,69.43,44.23
12,174.54,69.68,44.23
7,174.3,69.47,44.23
7,174.5,69.23,44.23
18,175.31,70.72,44.23
18,175.1,70.96,44.23
18,175.06,70.52,44.23
18,174.86,70.76,44.23
17,174.82,70.32,44.23
15,174.58,70.12,44.23
17,174.61,70.56,44.23
14,174.37,70.36,44.23
17,174.69,71.44,44.23
18,174.89,71.2,44.23
17,174.44,71.24,44.23
17,174.65,71,44.23
15,174.2,71.04,44.23
12,174.02,71.18,44.1
16,174.41,70.8,44.23
11,174,70.93,44.1
14,174.11,70.83,44.23
10,173.88,70.84,44.11
11,173.97,70.72,44.1
14,174.19,70.69,44.23
14,174.24,70.54,44.23
11,174.07,70.38,44.1
11,174.06,70.59,44.1
6,173.76,70.63,43.93
7,173.96,70.39,43.93
15,173.32,70.67,43.61
5,173.52,70.43,43.93
4,173.72,70.19,43.93
12,174.51,71.67,43.94
10,174.31,71.91,43.94
9,174.08,71.71,43.94
11,174.27,71.47,43.94
9,173.84,71.51,43.93
9,174.04,71.27,43.93
10,173.6,71.31,43.93
21,173.36,71.11,43.61
8,173.8,71.07,43.93
12,173.56,70.87,43.61
9,174.11,72.15,43.94
11,173.67,72.19,43.94
24,173.47,72.43,43.61
9,173.87,71.95,43.93
9,173.91,72.39,43.94
19,173.71,72.63,43.61
11,171.96,73.17,41.3
25,173.43,71.99,43.61
18,173.63,71.75,43.61
30,173.19,71.79,43.61
24,173.39,71.55,43.61
30,173.23,72.23,43.3
31,172.99,72.03,43.3
27,173.03,72.47,43.3
28,172.79,72.27,43.3
27,172.49,71.75,43
24,172.36,71.87,42.99
21,172.55,72.07,42.99
7,172.15,72.71,42.67
11,172.41,72.75,42.99
13,172.83,72.71,42.99
14,172.59,72.51,42.99
10,172.63,72.95,42.99
9,172.37,72.34,42.51
4,172.15,73.2,41.92
4,172.4,73.21,42.51
25,173.51,72.87,43.3
27,173.27,72.67,43.3
15,173.31,73.11,42.99
14,173.07,72.91,42.99
11,173.11,73.35,42.99
10,172.87,73.15,42.99
3,172.7,73.61,42.52
18,171.96,74.14,40.66
9,172.15,75.01,40.65
2,172.43,74.08,41.9
8,172.16,74.11,41.28
33,172.95,71.59,43.3
32,173.16,71.35,43.3
33,172.71,71.39,43.3
32,172.92,71.15,43.3
11,171.96,75.13,39.4
13,171.96,75.12,38.77
3,173.89,69.45,44.23
3,173.75,69.54,44.1
4,173.87,69.64,44.1
2,173.57,69.76,44.11
2,173.67,69.64,44.1
4,173.79,69.74,44.1
3,173.69,69.86,44.11
11,174.36,69.91,43.94
7,174.12,69.71,43.94
9,174.16,70.15,43.94
6,173.92,69.95,43.93
835,173.02,73.11,34.59
487,172.64,73.6,34.78
272,172.37,74.14,35.09
710,171.95,72.67,34.79
392,172.15,73.21,35.04
547,172.3,73.2,34.78
834,172.43,72.66,34.59
56,172.17,74.56,36.28
75,172.38,74.12,35.64
7,172.78,75.44,38.14
13,172.82,75.21,36.89
13,172.8,75.45,37.52
11,172.23,75.45,38.14
12,172.24,75.32,37.43
15,172.39,74.84,36.85
12,172.41,75.08,37.08
796,174.44,73.47,34.59
466,174.04,73.94,34.79
193,173.64,74.41,35.12
827,173.95,73.05,34.59
353,173.56,73.53,34.79
118,173.17,74.01,35.12
19,173.24,74.89,36.27
42,173.64,74.41,35.65
13,172.76,74.49,36.27
22,173.17,74.01,35.65
10,177.71,75.44,38.15
25,176.37,75.64,38.14
15,176.91,75.44,38.15
27,175.47,75.64,38.14
23,175.96,75.44,38.14
22,174.53,75.64,38.14
21,175.07,75.44,38.14
13,177.71,75.44,37.52
10,177.7,75.2,36.9
29,176.37,75.64,37.52
20,176.91,75.44,37.52
20,176.88,75.22,36.9
34,176.37,75.44,36.89
33,175.48,75.64,37.52
31,175.96,75.44,37.52
35,175.95,75.25,36.9
43,175.48,75.44,36.89
38,174.54,75.44,36.89
30,174.53,75.64,37.52
36,175.06,75.27,36.9
30,175.07,75.44,37.52
8,173.7,75.44,38.15
15,173.71,75.44,37.52
14,173.7,75.16,36.9
665,175.33,73.4,34.59
460,174.93,73.87,34.79
216,174.53,74.33,35.12
511,175.81,73.83,34.59
409,175.41,74.29,34.79
224,175,74.74,35.12
9,177.99,73.16,34.59
214,176.69,73.75,34.59
238,176.29,74.21,34.79
171,175.88,74.66,35.12
42,177.58,73.66,34.59
74,177.17,74.13,34.79
85,176.77,74.58,35.12
5,178.05,74.04,34.79
19,177.65,74.51,35.12
26,174.12,74.84,36.27
51,174.53,74.33,35.65
93,175,74.74,35.65
51,174.61,75.13,36.27
67,175.88,74.66,35.65
51,175.48,75.08,36.27
30,176.77,74.58,35.65
34,176.36,75.03,36.27
8,177.65,74.51,35.65
14,177.24,74.95,36.27
6,178.12,74.9,36.27
2,179.27,75.22,37.99
2,179.27,75.22,38.3
2,179.46,75.01,37.99
2,178.59,75.17,38.15
2,179.01,74.83,36.9
2,179.5,75.17,37.5
4,178.12,74.9,36.9
4,178.6,75.18,37.51
14,172.13,75.06,38.17
17,172.07,75.03,37.6
81,172.02,74.55,36.92
105,172.1,73.96,36.27
142,172.15,73.2,35.62
484,172.26,72.26,34.78
352,172.15,72.32,35.03
47,171.94,74.57,38.07
75,171.92,74.54,37.57
157,171.94,73.94,36.9
202,171.96,73.18,36.25
351,171.96,72.3,35.53
778,172.31,71.79,34.58
738,171.95,71.65,34.86
472,172.2,66.27,34.58
399,172.24,66.22,34.6
648,172.25,66.27,34.54
372,172.26,66.16,34.6
691,172.31,66.21,34.54
221,172.27,66.16,34.67
126,172.24,66.1,34.72
277,172.25,66.22,34.65
388,172.04,67.09,34.54
333,172.25,66.33,34.65
420,172.25,66.33,34.61
90,172.26,66.17,34.76
392,171.99,67.03,34.55
611,172.27,66.43,34.55
497,172.2,66.33,34.58
263,172.21,66.27,34.66
116,172.21,66.22,34.75
342,172.21,66.33,34.64
65,172.21,66.16,34.81
47,172.22,66.05,34.81
34,172.21,66,34.82
5,171.89,65.72,34.96
2,171.89,65.73,35.01
4,171.83,65.73,35.01
14,171.86,65.79,35.01
7,171.91,65.79,35.01
7,171.88,65.79,35.03
11,171.83,65.79,35.03
44,171.8,65.79,35.01
15,172.04,75.33,37.17
53,172.01,74.85,36.87
34,171.98,75,37.12
23,171.84,75.26,37.19
98,171.89,74.82,36.9
6,163.35,75.31,35.45
6,163.46,75.49,35.47
50,163.35,75.37,35.04
42,163.46,75.5,35.17
115,163.35,75.43,34.71
12,164.26,75.75,37.19
30,164.41,75.75,36.91
30,164.41,75.75,36.28
91,171.78,74.82,36.46
51,172.13,75.12,36.27
46,172.12,75.34,36.11
99,171.96,74.92,36.3
108,171.79,74.82,36.13
58,171.76,75.51,36.12
46,171.13,75.65,36.42
68,171.12,75.65,36.11
78,171.41,75.52,36.11
37,171.76,75.51,36.44
62,171.6,75.54,36.12
29,171.71,75.64,36.77
32,171.27,75.66,36.89
51,171.42,75.52,36.43
17,172.19,75.34,36.89
21,172.26,75.14,36.77
31,172.12,75.34,36.43
24,171.8,75.5,36.81
51,164.06,75.65,34.65
40,163.91,75.51,34.85
58,163.65,75.49,34.85
31,163.63,75.45,35.2
22,163.98,75.56,35.11
44,164.02,75.56,34.93
61,164.42,75.66,34.88
4,163.63,75.45,35.49
60,164.59,75.67,35.59
77,165.31,75.64,34.92
73,165.34,75.64,35.6
102,170.21,75.64,35.58
118,170.23,75.64,34.91
211,171.6,75.54,35.15
286,171.74,75.38,35.18
171,171.6,75.54,34.82
284,171.74,75.38,34.88
4,171.71,74.69,35.11
298,171.94,75.22,35.18
142,171.76,74.92,35.15
10,171.71,74.69,34.75
302,171.94,75.21,34.87
61,171.75,74.93,34.84
129,170.68,75.64,34.91
176,171.06,75.47,35.13
212,171.34,75.39,35.17
167,171.08,75.48,34.85
212,171.34,75.4,34.9
126,171.94,75.21,35.8
148,171.76,74.91,35.8
4,171.71,74.7,35.8
193,171.94,75.21,35.49
163,171.76,74.91,35.48
4,171.71,74.7,35.46
126,171.74,75.38,35.8
143,171.5,75.45,35.8
195,171.5,75.45,35.49
203,171.74,75.38,35.49
109,170.65,75.64,35.59
121,171.06,75.46,35.79
142,171.34,75.38,35.81
151,171.07,75.46,35.47
179,171.34,75.38,35.49
38,163.88,75.43,34.78
50,163.67,75.35,34.78
192,171.45,75.41,34.68
198,171.56,75.27,34.67
187,171.71,75.06,34.66
165,171.11,75.34,34.74
32,164.32,75.57,34.58
32,164.05,75.46,34.58
36,163.71,75.23,34.58
80,165.28,75.53,34.58
113,170.23,75.55,34.59
160,171.35,75.1,34.56
80,171.57,74.74,34.55
105,170.66,75.27,34.58
12,171.67,74.5,34.55
34,171.78,65.79,35.03
16,171.83,65.72,34.96
31,171.8,65.71,34.93
42,171.8,65.71,34.91
130,171.78,65.72,34.91
50,171.8,65.71,34.89
170,171.78,65.72,34.89
55,171.8,65.71,34.87
223,171.78,65.72,34.87
119,171.74,65.79,35.01
16,171.78,65.73,35.01
70,171.81,65.74,34.95
218,171.78,65.79,34.97
228,171.78,65.74,34.93
103,171.79,65.73,34.93
203,171.76,65.73,34.93
92,171.78,65.72,34.93
201,171.72,65.78,34.99
664,171.72,65.79,34.93
539,171.74,65.75,34.93
365,171.75,65.79,34.95
404,171.76,65.75,34.93
393,171.75,65.74,34.93
885,171.7,65.79,34.91
816,171.71,65.75,34.91
787,171.7,65.79,34.93
1059,171.71,65.76,34.87
945,171.71,65.76,34.89
1010,171.69,65.79,34.89
1107,171.69,65.8,34.87
269,171.75,65.72,34.91
372,171.75,65.72,34.89
473,171.75,65.72,34.87
697,171.71,65.79,34.93
499,171.74,65.73,34.91
691,171.72,65.75,34.91
846,171.72,65.75,34.89
958,171.72,65.75,34.87
640,171.74,65.73,34.89
760,171.74,65.73,34.87
31902,171.75,65.72,34.76
18970,171.75,65.72,34.78
24050,171.75,65.72,34.74
7141,171.75,65.72,34.72
1712,171.72,65.72,34.78
2063,171.72,65.72,34.76
1592,171.71,65.74,34.78
1839,171.71,65.74,34.76
2383,171.72,65.72,34.72
2210,171.72,65.72,34.74
2310,171.71,65.74,34.72
2093,171.71,65.74,34.74
1716,171.67,65.77,34.77
1952,171.67,65.77,34.76
1615,171.66,65.8,34.78
1941,171.66,65.8,34.76
2541,171.67,65.77,34.72
2326,171.67,65.77,34.74
2399,171.66,65.8,34.74
2636,171.66,65.8,34.72
1706,171.68,65.77,34.78
1958,171.68,65.77,34.76
1670,171.69,65.75,34.78
1899,171.69,65.75,34.76
2475,171.68,65.77,34.72
2349,171.69,65.75,34.72
2287,171.68,65.77,34.74
2167,171.69,65.75,34.74
1192,171.68,65.8,34.85
1209,171.7,65.77,34.85
1256,171.68,65.8,34.83
1272,171.7,65.77,34.83
1167,171.71,65.76,34.85
1242,171.71,65.76,34.83
1320,171.66,65.8,34.81
1398,171.66,65.8,34.8
1307,171.66,65.8,34.82
1405,171.68,65.76,34.81
1354,171.69,65.75,34.82
1513,171.68,65.77,34.8
1473,171.69,65.75,34.8
521,171.75,65.72,34.85
618,171.75,65.72,34.83
1076,171.75,65.72,34.82
4882,171.75,65.72,34.8
859,171.74,65.73,34.85
1053,171.72,65.75,34.85
941,171.74,65.73,34.83
1132,171.72,65.75,34.83
1117,171.72,65.72,34.82
1350,171.72,65.72,34.8
1244,171.71,65.74,34.82
1384,171.71,65.74,34.8
3421,171.7,65.77,34.57
3146,171.67,65.79,34.57
3132,171.64,65.81,34.62
2786,171.66,65.79,34.6
2696,171.66,65.79,34.61
2672,171.67,65.78,34.62
2783,171.67,65.78,34.6
2971,171.68,65.77,34.6
3178,171.69,65.75,34.6
2759,171.68,65.77,34.62
2952,171.69,65.75,34.62
2935,171.7,65.77,34.49
5137,171.59,65.83,34.45
4048,171.67,65.79,34.49
4134,171.62,65.8,34.45
3547,171.67,65.8,34.45
1440,171.67,65.74,34.46
3715,171.67,65.79,34.53
3564,171.7,65.77,34.53
1872,171.75,65.69,34.64
2174,171.75,65.69,34.66
3136,171.73,65.71,34.64
3061,171.73,65.71,34.66
5504,171.75,65.69,34.7
2917,171.75,65.69,34.68
2878,171.73,65.71,34.7
2947,171.73,65.71,34.68
3329,171.72,65.72,34.64
3054,171.71,65.74,34.64
3114,171.72,65.72,34.66
2835,171.71,65.74,34.66
2824,171.71,65.71,34.68
2589,171.71,65.71,34.7
2644,171.69,65.72,34.68
2408,171.69,65.72,34.7
2774,171.72,65.68,34.57
2790,171.72,65.68,34.61
3314,171.69,65.71,34.57
3329,171.69,65.71,34.61
2479,171.72,65.68,34.53
1634,171.69,65.71,34.49
2738,171.69,65.71,34.53
756,171.71,65.64,34.51
1363,171.72,65.68,34.5
2609,171.67,65.78,34.64
3013,171.64,65.8,34.65
2581,171.68,65.76,34.66
2625,171.68,65.77,34.64
2750,171.69,65.75,34.64
2620,171.69,65.75,34.66
2505,171.66,65.76,34.68
2938,171.63,65.8,34.68
2888,171.64,65.8,34.7
2600,171.66,65.76,34.7
2413,171.67,65.75,34.68
2423,171.68,65.74,34.68
2420,171.67,65.75,34.7
2314,171.68,65.74,34.7
3296,171.8,65.69,34.83
247,171.8,65.69,34.85
270,171.76,65.7,34.85
255,171.79,65.7,34.85
722,171.76,65.7,34.83
2256,171.79,65.7,34.83
175258,171.8,65.69,34.8
67383,171.8,65.69,34.82
4566,171.76,65.7,34.82
37449,171.79,65.7,34.82
34846,171.76,65.7,34.8
138753,171.79,65.7,34.8
244011,171.83,65.67,34.73
255768,171.83,65.67,34.77
261187,171.8,65.69,34.78
299567,171.8,65.69,34.76
236744,171.79,65.7,34.78
279156,171.79,65.7,34.76
113854,171.76,65.7,34.76
88017,171.76,65.7,34.78
288893,171.8,65.69,34.74
227347,171.8,65.69,34.72
263719,171.79,65.7,34.74
183373,171.79,65.7,34.72
48538,171.76,65.7,34.72
100048,171.76,65.7,34.74
3513,171.77,65.68,34.65
43917,171.77,65.68,34.69
767,171.74,65.65,34.57
1020,171.74,65.65,34.61
720,171.71,65.63,34.53
104615,171.85,65.64,34.69
113569,171.8,65.65,34.69
29165,171.85,65.64,34.65
27876,171.8,65.65,34.65
1637,171.82,65.57,34.55
1346,171.82,65.62,34.57
763,171.77,65.62,34.57
8121,171.82,65.62,34.61
4279,171.77,65.62,34.61
573,171.74,65.6,34.54
469,171.79,65.59,34.54
3,171.86,65.7,34.92
9,171.82,65.7,34.93
13,171.82,65.7,34.91
6,171.86,65.7,34.88
8,171.82,65.7,34.89
13,171.82,65.7,34.87
240,171.88,65.67,34.84
1595,171.83,65.67,34.84
31466,171.88,65.67,34.81
126880,171.83,65.67,34.81
2143,171.88,65.56,34.55
4868,171.85,65.59,34.57
15242,171.85,65.59,34.61
2321,171.86,65.52,34.49
3659,171.44,66.17,34.57
3822,171.42,66.17,34.53
5293,171.54,65.87,34.48
4221,171.51,65.87,34.5
3638,171.56,65.82,34.57
3452,171.59,65.81,34.58
2612,171.62,65.79,34.57
3419,171.56,65.81,34.61
3263,171.59,65.81,34.62
2542,171.62,65.79,34.6
4675,171.59,65.83,34.48
4508,171.56,65.83,34.5
3363,171.59,65.81,34.5
3430,171.62,65.8,34.49
4278,171.62,65.81,34.48
3133,171.59,65.81,34.52
2893,171.62,65.8,34.53
5466,171.57,65.86,34.48
4665,171.54,65.85,34.5
4297,171.56,65.82,34.51
4089,171.56,65.82,34.54
4797,171.49,65.85,34.5
6083,171.54,65.83,34.45
7519,171.51,65.86,34.45
8851,171.49,65.89,34.45
4648,171.51,65.89,34.49
9482,171.48,65.89,34.42
9685,171.45,65.89,34.44
8512,171.51,65.87,34.42
6342,171.54,65.84,34.42
5789,171.59,65.84,34.42
2177,171.67,65.8,34.42
4525,171.62,65.8,34.42
962,171.67,65.74,34.43
846,171.69,65.71,34.43
693,171.71,65.63,34.46
736,171.72,65.67,34.44
610,171.71,65.62,34.46
1241,171.74,65.6,34.47
2484,171.82,65.55,34.48
4165,171.75,65.57,34.47
2,163.2,65.9,34.5
57,171.67,75.41,43.14
44,171.67,75.41,43.5
15,171.67,75.05,43.13
10,171.67,75.05,43.49
10,171.48,75.24,44.05
27,171.48,75.24,43.71
3,171.48,74.91,44.05
10,171.48,74.91,43.7
5,171.36,75.18,44.23
146,171.37,75.65,42.62
135,170.81,75.65,43.32
117,171.21,75.45,43.21
116,170.33,75.65,43.32
60,170.69,75.45,43.89
60,171.08,75.24,43.61
26,171.08,75.24,43.94
8,169.77,75.65,44.04
64,170.26,75.45,43.89
2,168.9,75.65,44.03
12,170.69,75.18,44.23
24,170.25,75.39,44.23
8,171.97,65.79,35.01
8,171.94,65.79,35.03
3,171.94,65.73,35
3,171.94,65.71,34.96
3,171.91,65.69,34.92
4,171.91,65.69,34.88
5,171.94,65.72,34.92
6,171.94,65.72,34.88
7,171.99,65.79,34.99
228,172.16,65.81,34.61
227,172.13,65.81,34.58
260,172.11,65.8,34.56
224,172.13,65.81,34.61
477,172.14,65.78,34.49
357,172.14,65.78,34.53
153,172.13,65.8,34.65
258,172.16,65.82,34.58
485,172.19,65.91,34.53
469,172.2,65.89,34.54
297,172.19,65.89,34.58
663,172.24,65.89,34.53
316,172.24,65.94,34.59
523,172.22,65.93,34.55
694,172.4,65.91,34.56
671,172.29,65.91,34.54
728,172.25,65.87,34.49
391,172.18,65.84,34.53
404,172.17,65.8,34.53
471,172.19,65.87,34.53
530,172.2,65.87,34.53
640,172.19,65.83,34.48
613,172.19,65.86,34.5
514,172.17,65.8,34.49
549,172.17,65.82,34.48
650,172.2,65.87,34.5
743,172.21,65.82,34.46
11,172.07,65.78,34.84
5,172.02,65.78,34.84
6,172,65.75,34.8
15,172.07,65.78,34.8
8,172.05,65.78,34.85
8,172.03,65.78,34.81
7,171.97,65.74,34.84
7,171.97,65.74,34.81
25,172.03,65.79,34.73
15,172,65.75,34.72
10,171.97,65.74,34.73
14,172.03,65.79,34.77
7,172,65.75,34.77
7,171.97,65.74,34.77
27,172.07,65.78,34.76
40,172.05,65.79,34.72
246,172.09,65.78,34.57
255,172.06,65.76,34.57
222,172.11,65.8,34.62
227,172.08,65.78,34.61
205,172.06,65.76,34.61
680,172.06,65.79,34.45
589,172.05,65.71,34.47
471,172.08,65.73,34.49
455,172.11,65.76,34.49
339,172.11,65.76,34.53
335,172.08,65.73,34.53
699,172.16,65.78,34.46
255,172.03,65.74,34.57
248,172,65.71,34.57
183,172.03,65.74,34.61
163,172,65.71,34.61
469,172.02,65.68,34.5
445,172.02,65.64,34.51
474,172.05,65.71,34.49
340,172.05,65.71,34.53
344,172.02,65.68,34.53
101,172.03,65.74,34.65
87,172,65.71,34.65
53,172.03,65.74,34.69
45,172,65.71,34.69
92,172.1,65.79,34.69
135,172.11,65.8,34.66
158,172.08,65.77,34.64
125,172.06,65.76,34.65
76,172.08,65.79,34.7
72,172.06,65.75,34.69
175,171.96,65.63,34.57
124,171.96,65.63,34.61
287,171.99,65.6,34.54
344,172.02,65.63,34.53
242,171.99,65.66,34.57
154,171.99,65.66,34.61
91855,171.88,65.67,34.73
94876,171.88,65.67,34.77
72653,171.88,65.61,34.69
21432,171.88,65.61,34.65
11951,171.91,65.64,34.69
2641,171.91,65.64,34.65
340,171.93,65.59,34.54
733,171.93,65.58,34.59
17,171.94,65.66,34.81
5,171.94,65.66,34.84
5,171.97,65.69,34.84
6,171.97,65.69,34.81
339,171.94,65.66,34.73
249,171.94,65.66,34.77
18,171.97,65.69,34.73
11,171.97,65.69,34.77
117,171.96,65.63,34.65
130,171.96,65.63,34.69
80,171.99,65.66,34.65
41,171.99,65.66,34.69
3,172.04,65.79,34.96
3,171.97,65.72,34.95
2,172.02,65.79,34.97
3,172,65.73,34.96
2,172.04,65.79,34.99
4,172.02,65.73,34.92
4,172.04,65.79,34.92
3,172.01,65.73,34.93
5,171.97,65.73,34.92
5,172.05,65.79,34.88
5,172.03,65.73,34.89
5,172,65.78,34.89
6,171.97,65.73,34.88
947,172.17,65.78,34.43
937,172.26,65.8,34.44
782,172.08,65.68,34.44
751,172.05,65.65,34.45
891,172.11,65.73,34.43
831,172.11,65.69,34.44
703,172.02,65.62,34.46
678,171.99,65.6,34.47
580,171.97,65.56,34.48
618,171.93,65.58,34.47
696,172.37,66.15,34.55
341,172.3,66.1,34.61
368,172.39,66.09,34.62
427,172.44,66.09,34.62
773,172.48,66.2,34.55
805,172.46,66.05,34.55
31,172.2,65.91,34.81
61,172.26,65.97,34.77
60,172.21,65.9,34.75
71,172.26,65.94,34.75
188,172.3,65.99,34.67
330,172.34,65.93,34.61
115,172.21,65.89,34.69
170,172.26,65.94,34.66
687,172.44,65.88,34.55
266,172.42,65.88,34.61
802,172.46,65.96,34.55
888,172.52,66,34.55
216,172.31,66.1,34.67
77,172.22,66.1,34.77
98,172.27,66.05,34.74
324,172.44,65.98,34.61
346,172.38,65.98,34.62
219,172.36,66.04,34.67
25,172.2,65.95,34.84
4,172.14,70.21,44.22
2,172.14,69.95,44.22
6,172.14,70.43,44.22
9,172.22,70.56,44.02
23,172.31,71.17,43.67
20,172.31,70.99,43.67
17,172.31,70.76,43.67
26,172.31,71.38,43.35
25,172.28,71.58,43.09
28,172.31,71.53,43.35
23,172.21,71.62,43.04
15,172.14,71.79,42.57
10,172.15,75.01,40.02
5,172.15,72.34,41.92
25,172.75,71.83,42.99
28,172.54,71.59,42.99
31,172.5,71.19,43.3
27,172.41,70.98,43.3
28,172.42,71.42,42.99
24,172.88,70.71,43.61
30,172.68,70.95,43.3
28,173.12,70.91,43.3
11,172.4,70.3,43.93
21,172.63,70.51,43.61
26,172.48,70.75,43.3
9,172.6,70.07,43.93
8,172.3,70.1,43.93
2,172.3,69.66,44.12
6,172.39,69.87,43.93
5,172.8,69.83,43.93
4,172.56,69.63,43.93
16,172.84,70.27,43.61
5,173.04,70.03,43.93
2,173.24,69.79,43.93
17,173.08,70.47,43.61
5,173.28,70.23,43.93
2,173.48,69.99,43.93
3,172.05,70.72,43.82
17,172.17,71.15,43.44
16,172.17,71.02,43.44
12,172.17,70.85,43.44
18,172.17,71.3,43.11
18,172.17,71.41,43.11
14,172.05,71.45,42.64
9,171.95,71.62,41.99
25,171.96,74.15,40.03
11,171.95,72.24,41.31
4,176.21,68.12,44.43
7,176.01,68.37,44.43
6,176.46,68.33,44.43
9,176.25,68.58,44.43
15,176.12,69.75,44.43
12,176.29,69.04,44.43
13,176.08,69.29,44.43
12,176.71,71.06,44.43
12,176.5,71.3,44.43
13,176.45,70.85,44.43
14,176.25,71.1,44.43
13,176.28,71.53,44.23
14,176.07,71.77,44.23
15,176.04,71.33,44.23
16,175.83,71.57,44.23
14,176.41,70.4,44.43
15,176.16,70.2,44.43
17,175.92,70,44.23
17,175.88,69.55,44.23
17,175.67,69.79,44.23
14,176.2,70.64,44.43
15,175.99,70.89,44.43
16,175.95,70.44,44.43
16,175.75,70.69,44.43
17,175.79,71.12,44.23
17,175.59,71.37,44.23
18,175.55,70.92,44.23
18,175.34,71.16,44.23
18,175.71,70.24,44.23
18,175.51,70.48,44.23
18,175.47,70.04,44.23
18,175.27,70.28,44.23
17,175.24,69.84,43.94
15,175,69.63,43.94
17,175.04,70.08,43.94
15,174.8,69.87,43.94
4,172.78,75.45,39.15
4,172.77,75.45,39.46
6,172.23,75.45,39.46
7,172.23,75.45,39.14
5,172.78,75.44,38.77
8,172.23,75.45,38.77
4,172.83,75.19,40.02
8,172.46,74.96,40.02
14,175.07,72.96,43.61
16,174.83,72.76,43.61
14,174.87,73.2,43.61
16,174.63,72.99,43.61
12,174.45,73.45,43.15
3,174.05,73.93,42.52
2,173.24,74.89,41.27
4,172.83,75.19,40.65
15,174.59,72.55,43.61
13,174.35,72.35,43.61
14,174.15,72.59,43.61
15,174.39,72.79,43.61
19,173.97,73.05,43.15
5,173.57,73.53,42.52
2,172.75,74.49,41.27
7,172.46,74.96,40.65
13,175.87,72,43.94
16,175.63,71.8,43.94
14,175.67,72.24,43.94
16,175.43,72.04,43.94
13,175.47,72.48,43.61
15,175.23,72.28,43.61
13,175.27,72.72,43.61
16,175.03,72.52,43.61
17,175.39,71.6,43.94
16,175.19,71.84,43.94
16,174.95,71.64,43.94
17,175.16,71.4,43.94
16,174.99,72.08,43.61
14,174.75,71.87,43.61
15,174.79,72.31,43.61
13,174.55,72.11,43.61
12,174.52,75.64,39.46
14,174.52,75.64,39.15
13,175.06,75.44,39.15
20,175.47,75.64,39.15
11,175.06,75.44,39.46
18,175.47,75.64,39.46
17,175.96,75.44,39.15
20,176.37,75.64,39.15
15,175.96,75.44,39.46
18,176.37,75.64,39.46
11,176.92,75.44,39.15
11,176.92,75.44,39.46
6,177.72,75.44,39.15
6,177.73,75.44,39.46
3,173.7,75.44,39.46
4,173.7,75.44,39.15
7,177.71,75.44,38.77
22,176.37,75.64,38.77
13,176.91,75.44,38.77
22,175.47,75.64,38.77
19,175.96,75.44,38.77
17,174.52,75.64,38.77
16,175.07,75.44,38.77
5,173.7,75.44,38.77
3,179.31,70.83,44.43
4,178.87,71.33,44.43
2,179.4,71.75,44.43
7,177.9,71.41,44.43
8,177.48,71.91,44.43
8,177.03,72.37,44.23
5,176.83,72.8,43.94
6,176.59,72.6,43.94
9,177.4,70.99,44.43
10,176.98,71.49,44.43
9,176.77,71.94,44.23
11,176.52,71.74,44.23
8,176.55,72.16,43.94
10,176.31,71.96,43.94
2,175.81,73.78,43.15
4,174.53,75.44,40.65
2,176.29,74.18,42.52
4,175.06,75.27,40.65
9,175.47,75.44,40.65
2,175.88,74.66,41.9
3,175.48,75.08,41.27
8,175.95,75.25,40.65
12,176.37,75.44,40.65
6,176.36,75.03,41.27
2,177.24,74.95,41.27
6,176.88,75.22,40.65
2,177.7,75.2,40.65
5,174.53,75.44,40.02
5,175.06,75.27,40.02
11,175.47,75.44,40.02
9,175.95,75.25,40.02
13,176.37,75.44,40.02
6,176.88,75.22,40.02
2,177.7,75.2,40.02
6,175.33,73.38,43.15
2,174.93,73.86,42.52
6,176.35,72.4,43.61
9,176.11,72.2,43.61
6,176.15,72.64,43.61
9,175.91,72.44,43.61
5,175.73,72.9,43.15
3,176.83,72.8,43.61
4,176.59,72.6,43.61
3,176.63,73.04,43.61
4,176.39,72.84,43.61
2,176.21,73.3,43.15
4,178.34,71.8,44.23
4,177.93,72.29,44.23
2,177.49,72.74,43.78
3,178.42,72.7,44.23
2,176.77,74.58,41.9
2,178.84,72.21,44.23
6,175.56,68.42,44.43
7,175.35,68.68,44.43
4,175.11,68.47,44.43
2,175.31,68.22,44.43
13,176.04,68.86,44.23
10,175.8,68.66,44.23
14,175.84,69.11,44.23
12,175.6,68.9,44.23
2,174.43,68.76,44.43
10,175.15,68.95,44.23
11,174.95,69.19,44.23
7,174.71,68.99,44.23
6,174.91,68.74,44.23
17,175.64,69.36,43.94
14,175.4,69.16,43.94
17,175.44,69.6,43.94
15,175.2,69.4,43.94
3,174.05,69.27,44.23
3,174.26,69.02,44.23
12,174.76,69.43,43.94
11,174.56,69.67,43.94
8,174.32,69.47,43.94
8,174.52,69.23,43.94
18,175.32,70.72,43.94
18,175.12,70.96,43.94
18,175.08,70.52,43.94
17,174.88,70.75,43.94
16,174.84,70.31,43.94
14,174.6,70.11,43.94
15,174.64,70.55,43.94
13,174.4,70.35,43.94
14,174.72,71.43,43.94
16,174.92,71.2,43.94
13,174.48,71.23,43.94
15,174.68,70.99,43.94
11,174.24,71.03,43.94
13,174.44,70.79,43.94
9,174,70.83,43.93
11,174.2,70.59,43.94
22,173.32,70.67,43.3
7,173.76,70.63,43.61
5,173.96,70.39,43.61
8,173.52,70.43,43.61
4,173.72,70.19,43.61
15,171.96,73.18,40.66
11,174.51,71.67,43.61
11,174.31,71.91,43.61
11,174.07,71.71,43.61
10,174.28,71.47,43.61
12,173.83,71.51,43.61
9,174.04,71.27,43.61
16,173.6,71.31,43.61
26,173.36,71.11,43.3
10,173.8,71.07,43.61
20,173.56,70.87,43.3
13,174.11,72.15,43.61
19,173.67,72.19,43.61
27,173.47,72.43,43.3
14,173.87,71.95,43.61
16,173.91,72.39,43.61
24,173.71,72.63,43.3
5,172.16,73.2,41.28
29,173.43,71.99,43.3
26,173.63,71.75,43.3
31,173.19,71.79,43.3
29,173.39,71.55,43.3
24,173.23,72.23,42.99
24,172.99,72.03,42.99
18,173.03,72.47,42.99
18,172.79,72.27,42.99
14,172.53,71.95,42.52
6,172.63,72.73,42.53
4,172.37,72.36,41.9
2,172.4,73.2,41.9
22,173.71,72.63,42.99
20,173.51,72.87,42.99
24,173.47,72.43,42.99
20,173.27,72.67,42.99
5,173.09,73.13,42.52
2,172.43,74.08,41.27
11,172.16,74.11,40.65
29,172.95,71.59,42.99
31,173.16,71.35,42.99
31,172.71,71.39,42.99
31,172.92,71.15,42.99
35,171.96,74.14,39.4
11,172.15,75.01,39.4
49,171.96,74.12,38.77
13,172.15,75,38.77
3,173.88,69.51,43.94
3,173.68,69.75,43.93
8,174.36,69.91,43.61
5,174.12,69.71,43.61
6,174.16,70.15,43.61
4,173.92,69.95,43.61
38,172.16,74.56,36.9
831,173.45,72.63,34.59
314,173.06,73.12,34.79
123,172.7,73.61,35.12
139,172.37,72.34,35.12
423,172.15,72.72,34.95
150,172.4,73.21,35.12
407,172.55,72.7,34.78
796,172.9,72.2,34.59
33,172.38,74.11,36.27
23,172.7,73.61,35.64
32,172.4,73.2,35.64
4,172.83,75.19,38.15
5,173.24,74.89,36.9
6,172.82,75.2,37.52
9,172.44,74.94,38.13
7,172.76,74.49,36.9
10,172.4,74.94,37.51
761,174.85,72.98,34.59
390,174.45,73.46,34.79
123,174.05,73.93,35.12
808,174.36,72.57,34.59
290,173.96,73.05,34.79
68,173.57,73.53,35.12
7,173.64,74.41,36.27
21,174.05,73.93,35.65
4,173.17,74.01,36.27
11,173.57,73.53,35.65
2,178.41,72.67,34.59
3,177.7,75.2,38.15
8,176.88,75.22,38.15
20,176.37,75.44,38.14
16,175.95,75.25,38.15
23,175.48,75.44,38.14
14,175.06,75.27,38.15
16,174.54,75.44,38.14
5,177.7,75.2,37.52
6,177.24,74.95,36.9
12,176.88,75.22,37.52
25,176.37,75.44,37.52
16,176.36,75.03,36.9
23,175.95,75.25,37.52
31,175.48,75.44,37.52
27,175.48,75.08,36.9
22,175.06,75.27,37.52
24,174.61,75.13,36.9
25,174.54,75.44,37.52
2,173.7,75.16,38.15
7,174.12,74.84,36.9
5,173.7,75.16,37.52
508,175.73,72.91,34.59
326,175.33,73.39,34.79
129,174.93,73.86,35.12
350,176.21,73.33,34.59
303,175.81,73.8,34.79
179,175.41,74.26,35.12
53,177.5,72.75,34.59
3,177.98,73.15,34.79
122,177.1,73.25,34.59
118,176.69,73.72,34.79
93,176.29,74.18,35.12
20,177.57,73.64,34.79
27,177.17,74.1,35.12
2,178.05,74.03,35.12
9,174.53,74.33,36.27
22,174.93,73.86,35.65
44,175.41,74.26,35.65
30,175,74.74,36.27
21,176.29,74.18,35.65
21,175.88,74.66,36.27
7,177.17,74.1,35.65
8,176.77,74.58,36.27
3,177.65,74.51,36.27
2,179,74.84,37.52
2,178.12,74.9,37.52
32,172.09,74.56,38.06
47,172.04,74.56,37.53
81,172.1,73.96,36.9
86,172.16,73.2,36.26
146,172.15,72.36,35.6
419,172.44,71.89,34.76
362,172.14,71.8,35.01
33,172.37,72.36,35.65
70,171.95,74.05,38.17
109,171.94,73.96,37.54
142,171.96,73.18,36.89
201,171.96,72.3,36.21
442,171.95,71.66,35.47
446,172.06,71.45,34.85
801,172.5,71.55,34.57
792,172.82,71.36,34.58
835,172.21,71.3,34.56
643,172.38,66.53,34.55
712,172.37,66.32,34.55
875,172.57,66.3,34.55
393,172.27,66.27,34.61
380,172.32,66.21,34.61
245,172.32,66.21,34.67
116,172.28,66.15,34.74
261,172.28,66.27,34.67
537,172.09,66.91,34.54
363,172.09,67.18,34.55
441,172.12,67.05,34.54
331,172.1,67.13,34.63
310,172.07,67.09,34.64
103,172.27,66.22,34.77
677,172.47,66.63,34.55
351,172.3,66.43,34.65
29,172.28,65.99,34.83
59,172.27,66.16,34.82
40,172.28,66.05,34.82
344,171.94,67.01,34.55
442,172.03,66.96,34.54
632,172.26,66.81,34.54
535,172.14,66.87,34.56
634,172.26,66.62,34.55
518,172.21,66.44,34.58
148,172.21,66.27,34.73
77,172.2,66.22,34.82
352,172.21,66.43,34.66
18,172.21,66.02,34.89
47,172.21,66.1,34.83
2,171.86,65.7,34.96
2,171.91,65.69,34.96
2,171.89,65.71,35
3,171.83,65.71,35
2,171.86,65.73,35.01
3,171.91,65.73,35.01
2,171.88,65.73,35.03
3,171.83,65.73,35.03
8,171.8,65.73,35.01
9,171.86,65.79,35.04
8,171.91,65.79,35.04
19,171.8,65.79,35.04
4,163.62,75.87,39.44
2,164.01,75.84,39.26
31,171.71,75.62,37.21
20,171.86,75.27,37.09
60,171.96,74.92,36.84
57,171.77,75.08,37.19
96,171.8,74.84,36.9
5,171.71,74.5,35.63
5,171.71,74.49,34.92
5,163.36,74.89,35.61
7,163.52,75.24,35.48
52,163.35,74.93,34.92
46,163.52,75.27,35.12
70,163.53,75.3,34.85
54,163.48,74.97,34.59
71,164.38,75.67,37.28
27,171.28,75.65,37.54
9,163.96,75.67,37.27
5,163.97,75.7,37.19
13,164.19,75.71,37.08
18,164.3,75.72,36.84
75,164.6,75.67,36.95
2,163.53,75.25,35.8
18,164.3,75.71,36.27
67,164.6,75.67,36.28
99,165.32,75.65,36.91
90,165.34,75.64,36.27
42,170.2,75.64,36.89
69,170.21,75.64,36.25
50,171.94,75.21,36.43
91,171.76,74.92,36.44
6,171.71,74.7,36.46
70,171.94,75.21,36.11
114,171.76,74.91,36.12
5,171.71,74.7,36.12
45,171.74,75.38,36.43
65,171.74,75.38,36.11
65,170.64,75.64,36.26
64,171.06,75.46,36.43
89,171.06,75.46,36.11
100,171.34,75.38,36.11
92,171.5,75.45,36.11
31,171.6,75.54,36.7
31,171.71,75.58,37.2
38,170.64,75.64,36.89
71,171.34,75.38,36.43
41,171.19,75.49,36.89
25,171.88,75.27,36.81
32,164.13,75.48,34.81
37,163.98,75.4,34.97
46,163.77,75.26,34.96
19,163.98,75.42,35.17
28,163.76,75.29,35.17
61,164.86,75.65,34.89
28,164.43,75.52,35.02
6,164,75.5,35.51
7,163.99,75.38,35.38
6,163.76,75.28,35.49
60,164.98,75.65,35.63
33,164.5,75.54,35.63
124,165.72,75.64,34.92
32,165.31,75.45,35.04
116,165.73,75.64,35.6
26,165.32,75.44,35.63
200,166.21,75.64,35.59
210,166.2,75.64,34.91
90,167.14,75.64,35.54
58,167.95,75.64,35.52
89,169.66,75.64,35.56
85,170.2,75.44,35.62
71,168.83,75.64,35.53
74,167.12,75.64,34.89
54,167.97,75.64,34.87
99,169.66,75.64,34.89
114,170.21,75.45,35.04
74,168.83,75.64,34.88
217,171.41,75.36,35.18
203,171.52,75.25,35.18
218,171.41,75.36,34.89
190,171.52,75.24,34.88
9,171.61,74.78,35.15
166,171.7,75.07,35.18
13,171.61,74.78,34.82
104,171.7,75.07,34.86
139,170.63,75.45,35.04
114,171.07,75.26,35.17
139,171.08,75.26,34.93
143,171.7,75.06,35.8
15,171.62,74.78,35.8
161,171.7,75.06,35.49
11,171.62,74.78,35.48
144,171.5,75.26,35.8
175,171.5,75.26,35.49
107,170.62,75.44,35.63
89,171.07,75.25,35.8
91,171.07,75.25,35.49
19,164.38,75.41,34.77
27,164.13,75.31,34.78
34,163.84,75.12,34.78
33,165.29,75.37,34.78
109,170.2,75.38,34.78
138,171.29,75.08,34.68
49,171.49,74.79,34.65
96,170.62,75.15,34.77
14,171.57,74.56,34.66
16,164.79,75.32,34.59
12,164.26,74.88,34.59
58,165.7,75.28,34.59
193,166.19,75.52,34.59
75,167.08,75.49,34.59
30,167.96,75.47,34.59
52,168.81,75.42,34.59
78,169.74,75.35,34.59
40,170.14,74.81,34.59
39,171.06,74.63,34.57
15,171.47,74.11,34.57
2,163.14,65.93,34.5
10,171.78,65.73,35.03
46,171.75,65.79,35.04
11,171.8,65.7,34.96
28,171.79,65.7,34.93
8,171.8,65.69,34.93
133,171.76,65.7,34.91
38,171.79,65.7,34.91
12,171.8,65.69,34.91
6,171.8,65.69,34.89
27,171.8,65.69,34.87
174,171.76,65.7,34.89
42,171.79,65.7,34.89
247,171.76,65.7,34.87
63,171.79,65.7,34.87
635,171.67,65.78,34.95
27,171.74,65.73,35.01
12,171.78,65.72,35
55,171.72,65.73,35
282,171.69,65.79,35
73,171.78,65.73,34.96
189,171.75,65.72,34.93
88,171.76,65.7,34.93
415,171.72,65.78,34.96
517,171.72,65.74,34.93
365,171.74,65.73,34.93
243,171.75,65.74,34.95
481,171.69,65.78,34.97
855,171.67,65.78,34.92
695,171.7,65.74,34.93
812,171.7,65.74,34.91
980,171.7,65.75,34.89
1094,171.69,65.75,34.87
910,171.63,65.78,34.92
1083,171.66,65.79,34.88
198,171.73,65.71,34.93
93,171.75,65.69,34.93
141,171.75,65.69,34.91
278,171.73,65.71,34.91
191,171.75,65.69,34.89
266,171.75,65.69,34.87
385,171.73,65.71,34.89
478,171.73,65.71,34.87
533,171.71,65.73,34.93
369,171.72,65.72,34.93
499,171.72,65.72,34.91
692,171.71,65.74,34.91
855,171.71,65.74,34.89
970,171.71,65.74,34.87
651,171.72,65.72,34.89
770,171.72,65.72,34.87
40702,171.75,65.69,34.76
23526,171.75,65.69,34.78
5575,171.73,65.71,34.76
3827,171.73,65.71,34.78
35879,171.75,65.69,34.74
12748,171.75,65.69,34.72
4401,171.73,65.71,34.74
3007,171.73,65.71,34.72
1650,171.71,65.71,34.78
1896,171.71,65.71,34.76
1553,171.69,65.72,34.78
1759,171.69,65.72,34.76
2282,171.71,65.71,34.72
2068,171.71,65.71,34.74
2186,171.69,65.72,34.72
1973,171.69,65.72,34.74
1717,171.66,65.76,34.78
1947,171.66,65.76,34.76
1655,171.64,65.8,34.78
1977,171.64,65.8,34.76
2474,171.66,65.76,34.72
2304,171.66,65.76,34.74
2423,171.64,65.8,34.74
2650,171.64,65.8,34.72
1728,171.67,65.75,34.78
1929,171.67,65.75,34.76
1658,171.68,65.74,34.78
1845,171.68,65.74,34.76
2354,171.67,65.75,34.72
2204,171.68,65.74,34.72
2197,171.67,65.75,34.74
2055,171.68,65.74,34.74
1237,171.64,65.79,34.84
1216,171.66,65.79,34.85
1242,171.69,65.76,34.85
1315,171.68,65.76,34.83
1196,171.69,65.75,34.85
1268,171.69,65.75,34.83
1303,171.64,65.79,34.82
1425,171.66,65.76,34.81
1403,171.64,65.79,34.8
1502,171.66,65.76,34.79
1444,171.67,65.75,34.82
1377,171.68,65.74,34.82
1540,171.67,65.75,34.8
1481,171.68,65.74,34.8
289,171.75,65.69,34.85
707,171.75,65.69,34.83
504,171.73,65.71,34.85
624,171.73,65.71,34.83
8933,171.75,65.69,34.8
2705,171.75,65.69,34.82
984,171.73,65.71,34.82
1802,171.73,65.71,34.8
872,171.72,65.72,34.85
1069,171.71,65.74,34.85
961,171.72,65.72,34.83
1150,171.71,65.74,34.83
1168,171.71,65.71,34.82
1366,171.71,65.71,34.8
1257,171.69,65.72,34.82
1381,171.69,65.72,34.8
2956,171.67,65.74,34.57
2735,171.64,65.77,34.57
2492,171.64,65.77,34.61
2772,171.67,65.74,34.61
2008,171.67,65.74,34.49
3751,171.56,65.8,34.45
3171,171.64,65.77,34.49
2669,171.59,65.78,34.46
2697,171.64,65.77,34.46
1178,171.63,65.72,34.47
3093,171.64,65.77,34.53
2754,171.67,65.74,34.53
2669,171.72,65.68,34.65
3195,171.72,65.68,34.69
3008,171.69,65.71,34.65
2716,171.69,65.7,34.68
2462,171.69,65.7,34.7
2543,171.68,65.71,34.68
2296,171.68,65.71,34.7
2146,171.69,65.66,34.57
2609,171.69,65.66,34.61
2736,171.66,65.68,34.57
2998,171.66,65.68,34.61
1560,171.69,65.65,34.53
1295,171.66,65.69,34.49
2031,171.66,65.68,34.53
1098,171.69,65.66,34.5
3075,171.61,65.8,34.66
2365,171.64,65.76,34.65
2485,171.67,65.74,34.65
2949,171.61,65.79,34.69
2352,171.64,65.76,34.68
2405,171.64,65.75,34.7
2249,171.65,65.74,34.68
2305,171.67,65.73,34.68
2222,171.65,65.74,34.7
2185,171.67,65.73,34.7
1906,171.77,65.68,34.84
73434,171.77,65.68,34.81
184269,171.85,65.64,34.73
184788,171.85,65.64,34.77
215813,171.8,65.65,34.73
221180,171.8,65.65,34.77
173801,171.77,65.68,34.77
156522,171.77,65.68,34.73
2845,171.74,65.65,34.65
20838,171.74,65.65,34.69
802,171.71,65.63,34.57
1209,171.71,65.63,34.61
2153,171.71,65.58,34.54
837,171.68,65.6,34.54
142408,171.82,65.62,34.69
79842,171.77,65.62,34.69
55428,171.82,65.62,34.65
25243,171.77,65.62,34.65
12243,171.82,65.56,34.57
37107,171.82,65.56,34.61
3031,171.76,65.57,34.55
3778,171.74,65.6,34.57
7282,171.74,65.6,34.61
3610,171.79,65.59,34.57
16928,171.79,65.59,34.61
1075,171.92,65.47,34.5
2,171.83,65.67,34.96
19,171.91,65.64,34.84
1616,171.91,65.64,34.81
2,171.88,65.67,34.92
4,171.88,65.67,34.88
16,171.83,65.67,34.88
906,171.85,65.64,34.84
3223,171.8,65.65,34.84
95136,171.85,65.64,34.81
116622,171.8,65.65,34.81
130904,171.85,65.59,34.69
60252,171.85,65.59,34.65
22112,171.87,65.53,34.6
19064,171.81,65.48,34.5
729,172.34,65.86,34.48
3591,171.42,66.33,34.57
2781,171.42,66.41,34.62
3689,171.4,66.34,34.55
3090,171.43,66.5,34.61
3750,171.39,66.24,34.54
3570,171.43,66.25,34.57
3646,171.35,66.3,34.55
2908,171.42,66.33,34.64
1731,171.42,66.33,34.72
2891,171.43,66.18,34.65
3307,171.4,66.17,34.59
3403,171.44,66.12,34.59
3912,171.38,66.13,34.53
3701,171.41,66.07,34.53
3469,171.44,66.06,34.57
3637,171.44,66.04,34.53
3648,171.45,65.97,34.53
3743,171.43,65.96,34.53
3769,171.48,65.88,34.5
7930,171.48,65.88,34.46
5509,171.51,65.86,34.48
3573,171.43,65.91,34.52
3361,171.46,65.89,34.53
8644,171.46,65.86,34.45
3124,171.59,65.8,34.65
3017,171.59,65.79,34.68
3791,171.53,65.81,34.58
2850,171.56,65.79,34.57
2307,171.59,65.78,34.57
2635,171.56,65.78,34.6
3539,171.54,65.8,34.61
2258,171.59,65.77,34.61
4207,171.56,65.81,34.48
2951,171.56,65.8,34.49
2547,171.59,65.77,34.49
2898,171.56,65.8,34.53
2371,171.59,65.78,34.53
4055,171.51,65.82,34.57
5322,171.54,65.83,34.48
4911,171.51,65.83,34.5
4781,171.51,65.82,34.51
4583,171.51,65.82,34.54
6186,171.48,65.84,34.48
5350,171.47,65.83,34.5
4961,171.51,65.81,34.45
7173,171.48,65.84,34.45
5580,171.45,65.89,34.49
10238,171.4,65.88,34.44
9564,171.46,65.87,34.42
7247,171.48,65.85,34.42
4328,171.51,65.81,34.42
3604,171.56,65.81,34.42
1625,171.64,65.77,34.42
2467,171.59,65.78,34.42
864,171.64,65.72,34.44
772,171.66,65.69,34.44
721,171.69,65.66,34.45
1467,171.68,65.6,34.46
3721,171.71,65.57,34.47
11647,171.76,65.53,34.49
2,163.14,65.93,34.42
2,163.2,65.94,34.46
2,163.31,65.94,34.49
2,163.26,65.94,34.46
2,163.32,65.92,34.5
2,163.25,65.92,34.5
2,163.32,65.92,34.49
2,163.25,65.91,34.46
2,163.14,65.92,34.46
2,163.2,65.89,34.46
2,163.14,65.88,34.5
29,171.67,75.24,42.61
2,171.67,74.8,43.31
63,171.48,75.24,43.05
52,171.48,75.24,43.38
31,171.48,74.91,43.04
21,171.48,74.91,43.37
2,171.48,74.69,43.89
16,171.24,75.07,43.94
7,171.32,74.83,43.94
33,171.24,75.07,43.61
17,171.32,74.83,43.61
2,171.1,74.72,44.23
4,171.3,74.37,43.94
150,171.37,75.65,41.96
190,170.77,75.65,42.61
136,171.2,75.45,42.56
192,170.3,75.64,42.61
150,170.68,75.45,43.21
94,171.08,75.24,43.14
104,169.74,75.65,43.29
151,170.25,75.45,43.21
87,168.87,75.64,43.27
49,167.97,75.64,43.24
18,167.14,75.64,43.22
4,166.19,75.64,43.2
19,165.29,75.64,43.19
98,165.3,75.64,42.54
39,170.6,75.07,43.78
73,170.18,75.27,43.78
58,169.7,75.45,43.88
32,168.86,75.45,43.88
10,167.96,75.45,43.87
2,164.64,75.65,43.98
9,165.28,75.45,43.86
10,170.19,74.81,44.23
21,169.79,75.23,44.23
12,168.86,75.28,44.23
2,167.96,75.3,44.23
2,165.26,75.38,44.23
135,171.36,75.64,41.3
7,163.62,75.87,40
3,164,75.84,41.01
6,163.62,75.87,40.69
3,178.06,68.16,44.43
3,178.57,68.58,44.43
2,179.76,70.32,44.43
2,178.58,69.55,34.59
9,171.94,65.79,35.05
8,171.96,65.79,35.04
3,171.97,65.72,35.01
3,171.94,65.72,35.03
3,171.94,65.7,34.99
2,171.94,65.66,34.96
2,171.97,65.69,34.96
3,171.94,65.66,34.92
4,171.94,65.66,34.88
3,171.97,65.69,34.92
4,171.97,65.69,34.88
7376,171.92,65.48,34.61
2,171.99,65.72,34.99
2,172.02,65.79,35
67,172.21,65.86,34.73
208,172.18,65.81,34.62
234,172.17,65.79,34.6
261,172.14,65.78,34.57
227,172.14,65.77,34.61
590,172.2,65.78,34.49
560,172.17,65.75,34.49
455,172.2,65.78,34.53
414,172.17,65.75,34.53
125,172.21,65.85,34.67
126,172.15,65.79,34.66
165,172.14,65.76,34.64
99,172.15,65.79,34.69
136,172.17,65.8,34.65
674,172.28,65.87,34.53
249,172.18,65.83,34.59
274,172.17,65.8,34.57
334,172.21,65.89,34.57
224,172.19,65.85,34.61
431,172.23,65.87,34.55
668,172.26,65.88,34.53
684,172.35,65.87,34.56
301,172.28,65.88,34.6
574,172.23,65.83,34.51
782,172.25,65.78,34.47
12,172.09,65.79,34.85
11,172.08,65.73,34.84
19,172.1,65.79,34.81
16,172.08,65.73,34.8
8,172.06,65.73,34.85
5,172.02,65.73,34.84
12,172.05,65.78,34.81
8,172.02,65.73,34.8
5,172,65.71,34.84
7,172,65.71,34.81
27,172.03,65.73,34.73
22,172,65.71,34.73
14,172.02,65.73,34.77
12,172,65.71,34.77
57,172.1,65.78,34.72
31,172.1,65.79,34.77
24,172.08,65.73,34.77
44,172.08,65.78,34.73
43,172.05,65.74,34.72
38,172.12,65.78,34.76
261,172.11,65.76,34.57
263,172.08,65.73,34.57
228,172.11,65.76,34.61
217,172.08,65.73,34.61
740,172.21,65.74,34.47
530,172.11,65.7,34.49
648,172.11,65.74,34.46
533,172.14,65.73,34.49
386,172.14,65.73,34.53
376,172.11,65.7,34.53
261,172.05,65.71,34.57
251,172.02,65.68,34.57
197,172.05,65.71,34.61
175,172.02,65.68,34.61
474,172.05,65.66,34.5
504,172.08,65.68,34.5
369,172.08,65.68,34.53
366,172.05,65.65,34.53
113,172.05,65.71,34.65
101,172.02,65.68,34.65
66,172.05,65.71,34.69
60,172.02,65.68,34.69
89,172.13,65.78,34.7
94,172.11,65.74,34.68
142,172.11,65.75,34.65
128,172.08,65.73,34.65
80,172.08,65.73,34.69
174,171.99,65.6,34.57
106,171.99,65.6,34.61
323,172.04,65.59,34.54
233,172.02,65.63,34.57
146,172.02,65.63,34.61
112260,171.88,65.61,34.77
117763,171.88,65.61,34.73
32482,171.91,65.64,34.73
28141,171.91,65.64,34.77
182,171.98,65.52,34.6
5373,171.93,65.58,34.67
11,171.96,65.63,34.81
6,171.96,65.63,34.84
7,171.99,65.66,34.84
11,171.99,65.66,34.81
246,171.96,65.63,34.73
204,171.96,65.63,34.77
25,171.99,65.66,34.73
17,171.99,65.66,34.77
68,171.99,65.6,34.65
87,171.99,65.6,34.69
79,172.02,65.63,34.65
42,172.02,65.63,34.69
4,172.07,65.79,34.96
3,172.04,65.72,34.96
2,172.02,65.73,34.97
2,171.99,65.7,34.96
2,172.04,65.72,34.99
3,172.06,65.79,35
5,172.08,65.79,34.92
7,172.09,65.79,34.88
4,172.02,65.71,34.91
5,172.07,65.79,34.93
4,172.05,65.73,34.92
3,172,65.71,34.92
6,172.06,65.73,34.89
5,172.02,65.72,34.88
4,172,65.71,34.88
910,172.21,65.74,34.44
947,172.29,65.79,34.44
757,172.1,65.62,34.46
838,172.16,65.67,34.45
702,172.04,65.58,34.47
446,171.97,65.43,34.51
518,171.98,65.51,34.49
358,172.36,66.15,34.61
244,172.37,66.15,34.67
239,172.42,66.09,34.67
369,172.51,66.19,34.62
339,172.47,66.04,34.61
961,172.58,66.1,34.55
21,172.2,65.88,34.84
26,172.27,65.89,34.82
81,172.3,65.99,34.75
55,172.26,65.88,34.76
90,172.27,65.94,34.73
179,172.35,65.93,34.67
883,172.48,65.89,34.54
239,172.39,65.86,34.62
238,172.45,65.83,34.6
159,172.29,65.88,34.67
640,172.39,65.85,34.56
692,172.35,65.86,34.53
754,172.45,65.85,34.52
729,172.34,65.8,34.52
312,172.47,65.93,34.61
906,172.51,65.92,34.54
310,172.52,65.98,34.61
1002,172.57,65.96,34.55
68,172.3,66.15,34.81
98,172.31,66.1,34.75
51,172.29,66.05,34.8
85,172.36,66.04,34.75
193,172.41,65.98,34.67
21,172.28,65.93,34.84
13,172.2,65.96,34.9
36,172.32,65.99,34.82
10,172.2,65.89,34.9
4,176.66,68.07,44.43
2,176.42,67.86,44.43
5,177.14,68.26,44.43
4,172.14,70.21,44.03
3,172.14,69.94,44.03
6,172.14,70.43,44.03
10,172.22,70.56,43.69
24,172.31,71.17,43.35
22,172.31,70.99,43.35
19,172.31,70.76,43.35
24,172.31,71.38,43.03
25,172.31,71.53,43.03
17,172.22,71.61,42.56
8,172.14,71.79,41.93
15,172.16,74.11,40.02
5,172.15,72.34,41.29
18,172.63,71.66,42.53
29,172.5,71.19,42.99
26,172.41,70.98,42.99
23,172.41,71.42,42.68
24,173.56,70.87,42.99
29,173.36,71.11,42.99
25,173.32,70.67,42.99
28,172.88,70.71,43.3
30,172.68,70.95,42.99
30,173.12,70.91,42.99
14,172.4,70.3,43.61
24,172.63,70.51,43.3
26,172.48,70.75,42.99
12,172.6,70.07,43.61
9,172.3,70.1,43.61
3,172.29,69.65,43.93
8,172.39,69.87,43.61
2,172.36,69.43,43.94
3,173,69.59,43.61
8,172.8,69.83,43.61
5,172.56,69.63,43.61
2,172.76,69.39,43.61
20,172.84,70.27,43.3
9,173.04,70.03,43.61
3,173.24,69.79,43.61
22,173.08,70.47,43.3
9,173.28,70.23,43.61
4,173.48,69.99,43.61
2,172.05,70.72,43.48
17,172.17,71.3,42.72
17,172.17,71.15,43.11
16,172.17,71.02,43.11
13,172.17,70.85,43.11
15,172.17,71.38,42.57
10,172.05,71.45,41.98
7,171.95,71.62,41.33
21,171.96,73.19,40.03
15,171.95,72.26,40.67
2,175.97,67.91,44.43
4,175.76,68.17,44.43
2,176.17,67.72,44.23
6,176.21,68.17,44.23
8,176.01,68.41,44.23
7,177.64,68.68,44.43
9,176.72,68.77,44.43
8,176.45,68.37,44.23
10,176.25,68.62,44.23
13,176.62,70.15,44.43
12,176.54,69.25,44.43
14,176.37,69.95,44.43
17,176.12,69.75,44.23
13,176.33,69.5,44.43
14,176.29,69.07,44.23
15,176.08,69.31,44.23
6,178.14,69.09,44.43
12,176.89,70.58,44.43
12,176.69,71.05,44.23
13,176.48,71.29,44.23
14,176.44,70.84,44.23
15,176.24,71.09,44.23
12,176.28,71.52,43.94
13,176.07,71.76,43.94
15,176.04,71.32,43.94
15,175.84,71.56,43.94
15,176.4,70.4,44.23
17,176.16,70.2,44.23
19,175.92,70,43.94
18,175.88,69.56,43.94
19,175.68,69.8,43.94
16,176.2,70.64,44.23
17,176,70.88,44.23
17,175.96,70.44,44.23
18,175.75,70.68,44.23
17,175.8,71.12,43.94
17,175.6,71.36,43.94
18,175.56,70.92,43.94
18,175.36,71.16,43.94
19,175.72,70.24,43.94
19,175.52,70.48,43.94
19,175.48,70.04,43.94
18,175.28,70.28,43.94
16,175.24,69.84,43.61
13,175,69.63,43.61
15,175.04,70.08,43.61
12,174.8,69.87,43.61
4,172.83,75.19,39.4
8,172.46,74.96,39.4
4,172.83,75.19,38.77
9,172.46,74.96,38.77
2,173.24,74.89,40.02
5,172.75,74.49,40.02
13,174.85,72.98,43.15
4,174.45,73.45,42.52
2,173.24,74.89,40.65
19,174.37,72.57,43.15
8,173.97,73.05,42.52
3,172.75,74.49,40.65
12,175.87,72,43.61
15,175.63,71.8,43.61
12,175.67,72.24,43.61
15,175.43,72.04,43.61
13,175.25,72.5,43.15
17,175.39,71.6,43.61
16,175.19,71.84,43.61
15,174.95,71.64,43.61
16,175.16,71.4,43.61
18,174.77,72.09,43.15
7,174.53,75.44,39.46
9,174.53,75.44,39.15
7,175.06,75.27,39.4
15,175.47,75.44,39.15
14,175.47,75.44,39.46
11,175.95,75.25,39.4
15,176.37,75.44,39.15
14,176.37,75.44,39.46
6,176.88,75.22,39.4
2,177.71,75.2,39.4
2,177.7,75.2,38.77
6,176.88,75.22,38.77
16,176.37,75.44,38.77
13,175.95,75.25,38.77
18,175.47,75.44,38.77
10,175.06,75.27,38.77
11,174.53,75.44,38.77
5,178.77,70.42,44.43
6,178.33,70.91,44.43
7,178.24,70,44.43
8,177.81,70.5,44.43
3,179.18,70.83,44.23
3,178.76,71.32,44.23
2,179.26,71.73,44.23
6,177.85,71.39,44.23
7,177.44,71.88,44.23
4,177.01,72.34,43.78
9,177.36,70.99,44.23
10,176.95,71.47,44.23
7,176.75,71.92,43.94
10,176.51,71.72,43.94
6,176.75,71.92,43.61
6,176.55,72.16,43.61
8,176.51,71.72,43.61
8,176.31,71.96,43.61
2,175.88,74.66,41.27
4,175.48,75.08,40.65
5,176.36,75.03,40.65
2,174.61,75.13,40.02
5,175.48,75.08,40.02
5,176.36,75.03,40.02
2,175.33,73.38,42.52
5,176.13,72.42,43.15
2,175.73,72.9,42.52
2,176.61,72.82,43.15
2,178.3,71.79,43.78
2,177.89,72.27,43.78
7,175.56,68.46,44.23
9,175.36,68.7,44.23
5,175.12,68.5,44.23
4,175.32,68.25,44.23
14,176.04,68.88,43.94
12,175.8,68.68,43.94
16,175.84,69.12,43.94
13,175.6,68.92,43.94
3,174.47,68.78,44.23
2,174.67,68.54,44.23
11,175.16,68.96,43.94
12,174.96,69.19,43.94
8,174.72,68.99,43.94
7,174.92,68.75,43.94
17,175.64,69.36,43.61
14,175.4,69.16,43.61
17,175.44,69.6,43.61
14,175.2,69.4,43.61
4,174.08,69.27,43.94
4,174.28,69.03,43.94
10,174.76,69.43,43.61
9,174.56,69.67,43.61
6,174.32,69.47,43.61
7,174.52,69.23,43.61
17,175.32,70.72,43.61
15,175.12,70.96,43.61
15,175.08,70.52,43.61
13,174.88,70.75,43.61
13,174.84,70.31,43.61
10,174.6,70.11,43.61
10,174.64,70.55,43.61
8,174.4,70.35,43.61
12,174.72,71.43,43.61
14,174.92,71.2,43.61
10,174.48,71.23,43.61
11,174.68,70.99,43.61
8,174.24,71.03,43.61
9,174.44,70.79,43.61
7,174,70.83,43.61
7,174.2,70.59,43.61
12,173.74,70.41,43.15
5,172.16,73.2,40.65
19,174.29,71.69,43.15
22,173.82,71.29,43.15
24,173.89,72.17,43.15
2,172.37,72.36,41.27
28,173.43,71.99,42.99
28,173.63,71.75,42.99
28,173.19,71.79,42.99
29,173.39,71.55,42.99
7,172.53,71.95,41.9
2,172.64,72.73,41.9
12,173.01,72.25,42.52
11,173.49,72.65,42.52
3,172.43,74.08,40.65
24,172.92,71.37,42.51
32,171.96,73.19,39.4
48,171.96,73.19,38.77
5,172.43,74.08,40.02
21,172.16,74.11,39.4
30,172.16,74.1,38.77
2,173.88,69.51,43.61
2,173.68,69.75,43.61
6,174.14,69.93,43.15
6,178.17,70.03,34.59
26,172.22,74.54,37.99
26,172.37,74.11,36.9
28,172.18,74.56,37.49
826,173.86,72.17,34.59
222,173.47,72.64,34.79
57,173.09,73.13,35.12
95,172.53,71.94,35.1
89,172.63,72.73,35.12
816,173.35,71.75,34.59
253,172.97,72.23,34.78
8,172.7,73.61,36.27
11,173.09,73.13,35.65
20,172.4,73.2,36.27
17,172.65,72.73,35.65
2,173.24,74.89,37.52
7,172.76,74.49,38.15
2,173.17,74.01,36.9
6,172.76,74.49,37.52
662,175.25,72.5,34.59
307,174.85,72.98,34.79
76,174.45,73.45,35.12
738,174.77,72.1,34.59
248,174.37,72.57,34.79
42,173.97,73.05,35.12
3,174.05,73.93,36.27
11,174.45,73.45,35.65
6,173.97,73.05,35.65
9,177.76,70.5,34.59
2,178.26,70.91,34.59
3,178.33,71.79,34.59
16,177.92,72.27,34.59
2,177.24,74.95,38.15
6,176.36,75.03,38.15
9,175.48,75.08,38.15
6,174.61,75.13,38.15
3,177.24,74.95,37.52
2,176.77,74.58,36.9
9,176.36,75.03,37.52
6,175.88,74.66,36.9
14,175.48,75.08,37.52
10,175,74.74,36.9
12,174.61,75.13,37.52
2,174.53,74.33,36.9
2,174.12,74.84,37.52
234,176.58,72.39,34.59
194,175.73,72.9,34.79
63,175.33,73.38,35.12
162,176.21,73.31,34.79
80,175.81,73.78,35.12
16,177.5,72.75,34.79
50,177.09,73.23,34.79
31,176.69,73.7,35.12
6,177.57,73.62,35.12
3,174.93,73.86,36.27
10,175.33,73.38,35.65
14,175.81,73.78,35.65
8,175.41,74.26,36.27
6,176.69,73.7,35.65
4,176.29,74.18,36.27
9,178.08,69.15,34.59
44,172.13,74.05,38.17
65,172.1,73.97,37.53
72,172.15,73.2,36.89
92,172.15,72.36,36.25
20,172.37,72.36,36.27
172,172.14,71.8,35.57
298,172.22,71.61,34.99
435,172.59,71.61,34.73
20,172.53,71.95,35.65
57,172.62,71.65,35.07
251,172.9,71.37,34.76
540,172.34,71.38,34.7
135,172.41,71.42,34.92
70,171.96,73.19,38.14
101,171.96,73.18,37.52
130,171.96,72.31,36.86
235,171.95,71.66,36.16
804,173.26,70.92,34.59
294,172.05,71.45,35.47
334,172.17,71.38,34.9
487,172.17,71.3,34.77
822,172.38,71.03,34.57
446,172.43,66.54,34.62
486,172.42,66.31,34.6
763,172.5,66.41,34.55
1073,172.64,66.3,34.55
316,172.57,66.3,34.63
309,172.38,66.31,34.66
146,172.29,66.27,34.74
127,172.32,66.21,34.75
67,172.33,66.21,34.82
692,173.63,69.54,34.59
431,172.01,66.88,34.55
397,172.17,66.98,34.62
532,172.17,66.96,34.54
559,172.34,66.92,34.54
317,172.02,67.19,34.55
319,172.15,67.21,34.64
357,172.16,67.09,34.61
431,172.21,67.17,34.54
639,172.38,66.72,34.54
341,172.1,67.02,34.63
277,172.05,67.09,34.66
278,172.16,67.11,34.69
487,172.32,66.85,34.61
397,172.22,66.95,34.64
504,172.31,66.66,34.6
121,172.27,66.27,34.76
68,172.28,66.22,34.83
748,172.55,66.62,34.55
424,172.49,66.64,34.63
347,172.39,66.53,34.67
163,172.33,66.43,34.77
392,172.32,66.65,34.66
13,172.29,66,34.89
40,172.28,66.1,34.84
315,172.02,67.28,34.55
743,173.17,70.04,34.59
373,172.06,68.11,34.58
285,171.92,67.01,34.63
401,171.97,66.9,34.55
429,172.07,66.87,34.62
523,172.19,66.79,34.58
500,172.2,66.61,34.61
117,172.21,66.32,34.8
27,172.21,66.21,34.91
191,172.21,66.43,34.76
15,172.21,66.11,34.95
8,172.21,65.97,34.97
6,172.21,65.9,34.97
2,171.88,65.67,34.96
2,171.86,65.69,35
2,171.91,65.69,35
2,171.88,65.7,35.03
2,171.83,65.71,35.03
3,171.8,65.7,35
2,171.86,65.73,35.04
3,171.91,65.72,35.04
4,171.8,65.73,35.04
9,171.94,65.79,35.08
10,171.85,65.79,35.07
9,171.91,65.79,35.07
10,171.83,65.79,35.09
14,171.75,65.79,35.07
9,171.8,65.79,35.07
6,163.74,75.76,39.26
3,163.62,75.76,39.44
9,164.27,75.75,39.26
4,164.41,75.75,39.44
55,171.29,75.64,38.15
30,171.6,75.53,37.18
30,171.7,75.61,37.5
50,171.72,75.12,37.1
80,171.77,74.92,36.85
26,171.71,74.69,36.9
24,171.71,75.04,37.26
5,171.71,74.5,36.28
8,171.6,74.56,35.64
12,171.69,74.01,35.61
8,171.6,74.55,34.99
11,171.69,74.02,34.92
2,163.35,75.04,36.89
7,163.36,73.98,35.57
6,163.36,74.39,35.59
7,163.55,74.86,35.63
39,163.36,73.99,34.9
39,163.35,74.42,34.91
49,163.55,74.88,35.04
48,163.65,74.89,34.78
42,163.43,73.99,34.59
26,163.7,74.44,34.59
15,163.34,75.49,37.57
20,163.71,75.65,37.66
51,164.08,75.66,37.53
70,164.49,75.66,37.52
36,164.31,75.54,37.19
66,165.32,75.64,38.15
84,165.32,75.64,37.53
30,170.21,75.64,38.15
28,170.2,75.64,37.52
37,170.64,75.64,38.15
27,170.63,75.64,37.52
28,171.18,75.47,37.53
10,163.97,75.54,37.18
7,163.98,75.61,37.08
14,164.16,75.69,36.8
87,164.97,75.66,36.92
43,164.53,75.56,36.91
14,164.16,75.69,36.27
5,163.76,75.28,35.8
10,164,75.48,35.8
74,164.97,75.65,36.24
32,164.51,75.54,36.27
119,165.73,75.64,36.9
36,165.31,75.46,36.9
123,165.73,75.64,36.26
30,165.32,75.45,36.27
45,169.65,75.64,36.89
44,170.19,75.44,36.89
44,168.83,75.64,36.88
153,166.21,75.64,36.89
47,167.95,75.64,36.88
92,167.14,75.64,36.88
178,166.21,75.64,36.26
95,167.14,75.64,36.24
55,167.95,75.64,36.22
66,169.65,75.64,36.24
63,170.2,75.44,36.26
59,168.84,75.64,36.23
88,171.7,75.07,36.43
15,171.61,74.78,36.44
112,171.7,75.06,36.11
11,171.62,74.78,36.12
81,171.5,75.26,36.43
106,171.5,75.26,36.11
71,170.62,75.44,36.27
70,171.07,75.25,36.43
83,171.07,75.25,36.11
49,171.5,75.46,36.61
31,171.59,75.51,37.14
43,170.61,75.44,36.89
47,171.14,75.3,36.91
58,171.59,75.17,36.81
29,164.18,75.25,34.97
36,163.93,75.04,34.96
25,164.18,75.25,35.18
30,163.93,75.04,35.18
22,164.87,75.48,35.01
23,164.42,75.37,35.16
17,164.19,75.25,35.8
11,163.93,75.04,35.8
16,164.19,75.25,35.49
13,163.93,75.04,35.49
22,164.93,75.48,35.65
20,164.43,75.39,35.62
13,165.3,75.26,35.12
57,165.72,75.45,35.04
12,165.3,75.26,35.65
46,165.72,75.44,35.63
182,166.61,75.64,35.57
106,166.21,75.44,35.62
152,166.61,75.64,34.9
126,166.2,75.45,35.04
96,167.14,75.44,35.61
52,167.95,75.44,35.6
68,169.65,75.44,35.61
35,170.18,75.27,35.65
57,168.83,75.44,35.6
90,167.12,75.45,35.03
42,167.51,75.64,34.77
46,167.97,75.44,35.02
88,169.65,75.45,35.03
56,170.18,75.27,35.12
63,168.83,75.45,35.03
58,171.26,75.06,35.18
70,171.27,75.06,34.89
12,171.43,74.83,35.18
17,171.44,74.83,34.87
39,170.61,75.07,35.11
9,171.5,74.6,35.03
55,171.26,75.06,35.8
12,171.44,74.83,35.8
51,171.26,75.06,35.49
11,171.44,74.83,35.49
25,170.6,75.07,35.65
9,171.51,74.6,35.65
9,164.82,75.19,34.78
16,164.32,74.82,34.78
27,165.71,75.15,34.78
97,166.19,75.35,34.78
85,167.08,75.32,34.78
30,167.96,75.29,34.78
38,168.81,75.26,34.78
63,169.73,75.21,34.78
26,170.13,74.75,34.78
22,171.01,74.63,34.73
17,171.35,74.15,34.74
2,165.22,74.79,34.59
8,166.12,74.74,34.59
103,166.6,75.23,34.59
34,167.48,75.16,34.59
24,168.36,75.07,34.59
42,169.24,74.99,34.59
7,169.65,74.36,34.59
6,170.57,74.24,34.59
28,171.08,73.73,34.59
2,163.09,65.91,34.5
2,163.14,65.94,34.46
118,171.7,65.79,35.03
24,171.72,65.79,35.08
5,171.78,65.71,35.03
14,171.75,65.73,35.04
63,171.71,65.79,35.05
11,171.77,65.68,34.96
19,171.77,65.68,34.92
54,171.77,65.68,34.88
507,171.67,65.73,34.96
482,171.64,65.79,34.99
640,171.64,65.79,34.96
17,171.75,65.7,35
56,171.72,65.72,34.99
349,171.66,65.79,35.01
121,171.69,65.73,35
73,171.75,65.7,34.96
343,171.68,65.73,34.97
224,171.72,65.73,34.96
908,171.59,65.79,34.92
870,171.67,65.73,34.92
868,171.6,65.79,34.93
1006,171.63,65.73,34.93
1115,171.62,65.78,34.88
1071,171.63,65.78,34.89
1148,171.67,65.73,34.88
193,171.72,65.68,34.92
345,171.72,65.68,34.88
557,171.69,65.71,34.92
846,171.69,65.71,34.88
4267,171.72,65.68,34.77
3811,171.72,65.68,34.73
1468,171.69,65.7,34.78
1673,171.69,65.7,34.76
1501,171.68,65.71,34.78
1679,171.68,65.71,34.76
2099,171.69,65.7,34.72
1877,171.69,65.7,34.74
2064,171.68,65.71,34.72
1859,171.68,65.71,34.74
1763,171.64,65.75,34.78
1950,171.64,65.75,34.76
1855,171.61,65.79,34.77
2347,171.64,65.75,34.72
2232,171.64,65.75,34.74
2606,171.61,65.79,34.73
1744,171.65,65.74,34.78
1895,171.65,65.74,34.76
1647,171.67,65.73,34.78
1793,171.67,65.73,34.76
2183,171.65,65.74,34.72
2075,171.67,65.73,34.72
2080,171.65,65.74,34.74
1954,171.67,65.73,34.74
1212,171.62,65.78,34.84
1362,171.64,65.75,34.83
1173,171.58,65.79,34.84
1324,171.67,65.74,34.84
1347,171.61,65.79,34.81
1465,171.64,65.75,34.81
1570,171.64,65.75,34.8
1483,171.65,65.74,34.82
1398,171.67,65.73,34.82
1585,171.65,65.74,34.8
1495,171.67,65.73,34.8
512,171.72,65.68,34.84
2028,171.72,65.68,34.81
1043,171.69,65.71,34.84
1117,171.69,65.7,34.82
1279,171.69,65.7,34.8
1256,171.68,65.71,34.82
1368,171.68,65.71,34.8
2456,171.64,65.71,34.57
2386,171.61,65.74,34.57
2215,171.61,65.75,34.61
2501,171.64,65.71,34.61
1492,171.64,65.71,34.49
2327,171.53,65.78,34.45
2207,171.61,65.74,34.49
1652,171.56,65.75,34.46
1865,171.61,65.75,34.46
979,171.61,65.7,34.47
2434,171.61,65.74,34.53
2083,171.64,65.71,34.53
2694,171.69,65.66,34.65
2682,171.69,65.66,34.69
2805,171.66,65.68,34.65
2336,171.66,65.68,34.69
1351,171.66,65.63,34.57
1955,171.66,65.63,34.61
1887,171.63,65.66,34.57
2434,171.63,65.66,34.61
958,171.65,65.64,34.51
1049,171.66,65.63,34.53
1033,171.63,65.66,34.5
1319,171.63,65.66,34.53
2113,171.61,65.75,34.65
2285,171.64,65.71,34.65
2118,171.61,65.74,34.69
2057,171.64,65.71,34.69
885,171.74,65.65,34.84
26727,171.74,65.65,34.81
209719,171.82,65.62,34.73
208534,171.82,65.62,34.77
151172,171.77,65.62,34.73
151317,171.77,65.62,34.77
76331,171.74,65.65,34.77
68423,171.74,65.65,34.73
2384,171.71,65.63,34.65
7447,171.71,65.63,34.69
7785,171.71,65.57,34.57
11433,171.71,65.57,34.61
2980,171.65,65.58,34.54
1240,171.68,65.6,34.57
1699,171.68,65.6,34.61
154519,171.82,65.56,34.69
93849,171.82,65.56,34.65
17625,171.74,65.6,34.65
42932,171.74,65.6,34.69
136520,171.79,65.59,34.69
70179,171.79,65.59,34.65
34014,171.76,65.54,34.59
16314,171.86,65.43,34.51
2,171.91,65.64,34.96
3,171.91,65.64,34.92
3,171.91,65.64,34.88
2,171.85,65.64,34.96
220,171.93,65.61,34.81
7,171.93,65.61,34.84
595,171.88,65.61,34.84
57677,171.88,65.61,34.81
8,171.85,65.64,34.88
41,171.8,65.65,34.88
3032,171.82,65.62,34.84
2563,171.77,65.62,34.84
122406,171.82,65.62,34.81
72269,171.77,65.62,34.81
52484,171.86,65.44,34.62
171857,171.85,65.59,34.77
178299,171.85,65.59,34.73
77969,171.87,65.53,34.67
61039,171.81,65.49,34.61
37706,171.75,65.44,34.51
870,172.45,65.85,34.48
918,172.34,65.84,34.44
4204,171.23,66.3,34.56
1597,171.42,66.4,34.73
3252,171.36,66.34,34.61
1143,171.43,66.39,34.8
1874,171.43,66.5,34.71
2196,171.37,66.43,34.65
2386,171.37,66.51,34.64
3444,171.38,66.4,34.55
3558,171.3,66.35,34.55
3039,171.43,66.62,34.6
4028,171.41,66.5,34.54
3890,171.32,66.19,34.54
2779,171.42,66.24,34.66
2934,171.37,66.23,34.6
3916,171.27,66.25,34.56
2616,171.33,66.29,34.61
2108,171.35,66.34,34.66
1121,171.36,66.34,34.74
1488,171.42,66.3,34.75
2590,171.43,66.13,34.67
2623,171.39,66.18,34.65
3175,171.37,66.13,34.59
4538,171.31,66.08,34.54
1767,171.42,66.07,34.73
2565,171.43,66.07,34.66
3197,171.43,66.02,34.6
4096,171.36,66.02,34.54
5887,171.25,66.04,34.55
3263,171.39,66.07,34.58
3278,171.44,65.96,34.59
3571,171.45,66.01,34.54
3618,171.44,66.01,34.53
3662,171.43,65.95,34.54
4014,171.39,65.97,34.53
4810,171.39,65.89,34.53
3289,171.45,65.9,34.58
3576,171.44,65.89,34.53
5562,171.46,65.87,34.49
3984,171.45,65.85,34.54
8905,171.41,65.84,34.46
1049,171.59,65.78,34.88
1342,171.58,65.78,34.8
3369,171.54,65.8,34.65
3233,171.56,65.79,34.66
2234,171.58,65.76,34.64
2199,171.59,65.75,34.68
3052,171.56,65.79,34.69
2764,171.53,65.78,34.57
1881,171.56,65.75,34.57
3627,171.51,65.8,34.62
2669,171.53,65.77,34.61
2010,171.56,65.75,34.61
2613,171.53,65.78,34.49
1677,171.56,65.75,34.49
2676,171.53,65.78,34.53
1783,171.56,65.75,34.53
3711,171.46,65.81,34.6
3874,171.45,65.83,34.57
3985,171.46,65.82,34.58
3674,171.49,65.81,34.61
3951,171.49,65.81,34.58
3684,171.5,65.8,34.56
5315,171.51,65.82,34.48
4325,171.51,65.8,34.49
4866,171.47,65.82,34.53
4078,171.51,65.8,34.53
6427,171.46,65.82,34.48
4703,171.45,65.83,34.53
4797,171.45,65.79,34.46
8620,171.38,65.88,34.49
9711,171.4,65.85,34.43
3653,171.45,65.79,34.43
1835,171.53,65.78,34.42
1225,171.61,65.75,34.43
1322,171.56,65.75,34.43
829,171.61,65.7,34.44
782,171.63,65.66,34.45
793,171.66,65.63,34.46
5103,171.65,65.57,34.47
24996,171.7,65.48,34.5
2,163.09,65.91,34.42
2,163.2,65.9,34.42
2,163.25,65.92,34.42
2,163.35,65.94,34.49
2,163.3,65.94,34.45
2,163.36,65.92,34.49
2,163.31,65.89,34.46
2,163.43,66.01,34.53
2,163.09,65.9,34.46
2,163.03,65.89,34.5
2,163.08,65.84,34.5
2,163.02,65.85,34.5
5,171.67,74.79,42.73
67,171.48,75.09,42.55
52,171.67,75.2,41.96
6,171.67,74.24,42.61
15,171.48,74.69,43.21
54,171.24,75.07,42.99
45,171.32,74.83,42.99
46,171.24,75.07,43.3
26,171.32,74.83,43.3
16,170.99,74.64,43.78
3,170.61,74.3,44.23
10,171.48,74.16,43.21
13,171.3,74.37,43.61
14,171.17,74.18,43.61
9,171.29,73.95,43.61
4,171.17,74.18,43.94
3,171.28,73.51,43.94
146,170.76,75.64,41.3
180,170.76,75.64,41.95
133,171.2,75.45,41.92
170,170.67,75.45,42.56
122,171.08,75.24,42.52
185,170.29,75.64,41.94
195,169.72,75.64,42.59
179,170.23,75.45,42.55
204,168.86,75.64,42.57
107,166.2,75.64,42.54
218,167.96,75.64,42.56
180,167.14,75.64,42.55
148,170.28,75.64,41.3
114,165.32,75.64,41.91
75,165.32,75.65,41.29
107,170.6,75.07,43.15
147,170.18,75.27,43.15
155,169.68,75.45,43.2
146,168.85,75.45,43.19
117,167.96,75.45,43.18
7,166.61,75.64,43.21
60,167.14,75.45,43.17
7,165.7,75.64,43.19
26,166.2,75.45,43.17
30,164.7,75.64,43.19
53,165.3,75.44,43.16
12,163.83,75.65,43.22
4,163.35,75.5,43.23
98,165.72,75.64,42.53
94,164.73,75.64,42.54
102,165.31,75.44,42.53
18,163.36,75.49,42.55
51,163.84,75.65,42.55
50,170.12,74.72,43.78
90,169.73,75.12,43.78
81,168.82,75.16,43.78
40,167.94,75.19,43.78
6,167.1,75.21,43.78
5,166.19,75.24,43.78
3,165.7,75.45,43.86
22,165.3,75.26,43.78
9,164.71,75.45,43.86
7,163.94,75.45,43.86
4,163.55,75.33,43.87
12,169.69,74.39,44.23
22,169.28,74.92,44.23
10,168.38,74.98,44.23
2,165.69,75.17,44.23
138,171.36,75.64,40.66
116,171.2,75.45,41.28
72,171.67,75.2,41.3
127,171.35,75.65,40.02
9,163.47,75.68,40.01
7,163.62,75.76,39.99
56,164.49,75.66,41.28
6,163.47,75.68,40.7
7,163.62,75.76,40.69
5,163.74,75.76,41.02
3,163.73,75.96,40.63
121,170.28,75.64,40.66
98,170.27,75.64,40.03
130,170.75,75.64,40.66
109,170.73,75.64,40.03
31,164.6,75.67,40.71
61,165.33,75.65,40.66
36,164.6,75.68,40
53,165.34,75.65,40.01
2,176.87,67.81,44.43
4,178.01,68.23,44.23
3,179.21,69.91,44.43
3,179.11,68.99,44.43
4,178.51,68.63,44.23
5,178.67,69.5,44.43
2,179.6,70.34,44.23
2,171.94,65.72,35.05
2,171.99,65.79,35.07
2,171.96,65.72,35.04
2,171.97,65.68,35
2,171.94,65.69,35.02
2,171.94,65.66,35
2,171.96,65.63,34.96
2,171.99,65.66,34.96
3,171.96,65.63,34.92
4,171.96,65.63,34.88
3,171.99,65.66,34.92
5,171.99,65.66,34.88
164,171.97,65.44,34.62
25332,171.92,65.47,34.67
2,171.99,65.69,34.99
2,172.02,65.72,35
27,172.2,65.84,34.81
21,172.16,65.8,34.82
54,172.21,65.82,34.75
61,172.26,65.83,34.74
51,172.18,65.79,34.75
64,172.15,65.78,34.72
295,172.2,65.78,34.57
230,172.2,65.77,34.61
280,172.17,65.75,34.57
218,172.17,65.75,34.61
580,172.22,65.72,34.52
102,172.21,65.81,34.69
153,172.25,65.83,34.66
102,172.19,65.79,34.69
139,172.19,65.76,34.64
133,172.17,65.75,34.65
97,172.17,65.74,34.68
240,172.33,65.83,34.61
321,172.23,65.81,34.57
257,172.24,65.84,34.6
654,172.28,65.77,34.52
17,172.13,65.79,34.83
11,172.11,65.73,34.85
12,172.08,65.71,34.83
17,172.11,65.73,34.81
16,172.08,65.71,34.8
9,172.05,65.7,34.84
14,172.05,65.7,34.81
8,172.02,65.68,34.84
12,172.02,65.68,34.81
36,172.05,65.71,34.73
34,172.02,65.68,34.73
22,172.05,65.71,34.77
21,172.02,65.68,34.77
54,172.12,65.78,34.73
60,172.11,65.74,34.72
26,172.11,65.73,34.78
25,172.08,65.72,34.76
44,172.08,65.73,34.73
35,172.13,65.79,34.77
31,172.13,65.73,34.77
270,172.14,65.73,34.57
266,172.11,65.7,34.57
204,172.14,65.73,34.61
194,172.11,65.7,34.61
505,172.16,65.67,34.52
258,172.08,65.68,34.57
248,172.05,65.65,34.57
177,172.08,65.68,34.61
164,172.05,65.65,34.61
413,172.1,65.63,34.53
108,172.08,65.68,34.65
99,172.05,65.65,34.65
70,172.08,65.68,34.69
63,172.05,65.65,34.69
126,172.14,65.73,34.65
119,172.11,65.7,34.65
89,172.14,65.73,34.69
79,172.11,65.7,34.69
174,172.04,65.57,34.59
96,172.03,65.47,34.61
226,171.98,65.52,34.67
21504,171.93,65.58,34.75
53,171.96,65.58,34.81
5,171.96,65.58,34.84
11,171.99,65.6,34.81
7,171.99,65.6,34.84
7,172.02,65.63,34.84
11,172.02,65.63,34.81
150,171.99,65.6,34.73
128,171.99,65.6,34.77
24,172.02,65.63,34.73
16,172.02,65.63,34.77
43,172.04,65.57,34.67
9,172.15,65.79,34.89
4,172.11,65.79,34.98
3,172.08,65.72,34.96
3,172.05,65.69,34.96
2,172.05,65.68,34.99
3,172.02,65.68,34.96
3,172.08,65.79,35.01
2,172.07,65.71,35
7,172.12,65.79,34.91
4,172.1,65.72,34.92
6,172.1,65.73,34.88
4,172.08,65.72,34.93
4,172.05,65.7,34.92
4,172.02,65.68,34.92
6,172.05,65.7,34.88
5,172.02,65.68,34.88
913,172.23,65.71,34.44
1004,172.33,65.72,34.45
756,172.15,65.58,34.47
817,172.21,65.61,34.47
635,172.04,65.54,34.48
512,171.97,65.39,34.52
604,172.03,65.46,34.5
1165,172.71,66.2,34.55
103,172.37,66.15,34.75
85,172.42,66.09,34.75
262,172.47,66.2,34.67
184,172.47,66.03,34.67
247,172.59,66.09,34.63
1091,172.68,66.01,34.55
16,172.28,65.84,34.84
29,172.31,65.88,34.81
64,172.35,65.93,34.75
64,172.3,65.88,34.74
142,172.4,65.87,34.67
910,172.5,65.87,34.54
266,172.48,65.84,34.6
172,172.43,65.81,34.62
921,172.5,65.86,34.52
385,172.46,65.8,34.58
132,172.34,65.82,34.67
147,172.39,65.79,34.62
521,172.34,65.8,34.58
661,172.39,65.85,34.54
735,172.39,65.76,34.52
811,172.45,65.79,34.52
1013,172.56,65.85,34.51
147,172.46,65.92,34.67
308,172.51,65.88,34.6
971,172.56,65.89,34.54
142,172.52,65.97,34.67
316,172.57,65.92,34.61
1044,172.62,65.92,34.54
48,172.37,66.15,34.82
48,172.32,66.1,34.82
36,172.42,66.09,34.82
37,172.36,66.04,34.82
62,172.41,65.98,34.75
12,172.34,65.99,34.88
25,172.35,65.93,34.82
8,172.29,65.94,34.91
5,172.21,65.86,34.99
9,172.2,65.86,34.92
5,172.29,65.85,34.9
4,178.49,68.67,34.59
6,176.65,68.13,44.23
4,176.41,67.92,44.23
7,177.12,68.31,44.23
4,172.14,70.21,43.71
3,172.14,69.94,43.7
6,172.14,70.43,43.71
11,172.22,70.56,43.37
20,172.31,71.38,42.66
23,172.31,71.17,43.03
22,172.31,70.99,43.03
19,172.31,70.76,43.03
18,172.31,71.5,42.51
11,172.22,71.61,41.93
5,172.14,71.79,41.29
8,172.16,73.2,40.02
5,172.15,72.35,40.65
9,172.63,71.67,41.9
25,173.08,70.47,42.99
29,172.88,70.71,42.99
23,172.56,70.96,42.52
25,173.34,70.89,42.52
16,172.4,70.3,43.3
25,172.63,70.51,42.99
15,172.6,70.07,43.3
22,172.84,70.27,42.99
11,172.3,70.1,43.3
4,172.29,69.66,43.62
9,172.39,69.87,43.3
3,172.37,69.43,43.61
5,173,69.59,43.3
10,172.8,69.83,43.3
7,172.56,69.63,43.3
4,172.76,69.39,43.3
11,173.26,70.01,43.15
30,171.96,72.28,39.4
43,171.96,72.29,38.77
2,172.05,70.72,43.14
11,172.17,71,42.61
12,172.17,71.37,41.96
7,172.05,71.45,41.32
16,171.95,71.63,40.67
20,171.96,72.27,40.03
3,175.97,67.97,44.23
5,175.76,68.21,44.23
2,175.52,68.01,44.23
3,176.17,67.76,43.94
7,176.21,68.2,43.94
10,176.01,68.44,43.94
9,177.72,69.59,44.43
10,177.22,69.18,44.43
8,177.61,68.72,44.23
10,176.45,68.4,43.94
12,176.25,68.64,43.94
11,176.71,68.8,44.23
10,177.31,70.09,44.43
12,176.81,69.68,44.43
14,176.61,70.16,44.23
14,176.53,69.27,44.23
16,176.36,69.96,44.23
18,176.12,69.76,43.94
15,176.32,69.51,44.23
16,176.28,69.08,43.94
17,176.08,69.32,43.94
7,178.09,69.12,44.23
12,176.87,70.58,44.23
12,176.68,71.04,43.94
12,176.48,71.28,43.94
14,176.44,70.84,43.94
15,176.24,71.08,43.94
11,176.28,71.52,43.61
11,176.07,71.76,43.61
14,176.04,71.32,43.61
15,175.84,71.56,43.61
16,176.4,70.4,43.94
18,176.16,70.2,43.94
19,176.12,69.76,43.61
19,175.92,70,43.61
18,175.88,69.56,43.61
18,175.68,69.8,43.61
17,176.2,70.64,43.94
17,176,70.88,43.94
18,175.96,70.44,43.94
19,175.76,70.68,43.94
17,175.8,71.12,43.61
17,175.6,71.36,43.61
18,175.56,70.92,43.61
17,175.36,71.16,43.61
19,175.72,70.24,43.61
18,175.52,70.48,43.61
18,175.48,70.04,43.61
17,175.28,70.28,43.61
11,175.02,69.86,43.15
2,173.24,74.89,39.4
6,172.75,74.49,39.4
2,173.24,74.89,38.77
7,172.75,74.49,38.77
5,174.85,72.98,42.52
12,174.37,72.57,42.52
7,175.25,72.5,42.52
12,175.65,72.02,43.15
15,174.77,72.09,42.52
17,175.17,71.62,43.15
2,174.61,75.13,39.4
6,175.48,75.08,39.4
5,176.36,75.03,39.4
5,176.36,75.03,38.77
7,175.48,75.08,38.77
4,174.61,75.13,38.77
4,178.68,70.42,44.23
5,178.26,70.91,44.23
7,178.18,70.02,44.23
8,177.77,70.5,44.23
2,178.7,71.31,43.78
4,177.82,71.38,43.78
4,177.41,71.86,43.78
7,177.34,70.98,43.78
8,176.94,71.46,43.78
5,176.53,71.94,43.15
2,175.88,74.66,40.65
2,175.88,74.66,40.02
2,176.13,72.42,42.52
2,174.88,68.3,44.23
9,175.57,68.48,43.94
10,175.36,68.72,43.94
6,175.13,68.52,43.94
5,175.33,68.28,43.94
15,176.04,68.88,43.61
12,175.8,68.68,43.61
16,175.84,69.12,43.61
14,175.6,68.92,43.61
4,174.48,68.79,43.94
3,174.69,68.55,43.94
11,175.16,68.96,43.61
11,174.96,69.19,43.61
7,174.72,68.99,43.61
7,174.92,68.75,43.61
13,175.42,69.38,43.15
3,174.08,69.27,43.61
4,174.28,69.03,43.61
5,174.54,69.45,43.15
15,175.1,70.74,43.15
10,174.62,70.33,43.15
16,174.7,71.21,43.15
13,174.22,70.81,43.15
18,173.74,70.41,42.52
20,174.29,71.69,42.52
23,173.82,71.29,42.52
17,173.89,72.17,42.52
3,172.53,71.95,41.27
21,173.41,71.77,42.52
5,173.01,72.25,41.9
3,173.49,72.65,41.9
15,172.9,71.37,41.9
12,172.16,73.21,39.4
2,172.4,73.2,40.02
19,172.16,73.21,38.77
9,172.43,74.08,39.4
13,172.43,74.08,38.77
2,173.2,69.35,43.3
3,173.66,69.53,43.15
9,174.14,69.93,42.52
20,177.67,69.62,34.59
2,178.15,70.03,34.79
57,177.19,69.22,34.59
18,172.4,74.1,38.13
7,172.69,73.61,36.9
23,172.37,74.11,37.52
19,172.4,73.2,36.9
779,174.27,71.69,34.59
186,173.88,72.17,34.79
30,173.49,72.65,35.12
707,173.7,70.42,34.59
686,174.12,69.94,34.59
796,173.77,71.29,34.59
36,172.9,71.37,35.1
162,173.39,71.76,34.78
39,173.01,72.25,35.12
2,173.09,73.13,36.27
4,173.49,72.65,35.65
8,172.65,72.73,36.27
5,173.01,72.25,35.65
124,176.78,69.7,34.59
38,177.27,70.1,34.59
520,175.61,71.58,34.59
216,175.25,72.5,34.79
44,174.85,72.98,35.12
199,174.77,72.1,34.79
27,174.37,72.57,35.12
7,174.85,72.98,35.65
5,174.37,72.57,35.65
59,177.39,71.43,34.59
3,177.75,70.5,34.79
5,177.9,72.27,34.79
2,175.88,74.66,38.15
2,175,74.74,38.15
3,175.88,74.66,37.52
2,175.41,74.26,36.9
3,175,74.74,37.52
30,175.73,72.9,35.12
70,176.57,72.38,34.79
35,176.21,73.3,35.12
3,177.49,72.74,35.12
10,177.09,73.22,35.12
5,175.73,72.9,35.65
6,176.21,73.3,35.65
2,175.81,73.78,36.27
2,177.09,73.22,35.65
3,178.07,69.15,34.79
28,177.59,68.75,34.59
31,172.16,73.2,38.14
50,172.15,73.2,37.52
62,172.15,72.37,36.88
14,172.37,72.37,36.89
107,172.14,71.8,36.23
11,172.53,71.95,36.27
131,173.31,70.9,34.78
127,172.22,71.61,35.58
222,172.31,71.49,35.02
5,172.63,71.67,35.65
316,172.31,71.38,34.89
409,172.5,70.99,34.72
3,172.9,71.37,35.65
60,172.55,70.96,35.06
63,171.96,72.28,38.13
91,171.96,72.29,37.5
144,171.95,71.67,36.83
177,172.05,71.45,36.15
858,172.72,70.58,34.58
122,172.17,71.36,35.51
355,172.17,70.99,34.87
137,176.71,68.83,34.59
381,172.52,66.42,34.63
902,172.62,66.51,34.55
1060,172.72,66.4,34.56
217,172.64,66.3,34.65
223,172.55,66.3,34.68
274,172.48,66.4,34.67
104,172.39,66.32,34.78
21,172.35,66.21,34.9
1116,172.83,66.3,34.56
668,172.26,68.31,34.59
926,172.46,67.81,34.58
675,172.2,67.86,34.58
860,172.58,67.62,34.58
76,173.65,69.54,34.79
714,173.13,69.14,34.59
670,174.05,69.06,34.59
305,172.24,67.04,34.68
348,172.11,66.98,34.65
383,172.34,66.87,34.67
403,172.21,67.01,34.61
495,172.28,67.04,34.54
403,172.38,66.95,34.63
601,172.44,66.94,34.55
287,172.11,67.23,34.65
271,172.23,67.19,34.69
338,172.24,67.19,34.63
572,172.37,67.38,34.56
591,172.16,67.43,34.56
451,172.41,66.75,34.62
668,172.52,66.84,34.55
894,172.63,66.73,34.55
252,172.11,67.31,34.67
88,173.23,70.02,34.79
226,172.22,68.11,34.78
235,172.04,67.1,34.73
310,172.07,67,34.66
214,172.16,67.12,34.79
316,172.17,66.97,34.71
446,172.26,66.84,34.64
447,172.26,66.68,34.64
94,172.28,66.32,34.82
21,172.3,66.21,34.92
144,172.28,66.43,34.8
382,172.56,66.63,34.64
303,172.47,66.64,34.68
147,172.4,66.54,34.78
43,172.36,66.43,34.9
335,172.4,66.74,34.68
218,172.34,66.66,34.78
9,172.3,66.1,34.95
3,172.31,65.94,34.97
2,172.31,65.85,34.97
214,171.93,67.26,34.62
1004,172.07,67.59,34.57
555,172.06,68.56,34.59
203,171.95,68.33,34.66
784,172.59,69.66,34.59
154,171.95,68.13,34.7
149,171.95,67.85,34.7
164,171.93,67.25,34.79
204,171.93,67,34.81
349,171.97,66.88,34.64
399,172.14,66.87,34.7
386,172.2,66.78,34.71
297,172.21,66.62,34.74
30,172.21,66.31,34.94
58,172.21,66.42,34.9
206,172.21,66.52,34.79
7,172.22,66.12,35.07
8,172.21,66.01,34.99
6,172.21,65.93,34.99
2,171.88,65.67,35
2,171.86,65.69,35.04
2,171.91,65.68,35.04
3,171.77,65.68,35
2,171.8,65.69,35.04
2,171.94,65.71,35.08
2,171.86,65.72,35.07
2,171.91,65.71,35.07
2,171.83,65.72,35.09
7,171.75,65.72,35.07
3,171.8,65.72,35.07
9,171.93,65.79,35.12
10,171.88,65.79,35.08
11,171.83,65.79,35.13
12,171.77,65.79,35.08
109,171.34,75.65,39.46
90,171.32,75.64,38.83
4,163.81,75.73,39.37
47,163.96,75.7,39.26
2,163.73,75.73,39.52
19,163.46,75.68,39.45
54,163.51,75.67,39.13
29,163.35,75.46,38.13
50,163.86,75.64,38.15
92,170.71,75.64,39.46
82,170.68,75.64,38.84
84,170.25,75.64,39.46
80,170.19,75.64,39.17
70,170.24,75.64,38.8
5,164.2,75.71,39.37
49,164.43,75.66,39.09
48,164.6,75.67,39.44
48,164.6,75.66,39.16
52,165.34,75.65,39.46
52,165.34,75.64,39.14
57,165.33,75.64,38.75
49,164.45,75.65,38.8
30,171.17,75.45,38.15
32,171.68,75.15,38.17
25,171.56,75.49,37.46
24,171.7,75.08,37.62
21,171.61,74.76,36.86
25,171.6,75.06,37.18
7,171.7,74.08,36.92
8,171.6,74.56,36.27
10,171.69,74.02,36.27
23,171.53,74.05,35.63
55,171.67,73.24,35.58
189,171.68,71.7,35.48
463,171.68,71.69,34.87
69,171.67,73.23,34.91
21,171.53,74.07,35.02
1003,171.61,71.69,34.58
102,171.45,73.26,34.59
11,163.35,74.99,37.51
3,163.36,74.41,36.89
4,163.52,74.98,36.89
4,163.36,73.98,36.25
3,163.36,74.4,36.26
4,163.54,74.92,36.28
10,163.36,73.44,35.53
12,163.56,73.97,35.62
10,163.56,74.38,35.63
11,163.76,74.83,35.64
23,163.36,73.43,34.87
43,163.55,73.98,35.03
3,163.36,72.61,34.86
44,163.55,74.39,35.04
37,163.76,74.83,35.12
43,163.62,73.97,34.78
33,163.84,74.4,34.78
6,163.63,73.51,34.59
3,164.14,73.92,34.59
28,164.1,75.5,37.47
22,163.51,75.37,37.56
29,163.82,75.48,37.62
60,164.77,75.64,38.16
73,164.85,75.65,37.61
27,164.3,75.4,37.13
42,164.46,75.5,37.46
89,165.72,75.64,38.15
27,165.31,75.44,38.15
103,165.73,75.64,37.53
32,165.31,75.45,37.52
26,169.66,75.64,38.14
24,170.2,75.44,38.15
25,168.84,75.64,38.14
124,166.21,75.64,38.14
32,167.95,75.64,38.14
80,167.14,75.64,38.14
30,169.66,75.64,37.52
30,170.19,75.44,37.52
30,168.84,75.64,37.51
135,166.21,75.64,37.52
38,167.95,75.64,37.51
86,167.14,75.64,37.52
26,170.61,75.44,38.15
22,171.08,75.24,38.15
29,170.61,75.44,37.52
30,171.12,75.28,37.49
13,163.98,75.17,36.95
10,163.98,75.4,36.74
26,164.45,75.4,36.88
39,164.94,75.52,36.9
12,163.98,75.26,36.27
27,164.92,75.49,36.24
21,164.44,75.39,36.3
16,165.29,75.28,36.89
46,165.72,75.44,36.9
13,165.29,75.27,36.28
46,165.72,75.44,36.27
40,169.65,75.44,36.89
31,170.18,75.27,36.9
41,168.83,75.44,36.89
160,166.61,75.64,36.89
76,166.21,75.44,36.89
49,167.95,75.44,36.89
96,167.14,75.44,36.89
174,166.61,75.64,36.25
87,166.21,75.44,36.26
97,167.14,75.44,36.26
53,167.95,75.44,36.25
53,169.65,75.44,36.26
32,170.18,75.27,36.27
49,168.83,75.44,36.25
50,171.26,75.06,36.43
16,171.44,74.83,36.43
54,171.26,75.06,36.11
13,171.44,74.83,36.11
26,170.6,75.07,36.27
34,171.34,75.06,37.09
26,170.6,75.07,36.9
9,171.51,74.6,36.26
37,171.36,74.95,36.78
23,164.36,74.78,35.12
10,164.83,75.13,35.12
20,164.36,74.78,35.65
9,164.83,75.14,35.64
12,165.72,75.06,35.12
9,165.72,75.06,35.65
142,166.61,75.44,35.62
39,166.19,75.24,35.65
155,166.61,75.45,35.04
49,166.19,75.24,35.12
79,167.11,75.21,35.65
50,167.94,75.18,35.65
33,168.82,75.16,35.65
25,169.73,75.12,35.65
76,167.09,75.21,35.12
41,167.51,75.44,34.94
38,167.95,75.18,35.12
31,168.82,75.16,35.12
35,169.72,75.12,35.12
11,170.13,74.72,35.12
10,171.02,74.65,35.08
17,171.29,74.21,35.08
11,170.12,74.72,35.65
9,171,74.64,35.65
17,171.29,74.19,35.65
2,165.23,74.74,34.79
3,164.74,74.32,34.79
5,166.12,74.67,34.79
60,166.6,75.09,34.78
34,167.48,75.03,34.79
21,168.36,74.95,34.78
32,169.24,74.89,34.78
7,169.65,74.33,34.79
7,170.54,74.24,34.78
30,170.98,73.75,34.78
2,166.52,74.2,34.59
22,167,74.67,34.59
16,167.88,74.59,34.59
11,168.77,74.48,34.59
8,169.17,73.95,34.59
7,170.07,73.84,34.59
32,170.5,73.35,34.59
2733,171.66,66.95,34.54
3181,171.53,66.86,34.56
2,163.08,65.94,34.46
2,162.97,65.92,34.5
2,171.98,65.79,35.14
15,171.72,65.79,35.11
42,171.69,65.72,35.03
160,171.66,65.79,35.04
33,171.69,65.79,35.09
10,171.72,65.72,35.08
6,171.75,65.7,35.04
21,171.71,65.72,35.05
57,171.67,65.79,35.07
4,171.74,65.65,35
11,171.74,65.65,34.96
24,171.74,65.65,34.92
57,171.74,65.65,34.88
558,171.67,65.72,34.95
341,171.64,65.73,34.99
621,171.64,65.73,34.96
471,171.61,65.79,35
646,171.61,65.79,34.96
27,171.72,65.68,35
185,171.66,65.73,35.01
82,171.69,65.7,35
83,171.72,65.68,34.96
261,171.69,65.71,34.96
1301,171.58,65.72,34.92
768,171.56,65.79,34.92
1130,171.6,65.72,34.93
978,171.64,65.71,34.92
1367,171.61,65.73,34.87
1250,171.64,65.71,34.88
217,171.69,65.66,34.92
368,171.69,65.66,34.88
610,171.66,65.68,34.92
885,171.66,65.68,34.88
1922,171.69,65.66,34.77
2450,171.69,65.66,34.73
1507,171.66,65.68,34.77
1853,171.66,65.68,34.73
1917,171.57,65.78,34.77
1882,171.62,65.74,34.77
2598,171.58,65.78,34.73
2130,171.61,65.74,34.73
1735,171.64,65.71,34.77
1922,171.64,65.71,34.73
1510,171.62,65.73,34.84
984,171.56,65.79,34.85
1739,171.57,65.73,34.84
1400,171.64,65.71,34.84
1668,171.62,65.74,34.8
1534,171.64,65.71,34.81
541,171.69,65.66,34.84
839,171.69,65.66,34.81
1064,171.66,65.68,34.84
1223,171.66,65.68,34.81
1855,171.61,65.69,34.57
1886,171.58,65.72,34.57
1897,171.58,65.72,34.61
2082,171.61,65.69,34.61
1280,171.51,65.75,34.46
1120,171.61,65.69,34.49
1461,171.58,65.72,34.49
1298,171.58,65.72,34.47
1740,171.58,65.72,34.53
1451,171.61,65.69,34.53
2387,171.66,65.63,34.65
2282,171.66,65.63,34.69
2507,171.63,65.66,34.65
2132,171.63,65.66,34.69
1621,171.63,65.6,34.57
1828,171.63,65.6,34.61
1356,171.6,65.63,34.57
1745,171.6,65.63,34.61
1792,171.6,65.61,34.53
1870,171.58,65.72,34.65
2046,171.61,65.69,34.65
1874,171.58,65.72,34.69
1861,171.61,65.69,34.69
177,171.71,65.63,34.84
2219,171.71,65.63,34.81
185738,171.82,65.56,34.73
178830,171.82,65.56,34.77
189441,171.79,65.59,34.73
183659,171.79,65.59,34.77
79285,171.74,65.6,34.73
74148,171.74,65.6,34.77
14575,171.71,65.63,34.77
16764,171.71,65.63,34.73
17670,171.71,65.57,34.69
12774,171.71,65.57,34.65
2295,171.68,65.6,34.65
3450,171.68,65.6,34.69
9220,171.65,65.55,34.59
95869,171.76,65.54,34.67
43920,171.7,65.49,34.6
23721,171.86,65.4,34.52
8832,171.91,65.36,34.53
2,171.93,65.61,34.96
2,171.88,65.61,34.96
3,171.93,65.61,34.92
3,171.93,65.61,34.88
8,171.88,65.61,34.88
479,171.93,65.55,34.81
139,171.93,65.55,34.84
9328,171.9,65.58,34.81
236,171.9,65.58,34.84
5814,171.85,65.59,34.84
104800,171.85,65.59,34.81
45,171.82,65.62,34.88
36,171.77,65.62,34.88
14936,171.82,65.56,34.84
117190,171.82,65.56,34.81
1198,171.74,65.6,34.84
3605,171.79,65.59,34.84
27277,171.74,65.6,34.81
106327,171.79,65.59,34.81
81000,171.86,65.42,34.67
114951,171.87,65.53,34.75
111260,171.81,65.48,34.67
82754,171.75,65.45,34.61
51426,171.75,65.41,34.52
1069,172.55,65.85,34.48
1023,172.45,65.83,34.44
1046,172.39,65.78,34.44
1047,172.91,66.4,34.57
1031,172.93,66.21,34.57
1008,171.43,66.36,34.83
5961,171.16,66.26,34.55
3182,171.21,66.32,34.62
4463,171.18,66.36,34.55
5499,171.11,66.32,34.55
670,171.42,66.58,34.92
1057,171.36,66.41,34.75
1504,171.43,66.46,34.74
1829,171.33,66.4,34.66
1818,171.28,66.36,34.67
1100,171.43,66.46,34.81
660,171.35,66.4,34.81
1757,171.33,66.52,34.67
1295,171.36,66.51,34.73
1655,171.43,66.6,34.75
2536,171.34,66.41,34.6
2475,171.27,66.37,34.61
2231,171.37,66.65,34.64
2977,171.36,66.51,34.6
3338,171.69,67.12,34.54
3319,171.44,66.78,34.58
3119,171.56,67.06,34.54
3404,171.53,66.9,34.54
3516,171.34,66.46,34.54
3537,171.25,66.41,34.55
3624,171.35,66.61,34.54
5459,171.23,66.2,34.56
5111,171.26,66.14,34.55
6497,171.19,66.2,34.56
6655,171.22,66.09,34.56
3144,171.32,66.18,34.6
1589,171.42,66.23,34.74
1620,171.42,66.13,34.74
2211,171.36,66.23,34.67
2973,171.28,66.24,34.61
1271,171.35,66.34,34.73
2038,171.32,66.3,34.66
1014,171.36,66.3,34.76
1097,171.37,66.25,34.76
1119,171.42,66.24,34.81
1153,171.42,66.13,34.81
1086,171.43,66.29,34.82
1029,171.42,66.08,34.84
1352,171.37,66.11,34.76
1171,171.43,66.03,34.81
2377,171.36,66.13,34.67
3662,171.31,66.08,34.6
1543,171.37,66.07,34.74
1632,171.42,66.02,34.74
2520,171.38,66.07,34.66
2408,171.42,66.01,34.67
3398,171.36,66.02,34.6
5776,171.23,66.03,34.61
5520,171.3,65.98,34.55
8327,171.21,66,34.55
2533,171.43,65.96,34.66
3419,171.4,65.95,34.58
5648,171.35,65.92,34.54
4549,171.4,65.87,34.55
3437,171.44,65.86,34.6
3604,171.42,65.9,34.57
7521,171.37,65.8,34.47
7218,171.4,65.84,34.51
1539,171.58,65.73,34.88
857,171.56,65.79,34.88
984,171.54,65.79,34.84
1891,171.57,65.73,34.81
1262,171.54,65.79,34.8
3501,171.49,65.8,34.65
2674,171.56,65.78,34.72
1998,171.54,65.78,34.77
3188,171.51,65.79,34.69
3439,171.51,65.79,34.66
2520,171.53,65.76,34.64
2127,171.56,65.75,34.65
3111,171.53,65.78,34.7
2143,171.56,65.74,34.68
2451,171.5,65.76,34.57
1547,171.53,65.72,34.57
2711,171.5,65.75,34.61
1755,171.53,65.72,34.61
1543,171.5,65.73,34.51
3673,171.45,65.81,34.62
3991,171.45,65.79,34.6
5082,171.43,65.82,34.56
3817,171.45,65.82,34.59
4490,171.45,65.8,34.57
3822,171.45,65.81,34.59
3626,171.47,65.8,34.63
3505,171.47,65.78,34.61
3646,171.44,65.82,34.62
3864,171.48,65.78,34.57
6346,171.42,65.8,34.51
4317,171.45,65.78,34.51
4364,171.4,65.77,34.47
3498,171.4,65.77,34.44
11183,171.31,65.87,34.48
8542,171.37,65.82,34.43
1074,171.5,65.74,34.43
942,171.58,65.72,34.43
798,171.61,65.68,34.44
1240,171.49,65.7,34.44
2774,171.6,65.61,34.46
14848,171.65,65.53,34.48
33926,171.64,65.44,34.51
12344,171.25,65.87,34.47
2,163.49,66.37,34.56
2,163.03,65.87,34.42
2,163.14,65.85,34.42
2,163.25,65.84,34.42
2,163.59,66.25,34.56
2,163.39,65.94,34.49
2,163.31,65.89,34.42
2,163.36,65.94,34.45
2,163.36,65.91,34.46
2,163.48,66.05,34.54
2,163.48,66.26,34.55
2,163.47,66.32,34.61
2,163.41,66.32,34.65
2,163.48,66.15,34.54
2,163.46,66.21,34.6
2,163.4,66.21,34.66
2,163.4,66.11,34.66
2,163.45,66.09,34.6
2,163.55,66.2,34.55
2,163.41,66.32,34.73
2,163.41,66.21,34.73
2,163.41,66.11,34.73
2,163.38,65.88,34.53
2,163.38,65.84,34.53
2,163.39,65.87,34.48
2,163.35,65.83,34.46
2,163.48,65.95,34.54
2,163.43,65.99,34.59
2,163.4,65.99,34.66
2,163.29,65.79,34.46
2,162.96,65.84,34.5
2,162.97,65.9,34.46
2,162.92,65.88,34.5
3,171.12,73.3,43.94
3,171.67,73.22,42.62
10,171.12,73.3,43.61
9,171.28,73.51,43.61
8,171.48,73.22,43.21
8,171.27,73.04,43.61
2,171.27,73.05,43.94
34,171.48,74.68,42.66
94,171.25,75.02,42.51
31,171.67,74.25,41.95
83,171.48,75.06,41.92
35,171.48,74.18,42.55
63,170.99,74.64,43.15
21,170.52,74.24,43.78
4,170.11,73.88,44.23
37,171.22,74.15,43.14
9,170.92,73.76,43.78
69,163.86,75.65,41.92
26,163.36,75.48,41.91
15,163.71,75.65,41.42
17,163.34,75.51,41.32
51,164.09,75.66,41.3
106,171.08,75.24,41.27
117,170.66,75.45,41.28
126,171.08,75.24,41.9
147,170.66,75.45,41.91
140,170.6,75.07,42.52
171,169.71,75.64,41.93
150,170.23,75.45,41.91
163,170.18,75.27,42.52
180,169.67,75.45,42.55
160,168.86,75.64,41.92
191,168.84,75.44,42.54
190,166.21,75.64,41.9
212,167.96,75.64,41.91
253,167.14,75.64,41.9
133,166.61,75.64,42.54
138,166.2,75.44,42.53
226,167.95,75.44,42.53
211,167.14,75.44,42.53
136,169.7,75.64,41.29
112,170.23,75.45,41.28
112,168.85,75.64,41.29
142,166.21,75.64,41.27
136,167.96,75.64,41.28
208,167.14,75.64,41.27
145,165.72,75.64,41.9
95,164.76,75.64,41.93
89,165.31,75.44,41.9
101,165.73,75.64,41.28
66,164.85,75.65,41.39
54,165.3,75.46,41.27
121,170.12,74.72,43.15
154,169.73,75.12,43.15
176,168.82,75.16,43.15
7,163.36,75.03,43.22
169,167.94,75.19,43.15
84,167.1,75.21,43.15
33,166.61,75.45,43.17
49,166.19,75.24,43.15
36,165.71,75.45,43.16
67,165.3,75.26,43.15
53,164.74,75.45,43.16
28,163.95,75.45,43.17
10,163.55,75.33,43.18
12,163.36,75.01,42.55
115,165.72,75.44,42.53
95,165.3,75.26,42.52
88,164.75,75.44,42.53
28,163.55,75.32,42.53
56,163.96,75.45,42.53
65,169.64,74.32,43.78
96,169.24,74.83,43.78
84,168.36,74.88,43.78
24,167.48,74.93,43.78
7,166.6,75.01,43.78
2,163.55,74.95,43.86
22,165.72,75.06,43.78
19,164.85,75.11,43.78
3,163.97,75.15,43.78
9,169.2,73.97,44.23
13,168.79,74.47,44.23
3,167.89,74.55,44.23
6,165.2,74.79,44.23
109,171.2,75.45,40.65
118,171.67,75.2,40.66
90,171.48,75.05,41.28
77,171.67,74.24,41.3
83,171.19,75.45,40.02
110,171.67,75.18,40.02
11,163.33,75.57,40.02
6,163.58,75.57,40.02
3,163.73,75.73,40.01
4,163.33,75.57,40.65
8,164.03,75.67,41.07
36,164.46,75.51,41.22
4,163.58,75.56,40.66
2,163.97,75.7,41.02
3,163.82,75.73,40.9
4,163.73,75.73,40.63
111,169.7,75.64,40.66
79,170.22,75.44,40.65
86,168.85,75.64,40.65
116,166.21,75.64,40.65
88,167.96,75.64,40.65
144,167.14,75.64,40.65
93,169.69,75.64,40.03
52,170.22,75.44,40.02
68,168.85,75.64,40.02
113,166.21,75.64,40.02
59,167.96,75.64,40.02
111,167.14,75.64,40.02
92,170.66,75.45,40.65
87,171.08,75.24,40.65
63,170.65,75.45,40.02
54,171.08,75.24,40.02
58,164.97,75.66,40.64
19,164.52,75.55,40.67
80,165.73,75.64,40.65
39,165.31,75.46,40.65
48,164.99,75.66,40.03
20,164.52,75.56,40.01
73,165.73,75.64,40.02
31,165.32,75.45,40.02
2,171.49,71.82,43.06
3,176.86,67.88,44.23
2,176.61,67.67,44.23
2,177.53,67.81,44.23
5,177.99,68.26,43.78
2,179.55,69.44,44.23
3,179.1,69.93,44.23
3,179.01,69.04,44.23
5,178.47,68.67,43.78
5,178.59,69.53,44.23
2,171.99,65.66,35
2,171.96,65.58,34.96
2,172.02,65.63,35
2,171.99,65.6,34.96
2,172.02,65.63,34.96
2,171.96,65.58,34.92
3,171.96,65.58,34.88
3,171.99,65.6,34.92
4,171.99,65.6,34.88
3,172.02,65.63,34.92
5,172.02,65.63,34.88
43533,171.92,65.47,34.75
380,171.97,65.41,34.67
2,172.11,65.79,35.05
2,172.02,65.68,35
2,172.07,65.79,35.07
17,172.2,65.82,34.84
20,172.27,65.79,34.81
20,172.2,65.8,34.84
19,172.18,65.8,34.84
16,172.21,65.73,34.82
45,172.26,65.78,34.76
73,172.27,65.83,34.73
37,172.22,65.74,34.76
60,172.17,65.73,34.72
290,172.22,65.72,34.59
551,172.27,65.66,34.53
124,172.28,65.77,34.67
107,172.22,65.72,34.67
350,172.28,65.77,34.59
647,172.33,65.71,34.52
14,172.15,65.73,34.83
10,172.1,65.69,34.84
16,172.1,65.7,34.81
9,172.08,65.68,34.84
15,172.08,65.68,34.81
8,172.05,65.65,34.84
14,172.05,65.65,34.81
40,172.08,65.68,34.73
37,172.05,65.65,34.73
25,172.08,65.68,34.77
23,172.05,65.65,34.77
29,172.15,65.73,34.78
34,172.14,65.71,34.76
50,172.14,65.72,34.73
45,172.11,65.7,34.73
28,172.11,65.7,34.77
250,172.16,65.67,34.59
445,172.21,65.62,34.54
361,172.15,65.59,34.54
217,172.1,65.62,34.59
74,172.1,65.62,34.67
89,172.16,65.67,34.67
159,172.09,65.51,34.6
99,172.08,65.43,34.63
34,172.03,65.46,34.67
285,171.98,65.52,34.75
39,171.98,65.52,34.82
6,172.04,65.57,34.82
16,172.04,65.57,34.75
51,172.09,65.51,34.67
5,172.21,65.83,34.97
8,172.2,65.83,34.9
8,172.2,65.8,34.9
4,172.17,65.79,34.98
7,172.17,65.8,34.91
6,172.19,65.72,34.89
4,172.14,65.79,34.99
3,172.14,65.71,34.98
3,172.08,65.67,34.96
2,172.1,65.71,35.01
2,172.07,65.67,35
2,172.05,65.65,35
2,172.05,65.65,34.96
5,172.15,65.72,34.91
4,172.1,65.69,34.92
6,172.1,65.69,34.88
4,172.08,65.67,34.92
4,172.05,65.65,34.92
6,172.08,65.68,34.88
5,172.05,65.65,34.88
919,172.27,65.66,34.46
1000,172.38,65.65,34.46
699,172.15,65.54,34.48
815,172.26,65.57,34.48
1524,171.96,65.3,34.54
641,172.09,65.51,34.49
573,172.02,65.35,34.53
609,172.08,65.42,34.52
187,172.71,66.18,34.66
1150,172.8,66.11,34.56
60,172.49,66.2,34.78
58,172.47,66.03,34.75
151,172.56,66.06,34.68
260,172.69,65.98,34.64
1119,172.79,65.93,34.55
3,172.22,65.87,35.05
18,172.4,65.87,34.83
18,172.34,65.82,34.82
47,172.4,65.87,34.75
47,172.34,65.82,34.75
266,172.5,65.82,34.6
104,172.45,65.81,34.67
373,172.45,65.78,34.58
283,172.5,65.81,34.58
92,172.39,65.76,34.67
363,172.39,65.76,34.59
758,172.44,65.7,34.52
881,172.5,65.75,34.53
45,172.52,65.97,34.75
46,172.46,65.92,34.75
1110,172.67,65.86,34.5
396,172.56,65.8,34.58
953,172.55,65.78,34.53
116,172.51,65.86,34.67
1080,172.68,65.88,34.54
303,172.56,65.83,34.6
128,172.57,65.91,34.67
307,172.62,65.87,34.61
8,172.39,66.1,34.93
23,172.47,66.03,34.82
3,172.38,65.93,34.96
25,172.41,65.98,34.82
6,172.36,65.93,34.9
18,172.52,65.97,34.82
19,172.46,65.92,34.82
5,172.4,65.87,34.9
2,172.38,65.82,34.96
4,172.29,65.8,34.92
5,172.36,65.82,34.9
4,178.57,67.34,34.59
15,177.99,68.27,34.59
2,178.87,68.19,43.78
2,176.37,67.52,43.61
7,176.65,68.16,43.94
5,176.41,67.96,43.94
8,177.11,68.34,43.78
10,172.15,72.36,39.4
17,172.15,72.36,38.77
2,172.15,69.73,43.71
5,172.14,70.21,43.38
3,172.14,69.94,43.38
6,172.14,70.43,43.38
11,172.22,70.56,43.05
17,172.31,70.96,42.55
13,172.31,71.47,41.92
6,172.22,71.61,41.29
4,172.14,71.79,40.66
6,172.15,72.35,40.02
5,172.63,71.67,41.27
20,173.34,70.89,41.9
16,172.55,70.95,41.9
12,172.3,70.1,42.99
18,172.4,70.3,42.99
24,172.85,70.49,42.52
18,172.6,70.07,42.99
11,172.38,69.86,42.99
5,172.29,69.65,43.24
4,172.37,69.43,43.3
2,172.51,69.19,43.3
8,173,69.59,42.99
13,172.8,69.83,42.99
9,172.56,69.63,42.99
5,172.76,69.39,42.99
16,173.26,70.01,42.52
44,171.95,71.65,39.07
7,172.17,71.01,41.96
6,172.17,71.37,41.31
4,172.05,71.45,40.68
24,171.95,71.64,40.04
5,175.97,68,43.94
7,175.77,68.24,43.94
2,175.73,67.8,43.94
4,175.53,68.04,43.94
3,176.17,67.76,43.61
10,176.45,68.4,43.61
13,176.25,68.64,43.61
8,176.21,68.2,43.61
10,176.01,68.44,43.61
10,177.69,69.61,44.23
11,177.2,69.21,44.23
10,177.59,68.74,43.78
13,176.7,68.82,43.78
11,177.28,70.1,44.23
14,176.79,69.69,44.23
16,176.6,70.16,43.94
16,176.52,69.28,43.94
18,176.36,69.96,43.94
17,176.32,69.52,43.94
17,176.52,69.28,43.61
18,176.32,69.52,43.61
17,176.28,69.08,43.61
18,176.08,69.32,43.61
9,178.06,69.15,43.78
12,176.86,70.58,43.78
11,176.68,71.04,43.61
11,176.48,71.28,43.61
14,176.44,70.84,43.61
14,176.24,71.08,43.61
12,176.06,71.54,43.15
16,176.6,70.16,43.61
16,176.4,70.4,43.61
18,176.36,69.96,43.61
18,176.16,70.2,43.61
17,175.9,69.78,43.15
17,176.2,70.64,43.61
17,176,70.88,43.61
18,175.96,70.44,43.61
18,175.76,70.68,43.61
17,175.58,71.14,43.15
16,175.5,70.26,43.15
10,175.02,69.86,42.52
4,174.37,72.57,41.9
2,175.25,72.5,41.9
8,175.65,72.02,42.52
7,174.77,72.09,41.9
16,175.17,71.62,42.52
2,175.88,74.66,39.4
3,178.62,70.43,43.78
4,178.22,70.91,43.78
7,178.14,70.03,43.78
7,177.74,70.5,43.78
5,177.34,70.98,43.15
5,176.94,71.46,43.15
2,176.53,71.94,42.52
3,174.89,68.31,43.94
2,175.09,68.07,43.94
9,175.57,68.48,43.61
10,175.36,68.72,43.61
6,175.13,68.52,43.61
5,175.33,68.28,43.61
13,175.82,68.9,43.15
4,174.48,68.79,43.61
3,174.69,68.55,43.61
7,174.94,68.97,43.15
10,175.42,69.38,42.52
5,174.54,69.45,42.52
17,175.1,70.74,42.52
14,174.62,70.33,42.52
20,174.7,71.21,42.52
19,174.22,70.81,42.52
19,173.74,70.41,41.9
14,174.29,71.69,41.9
18,173.82,71.29,41.9
8,173.89,72.17,41.9
12,173.41,71.77,41.9
2,173.01,72.25,41.27
7,172.9,71.37,41.27
3,172.4,73.2,39.4
2,172.37,72.36,39.4
3,172.37,72.36,38.77
5,172.4,73.2,38.77
3,172.7,73.61,38.77
3,173.2,69.35,42.99
2,172.96,69.15,42.99
6,173.66,69.53,42.52
13,174.14,69.93,41.9
6,177.67,69.62,34.79
15,177.18,69.22,34.79
452,175.82,68.9,34.59
664,174.94,68.98,34.59
671,174.53,69.46,34.59
278,176.3,69.3,34.59
9,172.4,73.2,38.15
13,172.4,73.2,37.52
4,172.7,73.61,38.15
5,172.69,73.61,37.52
5,172.65,72.73,36.9
688,174.64,70.78,34.59
168,174.29,71.69,34.79
20,173.89,72.17,35.12
88,173.72,70.42,34.79
6,173.26,70.01,35.12
87,174.13,69.93,34.79
13,173.33,70.89,35.11
143,173.8,71.29,34.79
21,173.41,71.77,35.12
3,173.89,72.17,35.65
2,173.41,71.77,35.65
264,176.42,70.62,34.59
28,176.78,69.7,34.79
11,177.26,70.1,34.79
119,175.61,71.58,34.79
26,175.25,72.5,35.12
19,174.77,72.09,35.12
4,175.25,72.5,35.65
4,174.77,72.09,35.65
15,177.38,71.42,34.79
5,176.57,72.38,35.43
7,177.59,68.74,34.79
69,177.11,68.35,34.59
25,172.15,72.36,38.14
40,172.15,72.36,37.51
7,172.37,72.36,38.14
8,172.37,72.36,37.52
68,172.14,71.81,36.87
7,172.53,71.95,36.9
75,172.22,71.61,36.23
2,172.63,71.67,36.27
242,172.81,70.52,34.75
50,172.31,71.47,35.6
175,172.31,70.96,34.99
23,172.84,70.49,35.1
6,172.55,70.95,35.65
76,171.95,71.65,37.79
61,171.99,71.45,38.17
110,172.05,71.45,36.82
83,172.17,71.36,36.18
613,172.02,70.41,34.58
843,172.26,70.17,34.58
118,172.17,71.01,35.51
416,172.06,70.72,34.85
30,176.71,68.82,34.79
271,176.23,68.43,34.59
608,175.34,68.5,34.59
1044,172.74,66.62,34.55
1073,172.84,66.5,34.56
283,172.62,66.52,34.65
170,172.72,66.4,34.67
44,172.6,66.29,34.78
82,172.5,66.42,34.78
14,172.4,66.32,34.94
7,172.48,66.2,34.94
123,172.83,66.29,34.7
2,172.41,65.87,34.98
47,172.33,68.12,34.97
175,172.38,68.31,34.78
211,172.5,67.82,34.75
236,172.31,67.87,34.75
751,172.56,68.74,34.59
843,172.56,68.07,34.59
182,172.61,67.62,34.75
907,172.81,67.82,34.59
908,172.79,67.38,34.58
861,173.01,67.15,34.58
4,173.66,69.53,35.12
76,173.16,69.13,34.79
75,174.06,69.05,34.79
684,173.57,68.65,34.59
692,174.46,68.58,34.59
278,172.32,67.07,34.69
249,172.23,67.05,34.75
300,172.38,66.98,34.69
246,172.36,66.87,34.77
359,172.31,67.08,34.63
385,172.46,66.96,34.64
724,172.54,67.17,34.56
316,172.23,67.45,34.67
173,172.18,67.33,34.8
203,172.24,67.21,34.79
325,172.41,67.4,34.68
1225,172.77,66.95,34.56
360,172.54,66.85,34.64
314,172.64,66.73,34.65
179,172.05,67.3,34.74
305,172.2,67.61,34.72
208,172.23,68.55,34.78
133,172.15,68.32,34.83
138,172.69,69.62,34.78
8,172.76,69.61,35.12
124,172.15,68.13,34.86
125,172.14,67.86,34.86
101,172.29,67.62,34.91
131,172.06,67.29,34.88
170,172.05,67.09,34.89
266,172.09,67,34.74
139,172.16,67.13,34.94
106,172.18,67.32,34.94
120,172.24,67.21,34.94
252,172.24,66.97,34.77
163,172.37,67.02,34.82
309,172.28,66.84,34.76
264,172.28,66.66,34.78
24,172.3,66.32,34.95
49,172.3,66.43,34.92
166,172.29,66.54,34.82
103,172.52,66.64,34.78
28,172.42,66.53,34.94
113,172.38,66.87,34.9
176,172.42,66.76,34.78
78,172.37,66.66,34.9
2,172.34,66.11,35.07
3,172.32,65.99,34.99
2,172.32,65.89,34.99
178,171.94,67.41,34.8
248,171.95,67.59,34.71
188,171.95,68.56,34.69
720,172.19,69.23,34.59
56,171.96,68.56,35.02
50,171.96,68.13,35.03
39,171.96,67.85,35.05
125,171.94,67.08,35.08
352,171.98,66.88,34.81
328,172.11,66.88,34.83
384,172.2,66.86,34.71
6,172.22,66.2,35.13
239,172.21,66.76,34.85
134,172.21,66.62,34.89
10,172.21,66.32,35.09
69,172.21,66.51,34.94
4,172.22,66.02,35.11
4,172.22,65.93,35.05
3,172.22,65.9,35.07
3,171.75,65.69,35.07
2,171.77,65.67,35.04
2,171.8,65.69,35.07
2,171.88,65.71,35.09
2,171.83,65.71,35.13
4,171.77,65.72,35.09
10,171.88,65.79,35.14
13,171.77,65.79,35.14
4,163.36,73.98,36.89
11,163.36,72.62,35.51
59,171.19,75.45,39.46
72,171.67,75.15,39.43
43,171.18,75.45,38.83
45,171.67,75.16,38.8
35,163.33,75.56,39.38
2,163.86,75.71,39.57
14,163.98,75.62,39.37
53,164,75.67,39.11
23,163.36,74.96,38.15
14,163.57,75.57,39.49
48,163.61,75.56,39.18
54,163.85,75.65,38.71
49,163.35,75.51,38.73
41,163.55,75.31,38.14
38,163.97,75.45,38.15
45,170.64,75.45,39.46
32,171.08,75.24,39.44
39,170.63,75.44,38.83
24,171.08,75.24,38.81
67,169.68,75.64,39.15
80,169.69,75.64,39.46
35,170.16,75.44,39.17
39,170.21,75.44,39.46
37,168.85,75.64,39.15
50,168.85,75.64,39.46
113,166.21,75.64,39.46
114,166.21,75.64,39.14
36,167.96,75.64,39.15
43,167.96,75.64,39.46
83,167.14,75.64,39.15
91,167.14,75.64,39.46
48,169.67,75.64,38.77
33,170.21,75.44,38.8
31,168.84,75.64,38.77
117,166.21,75.64,38.77
34,167.95,75.64,38.77
82,167.14,75.64,38.77
31,164.37,75.51,39.17
48,164.97,75.66,39.44
31,164.52,75.55,39.51
48,164.92,75.65,39.12
33,164.52,75.51,39.24
76,165.73,75.64,39.14
74,165.73,75.64,39.46
28,165.32,75.45,39.47
26,165.32,75.44,39.15
80,165.73,75.64,38.76
52,164.84,75.64,38.72
26,165.32,75.44,38.76
27,164.43,75.46,38.84
17,171.5,75.05,38.16
10,171.68,74.14,38.17
18,171.55,75.04,37.57
7,171.69,74.08,37.57
12,171.56,74.12,36.9
19,171.68,73.24,36.89
17,171.54,74.06,36.27
34,171.68,73.24,36.25
65,171.68,71.7,36.16
367,171.58,71.45,35.47
100,171.47,73.26,35.62
139,171.67,72.37,35.55
372,171.49,71.84,35.58
864,171.57,71.45,34.85
251,171.68,72.35,34.88
699,171.49,71.83,35.01
120,171.48,73.27,35.04
1140,171.46,71.27,34.88
915,171.43,71.84,34.76
107,171.29,73.29,34.78
1213,171.44,71.58,34.57
538,171.42,72.28,34.58
190,171.04,72.84,34.59
1574,171.22,71.37,34.57
2041,171.18,70.81,34.57
9,163.36,74.41,37.52
18,163.54,74.93,37.51
6,163.56,74.39,36.89
8,163.72,74.91,36.89
5,163.36,73.44,36.23
8,163.56,73.97,36.26
6,163.56,74.38,36.27
9,163.74,74.88,36.3
20,163.73,73.96,35.65
13,163.56,73.43,35.6
21,163.93,74.38,35.65
24,163.55,73.42,35.02
42,163.73,73.96,35.12
5,163.55,72.61,35.02
39,163.93,74.38,35.12
13,163.78,73.5,34.78
7,164.23,73.91,34.79
24,163.96,75.19,37.5
27,164.77,75.44,38.15
33,164.84,75.47,37.58
22,164.43,75.37,37.36
16,165.3,75.26,38.15
40,165.72,75.44,38.15
17,165.29,75.27,37.51
42,165.72,75.44,37.52
25,169.65,75.44,38.14
24,170.18,75.27,38.15
27,168.84,75.44,38.14
136,166.61,75.64,38.14
73,166.21,75.44,38.15
38,167.95,75.44,38.14
87,167.14,75.44,38.14
31,169.65,75.44,37.52
28,170.18,75.27,37.52
33,168.83,75.44,37.52
147,166.61,75.64,37.52
73,166.21,75.44,37.52
43,167.95,75.44,37.52
92,167.14,75.44,37.52
22,170.6,75.07,38.15
17,171.28,75,38.14
23,170.6,75.07,37.52
22,171.33,75.02,37.51
15,164.36,74.78,36.9
13,164.83,75.15,36.9
17,164.36,74.78,36.27
10,164.83,75.14,36.28
11,165.72,75.06,36.9
10,165.72,75.06,36.27
25,169.73,75.12,36.9
41,168.82,75.16,36.9
114,166.61,75.44,36.89
37,166.19,75.24,36.9
59,167.94,75.18,36.9
91,167.11,75.21,36.9
125,166.61,75.44,36.26
36,166.19,75.24,36.27
86,167.11,75.21,36.27
57,167.94,75.18,36.27
37,168.82,75.16,36.27
23,169.73,75.12,36.27
13,170.12,74.72,36.27
10,171,74.64,36.27
15,171.29,74.19,36.27
18,170.12,74.72,36.9
12,171.02,74.64,36.9
12,171.31,74.18,36.89
5,164.76,74.3,35.12
2,165.24,74.7,35.12
11,164.76,74.3,35.65
4,165.24,74.7,35.65
4,166.12,74.63,35.12
4,166.12,74.63,35.65
30,166.6,75.01,35.65
36,166.6,75.01,35.12
50,167.48,74.93,35.65
36,168.36,74.88,35.65
21,169.24,74.82,35.65
40,167.48,74.94,35.12
25,168.36,74.88,35.12
21,169.24,74.82,35.12
8,169.64,74.32,35.12
8,170.53,74.24,35.12
32,170.92,73.76,35.12
11,169.64,74.32,35.65
9,170.52,74.24,35.65
29,170.92,73.76,35.65
3,166.52,74.17,34.79
14,167,74.59,34.79
15,167.88,74.52,34.79
11,168.76,74.43,34.79
8,169.17,73.93,34.79
8,170.05,73.84,34.79
31,170.47,73.36,34.79
3,166.92,73.7,34.59
7,167.4,74.13,34.59
8,168.29,74.05,34.59
6,168.69,73.54,34.59
8,169.58,73.44,34.59
41,170,72.95,34.59
2586,171.58,67.02,34.63
2589,171.45,66.94,34.63
32,171.68,71.7,36.83
686,171.46,71.26,35.51
1261,171.46,70.92,34.86
3022,171.72,67.09,34.59
2203,171.71,66.93,34.6
2914,171.66,66.87,34.55
2429,171.57,66.87,34.64
2,162.97,65.91,34.42
2,162.97,65.94,34.46
2,162.97,65.81,34.42
2,171.74,65.65,35.04
7,171.72,65.71,35.11
19,171.67,65.79,35.13
304,171.62,65.79,35.03
25,171.69,65.69,35.03
195,171.63,65.79,35.05
60,171.66,65.72,35.04
15,171.68,65.71,35.09
4,171.72,65.67,35.08
8,171.72,65.68,35.04
26,171.66,65.71,35.07
90,171.64,65.79,35.08
5,171.71,65.63,35
12,171.71,65.63,34.96
26,171.71,65.63,34.92
56,171.71,65.63,34.88
290,171.64,65.7,34.99
574,171.64,65.7,34.96
380,171.61,65.72,35
734,171.6,65.72,34.96
567,171.56,65.79,34.98
37,171.69,65.66,35
122,171.66,65.68,35
99,171.69,65.66,34.96
315,171.66,65.68,34.96
1322,171.58,65.7,34.91
1277,171.55,65.72,34.92
710,171.54,65.79,34.93
1067,171.61,65.69,34.92
1541,171.59,65.71,34.88
1343,171.61,65.69,34.88
227,171.66,65.63,34.92
367,171.66,65.63,34.88
621,171.63,65.66,34.92
883,171.63,65.66,34.88
1118,171.66,65.63,34.77
1552,171.66,65.63,34.73
1407,171.63,65.66,34.77
1686,171.63,65.66,34.73
1906,171.58,65.72,34.77
1964,171.58,65.72,34.73
1679,171.61,65.69,34.77
1752,171.61,65.69,34.73
1720,171.55,65.73,34.85
1711,171.58,65.71,34.84
1476,171.61,65.69,34.84
1837,171.58,65.72,34.8
1573,171.61,65.69,34.81
552,171.66,65.63,34.84
817,171.66,65.63,34.81
1067,171.63,65.66,34.84
1215,171.63,65.66,34.81
1410,171.58,65.66,34.57
1414,171.55,65.69,34.57
1495,171.55,65.69,34.61
1593,171.58,65.66,34.61
1349,171.55,65.67,34.52
2060,171.63,65.6,34.65
1955,171.63,65.6,34.69
2037,171.6,65.63,34.65
1890,171.6,65.63,34.69
3976,171.54,65.58,34.54
2762,171.6,65.58,34.57
2522,171.6,65.58,34.61
1602,171.57,65.61,34.57
1560,171.57,65.61,34.61
1570,171.55,65.69,34.65
1675,171.58,65.66,34.65
1692,171.55,65.69,34.69
1639,171.58,65.66,34.69
108,171.68,65.6,34.84
427,171.68,65.6,34.81
4692,171.71,65.57,34.81
623,171.71,65.57,34.84
124832,171.76,65.54,34.75
23414,171.71,65.57,34.73
14956,171.71,65.57,34.77
1481,171.68,65.6,34.77
2983,171.68,65.6,34.73
6207,171.65,65.55,34.67
12626,171.59,65.5,34.6
59229,171.7,65.49,34.67
38893,171.63,65.45,34.61
37905,171.91,65.36,34.68
52473,171.8,65.37,34.53
40582,171.85,65.31,34.54
2,171.85,65.59,34.96
2,171.9,65.58,34.96
16,171.93,65.55,34.88
14,171.85,65.59,34.92
141,171.85,65.59,34.88
15,171.9,65.58,34.88
5121,171.92,65.47,34.82
2,171.82,65.56,34.96
46087,171.87,65.53,34.82
15,171.82,65.56,34.92
215,171.82,65.56,34.88
4,171.74,65.6,34.92
69,171.74,65.6,34.88
69,171.79,65.59,34.88
47090,171.76,65.54,34.82
95372,171.86,65.42,34.75
102645,171.8,65.37,34.68
131125,171.81,65.48,34.75
101620,171.75,65.43,34.67
55782,171.69,65.38,34.52
75,172.91,66.39,34.73
139,172.93,66.18,34.72
2,178.53,66.92,34.59
918,172.67,65.79,34.52
1129,172.64,65.85,34.47
1109,172.55,65.83,34.45
1136,172.78,65.87,34.48
1115,172.5,65.78,34.45
1092,172.44,65.71,34.45
889,172.99,66.4,34.58
863,173.05,66.33,34.58
875,173.05,66.26,34.58
981,173.02,66.11,34.56
544,171.34,66.36,34.84
636,171.42,66.41,34.93
4199,171.15,66.26,34.62
6750,171.1,66.22,34.55
2146,171.22,66.31,34.67
2998,171.17,66.37,34.62
3341,171.11,66.32,34.63
4526,171.11,66.43,34.55
6059,171.07,66.27,34.55
2750,171.67,67.21,34.55
1847,171.71,67.22,34.68
568,171.42,66.58,35.06
2,163.41,66.41,34.72
2,163.4,66.42,34.8
2,163.41,66.37,34.75
2,163.47,66.43,34.67
2,163.48,66.42,34.62
2,163.47,66.53,34.65
2,163.48,66.53,34.61
2,163.55,66.31,34.55
2,163.5,66.36,34.62
3,163.6,66.27,34.61
2043,171.71,67,34.66
2258,171.5,67.06,34.69
1130,171.42,66.76,34.86
2246,171.41,67.01,34.68
2730,171.43,66.77,34.71
735,171.42,66.7,34.92
292,171.33,66.6,34.93
1023,171.32,66.4,34.74
998,171.35,66.47,34.76
1519,171.29,66.47,34.67
1505,171.23,66.41,34.68
931,171.28,66.36,34.75
595,171.34,66.47,34.82
596,171.3,66.4,34.8
1137,171.32,66.51,34.73
1599,171.29,66.63,34.67
991,171.35,66.62,34.78
1549,171.43,66.7,34.76
2772,171.61,67.17,34.63
2499,171.37,66.83,34.64
2658,171.5,67.1,34.62
2866,171.47,66.96,34.61
2344,171.31,66.46,34.61
2416,171.23,66.42,34.62
2424,171.31,66.63,34.61
3299,171.57,67.15,34.54
3289,171.41,67.02,34.54
3470,171.37,66.79,34.54
3194,171.25,66.72,34.54
3646,171.21,66.52,34.55
2913,171.17,66.84,34.55
3673,171.23,66.19,34.62
3913,171.27,66.14,34.61
4734,171.18,66.2,34.62
5548,171.21,66.07,34.61
7432,171.15,66.15,34.55
7998,171.18,66.1,34.55
1445,171.41,66.19,34.76
2342,171.32,66.19,34.67
1268,171.35,66.24,34.74
2344,171.27,66.25,34.67
1072,171.32,66.3,34.74
618,171.35,66.3,34.82
683,171.35,66.24,34.82
737,171.36,66.12,34.82
792,171.43,66.29,34.88
1014,171.42,66.19,34.83
814,171.42,66.08,34.9
681,171.42,66,34.97
798,171.42,65.99,34.9
608,171.35,66.08,34.84
1393,171.35,66.12,34.74
1003,171.42,65.98,34.83
834,171.36,66.03,34.81
2889,171.31,66.08,34.67
4845,171.26,66.03,34.62
9226,171.17,66.01,34.55
1705,171.37,66.07,34.73
1441,171.36,66.02,34.76
1512,171.42,65.97,34.76
2765,171.35,66.02,34.67
4596,171.3,65.97,34.61
7062,171.21,65.98,34.61
8840,171.24,65.94,34.56
1134,171.43,65.93,34.81
9957,171.24,65.88,34.56
1697,171.42,65.92,34.75
3077,171.38,65.95,34.65
2363,171.42,65.92,34.69
4502,171.35,65.91,34.6
8926,171.28,65.89,34.55
1972,171.42,65.87,34.73
2988,171.42,65.86,34.67
9495,171.3,65.86,34.54
11030,171.24,65.81,34.51
4717,171.39,65.85,34.59
8194,171.34,65.8,34.52
1544,171.55,65.73,34.88
704,171.52,65.79,34.92
773,171.52,65.79,34.88
941,171.52,65.79,34.85
1757,171.53,65.73,34.84
1151,171.52,65.79,34.81
1979,171.53,65.73,34.81
3499,171.47,65.8,34.66
3168,171.47,65.76,34.64
3542,171.44,65.8,34.65
3444,171.43,65.81,34.65
3230,171.47,65.79,34.69
2743,171.51,65.78,34.72
2218,171.53,65.73,34.77
2120,171.56,65.73,34.72
1975,171.51,65.78,34.77
2599,171.53,65.78,34.73
2097,171.49,65.78,34.76
3183,171.49,65.78,34.7
2594,171.5,65.74,34.68
2726,171.5,65.75,34.65
1999,171.53,65.72,34.65
2165,171.53,65.72,34.69
2117,171.47,65.73,34.57
1505,171.5,65.7,34.57
2521,171.47,65.73,34.61
1630,171.5,65.7,34.61
2091,171.44,65.68,34.52
4709,171.41,65.79,34.61
4230,171.43,65.78,34.61
5089,171.41,65.8,34.57
4644,171.43,65.78,34.57
3679,171.45,65.76,34.57
3623,171.45,65.76,34.61
3402,171.39,65.74,34.52
2790,171.38,65.73,34.45
10131,171.33,65.82,34.44
12942,171.23,65.83,34.45
1407,171.55,65.67,34.45
2386,171.44,65.67,34.46
6338,171.54,65.57,34.47
20595,171.59,65.5,34.49
35689,171.58,65.41,34.51
11300,171.24,65.87,34.51
2,163.55,66.42,34.56
2,163.08,65.8,34.42
2,163.19,65.79,34.42
2,163.3,65.77,34.43
2,163.63,66.25,34.55
2,163.6,66.15,34.55
3,163.63,66.09,34.55
2,163.54,66,34.55
2,163.43,65.93,34.49
2,163.36,65.92,34.42
3,163.36,65.83,34.42
2,163.42,65.93,34.44
2,163.41,65.88,34.46
3,163.39,65.77,34.44
2,163.54,66.09,34.55
2,163.41,66.04,34.68
2,163.48,66.04,34.6
2,163.5,66.26,34.61
2,163.47,66.32,34.67
2,163.49,66.15,34.6
2,163.46,66.21,34.67
2,163.46,66.1,34.66
2,163.55,66.2,34.61
2,163.46,66.32,34.75
2,163.46,66.21,34.75
2,163.46,66.11,34.74
2,163.4,66.32,34.8
2,163.41,66.26,34.75
2,163.41,66.15,34.76
2,163.41,66.04,34.75
2,163.48,65.92,34.53
2,163.39,65.89,34.6
2,163.43,65.94,34.52
2,163.41,65.94,34.57
2,163.42,65.87,34.51
2,163.38,65.84,34.58
2,163.34,65.81,34.59
2,163.4,65.83,34.51
2,163.36,65.8,34.51
2,163.38,65.77,34.47
2,163.4,65.89,34.66
2,163.54,65.92,34.55
2,163.47,65.93,34.6
2,163.41,65.93,34.69
2,163.45,65.99,34.66
2,163.42,65.99,34.72
2,163.41,65.94,34.75
2,163.28,65.79,34.73
2,163.29,65.8,34.67
2,163.35,65.75,34.47
2,163.29,65.81,34.6
2,163.24,65.75,34.46
2,162.86,65.84,34.5
2,162.92,65.87,34.46
2,162.86,65.92,34.5
5,170.85,72.88,43.8
23,171.67,73.25,41.95
2,171.68,72.27,42.63
20,171.48,73.25,42.56
3,171.49,72.35,43.22
30,171.2,73.27,43.14
8,171.32,71.94,42.99
4,171.32,71.94,43.3
2,171.16,72.4,43.79
99,171.25,75,41.27
108,170.98,74.64,42.52
106,171.25,75,41.89
63,171.48,74.2,41.92
76,171.22,74.17,42.52
84,170.52,74.24,43.15
32,170.05,73.84,43.78
3,169.61,73.46,44.23
51,170.92,73.76,43.15
13,170.45,73.36,43.79
15,163.36,75,41.91
62,163.97,75.45,41.9
42,163.55,75.32,41.9
11,163.35,75.02,41.27
33,163.82,75.49,41.38
28,164.11,75.51,41.23
26,163.51,75.38,41.31
98,170.6,75.07,41.27
136,170.12,74.72,42.52
126,170.6,75.07,41.9
140,169.67,75.44,41.91
136,170.18,75.27,41.9
148,169.73,75.12,42.52
132,168.84,75.44,41.91
170,168.82,75.16,42.52
238,166.61,75.64,41.9
168,166.21,75.44,41.9
192,167.95,75.44,41.9
243,167.14,75.44,41.9
174,166.61,75.44,42.53
145,166.19,75.24,42.52
233,167.94,75.19,42.52
215,167.1,75.21,42.52
103,169.67,75.44,41.28
100,170.18,75.27,41.27
87,168.84,75.44,41.28
195,166.61,75.64,41.27
114,166.21,75.44,41.27
122,167.95,75.44,41.27
187,167.14,75.44,41.27
122,165.72,75.44,41.9
73,165.3,75.26,41.9
72,164.76,75.44,41.91
76,165.72,75.44,41.27
43,165.29,75.28,41.25
47,164.82,75.48,41.35
139,169.64,74.32,43.15
165,169.24,74.83,43.15
197,168.36,74.88,43.15
8,163.36,74.46,43.22
7,163.55,74.93,43.17
147,167.48,74.93,43.15
74,166.6,75.01,43.15
72,165.72,75.06,43.15
59,164.85,75.11,43.15
20,163.97,75.15,43.15
10,163.36,74.44,42.55
15,163.55,74.92,42.53
110,165.72,75.06,42.52
75,164.85,75.11,42.52
39,163.97,75.15,42.52
64,169.17,73.92,43.78
86,168.76,74.4,43.78
48,167.88,74.47,43.78
12,167,74.55,43.78
19,166.12,74.63,43.78
2,163.55,74.44,43.87
2,163.76,74.85,43.78
31,165.24,74.7,43.78
5,164.36,74.81,43.78
3,168.71,73.55,44.23
4,168.3,74.05,44.23
5,165.61,74.28,44.23
99,171.48,75.05,40.65
102,171.67,74.24,40.66
84,171.48,74.19,41.28
60,171.67,73.25,41.3
71,171.48,75.05,40.02
86,171.67,74.23,40.03
89,171.25,75,40.65
58,171.25,75,40.02
9,163.35,75.05,40.02
7,163.46,75.47,40.02
5,163.62,75.44,40.02
3,163.35,75.05,40.64
4,163.46,75.46,40.66
24,164.43,75.37,41.11
4,164.03,75.55,40.97
4,163.62,75.43,40.64
2,163.98,75.61,40.9
73,169.67,75.44,40.65
67,170.18,75.27,40.65
60,168.84,75.44,40.65
151,166.62,75.64,40.65
88,166.21,75.44,40.65
79,167.95,75.44,40.65
133,167.14,75.44,40.65
52,169.67,75.44,40.02
42,170.18,75.27,40.02
43,168.84,75.44,40.02
138,166.62,75.64,40.02
80,166.21,75.44,40.02
56,167.95,75.44,40.02
107,167.14,75.44,40.02
70,170.6,75.07,40.65
44,170.6,75.07,40.02
37,164.93,75.51,40.63
17,164.44,75.4,40.64
30,165.29,75.28,40.67
55,165.73,75.44,40.65
32,164.95,75.5,40.03
19,164.45,75.4,40.01
23,165.29,75.27,40.01
45,165.72,75.44,40.02
5,171.49,71.82,42.57
11,171.68,71.66,41.98
23988,171.9,65.27,34.55
2,178.39,67.79,43.78
5,176.85,67.92,43.94
3,176.61,67.72,43.94
4,177.51,67.86,43.78
6,177.99,68.26,43.15
2,179.45,69.47,43.78
3,179.02,69.95,43.78
4,178.94,69.07,43.78
6,178.47,68.67,43.15
6,178.54,69.55,43.78
2,171.98,65.52,34.9
3,172.04,65.57,34.9
1324,171.97,65.41,34.75
5140,171.96,65.31,34.69
69,172.02,65.35,34.68
2,172.16,65.79,35.05
2,172.13,65.79,35.07
12,172.27,65.75,34.84
20,172.31,65.77,34.8
12,172.27,65.73,34.84
12,172.24,65.73,34.84
15,172.22,65.69,34.81
47,172.29,65.77,34.74
40,172.22,65.71,34.74
290,172.27,65.66,34.59
479,172.31,65.61,34.54
85,172.33,65.71,34.67
76,172.27,65.66,34.67
331,172.33,65.71,34.59
650,172.38,65.66,34.53
12,172.16,65.66,34.82
10,172.1,65.62,34.82
27,172.1,65.62,34.75
33,172.16,65.67,34.75
251,172.21,65.61,34.59
334,172.26,65.58,34.55
209,172.15,65.56,34.59
57,172.15,65.56,34.67
66,172.21,65.61,34.67
123,172.14,65.46,34.62
18,172.03,65.46,34.75
52,172.08,65.4,34.67
5,172.03,65.46,34.82
6,172.09,65.51,34.82
17,172.09,65.51,34.75
55,172.14,65.45,34.67
4,172.21,65.81,34.99
6,172.2,65.8,34.93
4,172.29,65.75,34.9
4,172.28,65.71,34.9
5,172.2,65.79,34.93
4,172.19,65.79,34.99
2,172.23,65.7,34.98
4,172.2,65.79,34.98
4,172.24,65.71,34.91
6,172.22,65.67,34.88
2,172.19,65.7,34.99
2,172.15,65.65,34.98
2,172.1,65.62,34.98
4,172.16,65.66,34.9
4,172.1,65.62,34.9
910,172.45,65.59,34.47
886,172.32,65.6,34.47
741,172.26,65.53,34.49
682,172.2,65.5,34.49
552,172.07,65.27,34.55
631,172.14,65.45,34.51
598,172.08,65.38,34.52
26,172.7,66.17,34.79
226,172.8,66.08,34.68
1094,172.9,66.02,34.55
1047,173,65.9,34.55
30,172.58,66.08,34.78
744,172.78,65.8,34.55
140,172.66,65.94,34.69
274,172.79,65.87,34.63
1087,172.89,65.89,34.54
2,172.22,65.84,35.07
12,172.45,65.81,34.82
12,172.39,65.76,34.83
32,172.45,65.81,34.75
31,172.39,65.76,34.75
86,172.5,65.75,34.67
276,172.5,65.75,34.59
79,172.44,65.7,34.67
266,172.44,65.7,34.59
604,172.53,65.66,34.54
35,172.57,65.91,34.75
33,172.51,65.86,34.75
342,172.55,65.77,34.59
617,172.69,65.8,34.57
720,172.62,65.73,34.54
107,172.56,65.8,34.67
295,172.68,65.82,34.61
120,172.62,65.85,34.67
4,172.46,65.98,34.94
13,172.57,65.91,34.82
13,172.51,65.86,34.82
4,172.45,65.81,34.9
3,172.39,65.76,34.9
996,173.12,66.02,34.56
4,177.99,68.27,34.79
8,178.39,67.79,34.59
13,178.33,67.15,34.59
39,177.51,67.88,34.59
2,179.35,68.59,43.78
2,178.87,68.19,43.15
5,176.85,67.92,43.61
3,176.61,67.72,43.61
2,176.37,67.52,43.3
8,176.65,68.16,43.61
5,176.41,67.96,43.61
2,176.37,67.52,42.99
10,177.11,68.34,43.15
13,172.14,71.8,39.08
2,172.15,69.72,43.29
5,172.14,70.21,43.05
4,172.15,69.9,43.04
6,172.14,70.43,43.06
10,172.22,70.56,42.56
12,172.31,70.98,41.92
8,172.31,71.47,41.29
3,172.22,71.61,40.66
6,172.14,71.8,40.03
19,172.85,70.49,41.9
13,173.34,70.89,41.27
8,172.55,70.95,41.27
16,172.46,70.09,42.52
5,172.37,69.43,42.99
2,172.51,69.19,42.99
10,172.77,69.61,42.52
16,173.26,70.01,41.9
5,172.13,71.44,38.69
21,172.04,71.45,39.14
2,172.17,71.01,41.31
10,172.05,71.45,40.04
5,175.97,68,43.61
7,175.77,68.24,43.61
3,175.73,67.8,43.61
4,175.53,68.04,43.61
3,176.17,67.76,43.3
3,176.17,67.76,42.99
10,176.23,68.42,43.15
11,177.66,69.62,43.78
14,177.18,69.22,43.78
12,177.59,68.74,43.15
14,176.7,68.82,43.15
12,177.26,70.1,43.78
16,176.78,69.7,43.78
17,176.3,69.3,43.15
10,178.06,69.15,43.15
12,176.86,70.58,43.15
11,176.46,71.06,43.15
8,176.06,71.54,42.52
17,176.38,70.18,43.15
16,175.9,69.78,42.52
17,175.98,70.66,43.15
16,175.58,71.14,42.52
16,175.5,70.26,42.52
12,175.02,69.86,41.9
4,175.65,72.02,41.9
3,174.77,72.09,41.27
11,175.17,71.62,41.9
2,178.62,70.43,43.15
2,178.22,70.91,43.15
6,178.14,70.03,43.15
6,177.74,70.5,43.15
4,177.34,70.98,42.52
3,176.94,71.46,42.52
3,174.89,68.31,43.61
2,175.09,68.07,43.61
2,175.29,67.84,43.3
2,175.29,67.84,42.99
7,175.35,68.5,43.15
11,175.82,68.9,42.52
2,174.46,68.57,43.15
5,174.94,68.97,42.52
10,175.42,69.38,41.9
6,174.54,69.45,41.9
18,175.1,70.74,41.9
17,174.62,70.33,41.9
17,174.7,71.21,41.9
20,174.22,70.81,41.9
16,173.74,70.41,41.27
13,175.02,69.86,41.27
7,174.29,71.69,41.27
12,173.82,71.29,41.27
3,173.89,72.17,41.27
5,173.41,71.77,41.27
2,172.9,71.37,40.65
13,174.14,69.93,41.27
3,173.18,69.13,42.52
8,173.66,69.53,41.9
3,177.18,69.22,35.12
557,175.46,69.82,34.59
73,175.82,68.9,34.79
90,174.94,68.98,34.79
88,174.54,69.45,34.79
52,176.3,69.3,34.79
3,172.65,72.73,38.15
3,172.65,72.73,37.52
121,174.65,70.78,34.79
14,174.29,71.69,35.12
5,173.74,70.41,35.12
5,174.14,69.93,35.12
12,173.82,71.29,35.12
3,174.29,71.69,35.65
2,173.82,71.29,35.65
53,176.42,70.62,34.79
5,176.78,69.7,35.12
2,177.26,70.1,35.12
5,175.62,71.58,35.43
2,177.59,68.74,35.12
16,177.11,68.34,34.79
144,176.63,67.96,34.59
32,172.14,71.8,37.81
21,172.17,71.63,38.19
4,172.53,71.95,37.83
48,172.22,71.61,36.87
25,172.31,71.47,36.24
342,172.19,70.28,34.75
326,172.4,70.09,34.75
44,172.31,70.98,35.6
181,172.22,70.56,34.99
35,172.46,70.1,35.1
3,172.55,70.95,36.27
39,172.07,71.45,37.71
4,172.17,71.36,38.76
54,172.17,71.36,36.83
76,172.17,71.01,36.18
131,172.05,70.72,35.47
307,171.95,70.21,34.84
5,176.7,68.82,35.12
51,176.23,68.42,34.79
436,175.75,68.04,34.59
692,173.21,66.92,34.58
723,173.41,66.7,34.59
88,175.35,68.5,34.79
720,174.87,68.11,34.59
1075,172.98,66.71,34.57
192,172.74,66.62,34.67
107,172.85,66.5,34.7
53,172.62,66.52,34.79
27,172.71,66.4,34.8
5,172.6,66.3,34.94
12,172.5,66.42,34.94
3,172.58,66.08,34.94
21,172.81,66.28,34.82
3,172.7,66.18,34.94
31,172.91,66.14,34.83
5,172.33,68.13,35.18
4,172.34,68.54,35.18
40,172.34,68.54,34.96
2,172.46,68.31,35.18
4,172.42,67.86,35.18
23,172.46,68.31,34.96
40,172.42,67.84,34.94
125,172.65,68.73,34.78
126,172.61,68.07,34.78
760,173.07,68.25,34.59
23,172.6,67.62,34.93
77,172.83,67.83,34.79
84,172.81,67.39,34.76
740,173.03,67.59,34.59
57,173.01,67.15,34.76
640,173.24,67.35,34.59
4,173.18,69.13,35.12
4,174.06,69.05,35.12
66,173.58,68.65,34.79
83,174.46,68.57,34.79
678,173.98,68.17,34.59
202,172.34,67.1,34.78
177,172.44,66.97,34.78
307,172.56,67.18,34.69
105,172.34,67.12,34.94
115,172.37,67.42,34.89
109,172.54,66.86,34.78
61,172.64,66.74,34.79
163,172.78,66.95,34.7
90,172.09,67.44,34.89
153,172.12,67.61,34.84
123,172.15,68.55,34.85
216,172.34,69.2,34.78
13,172.43,69.19,35.12
19,172.15,68.55,35.11
18,172.15,68.14,35.12
17,172.15,67.86,35.13
13,172.31,67.65,35.17
86,172.09,67.17,35.13
197,172.1,67.01,34.89
58,172.24,67.21,35.15
152,172.23,67,34.9
244,172.3,66.95,34.78
60,172.45,66.98,34.94
166,172.31,66.83,34.89
106,172.3,66.65,34.91
3,172.33,66.33,35.09
51,172.31,66.53,34.95
19,172.52,66.64,34.94
2,172.44,66.53,35.09
25,172.54,66.86,34.94
9,172.64,66.74,34.94
49,172.43,66.76,34.94
143,171.95,66.99,35.37
39,171.95,67.36,35.11
37,171.95,67.62,35.07
160,171.96,69.25,34.89
15,171.96,68.55,35.43
15,171.96,68.13,35.44
12,171.96,67.83,35.45
127,171.99,66.9,35.43
254,171.98,66.89,35.09
197,172.12,66.88,35.02
229,172.21,66.83,34.88
3,172.23,66.21,35.26
5,172.22,66.33,35.22
129,172.21,66.68,34.93
20,172.21,66.5,35.08
2,172.22,65.91,35.14
2,171.77,65.67,35.08
2,171.88,65.7,35.14
3,171.77,65.7,35.14
9,171.87,65.79,35.2
14,171.77,65.79,35.2
14,171.71,65.79,35.16
18,171.67,65.79,35.2
2166,171.36,70.57,34.57
8,163.36,73.98,37.52
7,163.56,73.97,36.89
5,163.36,73.43,36.88
9,163.36,72.62,36.21
12,163.55,72.62,35.59
41,171.48,75.02,39.43
43,171.67,74.21,39.4
24,171.48,75.05,38.8
19,171.67,74.19,38.77
34,171.25,75,39.42
21,171.25,75.01,38.79
32,163.35,75.04,39.4
26,163.47,75.46,39.39
5,164,75.47,39.6
36,164.01,75.54,39.2
37,163.35,75.01,38.78
19,163.36,74.4,38.15
35,163.55,74.9,38.15
21,163.63,75.43,39.4
39,163.93,75.48,38.74
48,163.52,75.37,38.73
32,163.97,75.15,38.15
29,170.6,75.07,39.41
23,170.6,75.08,38.79
35,169.66,75.44,39.15
41,169.67,75.44,39.46
30,170.18,75.27,39.42
29,168.84,75.44,39.15
34,168.84,75.44,39.46
131,166.62,75.64,39.46
130,166.62,75.64,39.15
77,166.21,75.44,39.46
75,166.21,75.44,39.15
38,167.96,75.44,39.15
43,167.96,75.44,39.46
88,167.14,75.44,39.15
93,167.14,75.44,39.46
30,169.66,75.44,38.77
26,170.18,75.27,38.79
28,168.84,75.44,38.77
131,166.61,75.64,38.77
74,166.21,75.44,38.77
37,167.95,75.44,38.77
88,167.14,75.44,38.77
22,164.36,75.36,39.22
27,164.43,75.38,39.5
30,164.93,75.49,39.47
27,164.87,75.46,39.17
20,165.3,75.27,39.48
18,165.3,75.26,39.16
40,165.72,75.44,39.15
42,165.73,75.44,39.46
40,165.72,75.44,38.77
17,165.3,75.26,38.77
27,164.82,75.45,38.74
22,164.41,75.32,38.93
13,171.5,74.14,38.16
17,171.67,73.25,38.15
10,171.54,74.11,37.55
13,171.68,73.25,37.53
35,171.49,73.25,36.89
30,171.67,72.38,36.87
169,171.58,71.45,36.15
64,171.48,73.26,36.26
68,171.67,72.38,36.22
195,171.49,71.84,36.23
79,171.2,73.29,35.65
422,171.41,71.61,35.58
294,171.31,71.94,35.65
245,171.48,72.43,35.61
812,171.41,71.61,34.99
620,171.32,71.93,35.1
391,171.48,72.42,35.03
98,171.2,73.3,35.12
943,171.32,71.35,34.99
1023,171.3,71.71,34.73
493,171.27,72.35,34.77
169,170.94,72.87,34.78
1285,171.11,71.43,34.72
1654,171.08,70.75,34.72
811,170.92,71.91,34.58
270,170.46,72.45,34.59
1664,170.83,71.12,34.58
2300,170.73,70.33,34.58
15,163.56,74.39,37.52
21,163.74,74.88,37.5
12,163.93,74.38,36.9
10,163.73,73.96,36.9
9,163.56,73.43,36.26
13,163.73,73.96,36.27
15,163.93,74.38,36.27
19,163.88,73.51,35.65
20,164.28,73.9,35.65
20,163.88,73.5,35.12
3,163.84,72.61,35.12
12,164.28,73.9,35.12
17,164.36,74.8,37.53
12,164.85,75.11,38.15
12,164.84,75.14,37.51
14,165.72,75.06,38.15
12,165.72,75.06,37.52
29,169.73,75.12,38.15
41,168.82,75.16,38.15
105,166.61,75.44,38.14
45,166.19,75.24,38.15
58,167.94,75.18,38.15
93,167.11,75.21,38.15
28,169.73,75.12,37.52
42,168.82,75.16,37.52
108,166.61,75.44,37.52
41,166.19,75.24,37.52
59,167.94,75.18,37.52
92,167.11,75.21,37.52
32,170.12,74.72,38.15
18,171,74.64,38.14
25,170.12,74.72,37.52
14,171.03,74.64,37.52
17,171.25,74.17,38.13
12,171.29,74.17,37.52
13,164.76,74.3,36.9
6,165.24,74.7,36.9
13,164.76,74.3,36.27
6,165.24,74.7,36.27
6,166.12,74.63,36.9
5,166.12,74.63,36.27
35,169.24,74.82,36.9
57,168.36,74.88,36.9
67,167.48,74.93,36.9
34,166.6,75.01,36.9
30,166.6,75.01,36.27
59,167.48,74.93,36.27
48,168.36,74.88,36.27
26,169.24,74.82,36.27
15,169.64,74.32,36.27
10,170.52,74.24,36.27
25,170.93,73.76,36.27
21,169.64,74.32,36.9
13,170.52,74.24,36.9
19,170.94,73.76,36.9
2,165.16,73.82,35.12
5,165.16,73.82,35.65
2,165.64,74.22,35.65
3,166.52,74.15,35.12
4,166.52,74.15,35.65
11,167,74.55,35.65
10,167,74.55,35.12
21,167.88,74.47,35.65
17,168.76,74.4,35.65
16,167.88,74.47,35.12
12,168.76,74.4,35.12
9,169.17,73.92,35.12
9,170.05,73.84,35.12
30,170.45,73.36,35.12
10,169.17,73.92,35.65
10,170.05,73.84,35.65
27,170.45,73.36,35.65
2,166.04,73.76,34.79
3,166.92,73.68,34.79
6,167.4,74.09,34.79
7,168.29,74.01,34.79
7,168.69,73.52,34.79
9,169.57,73.44,34.79
34,169.98,72.95,34.79
2,166.44,73.28,34.59
2,165.95,72.87,34.59
4,167.77,73.17,34.59
10,169.1,73.04,34.59
47,169.51,72.55,34.59
2702,171.57,67.42,34.56
77,171.49,71.84,36.87
505,171.32,71.33,35.6
1072,171.32,70.86,34.98
2414,171.62,67.16,34.67
2135,171.61,67.03,34.69
2475,171.57,66.96,34.64
1906,171.48,66.96,34.71
30,171.68,71.7,37.47
48,171.58,71.45,36.82
470,171.46,71.26,36.18
620,171.46,70.9,35.51
1347,171.57,70.72,34.85
2231,171.54,70.36,34.58
1239,171.7,67.42,34.75
1650,171.71,67.16,34.78
2333,171.67,66.88,34.64
2203,171.5,66.87,34.7
2,162.92,65.87,34.42
2,162.87,65.94,34.46
2,162.87,65.92,34.42
2,162.75,65.92,34.5
2,162.74,65.94,34.49
2,163.02,65.74,34.43
2,162.91,65.75,34.43
3,171.92,65.79,35.23
2,171.71,65.63,35.04
3,171.72,65.66,35.11
10,171.67,65.7,35.14
28,171.61,65.79,35.15
280,171.58,65.79,35.06
166,171.61,65.71,35.03
83,171.63,65.71,35.05
32,171.66,65.68,35.04
14,171.66,65.67,35.07
6,171.69,65.65,35.08
12,171.69,65.66,35.04
36,171.63,65.71,35.08
126,171.61,65.79,35.09
5,171.68,65.6,35
12,171.68,65.6,34.96
26,171.68,65.6,34.92
62,171.68,65.6,34.88
5,171.71,65.57,34.92
74,171.71,65.57,34.88
304,171.61,65.68,35
615,171.61,65.69,34.96
529,171.52,65.79,34.99
636,171.55,65.71,34.98
49,171.66,65.63,35
158,171.63,65.66,35
118,171.66,65.63,34.96
332,171.63,65.66,34.96
1344,171.55,65.69,34.92
1228,171.52,65.72,34.93
1091,171.58,65.67,34.92
1639,171.55,65.69,34.88
1388,171.58,65.66,34.88
226,171.63,65.6,34.92
371,171.63,65.6,34.88
596,171.6,65.63,34.92
853,171.6,65.63,34.88
1091,171.63,65.6,34.77
1499,171.63,65.6,34.73
1370,171.6,65.63,34.77
1573,171.6,65.63,34.73
1940,171.55,65.7,34.77
1841,171.55,65.7,34.73
1641,171.58,65.66,34.77
1621,171.58,65.66,34.73
1810,171.55,65.69,34.84
1525,171.58,65.66,34.84
1922,171.55,65.69,34.8
1606,171.58,65.66,34.81
547,171.63,65.6,34.84
828,171.63,65.6,34.81
1050,171.6,65.63,34.84
1214,171.6,65.63,34.81
2683,171.5,65.63,34.53
1400,171.55,65.64,34.57
1423,171.52,65.67,34.57
1443,171.52,65.67,34.61
1451,171.55,65.64,34.61
2101,171.6,65.58,34.65
1929,171.6,65.58,34.69
1640,171.57,65.61,34.65
1609,171.57,65.61,34.69
5042,171.54,65.56,34.59
1477,171.52,65.67,34.65
1474,171.55,65.64,34.65
1596,171.52,65.67,34.69
1504,171.55,65.64,34.69
501,171.65,65.55,34.82
53371,171.7,65.49,34.75
1980,171.65,65.55,34.75
5886,171.59,65.5,34.67
15706,171.53,65.46,34.61
29249,171.64,65.44,34.67
32696,171.58,65.41,34.62
98,171.97,65.41,34.82
36685,171.91,65.36,34.75
83038,171.85,65.32,34.69
65928,171.74,65.32,34.54
61439,171.79,65.27,34.55
88,171.92,65.47,34.9
2,171.87,65.53,34.98
235,171.87,65.53,34.9
22061,171.86,65.42,34.82
57830,171.81,65.48,34.82
231,171.76,65.54,34.9
21408,171.7,65.49,34.82
104209,171.8,65.37,34.75
96341,171.74,65.33,34.69
100695,171.75,65.43,34.75
73522,171.69,65.38,34.67
53056,171.63,65.33,34.53
18,172.89,66.38,34.83
23,173.04,66.2,34.85
62,172.99,66.38,34.75
63,173.05,66.3,34.76
168,173.02,66.06,34.7
83,173.05,66.23,34.74
25,178.09,66.97,34.59
15,178.29,66.74,34.59
2,178.49,66.51,34.59
1089,173,65.86,34.49
1112,172.88,65.87,34.49
1013,172.78,65.82,34.46
1058,172.65,65.77,34.46
996,172.55,65.65,34.47
821,173.18,66.5,34.58
902,173.14,66.21,34.57
949,173.24,66.11,34.57
1035,173.22,65.9,34.55
531,171.42,66.42,35.07
2469,171.16,66.26,34.68
470,171.27,66.36,34.82
257,171.33,66.41,34.94
540,171.42,66.3,34.99
4448,171.1,66.21,34.63
7110,171.04,66.17,34.55
967,171.22,66.31,34.75
1695,171.17,66.36,34.68
1820,171.12,66.31,34.69
2389,171.1,66.43,34.64
3469,171.06,66.27,34.64
3906,171.03,66.43,34.55
5638,171.03,66.28,34.55
1501,171.69,66.94,34.82
1495,171.61,67.26,34.76
2205,171.58,67.25,34.64
1254,171.7,67.06,34.84
1869,171.71,67.07,34.71
515,171.41,66.5,35.12
556,171.41,66.69,35.08
152,171.3,66.6,35.07
2,163.47,66.42,34.74
2,163.47,66.42,34.81
2,163.47,66.37,34.76
2,163.4,66.47,34.81
2,163.4,66.37,34.82
2,163.54,66.82,34.63
2,163.48,66.79,34.64
2,163.48,66.53,34.75
2,163.52,66.49,34.61
2,163.47,66.48,34.68
2,163.49,66.42,34.66
2,163.47,66.64,34.64
2,163.53,66.63,34.62
2,163.51,66.53,34.66
2,163.58,66.43,34.62
2,163.61,66.36,34.55
2,163.58,66.31,34.61
2,163.52,66.37,34.67
2,163.55,66.3,34.62
2,163.67,66.3,34.55
3,163.59,66.25,34.62
3,163.64,66.25,34.62
3,163.62,66.14,34.61
1788,171.6,67.1,34.75
1946,171.51,67.07,34.75
2027,171.55,67.21,34.72
2173,171.46,67.11,34.68
876,171.42,66.83,34.88
369,171.31,66.82,34.9
1692,171.43,67.03,34.74
1942,171.36,67.05,34.68
1712,171.29,66.85,34.67
1626,171.34,66.82,34.75
1615,171.43,66.84,34.73
244,171.31,66.74,34.94
198,171.24,66.62,34.93
897,171.28,66.47,34.75
1233,171.2,66.51,34.68
827,171.23,66.42,34.75
491,171.27,66.46,34.82
421,171.23,66.42,34.83
1255,171.23,66.76,34.68
781,171.26,66.63,34.77
955,171.34,66.73,34.8
2658,171.51,67.19,34.63
2499,171.37,67.05,34.61
2517,171.32,66.83,34.6
1873,171.22,66.74,34.62
2057,171.19,66.53,34.63
1605,171.15,66.86,34.63
2882,171.31,67.27,34.55
3117,171.27,66.93,34.54
2673,171.09,66.86,34.55
3126,171.1,66.64,34.55
2995,171.21,66.2,34.67
3083,171.26,66.14,34.67
4820,171.23,66.08,34.62
5509,171.14,66.15,34.62
6140,171.18,66.09,34.62
8001,171.09,66.11,34.55
8734,171.14,66.06,34.55
757,171.33,66.12,34.8
693,171.33,66.24,34.8
1213,171.32,66.19,34.75
1085,171.27,66.25,34.75
559,171.31,66.29,34.82
796,171.42,66.04,34.92
372,171.34,66.29,34.88
553,171.35,66.19,34.84
345,171.34,66.08,34.9
666,171.42,66.19,34.95
661,171.42,66.05,34.98
643,171.42,65.96,34.98
216,171.31,65.98,34.97
349,171.33,65.98,34.9
746,171.42,65.95,34.92
660,171.3,66.08,34.82
1514,171.3,66.08,34.75
881,171.32,66.03,34.8
696,171.35,65.97,34.83
3978,171.25,66.03,34.67
6414,171.22,65.98,34.63
7142,171.17,65.99,34.61
9721,171.13,65.97,34.55
1685,171.34,66.02,34.74
1440,171.36,65.97,34.77
3807,171.3,65.97,34.67
6987,171.25,65.92,34.62
7799,171.22,65.92,34.61
10000,171.18,65.92,34.55
63,171.58,65.79,35.13
949,171.43,65.9,34.84
1004,171.35,65.91,34.81
1135,171.43,65.86,34.82
7599,171.23,65.83,34.6
10278,171.2,65.89,34.55
1801,171.36,65.91,34.76
3761,171.35,65.91,34.67
6953,171.3,65.86,34.61
1852,171.42,65.84,34.75
2359,171.37,65.85,34.75
2978,171.42,65.82,34.7
4323,171.38,65.84,34.66
7819,171.3,65.82,34.58
9302,171.22,65.81,34.56
9737,171.24,65.78,34.53
6342,171.34,65.8,34.59
8242,171.28,65.75,34.53
568,171.5,65.79,34.98
1280,171.51,65.72,34.92
1504,171.51,65.72,34.88
703,171.49,65.79,34.9
635,171.42,65.91,34.97
736,171.42,65.91,34.9
1032,171.46,65.8,34.81
2255,171.42,65.8,34.74
2351,171.44,65.78,34.75
1007,171.48,65.79,34.83
1698,171.5,65.73,34.84
1883,171.53,65.71,34.83
1955,171.5,65.73,34.81
2061,171.53,65.71,34.8
3911,171.42,65.77,34.64
3194,171.44,65.79,34.69
3460,171.45,65.75,34.65
4603,171.4,65.79,34.64
3208,171.42,65.8,34.69
3228,171.44,65.75,34.68
2591,171.49,65.77,34.73
2405,171.5,65.73,34.71
2303,171.5,65.73,34.78
2184,171.53,65.71,34.77
2390,171.51,65.77,34.74
2199,171.53,65.72,34.72
2031,171.48,65.78,34.77
2378,171.47,65.73,34.77
2751,171.47,65.73,34.65
1842,171.5,65.7,34.65
2765,171.47,65.73,34.69
2136,171.5,65.7,34.69
4279,171.38,65.65,34.53
2287,171.44,65.67,34.59
3897,171.39,65.74,34.59
5103,171.33,65.69,34.53
5695,171.33,65.69,34.46
5259,171.38,65.64,34.47
13470,171.2,65.79,34.46
10835,171.28,65.77,34.45
3844,171.49,65.61,34.47
14245,171.54,65.54,34.48
27040,171.53,65.44,34.5
39240,171.58,65.37,34.52
1539,171.68,67.75,34.74
1842,171.68,68.15,34.7
2,163.47,67.02,34.69
2,163.44,66.95,34.74
2,163.48,66.93,34.73
3,163.64,66.09,34.61
3,163.59,66.04,34.56
2,163.41,65.99,34.77
3,163.53,65.98,34.61
12457,171.16,65.88,34.48
2570,171.52,68.18,34.58
2588,171.46,67.71,34.58
2061,171.08,67.54,34.57
2521,171.21,69.86,34.58
2,164.78,70.3,34.59
2260,170.2,69.87,34.59
2,163.5,66.93,34.62
2,163.61,66.52,34.55
2,163.13,65.73,34.43
2,163.24,65.74,34.43
3,163.35,65.74,34.44
3,163.66,66.2,34.55
3,163.67,66.1,34.55
3,163.58,65.95,34.56
2,163.47,65.92,34.48
3,163.42,65.88,34.43
3,163.46,65.93,34.44
2,163.46,65.9,34.46
2,163.47,65.89,34.5
3,163.43,65.77,34.44
2,163.54,66.09,34.61
2,163.49,66.04,34.67
2,163.5,66.26,34.67
2,163.48,66.32,34.74
2,163.47,66.21,34.73
2,163.47,66.1,34.73
2,163.5,66.15,34.67
3,163.59,66.14,34.62
3,163.56,66.2,34.67
2,163.47,66.32,34.81
2,163.46,66.26,34.77
2,163.46,66.15,34.77
2,163.47,66.04,34.76
2,163.4,66.26,34.82
2,163.41,66.2,34.84
2,163.41,66.15,34.82
2,163.41,66.05,34.81
2,163.47,65.89,34.56
2,163.54,65.91,34.53
3,163.58,65.89,34.57
2,163.41,65.85,34.75
2,163.43,65.88,34.58
2,163.47,65.82,34.51
2,163.38,65.83,34.59
2,163.4,65.83,34.57
2,163.39,65.82,34.61
2,163.35,65.79,34.57
2,163.37,65.81,34.61
2,163.4,65.77,34.51
2,163.41,65.84,34.69
2,163.44,65.88,34.65
2,163.4,65.81,34.67
3,163.52,65.88,34.61
3,163.48,65.93,34.67
2,163.47,65.99,34.72
3,163.47,65.93,34.76
2,163.41,65.9,34.76
2,163.41,65.95,34.81
2,163.41,66,34.83
2,163.4,65.87,34.81
2,163.37,65.79,34.68
2,163.36,65.79,34.74
2,163.32,65.79,34.75
2,163.29,65.74,34.74
2,163.33,65.79,34.69
2,163.29,65.75,34.66
2,163.34,65.72,34.52
2,163.3,65.77,34.59
2,162.86,65.82,34.53
2,162.81,65.88,34.5
2,162.86,65.91,34.46
5,170.37,72.48,43.81
34,170.85,72.88,43.15
17,171.68,72.31,41.96
43,171.48,73.27,41.92
10,171.49,72.38,42.56
56,171.2,73.29,42.53
13,171.32,71.94,42.52
6,171.2,71.79,43.15
15,171.17,72.4,43.14
2,170.77,72,43.81
8,163.36,74.03,43.23
9,163.36,74,42.55
97,170.97,74.64,41.27
118,170.52,74.24,42.52
109,170.97,74.64,41.9
91,171.22,74.17,41.27
86,170.92,73.76,42.52
84,171.22,74.18,41.9
103,170.05,73.84,43.15
34,169.57,73.44,43.78
64,170.45,73.36,43.15
14,169.97,72.96,43.79
11,163.36,74.43,41.9
25,163.55,74.92,41.9
45,163.97,75.15,41.9
7,163.36,74.42,41.27
20,163.54,74.95,41.27
28,163.96,75.19,41.25
91,170.12,74.72,41.27
149,169.64,74.32,42.52
116,170.12,74.72,41.9
114,169.73,75.12,41.9
152,169.24,74.83,42.52
115,168.82,75.16,41.9
213,168.36,74.88,42.52
225,166.61,75.44,41.9
144,166.19,75.24,41.9
198,167.94,75.19,41.9
230,167.1,75.21,41.9
228,167.48,74.93,42.52
177,166.6,75.01,42.52
81,169.73,75.12,41.27
78,168.82,75.16,41.27
166,166.61,75.44,41.27
91,166.19,75.24,41.27
135,167.94,75.19,41.27
170,167.1,75.21,41.27
88,165.72,75.06,41.9
52,164.85,75.11,41.9
50,165.72,75.06,41.27
33,164.84,75.14,41.26
155,169.17,73.92,43.15
182,168.76,74.4,43.15
174,167.88,74.47,43.15
6,163.55,74.41,43.17
8,163.76,74.85,43.15
106,167,74.55,43.15
81,166.12,74.63,43.15
68,165.24,74.7,43.15
36,164.36,74.81,43.15
11,163.56,74.4,42.53
19,163.76,74.85,42.52
128,166.12,74.63,42.52
77,165.24,74.7,42.52
53,164.36,74.81,42.52
40,168.69,73.51,43.78
51,168.28,73.99,43.78
18,167.4,74.07,43.78
14,166.52,74.15,43.78
28,165.64,74.22,43.78
19,164.76,74.3,43.78
2,163.93,74.38,43.78
2,166.03,73.79,44.23
3,165.12,73.87,44.23
85,171.47,74.19,40.65
89,171.67,73.26,40.66
51,171.68,72.31,41.31
68,171.48,73.27,41.28
66,171.47,74.18,40.02
88,171.67,73.26,40.03
82,170.97,74.64,40.65
60,170.97,74.64,40.02
87,171.22,74.17,40.65
68,171.22,74.17,40.02
9,163.36,74.41,40.02
7,163.52,74.99,40.02
4,163.99,75.27,40.02
3,163.36,74.41,40.65
3,163.52,74.98,40.64
4,163.98,75.17,40.73
2,163.99,75.38,40.51
55,169.73,75.12,40.65
56,168.82,75.16,40.65
127,166.61,75.44,40.65
67,166.19,75.24,40.65
96,167.94,75.19,40.65
127,167.1,75.21,40.65
40,169.73,75.12,40.02
44,168.82,75.16,40.02
115,166.61,75.44,40.02
58,166.19,75.24,40.02
74,167.94,75.19,40.02
110,167.1,75.21,40.02
69,170.12,74.72,40.65
53,170.12,74.72,40.02
27,164.83,75.15,40.65
32,165.72,75.06,40.65
20,164.83,75.15,40.02
24,165.72,75.06,40.02
41,171.68,71.66,41.33
18,171.49,71.83,41.93
4,171.41,71.61,42.56
9,171.58,71.45,41.98
44172,171.9,65.28,34.7
19652,171.9,65.23,34.56
2,178.39,67.79,43.15
4,177.51,67.86,43.15
7,177.99,68.26,42.52
2,179.02,69.95,43.15
4,178.94,69.07,43.15
7,178.47,68.67,42.52
5,178.54,69.55,43.15
2,172.03,65.46,34.9
2,172.09,65.51,34.9
7,172.02,65.35,34.82
1118,171.96,65.3,34.75
82,172.07,65.29,34.7
23,172.02,65.35,34.75
355,172.06,65.2,34.57
2,172.21,65.81,35.06
2,172.19,65.79,35.06
11,172.34,65.71,34.82
10,172.32,65.67,34.82
9,172.27,65.66,34.82
30,172.33,65.71,34.75
26,172.27,65.66,34.75
232,172.32,65.6,34.59
66,172.38,65.65,34.67
66,172.32,65.6,34.67
240,172.38,65.65,34.59
450,172.44,65.6,34.54
8,172.21,65.61,34.82
7,172.15,65.56,34.82
19,172.15,65.56,34.75
22,172.21,65.61,34.75
165,172.2,65.51,34.6
191,172.26,65.55,34.6
62,172.2,65.5,34.67
58,172.26,65.55,34.67
22,172.08,65.4,34.75
9,172.08,65.4,34.82
7,172.14,65.45,34.82
97,172.17,65.36,34.68
19,172.14,65.45,34.75
3,172.35,65.71,34.9
2,172.29,65.71,34.93
3,172.32,65.66,34.89
2,172.29,65.7,34.93
3,172.27,65.65,34.9
3,172.21,65.61,34.9
2,172.15,65.56,34.9
768,172.42,65.52,34.49
666,172.31,65.43,34.52
616,172.18,65.33,34.54
4,172.8,66.06,34.94
29,172.8,66.05,34.8
246,172.9,65.97,34.67
1050,173.01,65.96,34.55
251,173,65.83,34.63
1052,173.11,65.88,34.54
3,172.68,65.96,34.94
23,172.68,65.96,34.79
666,173,65.79,34.56
593,172.78,65.74,34.59
668,172.88,65.79,34.56
142,172.76,65.82,34.69
248,172.89,65.81,34.63
10,172.5,65.75,34.82
9,172.44,65.7,34.82
25,172.5,65.75,34.75
24,172.44,65.7,34.75
255,172.54,65.64,34.63
12,172.62,65.85,34.82
32,172.62,65.85,34.75
12,172.56,65.8,34.82
29,172.56,65.8,34.75
79,172.66,65.76,34.68
365,172.66,65.71,34.61
3,172.56,65.86,34.94
4,172.5,65.75,34.9
3,172.44,65.7,34.9
205,173.12,65.96,34.67
1031,173.23,65.95,34.55
248,173.22,65.82,34.64
2,178.39,67.79,34.79
3,178.33,67.14,34.79
9,177.51,67.87,34.79
24,177.91,67.41,34.59
80,177.03,67.5,34.59
2,179.35,68.59,43.15
2,178.87,68.19,42.52
5,176.63,67.94,43.15
2,176.37,67.52,42.68
2,176.37,67.52,42.36
11,177.11,68.34,42.52
3,172.27,71.58,38.7
7,172.21,71.61,39.14
6,172.14,70.1,42.57
7,172.22,70.56,41.93
6,172.31,70.98,41.29
2,172.31,71.47,40.65
3,172.22,71.61,40.03
13,172.46,70.09,41.9
12,172.85,70.49,41.27
6,173.34,70.89,40.65
3,172.55,70.95,40.64
13,173.26,70.01,41.27
10,172.76,69.61,41.9
4,172.43,69.2,42.52
4,175.75,68.02,43.15
3,176.17,67.76,42.68
3,176.17,67.76,42.36
10,176.23,68.42,42.52
12,177.66,69.62,43.15
15,177.18,69.22,43.15
13,177.59,68.74,42.52
15,176.7,68.82,42.52
12,177.26,70.1,43.15
17,176.78,69.7,43.15
16,176.3,69.3,42.52
11,178.06,69.15,42.52
11,176.86,70.58,42.52
9,176.46,71.06,42.52
5,176.06,71.54,41.9
16,176.38,70.18,42.52
15,175.9,69.78,41.9
16,175.98,70.66,42.52
13,175.58,71.14,41.9
16,175.5,70.26,41.9
16,175.5,70.26,41.27
14,175.9,69.78,41.27
3,176.06,71.54,41.27
9,175.58,71.14,41.27
2,175.65,72.02,41.27
6,175.17,71.62,41.27
6,178.14,70.03,42.52
5,177.74,70.5,42.52
2,177.38,71.42,41.58
5,175.35,68.5,42.52
10,175.82,68.9,41.9
4,174.94,68.97,41.9
10,175.42,69.38,41.27
8,174.54,69.45,41.27
2,174.06,69.05,41.9
16,175.1,70.74,41.27
16,174.62,70.33,41.27
13,174.7,71.21,41.27
17,174.22,70.81,41.27
11,173.74,70.41,40.65
12,175.02,69.86,40.65
2,173.85,71.73,40.33
11,174.14,69.93,40.65
9,173.66,69.53,41.27
4,173.18,69.13,41.9
90,175.46,69.82,34.79
8,175.82,68.9,35.12
7,174.94,68.97,35.12
6,174.54,69.45,35.12
7,176.3,69.3,35.12
4,174.66,70.77,35.43
2,176.42,70.62,35.43
3,177.11,68.34,35.12
30,176.63,67.95,34.79
256,176.15,67.58,34.59
21,172.23,71.6,37.74
2,172.31,71.47,38.77
17,172.31,71.47,36.87
19,172.31,70.98,36.24
45,172.22,70.56,35.58
101,172.14,70.09,35.01
3,172.46,70.09,35.65
2,172.55,70.95,36.9
16,172.17,71.36,38.12
31,172.17,71.36,37.48
2,172.17,71,38.79
49,172.17,71.01,36.83
92,172.05,70.72,36.15
119,171.95,70.21,35.47
852,173.61,66.49,34.59
8,176.23,68.42,35.12
72,175.75,68.02,34.79
620,175.27,67.64,34.59
56,173.21,66.91,34.77
668,173.45,67.12,34.59
737,173.65,66.89,34.59
66,173.41,66.68,34.78
9,175.35,68.5,35.12
92,174.87,68.1,34.79
787,174.39,67.71,34.59
28,172.74,66.62,34.8
18,172.83,66.5,34.82
83,172.98,66.71,34.73
4,172.74,66.62,34.94
7,172.62,66.52,34.94
3,172.84,66.5,34.94
3,172.72,66.4,34.94
36,173.02,66.03,34.82
4,172.83,66.28,34.94
5,172.92,66.16,34.94
7,172.71,68.73,35.12
13,172.65,68.07,34.96
69,173.09,68.25,34.79
620,173.5,67.77,34.59
5,172.85,67.83,34.96
6,172.8,67.38,34.94
49,173.04,67.59,34.79
4,173,67.14,34.94
50,173.25,67.35,34.79
3,173.58,68.65,35.12
6,174.46,68.57,35.12
72,173.98,68.17,34.79
51,172.34,67.13,35.1
58,172.56,67.18,34.89
4,172.28,67.21,35.43
15,172.38,67.42,35.17
15,172.76,66.94,34.89
40,172.12,67.13,35.41
21,172.13,67.41,35.17
19,172.14,67.64,35.13
54,172.15,69.22,35.03
3,172.15,68.55,35.46
3,172.15,68.14,35.47
2,172.16,67.86,35.47
33,172.17,67.08,35.47
19,172.34,67.14,35.25
111,172.12,67.03,35.14
81,172.24,67.01,35.07
106,172.33,66.93,34.93
12,172.47,66.98,35.1
85,172.32,66.73,34.96
8,172.34,66.52,35.09
3,172.54,66.86,35.1
4,172.46,66.76,35.09
63,171.95,67.25,35.45
17,171.96,67.61,35.45
27,171.96,69.26,35.54
14,171.96,68.55,35.77
16,171.96,68.12,35.78
17,171.96,67.82,35.78
44,172.02,66.91,35.59
59,172.1,66.89,35.38
76,172.12,66.89,35.19
87,172.22,66.82,35.04
3,172.24,66.22,35.4
5,172.23,66.4,35.28
41,172.22,66.68,35.07
24,172.22,66.6,35.1
8,172.22,66.49,35.22
2,172.24,66.06,35.4
2,172.24,66.13,35.44
2,171.77,65.69,35.2
3,171.71,65.7,35.16
7,171.66,65.68,35.2
11,171.82,65.79,35.23
15,171.72,65.79,35.22
21,171.63,65.79,35.22
1775,171.23,70.45,34.73
48,171.68,71.69,38.12
2,171.21,71.07,42.99
4,171.05,71.46,43.15
76,171.68,71.67,40.67
98,171.68,71.68,40.04
3,163.36,71.74,36.21
16,163.36,73.98,38.14
13,163.56,73.97,37.52
7,163.36,73.44,37.51
8,163.56,73.43,36.89
8,163.36,72.62,36.87
10,163.56,72.62,36.25
10,163.84,72.61,35.65
40,171.47,74.18,39.4
60,171.67,73.26,39.4
22,171.48,74.17,38.77
32,171.67,73.25,38.77
41,170.97,74.64,39.4
27,170.98,74.64,38.77
44,171.22,74.17,39.4
27,171.23,74.18,38.77
31,163.36,74.4,39.39
28,163.53,74.98,39.4
21,163.98,75.2,39.38
28,163.36,74.41,38.77
40,163.54,74.94,38.78
28,163.56,74.39,38.15
32,163.76,74.85,38.15
16,164.36,74.81,38.15
30,163.97,75.18,38.79
44,170.12,74.72,39.4
38,170.12,74.72,38.77
33,169.73,75.12,39.4
38,168.83,75.16,39.4
108,166.61,75.44,39.46
106,166.61,75.44,39.15
53,166.19,75.24,39.4
64,167.94,75.19,39.4
101,167.11,75.21,39.4
30,169.73,75.12,38.77
39,168.82,75.16,38.77
105,166.61,75.44,38.77
49,166.19,75.24,38.77
60,167.94,75.19,38.77
95,167.1,75.21,38.77
19,165.72,75.06,39.4
15,164.83,75.13,39.4
16,165.72,75.06,38.77
12,164.84,75.12,38.77
18,171.47,73.27,38.15
27,171.67,72.35,38.13
20,171.48,73.26,37.53
20,171.67,72.37,37.51
41,171.22,73.29,36.9
124,171.32,71.94,36.89
60,171.48,72.43,36.88
59,171.21,73.29,36.27
265,171.41,71.61,36.23
193,171.32,71.94,36.27
128,171.48,72.43,36.25
93,170.87,72.88,35.65
261,171.19,71.79,35.65
186,171.16,72.39,35.65
198,171.06,71.48,35.65
613,171.19,71.79,35.08
334,171.16,72.39,35.11
131,170.87,72.88,35.12
609,171.06,71.47,35.06
634,171.03,70.71,35.06
579,170.82,71.97,34.76
184,170.4,72.47,34.79
1137,170.74,71.12,34.74
1248,170.66,70.27,34.76
842,170.38,71.57,34.58
302,169.94,72.06,34.59
1721,170.3,70.76,34.58
1680,169.78,70.34,34.59
19,163.93,74.38,37.52
17,163.73,73.96,37.52
15,164.28,73.9,36.9
13,163.88,73.51,36.9
16,163.88,73.51,36.27
18,164.28,73.9,36.27
14,164.18,73.02,35.65
9,164.69,73.42,35.65
4,164.19,73.02,35.12
2,164.69,73.42,35.12
2,164.85,71.18,34.59
2,165.45,72.47,34.59
2,165.29,70.7,34.59
11,164.76,74.3,37.52
7,165.24,74.7,38.15
6,165.24,74.7,37.52
10,166.12,74.63,38.15
8,166.12,74.63,37.52
46,169.24,74.82,38.15
68,168.36,74.88,38.15
78,167.48,74.93,38.15
46,166.6,75.01,38.15
42,169.24,74.82,37.52
64,168.36,74.88,37.52
74,167.48,74.93,37.52
40,166.6,75.01,37.52
42,169.64,74.32,38.15
27,170.52,74.24,38.15
31,169.64,74.32,37.52
18,170.52,74.24,37.52
21,170.92,73.76,38.15
17,170.93,73.76,37.52
7,165.16,73.82,36.9
4,165.64,74.22,36.9
7,165.16,73.82,36.27
4,165.64,74.22,36.27
6,166.52,74.15,36.9
5,166.52,74.15,36.27
35,168.76,74.4,36.9
35,167.88,74.47,36.9
17,167,74.55,36.9
13,167,74.55,36.27
27,167.88,74.47,36.27
25,168.76,74.4,36.27
13,169.17,73.92,36.27
10,170.05,73.84,36.27
22,170.45,73.36,36.27
17,169.17,73.92,36.9
12,170.05,73.84,36.9
19,170.45,73.36,36.9
2,166.04,73.75,35.12
2,165.57,73.34,35.65
2,166.04,73.75,35.65
4,166.93,73.67,35.12
5,166.93,73.67,35.65
8,167.4,74.07,35.65
6,167.4,74.07,35.12
10,168.28,73.99,35.65
8,168.28,73.99,35.12
8,168.69,73.51,35.12
10,169.57,73.44,35.12
29,169.97,72.96,35.12
9,168.69,73.51,35.65
10,169.57,73.44,35.65
24,169.97,72.96,35.65
2,166.44,73.27,34.79
2,165.96,72.87,34.79
5,167.77,73.16,34.79
11,169.09,73.04,34.79
38,169.5,72.56,34.79
3,166.8,72.35,34.59
28,168.58,72.2,34.59
1687,171.47,67.45,34.69
37,171.49,71.83,37.5
132,171.41,71.61,36.87
342,171.32,71.33,36.24
420,171.32,70.84,35.6
1130,171.41,70.56,34.99
1743,171.37,70.23,34.76
925,171.55,67.45,34.85
1180,171.6,67.21,34.84
1947,171.57,66.98,34.73
1338,171.41,66.97,34.77
42,171.58,71.45,37.47
220,171.46,71.26,36.83
1700,171.68,69.87,34.78
424,171.46,70.9,36.18
728,171.58,70.72,35.47
1367,171.68,70.3,34.86
692,171.68,68.18,35.03
439,171.68,67.76,35.09
514,171.69,67.39,35.1
1615,171.66,66.89,34.86
1606,171.54,66.89,34.86
2,162.86,65.82,34.42
2,162.76,65.94,34.45
2,162.75,65.91,34.46
2,162.81,65.88,34.42
2,162.65,65.94,34.45
2,162.65,65.91,34.46
2,162.7,65.89,34.5
2,162.74,65.92,34.48
2,163.07,65.71,34.44
2,162.96,65.71,34.43
2,162.85,65.72,34.43
22,171.59,65.78,35.23
26,171.55,65.78,35.21
2,171.68,65.6,35.04
5,171.66,65.63,35.13
18,171.6,65.69,35.15
327,171.53,65.79,35.06
147,171.56,65.7,35.06
119,171.61,65.67,35.03
16,171.63,65.65,35.08
7,171.66,65.63,35.08
52,171.61,65.7,35.09
45,171.63,65.66,35.04
17,171.66,65.63,35.04
6,171.65,65.55,34.98
57,171.65,65.55,34.9
590,171.5,65.7,35
561,171.55,65.65,34.98
177,171.6,65.61,34.98
1423,171.52,65.67,34.92
1142,171.55,65.64,34.92
1701,171.52,65.67,34.88
1419,171.55,65.64,34.88
221,171.6,65.58,34.92
364,171.6,65.58,34.88
599,171.57,65.61,34.92
831,171.57,65.61,34.88
1109,171.6,65.58,34.77
1478,171.6,65.58,34.73
1435,171.57,65.61,34.77
1532,171.57,65.61,34.73
1971,171.52,65.67,34.77
1784,171.52,65.67,34.73
1671,171.55,65.64,34.77
1555,171.55,65.64,34.73
1912,171.52,65.67,34.84
1597,171.55,65.64,34.84
2015,171.52,65.67,34.81
1681,171.55,65.64,34.81
541,171.6,65.58,34.84
836,171.6,65.58,34.81
1037,171.57,65.61,34.84
1235,171.57,65.61,34.81
2601,171.49,65.62,34.59
2903,171.54,65.56,34.67
10288,171.48,65.51,34.6
2140,171.49,65.62,34.67
331,171.59,65.5,34.82
11345,171.64,65.44,34.75
870,171.59,65.5,34.75
7635,171.53,65.45,34.67
17341,171.47,65.42,34.62
11294,171.58,65.39,34.67
141,171.96,65.3,34.82
3,171.97,65.41,34.9
685,171.91,65.36,34.82
74319,171.85,65.31,34.75
96190,171.79,65.28,34.7
44667,171.84,65.2,34.57
62409,171.79,65.24,34.56
65629,171.68,65.27,34.55
4,171.86,65.42,34.98
546,171.86,65.42,34.9
3,171.81,65.48,34.98
477,171.81,65.48,34.9
32111,171.8,65.37,34.82
2,171.7,65.49,34.98
46802,171.75,65.43,34.82
235,171.7,65.49,34.9
6947,171.64,65.44,34.82
84794,171.74,65.32,34.75
72072,171.68,65.28,34.7
53521,171.69,65.38,34.75
38169,171.63,65.33,34.68
57625,171.62,65.24,34.56
46029,171.57,65.28,34.54
6,178.09,66.94,34.79
4,178.29,66.71,34.79
5,172.94,66.38,34.94
6,173.04,66.26,34.94
40,173.13,66.12,34.84
64,173.18,66.48,34.76
117,173.14,66.17,34.73
148,173.24,66.06,34.71
33,177.85,66.79,34.59
30,178.05,66.57,34.59
15,178.26,66.35,34.58
2,178.46,66.14,34.58
1093,173.11,65.86,34.49
982,173,65.81,34.47
971,172.88,65.75,34.47
990,172.72,65.75,34.47
814,172.65,65.52,34.5
882,173.38,66.31,34.58
1017,173.35,66.02,34.56
1089,173.33,65.88,34.55
688,173.22,65.78,34.57
1120,173.22,65.86,34.49
376,171.4,66.67,35.22
3055,170.97,66.55,34.55
327,171.4,66.5,35.24
461,171.41,66.31,35.11
136,171.3,66.42,35.07
1090,171.16,66.26,34.75
2560,171.11,66.2,34.69
175,171.24,66.42,34.93
178,171.31,66.31,34.99
422,171.22,66.31,34.82
441,171.16,66.26,34.82
4356,171.04,66.16,34.64
5879,170.99,66.23,34.55
7204,170.97,66.12,34.55
373,171.17,66.37,34.82
1254,171.11,66.42,34.69
850,171.17,66.37,34.75
927,171.11,66.32,34.75
1835,171.07,66.26,34.7
372,171.11,66.32,34.82
1761,171.03,66.43,34.66
2936,171.03,66.27,34.65
4072,170.94,66.34,34.56
706,171.69,67.05,35.1
832,171.55,67.08,34.91
835,171.57,67.16,34.92
1355,171.52,67.27,34.81
1471,171.59,67.16,34.79
571,171.41,66.82,35.04
115,171.29,66.52,35.12
118,171.29,66.73,35.1
89,171.22,66.62,35.06
2,163.42,66.99,34.87
2,163.44,66.97,34.87
2,163.47,66.49,34.74
2,163.5,66.42,34.74
2,163.5,66.43,34.81
2,163.52,66.37,34.75
2,163.48,66.48,34.83
2,163.47,66.37,34.83
2,163.41,66.42,34.93
2,163.59,66.73,34.63
2,163.56,66.9,34.63
2,163.57,66.83,34.68
2,163.52,66.53,34.76
2,163.49,66.93,34.89
2,163.48,66.82,34.75
2,163.48,66.64,34.77
3,163.77,66.2,34.55
3,163.71,66.4,34.55
3,163.64,66.53,34.63
2,163.55,66.63,34.68
2,163.53,66.48,34.67
2,163.57,66.42,34.67
3,163.63,66.36,34.62
2,163.56,66.31,34.67
3,163.68,66.3,34.62
3,163.72,66.25,34.55
3,163.61,66.25,34.67
3,163.67,66.19,34.62
1478,171.46,67.17,34.77
242,171.31,66.92,34.93
198,171.24,66.86,34.9
1164,171.34,67.08,34.77
1310,171.24,66.96,34.68
961,171.27,66.86,34.77
860,171.34,66.92,34.78
132,171.19,66.75,34.94
138,171.18,66.53,34.94
995,171.16,66.87,34.69
589,171.2,66.75,34.78
558,171.18,66.53,34.78
1722,171.27,67.29,34.65
1938,171.24,66.96,34.62
1343,171.07,66.87,34.63
1492,171.09,66.65,34.64
2360,171.03,67.09,34.55
2601,171,66.76,34.55
2287,170.87,66.67,34.55
523,171.41,66.05,35.05
513,171.41,66.2,35.08
349,171.41,66.02,35.14
487,171.41,66.01,35.07
516,171.41,65.97,35.05
1244,171.21,66.2,34.75
1379,171.26,66.14,34.75
3460,171.15,66.15,34.68
3975,171.2,66.09,34.67
5582,171.09,66.1,34.62
6477,171.14,66.04,34.62
8360,171.02,66.04,34.55
571,171.31,66.19,34.82
483,171.26,66.25,34.82
295,171.29,66.29,34.88
301,171.28,66.08,34.89
304,171.33,66.03,34.92
500,171.21,66.2,34.82
569,171.26,66.14,34.83
595,171.42,66.09,35.01
242,171.32,66.19,34.95
204,171.31,66.04,34.98
172,171.25,65.97,34.96
193,171.31,65.93,34.98
336,171.27,65.97,34.89
303,171.33,65.93,34.92
711,171.25,66.03,34.82
1892,171.25,66.03,34.75
843,171.29,65.97,34.82
4918,171.19,65.98,34.67
6966,171.13,65.94,34.62
9938,171.07,65.95,34.54
2023,171.3,65.97,34.75
5213,171.24,65.92,34.67
7463,171.17,65.88,34.61
10558,171.12,65.91,34.54
397,171.5,65.79,35.05
36,171.56,65.69,35.13
85,171.54,65.79,35.14
11353,171.14,65.88,34.53
11278,171.06,65.88,34.52
1187,171.31,65.9,34.8
744,171.35,65.87,34.84
930,171.43,65.84,34.84
1101,171.36,65.82,34.82
10938,171.16,65.88,34.54
6773,171.25,65.81,34.62
7726,171.2,65.84,34.61
2342,171.33,65.9,34.74
5129,171.29,65.86,34.67
2244,171.37,65.81,34.76
2915,171.35,65.85,34.73
4998,171.34,65.8,34.67
7809,171.24,65.78,34.59
10475,171.16,65.81,34.55
10403,171.21,65.75,34.54
6922,171.28,65.75,34.59
10538,171.23,65.7,34.55
556,171.45,65.79,34.97
672,171.43,65.81,34.9
673,171.45,65.8,34.9
533,171.47,65.79,34.99
666,171.46,65.7,34.98
1467,171.5,65.68,34.91
1704,171.5,65.69,34.88
651,171.47,65.8,34.92
1238,171.45,65.72,34.9
588,171.42,65.85,34.97
595,171.42,65.89,34.99
212,171.31,65.87,34.97
344,171.33,65.87,34.9
673,171.43,65.85,34.91
989,171.44,65.8,34.83
1694,171.41,65.73,34.81
979,171.43,65.81,34.83
2838,171.37,65.76,34.76
1880,171.42,65.8,34.78
1965,171.43,65.79,34.78
2564,171.41,65.74,34.76
1670,171.45,65.73,34.83
1984,171.5,65.69,34.84
2203,171.5,65.69,34.8
4568,171.37,65.75,34.67
3785,171.4,65.73,34.67
2431,171.45,65.73,34.77
2509,171.47,65.71,34.76
2657,171.47,65.72,34.72
2337,171.5,65.7,34.77
2298,171.5,65.7,34.73
2552,171.44,65.68,34.67
5299,171.38,65.63,34.59
5262,171.33,65.69,34.59
9530,171.27,65.66,34.55
11416,171.27,65.66,34.47
9188,171.38,65.61,34.48
13704,171.16,65.81,34.46
13457,171.22,65.71,34.47
11892,171.43,65.57,34.48
27819,171.47,65.41,34.51
19182,171.48,65.51,34.49
34278,171.52,65.33,34.53
28792,171.47,65.38,34.52
931,171.68,68.63,34.99
1894,171.68,68.63,34.67
862,171.5,67.78,34.86
942,171.49,68.17,34.86
1060,171.37,68.19,34.77
1151,171.35,67.73,34.74
787,171.05,67.54,34.72
2,163.57,68.18,34.71
577,171.26,70.13,35.11
1442,171.09,69.8,34.77
2,164.83,70.3,34.79
885,170.16,69.85,34.78
2,163.49,67.04,34.77
2,163.54,66.97,34.77
3,163.67,66.08,34.61
3,163.63,66.08,34.62
3,163.64,66.01,34.55
3,163.6,65.92,34.61
3,163.61,66.03,34.61
3,163.58,66.04,34.62
2,163.47,65.99,34.78
3,163.54,65.98,34.67
3,163.57,65.91,34.62
12504,171.07,65.88,34.47
2588,171.49,69.34,34.59
2595,171.55,68.64,34.59
2508,171.3,68.43,34.59
2294,171.25,67.97,34.58
1598,170.82,67.34,34.57
1648,170.89,67.78,34.58
2,164.24,69.9,34.59
2488,170.62,69.39,34.59
3,165.22,69.82,34.59
2239,169.68,69.45,34.59
2,163.54,67.73,34.68
2,163.53,67.05,34.65
2,163.66,66.95,34.64
2,163.64,67.95,34.56
2,163.67,66.73,34.55
2,163.62,66.93,34.55
3,163.74,66.62,34.55
2,163.18,65.68,34.44
2,163.24,65.71,34.44
3,163.34,65.7,34.44
3,163.72,66.14,34.62
3,163.71,66.15,34.55
3,163.71,66.05,34.55
3,163.62,65.88,34.61
3,163.65,65.94,34.54
3,163.61,65.92,34.55
3,163.54,65.91,34.48
3,163.47,65.83,34.44
3,163.47,65.91,34.43
3,163.52,65.86,34.51
3,163.46,65.71,34.46
3,163.55,66.09,34.67
3,163.5,66.04,34.74
2,163.5,66.32,34.8
2,163.51,66.26,34.75
2,163.5,66.15,34.74
3,163.6,66.14,34.67
3,163.55,66.2,34.75
2,163.48,66.26,34.83
2,163.48,66.2,34.84
2,163.48,66.15,34.82
2,163.48,66.05,34.81
2,163.41,66.22,34.92
2,163.41,66.09,34.84
3,163.39,65.67,34.53
3,163.52,65.85,34.58
3,163.58,65.9,34.54
3,163.57,65.84,34.62
2,163.4,65.82,34.76
3,163.46,65.83,34.76
2,163.41,65.8,34.75
3,163.47,65.82,34.59
3,163.51,65.76,34.53
2,163.43,65.79,34.59
2,163.4,65.76,34.59
3,163.45,65.71,34.53
3,163.47,65.82,34.67
3,163.44,65.78,34.65
2,163.41,65.79,34.71
3,163.52,65.87,34.67
3,163.49,65.93,34.74
3,163.46,65.88,34.77
3,163.48,65.93,34.81
2,163.48,65.99,34.83
2,163.41,66.01,34.92
2,163.4,65.91,34.83
3,163.47,65.84,34.81
2,163.4,65.84,34.83
2,163.41,65.79,34.71
3,163.4,65.75,34.66
2,163.39,65.74,34.75
2,163.3,65.79,34.81
2,163.38,65.79,34.75
2,163.4,65.81,34.82
2,163.26,65.79,34.84
2,163.34,65.74,34.76
2,163.29,65.73,34.73
2,163.35,65.72,34.67
2,163.24,65.73,34.67
2,163.35,65.72,34.59
2,163.29,65.67,34.52
2,162.8,65.82,34.52
2,162.75,65.85,34.5
2,162.81,65.87,34.46
2,162.75,65.82,34.53
2,162.69,65.83,34.5
4,169.89,72.08,43.8
35,170.37,72.48,43.15
65,170.86,72.88,42.52
64,171.2,73.3,41.9
25,171.32,71.94,41.9
28,171.48,72.41,41.92
11,171.2,71.79,42.52
32,171.17,72.4,42.52
14,170.77,72,43.15
6,163.56,73.99,43.18
2,163.55,73.47,43.87
8,163.36,73.48,43.24
8,163.36,73.99,41.91
10,163.56,73.98,42.53
8,163.36,73.45,42.56
6,163.36,73.99,41.27
111,170.52,74.24,41.27
138,170.05,73.84,42.52
119,170.52,74.24,41.9
106,170.92,73.76,41.27
108,170.45,73.36,42.52
97,170.92,73.76,41.9
116,169.57,73.44,43.15
23,169.09,73.04,43.78
72,169.97,72.96,43.15
10,169.49,72.56,43.79
17,163.56,74.39,41.9
27,163.76,74.85,41.9
45,164.36,74.81,41.9
16,163.56,74.39,41.27
25,163.74,74.88,41.25
31,164.36,74.8,41.28
109,169.64,74.32,41.27
183,169.17,73.92,42.52
131,169.64,74.32,41.9
114,169.24,74.83,41.9
197,168.76,74.4,42.52
168,168.36,74.88,41.9
223,167.88,74.47,42.52
213,167.48,74.93,41.9
193,167,74.55,42.52
170,166.6,75.01,41.9
84,169.24,74.83,41.27
121,168.36,74.88,41.27
153,167.48,74.93,41.27
112,166.6,75.01,41.27
100,166.12,74.63,41.9
51,165.24,74.7,41.9
55,166.12,74.63,41.27
27,165.24,74.7,41.27
141,168.69,73.51,43.15
166,168.28,73.99,43.15
118,167.4,74.07,43.15
7,163.73,73.96,43.15
13,163.73,73.96,42.52
12,163.93,74.38,43.15
83,166.52,74.15,43.15
71,165.64,74.22,43.15
52,164.76,74.3,43.15
22,163.93,74.38,42.52
140,166.52,74.15,42.52
84,165.64,74.22,42.52
56,164.76,74.3,42.52
15,168.21,73.11,43.78
19,167.81,73.59,43.78
9,166.93,73.67,43.78
21,166.04,73.75,43.78
2,163.88,73.51,43.78
23,165.16,73.82,43.78
5,164.28,73.9,43.78
3,165.54,73.37,44.23
85,171.2,73.29,41.27
81,171.68,72.33,40.67
84,171.47,73.27,40.65
57,171.48,72.41,41.29
74,171.47,73.27,40.02
94,171.67,72.34,40.03
3,163.36,73.98,40.65
9,163.36,73.98,40.02
94,170.52,74.24,40.65
74,170.52,74.24,40.02
100,170.92,73.76,40.65
79,170.92,73.76,40.02
9,163.56,74.39,40.02
4,163.72,74.92,40.02
13,164.36,74.78,40.02
3,163.56,74.39,40.65
3,163.72,74.91,40.64
11,164.36,74.78,40.65
64,169.24,74.83,40.65
92,168.36,74.88,40.65
116,167.48,74.93,40.65
81,166.6,75.01,40.65
53,169.24,74.83,40.02
78,168.36,74.88,40.02
99,167.48,74.93,40.02
68,166.6,75.01,40.02
91,169.64,74.32,40.65
80,169.64,74.32,40.02
17,165.24,74.7,40.65
33,166.12,74.63,40.65
12,165.24,74.7,40.02
23,166.12,74.63,40.02
50,171.49,71.83,41.29
36,171.58,71.45,41.32
2,171.32,71.07,42.66
14,171.41,71.61,41.93
3,171.32,71.35,42.54
8,171.46,71.26,41.96
26082,171.9,65.25,34.75
9294,171.95,65.13,34.59
2,178.39,67.79,42.52
2,177.03,67.46,43.15
5,177.51,67.86,42.52
7,177.99,68.26,41.9
3,178.94,69.07,42.52
6,178.47,68.67,41.9
5,178.54,69.55,42.52
5,178.47,68.67,41.27
3,172.08,65.4,34.9
3,172.14,65.45,34.9
2,172.02,65.35,34.9
23,172.06,65.24,34.79
590,172.17,65.11,34.59
8,172.38,65.65,34.82
7,172.32,65.6,34.82
21,172.38,65.65,34.75
20,172.32,65.6,34.75
197,172.42,65.54,34.64
7,172.26,65.55,34.82
7,172.2,65.5,34.82
19,172.2,65.5,34.75
19,172.26,65.55,34.75
141,172.3,65.45,34.66
21,172.19,65.33,34.78
3,172.39,65.65,34.9
3,172.36,65.63,34.9
3,172.32,65.6,34.9
2,172.26,65.55,34.9
2,172.2,65.5,34.9
690,172.52,65.41,34.52
644,172.41,65.34,34.54
598,172.28,65.21,34.57
7,172.9,65.94,34.94
39,172.9,65.93,34.8
238,173.01,65.89,34.65
119,173,65.77,34.69
241,173.11,65.8,34.63
5,172.78,65.84,34.94
31,172.78,65.84,34.79
461,173,65.73,34.61
657,173.11,65.78,34.57
361,172.88,65.69,34.62
62,172.88,65.74,34.69
22,172.54,65.64,34.79
218,172.64,65.52,34.65
26,172.66,65.74,34.79
286,172.76,65.62,34.64
4,172.66,65.74,34.94
4,172.54,65.64,34.94
227,173.23,65.88,34.66
43,173.12,65.91,34.8
138,173.22,65.75,34.7
243,173.33,65.79,34.64
1104,173.45,65.92,34.55
477,173.22,65.72,34.62
2,178.33,67.13,34.96
2,177.51,67.86,35.12
6,177.91,67.39,34.79
18,177.03,67.47,34.79
144,176.55,67.12,34.59
50,177.43,67.04,34.59
2,179.35,68.59,42.52
2,178.87,68.19,41.9
5,176.63,67.94,42.52
2,176.37,67.52,42.05
2,176.37,67.52,41.74
10,177.11,68.34,41.9
5,172.14,70.12,41.93
3,172.22,70.56,41.29
9,172.46,70.09,41.27
5,172.85,70.49,40.65
5,173.74,70.41,40.02
8,173.26,70.01,40.65
8,172.76,69.61,41.27
5,172.43,69.2,41.9
4,175.75,68.02,42.52
3,176.17,67.76,42.05
3,176.17,67.76,41.74
9,176.23,68.42,41.9
13,177.66,69.62,42.52
16,177.18,69.22,42.52
12,177.59,68.74,41.9
14,176.7,68.82,41.9
12,177.26,70.1,42.52
17,176.78,69.7,42.52
15,176.3,69.3,41.9
10,178.06,69.15,41.9
13,176.3,69.3,41.27
10,177.59,68.74,41.27
8,178.06,69.15,41.27
13,175.5,70.26,40.65
11,176.42,70.62,41.58
12,175.9,69.78,40.65
3,175.62,71.58,40.33
9,175.5,70.26,40.02
3,178.18,70.47,41.58
12,176.7,68.82,41.27
4,175.35,68.5,41.9
9,175.82,68.9,41.27
4,174.94,68.97,41.27
10,175.42,69.38,40.65
10,175.9,69.78,40.02
9,175.02,69.86,40.02
8,174.54,69.45,40.65
3,174.06,69.05,41.27
9,174.66,70.77,40.33
7,174.14,69.93,40.02
7,173.66,69.53,40.65
4,173.18,69.13,41.27
3,175.46,69.82,35.43
1001,173.81,66.3,34.58
6,176.63,67.94,35.12
49,176.15,67.55,34.79
405,175.67,67.2,34.59
7,172.31,71.47,38.14
14,172.31,71.47,37.51
2,172.55,70.95,37.52
13,172.31,70.98,36.87
20,172.22,70.56,36.23
33,172.14,70.1,35.58
2,172.13,70.73,38.69
12,172.17,71.01,38.12
25,172.17,71.01,37.48
59,172.05,70.72,36.82
57,171.95,70.22,36.17
877,173.85,66.68,34.59
86,173.61,66.45,34.78
9,175.75,68.02,35.12
89,175.27,67.63,34.79
808,174.79,67.25,34.59
748,173.91,67.3,34.59
6,173.2,66.9,34.95
60,173.45,67.11,34.79
70,173.65,66.88,34.79
9,173.41,66.67,34.96
8,174.87,68.09,35.12
91,174.39,67.7,34.79
6,172.96,66.71,34.92
8,173.02,66.04,34.94
10,173.12,65.92,34.94
3,173.11,68.25,35.12
5,173.05,67.59,34.96
6,173.25,67.35,34.96
55,173.5,67.77,34.79
4,173.99,68.17,35.12
3,172.57,67.18,35.18
10,172.15,67.35,35.48
3,172.15,67.64,35.47
6,172.15,69.23,35.61
2,172.16,68.55,35.79
3,172.16,68.14,35.79
2,172.16,67.85,35.79
11,172.2,67.09,35.62
14,172.25,67.05,35.41
36,172.26,67.02,35.23
34,172.35,66.92,35.08
16,172.35,66.74,35.09
9,172.36,66.63,35.12
36,171.95,67.18,35.77
25,171.96,67.59,35.78
10,171.96,69.25,36.23
11,171.96,68.54,36.09
11,171.96,68.12,36.1
14,171.96,67.82,36.1
44,172,66.91,35.76
31,172.15,66.89,35.5
29,172.22,66.81,35.21
3,172.24,66.3,35.43
2,172.25,66.22,35.54
5,172.24,66.41,35.4
14,172.23,66.68,35.23
9,172.23,66.57,35.25
2,172.24,66.14,35.57
3,171.66,65.61,35.2
2,171.82,65.68,35.23
2,171.71,65.68,35.22
10,171.61,65.67,35.22
9,171.82,65.78,35.29
11,171.77,65.78,35.31
14,171.72,65.78,35.29
19,171.64,65.78,35.28
139,171.02,70.69,35.65
597,171.14,70.37,35.08
100,171.68,71.69,39.43
68,171.58,71.45,38.12
85,171.68,71.67,38.79
40,171.49,71.83,38.13
3,171.22,71.07,42.68
3,170.7,71.12,43.15
9,171.06,71.47,42.53
73,171.58,71.45,40.68
78,171.49,71.83,40.66
59,171.32,71.94,41.27
96,171.58,71.45,40.04
86,171.49,71.83,40.03
5,163.36,71.74,36.87
4,163.56,71.74,36.25
29,163.36,73.98,39.4
23,163.36,73.98,38.77
23,163.56,73.97,38.14
13,163.36,73.43,38.14
11,163.56,73.43,37.52
9,163.36,72.62,37.51
12,163.84,72.61,36.27
10,163.56,72.62,36.89
49,171.47,73.27,39.4
80,171.67,72.34,39.4
29,171.47,73.27,38.77
51,171.67,72.35,38.77
56,170.52,74.24,39.4
40,170.52,74.24,38.77
54,170.92,73.76,39.4
34,170.92,73.76,38.77
24,163.73,73.96,38.15
29,163.56,74.39,39.39
23,163.73,74.91,39.4
19,164.36,74.78,39.4
32,163.56,74.39,38.77
35,163.74,74.88,38.79
23,163.93,74.38,38.15
9,164.76,74.3,38.15
15,164.36,74.8,38.76
67,169.64,74.32,39.4
54,169.64,74.32,38.77
48,169.24,74.83,39.4
72,168.36,74.88,39.4
89,167.48,74.93,39.4
60,166.6,75.01,39.4
47,169.24,74.82,38.77
70,168.36,74.88,38.77
83,167.48,74.93,38.77
53,166.6,75.01,38.77
17,166.12,74.63,39.4
9,165.24,74.7,39.4
13,166.12,74.63,38.77
7,165.24,74.7,38.77
21,171.2,73.3,38.15
26,171.48,72.42,38.14
26,171.21,73.29,37.52
53,171.32,71.94,37.52
29,171.48,72.43,37.51
50,170.87,72.88,36.9
142,171.19,71.79,36.9
86,171.16,72.39,36.89
65,170.87,72.88,36.27
175,171.19,71.79,36.27
119,171.16,72.39,36.27
132,171.06,71.48,36.27
67,170.37,72.48,35.65
137,170.77,72,35.65
120,170.73,71.12,35.65
301,170.78,71.99,35.1
108,170.37,72.48,35.12
449,170.72,71.12,35.09
349,170.62,70.25,35.1
492,170.32,71.59,34.77
183,169.91,72.07,34.79
814,170.24,70.73,34.77
504,169.41,71.24,34.59
640,169.75,70.33,34.78
1683,169.28,69.93,34.59
1716,168.79,69.52,34.59
16,164.28,73.9,37.52
15,163.88,73.51,37.52
13,164.69,73.42,36.9
13,164.18,73.02,36.9
14,164.18,73.02,36.27
13,164.69,73.42,36.27
2,164.61,72.54,35.65
2,164.9,71.18,34.79
2,165.48,72.46,34.79
2,165.82,71.55,34.59
2,165.32,70.7,34.79
2,165.71,70.22,34.59
3,166.13,69.75,34.59
7,165.16,73.82,37.52
5,165.64,74.22,38.15
5,165.64,74.22,37.52
10,166.52,74.15,38.15
8,166.52,74.15,37.52
58,168.76,74.4,38.15
54,167.88,74.47,38.15
28,167,74.55,38.15
46,168.76,74.4,37.52
44,167.88,74.47,37.52
21,167,74.55,37.52
35,169.17,73.92,38.15
27,170.05,73.84,38.15
24,169.17,73.92,37.52
17,170.05,73.84,37.52
19,170.45,73.36,38.15
16,170.45,73.36,37.52
3,165.57,73.34,36.9
4,166.04,73.75,36.9
2,165.57,73.34,36.27
3,166.04,73.75,36.27
7,166.93,73.67,36.9
6,166.93,73.67,36.27
17,168.28,73.99,36.9
12,167.4,74.07,36.9
10,167.4,74.07,36.27
12,168.28,73.99,36.27
9,168.69,73.51,36.27
10,169.57,73.44,36.27
17,169.97,72.96,36.27
11,168.69,73.51,36.9
10,169.57,73.44,36.9
14,169.97,72.96,36.9
2,165.97,72.87,35.12
3,166.45,73.27,35.12
2,165.97,72.87,35.65
3,166.45,73.27,35.65
7,167.77,73.15,35.43
12,169.09,73.04,35.12
30,169.49,72.56,35.12
12,169.09,73.04,35.65
24,169.49,72.56,35.65
17,167.61,71.39,34.59
3,166.81,72.35,34.79
23,168.57,72.2,34.79
597,171.4,67.44,34.89
50,171.41,71.61,37.5
241,171.32,71.33,36.87
1106,171.48,69.79,34.94
244,171.32,70.84,36.24
437,171.41,70.56,35.58
1043,171.49,70.17,35.02
275,171.48,68.18,35.12
191,171.49,67.78,35.14
230,171.52,67.44,35.14
647,171.51,67.05,34.95
470,171.41,67.02,34.93
73,171.46,71.26,37.48
318,171.46,70.9,36.83
1276,171.68,69.32,34.89
519,171.58,70.72,36.15
732,171.68,70.25,35.48
245,171.67,68.17,35.43
192,171.67,67.74,35.45
250,171.68,67.4,35.45
394,171.41,66.83,35.21
343,171.4,66.74,35.26
784,171.54,66.9,35.11
2,162.8,65.76,34.43
2,162.7,65.94,34.44
2,162.76,65.92,34.42
2,162.69,65.88,34.46
2,162.75,65.83,34.42
2,162.58,65.93,34.44
2,162.65,65.92,34.42
2,162.68,65.89,34.48
2,163.06,65.67,34.44
2,162.96,65.68,34.44
2,162.84,65.69,34.44
23,171.56,65.78,35.28
21,171.59,65.78,35.3
4,171.87,65.78,35.31
15,171.56,65.66,35.23
28,171.52,65.78,35.23
20,171.51,65.66,35.21
2,171.65,65.55,35.06
7,171.6,65.6,35.14
23,171.55,65.63,35.12
186,171.5,65.69,35.07
101,171.56,65.64,35.05
30,171.6,65.61,35.06
12,171.59,65.5,34.98
56,171.59,65.5,34.9
625,171.49,65.62,34.98
188,171.54,65.56,34.98
1518,171.49,65.62,34.9
481,171.54,65.56,34.9
1952,171.54,65.56,34.75
2099,171.49,65.62,34.75
2034,171.49,65.62,34.82
972,171.54,65.56,34.82
7046,171.43,65.57,34.59
15396,171.43,65.47,34.61
5803,171.48,65.51,34.67
4667,171.43,65.57,34.67
248,171.53,65.45,34.82
2256,171.58,65.39,34.75
1126,171.53,65.45,34.75
4097,171.52,65.34,34.68
8364,171.47,65.4,34.67
7,171.96,65.3,34.9
2830,171.9,65.25,34.82
1943,171.85,65.31,34.82
18,171.91,65.36,34.9
8220,171.84,65.2,34.82
57654,171.84,65.2,34.76
3749,171.79,65.26,34.82
84927,171.79,65.26,34.75
57835,171.72,65.15,34.58
9,171.8,65.37,34.98
817,171.8,65.37,34.9
5,171.75,65.43,34.98
534,171.75,65.43,34.9
31656,171.74,65.32,34.82
2,171.64,65.44,34.98
29908,171.69,65.38,34.82
176,171.64,65.44,34.9
2320,171.58,65.39,34.82
56999,171.68,65.27,34.75
42186,171.62,65.25,34.71
21470,171.63,65.33,34.75
11718,171.57,65.29,34.69
55954,171.62,65.2,34.56
38112,171.49,65.23,34.55
5,178.26,66.29,34.77
2,178.46,66.06,34.76
3,178.09,66.92,34.96
9,177.85,66.75,34.79
9,178.05,66.52,34.78
2,178.29,66.68,34.96
7,173.17,66.47,34.95
10,173.14,66.14,34.94
12,173.24,66.02,34.94
43,173.24,66,34.82
92,173.38,66.26,34.76
207,173.34,65.94,34.68
46,177.61,66.62,34.59
44,177.81,66.4,34.58
38,178.02,66.19,34.58
21,178.22,65.98,34.57
1042,173.1,65.74,34.48
979,172.98,65.62,34.49
919,172.77,65.64,34.48
768,172.75,65.4,34.53
991,174.05,66.48,34.59
1043,173.58,66.11,34.57
701,173.33,65.78,34.58
1175,173.33,65.86,34.49
1070,173.22,65.8,34.48
829,173.44,65.77,34.58
1295,173.44,65.86,34.49
78,171.26,66.72,35.24
226,171.39,66.67,35.37
303,171.4,66.59,35.27
1201,170.96,66.55,34.66
1641,170.66,66.48,34.58
2649,170.84,66.46,34.56
139,171.39,66.5,35.38
77,171.25,66.52,35.25
231,171.4,66.41,35.28
226,171.4,66.31,35.25
82,171.21,66.43,35.06
104,171.28,66.31,35.12
1232,171.1,66.21,34.75
2488,171.05,66.15,34.69
98,171.06,66.43,34.94
126,171.16,66.31,34.94
432,171.1,66.21,34.82
2935,170.99,66.22,34.66
3850,170.97,66.1,34.64
5724,170.91,66.16,34.55
342,171.05,66.27,34.82
462,171.06,66.43,34.79
961,171.05,66.27,34.75
1532,170.94,66.34,34.68
3613,170.82,66.26,34.56
351,171.68,67.08,35.42
246,171.52,67.18,35.16
439,171.42,67.17,34.94
731,171.47,67.25,34.89
314,171.32,67.11,34.93
98,171.29,66.92,35.08
53,171.17,66.75,35.09
56,171.17,66.53,35.09
2,163.5,66.94,34.92
2,163.5,67.04,34.89
2,163.52,67.28,34.67
2,163.44,67.29,34.83
2,163.44,67.05,34.94
2,163.47,66.97,34.94
3,163.79,66.42,34.55
2,163.53,66.48,34.75
2,163.57,66.42,34.75
2,163.41,66.51,34.96
3,163.56,66.31,34.75
3,163.61,66.25,34.75
2,163.53,66.48,34.82
2,163.52,66.37,34.82
2,163.57,66.42,34.83
2,163.5,66.42,34.94
2,163.41,66.41,35.07
2,163.41,66.3,34.97
3,163.76,66.62,34.66
2,163.5,66.95,34.97
3,163.69,66.74,34.64
2,163.6,66.75,34.69
2,163.55,66.97,34.9
2,163.58,66.87,34.77
2,163.57,66.64,34.78
2,163.51,66.83,34.93
2,163.51,66.63,34.93
4,163.82,66.15,34.55
4,163.84,66.3,34.55
3,163.78,66.19,34.64
3,163.72,66.4,34.64
3,163.62,66.51,34.68
3,163.62,66.36,34.67
3,163.67,66.3,34.68
3,163.73,66.24,34.63
3,163.66,66.19,34.68
331,171.67,68.63,35.4
174,171.26,70.11,35.65
1272,170.57,67.14,34.57
502,171.25,67.29,34.87
134,171.2,66.97,34.94
610,171.21,66.97,34.78
86,171.1,66.87,34.94
88,171.08,66.65,34.94
419,171.1,66.87,34.78
430,171.08,66.65,34.78
303,170.96,66.55,34.79
1101,171.02,67.1,34.65
1171,170.99,66.77,34.64
835,170.86,66.67,34.66
1718,170.77,66.89,34.56
1783,170.74,66.57,34.57
105,171.4,66.12,35.26
126,171.4,66.02,35.23
402,171.41,66.11,35.12
136,171.29,66.03,35.05
128,171.28,66.19,35.08
297,171.4,65.98,35.15
91,171.26,65.99,35.14
276,171.41,65.94,35.14
122,171.28,65.99,35.07
472,171.41,65.94,35.07
135,171.29,65.94,35.05
1480,171.15,66.15,34.75
1710,171.2,66.09,34.75
3339,171.09,66.1,34.68
4184,171.14,66.04,34.68
5019,171.02,66.01,34.63
7733,170.9,65.98,34.54
172,171.31,66.09,35.01
140,171.23,66.03,34.97
188,171.23,66.19,34.93
519,171.15,66.15,34.82
629,171.2,66.09,34.82
268,171.24,66.03,34.9
117,171.19,65.98,34.98
140,171.22,65.92,34.98
268,171.19,65.98,34.9
309,171.24,65.92,34.9
10579,171.06,65.89,34.54
823,171.19,65.98,34.82
2289,171.19,65.98,34.75
929,171.24,65.92,34.83
4535,171.13,65.93,34.68
6313,171.07,65.9,34.62
9811,171.01,65.92,34.54
2512,171.24,65.92,34.75
5233,171.18,65.87,34.67
7277,171.12,65.85,34.61
10234,171,65.88,34.54
9410,170.95,65.89,34.54
10798,171,65.88,34.52
10288,171.07,65.8,34.55
38,171.49,65.78,35.2
284,171.46,65.69,35.05
368,171.48,65.79,35.06
45,171.5,65.68,35.14
133,171.49,65.78,35.14
289,171.41,65.9,35.12
478,171.41,65.89,35.06
8436,171.14,65.81,34.6
7678,171.06,65.8,34.6
1082,171.28,65.86,34.82
934,171.35,65.78,34.84
1523,171.31,65.8,34.81
8023,171.16,65.82,34.61
5497,171.23,65.81,34.67
2664,171.29,65.86,34.75
5544,171.28,65.75,34.67
3156,171.33,65.8,34.74
9110,171.17,65.75,34.59
9169,171.22,65.7,34.59
522,171.43,65.79,34.99
573,171.37,65.7,34.97
771,171.34,65.73,34.9
580,171.43,65.8,34.93
604,171.43,65.79,34.93
1050,171.37,65.71,34.9
508,171.41,65.7,34.99
950,171.44,65.65,34.97
529,171.42,65.8,34.98
1024,171.41,65.71,34.92
1865,171.44,65.66,34.9
541,171.42,65.83,35
233,171.32,65.79,34.97
170,171.31,65.83,34.99
182,171.25,65.85,34.96
384,171.27,65.85,34.9
449,171.34,65.78,34.91
1566,171.38,65.73,34.83
2540,171.39,65.7,34.81
1402,171.36,65.75,34.83
3878,171.35,65.74,34.73
2478,171.37,65.75,34.78
3390,171.39,65.71,34.74
2554,171.37,65.74,34.78
2475,171.44,65.67,34.82
4903,171.33,65.69,34.67
4339,171.38,65.63,34.67
2751,171.44,65.68,34.75
10748,171.32,65.58,34.6
9353,171.27,65.64,34.59
14260,171.27,65.62,34.48
15112,171.32,65.58,34.49
14876,171.11,65.75,34.47
16270,171.16,65.66,34.48
19015,171.37,65.52,34.5
23993,171.42,65.46,34.51
25399,171.41,65.29,34.54
385,171.48,68.62,35.1
997,171.48,68.62,34.85
77,171.27,68.19,35.18
239,171.26,67.72,34.93
235,171.27,68.19,34.96
176,171.05,67.52,34.91
1405,171.33,69.29,34.78
1115,171.39,68.63,34.78
834,171.2,68.42,34.78
729,171.16,67.98,34.77
520,170.81,67.34,34.71
400,170.86,67.78,34.77
2,163.65,68.18,34.91
2,163.74,68.4,34.74
2,163.72,67.95,34.7
2,164.33,69.9,34.79
354,171,69.77,35.11
226,170.14,69.84,35.12
953,170.57,69.37,34.79
2,165.24,69.82,34.79
764,169.67,69.44,34.79
2,163.58,67.08,34.79
2,163.61,67.74,34.89
2,163.68,66.96,34.78
3,163.71,66.03,34.61
3,163.65,66.08,34.67
3,163.69,65.98,34.54
3,163.65,65.98,34.61
3,163.6,66.03,34.67
4,163.65,65.89,34.6
3,163.61,65.86,34.62
3,163.58,65.92,34.67
3,163.54,65.98,34.75
3,163.76,66.17,34.7
3,163.71,66.13,34.68
13606,171.06,65.81,34.47
12256,171,65.88,34.47
10164,170.95,65.88,34.52
11390,170.95,65.88,34.47
2526,171.09,68.91,34.59
2016,170.94,68.22,34.59
1638,170.67,68.02,34.59
1376,170.62,67.58,34.58
1330,170.37,67.38,34.58
2,163.91,68.6,34.58
2,163.93,68.16,34.57
3,164.17,67.91,34.58
2,164.72,69.42,34.59
2412,170.09,68.97,34.59
3,165.65,69.34,34.59
2375,169.19,69.04,34.59
2,163.95,67.71,34.73
2,163.69,67.5,34.69
2,163.67,67.17,34.67
3,163.78,67.06,34.67
3,163.77,66.84,34.66
3,163.88,66.72,34.69
3,163.92,67.71,34.57
2,163.63,67.49,34.56
2,163.62,67.15,34.55
2,163.76,67.05,34.55
2,163.76,66.83,34.55
3,163.86,66.51,34.56
3,163.87,66.72,34.56
4,164.04,66.5,34.58
3,163.23,65.62,34.46
2,163.12,65.63,34.45
3,163.29,65.67,34.45
3,163.33,65.62,34.54
3,163.4,65.66,34.46
3,163.28,65.58,34.47
4,163.77,66.08,34.63
4,163.86,66.11,34.55
3,163.76,66.1,34.55
4,163.76,66.01,34.55
3,163.69,65.93,34.54
3,163.63,65.85,34.56
3,163.62,65.91,34.51
4,163.96,66.4,34.57
3,163.62,65.85,34.51
3,163.62,65.83,34.53
3,163.61,65.91,34.47
3,163.52,65.77,34.46
3,163.53,65.88,34.44
3,163.57,65.81,34.53
4,163.5,65.66,34.47
3,163.52,66.04,34.81
3,163.55,66.09,34.75
2,163.52,66.26,34.82
2,163.52,66.15,34.82
2,163.55,66.2,34.82
3,163.61,66.14,34.75
2,163.5,66.21,34.92
2,163.48,66.09,34.84
2,163.41,66.1,34.95
3,163.66,66.19,34.75
3,163.45,65.63,34.54
3,163.4,65.66,34.59
4,163.62,65.82,34.59
3,163.58,65.81,34.59
3,163.58,65.81,34.67
3,163.46,65.78,34.77
3,163.49,65.82,34.74
3,163.46,65.75,34.76
3,163.52,65.76,34.59
4,163.56,65.72,34.55
3,163.49,65.66,34.55
3,163.46,65.71,34.59
3,163.52,65.76,34.67
3,163.48,65.73,34.67
3,163.52,65.87,34.75
3,163.51,65.93,34.81
3,163.54,65.98,34.82
2,163.51,65.99,34.92
3,163.48,65.88,34.83
2,163.41,65.93,34.95
2,163.4,65.81,34.85
3,163.51,65.82,34.8
3,163.47,65.79,34.83
2,163.4,65.85,34.89
3,163.4,65.66,34.67
3,163.45,65.7,34.67
3,163.4,65.73,34.73
2,163.33,65.73,34.81
3,163.43,65.74,34.76
3,163.47,65.75,34.82
2,163.33,65.8,34.84
2,163.39,65.8,34.85
2,163.37,65.8,34.82
2,163.28,65.72,34.84
2,163.24,65.69,34.8
2,163.35,65.71,34.74
2,163.24,65.71,34.74
3,163.34,65.61,34.67
2,163.29,65.67,34.67
2,163.29,65.67,34.59
2,163.23,65.63,34.53
3,163.34,65.61,34.59
3,163.28,65.59,34.54
2,162.75,65.83,34.46
2,162.75,65.8,34.52
2,162.69,65.78,34.46
2,169.41,71.68,43.79
29,169.89,72.08,43.15
75,170.37,72.48,42.52
87,170.87,72.88,41.9
24,171.2,71.79,41.9
45,171.17,72.39,41.9
11,170.29,71.6,43.15
31,170.77,72,42.52
8,163.56,73.45,43.18
2,163.55,72.64,43.88
7,163.36,70.9,43.28
9,163.36,72.65,43.25
13,163.56,73.98,41.9
7,163.36,73.44,41.91
10,163.56,73.44,42.53
10,163.36,72.63,42.57
14,163.56,73.97,41.27
5,163.36,73.44,41.28
13,163.36,70.91,42.58
129,170.05,73.84,41.27
162,169.57,73.44,42.52
142,170.05,73.84,41.9
135,170.45,73.36,41.27
126,169.97,72.96,42.52
131,170.45,73.36,41.9
104,169.09,73.04,43.15
9,168.61,72.63,43.78
62,169.49,72.56,43.15
4,169.01,72.16,43.78
17,163.73,73.96,41.9
20,163.73,73.96,41.27
25,163.93,74.38,41.9
39,164.76,74.3,41.9
25,163.93,74.38,41.27
25,164.76,74.3,41.27
138,169.17,73.92,41.27
192,168.69,73.51,42.52
168,169.17,73.92,41.9
162,168.76,74.4,41.9
211,168.28,73.99,42.52
196,167.88,74.47,41.9
193,167.4,74.07,42.52
168,167,74.55,41.9
126,168.76,74.4,41.27
142,167.88,74.47,41.27
107,167,74.55,41.27
110,166.52,74.15,41.9
55,165.64,74.22,41.9
61,166.52,74.15,41.27
27,165.64,74.22,41.27
98,168.21,73.11,43.15
115,167.81,73.59,43.15
76,166.93,73.67,43.15
144,166.93,73.67,42.52
10,163.88,73.51,43.15
17,163.88,73.51,42.52
26,164.28,73.9,43.15
68,166.04,73.75,43.15
54,165.16,73.82,43.15
35,164.28,73.9,42.52
91,166.04,73.75,42.52
55,165.16,73.82,42.52
4,167.73,72.71,43.78
6,167.33,73.19,43.78
12,166.45,73.27,43.78
14,165.97,72.87,43.78
21,165.57,73.34,43.78
4,164.18,73.02,43.78
11,164.69,73.42,43.78
113,170.87,72.88,41.27
93,171.2,73.29,40.65
80,171.48,72.41,40.65
82,171.17,72.39,41.27
78,171.2,73.29,40.02
76,171.48,72.42,40.02
3,163.56,73.97,40.65
5,163.36,73.44,40.65
9,163.56,73.97,40.02
13,163.36,73.44,40.02
108,170.05,73.84,40.65
84,170.05,73.84,40.02
116,170.45,73.36,40.65
84,170.45,73.36,40.02
4,163.73,73.96,40.65
9,163.73,73.96,40.02
9,163.93,74.38,40.02
15,164.76,74.3,40.02
5,163.93,74.38,40.65
15,164.76,74.3,40.65
103,168.76,74.4,40.65
108,167.88,74.47,40.65
74,167,74.55,40.65
90,168.76,74.4,40.02
90,167.88,74.47,40.02
58,167,74.55,40.02
113,169.17,73.92,40.65
90,169.17,73.92,40.02
15,165.64,74.22,40.65
36,166.52,74.15,40.65
10,165.64,74.22,40.02
24,166.52,74.15,40.02
45,171.41,71.61,41.29
35,171.46,71.26,41.31
11,171.32,71.33,41.92
2,171.58,70.72,42.64
6,171.46,70.91,41.96
30470,171.83,65.03,34.61
2017,171.95,65.15,34.81
864,172.05,65.04,34.61
2,178.39,67.79,41.9
2,178.87,68.19,41.27
2,177.03,67.46,42.52
5,177.51,67.86,41.9
6,177.99,68.26,41.27
3,179.01,69.51,41.58
5,178.47,68.67,40.65
3,172.19,65.33,34.94
3,172.07,65.23,34.94
33,172.17,65.13,34.81
605,172.27,65.02,34.62
20,172.42,65.53,34.79
146,172.53,65.43,34.67
20,172.3,65.43,34.78
99,172.41,65.37,34.68
29,172.28,65.22,34.8
3,172.42,65.53,34.94
3,172.3,65.43,34.94
714,172.63,65.33,34.54
618,172.4,65.27,34.55
614,172.39,65.09,34.6
8,173,65.82,34.94
86,173.1,65.73,34.69
43,173,65.82,34.78
7,172.88,65.72,34.94
34,172.88,65.72,34.78
376,173.1,65.68,34.63
301,172.98,65.6,34.64
28,172.64,65.52,34.79
147,172.74,65.41,34.67
30,172.76,65.62,34.79
225,172.86,65.51,34.66
6,172.76,65.62,34.94
6,172.64,65.52,34.94
97,173.32,65.72,34.7
58,173.22,65.8,34.79
14,173.22,65.8,34.94
229,173.45,65.84,34.66
1326,173.55,65.87,34.55
483,173.32,65.67,34.64
630,173.44,65.7,34.63
2,177.91,67.38,35.12
4,177.03,67.46,35.12
31,176.55,67.08,34.79
13,177.43,67,34.79
246,176.07,66.76,34.58
97,176.96,66.69,34.58
5,176.63,67.94,41.9
2,176.37,67.52,41.43
2,176.37,67.52,41.11
9,177.11,68.34,41.27
2,172.15,69.25,41.92
4,172.14,70.11,41.29
4,172.46,70.09,40.65
4,173.26,70.01,40.02
5,172.76,69.61,40.65
4,172.43,69.2,41.27
4,175.75,68.02,41.9
3,176.17,67.76,41.43
3,176.17,67.76,41.11
9,176.23,68.42,41.27
12,176.3,69.3,40.65
12,177.22,69.66,41.58
9,177.59,68.74,40.65
7,178.06,69.15,40.65
5,175.5,70.26,39.4
6,176.42,70.62,40.33
5,178.06,69.15,40.02
3,178.18,70.47,40.33
10,176.7,68.82,40.65
4,175.35,68.5,41.27
8,175.82,68.9,40.65
9,176.3,69.3,40.02
4,174.94,68.97,40.65
8,175.42,69.38,40.02
7,175.9,69.78,39.4
6,175.02,69.86,39.4
6,174.54,69.45,40.02
3,174.06,69.05,40.65
2,174.66,70.77,39.08
3,174.14,69.93,39.4
5,173.66,69.53,40.02
3,173.18,69.13,40.65
2,175.5,70.26,38.77
1434,174.02,66.1,34.57
115,173.81,66.23,34.77
2,173.41,66.67,35.18
8,176.15,67.54,35.12
68,175.67,67.16,34.79
609,175.19,66.83,34.59
4,172.31,70.98,38.14
10,172.31,70.98,37.51
13,172.22,70.56,36.87
13,172.14,70.1,36.23
18,172.07,70.72,37.71
8,171.99,70.71,38.17
32,171.95,70.22,36.83
942,174.31,66.87,34.59
90,173.85,66.65,34.79
15,173.61,66.43,34.96
95,174.05,66.42,34.79
10,175.27,67.62,35.12
100,174.79,67.23,34.79
9,173.45,67.11,34.96
12,173.65,66.87,34.96
77,173.91,67.3,34.79
2,173.45,67.11,35.18
3,173.65,66.87,35.18
7,174.39,67.69,35.12
2,173.14,66.14,35.1
2,173.02,66.04,35.1
3,173.24,66.02,35.1
2,173.12,65.92,35.1
3,173.51,67.77,35.12
5,172.15,67.31,35.79
3,172.15,67.63,35.79
2,172.16,69.22,36.25
2,172.16,68.55,36.11
2,172.16,68.13,36.11
2,172.16,67.85,36.11
8,172.19,67.1,35.79
4,172.3,67.04,35.53
9,172.36,66.92,35.24
2,172.38,66.74,35.24
27,171.95,67.16,36.09
20,171.96,67.57,36.1
4,171.96,69.25,36.87
7,171.96,68.54,36.41
6,171.96,68.11,36.42
6,171.96,67.81,36.42
29,172,66.91,36.09
24,172.13,66.9,35.77
18,172.23,66.82,35.45
4,172.24,66.41,35.55
3,172.25,66.29,35.57
5,172.24,66.48,35.58
9,172.24,66.62,35.48
4,171.6,65.59,35.21
2,171.71,65.66,35.29
6,171.62,65.65,35.28
9,171.77,65.77,35.39
16,171.67,65.78,35.31
56,170.62,70.24,35.65
81,171.02,70.69,36.27
126,171.14,70.37,35.65
99,171.58,71.45,39.46
78,171.49,71.84,39.43
79,171.46,71.26,38.12
140,171.06,71.48,36.9
94,171.58,71.45,38.82
49,171.41,71.61,38.14
61,171.49,71.82,38.8
37,171.32,71.94,38.15
2,171.02,70.7,42.52
2,170.22,70.72,43.15
8,170.71,71.12,42.51
71,171.46,71.26,40.67
21,171.06,71.48,41.89
76,171.41,71.61,40.66
59,171.2,71.79,41.27
87,171.32,71.94,40.65
94,171.46,71.26,40.03
88,171.41,71.61,40.03
85,171.32,71.94,40.02
4,164.13,72.14,36.27
7,163.36,71.74,37.51
5,163.56,71.74,36.88
29,163.56,73.97,39.4
29,163.36,73.44,39.4
28,163.56,73.97,38.77
19,163.36,73.44,38.77
18,163.56,73.43,38.14
12,163.36,72.62,38.14
11,163.56,72.62,37.52
12,163.84,72.61,36.9
52,171.2,73.29,39.4
57,171.48,72.42,39.4
31,171.2,73.3,38.77
38,171.48,72.42,38.77
61,170.05,73.84,39.4
41,170.05,73.84,38.77
53,170.45,73.36,39.4
31,170.45,73.36,38.77
28,163.73,73.96,39.4
19,163.88,73.51,38.15
27,163.73,73.96,38.77
24,163.93,74.38,39.4
13,164.76,74.3,39.4
16,164.28,73.9,38.15
26,163.93,74.38,38.77
6,165.16,73.82,38.15
9,164.76,74.3,38.77
69,169.17,73.92,39.4
50,169.17,73.92,38.77
80,168.76,74.4,39.4
77,167.88,74.47,39.4
46,167,74.55,39.4
69,168.76,74.4,38.77
65,167.88,74.47,38.77
36,167,74.55,38.77
17,166.52,74.15,39.4
7,165.64,74.22,39.4
12,166.52,74.15,38.77
6,165.64,74.22,38.77
8,166.54,69.27,34.59
1702,168.3,69.11,34.59
25,170.87,72.88,38.15
31,171.16,72.39,38.15
35,170.87,72.88,37.52
81,171.19,71.79,37.52
53,171.16,72.39,37.52
35,170.37,72.48,36.9
77,170.77,72,36.9
40,170.37,72.48,36.27
79,170.77,72,36.27
54,170.73,71.12,36.27
52,169.89,72.08,35.65
85,170.29,71.6,35.65
49,170.22,70.72,35.65
215,170.3,71.6,35.11
95,169.89,72.08,35.12
244,170.22,70.72,35.11
250,169.39,71.24,34.79
395,168.43,70.44,34.59
179,169.74,70.32,35.12
561,169.27,69.92,34.79
540,168.78,69.51,34.79
31,169.74,70.32,35.65
12,164.69,73.42,37.52
14,164.18,73.02,37.52
5,165.09,72.94,36.9
7,164.61,72.54,36.9
5,164.61,72.54,36.27
3,165.09,72.94,36.27
2,165.84,71.55,34.79
8,166.65,70.59,34.59
2,165.73,70.22,34.79
3,166.14,69.75,34.79
3,165.57,73.34,37.52
5,166.04,73.75,38.15
4,166.04,73.75,37.52
10,166.93,73.67,38.15
9,166.93,73.67,37.52
30,168.28,73.99,38.15
19,167.4,74.07,38.15
21,168.28,73.99,37.52
15,167.4,74.07,37.52
17,168.69,73.51,38.15
17,169.57,73.44,38.15
13,168.69,73.51,37.52
12,169.57,73.44,37.52
14,169.97,72.96,38.15
14,169.97,72.96,37.52
2,165.97,72.87,36.9
5,166.45,73.27,36.9
2,165.97,72.87,36.27
4,166.45,73.27,36.27
7,167.77,73.15,36.58
9,169.09,73.04,36.27
14,169.49,72.56,36.27
8,169.09,73.04,36.9
10,169.49,72.56,36.9
19,167.61,71.39,34.79
5,166.81,72.35,35.43
18,168.57,72.19,35.43
64,171.26,67.73,35.18
108,171.37,67.48,35.15
106,171.32,71.33,37.51
211,171.32,70.84,36.87
717,171.48,69.28,35.03
244,171.41,70.56,36.23
433,171.49,70.13,35.58
80,171.47,68.18,35.47
73,171.48,67.77,35.48
81,171.49,67.46,35.47
63,171.27,66.93,35.24
63,171.26,66.82,35.27
133,171.39,67.05,35.17
203,171.46,70.9,37.48
350,171.58,70.72,36.82
434,171.68,70.26,36.17
461,171.67,69.33,35.54
168,171.67,68.63,35.75
167,171.67,68.17,35.77
173,171.67,67.72,35.78
219,171.68,67.38,35.77
274,171.4,66.83,35.37
219,171.4,66.73,35.4
375,171.55,66.9,35.43
2,162.74,65.71,34.43
2,162.7,65.89,34.42
2,162.69,65.78,34.42
2,162.59,65.9,34.42
2,163.01,65.64,34.45
2,162.9,65.64,34.45
2,163.06,65.58,34.46
6826,171.81,65.06,34.83
24,171.53,65.78,35.29
16,171.51,65.65,35.28
20,171.6,65.77,35.37
10,171.56,65.64,35.3
25,171.5,65.77,35.31
8,171.54,65.56,35.21
23,171.46,65.66,35.23
17,171.49,65.59,35.21
3,171.59,65.5,35.06
11,171.54,65.56,35.14
29,171.49,65.6,35.13
112,171.49,65.61,35.06
35,171.54,65.56,35.06
16,171.53,65.45,34.98
57,171.53,65.45,34.9
593,171.43,65.57,34.98
191,171.48,65.51,34.98
1628,171.43,65.57,34.9
516,171.48,65.51,34.9
2962,171.48,65.51,34.75
3266,171.43,65.57,34.75
2447,171.43,65.57,34.82
1154,171.48,65.51,34.82
12786,171.37,65.52,34.61
10300,171.42,65.46,34.67
9322,171.37,65.51,34.67
1076,171.52,65.34,34.82
230,171.47,65.4,34.82
1248,171.52,65.34,34.75
1307,171.47,65.4,34.75
2458,171.41,65.31,34.69
59,171.85,65.25,34.94
37959,171.72,65.16,34.81
49567,171.61,65.05,34.6
9,171.74,65.32,34.98
567,171.74,65.32,34.9
2,171.69,65.38,34.98
391,171.69,65.38,34.9
23230,171.68,65.27,34.82
13,171.58,65.39,34.98
18143,171.63,65.33,34.82
123,171.58,65.39,34.9
33060,171.62,65.22,34.75
15714,171.62,65.22,34.82
9281,171.57,65.28,34.82
5471,171.5,65.24,34.7
9805,171.57,65.28,34.75
42415,171.51,65.15,34.57
41229,171.71,64.97,34.62
7,178.42,65.86,34.57
3,178.25,66.24,34.95
14,178.01,66.1,34.74
7,178.22,65.87,34.72
2,177.85,66.72,35.18
2,178.05,66.48,35.18
5,177.85,66.72,34.96
14,177.61,66.56,34.78
15,177.81,66.33,34.77
4,178.05,66.48,34.96
15,173.37,66.22,34.94
17,173.34,65.9,34.94
59,173.34,65.89,34.81
168,173.58,66.04,34.72
68,177.36,66.25,34.58
49,177.77,66.02,34.57
39,177.97,65.88,34.57
10,178.33,65.81,34.53
1234,173.21,65.61,34.49
1049,173.08,65.48,34.51
877,172.87,65.5,34.51
819,172.85,65.32,34.55
1086,174.25,66.28,34.58
1461,173.78,65.94,34.56
987,173.55,65.76,34.59
1465,173.55,65.86,34.5
1295,173.44,65.79,34.48
1276,173.32,65.73,34.48
37,171.15,66.76,35.23
47,171.22,66.73,35.38
62,171.24,66.63,35.28
150,171.39,66.59,35.41
60,170.96,66.55,34.94
323,170.66,66.47,34.75
755,170.84,66.45,34.7
1427,170.59,66.49,34.58
2260,170.72,66.37,34.57
2244,170.65,66.28,34.58
50,171.39,66.42,35.57
82,171.39,66.41,35.42
42,171.22,66.52,35.38
37,171.13,66.53,35.24
61,171.24,66.42,35.28
71,171.39,66.32,35.39
137,171.4,66.22,35.28
63,171.24,66.31,35.25
34,171.07,66.43,35.1
51,171.15,66.31,35.09
335,170.99,66.22,34.82
449,171.04,66.16,34.82
906,170.99,66.21,34.75
2083,170.99,66.09,34.69
1258,171.04,66.16,34.75
72,170.94,66.33,34.94
102,171.04,66.21,34.94
2654,170.91,66.13,34.65
5167,170.8,66.08,34.55
347,170.95,66.33,34.81
1157,170.82,66.24,34.7
3202,170.7,66.19,34.57
254,171.68,67.07,35.76
122,171.26,70.11,36.27
103,171.49,67.22,35.46
237,171.41,66.88,35.45
29,171.05,67.54,35.18
64,171.24,67.3,35.17
45,171.18,66.98,35.1
34,171.1,66.87,35.1
33,171.08,66.65,35.1
2,163.58,67.08,34.94
2,163.58,67.31,34.87
2,163.68,66.97,34.94
3,164.04,66.49,34.74
3,163.79,66.42,34.66
3,163.62,66.36,34.75
3,163.67,66.3,34.75
3,163.64,66.53,34.78
2,163.51,66.53,34.97
3,163.62,66.36,34.82
3,163.67,66.3,34.82
2,163.57,66.31,34.82
3,163.61,66.25,34.82
2,163.57,66.42,34.92
2,163.54,66.42,35.07
2,163.51,66.3,34.97
2,163.42,66.31,35.1
3,163.86,66.51,34.68
3,163.75,66.63,34.79
2,163.53,66.97,35.08
2,163.66,66.75,34.78
2,163.6,66.88,34.93
2,163.59,66.64,34.92
2,163.54,66.9,35.11
2,163.54,66.84,35.06
2,163.55,66.62,35.07
2,163.52,66.73,34.96
3,163.96,66.39,34.71
4,163.94,66.2,34.56
4,163.82,66.13,34.64
3,163.84,66.29,34.67
3,163.7,66.4,34.69
3,163.72,66.24,34.69
3,163.72,66.24,34.75
100,171.47,68.62,35.46
39,171.27,68.19,35.49
58,170.98,69.76,35.65
33,170.14,69.84,35.65
33,171.39,66.12,35.4
300,170.57,67.14,34.73
1244,170.33,66.95,34.58
234,171.01,67.1,34.86
54,170.98,66.77,34.94
312,170.98,66.77,34.77
33,170.86,66.67,34.94
199,170.87,66.67,34.79
164,170.85,66.46,34.82
564,170.76,66.9,34.68
461,170.74,66.57,34.71
1251,170.53,66.71,34.58
45,171.23,66.1,35.26
61,171.4,65.96,35.26
45,171.24,65.99,35.23
103,171.27,66.1,35.12
87,171.21,66.02,35.04
76,171.19,66.19,35.06
76,171.26,65.94,35.15
46,171.17,65.98,35.13
72,171.26,65.89,35.14
69,171.18,65.98,35.06
109,171.28,65.9,35.07
84,171.21,65.92,35.04
720,171.14,66.04,34.82
559,171.09,66.1,34.82
1599,171.09,66.1,34.75
1948,171.14,66.04,34.75
3098,171.03,65.99,34.68
3651,170.9,65.92,34.63
6609,170.78,65.92,34.55
148,171.14,66.09,34.94
97,171.13,65.93,34.98
111,171.18,65.87,34.98
266,171.13,65.93,34.9
301,171.18,65.87,34.9
6613,171.06,65.82,34.62
907,171.13,65.93,34.82
2307,171.13,65.93,34.75
1014,171.18,65.87,34.82
3877,171.07,65.88,34.68
5555,171.01,65.86,34.62
2661,171.18,65.87,34.75
4709,171.12,65.82,34.68
5883,171,65.8,34.62
4946,170.95,65.82,34.62
8772,170.89,65.88,34.54
6723,171,65.8,34.6
9569,171,65.8,34.55
8796,171.06,65.74,34.59
5791,170.95,65.8,34.6
8532,170.95,65.8,34.55
38,171.46,65.78,35.22
27,171.42,65.66,35.2
27,171.47,65.78,35.29
32,171.4,65.87,35.29
62,171.4,65.88,35.22
54,171.41,65.84,35.21
326,171.44,65.64,35.04
369,171.45,65.79,35.07
199,171.41,65.69,35.06
65,171.42,65.67,35.14
153,171.45,65.78,35.14
365,171.43,65.79,35.06
395,171.42,65.8,35.06
198,171.41,65.88,35.15
74,171.27,65.83,35.12
195,171.41,65.83,35.13
111,171.29,65.83,35.06
422,171.42,65.84,35.06
5799,171.06,65.74,34.65
6927,171.17,65.74,34.65
1162,171.23,65.81,34.83
1716,171.28,65.75,34.82
5450,171.17,65.76,34.68
3000,171.23,65.81,34.75
6789,171.22,65.7,34.67
3745,171.28,65.75,34.75
9784,171.11,65.71,34.59
11538,171.16,65.65,34.6
384,171.34,65.69,34.99
875,171.33,65.64,34.96
1361,171.29,65.69,34.89
666,171.34,65.72,34.93
1776,171.33,65.66,34.9
832,171.34,65.7,34.93
886,171.38,65.62,34.98
289,171.32,65.71,34.98
2119,171.38,65.63,34.9
180,171.31,65.75,35
220,171.25,65.75,34.96
138,171.22,65.81,34.98
378,171.23,65.81,34.9
641,171.27,65.74,34.9
2588,171.3,65.7,34.82
2882,171.34,65.67,34.82
4116,171.31,65.7,34.75
4063,171.34,65.67,34.75
3045,171.38,65.63,34.82
7140,171.27,65.64,34.67
7910,171.32,65.58,34.67
3729,171.38,65.63,34.75
14682,171.26,65.53,34.6
13269,171.21,65.59,34.6
17642,171.21,65.59,34.48
19519,171.26,65.53,34.49
15599,171.05,65.67,34.48
17323,171.1,65.6,34.49
19135,171.29,65.23,34.56
22294,171.3,65.41,34.52
266,171.23,69.28,35.12
99,171.28,68.63,35.18
246,171.28,68.63,34.96
41,171.1,67.98,35.18
54,171.13,68.42,35.18
144,171.13,68.42,34.96
122,171.1,67.98,34.96
20,170.85,67.78,35.18
98,170.82,67.33,34.9
67,170.85,67.77,34.95
931,170.99,68.89,34.78
531,170.91,68.22,34.78
397,170.66,68.02,34.79
299,170.61,67.58,34.77
256,170.37,67.38,34.78
2,163.71,68.62,34.95
2,163.76,67.95,34.9
2,163.81,68.39,34.93
2,163.76,68.84,34.78
2,163.99,68.6,34.77
2,163.98,68.16,34.73
2,164.19,67.91,34.76
2,164.76,69.42,34.79
209,170.54,69.36,35.12
204,169.66,69.44,35.12
872,170.07,68.96,34.79
2,165.65,69.34,34.79
735,169.18,69.04,34.79
2,163.7,67.18,34.8
2,163.69,67.19,34.94
2,163.73,67.51,34.9
3,163.77,66.85,34.79
3,163.79,67.06,34.8
2,163.8,67.07,34.94
3,163.86,66.73,34.81
2,163.95,67.72,34.92
4,163.76,65.98,34.62
3,163.7,66.02,34.67
3,163.66,66.08,34.75
4,163.75,65.95,34.54
4,163.69,65.93,34.61
3,163.64,65.97,34.67
3,163.6,66.03,34.75
4,163.69,65.86,34.61
3,163.63,65.86,34.67
3,163.59,65.92,34.75
3,163.77,66.18,34.75
4,163.81,66.11,34.7
3,163.72,66.13,34.75
4,163.86,66.08,34.65
4,163.89,66.11,34.55
3,163.76,66.07,34.68
10239,170.88,65.88,34.49
12002,170.95,65.82,34.47
13587,171,65.77,34.47
2191,170.5,68.49,34.59
1624,170.42,67.82,34.59
1893,170.17,67.62,34.59
1627,170.13,67.19,34.59
2,164.19,69.02,34.59
3,164.19,68.36,34.58
3,164.41,68.12,34.59
3,164.39,67.68,34.59
3,165.16,68.94,34.59
2601,169.59,68.56,34.59
5,166.06,68.87,34.59
122,166.94,68.79,34.59
1564,167.82,68.71,34.59
2609,168.7,68.64,34.59
3,164.16,67.48,34.77
3,163.92,67.28,34.71
3,163.89,66.94,34.69
3,164,66.83,34.73
3,163.98,66.61,34.73
3,164.14,67.47,34.58
3,163.89,67.27,34.57
3,163.88,66.94,34.56
3,163.99,66.82,34.57
4,163.98,66.61,34.57
4,164.12,66.5,34.58
3,163.17,65.57,34.47
3,163.34,65.61,34.47
4,163.45,65.62,34.47
3,163.28,65.54,34.48
4,163.82,66.03,34.63
4,163.81,65.98,34.54
4,163.82,66.06,34.55
4,163.71,65.85,34.6
4,163.79,65.92,34.54
3,163.71,65.92,34.53
4,163.86,65.94,34.54
4,163.7,65.85,34.55
3,163.7,65.92,34.49
4,164.06,66.3,34.57
5,164.04,66.12,34.56
4,163.68,65.85,34.51
4,163.68,65.92,34.44
3,163.62,65.89,34.45
4,163.67,65.8,34.54
4,163.56,65.72,34.47
3,163.58,65.84,34.46
4,163.62,65.76,34.54
4,163.57,65.68,34.48
4,163.53,65.64,34.48
2,163.56,66.21,34.9
3,163.61,66.14,34.82
3,163.55,66.09,34.82
3,163.66,66.08,34.82
3,163.59,66.03,34.83
2,163.51,66.09,34.96
2,163.42,66.12,35.09
3,163.72,66.24,34.82
3,163.66,66.19,34.82
3,163.77,66.18,34.82
3,163.72,66.13,34.82
2,163.42,66.2,35.13
3,163.39,65.55,34.6
3,163.44,65.6,34.59
2,163.42,65.96,35.08
3,163.58,65.81,34.75
4,163.68,65.78,34.65
4,163.68,65.79,34.59
4,163.63,65.75,34.59
4,163.63,65.75,34.67
3,163.52,65.76,34.75
3,163.49,65.72,34.74
4,163.57,65.7,34.59
4,163.51,65.65,34.59
4,163.57,65.7,34.67
4,163.51,65.65,34.67
3,163.54,65.87,34.82
3,163.59,65.92,34.82
3,163.57,65.98,34.9
3,163.58,65.81,34.82
2,163.41,65.87,35
2,163.51,65.89,34.95
2,163.41,65.82,34.96
3,163.47,65.73,34.85
3,163.53,65.76,34.82
3,163.49,65.79,34.89
2,163.28,65.79,34.92
3,163.39,65.55,34.67
3,163.34,65.69,34.8
4,163.45,65.6,34.67
3,163.4,65.66,34.75
3,163.45,65.7,34.74
3,163.5,65.71,34.81
3,163.37,65.72,34.84
3,163.46,65.72,34.85
3,163.43,65.73,34.82
2,163.32,65.79,34.9
2,163.38,65.79,34.95
2,163.27,65.7,34.9
2,163.24,65.79,34.97
2,163.28,65.79,34.98
3,163.34,65.61,34.75
2,163.29,65.66,34.82
2,163.29,65.67,34.75
3,163.28,65.56,34.67
2,163.23,65.62,34.67
2,163.23,65.62,34.59
2,163.16,65.58,34.54
3,163.28,65.56,34.59
3,163.33,65.5,34.67
4,163.32,65.42,34.63
3,163.33,65.51,34.6
17,169.41,71.68,43.15
75,169.89,72.08,42.52
114,170.37,72.48,41.9
6,169.81,71.2,43.15
31,170.29,71.6,42.52
55,170.77,72,41.9
3,163.36,70.37,43.3
2,163.79,70.88,43.78
3,163.84,72.61,43.78
3,163.55,71.74,43.88
8,163.56,70.91,43.2
9,163.56,72.63,43.19
12,163.36,71.74,42.93
11,163.56,73.43,41.9
9,163.36,72.63,41.92
11,163.56,72.63,42.54
9,163.56,73.43,41.27
10,163.36,72.62,41.28
10,163.36,70.38,42.59
18,163.36,70.91,41.93
13,163.56,70.91,42.54
145,169.57,73.44,41.27
166,169.09,73.04,42.52
167,169.57,73.44,41.9
145,169.97,72.96,41.27
126,169.49,72.56,42.52
152,169.97,72.96,41.9
71,168.61,72.63,43.15
2,168.13,72.23,43.78
40,169.01,72.16,43.15
19,163.88,73.51,41.9
18,163.88,73.51,41.27
29,164.28,73.9,41.9
33,165.16,73.82,41.9
23,164.28,73.9,41.27
19,165.16,73.82,41.27
135,168.69,73.51,41.27
163,168.21,73.11,42.52
179,168.69,73.51,41.9
186,168.28,73.99,41.9
182,167.81,73.59,42.52
164,167.4,74.07,41.9
138,168.28,73.99,41.27
103,167.4,74.07,41.27
121,166.93,73.67,41.9
65,166.04,73.75,41.9
70,166.93,73.67,41.27
34,166.04,73.75,41.27
120,167.73,72.71,42.52
138,167.33,73.19,42.52
52,167.73,72.71,43.15
58,166.45,73.27,43.15
66,167.33,73.19,43.15
98,166.45,73.27,42.52
46,165.97,72.87,43.15
63,165.97,72.87,42.52
14,164.18,73.02,43.15
18,164.18,73.02,42.52
33,164.69,73.42,43.15
52,165.57,73.34,43.15
35,164.69,73.42,42.52
56,165.57,73.34,42.52
4,166.81,72.35,43.78
10,165.05,72.5,43.78
17,163.36,70.91,41.28
5,163.36,69.97,42.58
3,163.56,69.98,43.2
131,170.37,72.48,41.27
112,170.87,72.88,40.65
100,171.17,72.39,40.65
93,170.77,72,41.27
85,170.87,72.88,40.02
87,171.16,72.39,40.02
4,163.56,73.43,40.65
14,163.36,72.62,40.65
11,163.56,73.43,40.02
23,163.36,72.62,40.02
5,163.36,70.91,40.02
112,169.57,73.44,40.65
78,169.57,73.44,40.02
110,169.97,72.96,40.65
67,169.97,72.96,40.02
5,163.88,73.51,40.65
13,163.88,73.51,40.02
13,164.28,73.9,40.02
10,165.16,73.82,40.02
8,164.28,73.9,40.65
13,165.16,73.82,40.65
100,168.28,73.99,40.65
66,167.4,74.07,40.65
77,168.28,73.99,40.02
45,167.4,74.07,40.02
92,168.69,73.51,40.65
61,168.69,73.51,40.02
19,166.04,73.75,40.65
40,166.93,73.67,40.65
12,166.04,73.75,40.02
25,166.93,73.67,40.02
12,163.36,70.91,40.65
39,171.32,71.33,41.29
31,171.46,70.91,41.31
7,171.32,70.84,41.92
4,171.58,70.72,41.98
6341,171.93,64.91,34.65
163,171.95,65.13,34.94
22,172.05,65.06,34.83
294,172.04,64.97,34.63
2,178.39,67.79,41.27
2,178.87,68.19,40.65
2,177.03,67.46,41.9
4,177.51,67.86,41.27
5,177.99,68.26,40.65
2,179.01,69.51,40.33
4,178.47,68.67,40.02
5,172.29,65.21,34.94
36,172.27,65.05,34.84
7,172.17,65.11,34.94
596,172.26,64.96,34.63
93,172.63,65.35,34.69
27,172.52,65.41,34.78
29,172.4,65.32,34.78
30,172.39,65.11,34.82
5,172.53,65.42,34.94
5,172.41,65.31,34.94
689,172.62,65.26,34.56
644,172.51,65.19,34.57
636,172.49,65.01,34.62
2,173,65.82,35.1
2,172.88,65.72,35.1
12,173.1,65.7,34.94
48,173.1,65.7,34.78
11,172.98,65.6,34.94
44,172.98,65.6,34.79
384,173.2,65.58,34.65
277,173.09,65.49,34.66
39,172.75,65.4,34.79
88,172.85,65.33,34.7
41,172.86,65.5,34.79
137,172.95,65.4,34.68
9,172.86,65.5,34.94
8,172.75,65.4,34.94
4,173.22,65.8,35.1
18,173.44,65.78,34.94
17,173.32,65.68,34.94
364,173.55,65.78,34.65
65,173.44,65.77,34.79
59,173.32,65.68,34.79
756,173.52,65.57,34.65
4,173.34,65.9,35.1
1397,174.22,65.93,34.57
359,175.59,66.4,34.58
6,176.55,67.06,35.12
3,177.43,66.98,35.12
49,176.07,66.7,34.77
24,176.95,66.62,34.77
156,176.48,66.33,34.58
2,176.37,67.52,40.8
5,176.63,67.94,41.27
8,177.11,68.34,40.65
7,177.59,68.74,40.02
2,178.06,69.15,38.15
2,172.76,69.61,40.02
2,172.43,69.2,40.65
3,175.75,68.02,41.27
3,176.17,67.76,40.8
8,176.23,68.42,40.65
2,176.42,70.62,39.08
8,177.22,69.66,40.33
4,178.06,69.15,39.4
8,176.7,68.82,40.02
4,175.35,68.5,40.65
7,175.82,68.9,40.02
7,176.3,69.3,39.4
4,174.94,68.97,40.02
6,175.42,69.38,39.4
4,175.9,69.78,38.77
3,175.02,69.86,38.77
4,174.54,69.45,39.4
3,174.06,69.05,40.02
2,173.66,69.53,39.4
2,173.18,69.13,40.02
3,176.3,69.3,38.15
199,174.02,66.01,34.73
24,173.81,66.18,34.94
3,173.61,66.43,35.18
919,174.71,66.46,34.58
112,174.25,66.2,34.77
10,175.67,67.14,35.12
92,175.19,66.77,34.78
6,172.23,70.56,37.74
4,172.17,70.53,38.19
7,172.14,70.1,36.87
11,171.95,70.22,37.8
18,173.85,66.63,34.96
22,174.05,66.39,34.96
104,174.31,66.83,34.79
4,173.85,66.63,35.18
9,174.79,67.21,35.12
2,173.37,66.23,35.18
5,173.91,67.29,35.12
4,172.15,67.3,36.1
2,172.15,67.63,36.11
5,172.19,67.1,36.1
3,172.29,67.05,35.79
9,171.96,67.16,36.41
6,171.96,67.56,36.41
3,171.96,68.34,36.88
2,171.96,67.8,36.73
9,172,66.91,36.4
18,172.13,66.9,36.09
11,172.23,66.83,35.78
3,172.25,66.4,35.72
2,172.25,66.29,35.72
4,172.25,66.48,35.79
6,172.24,66.64,35.79
3,171.6,65.57,35.27
2,171.65,65.65,35.31
14,171.67,65.77,35.43
28,170.62,70.24,36.27
116,171.46,70.9,38.12
106,171.02,70.69,36.9
83,171.14,70.37,36.27
138,171.5,70.73,38.18
98,171.46,71.25,39.43
82,171.41,71.61,39.46
66,171.32,71.94,39.42
70,170.73,71.12,36.9
95,171.46,71.26,38.79
68,171.32,71.33,38.14
107,171.06,71.48,37.52
67,171.41,71.61,38.83
44,171.19,71.79,38.15
46,171.32,71.93,38.79
3,171.14,70.37,41.9
69,171.46,70.91,40.67
6,171.02,70.69,41.9
95,171.46,70.91,40.03
85,171.58,70.72,40.04
6,170.22,70.72,42.52
19,170.73,71.12,41.9
72,171.32,71.33,40.65
53,171.06,71.48,41.27
88,171.2,71.79,40.64
87,171.32,71.33,40.02
87,171.2,71.79,40.02
6,164.13,72.14,36.9
8,163.36,71.74,38.14
6,163.56,71.74,37.52
3,163.82,71.73,36.9
29,163.56,73.43,39.4
24,163.36,72.62,39.4
23,163.56,73.43,38.77
17,163.36,72.62,38.77
14,163.56,72.62,38.14
12,163.84,72.61,37.52
53,170.87,72.88,39.4
58,171.16,72.39,39.4
31,170.87,72.88,38.77
36,171.16,72.39,38.77
49,169.57,73.44,39.4
29,169.57,73.44,38.77
35,169.97,72.96,39.4
19,169.97,72.96,38.77
27,163.88,73.51,39.4
15,164.18,73.02,38.15
22,163.88,73.51,38.77
22,164.28,73.9,39.4
7,165.16,73.82,39.4
11,164.69,73.42,38.15
17,164.28,73.9,38.77
3,165.57,73.34,38.15
5,165.16,73.82,38.77
39,168.69,73.51,39.4
25,168.69,73.51,38.77
57,168.28,73.99,39.4
34,167.4,74.07,39.4
41,168.28,73.99,38.77
24,167.4,74.07,38.77
17,166.93,73.67,39.4
8,166.04,73.75,39.4
13,166.93,73.67,38.77
6,166.04,73.75,38.77
209,167.46,69.63,34.59
13,166.54,69.27,34.79
526,168.3,69.11,34.79
27,170.37,72.48,38.15
45,170.77,72,38.15
35,170.37,72.48,37.52
70,170.77,72,37.52
16,169.89,72.08,36.9
33,170.29,71.6,36.9
23,169.89,72.08,36.27
33,170.29,71.6,36.27
15,170.22,70.72,36.27
64,169.38,71.24,35.43
190,168.42,70.43,34.79
160,169.26,69.92,35.12
139,168.78,69.51,35.12
8,169.74,70.32,36.27
23,169.26,69.92,35.65
5,165.09,72.94,37.52
8,164.61,72.54,37.52
2,165.85,71.54,35.43
9,166.65,70.59,34.79
2,166.14,69.74,35.12
3,165.97,72.87,38.15
2,165.97,72.87,37.52
6,166.45,73.27,38.15
5,166.45,73.27,37.52
10,167.77,73.15,37.83
10,169.09,73.04,38.15
8,169.09,73.04,37.52
10,169.49,72.56,38.15
9,169.49,72.56,37.52
4,166.81,72.35,36.58
13,167.61,71.39,35.43
8,168.57,72.19,36.58
150,171.64,70.71,38.22
24,171.1,66.87,35.25
28,171.17,66.99,35.25
37,171.25,67.73,35.49
48,171.33,67.51,35.48
163,171.32,70.84,37.51
115,171.26,70.11,36.89
183,171.41,70.56,36.87
217,171.49,70.13,36.23
183,171.48,69.3,35.61
65,171.47,68.62,35.78
68,171.47,68.17,35.79
69,171.48,67.76,35.79
77,171.48,67.46,35.79
49,171.25,66.94,35.39
47,171.23,66.81,35.41
85,171.39,67.07,35.47
184,171.58,70.72,37.64
251,171.68,70.26,36.83
209,171.67,69.33,36.23
136,171.67,68.62,36.09
140,171.67,68.16,36.09
130,171.67,67.72,36.1
139,171.67,67.39,36.09
173,171.4,66.83,35.55
138,171.39,66.73,35.55
239,171.55,66.9,35.77
2,162.68,65.68,34.44
2,162.64,65.84,34.42
2,162.63,65.72,34.43
3,163.11,65.54,34.47
2,162.95,65.58,34.46
2,162.84,65.6,34.46
2,163,65.54,34.47
2,162.73,65.61,34.46
298,171.83,65.03,34.94
8272,171.71,64.99,34.85
21,171.53,65.77,35.42
18,171.46,65.64,35.29
12,171.49,65.57,35.27
7,171.56,65.62,35.37
5,171.54,65.54,35.29
20,171.42,65.64,35.31
8,171.48,65.51,35.22
17,171.43,65.56,35.21
4,171.53,65.45,35.06
12,171.48,65.51,35.14
28,171.43,65.56,35.14
91,171.43,65.57,35.06
34,171.48,65.51,35.06
13,171.52,65.34,34.98
87,171.52,65.34,34.9
15,171.47,65.4,34.98
58,171.47,65.4,34.9
600,171.37,65.52,34.98
189,171.42,65.46,34.98
1755,171.37,65.52,34.9
568,171.42,65.46,34.9
4363,171.42,65.46,34.75
5590,171.37,65.52,34.75
3142,171.37,65.52,34.82
1350,171.42,65.46,34.82
11181,171.3,65.42,34.66
709,171.41,65.29,34.79
1116,171.29,65.25,34.71
19552,171.28,65.16,34.57
170,171.73,65.15,34.94
25265,171.6,65.07,34.82
42320,171.49,64.98,34.61
201,171.63,65.27,34.94
6112,171.51,65.18,34.8
32278,171.39,65.07,34.6
696,172.03,64.8,34.65
19701,171.81,64.81,34.66
38397,171.7,64.89,34.64
4,178.33,65.67,34.67
2,178.42,65.73,34.71
6,178.01,66.04,34.93
22,177.77,65.91,34.72
3,178.21,65.8,34.91
15,177.97,65.75,34.71
3,177.61,66.52,35.18
3,177.81,66.28,35.18
24,177.36,66.16,34.75
7,177.61,66.52,34.96
7,177.81,66.28,34.95
2,178.01,66.04,35.18
2,178.22,65.8,35.18
32,173.57,65.98,34.91
298,173.78,65.85,34.68
98,176.89,65.98,34.57
59,177.56,65.89,34.57
3,178.43,65.67,34.63
7,178.43,65.81,34.49
17,177.96,65.66,34.66
39,177.96,65.81,34.52
1307,173.3,65.42,34.52
782,172.84,65.24,34.57
892,172.96,65.38,34.54
1068,174.45,66.08,34.58
766,173.76,65.64,34.67
978,173.77,65.75,34.6
1465,173.99,65.86,34.56
1551,173.77,65.85,34.5
1571,173.54,65.58,34.51
1402,174.2,65.84,34.51
30,171.12,66.76,35.37
26,171.08,66.65,35.25
85,171.39,66.59,35.56
41,171.21,66.63,35.42
38,171.38,66.42,35.72
16,170.96,66.55,35.25
20,170.96,66.55,35.1
42,170.68,66.47,34.85
37,170.84,66.45,34.94
85,170.74,66.35,34.85
259,170.59,66.48,34.76
483,170.72,66.36,34.74
451,170.64,66.25,34.75
1483,170.5,66.4,34.59
1891,170.57,66.3,34.58
29,171.19,66.42,35.57
34,171.39,66.25,35.57
27,171.1,66.54,35.37
35,171.21,66.42,35.42
26,171.06,66.43,35.25
41,171.39,66.24,35.42
34,171.21,66.32,35.39
47,171.23,66.21,35.28
32,171.12,66.31,35.24
21,170.94,66.33,35.1
33,171.04,66.21,35.1
660,170.93,66.11,34.79
52,170.82,66.23,34.94
94,170.92,66.11,34.94
1960,170.8,66.03,34.66
4515,170.68,66.01,34.56
258,170.83,66.22,34.82
888,170.7,66.15,34.71
3013,170.58,66.11,34.57
8903,170.8,65.87,34.49
44,171.27,68.19,35.8
196,171.68,67.09,36.09
86,171.48,67.22,35.79
4,164.6,67.44,34.59
47,170.98,69.76,36.27
11,170.14,69.84,36.27
22,171.05,67.54,35.49
42,171.27,67.01,35.48
37,171.22,67.31,35.49
14,170.81,67.34,35.18
23,171,67.1,35.18
16,170.98,66.77,35.25
19,170.98,66.77,35.1
11,170.86,66.67,35.25
12,170.86,66.67,35.1
2,163.61,67.09,35.09
2,163.63,67.32,35.09
2,163.7,67.19,35.1
2,163.8,67.07,35.1
2,163.68,66.97,35.1
2,163.78,66.85,34.94
2,163.88,66.73,34.94
3,163.96,66.6,34.83
4,164.12,66.49,34.76
3,164.03,66.49,34.85
3,163.74,66.41,34.79
2,163.64,66.53,34.94
2,163.55,66.52,35.1
2,163.61,66.42,35.06
2,163.63,66.31,34.94
2,163.55,66.31,35.1
3,163.85,66.51,34.81
2,163.76,66.63,34.94
2,163.62,66.87,35.06
2,163.63,66.64,35.06
2,163.66,66.75,34.94
2,163.56,66.72,35.1
4,164.06,66.28,34.73
3,163.94,66.38,34.82
4,163.94,66.18,34.68
3,163.83,66.28,34.8
43,171.28,68.63,35.8
69,171.23,69.29,35.65
43,171.28,68.63,35.49
34,171.13,68.42,35.8
25,171.1,67.98,35.49
27,171.13,68.42,35.49
14,170.85,67.78,35.49
32,170.54,69.36,35.65
26,169.66,69.44,35.65
18,168.78,69.51,35.65
28,171.39,66.14,35.57
26,171.39,66.07,35.57
24,171.39,65.97,35.57
26,171.2,66.09,35.4
30,171.39,66.05,35.44
27,171.39,65.97,35.41
23,171.4,65.9,35.54
23,171.47,65.77,35.39
25,171.4,65.88,35.41
41,170.58,67.13,34.92
214,170.33,66.94,34.77
1694,170.09,66.76,34.59
2331,169.89,67,34.59
88,170.78,66.9,34.88
19,170.74,66.57,34.94
83,170.76,66.58,34.82
238,170.52,66.7,34.74
1424,170.29,66.53,34.59
27,171.1,66.08,35.25
34,171.24,65.91,35.26
32,171.14,65.98,35.21
48,171.13,66.09,35.09
35,171.13,65.93,35.14
38,171.16,65.86,35.13
52,171.13,65.93,35.06
59,171.17,65.87,35.06
1144,171.02,65.99,34.78
2204,170.92,65.87,34.69
5619,170.66,65.89,34.55
2742,170.78,65.84,34.64
144,171.02,65.99,34.94
80,171.07,65.88,34.98
92,171.12,65.82,34.98
254,171.07,65.88,34.9
295,171.12,65.82,34.9
856,171.07,65.88,34.82
2115,171.07,65.88,34.75
1011,171.12,65.82,34.82
3329,171,65.74,34.69
3145,171.01,65.83,34.68
4035,171.06,65.77,34.68
2553,171.12,65.82,34.75
2737,170.95,65.78,34.69
4147,170.89,65.8,34.62
4648,171,65.71,34.67
3804,170.95,65.74,34.65
6712,170.88,65.8,34.57
6506,170.95,65.74,34.59
7835,171,65.71,34.59
32,171.42,65.78,35.27
24,171.38,65.59,35.2
28,171.37,65.66,35.22
22,171.37,65.64,35.29
36,171.41,65.79,35.26
34,171.41,65.82,35.28
25,171.25,65.79,35.29
34,171.26,65.81,35.22
31,171.27,65.74,35.21
44,171.38,65.6,35.13
156,171.37,65.68,35.07
154,171.38,65.61,35.06
150,171.42,65.78,35.15
58,171.35,65.67,35.14
139,171.33,65.68,35.06
158,171.41,65.79,35.14
98,171.31,65.7,35.06
45,171.19,65.8,35.12
55,171.27,65.8,35.15
50,171.28,65.74,35.13
68,171.2,65.8,35.05
95,171.3,65.75,35.06
1318,171.17,65.76,34.82
2245,171.22,65.7,34.82
6466,171.11,65.71,34.67
3253,171.17,65.76,34.75
8235,171.16,65.65,34.67
4479,171.22,65.7,34.75
6588,171.05,65.66,34.67
8858,171.1,65.6,34.67
10000,171.05,65.66,34.6
12443,171.1,65.6,34.6
649,171.28,65.62,34.98
875,171.32,65.58,34.98
459,171.25,65.64,34.98
1647,171.26,65.65,34.9
2049,171.28,65.62,34.9
2448,171.32,65.58,34.9
116,171.17,65.76,34.98
219,171.22,65.7,34.98
424,171.17,65.76,34.9
839,171.22,65.7,34.9
3831,171.32,65.58,34.82
3447,171.27,65.64,34.82
9765,171.21,65.59,34.67
5294,171.27,65.64,34.75
10751,171.26,65.53,34.67
5597,171.32,65.58,34.75
11664,171.2,65.48,34.67
10916,171.15,65.54,34.67
15691,171.2,65.48,34.61
14609,171.15,65.54,34.6
18905,171.15,65.54,34.49
20418,171.2,65.48,34.5
15037,170.99,65.56,34.49
17784,171.18,65.31,34.54
153,170.93,68.88,35.12
34,170.89,68.22,35.18
91,170.89,68.22,34.96
13,170.61,67.58,35.18
23,170.65,68.02,35.18
71,170.65,68.02,34.96
48,170.61,67.57,34.95
34,170.37,67.38,34.95
685,170.48,68.48,34.79
365,170.41,67.82,34.79
391,170.17,67.62,34.79
286,170.13,67.18,34.78
2,164,68.16,34.92
2,164.04,68.59,34.95
2,164.19,67.92,34.95
2,164.26,69.02,34.79
2,164.22,68.36,34.77
2,164.43,68.12,34.78
2,164.4,67.68,34.79
2,165.17,68.94,34.79
206,170.06,68.96,35.12
188,169.18,69.04,35.12
877,169.59,68.56,34.79
6,166.06,68.87,34.79
88,166.94,68.79,34.79
492,167.82,68.71,34.79
754,168.7,68.63,34.79
3,163.89,66.95,34.81
3,163.97,66.84,34.83
2,163.9,66.95,34.94
2,163.91,67.27,34.91
2,164,66.83,34.94
2,164.15,67.47,34.95
4,163.81,65.93,34.62
4,163.75,65.96,34.68
3,163.71,66.02,34.75
3,163.64,65.86,34.82
4,163.75,65.89,34.61
4,163.69,65.91,34.67
3,163.65,65.97,34.75
4,163.69,65.81,34.68
3,163.64,65.86,34.75
4,163.79,65.86,34.61
4,163.86,65.88,34.62
3,163.82,66.12,34.75
4,163.85,66.06,34.7
3,163.77,66.07,34.75
4,163.89,66.08,34.65
4,163.95,66.07,34.55
4,163.81,66.01,34.69
5,164.04,66.07,34.68
8970,170.79,65.8,34.48
11746,170.88,65.72,34.48
2412,169.99,68.08,34.59
2374,169.93,67.42,34.59
2953,169.69,67.23,34.59
3,164.66,68.54,34.59
3,164.63,67.88,34.59
4,164.84,67.64,34.59
4,165.57,68.47,34.59
2893,169.11,68.16,34.59
31,166.46,68.39,34.59
2917,168.22,68.24,34.59
1239,167.34,68.32,34.59
3,164.36,67.24,34.78
3,164.13,67.04,34.75
3,164.1,66.71,34.76
3,164.2,66.59,34.78
4,164.36,67.24,34.59
3,164.12,67.03,34.58
4,164.1,66.71,34.58
4,164.18,66.4,34.58
4,164.2,66.6,34.59
5,164.28,66.31,34.58
3,163.22,65.51,34.49
4,163.39,65.55,34.48
4,163.44,65.58,34.48
4,163.33,65.5,34.5
4,163.37,65.45,34.62
4,163.32,65.41,34.52
4,163.92,65.96,34.64
4,163.92,66.01,34.55
4,163.81,65.85,34.6
4,163.91,65.92,34.54
4,163.81,65.92,34.53
4,163.81,65.85,34.55
4,163.81,65.92,34.48
5,164.16,66.17,34.73
5,164.16,66.22,34.57
5,164.14,66.04,34.56
4,163.68,65.85,34.46
4,163.63,65.78,34.47
4,163.62,65.65,34.49
4,163.56,65.59,34.5
71,170.98,69.76,36.89
3,163.83,66.12,34.82
3,163.77,66.07,34.82
3,163.71,66.02,34.82
3,163.65,65.97,34.82
2,163.62,66.09,34.93
2,163.55,66.1,35.09
2,163.42,66.02,35.13
2,163.72,66.19,34.94
2,163.56,66.19,35.13
4,163.38,65.44,34.67
4,163.44,65.5,34.61
4,163.49,65.55,34.6
4,163.44,65.49,34.67
4,163.5,65.54,34.67
2,163.42,65.89,35.12
2,163.55,65.9,35.08
2,163.42,65.82,35.1
4,163.63,65.75,34.75
4,163.74,65.75,34.59
4,163.68,65.69,34.59
4,163.74,65.74,34.67
4,163.68,65.69,34.67
4,163.57,65.7,34.75
3,163.51,65.65,34.75
4,163.62,65.65,34.6
4,163.55,65.59,34.61
4,163.62,65.64,34.67
4,163.56,65.59,34.67
3,163.63,65.75,34.82
2,163.53,65.79,35
3,163.61,65.87,34.93
3,163.57,65.7,34.82
3,163.53,65.68,34.82
3,163.51,65.73,34.96
3,163.55,65.76,34.88
2,163.32,65.7,34.92
3,163.39,65.55,34.75
3,163.34,65.61,34.83
3,163.45,65.6,34.75
3,163.4,65.65,34.82
3,163.51,65.65,34.82
3,163.46,65.68,34.81
2,163.37,65.7,34.9
3,163.47,65.69,34.95
2,163.33,65.79,34.98
2,163.39,65.78,35.1
2,163.17,65.65,34.88
2,163.28,65.64,34.89
2,163.27,65.68,34.97
2,163.21,65.7,34.92
2,163.33,65.68,34.98
2,163.26,65.78,35.07
3,163.28,65.56,34.82
3,163.28,65.56,34.75
2,163.23,65.62,34.82
2,163.23,65.62,34.75
3,163.22,65.51,34.67
2,163.17,65.57,34.67
2,163.17,65.57,34.59
2,163.11,65.55,34.54
3,163.22,65.51,34.6
3,163.33,65.5,34.75
4,163.32,65.39,34.67
3,163.27,65.45,34.67
3,163.27,65.46,34.62
7,168.93,71.27,43.15
61,169.41,71.68,42.52
121,169.89,72.08,41.9
3,169.74,70.32,42.52
2,169.34,70.8,43.15
23,169.81,71.2,42.52
64,170.29,71.6,41.9
6,163.55,70.38,43.2
5,164.19,71.7,43.78
7,163.79,70.88,43.15
10,163.84,72.61,43.15
11,163.56,71.74,42.87
17,163.36,71.74,41.61
13,163.84,72.61,42.52
10,163.56,72.62,41.9
9,163.56,72.62,41.27
11,163.56,70.39,42.55
17,163.36,70.39,41.93
11,163.79,70.88,42.52
16,163.56,70.91,41.91
136,169.09,73.04,41.27
140,168.61,72.63,42.52
173,169.09,73.04,41.9
138,169.49,72.56,41.27
105,169.01,72.16,42.52
156,169.49,72.56,41.9
101,168.13,72.23,42.52
70,168.53,71.75,42.52
34,168.13,72.23,43.15
18,168.53,71.75,43.15
16,164.18,73.02,41.9
13,164.18,73.02,41.27
24,164.69,73.42,41.9
34,165.57,73.34,41.9
17,164.69,73.42,41.27
17,165.57,73.34,41.27
125,167.77,73.15,41.58
48,165.97,72.87,41.9
27,165.97,72.87,41.27
82,166.45,73.27,41.9
50,166.45,73.27,41.27
49,166.81,72.35,42.83
4,165.85,71.54,43.78
26,165.05,72.5,42.83
16,163.36,70.39,41.28
15,163.56,70.91,41.28
14,163.36,69.98,41.92
8,163.56,69.98,42.54
3,163.76,69.97,43.15
132,169.89,72.08,41.27
113,170.37,72.48,40.65
101,170.29,71.6,41.27
105,170.77,72,40.65
72,170.37,72.48,40.02
84,170.77,72,40.02
18,163.36,71.74,40.34
10,163.56,72.62,40.65
20,163.56,72.62,40.02
5,163.56,70.91,40.02
85,169.09,73.04,40.65
48,169.09,73.04,40.02
90,169.49,72.56,40.65
47,169.49,72.56,40.02
7,164.18,73.02,40.65
17,164.18,73.02,40.02
14,164.69,73.42,40.02
7,165.57,73.34,40.02
10,164.69,73.42,40.65
11,165.57,73.34,40.65
16,165.97,72.87,40.65
9,165.97,72.87,40.02
28,166.45,73.27,40.65
16,166.45,73.27,40.02
53,167.77,73.15,40.33
2,163.36,69.98,40.02
7,163.36,70.39,40.65
11,163.56,70.91,40.65
30,171.32,70.84,41.28
21,171.58,70.72,41.32
5,171.41,70.56,41.93
2,171.26,70.11,41.89
14,171.68,70.29,41.97
415,171.92,64.92,34.95
10,172.05,65.01,34.94
591,172.15,64.89,34.65
596,172.25,64.78,34.65
616,172.13,64.71,34.63
4,177.51,67.86,40.65
4,177.99,68.26,40.02
3,178.47,68.67,39.4
8,172.39,65.09,34.94
12,172.27,65,34.94
614,172.48,64.94,34.64
578,172.37,64.87,34.65
35,172.63,65.3,34.79
38,172.49,65.03,34.84
33,172.51,65.2,34.8
8,172.63,65.3,34.94
7,172.51,65.2,34.94
724,172.73,65.17,34.58
666,172.61,65.07,34.6
3,173.1,65.7,35.1
3,172.98,65.6,35.1
14,173.2,65.58,34.94
58,173.2,65.58,34.79
13,173.09,65.48,34.94
399,173.3,65.45,34.66
61,173.08,65.47,34.78
2,172.86,65.5,35.1
2,172.75,65.4,35.1
55,172.97,65.38,34.78
48,172.84,65.28,34.79
11,172.97,65.38,34.94
12,172.85,65.28,34.94
5,173.44,65.78,35.1
5,173.32,65.68,35.1
67,173.53,65.54,34.86
397,173.74,65.42,34.69
3,173.57,65.99,35.18
112,174.45,65.98,34.74
650,174.2,65.7,34.64
232,174.22,65.82,34.71
1202,174.43,65.85,34.56
508,175.11,66.08,34.57
187,176,66.03,34.57
71,175.59,66.31,34.75
9,176.07,66.65,35.11
5,176.95,66.58,35.11
40,176.47,66.24,34.74
51,171.58,70.72,40.68
98,171.68,70.26,40.03
3,176.17,67.76,40.49
2,176.37,67.52,40.49
5,176.63,67.94,40.65
6,177.11,68.34,40.02
5,177.59,68.74,39.4
3,178.06,69.15,38.77
2,177.59,68.74,38.15
3,175.75,68.02,40.65
6,176.23,68.42,40.02
6,176.7,68.82,39.4
4,177.22,69.66,39.08
4,175.35,68.5,40.02
6,175.82,68.9,39.4
4,176.3,69.3,38.77
3,174.94,68.97,39.4
4,175.42,69.38,38.77
2,174.54,69.45,38.77
2,174.06,69.05,39.4
3,176.7,68.82,38.15
3,175.82,68.9,38.15
5,174.05,66.39,35.18
36,174.01,65.94,34.92
4,173.81,66.19,35.18
29,174.25,66.14,34.95
121,174.71,66.38,34.77
11,175.19,66.73,35.11
3,172.15,70.1,37.82
8,174.31,66.81,35.12
3,171.77,65.76,35.59
2,172.19,67.1,36.42
2,172.29,67.05,36.11
2,171.96,67.17,36.71
2,172,66.91,36.71
5,172.13,66.9,36.41
10,172.23,66.82,36.1
4,172.25,66.48,36.06
3,172.25,66.4,35.87
2,172.25,66.3,35.88
6,172.24,66.62,36.11
2,172.25,66.15,36.11
10,171.68,65.76,35.57
20,171.54,65.76,35.57
109,171.64,70.71,38.7
109,171.68,70.24,39.43
52,170.62,70.24,36.9
103,171.46,70.91,39.4
104,171.57,70.72,39.43
104,171.32,70.84,38.14
103,171.46,70.9,38.76
113,171.02,70.69,37.52
100,171.14,70.37,36.9
104,171.55,70.72,38.84
100,171.36,70.58,38.19
85,171.32,71.32,39.43
65,171.19,71.8,39.42
25,170.22,70.72,36.9
87,170.73,71.12,37.52
76,171.32,71.33,38.8
66,171.06,71.48,38.15
47,171.2,71.79,38.8
4,170.62,70.24,41.9
16,171.14,70.37,41.27
64,171.32,70.84,40.65
26,171.02,70.69,41.27
84,171.32,70.84,40.02
68,171.26,70.11,40.02
80,171.41,70.56,40.03
21,170.22,70.72,41.9
52,170.73,71.12,41.27
83,171.06,71.48,40.64
85,171.06,71.48,40.02
3,170.14,69.84,41.9
9,169.74,70.32,36.9
20,170.14,69.84,36.9
9,163.36,71.74,39.08
7,164.13,72.14,37.52
8,163.56,71.74,38.14
4,163.82,71.73,37.52
23,163.56,72.62,39.4
17,163.56,72.62,38.77
14,163.84,72.61,38.15
40,170.37,72.48,39.4
54,170.77,72,39.4
26,170.37,72.48,38.77
37,170.77,72,38.77
27,169.09,73.04,39.4
15,169.09,73.04,38.77
23,169.49,72.56,39.4
13,169.49,72.56,38.77
20,164.18,73.02,39.4
8,164.61,72.54,38.15
16,164.18,73.02,38.77
14,164.69,73.42,39.4
4,165.57,73.34,39.4
5,165.09,72.94,38.15
10,164.69,73.42,38.77
3,165.57,73.34,38.77
20,167.77,73.15,39.08
6,165.97,72.87,39.4
4,165.97,72.87,38.77
11,166.45,73.27,39.4
8,166.45,73.27,38.77
113,167.46,69.63,34.79
9,166.54,69.27,35.12
127,168.3,69.11,35.12
22,169.89,72.08,38.15
45,170.29,71.6,38.15
21,169.89,72.08,37.52
49,170.29,71.6,37.52
10,169.37,71.24,36.58
41,168.42,70.43,35.43
6,169.26,69.92,36.27
6,166.66,70.59,35.43
6,166.81,72.35,37.83
5,167.61,71.39,36.58
8,168.57,72.19,37.83
96,171.26,70.12,38.15
106,171.46,70.53,38.24
113,171.68,70.26,38.12
26,171.09,66.87,35.41
32,171.15,66.99,35.4
42,171.25,67.73,35.8
51,171.33,67.51,35.8
103,171.26,70.11,37.52
124,171.41,70.56,37.67
157,171.49,70.14,36.87
102,171.47,69.3,36.25
69,171.47,68.62,36.1
67,171.47,68.17,36.11
65,171.47,67.75,36.11
65,171.48,67.46,36.1
40,171.25,66.94,35.56
38,171.22,66.81,35.56
65,171.38,67.07,35.79
149,171.68,70.26,37.48
107,171.67,69.33,36.87
91,171.67,68.62,36.4
78,171.67,68.16,36.41
59,171.67,67.71,36.41
52,171.67,67.4,36.41
65,171.68,67.1,36.4
117,171.55,66.9,36.09
106,171.4,66.77,35.79
79,170.98,69.76,37.52
2,162.67,65.65,34.44
2,162.57,65.79,34.42
2,162.78,65.55,34.47
3,163.1,65.5,34.48
2,163,65.51,34.48
2,162.89,65.54,34.47
2,162.67,65.55,34.47
3,171.83,65.03,35.1
1103,171.7,64.93,34.94
2036,171.8,64.82,34.97
13,171.46,65.61,35.42
13,171.43,65.55,35.29
6,171.48,65.5,35.29
2,171.54,65.52,35.36
13,171.37,65.52,35.29
6,171.42,65.46,35.29
8,171.42,65.46,35.22
17,171.37,65.52,35.22
4,171.47,65.4,35.06
9,171.42,65.46,35.14
22,171.37,65.52,35.14
76,171.37,65.52,35.06
31,171.42,65.46,35.06
54,171.41,65.29,34.94
485,171.3,65.41,34.94
3296,171.3,65.41,34.79
6760,171.18,65.33,34.68
379,171.28,65.2,34.8
15352,171.16,65.09,34.59
409,171.61,65.05,34.94
10999,171.49,65,34.83
39733,171.48,64.91,34.63
167,171.51,65.17,34.94
1089,171.39,65.09,34.82
26769,171.27,65,34.61
419,172.02,64.75,34.92
3104,171.9,64.7,34.65
26616,171.69,64.71,34.66
36116,171.59,64.83,34.65
102,176.41,65.86,34.56
30,176.88,65.87,34.72
10,177.77,65.83,34.91
30,177.56,65.76,34.71
6,177.97,65.6,34.89
4,177.78,65.84,35.18
7,177.35,66.09,35.08
3,177.98,65.6,35.18
58,173.77,65.74,34.88
442,173.99,65.75,34.67
40,176.94,65.67,34.65
42,177.56,65.67,34.66
79,176.95,65.8,34.52
61,177.56,65.81,34.52
30,177.75,65.66,34.65
55,177.75,65.81,34.5
22,177.96,65.67,34.55
3,178.4,65.62,34.54
1095,173.29,65.28,34.55
831,173.05,65.14,34.59
860,174.66,65.92,34.57
797,174.66,65.83,34.52
430,175.11,65.83,34.52
148,176,65.82,34.52
589,173.94,65.54,34.7
985,173.99,65.73,34.62
1475,173.76,65.73,34.5
1521,173.99,65.84,34.5
1104,173.74,65.43,34.54
1005,174.19,65.73,34.53
1202,174.42,65.83,34.51
895,173.73,65.26,34.57
104,176.4,65.82,34.51
29,171.38,66.25,35.72
31,171.38,66.41,35.88
55,171.39,66.59,35.79
34,171.2,66.63,35.57
23,171.06,66.65,35.41
27,171.18,66.42,35.72
17,170.96,66.55,35.41
12,170.84,66.45,35.25
12,170.84,66.45,35.1
15,170.62,66.47,34.94
23,170.72,66.35,34.94
78,170.66,66.24,34.85
225,170.5,66.38,34.78
345,170.57,66.27,34.76
1686,170.38,66.32,34.59
2068,170.48,66.21,34.58
21,171.03,66.43,35.57
26,171.19,66.24,35.57
22,171.05,66.43,35.41
16,170.94,66.33,35.25
29,171.2,66.23,35.42
24,171.09,66.32,35.37
23,171.04,66.21,35.25
14,170.82,66.23,35.1
24,170.92,66.11,35.1
522,170.81,66.01,34.79
42,170.7,66.13,34.94
80,170.8,66.01,34.94
1421,170.68,65.95,34.68
4417,170.57,65.95,34.56
210,170.72,66.12,34.82
710,170.58,66.06,34.72
3282,170.46,66.04,34.57
5121,170.8,65.79,34.58
7090,170.65,65.87,34.5
32,171.1,67.98,35.8
48,171.27,68.19,36.11
78,171.23,69.29,36.9
28,171.05,67.54,35.8
78,171.48,67.23,36.11
40,171.22,67.31,35.8
21,170.85,67.78,35.8
9,170.37,67.38,35.18
4,164.8,67.21,34.59
3,164.6,67.44,34.79
53,171.28,68.63,36.11
68,171.23,69.29,36.27
43,171.13,68.42,36.11
20,170.54,69.36,36.27
7,169.66,69.44,36.27
6,168.78,69.51,36.27
13,170.81,67.34,35.49
19,171,67.1,35.49
18,170.98,66.77,35.41
13,170.86,66.67,35.41
7,170.57,67.14,35.18
9,170.74,66.57,35.25
10,170.77,66.9,35.18
8,170.74,66.57,35.1
2,163.77,66.85,35.1
2,163.88,66.73,35.1
2,163.98,66.61,34.94
4,164.18,66.38,34.77
2,164.08,66.49,34.94
2,163.74,66.41,34.94
2,163.67,66.52,35.09
2,163.66,66.31,35.08
2,163.86,66.51,34.94
2,163.76,66.63,35.1
2,163.68,66.75,35.09
3,164.04,66.25,34.83
3,163.96,66.39,34.94
3,163.93,66.16,34.81
2,163.84,66.29,34.94
22,170.89,68.22,35.8
31,170.93,68.88,35.65
17,170.89,68.22,35.49
15,170.65,68.02,35.8
9,170.61,67.58,35.49
12,170.65,68.02,35.49
25,170.06,68.96,35.65
22,169.18,69.04,35.65
14,168.3,69.11,35.65
2,166.54,69.27,35.65
24,171.19,66.11,35.57
26,171.39,66.14,35.72
24,171.39,66.07,35.72
23,171.39,65.97,35.72
23,171.19,66.02,35.57
22,171.21,65.9,35.57
21,171.08,66.09,35.4
24,171.2,66.01,35.44
23,171.22,65.91,35.41
23,171.4,65.85,35.57
21,171.24,65.8,35.54
22,171.44,65.77,35.57
23,171.41,65.79,35.57
23,171.43,65.77,35.42
19,171.37,65.63,35.39
23,171.41,65.79,35.41
24,171.4,65.83,35.41
22,171.24,65.79,35.41
18,170.34,66.94,34.95
256,170.09,66.75,34.79
2692,169.85,66.59,34.59
381,169.89,66.98,34.79
3136,169.65,66.82,34.59
21,170.54,66.7,34.93
200,170.29,66.51,34.78
2464,170.05,66.37,34.59
20,171.02,65.99,35.25
24,171.1,65.87,35.25
34,171.02,65.99,35.1
29,171.12,65.82,35.14
27,171.07,65.88,35.14
42,171.07,65.88,35.06
45,171.12,65.82,35.06
942,170.9,65.89,34.78
1575,170.81,65.78,34.7
2110,170.66,65.79,34.66
126,170.9,65.89,34.94
190,171,65.77,34.94
1479,171,65.77,34.79
2019,170.89,65.75,34.69
2911,170.79,65.71,34.64
4335,170.89,65.67,34.64
19,171.32,65.55,35.29
23,171.3,65.65,35.27
24,171.32,65.57,35.21
24,171.28,65.67,35.26
24,171.26,65.71,35.28
22,171.15,65.75,35.29
25,171.16,65.75,35.21
25,171.18,65.69,35.21
40,171.3,65.66,35.15
31,171.32,65.57,35.14
104,171.27,65.61,35.05
114,171.32,65.58,35.06
39,171.29,65.68,35.14
86,171.24,65.64,35.05
30,171.16,65.76,35.14
29,171.2,65.69,35.13
52,171.17,65.76,35.06
60,171.21,65.69,35.06
3113,171.1,65.65,34.79
7695,170.99,65.55,34.65
1120,171.2,65.53,34.94
460,171.1,65.65,34.94
5439,171.2,65.53,34.79
10214,171.09,65.44,34.66
13452,171.07,65.25,34.55
11337,170.86,65.46,34.52
17195,171.08,65.43,34.51
131,170.46,68.48,35.12
23,170.41,67.82,35.18
69,170.41,67.82,34.96
22,170.17,67.62,35.18
71,170.17,67.62,34.96
32,170.13,67.18,34.96
716,169.99,68.08,34.79
460,169.93,67.42,34.79
566,169.69,67.22,34.79
2,164.23,68.35,34.95
2,164.44,68.12,34.96
2,164.4,67.68,34.96
2,164.69,68.54,34.79
2,164.64,67.88,34.79
3,164.84,67.64,34.79
3,165.58,68.46,34.79
216,169.58,68.56,35.12
175,168.7,68.63,35.12
112,167.82,68.71,35.12
37,166.94,68.79,35.12
4,166.06,68.86,35.12
922,169.11,68.16,34.79
36,166.46,68.39,34.79
839,168.22,68.23,34.79
423,167.34,68.31,34.79
5,164.28,66.27,34.77
2,164.1,66.71,34.94
2,164.11,67.04,34.93
2,164.2,66.59,34.96
2,164.36,67.24,34.96
3,163.76,65.96,34.82
4,163.8,65.9,34.68
4,163.76,65.96,34.75
3,163.7,65.91,34.82
3,163.69,65.8,34.82
4,163.75,65.85,34.68
3,163.7,65.91,34.75
4,163.69,65.8,34.75
4,163.86,65.84,34.68
4,163.8,65.8,34.68
5,163.91,65.85,34.61
4,163.8,65.78,34.65
5,163.8,65.78,34.59
3,163.88,66.06,34.82
4,163.87,66.06,34.75
3,163.82,66.01,34.82
4,163.95,66.02,34.65
4,163.82,66.01,34.75
4,163.9,65.91,34.69
4,164.04,66.04,34.81
6,164.14,65.97,34.67
4,164.14,66.13,34.83
7385,170.67,65.75,34.49
9290,170.76,65.6,34.5
2981,169.51,67.68,34.59
3380,169.45,67.04,34.59
4,165.09,68.06,34.59
5,165.04,67.41,34.59
6,165.25,67.18,34.59
8,165.98,67.99,34.59
3245,168.63,67.77,34.59
3194,167.75,67.85,34.59
536,166.86,67.92,34.59
4,164.57,67,34.79
3,164.33,66.8,34.78
4,164.3,66.48,34.79
5,164.4,66.37,34.79
6,165.01,66.98,34.59
4,164.56,67.01,34.59
4,164.33,66.81,34.59
5,164.3,66.5,34.59
6,164.39,66.25,34.58
5,164.4,66.4,34.59
6,164.38,66.19,34.58
3,163.16,65.46,34.5
4,163.27,65.45,34.51
4,163.44,65.49,34.5
4,163.5,65.54,34.49
4,163.38,65.44,34.51
4,163.31,65.37,34.53
6,164.03,65.88,34.63
5,164.03,65.96,34.55
5,163.91,65.85,34.56
5,163.91,65.92,34.49
5,163.8,65.84,34.47
6,164.26,66.07,34.72
5,164.26,66.13,34.57
6,164.25,65.96,34.55
4,163.74,65.78,34.47
5,163.68,65.7,34.48
5,163.66,65.53,34.51
34,170.54,69.36,36.9
3,163.82,66.07,34.94
3,163.7,65.97,34.94
2,163.65,66.08,35.08
2,163.57,65.98,35.13
2,163.72,66.19,35.1
4,163.38,65.44,34.75
5,163.41,65.35,34.69
4,163.44,65.49,34.75
4,163.5,65.54,34.75
5,163.54,65.44,34.67
2,163.55,65.81,35.12
2,163.64,65.87,35.06
2,163.54,65.71,35.1
4,163.74,65.74,34.82
4,163.68,65.69,34.82
4,163.74,65.74,34.75
4,163.68,65.69,34.75
5,163.78,65.63,34.64
4,163.62,65.64,34.82
4,163.56,65.59,34.82
4,163.62,65.64,34.75
4,163.56,65.59,34.75
5,163.66,65.53,34.66
3,163.68,65.75,34.94
3,163.6,65.66,34.93
4,163.44,65.49,34.82
4,163.5,65.54,34.82
3,163.4,65.64,34.89
3,163.39,65.55,34.82
3,163.34,65.61,34.9
3,163.45,65.6,34.82
3,163.54,65.6,34.93
2,163.41,65.68,34.98
2,163.5,65.65,35.1
2,163.31,65.78,35.11
2,163.12,65.62,34.9
2,163.28,65.62,34.96
2,163.23,65.62,34.9
2,163.34,65.6,34.97
2,163.31,65.65,35.07
2,163.15,65.67,35
2,163.22,65.68,34.98
2,163.17,65.78,35.1
3,163.33,65.5,34.82
3,163.28,65.56,34.9
4,163.38,65.44,34.82
3,163.22,65.51,34.9
2,163.17,65.57,34.9
3,163.22,65.51,34.82
3,163.22,65.51,34.75
2,163.17,65.57,34.82
2,163.06,65.58,34.82
2,163.17,65.57,34.75
3,163.16,65.46,34.67
2,163.11,65.52,34.67
2,163,65.53,34.67
2,163.11,65.52,34.59
2,163,65.53,34.59
3,163.15,65.47,34.61
3,163.27,65.45,34.82
4,163.32,65.39,34.82
4,163.32,65.39,34.75
3,163.27,65.45,34.75
4,163.2,65.36,34.68
5,168.46,70.87,43.15
38,168.93,71.27,42.52
107,169.41,71.68,41.9
17,169.74,70.32,41.9
13,169.34,70.8,42.52
64,169.81,71.2,41.9
2,167.98,70.47,43.15
2,164.89,70.74,43.78
4,163.99,70.38,43.15
2,164.38,69.9,43.15
12,164.19,71.7,42.83
13,163.56,71.74,41.59
11,163.84,72.61,41.9
10,163.84,72.61,41.27
8,163.99,70.38,42.52
16,163.56,70.39,41.91
13,163.79,70.88,41.9
121,168.57,72.19,41.58
21,167.61,71.39,42.83
75,166.81,72.35,41.58
20,165.85,71.54,42.83
16,165.05,72.5,41.58
15,163.36,69.98,41.28
14,163.56,70.39,41.28
12,163.79,70.88,41.27
7,163.36,69.49,41.92
14,163.56,69.98,41.91
6,163.76,69.97,42.52
3,163.56,69.49,42.54
4,164.38,69.9,42.52
118,169.41,71.68,41.27
103,169.89,72.08,40.65
94,169.81,71.2,41.27
104,170.29,71.6,40.65
59,169.89,72.08,40.02
77,170.29,71.6,40.02
16,163.56,71.74,40.33
11,163.84,72.61,40.65
20,163.84,72.61,40.02
5,163.79,70.88,40.02
66,168.57,72.19,40.33
39,166.81,72.35,40.33
9,165.05,72.5,40.33
7,163.36,69.98,40.65
3,163.36,69.49,40.02
7,163.56,70.39,40.65
10,163.79,70.88,40.65
22,171.41,70.56,41.29
12,171.26,70.11,41.27
37,171.68,70.29,41.32
5,171.49,70.15,41.92
10,171.67,69.38,41.93
4,171.23,69.29,41.9
8,170.99,69.76,41.27
8,171.93,64.91,35.1
37,172.03,64.81,34.98
14,172.15,64.9,34.96
218,172.25,64.74,34.92
368,172.13,64.7,34.92
586,172.38,64.66,34.63
624,172.12,64.63,34.61
3,177.51,67.86,40.02
3,177.99,68.26,39.4
2,178.47,68.67,38.77
2,172.39,65.09,35.1
13,172.49,64.98,34.94
15,172.37,64.88,34.96
2,172.27,64.99,35.1
580,172.58,64.75,34.65
2,172.63,65.3,35.1
2,172.51,65.2,35.1
44,172.72,65.18,34.81
38,172.61,65.09,34.83
10,172.73,65.18,34.94
12,172.61,65.07,34.94
601,172.82,64.93,34.64
4,173.2,65.58,35.1
4,173.09,65.48,35.1
56,173.3,65.35,34.86
4,172.97,65.38,35.1
4,172.85,65.28,35.1
41,173.06,65.16,34.89
5,173.53,65.55,35.18
71,173.73,65.31,34.87
5,173.77,65.75,35.18
30,174.45,65.9,34.93
127,174.66,65.79,34.71
276,174.66,65.68,34.66
44,174.21,65.71,34.9
280,174.19,65.58,34.77
176,174.43,65.72,34.7
432,174.42,65.69,34.65
145,175.11,65.68,34.66
49,176,65.68,34.66
244,175.54,65.88,34.56
99,175.11,65.96,34.72
48,176,65.91,34.72
11,175.59,66.25,35.09
8,176.47,66.17,35.09
53,171.41,70.56,40.66
40,171.26,70.11,40.64
74,171.48,70.13,40.02
75,171.68,70.28,40.67
127,171.67,69.33,40.02
3,176.17,67.76,40.18
2,176.37,67.52,40.18
4,176.63,67.94,40.02
5,177.11,68.34,39.4
3,177.59,68.74,38.77
2,177.11,68.34,38.15
3,175.75,68.02,40.02
5,176.23,68.42,39.4
4,176.7,68.82,38.77
3,175.35,68.5,39.4
4,175.82,68.9,38.77
2,174.94,68.97,38.77
3,176.23,68.42,38.15
2,175.35,68.5,38.15
7,174.25,66.15,35.18
6,174.01,65.95,35.18
6,174.45,65.91,35.18
6,174.21,65.71,35.18
12,174.72,66.33,35.1
3,172.23,66.82,36.42
2,172.24,66.61,36.42
3,172.25,66.34,36.12
9,171.47,65.6,35.57
8,171.68,65.76,35.72
17,171.55,65.76,35.72
96,171.46,70.53,38.71
111,171.68,70.27,38.79
92,171.48,70.12,39.43
135,171.67,69.33,39.39
57,171.23,69.29,40.02
64,170.62,70.24,37.52
89,171.32,70.84,39.4
81,171.26,70.1,39.42
95,171.41,70.56,39.43
88,171.02,70.69,38.14
93,171.32,70.84,38.77
97,171.39,70.57,38.84
94,171.14,70.37,37.81
68,171.05,71.48,39.41
41,170.22,70.72,37.52
71,170.73,71.12,38.15
57,171.06,71.48,38.79
84,171.26,70.13,38.79
37,170.99,69.76,40.65
57,170.98,69.76,40.02
48,171.14,70.37,40.64
61,171.02,70.69,40.65
79,171.02,70.69,40.02
73,171.14,70.37,40.02
53,170.22,70.72,41.27
83,170.73,71.12,40.65
19,170.62,70.24,41.27
82,170.73,71.12,40.02
41,169.74,70.32,41.27
2,169.66,69.44,41.9
15,170.14,69.84,41.27
47,170.54,69.36,40.02
7,168.78,69.51,36.9
4,169.26,69.92,36.9
17,169.74,70.32,37.52
9,169.66,69.44,36.9
31,170.14,69.84,37.52
9,163.56,71.74,39.08
5,163.82,71.73,38.15
19,163.84,72.61,39.4
8,164.13,72.14,38.15
15,163.84,72.61,38.77
2,165.74,70.22,36.9
2,166.14,69.74,36.9
31,169.89,72.08,39.4
47,170.29,71.6,39.4
21,169.89,72.08,38.77
36,170.29,71.6,38.77
20,168.57,72.19,39.08
14,166.81,72.35,39.08
4,165.05,72.5,39.08
77,170.98,69.76,38.15
23,167.46,69.63,35.43
14,169.37,71.24,37.83
5,168.42,70.43,36.58
11,167.61,71.39,37.83
2,165.85,71.54,37.83
4,166.66,70.59,36.58
106,171.48,70.13,38.14
142,171.67,69.32,38.13
29,171.15,67,35.57
24,171.08,66.88,35.57
43,171.25,67.73,36.11
46,171.32,67.51,36.11
86,171.23,69.29,37.52
123,171.49,70.14,37.5
93,171.47,69.3,36.88
66,171.47,68.62,36.42
57,171.47,68.17,36.42
48,171.47,67.75,36.42
43,171.48,67.46,36.42
46,171.48,67.24,36.42
53,171.38,67.07,36.1
38,171.23,66.87,35.8
126,171.67,69.33,37.5
61,171.67,68.38,36.88
39,171.67,67.7,36.72
33,171.67,67.38,36.72
27,171.68,67.09,36.71
42,171.55,66.9,36.4
46,171.4,66.76,36.11
44,170.54,69.36,37.52
5,163.31,65.28,34.7
2,162.62,65.61,34.45
2,162.83,65.51,34.48
2,162.72,65.52,34.48
3,163.1,65.41,34.51
3,163.05,65.47,34.49
2,162.94,65.48,34.49
2,162.61,65.52,34.47
18,171.71,64.93,35.1
1527,171.59,64.84,34.96
41,171.81,64.81,35.1
240,171.9,64.72,35
5087,171.69,64.73,34.99
6,171.42,65.49,35.41
7,171.3,65.41,35.25
28,171.3,65.41,35.1
46,171.29,65.19,34.94
264,171.19,65.31,34.94
2728,171.07,65.27,34.7
2072,171.18,65.31,34.79
11334,171.06,65.18,34.57
266,171.17,65.11,34.81
13045,171.05,65.02,34.61
5,171.61,65.05,35.1
492,171.49,64.95,34.94
33731,171.37,64.85,34.65
183,171.39,65.07,34.94
378,171.27,65.02,34.83
26601,171.26,64.93,34.63
721,171.92,64.67,34.93
13436,171.68,64.68,34.93
615,172.01,64.57,34.61
12183,171.79,64.63,34.64
30877,171.57,64.65,34.63
34462,171.47,64.73,34.65
31170,171.25,64.75,34.65
2,177.78,65.84,35.49
30,176.41,65.73,34.7
42,176.4,65.67,34.66
2,178.18,65.38,34.91
9,176.88,65.69,35.06
6,177.54,65.64,35.18
16,177.54,65.63,34.9
10,177.74,65.42,34.91
4,177.74,65.39,35.17
93,173.97,65.51,34.88
63,176.86,65.6,34.58
35,177.32,65.66,34.64
52,177.55,65.68,34.55
68,177.32,65.8,34.5
28,177.73,65.51,34.6
3,178.17,65.46,34.59
686,173.5,65.11,34.59
493,173.26,64.9,34.64
629,174.65,65.71,34.55
585,174.87,65.83,34.51
344,175.1,65.69,34.55
90,175.98,65.68,34.56
233,175.53,65.82,34.51
944,173.97,65.59,34.54
543,174.41,65.59,34.57
387,173.94,65.11,34.62
66,176.4,65.42,34.59
30,171.39,66.56,36.1
26,171.38,66.25,35.88
24,171.18,66.24,35.72
26,171.38,66.4,36.11
26,171.18,66.42,35.88
31,171.19,66.62,35.8
22,171.05,66.65,35.57
19,170.98,66.77,35.57
14,170.86,66.67,35.57
18,170.96,66.55,35.57
21,171.03,66.43,35.72
12,170.84,66.45,35.41
7,170.62,66.47,35.25
9,170.72,66.35,35.25
6,170.62,66.47,35.1
8,170.72,66.35,35.1
14,170.51,66.37,34.95
22,170.6,66.25,34.94
235,170.38,66.29,34.78
348,170.48,66.17,34.76
2797,170.25,66.16,34.58
16,170.95,66.33,35.57
19,171.02,66.21,35.57
16,170.95,66.33,35.41
11,170.82,66.23,35.25
19,171.03,66.21,35.41
15,170.92,66.11,35.25
10,170.7,66.13,35.1
18,170.8,66.01,35.1
401,170.69,65.91,34.8
37,170.58,66.03,34.94
68,170.68,65.91,34.94
1299,170.57,65.86,34.68
4420,170.44,65.9,34.56
176,170.6,66.01,34.83
728,170.46,65.97,34.72
3843,170.34,65.97,34.57
3538,170.65,65.77,34.6
5598,170.46,65.86,34.5
56,171.28,68.63,36.43
48,171.13,68.42,36.43
50,171.27,68.19,36.43
36,171.1,67.98,36.11
49,170.93,68.88,36.89
32,171.05,67.54,36.11
18,170.81,67.34,35.8
39,171.22,67.31,36.11
24,171,67.1,35.8
27,170.85,67.78,36.11
14,170.61,67.58,35.8
6,170.37,67.38,35.49
8,170.13,67.18,35.18
4,164.81,67.2,34.79
2,164.61,67.44,34.96
6,165.01,66.97,34.79
31,170.89,68.22,36.11
35,170.93,68.88,36.27
23,170.65,68.02,36.11
10,170.06,68.96,36.27
8,169.18,69.04,36.27
8,168.3,69.11,36.27
2,166.54,69.27,36.27
9,170.57,67.14,35.49
10,170.74,66.57,35.41
12,170.77,66.9,35.49
5,170.33,66.94,35.18
5,170.53,66.7,35.18
3,164.18,66.37,34.95
2,163.74,66.41,35.1
2,163.86,66.51,35.1
3,164.06,66.27,34.94
3,163.94,66.17,34.94
2,163.84,66.29,35.1
4,164.16,66.15,34.94
3,164.04,66.05,34.94
10,170.41,67.82,35.8
20,170.46,68.48,35.65
9,170.41,67.82,35.49
7,170.17,67.62,35.49
23,169.58,68.56,35.65
19,168.7,68.63,35.65
12,167.82,68.71,35.65
4,166.94,68.79,35.65
20,171.06,66.09,35.57
23,171.19,66.11,35.72
22,171.19,66.02,35.72
25,171.39,66.14,35.88
24,171.39,66.07,35.88
22,171.41,65.79,35.72
23,171.39,65.97,35.88
21,171.21,65.9,35.72
23,171.4,65.86,35.72
22,171.44,65.77,35.72
17,171.01,65.99,35.57
19,171.08,65.86,35.56
18,171.02,65.99,35.41
19,171.09,65.86,35.41
20,171.25,65.74,35.57
20,171.14,65.75,35.53
19,171.32,65.63,35.57
19,171.27,65.66,35.57
17,171.32,65.54,35.37
19,171.32,65.63,35.42
20,171.27,65.66,35.41
21,171.26,65.72,35.41
20,171.14,65.75,35.41
21,170.09,66.74,34.96
395,169.85,66.56,34.79
3428,169.61,66.43,34.59
3689,169.21,66.86,34.59
43,169.89,66.98,34.96
516,169.65,66.79,34.79
3597,169.41,66.64,34.59
13,170.29,66.5,34.96
357,170.05,66.33,34.78
3369,169.81,66.22,34.58
15,170.9,65.89,35.25
18,171,65.77,35.25
26,170.9,65.89,35.1
32,171,65.77,35.1
1200,170.68,65.73,34.71
750,170.79,65.79,34.79
110,170.78,65.79,34.94
173,170.88,65.67,34.94
1210,170.88,65.67,34.79
2224,170.67,65.67,34.66
2996,170.77,65.57,34.66
16,171.22,65.51,35.25
18,171.16,65.56,35.25
19,171.1,65.65,35.25
60,171.22,65.51,35.1
53,171.17,65.58,35.1
43,171.1,65.65,35.1
2520,170.98,65.55,34.79
5117,170.87,65.46,34.66
623,171.08,65.43,34.94
369,170.98,65.55,34.94
8516,170.75,65.39,34.54
6165,170.98,65.35,34.68
4092,171.08,65.43,34.79
12639,170.96,65.33,34.54
153,169.99,68.08,35.12
27,169.93,67.42,35.18
86,169.93,67.42,34.96
107,169.69,67.22,34.96
857,169.51,67.68,34.79
685,169.45,67.03,34.79
2,164.64,67.88,34.96
2,164.85,67.64,34.96
3,165.1,68.06,34.79
4,165.05,67.4,34.79
7,165.25,67.17,34.79
2,165.58,68.46,35.12
11,165.98,67.99,34.79
227,169.1,68.15,35.12
172,168.22,68.23,35.12
104,167.34,68.31,35.12
21,166.46,68.39,35.12
1008,168.63,67.76,34.79
976,167.75,67.84,34.79
255,166.86,67.91,34.79
6,164.39,66.2,34.77
4,164.28,66.25,34.95
7,164.38,66.13,34.75
3,164.3,66.47,34.96
2,164.32,66.8,34.96
4,164.4,66.35,34.96
2,164.57,67,34.96
5,163.91,65.78,34.69
4,163.8,65.85,34.79
6,163.9,65.72,34.63
3,163.92,65.95,34.94
4,163.92,65.95,34.79
6,164,65.82,34.69
3,163.8,65.85,34.94
6,164.14,65.92,34.8
9,164.25,65.87,34.66
6,164.25,66.01,34.83
6176,170.54,65.65,34.51
7174,170.64,65.49,34.53
3454,169.03,67.3,34.59
6,165.5,67.59,34.59
10,165.45,66.96,34.59
50,166.39,67.53,34.59
3688,168.15,67.39,34.59
2786,167.27,67.46,34.59
5,164.77,66.77,34.79
5,164.53,66.57,34.79
7,164.5,66.26,34.78
22,165.65,66.76,34.59
9,165.21,66.77,34.59
6,164.77,66.79,34.59
5,164.53,66.6,34.59
6,164.5,66.32,34.59
7,164.6,66.23,34.58
7,164.48,66.14,34.57
4,163.2,65.34,34.53
5,163.3,65.27,34.55
5,163.54,65.42,34.53
5,163.42,65.33,34.54
7,164.13,65.83,34.64
6,164.01,65.84,34.57
5,164.01,65.91,34.49
5,164.13,65.92,34.55
6,163.9,65.77,34.48
10,164.36,65.96,34.7
6,164.36,66.04,34.56
8,164.35,65.92,34.55
9,164.23,65.81,34.59
7,164.24,65.9,34.5
6,163.78,65.64,34.49
8,163.76,65.4,34.53
17,170.06,68.96,36.9
11,169.18,69.04,36.9
13,168.3,69.11,36.9
3,166.54,69.27,36.9
2,163.82,66.07,35.1
2,163.71,65.97,35.1
2,163.92,65.95,35.1
2,163.8,65.85,35.1
5,163.42,65.33,34.79
5,163.54,65.42,34.78
7,163.65,65.36,34.69
2,163.69,65.75,35.1
2,163.63,65.64,35.09
5,163.78,65.63,34.79
8,163.88,65.51,34.66
5,163.66,65.53,34.79
8,163.77,65.42,34.67
4,163.78,65.63,34.94
4,163.66,65.53,34.94
3,163.44,65.54,34.94
2,163.56,65.57,35.09
2,163.39,65.65,35.11
2,163.11,65.6,34.96
2,163.06,65.58,34.9
2,163.33,65.57,35.06
2,163.23,65.6,34.97
2,163.28,65.56,34.98
2,163.22,65.51,34.98
2,163.17,65.57,34.98
2,163.2,65.64,35.1
3,163.32,65.44,34.94
3,163.16,65.46,34.9
2,163.11,65.52,34.9
2,163,65.53,34.9
3,163.16,65.46,34.82
3,163.16,65.46,34.75
2,163.11,65.52,34.82
2,163,65.53,34.82
2,163.11,65.52,34.75
2,163,65.53,34.75
3,163.1,65.41,34.67
2,162.94,65.48,34.6
3,163.09,65.42,34.62
2,162.94,65.48,34.67
3,163.05,65.47,34.67
2,163.05,65.47,34.6
4,163.2,65.34,34.79
4,163.07,65.27,34.69
2,162.88,65.43,34.67
2,162.88,65.44,34.61
2,163.36,69.08,41.92
12,169.26,69.92,41.9
96,168.93,71.27,41.27
17,168.46,70.87,42.52
86,168.93,71.27,41.9
73,169.34,70.8,41.27
6,168.86,70.39,42.52
51,169.34,70.8,41.9
6,168.78,69.51,41.9
9,167.98,70.47,42.52
3,168.38,69.99,42.52
8,164.89,70.74,42.83
11,163.99,70.38,41.9
12,164.19,71.7,41.58
69,167.61,71.39,41.58
7,166.66,70.59,42.83
27,165.85,71.54,41.58
11,163.36,69.49,41.28
13,163.56,69.98,41.27
10,163.99,70.38,41.27
11,163.76,69.97,41.9
9,163.56,69.49,41.9
8,164.38,69.9,41.9
2,164.78,69.42,42.52
3,163.94,69.5,42.52
4,163.36,69.08,40.01
81,169.37,71.24,40.33
10,164.19,71.7,40.33
3,163.99,70.38,40.02
60,167.61,71.39,40.33
17,165.85,71.54,40.33
8,163.36,69.49,40.65
6,163.56,69.98,40.65
2,163.76,69.97,40.02
2,163.56,69.49,40.02
3,164.38,69.9,40.02
6,163.99,70.38,40.65
17,171.49,70.15,41.29
38,171.67,69.37,41.29
8,171.48,69.32,41.91
2,171.67,68.41,41.91
15,171.23,69.29,41.27
3,170.93,68.88,41.9
5,170.54,69.36,41.27
6,172.03,64.79,35.1
46,172.13,64.73,35
3,172.15,64.89,35.1
17,172.25,64.79,34.98
254,172.39,64.64,34.93
328,172.13,64.63,34.92
521,172.32,64.51,34.61
2,177.51,67.86,39.4
2,177.99,68.26,38.77
4,172.49,64.98,35.1
23,172.56,64.8,34.97
4,172.37,64.87,35.1
108,172.57,64.68,34.93
427,172.78,64.51,34.63
3,172.73,65.18,35.1
3,172.61,65.08,35.1
29,172.82,64.97,34.93
397,173.02,64.77,34.68
383,173.01,64.63,34.67
4,173.3,65.35,35.18
49,173.5,65.12,34.89
4,173.06,65.15,35.18
28,173.26,64.94,34.93
6,173.74,65.31,35.18
27,173.92,65.09,34.93
7,173.98,65.51,35.18
43,174.66,65.66,34.9
193,174.86,65.68,34.66
53,174.41,65.48,34.89
8,174.65,65.67,35.18
7,174.42,65.47,35.18
42,175.1,65.52,34.85
16,175.98,65.5,34.9
51,175.54,65.75,34.7
74,175.53,65.68,34.66
12,175.12,65.86,35.07
9,176,65.79,35.08
46,171.49,70.15,40.65
82,171.47,69.3,40.02
93,171.67,69.35,40.65
65,171.67,68.39,40
40,171.23,69.29,40.65
30,170.54,69.36,40.65
3,176.17,67.76,39.86
2,176.37,67.52,39.86
3,176.63,67.94,39.4
3,177.11,68.34,38.77
2,176.63,67.94,38.15
3,175.75,68.02,39.4
4,176.23,68.42,38.77
3,175.35,68.5,38.77
2,175.75,68.02,38.15
918,172.1,64.34,34.61
3,171.42,65.48,35.57
7,171.47,65.6,35.72
6,171.69,65.76,35.88
15,171.55,65.76,35.88
97,171.48,70.15,38.8
142,171.67,69.32,38.76
85,171.67,68.38,39.37
91,171.47,69.3,39.39
2,163.36,69.07,39.38
47,170.93,68.88,40.02
68,171.23,69.29,39.39
67,170.98,69.76,39.4
75,171.02,70.69,39.4
80,171.14,70.37,39.41
75,171.02,70.69,38.77
80,171.13,70.37,38.8
63,170.73,71.12,39.4
61,170.62,70.24,38.15
48,170.22,70.72,38.15
57,170.73,71.12,38.77
69,170.98,69.76,38.77
25,169.26,69.92,41.27
8,169.66,69.44,41.27
62,170.18,70.28,40.33
31,170.06,68.96,40.02
54,170.54,69.36,39.4
14,168.78,69.51,37.52
10,169.26,69.92,37.52
27,169.74,70.32,38.15
17,169.66,69.44,37.52
40,170.14,69.84,38.15
4,164.19,71.7,39.08
3,165.74,70.22,37.52
4,166.14,69.74,37.52
32,169.37,71.24,39.08
30,167.61,71.39,39.08
7,165.85,71.54,39.08
83,171.23,69.29,38.14
53,170.54,69.36,38.15
16,168.42,70.43,37.83
10,166.66,70.59,37.83
7,167.46,69.63,36.58
5,171.7,66.79,39.42
111,171.47,69.29,38.14
88,171.67,68.35,38.11
27,171.09,66.91,35.81
42,171.25,67.73,36.43
41,171.32,67.51,36.43
35,171.05,67.54,36.43
37,171.22,67.31,36.43
55,170.93,68.88,37.52
109,171.47,69.3,37.51
62,171.47,68.39,36.89
46,171.47,67.75,36.73
40,171.48,67.46,36.73
34,171.48,67.23,36.73
37,171.38,67.07,36.42
34,171.24,66.86,36.11
73,171.67,68.36,37.5
40,171.67,67.69,37.03
31,171.67,67.35,37.03
24,171.68,67.07,37.01
21,171.55,66.9,36.71
29,171.4,66.75,36.42
25,171.39,66.55,36.43
25,171.38,66.39,36.42
27,170.06,68.96,37.52
17,169.18,69.04,37.52
17,168.3,69.11,37.52
5,166.54,69.27,37.52
2,165.66,69.34,37.52
5,163.3,65.23,34.79
2,162.56,65.56,34.46
3,162.88,65.43,34.5
2,162.82,65.47,34.49
2,162.71,65.48,34.48
3,162.98,65.36,34.52
4,162.96,65.18,34.56
2,162.66,65.45,34.49
2,162.61,65.49,34.48
74,171.59,64.83,35.1
2824,171.47,64.75,34.98
9689,171.57,64.66,35
13,171.91,64.69,35.1
204,171.69,64.71,35.1
2090,171.79,64.65,35.01
2,171.31,65.42,35.57
4,171.31,65.41,35.41
4,171.19,65.31,35.25
19,171.19,65.31,35.1
53,171.17,65.09,34.94
14132,171.04,64.95,34.63
140,171.07,65.21,34.94
202,171.05,65.04,34.83
9274,170.95,65.11,34.59
972,171.07,65.22,34.79
20,171.49,64.95,35.1
4,171.39,65.07,35.1
456,171.37,64.86,34.95
174,171.27,64.97,34.94
22521,171.15,64.87,34.65
350,172.01,64.57,34.93
5052,171.79,64.62,34.93
18953,171.57,64.64,34.92
10351,171.46,64.69,34.92
5732,171.24,64.71,34.92
1096,171.89,64.47,34.61
9033,171.78,64.56,34.61
30155,171.56,64.57,34.61
33608,171.35,64.66,34.63
26067,171.03,64.73,34.63
2,177.54,65.64,35.49
2,177.74,65.4,35.49
2,176.88,65.7,35.65
8,176.4,65.33,35.09
3,177.97,65.21,34.96
8,177.28,65.26,35.12
2,177.94,65.16,35.17
38,174.16,65.29,34.92
17,176.38,65.17,34.87
45,177.29,65.35,34.62
3,177.94,65.28,34.63
75,176.81,64.98,34.61
432,173.7,64.88,34.63
373,173.46,64.74,34.65
263,174.86,65.57,34.59
119,175.51,65.49,34.58
404,174.17,65.36,34.6
292,174.62,65.36,34.62
266,174.12,64.92,34.63
102,175.92,65.07,34.59
28,171.2,66.61,36.1
25,171.38,66.24,36.1
24,171.18,66.23,35.88
18,171.02,66.21,35.72
26,171.19,66.42,36.12
21,171.03,66.43,35.88
19,170.95,66.66,35.8
12,170.74,66.57,35.57
13,170.84,66.45,35.57
17,170.95,66.33,35.72
13,170.82,66.23,35.72
15,170.92,66.11,35.72
9,170.62,66.47,35.57
11,170.72,66.35,35.57
8,170.62,66.47,35.41
10,170.72,66.35,35.41
5,170.5,66.37,35.25
7,170.6,66.25,35.25
5,170.5,66.37,35.1
7,170.6,66.25,35.1
16,170.38,66.27,34.96
24,170.48,66.15,34.94
466,170.25,66.1,34.75
3514,170.01,66.02,34.57
13,170.82,66.23,35.57
15,170.92,66.11,35.57
12,170.82,66.23,35.41
9,170.7,66.13,35.25
15,170.92,66.11,35.41
11,170.8,66.01,35.25
8,170.58,66.03,35.1
14,170.68,65.91,35.1
360,170.57,65.8,34.81
35,170.46,65.93,34.94
60,170.56,65.81,34.94
3764,170.2,65.9,34.56
1327,170.44,65.79,34.68
173,170.47,65.91,34.83
908,170.34,65.88,34.71
2497,170.46,65.75,34.61
4491,170.18,65.86,34.5
5174,170.45,65.76,34.5
57,171.2,68.41,36.89
35,170.89,68.22,36.43
40,171.1,67.98,36.43
28,170.65,68.02,36.43
32,170.85,67.78,36.43
27,170.46,68.48,36.9
23,170.81,67.34,36.11
13,170.57,67.14,35.8
27,171,67.1,36.11
16,170.77,66.9,35.8
20,170.61,67.58,36.11
6,170.17,67.62,35.8
31,169.69,67.22,35.18
10,170.37,67.38,35.8
4,170.13,67.18,35.49
8,169.89,66.98,35.18
3,164.81,67.2,34.96
11,165.21,66.74,34.79
5,165.01,66.96,34.96
17,170.41,67.82,36.11
17,170.46,68.48,36.27
9,169.58,68.56,36.27
9,168.7,68.63,36.27
7,167.82,68.71,36.27
2,166.94,68.79,36.27
5,170.33,66.94,35.49
8,170.53,66.7,35.49
4,170.09,66.74,35.18
4,170.29,66.5,35.18
2,164.3,66.47,35.1
2,164.18,66.37,35.1
2,164.06,66.27,35.1
2,163.94,66.17,35.1
5,164.26,66.03,34.94
2,164.16,66.15,35.1
5,164.14,65.93,34.94
2,164.04,66.05,35.1
2,164.4,66.35,35.1
2,164.28,66.25,35.1
18,169.99,68.08,35.65
7,169.93,67.42,35.49
22,169.1,68.15,35.65
16,168.22,68.23,35.65
9,167.34,68.31,35.65
2,166.46,68.39,35.65
19,171.06,66.09,35.72
17,171.01,65.99,35.72
18,171.08,65.86,35.72
22,171.19,66.11,35.88
22,171.2,66.02,35.88
23,171.39,66.04,36.11
22,171.41,65.79,35.88
18,171.27,65.66,35.72
21,171.22,65.9,35.88
23,171.4,65.86,35.88
20,171.25,65.75,35.72
21,171.45,65.77,35.88
18,171.32,65.63,35.72
14,170.9,65.89,35.57
16,171.01,65.77,35.57
14,170.9,65.89,35.41
17,171,65.77,35.41
17,171.1,65.65,35.57
14,171.21,65.5,35.57
16,171.15,65.55,35.57
15,171.22,65.5,35.41
17,171.15,65.55,35.41
18,171.1,65.65,35.41
37,169.85,66.54,34.96
585,169.61,66.37,34.78
3659,169.37,66.26,34.58
854,169.21,66.83,34.79
4007,168.97,66.68,34.59
63,169.65,66.78,34.96
672,169.41,66.6,34.79
3880,169.17,66.47,34.59
30,170.05,66.29,34.96
632,169.81,66.14,34.76
3530,169.57,66.06,34.57
12,170.78,65.79,35.25
15,170.88,65.67,35.25
21,170.78,65.79,35.1
28,170.88,65.67,35.1
615,170.67,65.69,34.79
95,170.66,65.69,34.94
145,170.76,65.57,34.94
983,170.76,65.57,34.79
1641,170.55,65.59,34.67
1897,170.65,65.48,34.68
12,171.08,65.43,35.25
16,170.98,65.55,35.25
42,171.08,65.43,35.1
38,170.98,65.55,35.1
1822,170.86,65.45,34.78
2674,170.75,65.4,34.68
322,170.96,65.33,34.94
255,170.86,65.45,34.94
13161,170.81,64.9,34.63
6942,170.74,65.32,34.56
8266,170.84,65.23,34.57
2484,170.96,65.33,34.78
192,169.51,67.68,35.12
139,169.45,67.02,34.96
1047,169.03,67.28,34.79
3,165.05,67.4,34.96
6,165.25,67.16,34.96
6,165.5,67.59,34.79
13,165.45,66.94,34.79
35,165.65,66.71,34.79
8,165.98,67.98,35.12
65,166.39,67.51,34.79
240,168.63,67.75,35.12
178,167.75,67.83,35.12
80,166.86,67.91,35.12
1195,168.15,67.36,34.79
1003,167.27,67.44,34.79
7,164.38,66.07,34.85
5,164.38,66.13,34.94
10,164.6,66.15,34.76
10,164.48,66.06,34.73
6,164.5,66.23,34.95
4,164.53,66.56,34.96
4,164.77,66.76,34.96
5,163.9,65.73,34.79
6,164.01,65.76,34.62
9,164,65.61,34.65
4,164.02,65.83,34.94
8,164.1,65.77,34.7
6,164.02,65.83,34.79
4,163.9,65.73,34.94
14,164.35,65.81,34.66
10,164.24,65.8,34.79
12,164.23,65.73,34.65
9,164.36,65.91,34.94
11,164.36,65.9,34.82
8,164.24,65.81,34.94
5000,170.42,65.48,34.54
3926,168.55,66.93,34.59
21,165.91,67.15,34.59
3867,167.67,67.01,34.59
942,166.79,67.08,34.59
29,165.41,66.51,34.79
10,164.97,66.54,34.79
9,164.73,66.35,34.78
81,165.85,66.55,34.59
17,165.41,66.57,34.59
8,164.97,66.58,34.59
7,164.73,66.41,34.59
10,164.69,66.05,34.57
6,163.3,65.19,34.57
4,163.08,65.25,34.55
8,163.65,65.34,34.54
8,163.52,65.2,34.58
6,164.01,65.84,34.47
7,164.13,65.82,34.58
6,164.14,65.91,34.49
8,164,65.63,34.5
18,164.47,65.85,34.68
9,164.47,65.95,34.56
19,164.46,65.79,34.61
10,164.46,65.9,34.5
51,164.67,65.78,34.62
23,164.67,65.89,34.5
13,164.35,65.8,34.6
8,164.35,65.9,34.5
9,164.23,65.83,34.49
8,163.88,65.51,34.51
14,163.87,65.32,34.55
16,169.58,68.56,36.9
15,168.7,68.63,36.9
11,167.82,68.71,36.9
3,166.94,68.79,36.9
3,164.02,65.83,35.1
2,163.9,65.73,35.1
4,163.42,65.32,34.94
8,163.52,65.21,34.8
4,163.54,65.42,34.94
8,163.64,65.31,34.79
2,163.78,65.63,35.1
2,163.66,65.52,35.1
9,163.88,65.51,34.79
15,163.97,65.41,34.68
14,163.87,65.34,34.69
8,163.76,65.4,34.79
7,163.88,65.51,34.94
7,163.76,65.41,34.94
2,163.44,65.53,35.09
2,163.06,65.57,34.98
2,163,65.53,34.98
2,163.32,65.44,35.1
2,163.23,65.53,35.08
2,163.16,65.46,34.98
2,163.11,65.52,34.98
3,163.2,65.34,34.94
2,163.1,65.41,34.98
3,163.1,65.41,34.9
2,163.05,65.47,34.98
2,162.94,65.48,34.9
2,163.05,65.47,34.9
3,163.1,65.41,34.82
3,163.1,65.41,34.75
2,162.94,65.48,34.82
3,163.05,65.47,34.82
2,162.94,65.48,34.75
3,163.05,65.47,34.75
3,162.98,65.37,34.66
4,163.08,65.25,34.79
4,162.97,65.2,34.71
2,162.88,65.43,34.82
2,162.88,65.43,34.75
2,162.76,65.39,34.66
5,163.36,69.08,41.28
4,163.56,69.09,41.9
14,168.78,69.51,41.27
3,168.3,69.11,41.9
37,168.42,70.43,41.58
4,167.5,70.07,42.52
2,167.02,69.67,42.52
25,166.66,70.59,41.58
3,165.7,69.78,42.83
12,164.89,70.74,41.58
10,163.76,69.97,41.27
11,163.56,69.5,41.27
8,164.38,69.9,41.27
4,166.54,69.27,41.9
4,164.78,69.42,41.9
6,163.94,69.5,41.9
5,163.36,69.08,40.64
2,163.36,68.58,40
3,163.56,69.09,40.02
22,168.3,69.11,40.02
57,168.42,70.43,40.33
30,166.66,70.59,40.33
10,166.54,69.27,40.02
7,164.89,70.74,40.33
5,163.76,69.97,40.65
7,163.56,69.5,40.65
2,163.94,69.5,40.02
3,164.78,69.42,40.02
5,164.38,69.9,40.65
29,171.48,69.31,41.28
13,171.67,68.41,41.27
6,171.47,68.4,41.9
5,171.2,68.41,41.9
14,170.93,68.88,41.27
2,170.46,68.48,41.9
2,170.06,68.96,41.27
3,169.18,69.04,41.27
11,172.13,64.68,35.1
2,172.13,64.67,35.25
36,172.38,64.68,35.01
4,172.25,64.77,35.1
181,172.32,64.5,34.94
544,172.54,64.3,34.61
990,172.31,64.16,34.61
2,177.51,67.86,38.77
3,172.58,64.75,35.18
138,172.78,64.48,34.96
436,172.98,64.27,34.61
22,173.03,64.81,34.97
3,172.82,64.94,35.17
171,173.01,64.6,34.96
418,173.22,64.48,34.63
5,173.5,65.11,35.18
19,173.69,64.9,34.95
5,173.26,64.9,35.17
22,173.47,64.77,34.97
5,173.94,65.07,35.18
15,174.1,64.9,35
6,174.18,65.27,35.18
35,174.86,65.45,34.91
23,174.61,65.27,34.96
6,174.86,65.43,35.18
6,174.62,65.23,35.18
8,175.52,65.41,35.08
63,171.48,69.31,40.65
85,171.47,68.4,40.01
36,171.67,68.4,40.64
13,171.68,67.48,39.98
5,171.69,66.88,39.81
32,170.93,68.88,40.65
17,170.06,68.96,40.65
2,176.63,67.94,38.77
2,175.75,68.02,38.77
7,171.61,66.77,39.26
14,172.01,64.58,35.11
204,172.1,64.32,34.99
3438,171.86,64.14,34.61
2,171.42,65.47,35.72
6,171.47,65.6,35.88
9,171.63,65.76,36.11
17,171.68,67.51,39.3
7,171.69,66.99,39.17
94,171.67,68.36,38.74
99,171.47,69.29,38.77
90,171.47,68.4,39.38
59,171.2,68.42,40.02
31,170.46,68.48,40.02
55,170.93,68.88,39.4
73,171.23,69.29,38.77
55,170.54,69.36,38.77
18,169.58,68.56,40.02
35,169.22,69.48,40.33
39,170.06,68.96,39.4
25,168.78,69.51,38.15
23,169.26,69.92,38.15
30,169.66,69.44,38.15
51,170.18,70.28,39.08
15,168.7,68.63,40.02
2,164.89,70.74,39.08
5,165.74,70.22,38.15
6,166.14,69.74,38.15
2,165.26,69.82,38.15
39,168.42,70.43,39.08
21,166.66,70.59,39.08
25,168.3,69.11,39.4
9,166.54,69.27,39.4
2,164.78,69.42,39.4
58,170.93,68.88,38.15
37,170.06,68.96,38.15
27,169.18,69.04,38.15
22,168.3,69.11,38.15
15,167.46,69.63,37.83
7,166.54,69.27,38.15
3,165.66,69.34,38.15
3,171.71,66.44,39.44
11,171.56,66.9,39.52
14,171.48,66.9,39.38
29,171.68,67.39,38.06
87,171.47,68.38,38.13
29,171.1,66.9,36.12
24,171.38,66.24,36.42
44,171.25,67.73,36.74
41,171.32,67.51,36.74
39,171.05,67.54,36.74
27,170.81,67.34,36.43
39,171.22,67.31,36.74
30,171,67.1,36.43
65,171.2,68.41,37.52
35,170.46,68.48,37.52
76,171.47,68.38,37.51
50,171.47,67.74,37.04
42,171.48,67.45,37.04
36,171.48,67.22,37.03
31,171.38,67.07,36.73
31,171.24,66.85,36.42
28,171.2,66.61,36.43
26,171.19,66.41,36.42
32,171.67,67.39,37.47
18,171.55,66.9,37.02
23,171.4,66.75,36.73
24,171.39,66.55,36.73
23,171.38,66.39,36.73
22,171.39,66.05,36.42
22,169.58,68.56,37.52
19,168.7,68.63,37.52
13,167.82,68.71,37.52
5,166.94,68.79,37.52
2,166.06,68.86,37.52
8,163.4,65.12,34.82
4,163.3,65.22,34.94
5,163.18,65.13,34.81
2,162.44,65.48,34.49
3,162.76,65.38,34.51
4,162.86,65.26,34.54
5,162.96,65.11,34.57
2,162.54,65.4,34.5
2,171.69,64.71,35.25
163,171.47,64.73,35.1
2360,171.35,64.68,34.99
16,171.89,64.49,35.13
2,171.89,64.47,35.25
4,171.79,64.59,35.25
390,171.57,64.61,35.1
313,171.79,64.6,35.1
2,171.31,65.42,35.72
2,171.19,65.31,35.41
2,171.07,65.21,35.25
2,171.17,65.09,35.1
12,171.07,65.21,35.1
84,171.05,64.99,34.94
75,170.95,65.11,34.94
409,170.95,65.13,34.82
48,171.37,64.85,35.1
10,171.27,64.97,35.1
490,171.25,64.77,34.97
172,171.15,64.88,34.95
283,171.89,64.47,34.95
3487,171.78,64.56,34.93
16524,171.56,64.57,34.92
15937,171.35,64.65,34.91
530,170.81,64.82,34.89
3114,171.01,64.71,34.91
14894,171.66,64.38,34.61
31071,171.45,64.51,34.61
33266,171.34,64.59,34.61
13263,170.59,64.78,34.62
26012,171.01,64.58,34.61
2,177.94,65.16,35.49
3,177.28,65.22,35.65
8,176.79,64.9,35.21
3,176.4,65.3,35.65
7,175.92,64.98,35.18
15,177.27,65.08,34.92
3,177.94,65.1,34.91
2,178.11,64.91,34.91
4,177.71,64.8,35.22
20,176.8,64.79,34.98
31,173.69,64.79,34.89
24,173.52,64.71,34.92
21,175.5,65.23,34.86
17,174.35,65.08,34.99
24,174.15,64.86,34.93
32,174.61,65.17,34.9
18,175.91,64.88,34.96
13,177.69,64.85,34.62
53,177.22,64.63,34.59
101,176.33,64.71,34.6
303,173.87,64.76,34.62
352,173.44,64.6,34.64
227,174.16,64.77,34.6
165,175.03,65.12,34.6
263,174.37,65.14,34.62
114,175.45,64.78,34.6
22,170.95,66.66,36.12
23,171.03,66.43,36.12
24,171.19,66.23,36.11
18,170.95,66.33,35.88
19,171.02,66.21,35.88
14,170.82,66.23,35.88
16,170.92,66.11,35.88
13,170.73,66.46,35.8
11,170.7,66.13,35.72
12,170.8,66.01,35.72
7,170.5,66.37,35.57
8,170.6,66.25,35.57
6,170.5,66.37,35.41
7,170.6,66.25,35.41
3677,169.76,65.86,34.51
3409,169.78,65.92,34.56
4,170.38,66.27,35.25
5,170.48,66.15,35.25
4,170.38,66.27,35.1
6,170.48,66.15,35.1
40,170.25,66.05,34.93
821,170.01,65.93,34.72
10,170.7,66.13,35.57
12,170.8,66.01,35.57
9,170.7,66.13,35.41
7,170.58,66.03,35.25
11,170.8,66.01,35.41
9,170.68,65.91,35.25
8,170.46,65.93,35.1
12,170.56,65.81,35.1
35,170.34,65.83,34.94
55,170.44,65.71,34.94
321,170.45,65.71,34.8
1180,170.2,65.79,34.69
179,170.35,65.82,34.82
2337,170.17,65.75,34.62
1447,170.45,65.66,34.68
606,170.45,65.64,34.74
4253,170.22,65.66,34.52
39,170.88,68,36.9
21,170.41,67.82,36.43
24,170.61,67.58,36.43
20,169.99,68.08,36.9
22,170.77,66.9,36.43
21,170.57,67.14,36.43
17,170.57,67.14,36.11
9,170.33,66.94,35.8
19,170.77,66.9,36.11
11,170.53,66.7,35.8
17,170.17,67.62,36.43
19,170.37,67.38,36.43
12,170.17,67.62,36.11
15,170.37,67.38,36.11
4,169.93,67.42,35.8
7,169.69,67.22,35.49
39,169.45,67.02,35.18
6,170.13,67.18,35.8
3,169.89,66.98,35.49
10,169.65,66.78,35.18
2,164.77,66.76,35.18
2,164.53,66.56,35.18
2,165.05,67.4,35.18
4,165.25,67.16,35.18
10,165.21,66.72,34.96
3,165.01,66.96,35.18
11,169.99,68.08,36.27
8,169.1,68.15,36.27
7,168.22,68.23,36.27
3,167.34,68.31,36.27
3,170.09,66.74,35.49
4,170.29,66.5,35.49
4,169.85,66.54,35.18
4,170.05,66.3,35.18
3,164.26,66.03,35.1
3,164.14,65.93,35.1
4,164.5,66.23,35.1
3,164.38,66.13,35.1
6,164.36,65.91,35.1
5,164.24,65.81,35.1
19,169.51,67.68,35.65
21,168.63,67.75,35.65
14,167.75,67.83,35.65
6,166.86,67.91,35.65
18,171.45,65.77,36.43
20,171.4,65.85,36.43
19,171.06,66.09,35.88
17,171.02,65.99,35.88
14,170.9,65.89,35.72
18,171.08,65.87,35.88
15,171.01,65.77,35.72
21,171.21,65.99,36.11
21,171.4,65.84,36.12
17,171.27,65.66,35.88
15,171.15,65.55,35.72
19,171.25,65.75,35.88
16,171.1,65.65,35.72
20,171.45,65.77,36.11
17,171.33,65.63,35.88
13,171.21,65.5,35.72
11,170.78,65.79,35.72
12,170.88,65.67,35.72
12,170.98,65.55,35.72
9,171.08,65.43,35.72
11,170.78,65.79,35.57
13,170.88,65.67,35.57
12,170.78,65.79,35.41
14,170.88,65.67,35.41
14,170.98,65.55,35.57
10,171.08,65.43,35.57
12,171.08,65.43,35.41
15,170.98,65.55,35.41
54,169.61,66.33,34.96
1065,169.37,66.18,34.77
4062,169.13,66.1,34.58
52,169.21,66.81,35.18
13,169.41,66.58,35.18
179,169.21,66.81,34.96
1223,168.97,66.64,34.79
4307,168.73,66.51,34.59
83,169.41,66.58,34.96
1081,169.17,66.41,34.79
4292,168.93,66.3,34.58
55,169.81,66.08,34.94
1253,169.57,65.95,34.73
3836,169.32,65.94,34.57
10,170.66,65.69,35.25
12,170.76,65.57,35.25
18,170.66,65.69,35.1
24,170.76,65.57,35.1
79,170.54,65.59,34.94
115,170.64,65.47,34.94
514,170.54,65.59,34.79
912,170.43,65.48,34.69
743,170.64,65.47,34.78
8,170.96,65.33,35.25
13,170.86,65.45,35.25
29,170.96,65.33,35.1
31,170.86,65.45,35.1
170,170.85,65.23,34.94
167,170.74,65.35,34.94
6390,170.61,65.14,34.6
1094,170.85,65.24,34.8
1140,170.75,65.35,34.78
243,169.03,67.27,35.12
1394,168.55,66.9,34.79
4,165.51,67.58,35.12
12,165.45,66.92,34.96
31,165.65,66.68,34.96
31,165.91,67.12,34.79
105,165.85,66.48,34.78
37,166.39,67.51,35.12
422,166.79,67.05,34.79
256,168.15,67.35,35.12
185,167.27,67.43,35.12
1519,167.67,66.97,34.79
10,164.6,66.11,34.94
11,164.48,65.99,34.84
9,164.48,66.01,34.94
25,164.69,65.95,34.72
8,164.73,66.31,34.96
9,164.97,66.52,34.96
27,165.41,66.48,34.96
9,164,65.61,34.79
10,164.12,65.7,34.65
18,164.1,65.5,34.67
8,164.12,65.71,34.94
10,164.12,65.71,34.78
7,164,65.61,34.94
28,164.46,65.71,34.67
20,164.34,65.69,34.79
21,164.34,65.68,34.66
17,164.46,65.79,34.94
22,164.47,65.78,34.8
16,164.34,65.69,34.94
69,164.67,65.7,34.68
3572,170.41,65.32,34.57
8399,170.38,64.95,34.64
4112,169.37,65.86,34.51
4030,168.07,66.58,34.58
3314,167.19,66.65,34.59
478,166.31,66.72,34.59
90,165.61,66.29,34.77
25,165.17,66.32,34.78
25,164.93,66.13,34.76
533,166.05,66.35,34.58
40,165.61,66.37,34.58
14,165.17,66.39,34.59
12,164.93,66.22,34.58
21,164.91,65.94,34.56
8,163.4,65.1,34.6
6,163.18,65.12,34.58
7,163.27,65.03,34.84
14,163.51,65.02,34.62
9,163.64,65.27,34.56
16,163.62,65.08,34.61
8,164.12,65.76,34.49
17,164.1,65.5,34.52
26,164.56,65.79,34.6
12,164.56,65.9,34.5
18,164.46,65.82,34.5
124,164.79,65.76,34.62
63,164.79,65.89,34.49
57,164.67,65.82,34.5
16,164.34,65.76,34.5
16,163.98,65.39,34.54
19,163.86,65.25,34.56
16,169.1,68.15,36.9
12,168.22,68.23,36.9
4,167.34,68.31,36.9
5,164.12,65.71,35.1
4,164,65.61,35.1
2,163.54,65.42,35.1
2,163.42,65.32,35.1
7,163.52,65.2,34.94
15,163.62,65.1,34.83
7,163.64,65.31,34.94
16,163.74,65.19,34.81
4,163.88,65.51,35.1
4,163.76,65.41,35.1
18,163.98,65.39,34.78
17,163.86,65.29,34.79
14,163.98,65.39,34.94
14,163.86,65.29,34.94
2,162.94,65.48,34.98
2,162.88,65.43,34.98
2,162.88,65.43,34.9
2,163.2,65.34,35.1
2,163.1,65.46,35.1
3,163.08,65.24,34.94
2,162.98,65.36,34.94
3,162.98,65.36,34.79
3,162.86,65.28,34.68
4,162.96,65.15,34.8
2,162.76,65.38,34.79
2,162.64,65.3,34.68
7,163.56,69.09,41.27
4,163.74,69.08,41.9
6,168.3,69.11,41.27
11,167.46,69.63,41.58
6,166.54,69.27,41.27
7,165.7,69.78,41.58
5,164.78,69.42,41.27
7,163.94,69.5,41.27
2,166.06,68.86,41.9
2,164.3,69.02,41.9
2,165.18,68.94,41.9
6,163.56,69.09,40.64
3,163.74,69.08,40.02
2,163.56,68.59,40.01
16,168.3,69.11,40.65
11,167.82,68.71,40.02
23,167.46,69.63,40.33
7,166.94,68.79,40.02
8,166.54,69.27,40.65
5,166.06,68.86,40.02
8,165.7,69.78,40.33
3,165.18,68.94,40.02
2,164.3,69.02,40.02
4,164.78,69.42,40.65
5,163.94,69.5,40.65
25,171.47,68.4,41.27
3,171.67,67.47,41.27
22,171.2,68.41,41.27
2,170.88,68,41.9
8,170.46,68.48,41.27
4,172.34,64.56,35.2
98,172.54,64.29,34.99
546,172.75,64.13,34.61
116,172.31,64.16,35.03
911,172.29,64.02,34.61
5,172.78,64.52,35.2
40,172.98,64.26,35
353,173.19,64.09,34.61
5,173.02,64.71,35.17
48,173.22,64.44,34.96
316,173.42,64.23,34.61
5,173.7,64.87,35.17
17,173.88,64.77,34.99
4,173.46,64.67,35.17
5,174.38,65.04,35.18
5,174.13,64.84,35.19
6,175.04,65.04,35.18
2,175.52,65.38,35.65
58,171.47,68.4,40.64
38,171.49,67.53,40.01
7,171.67,67.46,40.62
4,171.56,66.26,39.78
15,171.52,66.98,39.88
2,171.18,67.53,41.9
45,171.2,68.41,40.65
19,170.46,68.48,40.65
9,169.58,68.56,40.65
8,168.7,68.63,40.65
12,171.56,66.89,39.08
3,171.3,66.25,39.59
6,171.53,66.59,39.25
2,171.72,66.3,39.37
3001,172.06,63.9,34.61
2159,172.26,63.66,34.62
6,172.1,64.37,35.24
572,171.86,64.13,35.03
12525,171.62,64.02,34.61
8672,171.82,63.71,34.62
2,171.42,65.47,35.88
9,171.63,65.76,36.42
3,171.57,65.59,36.11
50,171.5,67.58,39.36
24,171.68,67.41,38.66
18,171.54,67.12,39.27
3,170.35,66.27,39.53
46,170.88,68,40.02
90,171.47,68.39,38.76
64,171.2,68.42,39.4
66,171.2,68.41,38.15
15,169.99,68.08,40.02
39,170.46,68.48,39.4
59,170.93,68.88,38.77
42,170.06,68.96,38.77
27,169.58,68.56,39.4
8,169.1,68.15,40.02
38,169.22,69.48,39.08
22,168.7,68.63,39.4
5,168.22,68.23,40.02
6,165.7,69.78,39.08
8,166.54,69.27,38.77
25,168.3,69.11,38.77
22,167.46,69.63,39.08
14,167.82,68.71,39.4
8,166.94,68.79,39.4
5,166.06,68.86,39.4
3,165.18,68.94,39.4
41,170.46,68.48,38.15
30,169.58,68.56,38.15
23,168.7,68.63,38.15
14,167.82,68.71,38.15
7,166.94,68.79,38.15
3,166.06,68.86,38.15
5,171.59,66.55,39.53
23,171.39,67,39.58
5,171.23,66.37,39.6
11,171.45,66.71,39.35
26,171.42,67.03,39.21
13,171.55,66.89,38.62
4,170.81,66.26,39.4
14,171.55,66.9,38.05
51,171.48,67.51,38.11
30,171.1,66.9,36.42
24,171.03,66.43,36.42
24,171.19,66.23,36.43
22,171.38,66.24,36.73
25,170.96,66.66,36.43
47,171.25,67.73,37.05
44,171.32,67.51,37.05
42,171.05,67.54,37.05
31,170.81,67.34,36.74
41,171.22,67.31,37.05
32,171,67.1,36.74
24,170.57,67.14,36.74
25,170.77,66.9,36.74
47,170.88,68,37.52
26,169.99,68.08,37.52
48,171.48,67.52,37.5
31,171.38,67.07,37.04
30,171.24,66.85,36.74
28,171.2,66.61,36.73
25,171.18,66.41,36.74
16,171.55,66.9,37.46
23,171.4,66.75,37.04
23,171.39,66.56,37.03
22,171.39,66.4,37.04
20,171.39,66.05,36.73
20,171.21,65.99,36.43
20,169.1,68.15,37.52
14,168.22,68.23,37.52
4,167.34,68.31,37.52
13,163.51,65.04,34.85
7,163.4,65.1,34.94
2,163.3,65.22,35.1
4,163.18,65.12,34.94
5,163.06,65.04,34.82
7,163.17,64.96,34.85
6,163.06,65.02,34.6
9,163.17,64.94,34.62
2,162.32,65.42,34.51
3,162.64,65.28,34.53
4,162.75,65.2,34.55
5,162.84,65.04,34.59
3,162.42,65.3,34.53
9,171.57,64.61,35.25
3,171.47,64.73,35.25
408,171.45,64.52,35.11
25,171.45,64.51,35.25
10,171.35,64.63,35.25
236,171.35,64.63,35.09
99,171.66,64.4,35.22
3,171.05,64.99,35.1
6,170.95,65.11,35.1
81,170.82,64.93,34.95
81,171.25,64.75,35.09
229,171.03,64.77,34.98
17,171.15,64.87,35.1
3048,171.66,64.37,34.97
14178,171.45,64.51,34.93
16121,171.34,64.59,34.91
201,170.58,64.76,34.91
5003,171.01,64.58,34.92
21921,171.42,64.18,34.61
29710,171.22,64.42,34.61
15570,170.57,64.63,34.61
22819,170.78,64.46,34.61
9,177.22,64.57,35.3
3,177.68,64.75,35.65
5,176.8,64.82,35.65
8,176.34,64.64,35.28
4,175.92,64.9,35.64
6,175.46,64.71,35.27
2,178.15,64.36,35.27
8,177.67,64.7,34.99
16,177.22,64.52,35.04
16,176.33,64.6,35.03
56,173.87,64.73,34.92
23,173.47,64.58,34.94
22,174.16,64.74,34.93
16,175.04,64.92,34.96
23,174.4,65.02,34.92
11,175.45,64.67,35.02
70,177.19,64.27,34.62
3,178.09,64.31,34.61
103,176.31,64.39,34.61
270,173.91,64.61,34.61
291,173.66,64.44,34.61
152,174.55,64.66,34.6
103,175.43,64.45,34.61
8,177.99,63.41,34.66
15,170.73,66.46,36.11
17,170.92,66.22,36.11
11,170.7,66.13,35.88
12,170.8,66.01,35.88
8,170.49,66.26,35.8
10,170.68,65.91,35.88
9,170.58,66.03,35.88
8,170.58,66.03,35.72
9,170.68,65.91,35.72
6,170.48,66.15,35.57
5,170.38,66.27,35.57
5,170.38,66.27,35.41
6,170.48,66.15,35.41
2335,169.76,65.73,34.64
3247,169.76,65.71,34.54
1458,169.78,65.8,34.7
5,170.25,66.06,35.18
72,170.01,65.85,34.91
8,170.58,66.03,35.57
9,170.68,65.91,35.57
6,170.46,65.93,35.25
7,170.58,66.03,35.41
7,170.56,65.81,35.25
9,170.68,65.91,35.41
5,170.34,65.83,35.25
6,170.44,65.71,35.25
7,170.34,65.83,35.1
10,170.44,65.71,35.1
111,170.21,65.64,34.9
317,170.23,65.54,34.78
698,170.21,65.6,34.69
3542,169.97,65.49,34.56
16,171.45,65.77,36.74
17,171.4,65.85,36.73
26,170.39,67.6,36.9
16,169.51,67.68,36.9
16,170.53,66.7,36.43
16,170.33,66.94,36.43
12,170.33,66.94,36.11
5,170.09,66.74,35.8
13,170.53,66.7,36.11
6,170.29,66.5,35.8
13,169.93,67.42,36.43
14,170.13,67.18,36.43
9,169.93,67.42,36.11
10,170.13,67.18,36.11
3,169.69,67.22,35.8
8,169.45,67.02,35.49
4,169.89,66.98,35.8
2,169.65,66.78,35.49
5,164.97,66.52,35.18
4,164.73,66.32,35.18
8,165.45,66.92,35.18
6,165.21,66.72,35.18
21,165.65,66.68,35.18
18,165.41,66.48,35.18
8,169.51,67.68,36.27
6,168.63,67.75,36.27
3,167.75,67.83,36.27
2,169.85,66.54,35.49
2,170.05,66.3,35.49
5,169.61,66.34,35.18
4,169.81,66.1,35.18
2,164.5,66.23,35.25
3,164.36,65.91,35.25
2,164.24,65.81,35.25
3,164.6,66.11,35.25
3,164.48,66.01,35.25
6,164.6,66.11,35.1
6,164.48,66.01,35.1
10,164.46,65.79,35.1
10,164.34,65.69,35.1
9,169.21,66.81,35.49
2,169.41,66.58,35.49
19,169.03,67.27,35.65
19,168.15,67.35,35.65
12,167.27,67.43,35.65
4,166.39,67.51,35.65
14,171.33,65.63,36.43
15,171.25,65.73,36.43
17,171.04,65.97,36.12
14,170.9,65.89,35.88
14,171.01,65.77,35.88
10,170.78,65.79,35.88
11,170.88,65.67,35.88
17,171.25,65.73,36.11
13,171.15,65.55,35.88
14,171.1,65.65,35.88
15,171.33,65.63,36.11
11,171.21,65.5,35.88
11,170.98,65.55,35.88
8,171.08,65.43,35.88
8,170.66,65.69,35.72
9,170.76,65.57,35.72
9,170.86,65.45,35.72
5,170.96,65.33,35.72
9,170.66,65.69,35.57
10,170.76,65.57,35.57
10,170.66,65.69,35.41
12,170.76,65.57,35.41
10,170.86,65.45,35.57
6,170.96,65.33,35.57
8,170.96,65.33,35.41
12,170.86,65.45,35.41
80,169.37,66.13,34.95
1800,169.13,66,34.75
4725,168.9,65.96,34.57
4584,168.49,66.19,34.57
73,168.97,66.61,35.18
19,169.17,66.37,35.18
263,168.97,66.61,34.96
1684,168.73,66.45,34.78
129,169.17,66.37,34.96
1715,168.93,66.22,34.77
83,169.57,65.88,34.92
2833,169.37,65.72,34.66
2058,169.32,65.82,34.71
4496,169.1,65.88,34.56
8,170.54,65.59,35.25
10,170.64,65.47,35.25
15,170.54,65.59,35.1
19,170.64,65.47,35.1
255,170.42,65.38,34.87
4,170.85,65.23,35.25
9,170.74,65.35,35.25
17,170.85,65.23,35.1
21,170.74,65.35,35.1
252,170.62,65.16,34.91
251,170.37,64.87,34.91
315,168.55,66.87,35.12
1685,168.07,66.51,34.77
416,166.05,66.26,34.76
20,165.91,67.1,35.12
94,165.85,66.44,34.96
276,166.31,66.66,34.78
271,167.67,66.95,35.12
135,166.79,67.03,35.12
1519,167.19,66.59,34.78
28,164.69,65.87,34.9
104,164.91,65.82,34.7
25,164.93,66.07,34.94
25,165.17,66.27,34.96
89,165.61,66.23,34.95
7,163.28,65.01,34.94
18,164.1,65.49,34.78
38,164.21,65.42,34.69
19,164.22,65.59,34.66
15,164.22,65.59,34.94
19,164.22,65.59,34.79
15,164.1,65.49,34.94
141,164.75,65.66,34.7
53,164.56,65.67,34.67
50,164.45,65.57,34.78
52,164.43,65.57,34.67
35,164.56,65.67,34.94
49,164.56,65.66,34.79
35,164.44,65.57,34.94
4698,170.17,65.19,34.61
9191,170.15,64.84,34.63
4842,168.89,65.86,34.52
3939,169.36,65.74,34.55
4681,169.09,65.86,34.51
3944,167.6,66.24,34.58
3324,166.72,66.29,34.58
2881,166.25,66.14,34.57
448,165.81,66.07,34.74
87,165.37,66.1,34.75
118,165.13,65.92,34.73
285,164.96,65.74,34.65
533,165.81,66.17,34.57
31,165.37,66.2,34.58
181,165.34,65.92,34.57
32,165.13,66.03,34.57
196,164.96,65.88,34.52
3200,166.01,65.99,34.57
9,163.28,65,34.62
20,163.5,64.95,34.64
15,163.74,65.18,34.58
34,163.73,65.01,34.63
17,164.22,65.63,34.5
45,164.21,65.42,34.54
130,164.77,65.79,34.52
60,164.56,65.75,34.51
71,164.45,65.63,34.52
586,164.9,65.69,34.55
46,164.08,65.27,34.57
46,163.96,65.16,34.59
12,168.63,67.75,36.9
5,167.75,67.83,36.9
2,164.12,65.71,35.25
2,164,65.61,35.25
9,164.22,65.59,35.1
9,164.1,65.49,35.1
4,163.64,65.31,35.1
4,163.52,65.2,35.1
13,163.62,65.09,34.94
27,163.73,65.02,34.85
31,163.83,65.09,34.83
14,163.74,65.19,34.94
8,163.98,65.39,35.1
8,163.86,65.29,35.1
39,164.08,65.27,34.8
37,163.96,65.18,34.81
30,164.08,65.27,34.94
31,163.96,65.16,34.94
2,162.76,65.38,34.94
2,162.43,65.32,34.68
2,163.08,65.24,35.1
2,162.98,65.36,35.1
3,162.96,65.14,34.94
3,162.86,65.26,34.94
3,162.86,65.26,34.79
3,162.75,65.22,34.7
4,162.84,65.05,34.81
2,162.64,65.28,34.79
3,162.53,65.24,34.69
6,163.74,69.08,41.27
2,163.56,68.6,41.27
3,167.82,68.71,41.27
3,166.94,68.79,41.27
3,166.06,68.86,41.27
4,164.3,69.02,41.27
3,165.18,68.94,41.27
5,163.74,69.08,40.65
2,163.56,68.6,40.64
2,163.89,68.62,40.02
7,167.82,68.71,40.65
3,167.34,68.31,40.02
5,166.94,68.79,40.65
2,166.46,68.39,40.02
4,166.06,68.86,40.65
2,165.58,68.46,40.02
2,164.7,68.54,40.02
3,164.3,69.02,40.65
3,165.18,68.94,40.65
8,171.47,67.5,41.27
14,170.88,68,41.27
3,169.99,68.08,41.27
4,172.54,64.34,35.24
36,172.75,64.12,35.03
517,172.73,63.99,34.61
5,172.31,64.2,35.26
110,172.29,64.02,35.06
876,172.5,63.86,34.61
3,172.98,64.3,35.25
27,173.19,64.09,35.03
380,173.17,63.95,34.61
4,173.22,64.48,35.2
28,173.42,64.22,35
311,173.69,64.01,34.61
5,173.89,64.64,35.19
4,173.66,64.45,35.21
2,174.14,64.83,35.49
4,174.5,64.67,35.25
2,175.04,64.97,35.64
1459,172.47,63.49,34.64
4829,172.02,63.47,34.64
3,170.35,66.27,39.91
48,171.18,67.52,40.01
20,171.47,67.5,40.64
5,171.51,66.67,40.03
5,171.44,66.4,39.84
26,171.36,67.05,39.86
3,171.14,66.43,40.02
4,170.68,66.25,40.09
11,171.18,67.53,41.27
33,170.88,68,40.65
8,169.99,68.08,40.65
2,169.1,68.15,40.65
2,168.22,68.23,40.65
3,171.04,66.26,39.49
10,171.42,66.69,39.12
4,171.54,66.27,39.42
3,171.62,66.39,39.44
3,171.59,66.36,39.26
284,172.06,63.9,35.09
82,172.26,63.66,35.16
8754,171.79,63.35,34.65
11,171.84,64.19,35.28
1149,171.63,64.02,35.05
448,171.82,63.7,35.15
11937,171.61,63.87,34.61
12936,171.58,63.5,34.64
9,171.63,65.76,36.73
3,171.57,65.59,36.43
52,171.19,67.51,39.39
53,171.5,67.51,38.73
35,171.37,67.16,39.33
4,170.31,66.26,39.21
5,170.34,66.45,39.46
22,170.39,67.6,40.02
52,170.88,68,39.4
65,171.2,68.41,38.77
51,170.88,68,38.15
5,169.51,67.68,40.02
23,169.99,68.08,39.4
43,170.46,68.48,38.77
31,169.58,68.56,38.77
15,169.1,68.15,39.4
2,168.63,67.75,40.02
24,168.7,68.63,38.77
9,168.22,68.23,39.4
2,165.18,68.94,38.77
4,166.06,68.86,38.77
14,167.82,68.71,38.77
8,166.94,68.79,38.77
4,167.34,68.31,39.4
3,166.46,68.39,39.4
2,165.58,68.46,39.4
30,169.99,68.08,38.15
22,169.1,68.15,38.15
14,168.22,68.23,38.15
5,167.34,68.31,38.15
2,166.46,68.39,38.15
5,170.99,66.39,39.52
12,171.28,66.68,39.56
15,171.41,66.59,38.66
15,171.31,66.85,39.2
29,171.4,67.05,38.71
6,170.77,66.41,39.36
4,170.73,66.26,39.19
18,171.4,66.55,38.07
30,171.39,67.06,38.11
50,171.17,67.51,38.15
31,171.1,66.9,36.74
19,170.92,66.22,36.43
25,171.03,66.43,36.74
21,171.38,66.27,36.99
23,171.18,66.23,36.74
27,170.95,66.66,36.74
18,170.73,66.46,36.43
47,171.17,67.52,37.52
34,170.81,67.34,37.05
35,171,67.1,37.05
27,170.57,67.14,37.05
18,170.33,66.94,36.74
28,170.77,66.9,37.05
18,170.53,66.7,36.74
32,170.39,67.6,37.52
19,169.51,67.68,37.52
31,171.38,67.07,37.5
29,171.25,66.85,37.05
27,171.21,66.61,37.04
25,171.19,66.42,37.05
21,171.4,66.56,37.49
18,171.39,66.09,37.05
17,171.21,65.99,36.74
17,171.04,65.97,36.42
15,171.4,65.85,37.04
14,171.45,65.77,37.04
13,168.63,67.75,37.52
5,167.75,67.83,37.52
13,163.5,64.99,34.95
4,163.4,65.1,35.1
2,163.18,65.12,35.1
5,163.06,65.02,34.94
5,162.93,64.95,34.84
4,163.28,65,35.1
7,163.16,64.91,34.94
11,163.16,64.86,34.64
7,162.94,64.92,34.62
6,162.83,64.86,34.63
2,162.2,65.32,34.53
3,162.53,65.22,34.55
4,162.74,65.13,34.57
5,162.72,64.94,34.61
3,162.31,65.24,34.55
138,171.22,64.44,35.21
87,171.42,64.22,35.27
11,170.82,64.9,35.17
68,170.59,64.81,34.99
51,171.02,64.66,35.18
2781,171.42,64.17,35.01
8904,171.22,64.41,34.96
1019,170.57,64.62,34.93
2856,170.77,64.44,34.97
24184,171.19,64.05,34.61
26227,170.98,64.22,34.61
14285,170.34,64.51,34.61
20290,170.54,64.26,34.61
2,178.09,64.27,35.66
2,177.68,64.74,36.27
6,177.2,64.36,35.67
3,176.8,64.82,36.27
2,175.92,64.9,36.27
7,176.32,64.43,35.67
5,175.44,64.51,35.66
19,177.19,64.22,35.13
3,178.07,64.26,35.03
17,176.31,64.31,35.12
33,173.91,64.59,34.94
31,173.66,64.42,34.96
14,174.57,64.57,35.01
11,175.43,64.38,35.11
109,176.72,64,34.65
39,177.6,63.9,34.63
96,175.84,64.09,34.64
103,174.96,64.15,34.63
290,174.07,64.22,34.61
52,177.53,63.17,34.7
7,178,63.38,35.28
2,178.39,62.94,34.69
10,170.49,66.26,36.11
11,170.69,66.02,36.11
5484,169.51,65.18,34.64
4,170.25,66.06,35.8
6,170.45,65.82,35.8
4744,169.3,65.39,34.62
4,170.25,66.06,35.49
731,169.76,65.58,34.78
3852,169.53,65.56,34.59
5,170.01,65.86,35.18
94,169.77,65.67,34.9
6,170.45,65.82,35.49
7,170.21,65.62,35.18
201,169.98,65.44,34.87
4500,169.73,65.28,34.63
12,171.33,65.63,36.74
13,171.25,65.73,36.74
12,170.49,66.26,36.43
12,170.69,66.02,36.43
13,170.29,66.5,36.74
13,170.09,66.74,36.74
16,169.91,67.2,36.9
9,169.03,67.27,36.9
11,170.29,66.5,36.43
11,170.09,66.74,36.43
8,170.09,66.74,36.11
3,169.85,66.54,35.8
9,170.29,66.5,36.11
4,170.05,66.3,35.8
10,169.89,66.98,36.43
9,169.69,67.22,36.43
6,169.69,67.22,36.11
7,169.89,66.98,36.11
2,169.45,67.02,35.8
2,169.65,66.78,35.8
15,165.17,66.28,35.18
14,164.93,66.08,35.18
2,165.45,66.92,35.49
55,165.85,66.44,35.18
5,165.65,66.68,35.49
50,165.61,66.24,35.18
4,165.41,66.48,35.49
4,169.03,67.27,36.27
2,168.15,67.35,36.27
6,169.37,66.13,35.18
4,169.57,65.9,35.18
6,164.46,65.79,35.25
5,164.34,65.69,35.25
12,164.69,65.88,35.18
12,164.56,65.67,35.25
11,164.44,65.57,35.25
20,164.56,65.67,35.1
21,164.44,65.57,35.1
3,165.91,67.1,35.65
13,168.97,66.61,35.49
3,169.17,66.37,35.49
22,168.55,66.87,35.65
19,167.67,66.95,35.65
11,166.79,67.03,35.65
9,171.16,65.46,36.43
9,171.05,65.57,36.43
11,170.9,65.78,36.43
12,170.9,65.78,36.11
8,170.66,65.69,35.88
8,170.76,65.57,35.88
9,171.16,65.45,36.11
11,171.05,65.57,36.11
8,170.86,65.45,35.88
5,170.96,65.33,35.88
6,170.54,65.59,35.88
6,170.64,65.47,35.88
6,170.54,65.59,35.72
6,170.64,65.47,35.72
5,170.74,65.35,35.88
3,170.85,65.23,35.88
6,170.74,65.35,35.72
2,170.85,65.23,35.72
7,170.54,65.59,35.57
8,170.64,65.47,35.57
8,170.54,65.59,35.41
10,170.64,65.47,35.41
7,170.74,65.35,35.57
3,170.85,65.23,35.57
4,170.85,65.23,35.41
9,170.74,65.35,35.41
4280,168.05,65.98,34.57
193,169.13,65.92,34.93
3967,168.89,65.71,34.66
3031,168.9,65.84,34.72
4958,168.65,65.89,34.56
100,168.73,66.41,35.18
27,168.93,66.17,35.18
2423,168.49,66.09,34.74
401,168.73,66.41,34.95
237,168.93,66.17,34.95
237,169.34,65.68,34.9
2961,169.1,65.75,34.7
3685,169.09,65.71,34.66
10,170.41,65.38,35.18
183,170.18,65.2,34.92
9,170.62,65.14,35.18
136,170.39,64.98,34.96
179,170.15,64.81,34.93
358,168.07,66.46,35.1
2164,167.6,66.14,34.75
1845,166.25,66.03,34.73
280,166.05,66.2,34.94
315,167.19,66.54,35.12
1960,166.72,66.2,34.76
117,166.31,66.62,35.11
137,166.05,66.2,35.18
132,165.81,66,35.18
105,165.13,65.84,34.92
141,164.89,65.64,34.88
474,165.34,65.79,34.71
89,165.37,66.03,34.93
301,165.81,66,34.92
2146,166.01,65.86,34.71
13,163.38,64.89,34.96
47,164.32,65.49,34.68
44,164.2,65.37,34.79
32,164.32,65.47,34.94
46,164.32,65.47,34.79
32,164.2,65.37,34.94
127,164.64,65.45,34.88
6628,169.93,65.01,34.65
10576,170.14,64.69,34.61
4811,168.88,65.76,34.54
4978,168.63,65.86,34.51
4688,169.1,65.62,34.58
4367,167.15,66.01,34.57
4194,166.46,65.96,34.57
4136,166.22,65.9,34.56
493,165.57,65.89,34.72
1041,165.31,65.73,34.66
2727,165.77,65.91,34.56
391,165.57,66.01,34.57
1142,165.31,65.88,34.51
3683,166.01,65.73,34.66
4505,166.01,65.87,34.52
2562,165.33,65.7,34.56
4671,168.03,65.86,34.51
5390,169.07,65.27,34.61
17,163.38,64.88,34.65
41,163.6,64.86,34.65
40,163.84,65.07,34.61
49,163.72,64.93,34.65
66,164.2,65.34,34.56
56,164.32,65.5,34.53
2140,165.09,65.5,34.59
440,164.66,65.49,34.57
208,164.17,65.02,34.64
4,168.15,67.35,36.9
4,164.22,65.59,35.25
4,164.1,65.49,35.25
9,164.32,65.47,35.25
10,164.2,65.37,35.25
19,164.32,65.47,35.1
19,164.2,65.37,35.1
3,163.98,65.39,35.25
3,163.86,65.29,35.25
8,163.74,65.19,35.1
8,163.62,65.08,35.1
28,163.85,65.07,34.94
26,163.72,64.97,34.95
8,164.08,65.27,35.25
9,163.96,65.17,35.25
18,164.08,65.27,35.1
18,163.96,65.17,35.1
86,164.17,65.07,34.93
24,163.6,64.88,34.97
2,162.64,65.28,34.94
2,162.31,65.26,34.7
2,162.42,65.3,34.79
2,162.96,65.14,35.1
2,162.86,65.26,35.1
3,162.84,65.04,34.94
3,162.74,65.16,34.94
3,162.74,65.17,34.79
4,162.72,64.96,34.84
3,162.52,65.19,34.79
2,162.21,65.34,34.68
2,161.78,65.6,34.51
2,163.89,68.62,41.27
2,163.89,68.62,40.65
2,167.34,68.31,40.65
4,170.39,67.6,41.27
3,172.75,64.17,35.27
35,172.74,63.99,35.06
410,172.94,63.83,34.61
46,172.5,63.86,35.1
752,172.7,63.63,34.63
4,173.19,64.13,35.28
28,173.17,63.95,35.06
354,173.57,63.71,34.62
4,173.42,64.26,35.25
23,173.69,64,35.06
2,173.9,64.63,35.49
2,173.66,64.43,35.49
5,174.03,64.29,35.29
2,174.56,64.58,35.65
43,172.47,63.49,35.22
143,172.02,63.46,35.22
1508,172.45,63.35,34.65
2938,172.22,63.23,34.66
4,170.34,66.43,39.91
30,171.18,67.53,40.64
24,170.81,67.1,40.02
3,171.48,66.76,40.63
12,171.15,66.72,40.01
2,171.24,66.43,40.63
5,170.66,66.39,40.11
2,170.67,66.24,40.41
3,170.83,67.12,41.27
12,170.39,67.6,40.65
2,169.51,67.68,40.65
4,171.3,66.24,39.26
4,171.43,66.33,39.15
5,171.48,66.39,39.4
8,171.42,66.21,38.82
2,172.06,63.91,35.51
148,171.79,63.34,35.26
8772,171.77,63.21,34.67
22,171.63,64.05,35.31
2,171.82,63.72,35.55
1105,171.61,63.87,35.09
323,171.58,63.5,35.21
17849,171.38,63.74,34.62
15017,171.35,63.38,34.65
10,171.63,65.76,37.04
4,171.57,65.59,36.74
29,170.78,67.11,39.4
51,171.19,67.5,38.78
4,170.29,66.24,39.15
6,170.31,66.4,39.09
5,169.91,67.2,40.02
10,170.3,66.77,39.38
30,170.39,67.6,39.4
53,170.88,68,38.77
35,170.39,67.6,38.15
10,169.51,67.68,39.4
29,169.99,68.08,38.77
20,169.1,68.15,38.77
5,168.63,67.75,39.4
12,168.22,68.23,38.77
2,167.75,67.83,39.4
2,165.58,68.46,38.77
5,167.34,68.31,38.77
2,166.46,68.39,38.77
19,169.51,67.68,38.15
11,168.63,67.75,38.15
4,167.75,67.83,38.15
12,171.07,66.67,39.32
20,171.29,66.68,38.68
10,170.8,66.52,39.25
7,170.68,66.38,39.09
3,170.69,66.17,39.15
3,171.46,65.78,38.09
8,171.4,66.01,38.08
22,171.25,66.61,38.11
35,170.78,67.12,38.15
32,171.1,66.9,37.05
25,171.04,66.43,37.06
22,171.18,66.25,36.99
19,170.92,66.22,36.74
27,170.96,66.66,37.05
19,170.73,66.46,36.74
33,170.78,67.12,37.52
20,170.33,66.94,37.05
20,170.53,66.7,37.05
14,170.29,66.5,37.05
14,170.09,66.74,37.05
19,169.91,67.2,37.52
10,169.03,67.27,37.52
14,171.4,66.04,37.48
25,171.23,66.62,37.51
16,171.21,66.03,37.06
15,171.04,65.97,36.74
11,171.26,65.73,37.05
10,171.46,65.78,37.51
10,171.33,65.63,37.05
4,168.15,67.35,37.52
8,163.5,64.98,35.1
2,163.28,65,35.25
3,163.06,65.02,35.1
5,162.95,64.92,34.94
5,162.83,64.88,34.86
8,163.38,64.88,35.1
5,163.16,64.9,35.1
12,163.26,64.79,34.97
8,163.04,64.81,34.95
17,163.26,64.78,34.67
10,163.04,64.8,34.65
8,162.82,64.79,34.65
2,161.88,65.47,34.52
2,162.1,65.44,34.51
3,162.09,65.26,34.55
4,162.52,65.15,34.57
4,162.62,65.06,34.59
5,162.61,64.88,34.63
3,162.3,65.17,34.57
71,170.99,64.26,35.26
92,171.19,64.09,35.3
15,170.58,64.71,35.19
41,170.78,64.48,35.22
2227,171.19,64.05,35.05
3882,170.98,64.21,35.01
877,170.34,64.49,34.98
1786,170.54,64.25,35.03
23436,171.17,63.91,34.61
24004,170.75,64.1,34.61
15970,170.17,64.3,34.61
2,176.32,64.42,36.9
2,177.2,64.34,36.9
2,178.08,64.26,36.27
7,177.62,63.9,35.73
4,177.2,64.34,36.27
11,176.72,64,35.75
6,176.32,64.42,36.27
4,175.44,64.49,36.27
10,175.84,64.06,35.75
6,174.95,64.13,35.72
5,178.03,63.45,35.78
23,176.72,63.94,35.24
14,177.6,63.87,35.2
17,175.84,64.03,35.22
13,174.96,64.1,35.18
22,174.08,64.18,35.05
20,177.53,63.14,35.42
108,176.24,63.61,34.69
103,177.11,63.51,34.68
103,175.36,63.66,34.68
220,174.48,63.73,34.64
120,175.78,63.35,34.71
47,177.49,62.9,34.72
470,174,63.31,34.66
453,174.41,62.99,34.71
3,178.45,63.01,35.85
3,178.4,62.91,35.39
20,177.89,62.6,34.73
9,178.27,62.2,34.76
5,170.25,66.06,36.11
6,170.45,65.82,36.11
7108,169.5,65.02,34.63
1881,169.45,65.1,34.93
2,170.01,65.86,35.8
3,170.21,65.62,35.8
1247,169.29,65.2,34.9
2,170.01,65.86,35.49
5,169.77,65.66,35.18
166,169.54,65.47,34.91
4,170.21,65.62,35.49
6,169.97,65.42,35.18
128,169.75,65.24,34.94
8,171.16,65.46,36.74
8,171.05,65.57,36.74
11,170.9,65.78,36.74
13,170.69,66.02,36.74
13,170.49,66.26,36.74
6,170.25,66.06,36.43
7,170.45,65.82,36.43
7,170.05,66.3,36.74
7,169.85,66.54,36.74
7,169.43,66.8,36.9
3,168.55,66.87,36.9
6,170.05,66.3,36.43
6,169.85,66.54,36.43
4,169.85,66.54,36.11
5,170.05,66.3,36.11
2,169.81,66.1,35.8
4,169.43,66.8,36.27
47,165.37,66.04,35.18
3,165.17,66.28,35.49
46,165.13,65.84,35.18
2,164.93,66.08,35.49
13,165.85,66.44,35.49
11,165.61,66.24,35.49
2,168.55,66.87,36.27
10,169.13,65.93,35.18
5,169.33,65.69,35.18
2,164.69,65.88,35.49
46,164.89,65.64,35.18
379,165.09,65.43,34.92
43,164.65,65.44,35.18
25,166.05,66.2,35.49
25,165.81,66,35.49
11,166.31,66.62,35.65
17,168.73,66.41,35.49
4,168.93,66.17,35.49
21,168.07,66.47,35.65
23,167.19,66.55,35.65
4,170.85,65.34,36.43
6,170.65,65.58,36.43
6,170.65,65.58,36.11
5,170.85,65.34,36.11
3,170.41,65.38,35.8
5,170.41,65.38,35.49
2,170.62,65.14,35.49
2659,168.05,65.85,34.71
3514,168.03,65.72,34.66
270,168.89,65.74,34.91
968,168.89,65.59,34.81
3627,168.65,65.76,34.7
4083,168.63,65.71,34.66
274,168.48,65.99,35.08
420,169.09,65.51,34.9
8,170.18,65.18,35.18
124,169.96,65.03,34.97
8,170.38,64.94,35.18
48,170.15,64.86,35.01
185,169.93,64.92,34.93
439,170.14,64.67,34.95
133,165.57,65.8,35.18
137,165.33,65.6,35.18
503,167.6,66.06,35.09
3097,167.16,65.89,34.73
3042,166.46,65.84,34.71
851,166.25,65.96,34.92
480,166.71,66.13,35.09
300,166.25,65.96,35.18
300,166.01,65.76,35.18
341,165.57,65.81,34.91
455,165.33,65.61,34.89
2017,165.77,65.78,34.7
1984,166,65.61,34.82
947,166.01,65.77,34.91
3043,166.22,65.77,34.7
777,165.53,65.41,34.93
900,169.06,65.14,34.91
30,163.6,64.82,34.91
20,163.47,64.79,34.99
705,165.09,65.33,34.86
339,164.82,65.23,34.95
105,164.41,65.26,34.9
8109,169.7,64.83,34.63
11040,169.82,64.52,34.61
4904,168.66,65.66,34.57
4881,168.86,65.45,34.61
3968,166.49,65.73,34.67
3964,167.14,65.73,34.66
4607,167.14,65.87,34.52
4595,166.48,65.87,34.52
3764,166.21,65.73,34.66
4569,166.21,65.87,34.51
2669,165.73,65.73,34.66
4142,166,65.78,34.54
3577,165.73,65.88,34.51
3624,165.53,65.5,34.6
4444,167.98,65.59,34.59
3361,165.3,65.34,34.6
7464,169.26,64.91,34.6
6826,169.05,65.12,34.59
120,163.74,64.75,34.63
40,163.48,64.77,34.64
151,163.93,64.84,34.65
1807,164.86,65.25,34.6
286,164.42,65.25,34.59
841,164.38,64.87,34.65
39,164.41,65.24,35.18
3,163.62,65.08,35.25
3,163.74,65.19,35.25
8,163.84,65.07,35.25
9,163.72,64.97,35.25
17,163.84,65.07,35.1
17,163.72,64.97,35.1
53,163.91,64.89,34.97
36,164.17,65.03,35.17
233,164.39,64.9,34.97
17,163.49,64.76,35.09
41,163.73,64.77,35
17,163.6,64.86,35.09
19,163.35,64.69,35
36,163.36,64.67,34.65
2,162.64,65.28,35.1
2,162.52,65.18,34.94
2,162.3,65.2,34.79
2,162.84,65.04,35.1
2,162.74,65.16,35.1
4,162.72,64.94,34.94
3,162.62,65.06,34.94
4,162.61,64.9,34.85
3,162.62,65.07,34.81
3,162.4,65.09,34.81
2,162.09,65.28,34.7
2,162,65.36,34.69
2,161.76,65.4,34.54
2,161.66,65.49,34.52
832,173.12,63.37,34.65
2,172.74,64.07,35.48
33,172.94,63.82,35.1
2,172.5,63.88,35.51
39,172.7,63.62,35.17
2,173.42,64.22,35.48
3,173.18,64.03,35.48
5,173.67,64.05,35.31
30,173.57,63.7,35.14
3,174.07,64.19,35.67
2,172.47,63.52,35.58
46,172.45,63.35,35.26
49,172.22,63.22,35.3
1661,172.64,63,34.69
4502,171.98,63.05,34.68
1388,173.05,62.7,34.71
6,170.3,66.76,40.03
13,170.83,67.12,40.65
2,170.85,66.38,40.77
6,171.11,66.73,40.64
5,170.67,66.52,40.18
3,170.63,66.35,40.47
2,169.91,67.2,40.65
4,171.31,66.16,39.18
3,171.41,65.98,38.6
5,171.34,66.33,39.2
8,171.33,66.2,38.76
104,171.77,63.2,35.31
6329,171.74,62.86,34.7
10233,171.54,63.08,34.68
3,171.62,63.95,35.5
741,171.38,63.74,35.13
277,171.35,63.38,35.25
13893,171.34,63.24,34.66
18241,171.14,63.54,34.63
8,171.63,65.77,37.47
5,171.57,65.59,37.05
2,171.53,65.42,36.74
2,171.3,65.31,36.74
33,170.78,67.12,38.77
3,169.85,66.61,39.36
5,170.29,66.34,39.01
14,170.31,66.8,38.82
10,169.91,67.2,39.4
34,170.39,67.6,38.77
18,169.91,67.2,38.15
15,169.51,67.68,38.77
2,169.03,67.27,39.4
8,168.63,67.75,38.77
3,167.75,67.83,38.77
8,169.03,67.27,38.15
3,168.15,67.35,38.15
16,171.08,66.66,38.79
12,170.78,66.52,38.97
4,170.63,66.18,39.04
6,171.25,65.93,38.11
23,171.03,66.66,38.15
16,170.31,66.72,38.15
27,171.01,66.67,37.53
20,170.73,66.46,37.05
19,170.91,66.23,37.05
13,170.69,66.02,37.05
14,170.49,66.26,37.05
17,170.31,66.72,37.52
8,170.05,66.3,37.05
8,169.85,66.54,37.05
7,169.43,66.8,37.52
3,168.55,66.87,37.52
12,171.23,65.96,37.5
14,171.04,66,37.06
7,171.05,65.57,37.05
7,171.34,65.64,37.52
6,171.16,65.46,37.05
10,170.91,65.78,37.05
8,163.6,64.86,35.25
3,163.5,64.98,35.25
9,163.48,64.76,35.25
4,163.38,64.88,35.25
2,163.16,64.9,35.25
3,162.94,64.92,35.1
5,162.82,64.83,34.95
18,163.25,64.62,35.01
9,163.26,64.78,35.1
5,163.04,64.8,35.1
12,163.14,64.7,34.98
8,162.92,64.72,34.97
33,163.25,64.61,34.64
19,163.15,64.68,34.66
11,162.92,64.7,34.65
8,162.7,64.72,34.67
2,161.47,65.79,34.5
2,161.56,65.65,34.5
2,161.98,65.34,34.54
3,162.08,65.19,34.57
4,162.4,65.08,34.59
6,162.6,64.81,34.65
4,162.5,64.96,34.61
3,162.18,65.09,34.59
47,170.75,64.13,35.31
2,171.18,63.99,35.49
11,170.34,64.52,35.23
20,170.55,64.3,35.28
1270,171.17,63.91,35.08
2516,170.75,64.09,35.05
985,170.18,64.28,35.04
21479,170.94,63.78,34.62
22758,170.74,63.95,34.61
14747,170.05,64.01,34.62
2,178,63.38,36.9
2,177.6,63.86,36.9
5,175.84,64.02,36.9
5,176.72,63.94,36.9
5,177.6,63.86,36.27
14,177.19,63.54,35.84
9,176.72,63.93,36.25
16,176.21,63.64,35.85
9,175.84,64.02,36.27
5,174.96,64.09,36.27
12,175.35,63.69,35.84
6,174.45,63.74,35.75
12,177.54,63.2,35.88
4,178,63.37,36.26
27,176.24,63.56,35.39
31,177.12,63.47,35.37
20,175.36,63.63,35.36
21,174.48,63.71,35.23
29,175.78,63.31,35.47
24,177.5,62.85,35.51
33,174,63.29,35.3
35,174.41,62.97,35.45
145,176.64,63.13,34.73
146,175.75,63.07,34.74
202,174.88,63.26,34.7
138,177.02,62.7,34.76
550,174.39,62.72,34.73
933,173.53,62.92,34.69
2,178.4,62.91,36.26
16,177.91,62.53,35.55
103,177.4,62.28,34.77
8,178.31,62.09,35.62
72,177.75,61.88,34.78
5,178.67,61.8,34.78
3,170.01,65.86,36.11
3,170.21,65.62,36.11
1868,169.47,64.95,34.94
133,169.51,65.13,34.99
109,169.3,65.3,34.96
5,169.53,65.46,35.18
2,169.97,65.42,35.49
5,169.73,65.21,35.17
4,170.85,65.34,36.74
5,170.65,65.58,36.74
7,170.45,65.82,36.74
7,170.25,66.06,36.74
4,170.01,65.86,36.43
3,170.21,65.62,36.43
5,169.61,66.34,37.05
5,169.81,66.1,37.05
5,169.81,66.1,36.74
5,169.61,66.34,36.74
2,168.95,66.39,36.9
4,169.81,66.1,36.43
4,169.61,66.34,36.43
3,169.61,66.34,36.11
3,169.81,66.1,36.11
9,165.37,66.04,35.49
8,165.13,65.84,35.49
3,165.85,66.44,35.8
2,165.61,66.24,35.8
4,166.05,66.2,35.8
4,165.81,66,35.8
11,168.89,65.73,35.18
7,169.09,65.49,35.18
7,164.89,65.64,35.49
6,164.65,65.44,35.49
592,165.3,65.27,34.98
136,165.09,65.4,35.17
128,164.86,65.19,35.17
25,165.57,65.8,35.49
24,165.33,65.6,35.49
53,166.25,65.96,35.49
54,166.01,65.76,35.49
31,166.71,66.15,35.65
11,168.47,65.99,35.65
30,167.59,66.07,35.65
2,170.62,65.14,36.43
3,170.41,65.38,36.43
3,170.41,65.38,36.11
2,170.62,65.14,36.11
2,170.18,65.18,35.49
400,168,65.6,35.06
23,168.65,65.53,35.18
373,168.65,65.55,34.9
194,168.85,65.34,34.95
9,168.85,65.29,35.18
163,169.07,65.17,35
6,169.93,64.98,35.18
6,170.14,64.75,35.19
265,169.69,64.76,34.97
455,169.81,64.49,35.01
588,168.85,65.25,34.89
298,165.77,65.56,35.18
276,165.53,65.36,35.18
919,167.12,65.66,35.06
1341,166.46,65.72,34.9
410,166.45,65.72,35.18
412,166.21,65.52,35.18
1427,166.22,65.54,34.9
1126,165.77,65.58,34.89
760,165.74,65.24,34.99
1100,165.53,65.31,34.87
1043,165.3,65.23,34.89
959,169.25,64.84,34.97
994,169.05,65.02,34.93
61,163.75,64.73,34.92
29,163.5,64.74,34.92
82,163.92,64.77,34.93
548,164.89,65.16,34.88
282,164.59,65.04,34.96
331,164.44,64.84,34.92
11701,169.65,64.29,34.61
8797,169.46,64.63,34.6
5154,168.38,65.25,34.61
4057,166.68,65.73,34.64
4620,166.68,65.86,34.51
4365,166.45,65.77,34.54
4388,167.08,65.62,34.59
4095,166.23,65.64,34.58
3767,165.78,65.68,34.57
4009,165.74,65.32,34.6
4503,167.48,65.3,34.62
3543,165.29,65.16,34.6
7280,168.83,64.85,34.6
130,163.68,64.6,34.61
641,164.13,64.6,34.63
3223,165.06,65,34.6
1351,164.62,65.02,34.61
1109,164.36,64.72,34.64
6,164.41,65.24,35.49
114,164.62,65,35.17
5,164.17,65.04,35.49
32,163.94,64.84,35.18
100,164.37,64.8,35.17
16,163.36,64.67,35.1
27,163.69,64.65,35.19
27,163.38,64.65,34.93
96,163.45,64.44,34.61
343,163.66,64.19,34.61
2,162.52,65.18,35.1
2,162.4,65.08,34.94
3,162.19,65.11,34.81
2,162.3,65.2,34.94
2,162.72,64.94,35.1
2,162.62,65.06,35.1
4,162.6,64.85,34.95
3,162.5,64.96,34.94
3,162.3,65,34.84
4,162.5,64.98,34.84
2,162.08,65.23,34.8
2,161.77,65.41,34.68
3,161.76,65.33,34.55
2,161.51,65.41,34.55
2,161.66,65.49,34.67
3,172.94,63.84,35.51
2,172.7,63.66,35.56
37,173.12,63.36,35.25
3,173.6,63.8,35.69
2,174.96,64.09,36.9
7,173.98,63.37,35.79
40,172.64,62.98,35.38
50,171.98,63.03,35.37
43,173.05,62.67,35.48
3182,172.17,62.77,34.71
1469,173.03,62.44,34.74
3,170.74,66.54,40.77
3,170.31,66.76,40.64
4,170.65,66.5,40.5
3,171.36,66.14,39.14
7,171.28,66.22,38.94
3,171.3,65.91,38.6
50,171.74,62.84,35.44
85,171.54,63.07,35.36
9630,171.29,62.83,34.71
2,171.38,63.76,35.53
180,171.34,63.23,35.3
461,171.14,63.54,35.2
14015,170.88,63.13,34.68
4,171.57,65.61,37.48
2,171.53,65.42,37.05
2,171.3,65.31,37.05
11,170.31,66.56,38.63
3,169.84,66.59,38.92
14,169.91,67.2,38.77
3,169.43,66.85,38.81
5,169.43,66.8,38.15
5,169.03,67.27,38.77
7,170.73,66.24,38.72
4,170.99,65.77,38.15
11,170.7,66.24,38.15
5,169.83,66.32,38.15
15,170.69,66.24,37.52
7,170.45,65.82,37.05
7,170.25,66.06,37.05
6,169.83,66.32,37.52
2,168.95,66.39,37.52
3,171.17,65.46,37.53
8,170.98,65.78,37.52
3,170.85,65.34,37.05
5,170.65,65.58,37.05
2,161.47,65.7,34.66
2,161.56,65.6,34.66
2,161.34,65.79,34.61
2,161.15,65.91,34.51
2,161.56,65.6,34.79
8,163.36,64.66,35.25
4,163.26,64.78,35.25
2,163.04,64.8,35.25
3,162.82,64.82,35.1
5,162.71,64.73,34.97
24,163.25,64.59,34.93
15,163.14,64.65,34.93
7,162.8,64.63,34.99
10,162.92,64.66,34.91
8,163.25,64.56,35.25
4,163.14,64.68,35.25
16,163.24,64.57,35.1
9,163.14,64.68,35.1
11,163.03,64.63,34.99
6,162.92,64.7,35.09
41,163.24,64.53,34.61
18,163.03,64.62,34.63
12,162.8,64.61,34.65
9,162.58,64.59,34.64
2,161.33,65.59,34.54
3,161.86,65.24,34.57
3,161.96,65.12,34.6
4,162.28,64.98,34.62
6,162.37,64.75,34.64
4,162.07,65.03,34.61
2,170.74,64.03,35.5
14,170.15,64.35,35.29
739,170.94,63.78,35.13
1276,170.73,63.95,35.09
456,170.05,64,35.13
17839,170.48,63.6,34.64
11842,169.6,63.68,34.65
5,177.52,62.98,36.9
6,177.12,63.46,36.9
7,175.36,63.61,36.9
10,176.24,63.54,36.9
12,177.12,63.46,36.26
16,176.25,63.54,36.26
21,175.78,63.36,35.93
12,175.36,63.61,36.27
6,174.48,63.69,36.27
16,174.83,63.31,35.9
12,177.53,62.99,36.27
17,174.42,63.03,35.91
45,176.64,63.07,35.53
35,175.75,63.02,35.56
27,174.88,63.23,35.44
57,177.04,62.62,35.62
42,174.39,62.68,35.54
40,173.53,62.89,35.4
168,176.16,62.77,34.76
222,175.28,62.82,34.75
250,176.54,62.35,34.79
475,174.8,62.45,34.77
896,173.92,62.48,34.74
1205,173.45,62.15,34.77
9,177.94,62.52,36.3
53,177.43,62.16,35.67
263,177.29,61.55,34.78
293,176.93,61.95,34.79
4,178.33,62.05,36.35
39,177.81,61.72,35.71
4,178.71,61.64,35.7
123,178.13,61.12,34.7
6,169.3,65.26,35.18
9,169.5,65.02,35.18
2,170.41,65.38,37.05
2,170.41,65.38,36.74
4,170.01,65.86,37.05
3,170.21,65.62,37.05
3,170.21,65.62,36.74
4,170.01,65.86,36.74
2,169.35,65.91,36.9
2,165.57,65.8,35.8
2,165.33,65.6,35.8
10,166.25,65.96,35.8
9,166.01,65.76,35.8
23,165.09,65.4,35.49
21,164.85,65.2,35.49
257,165.29,65.17,35.18
224,165.05,64.97,35.2
56,165.77,65.56,35.49
57,165.53,65.36,35.49
13,166.45,65.72,35.8
15,166.21,65.52,35.8
69,166.45,65.72,35.49
74,166.21,65.52,35.49
19,167.99,65.59,35.65
45,167.11,65.67,35.65
376,167.51,65.24,35.12
15,169.06,65.06,35.19
85,168.39,65.18,35.14
3,169.7,64.79,35.2
4,169.87,64.55,35.25
8,169.27,64.84,35.23
347,169.65,64.27,35.08
236,169.45,64.59,35.01
462,168.43,65.01,34.95
381,165.97,65.33,35.18
333,165.73,65.13,35.19
714,166.63,65.31,35.11
1045,165.97,65.37,34.95
1386,165.74,65.21,34.91
696,167.49,65.03,34.96
924,165.29,65.1,34.92
520,168.83,64.75,35
71,163.68,64.59,34.93
260,164.13,64.57,34.96
714,165.07,64.96,34.94
457,164.65,64.96,34.89
321,164.39,64.7,34.94
9512,169.2,64.19,34.62
5322,167.93,64.97,34.63
4243,166.62,65.39,34.62
4090,166,65.47,34.6
4179,165.73,65.16,34.59
4739,167.01,65.06,34.61
4003,165.5,65,34.6
7924,168.75,64.52,34.61
439,163.89,64.4,34.61
1866,164.34,64.36,34.61
3811,165.26,64.76,34.6
2825,164.82,64.78,34.6
2352,164.58,64.56,34.61
19,164.61,65,35.49
201,164.81,64.77,35.2
17,164.37,64.8,35.49
5,163.93,64.84,35.49
76,164.13,64.61,35.2
166,164.57,64.58,35.22
22,163.45,64.45,35.22
5,163.7,64.64,35.49
57,163.89,64.42,35.24
59,163.46,64.42,34.96
19,163.21,64.26,35.24
151,163.66,64.19,35.02
87,163.22,64.23,34.61
247,163.42,64.06,34.61
943,163.86,64.04,34.61
2,162.4,65.08,35.1
3,162.28,64.98,34.94
3,162.07,65.05,34.83
2,162.18,65.1,34.94
2,162.6,64.84,35.1
2,162.5,64.96,35.1
3,162.38,64.79,34.97
2,161.97,65.14,34.82
2,161.86,65.25,34.8
2,161.96,65.12,34.94
3,161.54,65.24,34.58
2,161.66,65.48,34.78
2,161.52,65.41,34.69
2,161.76,65.36,34.78
2,179.78,59.07,33.26
3,173.12,63.41,35.77
2,173.6,63.77,36.27
3,174.48,63.69,36.9
7,174,63.28,36.26
8,173.49,62.99,35.86
3,172.65,63.05,35.86
8,173.06,62.72,35.93
42,172.17,62.74,35.47
45,173.03,62.39,35.57
3142,172.14,62.5,34.74
1945,172.56,62.21,34.76
2,171.05,65.88,38.74
63,171.29,62.8,35.45
8022,171.27,62.56,34.73
156,170.88,63.12,35.35
11740,170.42,62.9,34.71
2,175.36,63.61,37.52
3,176.24,63.54,37.52
3,177.93,62.5,36.9
3,169.83,66.29,38.69
2,169.43,66.59,38.61
3,170.23,65.84,38.15
5,170.23,65.84,37.52
2,169.35,65.91,37.52
2,170.63,65.36,37.52
2,161.38,65.55,34.69
2,161.14,65.76,34.54
2,160.89,65.9,34.51
2,161.15,65.77,34.64
2,161.34,65.51,34.87
2,162.92,64.7,35.25
6,162.81,64.6,35.1
3,162.8,64.6,35.25
4,162.7,64.72,35.1
5,162.58,64.63,35
29,163.24,64.53,34.92
14,163.03,64.61,34.91
10,162.82,64.58,34.92
9,163.01,64.48,35.19
7,162.57,64.57,34.93
5,162.37,64.68,34.91
29,163.01,64.45,34.61
14,162.57,64.44,34.61
3,161.09,65.36,34.6
4,161.29,65.09,34.62
6,162.14,64.64,34.63
4,161.73,65.02,34.63
4,162.06,64.96,34.63
4,162.16,64.88,34.65
4,161.51,64.9,34.64
8,162.13,64.49,34.61
409,170.48,63.59,35.22
189,169.6,63.66,35.28
10117,169.13,63.44,34.69
13454,170,63.21,34.69
15,177.05,62.58,36.9
14,176.64,63.06,36.9
11,174.88,63.21,36.9
16,175.76,63.14,36.9
23,176.65,63.08,36.29
24,175.76,63.15,36.29
17,174.88,63.22,36.28
28,177.06,62.6,36.35
14,174.4,62.81,36.9
21,174.39,62.82,36.28
58,176.16,62.7,35.65
45,175.28,62.76,35.61
105,176.56,62.24,35.72
60,174.8,62.38,35.68
52,173.93,62.42,35.58
57,173.45,62.06,35.66
506,175.63,62.03,34.79
838,174.33,62.09,34.78
1068,173.84,61.75,34.79
1413,172.97,61.8,34.78
27,177.46,62.12,36.39
111,177.34,61.34,35.75
131,176.95,61.79,35.74
766,176.41,61.25,34.72
18,179.08,60.62,34.59
23,178.97,60.16,34.27
606,177.15,60.26,34.35
18,177.86,61.64,36.41
2,178.72,61.56,36.41
45,178.18,60.85,35.66
485,177.19,60.72,34.58
4,179.84,59.65,33.83
6,165.77,65.56,35.8
6,165.53,65.36,35.8
4,168.39,65.1,35.63
147,167.94,64.91,35.2
53,165.29,65.16,35.49
49,165.05,64.96,35.49
269,165.49,64.94,35.23
235,165.24,64.75,35.26
11,165.97,65.32,35.8
13,165.73,65.12,35.8
78,165.97,65.32,35.49
81,165.73,65.12,35.49
34,167.51,65.17,35.63
412,167.04,64.97,35.19
57,166.63,65.25,35.63
11,168.84,64.81,35.24
3,169.47,64.61,35.27
159,169.19,64.15,35.16
330,167.93,64.82,35.01
349,166.12,64.97,35.22
1254,166.62,65.1,34.92
1354,165.97,65.28,34.89
1205,165.73,65.08,34.93
1115,167.03,64.88,34.99
920,165.5,64.93,34.97
236,168.75,64.46,35.09
193,163.9,64.39,34.98
415,164.34,64.34,35.01
714,165.26,64.72,35
619,164.83,64.75,34.94
526,164.58,64.55,34.97
8553,168.72,63.78,34.67
6635,167.91,64.67,34.6
5976,167.03,64.76,34.58
4529,166.15,64.99,34.6
4283,165.69,64.67,34.6
7523,168.32,64.3,34.62
1394,164.1,64.16,34.61
2835,164.54,64.2,34.61
3626,165.02,64.53,34.61
3325,164.78,64.33,34.61
37,163.43,64.1,35.29
5,163.22,64.23,35.48
43,164.82,64.76,35.49
225,164.98,64.55,35.26
39,164.58,64.56,35.49
15,164.14,64.6,35.49
176,164.75,64.37,35.28
127,164.33,64.39,35.26
5,163.46,64.43,35.49
43,163.65,64.23,35.27
14,163.9,64.4,35.49
87,164.08,64.21,35.29
55,163.22,64.22,35
13,162.96,64.09,35.29
115,163.42,64.06,35.04
261,163.86,64.03,35.06
312,163.41,63.92,34.61
72,162.98,64.04,34.61
1157,163.85,63.89,34.61
743,163.62,63.76,34.62
2,162.28,64.98,35.1
3,162.17,64.89,34.95
2,162.06,65,34.94
2,162.37,64.75,35.18
3,162.15,64.67,35.02
2,161.74,65.06,34.92
2,161.54,65.28,34.88
29,178.87,58.74,32.92
2,173.12,63.37,36.27
4,174,63.29,36.9
9,173.53,62.89,36.27
3,172.64,62.97,36.27
3,172.19,62.79,35.92
2,171.98,63.02,36.11
9,173.04,62.51,36.3
44,172.14,62.46,35.56
47,172.56,62.13,35.64
4372,171.69,62.27,34.75
2444,172.09,61.85,34.78
2,171.74,62.83,36.12
52,171.27,62.52,35.54
7424,170.81,62.33,34.75
105,170.42,62.88,35.46
10053,170.39,62.63,34.73
4,176.64,63.06,37.52
3,174.88,63.21,37.52
5,175.76,63.14,37.52
4,174.4,62.81,37.52
4,177.05,62.58,37.52
13,177.45,62.1,36.9
9,177.85,61.62,36.9
2,160.89,65.75,34.66
2,160.9,65.64,34.56
2,161.11,65.33,34.91
2,160.68,65.79,34.54
2,163.02,64.47,35.49
4,162.58,64.52,35.19
22,163.02,64.44,34.94
7,162.78,64.3,35.23
10,162.57,64.44,34.94
3,161.29,65,34.87
4,162.14,64.61,34.93
3,161.44,64.88,34.9
5,162.13,64.48,34.95
58,162.74,63.91,34.61
26,162.78,64.28,34.61
13,162.34,64.31,34.61
3,160.65,65.45,34.6
3,160.86,65.17,34.62
4,161.07,64.97,34.62
5,161.94,64.79,34.65
5,161.5,64.76,34.63
8,161.9,64.35,34.61
116,169.13,63.41,35.4
173,170,63.19,35.39
9214,169.11,63.17,34.72
10229,169.52,62.85,34.73
1603,172.49,61.46,34.79
36,176.57,62.18,36.9
28,176.17,62.66,36.9
28,175.28,62.73,36.9
39,176.16,62.69,36.37
37,175.27,62.76,36.34
58,176.57,62.19,36.42
17,173.93,62.41,36.9
36,174.81,62.33,36.9
48,174.79,62.37,36.39
24,173.92,62.43,36.32
17,173.45,62.01,36.9
25,173.44,62.04,36.38
119,175.64,61.89,35.75
75,174.33,61.98,35.72
83,173.85,61.61,35.74
61,172.97,61.68,35.72
950,174.68,61.33,34.76
1155,173.36,61.42,34.79
1246,172.89,61.09,34.76
21,177.37,61.22,36.9
34,176.97,61.7,36.9
47,177.37,61.22,36.44
64,176.97,61.71,36.44
284,176.44,60.99,35.68
1071,175.5,60.81,34.65
1173,175.45,60.36,34.46
5,179.06,60.26,35.55
7,178.98,59.72,35.2
195,178.01,59.74,33.92
225,177.2,59.84,35.28
1263,176.26,59.84,34.03
10,178.2,60.68,36.71
161,177.25,60.38,35.54
39,178.77,59.31,33.52
4,165.29,65.16,35.8
5,165.05,64.96,35.8
14,167.92,64.71,35.63
8,165.49,64.92,35.8
76,165.49,64.92,35.49
10,165.26,64.72,35.8
199,165.69,64.69,35.3
76,165.26,64.72,35.48
60,167.04,64.79,35.62
55,166.16,64.87,35.64
92,168.72,63.75,35.31
320,167.91,64.58,35.05
1043,167.02,64.65,35.03
896,166.17,64.83,35
655,165.7,64.63,35.05
168,168.32,64.24,35.16
325,164.1,64.16,35.04
525,164.54,64.19,35.05
636,165.02,64.51,35.01
593,164.78,64.32,35.03
7750,168.26,63.54,34.69
6326,167.44,64.39,34.62
5497,166.55,64.47,34.6
4571,165.66,64.36,34.61
6938,167.84,63.9,34.66
3002,164.53,64.05,34.61
2543,164.29,63.92,34.61
4301,165.2,64.07,34.62
13,163.41,64,35.49
6,162.98,64.04,35.49
10,162.75,63.95,35.33
3,164.82,64.76,35.8
4,164.58,64.56,35.8
71,165.02,64.51,35.48
6,165.02,64.52,35.8
67,164.78,64.32,35.49
36,164.34,64.35,35.49
155,164.54,64.23,35.31
9,164.78,64.32,35.8
3,164.34,64.36,35.8
74,163.86,64.07,35.32
13,163.66,64.19,35.49
32,164.1,64.16,35.49
3,164.1,64.16,35.8
129,163.41,63.92,35.07
47,162.98,64.03,35.04
263,163.85,63.89,35.1
210,163.62,63.75,35.13
190,163.17,63.8,34.61
529,163.38,63.56,34.63
73,162.73,63.77,34.61
2085,164.06,63.72,34.62
1607,163.82,63.52,34.64
1117,163.58,63.39,34.64
2,162.16,64.88,35.1
3,161.96,64.84,34.97
2,162.06,65,35.1
2,162.14,64.56,35.2
2,161.5,64.93,34.96
2,161.31,65.11,34.94
631,177.05,58.78,32.98
1415,175.3,58.92,33.14
8,178.88,58.16,33.75
136,177.91,58.41,32.58
81,177.86,57.79,31.92
5,173.52,62.89,36.9
6,173.05,62.49,36.9
3,172.16,62.58,36.29
9,172.57,62.11,36.37
44,171.69,62.2,35.62
49,172.09,61.74,35.7
4602,171.21,61.91,34.78
2748,171.61,61.51,34.79
42,170.8,62.27,35.61
6414,170.33,62,34.78
60,170.39,62.59,35.54
8370,169.92,62.42,34.76
7,176.57,62.18,37.52
7,176.17,62.66,37.52
7,175.28,62.73,37.52
2,174.81,62.33,38.15
4,173.93,62.41,37.52
7,174.81,62.33,37.52
3,173.45,62.01,37.52
2,177.41,61.66,37.83
2,160.89,65.15,34.98
2,160.89,65.54,34.88
2,160.46,65.7,34.57
2,162.78,64.27,35.49
4,162.34,64.34,35.23
38,162.74,63.91,35.07
19,162.78,64.26,34.98
6,162.56,64.12,35.28
9,162.33,64.29,34.99
2,160.65,65.28,34.87
3,160.82,65.09,34.91
3,161.06,64.93,34.91
3,161.93,64.72,34.93
3,161.47,64.74,34.93
6,161.89,64.34,34.99
28,162.54,64.07,34.61
12,162.1,64.17,34.61
4,160.4,65.03,34.61
4,161.05,64.82,34.6
6,161.7,64.59,34.63
5,161.26,64.64,34.61
9,161.66,64.22,34.61
70,169.11,63.14,35.49
72,169.52,62.81,35.55
7695,168.64,62.94,34.74
7927,169.05,62.52,34.77
61,172.49,61.3,35.74
1719,172.01,61.12,34.79
69,175.65,61.83,36.76
39,174.33,61.93,36.9
56,174.32,61.95,36.42
35,173.85,61.53,36.9
16,172.97,61.61,36.9
57,173.84,61.54,36.43
26,172.97,61.62,36.42
148,174.69,61.11,35.72
85,173.37,61.23,35.75
1057,173.73,60.72,34.61
83,172.89,60.85,35.73
1257,172.41,60.75,34.69
80,176.45,60.83,36.72
348,175.51,60.5,35.61
1113,174.52,59.94,34.13
420,175.46,59.96,35.39
2,178.98,59.31,35.8
62,178.04,59.25,34.82
634,177.09,59.34,33.57
95,177.22,59.45,35.85
426,176.28,59.36,34.92
1338,175.34,59.44,33.69
28,177.26,59.88,36.62
10,178.78,58.76,34.37
17,167.44,64.34,35.7
59,166.56,64.41,35.69
48,165.67,64.48,35.67
70,168.26,63.5,35.41
349,167.44,64.32,35.15
816,166.56,64.39,35.13
598,165.67,64.33,35.12
146,167.84,63.85,35.31
498,164.53,64.05,35.09
411,164.29,63.91,35.11
526,165.2,64.05,35.15
7128,168.23,63.25,34.72
5891,166.96,63.97,34.66
5197,166.08,64.02,34.65
6410,167.38,63.62,34.69
4869,165.6,63.59,34.67
3782,164.72,63.66,34.64
5070,166.01,63.3,34.71
3895,164.65,62.96,34.7
23,163.61,63.77,35.53
11,163.18,63.81,35.51
5,162.74,63.84,35.51
44,165.19,64.09,35.7
59,164.53,64.12,35.5
7,164.54,64.12,35.8
53,164.29,63.93,35.52
27,163.85,63.97,35.5
8,164.3,63.92,35.8
3,163.86,63.96,35.8
31,163.8,63.56,35.58
99,163.18,63.79,35.1
172,163.38,63.55,35.18
46,162.73,63.77,35.11
343,164.06,63.71,35.16
284,163.82,63.51,35.21
244,163.58,63.39,35.24
152,162.94,63.59,34.62
379,163.14,63.42,34.64
54,162.5,63.63,34.62
98,162.47,63.28,34.65
3060,164.24,63.26,34.67
1294,163.57,63.25,34.66
2,161.93,64.79,35.18
2,161.9,64.38,35.24
2,161.5,64.83,35.17
2,161.07,64.98,34.99
1115,173.54,59,33.25
1481,174.37,58.4,32.61
1097,176.13,58.26,32.44
186,177.07,58.2,33.81
533,175.31,58.33,33.97
2,178.9,57.65,34.38
35,177.92,57.82,33.4
90,176.93,57.23,31.49
27,177.87,57.21,32.74
316,175.05,55.71,30.63
2,160,65.52,34.59
6,172.57,62.08,36.9
2,171.69,62.16,36.9
5,172.09,61.68,36.9
3,171.68,62.18,36.35
9,172.08,61.69,36.41
41,171.21,61.82,35.69
48,171.61,61.37,35.73
4529,170.73,61.58,34.79
2897,171.13,61.18,34.79
33,170.33,61.89,35.69
5330,169.85,61.68,34.79
36,169.92,62.35,35.63
6697,169.45,62.09,34.79
6,175.65,61.81,37.83
6,174.33,61.93,37.52
5,173.85,61.53,37.52
2,172.97,61.61,37.52
5,176.45,60.86,37.83
2,160.66,65.38,34.93
2,159.98,65.27,34.88
4,159.93,64.79,34.6
3,162.53,64.07,35.49
3,162.11,64.21,35.27
20,162.54,64.06,35.03
9,162.1,64.17,35.03
3,160.39,64.89,34.97
3,161.05,64.8,34.93
4,161.69,64.56,34.96
4,161.25,64.62,34.96
6,161.66,64.21,35.04
27,162.3,63.87,34.61
16,162.09,64.03,34.61
10,161.65,64.07,34.61
5,160.83,64.56,34.61
7,161.46,64.4,34.61
39,168.64,62.89,35.58
37,169.05,62.44,35.67
6433,168.16,62.59,34.77
6388,168.57,62.17,34.79
12,172.49,61.2,36.9
1305,171.94,60.44,34.58
22,172.49,61.21,36.44
56,172.01,60.92,35.75
1872,171.53,60.79,34.74
70,174.68,60.98,36.74
29,173.37,61.13,36.9
49,173.37,61.13,36.45
21,172.89,60.73,36.9
141,173.73,60.4,35.56
1089,172.82,60.33,34.45
38,172.89,60.71,36.43
77,172.41,60.47,35.66
1077,172.74,59.84,34.07
76,175.5,60.02,36.65
1055,173.6,59.53,33.77
212,175.46,59.59,35.93
371,174.53,59.48,35.03
16,178.06,58.8,35.59
177,177.11,58.79,34.42
123,176.31,58.92,35.64
495,175.36,58.89,34.55
28,176.3,59.09,36.59
15,166.96,63.98,35.8
52,166.07,64.03,35.77
42,165.58,63.65,35.81
50,168.23,63.21,35.51
329,166.96,63.92,35.3
629,166.08,64,35.25
152,167.38,63.58,35.41
548,165.6,63.57,35.33
442,164.72,63.65,35.22
339,166.01,63.27,35.47
397,164.65,62.93,35.44
6227,167.76,63.02,34.74
5945,167.35,63.32,34.72
5364,166.48,63.56,34.7
4705,165.98,63.03,34.73
4332,165.13,63.2,34.69
3530,164.63,62.69,34.73
4,163.62,63.75,35.8
19,163.38,63.59,35.56
2,163.18,63.79,35.8
10,162.94,63.62,35.55
5,162.5,63.65,35.55
34,164.71,63.7,35.75
42,164.05,63.75,35.55
7,164.06,63.71,35.79
8,163.82,63.51,35.79
29,163.59,63.42,35.61
83,162.94,63.59,35.16
138,163.14,63.41,35.21
36,162.5,63.63,35.15
55,162.47,63.28,35.27
348,164.24,63.25,35.32
235,163.57,63.24,35.28
865,163.34,63.13,34.67
452,163.13,63.28,34.65
121,162.7,63.4,34.64
121,162.45,63.14,34.67
50,162.26,63.44,34.64
2193,163.76,62.89,34.69
2,161.67,64.25,35.28
2,161.7,64.6,35.2
2,161.26,64.64,35.21
2,161.06,64.87,35.18
7,160.71,64.26,34.61
976,171.93,59.01,33.28
418,173.55,58.42,34.08
1078,172.61,58.58,32.81
1479,173.33,58.12,32.32
1495,173.45,57.43,31.65
785,175.13,57.07,31.4
547,174.38,57.82,33.43
52,177.06,57.7,34.4
165,175.3,57.84,34.52
349,176.14,57.67,33.26
5,177.91,57.1,34.16
7,177.87,56.71,33.28
36,176.94,56.68,32.33
141,175.05,55.29,31.53
1359,172.46,56.26,30.7
100,173.21,54.55,30.25
2,159.51,65.18,34.59
4,171.61,61.28,36.9
3,171.21,61.78,36.4
7,171.61,61.29,36.43
37,170.73,61.44,35.74
42,171.13,60.99,35.76
3432,170.21,60.92,34.68
28,169.85,61.52,35.75
4462,169.37,61.35,34.8
25,169.44,61.98,35.73
5505,168.97,61.76,34.8
2,172.49,61.2,37.52
4,174.69,61.01,37.83
4,173.37,61.13,37.52
3,172.89,60.73,37.52
4,175.49,60.05,37.83
2,160.41,65,35.2
3,159.93,64.7,35.03
2,159.51,64.98,34.95
5,159.9,64.46,34.62
2,159.05,64.9,34.59
3,162.3,63.88,35.51
2,162.1,64.11,35.48
19,162.3,63.86,35.09
11,162.09,64.03,35.06
6,161.65,64.07,35.07
3,160.82,64.52,35.02
4,161.45,64.38,35
26,162.06,63.67,34.62
14,161.86,63.91,34.61
9,161.19,63.97,34.62
26,168.16,62.51,35.67
24,168.57,62.06,35.74
4919,167.64,61.88,34.77
9,172.01,60.8,36.9
72,171.94,60.12,35.54
1998,171.03,60.41,34.51
15,172.01,60.81,36.45
52,171.53,60.54,35.71
45,173.74,60.18,36.66
14,172.41,60.32,36.9
110,172.82,59.96,35.39
26,172.43,60.29,36.39
2841,169.23,60.09,34.25
1945,170.98,59.97,34.18
159,172.75,59.38,34.98
1238,171.78,59.52,33.79
46,174.52,59.24,36.58
296,173.6,59.01,34.64
100,174.58,59,35.66
20,177.1,58.1,35.36
53,175.34,58.22,35.41
17,175.34,58.29,36.58
17,166.43,63.61,35.89
29,166.01,63.33,35.93
2,165.6,63.57,36.26
27,165.08,63.27,35.86
20,164.66,63,35.9
45,167.76,62.97,35.59
135,167.35,63.29,35.51
321,166.48,63.53,35.43
296,165.98,62.99,35.55
463,165.13,63.18,35.4
349,164.63,62.65,35.53
4964,166.83,62.71,34.76
4120,165.52,62.77,34.74
3503,165.04,62.41,34.76
2962,164.16,62.46,34.74
4,163.38,63.55,35.79
18,163.15,63.45,35.58
7,162.68,63.45,35.59
3,162.94,63.59,35.79
6,162.47,63.31,35.64
4,162.28,63.48,35.59
23,164.23,63.32,35.81
7,163.58,63.32,35.8
197,163.34,63.11,35.31
141,163.13,63.27,35.26
68,162.7,63.39,35.22
61,162.45,63.13,35.31
32,162.26,63.43,35.23
264,163.76,62.87,35.41
361,162.88,62.95,34.68
64,162,63.02,34.68
1363,163.28,62.66,34.71
2,161.46,64.43,35.25
2,160.86,64.6,35.26
4,160.71,64.25,35.1
7,160.31,64.07,34.64
263,171.93,58.43,34.12
1297,170.88,58.63,32.88
102,173.54,57.95,34.61
429,172.62,57.99,33.64
1196,171.69,58.16,32.38
563,173.33,57.52,33.13
540,173.45,56.87,32.49
1536,172.5,57,31.28
1346,171.64,57.47,31.7
295,175.14,56.55,32.25
92,174.39,57.32,34.24
56,176.15,57.18,34.15
3,176.95,56.35,34.1
11,176.96,56.21,33.1
49,175.03,54.75,32.11
454,172.45,55.81,31.6
54,173.2,54.23,31.19
1470,170.81,56.32,30.66
1313,171.53,55.7,30.43
53,171.28,52.77,29.97
3,171.13,60.88,36.9
2,170.73,61.37,36.44
5,171.14,60.88,36.45
3186,169.28,60.55,34.54
33,170.21,60.67,35.65
4178,168.45,61.08,34.69
23,169.37,61.15,35.78
20,168.97,61.6,35.78
2,173.73,60.21,37.83
2,172.41,60.32,37.52
2,174.54,59.25,37.83
2,159.93,64.75,35.28
3,159.9,64.4,35.12
2,159.05,64.78,35
4,159.44,64.2,34.64
3,159.02,64.58,34.61
3,162.06,63.7,35.55
2,161.86,63.92,35.52
18,162.06,63.66,35.16
9,161.86,63.9,35.11
6,161.19,63.95,35.14
20,161.6,63.48,34.65
11,160.71,63.57,34.67
20,167.64,61.72,35.74
3611,166.68,61.23,34.71
3105,167.47,60.22,34.35
6,171.53,60.4,36.9
9,171.93,59.92,36.9
17,171.94,59.89,36.33
54,171.03,60.08,35.47
9,171.53,60.38,36.42
21,172.78,59.4,36.55
36,169.23,59.68,35.17
67,170.98,59.55,35.1
2538,168.3,59.69,33.95
1959,170.05,59.58,33.83
29,172.74,58.97,35.62
116,171.79,59.02,34.67
1442,170.75,59.18,33.47
20,173.58,58.48,36.55
22,173.58,58.35,35.43
15,174.38,57.47,35.35
8,176.14,57.34,35.33
6,174.38,57.49,36.58
2362,163.68,62.11,34.76
2,165.99,63.12,36.29
2,165.13,63.18,36.27
2,164.64,62.79,36.28
100,166.83,62.63,35.65
293,165.52,62.72,35.58
247,165.04,62.34,35.64
286,164.16,62.4,35.57
3691,165.89,62,34.79
2956,164.56,62.06,34.77
2404,164.08,61.72,34.79
8,163.34,63.12,35.83
3,162.7,63.39,35.8
5,163.14,63.35,35.79
3,162.46,63.2,35.82
2,162.26,63.43,35.8
15,163.72,62.96,35.87
122,162.88,62.94,35.37
38,162,63.01,35.38
209,163.28,62.63,35.47
233,162.41,62.72,34.71
48,161.54,62.8,34.71
1467,163.26,62.4,34.73
4,160.31,64.05,35.21
11,160.26,63.34,34.7
8,159.84,63.69,34.68
1324,169.88,57.63,31.85
2099,167.31,58.72,33.02
1798,169.07,58.66,32.93
78,171.88,58,34.64
258,170.89,58.04,33.71
1355,169.93,58.29,32.54
62,172.63,57.47,34.36
427,171.69,57.56,33.19
49,173.42,56.68,34.08
155,173.48,56.36,33.13
644,172.49,56.48,32.14
563,171.64,56.91,32.53
1425,170.68,57.05,31.29
26,175.1,55.54,33.59
143,172.43,55.4,32.18
19,173.19,53.83,31.97
598,170.8,55.85,31.58
424,171.52,55.3,31.37
18,171.28,52.56,30.95
1251,169.68,54.89,30.27
135,169.36,51.06,29.81
27,169.28,60.22,35.49
3481,167.52,60.69,34.56
18,168.45,60.82,35.66
4,159.44,64.14,35.22
2,159.02,64.49,35.09
5,158.96,63.8,34.68
2,158.56,64.3,34.63
2,161.61,63.53,35.77
13,161.6,63.48,35.25
7,160.71,63.55,35.32
21,161.12,63.11,34.7
18,166.69,60.97,35.68
2901,165.75,60.8,34.63
20,167.47,59.81,35.28
2625,166.52,59.8,34.05
4,171.01,59.54,36.58
6,171.82,58.61,36.57
2294,167.36,59.29,33.61
7,170.97,59.15,35.72
33,168.3,59.2,34.84
61,170.05,59.09,34.73
1936,169.12,59.19,33.5
4,171.83,58.47,35.47
102,170.76,58.62,34.32
5,172.62,57.64,36.58
3,172.62,57.61,35.36
4,173.42,56.69,35.33
2614,165.7,60.33,34.43
226,163.68,62.03,35.64
1698,163.2,61.76,34.78
2,165.51,62.72,36.32
2,165.04,62.33,36.36
3,164.15,62.4,36.31
88,165.89,61.86,35.73
210,164.56,61.95,35.68
172,164.08,61.57,35.72
2682,164.92,61.31,34.74
1992,163.6,61.38,34.78
2,163.34,63.11,36.11
5,162.88,63.01,35.85
3,162.02,63.08,35.85
2,163.76,62.86,36.27
9,163.29,62.69,35.93
85,162.41,62.69,35.45
29,161.54,62.78,35.48
188,163.26,62.35,35.55
296,162.38,62.45,34.73
56,161.52,62.54,34.74
826,162.8,62.16,34.75
8,160.25,63.32,35.45
6,159.84,63.66,35.37
14,160.23,63.05,34.73
7,159.38,63.46,34.71
2069,165.54,58.87,33.19
433,169.88,57.05,32.68
1308,168.94,57.04,31.28
1903,166.34,58.39,32.68
1730,168.16,58.36,32.63
70,167.31,58.13,33.84
123,169.07,58.07,33.76
27,170.92,57.51,34.35
228,169.93,57.69,33.35
1589,168.11,57.75,31.99
1798,166.47,57.79,32.04
135,171.63,56.41,33.15
22,171.67,56.81,34.1
21,172.47,55.91,34.06
118,172.47,55.8,32.94
1456,169.79,56.66,30.89
663,170.68,56.52,32.16
7,173.19,54.03,33.47
112,171.51,54.93,32.07
259,170.75,55.47,32.16
3,171.28,52.36,31.87
406,169.67,54.54,31.22
21,169.36,50.92,30.8
1219,168.03,55.96,30.48
1134,167.76,53.11,30.01
277,167.44,49.39,29.69
16,167.52,60.36,35.51
5,158.96,63.75,35.35
2,158.56,64.21,35.19
4,158.49,63.55,34.7
2,158.08,63.88,34.67
2,161.18,63.19,35.88
14,161.12,63.1,35.42
21,160.65,62.73,34.75
20,165.75,60.48,35.58
23,166.53,59.32,34.94
2255,165.59,59.37,33.7
31,167.36,58.74,34.47
52,169.12,58.64,34.35
23,165.7,59.94,35.36
2211,164.75,59.89,34.12
1602,163.12,61.05,34.73
3,163.68,62.01,36.36
171,163.2,61.64,35.72
1101,162.72,61.43,34.8
2,164.56,61.91,36.4
2,164.09,61.51,36.43
82,164.93,61.08,35.69
153,163.6,61.2,35.75
2043,163.96,60.69,34.57
5,162.42,62.75,35.91
4,161.55,62.84,35.94
2,163.27,62.47,36.29
86,162.38,62.41,35.54
34,161.52,62.5,35.57
138,162.8,62.09,35.62
131,161.92,62.22,34.76
38,161.05,62.31,34.77
445,162.32,61.82,34.78
2,160.26,63.38,35.91
2,159.85,63.72,35.85
9,160.23,63.03,35.54
6,159.37,63.42,35.46
13,159.77,62.83,34.76
9,159.35,63.17,34.73
1723,163.88,58.89,33.24
43,165.55,58.28,34.02
1746,164.61,58.44,32.75
1727,165.3,58.01,32.29
91,169.86,56.55,33.25
517,168.94,56.51,32.14
1297,167.9,56.69,30.92
67,166.34,57.78,33.49
5,167.3,57.64,34.43
5,169.06,57.55,34.36
110,168.17,57.76,33.44
5,169.9,56.94,34.14
243,168.12,57.15,32.8
1541,167.18,57.24,31.48
1606,165.43,57.33,31.59
168,166.48,57.18,32.84
9,170.71,56.04,34.08
9,171.51,55.08,34.08
724,169.79,56.16,31.78
87,170.71,55.91,32.96
48,171.51,55.05,32.86
82,169.67,54.1,31.98
578,168.03,55.52,31.4
272,167.76,52.88,30.98
38,167.45,49.29,30.68
1080,166.14,55.13,30.33
1054,165.84,51.38,29.84
1265,164.42,56.15,30.63
2,158.96,63.8,35.84
5,158.49,63.5,35.45
3,158.08,63.82,35.34
6,158.46,63.26,34.73
2,157.61,63.63,34.7
14,160.65,62.7,35.59
20,160.17,62.38,34.78
24,165.6,58.83,34.56
32,164.76,59.44,35.02
1839,163.77,59.42,33.75
147,163.12,60.82,35.7
1175,162.64,60.74,34.69
2,163.21,61.6,36.42
133,162.72,61.27,35.77
638,162.24,61.12,34.8
2,163.61,61.09,36.45
98,163.97,60.38,35.52
1524,163.04,60.3,34.46
1478,162.97,59.84,34.15
2,162.4,62.54,36.29
2,161.53,62.62,36.3
3,162.81,62.08,36.35
61,161.92,62.16,35.64
25,161.05,62.25,35.67
99,162.32,61.71,35.72
32,160.57,61.96,34.79
86,161.45,61.89,34.79
239,161.84,61.5,34.8
2,159.38,63.47,35.92
10,159.76,62.79,35.63
8,159.35,63.13,35.55
14,159.29,62.48,34.78
9,158.88,62.93,34.76
45,163.89,58.31,34.07
1435,162.84,58.53,32.87
1430,164.47,56.92,31.21
4,165.54,57.79,34.55
49,164.62,57.84,33.57
1492,163.67,58.03,32.32
1325,163.62,57.38,31.67
67,165.3,57.4,33.09
69,168.95,56.03,33
554,167.9,56.17,31.8
3,168.14,57.04,34.19
7,168.94,56.18,34.09
39,168.1,56.66,33.34
1386,166.24,56.73,30.98
316,167.18,56.68,32.32
31,166.44,56.71,33.36
197,165.44,56.76,32.42
21,169.67,54.35,33.46
1230,162.02,58.9,33.27
176,168.1,55.1,32.05
23,167.76,52.66,31.89
381,166.14,54.76,31.27
185,165.84,51.23,30.83
285,164.43,55.68,31.52
891,164.23,53.45,30.04
1037,163.5,55.55,30.41
990,162.66,56.29,30.74
2,158.49,63.54,35.91
6,158.46,63.21,35.55
2,157.61,63.57,35.44
5,158,63.02,34.76
3,157.58,63.34,34.73
2,160.66,62.71,36.33
16,160.16,62.32,35.71
20,159.69,62.04,34.79
39,163.78,58.9,34.62
1611,162.87,59.12,33.5
3,163.14,60.66,36.42
143,162.65,60.45,35.65
766,162.17,60.44,34.62
3,162.72,61.18,36.46
112,162.25,60.9,35.77
322,161.76,60.8,34.76
108,163.04,59.92,35.39
149,162.98,59.39,35.06
1101,162.04,59.46,33.82
2,161.93,62.16,36.36
2,161.06,62.24,36.38
3,162.33,61.67,36.42
24,160.57,61.86,35.75
47,161.44,61.78,35.73
78,161.85,61.34,35.77
28,160.09,61.63,34.8
62,160.97,61.56,34.8
131,161.37,61.18,34.8
2,159.77,62.79,36.36
13,159.28,62.4,35.71
9,158.88,62.87,35.63
14,158.8,62.14,34.79
9,158.4,62.57,34.78
8,163.86,57.85,34.59
50,162.85,57.93,33.68
1200,161.91,58.12,32.44
212,164.48,56.38,32.06
3,164.62,57.32,34.33
49,163.68,57.41,33.12
1128,162.71,57.01,31.34
121,163.63,56.8,32.49
4,165.41,56.5,34.07
3,167.18,56.31,34.11
8,167.99,55.39,34.08
361,166.25,56.2,31.85
24,165.49,56.22,33.09
25,167.19,56.18,33.09
49,167.98,55.38,32.83
8,167.76,52.75,33.46
1047,161.86,57.45,31.77
164,162.03,58.3,34.09
909,161.11,58.57,32.92
82,164.42,55.25,32.11
59,166.13,54.26,31.99
5,165.84,51.08,31.81
293,164.23,53.2,31.01
288,163.51,55.14,31.32
204,162.67,55.8,31.6
823,162.54,54.6,30.17
775,161.72,55.74,30.51
6,158,62.95,35.63
3,157.58,63.28,35.54
5,157.52,62.65,34.78
2,157.11,63.09,34.75
3,160.16,62.3,36.42
17,159.69,61.94,35.75
25,159.61,61.3,34.76
19,159.21,61.71,34.79
51,162.88,58.56,34.34
4,162.67,60.25,36.39
148,162.18,60.09,35.56
272,161.27,60.39,34.57
4,162.24,60.77,36.46
102,161.77,60.52,35.73
257,161.22,59.94,34.26
18,162.97,58.96,35.68
187,162.05,58.94,34.7
744,161,59.12,33.51
3,160.57,61.81,36.45
3,161.45,61.75,36.43
4,161.85,61.25,36.46
23,160.09,61.48,35.78
40,160.97,61.41,35.77
64,161.37,60.97,35.77
50,160.45,60.9,34.69
3,159.28,62.37,36.42
2,158.88,62.87,36.36
14,158.8,62.02,35.74
10,158.4,62.49,35.7
13,158.32,61.8,34.79
9,157.92,62.23,34.79
5,162.86,57.39,34.35
50,161.92,57.51,33.24
4,164.47,55.74,34.05
24,164.47,55.65,32.89
2,163.66,56.65,34.08
24,163.62,56.27,33.1
126,162.72,56.46,32.17
15,166.15,54.66,33.45
2,165.84,51.14,33.46
80,161.87,56.86,32.58
865,160.92,56.9,31.28
35,162.02,57.89,34.61
146,161.12,57.97,33.74
700,160.15,58.21,32.55
55,163.49,54.77,32.03
62,162.67,55.36,32.15
21,164.23,52.97,31.9
274,162.55,54.28,31.11
209,161.73,55.3,31.4
704,160.1,57.58,31.88
644,160.71,53.86,30.12
628,159.93,55.64,30.53
6,157.52,62.56,35.71
3,157.12,63.03,35.62
4,157.03,62.3,34.79
2,156.63,62.73,34.78
4,159.68,61.89,36.45
24,159.61,61.11,35.75
19,159.21,61.56,35.76
18,158.68,61.04,34.66
7,162.18,59.86,36.34
117,161.27,60.04,35.51
5,161.77,60.35,36.43
147,161.22,59.5,35.17
80,160.29,59.53,33.89
18,162.06,58.43,35.5
216,161.01,58.56,34.36
2,160.09,61.4,36.9
6,160.09,61.41,36.46
4,160.97,61.33,36.45
5,161.37,60.85,36.46
48,160.45,60.63,35.66
34,159.51,60.51,34.53
32,159.46,60.04,34.29
4,158.8,61.97,36.44
3,158.4,62.45,36.41
15,158.32,61.65,35.76
11,157.92,62.1,35.74
11,157.84,61.48,34.76
7,157.43,61.88,34.8
4,163.51,54.89,34.08
11,163.51,54.88,32.84
14,162.71,55.75,32.94
6,164.23,53.05,33.46
17,161.86,56.36,33.17
131,160.94,56.36,32.12
713,159.98,56.33,30.87
269,159.3,58.56,32.93
21,161.15,57.45,34.37
125,160.16,57.63,33.38
11,162.32,51.38,31.83
28,162.55,54.07,31.95
38,161.86,54.86,32.03
114,160.11,57,32.7
223,160.71,53.56,31.07
176,159.94,55.21,31.42
586,159.16,57.01,31.42
549,159.01,55.01,30.38
472,158.18,55.74,30.7
2,157.53,62.53,36.42
6,157.04,62.18,35.76
3,156.64,62.64,35.7
2,156.1,61.99,34.79
4,159.61,61,36.9
10,159.6,60.98,36.45
2,159.2,61.48,36.9
6,159.2,61.48,36.46
21,158.69,60.79,35.63
12,157.71,60.49,34.53
10,161.25,59.51,36.6
52,161.21,59.1,35.77
135,160.29,59.04,34.78
45,159.35,59.11,33.52
10,161.09,57.75,35.34
7,160.44,60.45,36.71
38,159.51,60.17,35.48
55,159.46,59.63,35.21
17,158.5,59.65,34
2,158.32,61.56,36.9
6,158.32,61.56,36.46
3,157.93,62.05,36.44
14,157.84,61.27,35.75
10,157.44,61.72,35.77
6,156.9,61.2,34.72
2,162.32,51.45,33.46
2,162.55,54.09,34.08
8,162.55,54.09,32.83
9,161.73,55.03,32.83
18,160.94,55.88,32.99
143,159.99,55.84,31.73
203,158.39,58.24,32.6
117,159.31,57.99,33.77
6,160.14,56.89,34.15
27,160.1,56.51,33.26
25,160.7,53.22,31.91
48,159.94,54.79,32.03
121,159.18,56.48,32.26
180,159.02,54.64,31.29
135,158.19,55.31,31.59
496,158.23,56.41,31.03
346,158.33,57.64,31.96
69,157.53,58.6,32.99
396,157.18,54.2,30.25
2,157.04,62.12,36.45
3,156.12,61.83,35.76
8,158.69,60.61,36.7
15,157.73,60.1,35.47
7,156.76,60.12,34.44
10,160.29,58.73,36.58
55,160.29,58.59,35.57
124,159.36,58.58,34.38
3,160.14,56.99,35.31
12,159.49,59.67,36.6
45,159.45,59.25,35.8
46,158.51,59.18,34.91
10,157.57,59.26,33.69
6,156.71,59.61,34.05
4,157.85,61.15,36.9
7,157.85,61.14,36.45
4,157.44,61.64,36.46
9,156.92,60.94,35.7
3,155.93,60.58,34.64
5,160.71,53.38,33.44
17,159.99,55.19,32.82
37,159.3,57.5,34.38
103,158.4,57.68,33.44
24,159.19,56.01,33.07
46,159.06,54.27,32.01
46,158.19,54.9,32.16
121,158.24,55.93,31.89
112,158.35,57.08,32.79
62,157.54,58.05,33.85
128,157.19,53.87,31.19
322,157.4,57.09,31.51
89,156.6,58.09,32.45
246,155.73,55.37,30.59
19,155.76,58.73,33.15
2,155.15,61.09,35.8
10,157.74,59.83,36.62
10,156.79,59.67,35.37
9,159.34,57.92,36.58
39,159.34,57.89,35.35
13,158.52,58.89,36.56
42,158.6,58.69,35.6
37,157.59,58.73,34.57
3,155.81,59.31,33.74
16,156.73,59.1,34.95
5,156.93,60.76,36.73
5,155.96,60.22,35.61
8,154.12,58.72,33.15
13,159.03,54.4,32.83
33,157.54,57.59,34.45
20,158.38,57,34.2
16,158.23,55.31,32.89
43,158.34,56.62,33.34
24,157.18,53.44,31.96
118,157.41,56.57,32.37
68,156.61,57.55,33.31
98,155.74,54.97,31.5
26,155.78,58.19,34.02
183,155.51,56.72,31.36
38,154.84,58.21,32.6
3,154.98,59.18,34.99
9,156.77,59.04,36.55
6,158.38,57.11,36.58
17,158.38,57.12,35.33
11,157.58,58.1,36.56
25,157.58,58.01,35.39
18,156.73,58.64,35.61
10,155.83,58.79,34.64
4,155.99,59.97,36.69
2,155.03,59.78,35.48
35,153.81,57.87,32.24
8,153.08,58.33,32.74
9,154.13,58.21,34.03
113,153.38,55.67,30.77
5,157.19,53.66,33.47
4,157.42,56.28,34.11
29,157.43,56.13,33.13
23,156.63,57.09,34.19
49,155.66,54.51,32.1
21,155.78,57.74,34.58
91,155.52,56.25,32.24
32,154.85,57.69,33.47
68,153.92,57.25,31.7
4,154.98,58.75,35.64
5,155.82,58.25,36.56
3,157.42,56.31,36.58
5,157.42,56.31,35.33
6,156.62,57.27,36.58
10,156.62,57.25,35.35
9,155.82,58.13,35.43
2,155.01,59.18,36.58
28,152.07,56.7,31.45
27,153.82,57.37,33.12
9,154.1,57.8,34.6
6,153.09,57.83,33.63
59,153.39,55.26,31.68
12,155.59,55.46,33.62
17,154.86,57.23,34.28
46,153.93,56.76,32.57
2,150.34,57.39,31.84
14,150.19,55.61,30.77
2,154.86,57.42,36.58
3,154.85,57.39,35.36
5,153.65,53.99,33.42
11,153.89,56.6,34.09
22,153.96,56.3,33.21
5,153.1,57.36,34.35
17,152.07,56.26,32.35
8,150.19,55.21,31.68
5,152.07,55.75,33.73
2,150.34,56.48,33.31
101,153.72,54.33,30.3
5,150.08,54.33,30.32
23,151.75,52.85,30.04
235,155.26,52.45,29.95
47,153.73,53.99,31.24
556,158.79,52.09,29.91
4,150.09,53.99,31.26
88,153.35,50.74,29.8
2,149.83,51.06,29.85
12,151.75,52.59,31
423,156.87,50.4,29.77
17,153.91,53.48,31.94
74,155.27,52.21,30.92
185,158.79,51.88,30.89
794,160.39,50.05,29.74
826,162.31,51.71,29.87
2,150.07,53.47,31.92
218,154.95,48.72,29.67
18,151.43,49.03,29.72
28,153.36,50.56,30.79
2,151.74,52.19,31.85
360,156.56,46.74,29.56
668,158.47,48.4,29.63
129,156.88,50.24,30.76
5,155.28,52,31.85
9,158.8,51.7,31.84
232,160.4,49.92,30.73
809,162,48.06,29.61
250,162.32,51.55,30.86
972,163.92,49.71,29.71
59,153.03,47.04,29.63
69,154.96,48.61,30.66
6,151.44,48.92,30.72
91,154.63,45.08,29.54
126,158.16,44.78,29.47
110,156.57,46.67,30.56
17,159.77,42.8,29.38
64,161.69,44.45,29.41
459,160.08,46.42,29.52
187,158.48,48.3,30.63
5,156.88,50.11,31.78
2,155.28,52.06,33.46
3,158.8,51.75,33.46
10,160.4,49.8,31.77
140,162.01,47.98,30.6
180,163.61,46.1,29.48
152,163.92,49.6,30.71
306,165.53,47.75,29.58
13,156.24,43.13,29.46
3,157.85,41.15,29.38
6,151.1,45.37,29.62
23,153.04,46.97,30.62
3,154.97,48.51,31.73
8,152.69,43.42,29.54
38,154.65,45.04,30.54
43,158.17,44.73,30.47
8,156.58,46.61,31.68
4,159.78,42.8,30.38
14,161.7,44.42,30.41
99,160.09,46.36,30.51
11,158.49,48.2,31.72
5,162.01,47.89,31.7
33,163.61,46.04,30.48
4,163.93,49.49,31.76
46,165.53,47.66,30.58
8,156.26,43.11,30.46
3,151.12,45.34,30.62
5,152.73,43.42,30.54
4,154.67,45.01,31.67
3,158.19,44.7,31.64
5,160.1,46.29,31.66
8,163.43,75.91,41.17
3,164.15,75.9,41.04
9,163.47,75.89,40.67
3,163.57,76.05,41.13
12,163.34,75.96,41.14
2,163.96,75.91,41.35
3,163.36,76.45,42.56
2,169.23,85.74,39.14
2,169.23,85.74,39.47
3,163.73,75.96,40.01
10,163.47,75.89,40.01
5,163.58,76.01,40.64
14,163.33,75.97,40.64
5,163.49,76.09,41.14
10,163.35,76.51,41.28
6,163.36,76.46,41.91
2,168.71,85.74,40.06
2,163.36,77.44,42.55
3,168.71,85.74,39.47
3,168.71,85.74,39.14
2,169.32,85.38,38.74
2,169.23,85.74,38.74
2,169.04,85.55,39.15
2,169.04,85.55,39.46
4,167.67,85.74,40.06
6,166.66,85.74,40.06
6,163.58,76.01,40.01
15,163.33,75.97,40.02
7,163.46,75.89,39.45
8,163.51,85.74,40.73
2,163.85,76.29,40.02
10,163.45,76.08,40.64
14,163.35,76.57,40.64
2,163.81,76.63,41.9
2,163.54,76.6,41.28
5,163.36,77.48,41.27
3,163.55,76.58,41.9
3,163.36,77.46,41.91
3,168.13,85.74,40.06
2,163.36,78.3,42.55
3,168.7,85.74,38.75
4,168.13,85.74,39.47
2,168.55,85.55,39.46
2,168.55,85.55,39.15
3,168.12,85.74,39.14
2,169.32,85.38,38.08
4,169.23,85.74,38.08
2,169.04,85.55,38.76
4,167.66,85.74,39.14
5,167.66,85.74,39.47
6,166.72,85.74,39.17
8,166.65,85.74,39.47
5,167.12,85.74,40.06
9,165.13,85.74,40.07
11,164.15,85.74,40.07
2,167.76,85.74,40.73
2,167.59,85.55,40.03
2,167.13,85.74,40.71
7,166.03,85.74,40.07
3,166.67,85.74,40.72
3,166.65,85.55,40.04
5,165.14,85.74,40.72
6,164.16,85.74,40.73
4,163.51,85.74,41.39
2,163.51,85.74,42.05
11,163.46,76.08,40.02
4,163.57,76,39.49
2,163.7,76.18,39.44
10,163.33,75.95,39.49
15,163.35,76.57,40.02
4,163.45,75.9,39.12
6,163.7,85.55,40.68
2,163.36,85.61,42.04
5,163.36,85.61,41.37
8,163.36,85.6,40.72
13,163.51,85.74,40.08
23,164.41,75.75,35.55
3,163.78,76.61,40.02
5,163.52,76.63,40.64
10,163.36,77.49,40.65
4,163.36,78.31,41.28
2,163.56,77.49,41.9
3,163.36,78.31,41.91
2,168.19,85.74,40.6
2,168.02,85.55,40.03
2,163.36,78.83,42.55
2,163.56,78.31,42.53
5,168.7,85.74,38.1
4,168.12,85.74,38.76
2,168.55,85.55,38.76
2,168.01,85.55,39.46
2,168.01,85.55,39.14
2,169.32,85.39,37.42
4,169.23,85.74,37.42
2,169.13,85.21,38.12
3,169.04,85.55,38.12
5,167.65,85.74,38.76
7,166.64,85.74,38.8
2,167.58,85.55,39.14
5,167.11,85.74,39.15
2,167.58,85.55,39.46
6,167.11,85.74,39.47
2,166.71,85.55,39.16
3,166.64,85.55,39.46
10,166.03,85.74,39.47
13,165.13,85.74,39.48
15,164.16,85.74,39.48
2,167.08,85.55,40.04
5,165.22,85.55,40.04
8,164.31,85.55,40.04
4,166.04,85.74,40.72
4,166.06,85.55,40.04
2,165.15,85.74,41.38
3,165.23,85.55,40.67
3,164.16,85.74,41.38
4,164.31,85.55,40.68
3,163.7,85.55,41.31
2,163.7,85.55,41.95
4,163.77,85.35,40.65
8,163.45,76.06,39.49
7,163.52,76.63,40.02
2,163.59,76.03,39.17
2,163.68,76.21,38.95
3,163.77,76.6,39.38
15,163.36,77.49,40.02
10,163.35,76.54,39.38
4,163.39,75.91,38.87
2,163.95,75.91,38.7
2,163.55,85.43,41.95
4,163.55,85.43,41.31
6,163.55,85.43,40.67
10,163.7,85.55,40.04
2,163.36,85.25,42.01
4,163.36,85.23,41.35
7,163.36,85.22,40.7
12,163.36,85.6,40.07
18,163.51,85.74,39.47
14,164.3,75.71,35.61
2,163.74,75.76,35.16
2,163.56,77.5,40.65
9,163.36,78.32,40.65
4,163.36,78.84,41.28
3,163.36,78.84,41.91
2,163.56,78.31,41.9
2,163.36,79.24,42.56
2,163.56,78.84,42.53
6,168.7,85.74,37.44
6,168.11,85.74,38.11
3,168.55,85.54,38.13
2,168.01,85.55,38.76
3,169.23,85.74,36.76
2,169.13,85.21,37.48
4,169.04,85.54,37.48
6,167.64,85.74,38.11
9,166.65,85.74,38.12
6,167.1,85.74,38.76
2,167.58,85.55,38.77
9,166.04,85.74,38.83
2,166.64,85.54,38.8
13,165.16,85.74,38.83
17,164.18,85.74,38.83
2,167.07,85.55,39.14
3,167.07,85.55,39.46
4,166.06,85.55,39.46
7,165.23,85.55,39.46
9,164.31,85.55,39.46
3,164.39,85.28,40.02
2,166.07,85.55,40.67
2,164.31,85.55,41.31
3,163.77,85.35,41.27
7,163.77,85.35,40.02
6,163.56,77.5,40.02
6,163.52,76.6,39.38
3,163.56,76.08,38.89
2,163.79,76.61,38.78
3,163.84,77.49,39.4
3,163.36,79.73,42.56
15,163.36,78.32,40.02
13,163.36,77.49,39.4
6,163.35,76.5,38.75
2,163.55,85.11,41.94
3,163.55,85.1,41.3
4,163.55,85.1,40.67
9,163.55,85.43,40.04
11,163.7,85.55,39.46
2,163.36,84.08,42.61
3,163.36,84.76,41.98
4,163.36,84.74,41.33
6,163.36,84.73,40.68
10,163.36,85.21,40.05
16,163.36,85.6,39.45
21,163.52,85.74,38.82
11,164.16,75.69,35.65
3,164.19,75.72,35.28
3,163.81,76.11,34.58
2,163.84,77.49,40.02
8,163.36,78.84,40.65
2,163.56,78.32,40.65
4,163.36,79.25,41.28
3,163.36,79.25,41.91
2,163.56,78.84,41.9
2,163.56,79.25,42.53
5,168.7,85.74,36.77
8,168.1,85.74,37.45
4,168.55,85.54,37.49
3,168.01,85.54,38.13
3,169.04,85.54,36.84
2,168.76,85.03,37.52
9,167.64,85.74,37.46
12,166.66,85.74,37.48
7,167.1,85.74,38.12
3,167.58,85.54,38.13
11,166.06,85.74,38.13
3,166.64,85.54,38.14
15,165.2,85.74,38.13
20,164.2,85.74,38.13
2,167.07,85.55,38.77
3,166.07,85.54,38.83
5,165.24,85.54,38.83
9,164.32,85.54,38.82
3,164.39,85.27,39.43
2,163.96,85.01,40.02
7,163.77,85.35,39.43
2,163.56,79.74,42.54
5,163.56,78.32,40.02
7,163.56,77.5,39.4
3,163.54,76.59,38.76
2,163.84,77.49,38.77
3,163.36,79.74,41.91
3,163.36,80.14,42.57
3,163.36,79.74,41.28
15,163.36,78.85,40.02
16,163.36,78.32,39.4
7,163.36,77.49,38.77
3,163.35,76.48,38.15
2,163.55,84.67,41.93
2,163.55,84.67,41.29
2,163.55,84.66,40.66
6,163.55,85.09,40.03
11,163.55,85.42,39.44
13,163.71,85.55,38.82
3,163.36,84.07,41.95
4,163.36,84.05,41.3
5,163.36,84.19,40.67
8,163.36,84.71,40.04
13,163.36,85.2,39.42
20,163.36,85.6,38.81
25,163.52,85.74,38.12
2,168.41,85.74,35.56
2,168.41,85.74,35.22
3,163.77,75.9,34.96
3,163.58,75.91,34.75
5,163.56,76.44,34.58
2,163.96,76.94,34.59
2,168.14,85.74,34.74
3,168.08,85.74,34.94
2,168.07,85.37,34.59
3,163.87,78.39,39.4
7,163.36,79.25,40.65
2,163.56,78.85,40.65
2,163.56,79.25,41.9
2,168.71,85.74,36.08
7,168.11,85.74,36.78
4,168.55,85.54,36.85
2,168.43,85.31,37.52
5,168,85.54,37.49
8,167.64,85.74,36.8
10,166.67,85.74,36.82
11,167.1,85.74,37.47
4,167.57,85.54,37.5
14,166.07,85.74,37.48
5,166.65,85.54,37.5
18,165.2,85.74,37.49
23,164.2,85.74,37.48
3,167.07,85.54,38.13
3,166.07,85.54,38.14
6,165.25,85.54,38.14
10,164.32,85.54,38.14
2,164.39,85.28,38.81
2,163.96,85,39.41
4,167.65,85.74,34.65
4,167.69,85.74,34.88
5,167.61,85.64,34.59
8,163.77,85.35,38.81
2,163.56,79.74,41.9
2,163.56,80.15,42.54
5,163.56,78.85,40.02
8,163.56,78.32,39.4
4,163.56,77.5,38.77
3,163.36,80.15,41.92
2,163.36,80.66,42.94
3,163.36,80.15,41.28
7,163.36,79.74,40.65
14,163.36,79.25,40.02
18,163.36,78.85,39.4
11,163.36,78.32,38.77
3,163.36,77.48,38.14
2,163.56,84.02,41.92
2,163.56,84.02,41.28
2,163.56,84.15,40.65
3,163.56,84.65,40.03
7,163.55,85.09,39.41
14,163.55,85.43,38.81
16,163.7,85.54,38.14
4,163.36,83.25,41.61
5,163.36,83.75,40.66
7,163.36,84.18,40.03
11,163.36,84.7,39.4
18,163.36,85.2,38.78
25,163.36,85.6,38.12
28,163.52,85.74,37.47
3,168.13,85.74,35.4
2,168.27,85.54,35.71
2,168.27,85.54,35.39
3,163.59,77.4,34.59
2,168.02,85.54,34.93
3,167.97,85.54,35.12
2,167.98,85.21,34.78
3,167.54,84.89,34.59
3,163.87,78.39,38.77
6,163.73,78.84,39.4
2,163.73,78.84,40.02
2,168.56,85.54,36.2
5,168.12,85.74,36.09
2,168.43,85.31,36.89
4,168.01,85.54,36.85
6,167.66,85.74,36.1
8,166.67,85.74,36.16
9,167.1,85.74,36.81
4,167.58,85.54,36.86
12,166.07,85.74,36.83
4,166.65,85.54,36.87
15,165.2,85.74,36.84
20,164.2,85.74,36.83
4,167.07,85.54,37.5
5,166.08,85.54,37.51
8,165.25,85.54,37.51
13,164.32,85.54,37.51
2,164.39,85.28,38.15
2,163.96,85.01,38.79
7,166.69,85.74,34.84
8,166.69,85.65,34.59
5,167.68,85.74,35.58
4,167.68,85.74,35.23
6,167.15,85.74,34.84
4,167.57,85.54,34.85
3,167.6,85.54,35.06
4,167.53,85.45,34.78
6,167.13,85.42,34.59
7,166.68,85.74,35.46
10,163.77,85.35,38.15
2,163.56,80.15,41.9
4,163.56,79.25,40.02
10,163.56,78.85,39.4
7,163.56,78.32,38.77
2,163.56,77.5,38.14
2,163.36,81.49,42.93
3,163.36,80.66,41.58
6,163.36,80.15,40.65
13,163.36,79.74,40.02
20,163.36,79.25,39.4
14,163.36,78.85,38.77
5,163.36,78.31,38.14
2,163.56,83.23,41.59
2,163.56,84.15,40.02
4,163.56,84.65,39.4
9,163.55,85.09,38.78
18,163.55,85.43,38.14
19,163.7,85.54,37.5
4,163.36,82.41,41.62
4,163.36,83.22,40.66
6,163.36,83.75,40.03
10,163.36,84.17,39.4
16,163.36,84.7,38.77
24,163.36,85.2,38.13
30,163.36,85.59,37.46
25,163.52,85.74,36.81
3,168.01,85.54,35.55
2,168.18,85.39,35.8
2,168.18,85.39,35.49
2,167.48,84.78,34.79
2,166.93,83.47,34.59
4,167.02,84.42,34.59
2,159.73,77.6,34.56
2,163.87,78.39,38.15
6,163.73,78.84,38.77
2,168.43,85.31,36.27
3,168.01,85.54,36.2
7,167.12,85.74,36.13
3,167.59,85.54,36.21
9,166.07,85.74,36.17
3,166.65,85.54,36.23
12,165.21,85.74,36.18
17,164.21,85.74,36.16
4,167.07,85.54,36.86
3,166.08,85.54,36.87
5,165.25,85.54,36.87
9,164.32,85.54,36.87
2,164.39,85.27,37.52
3,163.96,85.01,38.15
2,163.75,84.61,38.77
9,166.07,85.74,34.84
4,166.66,85.54,35.01
11,165.2,85.74,34.85
13,164.49,85.74,34.91
14,164.48,85.74,34.65
16,163.98,85.74,34.65
16,163.97,85.74,34.9
18,163.54,85.74,34.65
5,166.65,85.47,34.78
8,166.17,85.45,34.59
10,165.23,85.49,34.59
12,164.48,85.63,34.59
12,164.25,85.43,34.59
15,163.99,85.65,34.59
17,163.48,85.67,34.59
17,163.35,85.63,34.66
6,167.14,85.74,35.43
3,167.6,85.54,35.72
3,167.6,85.54,35.39
3,167.5,85.33,34.97
2,167.53,85.33,35.18
4,167.09,85.54,35.01
4,167.08,85.26,34.78
6,166.61,84.95,34.59
8,166.08,85.74,35.47
3,166.65,85.54,35.57
11,165.22,85.74,35.47
13,164.49,85.74,35.65
13,164.5,85.74,35.29
16,163.97,85.74,35.62
18,163.53,85.74,34.89
16,163.97,85.74,35.26
22,163.53,85.74,36.12
12,163.77,85.35,37.52
2,163.56,80.66,41.57
3,163.56,79.74,40.02
10,163.56,79.25,39.4
9,163.56,78.85,38.77
3,163.56,78.32,38.14
3,163.36,81.48,41.62
5,163.36,80.69,40.65
12,163.36,80.15,40.02
20,163.36,79.74,39.4
17,163.36,79.25,38.77
7,163.36,78.85,38.14
2,163.36,78.31,37.52
2,163.56,82.41,41.6
2,163.56,83.73,40.02
2,163.56,84.15,39.4
6,163.56,84.65,38.77
14,163.55,85.09,38.14
21,163.55,85.42,37.5
15,163.7,85.54,36.86
4,163.36,82.39,40.65
6,163.36,83.22,40.03
10,163.36,83.74,39.4
16,163.36,84.17,38.77
24,163.36,84.7,38.14
30,163.36,85.18,37.49
27,163.35,85.57,36.82
3,163.63,78.35,34.59
2,163.36,78.28,34.87
2,166.99,84.35,34.79
4,166.51,83.96,34.59
2,159.73,77.62,34.68
3,159.53,77.86,34.56
4,159.96,77.81,34.56
2,160.16,77.55,34.56
3,163.73,78.84,38.15
4,163.92,79.26,38.77
2,163.75,79.73,39.4
3,167.08,85.54,36.21
2,166.08,85.54,36.23
4,165.25,85.54,36.24
7,164.33,85.54,36.23
3,163.96,85.01,37.52
3,163.75,84.61,38.15
2,166.63,85.36,35.12
5,166.07,85.54,35.01
6,165.24,85.54,35.02
6,164.57,85.55,35.07
8,164.57,85.54,34.84
10,164.11,85.55,34.84
9,164.1,85.55,35.07
12,163.71,85.55,34.84
5,166.16,85.3,34.78
6,165.26,85.34,34.78
7,164.56,85.46,34.78
7,164.33,85.29,34.78
10,164.11,85.47,34.78
12,163.66,85.48,34.78
8,165.68,85.03,34.59
9,164.74,85.12,34.59
12,163.73,85.21,34.59
13,163.55,85.45,34.84
24,163.35,85.6,36.16
16,163.35,85.62,34.92
14,163.35,85.23,34.89
3,167.09,85.54,35.56
2,167.05,85.15,35.12
3,166.58,84.85,34.79
6,166.1,84.46,34.59
3,166.08,85.54,35.58
4,165.26,85.54,35.58
5,164.57,85.54,35.74
5,164.57,85.55,35.41
19,163.53,85.74,35.43
7,164.1,85.55,35.73
12,163.71,85.55,35.07
8,164.1,85.55,35.4
8,163.77,85.35,36.9
12,163.71,85.54,36.21
2,163.56,81.48,41.6
2,163.56,80.15,40.02
8,163.56,79.74,39.4
11,163.56,79.25,38.77
5,163.56,78.85,38.14
5,163.36,81.5,40.65
10,163.36,80.7,40.02
20,163.36,80.15,39.4
22,163.36,79.74,38.77
10,163.36,79.25,38.14
3,163.36,78.84,37.52
2,163.56,83.73,39.4
4,163.56,84.15,38.77
11,163.56,84.65,38.14
17,163.55,85.08,37.51
17,163.55,85.42,36.86
7,163.36,82.39,40.02
11,163.36,83.22,39.4
16,163.36,83.74,38.77
25,163.36,84.17,38.15
31,163.36,84.69,37.51
26,163.36,85.15,36.85
3,163.42,78.82,34.59
2,163.36,78.83,34.86
2,166.5,83.93,34.79
3,166.02,83.53,34.59
2,159.73,77.62,34.89
3,159.53,77.86,34.68
4,159.97,77.82,34.7
2,160.17,77.58,34.69
2,160.6,77.53,34.71
2,159.33,78.1,34.56
5,159.77,78.06,34.56
6,160.21,78.02,34.57
4,160.4,77.77,34.57
2,160.84,77.72,34.57
4,163.92,79.26,38.15
7,163.75,79.73,38.77
20,163.36,85.18,36.19
2,163.96,85.01,36.9
4,163.75,84.61,37.52
2,166.17,85.21,35.12
2,165.28,85.25,35.12
3,164.62,85.34,35.18
4,164.62,85.34,34.96
3,164.38,85.2,35.18
4,164.39,85.2,34.96
6,164.18,85.35,34.96
5,164.18,85.35,35.18
9,163.78,85.36,34.96
4,165.68,84.94,34.78
5,164.78,85.02,34.78
8,163.87,85.09,34.78
7,165.19,84.53,34.59
8,164.23,84.63,34.59
11,163.47,84.74,34.59
14,163.55,85.43,36.24
12,163.55,85.45,35.07
9,163.55,85.12,35.03
15,163.35,85.33,35.51
10,163.35,84.73,34.91
2,166.09,84.42,34.79
5,165.61,84.03,34.59
2,164.62,85.34,35.8
2,164.62,85.34,35.49
2,164.38,85.2,35.49
3,164.18,85.35,35.8
7,163.77,85.37,35.18
4,164.18,85.35,35.49
11,163.71,85.55,35.56
7,163.77,85.36,36.28
7,163.56,80.15,39.4
13,163.56,79.74,38.77
7,163.56,79.25,38.15
2,163.56,78.85,37.52
8,163.36,81.51,40.02
19,163.36,80.7,39.4
24,163.36,80.15,38.77
14,163.36,79.74,38.15
4,163.36,79.25,37.52
4,163.56,83.73,38.77
10,163.56,84.15,38.15
16,163.56,84.65,37.52
13,163.55,85.07,36.88
12,163.36,82.39,39.4
18,163.36,83.22,38.77
26,163.36,83.74,38.15
31,163.36,84.16,37.52
25,163.36,84.67,36.88
3,163.69,79.25,34.59
3,163.36,79.24,34.87
2,166.01,83.52,34.79
2,165.29,80.46,34.59
3,165.37,81.34,34.59
2,165.53,83.12,34.59
2,159.53,77.86,34.89
2,159.97,77.83,35.18
3,159.97,77.82,34.9
2,160.17,77.58,34.9
2,160.17,77.59,35.18
2,160.61,77.55,35.18
2,160.61,77.55,34.91
2,159.33,78.1,34.69
4,159.77,78.06,34.7
5,160.21,78.02,34.71
4,160.41,77.78,34.71
3,160.85,77.74,34.73
4,159.57,78.3,34.57
6,160.01,78.26,34.57
7,160.45,78.22,34.57
5,160.65,77.98,34.57
2,161.09,77.94,34.58
2,163.92,79.26,37.52
7,163.75,79.73,38.15
2,163.97,80.14,38.77
9,163.55,85.09,36.24
17,163.36,84.67,36.24
2,163.96,85.01,36.27
3,163.75,84.61,36.9
2,163.72,83.72,38.15
2,164.81,84.95,35.12
5,163.96,85.01,35.12
3,165.2,84.49,34.79
4,164.29,84.58,34.78
7,163.64,84.66,34.78
6,164.7,84.1,34.59
9,163.7,84.22,34.58
10,163.55,85.21,35.59
7,163.55,84.66,35.04
9,163.36,84.68,35.58
6,163.35,84.22,34.92
2,165.61,84,34.79
4,165.12,83.6,34.59
4,163.95,85.04,35.65
5,163.56,80.7,39.4
14,163.56,80.15,38.77
10,163.56,79.74,38.15
3,163.56,79.25,37.52
15,163.36,81.51,39.4
2,163.36,79.25,36.89
26,163.36,80.7,38.77
18,163.36,80.15,38.15
7,163.36,79.74,37.52
2,163.56,82.39,39.4
3,163.56,83.21,38.77
10,163.56,83.73,38.15
15,163.56,84.14,37.52
11,163.56,84.64,36.89
21,163.36,82.39,38.77
27,163.36,83.22,38.15
31,163.36,83.74,37.53
25,163.36,84.16,36.89
2,164.23,79.65,34.59
5,163.46,79.7,34.59
4,163.36,79.72,34.89
3,164.78,80.06,34.59
6,164.87,80.94,34.59
4,164.97,81.82,34.59
2,160.85,77.75,35.49
2,160.41,77.79,35.49
2,159.77,78.07,35.18
3,159.77,78.06,34.9
3,160.21,78.03,35.18
4,160.21,78.03,34.91
3,160.41,77.79,34.91
2,160.41,77.79,35.18
2,160.85,77.75,35.18
3,160.85,77.75,34.93
3,159.57,78.31,34.71
5,160.01,78.27,34.72
6,160.45,78.23,34.73
4,160.65,77.98,34.73
3,161.09,77.95,34.75
3,159.37,78.55,34.57
6,159.81,78.51,34.57
7,160.25,78.47,34.57
7,160.69,78.43,34.58
5,160.89,78.18,34.58
3,163.75,79.73,37.52
4,163.97,80.14,38.15
2,163.78,80.66,38.77
7,163.56,84.64,36.26
14,163.36,84.16,36.26
2,163.75,84.61,36.27
3,163.72,83.72,37.52
2,164.33,84.54,35.12
4,163.75,84.61,35.12
2,164.72,84.08,34.79
5,163.83,84.17,34.78
6,164.18,83.7,34.58
7,163.45,83.8,34.58
5,163.55,84.64,35.62
4,163.55,84.17,35.04
7,163.36,84.17,35.6
2,163.35,83.79,34.93
2,165.13,83.59,34.79
3,164.63,83.2,34.59
3,163.75,84.61,35.65
2,163.56,81.51,39.4
13,163.56,80.7,38.77
13,163.56,80.15,38.15
5,163.56,79.74,37.52
24,163.36,81.51,38.77
3,163.36,79.74,36.89
25,163.36,80.69,38.15
9,163.36,80.14,37.52
5,163.56,82.39,38.77
10,163.56,83.21,38.15
15,163.56,83.73,37.52
10,163.56,84.14,36.89
29,163.36,82.39,38.15
32,163.36,83.23,37.54
24,163.36,83.74,36.9
2,163.36,79.73,35.56
2,163.64,79.72,34.78
6,163.76,80.11,34.59
2,163.55,79.74,35.03
5,163.35,80.1,34.91
2,164.89,80.94,34.79
6,164.34,80.53,34.59
10,164.47,81.41,34.59
6,164.56,82.31,34.58
2,161.09,77.95,35.8
2,161.09,77.95,35.49
2,160.21,78.04,35.79
2,160.65,77.99,35.8
2,160.65,77.99,35.49
2,160.21,78.03,35.49
2,159.77,78.07,35.49
2,159.57,78.31,35.18
2,159.57,78.3,34.91
3,160.01,78.27,35.18
4,160.01,78.26,34.91
4,160.45,78.23,35.18
5,160.45,78.23,34.92
4,160.65,77.99,34.92
3,160.65,77.99,35.18
2,161.09,77.95,35.18
3,161.09,77.95,34.94
2,159.37,78.55,34.72
5,159.81,78.51,34.72
6,160.25,78.47,34.73
6,160.69,78.43,34.75
5,160.89,78.19,34.75
2,159.17,78.79,34.57
4,159.4,78.99,34.58
5,159.61,78.75,34.57
7,160.05,78.71,34.57
8,160.29,78.91,34.58
8,160.49,78.67,34.58
4,161.17,78.61,34.58
3,163.97,80.14,37.52
7,163.78,80.66,38.15
5,163.56,84.14,36.27
12,163.36,83.75,36.27
2,163.72,83.72,36.9
2,163.91,84.14,35.12
3,164.23,83.68,34.77
5,163.6,83.74,34.76
4,163.67,83.34,34.58
3,163.56,84.15,35.63
4,163.36,83.76,35.61
2,164.1,82.82,34.58
8,163.56,81.51,38.77
2,163.56,79.74,36.89
16,163.56,80.69,38.15
7,163.56,80.15,37.52
29,163.36,81.5,38.15
2,163.36,79.73,36.25
4,163.36,80.14,36.9
16,163.36,80.69,37.53
14,163.56,82.39,38.15
15,163.56,83.22,37.53
10,163.56,83.73,36.9
31,163.36,82.39,37.56
24,163.36,83.26,36.93
3,163.36,80.12,35.6
3,163.89,80.13,34.78
9,163.51,80.58,34.58
11,163.33,80.84,34.66
3,163.54,80.13,35.03
7,163.35,80.58,34.95
3,164.39,80.54,34.79
4,164.49,81.42,34.78
3,164.57,82.3,34.77
11,163.9,80.97,34.58
15,164.08,81.89,34.57
2,160.26,78.17,36.35
2,160.25,78.1,36.08
2,160.66,78,36.11
2,160.89,78.19,35.8
2,161.33,78.15,35.8
3,160.89,78.19,35.49
2,161.33,78.15,35.49
2,160.01,78.27,35.8
2,160.45,78.23,35.8
3,160.45,78.23,35.49
2,160.01,78.27,35.49
3,159.81,78.51,35.18
2,159.37,78.54,34.91
4,159.81,78.5,34.92
4,160.25,78.47,35.18
5,160.24,78.46,34.92
4,160.69,78.43,35.18
5,160.68,78.42,34.94
4,160.88,78.19,34.94
3,160.89,78.19,35.18
2,161.55,78.13,35.11
3,159.4,78.99,34.76
4,159.61,78.75,34.74
6,160.05,78.71,34.74
7,160.29,78.91,34.76
6,160.49,78.67,34.76
4,161.16,78.61,34.77
7,159.87,79.17,34.58
7,160.75,79.09,34.59
7,163.78,80.66,37.52
2,164.05,81.02,38.15
3,163.56,83.73,36.27
9,163.36,83.28,36.29
7,163.63,82.49,34.56
2,163.77,83.29,34.75
2,163.36,83.29,35.63
2,163.33,82.75,35.01
16,163.56,81.5,38.15
3,163.56,80.14,36.9
11,163.56,80.69,37.52
25,163.36,81.49,37.55
3,163.36,80.13,36.26
8,163.36,80.67,36.92
17,163.56,82.39,37.53
9,163.56,83.23,36.91
22,163.35,82.43,36.99
5,163.35,80.63,35.61
7,163.65,80.62,34.76
8,163.48,80.89,34.78
13,163.32,81.16,34.65
5,163.52,80.62,35.05
12,163.33,81.29,35.02
6,163.98,81,34.76
10,164.1,81.89,34.74
16,163.61,81.45,34.56
8,163.39,82.26,34.55
3,163.27,82.45,34.93
2,160.89,78.18,36.43
2,160.89,78.19,36.11
2,161.33,78.15,36.11
2,160.02,78.32,36.42
2,160.45,78.24,36.42
2,160.01,78.28,36.11
2,160.45,78.23,36.11
2,161.57,78.35,35.8
2,161.57,78.35,35.49
3,160.69,78.43,35.8
3,161.13,78.39,35.8
3,160.69,78.43,35.49
3,161.13,78.39,35.49
2,159.81,78.51,35.8
2,160.25,78.47,35.8
3,160.25,78.47,35.49
2,159.81,78.51,35.49
2,159.41,78.98,35.18
2,159.41,78.98,34.95
4,160.05,78.71,35.18
2,159.61,78.75,35.18
3,159.61,78.74,34.93
5,160.04,78.7,34.93
5,160.29,78.91,35.18
5,160.28,78.9,34.95
5,160.49,78.67,35.18
5,160.48,78.66,34.94
4,161.14,78.61,35.11
5,159.86,79.17,34.77
6,160.75,79.09,34.78
2,161.65,79.01,34.78
5,159.46,79.65,34.59
8,160.35,79.57,34.59
4,161.25,79.49,34.59
4,163.77,80.66,36.89
2,163.8,81.49,38.15
3,164.05,81.02,37.52
8,163.35,82.76,36.44
2,163.56,83.24,36.28
2,163.83,82.37,37.52
7,163.7,82.45,34.69
4,163.43,82.88,34.73
3,163.45,82.67,35.05
15,163.56,81.5,37.53
6,163.55,80.68,36.9
6,163.35,80.65,36.28
17,163.35,81.46,36.98
10,163.54,82.41,36.94
14,163.34,82.18,36.67
3,163.54,80.67,35.63
9,163.34,81.27,35.63
3,163.74,80.67,35.09
2,164.03,81.03,35.09
10,163.43,81.22,34.74
7,163.46,81.37,35.06
11,163.16,81.62,34.96
3,164.08,81.91,35.08
12,163.68,81.49,34.7
9,163.43,82.21,34.64
14,163.2,81.98,34.55
5,163.35,82.35,34.97
2,163.17,82.44,35.07
2,160.89,78.19,36.73
2,160.46,78.27,36.73
2,160.01,78.35,36.74
2,160.69,78.43,36.43
2,161.13,78.39,36.43
3,160.69,78.43,36.11
2,161.13,78.39,36.11
2,159.81,78.5,36.42
2,160.25,78.46,36.43
2,159.81,78.5,36.12
2,160.25,78.47,36.11
3,161.37,78.59,35.8
3,161.37,78.59,35.49
3,160.49,78.67,35.8
4,160.49,78.67,35.49
3,160.93,78.63,35.8
3,161.17,78.83,35.8
4,160.93,78.63,35.49
4,161.17,78.83,35.49
2,159.61,78.75,35.8
2,160.05,78.71,35.8
3,160.29,78.91,35.8
3,160.05,78.71,35.49
2,159.61,78.75,35.49
4,160.29,78.91,35.49
4,159.86,79.16,35.11
5,160.75,79.09,35.11
2,161.62,79.01,35.12
3,159.46,79.65,34.79
7,160.34,79.57,34.79
4,161.24,79.49,34.79
8,159.94,80.05,34.59
5,160.83,79.97,34.59
2,163.76,80.66,36.27
5,163.8,81.49,37.52
2,164.04,81.02,36.89
14,163.34,81.72,36.69
3,163.52,82.67,36.39
2,163.81,82.38,36.89
4,163.72,82.42,35.03
3,163.54,80.67,36.28
10,163.53,81.49,36.93
11,163.34,81.31,36.33
4,163.48,82.17,36.57
14,163.33,81.86,36.66
13,163.3,82.3,36.6
3,162.89,81.63,34.93
15,162.87,81.78,34.56
9,163.16,81.63,35.65
4,163.49,81.36,35.63
10,163.2,81.73,35.01
4,163.7,81.52,35.04
5,163.5,82.16,35.01
12,163.21,81.99,34.66
13,162.92,82.3,34.55
6,162.64,81.46,34.57
2,163.29,82.44,36.3
4,163.21,82.34,35.11
4,162.94,82.44,34.92
2,160.46,78.3,37.04
2,160.01,78.36,37.05
2,160.69,78.43,37.05
2,160.69,78.43,36.74
2,161.13,78.39,36.74
2,160.25,78.47,36.74
2,159.81,78.52,37.05
2,159.81,78.51,36.74
2,161.37,78.59,36.43
2,161.37,78.59,36.11
3,160.49,78.67,36.43
3,160.49,78.67,36.11
3,160.93,78.63,36.43
3,161.17,78.83,36.43
3,160.93,78.63,36.11
3,161.17,78.83,36.11
2,159.61,78.75,36.43
2,160.05,78.71,36.43
3,160.29,78.91,36.43
2,160.05,78.71,36.11
3,160.29,78.91,36.11
2,161.63,79.01,35.65
4,160.75,79.09,35.65
3,159.86,79.17,35.65
2,159.46,79.65,35.12
5,160.34,79.57,35.12
4,161.22,79.49,35.12
6,159.94,80.05,34.79
5,160.83,79.97,34.79
5,159.54,80.53,34.59
2,161.33,80.37,34.59
9,160.43,80.45,34.59
6,163.48,81.78,36.59
4,163.78,81.49,36.89
5,163.49,81.38,36.3
11,163.16,81.63,36.3
5,163.46,81.91,36.54
6,163.41,82.22,36.48
14,163.13,82.01,36.6
14,162.61,81.87,34.57
3,162.88,81.63,35.65
7,162.82,81.74,34.99
12,162.82,81.84,34.67
7,163.2,81.74,35.65
7,163.22,82.01,35.02
11,162.89,82.24,34.66
2,162.77,81.41,35.65
3,162.53,81.54,34.72
4,162.64,81.51,35
11,161.91,81.63,34.59
13,162.33,82.12,34.57
3,162.74,80.69,36.28
2,163.39,82.32,36.23
4,163.16,82.44,36.3
5,162.9,82.34,34.98
3,162.76,82.6,34.93
2,162.73,80.28,36.27
8,161.4,81.25,34.59
2,161.13,78.39,37.05
2,160.25,78.48,37.05
2,159.8,78.45,37.52
2,161.37,78.59,37.05
2,161.37,78.59,36.74
3,160.49,78.67,37.05
3,160.49,78.67,36.74
3,160.93,78.63,37.05
3,161.17,78.83,37.05
3,160.93,78.63,36.74
3,161.17,78.83,36.74
3,160.05,78.71,37.05
4,160.29,78.91,37.05
3,160.05,78.71,36.74
4,160.29,78.91,36.74
2,161.63,79.01,36.27
4,160.75,79.09,36.27
2,159.86,79.17,36.27
4,161.22,79.49,35.65
4,160.34,79.57,35.65
4,159.94,80.05,35.12
4,160.82,79.97,35.12
3,159.54,80.53,34.79
2,161.31,80.37,34.79
6,160.42,80.45,34.79
9,160.02,80.93,34.59
7,160.91,80.85,34.59
8,162.88,81.63,36.3
9,163.2,81.74,36.23
8,163.16,82.01,36.48
14,162.91,82.29,36.6
12,162.88,81.76,36.6
9,162.77,81.48,36.19
10,162.55,81.91,34.71
6,162.81,81.74,35.65
8,162.79,81.87,35.02
3,163.22,82.01,35.65
6,162.85,82.2,35.02
2,162.48,81.58,35.09
2,162.66,81.49,35.65
10,162.27,82.11,34.73
7,161.87,81.65,34.78
11,161.48,82.13,34.59
7,161.97,82.55,34.58
3,162.56,80.71,36.27
3,162.74,80.68,36.91
5,162.75,81.07,36.34
9,162.76,81.4,36.47
3,163.2,82.32,36.23
6,162.91,82.44,36.3
4,162.63,82.5,35
3,162.56,82.51,34.69
2,162.73,80.28,36.9
2,162.53,79.8,36.89
2,162.53,80.29,36.27
5,161.38,81.25,34.79
11,160.98,81.73,34.59
2,161.15,78.61,37.52
3,160.27,78.7,37.52
2,159.39,78.77,37.52
2,161.63,79.01,36.9
5,160.75,79.09,36.9
3,159.86,79.17,36.9
4,161.22,79.49,36.27
4,160.34,79.57,36.27
2,161.7,79.89,35.65
4,160.82,79.97,35.65
3,159.94,80.05,35.65
2,159.54,80.53,35.12
2,161.3,80.37,35.12
5,160.42,80.45,35.12
6,160.02,80.93,34.79
5,160.9,80.85,34.79
11,160.5,81.33,34.59
7,162.81,81.74,36.23
5,163.21,82.02,36.18
9,162.85,82.22,36.48
9,162.82,81.83,36.48
13,162.81,82.02,36.6
6,162.66,81.57,36.14
6,162.77,81.88,35.65
3,162.81,82.18,35.65
2,162.49,81.56,35.65
7,162.51,81.93,35.06
6,162.27,82.13,35.07
5,161.93,82.54,34.76
3,162.37,80.73,36.26
4,161.86,81.65,35.11
7,161.46,82.13,34.79
5,161.06,82.61,34.59
4,162.54,80.7,36.9
4,162.6,81.11,36.32
7,162.63,81.48,36.41
5,162.74,81.16,36.97
7,162.75,81.51,36.9
13,162.77,82.04,36.67
4,162.86,82.32,36.23
4,162.76,82.59,36.35
4,162.5,82.46,35.07
2,162.53,79.81,37.51
2,162.32,79.82,36.9
3,162.53,80.29,36.9
2,162.14,80.3,36.27
2,161.78,80.77,35.65
3,161.38,81.25,35.12
7,160.98,81.73,34.79
6,160.58,82.21,34.59
2,160.27,78.7,38.15
2,159.39,78.77,38.15
4,160.75,79.09,37.52
4,159.86,79.17,37.52
2,158.98,79.24,37.52
5,161.22,79.49,36.9
6,160.34,79.57,36.9
2,159.46,79.65,36.9
2,161.7,79.89,36.27
6,160.82,79.97,36.27
3,159.94,80.05,36.27
3,161.3,80.37,35.65
4,160.42,80.45,35.65
4,160.02,80.93,35.12
4,160.9,80.85,35.12
7,160.5,81.33,34.79
4,160.1,81.81,34.59
7,162.77,81.88,36.18
5,162.81,82.18,36.18
8,162.71,82.03,36.48
5,162.48,81.58,36.25
4,162.34,82.05,35.65
3,161.95,82.53,35.1
5,162.36,80.72,36.89
5,162.23,81.18,36.27
3,161.86,81.65,35.65
5,161.46,82.13,35.12
3,161.06,82.61,34.79
2,162.53,80.7,37.52
6,162.55,81.19,36.94
9,162.58,81.57,36.83
11,162.65,82.04,36.57
5,162.75,82,37.02
4,162.63,82.5,36.3
3,162.32,79.82,37.52
2,162.53,80.29,37.51
4,162.14,80.3,36.9
5,161.78,80.77,36.27
3,161.38,81.25,35.65
5,160.98,81.73,35.12
3,160.58,82.21,34.79
3,160.75,79.09,38.15
4,159.86,79.17,38.15
2,158.98,79.24,38.15
4,161.22,79.49,37.52
6,160.34,79.57,37.52
3,159.46,79.65,37.52
3,161.7,79.89,36.9
8,160.82,79.97,36.9
5,159.94,80.05,36.9
6,161.3,80.37,36.27
5,160.42,80.45,36.27
2,159.54,80.53,36.27
3,160.9,80.85,35.65
3,160.02,80.93,35.65
5,160.5,81.33,35.12
2,160.1,81.81,34.79
9,162.44,81.61,36.74
5,162.47,82.05,36.12
6,162.26,82.05,36.34
2,161.93,82.53,35.65
5,162.35,80.71,37.52
8,162.21,81.17,36.89
5,161.86,81.65,36.27
3,161.46,82.13,35.65
2,161.05,82.61,35.12
3,162.53,81.25,37.52
8,162.59,82.01,36.96
4,162.49,82.46,36.27
2,162.33,79.79,38.16
5,162.14,80.3,37.52
7,161.78,80.77,36.9
5,161.38,81.25,36.27
3,160.98,81.73,35.65
2,160.57,82.21,35.12
2,160.75,79.09,38.77
2,159.86,79.17,38.77
2,162.08,79.41,38.14
3,161.22,79.49,38.15
5,160.34,79.57,38.15
4,159.46,79.65,38.15
4,161.7,79.89,37.52
7,160.82,79.97,37.52
6,159.94,80.05,37.52
2,159.06,80.12,37.52
7,161.3,80.37,36.9
7,160.42,80.45,36.9
2,159.54,80.53,36.9
6,160.9,80.85,36.27
3,160.02,80.93,36.27
3,160.5,81.33,35.65
7,162.28,82.06,36.88
3,161.93,82.53,36.27
5,162.2,81.16,37.52
8,161.88,81.65,36.9
4,161.46,82.13,36.27
2,162.54,82.02,37.54
2,162.15,80.3,38.15
7,161.78,80.77,37.52
9,161.38,81.25,36.9
4,160.98,81.73,36.27
2,161.22,79.49,38.77
3,160.34,79.57,38.77
3,159.46,79.65,38.77
3,161.7,79.89,38.15
5,160.82,79.97,38.15
5,159.94,80.05,38.15
2,159.06,80.12,38.15
8,161.3,80.37,37.52
7,160.42,80.45,37.52
3,159.54,80.53,37.52
9,160.9,80.85,36.9
4,160.02,80.93,36.9
4,160.5,81.33,36.27
3,162.25,82.08,37.51
2,161.93,82.53,36.9
5,161.9,81.65,37.52
4,161.46,82.13,36.9
2,161.78,80.77,38.15
6,161.38,81.25,37.52
5,160.98,81.73,36.9
2,161.7,79.89,38.77
3,160.82,79.97,38.77
3,159.94,80.05,38.77
2,159.06,80.12,38.77
4,161.3,80.37,38.15
5,160.42,80.45,38.15
2,159.54,80.53,38.15
7,160.9,80.85,37.52
3,160.02,80.93,37.52
5,160.5,81.33,36.9
2,161.46,82.13,37.52
2,159.94,80.05,39.4
2,161.38,81.25,38.15
3,160.98,81.73,37.52
2,161.3,80.37,38.77
3,160.42,80.45,38.77
2,159.54,80.53,38.77
4,160.9,80.85,38.15
2,160.02,80.93,38.15
4,160.5,81.33,37.52
2,160.9,80.85,38.77
2,160.5,81.33,38.15
