ppm HF Concentration mole,X (m),Y (m),Z (m)
18980,26.22,79.01,40.49
5667,26.22,79.01,40.49
30198,26.22,79.01,40.49
67371,26.22,79.01,40.49
158612,26.22,79.01,40.49
234949,26.23,79.01,40.49
279051,26.23,79.01,40.49
289285,26.23,79.01,40.49
15300,26.22,79.01,40.49
14655,26.22,79.01,40.49
54597,26.22,79.01,40.49
1045,26.22,79.01,40.49
438922,26.22,79.01,40.49
288568,26.22,79.01,40.49
11762,26.22,79.01,40.49
35158,26.22,79.01,40.49
24476,26.22,79.01,40.49
7032,26.22,79.01,40.49
2921,26.22,79.01,40.49
118,26.22,79.01,40.49
2145,26.22,79.01,40.49
131501,26.22,79.01,40.49
77041,26.22,79.01,40.49
119583,26.22,79.01,40.49
11805,26.22,79.01,40.49
20414,26.22,79.01,40.49
2849,26.22,79.01,40.49
16,26.22,79.01,40.53
12489,26.22,79.01,40.53
75,26.22,79.01,40.53
158,26.22,79.01,40.53
986,26.23,79.01,40.53
36584,26.22,79.01,40.49
113576,26.22,79.01,40.49
325268,26.22,79.01,40.53
608521,26.22,79.01,40.53
221621,26.23,79.01,40.53
363558,26.23,79.01,40.53
434619,26.24,79.01,40.52
720874,26.22,79.01,40.49
763203,26.22,79.01,40.49
476415,26.23,79.01,40.49
586171,26.23,79.01,40.49
6208,26.23,79.01,40.49
11516,26.23,79.01,40.49
156162,26.23,79.01,40.49
361684,26.22,79.01,40.49
343921,26.23,79.01,40.49
200556,26.23,79.01,40.49
32869,26.23,79.01,40.49
52935,26.23,79.01,40.49
328152,26.23,79.01,40.49
240218,26.23,79.01,40.49
78252,26.23,79.01,40.49
18540,26.23,79.01,40.49
273634,26.23,79.01,40.49
238186,26.23,79.01,40.49
277769,26.23,79.01,40.49
97784,26.23,79.01,40.49
253240,26.23,79.01,40.49
626616,26.21,79.01,40.52
619130,26.21,79.01,40.52
452677,26.21,79.01,40.52
549822,26.21,79.01,40.52
182006,26.21,79.01,40.52
497501,26.21,79.01,40.52
417825,26.22,79.01,40.52
379073,26.22,79.01,40.52
25578,26.21,79.01,40.53
74001,26.22,79.01,40.53
139165,26.22,79.01,40.53
393,26.22,79.01,40.53
20252,26.22,79.01,40.53
671791,26.21,79.01,40.51
670455,26.21,79.01,40.51
666701,26.21,79.01,40.51
664423,26.21,79.01,40.51
651050,26.21,79.01,40.52
641969,26.21,79.01,40.52
659357,26.21,79.01,40.52
666408,26.21,79.01,40.51
664591,26.21,79.01,40.51
664724,26.21,79.01,40.51
668575,26.21,79.01,40.5
665576,26.21,79.01,40.51
671416,26.21,79.01,40.5
673043,26.21,79.01,40.5
663934,26.21,79.01,40.5
657117,26.21,79.01,40.5
652280,26.21,79.01,40.5
646092,26.21,79.01,40.5
608902,26.21,79.01,40.5
567024,26.21,79.01,40.49
295792,26.21,79.01,40.49
496715,26.21,79.01,40.49
5,26.21,79.01,40.49
9,26.21,79.01,40.49
106926,26.21,79.01,40.49
11,26.21,79.01,40.49
186,26.21,79.01,40.49
201378,26.22,79.01,40.49
348160,26.22,79.01,40.49
37831,26.22,79.01,40.49
389,26.22,79.01,40.49
78108,26.22,79.01,40.49
347638,26.22,79.01,40.49
213617,26.22,79.01,40.49
31,26.21,79.01,40.49
63,26.22,79.01,40.49
2936,26.22,79.01,40.49
25153,26.22,79.01,40.49
13215,26.22,79.01,40.49
2296,26.22,79.01,40.49
32796,26.22,79.01,40.49
501599,26.22,79.01,40.49
46315,26.22,79.01,40.49
72835,26.22,79.01,40.49
16978,26.22,79.01,40.49
4344,26.22,79.01,40.49
116,26.22,79.01,40.49
221,26.22,79.01,40.49
1304,26.22,79.01,40.49
2276,26.22,79.01,40.49
148744,26.22,79.01,40.49
148412,26.22,79.01,40.49
15556,26.22,79.01,40.49
5094,26.22,79.01,40.49
16961,26.22,79.01,40.49
16070,26.22,79.01,40.49
26,26.22,79.01,40.49
114,26.22,79.01,40.49
9,26.22,79.01,40.49
495,26.22,79.01,40.49
1519,26.22,79.01,40.49
1656,26.22,79.01,40.49
54,26.22,79.01,40.48
286,26.22,79.01,40.48
872,26.22,79.01,40.53
4,26.22,79.01,40.53
2444,26.22,79.01,40.53
62,26.22,79.01,40.53
3,26.22,79.01,40.53
3136,26.22,79.01,40.53
43,26.23,79.01,40.53
375,26.23,79.01,40.53
13602,26.22,79.01,40.53
59,26.23,79.01,40.53
10521,26.23,79.01,40.53
493,26.23,79.01,40.53
2590,26.23,79.01,40.53
3678,26.23,79.01,40.53
3211,26.23,79.01,40.53
397069,26.22,79.01,40.52
324095,26.22,79.01,40.52
285122,26.22,79.01,40.53
280137,26.22,79.01,40.53
44359,26.22,79.01,40.53
73705,26.22,79.01,40.53
391879,26.22,79.01,40.49
393713,26.22,79.01,40.49
440704,26.22,79.01,40.49
34142,26.22,79.01,40.49
216035,26.22,79.01,40.49
159459,26.22,79.01,40.49
99290,26.22,79.01,40.49
244963,26.22,79.01,40.49
764858,26.22,79.01,40.51
761280,26.22,79.01,40.52
756181,26.22,79.01,40.52
750534,26.22,79.01,40.52
770291,26.22,79.01,40.51
767433,26.22,79.01,40.51
771647,26.22,79.01,40.51
771309,26.22,79.01,40.51
281051,26.22,79.01,40.53
107607,26.22,79.01,40.53
95636,26.22,79.01,40.53
293446,26.22,79.01,40.53
702553,26.22,79.01,40.52
685268,26.22,79.01,40.52
240799,26.22,79.01,40.53
522892,26.22,79.01,40.53
743844,26.22,79.01,40.52
739402,26.22,79.01,40.52
718850,26.22,79.01,40.52
732694,26.22,79.01,40.52
458235,26.23,79.01,40.53
221519,26.23,79.01,40.53
35471,26.23,79.01,40.53
39440,26.23,79.01,40.53
31604,26.23,79.01,40.53
29483,26.23,79.01,40.53
169564,26.23,79.01,40.53
379193,26.23,79.01,40.53
125064,26.23,79.01,40.53
20188,26.23,79.01,40.53
91514,26.23,79.01,40.53
773712,26.23,79.01,40.52
317491,26.23,79.01,40.53
526275,26.23,79.01,40.52
227030,26.24,79.01,40.53
782172,26.23,79.01,40.52
384226,26.24,79.01,40.52
731374,26.23,79.01,40.52
532606,26.24,79.01,40.52
69228,26.24,79.01,40.53
167797,26.24,79.01,40.52
546678,26.24,79.01,40.52
281001,26.24,79.01,40.52
310905,26.24,79.01,40.52
474023,26.24,79.01,40.52
539822,26.24,79.01,40.52
770593,26.22,79.01,40.51
769918,26.22,79.01,40.51
769827,26.22,79.01,40.51
770338,26.22,79.01,40.5
771821,26.22,79.01,40.5
771798,26.22,79.01,40.5
770879,26.22,79.01,40.5
770216,26.22,79.01,40.5
769736,26.22,79.01,40.5
767945,26.22,79.01,40.5
762778,26.22,79.01,40.5
756425,26.22,79.01,40.49
416798,26.22,79.01,40.49
419077,26.22,79.01,40.49
749967,26.22,79.01,40.49
739497,26.22,79.01,40.49
385622,26.22,79.01,40.49
348492,26.22,79.01,40.49
666595,26.22,79.01,40.49
620640,26.23,79.01,40.49
681548,26.22,79.01,40.49
619776,26.23,79.01,40.49
583184,26.23,79.01,40.49
546020,26.23,79.01,40.49
576175,26.23,79.01,40.49
472725,26.23,79.01,40.49
423588,26.23,79.01,40.49
568086,26.23,79.01,40.49
406497,26.23,79.01,40.49
485561,26.23,79.01,40.49
757065,26.23,79.01,40.49
362826,26.23,79.01,40.49
533975,26.23,79.01,40.49
832907,26.23,79.01,40.49
607985,26.23,79.01,40.49
544778,26.24,79.01,40.49
638597,26.24,79.01,40.49
811644,26.23,79.01,40.49
609660,26.24,79.01,40.49
523779,26.24,79.01,40.49
587105,26.24,79.01,40.5
630162,26.24,79.01,40.5
631113,26.24,79.01,40.5
574726,26.24,79.01,40.52
761,26.23,79.01,40.48
3806,26.23,79.01,40.49
3352,26.23,79.01,40.49
6277,26.23,79.01,40.49
7954,26.23,79.01,40.49
166999,26.23,79.01,40.49
168286,26.23,79.01,40.49
28302,26.23,79.01,40.49
26016,26.23,79.01,40.49
38169,26.23,79.01,40.49
45863,26.23,79.01,40.49
1745,26.23,79.01,40.48
172362,26.23,79.01,40.49
50098,26.23,79.01,40.49
68844,26.23,79.01,40.49
9861,26.23,79.01,40.49
15102,26.23,79.01,40.49
150854,26.23,79.01,40.49
233984,26.23,79.01,40.49
211005,26.23,79.01,40.49
30775,26.23,79.01,40.49
57919,26.23,79.01,40.49
80088,26.23,79.01,40.49
117994,26.23,79.01,40.49
168984,26.23,79.01,40.49
209180,26.23,79.01,40.49
118043,26.23,79.01,40.49
6674,26.21,79.01,40.52
103094,26.21,79.01,40.52
34601,26.21,79.01,40.52
226754,26.21,79.01,40.52
258595,26.21,79.01,40.52
199897,26.21,79.01,40.52
256560,26.21,79.01,40.52
8263,26.21,79.01,40.52
12805,26.21,79.01,40.52
92149,26.21,79.01,40.52
66986,26.21,79.01,40.52
187417,26.21,79.01,40.52
299780,26.21,79.01,40.52
288893,26.21,79.01,40.52
284683,26.21,79.01,40.52
269847,26.21,79.01,40.52
579248,26.22,79.01,40.52
534242,26.22,79.01,40.52
567499,26.22,79.01,40.52
519167,26.22,79.01,40.52
158998,26.21,79.01,40.52
228916,26.21,79.01,40.52
172786,26.21,79.01,40.52
226038,26.21,79.01,40.52
524203,26.22,79.01,40.52
490310,26.22,79.01,40.52
456875,26.22,79.01,40.52
444906,26.22,79.01,40.52
15779,26.21,79.01,40.52
548,26.21,79.01,40.52
18761,26.21,79.01,40.52
52680,26.21,79.01,40.52
89116,26.21,79.01,40.52
142133,26.21,79.01,40.52
149411,26.22,79.01,40.52
109888,26.22,79.01,40.52
77,26.21,79.01,40.53
6918,26.21,79.01,40.53
25489,26.22,79.01,40.53
41059,26.22,79.01,40.53
713,26.22,79.01,40.53
5319,26.22,79.01,40.53
96380,26.2,79.01,40.51
125331,26.2,79.01,40.51
138585,26.2,79.01,40.51
133230,26.2,79.01,40.51
50094,26.2,79.01,40.51
10,26.2,79.01,40.52
259431,26.21,79.01,40.51
300225,26.21,79.01,40.51
259427,26.21,79.01,40.51
301089,26.21,79.01,40.51
324124,26.21,79.01,40.51
332902,26.21,79.01,40.51
324903,26.21,79.01,40.51
334931,26.21,79.01,40.51
267036,26.21,79.01,40.51
318964,26.21,79.01,40.51
263264,26.21,79.01,40.51
307322,26.21,79.01,40.51
330246,26.21,79.01,40.51
339317,26.21,79.01,40.51
336959,26.21,79.01,40.51
342640,26.21,79.01,40.51
364238,26.21,79.01,40.51
363423,26.21,79.01,40.51
334562,26.21,79.01,40.51
336125,26.21,79.01,40.51
619544,26.22,79.01,40.51
573534,26.22,79.01,40.51
622080,26.22,79.01,40.51
577424,26.22,79.01,40.51
359699,26.21,79.01,40.51
357374,26.21,79.01,40.51
334068,26.21,79.01,40.51
331644,26.21,79.01,40.51
620637,26.22,79.01,40.51
577904,26.22,79.01,40.51
617457,26.22,79.01,40.51
575348,26.22,79.01,40.51
201308,26.21,79.01,40.52
255135,26.21,79.01,40.52
338079,26.21,79.01,40.51
325823,26.21,79.01,40.51
332518,26.21,79.01,40.51
335280,26.21,79.01,40.51
298959,26.21,79.01,40.52
317230,26.21,79.01,40.52
37183,26.21,79.01,40.52
256083,26.21,79.01,40.52
102875,26.21,79.01,40.52
220232,26.21,79.01,40.52
289292,26.21,79.01,40.52
295449,26.21,79.01,40.52
281696,26.21,79.01,40.52
304881,26.21,79.01,40.52
333611,26.21,79.01,40.52
321430,26.21,79.01,40.52
310086,26.21,79.01,40.52
299458,26.21,79.01,40.52
592402,26.22,79.01,40.52
547958,26.22,79.01,40.52
600929,26.22,79.01,40.52
556428,26.22,79.01,40.52
344511,26.21,79.01,40.52
356609,26.21,79.01,40.51
319751,26.21,79.01,40.52
328141,26.21,79.01,40.51
614800,26.22,79.01,40.51
569316,26.22,79.01,40.51
609631,26.22,79.01,40.52
564720,26.22,79.01,40.52
140014,26.2,79.01,40.51
135422,26.2,79.01,40.51
135265,26.2,79.01,40.51
117788,26.2,79.01,40.5
36844,26.2,79.01,40.5
5935,26.2,79.01,40.5
260635,26.21,79.01,40.51
302575,26.21,79.01,40.51
261419,26.21,79.01,40.51
301643,26.21,79.01,40.51
325147,26.21,79.01,40.51
333469,26.21,79.01,40.51
324922,26.21,79.01,40.51
333292,26.21,79.01,40.51
272037,26.21,79.01,40.51
300843,26.21,79.01,40.51
340702,26.21,79.01,40.5
313718,26.21,79.01,40.5
331268,26.21,79.01,40.5
338497,26.21,79.01,40.5
324851,26.21,79.01,40.51
333814,26.21,79.01,40.51
357370,26.21,79.01,40.51
357508,26.21,79.01,40.51
330786,26.21,79.01,40.51
330672,26.21,79.01,40.51
615327,26.22,79.01,40.51
571571,26.22,79.01,40.51
615732,26.22,79.01,40.51
572771,26.22,79.01,40.51
361548,26.21,79.01,40.5
358116,26.21,79.01,40.51
333834,26.21,79.01,40.5
331205,26.21,79.01,40.51
615904,26.22,79.01,40.51
571797,26.22,79.01,40.51
618845,26.22,79.01,40.5
574338,26.22,79.01,40.5
111239,26.21,79.01,40.5
224065,26.21,79.01,40.5
65147,26.21,79.01,40.5
258426,26.21,79.01,40.5
287375,26.21,79.01,40.5
316110,26.21,79.01,40.5
298762,26.21,79.01,40.5
312239,26.21,79.01,40.5
341161,26.21,79.01,40.5
334540,26.21,79.01,40.5
206769,26.21,79.01,40.5
289372,26.21,79.01,40.5
342803,26.21,79.01,40.5
346185,26.21,79.01,40.5
324440,26.21,79.01,40.5
338255,26.21,79.01,40.5
363450,26.21,79.01,40.5
366943,26.21,79.01,40.5
335947,26.21,79.01,40.5
337489,26.21,79.01,40.5
622037,26.22,79.01,40.5
576805,26.22,79.01,40.5
620664,26.22,79.01,40.5
575829,26.22,79.01,40.5
350352,26.21,79.01,40.5
342176,26.21,79.01,40.5
328818,26.21,79.01,40.5
321441,26.21,79.01,40.5
616773,26.22,79.01,40.5
573466,26.22,79.01,40.5
611385,26.22,79.01,40.5
569476,26.22,79.01,40.5
77,26.2,79.01,40.5
13574,26.21,79.01,40.5
136031,26.21,79.01,40.5
61512,26.21,79.01,40.5
252079,26.21,79.01,40.5
291385,26.21,79.01,40.5
233769,26.21,79.01,40.5
279560,26.21,79.01,40.5
14817,26.21,79.01,40.5
7,26.21,79.01,40.49
33414,26.21,79.01,40.49
171649,26.21,79.01,40.49
124697,26.21,79.01,40.5
203435,26.21,79.01,40.5
331220,26.21,79.01,40.5
319216,26.21,79.01,40.5
314597,26.21,79.01,40.5
304551,26.21,79.01,40.5
607709,26.22,79.01,40.5
566768,26.22,79.01,40.5
600143,26.22,79.01,40.5
560389,26.22,79.01,40.5
271986,26.21,79.01,40.5
236041,26.21,79.01,40.49
276011,26.21,79.01,40.5
248141,26.21,79.01,40.49
577180,26.22,79.01,40.5
543307,26.22,79.01,40.5
555147,26.22,79.01,40.49
525538,26.22,79.01,40.49
50,26.21,79.01,40.49
2,26.21,79.01,40.49
3963,26.21,79.01,40.49
47684,26.21,79.01,40.49
3,26.21,79.01,40.49
5233,26.21,79.01,40.49
3,26.21,79.01,40.49
65241,26.21,79.01,40.49
173614,26.21,79.01,40.49
118535,26.21,79.01,40.49
201924,26.21,79.01,40.49
432799,26.22,79.01,40.49
429298,26.22,79.01,40.49
504280,26.22,79.01,40.49
494278,26.22,79.01,40.49
228,26.21,79.01,40.49
6,26.21,79.01,40.49
5695,26.21,79.01,40.49
38471,26.21,79.01,40.49
15,26.21,79.01,40.49
20,26.21,79.01,40.49
2666,26.21,79.01,40.49
78140,26.22,79.01,40.49
127283,26.22,79.01,40.49
16265,26.22,79.01,40.49
37456,26.22,79.01,40.49
96,26.21,79.01,40.49
10,26.21,79.01,40.49
491,26.22,79.01,40.49
1638,26.22,79.01,40.49
15869,26.22,79.01,40.49
1981,26.22,79.01,40.49
16,26.22,79.01,40.49
49,26.22,79.01,40.49
3,26.22,79.01,40.49
4,26.22,79.01,40.48
9913,26.22,79.01,40.49
2053,26.22,79.01,40.49
23987,26.22,79.01,40.49
4516,26.22,79.01,40.49
34667,26.22,79.01,40.49
247,26.22,79.01,40.49
2667,26.22,79.01,40.49
52405,26.22,79.01,40.49
60354,26.22,79.01,40.49
7126,26.22,79.01,40.49
13037,26.22,79.01,40.49
12,26.22,79.01,40.49
25,26.22,79.01,40.49
109,26.22,79.01,40.49
68,26.22,79.01,40.49
4,26.22,79.01,40.48
10,26.22,79.01,40.49
459,26.22,79.01,40.49
1242,26.22,79.01,40.49
41,26.22,79.01,40.48
18,26.22,79.01,40.48
155,26.22,79.01,40.48
78,26.23,79.01,40.48
85,26.22,79.01,40.53
485,26.22,79.01,40.53
8,26.22,79.01,40.53
17,26.22,79.01,40.53
1042,26.22,79.01,40.53
2,26.22,79.01,40.53
34,26.22,79.01,40.53
1439,26.22,79.01,40.53
10,26.23,79.01,40.53
122,26.23,79.01,40.53
3343,26.23,79.01,40.53
162,26.23,79.01,40.53
16,26.23,79.01,40.53
2951,26.23,79.01,40.53
77,26.23,79.01,40.53
1029,26.23,79.01,40.53
6066,26.23,79.01,40.53
4711,26.23,79.01,40.53
1424,26.23,79.01,40.53
97,26.23,79.01,40.53
3573,26.23,79.01,40.53
1208,26.23,79.01,40.53
1244,26.23,79.01,40.53
534038,26.22,79.01,40.51
508459,26.22,79.01,40.51
529668,26.22,79.01,40.52
503629,26.22,79.01,40.52
521914,26.22,79.01,40.52
495499,26.22,79.01,40.52
513209,26.22,79.01,40.52
486175,26.22,79.01,40.52
543823,26.22,79.01,40.51
518863,26.22,79.01,40.51
542192,26.22,79.01,40.51
517830,26.22,79.01,40.51
537934,26.22,79.01,40.51
512249,26.22,79.01,40.51
542204,26.22,79.01,40.51
516451,26.22,79.01,40.51
144429,26.22,79.01,40.52
104699,26.22,79.01,40.52
388659,26.22,79.01,40.52
379026,26.22,79.01,40.52
335166,26.22,79.01,40.52
343306,26.22,79.01,40.52
87545,26.22,79.01,40.53
97275,26.22,79.01,40.53
12868,26.22,79.01,40.53
19939,26.22,79.01,40.53
485125,26.22,79.01,40.52
460432,26.22,79.01,40.52
499198,26.22,79.01,40.52
472874,26.22,79.01,40.52
429206,26.22,79.01,40.52
413604,26.22,79.01,40.52
462462,26.22,79.01,40.52
441623,26.22,79.01,40.52
538089,26.22,79.01,40.51
513793,26.22,79.01,40.51
540256,26.22,79.01,40.5
515634,26.22,79.01,40.5
538130,26.22,79.01,40.51
514124,26.22,79.01,40.51
539644,26.22,79.01,40.51
515792,26.22,79.01,40.51
540010,26.22,79.01,40.5
515923,26.22,79.01,40.5
537249,26.22,79.01,40.5
513975,26.22,79.01,40.5
542397,26.22,79.01,40.5
517654,26.22,79.01,40.5
541689,26.22,79.01,40.5
517220,26.22,79.01,40.5
535016,26.22,79.01,40.5
512263,26.22,79.01,40.5
529836,26.22,79.01,40.5
507992,26.22,79.01,40.5
500880,26.22,79.01,40.49
482958,26.22,79.01,40.49
516239,26.22,79.01,40.5
496610,26.22,79.01,40.5
478281,26.22,79.01,40.49
465212,26.22,79.01,40.49
432164,26.22,79.01,40.49
432739,26.22,79.01,40.49
156471,26.22,79.01,40.49
174456,26.22,79.01,40.49
80143,26.22,79.01,40.49
110877,26.22,79.01,40.49
488878,26.22,79.01,40.52
479873,26.22,79.01,40.52
502128,26.22,79.01,40.51
496624,26.22,79.01,40.52
449319,26.22,79.01,40.51
443787,26.22,79.01,40.52
703888,26.22,79.01,40.51
652010,26.23,79.01,40.51
700036,26.22,79.01,40.52
647964,26.23,79.01,40.52
436651,26.22,79.01,40.52
428540,26.22,79.01,40.52
695100,26.22,79.01,40.52
643105,26.23,79.01,40.52
689642,26.22,79.01,40.52
637788,26.23,79.01,40.52
506184,26.22,79.01,40.51
510216,26.22,79.01,40.51
512446,26.22,79.01,40.51
512092,26.22,79.01,40.51
457390,26.22,79.01,40.51
453670,26.22,79.01,40.51
706874,26.22,79.01,40.51
655243,26.23,79.01,40.51
709217,26.22,79.01,40.51
657652,26.23,79.01,40.51
459637,26.22,79.01,40.51
459852,26.22,79.01,40.51
710538,26.22,79.01,40.51
659136,26.23,79.01,40.51
710589,26.22,79.01,40.51
659561,26.23,79.01,40.51
617154,26.23,79.01,40.51
616428,26.23,79.01,40.51
612211,26.23,79.01,40.51
614737,26.23,79.01,40.51
580941,26.23,79.01,40.51
583563,26.23,79.01,40.51
810664,26.23,79.01,40.51
811874,26.23,79.01,40.51
586394,26.23,79.01,40.51
585412,26.23,79.01,40.51
812862,26.23,79.01,40.51
813533,26.23,79.01,40.51
605028,26.23,79.01,40.52
608932,26.23,79.01,40.51
595521,26.23,79.01,40.52
600503,26.23,79.01,40.52
564594,26.23,79.01,40.52
569606,26.23,79.01,40.52
802650,26.23,79.01,40.52
805478,26.23,79.01,40.52
744321,26.23,79.01,40.52
689482,26.24,79.01,40.52
740595,26.23,79.01,40.52
685625,26.24,79.01,40.52
573945,26.23,79.01,40.52
577713,26.23,79.01,40.51
807642,26.23,79.01,40.52
809302,26.23,79.01,40.51
750004,26.23,79.01,40.51
747356,26.23,79.01,40.52
692720,26.24,79.01,40.52
361440,26.22,79.01,40.52
392908,26.22,79.01,40.52
81351,26.22,79.01,40.53
15554,26.22,79.01,40.53
13980,26.22,79.01,40.53
85282,26.23,79.01,40.53
355723,26.22,79.01,40.52
322946,26.22,79.01,40.52
71001,26.22,79.01,40.53
642636,26.22,79.01,40.52
589717,26.23,79.01,40.52
211675,26.23,79.01,40.53
616690,26.22,79.01,40.52
558250,26.23,79.01,40.52
458417,26.22,79.01,40.52
468825,26.22,79.01,40.52
420196,26.22,79.01,40.52
443395,26.22,79.01,40.52
419327,26.22,79.01,40.52
409808,26.22,79.01,40.52
683834,26.22,79.01,40.52
632041,26.23,79.01,40.52
678013,26.22,79.01,40.52
625412,26.23,79.01,40.52
377348,26.22,79.01,40.52
396187,26.22,79.01,40.52
656465,26.22,79.01,40.52
603843,26.23,79.01,40.52
668954,26.22,79.01,40.52
616166,26.23,79.01,40.52
545040,26.23,79.01,40.52
511387,26.23,79.01,40.52
518810,26.23,79.01,40.52
482264,26.23,79.01,40.52
181944,26.23,79.01,40.53
64388,26.23,79.01,40.53
28145,26.23,79.01,40.53
146537,26.23,79.01,40.53
76687,26.23,79.01,40.53
29929,26.23,79.01,40.53
461337,26.23,79.01,40.53
373170,26.23,79.01,40.53
38938,26.23,79.01,40.53
18164,26.23,79.01,40.53
28970,26.23,79.01,40.53
14380,26.23,79.01,40.53
264915,26.23,79.01,40.53
137730,26.23,79.01,40.53
93281,26.23,79.01,40.53
17716,26.23,79.01,40.53
9274,26.24,79.01,40.53
79524,26.23,79.01,40.53
55184,26.24,79.01,40.53
471415,26.23,79.01,40.52
357431,26.23,79.01,40.52
215374,26.23,79.01,40.52
582587,26.23,79.01,40.52
589828,26.23,79.01,40.52
560111,26.23,79.01,40.52
572534,26.23,79.01,40.52
539876,26.23,79.01,40.52
527407,26.23,79.01,40.52
787958,26.23,79.01,40.52
724369,26.23,79.01,40.52
676166,26.24,79.01,40.52
503787,26.23,79.01,40.52
448454,26.23,79.01,40.52
781778,26.23,79.01,40.52
372656,26.23,79.01,40.52
721298,26.23,79.01,40.52
661963,26.24,79.01,40.52
452669,26.24,79.01,40.52
550418,26.23,79.01,40.52
558471,26.23,79.01,40.52
793906,26.23,79.01,40.52
798888,26.23,79.01,40.52
735970,26.23,79.01,40.52
680880,26.24,79.01,40.52
730474,26.23,79.01,40.52
676114,26.24,79.01,40.52
469292,26.24,79.01,40.52
399937,26.24,79.01,40.52
585895,26.24,79.01,40.52
664055,26.24,79.01,40.52
640797,26.24,79.01,40.52
54803,26.24,79.01,40.53
40126,26.24,79.01,40.53
125667,26.24,79.01,40.52
109806,26.24,79.01,40.53
124116,26.24,79.01,40.52
246019,26.24,79.01,40.52
270498,26.24,79.01,40.52
217737,26.24,79.01,40.52
328225,26.24,79.01,40.52
429896,26.24,79.01,40.52
514855,26.24,79.01,40.52
399408,26.24,79.01,40.52
576846,26.24,79.01,40.52
752276,26.23,79.01,40.51
754225,26.23,79.01,40.51
755734,26.23,79.01,40.51
756758,26.23,79.01,40.51
695558,26.24,79.01,40.51
647249,26.24,79.01,40.52
640206,26.24,79.01,40.52
643792,26.24,79.01,40.52
614150,26.24,79.01,40.52
627657,26.24,79.01,40.52
615633,26.24,79.01,40.52
531090,26.24,79.01,40.52
585140,26.24,79.01,40.52
510598,26.22,79.01,40.5
509526,26.22,79.01,40.51
509716,26.22,79.01,40.51
510860,26.22,79.01,40.51
459249,26.22,79.01,40.51
458502,26.22,79.01,40.51
710274,26.22,79.01,40.51
659455,26.23,79.01,40.51
709895,26.22,79.01,40.51
659204,26.23,79.01,40.51
458459,26.22,79.01,40.51
459172,26.22,79.01,40.5
710443,26.22,79.01,40.5
659723,26.23,79.01,40.5
709992,26.22,79.01,40.51
659296,26.23,79.01,40.51
511441,26.22,79.01,40.5
509902,26.22,79.01,40.5
512504,26.22,79.01,40.5
512598,26.22,79.01,40.5
460726,26.22,79.01,40.5
461277,26.22,79.01,40.5
712156,26.22,79.01,40.5
660887,26.23,79.01,40.5
711526,26.22,79.01,40.5
660403,26.23,79.01,40.5
460710,26.22,79.01,40.5
459450,26.22,79.01,40.5
712038,26.22,79.01,40.5
661092,26.23,79.01,40.5
711331,26.22,79.01,40.5
660745,26.23,79.01,40.5
618027,26.23,79.01,40.5
618459,26.23,79.01,40.5
618795,26.23,79.01,40.5
618697,26.23,79.01,40.5
588145,26.23,79.01,40.5
588246,26.23,79.01,40.5
813771,26.23,79.01,40.5
813759,26.23,79.01,40.5
758041,26.23,79.01,40.5
705699,26.24,79.01,40.5
757942,26.23,79.01,40.5
705814,26.24,79.01,40.5
587369,26.23,79.01,40.5
587767,26.23,79.01,40.5
813650,26.23,79.01,40.5
813702,26.23,79.01,40.5
757712,26.23,79.01,40.5
757923,26.23,79.01,40.5
705397,26.24,79.01,40.5
617469,26.23,79.01,40.5
617131,26.23,79.01,40.51
617092,26.23,79.01,40.51
617258,26.23,79.01,40.51
586662,26.23,79.01,40.51
586704,26.23,79.01,40.51
813848,26.23,79.01,40.51
813892,26.23,79.01,40.51
586917,26.23,79.01,40.5
586685,26.23,79.01,40.51
813791,26.23,79.01,40.51
813657,26.23,79.01,40.5
508327,26.22,79.01,40.5
504735,26.22,79.01,40.5
496191,26.22,79.01,40.5
484947,26.22,79.01,40.49
457837,26.22,79.01,40.5
454495,26.22,79.01,40.5
710354,26.22,79.01,40.5
659826,26.23,79.01,40.5
708209,26.22,79.01,40.5
657847,26.23,79.01,40.5
447796,26.22,79.01,40.5
438333,26.22,79.01,40.49
704105,26.22,79.01,40.5
654230,26.23,79.01,40.5
698070,26.22,79.01,40.49
648544,26.23,79.01,40.49
471393,26.22,79.01,40.49
449610,26.22,79.01,40.49
165414,26.22,79.01,40.49
130541,26.22,79.01,40.49
427198,26.22,79.01,40.49
410790,26.22,79.01,40.49
691608,26.22,79.01,40.49
641959,26.23,79.01,40.49
681761,26.22,79.01,40.49
632813,26.23,79.01,40.49
160101,26.22,79.01,40.49
133989,26.22,79.01,40.49
359621,26.23,79.01,40.49
316237,26.23,79.01,40.49
340545,26.23,79.01,40.49
295125,26.23,79.01,40.49
602707,26.23,79.01,40.49
574914,26.23,79.01,40.49
594686,26.23,79.01,40.49
568538,26.23,79.01,40.49
306379,26.23,79.01,40.49
265315,26.23,79.01,40.49
297789,26.23,79.01,40.49
244111,26.23,79.01,40.49
534021,26.23,79.01,40.49
363814,26.23,79.01,40.49
364617,26.23,79.01,40.49
426881,26.23,79.01,40.49
297211,26.23,79.01,40.49
276592,26.23,79.01,40.49
314842,26.23,79.01,40.49
509307,26.23,79.01,40.49
418963,26.23,79.01,40.49
562838,26.23,79.01,40.49
503696,26.23,79.01,40.49
502375,26.24,79.01,40.49
706228,26.23,79.01,40.49
502000,26.24,79.01,40.49
419691,26.24,79.01,40.49
788553,26.23,79.01,40.49
665323,26.24,79.01,40.49
496567,26.24,79.01,40.49
618023,26.23,79.01,40.5
616376,26.23,79.01,40.5
613364,26.23,79.01,40.5
608621,26.23,79.01,40.49
583961,26.23,79.01,40.5
580035,26.23,79.01,40.49
812743,26.23,79.01,40.5
566070,26.23,79.01,40.49
523975,26.23,79.01,40.49
811970,26.23,79.01,40.49
756889,26.23,79.01,40.5
704555,26.24,79.01,40.5
756683,26.23,79.01,40.49
719998,26.24,79.01,40.49
587781,26.23,79.01,40.5
586438,26.23,79.01,40.5
813311,26.23,79.01,40.5
813646,26.23,79.01,40.5
757684,26.23,79.01,40.5
705705,26.24,79.01,40.5
757386,26.23,79.01,40.5
705947,26.24,79.01,40.5
757313,26.23,79.01,40.51
757538,26.23,79.01,40.51
757582,26.23,79.01,40.51
757619,26.23,79.01,40.5
705036,26.24,79.01,40.5
660945,26.24,79.01,40.5
659661,26.24,79.01,40.5
661250,26.24,79.01,40.5
623319,26.24,79.01,40.5
561246,26.24,79.01,40.5
645853,26.24,79.01,40.5
634535,26.24,79.01,40.5
592688,26.24,79.01,40.5
644374,26.24,79.01,40.5
600295,26.24,79.01,40.5
483279,26.24,79.01,40.49
595987,26.24,79.01,40.49
640882,26.24,79.01,40.5
696185,26.24,79.01,40.5
663201,26.24,79.01,40.5
339965,26.24,79.01,40.49
466270,26.24,79.01,40.49
404872,26.24,79.01,40.49
333613,26.24,79.01,40.49
475916,26.24,79.01,40.49
605232,26.24,79.01,40.5
607013,26.24,79.01,40.5
501458,26.24,79.01,40.5
553705,26.24,79.01,40.5
476215,26.24,79.01,40.5
533271,26.24,79.01,40.5
387712,26.24,79.01,40.52
454736,26.24,79.01,40.52
602117,26.24,79.01,40.52
9,26.23,79.01,40.48
248,26.23,79.01,40.48
397,26.23,79.01,40.48
2654,26.23,79.01,40.49
4863,26.23,79.01,40.49
72812,26.23,79.01,40.49
78049,26.23,79.01,40.49
20061,26.23,79.01,40.49
27736,26.23,79.01,40.49
673,26.23,79.01,40.48
830,26.23,79.01,40.48
3699,26.23,79.01,40.48
80737,26.23,79.01,40.49
34846,26.23,79.01,40.49
10874,26.23,79.01,40.49
7691,26.23,79.01,40.49
77832,26.23,79.01,40.49
130391,26.23,79.01,40.49
15158,26.23,79.01,40.49
22275,26.23,79.01,40.49
38515,26.23,79.01,40.49
91615,26.23,79.01,40.49
65222,26.23,79.01,40.49
176555,26.24,79.01,40.49
108339,26.23,79.01,40.49
185768,26.24,79.01,40.49
58658,26.23,79.01,40.49
96301,26.23,79.01,40.49
10,26.22,79.01,40.53
2,26.21,79.01,40.52
5602,26.21,79.01,40.52
30521,26.21,79.01,40.52
368,26.21,79.01,40.52
13168,26.21,79.01,40.52
69841,26.21,79.01,40.52
92412,26.21,79.01,40.52
69069,26.21,79.01,40.52
98423,26.21,79.01,40.52
21,26.21,79.01,40.52
2634,26.21,79.01,40.52
105,26.21,79.01,40.52
5036,26.21,79.01,40.52
24089,26.21,79.01,40.52
19785,26.21,79.01,40.52
61975,26.21,79.01,40.52
96284,26.21,79.01,40.52
87258,26.21,79.01,40.52
96064,26.21,79.01,40.52
86068,26.21,79.01,40.52
267205,26.22,79.01,40.52
236004,26.22,79.01,40.52
251853,26.22,79.01,40.52
222370,26.22,79.01,40.52
35450,26.21,79.01,40.52
62579,26.21,79.01,40.52
44573,26.21,79.01,40.52
66202,26.21,79.01,40.52
221142,26.22,79.01,40.52
200897,26.22,79.01,40.52
182119,26.22,79.01,40.52
173393,26.22,79.01,40.52
2,26.21,79.01,40.52
187,26.21,79.01,40.52
6505,26.21,79.01,40.52
3,26.21,79.01,40.52
385,26.21,79.01,40.52
1733,26.21,79.01,40.52
8271,26.21,79.01,40.52
13874,26.21,79.01,40.52
29236,26.21,79.01,40.52
36610,26.22,79.01,40.52
20855,26.22,79.01,40.52
2,26.21,79.01,40.53
95,26.21,79.01,40.53
1129,26.21,79.01,40.53
3229,26.22,79.01,40.53
10040,26.22,79.01,40.53
238,26.22,79.01,40.53
1165,26.22,79.01,40.53
450,26.2,79.01,40.51
34984,26.2,79.01,40.51
1779,26.2,79.01,40.51
45664,26.2,79.01,40.51
4211,26.2,79.01,40.51
56184,26.2,79.01,40.51
3385,26.2,79.01,40.51
52310,26.2,79.01,40.51
10806,26.2,79.01,40.52
78,26.2,79.01,40.51
25285,26.2,79.01,40.51
2597,26.2,79.01,40.52
59,26.21,79.01,40.52
221,26.2,79.01,40.52
89325,26.21,79.01,40.51
106084,26.21,79.01,40.51
90229,26.21,79.01,40.51
106510,26.21,79.01,40.51
124732,26.21,79.01,40.51
140056,26.21,79.01,40.51
125075,26.21,79.01,40.51
140892,26.21,79.01,40.51
96580,26.21,79.01,40.51
111330,26.21,79.01,40.51
91190,26.21,79.01,40.51
108172,26.21,79.01,40.51
127166,26.21,79.01,40.51
142751,26.21,79.01,40.51
128939,26.21,79.01,40.51
143289,26.21,79.01,40.51
132066,26.21,79.01,40.51
132524,26.21,79.01,40.51
126310,26.21,79.01,40.51
127761,26.21,79.01,40.51
309198,26.22,79.01,40.51
272395,26.22,79.01,40.51
312296,26.22,79.01,40.51
275879,26.22,79.01,40.51
131032,26.21,79.01,40.51
129968,26.21,79.01,40.51
127032,26.21,79.01,40.51
125875,26.21,79.01,40.51
312002,26.22,79.01,40.51
276825,26.22,79.01,40.51
309884,26.22,79.01,40.51
275540,26.22,79.01,40.51
65267,26.21,79.01,40.52
85127,26.21,79.01,40.52
101083,26.21,79.01,40.51
108654,26.21,79.01,40.51
124128,26.21,79.01,40.51
138217,26.21,79.01,40.51
110171,26.21,79.01,40.52
128937,26.21,79.01,40.52
17881,26.21,79.01,40.52
77271,26.21,79.01,40.52
32933,26.21,79.01,40.52
72852,26.21,79.01,40.52
98431,26.21,79.01,40.52
114433,26.21,79.01,40.52
102190,26.21,79.01,40.52
121969,26.21,79.01,40.52
114239,26.21,79.01,40.52
106867,26.21,79.01,40.52
111075,26.21,79.01,40.52
104510,26.21,79.01,40.52
279784,26.22,79.01,40.52
247345,26.22,79.01,40.52
288999,26.22,79.01,40.52
255511,26.22,79.01,40.52
120567,26.21,79.01,40.52
127383,26.21,79.01,40.51
116884,26.21,79.01,40.52
122209,26.21,79.01,40.51
303896,26.22,79.01,40.51
268001,26.22,79.01,40.51
297496,26.22,79.01,40.52
262761,26.22,79.01,40.52
4467,26.2,79.01,40.51
57321,26.2,79.01,40.51
3879,26.2,79.01,40.51
54670,26.2,79.01,40.51
2273,26.2,79.01,40.51
50758,26.2,79.01,40.51
765,26.2,79.01,40.5
45051,26.2,79.01,40.5
192,26.2,79.01,40.5
26858,26.2,79.01,40.5
2,26.2,79.01,40.5
13760,26.2,79.01,40.5
6415,26.2,79.01,40.5
1024,26.2,79.01,40.5
91065,26.21,79.01,40.51
107212,26.21,79.01,40.51
90651,26.21,79.01,40.51
106856,26.21,79.01,40.51
125171,26.21,79.01,40.51
140297,26.21,79.01,40.51
125134,26.21,79.01,40.51
140219,26.21,79.01,40.51
91561,26.21,79.01,40.51
106201,26.21,79.01,40.51
100045,26.21,79.01,40.5
109436,26.21,79.01,40.5
126926,26.21,79.01,40.5
142095,26.21,79.01,40.5
124893,26.21,79.01,40.51
140341,26.21,79.01,40.51
129863,26.21,79.01,40.51
129913,26.21,79.01,40.51
125354,26.21,79.01,40.51
125255,26.21,79.01,40.51
307750,26.22,79.01,40.51
273064,26.22,79.01,40.51
308308,26.22,79.01,40.51
273910,26.22,79.01,40.51
131543,26.21,79.01,40.5
130112,26.21,79.01,40.51
126712,26.21,79.01,40.5
125481,26.21,79.01,40.51
308091,26.22,79.01,40.51
273188,26.22,79.01,40.51
310209,26.22,79.01,40.5
274807,26.22,79.01,40.5
43615,26.21,79.01,40.5
78868,26.21,79.01,40.5
25417,26.21,79.01,40.5
85715,26.21,79.01,40.5
109575,26.21,79.01,40.5
132204,26.21,79.01,40.5
108078,26.21,79.01,40.5
127320,26.21,79.01,40.5
106782,26.21,79.01,40.5
115566,26.21,79.01,40.5
78835,26.21,79.01,40.5
102890,26.21,79.01,40.5
131117,26.21,79.01,40.5
145303,26.21,79.01,40.5
125020,26.21,79.01,40.5
142374,26.21,79.01,40.5
132672,26.21,79.01,40.5
133970,26.21,79.01,40.5
128011,26.21,79.01,40.5
128540,26.21,79.01,40.5
312750,26.22,79.01,40.5
276625,26.22,79.01,40.5
312010,26.22,79.01,40.5
276250,26.22,79.01,40.5
126315,26.21,79.01,40.5
120960,26.21,79.01,40.5
124119,26.21,79.01,40.5
119529,26.21,79.01,40.5
308081,26.22,79.01,40.5
273986,26.22,79.01,40.5
302607,26.22,79.01,40.5
270252,26.22,79.01,40.5
18,26.21,79.01,40.5
125,26.21,79.01,40.5
8939,26.21,79.01,40.5
55584,26.21,79.01,40.5
2407,26.21,79.01,40.5
22549,26.21,79.01,40.5
93060,26.21,79.01,40.5
118299,26.21,79.01,40.5
82004,26.21,79.01,40.5
109348,26.21,79.01,40.5
121,26.21,79.01,40.5
7036,26.21,79.01,40.5
3,26.21,79.01,40.49
679,26.21,79.01,40.49
15505,26.21,79.01,40.49
61360,26.21,79.01,40.49
41301,26.21,79.01,40.5
78774,26.21,79.01,40.5
114968,26.21,79.01,40.5
107207,26.21,79.01,40.5
114907,26.21,79.01,40.5
108277,26.21,79.01,40.5
297555,26.22,79.01,40.5
266502,26.22,79.01,40.5
289330,26.22,79.01,40.5
260181,26.22,79.01,40.5
86794,26.21,79.01,40.5
69878,26.21,79.01,40.49
93966,26.21,79.01,40.5
79306,26.21,79.01,40.49
270768,26.22,79.01,40.5
247089,26.22,79.01,40.5
250266,26.22,79.01,40.49
231685,26.22,79.01,40.49
77,26.21,79.01,40.49
6,26.21,79.01,40.49
2533,26.21,79.01,40.49
21356,26.21,79.01,40.49
157,26.21,79.01,40.49
3578,26.21,79.01,40.49
12,26.21,79.01,40.49
11399,26.21,79.01,40.49
44631,26.21,79.01,40.49
30249,26.21,79.01,40.49
59310,26.21,79.01,40.49
167700,26.22,79.01,40.49
172058,26.22,79.01,40.49
217613,26.22,79.01,40.49
209496,26.22,79.01,40.49
197,26.21,79.01,40.49
11,26.21,79.01,40.49
2542,26.21,79.01,40.49
8071,26.21,79.01,40.49
195,26.21,79.01,40.49
1376,26.21,79.01,40.49
20098,26.22,79.01,40.49
39005,26.22,79.01,40.49
5093,26.22,79.01,40.49
11859,26.22,79.01,40.49
4,26.21,79.01,40.49
107,26.21,79.01,40.49
537,26.22,79.01,40.49
1776,26.22,79.01,40.49
18,26.22,79.01,40.49
85,26.22,79.01,40.49
4,26.22,79.01,40.49
3,26.22,79,40.48
2,26.22,79.01,40.48
10,26.22,79,40.48
5546,26.22,79.01,40.49
17856,26.22,79.01,40.49
408,26.22,79.01,40.49
2822,26.22,79.01,40.49
18286,26.22,79.01,40.49
23540,26.23,79.01,40.49
4679,26.22,79.01,40.49
7980,26.23,79.01,40.49
22,26.22,79.01,40.49
153,26.22,79.01,40.49
3,26.22,79.01,40.48
12,26.22,79.01,40.48
504,26.22,79.01,40.49
1205,26.23,79.01,40.49
42,26.22,79.01,40.48
121,26.23,79,40.48
89,26.22,79.01,40.53
302,26.22,79.01,40.53
2,26.22,79.01,40.53
10,26.22,79.01,40.53
22,26.22,79.01,40.53
481,26.22,79.01,40.53
4,26.23,79.01,40.53
5,26.23,79.01,40.53
40,26.23,79.01,40.53
640,26.23,79.01,40.53
54,26.23,79.01,40.53
1604,26.23,79.01,40.53
3,26.23,79.01,40.53
9,26.23,79.01,40.53
2,26.23,79.01,40.53
73,26.23,79.01,40.53
1555,26.23,79.01,40.53
20,26.23,79.01,40.53
151,26.23,79.01,40.53
2068,26.23,79.01,40.53
1703,26.23,79.01,40.53
103,26.23,79.01,40.53
162,26.23,79.01,40.53
31,26.23,79.01,40.53
1393,26.23,79.01,40.53
986,26.23,79.01,40.53
117,26.23,79.01,40.53
1252,26.23,79.01,40.53
770,26.23,79.01,40.53
1437,26.24,79.01,40.53
9097,26.24,79.01,40.53
257975,26.22,79.01,40.51
253931,26.22,79.01,40.51
253199,26.22,79.01,40.52
249193,26.22,79.01,40.52
246554,26.22,79.01,40.52
242852,26.22,79.01,40.52
238828,26.22,79.01,40.52
235359,26.22,79.01,40.52
267095,26.22,79.01,40.51
263144,26.22,79.01,40.51
266419,26.22,79.01,40.51
262908,26.22,79.01,40.51
261980,26.22,79.01,40.51
257742,26.22,79.01,40.51
265457,26.22,79.01,40.51
261212,26.22,79.01,40.51
42300,26.22,79.01,40.52
26652,26.22,79.01,40.52
151962,26.22,79.01,40.52
160526,26.22,79.01,40.52
122158,26.22,79.01,40.52
136274,26.22,79.01,40.52
19206,26.22,79.01,40.53
24325,26.22,79.01,40.53
2890,26.22,79.01,40.53
4439,26.22,79.01,40.53
216399,26.22,79.01,40.52
215577,26.22,79.01,40.52
228331,26.22,79.01,40.52
225876,26.22,79.01,40.52
177198,26.22,79.01,40.52
182385,26.22,79.01,40.52
199194,26.22,79.01,40.52
201293,26.22,79.01,40.52
263944,26.22,79.01,40.51
260649,26.22,79.01,40.51
265239,26.22,79.01,40.5
261693,26.22,79.01,40.5
263991,26.22,79.01,40.51
260838,26.22,79.01,40.51
265006,26.22,79.01,40.51
261814,26.22,79.01,40.51
265174,26.22,79.01,40.5
262194,26.22,79.01,40.5
262555,26.22,79.01,40.5
260245,26.22,79.01,40.5
266832,26.22,79.01,40.5
263161,26.22,79.01,40.5
266659,26.22,79.01,40.5
263279,26.22,79.01,40.5
259646,26.22,79.01,40.5
257922,26.22,79.01,40.5
254631,26.22,79.01,40.5
253817,26.22,79.01,40.5
231933,26.22,79.01,40.49
235068,26.22,79.01,40.49
244560,26.22,79.01,40.5
245705,26.22,79.01,40.5
214904,26.22,79.01,40.49
221498,26.22,79.01,40.49
187303,26.22,79.01,40.49
200883,26.22,79.01,40.49
50995,26.22,79.01,40.49
60113,26.22,79.01,40.49
26428,26.22,79.01,40.49
42499,26.22,79.01,40.49
215632,26.22,79.01,40.52
208819,26.22,79.01,40.52
226140,26.22,79.01,40.51
221497,26.22,79.01,40.52
206036,26.22,79.01,40.51
201549,26.22,79.01,40.52
406174,26.23,79.01,40.51
349474,26.23,79.01,40.51
400899,26.23,79.01,40.52
344743,26.23,79.01,40.52
196171,26.22,79.01,40.52
189955,26.22,79.01,40.52
394518,26.23,79.01,40.52
339160,26.23,79.01,40.52
387306,26.23,79.01,40.52
332911,26.23,79.01,40.52
229892,26.22,79.01,40.51
233134,26.22,79.01,40.51
235013,26.22,79.01,40.51
235162,26.22,79.01,40.51
212612,26.22,79.01,40.51
209669,26.22,79.01,40.51
410405,26.23,79.01,40.51
353404,26.23,79.01,40.51
413726,26.23,79.01,40.51
356445,26.23,79.01,40.51
214402,26.22,79.01,40.51
214866,26.22,79.01,40.51
415829,26.23,79.01,40.51
358521,26.23,79.01,40.51
416465,26.23,79.01,40.51
359457,26.23,79.01,40.51
339358,26.23,79.01,40.51
338215,26.23,79.01,40.51
333143,26.23,79.01,40.51
336111,26.23,79.01,40.51
321111,26.23,79.01,40.51
323964,26.23,79.01,40.51
567801,26.23,79.01,40.51
517209,26.23,79.01,40.51
570283,26.23,79.01,40.51
520050,26.23,79.01,40.51
327395,26.23,79.01,40.51
326101,26.23,79.01,40.51
572207,26.23,79.01,40.51
522289,26.23,79.01,40.51
573433,26.23,79.01,40.51
523827,26.23,79.01,40.51
325061,26.23,79.01,40.52
329437,26.23,79.01,40.51
314275,26.23,79.01,40.52
320023,26.23,79.01,40.52
303427,26.23,79.01,40.52
308936,26.23,79.01,40.52
552106,26.23,79.01,40.52
499740,26.23,79.01,40.52
557217,26.23,79.01,40.52
505381,26.23,79.01,40.52
456172,26.23,79.01,40.52
390241,26.24,79.01,40.52
450535,26.23,79.01,40.52
385336,26.24,79.01,40.52
313631,26.23,79.01,40.52
317650,26.23,79.01,40.51
561406,26.23,79.01,40.52
509981,26.23,79.01,40.52
564867,26.23,79.01,40.51
513884,26.23,79.01,40.51
464915,26.23,79.01,40.51
460872,26.23,79.01,40.52
394676,26.24,79.01,40.52
123456,26.22,79.01,40.52
145978,26.22,79.01,40.52
22504,26.22,79.01,40.53
2935,26.22,79.01,40.53
2831,26.23,79.01,40.53
13333,26.23,79.01,40.53
135068,26.22,79.01,40.52
112147,26.22,79.01,40.52
20392,26.23,79.01,40.53
322344,26.23,79.01,40.52
274591,26.23,79.01,40.52
63448,26.23,79.01,40.53
287815,26.23,79.01,40.52
243196,26.23,79.01,40.52
191818,26.22,79.01,40.52
200691,26.22,79.01,40.52
164030,26.22,79.01,40.52
179767,26.22,79.01,40.52
182860,26.22,79.01,40.52
174663,26.22,79.01,40.52
379306,26.23,79.01,40.52
325771,26.23,79.01,40.52
370049,26.23,79.01,40.52
317173,26.23,79.01,40.52
150696,26.22,79.01,40.52
164008,26.22,79.01,40.52
341585,26.23,79.01,40.52
292189,26.23,79.01,40.52
357557,26.23,79.01,40.52
306002,26.23,79.01,40.52
258166,26.23,79.01,40.52
249222,26.23,79.01,40.52
230556,26.23,79.01,40.52
219823,26.23,79.01,40.52
58446,26.23,79.01,40.53
13786,26.23,79.01,40.53
46854,26.23,79.01,40.53
31355,26.23,79.01,40.53
173983,26.23,79.01,40.53
141957,26.23,79.01,40.53
18914,26.23,79.01,40.53
12088,26.23,79.01,40.53
91342,26.23,79.01,40.53
64139,26.23,79.01,40.53
5910,26.24,79.01,40.53
8233,26.24,79.01,40.53
41068,26.24,79.01,40.53
182064,26.23,79.01,40.52
138638,26.23,79.01,40.52
101744,26.24,79.01,40.52
299002,26.23,79.01,40.52
307507,26.23,79.01,40.52
275100,26.23,79.01,40.52
288190,26.23,79.01,40.52
277628,26.23,79.01,40.52
265244,26.23,79.01,40.52
526840,26.23,79.01,40.52
474005,26.23,79.01,40.52
428583,26.23,79.01,40.52
359867,26.24,79.01,40.52
220462,26.23,79.01,40.52
515328,26.23,79.01,40.52
188345,26.23,79.01,40.52
464481,26.23,79.01,40.52
156680,26.24,79.01,40.52
415767,26.23,79.01,40.52
343810,26.24,79.01,40.52
288143,26.23,79.01,40.52
296655,26.23,79.01,40.52
537194,26.23,79.01,40.52
483922,26.23,79.01,40.52
545597,26.23,79.01,40.52
492673,26.23,79.01,40.52
443721,26.23,79.01,40.52
380585,26.24,79.01,40.52
436155,26.23,79.01,40.52
376166,26.24,79.01,40.52
237298,26.24,79.01,40.52
307966,26.24,79.01,40.52
351089,26.24,79.01,40.52
351699,26.24,79.01,40.52
28141,26.24,79.01,40.53
26049,26.24,79.01,40.53
28372,26.24,79.01,40.53
68651,26.24,79.01,40.52
87141,26.24,79.01,40.52
81449,26.24,79.01,40.52
115762,26.24,79.01,40.52
154281,26.24,79.01,40.52
152544,26.24,79.01,40.52
163105,26.24,79.01,40.52
240613,26.24,79.01,40.52
376462,26.24,79.01,40.52
305780,26.24,79.01,40.52
264981,26.24,79.01,40.52
304511,26.24,79.01,40.52
307874,26.24,79.01,40.52
382059,26.24,79.01,40.52
468429,26.23,79.01,40.51
471420,26.23,79.01,40.51
473836,26.23,79.01,40.51
475552,26.23,79.01,40.51
701891,26.24,79.01,40.51
703144,26.24,79.01,40.51
398604,26.24,79.01,40.51
698042,26.24,79.01,40.51
700154,26.24,79.01,40.51
650289,26.24,79.01,40.51
616667,26.24,79.01,40.51
370107,26.24,79.01,40.52
362292,26.24,79.01,40.52
366616,26.24,79.01,40.52
345623,26.24,79.01,40.52
572357,26.24,79.01,40.52
601878,26.24,79.01,40.51
833938,26.24,79.01,40.51
496473,26.24,79.01,40.51
340773,26.24,79.01,40.52
341407,26.24,79.01,40.52
411158,26.24,79.01,40.52
482111,26.24,79.01,40.52
534863,26.24,79.01,40.52
385201,26.24,79.01,40.52
447109,26.24,79.01,40.52
856074,26.24,79.01,40.51
861899,26.24,79.01,40.51
830491,26.24,79.01,40.51
536843,26.24,79.01,40.51
846946,26.24,79.01,40.51
563074,26.24,79.01,40.51
234346,26.22,79.01,40.5
233663,26.22,79.01,40.51
233793,26.22,79.01,40.51
234499,26.22,79.01,40.51
214559,26.22,79.01,40.51
214115,26.22,79.01,40.51
416308,26.23,79.01,40.51
359662,26.23,79.01,40.51
415915,26.23,79.01,40.51
359527,26.23,79.01,40.51
214047,26.22,79.01,40.51
214562,26.22,79.01,40.5
416489,26.23,79.01,40.5
360039,26.23,79.01,40.5
415942,26.23,79.01,40.51
359619,26.23,79.01,40.51
235372,26.22,79.01,40.5
233969,26.22,79.01,40.5
235636,26.22,79.01,40.5
236052,26.22,79.01,40.5
215548,26.22,79.01,40.5
216159,26.22,79.01,40.5
418266,26.23,79.01,40.5
361346,26.23,79.01,40.5
417552,26.23,79.01,40.5
360777,26.23,79.01,40.5
215936,26.22,79.01,40.5
214935,26.22,79.01,40.5
418253,26.23,79.01,40.5
361581,26.23,79.01,40.5
417418,26.23,79.01,40.5
361167,26.23,79.01,40.5
340759,26.23,79.01,40.5
341290,26.23,79.01,40.5
341637,26.23,79.01,40.5
341501,26.23,79.01,40.5
329706,26.23,79.01,40.5
329722,26.23,79.01,40.5
575170,26.23,79.01,40.5
526101,26.23,79.01,40.5
575100,26.23,79.01,40.5
526112,26.23,79.01,40.5
478770,26.23,79.01,40.5
413161,26.24,79.01,40.5
478836,26.23,79.01,40.5
413525,26.24,79.01,40.5
328827,26.23,79.01,40.5
329314,26.23,79.01,40.5
574487,26.23,79.01,40.5
525476,26.23,79.01,40.5
574811,26.23,79.01,40.5
525842,26.23,79.01,40.5
477958,26.23,79.01,40.5
478401,26.23,79.01,40.5
412701,26.24,79.01,40.5
340179,26.23,79.01,40.5
339853,26.23,79.01,40.51
339775,26.23,79.01,40.51
339763,26.23,79.01,40.51
328113,26.23,79.01,40.51
327983,26.23,79.01,40.51
574019,26.23,79.01,40.51
524680,26.23,79.01,40.51
574156,26.23,79.01,40.51
525026,26.23,79.01,40.51
328375,26.23,79.01,40.5
328181,26.23,79.01,40.51
574162,26.23,79.01,40.51
525129,26.23,79.01,40.51
574214,26.23,79.01,40.5
525228,26.23,79.01,40.5
232006,26.22,79.01,40.5
228561,26.22,79.01,40.5
222122,26.22,79.01,40.5
213423,26.22,79.01,40.49
213233,26.22,79.01,40.5
210285,26.22,79.01,40.5
415903,26.23,79.01,40.5
360055,26.23,79.01,40.5
412981,26.23,79.01,40.5
357783,26.23,79.01,40.5
205222,26.22,79.01,40.5
198052,26.22,79.01,40.49
407813,26.23,79.01,40.5
353847,26.23,79.01,40.5
400091,26.23,79.01,40.49
347826,26.23,79.01,40.49
202587,26.22,79.01,40.49
187203,26.22,79.01,40.49
64240,26.22,79.01,40.49
45927,26.22,79.01,40.49
189094,26.22,79.01,40.49
177011,26.22,79.01,40.49
390655,26.23,79.01,40.49
340129,26.23,79.01,40.49
377626,26.23,79.01,40.49
329853,26.23,79.01,40.49
66282,26.23,79.01,40.49
51150,26.23,79.01,40.49
153554,26.23,79.01,40.49
145469,26.23,79.01,40.49
132878,26.23,79.01,40.49
124147,26.23,79.01,40.49
324535,26.23,79.01,40.49
316590,26.23,79.01,40.49
316167,26.23,79.01,40.49
309872,26.23,79.01,40.49
139233,26.23,79.01,40.49
115030,26.23,79.01,40.49
131416,26.23,79.01,40.49
109668,26.23,79.01,40.49
256873,26.23,79.01,40.49
209386,26.23,79.01,40.49
217198,26.23,79.01,40.49
172139,26.23,79.01,40.49
219914,26.23,79.01,40.49
255230,26.24,79.01,40.49
342069,26.24,79.01,40.49
308363,26.23,79.01,40.49
278867,26.23,79.01,40.49
245355,26.23,79.01,40.49
418935,26.23,79.01,40.49
304237,26.24,79.01,40.49
361484,26.24,79.01,40.49
470410,26.23,79.01,40.49
382624,26.24,79.01,40.49
340693,26.23,79.01,40.5
338867,26.23,79.01,40.5
335705,26.23,79.01,40.5
330856,26.23,79.01,40.49
325311,26.23,79.01,40.5
321594,26.23,79.01,40.49
572213,26.23,79.01,40.5
523825,26.23,79.01,40.5
288678,26.23,79.01,40.49
569574,26.23,79.01,40.49
263293,26.23,79.01,40.49
522318,26.23,79.01,40.49
477914,26.23,79.01,40.5
405312,26.24,79.01,40.5
477212,26.23,79.01,40.49
407457,26.24,79.01,40.49
329167,26.23,79.01,40.5
327768,26.23,79.01,40.5
573921,26.23,79.01,40.5
525062,26.23,79.01,40.5
574851,26.23,79.01,40.5
525766,26.23,79.01,40.5
478621,26.23,79.01,40.5
414032,26.24,79.01,40.5
478011,26.23,79.01,40.5
417847,26.24,79.01,40.5
476614,26.23,79.01,40.51
477141,26.23,79.01,40.51
477408,26.23,79.01,40.51
477616,26.23,79.01,40.5
703931,26.24,79.01,40.51
704338,26.24,79.01,40.51
704561,26.24,79.01,40.51
412250,26.24,79.01,40.5
704745,26.24,79.01,40.5
660621,26.24,79.01,40.5
627788,26.24,79.01,40.5
388342,26.24,79.01,40.5
391037,26.24,79.01,40.5
388319,26.24,79.01,40.5
862897,26.24,79.01,40.51
858975,26.24,79.01,40.51
851577,26.24,79.01,40.51
580141,26.24,79.01,40.51
841934,26.24,79.01,40.5
366460,26.24,79.01,40.5
636444,26.24,79.01,40.5
660433,26.24,79.01,40.5
367621,26.24,79.01,40.5
368829,26.24,79.01,40.5
477531,26.24,79.01,40.5
539684,26.24,79.01,40.5
572037,26.24,79.01,40.5
755716,26.24,79.01,40.5
491681,26.24,79.01,40.5
858447,26.24,79.01,40.5
533495,26.24,79.01,40.5
469815,26.24,79.01,40.5
337185,26.24,79.01,40.49
367354,26.24,79.01,40.5
407431,26.24,79.01,40.5
393300,26.24,79.01,40.5
216651,26.24,79.01,40.49
279462,26.24,79.01,40.49
232787,26.24,79.01,40.49
271095,26.24,79.01,40.49
217502,26.24,79.01,40.49
333350,26.24,79.01,40.49
279984,26.24,79.01,40.49
272264,26.24,79.01,40.49
317570,26.24,79.01,40.49
392410,26.24,79.01,40.49
370582,26.24,79.01,40.49
483338,26.24,79.01,40.5
333313,26.24,79.01,40.5
349255,26.24,79.01,40.5
386824,26.24,79.01,40.5
455296,26.24,79.01,40.5
431090,26.24,79.01,40.5
426989,26.24,79.01,40.5
368561,26.24,79.01,40.5
411801,26.24,79.01,40.5
286969,26.24,79.01,40.52
335581,26.24,79.01,40.52
464609,26.24,79.01,40.52
580270,26.24,79.01,40.51
589526,26.24,79.01,40.51
592735,26.24,79.01,40.51
588863,26.24,79.01,40.51
562869,26.24,79.01,40.5
5,26.23,79.01,40.48
2,26.23,79.01,40.48
8,26.23,79.01,40.48
24,26.23,79,40.48
32,26.23,79.01,40.48
295,26.23,79,40.48
2324,26.23,79,40.49
3914,26.23,79,40.49
29117,26.23,79,40.49
33009,26.23,79,40.49
11697,26.23,79,40.49
15322,26.23,79,40.49
100,26.23,79.01,40.48
622,26.23,79,40.48
16,26.23,79.01,40.48
1432,26.23,79.01,40.48
1949,26.23,79.01,40.48
5667,26.23,79.01,40.48
35508,26.23,79,40.49
18469,26.23,79,40.49
5768,26.23,79,40.49
36706,26.23,79,40.49
73278,26.23,79.01,40.49
8846,26.23,79.01,40.48
19985,26.23,79.01,40.49
10272,26.23,79.01,40.49
20904,26.23,79,40.49
33215,26.23,79.01,40.49
39650,26.23,79.01,40.49
67146,26.23,79.01,40.49
159421,26.24,79.01,40.49
92368,26.24,79.01,40.49
43659,26.23,79.01,40.49
92468,26.24,79.01,40.49
36011,26.23,79,40.49
98244,26.24,79.01,40.49
162888,26.24,79.01,40.49
16,26.22,79,40.53
5,26.21,79.01,40.52
1248,26.21,79.01,40.52
8076,26.21,79.01,40.52
268,26.21,79.01,40.52
4953,26.21,79.01,40.52
15398,26.21,79.01,40.52
23274,26.21,79.01,40.52
17954,26.21,79.01,40.52
27338,26.21,79.01,40.52
36,26.21,79.01,40.52
1065,26.21,79.01,40.52
98,26.21,79.01,40.52
1761,26.21,79.01,40.52
5793,26.21,79.01,40.52
5946,26.21,79.01,40.52
14585,26.21,79.01,40.52
30526,26.21,79.01,40.52
25657,26.21,79.01,40.52
32738,26.22,79.01,40.52
27514,26.22,79.01,40.52
93516,26.22,79.01,40.52
90457,26.22,79.01,40.52
84040,26.22,79.01,40.52
81966,26.22,79.01,40.52
8848,26.21,79.01,40.52
16988,26.21,79.01,40.52
12099,26.22,79.01,40.52
19584,26.22,79.01,40.52
68517,26.22,79.01,40.52
69753,26.22,79.01,40.52
51314,26.22,79.01,40.52
55992,26.22,79.01,40.52
5,26.21,79,40.52
159,26.21,79.01,40.52
2001,26.21,79.01,40.52
6,26.21,79.01,40.52
165,26.21,79.01,40.52
589,26.21,79.01,40.52
2323,26.22,79.01,40.52
3620,26.21,79.01,40.52
6715,26.22,79.01,40.52
9490,26.22,79,40.52
4382,26.22,79,40.52
4,26.21,79,40.53
51,26.21,79.01,40.53
357,26.22,79.01,40.53
11,26.22,79.01,40.53
875,26.22,79,40.53
2882,26.22,79,40.53
98,26.22,79,40.53
366,26.22,79,40.53
2,26.2,79.01,40.51
14,26.2,79.01,40.51
539,26.2,79.01,40.51
5988,26.21,79.01,40.51
1082,26.2,79.01,40.51
7423,26.21,79.01,40.51
32,26.2,79.01,40.51
44,26.2,79.01,40.51
1918,26.2,79.01,40.51
9845,26.21,79.01,40.51
1615,26.2,79.01,40.51
8837,26.21,79.01,40.51
3,26.2,79.01,40.51
115,26.2,79.01,40.52
2274,26.21,79.01,40.52
299,26.2,79.01,40.51
4177,26.21,79.01,40.51
28,26.2,79.01,40.52
1015,26.21,79.01,40.52
39,26.21,79.01,40.52
267,26.21,79.01,40.52
18988,26.21,79.01,40.51
29293,26.21,79.01,40.51
19535,26.21,79.01,40.51
29503,26.21,79.01,40.51
37088,26.21,79.01,40.51
44213,26.21,79.01,40.51
37135,26.21,79.01,40.51
44405,26.21,79.01,40.51
18949,26.21,79.01,40.51
29864,26.21,79.01,40.51
18723,26.21,79.01,40.51
29591,26.21,79.01,40.51
37721,26.21,79.01,40.51
44896,26.21,79.01,40.51
37856,26.21,79.01,40.51
44649,26.21,79.01,40.51
46888,26.21,79.01,40.51
47406,26.21,79.01,40.51
47999,26.22,79.01,40.51
48806,26.22,79.01,40.51
120064,26.22,79.01,40.51
113929,26.22,79.01,40.51
122042,26.22,79.01,40.51
116049,26.22,79.01,40.51
46990,26.21,79.01,40.51
46662,26.21,79.01,40.51
48601,26.22,79.01,40.51
48216,26.22,79.01,40.51
122058,26.22,79.01,40.51
116616,26.22,79.01,40.51
121096,26.22,79.01,40.51
116040,26.22,79.01,40.51
12035,26.21,79.01,40.52
22096,26.21,79.01,40.52
18923,26.21,79.01,40.51
27952,26.21,79.01,40.51
35405,26.21,79.01,40.51
42307,26.21,79.01,40.51
30757,26.21,79.01,40.52
38703,26.21,79.01,40.52
4583,26.21,79.01,40.52
17387,26.21,79.01,40.52
6334,26.21,79.01,40.52
18596,26.21,79.01,40.52
24862,26.21,79.01,40.52
32321,26.21,79.01,40.52
27765,26.21,79.01,40.52
35794,26.21,79.01,40.52
38469,26.21,79.01,40.52
34959,26.21,79.01,40.52
40149,26.22,79.01,40.52
36818,26.22,79.01,40.52
100939,26.22,79.01,40.52
97076,26.22,79.01,40.52
106772,26.22,79.01,40.52
102305,26.22,79.01,40.52
41428,26.21,79.01,40.52
44604,26.21,79.01,40.51
43031,26.22,79.01,40.52
45845,26.22,79.01,40.51
116463,26.22,79.01,40.51
110758,26.22,79.01,40.51
111994,26.22,79.01,40.52
106895,26.22,79.01,40.52
39,26.2,79.01,40.51
48,26.2,79.01,40.51
2010,26.2,79.01,40.51
10200,26.21,79.01,40.51
1819,26.2,79.01,40.51
9641,26.21,79.01,40.51
5,26.2,79.01,40.5
20,26.2,79.01,40.51
1371,26.2,79.01,40.51
8615,26.21,79.01,40.51
835,26.2,79.01,40.5
7917,26.21,79.01,40.5
7,26.2,79.01,40.5
2,26.2,79.01,40.5
403,26.2,79.01,40.5
6711,26.21,79.01,40.5
174,26.2,79.01,40.5
4089,26.21,79.01,40.5
77,26.2,79.01,40.5
2139,26.21,79.01,40.5
2,26.2,79.01,40.5
13,26.2,79.01,40.5
624,26.21,79.01,40.5
19878,26.21,79.01,40.51
29759,26.21,79.01,40.51
19662,26.21,79.01,40.51
29641,26.21,79.01,40.51
37212,26.21,79.01,40.51
44289,26.21,79.01,40.51
37241,26.21,79.01,40.51
44275,26.21,79.01,40.51
19430,26.21,79.01,40.51
29341,26.21,79.01,40.51
20972,26.21,79.01,40.5
29993,26.21,79.01,40.5
37350,26.21,79.01,40.5
44587,26.21,79.01,40.5
36994,26.21,79.01,40.51
44213,26.21,79.01,40.51
46631,26.21,79.01,40.51
46650,26.21,79.01,40.51
48055,26.22,79.01,40.51
48033,26.22,79.01,40.51
120034,26.22,79.01,40.51
114881,26.22,79.01,40.51
120330,26.22,79.01,40.51
115295,26.22,79.01,40.51
47118,26.21,79.01,40.5
46686,26.21,79.01,40.51
48543,26.22,79.01,40.5
48112,26.22,79.01,40.51
120196,26.22,79.01,40.51
114948,26.22,79.01,40.51
121227,26.22,79.01,40.5
115744,26.22,79.01,40.5
9952,26.21,79.01,40.5
22334,26.21,79.01,40.5
5831,26.21,79.01,40.5
21381,26.21,79.01,40.5
32397,26.21,79.01,40.5
41512,26.21,79.01,40.5
30027,26.21,79.01,40.5
38788,26.21,79.01,40.5
21898,26.21,79.01,40.5
31141,26.21,79.01,40.5
18109,26.21,79.01,40.5
28848,26.21,79.01,40.5
38479,26.21,79.01,40.5
45495,26.21,79.01,40.5
37133,26.21,79.01,40.5
44860,26.21,79.01,40.5
47640,26.21,79.01,40.5
47962,26.21,79.01,40.5
49175,26.22,79.01,40.5
49278,26.22,79.01,40.5
122647,26.22,79.01,40.5
116844,26.22,79.01,40.5
122506,26.22,79.01,40.5
116903,26.22,79.01,40.5
45121,26.21,79.01,40.5
42445,26.21,79.01,40.5
47409,26.22,79.01,40.5
45053,26.22,79.01,40.5
120133,26.22,79.01,40.5
115421,26.22,79.01,40.5
116591,26.22,79.01,40.5
112809,26.22,79.01,40.5
25,26.21,79.01,40.5
101,26.21,79.01,40.5
2477,26.21,79.01,40.5
16354,26.21,79.01,40.5
1006,26.21,79.01,40.5
8413,26.21,79.01,40.5
26203,26.21,79.01,40.5
35624,26.21,79.01,40.5
21588,26.21,79.01,40.5
31422,26.21,79.01,40.5
4,26.21,79.01,40.5
165,26.21,79.01,40.5
3165,26.21,79.01,40.5
17,26.21,79.01,40.49
600,26.21,79.01,40.49
5828,26.21,79.01,40.49
16526,26.21,79.01,40.49
11739,26.21,79.01,40.5
22968,26.21,79.01,40.5
39552,26.21,79.01,40.5
35623,26.21,79.01,40.5
42462,26.22,79.01,40.5
38917,26.22,79.01,40.5
112807,26.22,79.01,40.5
109737,26.22,79.01,40.5
107291,26.22,79.01,40.5
105241,26.22,79.01,40.5
28276,26.21,79.01,40.5
21487,26.21,79.01,40.49
32855,26.22,79.01,40.5
26330,26.22,79.01,40.49
96913,26.22,79.01,40.5
97488,26.22,79.01,40.5
84975,26.22,79.01,40.49
87926,26.22,79.01,40.49
2,26.21,79,40.49
74,26.21,79,40.49
10,26.21,79,40.49
1378,26.21,79.01,40.49
7596,26.21,79.01,40.49
175,26.21,79.01,40.49
1774,26.21,79.01,40.49
17,26.21,79,40.49
4247,26.21,79.01,40.49
13261,26.21,79.01,40.49
9745,26.22,79.01,40.49
18784,26.22,79.01,40.49
47759,26.22,79.01,40.49
58550,26.22,79.01,40.49
69253,26.22,79.01,40.49
75601,26.22,79.01,40.49
143,26.21,79,40.49
15,26.21,79,40.49
1168,26.21,79.01,40.49
3069,26.22,79.01,40.49
157,26.21,79.01,40.49
706,26.22,79.01,40.49
7091,26.22,79,40.49
12986,26.22,79,40.49
2105,26.22,79,40.49
4697,26.22,79,40.49
8,26.21,79.01,40.49
88,26.22,79.01,40.49
3,26.22,79.01,40.49
376,26.22,79,40.49
1112,26.22,79,40.49
29,26.22,79,40.49
123,26.22,79,40.49
2,26.22,79,40.49
10,26.22,79,40.49
11,26.23,79,40.48
4,26.22,79,40.48
14,26.22,79,40.48
2625,26.22,79,40.49
6573,26.22,79,40.49
395,26.22,79,40.49
1665,26.22,79,40.49
7835,26.22,79,40.49
10316,26.23,79,40.49
2698,26.22,79,40.49
4197,26.23,79,40.49
40,26.22,79,40.49
198,26.22,79,40.49
5,26.22,79,40.48
23,26.22,79,40.48
503,26.22,79,40.49
1037,26.23,79,40.49
71,26.22,79,40.48
177,26.23,79,40.48
67,26.22,79,40.53
177,26.22,79,40.53
4,26.22,79,40.53
15,26.22,79,40.53
5,26.22,79,40.53
31,26.22,79,40.53
249,26.22,79,40.53
2,26.23,79,40.53
10,26.23,79,40.53
2,26.23,79,40.53
7,26.23,79,40.53
52,26.23,79,40.53
319,26.23,79,40.53
60,26.23,79,40.53
747,26.23,79,40.53
4,26.23,79,40.53
5,26.23,79,40.53
13,26.23,79,40.53
2,26.23,79.01,40.53
14,26.23,79.01,40.53
81,26.23,79,40.53
816,26.23,79,40.53
88,26.23,79.01,40.53
1314,26.23,79.01,40.53
1165,26.23,79.01,40.53
44,26.23,79.01,40.53
174,26.23,79.01,40.53
4,26.23,79.01,40.53
105,26.23,79.01,40.53
1034,26.23,79.01,40.53
212,26.23,79.01,40.53
60,26.23,79.01,40.53
925,26.23,79.01,40.53
1436,26.24,79.01,40.53
734,26.24,79.01,40.53
4830,26.24,79.01,40.53
7145,26.24,79.01,40.53
6611,26.24,79.01,40.53
106418,26.22,79.01,40.51
103434,26.22,79.01,40.51
102963,26.22,79.01,40.52
100323,26.22,79.01,40.52
98944,26.22,79.01,40.52
96639,26.22,79.01,40.52
94142,26.22,79.01,40.52
92286,26.22,79.01,40.52
112308,26.22,79.01,40.51
109216,26.22,79.01,40.51
112115,26.22,79.01,40.51
109307,26.22,79.01,40.51
109245,26.22,79.01,40.51
106054,26.22,79.01,40.51
111438,26.22,79.01,40.51
108174,26.22,79.01,40.51
12380,26.22,79,40.52
7136,26.22,79,40.52
46794,26.22,79.01,40.52
51140,26.22,79.01,40.52
33412,26.22,79.01,40.52
39231,26.22,79.01,40.52
4506,26.22,79,40.53
6264,26.22,79,40.53
764,26.22,79,40.53
1275,26.22,79,40.53
80573,26.22,79.01,40.52
80323,26.22,79.01,40.52
88145,26.22,79.01,40.52
86876,26.22,79.01,40.52
58982,26.22,79.01,40.52
61907,26.22,79.01,40.52
70526,26.22,79.01,40.52
71733,26.22,79.01,40.52
110921,26.22,79.01,40.51
108245,26.22,79.01,40.51
111600,26.22,79.01,40.5
108774,26.22,79.01,40.5
110999,26.22,79.01,40.51
108385,26.22,79.01,40.51
111425,26.22,79.01,40.51
108776,26.22,79.01,40.51
111732,26.22,79.01,40.5
109250,26.22,79.01,40.5
109854,26.22,79.01,40.5
107962,26.22,79.01,40.5
112485,26.22,79.01,40.5
109530,26.22,79.01,40.5
112725,26.22,79.01,40.5
109888,26.22,79.01,40.5
107318,26.22,79.01,40.5
105876,26.22,79.01,40.5
103661,26.22,79.01,40.5
102946,26.22,79.01,40.5
89841,26.22,79.01,40.49
91732,26.22,79.01,40.49
97632,26.22,79.01,40.5
98010,26.22,79.01,40.5
79906,26.22,79.01,40.49
83526,26.22,79.01,40.49
66423,26.22,79.01,40.49
72950,26.22,79.01,40.49
18122,26.22,79,40.49
22647,26.22,79,40.49
9160,26.22,79,40.49
14792,26.22,79,40.49
92928,26.22,79.01,40.52
88724,26.22,79.01,40.52
99474,26.22,79.01,40.51
96418,26.22,79.01,40.52
93811,26.23,79.01,40.51
90962,26.23,79.01,40.52
187702,26.23,79.01,40.51
171331,26.23,79.01,40.51
183565,26.23,79.01,40.52
167548,26.23,79.01,40.52
87674,26.23,79.01,40.52
83829,26.23,79.01,40.52
178704,26.23,79.01,40.52
163212,26.23,79.01,40.52
173190,26.23,79.01,40.52
158234,26.23,79.01,40.52
101938,26.22,79.01,40.51
103985,26.22,79.01,40.51
105050,26.22,79.01,40.51
105345,26.22,79.01,40.51
98051,26.23,79.01,40.51
96162,26.23,79.01,40.51
191144,26.23,79.01,40.51
174508,26.23,79.01,40.51
193827,26.23,79.01,40.51
177035,26.23,79.01,40.51
99145,26.23,79.01,40.51
99590,26.23,79.01,40.51
195566,26.23,79.01,40.51
178739,26.23,79.01,40.51
196250,26.23,79.01,40.51
179594,26.23,79.01,40.51
167298,26.23,79.01,40.51
166326,26.23,79.01,40.51
162214,26.23,79.01,40.51
164613,26.23,79.01,40.51
154022,26.23,79.01,40.51
156341,26.23,79.01,40.51
289919,26.23,79.01,40.51
263779,26.23,79.01,40.51
292737,26.23,79.01,40.51
266625,26.23,79.01,40.51
159129,26.23,79.01,40.51
158050,26.23,79.01,40.51
294922,26.23,79.01,40.51
268888,26.23,79.01,40.51
296369,26.23,79.01,40.51
270451,26.23,79.01,40.51
155796,26.23,79.01,40.52
159247,26.23,79.01,40.51
147240,26.23,79.01,40.52
151821,26.23,79.01,40.52
139902,26.23,79.01,40.52
144298,26.23,79.01,40.52
272670,26.23,79.01,40.52
246673,26.23,79.01,40.52
278155,26.23,79.01,40.52
252051,26.23,79.01,40.52
228679,26.24,79.01,40.52
206152,26.24,79.01,40.52
223508,26.24,79.01,40.52
201573,26.24,79.01,40.52
148010,26.23,79.01,40.52
151250,26.23,79.01,40.51
282708,26.23,79.01,40.52
256553,26.23,79.01,40.52
286593,26.23,79.01,40.51
260420,26.23,79.01,40.51
236848,26.24,79.01,40.51
233056,26.24,79.01,40.52
210225,26.24,79.01,40.52
39832,26.22,79.01,40.52
51742,26.22,79.01,40.52
6302,26.22,79,40.53
1206,26.22,79,40.53
1299,26.23,79,40.53
2868,26.23,79,40.53
50393,26.23,79.01,40.52
38282,26.23,79.01,40.52
6117,26.23,79,40.53
123529,26.23,79.01,40.52
112390,26.23,79.01,40.52
18586,26.23,79,40.53
100738,26.23,79.01,40.52
91343,26.23,79.01,40.52
77768,26.22,79.01,40.52
83780,26.22,79.01,40.52
61567,26.22,79.01,40.52
70323,26.22,79.01,40.52
79299,26.23,79.01,40.52
73896,26.23,79.01,40.52
166836,26.23,79.01,40.52
152444,26.23,79.01,40.52
159282,26.23,79.01,40.52
145361,26.23,79.01,40.52
59558,26.23,79.01,40.52
67242,26.23,79.01,40.52
138055,26.23,79.01,40.52
126040,26.23,79.01,40.52
149708,26.23,79.01,40.52
136619,26.23,79.01,40.52
104142,26.23,79.01,40.52
98816,26.23,79.01,40.52
84891,26.23,79.01,40.52
78457,26.23,79.01,40.52
17415,26.23,79,40.53
3209,26.23,79,40.53
12542,26.23,79.01,40.53
11276,26.23,79.01,40.53
52203,26.23,79.01,40.53
42761,26.23,79.01,40.53
8941,26.23,79.01,40.53
6598,26.23,79.01,40.53
30468,26.23,79.01,40.53
24160,26.23,79.01,40.53
4936,26.24,79,40.53
18695,26.24,79,40.53
66522,26.23,79.01,40.52
52426,26.23,79.01,40.52
41772,26.24,79,40.52
135072,26.23,79.01,40.52
141766,26.23,79.01,40.52
117021,26.23,79.01,40.52
126869,26.23,79.01,40.52
120433,26.23,79.01,40.52
111133,26.23,79.01,40.52
247581,26.23,79.01,40.52
223388,26.23,79.01,40.52
201171,26.24,79.01,40.52
172066,26.24,79.01,40.52
90834,26.23,79.01,40.52
236195,26.23,79.01,40.52
78130,26.23,79.01,40.52
212060,26.23,79.01,40.52
64415,26.24,79,40.52
183373,26.24,79.01,40.52
150920,26.24,79.01,40.52
128171,26.23,79.01,40.52
134633,26.23,79.01,40.52
257525,26.23,79.01,40.52
232315,26.23,79.01,40.52
265909,26.23,79.01,40.52
240115,26.23,79.01,40.52
217476,26.24,79.01,40.52
196041,26.24,79.01,40.52
210552,26.24,79.01,40.52
186706,26.24,79.01,40.52
122420,26.24,79.01,40.52
149628,26.24,79.01,40.52
163499,26.24,79.01,40.52
173828,26.24,79.01,40.52
14166,26.24,79,40.53
19675,26.24,79.01,40.53
16912,26.24,79.01,40.53
32678,26.24,79,40.52
60712,26.24,79.01,40.53
45134,26.24,79.01,40.52
52424,26.24,79,40.52
84110,26.24,79.01,40.52
23287,26.24,79.01,40.53
59332,26.24,79.01,40.52
102368,26.24,79.01,40.52
115226,26.24,79.01,40.52
170236,26.24,79.01,40.52
179348,26.24,79.01,40.52
146551,26.24,79.01,40.52
249257,26.24,79.01,40.52
205547,26.24,79.01,40.52
136008,26.24,79.01,40.52
149204,26.24,79.01,40.52
176733,26.24,79.01,40.52
218294,26.24,79.01,40.52
240149,26.24,79.01,40.51
242962,26.24,79.01,40.51
245233,26.24,79.01,40.51
246869,26.24,79.01,40.51
407390,26.24,79.01,40.51
409195,26.24,79.01,40.51
657082,26.24,79.01,40.51
623463,26.24,79.01,40.51
608516,26.24,79.01,40.51
658456,26.24,79.01,40.51
624908,26.24,79.01,40.51
610217,26.24,79.01,40.51
213839,26.24,79.01,40.51
402041,26.24,79.01,40.51
404976,26.24,79.01,40.51
373526,26.24,79.01,40.51
652961,26.24,79.01,40.51
354564,26.24,79.01,40.51
619273,26.24,79.01,40.51
607685,26.24,79.01,40.51
655225,26.24,79.01,40.51
621557,26.24,79.01,40.51
607962,26.24,79.01,40.51
193926,26.24,79.01,40.52
182396,26.24,79.01,40.52
189533,26.24,79.01,40.52
174059,26.24,79.01,40.52
308686,26.24,79.01,40.52
322641,26.24,79.01,40.51
389009,26.24,79.01,40.52
408071,26.24,79.01,40.51
440738,26.24,79.01,40.51
161557,26.24,79.01,40.52
169126,26.24,79.01,40.52
255395,26.24,79.01,40.52
279275,26.24,79.01,40.52
286292,26.24,79.01,40.52
290691,26.24,79.01,40.52
326259,26.24,79.01,40.52
334974,26.24,79.01,40.52
516643,26.24,79.01,40.51
526116,26.24,79.01,40.51
418662,26.24,79.01,40.51
475573,26.24,79.01,40.51
440315,26.24,79.01,40.51
501438,26.24,79.01,40.51
104977,26.22,79.01,40.5
104560,26.22,79.01,40.51
104706,26.22,79.01,40.51
104987,26.22,79.01,40.51
99425,26.23,79.01,40.51
99250,26.23,79.01,40.51
196229,26.23,79.01,40.51
179781,26.23,79.01,40.51
195979,26.23,79.01,40.51
179690,26.23,79.01,40.51
99135,26.23,79.01,40.51
99449,26.23,79.01,40.5
196346,26.23,79.01,40.5
179981,26.23,79.01,40.5
195957,26.23,79.01,40.51
179685,26.23,79.01,40.51
105693,26.22,79.01,40.5
104777,26.22,79.01,40.5
105595,26.22,79.01,40.5
106054,26.22,79.01,40.5
99937,26.23,79.01,40.5
100411,26.23,79.01,40.5
197691,26.23,79.01,40.5
181087,26.23,79.01,40.5
197083,26.23,79.01,40.5
180536,26.23,79.01,40.5
100300,26.23,79.01,40.5
99716,26.23,79.01,40.5
197792,26.23,79.01,40.5
181329,26.23,79.01,40.5
197204,26.23,79.01,40.5
181018,26.23,79.01,40.5
168368,26.23,79.01,40.5
168869,26.23,79.01,40.5
169191,26.23,79.01,40.5
169078,26.23,79.01,40.5
161068,26.23,79.01,40.5
161061,26.23,79.01,40.5
298758,26.23,79.01,40.5
273333,26.23,79.01,40.5
298723,26.23,79.01,40.5
273250,26.23,79.01,40.5
250074,26.24,79.01,40.5
226992,26.24,79.01,40.5
250260,26.24,79.01,40.5
227417,26.24,79.01,40.5
160268,26.23,79.01,40.5
160731,26.23,79.01,40.5
297899,26.23,79.01,40.5
272412,26.23,79.01,40.5
298358,26.23,79.01,40.5
272860,26.23,79.01,40.5
249224,26.24,79.01,40.5
249665,26.24,79.01,40.5
226608,26.24,79.01,40.5
167915,26.23,79.01,40.5
167701,26.23,79.01,40.51
167683,26.23,79.01,40.51
167655,26.23,79.01,40.51
159739,26.23,79.01,40.51
159608,26.23,79.01,40.51
297117,26.23,79.01,40.51
271362,26.23,79.01,40.51
297370,26.23,79.01,40.51
271759,26.23,79.01,40.51
159917,26.23,79.01,40.5
159763,26.23,79.01,40.51
297439,26.23,79.01,40.51
271929,26.23,79.01,40.51
297560,26.23,79.01,40.5
272083,26.23,79.01,40.5
103074,26.22,79.01,40.5
100619,26.22,79.01,40.5
96568,26.22,79.01,40.5
91252,26.22,79.01,40.49
98341,26.23,79.01,40.5
96345,26.23,79.01,40.5
195856,26.23,79.01,40.5
179989,26.23,79.01,40.5
193453,26.23,79.01,40.5
178029,26.23,79.01,40.5
93011,26.23,79.01,40.5
88690,26.23,79.01,40.49
189447,26.23,79.01,40.5
174816,26.23,79.01,40.5
183676,26.23,79.01,40.49
170133,26.23,79.01,40.49
84331,26.22,79.01,40.49
75509,26.22,79.01,40.49
25732,26.22,79,40.49
17674,26.22,79,40.49
82840,26.23,79.01,40.49
75708,26.23,79.01,40.49
176252,26.23,79.01,40.49
164034,26.23,79.01,40.49
166598,26.23,79.01,40.49
156130,26.23,79.01,40.49
28069,26.23,79,40.49
20542,26.23,79,40.49
67052,26.23,79,40.49
66589,26.23,79,40.49
53551,26.23,79,40.49
53471,26.23,79,40.49
155474,26.23,79.01,40.49
150032,26.23,79.01,40.49
148934,26.23,79.01,40.49
144166,26.23,79.01,40.49
65480,26.23,79,40.49
52271,26.23,79,40.49
63188,26.23,79,40.49
51531,26.23,79,40.49
119748,26.23,79.01,40.49
102384,26.23,79.01,40.49
108857,26.23,79.01,40.49
93008,26.23,79.01,40.49
232555,26.24,79.01,40.49
136082,26.24,79.01,40.49
185176,26.24,79.01,40.49
134685,26.23,79.01,40.49
121785,26.23,79.01,40.49
214867,26.24,79.01,40.49
182955,26.24,79.01,40.49
231521,26.24,79.01,40.49
203558,26.24,79.01,40.49
168325,26.23,79.01,40.5
166778,26.23,79.01,40.5
164194,26.23,79.01,40.5
160472,26.23,79.01,40.49
157227,26.23,79.01,40.5
154201,26.23,79.01,40.49
295410,26.23,79.01,40.5
270848,26.23,79.01,40.5
142516,26.23,79.01,40.49
292621,26.23,79.01,40.49
132519,26.23,79.01,40.49
268789,26.23,79.01,40.49
248637,26.24,79.01,40.5
218945,26.24,79.01,40.5
242978,26.24,79.01,40.49
211705,26.24,79.01,40.49
160517,26.23,79.01,40.5
159293,26.23,79.01,40.5
297270,26.23,79.01,40.5
272222,26.23,79.01,40.5
298333,26.23,79.01,40.5
273031,26.23,79.01,40.5
250162,26.24,79.01,40.5
227533,26.24,79.01,40.5
249629,26.24,79.01,40.5
225594,26.24,79.01,40.5
247897,26.24,79.01,40.51
248422,26.24,79.01,40.51
248688,26.24,79.01,40.51
248891,26.24,79.01,40.5
410405,26.24,79.01,40.51
411112,26.24,79.01,40.51
659363,26.24,79.01,40.51
625891,26.24,79.01,40.51
611357,26.24,79.01,40.51
659873,26.24,79.01,40.51
626469,26.24,79.01,40.51
611540,26.24,79.01,40.51
411536,26.24,79.01,40.51
226223,26.24,79.01,40.5
411857,26.24,79.01,40.5
387090,26.24,79.01,40.5
660359,26.24,79.01,40.5
381947,26.24,79.01,40.5
627016,26.24,79.01,40.5
614789,26.24,79.01,40.5
660158,26.24,79.01,40.51
626793,26.24,79.01,40.51
611794,26.24,79.01,40.51
210076,26.24,79.01,40.5
208694,26.24,79.01,40.5
209943,26.24,79.01,40.5
528676,26.24,79.01,40.51
524005,26.24,79.01,40.51
454647,26.24,79.01,40.51
514831,26.24,79.01,40.51
495070,26.24,79.01,40.5
205888,26.24,79.01,40.5
331439,26.24,79.01,40.5
341958,26.24,79.01,40.5
186615,26.24,79.01,40.5
192943,26.24,79.01,40.5
295653,26.24,79.01,40.5
307294,26.24,79.01,40.5
385174,26.24,79.01,40.5
418990,26.24,79.01,40.5
441179,26.24,79.01,40.5
469260,26.24,79.01,40.5
331367,26.24,79.01,40.5
366096,26.24,79.01,40.5
354407,26.24,79.01,40.5
185907,26.24,79.01,40.49
194569,26.24,79.01,40.5
204497,26.24,79.01,40.5
210167,26.24,79.01,40.5
183701,26.24,79.01,40.49
186075,26.24,79.01,40.49
103477,26.24,79.01,40.49
145159,26.24,79.01,40.49
162686,26.24,79.01,40.49
225670,26.24,79.01,40.49
141864,26.24,79.01,40.49
171527,26.24,79.01,40.49
224316,26.24,79.01,40.49
203149,26.24,79.01,40.49
259328,26.24,79.01,40.49
288160,26.24,79.01,40.49
304076,26.24,79.01,40.49
240954,26.24,79.01,40.49
288457,26.24,79.01,40.5
181375,26.24,79.01,40.5
181798,26.24,79.01,40.5
237540,26.24,79.01,40.5
268362,26.24,79.01,40.5
399482,26.24,79.01,40.5
336971,26.24,79.01,40.5
302465,26.24,79.01,40.5
335338,26.24,79.01,40.5
280573,26.24,79.01,40.5
319993,26.24,79.01,40.5
227221,26.24,79.01,40.52
223449,26.24,79.01,40.52
212677,26.24,79.01,40.52
254134,26.24,79.01,40.52
356694,26.24,79.01,40.52
376924,26.24,79.01,40.51
453891,26.24,79.01,40.51
461475,26.24,79.01,40.51
464143,26.24,79.01,40.51
461708,26.24,79.01,40.51
443380,26.24,79.01,40.5
27,26.23,79,40.48
7,26.23,79.01,40.48
3,26.23,79.01,40.48
16,26.23,79,40.48
40,26.23,79,40.48
27,26.23,79.01,40.48
59,26.23,79,40.48
376,26.23,79,40.48
1805,26.23,79,40.49
2778,26.23,79,40.49
12726,26.23,79,40.49
14826,26.23,79,40.49
5908,26.23,79,40.49
7586,26.23,79,40.49
63,26.23,79,40.48
76,26.23,79.01,40.48
134,26.23,79,40.48
697,26.23,79,40.48
17,26.23,79.01,40.48
265,26.23,79.01,40.48
1155,26.23,79,40.48
2246,26.23,79,40.48
3362,26.23,79.01,40.48
16442,26.23,79,40.49
9147,26.23,79,40.49
3870,26.23,79,40.49
17780,26.23,79,40.49
37011,26.23,79,40.49
3139,26.23,79,40.48
8099,26.23,79.01,40.48
10517,26.23,79,40.49
7748,26.23,79,40.49
28175,26.23,79.01,40.49
12847,26.23,79,40.49
22020,26.23,79,40.49
5,26.23,79.01,40.48
36346,26.24,79,40.49
57799,26.24,79,40.49
31924,26.24,79,40.49
35374,26.24,79.01,40.49
15843,26.23,79,40.49
22462,26.24,79,40.49
86886,26.24,79.01,40.49
49328,26.24,79.01,40.49
95455,26.24,79.01,40.49
71799,26.24,79.01,40.49
140764,26.24,79.01,40.49
9866,26.24,79.01,40.48
3,26.22,79,40.53
4,26.22,79,40.53
24,26.22,79,40.53
8,26.21,79,40.52
576,26.21,79,40.52
2771,26.21,79,40.52
189,26.21,79,40.52
1880,26.21,79,40.52
4193,26.21,79,40.52
6463,26.21,79,40.52
5567,26.21,79,40.52
8358,26.21,79,40.52
32,26.21,79,40.52
479,26.21,79,40.52
2,26.21,79,40.52
73,26.21,79,40.52
696,26.21,79,40.52
1893,26.21,79,40.52
2236,26.21,79,40.52
4010,26.21,79,40.52
10207,26.21,79,40.52
8002,26.21,79,40.52
11690,26.22,79,40.52
9316,26.22,79,40.52
33929,26.22,79,40.52
34623,26.22,79,40.52
28842,26.22,79,40.52
29808,26.22,79,40.52
2951,26.21,79,40.52
5268,26.21,79,40.52
4098,26.22,79,40.52
6515,26.22,79,40.52
21873,26.22,79,40.52
23873,26.22,79,40.52
15091,26.22,79,40.52
17838,26.22,79,40.52
10,26.21,79,40.52
106,26.21,79,40.52
656,26.21,79,40.52
7,26.21,79,40.52
80,26.21,79,40.52
299,26.21,79,40.52
928,26.22,79,40.52
1396,26.21,79,40.52
2257,26.22,79,40.52
3234,26.22,79,40.52
1535,26.22,79,40.52
11,26.21,79,40.53
34,26.21,79,40.53
163,26.22,79,40.53
2,26.21,79,40.53
14,26.22,79,40.53
433,26.22,79,40.53
1063,26.22,79,40.53
63,26.22,79,40.53
201,26.22,79,40.53
6,26.2,79.01,40.51
17,26.2,79.01,40.51
278,26.2,79.01,40.51
1890,26.21,79.01,40.51
483,26.2,79.01,40.51
2162,26.21,79.01,40.51
33,26.2,79.01,40.51
42,26.2,79.01,40.51
820,26.2,79.01,40.51
2722,26.21,79.01,40.51
692,26.2,79.01,40.51
2483,26.21,79.01,40.51
3,26.2,79,40.51
69,26.2,79.01,40.52
967,26.21,79.01,40.52
162,26.2,79.01,40.51
1587,26.21,79.01,40.51
24,26.2,79.01,40.52
451,26.21,79.01,40.52
4,26.2,79.01,40.52
35,26.21,79,40.52
172,26.21,79.01,40.52
5056,26.21,79,40.51
8692,26.21,79,40.51
5292,26.21,79,40.51
8774,26.21,79,40.51
12034,26.21,79,40.51
15205,26.21,79,40.51
12058,26.21,79,40.51
15260,26.21,79,40.51
4276,26.21,79,40.51
8395,26.21,79,40.51
4690,26.21,79,40.51
8632,26.21,79,40.51
12177,26.21,79,40.51
15347,26.21,79,40.51
11968,26.21,79,40.51
15051,26.21,79,40.51
17170,26.21,79,40.51
17531,26.21,79,40.51
18779,26.22,79,40.51
19220,26.22,79,40.51
48239,26.22,79,40.51
47753,26.22,79,40.51
49247,26.22,79,40.51
48992,26.22,79,40.51
17481,26.21,79,40.51
17406,26.21,79,40.51
19220,26.22,79,40.51
19130,26.22,79,40.51
49290,26.22,79,40.51
49126,26.22,79,40.51
48945,26.22,79,40.51
49048,26.22,79,40.51
3150,26.21,79,40.52
6382,26.21,79,40.52
4184,26.21,79,40.51
7623,26.21,79,40.51
10936,26.21,79,40.51
14035,26.21,79,40.51
9565,26.21,79,40.52
12697,26.21,79,40.52
1747,26.21,79,40.52
4438,26.21,79,40.52
2234,26.21,79,40.52
5404,26.21,79,40.52
7134,26.21,79,40.52
10007,26.21,79,40.52
8451,26.21,79,40.52
11469,26.21,79,40.52
13517,26.21,79,40.52
11983,26.21,79,40.52
15124,26.22,79,40.52
13556,26.22,79,40.52
37798,26.22,79,40.52
38151,26.22,79,40.52
40933,26.22,79,40.52
41185,26.22,79,40.52
14824,26.21,79,40.52
16163,26.21,79,40.51
16467,26.22,79,40.52
17772,26.22,79,40.51
46216,26.22,79,40.51
46016,26.22,79,40.51
43678,26.22,79,40.52
43620,26.22,79,40.52
40,26.2,79.01,40.51
46,26.2,79.01,40.51
863,26.2,79.01,40.51
2821,26.21,79.01,40.51
798,26.2,79.01,40.51
2745,26.21,79.01,40.51
15,26.2,79.01,40.5
27,26.2,79.01,40.51
641,26.2,79.01,40.51
2562,26.21,79.01,40.51
456,26.2,79.01,40.5
2569,26.21,79.01,40.5
12,26.2,79,40.5
6,26.2,79,40.5
276,26.2,79.01,40.5
2478,26.21,79.01,40.5
137,26.2,79.01,40.5
1784,26.21,79.01,40.5
2,26.2,79,40.5
65,26.2,79.01,40.5
954,26.21,79.01,40.5
5,26.21,79,40.5
17,26.2,79.01,40.5
366,26.21,79.01,40.5
5415,26.21,79,40.51
8851,26.21,79,40.51
5372,26.21,79,40.51
8825,26.21,79,40.51
12049,26.21,79,40.51
15208,26.21,79,40.51
12071,26.21,79,40.51
15214,26.21,79,40.51
5288,26.21,79,40.51
8731,26.21,79,40.51
5683,26.21,79,40.5
8848,26.21,79,40.5
11945,26.21,79,40.5
15202,26.21,79,40.5
11945,26.21,79,40.51
15154,26.21,79,40.51
17398,26.21,79,40.51
17405,26.21,79,40.51
19085,26.22,79,40.51
19088,26.22,79,40.51
48598,26.22,79,40.51
48631,26.22,79,40.51
48689,26.22,79,40.51
48641,26.22,79,40.51
17515,26.21,79,40.5
17404,26.21,79,40.51
19239,26.22,79,40.5
19109,26.22,79,40.51
48673,26.22,79,40.51
48540,26.22,79,40.51
49064,26.22,79,40.5
48993,26.22,79,40.5
3422,26.21,79,40.5
7108,26.21,79,40.5
2495,26.21,79,40.5
6006,26.21,79,40.5
10697,26.21,79,40.5
14288,26.21,79,40.5
9465,26.21,79,40.5
13061,26.21,79,40.5
5501,26.21,79,40.5
8899,26.21,79,40.5
5032,26.21,79,40.5
8584,26.21,79,40.5
12146,26.21,79,40.5
15417,26.21,79,40.5
11939,26.21,79,40.5
15305,26.21,79,40.5
17673,26.21,79,40.5
17749,26.21,79,40.5
19458,26.22,79,40.5
19469,26.22,79,40.5
49697,26.22,79,40.5
49379,26.22,79,40.5
49741,26.22,79,40.5
49659,26.22,79,40.5
16812,26.21,79,40.5
15649,26.21,79,40.5
18764,26.22,79,40.5
17707,26.22,79,40.5
48538,26.22,79,40.5
48738,26.22,79,40.5
46594,26.22,79,40.5
47333,26.22,79,40.5
3,26.21,79,40.5
30,26.21,79,40.5
94,26.21,79,40.5
1326,26.21,79,40.5
5044,26.21,79,40.5
537,26.21,79,40.5
3329,26.21,79,40.5
8345,26.21,79,40.5
11822,26.21,79,40.5
6700,26.21,79,40.5
10089,26.21,79,40.5
7,26.21,79,40.5
140,26.21,79,40.5
1452,26.21,79,40.5
24,26.21,79,40.49
395,26.21,79,40.49
2442,26.21,79,40.49
5310,26.21,79,40.49
4315,26.21,79,40.5
7660,26.21,79,40.5
14348,26.21,79,40.5
12606,26.21,79,40.5
16424,26.22,79,40.5
14757,26.22,79,40.5
44296,26.22,79,40.5
45208,26.22,79,40.5
41175,26.22,79,40.5
42617,26.22,79,40.5
10149,26.21,79,40.5
7576,26.21,79,40.49
12420,26.22,79,40.5
9795,26.22,79,40.49
36224,26.22,79,40.5
38466,26.22,79,40.5
30391,26.22,79,40.49
33562,26.22,79,40.49
5,26.21,79,40.49
79,26.21,79,40.49
15,26.21,79,40.49
756,26.21,79,40.49
2931,26.21,79,40.49
141,26.21,79,40.49
874,26.21,79,40.49
2,26.21,79,40.49
25,26.21,79,40.49
4,26.21,79,40.49
2096,26.21,79,40.49
4912,26.21,79,40.49
4106,26.22,79,40.49
7015,26.22,79,40.49
15480,26.22,79,40.49
20584,26.22,79,40.49
23485,26.22,79,40.49
27505,26.22,79,40.49
137,26.21,79,40.49
28,26.21,79,40.49
611,26.21,79,40.49
1565,26.22,79,40.49
110,26.21,79,40.49
412,26.22,79,40.49
3263,26.22,79,40.49
5374,26.22,79,40.49
1107,26.22,79,40.49
2385,26.22,79,40.49
5,26.21,79,40.49
12,26.21,79,40.49
71,26.22,79,40.49
9,26.22,79,40.49
256,26.22,79,40.49
696,26.22,79,40.49
41,26.22,79,40.49
138,26.22,79,40.49
6,26.22,79,40.48
7,26.22,79,40.49
26,26.22,79,40.49
2,26.22,79,40.48
2,26.22,79,40.48
6,26.22,79,40.48
2,26.22,79,40.48
5,26.22,79,40.48
5,26.22,79,40.48
15,26.22,79,40.48
16,26.23,79,40.48
40,26.23,79,40.48
1473,26.22,79,40.49
2872,26.22,79,40.49
354,26.22,79,40.49
1015,26.22,79,40.49
3877,26.23,79,40.49
5121,26.23,79,40.49
1602,26.23,79,40.49
2362,26.23,79,40.49
73,26.22,79,40.49
235,26.22,79,40.49
18,26.22,79,40.48
54,26.22,79,40.48
495,26.23,79,40.49
880,26.23,79,40.49
133,26.23,79,40.48
276,26.23,79,40.48
2,26.22,79,40.53
2,26.22,79,40.53
6,26.22,79,40.53
68,26.22,79,40.53
143,26.22,79,40.53
11,26.22,79,40.53
28,26.22,79,40.53
4,26.23,79,40.53
13,26.23,79,40.53
51,26.23,79,40.53
204,26.23,79,40.53
7,26.23,79,40.53
23,26.23,79,40.53
5,26.23,79,40.53
17,26.23,79,40.53
77,26.23,79,40.53
262,26.23,79,40.53
76,26.23,79,40.53
384,26.23,79,40.53
2,26.23,79,40.53
9,26.23,79,40.53
7,26.23,79,40.53
27,26.23,79,40.53
20,26.23,79,40.53
103,26.23,79,40.53
458,26.23,79,40.53
100,26.23,79,40.53
798,26.23,79,40.53
790,26.23,79,40.53
10,26.23,79,40.53
7,26.23,79.01,40.53
129,26.23,79.01,40.53
4,26.23,79.01,40.53
23,26.23,79.01,40.53
122,26.23,79,40.53
781,26.23,79,40.53
161,26.23,79,40.53
90,26.24,79.01,40.53
57,26.24,79.01,40.53
11,26.23,79.01,40.53
79,26.24,79.01,40.53
749,26.24,79,40.53
838,26.24,79,40.53
132,26.24,79.01,40.53
4949,26.24,79,40.53
647,26.24,79.01,40.53
3675,26.24,79,40.53
3471,26.24,79.01,40.53
44959,26.22,79,40.51
45428,26.22,79,40.51
42896,26.22,79,40.52
43400,26.22,79,40.52
40659,26.22,79,40.52
41363,26.22,79,40.52
37970,26.22,79,40.52
38689,26.22,79,40.52
48116,26.22,79,40.51
48581,26.22,79,40.51
48218,26.22,79,40.51
48827,26.22,79,40.51
46565,26.22,79,40.51
46891,26.22,79,40.51
47801,26.22,79,40.51
48200,26.22,79,40.51
4396,26.22,79,40.52
2522,26.22,79,40.52
14894,26.22,79,40.52
17198,26.22,79,40.52
9655,26.22,79,40.52
11879,26.22,79,40.52
1537,26.22,79,40.53
2034,26.22,79,40.53
367,26.22,79,40.53
589,26.22,79,40.53
30442,26.22,79,40.52
31652,26.22,79,40.52
34650,26.22,79,40.52
35651,26.22,79,40.52
20009,26.22,79,40.52
22159,26.22,79,40.52
25198,26.22,79,40.52
27045,26.22,79,40.52
47656,26.22,79,40.51
48250,26.22,79,40.51
48051,26.22,79,40.5
48638,26.22,79,40.5
47800,26.22,79,40.51
48455,26.22,79,40.51
47826,26.22,79,40.51
48454,26.22,79,40.51
48033,26.22,79,40.5
48761,26.22,79,40.5
47124,26.22,79,40.5
48085,26.22,79,40.5
48346,26.22,79,40.5
48853,26.22,79,40.5
48675,26.22,79,40.5
49246,26.22,79,40.5
45273,26.22,79,40.5
46487,26.22,79,40.5
43248,26.22,79,40.5
44717,26.22,79,40.5
35866,26.22,79,40.49
38320,26.22,79,40.49
39745,26.22,79,40.5
41722,26.22,79,40.5
30490,26.22,79,40.49
33640,26.22,79,40.49
24722,26.22,79,40.49
28519,26.22,79,40.49
7543,26.22,79,40.49
9535,26.22,79,40.49
4052,26.22,79,40.49
6066,26.22,79,40.49
40679,26.22,79,40.52
38261,26.22,79,40.52
44483,26.22,79,40.51
42667,26.22,79,40.52
44065,26.23,79,40.51
42238,26.23,79,40.52
88917,26.23,79,40.51
83415,26.23,79,40.51
86185,26.23,79,40.52
80906,26.23,79,40.52
40394,26.23,79,40.52
37970,26.23,79,40.52
83130,26.23,79,40.52
78050,26.23,79,40.52
79504,26.23,79,40.52
74735,26.23,79,40.52
45900,26.22,79,40.51
47113,26.22,79,40.51
47610,26.22,79,40.51
47934,26.22,79,40.51
46616,26.23,79,40.51
45372,26.23,79,40.51
91143,26.23,79,40.51
85528,26.23,79,40.51
92971,26.23,79,40.51
87246,26.23,79,40.51
47129,26.23,79,40.51
47558,26.23,79,40.51
94070,26.23,79,40.51
88370,26.23,79,40.51
94640,26.23,79,40.51
89018,26.23,79,40.51
85008,26.23,79,40.51
84279,26.23,79,40.51
81465,26.23,79,40.51
83154,26.23,79,40.51
77707,26.23,79,40.51
79305,26.23,79,40.51
144345,26.23,79.01,40.51
134906,26.23,79.01,40.51
146561,26.23,79.01,40.51
137084,26.23,79.01,40.51
81230,26.23,79,40.51
80458,26.23,79,40.51
148274,26.23,79.01,40.51
138791,26.23,79.01,40.51
149417,26.23,79.01,40.51
139997,26.23,79.01,40.51
77068,26.23,79,40.52
79474,26.23,79,40.51
71199,26.23,79,40.52
74395,26.23,79,40.52
68005,26.23,79,40.52
71007,26.23,79,40.52
130946,26.23,79.01,40.52
121907,26.23,79.01,40.52
135126,26.23,79.01,40.52
125970,26.23,79.01,40.52
116771,26.24,79,40.52
108200,26.24,79,40.52
112900,26.24,79,40.52
104571,26.24,79,40.52
73567,26.23,79,40.52
75801,26.23,79,40.51
138662,26.23,79.01,40.52
129385,26.23,79.01,40.52
141706,26.23,79.01,40.51
132350,26.23,79.01,40.51
122949,26.24,79,40.51
120093,26.24,79,40.52
111333,26.24,79,40.52
12968,26.22,79,40.52
18369,26.22,79,40.52
2256,26.23,79,40.53
720,26.23,79,40.53
828,26.23,79,40.53
1359,26.23,79,40.53
19100,26.23,79,40.52
13338,26.23,79,40.52
2396,26.23,79,40.53
48200,26.23,79,40.52
45371,26.23,79,40.52
5815,26.23,79,40.53
35953,26.23,79,40.52
33756,26.23,79,40.52
31882,26.22,79,40.52
35365,26.22,79,40.52
23319,26.22,79,40.52
27703,26.22,79,40.52
35310,26.23,79,40.52
31928,26.23,79,40.52
75331,26.23,79,40.52
70825,26.23,79,40.52
70242,26.23,79,40.52
66161,26.23,79,40.52
23893,26.23,79,40.52
28160,26.23,79,40.52
57024,26.23,79,40.52
53919,26.23,79,40.52
64189,26.23,79,40.52
60552,26.23,79,40.52
43132,26.23,79,40.52
41049,26.23,79,40.52
31890,26.23,79,40.52
29466,26.23,79,40.52
5623,26.23,79,40.53
1447,26.23,79,40.53
3504,26.23,79,40.53
3934,26.23,79,40.53
15702,26.23,79,40.53
13723,26.23,79,40.53
3739,26.23,79,40.53
3294,26.24,79,40.53
10757,26.23,79,40.53
9003,26.24,79,40.53
2880,26.24,79,40.53
7785,26.24,79,40.53
25394,26.23,79,40.52
20903,26.24,79,40.52
17563,26.24,79,40.52
63013,26.23,79,40.52
67500,26.23,79,40.52
51321,26.23,79,40.52
57728,26.23,79,40.52
55174,26.23,79,40.52
49104,26.23,79,40.52
112636,26.23,79.01,40.52
104619,26.23,79.01,40.52
95044,26.24,79,40.52
82463,26.24,79,40.52
38283,26.23,79,40.52
103899,26.23,79.01,40.52
33359,26.24,79,40.52
94993,26.23,79.01,40.52
28408,26.24,79,40.52
82556,26.24,79,40.52
69254,26.24,79,40.52
60220,26.23,79,40.52
64441,26.23,79,40.52
119830,26.23,79.01,40.52
111389,26.23,79.01,40.52
125896,26.23,79.01,40.52
117094,26.23,79.01,40.52
108393,26.24,79,40.52
99865,26.24,79,40.52
103008,26.24,79,40.52
92591,26.24,79,40.52
58108,26.24,79,40.52
71026,26.24,79,40.52
80936,26.24,79,40.52
88955,26.24,79,40.52
6775,26.24,79,40.53
9984,26.24,79,40.53
14661,26.24,79,40.52
24880,26.24,79,40.52
24079,26.24,79,40.52
42479,26.24,79,40.52
12709,26.24,79,40.53
14209,26.24,79.01,40.53
45518,26.24,79.01,40.52
43642,26.24,79.01,40.52
29429,26.24,79.01,40.52
90204,26.24,79.01,40.52
56680,26.24,79.01,40.52
87122,26.24,79.01,40.52
94850,26.24,79.01,40.52
132251,26.24,79.01,40.52
85594,26.24,79.01,40.52
132031,26.24,79.01,40.52
115026,26.24,79.01,40.52
69888,26.24,79,40.52
77751,26.24,79,40.52
104992,26.24,79.01,40.52
124178,26.24,79.01,40.52
119918,26.24,79.01,40.52
142368,26.24,79.01,40.52
125443,26.24,79,40.51
127550,26.24,79,40.51
129252,26.24,79,40.51
130482,26.24,79,40.51
221986,26.24,79.01,40.51
223637,26.24,79.01,40.51
381880,26.24,79.01,40.51
366820,26.24,79.01,40.51
323063,26.24,79.01,40.51
383691,26.24,79.01,40.51
368617,26.24,79.01,40.51
325233,26.24,79.01,40.51
114125,26.24,79,40.51
217041,26.24,79.01,40.51
219758,26.24,79.01,40.51
197362,26.24,79.01,40.51
376693,26.24,79.01,40.51
179754,26.24,79.01,40.51
361266,26.24,79.01,40.51
318385,26.24,79.01,40.51
379511,26.24,79.01,40.51
364521,26.24,79.01,40.51
320767,26.24,79.01,40.51
103508,26.24,79,40.52
94917,26.24,79,40.52
99909,26.24,79,40.52
94095,26.24,79,40.52
152610,26.24,79.01,40.52
159260,26.24,79.01,40.51
228863,26.24,79.01,40.52
273356,26.24,79.01,40.51
247172,26.24,79.01,40.51
84441,26.24,79,40.52
90095,26.24,79,40.52
138124,26.24,79.01,40.52
145560,26.24,79.01,40.52
230097,26.24,79.01,40.52
170529,26.24,79.01,40.52
249181,26.25,79.01,40.52
197215,26.24,79.01,40.52
328080,26.24,79.01,40.51
277650,26.24,79.01,40.51
339262,26.24,79.01,40.51
284034,26.24,79.01,40.51
292687,26.24,79.01,40.51
311351,26.25,79.01,40.51
256148,26.24,79.01,40.51
311123,26.24,79.01,40.51
322793,26.25,79.01,40.51
268029,26.24,79.01,40.51
47797,26.22,79,40.5
47503,26.22,79,40.51
47687,26.22,79,40.51
47683,26.22,79,40.51
47367,26.23,79,40.51
47428,26.23,79,40.51
94619,26.23,79,40.51
89139,26.23,79,40.51
94541,26.23,79,40.51
89142,26.23,79,40.51
47226,26.23,79,40.51
47505,26.23,79,40.5
94704,26.23,79,40.5
89278,26.23,79,40.5
94444,26.23,79,40.51
89081,26.23,79,40.51
48042,26.22,79,40.5
47610,26.22,79,40.5
47982,26.22,79,40.5
48346,26.22,79,40.5
47617,26.23,79,40.5
48007,26.23,79,40.5
95550,26.23,79,40.5
90003,26.23,79,40.5
95083,26.23,79,40.5
89588,26.23,79,40.5
47802,26.23,79,40.5
47526,26.23,79,40.5
95592,26.23,79,40.5
90139,26.23,79,40.5
95237,26.23,79,40.5
89960,26.23,79,40.5
85676,26.23,79,40.5
86066,26.23,79,40.5
86236,26.23,79,40.5
86169,26.23,79,40.5
82556,26.23,79,40.5
82561,26.23,79,40.5
151505,26.23,79.01,40.5
142289,26.23,79.01,40.5
151448,26.23,79.01,40.5
142186,26.23,79.01,40.5
132798,26.24,79,40.5
123870,26.24,79,40.5
132931,26.24,79,40.5
124076,26.24,79,40.5
82034,26.23,79,40.5
82361,26.23,79,40.5
150710,26.23,79.01,40.5
141508,26.23,79.01,40.5
151111,26.23,79.01,40.5
141866,26.23,79.01,40.5
132208,26.24,79,40.5
132506,26.24,79,40.5
123659,26.24,79,40.5
85432,26.23,79,40.5
85259,26.23,79,40.51
85302,26.23,79,40.51
85220,26.23,79,40.51
81699,26.23,79,40.51
81554,26.23,79,40.51
150018,26.23,79.01,40.51
140691,26.23,79.01,40.51
150243,26.23,79.01,40.51
141015,26.23,79.01,40.51
81832,26.23,79,40.5
81700,26.23,79,40.51
150311,26.23,79.01,40.51
141140,26.23,79.01,40.51
150427,26.23,79.01,40.5
141267,26.23,79.01,40.5
46290,26.22,79,40.5
44884,26.22,79,40.5
42294,26.22,79,40.5
39521,26.22,79,40.49
46420,26.23,79,40.5
45181,26.23,79,40.5
94145,26.23,79,40.5
89121,26.23,79,40.5
92453,26.23,79,40.5
87767,26.23,79,40.5
42954,26.23,79,40.5
40472,26.23,79,40.49
89690,26.23,79,40.5
85482,26.23,79,40.5
86016,26.23,79,40.49
82480,26.23,79,40.49
35331,26.22,79,40.49
31019,26.22,79,40.49
11286,26.23,79,40.49
7735,26.23,79,40.49
36840,26.23,79,40.49
32962,26.23,79,40.49
81081,26.23,79,40.49
78269,26.23,79,40.49
75029,26.23,79,40.49
73247,26.23,79,40.49
12770,26.23,79,40.49
9285,26.23,79,40.49
29726,26.23,79,40.49
30844,26.23,79,40.49
22658,26.23,79,40.49
24012,26.23,79,40.49
76341,26.23,79,40.49
74360,26.23,79,40.49
71913,26.23,79,40.49
70427,26.23,79,40.49
31393,26.23,79,40.49
24828,26.23,79,40.49
31527,26.23,79,40.49
25508,26.23,79,40.49
59897,26.23,79,40.49
50151,26.23,79,40.49
56475,26.24,79,40.49
47878,26.24,79,40.49
83762,26.24,79,40.49
100784,26.24,79,40.49
67741,26.23,79,40.49
63335,26.24,79,40.49
109972,26.24,79,40.49
99508,26.24,79,40.49
118994,26.24,79,40.49
107399,26.24,79,40.49
85528,26.23,79,40.5
84405,26.23,79,40.5
82505,26.23,79,40.5
79930,26.23,79,40.49
79609,26.23,79,40.5
77480,26.23,79,40.49
148538,26.23,79.01,40.5
139914,26.23,79.01,40.5
72233,26.23,79,40.49
146111,26.23,79.01,40.49
68518,26.24,79,40.49
137800,26.23,79.01,40.49
130856,26.24,79,40.5
118784,26.24,79,40.5
126676,26.24,79,40.49
113403,26.24,79,40.49
82083,26.23,79,40.5
81192,26.23,79,40.5
150179,26.23,79.01,40.5
141257,26.23,79.01,40.5
151121,26.23,79.01,40.5
142018,26.23,79.01,40.5
132768,26.24,79,40.5
123893,26.24,79,40.5
132166,26.24,79,40.5
122159,26.24,79,40.5
131262,26.24,79,40.51
131666,26.24,79,40.51
131859,26.24,79,40.51
131993,26.24,79,40.5
224746,26.24,79.01,40.51
225366,26.24,79.01,40.51
384951,26.24,79.01,40.51
369913,26.24,79.01,40.51
326776,26.24,79.01,40.51
385717,26.24,79.01,40.51
370704,26.24,79.01,40.51
327157,26.24,79.01,40.51
225710,26.24,79.01,40.51
123426,26.24,79,40.5
225929,26.24,79.01,40.5
209401,26.24,79.01,40.5
386526,26.24,79.01,40.5
206925,26.24,79.01,40.5
371424,26.24,79.01,40.5
327998,26.24,79.01,40.5
386185,26.24,79.01,40.51
371167,26.24,79.01,40.51
327154,26.24,79.01,40.51
115531,26.24,79,40.5
114691,26.24,79,40.5
115456,26.24,79,40.5
341707,26.24,79.01,40.51
286019,26.24,79.01,40.51
335967,26.24,79.01,40.51
284240,26.24,79.01,40.51
326674,26.24,79.01,40.51
334112,26.25,79.01,40.51
311573,26.24,79.01,40.5
280326,26.24,79.01,40.51
272173,26.24,79.01,40.5
108220,26.24,79,40.5
169783,26.24,79.01,40.5
173563,26.24,79.01,40.5
104167,26.24,79,40.5
106270,26.24,79,40.5
165280,26.24,79.01,40.5
165972,26.24,79.01,40.5
303772,26.25,79.01,40.5
246090,26.24,79.01,40.5
287268,26.24,79.01,40.5
263660,26.24,79.01,40.5
206069,26.24,79.01,40.5
291358,26.24,79.01,40.5
225999,26.24,79.01,40.5
102253,26.24,79,40.49
106603,26.24,79,40.5
110596,26.24,79,40.5
113323,26.24,79,40.5
83643,26.24,79.01,40.49
157847,26.24,79.01,40.49
68651,26.24,79,40.49
86261,26.24,79,40.49
196378,26.24,79.01,40.49
110460,26.24,79.01,40.49
89214,26.24,79,40.49
99018,26.24,79,40.49
190052,26.24,79.01,40.49
183382,26.24,79.01,40.49
193448,26.24,79.01,40.49
105071,26.24,79.01,40.49
131487,26.24,79.01,40.49
212121,26.24,79.01,40.49
172458,26.24,79.01,40.49
236973,26.24,79.01,40.49
152768,26.24,79.01,40.49
201327,26.24,79.01,40.5
171082,26.24,79.01,40.5
99975,26.24,79,40.5
102078,26.24,79,40.5
149458,26.24,79.01,40.5
160190,26.24,79.01,40.5
165699,26.24,79.01,40.5
182824,26.24,79.01,40.5
215896,26.25,79.01,40.52
318288,26.25,79.01,40.5
269131,26.25,79.01,40.5
265156,26.24,79.01,40.5
266670,26.24,79.01,40.5
230361,26.24,79.01,40.5
250141,26.24,79.01,40.5
175319,26.24,79.01,40.52
167324,26.24,79.01,40.52
193579,26.24,79.01,40.52
275307,26.25,79.01,40.52
295290,26.25,79.01,40.51
332010,26.25,79.01,40.51
339266,26.25,79.01,40.51
341301,26.25,79.01,40.51
337598,26.25,79.01,40.51
330767,26.25,79.01,40.5
10,26.23,79,40.48
3,26.23,79.01,40.48
39,26.23,79,40.48
8,26.23,79.01,40.48
33,26.23,79,40.48
90,26.23,79,40.48
93,26.23,79,40.48
492,26.23,79,40.48
1377,26.23,79,40.49
1954,26.23,79,40.49
6390,26.23,79,40.49
7628,26.23,79,40.49
3236,26.23,79,40.49
4170,26.23,79,40.49
112,26.23,79.01,40.48
75,26.23,79,40.48
274,26.23,79,40.48
1152,26.23,79,40.48
781,26.23,79,40.48
186,26.23,79,40.48
1760,26.23,79,40.48
856,26.23,79.01,40.48
8738,26.23,79,40.49
5156,26.23,79,40.49
1236,26.23,79,40.48
2633,26.23,79,40.49
9692,26.23,79,40.49
18838,26.23,79,40.49
1775,26.23,79,40.48
6719,26.23,79.01,40.48
2703,26.23,79,40.48
6098,26.23,79,40.49
4947,26.23,79,40.49
11542,26.23,79,40.49
9358,26.23,79,40.49
45,26.23,79,40.48
18,26.23,79.01,40.48
19423,26.24,79,40.49
33293,26.24,79,40.49
9047,26.24,79.01,40.48
21031,26.24,79,40.49
14893,26.24,79,40.49
12113,26.24,79,40.49
10201,26.24,79,40.49
41204,26.24,79.01,40.49
15902,26.24,79.01,40.48
125020,26.24,79.01,40.49
84423,26.24,79.01,40.49
30103,26.24,79,40.49
129495,26.24,79.01,40.49
46895,26.24,79,40.49
89163,26.24,79.01,40.49
2654,26.24,79.01,40.48
3412,26.24,79,40.48
2,26.22,79,40.53
5,26.22,79,40.53
3,26.22,79,40.53
10,26.22,79,40.53
15,26.22,79,40.53
40,26.22,79,40.53
20,26.21,79,40.52
376,26.21,79,40.52
1213,26.21,79,40.52
156,26.21,79,40.52
809,26.21,79,40.52
1618,26.21,79,40.52
2364,26.21,79,40.52
2229,26.21,79,40.52
3168,26.21,79,40.52
5,26.21,79,40.52
34,26.21,79,40.52
311,26.21,79,40.52
4,26.21,79,40.52
72,26.21,79,40.52
382,26.21,79,40.52
825,26.21,79,40.52
974,26.21,79,40.52
1528,26.21,79,40.52
4017,26.22,79,40.52
3084,26.22,79,40.52
4907,26.22,79,40.52
3825,26.22,79,40.52
12840,26.22,79,40.52
13728,26.22,79,40.52
10377,26.22,79,40.52
11398,26.22,79,40.52
1296,26.22,79,40.52
2110,26.22,79,40.52
1824,26.22,79,40.52
2778,26.22,79,40.52
7683,26.22,79,40.52
8745,26.22,79,40.52
5271,26.22,79,40.52
6436,26.22,79,40.52
2,26.21,79,40.52
21,26.21,79,40.52
4,26.21,79,40.52
92,26.21,79,40.52
319,26.21,79,40.52
14,26.21,79,40.52
69,26.21,79,40.52
5,26.21,79,40.53
215,26.22,79,40.52
476,26.22,79,40.52
665,26.22,79,40.52
1047,26.22,79,40.52
1529,26.22,79,40.52
794,26.22,79,40.52
19,26.21,79,40.53
4,26.21,79,40.53
45,26.22,79,40.53
128,26.22,79,40.53
8,26.22,79,40.53
27,26.22,79,40.53
295,26.22,79,40.53
552,26.22,79,40.53
73,26.22,79,40.53
165,26.22,79,40.53
6,26.2,79,40.51
15,26.2,79,40.51
157,26.21,79,40.51
780,26.21,79,40.51
245,26.21,79,40.51
895,26.21,79,40.51
26,26.2,79,40.51
34,26.2,79,40.51
397,26.21,79,40.51
1116,26.21,79,40.51
337,26.21,79,40.51
1027,26.21,79,40.51
3,26.2,79,40.52
6,26.2,79,40.51
51,26.21,79,40.52
487,26.21,79,40.52
103,26.21,79,40.51
705,26.21,79,40.51
21,26.21,79,40.52
274,26.21,79,40.52
4,26.21,79,40.52
6,26.21,79,40.52
55,26.21,79,40.52
129,26.21,79,40.52
3,26.21,79,40.52
1984,26.21,79,40.51
3336,26.21,79,40.51
2085,26.21,79,40.51
3372,26.21,79,40.51
4757,26.21,79,40.51
6103,26.21,79,40.51
4764,26.21,79,40.51
6105,26.21,79,40.51
1573,26.21,79,40.51
3067,26.21,79,40.51
1795,26.21,79,40.51
3261,26.21,79,40.51
4764,26.21,79,40.51
6089,26.21,79,40.51
4586,26.21,79,40.51
5884,26.21,79,40.51
7009,26.22,79,40.51
7235,26.22,79,40.51
8152,26.22,79,40.51
8453,26.22,79,40.51
19743,26.22,79,40.51
20424,26.22,79,40.51
20439,26.22,79,40.51
21162,26.22,79,40.51
7274,26.22,79,40.51
7283,26.22,79,40.51
8466,26.22,79,40.51
8518,26.22,79,40.51
20298,26.22,79,40.51
21104,26.22,79,40.51
20424,26.22,79,40.51
21294,26.22,79,40.51
1300,26.21,79,40.52
2457,26.21,79,40.52
1523,26.21,79,40.51
2789,26.21,79,40.51
4177,26.21,79,40.51
5471,26.21,79,40.51
3730,26.21,79,40.52
4957,26.21,79,40.52
780,26.21,79,40.52
1659,26.21,79,40.52
1044,26.21,79,40.52
2105,26.21,79,40.52
2737,26.21,79,40.52
3812,26.21,79,40.52
3276,26.21,79,40.52
4431,26.21,79,40.52
5459,26.22,79,40.52
4786,26.22,79,40.52
6529,26.22,79,40.52
5744,26.22,79,40.52
14625,26.22,79,40.52
15517,26.22,79,40.52
16312,26.22,79,40.52
17129,26.22,79,40.52
6041,26.22,79,40.52
6586,26.22,79,40.51
7120,26.22,79,40.52
7746,26.22,79,40.51
18923,26.22,79,40.51
19633,26.22,79,40.51
17513,26.22,79,40.52
18327,26.22,79,40.52
34,26.2,79,40.51
37,26.2,79,40.51
419,26.21,79,40.51
1156,26.21,79,40.51
397,26.21,79,40.51
1148,26.21,79,40.51
19,26.2,79,40.5
27,26.2,79,40.51
336,26.21,79,40.51
1114,26.21,79,40.51
267,26.21,79,40.5
1147,26.21,79,40.5
2,26.2,79,40.5
20,26.2,79,40.5
12,26.2,79,40.5
190,26.21,79,40.5
1081,26.21,79,40.5
109,26.21,79,40.5
863,26.21,79,40.5
5,26.2,79,40.5
2,26.2,79,40.5
54,26.21,79,40.5
530,26.21,79,40.5
11,26.21,79,40.5
19,26.21,79,40.5
254,26.21,79,40.5
2129,26.21,79,40.51
3387,26.21,79,40.51
2132,26.21,79,40.51
3383,26.21,79,40.51
4741,26.21,79,40.51
6092,26.21,79,40.51
4749,26.21,79,40.51
6092,26.21,79,40.51
2123,26.21,79,40.51
3353,26.21,79,40.51
2245,26.21,79,40.5
3378,26.21,79,40.5
4655,26.21,79,40.5
6052,26.21,79,40.5
4686,26.21,79,40.51
6055,26.21,79,40.51
7268,26.22,79,40.51
7279,26.22,79,40.51
8454,26.22,79,40.51
8504,26.22,79,40.51
20329,26.22,79,40.51
21179,26.22,79,40.51
20137,26.22,79,40.51
20986,26.22,79,40.51
7292,26.22,79,40.5
7261,26.22,79,40.51
8538,26.22,79,40.5
8455,26.22,79,40.51
20146,26.22,79,40.51
20974,26.22,79,40.51
20479,26.22,79,40.5
21307,26.22,79,40.5
1548,26.21,79,40.5
2855,26.21,79,40.5
1185,26.21,79,40.5
2377,26.21,79,40.5
4275,26.21,79,40.5
5719,26.21,79,40.5
3794,26.21,79,40.5
5234,26.21,79,40.5
2104,26.21,79,40.5
3302,26.21,79,40.5
1953,26.21,79,40.5
3218,26.21,79,40.5
4643,26.21,79,40.5
6065,26.21,79,40.5
4608,26.21,79,40.5
6032,26.21,79,40.5
7293,26.22,79,40.5
7319,26.22,79,40.5
8569,26.22,79,40.5
8534,26.22,79,40.5
20486,26.22,79,40.5
21266,26.22,79,40.5
20745,26.22,79,40.5
21556,26.22,79,40.5
6994,26.22,79,40.5
6540,26.22,79,40.5
8266,26.22,79,40.5
7868,26.22,79,40.5
20005,26.22,79,40.5
20937,26.22,79,40.5
19319,26.22,79,40.5
20462,26.22,79,40.5
2,26.21,79,40.5
10,26.21,79,40.5
4,26.21,79,40.5
53,26.21,79,40.5
121,26.21,79,40.5
777,26.21,79,40.5
2000,26.21,79,40.5
378,26.21,79,40.5
1479,26.21,79,40.5
3330,26.21,79,40.5
4689,26.21,79,40.5
2724,26.21,79,40.5
3992,26.21,79,40.5
17,26.21,79,40.5
4,26.21,79,40.49
126,26.21,79,40.5
801,26.21,79,40.5
30,26.21,79,40.49
301,26.21,79,40.49
1203,26.21,79,40.49
2229,26.21,79,40.49
1956,26.21,79,40.5
3146,26.21,79,40.5
5939,26.22,79,40.5
5211,26.22,79,40.5
7216,26.22,79,40.5
6486,26.22,79,40.5
17872,26.22,79,40.5
19070,26.22,79,40.5
16538,26.22,79,40.5
17969,26.22,79,40.5
4285,26.22,79,40.5
3281,26.22,79,40.49
5500,26.22,79,40.5
4430,26.22,79,40.49
14170,26.22,79,40.5
15737,26.22,79,40.5
11883,26.22,79,40.49
13777,26.22,79,40.49
4,26.21,79,40.49
15,26.21,79,40.49
3,26.21,79,40.49
107,26.21,79,40.49
31,26.21,79,40.49
493,26.21,79,40.49
1334,26.21,79,40.49
132,26.21,79,40.49
519,26.21,79,40.49
8,26.21,79,40.49
2,26.21,79,40.49
45,26.21,79,40.49
12,26.21,79,40.49
1192,26.22,79,40.49
2236,26.22,79,40.49
2121,26.22,79,40.49
3265,26.22,79,40.49
6207,26.22,79,40.49
8275,26.22,79,40.49
8900,26.22,79,40.49
10710,26.22,79,40.49
155,26.21,79,40.49
49,26.21,79,40.49
429,26.22,79,40.49
984,26.22,79,40.49
116,26.22,79,40.49
335,26.22,79,40.49
1879,26.22,79,40.49
2856,26.22,79,40.49
768,26.22,79,40.49
1464,26.22,79,40.49
3,26.21,79,40.49
14,26.21,79,40.49
4,26.21,79,40.49
26,26.22,79,40.49
94,26.22,79,40.49
6,26.22,79,40.49
24,26.22,79,40.49
249,26.22,79,40.49
556,26.22,79,40.49
74,26.22,79,40.49
182,26.22,79,40.49
2,26.22,79,40.48
7,26.22,79,40.49
7,26.22,79,40.48
19,26.22,79,40.48
22,26.22,79,40.49
57,26.22,79,40.49
2,26.22,79,40.48
2,26.22,79,40.48
7,26.22,79,40.48
5,26.22,79,40.48
7,26.22,79,40.48
15,26.22,79,40.48
17,26.22,79,40.48
37,26.22,79,40.48
32,26.23,79,40.48
75,26.23,79,40.48
1045,26.22,79,40.49
1698,26.22,79,40.49
389,26.22,79,40.49
764,26.22,79,40.49
2377,26.23,79,40.49
3131,26.23,79,40.49
1185,26.23,79,40.49
1692,26.23,79,40.49
129,26.22,79,40.49
284,26.22,79,40.49
45,26.22,79,40.48
100,26.22,79,40.48
503,26.23,79,40.49
803,26.23,79,40.49
196,26.23,79,40.48
342,26.23,79,40.48
2,26.22,79,40.48
2,26.22,79,40.53
4,26.22,79,40.53
6,26.22,79,40.53
13,26.22,79,40.53
81,26.22,79,40.53
137,26.22,79,40.53
22,26.22,79,40.53
42,26.22,79,40.53
3,26.23,79,40.53
2,26.23,79,40.53
2,26.23,79,40.53
8,26.23,79,40.53
22,26.23,79,40.53
66,26.23,79,40.53
190,26.23,79,40.53
13,26.23,79,40.53
34,26.23,79,40.53
12,26.23,79,40.53
35,26.23,79,40.53
92,26.23,79,40.53
243,26.23,79,40.53
105,26.23,79,40.53
316,26.23,79,40.53
2,26.23,79,40.53
5,26.23,79,40.53
3,26.23,79,40.53
19,26.23,79,40.53
15,26.23,79,40.53
49,26.23,79,40.53
40,26.23,79,40.53
135,26.23,79,40.53
374,26.23,79,40.53
131,26.23,79,40.53
515,26.23,79,40.53
583,26.23,79,40.53
12,26.23,79,40.53
7,26.23,79.01,40.53
40,26.23,79,40.53
154,26.23,79,40.53
168,26.23,79,40.53
29,26.23,79,40.53
3,26.23,79.01,40.53
643,26.23,79,40.53
4,26.24,79.01,40.53
221,26.24,79,40.53
180,26.24,79,40.53
60,26.23,79,40.53
15,26.24,79.01,40.53
273,26.24,79,40.53
257,26.24,79,40.53
696,26.24,79,40.53
770,26.24,79,40.53
319,26.24,79,40.53
82,26.24,79.01,40.53
2832,26.24,79,40.53
474,26.24,79.01,40.53
816,26.24,79,40.53
2436,26.24,79,40.53
807,26.24,79.01,40.53
2437,26.24,79.01,40.53
3865,26.24,79.01,40.53
9921,26.22,79,40.51
9229,26.22,79,40.52
20413,26.22,79,40.51
20865,26.22,79,40.51
19088,26.22,79,40.52
19680,26.22,79,40.52
8532,26.22,79,40.52
7651,26.22,79,40.52
17997,26.22,79,40.52
18564,26.22,79,40.52
16342,26.22,79,40.52
17047,26.22,79,40.52
10782,26.22,79,40.51
10937,26.22,79,40.51
21914,26.22,79,40.51
22483,26.22,79,40.51
22213,26.22,79,40.51
22785,26.22,79,40.51
10360,26.22,79,40.51
10772,26.22,79,40.51
21120,26.22,79,40.51
21603,26.22,79,40.51
21953,26.22,79,40.51
22388,26.22,79,40.51
2104,26.22,79,40.52
1228,26.22,79,40.52
5521,26.22,79,40.52
6407,26.22,79,40.52
3477,26.22,79,40.52
4240,26.22,79,40.52
812,26.22,79,40.53
1007,26.22,79,40.53
280,26.22,79,40.53
402,26.22,79,40.53
5472,26.22,79,40.52
6624,26.22,79,40.52
12357,26.22,79,40.52
13278,26.22,79,40.52
14658,26.22,79,40.52
15361,26.22,79,40.52
3133,26.22,79,40.52
4149,26.22,79,40.52
7663,26.22,79,40.52
8746,26.22,79,40.52
9953,26.22,79,40.52
10972,26.22,79,40.52
10797,26.22,79,40.51
10957,26.22,79,40.5
21821,26.22,79,40.51
22453,26.22,79,40.51
22190,26.22,79,40.5
22757,26.22,79,40.5
10794,26.22,79,40.51
10916,26.22,79,40.51
22090,26.22,79,40.51
22683,26.22,79,40.51
21857,26.22,79,40.51
22508,26.22,79,40.51
10471,26.22,79,40.5
10686,26.22,79,40.5
21908,26.22,79,40.5
22571,26.22,79,40.5
21610,26.22,79,40.5
22353,26.22,79,40.5
11013,26.22,79,40.5
10886,26.22,79,40.5
22083,26.22,79,40.5
22683,26.22,79,40.5
22445,26.22,79,40.5
22987,26.22,79,40.5
9690,26.22,79,40.5
9114,26.22,79,40.5
20323,26.22,79,40.5
21221,26.22,79,40.5
19371,26.22,79,40.5
20400,26.22,79,40.5
7920,26.22,79,40.5
6984,26.22,79,40.49
15587,26.22,79,40.49
17039,26.22,79,40.49
17337,26.22,79,40.5
18544,26.22,79,40.5
5411,26.22,79,40.49
4351,26.22,79,40.49
12751,26.22,79,40.49
14309,26.22,79,40.49
10449,26.22,79,40.49
12222,26.22,79,40.49
3901,26.22,79,40.49
4923,26.22,79,40.49
2325,26.22,79,40.49
3240,26.22,79,40.49
9035,26.22,79,40.52
9928,26.22,79,40.52
19244,26.23,79,40.52
17680,26.23,79,40.52
10644,26.22,79,40.52
11330,26.22,79,40.51
21478,26.23,79,40.51
20259,26.23,79,40.52
21577,26.23,79,40.51
20485,26.23,79,40.52
42458,26.23,79,40.51
41681,26.23,79,40.51
40803,26.23,79,40.52
40020,26.23,79,40.52
19416,26.23,79,40.52
17994,26.23,79,40.52
38972,26.23,79,40.52
38314,26.23,79,40.52
36780,26.23,79,40.52
36122,26.23,79,40.52
11788,26.22,79,40.51
12238,26.22,79,40.51
22135,26.23,79,40.51
22985,26.23,79,40.51
12332,26.22,79,40.51
12532,26.22,79,40.51
23091,26.23,79,40.51
23480,26.23,79,40.51
23053,26.23,79,40.51
22284,26.23,79,40.51
43766,26.23,79,40.51
42903,26.23,79,40.51
44905,26.23,79,40.51
44069,26.23,79,40.51
23272,26.23,79,40.51
23639,26.23,79,40.51
45503,26.23,79,40.51
44669,26.23,79,40.51
45952,26.23,79,40.51
45195,26.23,79,40.51
43462,26.23,79,40.51
42938,26.23,79,40.51
41202,26.23,79,40.51
42276,26.23,79,40.51
40440,26.23,79,40.51
41537,26.23,79,40.51
74308,26.23,79,40.51
70237,26.24,79,40.51
75872,26.23,79,40.51
71724,26.24,79,40.51
42776,26.23,79,40.51
42192,26.23,79,40.51
77012,26.23,79,40.51
72874,26.24,79,40.51
77840,26.23,79,40.51
73713,26.24,79,40.51
38460,26.23,79,40.52
39975,26.23,79,40.51
34761,26.23,79,40.52
36762,26.23,79,40.52
34143,26.23,79,40.52
36161,26.23,79,40.52
64996,26.23,79,40.52
61318,26.24,79,40.52
67917,26.23,79,40.52
64078,26.24,79,40.52
60819,26.24,79,40.52
57051,26.24,79,40.52
58115,26.24,79,40.52
54512,26.24,79,40.52
37762,26.23,79,40.52
39287,26.23,79,40.51
70348,26.23,79,40.52
66444,26.24,79,40.52
72506,26.23,79,40.51
68483,26.24,79,40.51
65117,26.24,79,40.51
63104,26.24,79,40.52
59254,26.24,79,40.52
3170,26.22,79,40.52
2106,26.22,79,40.52
4915,26.23,79,40.52
7304,26.23,79,40.52
1185,26.23,79,40.53
515,26.23,79,40.53
608,26.23,79,40.53
905,26.23,79,40.53
7764,26.23,79,40.52
5259,26.23,79,40.52
1330,26.23,79,40.53
18862,26.23,79,40.52
18804,26.23,79,40.52
2457,26.23,79,40.53
13122,26.23,79,40.52
12927,26.23,79,40.52
7998,26.22,79,40.52
6869,26.22,79,40.52
14054,26.23,79,40.52
16128,26.23,79,40.52
4441,26.22,79,40.52
5592,26.22,79,40.52
9653,26.23,79,40.52
11939,26.23,79,40.52
16423,26.23,79,40.52
14560,26.23,79,40.52
34200,26.23,79,40.52
33731,26.23,79,40.52
31204,26.23,79,40.52
30778,26.23,79,40.52
10306,26.23,79,40.52
12480,26.23,79,40.52
23753,26.23,79,40.52
23554,26.23,79,40.52
27664,26.23,79,40.52
27497,26.23,79,40.52
18017,26.23,79,40.52
17746,26.23,79,40.52
12377,26.23,79,40.52
11750,26.23,79,40.52
2525,26.23,79,40.53
980,26.23,79,40.53
1568,26.23,79,40.53
1766,26.23,79,40.53
5319,26.23,79,40.53
5051,26.23,79,40.53
1833,26.23,79,40.53
1815,26.24,79,40.53
4443,26.23,79,40.53
4107,26.24,79,40.53
1776,26.24,79,40.53
3822,26.24,79,40.53
10461,26.23,79,40.52
9238,26.24,79,40.52
8197,26.24,79,40.52
29725,26.23,79,40.52
32413,26.23,79,40.52
22810,26.23,79,40.52
26510,26.23,79,40.52
26178,26.23,79,40.52
22420,26.23,79,40.52
52783,26.23,79,40.52
49631,26.24,79,40.52
46145,26.24,79,40.52
40891,26.24,79,40.52
16654,26.23,79,40.52
46794,26.23,79,40.52
15348,26.24,79,40.52
43250,26.24,79,40.52
13725,26.24,79,40.52
38585,26.24,79,40.52
33194,26.24,79,40.52
29234,26.23,79,40.52
31931,26.23,79,40.52
57543,26.23,79,40.52
54269,26.24,79,40.52
61607,26.23,79,40.52
58060,26.24,79,40.52
55034,26.24,79,40.52
51284,26.24,79,40.52
51281,26.24,79,40.52
46878,26.24,79,40.52
17097,26.24,79,40.52
21261,26.24,79,40.52
28866,26.24,79,40.52
36312,26.24,79,40.52
42291,26.24,79,40.52
47104,26.24,79,40.52
3638,26.24,79,40.53
5652,26.24,79,40.53
7332,26.24,79,40.52
11994,26.24,79,40.52
12229,26.24,79,40.52
20363,26.24,79,40.52
9635,26.24,79.01,40.53
7020,26.24,79,40.53
13059,26.24,79.01,40.53
20614,26.24,79,40.52
32511,26.24,79.01,40.52
17330,26.24,79,40.52
36433,26.24,79,40.52
31712,26.24,79,40.52
66629,26.24,79.01,40.52
105184,26.24,79.01,40.52
57827,26.24,79,40.52
46409,26.24,79,40.52
81616,26.24,79.01,40.52
59593,26.24,79,40.52
37623,26.24,79,40.52
42178,26.24,79,40.52
59768,26.24,79,40.52
67703,26.24,79,40.52
73970,26.24,79,40.52
89440,26.24,79,40.52
66808,26.24,79,40.51
68284,26.24,79,40.51
69418,26.24,79,40.51
70296,26.24,79,40.51
120326,26.24,79,40.51
121589,26.24,79,40.51
205203,26.24,79.01,40.51
192180,26.24,79.01,40.51
171308,26.24,79.01,40.51
206861,26.24,79.01,40.51
193956,26.24,79.01,40.51
173326,26.24,79.01,40.51
61190,26.24,79,40.51
116566,26.24,79,40.51
118645,26.24,79,40.51
106227,26.24,79,40.51
200415,26.24,79.01,40.51
97538,26.24,79,40.51
185152,26.24,79.01,40.51
164171,26.24,79.01,40.51
203025,26.24,79.01,40.51
189275,26.24,79.01,40.51
168399,26.24,79.01,40.51
56040,26.24,79,40.52
50695,26.24,79,40.52
53675,26.24,79,40.52
51766,26.24,79,40.52
83557,26.24,79,40.52
87109,26.24,79,40.51
153786,26.25,79.01,40.52
133977,26.24,79.01,40.52
171393,26.25,79.01,40.51
140267,26.24,79.01,40.51
45976,26.24,79,40.52
49217,26.24,79,40.52
74389,26.24,79,40.52
79563,26.24,79,40.52
115413,26.25,79.01,40.52
105426,26.24,79.01,40.52
133192,26.25,79.01,40.52
194324,26.25,79.01,40.52
118767,26.24,79.01,40.52
196791,26.25,79.01,40.51
147209,26.24,79.01,40.51
204044,26.25,79.01,40.51
149475,26.24,79.01,40.51
248726,26.25,79.01,40.51
180386,26.25,79.01,40.51
140656,26.24,79.01,40.51
275392,26.25,79.01,40.51
187873,26.25,79.01,40.51
144170,26.24,79.01,40.51
12560,26.22,79,40.5
12413,26.22,79,40.51
23462,26.23,79,40.5
23140,26.23,79,40.51
12532,26.22,79,40.51
12418,26.22,79,40.51
23415,26.23,79,40.51
23199,26.23,79,40.51
23469,26.23,79,40.51
23642,26.23,79,40.51
45890,26.23,79,40.51
45189,26.23,79,40.51
45964,26.23,79,40.51
45320,26.23,79,40.51
23433,26.23,79,40.51
23674,26.23,79,40.5
46023,26.23,79,40.5
45381,26.23,79,40.5
45815,26.23,79,40.51
45176,26.23,79,40.51
12376,26.22,79,40.5
12241,26.22,79,40.5
23311,26.23,79,40.5
23207,26.23,79,40.5
12619,26.22,79,40.5
12491,26.22,79,40.5
23338,26.23,79,40.5
23684,26.23,79,40.5
23591,26.23,79,40.5
23866,26.23,79,40.5
46454,26.23,79,40.5
45763,26.23,79,40.5
46127,26.23,79,40.5
45437,26.23,79,40.5
23592,26.23,79,40.5
23520,26.23,79,40.5
46356,26.23,79,40.5
45704,26.23,79,40.5
46197,26.23,79,40.5
45636,26.23,79,40.5
43843,26.23,79,40.5
44104,26.23,79,40.5
44096,26.23,79,40.5
44075,26.23,79,40.5
43487,26.23,79,40.5
43515,26.23,79,40.5
79260,26.23,79,40.5
75206,26.24,79,40.5
79212,26.23,79,40.5
75147,26.24,79,40.5
71782,26.24,79,40.5
67776,26.24,79,40.5
71848,26.24,79,40.5
67847,26.24,79,40.5
43239,26.23,79,40.5
43492,26.23,79,40.5
78738,26.23,79,40.5
74750,26.24,79,40.5
79030,26.23,79,40.5
74979,26.24,79,40.5
71455,26.24,79,40.5
71650,26.24,79,40.5
67685,26.24,79,40.5
43784,26.23,79,40.5
43623,26.23,79,40.51
43707,26.23,79,40.51
43561,26.23,79,40.51
43118,26.23,79,40.51
42918,26.23,79,40.51
78231,26.23,79,40.51
74182,26.24,79,40.51
78443,26.23,79,40.51
74442,26.24,79,40.51
43214,26.23,79,40.5
43048,26.23,79,40.51
78467,26.23,79,40.51
74519,26.24,79,40.51
78587,26.23,79,40.5
74624,26.24,79,40.5
11576,26.22,79,40.5
11085,26.22,79,40.5
22200,26.23,79,40.5
21490,26.23,79,40.5
10007,26.22,79,40.5
9166,26.22,79,40.49
19811,26.23,79,40.5
18425,26.23,79,40.49
22672,26.23,79,40.5
22067,26.23,79,40.5
45306,26.23,79,40.5
44911,26.23,79,40.5
44319,26.23,79,40.5
44058,26.23,79,40.5
20564,26.23,79,40.5
19349,26.23,79,40.49
42412,26.23,79,40.5
42426,26.23,79,40.5
40381,26.23,79,40.49
40574,26.23,79,40.49
7640,26.22,79,40.49
6553,26.22,79,40.49
15962,26.23,79,40.49
13976,26.23,79,40.49
5877,26.23,79,40.49
4137,26.23,79,40.49
16984,26.23,79,40.49
15208,26.23,79,40.49
37113,26.23,79,40.49
37735,26.23,79,40.49
33862,26.23,79,40.49
34741,26.23,79,40.49
6820,26.23,79,40.49
5017,26.23,79,40.49
14059,26.23,79,40.49
15061,26.23,79,40.49
10631,26.23,79,40.49
11751,26.23,79,40.49
37285,26.23,79,40.49
37604,26.23,79,40.49
34752,26.23,79,40.49
35175,26.23,79,40.49
15908,26.23,79,40.49
12709,26.23,79,40.49
16482,26.23,79,40.49
13484,26.23,79,40.49
31109,26.23,79,40.49
25848,26.23,79,40.49
30525,26.24,79,40.49
25790,26.24,79,40.49
45136,26.24,79,40.49
53654,26.24,79,40.49
34477,26.23,79,40.49
33966,26.24,79,40.49
59487,26.24,79,40.49
55934,26.24,79,40.49
64223,26.24,79,40.49
59851,26.24,79,40.49
43499,26.23,79,40.5
42815,26.23,79,40.5
41401,26.23,79,40.5
39854,26.23,79,40.49
41255,26.23,79,40.5
39848,26.23,79,40.49
76830,26.23,79,40.5
73221,26.24,79,40.5
36762,26.23,79,40.49
74988,26.23,79,40.49
36437,26.24,79,40.49
71641,26.24,79,40.49
70102,26.24,79,40.5
65254,26.24,79,40.5
67972,26.24,79,40.49
62797,26.24,79,40.49
43048,26.23,79,40.5
42463,26.23,79,40.5
78154,26.23,79,40.5
74340,26.24,79,40.5
78891,26.23,79,40.5
74933,26.24,79,40.5
71617,26.24,79,40.5
67611,26.24,79,40.5
71119,26.24,79,40.5
66794,26.24,79,40.5
70810,26.24,79,40.51
71132,26.24,79,40.51
71242,26.24,79,40.51
71359,26.24,79,40.5
122425,26.24,79,40.51
122902,26.24,79,40.51
208019,26.24,79.01,40.51
195204,26.24,79.01,40.51
174538,26.24,79.01,40.51
208696,26.24,79.01,40.51
195838,26.24,79.01,40.51
175201,26.24,79.01,40.51
123140,26.24,79,40.51
67565,26.24,79,40.5
123276,26.24,79,40.5
115266,26.24,79,40.5
209267,26.24,79.01,40.5
108304,26.24,79,40.5
194987,26.24,79.01,40.5
174042,26.24,79.01,40.5
209075,26.24,79.01,40.51
195985,26.24,79.01,40.51
175024,26.24,79.01,40.51
64304,26.24,79,40.5
64162,26.24,79,40.5
64363,26.24,79,40.5
205992,26.25,79.01,40.51
150825,26.24,79.01,40.51
202612,26.25,79.01,40.51
151500,26.24,79.01,40.51
274734,26.25,79.01,40.51
198330,26.25,79.01,40.51
192593,26.25,79.01,40.5
151405,26.24,79.01,40.51
150798,26.24,79.01,40.5
60500,26.24,79,40.5
96747,26.24,79,40.5
97171,26.24,79,40.5
59444,26.24,79,40.5
60115,26.24,79,40.5
94164,26.24,79,40.5
95410,26.24,79,40.5
168020,26.25,79.01,40.5
238693,26.25,79.01,40.5
148766,26.24,79.01,40.5
182775,26.25,79.01,40.5
151785,26.24,79.01,40.5
131135,26.24,79.01,40.5
155208,26.25,79.01,40.5
141434,26.24,79.01,40.5
58644,26.24,79,40.49
60682,26.24,79,40.5
62381,26.24,79,40.5
63572,26.24,79,40.5
146196,26.24,79.01,40.49
55785,26.24,79,40.49
41599,26.24,79,40.49
50092,26.24,79,40.49
73395,26.24,79,40.49
52374,26.24,79,40.49
56261,26.24,79,40.49
86335,26.24,79,40.49
163036,26.24,79.01,40.49
137623,26.24,79.01,40.49
81743,26.24,79,40.49
158232,26.24,79.01,40.49
72901,26.24,79,40.49
96334,26.24,79,40.49
84884,26.24,79,40.49
180095,26.24,79.01,40.49
207289,26.24,79.01,40.49
115714,26.24,79.01,40.49
92795,26.24,79,40.49
132934,26.24,79.01,40.5
97165,26.24,79,40.5
57693,26.24,79,40.5
58674,26.24,79,40.5
91041,26.24,79,40.5
92810,26.24,79,40.5
110899,26.24,79,40.5
120533,26.24,79,40.5
175082,26.25,79.01,40.52
250700,26.25,79.01,40.5
221863,26.25,79.01,40.5
214228,26.25,79.01,40.5
194258,26.24,79.01,40.49
188691,26.25,79.01,40.5
201633,26.25,79.01,40.5
216597,26.24,79.01,40.5
205226,26.25,79.01,40.5
105100,26.24,79.01,40.52
137292,26.24,79.01,40.52
138365,26.25,79.01,40.52
131962,26.25,79.01,40.52
153355,26.25,79.01,40.52
213987,26.25,79.01,40.52
230897,26.25,79.01,40.51
227954,26.25,79.01,40.51
241397,26.25,79.01,40.51
255881,26.25,79.01,40.51
262354,26.25,79.01,40.51
265166,26.25,79.01,40.51
263729,26.25,79.01,40.51
248163,26.25,79.01,40.51
258542,26.25,79.01,40.5
3,26.23,79,40.48
21,26.23,79,40.48
58,26.23,79,40.48
71,26.23,79,40.48
139,26.23,79,40.48
172,26.23,79,40.48
548,26.23,79,40.48
829,26.23,79,40.48
1156,26.23,79,40.49
1578,26.23,79,40.49
3842,26.23,79,40.49
4602,26.23,79,40.49
2239,26.23,79,40.49
2838,26.23,79,40.49
271,26.23,79,40.48
500,26.23,79.01,40.48
591,26.23,79,40.48
5261,26.23,79,40.49
3445,26.23,79,40.49
1130,26.23,79,40.48
2025,26.23,79,40.49
5943,26.23,79,40.49
10527,26.24,79,40.49
1631,26.23,79,40.48
2410,26.23,79,40.48
4058,26.23,79,40.49
3335,26.23,79,40.49
6891,26.24,79,40.49
5871,26.23,79,40.49
9,26.23,79,40.48
3,26.23,79,40.48
73,26.23,79,40.48
23,26.23,79,40.48
73,26.23,79,40.48
38492,26.24,79.01,40.49
11171,26.24,79,40.49
19282,26.24,79,40.49
7579,26.24,79,40.49
12541,26.24,79,40.49
19117,26.24,79.01,40.48
4553,26.24,79,40.48
3054,26.24,79,40.48
9473,26.24,79,40.49
6376,26.24,79,40.49
112770,26.24,79.01,40.49
38624,26.24,79,40.49
25133,26.24,79,40.49
19444,26.24,79,40.49
30877,26.24,79,40.49
80328,26.24,79.01,40.49
392,26.24,79,40.48
2266,26.24,79,40.48
1141,26.24,79,40.48
111913,26.24,79.01,40.49
2,26.22,79,40.53
2,26.22,79,40.53
5,26.22,79,40.53
2,26.22,79,40.53
3,26.22,79,40.53
3,26.22,79,40.53
10,26.22,79,40.53
14,26.22,79,40.53
4,26.22,79,40.53
7,26.22,79,40.53
16,26.22,79,40.53
24,26.22,79,40.53
50,26.22,79,40.53
2,26.21,79,40.52
58,26.21,79,40.52
26,26.21,79,40.52
261,26.21,79,40.52
632,26.21,79,40.52
140,26.21,79,40.52
432,26.21,79,40.52
284,26.21,79,40.52
403,26.21,79,40.52
812,26.21,79,40.52
1146,26.21,79,40.52
1112,26.21,79,40.52
1517,26.21,79,40.52
10,26.21,79,40.52
51,26.21,79,40.52
219,26.21,79,40.52
2,26.21,79,40.52
12,26.21,79,40.52
82,26.21,79,40.52
76,26.21,79,40.52
165,26.21,79,40.52
249,26.21,79,40.52
458,26.21,79,40.52
510,26.21,79,40.52
765,26.21,79,40.52
898,26.22,79,40.52
689,26.22,79,40.52
2007,26.22,79,40.52
1557,26.22,79,40.52
3050,26.22,79,40.52
474,26.22,79,40.52
301,26.22,79,40.52
719,26.22,79,40.52
1102,26.22,79,40.52
1763,26.22,79,40.52
2,26.21,79,40.52
7,26.21,79,40.52
28,26.21,79,40.52
7,26.21,79,40.52
87,26.21,79,40.52
208,26.21,79,40.52
22,26.21,79,40.52
71,26.21,79,40.52
2,26.21,79,40.53
10,26.21,79,40.53
2,26.21,79,40.53
66,26.22,79,40.52
157,26.22,79,40.52
167,26.22,79,40.52
309,26.22,79,40.52
391,26.22,79,40.52
608,26.22,79,40.52
398,26.22,79,40.52
224,26.22,79,40.52
913,26.22,79,40.52
508,26.22,79,40.52
24,26.22,79,40.53
6,26.22,79,40.53
52,26.22,79,40.53
115,26.22,79,40.53
14,26.22,79,40.53
37,26.22,79,40.53
104,26.22,79,40.53
39,26.22,79,40.53
223,26.22,79,40.53
375,26.22,79,40.53
78,26.22,79,40.53
149,26.22,79,40.53
10,26.2,79,40.51
18,26.2,79,40.51
14,26.21,79,40.51
23,26.21,79,40.51
120,26.21,79,40.51
391,26.21,79,40.51
158,26.21,79,40.51
457,26.21,79,40.51
32,26.2,79,40.51
42,26.2,79,40.51
44,26.21,79,40.51
34,26.21,79,40.51
235,26.21,79,40.51
567,26.21,79,40.51
203,26.21,79,40.51
521,26.21,79,40.51
7,26.21,79,40.52
12,26.21,79,40.51
63,26.21,79,40.52
283,26.21,79,40.52
97,26.21,79,40.51
364,26.21,79,40.51
4,26.21,79,40.52
33,26.21,79,40.52
195,26.21,79,40.52
10,26.21,79,40.52
13,26.21,79,40.52
121,26.21,79,40.52
2,26.21,79,40.52
14,26.21,79,40.52
6,26.21,79,40.52
339,26.21,79,40.51
363,26.21,79,40.51
1026,26.21,79,40.51
1630,26.21,79,40.51
1076,26.21,79,40.51
1654,26.21,79,40.51
997,26.21,79,40.51
1016,26.21,79,40.51
2380,26.21,79,40.51
2998,26.21,79,40.51
2364,26.21,79,40.51
2966,26.21,79,40.51
261,26.21,79,40.51
302,26.21,79,40.51
832,26.21,79,40.51
1482,26.21,79,40.51
941,26.21,79,40.51
1591,26.21,79,40.51
966,26.21,79,40.51
902,26.21,79,40.51
2348,26.21,79,40.51
2946,26.21,79,40.51
2227,26.21,79,40.51
2815,26.21,79,40.51
1669,26.22,79,40.51
1751,26.22,79,40.51
3506,26.22,79,40.51
3656,26.22,79,40.51
5644,26.22,79,40.51
1777,26.22,79,40.51
1804,26.22,79,40.51
3687,26.22,79,40.51
3730,26.22,79,40.51
5824,26.22,79,40.51
199,26.21,79,40.52
242,26.21,79,40.51
693,26.21,79,40.52
1203,26.21,79,40.52
789,26.21,79,40.51
1355,26.21,79,40.51
740,26.21,79,40.52
832,26.21,79,40.51
2054,26.21,79,40.51
2636,26.21,79,40.51
1849,26.21,79,40.52
2396,26.21,79,40.52
104,26.21,79,40.52
154,26.21,79,40.52
426,26.21,79,40.52
826,26.21,79,40.52
574,26.21,79,40.52
1033,26.21,79,40.52
521,26.21,79,40.52
637,26.21,79,40.52
1368,26.21,79,40.52
1842,26.21,79,40.52
1626,26.21,79,40.52
2140,26.21,79,40.52
1097,26.22,79,40.52
1273,26.22,79,40.52
2754,26.22,79,40.52
2402,26.22,79,40.52
4209,26.22,79,40.52
1428,26.22,79,40.52
1566,26.22,79,40.51
3043,26.22,79,40.52
3317,26.22,79,40.51
5071,26.22,79,40.51
2,26.2,79,40.51
44,26.2,79,40.51
2,26.2,79,40.51
46,26.2,79,40.51
48,26.21,79,40.51
48,26.21,79,40.51
248,26.21,79,40.51
583,26.21,79,40.51
244,26.21,79,40.51
592,26.21,79,40.51
2,26.2,79,40.5
30,26.2,79,40.5
2,26.2,79,40.51
37,26.2,79,40.51
40,26.21,79,40.5
45,26.21,79,40.51
225,26.21,79,40.51
585,26.21,79,40.51
209,26.21,79,40.5
608,26.21,79,40.5
2,26.2,79,40.5
5,26.2,79,40.5
3,26.2,79,40.5
32,26.21,79,40.5
22,26.21,79,40.5
172,26.21,79,40.5
554,26.21,79,40.5
123,26.21,79,40.5
477,26.21,79,40.5
12,26.21,79,40.5
5,26.21,79,40.5
71,26.21,79,40.5
333,26.21,79,40.5
24,26.21,79,40.5
31,26.21,79,40.5
219,26.21,79,40.5
373,26.21,79,40.51
380,26.21,79,40.51
1089,26.21,79,40.51
1643,26.21,79,40.51
1098,26.21,79,40.51
1651,26.21,79,40.51
1009,26.21,79,40.51
1014,26.21,79,40.51
2367,26.21,79,40.51
2994,26.21,79,40.51
2360,26.21,79,40.51
2975,26.21,79,40.51
378,26.21,79,40.51
385,26.21,79,40.5
1094,26.21,79,40.51
1620,26.21,79,40.51
1134,26.21,79,40.5
1629,26.21,79,40.5
998,26.21,79,40.51
998,26.21,79,40.5
2320,26.21,79,40.5
2966,26.21,79,40.5
2328,26.21,79,40.51
2954,26.21,79,40.51
1792,26.22,79,40.51
1804,26.22,79,40.51
3705,26.22,79,40.51
3729,26.22,79,40.51
5836,26.22,79,40.51
1785,26.22,79,40.5
1780,26.22,79,40.51
3722,26.22,79,40.5
3698,26.22,79,40.51
5844,26.22,79,40.5
245,26.21,79,40.5
184,26.21,79,40.5
832,26.21,79,40.5
1388,26.21,79,40.5
669,26.21,79,40.5
1215,26.21,79,40.5
855,26.21,79,40.5
772,26.21,79,40.5
2122,26.21,79,40.5
2765,26.21,79,40.5
1936,26.21,79,40.5
2587,26.21,79,40.5
350,26.21,79,40.5
316,26.21,79,40.5
1058,26.21,79,40.5
1563,26.21,79,40.5
985,26.21,79,40.5
1534,26.21,79,40.5
958,26.21,79,40.5
935,26.21,79,40.5
2276,26.21,79,40.5
2925,26.21,79,40.5
2259,26.21,79,40.5
2915,26.21,79,40.5
1737,26.22,79,40.5
1752,26.22,79,40.5
3681,26.22,79,40.5
3689,26.22,79,40.5
5854,26.22,79,40.5
1653,26.22,79,40.5
1563,26.22,79,40.5
3532,26.22,79,40.5
3350,26.22,79,40.5
5586,26.22,79,40.5
5,26.21,79,40.5
2,26.21,79,40.5
8,26.21,79,40.5
4,26.21,79,40.5
17,26.21,79,40.5
31,26.21,79,40.5
2,26.21,79,40.5
8,26.21,79,40.5
3,26.21,79,40.49
64,26.21,79,40.5
118,26.21,79,40.5
485,26.21,79,40.5
998,26.21,79,40.5
300,26.21,79,40.5
794,26.21,79,40.5
641,26.21,79,40.5
526,26.21,79,40.5
1681,26.21,79,40.5
2290,26.21,79,40.5
1414,26.21,79,40.5
1997,26.21,79,40.5
31,26.21,79,40.5
11,26.21,79,40.49
143,26.21,79,40.5
498,26.21,79,40.5
52,26.21,79,40.49
270,26.21,79,40.49
233,26.21,79,40.49
367,26.21,79,40.5
718,26.21,79,40.49
1199,26.21,79,40.49
1063,26.21,79,40.5
1587,26.21,79,40.5
1227,26.22,79,40.5
1390,26.22,79,40.5
3030,26.22,79,40.5
2700,26.22,79,40.5
4861,26.22,79,40.5
993,26.22,79,40.5
779,26.22,79,40.49
2246,26.22,79,40.5
1792,26.22,79,40.49
3715,26.22,79,40.49
9,26.21,79,40.49
3,26.21,79,40.49
31,26.21,79,40.49
10,26.21,79,40.49
117,26.21,79,40.49
45,26.21,79,40.49
375,26.21,79,40.49
756,26.21,79,40.49
147,26.21,79,40.49
398,26.21,79,40.49
3,26.21,79,40.49
16,26.21,79,40.49
5,26.21,79,40.49
64,26.21,79,40.49
22,26.21,79,40.49
523,26.22,79,40.49
319,26.22,79,40.49
795,26.22,79,40.49
1268,26.22,79,40.49
2298,26.22,79,40.49
158,26.22,79,40.49
62,26.22,79,40.49
369,26.22,79,40.49
751,26.22,79,40.49
141,26.22,79,40.49
333,26.22,79,40.49
583,26.22,79,40.49
309,26.22,79,40.49
1278,26.22,79,40.49
1805,26.22,79,40.49
643,26.22,79,40.49
1069,26.22,79,40.49
7,26.21,79,40.49
2,26.21,79,40.49
24,26.22,79,40.49
7,26.22,79,40.49
47,26.22,79,40.49
125,26.22,79,40.49
14,26.22,79,40.49
45,26.22,79,40.49
143,26.22,79,40.49
59,26.22,79,40.49
269,26.22,79,40.49
507,26.22,79,40.49
104,26.22,79,40.49
221,26.22,79,40.49
3,26.22,79,40.49
6,26.22,79,40.48
5,26.22,79,40.49
16,26.22,79,40.49
25,26.22,79,40.49
10,26.22,79,40.48
14,26.22,79,40.48
35,26.22,79,40.48
39,26.22,79,40.49
87,26.22,79,40.49
2,26.22,79,40.48
4,26.22,79,40.48
2,26.22,79,40.48
6,26.22,79,40.48
6,26.22,79,40.48
14,26.22,79,40.48
2,26.22,79,40.48
12,26.23,79,40.48
10,26.22,79,40.48
22,26.22,79,40.48
13,26.22,79,40.48
26,26.22,79,40.48
29,26.22,79,40.48
59,26.22,79,40.48
37,26.23,79,40.48
76,26.23,79,40.48
50,26.23,79,40.48
105,26.23,79,40.48
465,26.22,79,40.49
233,26.22,79,40.49
847,26.22,79,40.49
1226,26.22,79,40.49
405,26.22,79,40.49
667,26.22,79,40.49
986,26.23,79,40.49
589,26.23,79,40.49
1689,26.23,79,40.49
2134,26.23,79,40.49
978,26.23,79,40.49
1331,26.23,79,40.49
108,26.22,79,40.49
47,26.22,79,40.48
170,26.22,79,40.49
309,26.22,79,40.49
70,26.22,79,40.48
137,26.22,79,40.48
314,26.23,79,40.49
156,26.23,79,40.48
493,26.23,79,40.49
723,26.23,79,40.49
233,26.23,79,40.48
374,26.23,79,40.48
4,26.23,79,40.48
3,26.22,79,40.53
3,26.22,79,40.53
8,26.22,79,40.53
3,26.22,79,40.53
7,26.22,79,40.53
10,26.22,79,40.53
19,26.22,79,40.53
54,26.22,79,40.53
86,26.22,79,40.53
130,26.22,79,40.53
20,26.22,79,40.53
30,26.22,79,40.53
50,26.22,79,40.53
2,26.23,79,40.53
2,26.23,79,40.53
4,26.23,79,40.53
5,26.23,79,40.53
2,26.23,79,40.53
2,26.23,79,40.53
5,26.23,79,40.53
4,26.23,79,40.53
9,26.23,79,40.53
23,26.23,79,40.53
11,26.23,79,40.53
29,26.23,79,40.53
122,26.23,79,40.53
53,26.23,79,40.53
72,26.23,79,40.53
175,26.23,79,40.53
18,26.23,79,40.53
42,26.23,79,40.53
20,26.23,79,40.53
48,26.23,79,40.53
99,26.23,79,40.53
221,26.23,79,40.53
121,26.23,79,40.53
292,26.23,79,40.53
2,26.23,79,40.54
7,26.23,79,40.53
2,26.23,79.01,40.53
10,26.23,79,40.53
27,26.23,79,40.53
28,26.23,79,40.53
64,26.23,79,40.53
66,26.23,79,40.53
147,26.23,79,40.53
347,26.23,79,40.53
166,26.23,79,40.53
438,26.23,79,40.53
514,26.23,79,40.53
214,26.23,79,40.53
3,26.23,79.01,40.53
21,26.23,79,40.53
21,26.23,79,40.53
222,26.23,79,40.53
44,26.23,79,40.53
54,26.23,79,40.53
233,26.23,79,40.53
476,26.23,79,40.53
268,26.24,79,40.53
582,26.24,79,40.53
2,26.24,79,40.54
32,26.24,79,40.53
6,26.24,79,40.53
19,26.24,79.01,40.53
82,26.24,79,40.53
32,26.24,79.01,40.53
300,26.24,79,40.53
315,26.24,79,40.53
635,26.24,79,40.53
734,26.24,79,40.53
303,26.24,79,40.53
96,26.24,79.01,40.53
2111,26.24,79,40.53
978,26.24,79,40.53
1714,26.24,79,40.53
763,26.24,79,40.53
468,26.24,79.01,40.53
129,26.24,79.01,40.53
2675,26.24,79,40.53
2026,26.24,79.01,40.53
6407,26.22,79,40.51
5427,26.22,79,40.52
7321,26.22,79,40.51
7064,26.22,79,40.51
1344,26.22,79,40.52
278,26.22,79,40.53
129,26.22,79,40.53
544,26.22,79,40.53
656,26.22,79,40.53
232,26.22,79,40.53
316,26.22,79,40.53
4122,26.22,79,40.52
2656,26.22,79,40.52
7368,26.22,79,40.5
7357,26.22,79,40.51
7173,26.22,79,40.5
7385,26.22,79,40.5
6485,26.22,79,40.5
5324,26.22,79,40.49
3794,26.22,79,40.49
1270,26.22,79,40.49
834,26.22,79,40.49
2456,26.22,79,40.49
3007,26.22,79,40.49
1583,26.22,79,40.49
2093,26.22,79,40.49
6381,26.23,79,40.52
7398,26.23,79,40.51
12320,26.23,79,40.51
11650,26.23,79,40.52
21858,26.23,79,40.51
21636,26.23,79,40.51
20720,26.23,79,40.52
20616,26.23,79,40.52
10940,26.23,79,40.52
10061,26.23,79,40.52
19735,26.23,79,40.52
19571,26.23,79,40.52
18263,26.23,79,40.52
18247,26.23,79,40.52
8095,26.23,79,40.51
8429,26.23,79,40.51
13244,26.23,79,40.51
12782,26.23,79,40.51
22500,26.23,79,40.51
22339,26.23,79,40.51
23321,26.23,79,40.51
23073,26.23,79,40.51
13412,26.23,79,40.51
13650,26.23,79,40.51
23534,26.23,79,40.51
23385,26.23,79,40.51
23972,26.23,79,40.51
23788,26.23,79,40.51
14354,26.23,79,40.51
14088,26.23,79,40.51
23881,26.23,79,40.51
23418,26.23,79,40.51
13401,26.23,79,40.51
13865,26.23,79,40.51
22343,26.23,79,40.51
23127,26.23,79,40.51
21983,26.23,79,40.51
22690,26.23,79,40.51
38762,26.23,79,40.51
37755,26.24,79,40.51
39774,26.23,79,40.51
38788,26.24,79,40.51
23482,26.23,79,40.51
23056,26.23,79,40.51
40471,26.23,79,40.51
39467,26.24,79,40.51
41044,26.23,79,40.51
40085,26.24,79,40.51
12929,26.23,79,40.51
12273,26.23,79,40.52
20627,26.23,79,40.52
21697,26.23,79,40.51
11564,26.23,79,40.52
10709,26.23,79,40.52
18283,26.23,79,40.52
19660,26.23,79,40.52
18050,26.23,79,40.52
19300,26.23,79,40.52
32766,26.23,79,40.52
31884,26.24,79,40.52
34625,26.23,79,40.52
33753,26.24,79,40.52
32120,26.24,79,40.52
31113,26.24,79,40.52
30379,26.24,79,40.52
29356,26.24,79,40.52
20317,26.23,79,40.52
21284,26.23,79,40.51
36214,26.23,79,40.52
35256,26.24,79,40.52
37612,26.23,79,40.51
36668,26.24,79,40.51
34940,26.24,79,40.51
33625,26.24,79,40.52
32544,26.24,79,40.52
1934,26.23,79,40.52
482,26.23,79,40.53
255,26.23,79,40.53
810,26.23,79,40.53
401,26.23,79,40.53
478,26.23,79,40.53
690,26.23,79,40.53
911,26.23,79,40.53
1460,26.23,79,40.53
4028,26.23,79,40.52
2722,26.23,79,40.52
8249,26.23,79,40.52
8290,26.23,79,40.52
5566,26.23,79,40.52
5603,26.23,79,40.52
5038,26.23,79,40.52
3487,26.23,79,40.52
9052,26.23,79,40.52
7959,26.23,79,40.52
16813,26.23,79,40.52
16773,26.23,79,40.52
14934,26.23,79,40.52
15075,26.23,79,40.52
5481,26.23,79,40.52
6709,26.23,79,40.52
10761,26.23,79,40.52
10987,26.23,79,40.52
13008,26.23,79,40.52
13135,26.23,79,40.52
4548,26.23,79,40.52
3097,26.23,79,40.52
8489,26.23,79,40.52
8436,26.23,79,40.52
5680,26.23,79,40.52
5579,26.23,79,40.52
1577,26.23,79,40.53
763,26.23,79,40.53
1077,26.23,79,40.53
1215,26.23,79,40.53
2573,26.23,79,40.53
2622,26.23,79,40.53
963,26.23,79,40.53
1804,26.23,79,40.53
1275,26.24,79,40.53
1315,26.24,79,40.53
2610,26.24,79,40.53
2568,26.24,79,40.53
1341,26.24,79,40.53
2513,26.24,79,40.53
3287,26.23,79,40.52
5285,26.24,79,40.52
4924,26.24,79,40.52
4616,26.24,79,40.52
7458,26.24,79,40.52
9735,26.23,79,40.52
8673,26.23,79,40.52
15177,26.23,79,40.52
16918,26.23,79,40.52
6143,26.23,79,40.52
7437,26.23,79,40.52
11098,26.23,79,40.52
13337,26.23,79,40.52
13176,26.23,79,40.52
4843,26.23,79,40.52
11078,26.23,79,40.52
25101,26.23,79,40.52
24419,26.24,79,40.52
22735,26.24,79,40.52
8336,26.24,79,40.52
21534,26.23,79,40.52
7944,26.24,79,40.52
20564,26.24,79,40.52
18770,26.24,79,40.52
10199,26.24,79,40.52
15057,26.23,79,40.52
16652,26.23,79,40.52
28107,26.23,79,40.52
27337,26.24,79,40.52
30591,26.23,79,40.52
29833,26.24,79,40.52
28342,26.24,79,40.52
27316,26.24,79,40.52
12436,26.24,79,40.52
25941,26.24,79,40.52
24649,26.24,79,40.52
9614,26.24,79,40.52
11953,26.24,79,40.52
15444,26.24,79,40.52
19535,26.24,79,40.52
22688,26.24,79,40.52
25296,26.24,79,40.52
2468,26.24,79,40.53
3408,26.24,79,40.53
4352,26.24,79,40.52
6524,26.24,79,40.52
6943,26.24,79,40.52
10869,26.24,79,40.52
5713,26.24,79,40.53
4612,26.24,79,40.53
7600,26.24,79.01,40.53
1960,26.24,79.01,40.53
23380,26.24,79.01,40.53
11655,26.24,79,40.52
9627,26.24,79,40.52
21856,26.24,79,40.52
16596,26.24,79,40.52
27846,26.24,79.01,40.52
52100,26.24,79.01,40.52
34673,26.24,79,40.52
24557,26.24,79,40.52
48308,26.24,79,40.52
31872,26.24,79,40.52
21140,26.24,79,40.52
23833,26.24,79,40.52
33376,26.24,79,40.52
38229,26.24,79,40.52
41088,26.24,79,40.52
54933,26.24,79,40.52
52866,26.25,79,40.52
46564,26.25,79,40.52
61533,26.25,79,40.52
55800,26.25,79,40.52
36039,26.24,79,40.51
37005,26.24,79,40.51
37715,26.24,79,40.51
38313,26.24,79,40.51
65447,26.24,79,40.51
66326,26.24,79,40.51
112028,26.24,79,40.51
105072,26.24,79,40.51
93269,26.24,79,40.51
113276,26.24,79,40.51
106644,26.24,79,40.51
94838,26.24,79,40.51
33882,26.24,79,40.51
62874,26.24,79,40.51
64303,26.24,79,40.51
57941,26.24,79,40.51
108426,26.24,79,40.51
53715,26.24,79,40.51
100545,26.24,79,40.51
88768,26.24,79,40.51
110366,26.24,79,40.51
103311,26.24,79,40.51
91230,26.24,79,40.51
30877,26.24,79,40.52
27556,26.24,79,40.52
29356,26.24,79,40.52
29550,26.24,79,40.52
30983,26.24,79,40.51
47517,26.24,79,40.52
49610,26.24,79,40.51
99942,26.25,79,40.52
75043,26.25,79,40.52
108992,26.25,79,40.51
78524,26.25,79,40.51
26052,26.24,79,40.52
27989,26.24,79,40.52
41999,26.24,79,40.52
45092,26.24,79,40.52
75519,26.25,79,40.52
63757,26.25,79,40.52
164141,26.25,79.01,40.52
88273,26.25,79,40.52
69906,26.25,79,40.52
54009,26.24,79,40.51
55058,26.24,79,40.51
122128,26.25,79,40.51
84648,26.25,79,40.51
126067,26.25,79,40.51
86141,26.25,79,40.51
51177,26.24,79,40.51
52678,26.24,79,40.51
114413,26.25,79,40.51
80519,26.25,79,40.51
118212,26.25,79,40.51
82662,26.25,79,40.51
8520,26.23,79,40.5
8507,26.23,79,40.51
13592,26.23,79,40.51
13710,26.23,79,40.51
23812,26.23,79,40.51
23743,26.23,79,40.51
24034,26.23,79,40.51
23933,26.23,79,40.51
13603,26.23,79,40.51
13728,26.23,79,40.5
24061,26.23,79,40.5
23972,26.23,79,40.5
23800,26.23,79,40.51
23779,26.23,79,40.51
8377,26.23,79,40.5
8537,26.23,79,40.5
13661,26.23,79,40.5
13778,26.23,79,40.5
24235,26.23,79,40.5
24114,26.23,79,40.5
23935,26.23,79,40.5
23890,26.23,79,40.5
13596,26.23,79,40.5
13520,26.23,79,40.5
23978,26.23,79,40.5
23937,26.23,79,40.5
23982,26.23,79,40.5
23943,26.23,79,40.5
14465,26.23,79,40.5
14565,26.23,79,40.5
24016,26.23,79,40.5
24260,26.23,79,40.5
14428,26.23,79,40.5
14390,26.23,79,40.5
24079,26.23,79,40.5
24135,26.23,79,40.5
23804,26.23,79,40.5
23846,26.23,79,40.5
41865,26.23,79,40.5
40965,26.24,79,40.5
41831,26.23,79,40.5
40913,26.24,79,40.5
39192,26.24,79,40.5
38146,26.24,79,40.5
39222,26.24,79,40.5
38182,26.24,79,40.5
23752,26.23,79,40.5
23933,26.23,79,40.5
41621,26.23,79,40.5
40734,26.24,79,40.5
41818,26.23,79,40.5
40917,26.24,79,40.5
39062,26.24,79,40.5
39195,26.24,79,40.5
38178,26.24,79,40.5
14418,26.23,79,40.51
14527,26.23,79,40.5
24132,26.23,79,40.5
23913,26.23,79,40.51
14495,26.23,79,40.51
14361,26.23,79,40.51
24079,26.23,79,40.51
23839,26.23,79,40.51
23749,26.23,79,40.51
23533,26.23,79,40.51
41265,26.23,79,40.51
40334,26.24,79,40.51
41479,26.23,79,40.51
40595,26.24,79,40.51
23826,26.23,79,40.5
23655,26.23,79,40.51
41461,26.23,79,40.51
40591,26.24,79,40.51
41595,26.23,79,40.5
40735,26.24,79,40.5
7791,26.23,79,40.5
6726,26.23,79,40.49
12993,26.23,79,40.5
12599,26.23,79,40.5
23235,26.23,79,40.5
23332,26.23,79,40.5
22724,26.23,79,40.5
22896,26.23,79,40.5
11679,26.23,79,40.5
10938,26.23,79,40.49
21384,26.23,79,40.5
21710,26.23,79,40.5
20277,26.23,79,40.49
20728,26.23,79,40.49
5230,26.23,79,40.49
2075,26.23,79,40.49
1523,26.23,79,40.49
3678,26.23,79,40.49
2655,26.23,79,40.49
9539,26.23,79,40.49
8489,26.23,79,40.49
18177,26.23,79,40.49
18715,26.23,79,40.49
16463,26.23,79,40.49
17193,26.23,79,40.49
4197,26.23,79,40.49
3175,26.23,79,40.49
7612,26.23,79,40.49
8405,26.23,79,40.49
5812,26.23,79,40.49
6591,26.23,79,40.49
11029,26.23,79,40.49
10044,26.23,79,40.49
19505,26.23,79,40.49
19672,26.23,79,40.49
18040,26.23,79,40.49
18361,26.23,79,40.49
8998,26.23,79,40.49
7256,26.23,79,40.49
9604,26.23,79,40.49
7900,26.23,79,40.49
16944,26.24,79,40.49
14121,26.24,79,40.49
17157,26.24,79,40.49
14546,26.24,79,40.49
25409,26.24,79,40.49
29889,26.24,79,40.49
11071,26.23,79,40.49
18888,26.24,79,40.49
19089,26.24,79,40.49
33047,26.24,79,40.49
32039,26.24,79,40.49
35322,26.24,79,40.49
34042,26.24,79,40.49
13679,26.23,79,40.5
13987,26.23,79,40.5
23595,26.23,79,40.5
23230,26.23,79,40.5
12275,26.23,79,40.49
12920,26.23,79,40.5
22172,26.23,79,40.5
21268,26.23,79,40.49
22178,26.23,79,40.5
21380,26.23,79,40.49
12012,26.23,79,40.49
39978,26.23,79,40.5
39343,26.24,79,40.5
20262,26.24,79,40.49
38791,26.23,79,40.49
20427,26.24,79,40.49
38272,26.24,79,40.49
37755,26.24,79,40.5
36683,26.24,79,40.5
36729,26.24,79,40.49
35572,26.24,79,40.49
23409,26.23,79,40.5
23102,26.23,79,40.5
41022,26.23,79,40.5
40248,26.24,79,40.5
41492,26.23,79,40.5
40654,26.24,79,40.5
38954,26.24,79,40.5
37929,26.24,79,40.5
38608,26.24,79,40.5
37538,26.24,79,40.5
38621,26.24,79,40.51
38891,26.24,79,40.51
38935,26.24,79,40.51
39061,26.24,79,40.5
66892,26.24,79,40.51
67251,26.24,79,40.51
114171,26.24,79,40.51
107366,26.24,79,40.51
95656,26.24,79,40.51
114679,26.24,79,40.51
108108,26.24,79,40.51
96333,26.24,79,40.51
67402,26.24,79,40.51
38067,26.24,79,40.5
67512,26.24,79,40.5
64045,26.24,79,40.5
115103,26.24,79,40.5
60245,26.24,79,40.5
108021,26.24,79,40.5
96115,26.24,79,40.5
114968,26.24,79,40.51
108073,26.24,79,40.51
96280,26.24,79,40.51
36321,26.24,79,40.5
36306,26.24,79,40.5
36328,26.24,79,40.5
55669,26.24,79,40.51
56159,26.24,79,40.51
127519,26.25,79,40.51
87116,26.25,79,40.51
126489,26.25,79,40.51
87801,26.25,79,40.51
56244,26.24,79,40.51
56296,26.24,79,40.5
125509,26.25,79,40.51
122495,26.25,79,40.5
87910,26.25,79,40.51
87902,26.25,79,40.5
35303,26.24,79,40.5
35505,26.24,79,40.5
56376,26.24,79,40.5
56430,26.24,79,40.5
34955,26.24,79,40.5
35111,26.24,79,40.5
55563,26.24,79,40.5
56000,26.24,79,40.5
205783,26.25,79.01,40.5
112784,26.25,79,40.5
88030,26.25,79,40.5
118434,26.25,79,40.5
88312,26.25,79,40.5
95758,26.25,79,40.5
84872,26.25,79,40.5
105859,26.25,79,40.5
87368,26.25,79,40.5
33733,26.24,79,40.49
34695,26.24,79,40.5
35536,26.24,79,40.5
36007,26.24,79,40.5
37579,26.24,79,40.49
24707,26.24,79,40.49
29058,26.24,79,40.49
45743,26.24,79,40.49
30395,26.24,79,40.49
32339,26.24,79,40.49
45797,26.24,79,40.49
58576,26.24,79,40.49
119920,26.24,79.01,40.49
56749,26.24,79,40.49
143019,26.24,79.01,40.49
46622,26.24,79,40.49
67465,26.24,79,40.49
51622,26.24,79,40.49
154773,26.24,79.01,40.49
137886,26.24,79.01,40.49
78162,26.24,79,40.49
54460,26.24,79,40.49
86059,26.24,79,40.5
56460,26.24,79,40.5
88084,26.24,79,40.49
97527,26.24,79,40.5
34208,26.24,79,40.5
34624,26.24,79,40.5
54007,26.24,79,40.5
55064,26.24,79,40.5
83161,26.25,79,40.5
75416,26.25,79,40.5
88842,26.25,79,40.5
80009,26.25,79,40.5
142590,26.25,79.01,40.52
154987,26.25,79.01,40.52
132843,26.25,79.01,40.51
137898,26.25,79.01,40.51
118754,26.25,79.01,40.51
125796,26.25,79.01,40.51
139854,26.25,79.01,40.51
137773,26.25,79.01,40.51
133255,26.25,79.01,40.51
189574,26.25,79.01,40.5
203049,26.25,79.01,40.5
186373,26.25,79.01,40.5
177692,26.25,79.01,40.5
167643,26.25,79.01,40.49
162527,26.25,79.01,40.5
182277,26.25,79.01,40.5
170955,26.25,79.01,40.5
83637,26.25,79.01,40.52
109944,26.25,79.01,40.52
108019,26.25,79.01,40.52
123280,26.25,79.01,40.52
171914,26.25,79.01,40.52
185129,26.25,79.01,40.51
191297,26.25,79.01,40.51
197873,26.25,79.01,40.51
202780,26.25,79.01,40.51
207542,26.25,79.01,40.51
210685,26.25,79.01,40.51
211097,26.25,79.01,40.51
208124,26.25,79.01,40.51
207885,26.25,79.01,40.5
42,26.23,79,40.48
160,26.23,79,40.48
378,26.23,79,40.48
658,26.23,79,40.49
564,26.23,79,40.48
773,26.23,79,40.48
1002,26.23,79,40.49
1299,26.23,79,40.49
1625,26.23,79,40.49
1089,26.23,79,40.49
2635,26.23,79,40.49
3072,26.23,79,40.49
1720,26.23,79,40.49
2115,26.23,79,40.49
340,26.23,79,40.48
611,26.23,79,40.48
2299,26.23,79,40.49
1669,26.23,79,40.49
3574,26.23,79,40.49
2545,26.23,79,40.49
706,26.23,79,40.48
1109,26.23,79,40.49
1030,26.23,79,40.48
1644,26.23,79,40.49
3972,26.24,79,40.49
6469,26.24,79,40.49
2945,26.24,79,40.49
4598,26.24,79,40.49
1495,26.23,79,40.48
2162,26.24,79,40.48
2522,26.23,79,40.49
3984,26.24,79,40.49
13,26.23,79,40.48
6,26.23,79,40.48
28,26.23,79,40.48
105,26.23,79,40.48
14,26.23,79,40.48
64,26.24,79,40.48
175,26.23,79,40.48
29083,26.24,79,40.48
7502,26.24,79,40.49
5148,26.24,79,40.49
8183,26.24,79,40.49
7048,26.24,79,40.49
11537,26.24,79,40.49
4027,26.24,79,40.49
74418,26.24,79.01,40.49
17367,26.24,79,40.49
26659,26.24,79,40.49
12270,26.24,79,40.49
18325,26.24,79,40.49
1187,26.24,79,40.48
188,26.24,79,40.48
370,26.24,79,40.48
5372,26.24,79,40.48
1043,26.24,79,40.48
39859,26.24,79,40.49
33467,26.24,79,40.49
83253,26.24,79.01,40.49
3,26.22,79,40.53
4,26.22,79,40.53
18,26.22,79,40.53
3,26.21,79,40.52
89,26.21,79,40.52
335,26.21,79,40.52
25,26.21,79,40.52
147,26.21,79,40.52
686,26.22,79,40.52
1189,26.22,79,40.52
374,26.22,79,40.52
757,26.22,79,40.52
3,26.21,79,40.52
10,26.21,79,40.52
3,26.21,79,40.52
37,26.21,79,40.52
4,26.21,79,40.53
2,26.21,79,40.53
6,26.21,79,40.53
13,26.21,79,40.53
4,26.21,79,40.53
130,26.22,79,40.52
325,26.22,79,40.52
28,26.22,79,40.53
93,26.22,79,40.53
60,26.21,79,40.51
84,26.21,79,40.51
41,26.21,79,40.51
11,26.21,79,40.52
19,26.21,79,40.52
375,26.21,79,40.51
865,26.21,79,40.51
323,26.21,79,40.51
813,26.21,79,40.51
1384,26.22,79,40.51
2189,26.22,79,40.51
1452,26.22,79,40.51
2292,26.22,79,40.51
265,26.21,79,40.51
694,26.21,79,40.51
181,26.21,79,40.52
529,26.21,79,40.52
986,26.22,79,40.52
1622,26.22,79,40.52
1224,26.22,79,40.51
1962,26.22,79,40.51
4,26.2,79,40.51
96,26.21,79,40.51
6,26.2,79,40.5
95,26.21,79,40.5
3,26.2,79,40.5
3,26.2,79,40.5
9,26.2,79,40.5
7,26.2,79,40.5
76,26.21,79,40.5
4,26.2,79,40.5
2,26.2,79,40.5
40,26.21,79,40.5
390,26.21,79,40.51
870,26.21,79,40.51
391,26.21,79,40.5
858,26.21,79,40.5
1464,26.22,79,40.51
2317,26.22,79,40.51
1456,26.22,79,40.5
2317,26.22,79,40.5
277,26.21,79,40.5
738,26.21,79,40.5
357,26.21,79,40.5
824,26.21,79,40.5
1429,26.22,79,40.5
2296,26.22,79,40.5
1336,26.22,79,40.5
2194,26.22,79,40.5
23,26.21,79,40.5
9,26.21,79,40.49
170,26.21,79,40.5
571,26.21,79,40.5
69,26.21,79,40.49
353,26.21,79,40.49
1131,26.22,79,40.5
1940,26.22,79,40.5
829,26.22,79,40.49
1543,26.22,79,40.49
2,26.21,79,40.49
13,26.21,79,40.49
5,26.21,79,40.49
40,26.21,79,40.49
17,26.21,79,40.49
146,26.21,79,40.49
2,26.21,79,40.49
6,26.21,79,40.49
27,26.21,79,40.49
2,26.21,79,40.49
10,26.21,79,40.49
32,26.21,79,40.49
14,26.21,79,40.49
73,26.21,79,40.49
31,26.21,79,40.49
481,26.22,79,40.49
1074,26.22,79,40.49
174,26.22,79,40.49
502,26.22,79,40.49
3,26.21,79,40.49
6,26.21,79,40.49
2,26.21,79,40.49
12,26.21,79,40.49
4,26.21,79,40.49
2,26.21,79,40.49
41,26.22,79,40.49
158,26.22,79,40.49
8,26.22,79,40.49
38,26.22,79,40.49
2,26.22,79,40.48
9,26.22,79,40.48
8,26.22,79,40.48
26,26.23,79,40.48
32,26.22,79,40.48
90,26.23,79,40.48
408,26.22,79,40.49
777,26.23,79,40.49
123,26.22,79,40.49
293,26.23,79,40.49
2,26.22,79,40.48
8,26.23,79,40.48
2,26.22,79,40.53
10,26.22,79,40.53
51,26.22,79,40.53
6,26.23,79,40.53
7,26.23,79,40.53
24,26.23,79,40.53
99,26.23,79,40.53
22,26.23,79,40.53
47,26.23,79,40.53
26,26.23,79,40.53
57,26.23,79,40.53
98,26.23,79,40.53
201,26.23,79,40.53
125,26.23,79,40.53
267,26.23,79,40.53
4,26.23,79,40.54
15,26.23,79,40.53
7,26.23,79,40.54
18,26.23,79,40.53
65,26.23,79,40.53
265,26.23,79,40.53
68,26.23,79,40.53
228,26.24,79,40.53
423,26.24,79,40.53
270,26.24,79,40.53
524,26.24,79,40.53
2,26.24,79,40.54
16,26.24,79,40.54
3,26.24,79,40.54
7,26.24,79,40.53
36,26.24,79,40.53
12,26.24,79,40.53
108,26.24,79,40.53
36,26.24,79,40.53
168,26.24,79,40.53
308,26.24,79,40.53
350,26.24,79,40.53
572,26.24,79,40.53
678,26.24,79,40.53
228,26.24,79.01,40.53
398,26.24,79,40.53
1677,26.24,79,40.53
792,26.24,79,40.53
359,26.24,79,40.53
1363,26.24,79,40.53
756,26.24,79,40.53
65,26.24,79,40.53
1853,26.24,79,40.53
364,26.24,79.01,40.53
2607,26.22,79,40.51
2195,26.22,79,40.52
3025,26.22,79,40.51
2886,26.22,79,40.51
628,26.22,79,40.52
208,26.22,79,40.53
1676,26.22,79,40.52
1126,26.22,79,40.52
3074,26.22,79,40.5
3068,26.22,79,40.51
2958,26.22,79,40.5
3055,26.22,79,40.5
2698,26.22,79,40.5
2268,26.22,79,40.49
1738,26.22,79,40.49
984,26.22,79,40.49
2713,26.23,79,40.52
3170,26.23,79,40.51
8143,26.23,79,40.51
7112,26.23,79,40.52
3487,26.23,79,40.51
3662,26.23,79,40.51
8863,26.23,79,40.51
9258,26.23,79,40.51
9843,26.23,79,40.51
9401,26.23,79,40.51
13682,26.23,79,40.51
14145,26.23,79,40.51
21823,26.24,79,40.51
21295,26.24,79,40.51
22577,26.24,79,40.51
21971,26.24,79,40.51
14691,26.23,79,40.51
14407,26.23,79,40.51
22916,26.24,79,40.51
22374,26.24,79,40.51
23397,26.24,79,40.51
22811,26.24,79,40.51
8662,26.23,79,40.51
7624,26.23,79,40.52
11024,26.23,79,40.52
11856,26.23,79,40.52
17938,26.24,79,40.52
17536,26.24,79,40.52
19239,26.24,79,40.52
18715,26.24,79,40.52
11073,26.24,79,40.52
11882,26.24,79,40.52
18521,26.24,79,40.52
17893,26.24,79,40.52
17287,26.24,79,40.52
16728,26.24,79,40.52
12557,26.23,79,40.52
13201,26.23,79,40.51
20173,26.24,79,40.52
19695,26.24,79,40.52
21187,26.24,79,40.51
20608,26.24,79,40.51
12570,26.24,79,40.52
13189,26.24,79,40.51
20384,26.24,79,40.51
19429,26.24,79,40.52
18860,26.24,79,40.52
903,26.23,79,40.52
338,26.23,79,40.53
681,26.23,79,40.53
384,26.23,79,40.53
1049,26.23,79,40.53
554,26.23,79,40.53
2386,26.23,79,40.52
2138,26.23,79,40.52
1506,26.23,79,40.52
5762,26.23,79,40.52
4155,26.23,79,40.52
2668,26.23,79,40.52
962,26.23,79,40.53
781,26.24,79,40.53
1309,26.24,79,40.53
1010,26.24,79,40.53
1053,26.24,79,40.53
1815,26.24,79,40.53
1840,26.24,79,40.53
1094,26.24,79,40.53
1833,26.24,79,40.53
2148,26.24,79,40.52
4722,26.24,79,40.52
3163,26.24,79,40.52
3085,26.24,79,40.52
3001,26.24,79,40.52
4537,26.24,79,40.52
6279,26.23,79,40.52
4623,26.23,79,40.52
3048,26.24,79,40.52
4790,26.24,79,40.52
7808,26.23,79,40.52
6488,26.23,79,40.52
13207,26.24,79,40.52
12599,26.24,79,40.52
11002,26.24,79,40.52
10532,26.24,79,40.52
7666,26.24,79,40.52
6356,26.24,79,40.52
6166,26.24,79,40.52
9038,26.23,79,40.52
10080,26.23,79,40.52
14991,26.24,79,40.52
14634,26.24,79,40.52
16645,26.24,79,40.52
16196,26.24,79,40.52
7562,26.24,79,40.52
9070,26.24,79,40.52
10142,26.24,79,40.52
16027,26.24,79,40.52
15237,26.24,79,40.52
14383,26.24,79,40.52
13731,26.24,79,40.52
5996,26.24,79,40.52
7467,26.24,79,40.52
9041,26.24,79,40.52
11403,26.24,79,40.52
9836,26.24,79,40.52
8794,26.24,79,40.52
13278,26.24,79,40.52
14924,26.24,79,40.52
1143,26.24,79,40.53
1423,26.24,79,40.53
1859,26.24,79,40.53
2429,26.24,79,40.53
2945,26.24,79,40.52
4134,26.24,79,40.52
4417,26.24,79,40.52
6487,26.24,79,40.52
3275,26.25,79.01,40.53
1794,26.24,79,40.53
3661,26.24,79,40.53
1691,26.24,79,40.53
3124,26.24,79,40.53
7497,26.24,79,40.52
5745,26.24,79,40.52
13258,26.24,79,40.52
9539,26.24,79,40.52
8929,26.24,79,40.52
14433,26.24,79,40.52
25658,26.25,79.01,40.52
20295,26.24,79,40.52
13875,26.24,79,40.52
27575,26.24,79,40.52
17952,26.24,79,40.52
12651,26.24,79,40.52
14163,26.24,79,40.52
19119,26.24,79,40.52
21896,26.24,79,40.52
24829,26.25,79,40.52
35482,26.25,79,40.52
34194,26.25,79,40.52
92895,26.25,79.01,40.52
28173,26.25,79,40.52
41041,26.25,79,40.52
33245,26.25,79,40.52
13637,26.24,79,40.51
14086,26.24,79,40.51
21031,26.24,79,40.51
21746,26.24,79,40.51
14373,26.24,79,40.51
22121,26.24,79,40.51
14668,26.24,79,40.51
22602,26.24,79,40.51
36703,26.24,79,40.51
37436,26.24,79,40.51
61470,26.24,79,40.51
56958,26.24,79,40.51
62706,26.24,79,40.51
58109,26.24,79,40.51
34362,26.24,79,40.51
35077,26.24,79,40.51
19794,26.24,79,40.51
35027,26.24,79,40.51
36116,26.24,79,40.51
32189,26.24,79,40.51
59127,26.24,79,40.51
54285,26.24,79,40.51
60729,26.24,79,40.51
55779,26.24,79,40.51
32455,26.24,79,40.51
33515,26.24,79,40.51
13041,26.24,79,40.51
12395,26.24,79,40.52
18509,26.24,79,40.52
19692,26.24,79,40.51
10868,26.24,79,40.52
11700,26.24,79,40.52
16303,26.24,79,40.52
17557,26.24,79,40.52
17809,26.24,79,40.52
18826,26.24,79,40.51
27586,26.24,79,40.52
28961,26.24,79,40.51
64306,26.25,79,40.52
43612,26.25,79,40.52
69833,26.25,79,40.51
45712,26.25,79,40.51
15587,26.24,79,40.52
16776,26.24,79,40.52
24206,26.24,79,40.52
26036,26.24,79,40.52
49422,26.25,79,40.52
37473,26.25,79,40.52
57800,26.25,79,40.52
40851,26.25,79,40.52
32266,26.24,79,40.51
32944,26.24,79,40.51
75642,26.25,79,40.51
50119,26.25,79,40.51
77419,26.25,79,40.51
51102,26.25,79,40.51
30322,26.24,79,40.51
31400,26.24,79,40.51
71943,26.25,79,40.51
47383,26.25,79,40.51
73128,26.25,79,40.51
48845,26.25,79,40.51
3741,26.23,79,40.5
3728,26.23,79,40.51
9392,26.23,79,40.51
9419,26.23,79,40.5
3636,26.23,79,40.5
3725,26.23,79,40.5
9432,26.23,79,40.5
9311,26.23,79,40.5
10101,26.23,79,40.5
10009,26.23,79,40.5
14895,26.23,79,40.5
14879,26.23,79,40.5
23835,26.24,79,40.5
23308,26.24,79,40.5
23758,26.24,79,40.5
23262,26.24,79,40.5
15026,26.24,79,40.5
15035,26.24,79,40.5
23072,26.24,79,40.5
22474,26.24,79,40.5
23134,26.24,79,40.5
22502,26.24,79,40.5
14918,26.23,79,40.5
15002,26.23,79,40.5
23702,26.24,79,40.5
23226,26.24,79,40.5
23901,26.24,79,40.5
23367,26.24,79,40.5
15045,26.24,79,40.5
15122,26.24,79,40.5
23043,26.24,79,40.5
23198,26.24,79,40.5
22583,26.24,79,40.5
10087,26.23,79,40.5
10032,26.23,79,40.51
14906,26.23,79,40.51
14755,26.23,79,40.51
23448,26.24,79,40.51
22940,26.24,79,40.51
23713,26.24,79,40.51
23178,26.24,79,40.51
14971,26.23,79,40.5
14867,26.23,79,40.51
23610,26.24,79,40.51
23139,26.24,79,40.51
23807,26.24,79,40.5
23293,26.24,79,40.5
3392,26.23,79,40.5
2968,26.23,79,40.49
8836,26.23,79,40.5
7906,26.23,79,40.49
2417,26.23,79,40.49
1543,26.23,79,40.49
6500,26.23,79,40.49
2905,26.23,79,40.49
2270,26.23,79,40.49
4837,26.23,79,40.49
5282,26.23,79,40.49
3729,26.23,79,40.49
4211,26.23,79,40.49
7543,26.23,79,40.49
3698,26.23,79,40.49
3015,26.23,79,40.49
5850,26.23,79,40.49
4726,26.23,79,40.49
6118,26.24,79,40.49
5131,26.24,79,40.49
9954,26.24,79,40.49
8390,26.24,79,40.49
10411,26.24,79,40.49
8900,26.24,79,40.49
14856,26.24,79,40.49
17212,26.24,79,40.49
7174,26.24,79,40.49
11287,26.24,79,40.49
12647,26.24,79,40.49
11691,26.24,79,40.49
19130,26.24,79,40.49
18776,26.24,79,40.49
20330,26.24,79,40.49
19815,26.24,79,40.49
9630,26.23,79,40.5
8834,26.23,79,40.49
7881,26.24,79,40.49
12266,26.24,79,40.49
13720,26.23,79,40.5
13158,26.23,79,40.49
22358,26.24,79,40.5
21933,26.24,79,40.5
21631,26.24,79,40.49
21335,26.24,79,40.49
14025,26.24,79,40.5
13556,26.24,79,40.49
21932,26.24,79,40.5
21443,26.24,79,40.5
21352,26.24,79,40.49
20872,26.24,79,40.49
14574,26.23,79,40.5
14336,26.23,79,40.5
23186,26.24,79,40.5
22749,26.24,79,40.5
23441,26.24,79,40.5
22986,26.24,79,40.5
14587,26.24,79,40.5
14788,26.24,79,40.5
22829,26.24,79,40.5
22244,26.24,79,40.5
22629,26.24,79,40.5
22046,26.24,79,40.5
14779,26.24,79,40.51
22728,26.24,79,40.51
14946,26.24,79,40.51
23008,26.24,79,40.51
14943,26.24,79,40.51
22966,26.24,79,40.51
15049,26.24,79,40.5
23148,26.24,79,40.5
37657,26.24,79,40.51
38068,26.24,79,40.51
62937,26.24,79,40.51
58504,26.24,79,40.51
63697,26.24,79,40.51
59141,26.24,79,40.51
35810,26.24,79,40.51
35437,26.24,79,40.51
22768,26.24,79,40.5
38024,26.24,79,40.51
38258,26.24,79,40.5
36456,26.24,79,40.5
64021,26.24,79,40.5
59335,26.24,79,40.5
63508,26.24,79,40.51
59043,26.24,79,40.51
35849,26.24,79,40.51
35932,26.24,79,40.5
15188,26.24,79,40.5
15052,26.24,79,40.5
22357,26.24,79,40.5
22819,26.24,79,40.5
14953,26.24,79,40.5
14935,26.24,79,40.5
22192,26.24,79,40.5
22160,26.24,79,40.5
33376,26.24,79,40.51
33712,26.24,79,40.51
78530,26.25,79,40.51
51787,26.25,79,40.51
79010,26.25,79,40.51
52289,26.25,79,40.51
33815,26.24,79,40.51
33843,26.24,79,40.5
79727,26.25,79,40.51
79789,26.25,79,40.5
52484,26.25,79,40.51
52580,26.25,79,40.5
21741,26.24,79,40.5
21935,26.24,79,40.5
33438,26.24,79,40.5
33586,26.24,79,40.5
21461,26.24,79,40.5
21518,26.24,79,40.5
33096,26.24,79,40.5
33231,26.24,79,40.5
75309,26.25,79,40.5
52483,26.25,79,40.5
77853,26.25,79,40.5
52628,26.25,79,40.5
66455,26.25,79,40.5
51376,26.25,79,40.5
70994,26.25,79,40.5
52003,26.25,79,40.5
13702,26.24,79,40.49
14119,26.24,79,40.5
20679,26.24,79,40.49
21203,26.24,79,40.5
14737,26.24,79,40.5
14565,26.24,79,40.5
21743,26.24,79,40.5
21938,26.24,79,40.5
17007,26.24,79,40.49
12244,26.24,79,40.49
12967,26.24,79,40.49
18714,26.24,79,40.49
19747,26.24,79,40.49
105123,26.25,79.01,40.49
29555,26.24,79,40.49
39902,26.24,79,40.49
28903,26.24,79,40.49
45639,26.24,79,40.49
31306,26.24,79,40.49
47105,26.24,79,40.49
51989,26.24,79,40.49
117684,26.25,79.01,40.49
50117,26.24,79,40.49
32786,26.24,79,40.49
52325,26.24,79,40.5
33626,26.24,79,40.5
61866,26.25,79,40.49
68180,26.25,79,40.5
21111,26.24,79,40.5
21238,26.24,79,40.5
32443,26.24,79,40.5
32862,26.24,79,40.5
58888,26.25,79,40.5
147000,26.25,79.01,40.5
48725,26.25,79,40.5
62846,26.25,79,40.5
50327,26.25,79,40.5
3926,26.25,79,40.53
71613,26.25,79,40.52
78570,26.25,79,40.51
65373,26.25,79,40.52
118857,26.25,79.01,40.52
131473,26.25,79.01,40.52
91517,26.25,79,40.51
94534,26.25,79,40.51
84408,26.25,79,40.51
88083,26.25,79,40.51
96374,26.25,79,40.51
95982,26.25,79,40.51
93866,26.25,79,40.51
89863,26.25,79,40.5
163013,26.25,79.01,40.5
83149,26.25,79,40.5
167993,26.25,79.01,40.5
86562,26.25,79,40.5
158009,26.25,79.01,40.5
151682,26.25,79.01,40.5
94989,26.25,79,40.49
137716,26.25,79.01,40.49
146248,26.25,79.01,40.5
138222,26.25,79.01,40.5
68735,26.25,79.01,40.52
89331,26.25,79.01,40.52
102854,26.25,79.01,40.52
141505,26.25,79.01,40.52
152163,26.25,79.01,40.51
159447,26.25,79.01,40.51
164748,26.25,79.01,40.51
167962,26.25,79.01,40.51
172029,26.25,79.01,40.51
174627,26.25,79.01,40.51
175457,26.25,79.01,40.51
174403,26.25,79.01,40.51
172100,26.25,79.01,40.5
64,26.23,79,40.48
194,26.23,79,40.48
554,26.23,79,40.49
1227,26.23,79,40.49
360,26.23,79,40.48
646,26.24,79,40.48
1713,26.23,79,40.49
883,26.23,79,40.49
2269,26.24,79,40.49
2949,26.24,79,40.49
3353,26.24,79,40.49
4428,26.24,79,40.49
1808,26.24,79,40.49
6,26.23,79,40.48
3,26.23,79,40.48
2,26.23,79,40.48
22,26.23,79,40.48
7,26.24,79,40.48
3,26.23,79,40.48
134,26.23,79,40.48
36,26.23,79,40.48
69,26.23,79,40.48
20,26.24,79,40.48
216,26.24,79,40.48
50,26.24,79,40.48
16,26.24,79,40.48
4651,26.24,79,40.49
4655,26.24,79,40.49
2321,26.24,79,40.49
10531,26.24,79,40.49
476,26.24,79,40.48
804,26.24,79,40.48
366,26.24,79,40.48
4569,26.24,79,40.48
1335,26.24,79,40.48
995,26.24,79,40.48
10644,26.24,79,40.48
69448,26.25,79,40.49
6840,26.24,79,40.49
31722,26.24,79,40.49
69697,26.25,79,40.49
16622,26.24,79,40.49
5,26.22,79,40.53
7,26.22,79,40.53
21,26.22,79,40.53
4,26.21,79,40.52
62,26.21,79,40.52
175,26.22,79,40.52
25,26.21,79,40.52
89,26.22,79,40.52
367,26.22,79,40.52
585,26.22,79,40.52
216,26.22,79,40.52
386,26.22,79,40.52
7,26.21,79,40.52
31,26.22,79,40.52
2,26.22,79,40.53
8,26.22,79,40.53
90,26.22,79,40.52
201,26.22,79,40.52
28,26.22,79,40.53
72,26.22,79,40.53
2,26.2,79,40.51
46,26.21,79,40.51
5,26.2,79,40.51
59,26.21,79,40.51
2,26.2,79,40.51
36,26.21,79,40.51
11,26.21,79,40.52
23,26.21,79,40.52
200,26.21,79,40.51
430,26.22,79,40.51
177,26.21,79,40.51
401,26.22,79,40.51
724,26.22,79,40.51
1055,26.22,79,40.51
766,26.22,79,40.51
1115,26.22,79,40.51
148,26.21,79,40.51
345,26.22,79,40.51
107,26.21,79,40.52
266,26.22,79,40.52
516,26.22,79,40.52
782,26.22,79,40.52
639,26.22,79,40.51
943,26.22,79,40.51
2,26.2,79,40.5
10,26.2,79,40.51
66,26.21,79,40.51
12,26.2,79,40.5
68,26.21,79,40.5
2,26.2,79,40.5
11,26.2,79,40.5
59,26.21,79,40.5
5,26.2,79,40.5
41,26.21,79,40.5
207,26.21,79,40.51
436,26.22,79,40.51
207,26.21,79,40.5
431,26.22,79,40.5
778,26.22,79,40.51
1137,26.22,79,40.51
774,26.22,79,40.5
1138,26.22,79,40.5
160,26.21,79,40.5
375,26.22,79,40.5
192,26.21,79,40.5
413,26.22,79,40.5
757,26.22,79,40.5
1121,26.22,79,40.5
711,26.22,79,40.5
1072,26.22,79,40.5
4,26.21,79,40.5
22,26.21,79,40.5
12,26.21,79,40.49
114,26.21,79,40.5
305,26.22,79,40.5
64,26.21,79,40.49
210,26.22,79,40.49
615,26.22,79,40.5
963,26.22,79,40.5
473,26.22,79,40.49
795,26.22,79,40.49
5,26.21,79,40.49
26,26.21,79,40.49
114,26.22,79,40.49
7,26.21,79,40.49
43,26.22,79,40.49
307,26.22,79,40.49
587,26.22,79,40.49
144,26.22,79,40.49
334,26.22,79,40.49
12,26.22,79,40.49
3,26.22,79,40.49
50,26.22,79,40.49
144,26.22,79,40.49
15,26.22,79,40.49
50,26.22,79,40.49
4,26.22,79,40.48
4,26.22,79,40.48
15,26.22,79,40.48
15,26.23,79,40.48
37,26.23,79,40.48
44,26.23,79,40.48
101,26.23,79,40.48
308,26.23,79,40.49
532,26.23,79,40.49
126,26.23,79,40.49
254,26.23,79,40.49
2,26.23,79,40.48
5,26.23,79,40.48
14,26.23,79,40.48
4,26.23,79,40.53
14,26.23,79,40.53
47,26.23,79,40.53
3,26.23,79,40.54
3,26.23,79,40.54
9,26.23,79,40.53
3,26.23,79,40.54
12,26.23,79,40.53
28,26.23,79,40.53
84,26.23,79,40.53
45,26.23,79,40.53
156,26.23,79,40.53
7,26.23,79,40.54
23,26.23,79,40.53
9,26.24,79,40.54
28,26.24,79,40.53
72,26.23,79,40.53
222,26.23,79,40.53
92,26.24,79,40.53
218,26.24,79,40.53
378,26.24,79,40.53
265,26.24,79,40.53
468,26.24,79,40.53
17,26.24,79,40.54
29,26.24,79,40.54
5,26.24,79,40.54
46,26.24,79,40.53
13,26.24,79,40.53
64,26.24,79,40.53
132,26.24,79,40.53
169,26.24,79,40.53
411,26.24,79,40.53
558,26.24,79,40.53
20,26.24,79,40.53
581,26.25,79,40.53
261,26.24,79,40.53
65,26.24,79,40.53
347,26.25,79,40.53
701,26.24,79,40.53
1266,26.23,79,40.51
1069,26.23,79,40.52
1486,26.23,79,40.51
1406,26.23,79,40.51
339,26.23,79,40.52
142,26.23,79,40.53
829,26.23,79,40.52
576,26.23,79,40.52
1525,26.23,79,40.5
1520,26.23,79,40.51
1457,26.23,79,40.5
1508,26.23,79,40.5
1342,26.23,79,40.5
1158,26.23,79,40.49
919,26.23,79,40.49
598,26.23,79,40.49
1357,26.23,79,40.52
1584,26.23,79,40.51
3663,26.23,79,40.51
3173,26.23,79,40.52
1749,26.23,79,40.51
1850,26.23,79,40.51
4011,26.23,79,40.51
4219,26.23,79,40.51
4693,26.23,79,40.51
4456,26.23,79,40.51
9711,26.24,79,40.51
10188,26.24,79,40.51
4082,26.23,79,40.51
3565,26.23,79,40.52
7926,26.24,79,40.52
8052,26.24,79,40.52
8961,26.24,79,40.51
9079,26.24,79,40.51
483,26.23,79,40.52
224,26.23,79,40.53
469,26.23,79,40.53
1148,26.23,79,40.52
1078,26.23,79,40.52
777,26.23,79,40.52
2557,26.23,79,40.52
1855,26.23,79,40.52
1288,26.23,79,40.52
597,26.23,79,40.53
635,26.24,79,40.53
1010,26.24,79,40.53
824,26.24,79,40.53
867,26.24,79,40.53
1358,26.24,79,40.53
1379,26.24,79,40.53
724,26.24,79,40.53
1098,26.24,79,40.53
917,26.24,79,40.53
1422,26.24,79,40.53
2101,26.24,79,40.52
1519,26.24,79,40.52
3130,26.24,79,40.52
3086,26.24,79,40.52
2154,26.24,79,40.52
2149,26.24,79,40.52
1606,26.24,79,40.52
2226,26.24,79,40.52
2167,26.24,79,40.52
3088,26.24,79,40.52
2913,26.23,79,40.52
2140,26.23,79,40.52
5052,26.24,79,40.52
4894,26.24,79,40.52
4164,26.24,79,40.52
3546,26.24,79,40.52
2921,26.24,79,40.52
4113,26.24,79,40.52
5080,26.24,79,40.52
6579,26.24,79,40.52
6697,26.24,79,40.52
4663,26.24,79,40.52
6590,26.24,79,40.52
1223,26.24,79,40.53
2669,26.24,79,40.52
1879,26.24,79,40.53
2131,26.25,79,40.53
4923,26.24,79,40.52
16519,26.25,79,40.52
6618,26.25,79,40.52
9709,26.24,79,40.52
8430,26.24,79,40.52
9481,26.24,79,40.52
11956,26.25,79,40.52
13682,26.25,79,40.52
15508,26.25,79,40.52
22192,26.25,79,40.52
16748,26.25,79,40.52
27174,26.25,79,40.52
20239,26.25,79,40.52
9722,26.24,79,40.51
10199,26.24,79,40.51
21382,26.24,79,40.51
24090,26.24,79,40.51
21850,26.24,79,40.51
20010,26.24,79,40.51
22957,26.24,79,40.51
20826,26.24,79,40.51
9135,26.24,79,40.51
8021,26.24,79,40.52
12020,26.24,79,40.52
12753,26.24,79,40.51
17320,26.25,79,40.52
18339,26.25,79,40.51
39307,26.25,79,40.52
26360,26.25,79,40.52
41954,26.25,79,40.51
27818,26.25,79,40.51
10453,26.24,79,40.52
11291,26.24,79,40.52
15095,26.25,79,40.52
16338,26.25,79,40.52
32262,26.25,79,40.52
22738,26.25,79,40.52
36436,26.25,79,40.52
24790,26.25,79,40.52
14418,26.24,79,40.51
14751,26.24,79,40.51
20592,26.25,79,40.51
21103,26.25,79,40.51
46397,26.25,79,40.51
30892,26.25,79,40.51
47616,26.25,79,40.51
31636,26.25,79,40.51
13443,26.24,79,40.51
14032,26.24,79,40.51
19226,26.25,79,40.51
20061,26.25,79,40.51
43551,26.25,79,40.51
28990,26.25,79,40.51
45159,26.25,79,40.51
30120,26.25,79,40.51
1908,26.23,79,40.5
1897,26.23,79,40.51
4311,26.23,79,40.51
4336,26.23,79,40.5
1841,26.23,79,40.5
1893,26.23,79,40.5
4324,26.23,79,40.5
4243,26.23,79,40.5
4847,26.23,79,40.5
4775,26.23,79,40.5
10464,26.24,79,40.5
10707,26.24,79,40.5
10536,26.24,79,40.5
10754,26.24,79,40.5
4854,26.23,79,40.5
4812,26.23,79,40.51
10427,26.24,79,40.51
10515,26.24,79,40.5
1727,26.23,79,40.5
1537,26.23,79,40.49
4024,26.23,79,40.5
3626,26.23,79,40.49
1278,26.23,79,40.49
908,26.23,79,40.49
3076,26.23,79,40.49
2128,26.23,79,40.49
3700,26.23,79,40.49
2700,26.23,79,40.49
4347,26.24,79,40.49
3688,26.24,79,40.49
6521,26.24,79,40.49
5558,26.24,79,40.49
6965,26.24,79,40.49
5512,26.24,79,40.49
5006,26.24,79,40.49
8213,26.24,79,40.49
7428,26.24,79,40.49
8715,26.24,79,40.49
4582,26.23,79,40.5
4217,26.23,79,40.49
9469,26.24,79,40.49
9853,26.24,79,40.49
10161,26.24,79,40.5
10450,26.24,79,40.5
10470,26.24,79,40.51
10594,26.24,79,40.5
22361,26.24,79,40.51
24683,26.24,79,40.51
22106,26.24,79,40.51
22396,26.24,79,40.51
24855,26.24,79,40.5
22402,26.24,79,40.5
11011,26.24,79,40.5
10808,26.24,79,40.5
14939,26.24,79,40.51
15120,26.24,79,40.51
21349,26.25,79,40.51
21635,26.25,79,40.51
48185,26.25,79,40.51
32023,26.25,79,40.51
48831,26.25,79,40.51
32451,26.25,79,40.51
15155,26.24,79,40.51
15157,26.24,79,40.5
21663,26.25,79,40.51
21719,26.25,79,40.5
48815,26.25,79,40.51
49033,26.25,79,40.5
32532,26.25,79,40.51
32674,26.25,79,40.5
14889,26.24,79,40.5
15008,26.24,79,40.5
21391,26.25,79,40.5
21486,26.25,79,40.5
14655,26.24,79,40.5
14718,26.24,79,40.5
21139,26.25,79,40.5
21173,26.25,79,40.5
48624,26.25,79,40.5
32447,26.25,79,40.5
48601,26.25,79,40.5
32499,26.25,79,40.5
45383,26.25,79,40.5
32071,26.25,79,40.5
47509,26.25,79,40.5
32189,26.25,79,40.5
9973,26.24,79,40.49
10564,26.24,79,40.5
7779,26.24,79,40.49
9078,26.24,79,40.49
15234,26.24,79,40.49
20323,26.25,79,40.49
19657,26.24,79,40.49
98955,26.25,79,40.49
29037,26.25,79,40.49
21764,26.24,79,40.49
36469,26.25,79,40.5
14420,26.24,79,40.5
14501,26.24,79,40.5
20965,26.25,79,40.5
20950,26.25,79,40.5
41425,26.25,79,40.5
30696,26.25,79,40.5
43253,26.25,79,40.5
31631,26.25,79,40.5
20937,26.25,79,40.52
3063,26.25,79,40.53
25733,26.25,79,40.52
29672,26.25,79,40.52
49466,26.25,79,40.52
54182,26.25,79,40.51
36430,26.25,79,40.52
44558,26.25,79,40.52
95572,26.25,79.01,40.52
61671,26.25,79,40.51
64032,26.25,79,40.51
57212,26.25,79,40.51
59732,26.25,79,40.51
65087,26.25,79,40.51
65644,26.25,79,40.51
64337,26.25,79,40.51
63035,26.25,79,40.5
128711,26.25,79.01,40.5
58732,26.25,79,40.5
60499,26.25,79,40.5
50841,26.25,79,40.5
53633,26.25,79,40.5
121861,26.25,79.01,40.5
91767,26.25,79,40.49
78887,26.25,79,40.49
47110,26.25,79,40.5
47312,26.25,79,40.5
106176,26.25,79,40.49
113964,26.25,79,40.5
48743,26.25,79,40.52
75105,26.25,79.01,40.52
111602,26.25,79.01,40.51
123017,26.25,79.01,40.51
129123,26.25,79.01,40.51
132293,26.25,79.01,40.51
132249,26.25,79.01,40.5
80,26.23,79,40.48
195,26.23,79,40.48
433,26.23,79,40.49
803,26.23,79,40.49
328,26.24,79,40.48
585,26.24,79,40.48
1099,26.24,79,40.49
650,26.24,79,40.49
2188,26.24,79,40.49
1239,26.24,79,40.49
8,26.23,79,40.48
5,26.23,79,40.48
15,26.23,79,40.48
14,26.23,79,40.48
33,26.23,79,40.48
10,26.24,79,40.48
37,26.24,79,40.48
21,26.23,79,40.48
149,26.24,79,40.48
52,26.23,79,40.48
24,26.24,79,40.48
79,26.24,79,40.48
241,26.24,79,40.48
7,26.24,79,40.47
55,26.24,79,40.48
151,26.24,79,40.48
71,26.24,79,40.48
19,26.24,79,40.48
142,26.24,79,40.48
2580,26.24,79,40.49
2696,26.24,79,40.49
1556,26.24,79,40.49
5185,26.24,79,40.49
763,26.24,79,40.48
476,26.24,79,40.48
374,26.24,79,40.48
1205,26.24,79,40.48
807,26.24,79,40.48
1646,26.24,79,40.48
8785,26.25,79,40.48
12498,26.25,79,40.49
59030,26.25,79,40.49
28510,26.25,79,40.48
4143,26.24,79,40.49
9126,26.24,79,40.49
34542,26.25,79,40.49
1654,26.25,79,40.48
2,26.22,79,40.53
2,26.22,79,40.53
7,26.22,79,40.53
8,26.22,79,40.53
21,26.22,79,40.53
5,26.21,79,40.52
44,26.21,79,40.52
109,26.22,79,40.52
21,26.21,79,40.52
62,26.22,79,40.52
211,26.22,79,40.52
335,26.22,79,40.52
133,26.22,79,40.52
228,26.22,79,40.52
2,26.21,79,40.52
8,26.21,79,40.52
26,26.22,79,40.52
2,26.21,79,40.53
3,26.22,79,40.53
9,26.22,79,40.53
66,26.22,79,40.52
130,26.22,79,40.52
26,26.22,79,40.53
57,26.22,79,40.53
4,26.21,79,40.51
36,26.21,79,40.51
7,26.21,79,40.51
43,26.21,79,40.51
4,26.21,79,40.51
29,26.21,79,40.51
2,26.21,79,40.52
3,26.21,79,40.52
11,26.21,79,40.52
20,26.21,79,40.52
122,26.21,79,40.51
251,26.22,79,40.51
110,26.21,79,40.51
233,26.22,79,40.51
406,26.22,79,40.51
595,26.22,79,40.51
434,26.22,79,40.51
633,26.22,79,40.51
93,26.21,79,40.51
202,26.22,79,40.51
69,26.21,79,40.52
158,26.22,79,40.52
291,26.22,79,40.52
441,26.22,79,40.52
358,26.22,79,40.51
530,26.22,79,40.51
3,26.2,79,40.5
11,26.21,79,40.51
47,26.21,79,40.51
13,26.21,79,40.5
48,26.21,79,40.5
3,26.2,79,40.5
2,26.2,79,40.5
11,26.21,79,40.5
43,26.21,79,40.5
7,26.21,79,40.5
34,26.21,79,40.5
125,26.21,79,40.51
256,26.22,79,40.51
124,26.21,79,40.5
254,26.22,79,40.5
443,26.22,79,40.51
650,26.22,79,40.51
443,26.22,79,40.5
652,26.22,79,40.5
102,26.21,79,40.5
224,26.22,79,40.5
117,26.21,79,40.5
244,26.22,79,40.5
432,26.22,79,40.5
641,26.22,79,40.5
407,26.22,79,40.5
612,26.22,79,40.5
5,26.21,79,40.5
2,26.21,79,40.49
20,26.21,79,40.5
13,26.21,79,40.49
79,26.21,79,40.5
189,26.22,79,40.5
52,26.21,79,40.49
140,26.22,79,40.49
358,26.22,79,40.5
555,26.22,79,40.5
287,26.22,79,40.49
470,26.22,79,40.49
7,26.21,79,40.49
3,26.21,79,40.49
27,26.21,79,40.49
87,26.22,79,40.49
11,26.21,79,40.49
42,26.22,79,40.49
201,26.22,79,40.49
361,26.22,79,40.49
114,26.22,79,40.49
233,26.22,79,40.49
3,26.22,79,40.48
3,26.21,79,40.49
16,26.22,79,40.49
5,26.22,79,40.49
51,26.22,79,40.49
122,26.22,79,40.49
20,26.22,79,40.49
54,26.22,79,40.49
2,26.22,79,40.48
2,26.22,79,40.48
8,26.22,79,40.48
7,26.22,79,40.48
21,26.22,79,40.48
21,26.23,79,40.48
46,26.23,79,40.48
51,26.23,79,40.48
103,26.23,79,40.48
232,26.23,79,40.49
379,26.23,79,40.49
116,26.23,79,40.49
212,26.23,79,40.49
4,26.23,79,40.48
9,26.23,79,40.48
8,26.23,79,40.48
20,26.23,79,40.48
2,26.23,79,40.54
5,26.23,79,40.53
16,26.23,79,40.53
42,26.23,79,40.53
2,26.23,79,40.54
2,26.23,79,40.54
2,26.24,79,40.54
3,26.23,79,40.54
4,26.24,79,40.54
4,26.23,79,40.54
11,26.23,79,40.53
6,26.23,79,40.54
17,26.23,79,40.53
29,26.23,79,40.53
72,26.23,79,40.53
48,26.23,79,40.53
129,26.23,79,40.53
11,26.24,79,40.54
28,26.24,79,40.53
14,26.24,79,40.54
37,26.24,79,40.53
72,26.24,79,40.53
178,26.24,79,40.53
102,26.24,79,40.53
283,26.24,79,40.53
8,26.24,79,40.54
4,26.24,79,40.54
2,26.24,79,40.54
23,26.24,79,40.54
29,26.24,79,40.54
6,26.24,79,40.54
55,26.24,79,40.53
70,26.24,79,40.53
138,26.24,79,40.53
181,26.24,79,40.53
339,26.24,79,40.53
479,26.24,79,40.53
105,26.24,79,40.53
26,26.25,79,40.53
10,26.25,79,40.54
821,26.25,79,40.53
387,26.25,79,40.53
70,26.25,79,40.53
227,26.24,79,40.53
624,26.24,79,40.53
110,26.25,79,40.53
717,26.23,79,40.51
608,26.23,79,40.52
850,26.23,79,40.51
799,26.23,79,40.51
209,26.23,79,40.52
103,26.23,79,40.53
476,26.23,79,40.52
339,26.23,79,40.52
881,26.23,79,40.5
875,26.23,79,40.51
838,26.23,79,40.5
869,26.23,79,40.5
776,26.23,79,40.5
682,26.23,79,40.49
552,26.23,79,40.49
391,26.23,79,40.49
789,26.23,79,40.52
921,26.23,79,40.51
1894,26.23,79,40.51
1638,26.23,79,40.52
1020,26.23,79,40.51
1085,26.23,79,40.51
2081,26.23,79,40.51
2202,26.23,79,40.51
2530,26.24,79,40.51
2391,26.24,79,40.51
4804,26.24,79,40.51
5064,26.24,79,40.51
2181,26.24,79,40.51
1899,26.24,79,40.52
3875,26.24,79,40.52
4109,26.24,79,40.52
4413,26.24,79,40.51
4671,26.24,79,40.51
297,26.23,79,40.52
158,26.23,79,40.53
311,26.23,79,40.53
619,26.23,79,40.52
632,26.23,79,40.52
463,26.23,79,40.52
1325,26.23,79,40.52
974,26.23,79,40.52
726,26.24,79,40.52
391,26.24,79,40.53
687,26.24,79,40.53
768,26.24,79,40.53
1397,26.24,79,40.52
1487,26.24,79,40.52
1552,26.24,79,40.52
1154,26.24,79,40.52
2417,26.24,79,40.52
2426,26.24,79,40.52
3196,26.24,79,40.52
3423,26.24,79,40.52
2537,26.24,79,40.52
3481,26.24,79,40.52
838,26.24,79,40.53
1560,26.24,79,40.52
1243,26.25,79,40.53
1511,26.25,79,40.53
2603,26.25,79,40.52
3676,26.25,79,40.52
4619,26.25,79,40.52
6345,26.25,79,40.52
7493,26.25,79,40.52
11805,26.25,79,40.52
5140,26.24,79,40.51
5427,26.24,79,40.51
11054,26.24,79,40.51
10465,26.24,79,40.51
4863,26.24,79,40.51
4250,26.24,79,40.52
8910,26.25,79,40.51
17917,26.25,79,40.51
7787,26.25,79,40.52
15385,26.25,79,40.52
10424,26.25,79,40.51
20936,26.25,79,40.51
9807,26.25,79,40.51
19704,26.25,79,40.51
1129,26.23,79,40.5
1119,26.23,79,40.51
2264,26.23,79,40.51
2284,26.23,79,40.5
1086,26.23,79,40.5
1119,26.23,79,40.5
2272,26.23,79,40.5
2221,26.23,79,40.5
2631,26.24,79,40.5
2582,26.24,79,40.5
5214,26.24,79,40.5
5562,26.24,79,40.5
5277,26.24,79,40.5
5628,26.24,79,40.5
2638,26.24,79,40.5
2608,26.24,79,40.51
5209,26.24,79,40.51
5269,26.24,79,40.5
1021,26.23,79,40.5
917,26.23,79,40.49
2110,26.23,79,40.5
1919,26.23,79,40.49
773,26.23,79,40.49
582,26.23,79,40.49
1649,26.23,79,40.49
1246,26.23,79,40.49
1993,26.24,79,40.49
1585,26.24,79,40.49
3174,26.24,79,40.49
3766,26.24,79,40.49
4017,26.24,79,40.49
4537,26.24,79,40.49
2474,26.24,79,40.5
2286,26.24,79,40.49
4715,26.24,79,40.49
5081,26.24,79,40.49
5041,26.24,79,40.5
5400,26.24,79,40.5
5593,26.24,79,40.51
5665,26.24,79,40.5
11373,26.24,79,40.51
11469,26.24,79,40.5
5930,26.24,79,40.5
5840,26.24,79,40.5
10775,26.25,79,40.51
21668,26.25,79,40.51
10910,26.25,79,40.5
21983,26.25,79,40.5
10874,26.25,79,40.5
10736,26.25,79,40.5
21937,26.25,79,40.5
21631,26.25,79,40.5
5437,26.24,79,40.49
5686,26.24,79,40.5
4085,26.24,79,40.49
4940,26.24,79,40.49
7399,26.25,79,40.49
11967,26.25,79,40.49
9574,26.25,79,40.49
16071,26.25,79,40.49
10546,26.25,79,40.49
19130,26.25,79,40.5
10577,26.25,79,40.5
20939,26.25,79,40.5
4679,26.25,79,40.52
12388,26.25,79,40.52
2395,26.25,79,40.53
8604,26.25,79,40.52
15758,26.25,79,40.52
70745,26.25,79,40.52
28436,26.25,79,40.51
75832,26.25,79,40.52
22684,26.25,79,40.52
34798,26.25,79,40.51
32269,26.25,79,40.51
36294,26.25,79,40.51
35657,26.25,79,40.5
100767,26.25,79,40.5
33586,26.25,79,40.5
102442,26.25,79,40.5
31080,26.25,79,40.5
20410,26.25,79,40.49
75454,26.25,79,40.49
65682,26.25,79,40.49
23404,26.25,79,40.5
28238,26.25,79,40.5
83383,26.25,79,40.49
90678,26.25,79,40.5
35111,26.25,79,40.52
56430,26.25,79,40.52
84214,26.25,79,40.51
93390,26.25,79,40.51
98457,26.25,79,40.51
101272,26.25,79,40.51
102308,26.25,79,40.5
92927,26.25,79,40.5
88,26.23,79,40.48
180,26.23,79,40.48
338,26.23,79,40.49
553,26.23,79,40.49
284,26.24,79,40.48
490,26.24,79,40.48
751,26.24,79,40.49
490,26.24,79,40.49
1412,26.24,79,40.49
884,26.24,79,40.49
3,26.23,79,40.47
3,26.24,79,40.47
9,26.23,79,40.47
20,26.23,79,40.48
41,26.23,79,40.48
43,26.24,79,40.48
29,26.24,79,40.48
151,26.24,79,40.48
65,26.24,79,40.48
244,26.24,79,40.48
100,26.24,79,40.48
35,26.24,79,40.47
18,26.24,79,40.47
96,26.24,79,40.48
74,26.24,79,40.48
234,26.24,79,40.48
165,26.24,79,40.48
1767,26.24,79,40.49
1688,26.24,79,40.49
1103,26.24,79,40.49
2951,26.24,79,40.49
490,26.24,79,40.48
353,26.24,79,40.48
954,26.24,79,40.48
650,26.24,79,40.48
536,26.25,79,40.48
2317,26.25,79,40.48
1323,26.25,79,40.48
10403,26.25,79,40.48
50994,26.25,79,40.49
7824,26.25,79,40.49
4377,26.25,79,40.49
2847,26.25,79,40.49
4941,26.25,79,40.49
29486,26.25,79,40.49
438,26.25,79,40.48
51270,26.25,79,40.49
3,26.23,78.99,40.53
5,26.22,78.99,40.53
2,26.22,78.99,40.53
3,26.22,78.99,40.53
9,26.23,78.99,40.53
10,26.22,78.99,40.53
21,26.23,78.99,40.53
10,26.21,78.99,40.52
5,26.21,78.99,40.52
33,26.21,79,40.52
73,26.22,79,40.52
18,26.21,79,40.52
46,26.22,79,40.52
56,26.22,78.99,40.52
37,26.22,78.99,40.52
137,26.22,78.99,40.52
213,26.23,78.99,40.52
92,26.22,78.99,40.52
151,26.23,78.99,40.52
2,26.22,78.99,40.53
2,26.21,78.99,40.52
8,26.21,79,40.52
23,26.22,79,40.52
3,26.21,79,40.53
10,26.22,79,40.53
21,26.22,78.99,40.52
10,26.22,78.99,40.53
51,26.22,78.99,40.52
92,26.23,78.99,40.52
24,26.22,78.99,40.53
48,26.23,78.99,40.53
6,26.21,79,40.51
29,26.21,79,40.51
8,26.21,79,40.51
33,26.21,79,40.51
3,26.21,78.99,40.52
5,26.21,79,40.51
24,26.21,79,40.51
4,26.21,79,40.52
17,26.21,79,40.52
25,26.21,78.99,40.51
28,26.21,78.99,40.51
83,26.21,79,40.51
161,26.22,79,40.51
76,26.21,79,40.51
149,26.22,79,40.51
118,26.22,78.99,40.51
109,26.22,78.99,40.51
256,26.22,78.99,40.51
371,26.23,78.99,40.51
276,26.22,78.99,40.51
398,26.23,78.99,40.51
21,26.21,78.99,40.51
15,26.21,78.99,40.52
64,26.21,79,40.51
130,26.22,79,40.51
49,26.21,79,40.52
104,26.22,79,40.52
95,26.22,78.99,40.51
77,26.22,78.99,40.52
185,26.22,78.99,40.52
277,26.23,78.99,40.52
226,26.22,78.99,40.51
330,26.23,78.99,40.51
2,26.21,78.99,40.51
3,26.21,78.99,40.5
10,26.21,79,40.51
34,26.21,79,40.51
11,26.21,79,40.5
35,26.21,79,40.5
3,26.21,78.99,40.5
2,26.21,78.99,40.5
10,26.21,79,40.5
32,26.21,79,40.5
7,26.21,79,40.5
27,26.21,79,40.5
29,26.21,78.99,40.51
29,26.21,78.99,40.5
86,26.21,79,40.51
165,26.22,79,40.51
85,26.21,79,40.5
165,26.22,79,40.5
122,26.22,78.99,40.5
122,26.22,78.99,40.51
283,26.22,78.99,40.51
410,26.23,78.99,40.51
285,26.22,78.99,40.5
414,26.23,78.99,40.5
26,26.21,78.99,40.5
23,26.21,78.99,40.5
72,26.21,79,40.5
148,26.22,79,40.5
80,26.21,79,40.5
159,26.22,79,40.5
118,26.22,78.99,40.5
111,26.22,78.99,40.5
277,26.22,78.99,40.5
406,26.23,78.99,40.5
262,26.22,78.99,40.5
389,26.23,78.99,40.5
5,26.21,78.99,40.5
3,26.21,78.99,40.49
2,26.21,78.99,40.49
18,26.21,78.99,40.5
13,26.21,78.99,40.49
58,26.21,79,40.5
126,26.22,79,40.5
42,26.21,79,40.49
100,26.22,79,40.49
96,26.22,78.99,40.5
79,26.22,78.99,40.49
233,26.22,78.99,40.5
353,26.23,78.99,40.5
193,26.22,78.99,40.49
306,26.23,78.99,40.49
8,26.21,78.99,40.49
4,26.21,78.99,40.49
25,26.21,79,40.49
67,26.22,79,40.49
13,26.21,79,40.49
40,26.22,79,40.49
57,26.22,78.99,40.49
37,26.22,78.99,40.49
143,26.22,78.99,40.49
240,26.23,78.99,40.49
92,26.22,78.99,40.49
171,26.23,78.99,40.49
2,26.23,78.99,40.48
2,26.22,78.99,40.48
5,26.23,78.99,40.48
2,26.21,78.99,40.49
5,26.21,79,40.49
19,26.22,79,40.49
2,26.21,79,40.49
8,26.22,79,40.49
21,26.22,78.99,40.49
10,26.22,78.99,40.49
49,26.22,78.99,40.49
101,26.23,78.99,40.49
24,26.22,78.99,40.49
54,26.23,78.99,40.49
3,26.22,79,40.48
5,26.22,78.99,40.48
2,26.22,78.99,40.48
4,26.22,78.99,40.48
12,26.23,78.99,40.48
10,26.22,78.99,40.48
26,26.23,78.99,40.48
29,26.23,78.99,40.48
15,26.23,78.99,40.48
26,26.23,78.99,40.48
52,26.23,78.99,40.48
54,26.23,78.99,40.48
99,26.23,78.99,40.48
89,26.23,78.99,40.49
53,26.23,78.99,40.49
182,26.23,78.99,40.49
280,26.23,78.99,40.49
106,26.23,78.99,40.49
178,26.23,78.99,40.49
4,26.23,78.99,40.48
8,26.23,78.99,40.48
6,26.23,78.99,40.48
13,26.23,78.99,40.48
12,26.23,78.99,40.48
26,26.23,78.99,40.48
2,26.23,78.99,40.54
5,26.23,78.99,40.53
3,26.23,78.99,40.54
7,26.23,78.99,40.53
21,26.23,78.99,40.53
10,26.23,78.99,40.53
17,26.23,78.99,40.53
39,26.23,78.99,40.53
3,26.23,78.99,40.54
3,26.23,79,40.54
2,26.24,79,40.54
2,26.24,79,40.54
4,26.24,79,40.54
5,26.24,79,40.54
6,26.23,78.99,40.54
14,26.23,78.99,40.53
8,26.23,79,40.54
20,26.23,79,40.53
30,26.23,78.99,40.53
62,26.23,78.99,40.53
47,26.23,79,40.53
106,26.23,79,40.53
14,26.24,79,40.54
31,26.24,79,40.53
18,26.24,79,40.54
43,26.24,79,40.53
69,26.24,79,40.53
145,26.24,79,40.53
100,26.24,79,40.53
227,26.24,79,40.53
3,26.24,79,40.54
2,26.24,79,40.54
4,26.24,79,40.54
15,26.24,79,40.54
10,26.24,79,40.54
4,26.25,79,40.54
28,26.24,79,40.54
35,26.24,79,40.54
61,26.24,79,40.53
77,26.24,79,40.53
131,26.24,79,40.53
176,26.24,79,40.53
276,26.24,79,40.53
397,26.24,79,40.53
44,26.25,79,40.54
28,26.25,79,40.53
95,26.25,79,40.53
14,26.25,79,40.54
39,26.25,79,40.53
341,26.25,79,40.53
624,26.25,79,40.53
302,26.25,79,40.53
224,26.25,79,40.53
539,26.25,79,40.53
105,26.25,79,40.53
560,26.25,79,40.53
234,26.23,78.99,40.51
197,26.23,78.99,40.52
462,26.23,78.99,40.51
393,26.23,78.99,40.52
263,26.23,78.99,40.51
284,26.23,78.99,40.51
552,26.23,78.99,40.51
516,26.23,78.99,40.51
72,26.23,78.99,40.52
41,26.23,78.99,40.53
145,26.23,78.99,40.52
80,26.23,78.99,40.53
155,26.23,78.99,40.52
112,26.23,78.99,40.52
310,26.23,78.99,40.52
226,26.23,78.99,40.52
294,26.23,78.99,40.51
297,26.23,78.99,40.5
577,26.23,78.99,40.5
571,26.23,78.99,40.51
291,26.23,78.99,40.5
280,26.23,78.99,40.5
549,26.23,78.99,40.5
568,26.23,78.99,40.5
256,26.23,78.99,40.5
225,26.23,78.99,40.49
509,26.23,78.99,40.5
452,26.23,78.99,40.49
182,26.23,78.99,40.49
136,26.23,78.99,40.49
372,26.23,78.99,40.49
279,26.23,78.99,40.49
509,26.23,78.99,40.52
592,26.23,78.99,40.51
1122,26.23,79,40.51
971,26.23,79,40.52
657,26.23,78.99,40.51
703,26.23,78.99,40.51
1238,26.23,79,40.51
1316,26.23,79,40.51
1555,26.24,79,40.51
1462,26.24,79,40.51
2672,26.24,79,40.51
2829,26.24,79,40.51
1329,26.24,79,40.51
1155,26.24,79,40.52
2133,26.24,79,40.52
2331,26.24,79,40.52
2440,26.24,79,40.51
2669,26.24,79,40.51
203,26.23,78.99,40.52
120,26.23,78.99,40.53
217,26.23,79,40.53
384,26.23,79,40.52
409,26.23,78.99,40.52
306,26.23,78.99,40.52
787,26.23,79,40.52
587,26.23,79,40.52
472,26.24,79,40.52
278,26.24,79,40.53
469,26.24,79,40.53
539,26.24,79,40.53
842,26.24,79,40.52
936,26.24,79,40.52
946,26.24,79,40.52
711,26.24,79,40.52
1316,26.24,79,40.52
1439,26.24,79,40.52
1757,26.24,79,40.52
1924,26.24,79,40.52
1518,26.25,79,40.52
2034,26.25,79,40.52
596,26.25,79,40.53
998,26.25,79,40.52
866,26.25,79,40.53
1133,26.25,79,40.53
1547,26.25,79,40.52
2141,26.25,79,40.52
2516,26.25,79,40.52
3496,26.25,79,40.52
3939,26.25,79,40.52
5967,26.25,79,40.52
2951,26.24,79,40.51
3135,26.24,79,40.51
5672,26.24,79,40.51
5350,26.24,79,40.51
2853,26.25,79,40.51
2484,26.25,79,40.52
4985,26.25,79,40.51
9044,26.25,79,40.51
4327,26.25,79,40.52
7697,26.25,79,40.52
5822,26.25,79,40.51
10639,26.25,79,40.51
5474,26.25,79,40.51
9988,26.25,79,40.51
738,26.23,78.99,40.5
727,26.23,78.99,40.51
1360,26.23,79,40.51
1377,26.23,79,40.5
709,26.23,78.99,40.5
730,26.23,78.99,40.5
1368,26.23,79,40.5
1335,26.23,79,40.5
1628,26.24,79,40.5
1594,26.24,79,40.5
2914,26.24,79,40.5
3210,26.24,79,40.5
2961,26.24,79,40.5
3265,26.24,79,40.5
1633,26.24,79,40.5
1610,26.24,79,40.51
2923,26.24,79,40.51
2963,26.24,79,40.5
665,26.23,78.99,40.5
604,26.23,78.99,40.49
1267,26.23,79,40.5
1160,26.23,79,40.49
511,26.23,78.99,40.49
404,26.23,78.99,40.49
1002,26.23,79,40.49
793,26.23,79,40.49
1240,26.24,79,40.49
1018,26.24,79,40.49
1930,26.24,79,40.49
2234,26.24,79,40.49
2350,26.24,79,40.49
2641,26.24,79,40.49
1525,26.24,79,40.5
1411,26.24,79,40.49
2627,26.24,79,40.49
2924,26.24,79,40.49
2809,26.24,79,40.5
3104,26.24,79,40.5
3244,26.24,79,40.51
3289,26.24,79,40.5
5859,26.24,79,40.51
5933,26.24,79,40.5
3523,26.25,79,40.5
3477,26.25,79,40.5
6032,26.25,79,40.51
11041,26.25,79,40.51
6140,26.25,79,40.5
11248,26.25,79,40.5
6165,26.25,79,40.5
6103,26.25,79,40.5
11289,26.25,79,40.5
11112,26.25,79,40.5
3217,26.25,79,40.49
3378,26.25,79,40.5
2454,26.25,79,40.49
2925,26.25,79,40.49
4201,26.25,79,40.49
7105,26.25,79,40.49
5140,26.25,79,40.49
8706,26.25,79,40.49
5669,26.25,79,40.49
10078,26.25,79,40.49
5965,26.25,79,40.5
10805,26.25,79,40.5
1156,26.25,79,40.53
8480,26.25,79,40.52
2501,26.25,79,40.52
11327,26.25,79,40.52
2084,26.25,79,40.53
4994,26.25,79,40.52
8512,26.25,79,40.52
15161,26.25,79,40.52
56147,26.26,79,40.52
17675,26.25,79,40.51
14831,26.25,79,40.51
12017,26.25,79,40.52
22101,26.25,79,40.51
18401,26.25,79,40.51
20370,26.25,79,40.51
17037,26.25,79,40.51
23106,26.25,79,40.51
19162,26.25,79,40.51
23151,26.25,79,40.5
19089,26.25,79,40.5
22381,26.25,79,40.5
80284,26.26,79,40.5
21887,26.25,79,40.5
18410,26.25,79,40.5
17700,26.25,79,40.5
62480,26.25,79,40.49
10302,26.25,79,40.49
65962,26.25,79,40.49
12970,26.25,79,40.49
55945,26.25,79,40.49
14660,26.25,79,40.5
16452,26.25,79,40.5
69471,26.25,79,40.5
74323,26.25,79,40.5
26733,26.25,79,40.52
43783,26.25,79,40.52
65168,26.26,79,40.51
72326,26.26,79,40.51
76925,26.26,79,40.51
79659,26.26,79,40.51
80867,26.26,79,40.5
77515,26.26,79,40.5
2,26.23,78.99,40.47
2,26.24,79,40.47
6,26.24,79,40.47
5,26.24,79,40.47
95,26.23,78.99,40.48
55,26.23,78.99,40.48
91,26.24,78.99,40.48
163,26.24,78.99,40.48
226,26.23,78.99,40.49
154,26.23,78.99,40.49
273,26.24,78.99,40.49
408,26.24,78.99,40.49
242,26.24,78.99,40.48
402,26.24,79,40.48
540,26.24,78.99,40.49
383,26.24,78.99,40.49
955,26.24,79,40.49
654,26.24,79,40.49
7,26.23,78.99,40.47
15,26.24,79,40.47
17,26.23,78.99,40.48
31,26.23,78.99,40.48
26,26.24,78.99,40.48
48,26.24,78.99,40.48
146,26.24,78.99,40.48
231,26.24,79,40.48
57,26.24,79,40.48
38,26.24,79,40.48
76,26.24,79,40.48
114,26.24,79,40.48
23,26.25,79,40.47
46,26.24,79,40.47
99,26.25,79,40.47
157,26.24,79,40.48
251,26.25,79,40.48
1282,26.25,79,40.49
1150,26.24,78.99,40.49
813,26.24,78.99,40.49
1876,26.25,79,40.49
462,26.25,79,40.48
326,26.24,78.99,40.48
784,26.25,79,40.48
529,26.24,78.99,40.48
6005,26.25,79,40.48
559,26.25,79,40.48
1512,26.25,79,40.48
1078,26.25,79,40.48
27680,26.25,79,40.48
3376,26.25,79,40.49
5189,26.25,79,40.49
1904,26.25,79,40.49
3026,26.25,79,40.49
711,26.25,79,40.48
12335,26.25,79,40.48
7777,26.25,79,40.49
34745,26.25,79,40.49
2,26.22,78.99,40.53
6,26.22,78.99,40.53
3,26.21,78.99,40.52
2,26.21,78.99,40.52
14,26.22,78.99,40.52
55,26.22,78.99,40.52
5,26.22,78.99,40.53
22,26.22,78.99,40.53
5,26.21,78.99,40.51
3,26.21,78.99,40.52
37,26.22,78.99,40.51
119,26.22,78.99,40.51
27,26.22,78.99,40.52
92,26.22,78.99,40.52
7,26.21,78.99,40.51
6,26.21,78.99,40.5
41,26.22,78.99,40.51
129,26.22,78.99,40.51
37,26.22,78.99,40.5
123,26.22,78.99,40.5
2,26.21,78.99,40.5
6,26.21,78.99,40.5
4,26.21,78.99,40.49
3,26.21,78.99,40.49
27,26.22,78.99,40.5
100,26.22,78.99,40.5
14,26.22,78.99,40.49
62,26.22,78.99,40.49
2,26.22,78.99,40.48
5,26.22,78.99,40.49
27,26.22,78.99,40.49
9,26.22,78.99,40.48
35,26.23,78.99,40.48
88,26.23,78.99,40.49
4,26.23,78.99,40.47
12,26.23,78.99,40.48
2,26.23,78.99,40.54
6,26.23,78.99,40.54
22,26.23,78.99,40.53
2,26.23,78.99,40.54
4,26.23,78.99,40.54
2,26.24,78.99,40.54
5,26.24,78.99,40.54
4,26.24,79,40.54
3,26.24,79,40.54
6,26.24,79,40.54
8,26.24,79,40.54
8,26.23,78.99,40.54
16,26.23,78.99,40.53
11,26.24,78.99,40.54
22,26.24,78.99,40.53
30,26.23,78.99,40.53
56,26.23,78.99,40.53
46,26.24,78.99,40.53
90,26.24,78.99,40.53
17,26.24,78.99,40.54
34,26.24,78.99,40.53
22,26.24,79,40.54
46,26.24,79,40.53
66,26.24,78.99,40.53
121,26.24,78.99,40.53
94,26.24,79,40.53
184,26.24,79,40.53
4,26.24,79,40.54
2,26.25,79,40.54
12,26.24,79,40.54
23,26.25,79,40.54
7,26.25,79,40.54
33,26.24,78.99,40.54
41,26.25,79,40.54
63,26.24,78.99,40.53
81,26.25,79,40.53
121,26.24,78.99,40.53
164,26.25,79,40.53
227,26.24,78.99,40.53
321,26.25,79,40.53
29,26.25,79,40.54
121,26.25,79,40.53
48,26.25,79,40.54
101,26.25,79,40.53
99,26.25,79,40.53
249,26.25,79,40.53
212,26.25,79,40.53
535,26.25,79,40.53
437,26.25,79,40.53
69,26.25,79,40.53
644,26.25,79,40.53
318,26.25,79,40.53
200,26.23,78.99,40.52
251,26.23,78.99,40.51
62,26.23,78.99,40.53
130,26.23,78.99,40.52
273,26.23,78.99,40.51
267,26.23,78.99,40.5
231,26.23,78.99,40.5
165,26.23,78.99,40.49
366,26.23,78.99,40.52
426,26.23,78.99,40.51
746,26.24,78.99,40.51
646,26.24,78.99,40.52
473,26.23,78.99,40.51
507,26.23,78.99,40.51
826,26.24,78.99,40.51
882,26.24,78.99,40.51
1042,26.24,78.99,40.51
976,26.24,78.99,40.51
1671,26.24,79,40.51
1778,26.24,79,40.51
883,26.24,78.99,40.51
768,26.24,78.99,40.52
1321,26.24,79,40.52
1478,26.24,78.99,40.52
1515,26.24,79,40.51
1701,26.24,78.99,40.51
155,26.23,78.99,40.52
98,26.23,78.99,40.53
165,26.24,78.99,40.53
269,26.24,78.99,40.52
297,26.23,78.99,40.52
225,26.23,78.99,40.52
525,26.24,78.99,40.52
398,26.24,78.99,40.52
333,26.24,78.99,40.52
212,26.24,78.99,40.53
338,26.24,79,40.53
397,26.24,78.99,40.53
556,26.24,79,40.52
635,26.24,78.99,40.52
629,26.24,78.99,40.52
483,26.24,78.99,40.52
822,26.24,79,40.52
927,26.24,78.99,40.52
1086,26.24,79,40.52
1217,26.24,78.99,40.52
1000,26.25,78.99,40.52
1312,26.25,78.99,40.52
447,26.25,78.99,40.53
690,26.25,78.99,40.52
633,26.25,79,40.53
839,26.25,79,40.53
1025,26.25,79,40.52
1424,26.25,79,40.52
1551,26.25,79,40.52
2103,26.25,79,40.52
2327,26.25,79,40.52
3351,26.25,79,40.52
1890,26.24,78.99,40.51
2021,26.24,78.99,40.51
3339,26.25,79,40.51
3137,26.25,79,40.51
1846,26.25,78.99,40.51
1604,26.25,78.99,40.52
3000,26.25,79,40.51
4989,26.25,79,40.51
2596,26.25,79,40.52
4251,26.25,79,40.52
3484,26.25,79,40.51
5851,26.25,79,40.51
3278,26.25,79,40.51
5494,26.25,79,40.51
536,26.23,78.99,40.5
527,26.23,78.99,40.51
915,26.24,78.99,40.51
929,26.24,78.99,40.5
516,26.23,78.99,40.5
531,26.23,78.99,40.5
923,26.24,78.99,40.5
901,26.24,78.99,40.5
1097,26.24,78.99,40.5
1075,26.24,78.99,40.5
1832,26.24,79,40.5
2073,26.24,78.99,40.5
1867,26.24,79,40.5
2113,26.24,78.99,40.5
1102,26.24,78.99,40.5
1082,26.24,78.99,40.51
1844,26.24,79,40.51
1873,26.24,79,40.5
485,26.23,78.99,40.5
442,26.23,78.99,40.49
854,26.24,78.99,40.5
784,26.24,78.99,40.49
379,26.23,78.99,40.49
308,26.23,78.99,40.49
680,26.24,78.99,40.49
556,26.24,78.99,40.49
841,26.24,78.99,40.49
708,26.24,78.99,40.49
1250,26.24,79,40.49
1460,26.24,78.99,40.49
1481,26.24,79,40.49
1710,26.24,78.99,40.49
1025,26.24,78.99,40.5
953,26.24,78.99,40.49
1648,26.24,79,40.49
1885,26.24,78.99,40.49
1761,26.24,79,40.5
2000,26.24,78.99,40.5
2095,26.24,78.99,40.51
2133,26.24,78.99,40.5
3455,26.25,79,40.51
3520,26.25,79,40.5
2318,26.25,78.99,40.5
2286,26.25,78.99,40.5
3622,26.25,79,40.51
6089,26.25,79,40.51
3713,26.25,79,40.5
6231,26.25,79,40.5
3760,26.25,79,40.5
3732,26.25,79,40.5
6308,26.25,79,40.5
6244,26.25,79,40.5
2096,26.25,78.99,40.49
2214,26.25,78.99,40.5
1633,26.25,78.99,40.49
1905,26.25,78.99,40.49
2643,26.25,79,40.49
4274,26.25,79,40.49
3106,26.25,79,40.49
5043,26.25,79,40.49
3424,26.25,79,40.49
5731,26.25,79,40.49
3630,26.25,79,40.5
6088,26.25,79,40.5
2247,26.25,79,40.52
935,26.25,79,40.53
1777,26.25,79,40.52
6997,26.26,79,40.52
2143,26.26,79,40.53
3961,26.25,79,40.52
6694,26.25,79,40.52
3133,26.25,79,40.52
5049,26.25,79,40.52
46866,26.26,79,40.52
9437,26.26,79,40.52
11367,26.26,79,40.51
8033,26.25,79,40.51
6547,26.25,79,40.52
14040,26.26,79,40.51
9842,26.25,79,40.51
12936,26.26,79,40.51
9122,26.25,79,40.51
14767,26.26,79,40.51
10280,26.25,79,40.51
15038,26.26,79,40.5
10449,26.25,79,40.5
69976,26.26,79,40.5
14994,26.25,79,40.5
14423,26.25,79,40.5
10395,26.25,79,40.5
10041,26.25,79,40.5
54243,26.26,79,40.49
11067,26.25,79,40.49
7327,26.25,79,40.49
8256,26.25,79,40.49
48335,26.26,79,40.49
11902,26.25,79,40.5
13170,26.25,79,40.5
8687,26.25,79,40.5
9686,26.25,79,40.5
58964,26.26,79,40.49
62445,26.26,79,40.5
20364,26.26,79,40.52
34776,26.26,79,40.52
45100,26.26,79,40.52
52848,26.26,79,40.51
58926,26.26,79,40.51
63145,26.26,79,40.51
65549,26.26,79,40.51
66670,26.26,79,40.5
64558,26.26,79,40.5
65279,26.26,79,40.5
5,26.24,78.99,40.47
9,26.24,78.99,40.47
2,26.24,78.99,40.46
4,26.24,78.99,40.46
23,26.25,79,40.47
3,26.25,79,40.46
7,26.25,79,40.47
19,26.24,78.99,40.47
93,26.24,78.99,40.48
197,26.24,78.99,40.49
139,26.24,78.99,40.48
214,26.24,78.99,40.48
217,26.24,78.99,40.48
338,26.24,78.99,40.48
422,26.24,78.99,40.49
313,26.24,78.99,40.49
695,26.24,78.99,40.49
508,26.24,78.99,40.49
13,26.24,78.99,40.47
26,26.24,78.99,40.47
37,26.24,78.99,40.48
78,26.24,78.99,40.48
60,26.25,78.99,40.47
99,26.25,79,40.47
85,26.25,78.99,40.47
164,26.25,78.99,40.48
261,26.25,79,40.48
829,26.25,78.99,40.49
414,26.25,78.99,40.48
886,26.25,79,40.48
1983,26.25,79,40.49
426,26.26,79,40.47
1641,26.26,79,40.48
1614,26.25,79,40.48
9782,26.26,79,40.48
28302,26.26,79,40.49
3983,26.25,79,40.49
3,26.23,78.99,40.54
2,26.22,78.99,40.53
8,26.23,78.99,40.53
3,26.21,78.99,40.52
13,26.22,78.99,40.52
40,26.23,78.99,40.52
6,26.22,78.99,40.53
20,26.23,78.99,40.53
7,26.21,78.99,40.51
5,26.21,78.99,40.52
29,26.22,78.99,40.51
79,26.23,78.99,40.51
22,26.22,78.99,40.52
62,26.23,78.99,40.52
8,26.21,78.99,40.51
7,26.21,78.99,40.5
32,26.22,78.99,40.51
86,26.23,78.99,40.51
30,26.22,78.99,40.5
84,26.23,78.99,40.5
5,26.21,78.99,40.5
3,26.21,78.99,40.49
24,26.22,78.99,40.5
71,26.23,78.99,40.5
15,26.22,78.99,40.49
50,26.23,78.99,40.49
2,26.23,78.99,40.47
5,26.23,78.99,40.48
7,26.22,78.99,40.49
28,26.23,78.99,40.49
3,26.22,78.99,40.48
12,26.23,78.99,40.48
37,26.23,78.99,40.48
72,26.23,78.99,40.49
7,26.23,78.99,40.47
16,26.23,78.99,40.48
3,26.23,78.99,40.47
3,26.23,78.99,40.54
8,26.23,78.99,40.54
21,26.23,78.99,40.53
2,26.24,78.99,40.55
2,26.24,78.99,40.55
3,26.24,78.99,40.54
5,26.24,78.99,40.54
8,26.24,78.99,40.54
17,26.24,78.99,40.54
50,26.24,78.99,40.53
20,26.24,78.99,40.54
35,26.24,78.99,40.53
26,26.24,78.99,40.54
48,26.24,78.99,40.53
62,26.24,78.99,40.53
106,26.24,78.99,40.53
88,26.24,78.99,40.53
156,26.24,78.99,40.53
7,26.25,78.99,40.54
3,26.25,79,40.55
12,26.25,78.99,40.54
19,26.25,78.99,40.54
9,26.25,79,40.54
27,26.25,78.99,40.54
58,26.25,78.99,40.54
166,26.25,78.99,40.53
88,26.25,79,40.54
284,26.25,79,40.53
5,26.26,79,40.54
15,26.26,79,40.54
132,26.25,79,40.53
62,26.26,79,40.54
424,26.26,79,40.53
360,26.25,79,40.53
129,26.23,78.99,40.52
160,26.23,78.99,40.51
48,26.23,78.99,40.53
87,26.23,78.99,40.52
175,26.23,78.99,40.51
172,26.23,78.99,40.5
152,26.23,78.99,40.5
116,26.23,78.99,40.49
345,26.24,78.99,40.52
426,26.24,78.99,40.51
764,26.24,78.99,40.51
713,26.24,78.99,40.51
1152,26.24,78.99,40.51
1232,26.24,78.99,40.51
646,26.24,78.99,40.51
561,26.24,78.99,40.52
904,26.24,78.99,40.52
1013,26.25,78.99,40.52
1040,26.24,78.99,40.51
1168,26.25,78.99,40.51
122,26.24,78.99,40.53
234,26.24,78.99,40.52
257,26.24,78.99,40.52
171,26.24,78.99,40.53
262,26.24,78.99,40.53
309,26.25,78.99,40.53
402,26.24,78.99,40.52
460,26.25,78.99,40.52
462,26.24,78.99,40.52
359,26.24,78.99,40.52
573,26.24,78.99,40.52
648,26.25,78.99,40.52
744,26.24,78.99,40.52
833,26.25,78.99,40.52
489,26.25,78.99,40.52
621,26.25,78.99,40.52
720,26.25,78.99,40.52
929,26.25,78.99,40.52
252,26.25,78.99,40.53
360,26.25,78.99,40.52
356,26.25,78.99,40.53
518,26.25,78.99,40.52
491,26.25,78.99,40.53
651,26.25,79,40.53
741,26.25,78.99,40.52
1017,26.25,79,40.52
1057,26.25,78.99,40.52
1401,26.25,78.99,40.52
1533,26.25,79,40.52
2103,26.25,79,40.52
1488,26.25,78.99,40.51
858,26.25,78.99,40.51
749,26.25,78.99,40.52
1306,26.25,78.99,40.51
1130,26.25,78.99,40.52
1996,26.25,78.99,40.51
3079,26.25,79,40.51
1717,26.25,78.99,40.52
2633,26.25,79,40.52
2370,26.25,78.99,40.51
3655,26.25,79,40.51
2214,26.25,78.99,40.51
3412,26.25,79,40.51
464,26.24,78.99,40.51
461,26.24,78.99,40.5
812,26.24,78.99,40.5
795,26.24,78.99,40.5
1274,26.24,78.99,40.5
1443,26.25,78.99,40.5
1299,26.24,78.99,40.5
1477,26.25,78.99,40.5
812,26.24,78.99,40.5
796,26.24,78.99,40.51
1281,26.24,78.99,40.51
1305,26.24,78.99,40.5
414,26.24,78.99,40.5
320,26.24,78.99,40.49
629,26.24,78.99,40.49
536,26.24,78.99,40.49
881,26.24,78.99,40.49
1027,26.25,78.99,40.49
1029,26.24,78.99,40.49
1185,26.25,78.99,40.49
759,26.24,78.99,40.5
706,26.24,78.99,40.49
1145,26.24,78.99,40.49
1310,26.25,78.99,40.49
1222,26.24,78.99,40.5
1388,26.25,78.99,40.5
1620,26.25,78.99,40.51
1100,26.25,78.99,40.5
1084,26.25,78.99,40.5
1671,26.25,78.99,40.5
1640,26.25,78.99,40.5
2471,26.25,78.99,40.51
3809,26.25,79,40.51
2538,26.25,78.99,40.5
3912,26.25,79,40.5
2542,26.25,78.99,40.5
2513,26.25,78.99,40.5
3934,26.25,79,40.5
3905,26.25,79,40.5
1044,26.25,78.99,40.5
984,26.25,78.99,40.49
1496,26.25,78.99,40.49
1584,26.25,78.99,40.5
777,26.25,78.99,40.49
893,26.25,78.99,40.49
1187,26.25,78.99,40.49
1361,26.25,78.99,40.49
1783,26.25,78.99,40.49
2832,26.25,79,40.49
2084,26.25,78.99,40.49
3244,26.25,79,40.49
2297,26.25,78.99,40.49
3595,26.25,79,40.49
2434,26.25,78.99,40.5
3794,26.25,79,40.5
5782,26.26,79,40.52
3028,26.26,79,40.53
844,26.26,79,40.53
1592,26.26,79,40.52
781,26.25,79,40.53
1279,26.25,79,40.52
2859,26.26,79,40.52
4541,26.26,79,40.52
2103,26.25,79,40.52
3068,26.25,79,40.52
9120,26.26,79,40.51
8604,26.26,79,40.52
6865,26.26,79,40.51
4760,26.25,79,40.51
5963,26.26,79,40.52
3927,26.25,79,40.52
11158,26.26,79,40.51
10166,26.26,79,40.51
8392,26.26,79,40.51
5790,26.25,79,40.51
7714,26.26,79,40.51
5356,26.25,79,40.51
11579,26.26,79,40.51
12021,26.26,79,40.5
12212,26.26,79,40.5
8813,26.26,79,40.51
6047,26.25,79,40.51
9064,26.26,79,40.5
6207,26.25,79,40.5
9478,26.26,79,40.5
9445,26.26,79,40.5
6164,26.25,79,40.5
6028,26.25,79,40.5
40482,26.26,79,40.49
43500,26.26,79,40.49
6951,26.26,79,40.49
7752,26.26,79,40.49
4548,26.25,79,40.49
5013,26.25,79,40.49
47580,26.26,79,40.5
58745,26.26,79,40.5
53993,26.26,79,40.49
8590,26.26,79,40.5
8938,26.26,79,40.5
5531,26.25,79,40.49
5836,26.25,79,40.5
20587,26.26,79,40.52
36925,26.26,79,40.52
46422,26.26,79,40.51
50628,26.26,79,40.51
51059,26.26,79,40.5
8,26.24,78.99,40.47
14,26.24,78.99,40.47
4,26.24,78.99,40.46
6,26.24,78.99,40.46
2,26.24,78.99,40.46
39,26.25,78.99,40.47
25,26.25,79,40.47
11,26.25,78.99,40.46
4,26.25,79,40.46
23,26.25,78.99,40.47
84,26.24,78.99,40.48
147,26.24,78.99,40.49
191,26.24,78.99,40.48
351,26.24,78.99,40.49
19,26.24,78.99,40.47
34,26.24,78.99,40.47
41,26.24,78.99,40.48
85,26.24,78.99,40.48
70,26.25,78.99,40.47
106,26.25,78.99,40.47
155,26.25,78.99,40.48
268,26.25,78.99,40.48
530,26.25,78.99,40.49
313,26.25,78.99,40.48
600,26.25,78.99,40.48
1096,26.25,78.99,40.49
8,26.25,79,40.46
140,26.26,78.99,40.47
431,26.26,79,40.47
348,26.26,78.99,40.48
2482,26.26,79,40.48
12292,26.26,79,40.48
8723,26.26,79,40.48
1133,26.26,78.99,40.48
24018,26.26,79,40.49
2492,26.26,78.99,40.49
2,26.23,78.98,40.54
4,26.23,78.98,40.54
3,26.22,78.98,40.53
9,26.23,78.98,40.53
3,26.22,78.99,40.52
2,26.22,78.99,40.53
13,26.22,78.98,40.52
33,26.23,78.98,40.52
7,26.22,78.98,40.53
19,26.23,78.98,40.53
7,26.22,78.99,40.51
6,26.22,78.99,40.52
25,26.22,78.98,40.51
59,26.23,78.98,40.51
20,26.22,78.98,40.52
48,26.23,78.98,40.52
8,26.22,78.99,40.51
8,26.22,78.99,40.5
27,26.22,78.98,40.51
65,26.23,78.98,40.51
26,26.22,78.98,40.5
64,26.23,78.98,40.5
6,26.22,78.99,40.5
4,26.22,78.99,40.49
22,26.22,78.98,40.5
56,26.23,78.98,40.5
16,26.22,78.98,40.49
42,26.23,78.98,40.49
3,26.23,78.98,40.47
2,26.22,78.98,40.48
7,26.23,78.98,40.48
2,26.22,78.99,40.49
9,26.22,78.98,40.49
27,26.23,78.98,40.49
4,26.22,78.98,40.48
15,26.23,78.98,40.48
37,26.24,78.98,40.48
62,26.24,78.98,40.49
10,26.24,78.98,40.47
20,26.24,78.98,40.48
5,26.24,78.98,40.47
2,26.24,78.98,40.46
2,26.24,78.98,40.55
5,26.24,78.98,40.54
10,26.24,78.98,40.54
21,26.24,78.98,40.53
2,26.24,78.99,40.55
2,26.25,78.99,40.55
3,26.25,78.99,40.55
3,26.24,78.99,40.55
5,26.24,78.99,40.55
8,26.24,78.99,40.54
12,26.24,78.99,40.54
19,26.24,78.99,40.54
44,26.24,78.99,40.53
34,26.24,78.99,40.54
88,26.24,78.99,40.53
10,26.25,78.99,40.55
13,26.25,78.99,40.54
23,26.25,78.99,40.54
33,26.25,78.99,40.54
56,26.25,78.99,40.54
130,26.25,78.99,40.53
85,26.25,78.99,40.54
216,26.25,78.99,40.53
21,26.26,78.99,40.54
6,26.26,79,40.54
19,26.26,79,40.54
44,26.26,78.99,40.54
138,26.26,79,40.53
59,26.26,79,40.54
108,26.26,78.99,40.53
507,26.26,79,40.53
293,26.26,78.99,40.53
93,26.24,78.98,40.52
113,26.24,78.98,40.51
40,26.24,78.98,40.53
66,26.24,78.98,40.52
124,26.24,78.98,40.51
124,26.24,78.98,40.5
111,26.24,78.98,40.5
89,26.24,78.98,40.49
218,26.24,78.99,40.52
269,26.24,78.99,40.51
629,26.24,78.99,40.51
508,26.24,78.99,40.52
89,26.24,78.99,40.53
153,26.24,78.99,40.52
195,26.24,78.99,40.53
351,26.24,78.99,40.52
467,26.25,78.99,40.52
269,26.25,78.99,40.53
495,26.25,78.99,40.53
938,26.25,78.99,40.52
838,26.25,78.99,40.51
670,26.25,78.99,40.52
1398,26.25,78.99,40.52
1744,26.25,78.99,40.51
295,26.24,78.99,40.51
294,26.24,78.99,40.5
685,26.24,78.99,40.5
688,26.24,78.99,40.51
267,26.24,78.99,40.5
215,26.24,78.99,40.49
513,26.24,78.99,40.49
629,26.24,78.99,40.5
923,26.25,78.99,40.51
926,26.25,78.99,40.5
1926,26.25,78.99,40.51
1957,26.25,78.99,40.5
863,26.25,78.99,40.5
725,26.25,78.99,40.49
1536,26.25,78.99,40.49
1831,26.25,78.99,40.5
1226,26.26,79,40.52
3095,26.27,79,40.53
820,26.26,79,40.53
2765,26.26,79,40.52
1826,26.26,79,40.52
5083,26.26,79,40.52
2902,26.26,79,40.52
6563,26.26,79,40.51
3679,26.26,79,40.51
7300,26.26,79,40.51
7239,26.26,79,40.5
4096,26.26,79,40.51
4219,26.26,79,40.5
5745,26.26,79,40.49
33198,26.27,79,40.49
3747,26.26,79,40.49
37822,26.27,79,40.5
6740,26.26,79,40.5
4086,26.26,79,40.5
14233,26.27,79,40.52
26791,26.27,79,40.52
34709,26.27,79,40.51
38654,26.27,79,40.51
39583,26.27,79,40.5
12,26.24,78.98,40.47
20,26.25,78.99,40.47
6,26.24,78.98,40.46
10,26.25,78.99,40.46
2,26.24,78.99,40.45
2,26.24,78.99,40.46
3,26.24,78.99,40.46
2,26.25,79,40.46
31,26.26,79,40.47
45,26.25,78.99,40.47
24,26.25,78.99,40.46
14,26.25,78.99,40.46
31,26.25,78.99,40.47
75,26.24,78.98,40.48
116,26.24,78.98,40.49
155,26.25,78.99,40.48
250,26.25,78.99,40.49
23,26.24,78.98,40.47
41,26.25,78.99,40.47
43,26.24,78.98,40.48
83,26.25,78.99,40.48
75,26.25,78.99,40.47
116,26.26,78.99,40.47
141,26.25,78.99,40.48
241,26.26,78.99,40.48
371,26.25,78.99,40.49
244,26.25,78.99,40.48
452,26.26,78.99,40.48
729,26.26,78.99,40.49
8,26.26,79,40.46
103,26.26,79,40.47
464,26.27,79,40.47
149,26.26,78.99,40.47
374,26.26,78.99,40.48
3214,26.27,79,40.48
1098,26.27,79,40.47
1456,26.26,78.99,40.48
10333,26.27,79,40.48
888,26.26,78.99,40.48
20613,26.27,79,40.49
2652,26.26,78.99,40.49
1536,26.26,78.99,40.49
3,26.23,78.98,40.54
2,26.23,78.98,40.54
5,26.23,78.98,40.54
4,26.23,78.98,40.53
10,26.23,78.98,40.53
4,26.22,78.98,40.52
2,26.22,78.98,40.53
13,26.23,78.98,40.52
29,26.23,78.98,40.52
8,26.23,78.98,40.53
18,26.23,78.98,40.53
2,26.21,78.98,40.51
8,26.22,78.98,40.51
6,26.22,78.98,40.52
22,26.23,78.98,40.51
48,26.23,78.98,40.51
18,26.23,78.98,40.52
39,26.23,78.98,40.52
2,26.21,78.98,40.51
9,26.22,78.98,40.51
2,26.21,78.98,40.5
8,26.22,78.98,40.5
24,26.23,78.98,40.51
52,26.23,78.98,40.51
24,26.23,78.98,40.5
52,26.23,78.98,40.5
2,26.21,78.98,40.5
7,26.22,78.98,40.5
5,26.22,78.98,40.49
21,26.23,78.98,40.5
47,26.23,78.98,40.5
16,26.23,78.98,40.49
37,26.23,78.98,40.49
2,26.23,78.98,40.47
5,26.23,78.98,40.47
3,26.23,78.98,40.48
10,26.23,78.98,40.48
3,26.22,78.98,40.49
2,26.22,78.98,40.48
10,26.23,78.98,40.49
27,26.23,78.98,40.49
6,26.23,78.98,40.48
17,26.23,78.98,40.48
36,26.24,78.98,40.48
55,26.24,78.98,40.49
13,26.24,78.98,40.47
22,26.24,78.98,40.48
3,26.23,78.98,40.47
7,26.24,78.98,40.47
4,26.24,78.98,40.46
3,26.24,78.98,40.55
6,26.24,78.98,40.54
11,26.24,78.98,40.54
21,26.24,78.98,40.53
2,26.24,78.98,40.55
2,26.24,78.98,40.55
3,26.25,78.99,40.55
6,26.25,78.99,40.55
4,26.25,78.99,40.55
2,26.25,78.99,40.55
4,26.25,78.99,40.55
5,26.24,78.98,40.55
7,26.25,78.99,40.55
10,26.24,78.98,40.54
15,26.25,78.99,40.54
20,26.24,78.98,40.54
39,26.24,78.98,40.53
34,26.25,78.99,40.54
73,26.25,78.99,40.53
13,26.25,78.99,40.55
17,26.26,78.99,40.55
26,26.25,78.99,40.54
37,26.26,78.99,40.54
54,26.25,78.99,40.54
106,26.25,78.99,40.53
80,26.26,78.99,40.54
171,26.26,78.99,40.53
3,26.26,79,40.55
30,26.27,79,40.54
8,26.27,79,40.55
22,26.26,78.99,40.54
47,26.26,78.99,40.54
12,26.27,79,40.54
139,26.26,78.99,40.53
114,26.27,79,40.54
107,26.26,78.99,40.54
576,26.27,79,40.53
278,26.26,78.99,40.53
251,26.26,78.99,40.53
72,26.24,78.98,40.52
87,26.24,78.98,40.51
35,26.24,78.98,40.53
53,26.24,78.98,40.52
95,26.24,78.98,40.51
96,26.24,78.98,40.5
88,26.24,78.98,40.5
73,26.24,78.98,40.49
153,26.24,78.98,40.52
187,26.24,78.98,40.51
398,26.25,78.99,40.51
322,26.25,78.99,40.52
70,26.24,78.98,40.53
111,26.24,78.98,40.52
139,26.25,78.99,40.53
229,26.25,78.99,40.52
310,26.25,78.99,40.52
193,26.25,78.99,40.53
333,26.26,78.99,40.53
572,26.26,78.99,40.52
527,26.25,78.99,40.51
431,26.25,78.99,40.52
823,26.26,78.99,40.52
1023,26.26,78.99,40.51
205,26.24,78.98,40.51
206,26.24,78.98,40.5
440,26.25,78.99,40.5
439,26.25,78.99,40.51
190,26.24,78.98,40.5
158,26.24,78.98,40.49
341,26.25,78.99,40.49
407,26.25,78.99,40.5
585,26.25,78.99,40.51
600,26.25,78.99,40.5
1141,26.26,78.99,40.51
1172,26.26,78.99,40.5
566,26.25,78.99,40.5
487,26.25,78.99,40.49
965,26.26,78.99,40.49
1110,26.26,78.99,40.5
2272,26.27,79,40.53
712,26.26,78.99,40.53
533,26.26,78.99,40.53
1676,26.26,78.99,40.52
1023,26.26,78.99,40.52
2927,26.26,78.99,40.52
1553,26.26,78.99,40.52
3837,26.26,78.99,40.51
1957,26.26,78.99,40.51
30904,26.27,79,40.5
27034,26.27,79,40.49
4333,26.26,78.99,40.51
4439,26.26,78.99,40.5
2193,26.26,78.99,40.51
2257,26.26,78.99,40.5
28393,26.27,79,40.49
3824,26.26,78.99,40.49
1965,26.26,78.99,40.49
4219,26.26,78.99,40.5
2119,26.26,78.99,40.5
3718,26.27,79,40.52
10712,26.27,79,40.52
20520,26.27,79,40.52
27148,26.27,79,40.51
30743,26.27,79,40.51
31887,26.27,79,40.5
9,26.25,78.98,40.46
14,26.25,78.98,40.46
15,26.25,78.98,40.47
24,26.25,78.98,40.47
4,26.25,78.98,40.45
4,26.26,79,40.45
9,26.25,78.99,40.46
29,26.26,78.99,40.46
55,26.26,78.99,40.47
20,26.25,78.99,40.46
38,26.25,78.99,40.47
68,26.25,78.98,40.48
97,26.25,78.98,40.49
130,26.25,78.98,40.48
190,26.25,78.98,40.49
26,26.25,78.98,40.47
45,26.25,78.98,40.47
44,26.25,78.98,40.48
79,26.25,78.98,40.48
77,26.26,78.98,40.47
121,26.26,78.98,40.47
127,26.26,78.98,40.48
216,26.26,78.98,40.48
278,26.26,78.98,40.49
200,26.26,78.98,40.48
358,26.26,78.98,40.48
519,26.26,78.98,40.49
4,26.25,78.98,40.45
23,26.27,79,40.46
79,26.26,78.99,40.47
114,26.27,79,40.46
239,26.27,78.99,40.47
474,26.27,78.99,40.48
178,26.26,78.99,40.47
353,26.26,78.99,40.48
3809,26.27,79,40.48
1159,26.27,79,40.47
17732,26.27,79,40.49
11156,26.27,79,40.48
9309,26.27,79,40.48
1127,26.27,78.99,40.48
637,26.26,78.99,40.48
1933,26.27,78.99,40.49
976,26.26,78.99,40.49
2,26.24,78.98,40.55
4,26.24,78.98,40.54
2,26.22,78.98,40.53
2,26.23,78.97,40.53
3,26.23,78.98,40.54
6,26.24,78.98,40.54
5,26.23,78.98,40.53
11,26.24,78.98,40.53
5,26.22,78.98,40.52
3,26.22,78.98,40.53
6,26.23,78.97,40.52
4,26.23,78.97,40.53
12,26.23,78.98,40.52
26,26.24,78.98,40.52
8,26.23,78.98,40.53
18,26.24,78.98,40.53
3,26.22,78.98,40.51
8,26.22,78.98,40.51
2,26.22,78.98,40.52
7,26.22,78.98,40.52
9,26.23,78.97,40.51
7,26.23,78.97,40.52
20,26.23,78.98,40.51
41,26.24,78.98,40.51
17,26.23,78.98,40.52
34,26.24,78.98,40.52
3,26.22,78.98,40.51
9,26.22,78.98,40.51
3,26.22,78.98,40.5
9,26.22,78.98,40.5
10,26.23,78.97,40.51
9,26.23,78.97,40.5
22,26.23,78.98,40.51
44,26.24,78.98,40.51
22,26.23,78.98,40.5
44,26.24,78.98,40.5
2,26.22,78.98,40.5
8,26.22,78.98,40.5
2,26.22,78.98,40.49
6,26.22,78.98,40.49
9,26.23,78.97,40.5
7,26.23,78.97,40.49
20,26.23,78.98,40.5
41,26.24,78.98,40.5
16,26.23,78.98,40.49
34,26.24,78.98,40.49
2,26.23,78.97,40.48
3,26.23,78.98,40.47
7,26.24,78.98,40.47
5,26.23,78.98,40.48
11,26.24,78.98,40.48
4,26.22,78.98,40.49
3,26.22,78.98,40.48
5,26.23,78.97,40.49
4,26.23,78.97,40.48
12,26.23,78.98,40.49
26,26.24,78.98,40.49
8,26.23,78.98,40.48
18,26.24,78.98,40.48
26,26.24,78.97,40.49
19,26.24,78.97,40.48
36,26.24,78.98,40.48
50,26.24,78.98,40.49
13,26.24,78.97,40.48
9,26.24,78.97,40.47
15,26.24,78.98,40.47
24,26.24,78.98,40.48
2,26.24,78.98,40.46
4,26.24,78.98,40.47
3,26.24,78.97,40.46
6,26.24,78.97,40.47
6,26.24,78.98,40.46
9,26.24,78.98,40.47
2,26.24,78.98,40.45
3,26.24,78.97,40.55
5,26.24,78.97,40.54
4,26.24,78.98,40.55
7,26.24,78.98,40.54
12,26.24,78.97,40.53
7,26.24,78.97,40.54
13,26.24,78.98,40.54
21,26.24,78.98,40.53
2,26.24,78.97,40.55
2,26.24,78.98,40.55
2,26.25,78.99,40.56
2,26.25,78.98,40.55
3,26.25,78.98,40.55
3,26.25,78.98,40.55
5,26.25,78.98,40.55
5,26.26,78.99,40.55
3,26.25,78.99,40.55
8,26.26,78.99,40.55
6,26.25,78.99,40.55
6,26.25,78.98,40.55
9,26.25,78.98,40.55
12,26.25,78.98,40.54
18,26.25,78.98,40.54
21,26.25,78.98,40.54
36,26.25,78.98,40.53
34,26.25,78.98,40.54
63,26.25,78.98,40.53
15,26.26,78.98,40.55
20,26.26,78.98,40.55
28,26.26,78.98,40.54
39,26.26,78.98,40.54
51,26.26,78.98,40.54
89,26.26,78.98,40.53
75,26.26,78.98,40.54
139,26.26,78.98,40.53
12,26.26,78.99,40.55
3,26.27,79,40.55
40,26.27,79,40.54
59,26.27,78.99,40.54
35,26.27,78.99,40.54
25,26.26,78.99,40.54
51,26.26,78.99,40.54
15,26.27,79,40.55
134,26.27,79,40.54
587,26.27,79,40.53
106,26.27,79,40.54
120,26.27,78.99,40.54
101,26.26,78.99,40.54
255,26.27,78.99,40.53
202,26.26,78.99,40.53
31,26.24,78.97,40.52
36,26.24,78.97,40.51
60,26.24,78.98,40.52
72,26.24,78.98,40.51
24,26.24,78.97,40.52
17,26.24,78.97,40.53
32,26.24,78.98,40.53
46,26.24,78.98,40.52
39,26.24,78.97,40.51
40,26.24,78.97,40.5
78,26.24,78.98,40.51
79,26.24,78.98,40.5
37,26.24,78.97,40.5
32,26.24,78.97,40.49
74,26.24,78.98,40.5
64,26.24,78.98,40.49
116,26.25,78.98,40.52
140,26.25,78.98,40.51
273,26.25,78.98,40.51
225,26.25,78.98,40.52
59,26.25,78.98,40.53
88,26.25,78.98,40.52
108,26.25,78.98,40.53
165,26.25,78.98,40.52
220,26.26,78.98,40.52
148,26.26,78.98,40.53
243,26.26,78.98,40.53
383,26.26,78.98,40.52
361,26.26,78.98,40.51
299,26.26,78.98,40.52
534,26.26,78.98,40.52
658,26.26,78.98,40.51
154,26.25,78.98,40.51
156,26.25,78.98,40.5
307,26.25,78.98,40.5
302,26.25,78.98,40.51
146,26.25,78.98,40.5
125,26.25,78.98,40.49
247,26.25,78.98,40.49
287,26.25,78.98,40.5
402,26.26,78.98,40.51
414,26.26,78.98,40.5
737,26.26,78.98,40.51
764,26.26,78.98,40.5
395,26.26,78.98,40.5
350,26.26,78.98,40.49
652,26.26,78.98,40.49
733,26.26,78.98,40.5
775,26.27,78.99,40.52
1451,26.27,78.99,40.52
552,26.27,78.99,40.53
379,26.26,78.99,40.53
1069,26.27,78.99,40.52
651,26.26,78.99,40.52
2557,26.27,78.99,40.52
3450,26.27,78.99,40.51
1726,26.27,78.99,40.52
955,26.26,78.99,40.52
2237,26.27,78.99,40.51
1199,26.26,78.99,40.51
3961,26.27,78.99,40.51
4105,26.27,78.99,40.5
3573,26.27,78.99,40.49
3930,26.27,78.99,40.5
25560,26.28,79,40.5
22899,26.27,79,40.49
2536,26.27,78.99,40.51
2613,26.27,78.99,40.5
1351,26.26,78.99,40.51
1404,26.26,78.99,40.5
2458,26.27,78.99,40.49
1209,26.26,78.99,40.49
2499,26.27,78.99,40.5
1349,26.26,78.99,40.5
2385,26.27,79,40.53
7963,26.28,79,40.52
15994,26.28,79,40.52
21577,26.28,79,40.51
24896,26.28,79,40.51
26153,26.28,79,40.5
20,26.25,78.97,40.46
8,26.25,78.97,40.45
16,26.26,78.98,40.45
44,26.26,78.98,40.46
96,26.25,78.97,40.48
48,26.25,78.97,40.47
78,26.26,78.98,40.47
124,26.26,78.98,40.47
119,26.26,78.98,40.48
197,26.26,78.98,40.48
227,26.26,78.98,40.49
172,26.26,78.98,40.48
298,26.26,78.98,40.48
400,26.26,78.98,40.49
3,26.26,78.98,40.44
3,26.25,78.97,40.45
3,26.27,78.99,40.44
6,26.26,78.98,40.45
849,26.28,78.99,40.47
30,26.27,78.98,40.46
38,26.27,78.99,40.45
268,26.28,78.99,40.46
79,26.27,78.98,40.47
3546,26.28,79,40.47
2068,26.28,79,40.47
266,26.27,78.99,40.47
515,26.27,78.99,40.48
186,26.27,78.98,40.47
318,26.27,78.98,40.48
1474,26.27,78.99,40.48
2031,26.27,78.99,40.49
11986,26.28,79,40.48
952,26.27,78.99,40.48
509,26.27,78.98,40.48
1318,26.27,78.99,40.49
713,26.27,78.98,40.49
10,26.27,78.99,40.45
2,26.23,78.97,40.54
4,26.23,78.97,40.53
8,26.23,78.97,40.52
2,26.22,78.97,40.51
13,26.23,78.97,40.51
3,26.22,78.97,40.5
15,26.23,78.97,40.5
2,26.22,78.97,40.49
13,26.23,78.97,40.49
4,26.23,78.97,40.47
8,26.23,78.97,40.48
32,26.25,78.97,40.48
18,26.25,78.97,40.47
2,26.23,78.97,40.46
9,26.25,78.97,40.46
4,26.25,78.97,40.45
2,26.25,78.97,40.44
6,26.25,78.97,40.54
14,26.25,78.97,40.53
3,26.25,78.97,40.55
2,26.25,78.97,40.56
3,26.26,78.98,40.56
5,26.25,78.97,40.55
8,26.26,78.98,40.55
13,26.25,78.97,40.54
35,26.25,78.97,40.53
17,26.26,78.98,40.55
23,26.26,78.98,40.55
29,26.26,78.98,40.54
40,26.26,78.98,40.54
49,26.26,78.98,40.54
79,26.26,78.98,40.53
71,26.26,78.98,40.54
119,26.26,78.98,40.53
14,26.28,78.99,40.55
6,26.27,78.98,40.56
2,26.27,78.99,40.56
6,26.28,79,40.55
13,26.27,78.98,40.55
57,26.28,79,40.54
65,26.27,78.99,40.54
14,26.28,79,40.55
35,26.27,78.99,40.54
29,26.27,78.98,40.55
53,26.27,78.98,40.54
132,26.27,78.99,40.53
264,26.27,78.99,40.53
494,26.28,79,40.53
120,26.27,78.99,40.54
96,26.27,78.98,40.54
232,26.27,78.99,40.53
172,26.27,78.98,40.53
42,26.25,78.97,40.51
27,26.25,78.97,40.52
50,26.25,78.97,40.5
45,26.25,78.97,40.49
128,26.25,78.97,40.51
77,26.25,78.97,40.52
173,26.26,78.98,40.52
121,26.26,78.98,40.53
192,26.26,78.98,40.53
284,26.26,78.98,40.52
273,26.26,78.98,40.51
227,26.26,78.98,40.52
386,26.26,78.98,40.52
470,26.26,78.98,40.51
155,26.25,78.97,40.5
141,26.25,78.97,40.49
303,26.26,78.98,40.51
314,26.26,78.98,40.5
528,26.26,78.98,40.51
550,26.26,78.98,40.5
304,26.26,78.98,40.5
274,26.26,78.98,40.49
485,26.26,78.98,40.49
535,26.26,78.98,40.5
527,26.27,78.99,40.53
1083,26.27,78.99,40.52
423,26.27,78.99,40.53
291,26.27,78.98,40.53
737,26.27,78.99,40.52
463,26.27,78.98,40.52
1770,26.27,78.99,40.52
2433,26.27,78.99,40.51
1108,26.27,78.99,40.52
650,26.27,78.98,40.52
1409,26.27,78.99,40.51
812,26.27,78.98,40.51
2802,26.27,78.99,40.51
2971,26.27,78.99,40.5
2619,26.27,78.99,40.49
2860,26.27,78.99,40.5
18976,26.28,79,40.49
1605,26.27,78.99,40.51
1690,26.27,78.99,40.5
915,26.27,78.98,40.51
961,26.27,78.98,40.5
1559,26.27,78.99,40.49
857,26.27,78.98,40.49
1663,26.27,78.99,40.5
940,26.27,78.98,40.5
3999,26.28,79,40.52
13728,26.28,79,40.51
19299,26.28,79,40.5
25,26.26,78.97,40.46
12,26.26,78.97,40.45
22,26.27,78.97,40.45
54,26.27,78.97,40.46
81,26.26,78.97,40.48
49,26.26,78.97,40.47
121,26.27,78.97,40.47
217,26.27,78.97,40.48
2,26.26,78.97,40.44
4,26.27,78.97,40.44
5,26.26,78.97,40.44
10,26.27,78.97,40.44
153,26.28,78.98,40.47
774,26.29,78.99,40.46
52,26.28,78.99,40.45
37,26.27,78.98,40.46
107,26.27,78.98,40.46
3772,26.29,78.99,40.47
502,26.28,78.98,40.48
297,26.27,78.98,40.47
10241,26.29,78.99,40.48
1304,26.28,78.98,40.48
593,26.27,78.98,40.48
17,26.27,78.98,40.45
13,26.28,78.99,40.44
204,26.29,78.99,40.46
3,26.28,78.99,40.44
3,26.24,78.96,40.54
5,26.24,78.96,40.53
2,26.22,78.96,40.52
9,26.24,78.96,40.52
4,26.22,78.96,40.51
14,26.24,78.96,40.51
4,26.22,78.96,40.5
16,26.24,78.96,40.5
4,26.22,78.96,40.49
15,26.24,78.96,40.49
7,26.24,78.96,40.47
2,26.22,78.96,40.48
11,26.24,78.96,40.48
31,26.25,78.96,40.48
20,26.25,78.96,40.47
2,26.24,78.96,40.45
3,26.24,78.96,40.46
11,26.25,78.96,40.46
6,26.25,78.96,40.45
3,26.25,78.96,40.44
2,26.27,78.97,40.57
2,26.27,78.97,40.58
4,26.27,78.98,40.57
2,26.29,78.99,40.57
8,26.25,78.96,40.54
15,26.25,78.96,40.53
2,26.25,78.96,40.56
4,26.25,78.96,40.55
3,26.26,78.97,40.56
5,26.27,78.97,40.56
7,26.26,78.97,40.55
12,26.27,78.97,40.55
15,26.26,78.97,40.54
33,26.26,78.97,40.53
29,26.27,78.97,40.54
70,26.27,78.97,40.53
30,26.28,78.98,40.55
16,26.29,78.99,40.55
2,26.28,78.99,40.56
8,26.27,78.98,40.56
19,26.27,78.98,40.55
896,26.29,78.99,40.53
84,26.29,78.99,40.54
66,26.28,78.98,40.54
50,26.27,78.98,40.54
405,26.29,78.99,40.53
190,26.28,78.98,40.53
134,26.27,78.98,40.53
35,26.25,78.96,40.51
25,26.25,78.96,40.52
41,26.25,78.96,40.5
40,26.25,78.96,40.49
92,26.26,78.97,40.51
60,26.26,78.97,40.52
145,26.27,78.97,40.52
239,26.27,78.97,40.51
111,26.26,78.97,40.5
106,26.26,78.97,40.49
298,26.27,78.97,40.5
290,26.27,78.97,40.49
596,26.28,78.98,40.52
330,26.27,78.98,40.52
1423,26.28,78.98,40.51
618,26.27,78.98,40.51
1949,26.28,78.98,40.5
15414,26.29,78.99,40.49
1868,26.28,78.98,40.49
801,26.27,78.98,40.5
793,26.27,78.98,40.49
4,26.29,78.99,40.56
3211,26.29,78.99,40.52
9922,26.29,78.99,40.51
14665,26.29,78.99,40.5
14152,26.29,78.99,40.5
28,26.27,78.96,40.46
15,26.27,78.96,40.45
28,26.27,78.97,40.45
57,26.27,78.97,40.46
69,26.27,78.96,40.48
47,26.27,78.96,40.47
106,26.27,78.97,40.47
167,26.27,78.97,40.48
2,26.27,78.97,40.43
4,26.27,78.96,40.44
7,26.27,78.97,40.44
8,26.27,78.96,40.44
13,26.27,78.97,40.44
778,26.3,78.99,40.46
165,26.29,78.98,40.47
71,26.29,78.97,40.46
48,26.28,78.97,40.45
110,26.28,78.97,40.46
8667,26.3,78.99,40.48
4187,26.3,78.99,40.47
467,26.29,78.98,40.47
233,26.28,78.97,40.47
955,26.29,78.98,40.48
402,26.28,78.97,40.48
10,26.28,78.97,40.44
22,26.28,78.97,40.45
6,26.29,78.99,40.44
38,26.29,78.99,40.45
1509,26.3,78.99,40.47
183,26.3,78.99,40.45
2,26.24,78.95,40.55
4,26.24,78.95,40.54
2,26.23,78.96,40.53
6,26.24,78.95,40.53
2,26.22,78.95,40.51
3,26.23,78.96,40.52
10,26.24,78.95,40.52
5,26.23,78.96,40.51
14,26.24,78.95,40.51
2,26.22,78.95,40.5
2,26.22,78.95,40.49
5,26.23,78.96,40.5
16,26.24,78.95,40.5
5,26.23,78.96,40.49
15,26.24,78.95,40.49
2,26.23,78.96,40.47
8,26.24,78.95,40.47
4,26.23,78.96,40.48
12,26.24,78.95,40.48
29,26.26,78.95,40.48
21,26.26,78.95,40.47
3,26.24,78.95,40.45
5,26.24,78.95,40.46
13,26.26,78.95,40.46
8,26.26,78.95,40.45
4,26.26,78.95,40.44
2,26.26,78.95,40.44
2,26.27,78.97,40.58
2,26.27,78.96,40.57
3,26.27,78.97,40.57
3,26.28,78.97,40.58
8,26.29,78.97,40.57
5,26.28,78.97,40.57
2,26.29,78.99,40.57
9,26.26,78.95,40.54
15,26.26,78.95,40.53
3,26.26,78.95,40.56
5,26.26,78.95,40.55
4,26.27,78.96,40.56
7,26.27,78.97,40.56
9,26.27,78.96,40.55
14,26.27,78.97,40.55
17,26.27,78.96,40.54
30,26.27,78.96,40.53
30,26.27,78.97,40.54
60,26.27,78.97,40.53
17,26.3,78.99,40.55
30,26.29,78.98,40.55
14,26.29,78.98,40.56
10,26.28,78.97,40.56
22,26.28,78.97,40.55
264,26.29,78.98,40.53
95,26.3,78.99,40.54
565,26.3,78.99,40.53
71,26.29,78.98,40.54
51,26.28,78.97,40.54
181,26.29,78.98,40.53
113,26.28,78.97,40.53
31,26.26,78.95,40.51
23,26.26,78.95,40.52
36,26.26,78.95,40.5
35,26.26,78.95,40.49
72,26.27,78.96,40.51
50,26.27,78.96,40.52
109,26.27,78.97,40.52
168,26.27,78.97,40.51
86,26.27,78.96,40.5
85,26.27,78.96,40.49
207,26.27,78.97,40.5
207,26.27,78.97,40.49
573,26.29,78.98,40.52
1246,26.29,78.98,40.51
1818,26.29,78.98,40.5
1828,26.29,78.98,40.5
423,26.29,78.98,40.52
228,26.28,78.97,40.52
831,26.29,78.98,40.51
388,26.28,78.97,40.51
1122,26.29,78.98,40.5
1242,26.29,78.98,40.49
499,26.28,78.97,40.5
506,26.28,78.97,40.49
34,26.3,78.99,40.55
4,26.3,78.99,40.56
2762,26.3,78.99,40.52
7262,26.3,78.99,40.51
11298,26.3,78.99,40.5
11730,26.3,78.99,40.49
29,26.27,78.95,40.46
17,26.27,78.95,40.45
32,26.28,78.96,40.45
57,26.28,78.96,40.46
60,26.27,78.95,40.48
44,26.27,78.95,40.47
95,26.28,78.96,40.47
133,26.28,78.96,40.48
2,26.27,78.96,40.42
6,26.27,78.95,40.44
10,26.28,78.96,40.44
10,26.27,78.95,40.44
18,26.28,78.96,40.44
326,26.3,78.97,40.47
87,26.29,78.97,40.46
194,26.29,78.97,40.46
56,26.29,78.97,40.45
109,26.29,78.97,40.46
602,26.3,78.97,40.47
1029,26.3,78.97,40.48
5336,26.32,78.99,40.48
392,26.29,78.97,40.47
194,26.29,78.97,40.47
635,26.29,78.97,40.48
291,26.29,78.97,40.48
7,26.29,78.96,40.43
233,26.31,78.99,40.44
41,26.3,78.99,40.44
15,26.29,78.96,40.44
40,26.29,78.97,40.45
29,26.29,78.97,40.45
1058,26.31,78.99,40.46
6,26.3,78.98,40.42
3,26.25,78.95,40.55
2,26.24,78.95,40.54
4,26.25,78.95,40.54
3,26.24,78.95,40.53
7,26.25,78.95,40.53
2,26.23,78.94,40.51
2,26.23,78.94,40.52
4,26.24,78.95,40.52
10,26.25,78.95,40.52
5,26.24,78.95,40.51
13,26.25,78.95,40.51
2,26.23,78.94,40.5
2,26.23,78.94,40.49
6,26.24,78.95,40.5
15,26.25,78.95,40.5
6,26.24,78.95,40.49
15,26.25,78.95,40.49
2,26.23,78.94,40.48
3,26.24,78.95,40.47
9,26.25,78.95,40.47
5,26.24,78.95,40.48
13,26.25,78.95,40.48
13,26.26,78.94,40.48
10,26.26,78.94,40.47
28,26.26,78.95,40.48
22,26.26,78.95,40.47
4,26.25,78.95,40.45
2,26.24,78.95,40.46
6,26.25,78.95,40.46
7,26.26,78.94,40.46
5,26.26,78.94,40.45
15,26.26,78.95,40.46
10,26.26,78.95,40.45
2,26.25,78.95,40.44
2,26.26,78.94,40.44
3,26.26,78.94,40.44
3,26.26,78.95,40.44
6,26.26,78.95,40.44
2,26.26,78.95,40.57
2,26.27,78.95,40.58
3,26.28,78.96,40.58
3,26.27,78.95,40.57
5,26.28,78.96,40.57
2,26.28,78.96,40.59
9,26.31,78.99,40.57
2,26.3,78.99,40.58
6,26.29,78.97,40.58
9,26.29,78.97,40.57
4,26.29,78.96,40.58
7,26.29,78.96,40.57
8,26.26,78.94,40.53
5,26.26,78.94,40.54
10,26.26,78.95,40.54
15,26.26,78.95,40.53
2,26.26,78.94,40.56
3,26.26,78.94,40.55
3,26.26,78.95,40.56
6,26.26,78.95,40.55
6,26.27,78.95,40.56
9,26.28,78.96,40.56
10,26.27,78.95,40.55
16,26.28,78.96,40.55
17,26.27,78.95,40.54
29,26.27,78.95,40.53
30,26.28,78.96,40.54
54,26.28,78.96,40.53
50,26.3,78.97,40.55
17,26.29,78.97,40.56
13,26.29,78.97,40.56
35,26.29,78.97,40.55
25,26.29,78.97,40.55
85,26.3,78.97,40.54
209,26.3,78.98,40.53
446,26.32,78.99,40.54
75,26.29,78.97,40.54
50,26.29,78.97,40.54
158,26.29,78.97,40.53
97,26.29,78.97,40.53
13,26.26,78.94,40.51
11,26.26,78.94,40.52
28,26.26,78.95,40.51
22,26.26,78.95,40.52
15,26.26,78.94,40.5
15,26.26,78.94,40.49
33,26.26,78.95,40.5
33,26.26,78.95,40.49
59,26.27,78.95,40.51
44,26.27,78.95,40.52
89,26.28,78.96,40.52
127,26.28,78.96,40.51
69,26.27,78.95,40.5
70,26.27,78.95,40.49
154,26.28,78.96,40.5
157,26.28,78.96,40.49
454,26.3,78.98,40.52
896,26.3,78.98,40.51
1267,26.3,78.98,40.5
1335,26.3,78.98,40.49
315,26.29,78.97,40.52
171,26.29,78.97,40.52
533,26.29,78.97,40.51
266,26.29,78.97,40.51
709,26.29,78.97,40.5
755,26.29,78.97,40.49
335,26.29,78.97,40.5
347,26.29,78.97,40.49
41,26.31,78.99,40.56
3598,26.32,78.99,40.52
8053,26.32,78.99,40.5
2,26.28,78.94,40.4
9,26.32,78.98,40.4
2,26.31,78.98,40.4
4,26.3,78.95,40.4
36,26.28,78.94,40.46
70,26.28,78.94,40.48
5,26.29,78.94,40.42
14,26.28,78.94,40.44
205,26.31,78.96,40.46
108,26.3,78.96,40.46
4161,26.33,78.98,40.48
597,26.31,78.97,40.48
249,26.3,78.96,40.48
11,26.3,78.95,40.42
62,26.31,78.96,40.44
227,26.33,78.98,40.44
35,26.3,78.96,40.44
1393,26.33,78.98,40.46
4284,26.34,78.98,40.48
32,26.32,78.98,40.42
2,26.24,78.93,40.54
4,26.24,78.93,40.52
5,26.24,78.93,40.5
4,26.24,78.93,40.48
19,26.27,78.93,40.48
2,26.24,78.93,40.46
11,26.27,78.93,40.46
5,26.27,78.93,40.44
2,26.27,78.93,40.42
2,26.27,78.93,40.58
2,26.28,78.94,40.6
5,26.28,78.94,40.58
2,26.32,78.98,40.6
3,26.3,78.95,40.6
16,26.31,78.96,40.57
11,26.33,78.98,40.58
9,26.3,78.96,40.58
10,26.27,78.93,40.54
5,26.27,78.93,40.56
12,26.28,78.94,40.56
30,26.28,78.94,40.54
40,26.31,78.96,40.56
27,26.3,78.96,40.56
354,26.33,78.98,40.54
140,26.31,78.97,40.54
80,26.3,78.96,40.54
18,26.27,78.93,40.52
23,26.27,78.93,40.5
63,26.28,78.94,40.52
86,26.28,78.94,40.5
461,26.31,78.97,40.52
808,26.31,78.97,40.5
204,26.3,78.96,40.52
314,26.3,78.96,40.5
68,26.33,78.98,40.56
767,26.34,78.98,40.53
2639,26.34,78.98,40.52
5688,26.34,78.98,40.5
2,26.3,78.93,40.4
9,26.32,78.95,40.41
11,26.34,78.97,40.4
5,26.31,78.94,40.4
2,26.34,78.97,40.38
33,26.3,78.93,40.46
53,26.3,78.93,40.48
7,26.3,78.93,40.42
16,26.3,78.93,40.44
193,26.33,78.95,40.46
87,26.31,78.94,40.46
410,26.33,78.95,40.48
157,26.31,78.94,40.48
20,26.32,78.95,40.42
14,26.31,78.94,40.42
236,26.34,78.98,40.44
64,26.33,78.95,40.44
37,26.31,78.94,40.44
1493,26.35,78.98,40.46
617,26.34,78.96,40.48
3381,26.35,78.98,40.48
528,26.35,78.98,40.44
58,26.34,78.98,40.42
2,26.26,78.92,40.56
3,26.26,78.92,40.54
2,26.24,78.91,40.5
5,26.26,78.92,40.52
6,26.26,78.92,40.5
5,26.26,78.92,40.48
17,26.28,78.92,40.48
3,26.26,78.92,40.46
12,26.28,78.92,40.46
2,26.26,78.92,40.44
6,26.28,78.92,40.44
3,26.28,78.92,40.42
3,26.32,78.95,40.61
2,26.31,78.94,40.62
3,26.28,78.92,40.58
2,26.3,78.93,40.6
6,26.3,78.93,40.58
3,26.34,78.98,40.6
6,26.33,78.95,40.6
4,26.31,78.94,40.6
11,26.34,78.98,40.58
16,26.33,78.95,40.58
11,26.31,78.94,40.58
10,26.28,78.92,40.54
5,26.28,78.92,40.56
13,26.3,78.93,40.56
26,26.3,78.93,40.54
44,26.33,78.95,40.56
26,26.31,78.94,40.56
124,26.33,78.95,40.54
62,26.31,78.94,40.54
16,26.28,78.92,40.52
20,26.28,78.92,40.5
46,26.3,78.93,40.52
60,26.3,78.93,40.5
287,26.33,78.95,40.52
455,26.33,78.95,40.5
125,26.31,78.94,40.52
178,26.31,78.94,40.5
7,26.35,78.97,40.59
22,26.35,78.98,40.58
96,26.35,78.98,40.56
205,26.34,78.96,40.53
494,26.35,78.98,40.54
418,26.34,78.96,40.52
2022,26.35,78.98,40.52
717,26.34,78.96,40.5
4046,26.36,78.98,40.5
3,26.31,78.91,40.4
5,26.35,78.97,40.38
13,26.35,78.97,40.4
10,26.34,78.94,40.4
6,26.33,78.93,40.4
2,26.33,78.93,40.38
3,26.34,78.93,40.38
27,26.37,78.97,40.4
6,26.37,78.97,40.38
27,26.31,78.91,40.46
39,26.31,78.91,40.48
8,26.31,78.91,40.42
15,26.31,78.91,40.44
150,26.34,78.94,40.46
67,26.33,78.93,40.46
246,26.34,78.94,40.48
101,26.33,78.93,40.48
26,26.34,78.94,40.42
15,26.33,78.93,40.42
67,26.34,78.94,40.44
34,26.33,78.93,40.44
1509,26.37,78.97,40.46
232,26.35,78.95,40.46
2722,26.37,78.97,40.48
432,26.35,78.95,40.48
468,26.37,78.97,40.44
101,26.35,78.94,40.44
106,26.37,78.97,40.42
2,26.27,78.9,40.56
4,26.27,78.9,40.54
2,26.25,78.89,40.52
2,26.25,78.89,40.5
5,26.27,78.9,40.52
6,26.27,78.9,40.5
2,26.25,78.89,40.48
6,26.27,78.9,40.48
15,26.3,78.9,40.48
4,26.27,78.9,40.46
11,26.3,78.9,40.46
2,26.27,78.9,40.44
6,26.3,78.9,40.44
3,26.3,78.9,40.42
3,26.34,78.94,40.61
2,26.34,78.93,40.63
2,26.33,78.93,40.62
2,26.3,78.9,40.6
3,26.3,78.9,40.58
3,26.31,78.91,40.6
6,26.31,78.91,40.58
8,26.34,78.94,40.6
5,26.33,78.93,40.6
18,26.34,78.94,40.58
11,26.33,78.93,40.58
9,26.3,78.9,40.54
6,26.3,78.9,40.56
12,26.31,78.91,40.56
22,26.31,78.91,40.54
42,26.34,78.94,40.56
24,26.33,78.93,40.56
95,26.34,78.94,40.54
48,26.33,78.93,40.54
14,26.3,78.9,40.52
16,26.3,78.9,40.5
34,26.31,78.91,40.52
43,26.31,78.91,40.5
183,26.34,78.94,40.52
263,26.34,78.94,40.5
82,26.33,78.93,40.52
109,26.33,78.93,40.5
2,26.36,78.97,40.61
11,26.35,78.94,40.59
22,26.35,78.94,40.57
5,26.37,78.97,40.6
28,26.37,78.97,40.58
114,26.37,78.97,40.56
52,26.35,78.95,40.56
473,26.37,78.97,40.54
134,26.35,78.95,40.54
1621,26.37,78.97,40.52
299,26.35,78.95,40.52
2982,26.37,78.98,40.5
475,26.35,78.95,40.5
2,26.32,78.9,40.38
2,26.31,78.89,40.4
4,26.32,78.9,40.4
5,26.35,78.92,40.38
3,26.34,78.91,40.38
12,26.35,78.92,40.4
7,26.34,78.91,40.4
52,26.42,78.97,40.39
7,26.42,78.98,40.35
65,26.4,78.97,40.4
18,26.37,78.93,40.4
5,26.37,78.93,40.38
8,26.4,78.98,40.37
12,26.31,78.89,40.48
10,26.31,78.89,40.46
23,26.32,78.9,40.46
30,26.32,78.9,40.48
6,26.31,78.89,40.44
3,26.31,78.89,40.42
8,26.32,78.9,40.42
14,26.32,78.9,40.44
107,26.35,78.92,40.46
50,26.34,78.91,40.46
153,26.35,78.92,40.48
69,26.34,78.91,40.48
28,26.35,78.92,40.42
15,26.34,78.91,40.42
58,26.35,78.92,40.44
30,26.34,78.91,40.44
1659,26.4,78.97,40.47
189,26.37,78.93,40.46
311,26.37,78.94,40.48
416,26.4,78.97,40.43
37,26.37,78.93,40.42
90,26.37,78.93,40.44
2,26.48,78.98,40.31
2,26.28,78.88,40.55
4,26.28,78.88,40.51
3,26.28,78.88,40.47
2,26.32,78.9,40.62
2,26.35,78.92,40.63
4,26.35,78.92,40.62
3,26.34,78.91,40.62
2,26.31,78.89,40.6
3,26.31,78.89,40.58
3,26.32,78.9,40.6
6,26.32,78.9,40.58
8,26.35,78.92,40.6
6,26.34,78.91,40.6
18,26.35,78.92,40.58
11,26.34,78.91,40.58
8,26.31,78.89,40.54
5,26.31,78.89,40.56
11,26.32,78.9,40.56
18,26.32,78.9,40.54
36,26.35,78.92,40.56
21,26.34,78.91,40.56
69,26.35,78.92,40.54
37,26.34,78.91,40.54
11,26.31,78.89,40.52
13,26.31,78.89,40.5
26,26.32,78.9,40.52
31,26.32,78.9,40.5
119,26.35,78.92,40.52
160,26.35,78.92,40.5
57,26.34,78.91,40.52
72,26.34,78.91,40.5
4,26.39,78.96,40.63
6,26.36,78.93,40.61
10,26.36,78.93,40.6
23,26.37,78.93,40.58
7,26.43,78.96,40.63
36,26.4,78.96,40.59
313,26.4,78.97,40.55
48,26.37,78.93,40.56
109,26.37,78.94,40.54
1638,26.4,78.97,40.51
217,26.37,78.94,40.52
329,26.37,78.94,40.5
2,26.33,78.87,40.39
8,26.36,78.9,40.39
2,26.36,78.9,40.35
113,26.45,78.97,40.39
25,26.42,78.93,40.38
23,26.45,78.97,40.36
6,26.42,78.94,40.35
22,26.39,78.92,40.39
4,26.39,78.92,40.35
2,26.45,78.92,40.31
14,26.33,78.87,40.47
7,26.33,78.87,40.43
58,26.36,78.9,40.47
27,26.36,78.9,40.43
1227,26.44,78.96,40.47
179,26.39,78.92,40.47
450,26.45,78.96,40.43
587,26.48,78.96,40.44
72,26.39,78.92,40.43
87,26.47,78.97,40.38
16,26.48,78.97,40.35
1076,26.48,78.96,40.47
461,26.5,78.96,40.42
3,26.56,78.98,40.3
3,26.53,78.98,40.31
2,26.51,78.95,40.3
3,26.48,78.94,40.31
2,26.3,78.85,40.55
3,26.3,78.85,40.51
3,26.3,78.85,40.47
2,26.3,78.85,40.43
3,26.36,78.9,40.63
4,26.33,78.87,40.59
10,26.36,78.9,40.59
9,26.33,78.87,40.55
28,26.36,78.9,40.55
15,26.33,78.87,40.51
59,26.36,78.9,40.51
11,26.47,78.96,40.62
5,26.43,78.9,40.63
5,26.39,78.91,40.62
81,26.44,78.95,40.58
32,26.43,78.96,40.59
17,26.39,78.91,40.59
296,26.44,78.96,40.55
62,26.39,78.92,40.55
1117,26.44,78.96,40.51
181,26.39,78.92,40.51
2,26.36,78.84,40.39
7,26.39,78.87,40.39
2,26.39,78.87,40.35
38,26.45,78.91,40.39
10,26.45,78.92,40.35
19,26.42,78.89,40.39
5,26.42,78.89,40.35
2,26.47,78.89,40.31
9,26.36,78.84,40.47
6,26.36,78.84,40.43
32,26.39,78.87,40.47
18,26.39,78.87,40.43
166,26.44,78.9,40.47
95,26.42,78.89,40.47
294,26.49,78.91,40.44
100,26.45,78.91,40.43
51,26.42,78.89,40.43
109,26.53,78.96,40.38
24,26.53,78.97,40.35
141,26.5,78.96,40.39
41,26.48,78.92,40.38
36,26.5,78.97,40.36
13,26.48,78.93,40.35
65,26.47,78.96,40.59
316,26.48,78.96,40.55
949,26.48,78.96,40.51
238,26.5,78.91,40.43
473,26.49,78.91,40.47
906,26.52,78.96,40.47
529,26.52,78.96,40.43
24,26.56,78.97,40.34
3,26.58,78.97,40.3
6,26.56,78.94,40.31
5,26.53,78.93,40.31
4,26.5,78.91,40.31
2,26.33,78.82,40.55
3,26.33,78.82,40.51
2,26.33,78.82,40.47
2,26.46,78.97,40.66
2,26.39,78.9,40.66
2,26.43,78.9,40.67
3,26.39,78.87,40.63
3,26.36,78.84,40.59
8,26.39,78.87,40.59
6,26.36,78.84,40.55
18,26.39,78.87,40.55
10,26.36,78.84,40.51
32,26.39,78.87,40.51
11,26.49,78.97,40.63
9,26.47,78.9,40.63
5,26.42,78.89,40.62
25,26.44,78.9,40.58
16,26.42,78.89,40.59
62,26.44,78.9,40.55
43,26.42,78.89,40.55
150,26.44,78.9,40.51
93,26.42,78.89,40.51
2,26.38,78.81,40.39
5,26.41,78.84,40.39
2,26.41,78.84,40.35
31,26.47,78.89,40.39
10,26.47,78.89,40.35
14,26.44,78.86,40.39
5,26.44,78.86,40.35
2,26.5,78.86,40.31
6,26.38,78.81,40.47
4,26.38,78.81,40.43
18,26.41,78.84,40.47
12,26.41,78.84,40.43
129,26.47,78.88,40.47
49,26.44,78.86,40.47
78,26.47,78.89,40.43
31,26.44,78.86,40.43
180,26.55,78.96,40.39
60,26.53,78.92,40.38
21,26.54,78.93,40.35
55,26.5,78.91,40.39
17,26.5,78.91,40.35
14,26.51,78.97,40.62
82,26.51,78.97,40.58
39,26.48,78.9,40.59
369,26.52,78.97,40.54
150,26.49,78.9,40.55
862,26.52,78.97,40.51
401,26.49,78.9,40.51
250,26.52,78.91,40.44
129,26.5,78.9,40.42
371,26.52,78.9,40.47
299,26.56,78.9,40.47
19,26.56,78.94,40.34
770,26.55,78.96,40.46
424,26.55,78.96,40.42
23,26.58,78.97,40.34
100,26.58,78.96,40.38
4,26.61,78.97,40.3
2,26.59,78.93,40.28
8,26.62,78.94,40.31
8,26.59,78.93,40.31
6,26.56,78.91,40.31
4,26.53,78.88,40.31
2,26.35,78.79,40.51
2,26.49,78.97,40.66
3,26.47,78.9,40.66
2,26.45,78.9,40.67
2,26.42,78.88,40.66
3,26.41,78.84,40.63
2,26.38,78.81,40.59
6,26.41,78.84,40.59
4,26.38,78.81,40.55
12,26.41,78.84,40.55
6,26.38,78.81,40.51
18,26.41,78.84,40.51
10,26.5,78.9,40.63
8,26.47,78.88,40.62
5,26.44,78.86,40.63
22,26.47,78.88,40.59
13,26.44,78.86,40.59
57,26.47,78.88,40.55
27,26.44,78.86,40.55
115,26.47,78.88,40.51
46,26.44,78.86,40.51
4,26.44,78.81,40.39
21,26.5,78.86,40.39
8,26.5,78.86,40.35
9,26.47,78.83,40.39
4,26.47,78.83,40.35
4,26.41,78.78,40.47
3,26.41,78.78,40.43
10,26.44,78.81,40.47
7,26.44,78.81,40.43
70,26.5,78.86,40.47
27,26.47,78.83,40.47
45,26.5,78.86,40.43
18,26.47,78.83,40.43
3,26.51,78.97,40.66
65,26.56,78.91,40.39
22,26.56,78.91,40.35
42,26.53,78.88,40.39
15,26.53,78.88,40.35
69,26.55,78.97,40.6
14,26.52,78.9,40.62
46,26.52,78.9,40.59
547,26.56,78.96,40.52
146,26.52,78.9,40.55
311,26.53,78.9,40.51
247,26.57,78.9,40.48
201,26.56,78.89,40.46
144,26.53,78.88,40.47
101,26.53,78.88,40.43
156,26.56,78.9,40.43
77,26.59,78.92,40.39
26,26.59,78.93,40.35
700,26.57,78.95,40.47
319,26.58,78.96,40.41
484,26.61,78.95,40.5
115,26.59,78.97,40.59
54,26.62,78.96,40.35
4,26.64,78.97,40.29
7,26.64,78.9,40.3
4,26.58,78.85,40.3
4,26.5,78.9,40.66
3,26.47,78.87,40.66
2,26.44,78.86,40.66
2,26.44,78.81,40.63
2,26.41,78.78,40.59
4,26.44,78.81,40.59
3,26.41,78.78,40.55
8,26.44,78.81,40.55
4,26.41,78.78,40.51
10,26.44,78.81,40.51
7,26.5,78.85,40.63
4,26.47,78.83,40.63
17,26.5,78.86,40.59
9,26.47,78.83,40.59
37,26.5,78.86,40.55
17,26.47,78.83,40.55
63,26.5,78.86,40.51
25,26.47,78.83,40.51
6,26.52,78.8,40.37
3,26.46,78.75,40.45
16,26.52,78.8,40.45
5,26.55,78.97,40.66
5,26.52,78.9,40.66
20,26.58,78.85,40.37
33,26.57,78.9,40.61
10,26.52,78.86,40.62
25,26.52,78.87,40.59
157,26.57,78.9,40.53
61,26.53,78.87,40.55
113,26.53,78.87,40.51
8,26.58,78.97,40.66
61,26.58,78.85,40.45
164,26.59,78.91,40.42
35,26.64,78.9,40.37
393,26.61,78.95,40.43
106,26.63,78.9,40.53
479,26.63,78.96,40.51
36,26.62,78.9,40.6
154,26.61,78.97,40.59
39,26.68,78.97,40.34
3,26.69,78.97,40.27
10,26.7,78.92,40.31
7,26.69,78.84,40.31
3,26.63,78.79,40.31
3,26.5,78.85,40.66
2,26.47,78.83,40.66
3,26.46,78.75,40.53
6,26.52,78.8,40.61
15,26.52,78.8,40.53
3,26.57,78.74,40.37
6,26.57,78.74,40.45
8,26.57,78.9,40.67
4,26.53,78.86,40.67
2,26.57,78.89,40.71
9,26.63,78.79,40.37
14,26.58,78.84,40.61
44,26.58,78.84,40.53
9,26.62,78.9,40.67
6,26.61,78.97,40.68
18,26.69,78.84,40.37
18,26.63,78.79,40.45
37,26.7,78.92,40.37
91,26.64,78.89,40.45
312,26.65,78.95,40.42
182,26.67,78.96,40.39
65,26.64,78.87,40.52
106,26.67,78.9,40.54
455,26.65,78.96,40.49
343,26.66,78.95,40.44
19,26.64,78.86,40.61
41,26.66,78.9,40.6
186,26.63,78.98,40.58
3,25.85,79.27,40.49
21,26.14,79.27,40.53
19,26.05,79.27,40.54
22,26.14,79.27,40.43
21,26.05,79.27,40.43
23,26.19,79.27,40.43
20,26.19,79.27,40.54
21,26.24,79.27,40.54
23,26.24,79.27,40.44
19,26.05,79.3,40.39
22,26.14,79.29,40.39
21,26.19,79.33,40.39
31,26.74,78.96,40.33
5,26.8,78.95,40.26
4,26.75,78.96,40.26
11,26.75,78.89,40.31
7,26.73,78.79,40.32
3,26.67,78.74,40.33
3,26.57,78.74,40.61
6,26.57,78.74,40.53
2,26.62,78.68,40.45
3,26.58,78.84,40.68
2,26.66,78.88,40.76
14,26.81,78.9,40.32
8,26.74,78.78,40.37
4,26.68,78.73,40.37
8,26.63,78.79,40.61
6,26.68,78.73,40.45
16,26.63,78.79,40.53
13,26.74,78.78,40.45
7,26.64,78.86,40.67
7,26.66,78.9,40.69
17,26.63,78.97,40.66
26,26.75,78.88,40.37
98,26.7,78.91,40.43
35,26.69,78.84,40.45
142,26.72,78.96,40.39
33,26.69,78.84,40.53
113,26.7,78.9,40.53
441,26.65,78.98,40.49
88,26.71,78.89,40.48
361,26.66,78.96,40.43
28,26.81,78.9,40.38
76,26.79,78.96,40.39
197,26.71,78.97,40.41
15,26.69,78.83,40.61
46,26.7,78.91,40.6
181,26.64,79,40.58
204,26.64,79.02,40.56
431,26.66,79.01,40.48
18,26.05,79.28,40.65
17,26.14,79.28,40.63
19,25.97,79.27,40.5
20,26.1,79.27,40.54
16,26.13,79.36,40.58
12,26.03,79.36,40.58
22,26.1,79.27,40.43
18,26.13,79.35,40.5
15,26.03,79.35,40.5
15,26.19,79.28,40.65
19,26.19,79.35,40.5
16,26.19,79.36,40.58
15,26.24,79.28,40.64
10,26.19,79.28,40.74
20,26.29,79.27,40.56
16,26.24,79.36,40.58
5,26.19,79.28,40.82
19,26.24,79.35,40.5
14,26.03,79.37,40.47
18,26.13,79.37,40.47
18,26.19,79.4,40.47
24,26.34,79.27,40.46
24,26.28,79.27,40.45
23,26.24,79.29,40.39
2,25.94,79.4,40.39
19,26.09,79.35,40.39
17,26.14,79.43,40.4
20,26.25,79.41,40.39
47,26.86,78.96,40.37
23,26.79,78.96,40.32
4,26.86,78.96,40.25
2,26.81,78.95,40.23
11,26.79,78.84,40.32
2,26.62,78.68,40.53
9,26.88,78.91,40.3
3,26.19,79.28,40.9
3,26.63,78.79,40.69
14,26.85,78.87,40.32
15,26.8,78.83,40.37
4,26.79,78.72,40.38
2,26.73,78.67,40.38
4,26.68,78.73,40.61
2,26.73,78.67,40.45
6,26.68,78.73,40.53
6,26.79,78.72,40.45
19,26.86,78.87,40.37
24,26.8,78.83,40.45
13,26.74,78.78,40.53
8,26.74,78.78,40.61
33,26.89,78.91,40.41
87,26.85,78.96,40.41
19,26.34,79.27,40.56
115,26.65,79.09,40.58
5,26.69,78.83,40.68
12,26.7,78.9,40.67
12,26.64,79,40.67
46,26.74,78.86,40.52
52,26.75,78.88,40.44
160,26.71,78.93,40.53
400,26.66,79,40.43
351,26.68,78.99,40.41
59,26.81,78.9,40.44
137,26.75,78.91,40.47
172,26.79,78.99,40.41
20,26.74,78.85,40.6
73,26.71,78.94,40.6
159,26.64,79.05,40.59
128,26.71,78.97,40.58
409,26.65,79.04,40.5
276,26.71,78.97,40.53
13,25.97,79.28,40.7
14,26.09,79.28,40.74
17,26.11,79.28,40.65
10,26.03,79.37,40.67
14,26.14,79.37,40.66
5,25.94,79.35,40.55
16,26.09,79.36,40.58
14,26.13,79.42,40.6
9,26.02,79.42,40.6
18,26.09,79.35,40.5
15,26.13,79.42,40.55
10,26.02,79.42,40.55
9,26.11,79.28,40.82
3,25.99,79.29,40.86
7,26.11,79.29,40.89
4,26.15,79.29,40.93
13,26.19,79.37,40.68
15,26.19,79.44,40.55
14,26.19,79.44,40.61
12,26.29,79.28,40.66
13,26.24,79.37,40.66
11,26.19,79.37,40.75
6,26.28,79.28,40.74
15,26.24,79.41,40.54
14,26.29,79.36,40.59
14,26.24,79.41,40.6
8,26.19,79.38,40.83
3,26.28,79.28,40.82
2,26.27,79.28,40.89
19,26.35,79.34,40.5
19,26.29,79.34,40.5
19,26.24,79.36,40.47
2,25.93,79.44,40.47
15,26.08,79.41,40.48
14,26.14,79.47,40.49
16,26.25,79.46,40.47
25,26.38,79.27,40.44
24,26.33,79.29,40.39
22,26.29,79.33,40.39
401,26.66,79.08,40.43
2,26.04,79.52,40.4
15,26.2,79.49,40.4
14,26.26,79.56,40.4
18,26.31,79.48,40.39
41,26.89,78.97,40.38
59,26.94,78.99,40.39
15,26.86,78.97,40.3
3,26.95,78.98,40.22
2,26.86,78.92,40.24
6,26.95,78.91,40.29
18,26.89,78.91,40.35
2,26.24,79.29,40.92
5,26.19,79.39,40.9
2,26.15,79.29,41.01
2,26.68,78.73,40.68
2,26.73,78.88,40.76
4,26.72,78.89,40.71
4,26.74,78.78,40.68
12,26.95,78.86,40.33
13,26.91,78.83,40.37
8,26.85,78.77,40.37
2,26.73,78.67,40.61
3,26.73,78.67,40.53
4,26.79,78.72,40.61
11,26.85,78.77,40.45
6,26.79,78.72,40.53
5,26.73,78.9,40.71
18,26.91,78.82,40.45
26,26.8,78.83,40.53
34,26.86,78.87,40.45
37,26.92,78.89,40.46
71,26.86,78.91,40.48
15,26.8,78.83,40.61
2,26.74,78.9,40.77
34,26.91,78.91,40.43
54,26.95,78.93,40.45
102,26.9,79,40.4
42,26.97,78.99,40.39
14,26.35,79.35,40.59
12,26.33,79.28,40.64
17,26.38,79.28,40.59
26,26.43,79.27,40.46
25,26.43,79.29,40.39
16,26.65,79.09,40.65
58,26.66,79.12,40.6
101,26.71,79.07,40.6
63,26.66,79.16,40.58
363,26.66,79.08,40.49
301,26.71,79.05,40.53
9,26.75,78.85,40.67
14,26.72,78.94,40.68
12,26.65,79.06,40.67
92,26.76,78.9,40.53
332,26.73,78.95,40.47
219,26.85,79.03,40.41
361,26.73,79.03,40.41
158,26.81,78.94,40.47
34,26.77,78.89,40.6
106,26.71,79.01,40.6
102,26.74,78.95,40.59
296,26.71,79.01,40.54
254,26.74,78.95,40.52
4,26.73,78.94,40.75
4,25.93,79.38,40.73
10,26.08,79.37,40.75
7,26.02,79.43,40.68
13,26.09,79.37,40.68
12,26.13,79.43,40.67
12,26.14,79.49,40.55
11,26.08,79.45,40.61
12,26.08,79.45,40.55
11,26.14,79.5,40.6
8,26.07,79.29,40.9
6,26.09,79.39,40.83
3,26.1,79.4,40.9
3,26.14,79.41,40.93
10,26.19,79.45,40.76
12,26.19,79.45,40.68
14,26.25,79.49,40.55
12,26.25,79.49,40.61
12,26.21,79.54,40.56
11,26.29,79.37,40.68
12,26.24,79.42,40.66
4,26.37,79.28,40.74
8,26.29,79.37,40.75
15,26.36,79.4,40.54
15,26.3,79.43,40.54
13,26.3,79.43,40.61
7,26.19,79.46,40.84
2,26.34,79.28,40.83
7,26.29,79.38,40.83
5,26.28,79.4,40.9
20,26.39,79.34,40.49
20,26.34,79.35,40.46
18,26.3,79.39,40.46
394,26.73,79.06,40.47
186,26.89,79,40.46
3,26.04,79.55,40.5
13,26.2,79.53,40.49
11,26.26,79.58,40.49
15,26.31,79.52,40.47
21,26.35,79.4,40.39
23,26.38,79.33,40.39
141,26.66,79.16,40.43
31,26.55,79.28,40.42
397,26.68,79.07,40.41
125,26.69,79.16,40.41
272,26.89,79.08,40.4
3,26.15,79.64,40.4
14,26.37,79.61,40.4
22,26.96,78.98,40.34
10,26.96,78.98,40.26
3,26.97,78.92,40.25
2,26.91,78.87,40.25
24,26.97,78.91,40.41
13,26.97,78.91,40.33
2,26.07,79.3,41.04
5,26.19,79.47,40.9
5,26.24,79.4,40.93
2,26.79,78.81,40.76
2,26.79,78.72,40.68
6,26.78,78.81,40.68
14,26.97,78.85,40.37
21,26.97,78.85,40.45
5,26.95,78.71,40.43
8,26.85,78.77,40.61
11,26.85,78.77,40.53
8,26.81,78.84,40.68
19,26.91,78.82,40.53
35,26.95,78.89,40.49
69,26.91,78.93,40.48
48,26.86,78.88,40.53
13,26.91,78.82,40.61
26,26.86,78.88,40.61
3,26.82,78.84,40.76
89,26.93,78.96,40.46
46,26.98,78.92,40.46
130,26.96,79.05,40.39
45,27.01,79.01,40.39
18,27.13,78.97,40.37
13,26.36,79.4,40.6
10,26.35,79.36,40.66
12,26.4,79.35,40.61
19,26.43,79.27,40.57
9,26.38,79.28,40.66
28,26.52,79.27,40.47
19,26.52,79.27,40.58
21,26.49,79.27,40.55
19,26.45,79.33,40.5
21,26.45,79.35,40.45
23,26.5,79.38,40.4
23,26.57,79.33,40.46
20,26.56,79.38,40.46
31,26.61,79.28,40.48
27,26.59,79.27,40.55
51,26.66,79.24,40.48
42,26.65,79.22,40.56
2,26.65,79.15,40.73
12,26.65,79.15,40.66
9,26.65,79.12,40.67
17,26.72,79.07,40.67
41,26.66,79.19,40.59
37,26.72,79.17,40.61
48,26.71,79.11,40.62
111,26.74,79.06,40.6
120,26.67,79.16,40.5
320,26.73,79.06,40.53
13,26.78,78.89,40.68
14,26.72,79.02,40.68
128,26.81,78.94,40.53
353,26.8,79.07,40.41
352,26.76,79,40.47
196,26.86,78.99,40.48
51,26.81,78.94,40.61
93,26.77,79,40.61
271,26.76,79,40.53
6,26.79,78.89,40.74
2,26.74,78.97,40.77
2,26.73,79.02,40.75
7,26.07,79.45,40.76
9,26.08,79.45,40.68
8,26.14,79.49,40.76
10,26.14,79.5,40.69
3,26.03,79.56,40.6
11,26.2,79.55,40.61
2,26.04,79.41,40.91
2,26.09,79.48,40.9
4,26.08,79.47,40.84
3,26.14,79.5,40.92
5,26.14,79.5,40.84
9,26.25,79.49,40.76
11,26.25,79.49,40.68
9,26.26,79.6,40.61
10,26.27,79.59,40.56
12,26.31,79.54,40.54
11,26.31,79.54,40.61
9,26.3,79.45,40.76
11,26.3,79.44,40.68
3,26.42,79.28,40.76
7,26.39,79.37,40.75
13,26.36,79.48,40.53
14,26.41,79.42,40.53
12,26.36,79.48,40.61
7,26.25,79.49,40.84
5,26.37,79.39,40.84
7,26.3,79.46,40.83
4,26.34,79.41,40.91
6,26.29,79.47,40.9
17,26.35,79.45,40.46
19,26.4,79.39,40.46
33,26.64,79.29,40.43
136,26.73,79.17,40.47
343,26.77,79.11,40.47
244,26.91,79.05,40.46
3,26.15,79.66,40.51
11,26.37,79.64,40.49
20,26.47,79.48,40.4
32,26.61,79.29,40.42
34,26.66,79.28,40.43
51,26.66,79.23,40.43
26,26.57,79.37,40.41
346,26.74,79.12,40.41
90,26.74,79.21,40.41
256,26.93,79.09,40.4
342,26.86,79.12,40.41
3,26.27,79.75,40.41
12,26.49,79.73,40.4
11,27.1,78.97,40.29
2,27.07,78.86,40.27
13,27.1,78.89,40.38
2,26.25,79.44,41.04
5,26.25,79.5,40.92
3,26.34,79.44,41
2,26.85,78.77,40.76
4,26.85,78.77,40.68
9,27.07,78.79,40.43
21,26.97,78.84,40.51
5,26.96,78.71,40.57
7,26.91,78.82,40.68
12,26.86,78.88,40.68
30,26.97,78.88,40.53
68,26.92,78.93,40.53
20,26.97,78.87,40.61
37,26.92,78.93,40.61
4,26.86,78.88,40.76
3,26.91,78.82,40.76
121,26.98,79,40.46
55,27.03,78.95,40.46
20,27.14,78.88,40.46
26,27.09,78.99,40.39
140,27.09,79.1,40.4
12,27.29,78.97,40.36
10,26.35,79.41,40.66
12,26.41,79.42,40.61
13,26.45,79.34,40.59
9,26.4,79.36,40.68
6,26.5,79.27,40.69
14,26.52,79.34,40.57
15,26.47,79.38,40.53
20,26.5,79.4,40.46
19,26.55,79.33,40.51
12,26.57,79.34,40.6
18,26.62,79.4,40.48
11,26.65,79.21,40.65
29,26.63,79.27,40.54
20,26.65,79.33,40.53
16,26.64,79.33,40.58
34,26.65,79.26,40.54
30,26.71,79.29,40.53
23,26.71,79.27,40.59
2,26.73,79.16,40.74
9,26.65,79.18,40.66
10,26.72,79.16,40.67
9,26.72,79.11,40.69
24,26.75,79.06,40.66
22,26.72,79.22,40.62
51,26.74,79.17,40.6
98,26.77,79.11,40.61
107,26.74,79.17,40.53
285,26.77,79.11,40.53
17,26.81,78.94,40.68
18,26.78,79,40.68
157,26.87,78.99,40.53
238,26.9,79.04,40.48
348,26.82,79.05,40.47
67,26.87,78.99,40.61
100,26.82,79.05,40.61
276,26.82,79.05,40.53
5,26.82,78.94,40.76
3,26.79,79,40.75
8,26.2,79.55,40.76
9,26.2,79.55,40.68
2,26.03,79.56,40.72
3,26.15,79.66,40.61
3,26.2,79.55,40.92
5,26.2,79.55,40.84
7,26.26,79.6,40.76
8,26.26,79.6,40.68
8,26.31,79.54,40.76
10,26.31,79.54,40.68
9,26.38,79.64,40.59
6,26.45,79.38,40.77
8,26.36,79.48,40.76
7,26.41,79.44,40.76
10,26.36,79.48,40.68
11,26.48,79.52,40.57
3,26.26,79.6,40.92
5,26.26,79.6,40.84
5,26.31,79.54,40.92
7,26.31,79.54,40.84
3,26.45,79.41,40.89
5,26.35,79.5,40.91
6,26.36,79.48,40.84
16,26.46,79.51,40.46
22,26.68,79.36,40.48
28,26.72,79.33,40.47
41,26.74,79.28,40.48
89,26.77,79.22,40.48
278,26.83,79.16,40.48
226,26.94,79.05,40.46
337,26.9,79.1,40.46
3,26.27,79.76,40.53
9,26.49,79.75,40.51
17,26.59,79.61,40.4
24,26.67,79.45,40.41
33,26.64,79.31,40.41
38,26.67,79.29,40.4
50,26.7,79.25,40.41
71,26.82,79.28,40.41
257,26.81,79.17,40.41
287,26.98,79.18,40.4
5,26.39,79.82,40.41
11,26.61,79.81,40.41
7,27.29,78.97,40.28
8,27.29,78.87,40.38
4,27.18,78.7,40.44
2,26.25,79.57,41.02
3,26.36,79.52,40.99
2,26.44,79.45,41.03
4,27.18,78.69,40.57
2,26.96,78.71,40.72
8,27.07,78.78,40.55
12,27.08,78.83,40.6
11,26.97,78.87,40.68
16,26.92,78.93,40.68
39,27.03,78.92,40.54
87,26.98,78.98,40.53
26,27.03,78.92,40.61
48,26.98,78.98,40.61
5,26.97,78.87,40.76
6,26.92,78.93,40.76
31,27.1,78.91,40.48
108,27.1,79.05,40.48
12,27.3,78.87,40.46
43,27.19,79.04,40.4
175,27.22,79.2,40.41
20,27.29,78.99,40.4
8,27.5,78.97,40.37
12,26.46,79.39,40.6
9,26.41,79.43,40.68
4,26.58,79.27,40.72
6,26.54,79.36,40.71
17,26.69,79.45,40.48
13,26.58,79.42,40.56
5,26.65,79.25,40.7
9,26.72,79.25,40.67
6,26.62,79.27,40.69
14,26.69,79.34,40.59
19,26.68,79.37,40.52
14,26.68,79.38,40.59
18,26.71,79.32,40.59
23,26.75,79.28,40.6
36,26.74,79.28,40.52
3,26.55,79.4,40.85
2,26.73,79.22,40.76
3,26.77,79.17,40.74
8,26.72,79.21,40.68
12,26.76,79.17,40.68
16,26.78,79.11,40.68
34,26.78,79.22,40.61
90,26.83,79.16,40.61
74,26.78,79.22,40.53
230,26.83,79.16,40.53
21,26.87,78.99,40.68
19,26.82,79.05,40.68
186,26.93,79.04,40.53
337,26.87,79.1,40.48
79,26.93,79.04,40.61
105,26.88,79.1,40.61
271,26.88,79.1,40.53
2,26.79,79.11,40.76
6,26.87,78.99,40.76
3,26.82,79.05,40.76
2,26.15,79.66,40.72
3,26.28,79.75,40.62
7,26.37,79.64,40.72
8,26.49,79.73,40.6
7,26.47,79.52,40.72
9,26.59,79.62,40.58
4,26.37,79.64,40.88
5,26.47,79.54,40.87
12,26.59,79.64,40.48
18,26.72,79.47,40.47
27,26.77,79.37,40.49
64,26.85,79.31,40.47
107,26.87,79.25,40.49
235,27.01,79.15,40.47
4,26.39,79.83,40.54
8,26.61,79.81,40.53
21,26.68,79.53,40.4
15,26.71,79.72,40.4
36,26.76,79.36,40.4
106,26.89,79.26,40.41
232,27.11,79.28,40.4
3,26.39,79.89,40.42
7,26.62,79.88,40.41
5,27.49,78.97,40.28
2,27.3,78.85,40.28
4,27.63,78.97,40.28
5,27.49,78.87,40.38
5,27.3,78.77,40.44
2,26.37,79.65,41.03
2,26.47,79.57,41.02
5,27.3,78.76,40.55
2,27.18,78.69,40.72
7,27.3,78.81,40.61
5,27.08,78.81,40.72
18,27.19,78.91,40.6
7,27.03,78.92,40.76
8,26.98,78.98,40.76
14,27.03,78.92,40.68
20,26.98,78.98,40.68
64,27.09,79.02,40.59
38,27.2,78.96,40.5
112,27.22,79.16,40.52
18,27.3,78.89,40.5
8,27.5,78.86,40.47
171,27.33,79.26,40.42
66,27.31,79.11,40.41
21,27.42,79.03,40.4
6,27.63,78.96,40.36
12,27.52,78.99,40.4
5,26.65,79.36,40.74
6,26.57,79.44,40.71
11,26.69,79.5,40.57
5,26.73,79.31,40.72
10,26.77,79.28,40.68
6,26.69,79.36,40.71
15,26.76,79.42,40.57
23,26.81,79.36,40.57
2,26.64,79.4,40.9
4,26.58,79.48,40.84
2,26.73,79.38,40.86
2,26.79,79.22,40.76
2,26.83,79.16,40.76
10,26.79,79.22,40.68
16,26.83,79.16,40.68
73,26.89,79.26,40.57
7,26.93,79.04,40.76
4,26.88,79.1,40.76
25,26.93,79.04,40.68
22,26.88,79.1,40.68
142,26.99,79.14,40.57
4,26.39,79.81,40.62
2,26.27,79.76,40.72
6,26.49,79.75,40.72
7,26.61,79.79,40.61
6,26.59,79.62,40.72
8,26.71,79.71,40.6
4,26.49,79.74,40.88
4,26.59,79.63,40.88
15,26.71,79.54,40.47
10,26.71,79.73,40.51
27,26.81,79.4,40.47
97,26.92,79.27,40.47
161,27.12,79.26,40.51
3,26.4,79.9,40.56
6,26.62,79.88,40.55
13,26.83,79.79,40.41
23,26.81,79.6,40.4
37,26.9,79.48,40.4
76,27,79.38,40.4
182,27.2,79.39,40.41
3,26.51,79.96,40.42
4,26.73,79.94,40.42
9,26.84,79.86,40.42
2,27.51,78.84,40.28
3,28.07,78.95,40.31
3,27.88,78.96,40.29
3,27.63,78.9,40.28
4,27.63,78.87,40.38
3,27.52,78.76,40.44
2,27.4,78.68,40.45
3,27.4,78.67,40.57
5,27.81,78.96,40.37
8,27.75,78.98,40.41
2,28.17,78.95,40.28
3,28.07,78.95,40.36
2,26.49,79.74,41.04
2,26.59,79.63,41.04
4,27.52,78.74,40.55
4,27.51,78.79,40.62
4,27.3,78.79,40.72
9,27.41,78.88,40.61
9,27.2,78.91,40.72
24,27.31,79,40.61
16,27.1,79.03,40.72
66,27.2,79.12,40.61
2,27.2,78.91,40.88
3,27.1,79.03,40.88
92,27.34,79.22,40.55
47,27.32,79.05,40.52
19,27.42,78.94,40.52
6,27.63,78.86,40.47
10,27.52,78.88,40.51
165,27.34,79.32,40.42
99,27.43,79.2,40.42
37,27.54,79.12,40.41
14,27.64,79.04,40.41
6,26.69,79.5,40.72
9,26.81,79.6,40.59
5,26.78,79.44,40.72
6,26.82,79.37,40.72
13,26.9,79.48,40.59
3,26.7,79.52,40.87
2,26.79,79.46,40.85
9,26.9,79.27,40.72
35,27,79.36,40.6
18,27,79.15,40.72
102,27.1,79.24,40.6
2,26.39,79.86,40.72
5,26.61,79.84,40.72
6,26.83,79.77,40.62
5,26.71,79.73,40.72
3,26.61,79.84,40.88
3,26.71,79.72,40.88
8,26.83,79.79,40.54
14,26.82,79.61,40.49
22,26.92,79.49,40.5
52,27.02,79.37,40.51
100,27.2,79.36,40.55
3,26.51,79.97,40.57
5,26.73,79.95,40.58
6,26.84,79.86,40.56
21,26.93,79.71,40.41
36,27.03,79.59,40.41
75,27.13,79.48,40.41
169,27.27,79.39,40.42
4,26.85,80.05,40.43
9,26.95,79.93,40.43
2,28.07,78.8,40.45
3,27.88,78.83,40.41
4,27.63,78.78,40.53
3,27.63,78.79,40.44
2,27.4,78.67,40.72
4,27.99,78.95,40.39
4,27.81,78.83,40.5
6,27.75,78.86,40.54
2,28.17,78.79,40.43
3,28.07,78.8,40.51
8,27.9,79.02,40.42
2,28.31,78.95,40.34
2,27.3,78.79,40.88
5,27.62,78.85,40.63
3,27.52,78.77,40.72
12,27.52,78.97,40.63
6,27.42,78.89,40.72
27,27.42,79.09,40.64
13,27.32,79.01,40.72
46,27.33,79.17,40.64
21,27.22,79.13,40.72
4,27.32,79.01,40.88
4,27.22,79.13,40.88
83,27.34,79.29,40.57
52,27.44,79.14,40.56
24,27.54,79.04,40.55
11,27.64,78.93,40.54
146,27.46,79.39,40.43
116,27.56,79.3,40.43
60,27.66,79.22,40.43
23,27.76,79.13,40.42
7,26.91,79.69,40.62
5,26.81,79.61,40.72
9,27.01,79.57,40.63
5,26.91,79.49,40.72
2,26.81,79.6,40.88
2,26.88,79.53,40.88
17,27.11,79.45,40.64
8,27.02,79.37,40.72
44,27.18,79.35,40.64
20,27.12,79.25,40.72
2,27.12,79.25,40.88
2,26.51,79.96,40.73
4,26.73,79.94,40.74
4,26.83,79.82,40.72
2,26.73,79.94,40.88
2,26.83,79.83,40.88
10,26.94,79.71,40.54
16,27.03,79.59,40.54
33,27.13,79.47,40.55
83,27.27,79.36,40.57
3,26.85,80.05,40.61
5,26.95,79.93,40.59
17,27.05,79.81,40.42
30,27.15,79.7,40.42
59,27.25,79.59,40.43
123,27.35,79.49,40.43
4,27.08,80.14,40.44
2,28.5,78.94,40.31
2,28.73,78.95,40.33
3,27.7,78.77,40.63
2,27.82,78.69,40.53
3,27.98,78.81,40.53
6,27.89,78.9,40.56
2,28.31,78.8,40.49
16,28.1,79.12,40.42
2,29.01,78.95,40.36
3,28.8,78.99,40.42
4,28.66,78.99,40.42
6,28.31,79,40.42
2,27.52,78.77,40.88
3,27.42,78.89,40.88
4,27.64,78.87,40.72
9,27.54,78.99,40.73
15,27.43,79.1,40.73
20,27.33,79.22,40.73
5,27.44,79.11,40.88
4,27.34,79.23,40.88
60,27.46,79.35,40.6
47,27.56,79.24,40.6
27,27.66,79.14,40.59
14,27.76,79.03,40.58
106,27.69,79.5,40.44
59,27.89,79.31,40.43
4,26.93,79.71,40.72
5,27.03,79.59,40.73
2,26.93,79.71,40.88
7,27.13,79.46,40.73
17,27.23,79.34,40.73
3,27.24,79.35,40.88
2,26.85,80.04,40.76
3,26.95,79.92,40.74
2,26.85,80.05,40.88
2,26.95,79.93,40.88
7,27.06,79.81,40.58
11,27.15,79.69,40.59
21,27.25,79.57,40.6
49,27.35,79.46,40.6
3,27.08,80.14,40.63
16,27.29,79.91,40.43
53,27.49,79.69,40.44
3,27.32,80.34,40.44
2,28.5,78.78,40.47
2,28.72,78.79,40.49
2,27.85,78.74,40.8
8,28.09,79.01,40.59
2,28.97,78.8,40.5
2,28.76,78.86,40.56
2,28.63,78.86,40.56
4,28.3,78.87,40.56
3,29.3,78.96,40.42
29,28.35,79.28,40.43
6,29.05,79.06,40.42
9,28.56,79.1,40.42
2,27.64,78.87,40.88
4,27.54,78.99,40.88
6,27.76,78.96,40.73
10,27.65,79.08,40.74
3,27.76,78.97,40.87
5,27.66,79.09,40.88
15,27.55,79.2,40.75
16,27.45,79.32,40.75
5,27.56,79.21,40.88
5,27.46,79.33,40.88
36,27.69,79.45,40.63
22,27.89,79.23,40.62
74,27.93,79.68,40.44
65,28.14,79.47,40.44
3,27.05,79.8,40.74
4,27.15,79.68,40.74
6,27.25,79.56,40.75
12,27.35,79.44,40.75
2,27.25,79.57,40.88
3,27.35,79.45,40.88
6,27.29,79.9,40.62
19,27.49,79.67,40.63
2,27.32,80.34,40.64
10,27.52,80.11,40.44
27,27.72,79.89,40.44
2,27.56,80.54,40.44
2,29.49,78.95,40.34
3,28.09,78.94,40.82
2,29.22,78.84,40.55
11,28.33,79.19,40.61
3,29,78.95,40.56
5,28.54,78.99,40.58
8,29.5,79.12,40.42
39,28.59,79.44,40.44
17,28.81,79.24,40.43
7,27.89,79.17,40.84
8,27.68,79.42,40.85
24,27.93,79.64,40.64
22,28.13,79.41,40.64
46,28.17,79.86,40.44
58,28.38,79.64,40.44
2,27.28,79.89,40.85
4,27.48,79.66,40.85
4,27.52,80.1,40.64
10,27.72,79.87,40.64
6,27.76,80.31,40.44
15,27.96,80.08,40.44
2,29.82,78.95,40.32
3,30.02,78.95,40.6
5,29.8,79.12,40.62
2,28.97,78.86,40.8
2,28.53,78.9,40.82
5,28.33,79.13,40.84
5,29.42,79.08,40.56
14,28.57,79.38,40.63
7,28.78,79.15,40.6
28,29.14,79.55,40.43
7,28.13,79.38,40.85
7,27.92,79.62,40.86
16,28.17,79.83,40.64
19,28.37,79.6,40.64
31,28.64,80.03,40.44
3,27.72,79.86,40.86
3,27.76,80.3,40.64
6,27.96,80.07,40.64
5,28.22,80.49,40.44
3,30.35,78.95,40.56
2,30.24,78.95,40.3
2,29.81,78.79,40.47
2,29.92,78.81,40.72
6,30.14,79.3,40.59
4,29.66,79.12,40.73
18,30.21,79.35,40.42
4,28.77,79.09,40.83
3,29.38,79.04,40.8
6,28.57,79.34,40.85
22,29.6,79.85,40.43
11,29.08,79.54,40.6
7,28.36,79.58,40.86
5,28.16,79.82,40.86
14,29.11,80.4,40.44
11,28.63,80.01,40.64
2,27.96,80.06,40.86
3,28.7,80.88,40.44
2,28.22,80.48,40.64
22,30.07,79.49,40.41
2,30.64,78.95,40.56
2,30.55,78.95,40.27
2,30.32,78.79,40.68
2,30.28,78.8,40.45
14,30.61,79.44,40.42
7,30.8,79.47,40.58
7,30.63,79.31,40.56
10,30.06,79.5,40.57
5,29.98,79.45,40.73
12,29.96,79.62,40.55
15,30.02,80.24,40.43
2,28.57,79.34,41.11
9,29.55,79.92,40.6
6,29.09,79.51,40.83
2,28.36,79.58,41.11
7,29.57,80.78,40.44
6,29.11,80.4,40.64
5,28.62,80,40.86
2,29.16,81.28,40.44
18,30.44,79.78,40.42
17,30.76,79.75,40.42
7,30.84,79.63,40.62
3,31.03,79.18,40.5
2,30.91,78.95,40.52
2,30.85,78.95,40.25
2,30.63,78.81,40.42
8,30.45,79.6,40.58
6,30.63,79.64,40.73
5,30.44,79.5,40.74
5,29.9,79.66,40.8
9,30.36,79.89,40.56
9,30.69,79.87,40.56
9,30.39,80.65,40.43
6,29.99,80.3,40.61
5,29.54,79.91,40.83
3,29.99,81.17,40.44
3,29.58,80.8,40.64
3,29.1,80.4,40.86
14,30.77,80.13,40.42
6,30.76,79.77,40.73
6,30.96,79.63,40.62
14,30.98,79.75,40.42
7,31.03,79.49,40.58
13,31.03,79.64,40.3
13,31.03,79.96,40.33
2,31.24,79.08,40.35
2,31.16,79.08,40.63
5,31.54,79.4,40.39
10,30.93,80.55,40.42
4,30.31,79.9,40.81
7,30.82,80.22,40.57
5,30.64,79.96,40.81
5,30.75,81.08,40.42
4,30.43,80.7,40.61
3,29.99,80.31,40.84
2,30.4,81.58,40.43
2,30.03,81.19,40.63
2,29.58,80.8,40.86
9,31.03,80.67,40.34
5,31,79.76,40.73
8,31.06,79.87,40.55
9,31.18,79.61,40.45
4,31.17,79.53,40.68
8,31.3,79.71,40.37
9,31.18,79.97,40.47
10,31.25,79.99,40.36
8,31.57,80.26,40.41
7,31.8,79.8,40.39
2,31.8,79.29,40.67
2,30.95,81.51,40.41
5,31.19,80.67,40.49
4,31.05,80.61,40.56
4,30.87,80.25,40.8
2,30.85,81.11,40.57
2,30.48,80.72,40.83
6,31.31,80.69,40.38
3,31.03,81.5,40.33
6,31.38,79.95,40.63
4,31.19,79.97,40.8
3,31.41,79.66,40.77
3,31.86,80.16,40.72
3,31.99,79.73,40.73
5,31.97,80.79,40.4
6,32.09,79.79,40.37
2,31.19,81.49,40.48
2,31.2,80.64,40.82
2,31.45,80.65,40.75
3,31.68,81.5,40.38
2,31.93,79.71,40.87
3,31.67,80.17,40.83
2,32.2,80.78,40.8
2,32.24,79.72,40.77
4,32.61,80.56,40.4
2,33.39,79.65,40.47
3,33.49,81.38,40.48
2,34.07,80.45,40.52
2,34.22,82.18,40.53
2,34.69,80.39,40.56
2,35.37,81.2,40.58
2,36.35,82,40.59
2,22.85,105.44,43.95
2,22.84,105.43,43.95
2,22.85,105.44,43.94
2,23.57,108.46,49.95
2,22.92,108.21,49.57
2,23.1,108.2,49.95
2,22.92,107.11,49.57
2,23.05,107.1,49.95
2,22.92,106.04,49.58
2,23,106.02,49.95
2,23.64,108.62,49.59
2,22.92,105.68,49.58
2,23.22,105.68,49.95
2,23.35,105.49,49.58
2,22.84,105.44,43.95
2,22.85,105.44,43.95
2,22.85,105.44,43.95
2,22.86,105.44,43.95
2,22.87,105.46,43.93
2,22.84,105.43,43.94
2,22.85,105.44,43.94
2,22.84,105.43,43.93
2,22.85,105.43,43.92
2,22.84,105.43,43.91
2,22.85,105.43,43.91
2,22.84,105.43,43.9
2,22.85,105.43,43.9
2,24.04,108.08,49.95
2,23.59,108.3,49.76
2,23.43,107.61,49.95
2,22.92,107.58,49.56
2,22.92,108.2,48.85
2,23.24,108.08,49.76
2,23.11,108.09,49.44
2,23.34,106.54,49.95
2,22.92,106.54,49.57
2,22.92,107.1,48.83
2,23.2,107.1,49.76
2,23.11,107.11,49.44
2,22.92,106.06,48.85
2,23.17,106.13,49.76
2,23.11,106.14,49.44
2,23.64,108.43,49.45
2,24.35,108.09,49.56
2,23.64,108.62,48.87
2,24.24,106.48,49.95
2,24.35,106.48,49.57
2,22.92,105.68,48.87
2,23.89,105.94,49.95
2,23.11,105.84,49.45
2,23.33,105.84,49.76
2,24.35,105.89,49.57
2,23.43,105.68,49.44
2,24.06,105.49,49.6
2,23.39,105.49,48.87
2,22.86,105.44,43.95
2,22.86,105.43,43.95
2,22.86,105.44,43.95
2,22.86,105.44,43.95
2,22.86,105.43,43.95
2,22.84,105.44,43.91
2,22.84,105.44,43.9
2,22.84,105.44,43.88
2,22.84,105.45,43.95
2,22.84,105.44,43.94
2,22.86,105.46,43.93
2,22.84,105.44,43.92
2,22.85,105.45,43.95
2,22.86,105.45,43.95
2,22.87,105.46,43.93
2,22.87,105.46,43.92
2,22.86,105.43,43.94
2,22.86,105.43,43.92
2,22.87,105.46,43.91
2,22.87,105.45,43.9
2,22.87,105.43,43.91
2,22.87,105.45,43.89
2,22.85,105.43,43.89
2,22.84,105.44,43.89
2,22.87,105.43,43.9
2,22.84,105.44,43.88
2,22.84,105.45,43.87
2,22.85,105.43,43.88
2,22.92,108.19,48.17
2,22.92,107.11,48.16
2,22.92,106.07,48.18
2,23.98,107.05,49.95
2,23.93,107.97,49.76
2,23.6,108.18,49.35
2,23.49,107.55,49.76
2,23.11,107.54,49.44
2,22.92,107.56,48.83
2,23.34,107.99,49.35
2,23.11,108.08,48.8
2,23.42,106.59,49.76
2,23.11,106.59,49.44
2,22.92,106.56,48.84
2,23.31,107.1,49.35
2,23.12,107.11,48.79
2,23.28,106.21,49.35
2,23.11,106.15,48.8
2,23.6,108.18,48.77
2,24.16,107.98,49.44
2,23.64,108.43,48.81
2,24.35,107.14,49.58
2,24.35,108.07,48.85
2,23.64,108.62,48.18
2,23.11,108.62,46.09
2,24.08,106.53,49.76
2,24.16,106.53,49.44
2,24.35,106.5,48.83
2,24.35,106.01,48.85
2,22.92,105.69,48.18
2,23.11,105.84,48.81
2,23.4,105.49,48.19
2,23.82,106.07,49.76
2,23.42,105.95,49.35
2,24.35,105.61,48.87
2,24.16,106.01,49.44
2,24.11,105.49,48.88
2,23.96,105.68,49.46
2,23.46,105.69,48.81
2,23.25,105.47,46.38
2,22.88,105.46,43.93
2,22.86,105.45,43.95
2,22.88,105.46,43.93
2,22.86,105.44,43.96
2,22.88,105.46,43.93
2,22.86,105.45,43.96
2,22.87,105.44,43.94
2,22.87,105.44,43.96
2,22.86,105.44,43.97
2,22.87,105.44,43.97
2,22.86,105.46,43.9
2,22.86,105.46,43.89
2,22.84,105.46,43.91
2,22.86,105.46,43.88
2,22.84,105.46,43.88
2,22.84,105.46,43.93
2,22.87,105.47,43.93
2,22.86,105.46,43.92
2,22.86,105.46,43.91
2,22.85,105.46,43.95
2,22.88,105.46,43.93
2,22.87,105.46,43.92
2,22.88,105.43,43.93
2,22.88,105.46,43.92
2,22.88,105.43,43.92
2,22.88,105.45,43.91
2,22.87,105.46,43.91
2,22.87,105.46,43.9
2,22.88,105.45,43.9
2,22.88,105.43,43.92
2,22.88,105.43,43.9
2,22.87,105.46,43.89
2,22.87,105.43,43.88
2,22.88,105.45,43.89
2,22.87,105.45,43.88
2,22.89,105.43,43.88
2,23.11,108.62,46.42
2,23.48,108.62,46.41
2,24,108.62,46.41
2,22.86,105.46,43.86
2,22.87,105.45,43.87
2,22.84,105.44,43.86
2,22.85,105.46,43.86
2,22.88,105.43,43.86
2,22.85,105.43,43.86
2,22.92,108.45,46.42
2,22.92,108.19,47.53
2,22.92,107.1,47.53
2,22.92,106.07,47.53
2,22.92,107.55,48.16
2,23.12,108.08,48.15
2,22.92,106.57,48.17
2,23.12,107.11,48.15
2,23.12,106.16,48.16
2,23.89,107.05,49.76
2,23.86,107.89,49.36
2,23.54,107.51,49.35
2,23.12,107.53,48.79
2,23.34,107.99,48.77
2,23.47,106.63,49.35
2,23.31,107.1,48.77
2,23.12,106.6,48.8
2,23.28,106.21,48.77
2,23.86,107.91,48.77
2,23.6,108.18,48.15
2,23.27,108.63,44.04
2,23.28,108.61,44.02
2,23.25,108.55,44.02
2,23.37,108.55,44.02
2,23.25,108.63,44.1
2,22.92,108.05,46.42
2,22.92,108.45,46.1
2,24.16,107.13,49.44
2,24.16,107.95,48.8
2,23.64,108.43,48.16
2,23.25,108.43,46.42
2,23.91,108.43,46.42
2,24.35,107.11,48.83
2,24.35,108.07,48.17
2,23.64,108.62,47.53
2,23.11,108.62,45.77
2,23.48,108.62,46.09
2,23.25,108.43,46.11
2,23.52,108.43,46.42
2,23.97,106.57,49.35
2,24.15,106.54,48.79
2,24.35,106.51,48.16
2,24.16,106.11,48.8
2,24.35,106.02,48.18
2,22.92,105.69,47.53
2,23.12,105.85,48.16
2,23.43,105.95,48.77
2,23.39,105.5,47.53
2,24.35,105.62,48.18
2,24.12,105.49,48.19
2,23.46,105.69,48.16
2,24.16,105.78,48.81
2,23.98,105.68,48.81
2,23.78,106.16,49.36
2,23.54,105.48,46.43
2,23.05,105.47,46.44
2,22.91,105.62,46.41
2,23.27,105.47,46.11
2,23.3,105.61,46.38
2,22.87,105.47,43.97
2,22.86,105.47,43.95
2,22.87,105.47,43.99
2,22.86,105.46,43.96
2,22.88,105.46,43.94
2,22.88,105.46,43.93
2,22.88,105.46,43.94
2,22.89,105.46,43.93
2,22.86,105.45,43.97
2,22.89,105.44,43.97
2,22.89,105.44,43.94
2,22.87,105.45,44
2,22.89,105.46,43.95
2,22.88,105.44,43.99
2,22.88,105.47,44.12
2,22.91,105.45,44.12
2,22.87,105.47,43.9
2,22.85,105.49,43.91
2,22.85,105.49,43.94
2,22.85,105.48,43.93
2,22.85,105.48,43.86
2,22.87,105.47,43.88
2,22.85,105.49,43.88
2,22.85,105.49,43.86
2,22.86,105.47,43.94
2,22.87,105.47,43.92
2,22.86,105.47,43.94
2,22.88,105.47,43.92
2,22.88,105.47,43.91
2,22.89,105.46,43.92
2,22.89,105.46,43.91
2,22.88,105.47,43.89
2,22.89,105.46,43.89
2,22.88,105.47,43.9
2,22.89,105.46,43.9
2,22.9,105.44,43.92
2,22.89,105.45,43.91
2,22.9,105.44,43.9
2,22.89,105.45,43.9
2,22.88,105.46,43.88
2,22.89,105.45,43.88
2,22.9,105.44,43.88
2,22.9,105.44,43.86
2,23.07,105.46,44.26
2,23.07,105.46,44.2
2,23.64,108.62,46.89
2,24.35,108.36,46.42
2,24,108.62,46.09
2,23.91,108.43,46.11
2,22.87,105.47,43.86
2,22.88,105.46,43.86
2,22.84,105.44,43.84
2,22.87,105.45,43.86
2,22.85,105.47,43.83
2,22.88,105.43,43.83
2,22.92,106.07,46.42
2,22.92,107.09,46.43
2,22.92,108.2,46.9
2,23.11,108.31,46.42
2,22.92,107.56,46.42
2,22.92,107.09,46.9
2,22.92,106.08,46.9
2,22.92,106.64,46.43
2,22.92,107.55,47.52
2,23.12,108.08,47.52
2,22.92,106.57,47.53
2,23.12,107.11,47.52
2,23.12,106.16,47.53
2,23.12,107.53,48.15
2,23.34,107.99,48.15
2,23.31,107.1,48.15
2,23.12,106.6,48.15
2,23.28,106.21,48.15
2,23.82,107.03,49.36
2,23.56,107.51,48.77
2,23.47,106.63,48.77
2,23.34,108.26,46.43
2,23.82,108.25,46.43
2,23.86,107.91,48.15
2,23.6,108.18,47.52
2,22.99,108.63,44.11
2,22.99,108.63,44.05
2,23.03,108.6,44.02
2,23.19,108.59,44.02
2,23.15,108.63,44.05
2,23.33,108.63,44.12
2,23.36,108.6,44.02
2,23.34,108.63,44.05
2,23.35,108.46,44.17
2,23.34,108.48,44.19
2,23.42,108.63,44.1
2,23.44,108.63,44.04
2,23.45,108.61,44.02
2,23.61,108.63,44.11
2,23.61,108.6,44.02
2,23.62,108.63,44.04
2,23.29,108.55,44.02
2,23.22,108.53,43.99
2,23.31,108.41,44.15
2,23.51,108.55,44.02
2,23.37,108.53,43.99
2,23.42,108.42,44.15
2,23.45,108.55,44.02
2,23.37,108.53,43.93
2,23.3,108.62,44.41
2,23.7,108.63,44.44
2,23.15,108.63,44.12
2,23.34,108.47,44.24
2,22.96,108.63,44.23
2,23.31,108.63,44.26
2,23.7,108.63,44.25
2,24.09,108.63,44.25
2,23.12,107.98,46.42
2,22.92,108.05,46.1
2,22.92,108.45,45.77
2,23.11,108.31,46.11
2,24.15,107.11,48.79
2,24.16,107.95,48.16
2,23.64,108.43,47.52
2,23.63,108.43,46.89
2,24.16,108.22,46.42
2,24.35,107.11,48.17
2,24.35,108.06,47.53
2,23.1,108.62,44.63
2,23.7,108.62,44.62
2,23.69,108.62,44.78
2,23.1,108.62,44.81
2,23.11,108.62,45.43
2,23.48,108.62,45.76
2,23.25,108.43,45.79
2,23.52,108.43,46.1
2,23.34,108.26,46.11
2,23.82,108.25,46.11
2,23.55,108.16,46.43
2,23.97,106.57,48.77
2,24.15,106.54,48.15
2,24.35,106.51,47.53
2,22.92,105.7,46.9
2,23.37,105.49,46.92
2,23.77,106.19,48.77
2,24.35,106.03,47.53
2,24.16,106.12,48.16
2,23.12,105.85,47.52
2,23.43,105.95,48.15
2,24.15,105.49,46.41
2,24.36,105.54,46.48
2,24.35,105.62,47.54
2,24.11,105.5,47.53
2,23.46,105.69,47.53
2,24.16,105.79,48.16
2,23.99,105.69,48.16
2,23.94,105.87,48.77
2,24.36,105.64,46.38
2,24.09,105.48,46.12
2,24.37,105.51,46.06
2,23.88,105.49,46.48
2,22.92,105.8,46.48
2,23.55,105.64,46.43
2,23.59,105.48,46.12
2,23.15,105.61,46.44
2,23.04,105.47,46.11
2,23.06,105.75,46.41
2,22.9,105.68,46.11
2,23.26,105.47,45.8
2,23.33,105.71,46.35
2,23.3,105.6,46.11
2,22.97,105.45,44.63
2,22.96,105.45,44.78
2,22.88,105.55,44.78
2,22.88,105.55,44.63
2,22.89,105.66,44.36
2,22.88,105.66,44.45
2,23.05,105.46,44.36
2,22.89,105.65,44.28
2,22.89,105.61,44.36
2,22.89,105.53,44.28
2,22.95,105.46,44.28
2,23.05,105.46,44.29
2,22.98,105.46,44.47
2,22.88,105.55,44.47
2,22.89,105.52,44.36
2,22.95,105.46,44.36
2,22.89,105.65,44.2
2,22.88,105.49,44.04
2,22.87,105.46,44.06
2,22.91,105.44,44.05
2,22.89,105.48,43.95
2,22.89,105.48,43.94
2,22.87,105.5,43.97
2,22.87,105.49,44
2,22.89,105.48,43.97
2,22.92,105.44,43.95
2,22.89,105.47,43.96
2,22.9,105.46,43.96
2,22.89,105.47,43.94
2,22.91,105.46,43.94
2,22.9,105.47,43.98
2,22.91,105.44,43.99
2,22.94,105.44,43.99
2,22.94,105.44,43.95
2,22.89,105.54,44.2
2,22.96,105.45,44.2
2,22.88,105.46,44.19
2,22.89,105.55,44.13
2,22.93,105.49,44.12
2,22.99,105.45,44.12
2,22.85,105.5,43.92
2,22.86,105.5,43.94
2,22.87,105.5,43.9
2,22.87,105.5,43.91
2,22.88,105.49,43.9
2,22.86,105.63,43.9
2,22.85,105.53,43.92
2,22.87,105.62,43.93
2,22.86,105.53,43.94
2,22.85,105.54,43.88
2,22.85,105.51,43.87
2,22.88,105.5,43.88
2,22.88,105.5,43.86
2,22.88,105.49,43.86
2,22.88,105.49,43.88
2,22.88,105.49,43.91
2,22.89,105.48,43.92
2,22.87,105.51,43.94
2,22.92,105.44,43.91
2,22.89,105.47,43.92
2,22.89,105.47,43.9
2,22.9,105.46,43.92
2,22.9,105.46,43.9
2,22.89,105.47,43.86
2,22.91,105.46,43.86
2,22.89,105.47,43.88
2,22.91,105.46,43.88
2,22.93,105.44,43.87
2,22.94,105.44,43.91
2,23.15,105.46,44.63
2,23.14,105.46,44.78
2,23.13,105.46,44.94
2,23.08,105.52,44.27
2,23.13,105.46,44.36
2,23.14,105.46,44.28
2,23.16,105.46,44.47
2,23.07,105.47,44.12
2,23.08,105.52,44.21
2,23.08,105.46,43.98
2,23.14,105.46,44.2
2,23.14,105.47,44.12
2,24.35,108.09,46.9
2,24.35,108.01,46.43
2,24.35,108.35,46.1
2,24,108.62,45.76
2,23.96,108.62,45.44
2,24.1,108.62,44.81
2,24.1,108.62,44.62
2,24.11,108.62,44.43
2,24.31,108.62,44.24
2,24.16,107.94,46.42
2,24.16,108.22,46.11
2,23.91,108.43,45.79
2,22.85,105.51,43.84
2,22.93,105.44,43.83
2,23.08,105.47,43.8
2,22.86,105.53,43.83
2,22.88,105.48,43.83
2,22.89,105.46,43.83
2,22.86,105.53,43.79
2,22.85,105.47,43.79
2,22.94,105.44,43.79
2,22.92,105.44,43.78
2,22.88,105.44,43.79
2,22.92,107.56,46.11
2,22.92,106.35,46.43
2,22.91,106.11,46.11
2,23.11,106.15,46.42
2,22.92,107.09,46.11
2,23.12,107.09,46.43
2,22.92,106.63,46.11
2,22.92,107.55,46.89
2,23.12,108.09,46.9
2,23.27,108.2,46.43
2,23.12,107.54,46.43
2,22.92,106.57,46.9
2,23.12,107.1,46.89
2,23.12,106.16,46.9
2,23.12,106.66,46.43
2,23.12,107.53,47.52
2,23.34,107.99,47.52
2,23.31,107.1,47.52
2,23.12,106.6,47.52
2,23.28,106.21,47.52
2,23.82,107.02,48.77
2,23.56,107.51,48.15
2,23.47,106.63,48.15
2,23.86,107.9,47.5
2,23.94,108.11,46.43
2,23.59,108.18,46.89
2,22.91,108.57,44.14
2,23.13,108.47,44.26
2,23.12,108.56,44.02
2,23.13,108.48,44.2
2,22.9,108.57,44.06
2,23.15,108.45,44.17
2,22.95,108.57,44.02
2,23.13,108.53,43.98
2,22.97,108.53,43.92
2,23.13,108.53,43.92
2,22.9,108.48,44.16
2,22.9,108.47,44.08
2,22.98,108.53,43.98
2,22.9,108.45,44.03
2,22.9,108.47,43.93
2,23.28,108.45,44.17
2,23.26,108.48,44.2
2,23.4,108.47,44.26
2,23.4,108.36,44.29
2,23.42,108.45,44.17
2,23.41,108.48,44.2
2,23.49,108.63,44.12
2,23.47,108.47,44.25
2,23.53,108.58,44.02
2,23.51,108.63,44.05
2,23.48,108.46,44.17
2,23.48,108.48,44.19
2,23.62,108.48,44.25
2,23.7,108.63,44.13
2,23.69,108.57,44.02
2,23.62,108.45,44.17
2,23.62,108.48,44.19
2,23.78,108.63,44.05
2,23.77,108.6,44.02
2,23.79,108.63,44.11
2,24.04,108.63,44.09
2,24.02,108.59,44.02
2,24.26,108.56,44.03
2,23.28,108.53,43.98
2,23.35,108.41,44.15
2,23.35,108.32,44.24
2,23.29,108.4,44.13
2,23.28,108.53,43.91
2,23.53,108.41,44.15
2,23.53,108.53,43.99
2,23.52,108.53,43.93
2,23.42,108.4,44.12
2,23.44,108.53,43.98
2,23.45,108.32,44.24
2,23.48,108.41,44.15
2,23.44,108.53,43.91
2,23.42,108.39,44.05
2,23.69,108.53,43.98
2,24.01,108.53,43.99
2,24.01,108.53,43.92
2,22.91,108.58,44.25
2,23.09,108.62,44.45
2,23.46,108.63,44.45
2,23.39,108.45,44.53
2,23.9,108.62,44.45
2,23.99,108.44,44.55
2,23.69,108.45,44.55
2,23.11,108.63,44.27
2,23.26,108.47,44.26
2,23.4,108.36,44.34
2,23.12,108.46,44.36
2,23.48,108.63,44.26
2,23.4,108.46,44.38
2,23.69,108.46,44.38
2,23.89,108.63,44.27
2,24.16,108.46,44.37
2,23.98,108.46,44.38
2,22.92,108.47,44.66
2,22.92,108.46,44.83
2,23.34,107.98,46.43
2,23.12,107.98,46.11
2,22.92,108.05,45.79
2,22.92,108.46,45.44
2,23.27,108.2,46.11
2,23.11,108.31,45.79
2,24.15,107.11,48.15
2,24.15,107.95,47.51
2,24.15,107.98,46.89
2,24.35,107.11,47.53
2,23.45,108.62,44.63
2,23.24,108.43,44.72
2,23.87,108.62,44.82
2,23.9,108.62,44.63
2,23.68,108.44,44.72
2,23.98,108.43,44.72
2,23.47,108.62,44.82
2,23.68,108.43,44.86
2,23.11,108.62,45.08
2,23.25,108.43,44.89
2,23.98,108.43,44.89
2,23.48,108.62,45.43
2,23.25,108.43,45.47
2,23.88,108.43,45.47
2,23.52,108.43,45.79
2,23.34,108.26,45.8
2,23.82,108.25,45.8
2,23.55,108.16,46.11
2,23.94,108.11,46.11
2,23.75,107.93,46.43
2,24.01,107.91,46.42
2,23.97,106.57,48.15
2,24.15,106.54,47.52
2,24.35,106.52,46.89
2,24.36,105.66,46.12
2,24.35,105.89,46.9
2,23.1,105.84,46.9
2,24.08,105.49,46.89
2,23.43,105.67,46.91
2,24.16,106.12,47.52
2,23.77,106.19,48.15
2,23.43,105.95,47.52
2,24.03,105.66,46.41
2,24.18,105.71,46.48
2,24.16,105.79,47.53
2,23.98,105.69,47.53
2,23.94,105.87,48.15
2,24.35,106,46.44
2,24.18,105.78,46.38
2,24.37,105.52,45.8
2,24.09,105.48,45.8
2,24.22,105.65,46.06
2,24,105.63,46.11
2,23.83,105.67,46.48
2,23.58,105.47,45.8
2,23.09,105.91,46.48
2,23.54,105.81,46.41
2,23.59,105.62,46.11
2,23.22,105.79,46.4
2,23.13,105.6,46.11
2,23.03,105.47,45.81
2,23.04,105.78,46.11
2,22.9,105.7,45.8
2,23.22,105.47,45.48
2,23.33,105.71,46.11
2,23.3,105.6,45.8
2,23.01,105.52,44.63
2,22.96,105.45,44.94
2,22.88,105.54,44.94
2,23.01,105.53,44.79
2,22.88,105.74,44.94
2,22.95,105.59,44.79
2,22.88,105.75,44.78
2,22.94,105.59,44.63
2,22.88,105.76,44.63
2,22.95,105.67,44.36
2,22.88,105.73,44.36
2,22.95,105.67,44.28
2,22.88,105.73,44.28
2,22.95,105.67,44.45
2,22.88,105.76,44.48
2,22.95,105.63,44.37
2,23.07,105.52,44.36
2,22.9,105.61,44.29
2,22.95,105.56,44.27
2,23.06,105.51,44.3
2,22.98,105.52,44.28
2,23.02,105.52,44.49
2,22.94,105.59,44.49
2,22.96,105.56,44.35
2,22.98,105.53,44.35
2,22.89,105.67,44.13
2,22.88,105.62,43.98
2,22.88,105.78,44.2
2,22.88,105.73,44.21
2,22.94,105.67,44.2
2,22.89,105.73,44.14
2,22.94,105.68,44.13
2,22.89,105.56,44.06
2,22.92,105.51,44.02
2,23,105.45,44.05
2,22.92,105.48,44.04
2,22.88,105.56,43.99
2,22.91,105.5,43.98
2,22.91,105.51,43.94
2,23,105.45,43.97
2,22.92,105.48,43.98
2,22.95,105.47,43.98
2,22.92,105.48,43.95
2,22.95,105.47,43.95
2,23.06,105.46,43.95
2,22.95,105.56,44.2
2,22.98,105.52,44.2
2,22.95,105.56,44.12
2,22.98,105.51,44.12
2,22.87,105.73,43.93
2,22.86,105.73,43.9
2,22.88,105.62,43.94
2,22.87,105.68,43.93
2,22.86,105.62,43.82
2,22.9,105.63,43.87
2,22.89,105.54,43.9
2,22.89,105.51,43.9
2,22.86,105.56,43.94
2,22.85,105.56,43.9
2,22.89,105.54,43.87
2,22.9,105.51,43.87
2,22.91,105.51,43.91
2,22.88,105.56,43.94
2,23,105.45,43.89
2,22.92,105.48,43.91
2,22.92,105.48,43.87
2,22.95,105.47,43.91
2,23.06,105.46,43.89
2,23.05,105.46,43.82
2,23.17,105.54,44.63
2,23.32,105.46,44.63
2,23.3,105.47,44.94
2,23.16,105.55,44.79
2,23.32,105.46,44.79
2,23.16,105.55,44.94
2,23.21,105.46,45.18
2,23.08,105.53,44.26
2,23.14,105.53,44.36
2,23.14,105.53,44.28
2,23.21,105.46,44.36
2,23.21,105.46,44.28
2,23.18,105.54,44.47
2,23.33,105.46,44.47
2,23.07,105.47,44.04
2,23.08,105.53,44.2
2,23.08,105.53,44.12
2,23.09,105.52,43.96
2,23.15,105.53,44.2
2,23.16,105.53,44.12
2,23.14,105.47,44.04
2,23.14,105.46,43.97
2,23.21,105.46,44.2
2,23.22,105.46,44.12
2,23.09,105.52,43.81
2,23.14,105.46,43.89
2,23.14,105.46,43.81
2,24.35,107.49,46.79
2,24.35,107.77,46.42
2,24.35,108,46.11
2,24.35,108.35,45.78
2,24.3,108.62,45.38
2,23.93,108.62,45.08
2,24.27,108.62,44.81
2,24.27,108.62,44.63
2,24.29,108.62,44.45
2,24.37,108.57,44.27
2,24.23,108.6,44.04
2,24.28,108.63,44.09
2,24.34,108.55,44.03
2,24.31,108.53,43.98
2,24.23,108.53,43.99
2,24.16,107.72,46.42
2,24.16,107.94,46.11
2,24.16,108.22,45.79
2,24.2,108.4,44.39
2,22.89,105.54,43.83
2,22.9,105.51,43.83
2,22.92,105.48,43.83
2,23.07,105.46,43.73
2,23,105.45,43.81
2,23.08,105.46,43.67
2,22.86,105.57,43.81
2,22.89,105.53,43.79
2,22.9,105.51,43.79
2,22.88,105.48,43.79
2,22.92,105.48,43.79
2,22.94,105.47,43.79
2,22.89,105.47,43.79
2,22.85,105.49,43.73
2,22.9,105.44,43.73
2,22.92,107.56,45.8
2,23.12,107.54,46.11
2,23.12,106.39,46.43
2,22.92,106.36,46.16
2,22.91,106.16,45.8
2,23.27,106.19,46.41
2,23.09,106.17,46.11
2,22.92,107.09,45.8
2,23.31,107.08,46.43
2,23.12,107.09,46.11
2,22.92,106.63,45.8
2,23.12,106.65,46.11
2,23.12,107.54,46.89
2,23.32,107.53,46.43
2,23.34,107.99,46.9
2,23.31,107.09,46.89
2,23.12,106.6,46.9
2,23.28,106.21,46.9
2,23.3,106.66,46.43
2,23.82,107.02,48.15
2,23.56,107.5,47.51
2,23.47,106.63,47.52
2,23.85,107.9,46.87
2,22.96,108.53,43.84
2,23.13,108.53,43.85
2,23.12,108.53,43.77
2,22.9,108.48,43.85
2,23.29,108.53,43.84
2,23.29,108.53,43.77
2,23.44,108.53,43.84
2,23.44,108.53,43.77
2,23.7,108.53,43.92
2,24.03,108.53,43.84
2,24.04,108.53,43.77
2,23.28,108.52,43.7
2,23.44,108.52,43.7
2,23.23,108.35,44.35
2,23.06,108.42,44.27
2,23.22,108.42,44.16
2,23.23,108.35,44.29
2,23.05,108.43,44.2
2,23.08,108.43,44.16
2,23.22,108.4,44.11
2,23.1,108.39,44.04
2,23.22,108.39,44.04
2,23.05,108.35,44.27
2,22.9,108.38,44.2
2,23.03,108.35,44.19
2,22.9,108.37,44.12
2,22.9,108.38,44.05
2,23.1,108.4,44.11
2,23.03,108.33,44.14
2,23.04,108.34,44.05
2,22.9,108.39,43.94
2,22.9,108.47,43.99
2,23.34,108.34,44.28
2,23.45,108.34,44.35
2,23.45,108.34,44.28
2,23.53,108.47,44.26
2,23.51,108.36,44.34
2,23.55,108.44,44.16
2,23.54,108.48,44.2
2,23.51,108.36,44.29
2,23.62,108.36,44.35
2,23.68,108.47,44.27
2,23.68,108.43,44.16
2,23.62,108.36,44.29
2,23.84,108.57,44.02
2,23.74,108.45,44.17
2,23.75,108.48,44.19
2,23.75,108.47,44.25
2,23.88,108.63,44.13
2,24.13,108.45,44.18
2,24.14,108.47,44.23
2,23.95,108.48,44.24
2,24.25,108.44,44.13
2,23.94,108.44,44.16
2,24.15,108.55,44.02
2,24.16,108.42,44.15
2,23.39,108.32,44.24
2,23.34,108.31,44.21
2,23.35,108.4,44.11
2,23.35,108.39,44.04
2,23.55,108.32,44.24
2,23.6,108.53,43.97
2,23.55,108.4,44.12
2,23.59,108.53,43.91
2,23.55,108.39,44.05
2,23.5,108.32,44.24
2,23.45,108.31,44.2
2,23.48,108.4,44.11
2,23.45,108.3,44.14
2,23.48,108.39,44.04
2,23.84,108.53,43.98
2,23.85,108.53,43.91
2,23.68,108.4,44.11
2,24.19,108.4,44.11
2,24.15,108.53,43.94
2,24.13,108.4,44.11
2,23.94,108.4,44.12
2,23.94,108.39,44.04
2,22.92,108.45,44.48
2,22.91,108.42,44.33
2,23.08,108.42,44.37
2,22.91,108.25,44.33
2,23.23,108.44,44.56
2,23.51,108.45,44.56
2,23.45,108.32,44.59
2,24.12,108.44,44.56
2,23.83,108.45,44.56
2,23.9,108.3,44.62
2,23.67,108.31,44.62
2,23.23,108.34,44.44
2,23.24,108.46,44.4
2,23.34,108.34,44.35
2,23.45,108.33,44.46
2,23.52,108.46,44.39
2,23.67,108.33,44.47
2,23.83,108.46,44.4
2,24.06,108.31,44.46
2,23.9,108.32,44.47
2,22.92,108.25,44.7
2,23.11,108.31,44.73
2,22.92,108.09,44.73
2,22.92,108.24,44.87
2,22.92,108.09,44.89
2,22.92,108.46,45.1
2,23.11,108.31,44.9
2,23.49,107.73,46.43
2,23.34,107.98,46.11
2,23.12,107.98,45.8
2,22.92,108.05,45.47
2,23.27,108.2,45.8
2,23.11,108.31,45.47
2,24.15,107.11,47.52
2,24.16,107.47,46.78
2,24.35,107.09,46.91
2,24.35,107.27,46.43
2,22.92,107.81,44.76
2,22.92,107.81,44.92
2,22.89,105.98,44.92
2,22.89,105.97,44.78
2,22.92,107.81,45.1
2,23.5,108.44,44.72
2,23.34,108.26,44.79
2,23.81,108.43,44.89
2,23.83,108.44,44.73
2,23.67,108.3,44.78
2,24.1,108.43,44.72
2,23.89,108.29,44.78
2,23.48,108.62,45.08
2,23.52,108.43,44.89
2,23.67,108.3,44.9
2,23.25,108.43,45.14
2,23.34,108.26,44.94
2,24.1,108.43,44.89
2,23.85,108.43,45.14
2,23.89,108.28,44.94
2,23.52,108.43,45.46
2,23.34,108.26,45.49
2,24.12,108.43,45.41
2,23.8,108.25,45.5
2,23.55,108.16,45.8
2,23.94,108.11,45.8
2,24.01,107.91,46.11
2,23.75,107.93,46.11
2,23.92,107.7,46.42
2,23.97,106.57,47.52
2,24.15,106.55,46.89
2,24.35,106.52,46.43
2,24.37,105.69,45.8
2,24.36,106.04,46.12
2,24.2,105.79,46.12
2,24.16,106.01,46.9
2,23.96,105.68,46.89
2,23.98,105.82,46.4
2,23.41,105.93,46.89
2,23.94,105.87,47.52
2,23.77,106.19,47.52
2,24.17,106.09,46.43
2,24.06,105.89,46.35
2,24.37,105.52,45.49
2,24.08,105.48,45.49
2,24.23,105.66,45.8
2,24.01,105.62,45.8
2,23.97,105.79,46.1
2,23.8,105.95,46.43
2,23.58,105.47,45.49
2,23.58,105.61,45.8
2,23.54,105.79,46.11
2,23.36,105.96,46.43
2,23.2,105.8,46.11
2,23.12,105.59,45.8
2,22.99,105.46,45.52
2,23.03,105.78,45.8
2,22.89,105.72,45.49
2,23.33,105.71,45.8
2,23.26,105.58,45.47
2,23.02,105.6,44.62
2,22.89,105.74,45.18
2,22.95,105.45,45.16
2,23.01,105.53,44.94
2,22.95,105.59,44.94
2,23.03,105.61,44.78
2,22.89,105.9,44.95
2,22.97,105.76,44.94
2,22.89,105.88,44.81
2,22.97,105.77,44.79
2,22.89,105.89,44.6
2,22.97,105.78,44.63
2,22.98,105.67,44.35
2,22.88,105.78,44.37
2,22.96,105.73,44.36
2,22.97,105.66,44.27
2,22.88,105.82,44.36
2,22.88,105.83,44.28
2,22.96,105.74,44.28
2,22.98,105.67,44.43
2,22.89,105.89,44.48
2,22.97,105.78,44.48
2,22.99,105.61,44.36
2,23.04,105.56,44.36
2,22.99,105.61,44.28
2,23.04,105.56,44.28
2,23.01,105.58,44.47
2,22.89,105.78,44.13
2,22.89,105.73,44.05
2,22.89,105.73,43.99
2,22.89,105.67,44.06
2,22.88,105.67,43.99
2,22.92,105.62,43.95
2,22.88,105.83,44.22
2,22.96,105.78,44.19
2,22.89,105.84,44.15
2,22.95,105.78,44.13
2,22.95,105.74,44.21
2,22.97,105.66,44.2
2,22.95,105.73,44.14
2,22.96,105.67,44.12
2,22.95,105.56,44.04
2,22.98,105.51,44.04
2,22.94,105.56,43.96
2,23.07,105.51,43.94
2,22.98,105.51,43.97
2,22.99,105.61,44.2
2,23.04,105.55,44.2
2,22.99,105.61,44.12
2,23.04,105.55,44.12
2,22.87,105.73,43.76
2,22.87,105.68,43.73
2,22.87,105.61,43.73
2,22.88,105.73,43.94
2,22.88,105.79,43.93
2,22.86,105.79,43.91
2,22.91,105.73,43.87
2,22.87,105.73,43.82
2,22.92,105.62,43.9
2,22.88,105.67,43.94
2,22.92,105.68,43.87
2,22.87,105.68,43.8
2,22.91,105.62,43.82
2,22.91,105.56,43.87
2,22.94,105.56,43.89
2,23.08,105.51,43.89
2,22.98,105.51,43.89
2,23.07,105.51,43.83
2,23.19,105.61,44.63
2,23.33,105.57,44.63
2,23.48,105.47,44.63
2,23.31,105.58,44.94
2,23.46,105.48,44.94
2,23.18,105.61,44.78
2,23.32,105.57,44.79
2,23.48,105.48,44.79
2,23.18,105.62,44.94
2,23.24,105.57,45.18
2,23.58,105.48,45.17
2,23.14,105.57,44.36
2,23.14,105.57,44.27
2,23.19,105.6,44.47
2,23.22,105.54,44.36
2,23.21,105.55,44.28
2,23.32,105.47,44.32
2,23.33,105.58,44.47
2,23.48,105.48,44.47
2,23.08,105.53,44.04
2,23.09,105.53,43.98
2,23.14,105.57,44.2
2,23.14,105.56,44.12
2,23.16,105.53,44.04
2,23.15,105.53,43.96
2,23.22,105.55,44.2
2,23.22,105.54,44.12
2,23.22,105.46,44.04
2,23.22,105.46,43.97
2,23.33,105.47,44.16
2,23.08,105.53,43.79
2,23.08,105.51,43.72
2,23.14,105.53,43.89
2,23.15,105.53,43.81
2,23.14,105.46,43.73
2,23.14,105.46,43.65
2,23.21,105.46,43.89
2,23.21,105.46,43.81
2,24.35,107.49,46.42
2,24.35,107.76,46.11
2,24.35,107.99,45.79
2,24.35,108.35,45.45
2,24.27,108.62,45.08
2,24.35,108.5,44.83
2,24.35,108.51,44.65
2,24.36,108.52,44.47
2,24.37,108.49,44.34
2,24.37,108.55,44.11
2,24.36,108.52,43.99
2,24.3,108.53,43.92
2,24.05,108.53,43.68
2,24.15,107.47,46.43
2,24.16,107.72,46.11
2,24.16,107.94,45.8
2,24.16,108.22,45.47
2,24.16,108.34,44.9
2,24.16,108.35,44.73
2,24.17,108.35,44.57
2,24.18,108.33,44.44
2,24.22,108.41,44.24
2,24.25,108.4,44.11
2,24.18,108.39,44.04
2,23.09,105.51,43.66
2,22.93,105.56,43.81
2,22.98,105.51,43.81
2,23,105.45,43.73
2,23.06,105.46,43.64
2,22.87,105.67,43.65
2,22.87,105.62,43.67
2,22.86,105.57,43.73
2,22.9,105.51,43.73
2,22.92,105.48,43.73
2,22.86,105.49,43.65
2,22.9,105.44,43.65
2,23.47,107.29,46.43
2,22.92,107.56,45.48
2,23.32,107.53,46.11
2,23.12,107.54,45.8
2,22.91,106.17,45.5
2,23.4,106.41,46.43
2,23.12,106.4,46.16
2,23.25,106.19,46.1
2,23.08,106.2,45.8
2,23.44,106.85,46.43
2,22.92,107.09,45.49
2,23.31,107.08,46.11
2,23.12,107.09,45.8
2,22.92,106.65,45.5
2,23.29,106.65,46.11
2,23.12,106.64,45.8
2,23.82,107.02,47.51
2,23.53,107.51,46.89
2,24.01,107.46,46.72
2,23.47,106.63,46.9
2,23.43,108.52,43.63
2,23.27,108.52,43.63
2,22.9,108.49,43.78
2,22.94,108.53,43.77
2,23.17,108.52,43.62
2,23.17,108.52,43.7
2,23.09,108.39,43.97
2,23.04,108.53,43.83
2,23.22,108.38,43.97
2,23.2,108.53,43.83
2,23.03,108.53,43.77
2,23.2,108.53,43.77
2,23.22,108.37,43.89
2,23.04,108.35,43.97
2,22.9,108.38,43.8
2,22.9,108.38,43.87
2,23.35,108.38,43.97
2,23.35,108.53,43.76
2,23.35,108.37,43.89
2,23.48,108.38,43.97
2,23.59,108.53,43.84
2,23.48,108.37,43.89
2,23.59,108.53,43.77
2,23.81,108.53,43.84
2,23.84,108.53,43.77
2,23.69,108.39,44.04
2,24.18,108.53,43.77
2,24.18,108.53,43.84
2,23.95,108.39,43.97
2,23.95,108.38,43.89
2,23.35,108.52,43.69
2,23.35,108.36,43.82
2,23.49,108.52,43.62
2,23.48,108.36,43.82
2,23.5,108.52,43.68
2,23.6,108.52,43.63
2,23.6,108.52,43.7
2,23.86,108.52,43.66
2,23.95,108.37,43.8
2,23.28,108.31,44.36
2,23.18,108.31,44.35
2,23.15,108.26,44.34
2,23.28,108.31,44.28
2,23.17,108.31,44.28
2,23.28,108.29,44.2
2,23.17,108.3,44.2
2,23.17,108.29,44.12
2,23.28,108.29,44.12
2,23.14,108.27,44.27
2,23.05,108.27,44.29
2,22.9,108.24,44.22
2,23.04,108.27,44.22
2,22.9,108.25,44.14
2,23.13,108.26,44.2
2,23.14,108.26,44.13
2,23.03,108.28,44.15
2,22.9,108.25,44.05
2,23.04,108.28,44.04
2,23.03,108.35,44.11
2,22.9,108.28,43.97
2,23.39,108.3,44.36
2,23.39,108.29,44.28
2,23.5,108.29,44.36
2,23.5,108.29,44.28
2,23.56,108.33,44.36
2,23.56,108.33,44.28
2,23.67,108.32,44.36
2,23.67,108.32,44.28
2,23.8,108.43,44.16
2,23.73,108.35,44.35
2,23.73,108.35,44.29
2,23.82,108.47,44.27
2,23.9,108.33,44.31
2,24.09,108.32,44.24
2,24.06,108.41,44.15
2,24.08,108.32,44.31
2,23.39,108.29,44.2
2,23.39,108.28,44.12
2,23.61,108.4,44.1
2,23.56,108.3,44.2
2,23.56,108.3,44.14
2,23.6,108.39,44.04
2,23.5,108.28,44.2
2,23.5,108.28,44.12
2,23.67,108.3,44.2
2,23.8,108.4,44.11
2,23.8,108.39,44.04
2,23.89,108.3,44.2
2,23.89,108.29,44.12
2,24.06,108.31,44.2
2,24.06,108.4,44.07
2,24.11,108.29,44.2
2,24.11,108.28,44.12
2,22.92,108.25,44.56
2,23.1,108.31,44.57
2,23.2,108.31,44.44
2,23.08,108.29,44.42
2,22.92,108.09,44.56
2,22.91,108.08,44.4
2,23.07,108.16,44.4
2,23.34,108.27,44.63
2,23.56,108.27,44.63
2,23.78,108.26,44.63
2,23.98,108.24,44.63
2,23.33,108.29,44.47
2,23.56,108.28,44.47
2,23.78,108.26,44.47
2,23.99,108.24,44.46
2,22.92,107.93,44.91
2,23.11,108.15,44.75
2,23.27,108.2,44.79
2,22.92,107.92,44.75
2,23.11,108.03,44.76
2,22.92,108.07,45.14
2,23.11,108.15,44.91
2,23.12,108.03,44.92
2,23.11,108.31,45.14
2,23.27,108.2,44.94
2,23.71,107.5,46.42
2,23.49,107.73,46.11
2,23.34,107.98,45.8
2,23.12,107.98,45.48
2,23.27,108.2,45.49
2,24.15,107.08,46.9
2,24.15,107.26,46.43
2,24.35,106.96,46.43
2,24.35,107.26,46.11
2,22.87,105.89,43.92
2,22.87,105.83,43.9
2,22.88,105.84,43.92
2,22.88,105.9,43.92
2,22.89,107.96,44.07
2,22.89,105.89,44.14
2,22.88,105.89,44.2
2,22.92,107.81,44.59
2,22.91,107.82,44.44
2,22.9,107.68,44.43
2,22.89,105.98,44.48
2,22.89,105.97,44.64
2,22.92,107.55,44.75
2,22.92,107.67,44.77
2,23.12,107.78,44.77
2,23.12,107.78,44.93
2,22.92,107.65,44.93
2,23.02,105.99,44.92
2,22.9,106.1,44.94
2,23.01,105.97,44.78
2,22.9,106.12,44.79
2,22.92,107.55,45.17
2,23.12,107.77,45.12
2,22.91,106.17,45.18
2,22.92,106.67,45.18
2,22.92,107.1,45.18
2,23.56,108.26,44.78
2,23.44,108.19,44.79
2,23.78,108.25,44.94
2,23.77,108.25,44.78
2,23.98,108.23,44.79
2,23.52,108.43,45.13
2,23.56,108.26,44.94
2,23.44,108.18,44.94
2,23.34,108.26,45.17
2,24.1,108.43,45.14
2,23.98,108.23,44.94
2,23.79,108.25,45.18
2,23.55,108.16,45.49
2,23.94,108.12,45.49
2,24.01,107.91,45.8
2,23.75,107.93,45.8
2,24,107.47,46.43
2,23.92,107.69,46.11
2,23.97,106.58,46.89
2,24.15,106.55,46.43
2,24.35,106.52,46.11
2,24.37,105.5,45.23
2,24.1,105.48,45.18
2,24.37,105.69,45.49
2,24.36,106.05,45.8
2,24.21,105.81,45.8
2,24.17,106.12,46.12
2,24.07,105.88,46.11
2,23.97,106.13,46.42
2,23.78,106.16,46.89
2,24.23,105.66,45.49
2,24.01,105.62,45.49
2,23.98,105.78,45.8
2,23.79,105.94,46.11
2,23.59,106.17,46.43
2,23.59,105.61,45.49
2,23.55,105.79,45.8
2,23.36,105.97,46.11
2,23.3,105.69,45.46
2,23.19,105.79,45.8
2,23.07,105.57,45.52
2,23.01,105.78,45.49
2,23.1,105.67,44.63
2,23.1,105.67,44.78
2,23,105.79,45.18
2,23.01,105.53,45.17
2,23.03,105.61,44.94
2,23.11,105.67,44.94
2,23.05,105.76,44.94
2,23,105.91,44.95
2,22.99,105.89,44.81
2,23.05,105.77,44.78
2,22.99,105.9,44.6
2,23.04,105.77,44.63
2,22.97,105.78,44.37
2,23.01,105.72,44.36
2,22.89,105.89,44.35
2,23.01,105.72,44.28
2,22.98,105.83,44.35
2,22.97,105.83,44.28
2,22.99,105.9,44.47
2,23.04,105.76,44.47
2,23.05,105.67,44.36
2,23.1,105.6,44.36
2,23.05,105.67,44.28
2,23.1,105.6,44.28
2,23.1,105.66,44.47
2,22.89,105.78,44.06
2,22.94,105.73,44.02
2,22.89,105.78,43.99
2,22.93,105.73,43.96
2,22.96,105.68,44.04
2,22.95,105.67,43.96
2,22.96,105.84,44.21
2,22.99,105.78,44.18
2,22.95,105.84,44.15
2,22.97,105.78,44.11
2,23.01,105.72,44.2
2,23,105.72,44.12
2,22.99,105.61,44.04
2,23.04,105.55,44.04
2,22.99,105.61,43.97
2,23.04,105.55,43.97
2,23.05,105.67,44.2
2,23.1,105.61,44.2
2,23.05,105.67,44.12
2,23.1,105.61,44.12
2,22.87,105.78,43.73
2,22.93,105.73,43.74
2,22.87,105.73,43.64
2,22.93,105.69,43.65
2,22.93,105.7,43.72
2,22.92,105.62,43.73
2,22.93,105.73,43.9
2,22.89,105.79,43.94
2,22.92,105.79,43.86
2,22.87,105.79,43.8
2,22.92,105.73,43.82
2,22.95,105.67,43.89
2,22.94,105.67,43.81
2,22.99,105.61,43.89
2,23.04,105.55,43.89
2,22.99,105.61,43.81
2,23.04,105.56,43.81
2,23.31,105.67,44.63
2,23.48,105.61,44.63
2,23.65,105.49,44.63
2,23.3,105.68,44.94
2,23.57,105.49,44.97
2,23.47,105.63,44.94
2,23.31,105.67,44.78
2,23.66,105.49,44.93
2,23.65,105.49,44.79
2,23.48,105.62,44.79
2,23.28,105.67,45.18
2,23.58,105.63,45.17
2,23.81,105.49,45.12
2,23.2,105.61,44.36
2,23.2,105.61,44.28
2,23.31,105.67,44.47
2,23.33,105.58,44.32
2,23.48,105.48,44.32
2,23.48,105.62,44.47
2,23.64,105.49,44.47
2,23.14,105.56,44.04
2,23.14,105.57,43.97
2,23.2,105.61,44.2
2,23.2,105.61,44.12
2,23.22,105.54,44.04
2,23.22,105.54,43.97
2,23.33,105.58,44.16
2,23.33,105.46,44
2,23.48,105.48,44.16
2,23.14,105.57,43.89
2,23.14,105.57,43.81
2,23.08,105.53,43.73
2,23.14,105.46,43.58
2,23.15,105.53,43.73
2,23.14,105.53,43.65
2,23.22,105.54,43.89
2,23.22,105.55,43.81
2,23.21,105.46,43.73
2,23.21,105.46,43.65
2,23.33,105.47,43.85
2,23.95,105.49,44.61
2,23.92,105.48,44.47
2,23.79,105.47,44.14
2,24.35,107.49,46.11
2,24.35,107.76,45.79
2,24.35,107.99,45.47
2,24.35,108.35,45.11
2,24.36,108.3,44.87
2,24.35,108.33,44.68
2,24.35,108.35,44.51
2,24.36,108.36,44.34
2,24.38,108.46,44.11
2,24.37,108.5,44.02
2,24.38,108.5,43.92
2,24.32,108.53,43.84
2,24.32,108.53,43.77
2,24.22,108.52,43.66
2,24.16,107.47,46.11
2,24.16,107.72,45.8
2,24.16,107.94,45.48
2,24.16,108.22,45.15
2,24.16,108.2,44.91
2,24.16,108.21,44.74
2,24.16,108.21,44.58
2,24.17,108.23,44.42
2,24.23,108.34,44.22
2,24.24,108.38,44.13
2,24.24,108.38,44.04
2,24.18,108.39,43.97
2,24.18,108.38,43.89
2,23.09,105.53,43.67
2,23.07,105.51,43.63
2,22.92,105.62,43.67
2,22.93,105.56,43.73
2,22.98,105.51,43.73
2,23.08,105.46,43.56
2,23.06,105.46,43.59
2,23,105.45,43.65
2,22.87,105.66,43.58
2,22.87,105.58,43.65
2,22.9,105.51,43.65
2,22.92,105.48,43.65
2,22.86,105.49,43.57
2,22.9,105.44,43.58
2,23.09,105.51,43.57
2,23.67,107.05,46.43
2,23.47,107.29,46.11
2,23.32,107.53,45.8
2,23.12,107.54,45.49
2,23.08,106.19,45.5
2,22.92,106.4,45.44
2,23.63,106.61,46.43
2,23.4,106.41,46.12
2,23.24,106.2,45.8
2,23.44,106.85,46.11
2,23.31,107.08,45.8
2,23.12,107.09,45.49
2,23.29,106.64,45.8
2,23.12,106.66,45.5
2,23.82,107.03,46.88
2,23.47,108.36,43.75
2,23.34,108.36,43.75
2,23.34,108.52,43.62
2,23.15,108.52,43.48
2,23.16,108.52,43.55
2,23.51,108.52,43.55
2,23.9,108.52,43.51
2,23,108.52,43.66
2,23.05,108.35,43.89
2,23.08,108.38,43.89
2,23.27,108.36,43.74
2,23.26,108.37,43.81
2,23.17,108.28,44.05
2,23.15,108.38,43.95
2,23.28,108.28,44.05
2,23.28,108.38,43.95
2,23.15,108.38,43.89
2,23.28,108.27,43.97
2,23.28,108.37,43.89
2,23.14,108.26,44.05
2,23.05,108.27,43.9
2,23.04,108.27,43.98
2,22.9,108.24,43.87
2,23.39,108.27,44.05
2,23.41,108.37,43.88
2,23.39,108.27,43.97
2,23.5,108.27,44.04
2,23.5,108.26,43.97
2,23.6,108.38,43.96
2,23.6,108.37,43.89
2,23.77,108.39,43.96
2,23.79,108.38,43.89
2,23.67,108.29,44.13
2,23.89,108.28,44.05
2,23.89,108.28,43.97
2,24.06,108.38,43.89
2,24.07,108.39,43.97
2,24.11,108.27,44.05
2,23.39,108.26,43.89
2,23.4,108.36,43.81
2,23.52,108.35,43.73
2,23.5,108.25,43.89
2,23.53,108.36,43.8
2,23.61,108.36,43.74
2,23.67,108.52,43.61
2,23.61,108.37,43.81
2,24.09,108.37,43.77
2,24.1,108.27,43.97
2,23.81,108.37,43.77
2,23.89,108.27,43.89
2,23.33,108.25,44.36
2,23.22,108.26,44.36
2,23.17,108.21,44.35
2,23.33,108.25,44.28
2,23.22,108.26,44.28
2,23.33,108.25,44.2
2,23.22,108.26,44.2
2,23.22,108.25,44.12
2,23.33,108.25,44.12
2,23.17,108.21,44.28
2,22.9,108.06,44.24
2,23.06,108.16,44.3
2,23.05,108.17,44.22
2,23.16,108.21,44.2
2,23.16,108.21,44.12
2,22.9,108.06,44.08
2,23.04,108.16,44.13
2,22.89,108.11,43.98
2,23.04,108.19,44.06
2,23.44,108.24,44.36
2,23.44,108.24,44.28
2,24.12,108.24,44.28
2,23.55,108.23,44.36
2,23.55,108.23,44.28
2,23.61,108.28,44.36
2,23.61,108.28,44.28
2,23.77,108.26,44.31
2,23.99,108.25,44.31
2,23.44,108.24,44.2
2,23.44,108.24,44.12
2,24.13,108.24,44.17
2,23.55,108.23,44.2
2,23.55,108.23,44.12
2,23.61,108.27,44.2
2,23.61,108.27,44.12
2,23.78,108.25,44.16
2,24,108.24,44.16
2,23.1,108.16,44.62
2,23.26,108.2,44.62
2,23.24,108.2,44.47
2,22.92,107.93,44.62
2,23.1,108.02,44.6
2,23.09,108.01,44.45
2,23.19,108.1,44.43
2,23.44,108.19,44.63
2,24.02,108.13,44.63
2,23.66,108.16,44.63
2,23.88,108.14,44.63
2,23.44,108.18,44.47
2,24.03,108.14,44.46
2,23.66,108.16,44.47
2,23.88,108.15,44.47
2,23.12,107.89,44.93
2,23.32,108.08,44.79
2,23.12,107.89,44.77
2,23.26,107.98,44.79
2,23.89,107.26,46.43
2,23.12,107.99,45.16
2,23.26,107.98,44.94
2,23.32,108.08,44.94
2,23.27,108.2,45.18
2,23.71,107.49,46.11
2,23.49,107.73,45.8
2,23.34,107.98,45.49
2,24.15,106.97,46.43
2,24.15,107.26,46.11
2,24.35,106.96,46.11
2,24.35,107.26,45.8
2,22.86,105.95,43.93
2,22.87,105.84,43.75
2,22.86,105.94,43.85
2,22.87,105.79,43.66
2,22.89,107.96,43.92
2,22.89,107.94,44
2,22.9,107.95,43.81
2,22.87,105.84,43.83
2,22.87,105.9,43.85
2,22.92,105.91,43.87
2,22.92,105.83,43.86
2,22.89,105.84,43.94
2,22.88,105.9,43.95
2,22.93,105.92,43.87
2,22.89,105.84,44.05
2,22.89,105.84,43.99
2,22.89,105.89,44.07
2,22.89,105.9,44.01
2,22.9,107.68,44.29
2,22.9,107.83,44.28
2,22.9,107.83,44.13
2,23.05,107.91,44.11
2,22.89,107.66,44.14
2,22.95,105.9,44.13
2,22.96,105.89,44.19
2,22.89,106,44.19
2,22.89,105.98,44.33
2,22.91,107.56,44.61
2,22.92,107.68,44.64
2,23.1,107.78,44.61
2,23.08,107.79,44.46
2,22.9,107.57,44.47
2,23.05,107.66,44.44
2,22.9,106.22,44.47
2,22.9,106.11,44.49
2,23.01,105.98,44.47
2,23.01,105.97,44.64
2,22.9,106.12,44.64
2,22.9,107.32,44.53
2,22.9,106.43,44.47
2,22.9,106.91,44.52
2,22.92,107.41,44.78
2,23.11,107.54,44.76
2,23.26,107.75,44.94
2,23.12,107.65,44.78
2,23.26,107.76,44.78
2,22.92,107.44,44.94
2,23.12,107.63,44.94
2,23.11,105.99,44.9
2,23.06,106.1,44.94
2,22.91,106.21,44.97
2,23.09,105.98,44.77
2,22.91,106.29,44.79
2,23.05,106.12,44.79
2,22.92,106.29,44.94
2,22.92,107.09,44.87
2,22.92,106.67,44.87
2,23.25,107.75,45.1
2,23.12,107.53,45.18
2,22.92,106.41,45.18
2,23.08,106.18,45.18
2,23.12,106.68,45.18
2,23.12,107.09,45.18
2,23.49,108.52,43.48
2,23.9,108.52,43.37
2,23.66,108.17,44.94
2,23.66,108.16,44.79
2,23.54,108.06,44.94
2,23.54,108.06,44.79
2,24.02,108.13,44.94
2,23.88,108.14,44.94
2,24.02,108.13,44.79
2,23.88,108.14,44.79
2,23.55,108.16,45.18
2,23.94,108.12,45.18
2,24.01,107.91,45.49
2,23.75,107.93,45.49
2,24,107.46,46.11
2,23.92,107.69,45.8
2,23.97,106.58,46.43
2,24.15,106.55,46.11
2,24.23,105.64,45.23
2,24.02,105.62,45.18
2,24.35,106.52,45.8
2,24.37,105.69,45.17
2,24.03,105.47,44.45
2,24.13,105.48,44.87
2,24.02,105.46,44.31
2,24.01,105.46,44.16
2,24.36,106.06,45.49
2,24.21,105.81,45.49
2,24.17,106.13,45.8
2,24.08,105.89,45.8
2,23.97,106.13,46.11
2,23.83,106.37,46.43
2,23.98,105.78,45.49
2,23.79,105.93,45.8
2,23.59,106.17,46.11
2,23.55,105.78,45.49
2,23.35,105.97,45.8
2,23.17,105.78,45.48
2,23.22,105.76,44.63
2,23.22,105.76,44.94
2,23.22,105.76,44.79
2,23.15,105.76,45.17
2,23.13,105.88,44.94
2,23.13,105.88,44.79
2,23.13,105.88,44.63
2,22.98,105.89,44.35
2,23.04,105.83,44.35
2,23.03,105.83,44.27
2,23.06,105.77,44.36
2,23.06,105.77,44.28
2,23.13,105.88,44.47
2,23.11,105.72,44.36
2,23.16,105.66,44.36
2,23.11,105.72,44.28
2,23.16,105.66,44.28
2,23.22,105.76,44.47
2,22.96,105.78,44.04
2,22.96,105.78,43.96
2,23,105.72,44.04
2,23,105.72,43.97
2,23.02,105.83,44.2
2,23.06,105.78,44.2
2,23.01,105.83,44.12
2,23.06,105.78,44.12
2,23.05,105.67,44.04
2,23.1,105.61,44.04
2,23.05,105.67,43.97
2,23.1,105.6,43.96
2,23.11,105.72,44.2
2,23.16,105.66,44.2
2,23.11,105.72,44.12
2,23.16,105.66,44.12
2,22.87,105.79,43.58
2,22.87,105.73,43.57
2,22.93,105.68,43.57
2,22.93,105.78,43.72
2,22.93,105.73,43.76
2,22.93,105.73,43.64
2,22.96,105.67,43.66
2,22.95,105.67,43.73
2,22.96,105.78,43.89
2,22.95,105.78,43.81
2,23,105.72,43.89
2,23,105.72,43.81
2,23.05,105.67,43.89
2,23.1,105.6,43.89
2,23.05,105.67,43.81
2,22.99,105.61,43.73
2,23.1,105.6,43.81
2,23.04,105.55,43.73
2,23.44,105.75,44.63
2,23.82,105.49,44.64
2,23.64,105.66,44.63
2,23.82,105.49,44.86
2,23.57,105.66,44.97
2,23.43,105.76,44.94
2,23.44,105.75,44.78
2,23.65,105.67,44.93
2,23.64,105.66,44.79
2,23.53,105.79,45.19
2,23.79,105.66,45.12
2,23.44,105.76,44.47
2,23.3,105.68,44.32
2,23.78,105.49,44.49
2,23.74,105.49,44.41
2,23.48,105.62,44.32
2,23.67,105.48,44.32
2,23.64,105.66,44.47
2,23.2,105.61,44.04
2,23.2,105.61,43.97
2,23.3,105.68,44.16
2,23.33,105.58,44
2,23.48,105.62,44.16
2,23.48,105.48,44.01
2,23.65,105.48,44.16
2,23.2,105.61,43.89
2,23.2,105.61,43.81
2,23.14,105.57,43.73
2,23.14,105.57,43.66
2,23.14,105.46,43.5
2,23.15,105.53,43.58
2,23.21,105.46,43.57
2,23.21,105.46,43.5
2,23.21,105.55,43.73
2,23.21,105.55,43.65
2,23.33,105.58,43.85
2,23.32,105.47,43.69
2,23.48,105.48,43.85
2,24.04,105.48,44.66
2,23.92,105.65,44.61
2,24,105.78,45.18
2,23.9,105.63,44.47
2,23.88,105.47,44.32
2,23.79,105.47,44.01
2,23.88,105.47,44.17
2,23.78,105.6,44.14
2,24.35,107.48,45.8
2,24.35,107.75,45.48
2,24.35,107.99,45.15
2,24.35,108.15,44.89
2,24.35,108.17,44.71
2,24.35,108.19,44.54
2,24.35,108.19,44.38
2,24.37,108.33,44.18
2,24.38,108.44,43.98
2,24.38,108.49,43.85
2,24.37,108.48,43.78
2,24.22,108.52,43.51
2,24.37,108.49,43.68
2,24.16,107.47,45.8
2,24.16,107.72,45.48
2,24.16,107.93,45.17
2,24.16,108.07,44.92
2,24.16,108.08,44.76
2,24.16,108.09,44.59
2,24.16,108.09,44.44
2,24.2,108.22,44.26
2,24.23,108.32,44.09
2,24.23,108.36,43.97
2,24.23,108.35,43.89
2,24.22,108.35,43.78
2,22.99,105.62,43.65
2,23.04,105.55,43.65
2,23.07,105.51,43.59
2,22.93,105.56,43.65
2,22.98,105.51,43.65
2,23.07,105.46,43.5
2,22.99,105.45,43.57
2,22.87,105.66,43.5
2,22.87,105.58,43.57
2,22.9,105.51,43.58
2,22.92,105.49,43.58
2,22.86,105.49,43.5
2,22.9,105.45,43.5
2,23.08,105.52,43.51
2,23.08,105.53,43.56
2,23.08,105.46,43.41
2,23.85,106.81,46.43
2,23.67,107.05,46.11
2,23.47,107.29,45.8
2,23.32,107.53,45.49
2,23.25,106.19,45.5
2,23.12,106.41,45.44
2,23.63,106.61,46.11
2,23.41,106.41,45.8
2,23.44,106.85,45.8
2,23.31,107.08,45.49
2,23.3,106.65,45.5
2,23.99,106.99,46.43
2,23.13,108.52,43.4
2,23.5,108.25,43.83
2,23.39,108.25,43.83
2,23.32,108.52,43.48
2,23.34,108.52,43.55
2,23.4,108.36,43.73
2,23.26,108.35,43.59
2,23.27,108.35,43.66
2,23.65,108.52,43.5
2,23.54,108.35,43.66
2,24.08,108.35,43.62
2,23.83,108.35,43.62
2,23.13,108.37,43.77
2,23.15,108.26,43.97
2,23.17,108.28,43.97
2,23.06,108.29,43.78
2,23.33,108.23,43.81
2,23.33,108.24,43.89
2,22.9,108.07,43.76
2,23.06,108.15,43.81
2,23.22,108.25,44.04
2,23.33,108.25,44.04
2,23.22,108.25,43.97
2,23.33,108.24,43.97
2,23.17,108.21,43.97
2,23.17,108.21,44.04
2,22.89,108.09,43.9
2,23.05,108.16,43.96
2,23.44,108.24,44.04
2,23.44,108.23,43.97
2,23.55,108.23,44.04
2,23.55,108.23,43.97
2,23.61,108.27,44.04
2,23.61,108.26,43.97
2,23.78,108.24,44.01
2,24,108.23,44.01
2,24.12,108.24,44.04
2,23.44,108.23,43.89
2,23.55,108.22,43.81
2,23.55,108.22,43.89
2,23.61,108.24,43.82
2,23.66,108.36,43.72
2,23.61,108.25,43.89
2,23.78,108.23,43.85
2,24,108.22,43.85
2,23.38,108.19,44.36
2,23.27,108.2,44.36
2,23.21,108.15,44.36
2,23.38,108.19,44.28
2,23.27,108.2,44.28
2,23.21,108.15,44.28
2,23.38,108.19,44.2
2,23.27,108.2,44.2
2,23.21,108.15,44.2
2,23.21,108.15,44.12
2,23.27,108.2,44.12
2,23.38,108.19,44.12
2,23.07,108,44.29
2,23.17,108.1,44.3
2,23.05,108,44.14
2,23.04,108.04,44.05
2,23.15,108.11,44.16
2,23.49,108.18,44.36
2,23.49,108.18,44.28
2,23.43,108.13,44.36
2,23.43,108.13,44.28
2,24.05,108.15,44.31
2,23.66,108.16,44.32
2,23.88,108.15,44.31
2,23.43,108.13,44.12
2,23.49,108.18,44.2
2,23.43,108.13,44.2
2,23.49,108.18,44.12
2,24.06,108.14,44.16
2,23.66,108.16,44.16
2,23.88,108.14,44.16
2,23.32,108.08,44.63
2,23.32,108.08,44.47
2,23.11,107.89,44.64
2,23.25,107.98,44.62
2,23.24,107.98,44.47
2,23.54,108.06,44.63
2,23.76,108.04,44.63
2,23.97,108.02,44.63
2,23.54,108.06,44.47
2,23.76,108.04,44.47
2,23.97,108.03,44.47
2,23.42,107.96,44.94
2,23.31,107.86,44.94
2,23.42,107.96,44.79
2,23.31,107.86,44.79
2,23.89,107.25,46.11
2,23.34,107.97,45.17
2,23.71,107.49,45.8
2,23.49,107.73,45.49
2,24.15,106.97,46.11
2,24.15,107.25,45.8
2,24.35,106.96,45.8
2,24.35,107.26,45.48
2,22.87,105.89,43.59
2,22.87,106.01,43.93
2,22.92,105.95,43.87
2,22.87,105.9,43.74
2,22.92,105.84,43.73
2,22.86,106.01,43.88
2,22.87,105.95,43.77
2,22.92,105.95,43.83
2,22.87,105.89,43.67
2,22.93,105.79,43.65
2,22.87,106.12,43.93
2,22.86,106.11,43.9
2,22.86,106.32,43.92
2,23.04,107.91,43.97
2,22.89,107.82,43.93
2,23.04,107.9,44.04
2,22.89,107.81,44.01
2,22.89,107.82,43.81
2,23.06,107.9,43.85
2,22.92,105.91,43.84
2,22.93,105.84,43.81
2,22.94,105.89,43.85
2,22.94,105.84,43.9
2,22.88,106.03,43.97
2,22.94,105.92,43.91
2,22.88,106.11,43.96
2,22.94,105.84,44.03
2,22.94,105.84,43.96
2,22.94,105.91,44.05
2,22.94,105.92,43.98
2,22.88,106.03,44.06
2,22.88,106.33,43.98
2,22.88,106.33,44.07
2,22.88,107.65,43.83
2,22.88,107.66,43.94
2,22.88,107.65,44.01
2,22.88,107.13,44.18
2,22.89,107.57,44.31
2,23.04,107.66,44.31
2,23.06,107.8,44.3
2,23.16,107.88,44.12
2,23.05,107.79,44.15
2,22.89,107.57,44.17
2,23.02,107.65,44.15
2,22.89,106.23,44.34
2,22.98,105.89,44.12
2,23,105.89,44.18
2,22.98,106.01,44.18
2,22.89,106.11,44.22
2,22.89,106.23,44.21
2,22.9,106.11,44.35
2,23,105.98,44.32
2,22.89,106.44,44.35
2,22.89,106.44,44.22
2,22.88,107.36,44.23
2,22.89,106.93,44.27
2,22.95,107.13,44.22
2,22.91,107.44,44.65
2,23.08,107.55,44.62
2,23.1,107.66,44.65
2,23.24,107.76,44.61
2,23.22,107.75,44.47
2,23.05,107.55,44.48
2,23.15,107.65,44.43
2,22.9,106.32,44.5
2,23.04,106.22,44.46
2,23.04,106.11,44.48
2,23.1,105.98,44.47
2,23.09,105.98,44.64
2,22.91,106.31,44.64
2,23.05,106.12,44.63
2,22.91,107.08,44.61
2,23.04,107.32,44.53
2,22.91,106.64,44.58
2,23.04,106.43,44.46
2,23.05,106.91,44.51
2,23.11,107.4,44.79
2,23.23,107.53,44.75
2,23.29,107.64,44.94
2,23.29,107.64,44.78
2,23.12,107.43,44.94
2,22.92,106.42,44.89
2,23.18,106.09,44.94
2,23.08,106.21,44.97
2,23.17,106.09,44.78
2,23.09,106.29,44.79
2,23.1,106.29,44.94
2,23.11,107.08,44.87
2,23.11,106.67,44.86
2,23.32,107.53,45.17
2,23.12,106.42,45.18
2,23.25,106.18,45.17
2,23.3,106.66,45.18
2,23.31,107.08,45.18
2,23.49,108.51,43.41
2,23.53,108.34,43.59
2,23.12,108.51,43.33
2,23.3,108.51,43.36
2,23.87,108.51,43.22
2,23.65,108.51,43.32
2,23.66,108.52,43.4
2,23.83,108.34,43.47
2,24.07,108.52,43.34
2,23.76,108.04,44.94
2,23.76,108.04,44.79
2,23.64,107.94,44.94
2,23.64,107.94,44.79
2,23.97,108.02,44.94
2,23.97,108.02,44.79
2,24.01,107.91,45.18
2,23.75,107.93,45.18
2,24,107.46,45.8
2,23.92,107.69,45.49
2,23.97,106.58,46.11
2,24.15,106.55,45.8
2,24.22,105.79,45.17
2,24.01,105.59,44.45
2,24.05,105.63,44.87
2,24,105.58,44.31
2,24,105.57,44.16
2,24.35,106.52,45.49
2,24.36,106.07,45.18
2,24.38,105.7,44.86
2,24.22,105.47,44.48
2,24.23,105.47,44.62
2,24.23,105.46,44.32
2,24.23,105.46,44.16
2,23.79,105.47,43.87
2,24.01,105.46,44
2,24.17,106.13,45.49
2,24.08,105.89,45.49
2,23.98,106.13,45.8
2,23.83,106.37,46.11
2,23.79,105.93,45.49
2,23.59,106.17,45.8
2,23.35,105.97,45.49
2,23.34,105.86,44.63
2,23.34,105.86,44.94
2,23.34,105.86,44.79
2,23.35,105.97,45.18
2,23.24,105.98,44.94
2,23.24,105.98,44.79
2,23.24,105.98,44.63
2,23.24,105.98,44.47
2,23.13,105.88,44.32
2,23.34,105.86,44.47
2,23.22,105.76,44.32
2,23.01,105.84,44.04
2,23.01,105.83,43.97
2,23.06,105.78,44.04
2,23.06,105.78,43.97
2,23.12,105.88,44.16
2,23.11,105.72,44.04
2,23.16,105.66,44.04
2,23.11,105.72,43.97
2,23.16,105.66,43.97
2,23.22,105.76,44.16
2,22.93,105.68,43.5
2,22.87,105.78,43.5
2,22.87,105.73,43.5
2,22.87,105.85,43.57
2,22.94,105.79,43.58
2,22.87,105.85,43.5
2,22.94,105.73,43.57
2,22.96,105.67,43.58
2,22.97,105.79,43.66
2,22.96,105.78,43.73
2,23,105.72,43.65
2,23,105.72,43.73
2,23.01,105.83,43.89
2,23.01,105.83,43.81
2,23.06,105.78,43.89
2,23.06,105.78,43.81
2,23.11,105.72,43.89
2,23.16,105.66,43.89
2,23.11,105.72,43.81
2,23.05,105.67,43.73
2,23.16,105.66,43.81
2,23.1,105.61,43.73
2,23.05,105.67,43.65
2,23.1,105.6,43.65
2,23.56,105.84,44.63
2,23.8,105.67,44.64
2,23.65,105.78,44.63
2,23.8,105.67,44.86
2,23.56,105.85,44.94
2,23.66,105.8,44.93
2,23.65,105.78,44.78
2,23.56,105.84,44.78
2,23.79,105.94,45.18
2,23.56,105.84,44.47
2,23.44,105.76,44.32
2,23.77,105.66,44.49
2,23.73,105.67,44.41
2,23.64,105.79,44.48
2,23.66,105.64,44.32
2,23.44,105.76,44.16
2,23.31,105.67,44
2,23.48,105.62,44.01
2,23.65,105.63,44.16
2,23.65,105.48,44
2,23.3,105.68,43.85
2,23.2,105.61,43.73
2,23.2,105.61,43.65
2,23.14,105.57,43.57
2,23.15,105.53,43.5
2,23.17,105.46,43.38
2,23.22,105.55,43.58
2,23.22,105.54,43.5
2,23.32,105.47,43.54
2,23.32,105.58,43.69
2,23.48,105.62,43.85
2,23.48,105.48,43.69
2,23.66,105.48,43.85
2,24,105.64,44.66
2,23.9,105.77,44.59
2,24,105.68,44.43
2,24.09,105.88,45.16
2,24.02,105.79,44.87
2,23.9,105.75,44.46
2,23.87,105.61,44.32
2,23.89,105.46,44
2,23.79,105.59,44
2,23.87,105.59,44.17
2,23.78,105.69,44.12
2,24.2,105.46,44.01
2,23.99,105.66,44.31
2,24.24,108.52,43.37
2,24.35,107.48,45.48
2,24.35,107.75,45.16
2,24.35,107.99,44.91
2,24.35,108,44.74
2,24.35,108,44.57
2,24.35,108.01,44.41
2,24.36,108.17,44.23
2,24.36,108.14,44.09
2,24.37,108.27,44.02
2,24.37,108.42,43.86
2,24.37,108.5,43.52
2,24.36,108.3,43.73
2,24.36,108.49,43.37
2,24.08,108.34,43.47
2,24.16,107.46,45.49
2,24.16,107.72,45.17
2,24.16,107.93,44.93
2,24.16,107.94,44.77
2,24.16,107.94,44.61
2,24.16,107.94,44.45
2,24.17,108.08,44.29
2,24.17,108.06,44.15
2,24.2,108.18,44.11
2,24.22,108.31,43.96
2,24.2,108.34,43.62
2,24.19,108.2,43.8
2,24.19,108.33,43.47
2,23.99,105.66,44.16
2,22.99,105.62,43.57
2,23.04,105.55,43.58
2,22.93,105.56,43.57
2,22.99,105.45,43.5
2,22.98,105.51,43.58
2,22.87,105.65,43.38
2,22.87,105.58,43.5
2,22.86,105.48,43.4
2,22.89,105.45,43.4
2,22.91,105.51,43.5
2,22.92,105.49,43.5
2,23.08,105.53,43.5
2,23.08,105.52,43.38
2,22.98,105.46,43.37
2,23.17,105.46,43.22
2,22.87,105.65,43.25
2,23.85,106.81,46.11
2,23.67,107.05,45.8
2,23.47,107.29,45.49
2,23.63,106.61,45.8
2,23.44,106.85,45.49
2,23.41,106.41,45.49
2,23.99,106.99,46.11
2,23.25,108.34,43.51
2,23.13,108.36,43.64
2,23.16,108.35,43.57
2,23.07,108.26,43.63
2,22.9,108.07,43.61
2,23.07,108.15,43.67
2,23.33,108.22,43.66
2,23.33,108.23,43.73
2,23.39,108.34,43.58
2,23.44,108.23,43.81
2,23.4,108.35,43.66
2,23.55,108.22,43.73
2,23.65,108.35,43.61
2,23.78,108.21,43.7
2,23.99,108.21,43.7
2,23.38,108.19,43.81
2,23.23,108.19,43.85
2,23.38,108.19,43.89
2,23.06,108.01,43.81
2,23.17,108.09,43.86
2,23.21,108.15,44.04
2,23.27,108.2,44.04
2,23.38,108.19,44.04
2,23.21,108.15,43.96
2,23.27,108.2,43.97
2,23.38,108.19,43.97
2,23.05,108.02,43.96
2,23.16,108.1,44.01
2,23.43,108.13,44.04
2,23.43,108.13,43.97
2,23.49,108.18,44.04
2,23.49,108.18,43.97
2,23.66,108.16,44
2,23.88,108.14,44
2,24.06,108.13,44.01
2,23.43,108.13,43.89
2,23.43,108.13,43.81
2,23.49,108.18,43.81
2,23.49,108.18,43.89
2,24.05,108.13,43.85
2,23.66,108.16,43.85
2,23.88,108.14,43.85
2,23.32,108.08,44.32
2,23.32,108.08,44.16
2,23.22,107.99,44.31
2,23.21,107.98,44.16
2,23.54,108.06,44.32
2,23.76,108.04,44.32
2,23.97,108.02,44.32
2,23.54,108.06,44.16
2,23.76,108.04,44.16
2,23.97,108.02,44.16
2,23.42,107.96,44.63
2,23.42,107.96,44.47
2,23.31,107.86,44.63
2,23.3,107.86,44.47
2,24.01,107.91,44.63
2,23.64,107.94,44.63
2,23.86,107.92,44.63
2,24.01,107.91,44.47
2,23.64,107.94,44.47
2,23.86,107.92,44.47
2,23.52,107.84,44.94
2,23.4,107.74,44.94
2,23.52,107.84,44.79
2,23.4,107.74,44.79
2,23.89,107.25,45.8
2,23.71,107.49,45.49
2,23.5,107.73,45.18
2,24.15,106.97,45.8
2,24.15,107.25,45.49
2,24.35,106.96,45.49
2,24.35,107.26,45.17
2,22.89,107.66,43.7
2,22.9,107.82,43.66
2,22.9,107.81,43.5
2,22.95,105.89,43.59
2,22.87,106,43.55
2,22.93,106.02,43.87
2,22.95,105.95,43.8
2,22.93,105.9,43.72
2,22.94,105.84,43.75
2,22.87,106.02,43.72
2,22.93,106.01,43.83
2,22.93,105.95,43.75
2,22.94,105.89,43.66
2,22.87,106.23,43.93
2,22.86,106.22,43.91
2,22.94,106.12,43.86
2,22.86,106.11,43.78
2,22.93,106.11,43.83
2,22.87,106.34,43.93
2,22.95,106.32,43.84
2,22.86,106.34,43.82
2,22.88,107.12,43.67
2,23.15,107.88,44.01
2,23.04,107.79,43.95
2,23.04,107.78,44.03
2,23.16,107.87,43.89
2,23.05,107.79,43.83
2,22.96,105.89,43.81
2,22.95,106.03,43.91
2,22.97,105.89,43.89
2,22.88,106.22,43.98
2,22.96,106.11,43.89
2,22.97,105.89,44.04
2,22.97,105.89,43.97
2,22.96,106.04,44.03
2,22.88,106.22,44.08
2,22.88,106.44,43.98
2,22.97,106.33,43.9
2,22.88,106.46,43.93
2,22.88,106.46,44.1
2,22.97,106.33,44.01
2,23.02,107.63,43.84
2,23.01,107.64,43.95
2,22.87,107.4,43.86
2,22.87,107.4,44.02
2,23.01,107.64,44.03
2,22.87,107.16,43.85
2,22.86,107.12,44.02
2,22.88,106.86,44.03
2,23.02,107.56,44.32
2,23.14,107.65,44.31
2,23.2,107.75,44.32
2,23.19,107.76,44.16
2,23,107.56,44.18
2,23.12,107.64,44.15
2,23.02,106.23,44.32
2,22.89,106.32,44.37
2,23.05,105.99,44.15
2,23,106.11,44.2
2,22.99,106.23,44.18
2,23.02,106.11,44.33
2,23.08,105.98,44.3
2,22.89,106.65,44.31
2,23.01,106.44,44.33
2,22.99,106.44,44.18
2,22.99,107.37,44.25
2,23,106.92,44.26
2,22.97,107.12,44.16
2,23.08,107.43,44.66
2,23.21,107.54,44.61
2,23.28,107.64,44.63
2,23.28,107.64,44.47
2,23.18,107.54,44.47
2,23.13,106.22,44.43
2,23.05,106.32,44.49
2,23.17,106.1,44.47
2,23.17,106.09,44.63
2,22.91,106.43,44.67
2,23.08,106.31,44.63
2,23.06,107.08,44.6
2,23.16,107.31,44.5
2,23.14,106.43,44.43
2,23.07,106.64,44.57
2,23.16,106.9,44.47
2,23.28,107.42,44.94
2,23.37,107.52,44.94
2,23.27,107.42,44.78
2,23.37,107.52,44.79
2,23.11,106.42,44.89
2,23.22,106.3,44.78
2,23.27,106.2,44.79
2,23.23,106.3,44.93
2,23.27,106.2,44.94
2,23.29,106.66,44.86
2,23.3,107.09,44.86
2,23.47,107.29,45.18
2,23.44,106.85,45.18
2,23.4,106.41,45.18
2,23.48,108.51,43.33
2,23.53,108.33,43.51
2,23.55,108.21,43.66
2,23.25,108.33,43.43
2,23.38,108.33,43.46
2,23.87,108.51,43.08
2,23.25,108.51,43.22
2,23.64,108.51,43.22
2,24.06,108.51,43.21
2,23.82,108.32,43.32
2,23.65,108.33,43.43
2,23.66,108.33,43.5
2,23.78,108.2,43.55
2,23.96,108.34,43.44
2,23.99,108.2,43.54
2,23.86,107.92,44.94
2,24.01,107.91,44.94
2,23.86,107.92,44.79
2,24.01,107.91,44.79
2,23.74,107.82,44.94
2,23.74,107.82,44.79
2,24,107.46,45.49
2,23.92,107.69,45.18
2,23.97,106.58,45.8
2,24.15,106.56,45.49
2,24.18,106.14,45.18
2,24.24,105.8,44.86
2,24.15,105.58,44.48
2,24.15,105.6,44.62
2,24.16,105.57,44.32
2,24.17,105.57,44.16
2,23.78,105.6,43.87
2,24,105.57,44
2,24.35,106.53,45.18
2,24.36,106.12,44.87
2,24.38,105.71,44.56
2,24.38,105.57,44.24
2,24.33,105.46,43.89
2,23.88,105.47,43.84
2,24.01,105.46,43.85
2,23.98,106.13,45.49
2,23.83,106.37,45.8
2,23.59,106.17,45.49
2,23.46,105.96,44.63
2,23.59,106.17,45.18
2,23.46,105.96,44.94
2,23.46,105.96,44.79
2,23.36,106.08,44.94
2,23.36,106.08,44.79
2,23.36,106.08,44.63
2,23.36,106.08,44.47
2,23.24,105.98,44.32
2,23.46,105.96,44.47
2,23.34,105.86,44.32
2,23.24,105.98,44.16
2,23.12,105.88,44
2,23.34,105.86,44.16
2,23.22,105.76,44
2,22.96,105.67,43.5
2,22.93,105.68,43.38
2,22.94,105.78,43.5
2,22.94,105.73,43.5
2,22.87,105.79,43.38
2,22.94,105.85,43.56
2,22.98,105.79,43.58
2,22.95,105.85,43.49
2,23,105.72,43.58
2,23.01,105.84,43.65
2,23.01,105.83,43.73
2,23.06,105.78,43.65
2,23.06,105.78,43.73
2,23.12,105.88,43.85
2,23.22,105.76,43.85
2,23.11,105.72,43.73
2,23.16,105.66,43.73
2,23.11,105.72,43.65
2,23.16,105.66,43.65
2,23.05,105.67,43.57
2,23.1,105.6,43.58
2,23.68,105.94,44.63
2,23.78,105.84,44.63
2,23.79,105.94,44.86
2,23.98,106.12,45.17
2,23.68,105.94,44.47
2,23.56,105.85,44.32
2,23.78,105.83,44.47
2,23.67,105.77,44.31
2,23.56,105.84,44.16
2,23.44,105.75,44
2,23.67,105.75,44.16
2,23.64,105.62,44
2,23.44,105.76,43.85
2,23.3,105.68,43.69
2,23.2,105.61,43.57
2,23.2,105.61,43.5
2,23.14,105.57,43.5
2,23.19,105.54,43.38
2,23.33,105.47,43.38
2,23.33,105.58,43.54
2,23.48,105.48,43.54
2,23.48,105.63,43.69
2,23.66,105.63,43.85
2,23.66,105.48,43.69
2,23.32,105.46,43.22
2,24.11,105.87,44.85
2,24.11,105.72,44.62
2,24,105.81,44.63
2,24.1,105.71,44.47
2,24,105.8,44.47
2,23.89,105.73,44.31
2,23.89,105.58,44
2,23.78,105.68,44.01
2,23.89,105.72,44.16
2,24.17,105.46,43.85
2,24.15,105.57,44.01
2,24.1,105.7,44.32
2,24.1,105.7,44.16
2,23.87,108.51,42.93
2,24.06,108.51,43.07
2,24.26,108.51,43.22
2,24.35,107.48,45.17
2,24.35,107.75,44.84
2,24.35,107.86,44.6
2,24.35,107.86,44.44
2,24.35,108,44.25
2,24.36,108.01,44.09
2,24.37,108.27,43.88
2,24.36,108.32,43.58
2,24.36,108.12,43.75
2,24.36,108.49,43.23
2,24.36,108.33,43.43
2,24.1,108.33,43.32
2,24.16,107.46,45.17
2,24.16,107.72,44.86
2,24.16,107.82,44.62
2,24.16,107.82,44.46
2,24.16,107.94,44.29
2,24.17,107.95,44.13
2,24.2,108.17,43.95
2,24.19,108.21,43.65
2,24.17,108.05,43.8
2,24.18,108.32,43.32
2,24.18,108.21,43.49
2,23.78,105.69,43.89
2,23.99,105.66,44
2,23.08,105.53,43.42
2,22.99,105.62,43.5
2,23.04,105.56,43.5
2,22.87,105.55,43.37
2,22.94,105.56,43.5
2,22.91,105.5,43.42
2,22.98,105.52,43.5
2,23.03,105.51,43.35
2,23.18,105.54,43.22
2,22.98,105.45,43.23
2,23.15,105.46,43.07
2,22.93,105.67,43.24
2,22.87,105.77,43.22
2,22.87,105.54,43.22
2,23.99,106.99,45.8
2,23.85,106.81,45.8
2,23.67,107.05,45.49
2,23.63,106.61,45.49
2,23.33,108.21,43.58
2,23.15,108.34,43.47
2,23.08,108.25,43.48
2,23.23,108.18,43.7
2,23.07,108.01,43.66
2,23.19,108.09,43.73
2,23.44,108.17,43.69
2,24.04,108.14,43.7
2,23.66,108.16,43.69
2,23.88,108.14,43.69
2,23.08,108.02,43.51
2,23.32,108.08,43.85
2,23.21,107.98,43.85
2,23.32,108.08,44
2,23.21,107.98,44.01
2,23.54,108.06,44
2,23.76,108.04,44
2,23.97,108.02,44.01
2,23.54,108.06,43.85
2,23.76,108.04,43.85
2,23.97,108.02,43.85
2,23.42,107.96,44.32
2,23.42,107.96,44.16
2,23.3,107.86,44.32
2,23.29,107.86,44.16
2,24.01,107.91,44.32
2,23.64,107.94,44.32
2,23.86,107.92,44.32
2,24.02,107.91,44.15
2,23.64,107.94,44.16
2,23.86,107.92,44.16
2,23.52,107.84,44.63
2,23.52,107.84,44.47
2,23.4,107.74,44.63
2,23.4,107.74,44.47
2,23.74,107.82,44.63
2,23.95,107.8,44.63
2,23.74,107.82,44.47
2,23.95,107.8,44.47
2,23.62,107.72,44.94
2,23.5,107.62,44.94
2,23.62,107.72,44.79
2,23.5,107.62,44.79
2,23.89,107.25,45.49
2,23.71,107.49,45.18
2,24.15,106.97,45.49
2,24.16,107.25,45.17
2,24.35,106.96,45.18
2,24.35,107.26,44.86
2,22.88,105.97,43.22
2,22.88,105.98,43.39
2,22.88,107.59,43.65
2,23.03,107.64,43.71
2,23.06,107.79,43.68
2,22.89,107.59,43.51
2,23.07,107.78,43.52
2,22.99,105.89,43.59
2,22.87,106.11,43.52
2,22.97,106,43.53
2,22.87,106.23,43.55
2,22.99,105.99,43.79
2,22.94,106.03,43.69
2,22.98,105.89,43.66
2,22.97,105.9,43.73
2,22.95,106.23,43.85
2,22.94,106.22,43.83
2,22.86,106.22,43.74
2,22.95,106.11,43.74
2,23,106.11,43.79
2,22.88,106.56,43.98
2,22.88,106.56,43.92
2,22.86,106.43,43.78
2,22.95,106.34,43.85
2,22.87,106.42,43.93
2,23.02,106.32,43.78
2,22.95,106.34,43.76
2,22.87,106.56,43.8
2,22.87,106.46,43.57
2,22.88,107.34,43.61
2,22.88,106.93,43.87
2,22.87,106.9,43.66
2,22.96,107.12,43.62
2,23.11,107.63,44
2,23.19,107.76,44
2,23.12,107.63,43.85
2,23.2,107.76,43.85
2,23.04,106,43.85
2,23.01,106.11,43.83
2,22.96,106.22,43.91
2,23.04,105.99,44
2,22.97,106.22,44.04
2,23.03,106.33,43.84
2,22.97,106.44,43.9
2,22.95,106.46,43.85
2,22.88,106.65,44.06
2,22.98,106.47,44.03
2,23.03,106.33,43.96
2,22.91,106.8,43.89
2,22.88,106.65,43.92
2,22.95,107.44,44.03
2,22.96,107.45,43.87
2,22.94,106.9,43.84
2,22.96,106.83,43.98
2,22.93,107.12,43.93
2,23.17,107.54,44.32
2,23.28,107.64,44.32
2,23.28,107.64,44.16
2,23.16,107.54,44.16
2,23.11,106.23,44.3
2,23.01,106.32,44.36
2,23.14,106.1,44.16
2,23.08,106.22,44.15
2,23.16,106.1,44.31
2,23.11,106.44,44.31
2,23.02,106.67,44.26
2,23.09,106.46,44.15
2,23.09,106.94,44.21
2,23.09,107.3,44.22
2,23.26,107.42,44.63
2,23.38,107.52,44.63
2,23.38,107.52,44.47
2,23.26,107.42,44.47
2,23.26,106.2,44.47
2,23.18,106.32,44.47
2,23.09,106.43,44.66
2,23.21,106.31,44.62
2,23.27,106.2,44.63
2,23.25,106.65,44.53
2,23.26,107.09,44.54
2,23.47,107.29,44.86
2,23.44,106.85,44.86
2,23.4,106.41,44.86
2,23.67,107.05,45.18
2,23.63,106.61,45.18
2,23.46,108.51,43.26
2,23.46,108.51,43.18
2,23.53,108.32,43.44
2,23.55,108.2,43.58
2,23.33,108.21,43.5
2,23.43,108.16,43.54
2,23.81,108.32,43.16
2,23.36,108.32,43.32
2,23.46,108.51,43.11
2,23.65,108.32,43.31
2,23.77,108.18,43.39
2,23.95,108.32,43.31
2,23.99,108.18,43.39
2,23.66,108.15,43.54
2,24.03,108.14,43.54
2,23.88,108.14,43.54
2,24.01,107.68,44.47
2,24.01,107.68,44.63
2,24,107.46,45.18
2,23.92,107.69,44.86
2,23.81,108.32,43.01
2,23.95,108.32,43.16
2,23.99,108.17,43.23
2,23.97,106.58,45.49
2,24.15,106.56,45.18
2,24.2,106.17,44.87
2,24.25,105.79,44.56
2,24.26,105.67,44.24
2,24.25,105.56,43.89
2,23.87,105.59,43.84
2,24,105.57,43.85
2,24.35,106.54,44.87
2,24.36,106.12,44.54
2,24.39,105.48,43.89
2,24.37,105.77,44.24
2,24.38,105.58,44.01
2,24.33,105.46,43.65
2,23.88,105.47,43.69
2,24.02,105.46,43.69
2,23.83,106.37,45.33
2,23.58,106.06,44.63
2,23.59,106.17,44.86
2,23.48,106.18,44.63
2,23.48,106.18,44.47
2,23.36,106.08,44.32
2,23.58,106.06,44.47
2,23.46,105.96,44.32
2,23.36,106.08,44.16
2,23.24,105.98,44
2,23.46,105.96,44.16
2,23.34,105.86,44
2,22.98,105.78,43.5
2,23,105.72,43.5
2,22.96,105.66,43.38
2,22.87,105.9,43.36
2,22.96,105.8,43.38
2,23.02,105.83,43.5
2,23.01,105.84,43.57
2,23.06,105.78,43.5
2,23.06,105.78,43.57
2,23.24,105.98,43.85
2,23.12,105.88,43.69
2,23.34,105.86,43.85
2,23.22,105.76,43.69
2,23.11,105.72,43.57
2,23.16,105.66,43.57
2,23.16,105.66,43.5
2,23.11,105.72,43.5
2,23.05,105.67,43.5
2,23.1,105.61,43.5
2,22.87,105.89,43.25
2,23.8,106.04,44.63
2,23.9,105.92,44.63
2,24,106.13,44.86
2,23.8,106.04,44.47
2,23.68,105.94,44.32
2,23.9,105.92,44.47
2,23.78,105.83,44.31
2,23.68,105.94,44.16
2,23.56,105.84,44
2,23.78,105.82,44.16
2,23.67,105.75,44
2,23.78,105.48,43.67
2,23.56,105.84,43.85
2,23.44,105.76,43.69
2,23.3,105.68,43.53
2,23.18,105.59,43.38
2,23.33,105.58,43.38
2,23.48,105.48,43.38
2,23.67,105.49,43.53
2,23.48,105.63,43.54
2,23.67,105.75,43.85
2,23.66,105.65,43.69
2,23.48,105.47,43.22
2,23.33,105.58,43.22
2,23.32,105.47,43.07
2,24.12,105.87,44.57
2,24,105.8,44.32
2,24,105.8,44.16
2,23.89,105.71,44
2,24.17,105.46,43.69
2,24.13,105.57,43.85
2,24.16,105.75,44.24
2,24.1,105.7,44
2,23.86,108.51,42.79
2,24.06,108.51,42.93
2,24.27,108.51,43.07
2,24.35,107.48,44.85
2,24.35,107.72,44.61
2,24.35,107.72,44.45
2,24.35,107.87,44.28
2,24.35,107.87,44.11
2,24.36,108.02,43.94
2,24.35,108.11,43.63
2,24.35,108,43.8
2,24.36,108.5,43.1
2,24.36,108.35,43.27
2,24.36,108.13,43.48
2,24.1,108.32,43.16
2,24.16,107.47,44.86
2,24.16,107.69,44.62
2,24.16,107.69,44.46
2,24.16,107.82,44.3
2,24.16,107.83,44.14
2,24.17,107.96,43.98
2,24.16,108.05,43.67
2,24.16,107.95,43.83
2,24.17,108.32,43.19
2,24.17,108.22,43.34
2,24.16,108.07,43.51
2,24.19,105.65,43.87
2,23.89,105.72,43.85
2,23.99,105.66,43.85
2,22.99,105.57,43.38
2,23.19,105.6,43.23
2,22.96,105.66,43.26
2,23.01,105.51,43.21
2,23.17,105.54,43.07
2,22.97,105.45,43.07
2,23.16,105.46,42.92
2,22.96,105.79,43.22
2,22.93,105.58,43.19
2,22.87,105.76,43.06
2,22.86,105.55,43.07
2,23.88,106.86,45.49
2,23.25,108.18,43.54
2,23.31,108.08,43.69
2,23.22,107.98,43.69
2,23.31,108.08,43.54
2,23.54,108.06,43.54
2,23.54,108.06,43.69
2,23.76,108.04,43.69
2,23.97,108.02,43.69
2,23.23,107.98,43.54
2,23.42,107.96,43.85
2,23.29,107.86,43.85
2,23.42,107.96,44
2,23.3,107.86,44
2,24.02,107.92,44.01
2,23.64,107.94,44
2,23.86,107.92,44
2,24.02,107.91,43.85
2,23.64,107.94,43.85
2,23.86,107.92,43.85
2,23.52,107.84,44.32
2,23.52,107.84,44.16
2,23.4,107.74,44.32
2,23.4,107.74,44.16
2,23.74,107.82,44.32
2,23.95,107.8,44.32
2,23.74,107.82,44.16
2,23.95,107.8,44.16
2,23.62,107.72,44.63
2,23.62,107.72,44.47
2,23.5,107.62,44.63
2,23.5,107.62,44.47
2,23.84,107.7,44.63
2,23.84,107.7,44.47
2,23.89,107.25,45.18
2,23.71,107.49,44.86
2,24.16,106.97,45.18
2,24.16,107.25,44.86
2,24.35,106.96,44.86
2,24.35,107.26,44.55
2,22.88,105.96,43.07
2,22.9,107.56,43.37
2,23.08,107.78,43.37
2,22.89,106.21,43.26
2,22.88,106.23,43.4
2,22.89,106.11,43.22
2,23,105.98,43.22
2,22.88,106.1,43.38
2,22.99,105.99,43.39
2,22.88,106.45,43.4
2,22.89,106.45,43.26
2,22.89,107.31,43.32
2,22.89,106.92,43.36
2,23.02,107.58,43.66
2,23.13,107.64,43.73
2,23.2,107.76,43.69
2,23.04,107.57,43.52
2,23.21,107.76,43.54
2,22.98,106.11,43.51
2,23.06,105.99,43.54
2,22.98,106.23,43.54
2,23.04,106,43.69
2,23.02,106.22,43.78
2,22.95,106.22,43.7
2,23.01,106.11,43.73
2,22.98,106.56,43.9
2,22.96,106.57,43.84
2,23.02,106.33,43.73
2,22.95,106.42,43.85
2,22.96,106.43,43.72
2,22.96,106.56,43.74
2,22.87,106.66,43.65
2,22.98,106.46,43.55
2,22.99,107.35,43.6
2,22.97,106.89,43.61
2,22.98,107.12,43.69
2,23.16,107.54,44
2,23.28,107.64,44
2,23.16,107.54,43.85
2,23.28,107.64,43.85
2,23.14,106.1,43.85
2,23.06,106.22,43.84
2,23.14,106.1,44
2,23.06,106.22,44
2,22.99,106.66,43.99
2,23.07,106.45,43.98
2,23.08,106.44,43.84
2,22.96,106.65,43.84
2,23.04,106.93,43.9
2,23.06,107.31,43.93
2,23.26,107.42,44.32
2,23.38,107.52,44.32
2,23.38,107.52,44.16
2,23.26,107.42,44.16
2,23.26,106.2,44.16
2,23.16,106.34,44.14
2,23.26,106.2,44.32
2,23.17,106.32,44.32
2,23.21,106.67,44.22
2,23.24,107.09,44.23
2,23.47,107.29,44.55
2,23.43,106.85,44.55
2,23.39,106.41,44.55
2,23.67,107.05,44.86
2,23.63,106.61,44.86
2,23.85,106.81,45.18
2,23.52,108.32,43.36
2,23.51,108.32,43.28
2,23.55,108.19,43.5
2,23.77,108.18,43.22
2,23.43,108.15,43.38
2,23.65,108.32,43.16
2,23.51,108.32,43.2
2,23.81,108.32,42.86
2,23.66,108.14,43.38
2,24.02,108.13,43.38
2,23.88,108.13,43.38
2,23.76,108.04,43.54
2,23.97,108.02,43.54
2,24.01,107.68,44.16
2,24.01,107.68,44.32
2,23.93,107.58,44.47
2,23.93,107.58,44.63
2,24,107.46,44.86
2,23.95,108.32,43.01
2,23.77,108.18,43.07
2,23.99,108.17,43.07
2,24.02,108.13,43.22
2,23.88,108.13,43.22
2,23.97,106.58,45.18
2,24.16,106.56,44.87
2,24.2,106.16,44.54
2,24.28,105.58,43.89
2,24.22,105.85,44.24
2,24.25,105.67,44.01
2,24.25,105.56,43.65
2,23.87,105.61,43.69
2,24,105.58,43.69
2,24.36,106.54,44.55
2,24.36,106.08,44.24
2,24.38,105.59,43.85
2,24.39,105.48,43.65
2,24.37,105.76,43.93
2,24.2,105.46,43.53
2,23.9,105.48,43.53
2,24.03,105.47,43.54
2,23.83,106.37,44.86
2,23.7,106.16,44.63
2,23.6,106.28,44.63
2,23.6,106.28,44.47
2,23.48,106.18,44.32
2,23.7,106.16,44.47
2,23.58,106.06,44.32
2,23.48,106.18,44.16
2,23.36,106.08,44
2,23.58,106.06,44.16
2,23.46,105.96,44
2,23.36,106.08,43.85
2,22.98,105.9,43.35
2,23.03,105.77,43.38
2,23.24,105.98,43.69
2,23.12,105.88,43.54
2,23.46,105.96,43.85
2,23.34,105.86,43.69
2,23.22,105.76,43.54
2,23.1,105.66,43.38
2,22.98,105.9,43.25
2,24,106.13,44.56
2,23.8,106.04,44.32
2,23.9,105.92,44.32
2,23.8,106.04,44.16
2,23.68,105.94,44
2,23.9,105.92,44.16
2,23.78,105.82,44
2,23.78,105.82,43.85
2,23.78,105.65,43.67
2,23.79,105.49,43.56
2,23.68,105.94,43.85
2,23.56,105.85,43.69
2,23.44,105.76,43.53
2,23.3,105.67,43.38
2,23.68,105.48,43.38
2,23.48,105.62,43.38
2,23.66,105.77,43.7
2,23.66,105.65,43.53
2,23.67,105.48,43.23
2,23.48,105.61,43.22
2,23.48,105.47,43.07
2,23.31,105.68,43.22
2,23.32,105.58,43.07
2,23.31,105.47,42.91
2,24.09,105.89,44.24
2,24,105.8,44
2,24,105.8,43.85
2,24.13,105.57,43.69
2,24.15,105.75,44.01
2,24.1,105.7,43.85
2,24.06,108.51,42.78
2,24.27,108.51,42.93
2,24.35,107.49,44.54
2,24.35,107.72,44.29
2,24.35,107.73,44.13
2,24.35,107.87,43.96
2,24.35,107.98,43.65
2,24.35,107.87,43.81
2,24.36,108.37,43.11
2,24.36,108.16,43.33
2,24.36,107.98,43.5
2,24.1,108.32,43.01
2,24.16,107.47,44.55
2,24.16,107.69,44.31
2,24.16,107.69,44.15
2,24.16,107.83,43.99
2,24.16,107.93,43.68
2,24.16,107.83,43.83
2,24.17,108.23,43.18
2,24.17,108.08,43.36
2,24.17,107.93,43.52
2,24.19,105.65,43.67
2,23.9,105.73,43.7
2,24,105.66,43.7
2,23.1,105.66,43.22
2,23,105.58,43.23
2,23.19,105.61,43.07
2,23.04,105.77,43.22
2,23,105.52,43.07
2,23.18,105.55,42.92
2,23.07,105.46,42.89
2,22.95,105.45,42.91
2,23.17,105.46,42.76
2,22.95,105.78,43.06
2,22.93,105.59,43.06
2,22.87,105.75,42.91
2,22.86,105.53,42.91
2,23.99,106.99,45.18
2,23.31,108.1,43.38
2,23.54,108.06,43.38
2,23.54,108.06,43.22
2,23.25,107.98,43.39
2,23.42,107.96,43.69
2,23.29,107.86,43.69
2,23.42,107.96,43.54
2,23.64,107.94,43.54
2,24.01,107.91,43.69
2,23.64,107.94,43.69
2,23.86,107.92,43.69
2,23.3,107.86,43.54
2,23.52,107.84,43.85
2,23.4,107.74,43.85
2,23.52,107.84,44
2,23.4,107.74,44
2,23.74,107.82,44
2,23.95,107.8,44
2,23.74,107.82,43.85
2,23.95,107.8,43.85
2,23.62,107.72,44.32
2,23.62,107.72,44.16
2,23.5,107.62,44.32
2,23.5,107.62,44.16
2,23.84,107.7,44.32
2,23.84,107.7,44.16
2,23.89,107.25,44.86
2,23.71,107.49,44.55
2,24.16,106.97,44.86
2,24.16,107.25,44.55
2,24.35,106.96,44.55
2,24.35,107.26,44.23
2,22.88,105.95,42.91
2,22.99,105.97,43.07
2,22.89,106.12,43.07
2,23.06,107.55,43.37
2,23.08,107.66,43.34
2,23.23,107.76,43.39
2,22.89,106.32,43.22
2,23.04,106.21,43.25
2,23.01,106.23,43.39
2,22.88,106.32,43.37
2,23.03,106.12,43.22
2,23.09,105.98,43.21
2,23.01,106.11,43.37
2,23.08,105.99,43.4
2,22.88,106.69,43.37
2,22.89,106.66,43.21
2,23.01,106.45,43.39
2,23.03,106.45,43.25
2,22.89,107.09,43.25
2,23.05,107.31,43.32
2,23.03,106.92,43.35
2,23.16,107.54,43.69
2,23.27,107.64,43.69
2,23.17,107.54,43.54
2,23.27,107.64,43.54
2,23.14,106.1,43.54
2,23.08,106.22,43.54
2,23.14,106.1,43.69
2,23.06,106.22,43.69
2,23.04,106.55,43.76
2,23.08,106.44,43.69
2,22.98,106.66,43.61
2,23.09,106.45,43.54
2,23.08,106.91,43.64
2,23.1,107.3,43.64
2,23.26,107.42,44
2,23.38,107.52,44
2,23.26,107.42,43.85
2,23.38,107.52,43.85
2,23.26,106.2,43.85
2,23.17,106.32,43.84
2,23.26,106.2,44
2,23.16,106.33,44
2,23.21,106.67,43.9
2,23.22,107.09,43.92
2,23.47,107.29,44.24
2,23.43,106.86,44.23
2,23.38,106.43,44.22
2,23.67,107.05,44.55
2,23.63,106.61,44.55
2,23.85,106.81,44.86
2,23.55,108.18,43.36
2,23.66,108.14,43.22
2,23.44,108.15,43.22
2,23.95,108.32,42.86
2,23.77,108.18,42.91
2,23.99,108.17,42.91
2,23.76,108.04,43.38
2,23.97,108.02,43.38
2,24.03,107.9,43.53
2,23.86,107.92,43.54
2,24.01,107.68,43.85
2,24.01,107.68,44
2,23.93,107.58,44.16
2,23.93,107.58,44.32
2,24,107.46,44.55
2,23.66,108.14,43.07
2,23.76,108.04,43.22
2,24.02,108.13,43.07
2,23.88,108.13,43.07
2,23.97,108.02,43.22
2,23.98,106.58,44.86
2,24.17,106.56,44.55
2,24.18,106.14,44.24
2,24.25,105.68,43.85
2,24.28,105.58,43.65
2,24.21,105.84,43.93
2,24.15,105.57,43.53
2,23.89,105.62,43.53
2,24.01,105.58,43.54
2,24.35,106.53,44.24
2,24.36,106.07,43.93
2,24.37,105.75,43.62
2,24.38,105.58,43.61
2,24.07,105.47,43.3
2,23.84,106.37,44.55
2,23.6,106.28,44.32
2,23.7,106.16,44.32
2,23.6,106.28,44.16
2,23.48,106.18,44
2,23.7,106.16,44.16
2,23.58,106.06,44
2,23.48,106.18,43.85
2,23.36,106.08,43.69
2,23.24,105.98,43.54
2,23.13,105.88,43.38
2,23.58,106.06,43.85
2,23.46,105.96,43.69
2,23.34,105.86,43.54
2,23.22,105.76,43.38
2,23.13,105.88,43.22
2,23.22,105.76,43.22
2,23.98,106.12,44.24
2,23.8,106.04,44
2,23.9,105.92,44
2,23.8,106.04,43.85
2,23.9,105.92,43.85
2,23.78,105.83,43.69
2,23.79,105.65,43.56
2,23.68,105.94,43.69
2,23.56,105.85,43.54
2,23.44,105.76,43.38
2,23.67,105.64,43.38
2,23.67,105.78,43.53
2,23.67,105.48,43.07
2,23.67,105.63,43.23
2,23.44,105.75,43.22
2,23.48,105.61,43.07
2,23.47,105.48,42.91
2,23.3,105.68,43.07
2,23.32,105.58,42.91
2,23.31,105.46,42.75
2,23.67,105.48,42.91
2,24.08,105.88,43.93
2,24,105.8,43.69
2,24.15,105.76,43.85
2,24.1,105.7,43.69
2,24.06,108.51,42.64
2,24.27,108.51,42.78
2,24.36,108.38,42.96
2,24.35,107.49,44.22
2,24.35,107.73,43.97
2,24.35,107.87,43.66
2,24.35,107.72,43.83
2,24.36,108.16,43.17
2,24.36,107.86,43.54
2,24.36,107.98,43.36
2,24.06,108.51,42.49
2,24.17,108.24,43.02
2,24.1,108.32,42.86
2,24.16,107.47,44.23
2,24.16,107.69,43.99
2,24.16,107.82,43.68
2,24.16,107.69,43.84
2,24.17,108.08,43.2
2,24.17,107.82,43.56
2,24.19,107.93,43.38
2,24,105.67,43.54
2,23.91,105.74,43.54
2,24.1,105.7,43.54
2,24,105.8,43.54
2,23.1,105.67,43.07
2,23.01,105.59,43.07
2,23.19,105.62,42.92
2,23.04,105.78,43.07
2,23.09,105.54,42.88
2,23,105.52,42.91
2,23.19,105.55,42.76
2,23.06,105.45,42.75
2,22.93,105.45,42.76
2,23.18,105.46,42.62
2,23.3,105.46,42.6
2,22.96,105.77,42.91
2,22.94,105.58,42.91
2,22.87,105.72,42.76
2,22.86,105.52,42.76
2,23.99,106.99,44.86
2,23.54,108.06,43.07
2,23.42,107.96,43.38
2,23.64,107.94,43.38
2,23.42,107.96,43.22
2,23.64,107.94,43.22
2,23.3,107.86,43.38
2,23.52,107.84,43.69
2,23.4,107.74,43.69
2,23.52,107.84,43.54
2,23.74,107.82,43.54
2,23.74,107.82,43.69
2,23.95,107.8,43.69
2,23.4,107.74,43.54
2,23.62,107.72,43.85
2,23.5,107.62,43.85
2,23.62,107.72,44
2,23.5,107.62,44
2,23.84,107.7,44
2,23.84,107.7,43.85
2,23.89,107.25,44.55
2,23.71,107.49,44.24
2,24.16,106.97,44.55
2,24.16,107.25,44.24
2,24.35,106.97,44.24
2,24.35,107.26,43.93
2,22.99,105.96,42.91
2,22.88,105.95,42.78
2,22.89,106.12,42.91
2,23.08,105.97,43.06
2,22.9,106.3,42.91
2,23.04,106.13,43.07
2,22.9,106.31,43.07
2,23.2,107.53,43.39
2,23.28,107.64,43.38
2,23.05,106.32,43.22
2,23.14,106.21,43.26
2,23.11,106.22,43.4
2,23.02,106.32,43.36
2,23.16,106.1,43.23
2,23.15,106.1,43.38
2,23.13,106.45,43.26
2,23.02,106.69,43.36
2,23.11,106.44,43.39
2,23.06,106.66,43.21
2,23.14,106.91,43.38
2,23.06,107.09,43.25
2,23.17,107.3,43.35
2,23.26,107.42,43.69
2,23.38,107.52,43.69
2,23.25,107.42,43.53
2,23.38,107.52,43.54
2,23.26,106.2,43.54
2,23.16,106.32,43.54
2,23.26,106.2,43.69
2,23.16,106.32,43.68
2,23.21,106.65,43.62
2,23.24,107.09,43.62
2,23.47,107.29,43.93
2,23.44,106.86,43.91
2,23.39,106.42,43.92
2,23.67,107.05,44.24
2,23.63,106.62,44.23
2,23.85,106.81,44.55
2,23.95,108.32,42.56
2,23.99,108.17,42.6
2,23.95,108.32,42.71
2,23.99,108.17,42.75
2,24.02,108.13,42.91
2,23.88,108.13,42.91
2,23.86,107.92,43.38
2,24.04,107.89,43.38
2,23.96,107.8,43.54
2,24.01,107.68,43.69
2,23.93,107.58,43.85
2,23.93,107.58,44
2,24,107.46,44.24
2,23.76,108.04,43.07
2,23.86,107.92,43.22
2,23.97,108.02,43.07
2,24.05,107.89,43.22
2,23.98,106.58,44.55
2,24.16,106.56,44.24
2,24.17,106.13,43.93
2,24.21,105.84,43.62
2,24.25,105.68,43.61
2,24.02,105.6,43.3
2,24.35,106.54,43.94
2,24.36,106.06,43.64
2,24.37,105.66,43.32
2,24.08,105.47,42.99
2,23.83,106.37,44.24
2,23.6,106.28,44
2,23.7,106.16,44
2,23.6,106.28,43.85
2,23.7,106.16,43.85
2,23.48,106.18,43.69
2,23.36,106.08,43.54
2,23.24,105.98,43.38
2,23.58,106.06,43.69
2,23.46,105.96,43.54
2,23.34,105.86,43.38
2,22.88,105.89,42.73
2,23.24,105.98,43.22
2,23.13,105.88,43.07
2,23.34,105.86,43.22
2,23.22,105.76,43.07
2,23.8,106.04,43.69
2,23.98,106.13,43.93
2,23.9,105.92,43.69
2,23.8,106.04,43.54
2,23.9,105.92,43.54
2,23.79,105.83,43.54
2,23.67,105.77,43.38
2,23.68,105.94,43.54
2,23.56,105.84,43.38
2,23.56,105.84,43.22
2,23.67,105.75,43.22
2,23.67,105.62,43.07
2,23.6,105.47,42.68
2,23.44,105.75,43.07
2,23.47,105.61,42.91
2,23.3,105.68,42.91
2,23.32,105.58,42.75
2,23.67,105.62,42.91
2,24.08,105.88,43.61
2,24.15,105.76,43.61
2,24.27,108.51,42.63
2,24.36,108.38,42.81
2,24.36,108.17,43.02
2,24.35,107.49,43.92
2,24.35,107.72,43.68
2,24.36,108,43.21
2,24.37,107.83,43.35
2,24.36,107.74,43.53
2,24.27,108.51,42.48
2,24.06,108.51,42.34
2,24.17,108.09,43.05
2,24.17,108.24,42.87
2,24.1,108.32,42.71
2,24.16,107.47,43.92
2,24.16,107.69,43.69
2,24.19,107.95,43.22
2,24.21,107.79,43.35
2,24.17,107.71,43.54
2,24.1,108.32,42.55
2,24,105.76,43.3
2,23.11,105.67,42.91
2,23.02,105.6,42.92
2,23.2,105.62,42.76
2,23.04,105.78,42.91
2,23.09,105.54,42.75
2,22.99,105.53,42.76
2,23.2,105.55,42.62
2,23.31,105.58,42.6
2,23.01,105.45,42.59
2,23.28,105.47,42.36
2,22.97,105.75,42.76
2,22.95,105.58,42.76
2,22.88,105.89,42.6
2,22.87,105.7,42.6
2,22.87,105.52,42.59
2,23.99,106.99,44.55
2,23.64,107.94,43.07
2,23.4,107.74,43.22
2,23.52,107.84,43.38
2,23.74,107.82,43.38
2,23.52,107.84,43.22
2,23.74,107.82,43.22
2,23.4,107.74,43.38
2,23.62,107.72,43.69
2,23.5,107.62,43.69
2,23.62,107.72,43.54
2,23.84,107.7,43.54
2,23.84,107.7,43.69
2,23.5,107.62,43.54
2,23.89,107.25,44.24
2,23.71,107.49,43.93
2,24.16,106.97,44.24
2,24.15,107.26,43.93
2,24.36,107.26,43.68
2,24.35,106.97,43.94
2,23.08,105.97,42.92
2,23.01,105.96,42.78
2,23.04,106.12,42.91
2,22.9,106.2,42.67
2,23.22,107.53,43.24
2,23.29,107.64,43.22
2,22.9,106.42,42.95
2,23.17,106.09,43.07
2,23.08,106.3,42.91
2,23.07,106.31,43.07
2,23.09,106.67,42.99
2,23.27,107.42,43.23
2,23.26,107.42,43.38
2,23.38,107.52,43.22
2,23.38,107.52,43.38
2,23.18,106.32,43.23
2,23.26,106.2,43.22
2,23.26,106.2,43.38
2,23.17,106.32,43.38
2,23.23,106.65,43.31
2,23.26,107.09,43.31
2,23.47,107.29,43.61
2,23.44,106.85,43.61
2,23.4,106.41,43.61
2,23.67,107.05,43.93
2,23.64,106.61,43.92
2,23.85,106.81,44.24
2,23.95,108.32,42.4
2,23.99,108.17,42.44
2,24.02,108.13,42.6
2,24.02,108.13,42.75
2,23.88,108.13,42.75
2,23.64,107.94,42.91
2,23.76,108.04,42.91
2,23.97,108.02,42.91
2,23.96,107.8,43.38
2,24.1,107.78,43.34
2,24.02,107.68,43.53
2,23.94,107.58,43.69
2,24,107.46,43.93
2,23.94,107.58,43.53
2,23.86,107.92,43.07
2,23.96,107.8,43.22
2,24.05,107.89,43.07
2,24.12,107.77,43.22
2,23.98,106.58,44.24
2,24.16,106.56,43.93
2,24.19,106.12,43.63
2,24.23,105.76,43.31
2,24.01,105.6,42.99
2,24.36,106.54,43.65
2,24.36,106.04,43.34
2,24.37,105.65,43.01
2,23.83,106.37,43.93
2,23.6,106.28,43.69
2,23.7,106.16,43.69
2,23.6,106.28,43.54
2,23.7,106.16,43.54
2,23.48,106.18,43.54
2,23.36,106.08,43.38
2,23.58,106.06,43.54
2,23.46,105.96,43.38
2,23.36,106.08,43.22
2,23.46,105.96,43.22
2,23,105.9,42.73
2,23.24,105.98,43.07
2,23.13,105.88,42.91
2,23.34,105.86,43.07
2,23.22,105.76,42.91
2,23.59,105.48,42.36
2,23.99,106.13,43.61
2,23.79,105.93,43.3
2,23.67,105.75,43.07
2,23.56,105.83,43.07
2,23.67,105.75,42.91
2,23.56,105.84,42.91
2,23.59,105.61,42.68
2,23.44,105.75,42.91
2,23.31,105.68,42.75
2,24.1,105.85,43.3
2,24.36,108.38,42.67
2,24.36,108.17,42.87
2,24.36,107.99,43.06
2,24.37,107.82,43.23
2,24.37,107.74,43.41
2,24.36,107.47,43.61
2,24.36,108.37,42.52
2,24.27,108.51,42.34
2,24.06,108.51,42.19
2,24.19,107.94,43.06
2,24.17,108.08,42.9
2,24.17,108.23,42.72
2,24.23,107.78,43.23
2,24.2,107.71,43.41
2,24.18,107.45,43.6
2,24.17,108.23,42.57
2,24.1,108.32,42.4
2,23.99,105.76,42.99
2,23.11,105.67,42.76
2,23.02,105.61,42.76
2,23.21,105.62,42.64
2,23.06,105.77,42.76
2,23.31,105.68,42.6
2,23.07,105.55,42.59
2,23.3,105.59,42.36
2,23.02,105.46,42.36
2,23.26,105.47,42.09
2,23.01,105.91,42.6
2,22.97,105.74,42.6
2,22.96,105.59,42.59
2,22.88,105.72,42.36
2,23.99,106.99,44.24
2,23.52,107.84,43.07
2,23.74,107.82,43.07
2,23.5,107.62,43.22
2,23.62,107.72,43.38
2,23.84,107.7,43.38
2,23.62,107.72,43.22
2,23.84,107.7,43.22
2,23.5,107.62,43.38
2,23.89,107.25,43.93
2,23.71,107.49,43.61
2,24.17,107.25,43.67
2,24.15,106.97,43.93
2,24.38,107.25,43.29
2,24.36,107,43.64
2,23.17,106.09,42.91
2,23.1,105.97,42.79
2,23.07,106.21,42.67
2,23.21,106.3,42.91
2,23.27,106.2,42.91
2,23.09,106.42,42.95
2,23.21,106.31,43.07
2,23.27,106.2,43.07
2,23.27,106.65,43
2,23.29,107.09,42.99
2,23.47,107.29,43.3
2,23.43,106.85,43.3
2,23.39,106.41,43.3
2,23.67,107.05,43.61
2,23.64,106.61,43.61
2,23.85,106.81,43.93
2,24.02,108.12,42.43
2,23.97,108.02,42.6
2,23.97,108.02,42.75
2,23.74,107.82,42.91
2,23.86,107.92,42.91
2,24.05,107.89,42.91
2,24.05,107.68,43.38
2,23.94,107.58,43.38
2,24.02,107.45,43.59
2,23.94,107.58,43.22
2,24.12,107.77,43.07
2,23.96,107.8,43.07
2,24.06,107.68,43.22
2,24.38,106.77,43.32
2,23.98,106.58,43.93
2,24.18,106.56,43.63
2,24.2,106.11,43.32
2,24.23,105.76,43
2,24.37,106.48,43.36
2,24.36,106,43.05
2,23.84,106.37,43.61
2,23.59,106.17,43.3
2,23.36,106.08,43.07
2,23.46,105.96,43.07
2,23.36,106.08,42.91
2,23.46,105.96,42.91
2,23.13,105.88,42.76
2,23.24,105.98,42.91
2,23.34,105.86,42.91
2,23.22,105.76,42.75
2,24,106.12,43.3
2,23.79,105.93,42.99
2,23.55,105.78,42.67
2,24.1,105.85,43
2,24.36,108.17,42.72
2,24.36,108,42.91
2,24.38,107.82,43.08
2,24.37,107.5,43.33
2,24.39,107.37,43.17
2,24.36,108.17,42.57
2,24.36,108.34,42.37
2,24.27,108.51,42.19
2,24.07,108.51,42.03
2,24.24,107.78,43.07
2,24.18,107.94,42.91
2,24.16,108.08,42.74
2,24.23,107.48,43.32
2,24.16,108.08,42.59
2,24.17,108.21,42.41
2,24.1,108.32,42.25
2,23.14,105.88,42.6
2,23.22,105.76,42.6
2,23.06,105.77,42.6
2,23.11,105.67,42.6
2,23.32,105.69,42.37
2,23.09,105.57,42.36
2,23.05,105.47,42.03
2,23.01,105.79,42.36
2,22.89,105.68,42.05
2,23.99,106.99,43.93
2,23.49,107.62,43.07
2,23.62,107.72,43.07
2,23.84,107.7,43.07
2,23.62,107.72,42.91
2,23.71,107.49,43.3
2,23.9,107.25,43.61
2,24.25,107.24,43.26
2,24.18,107,43.62
2,24.37,107.02,43.37
2,23.23,106.2,42.68
2,23.47,107.29,42.99
2,23.43,106.85,42.99
2,23.39,106.41,42.99
2,23.67,107.05,43.3
2,23.63,106.61,43.3
2,23.87,106.81,43.61
2,24.05,107.89,42.6
2,23.86,107.92,42.75
2,24.05,107.89,42.75
2,24.28,107.35,43.14
2,23.94,107.58,43.07
2,23.84,107.7,42.91
2,24.12,107.77,42.91
2,23.96,107.8,42.91
2,24.07,107.68,43.07
2,24.08,107.45,43.28
2,24.24,106.78,43.28
2,24,106.58,43.61
2,24.22,106.52,43.33
2,24.2,106.1,43.01
2,24.37,106.4,43.09
2,23.85,106.37,43.3
2,22.9,105.93,41.99
2,23.59,106.17,42.99
2,23.35,105.97,42.68
2,24,106.12,42.99
2,24.36,108.01,42.75
2,24.38,107.83,42.93
2,24.39,107.65,43.1
2,24.39,107.48,43.1
2,24.36,108.02,42.59
2,24.36,108.15,42.44
2,24.36,108.32,42.22
2,24.27,108.51,42.02
2,24.28,107.62,43.08
2,24.23,107.79,42.92
2,24.19,107.95,42.75
2,24.3,107.46,43.08
2,24.19,107.95,42.6
2,24.17,108.07,42.46
2,24.17,108.19,42.26
2,24.1,108.32,42.09
2,23.18,105.78,42.38
2,24.01,107.01,43.6
2,24.16,107.23,43.22
2,23.9,107.25,43.3
2,23.71,107.49,42.99
2,24.23,107.01,43.34
2,23.67,107.05,42.99
2,23.63,106.61,42.99
2,23.87,106.81,43.3
2,24.12,107.77,42.6
2,23.96,107.8,42.75
2,24.12,107.77,42.75
2,24.14,107.34,43.07
2,24.04,107.46,43.07
2,23.94,107.58,42.91
2,23.84,107.7,42.75
2,24.22,107.44,43.05
2,24.06,107.69,42.91
2,24.15,107.56,43.06
2,24.04,106.58,43.3
2,24.37,106.4,42.92
2,23.85,106.37,42.99
2,24.37,107.84,42.77
2,24.39,107.68,42.94
2,24.4,107.51,42.94
2,24.37,107.85,42.62
2,24.36,108.03,42.43
2,24.36,108.03,42.27
2,24.36,108.32,42.06
2,24.28,107.65,42.92
2,24.23,107.79,42.76
2,24.33,107.5,42.93
2,24.23,107.8,42.6
2,24.19,107.96,42.44
2,24.06,107.02,43.29
2,23.91,107.25,42.99
2,23.87,106.81,42.99
2,24.06,107.69,42.75
2,24.14,107.34,42.91
2,24.04,107.46,42.91
2,23.94,107.58,42.75
2,24.25,107.44,42.91
2,24.16,107.57,42.91
2,24.39,107.62,42.71
2,24.38,107.86,42.46
2,24.38,107.86,42.29
2,24.37,108.04,42.11
2,24.28,107.58,42.67
