ppm HF Concentration mole,X (m),Y (m),Z (m)
2,26.09,80.22,40.62
2,26.21,80.32,40.44
3,26.09,80.22,40.43
2,26.28,79.4,40.9
3,26.19,80.1,40.6
2,26.31,80.2,40.43
4,26.19,80.1,40.43
6,23.26,79.68,40.44
7,26.07,80,40.42
9,26.18,79.91,40.42
5,26.27,79.28,40.89
6,26.24,79.29,40.92
3,26.25,79.49,40.84
5,26.07,80,40.58
7,26.18,79.92,40.56
3,25.97,80.12,40.61
3,24.7,80.79,40.64
3,25.12,80.53,40.64
3,25.85,80.02,40.6
3,24.88,80.33,41.11
2,25.12,80.53,40.86
2,26.07,80,40.74
2,25.86,80.02,40.75
27,26.24,79.37,40.66
3,26.19,79.39,40.9
5,26.29,79.38,40.83
20,23.74,80.03,40.44
22,24.16,79.77,40.44
2,26,80.45,40.44
5,25.97,80.12,40.43
3,24.7,80.79,40.44
2,25.56,80.49,40.44
3,25.12,80.53,40.44
5,25.85,80.02,40.43
3,26.31,79.54,40.84
4,26.3,79.46,40.83
28,26.29,79.37,40.68
4,26.37,79.39,40.84
4,26.29,79.98,40.58
2,26.41,80.08,40.43
6,26.29,79.98,40.42
2,26.32,79.29,40.91
7,26.34,79.28,40.83
58,26.29,79.27,40.56
2,24.7,80.79,40.86
3,24.22,80.39,41.27
7,23.26,79.62,40.63
17,23.74,80,40.64
8,23.92,79.6,40.44
3,23.74,79.98,41.27
4,24.16,79.73,41.11
2,22.79,79.25,40.6
23,24.16,79.74,40.64
59,26.24,79.27,40.54
59,26.24,79.27,40.44
44,26.24,79.29,40.39
22,26.25,79.41,40.39
12,26.17,79.84,40.41
7,25.95,79.9,40.42
51,26.29,79.28,40.66
52,26.24,79.28,40.64
9,26.19,79.28,40.9
12,26.28,79.28,40.82
9,26.15,79.29,40.93
2,26.15,79.29,41.01
5,24.64,80.13,41.11
15,24.22,80.39,40.64
33,26.24,79.36,40.58
35,26.24,79.35,40.5
31,26.24,79.36,40.47
20,26.25,79.46,40.47
21,26.24,79.42,40.66
15,26.25,79.49,40.68
8,26.25,79.49,40.76
2,26.26,79.6,40.84
2,26.19,79.47,40.9
2,26.14,79.41,40.93
3,26.2,79.55,40.84
4,26.19,79.46,40.84
4,26.17,79.88,40.72
10,26.17,79.84,40.55
5,25.95,79.9,40.57
2,25.76,80.25,40.63
3,25.32,80.29,40.64
8,24.88,80.33,40.64
4,25.73,79.92,40.59
2,25.73,79.92,40.88
2,25.32,80.29,40.86
5,24.88,80.33,40.86
3,25.08,80.09,41.11
3,25.95,79.9,40.73
5,25.84,79.84,40.57
3,25.73,79.92,40.75
2,25.83,79.8,40.88
3,25.61,79.82,40.88
3,25.49,79.72,41.04
2,25.37,79.62,41.19
17,26.29,79.37,40.75
25,26.19,79.37,40.68
6,26.19,79.38,40.83
4,26.1,79.4,40.9
25,26.14,79.37,40.66
2,25.87,79.45,41.04
25,24.22,80.4,40.44
39,24.4,79.95,40.44
14,24.36,79.56,40.44
3,25.76,80.25,40.44
3,25.32,80.29,40.44
9,24.88,80.33,40.44
5,25.73,79.92,40.43
6,25.84,79.83,40.42
2,26.29,79.98,40.73
35,26.29,79.34,40.5
34,26.29,79.36,40.59
9,26.31,79.54,40.76
11,26.3,79.45,40.76
16,26.31,79.54,40.68
20,26.3,79.44,40.68
3,26.36,79.48,40.84
33,26.35,79.36,40.66
20,26.39,79.37,40.75
37,26.35,79.35,40.59
30,26.34,79.35,40.46
26,26.3,79.39,40.46
17,26.31,79.52,40.47
5,26.4,79.9,40.56
2,26.51,79.97,40.57
2,26.51,79.96,40.42
7,26.39,79.89,40.42
16,26.31,79.48,40.39
32,26.29,79.33,40.39
57,26.28,79.27,40.45
36,26.33,79.29,40.39
37,26.35,79.34,40.5
51,26.33,79.28,40.64
3,26.41,79.29,40.88
26,26.37,79.28,40.74
57,26.34,79.27,40.56
10,24.22,80.39,40.86
6,24.4,79.93,41.11
5,23.26,79.58,40.85
5,23.68,79.36,40.64
12,23.74,79.98,40.86
14,24.16,79.73,40.86
12,23.92,79.55,40.64
2,24.12,79.4,40.44
3,23.92,79.53,41.11
3,24.36,79.49,41.11
30,24.4,79.94,40.64
21,24.36,79.52,40.64
61,26.19,79.27,40.54
63,26.19,79.27,40.43
16,26.27,79.75,40.41
13,26.26,79.56,40.4
15,26.2,79.49,40.4
37,26.19,79.33,40.39
50,26.14,79.29,40.39
10,26.05,79.77,40.41
33,26.28,79.28,40.74
52,26.19,79.28,40.65
16,26.19,79.28,40.82
13,26.11,79.29,40.89
3,26.07,79.3,41.04
54,26.14,79.28,40.63
4,25.93,79.3,41.03
5,25.75,79.29,41.01
12,24.64,80.13,40.86
6,24.84,79.89,41.11
21,24.64,80.13,40.64
25,26.24,79.41,40.6
33,26.19,79.36,40.58
18,26.25,79.49,40.61
25,26.24,79.41,40.54
36,26.19,79.35,40.5
19,26.25,79.49,40.55
15,26.27,79.76,40.53
15,26.26,79.58,40.49
16,26.2,79.53,40.49
27,26.19,79.4,40.47
33,26.13,79.37,40.47
5,26.27,79.76,40.72
7,26.26,79.6,40.76
12,26.26,79.6,40.68
11,26.2,79.55,40.68
15,26.19,79.45,40.68
6,26.2,79.55,40.76
9,26.19,79.45,40.76
3,26.14,79.5,40.84
2,26.09,79.48,40.9
18,26.13,79.43,40.67
7,26.17,79.83,40.63
4,26.05,79.78,40.72
2,25.93,79.68,40.88
8,26.05,79.78,40.54
4,25.52,80.05,40.62
12,25.08,80.09,40.64
8,25.61,79.82,40.58
7,25.83,79.77,40.54
3,25.63,79.43,41.03
3,25.53,80.05,40.85
7,25.08,80.09,40.86
3,25.28,79.85,41.11
16,25.5,79.76,40.57
4,25.83,79.8,40.72
6,25.62,79.82,40.74
3,25.71,79.7,40.88
3,25.59,79.61,41.04
7,25.49,79.72,40.88
5,25.37,79.62,41.04
33,26.13,79.36,40.58
38,26.13,79.35,40.5
7,26.09,79.39,40.83
16,26.19,79.37,40.75
2,25.95,79.45,41.01
4,26.04,79.41,40.91
25,26.09,79.37,40.68
3,25.73,79.44,41.03
7,25.85,79.43,40.9
3,25.6,79.41,41.03
5,24.56,79.36,40.43
38,24.64,80.14,40.44
39,24.6,79.73,40.44
4,25.52,80.05,40.43
13,25.08,80.09,40.44
6,25.61,79.82,40.42
6,25.83,79.76,40.41
15,25.5,79.75,40.42
2,26.39,79.86,40.72
16,26.27,79.59,40.56
19,26.31,79.54,40.54
24,26.3,79.43,40.54
20,26.31,79.54,40.61
25,26.3,79.43,40.61
7,26.37,79.64,40.72
12,26.36,79.48,40.76
14,26.41,79.44,40.76
21,26.36,79.48,40.68
28,26.35,79.41,40.66
12,26.45,79.38,40.77
38,26.4,79.36,40.68
31,26.36,79.4,40.6
41,26.4,79.35,40.61
30,26.36,79.4,40.54
22,26.35,79.45,40.46
27,26.4,79.39,40.46
7,26.39,79.83,40.54
20,26.37,79.64,40.49
2,26.62,79.88,40.41
9,26.39,79.82,40.41
20,26.37,79.61,40.4
22,26.35,79.4,40.39
29,26.38,79.33,40.39
54,26.34,79.27,40.46
37,26.39,79.34,40.49
23,26.42,79.28,40.76
50,26.38,79.28,40.66
56,26.38,79.28,40.59
17,24.4,79.93,40.86
5,24.6,79.69,41.11
4,25.13,79.42,41.04
3,23.68,79.32,40.85
8,23.92,79.53,40.86
11,24.36,79.49,40.86
7,24.12,79.33,40.63
38,24.6,79.7,40.64
14,24.56,79.29,40.61
2,24.89,79.22,41.04
64,26.14,79.27,40.53
66,26.14,79.27,40.43
11,26.15,79.64,40.4
23,26.14,79.43,40.4
41,26.09,79.35,40.39
8,25.94,79.67,40.4
20,26.11,79.28,40.82
37,26.19,79.28,40.74
5,25.99,79.3,41
14,26.07,79.29,40.9
54,26.11,79.28,40.65
5,25.83,79.3,41.02
17,25.92,79.29,40.89
5,25.73,79.28,41.01
20,25.75,79.29,40.88
18,24.84,79.89,40.86
5,25.04,79.65,41.11
6,25.25,79.52,41.04
35,24.84,79.89,40.64
3,25.73,79.2,41.02
12,26.28,79.75,40.62
16,26.26,79.6,40.61
14,26.2,79.55,40.61
20,26.19,79.44,40.61
15,26.21,79.54,40.56
21,26.19,79.44,40.55
22,26.13,79.42,40.6
24,26.13,79.42,40.55
12,26.15,79.66,40.51
20,26.14,79.47,40.49
29,26.08,79.41,40.48
6,26.15,79.66,40.72
11,26.14,79.5,40.69
7,26.14,79.49,40.76
4,26.08,79.47,40.84
2,26.03,79.56,40.88
14,26.08,79.45,40.68
7,26.06,79.76,40.62
5,25.93,79.68,40.72
4,25.81,79.58,40.88
2,25.68,79.54,41.03
9,25.93,79.68,40.52
6,25.83,79.75,40.63
18,25.28,79.86,40.61
12,25.71,79.7,40.53
27,25.49,79.68,40.55
4,25.51,79.55,41.04
9,25.63,79.42,40.91
11,25.29,79.84,40.83
8,25.71,79.7,40.72
14,25.5,79.72,40.73
8,25.59,79.6,40.88
14,25.37,79.62,40.88
5,25.45,79.49,41.04
35,26.09,79.36,40.58
41,26.09,79.35,40.5
17,26.08,79.37,40.75
8,25.94,79.41,40.87
27,26.03,79.37,40.67
12,25.74,79.41,40.87
10,25.61,79.41,40.91
3,25.6,79.34,41.03
58,24.84,79.91,40.44
32,24.8,79.51,40.43
22,25.28,79.86,40.43
10,25.72,79.7,40.41
30,25.49,79.68,40.41
59,25.1,79.45,40.42
6,26.39,79.81,40.62
2,26.49,79.75,40.72
18,26.38,79.64,40.59
23,26.36,79.48,40.53
26,26.36,79.48,40.61
7,26.47,79.52,40.72
27,26.41,79.43,40.68
5,26.54,79.36,40.71
34,26.41,79.42,40.61
45,26.45,79.34,40.59
30,26.41,79.42,40.53
34,26.45,79.35,40.45
8,26.49,79.75,40.51
26,26.46,79.51,40.46
2,26.61,79.81,40.53
2,26.61,79.81,40.41
9,26.49,79.73,40.4
24,26.47,79.48,40.4
33,26.43,79.29,40.39
51,26.38,79.27,40.44
45,26.45,79.33,40.5
11,26.5,79.27,40.69
53,26.43,79.27,40.57
20,24.6,79.69,40.86
3,24.8,79.45,41.11
24,25.01,79.37,40.42
94,25.1,79.43,40.56
18,25.13,79.42,40.88
2,25.01,79.32,41.04
2,25.23,79.3,41.04
4,24.13,79.28,40.85
4,24.78,79.12,40.88
7,24.57,79.24,40.84
2,24.32,79.11,40.6
2,24.66,79.07,40.57
43,24.8,79.47,40.62
9,24.78,79.16,40.59
7,24.9,79.3,40.43
8,24.89,79.22,40.88
7,24.78,79.11,40.74
2,24.88,79,40.88
67,26.1,79.27,40.54
71,26.1,79.27,40.43
16,26.04,79.52,40.4
61,26.05,79.3,40.39
15,25.82,79.57,40.4
40,26.09,79.28,40.74
20,25.99,79.29,40.86
57,26.05,79.28,40.65
25,25.84,79.29,40.85
21,25.74,79.29,40.89
4,25.73,79.25,41.01
37,25.76,79.29,40.81
29,25.05,79.64,40.83
20,25.25,79.52,40.88
4,25.35,79.4,41.04
63,25.04,79.66,40.61
15,25.74,79.2,40.88
10,26.15,79.66,40.61
14,26.14,79.5,40.6
16,26.14,79.49,40.55
19,26.08,79.45,40.61
21,26.08,79.45,40.55
16,26.04,79.55,40.5
41,26.03,79.37,40.47
7,26.03,79.56,40.72
9,26.07,79.45,40.76
5,25.92,79.51,40.86
18,26.02,79.43,40.68
8,25.93,79.67,40.61
10,25.81,79.58,40.73
9,25.69,79.52,40.87
18,25.82,79.59,40.49
17,25.65,79.4,40.83
11,25.72,79.68,40.62
24,25.49,79.66,40.63
36,25.59,79.61,40.52
58,25.37,79.62,40.54
32,25.37,79.62,40.73
20,25.59,79.6,40.72
12,25.51,79.55,40.88
16,25.46,79.49,40.88
4,25.5,79.39,41.04
38,26.03,79.36,40.58
46,26.03,79.35,40.5
24,25.93,79.38,40.73
35,25.75,79.38,40.72
19,25.62,79.33,40.87
75,25.04,79.67,40.43
38,25.6,79.6,40.4
72,25.38,79.62,40.41
53,25.17,79.44,40.41
2,26.59,79.62,40.72
7,26.49,79.73,40.6
4,26.57,79.44,40.71
41,26.46,79.39,40.6
21,26.48,79.52,40.57
33,26.52,79.34,40.57
41,26.47,79.38,40.53
12,26.57,79.34,40.6
33,26.5,79.4,40.46
7,26.59,79.64,40.48
2,26.61,79.79,40.61
2,26.71,79.72,40.4
8,26.59,79.61,40.4
25,26.5,79.38,40.4
49,26.49,79.27,40.55
52,26.43,79.27,40.46
32,26.55,79.33,40.51
26,26.52,79.27,40.58
98,25.17,79.42,40.54
20,24.81,79.44,40.84
55,25.01,79.34,40.58
8,25.08,79.27,40.41
63,25.14,79.42,40.72
12,25.01,79.32,40.88
11,25.23,79.3,40.88
2,24.66,79.02,40.88
3,24.66,79.01,40.73
7,24.88,79.08,40.56
26,24.89,79.25,40.59
3,24.99,79.19,40.42
19,24.9,79.21,40.74
5,25,79.1,40.88
3,24.87,79.01,40.55
4,24.88,79,40.72
72,26.05,79.27,40.54
77,26.05,79.27,40.43
45,25.94,79.4,40.39
56,25.7,79.47,40.4
52,25.97,79.28,40.7
66,25.83,79.28,40.69
80,25.77,79.28,40.67
31,25.74,79.25,40.84
2,25.74,79.09,40.81
56,25.26,79.52,40.73
17,25.35,79.4,40.88
107,25.25,79.53,40.54
8,25.61,79.25,40.9
10,25.74,79.14,40.86
12,26.03,79.56,40.6
24,26.02,79.42,40.6
28,26.02,79.42,40.55
35,25.93,79.44,40.47
13,25.91,79.48,40.72
19,25.81,79.57,40.59
25,25.69,79.49,40.72
15,25.58,79.48,40.83
50,25.69,79.5,40.48
44,25.67,79.37,40.71
33,25.6,79.59,40.61
50,25.39,79.59,40.63
95,25.47,79.51,40.5
45,25.47,79.5,40.72
18,25.52,79.38,40.86
2,25.63,79.07,40.82
36,25.83,79.37,40.69
50,25.94,79.35,40.55
72,25.73,79.35,40.6
56,25.65,79.32,40.72
106,25.26,79.53,40.41
95,25.48,79.5,40.4
98,25.63,79.42,40.4
34,25.23,79.33,40.41
6,26.59,79.62,40.58
15,26.58,79.42,40.56
32,26.57,79.33,40.46
29,26.56,79.38,40.46
3,26.68,79.53,40.4
12,26.57,79.37,40.41
43,26.52,79.27,40.47
21,26.55,79.28,40.42
97,25.19,79.41,40.63
95,25.23,79.31,40.52
11,25.15,79.26,40.41
41,25.02,79.32,40.73
39,25.08,79.23,40.55
7,25.75,79.07,40.75
66,25.23,79.3,40.72
8,25.12,79.2,40.88
7,25.34,79.18,40.88
2,25.62,78.98,40.82
14,24.99,79.13,40.56
3,25.1,78.98,40.88
13,25,79.1,40.72
2,24.97,78.94,40.52
2,24.98,78.88,40.72
68,25.89,79.28,40.66
85,25.97,79.27,40.5
79,25.81,79.36,40.4
117,25.79,79.27,40.56
125,25.77,79.27,40.55
89,25.75,79.24,40.69
23,25.75,79.09,40.73
10,25.75,79.04,40.74
91,25.27,79.5,40.62
11,25.46,79.28,40.88
68,25.35,79.4,40.72
151,25.35,79.41,40.5
4,25.61,79.15,40.87
107,25.75,79.15,40.7
4,25.56,79.05,40.82
26,25.91,79.47,40.58
28,25.8,79.44,40.69
63,25.82,79.39,40.46
43,25.6,79.45,40.71
94,25.6,79.45,40.48
51,25.7,79.48,40.57
82,25.69,79.34,40.6
129,25.55,79.39,40.47
86,25.48,79.49,40.59
84,25.77,79.34,40.45
92,25.78,79.32,40.45
59,25.55,79.37,40.72
14,25.65,79.06,40.75
82,25.66,79.24,40.69
96,25.68,79.32,40.6
70,25.81,79.34,40.54
105,25.76,79.31,40.4
105,25.57,79.37,40.4
102,25.36,79.41,40.4
16,25.34,79.22,40.4
3,26.69,79.5,40.57
14,26.62,79.4,40.48
2,26.72,79.47,40.47
4,26.67,79.45,40.41
117,25.25,79.3,40.61
45,25.15,79.22,40.54
67,25.33,79.19,40.49
4,25.22,79.16,40.4
37,25.11,79.2,40.72
8,25.64,79.02,40.77
56,25.34,79.18,40.72
5,25.22,79.08,40.88
4,25.43,79.06,40.88
3,25.53,79,40.84
4,25.55,78.94,40.82
11,25.65,78.97,40.75
6,25.75,79.01,40.76
6,25.09,79.02,40.53
7,25.09,78.98,40.72
2,25.07,78.89,40.5
115,25.8,79.27,40.4
120,25.75,79.2,40.65
133,25.76,79.26,40.56
108,25.85,79.27,40.49
162,25.75,79.1,40.65
105,25.75,79.03,40.66
7,25.41,79.12,40.4
7,25.52,79.16,40.86
151,25.44,79.29,40.47
152,25.36,79.4,40.59
71,25.46,79.28,40.73
54,25.66,79.16,40.73
205,25.75,79.15,40.57
16,25.58,79.05,40.76
134,25.56,79.37,40.56
87,25.61,79.43,40.57
57,25.78,79.41,40.54
84,25.6,79.26,40.69
78,25.73,79.34,40.46
95,25.67,79.07,40.67
164,25.69,79.24,40.57
262,25.68,79.1,40.59
60,25.46,79.29,40.4
105,25.68,79.26,40.4
58,25.66,78.97,40.68
3,26.69,79.45,40.48
54,25.17,79.2,40.62
121,25.34,79.18,40.59
22,25.21,79.11,40.52
30,25.4,79.08,40.47
2,25.32,79.06,40.39
24,25.21,79.08,40.72
13,25.54,79,40.76
42,25.44,79.06,40.72
55,25.54,79,40.69
3,25.32,78.96,40.88
2,25.48,78.95,40.84
11,25.57,78.94,40.76
2,25.52,78.89,40.84
2,25.62,78.89,40.82
6,25.64,78.93,40.77
9,25.75,78.98,40.74
85,25.75,78.98,40.67
6,25.77,78.96,40.75
6,25.11,78.96,40.61
4,25.19,78.93,40.49
3,25.2,78.86,40.72
138,25.75,79.22,40.42
163,25.75,79.21,40.51
285,25.76,79.12,40.55
126,25.76,79.06,40.64
313,25.76,79.08,40.58
91,25.76,78.97,40.67
134,25.76,79,40.64
318,25.76,79.02,40.58
29,25.46,79.07,40.46
10,25.49,79.1,40.4
2,25.5,79.01,40.4
98,25.52,79.17,40.46
147,25.67,79.24,40.46
202,25.46,79.28,40.57
68,25.55,79.16,40.72
225,25.68,79.15,40.6
86,25.59,79.05,40.68
173,25.63,79.27,40.54
257,25.63,79.1,40.6
98,25.67,79.01,40.66
237,25.68,79.06,40.61
296,25.69,79.11,40.53
173,25.73,79.14,40.4
50,25.57,79.17,40.4
9,25.8,78.96,40.74
53,25.77,78.96,40.69
38,25.58,78.94,40.68
52,25.67,78.92,40.66
160,25.68,78.97,40.61
4,25.73,78.85,40.75
28,25.69,78.88,40.65
34,25.23,79.07,40.61
123,25.54,79,40.61
102,25.44,79.06,40.57
10,25.32,79,40.48
6,25.48,78.96,40.46
14,25.32,78.96,40.72
10,25.48,78.95,40.76
30,25.48,78.95,40.68
2,25.54,78.83,40.82
7,25.53,78.89,40.76
2,25.74,78.96,40.78
6,25.64,78.88,40.76
23,25.66,78.89,40.69
17,25.53,78.89,40.69
17,25.67,78.87,40.68
3,25.75,78.96,40.78
3,25.67,78.85,40.76
12,25.68,78.86,40.7
4,25.2,78.86,40.59
214,25.75,79.14,40.42
284,25.75,79.12,40.48
319,25.76,79.05,40.56
155,25.77,78.97,40.63
318,25.76,78.99,40.57
61,25.49,79.05,40.48
19,25.49,78.95,40.48
11,25.52,78.92,40.46
11,25.56,79.03,40.41
4,25.55,78.97,40.41
210,25.69,79.15,40.46
145,25.58,79.15,40.47
224,25.55,79.16,40.56
217,25.6,79.05,40.61
90,25.61,78.99,40.67
289,25.65,79.1,40.52
312,25.69,79.04,40.52
225,25.68,79.01,40.59
105,25.69,79.11,40.4
28,25.62,79.07,40.41
76,25.79,78.97,40.67
27,25.61,78.88,40.67
121,25.54,79,40.53
82,25.59,78.94,40.61
121,25.68,78.93,40.6
4,25.51,78.91,40.42
72,25.7,78.9,40.59
8,25.64,78.83,40.66
17,25.73,78.87,40.68
21,25.32,78.96,40.58
51,25.48,78.95,40.61
3,25.41,78.93,40.46
42,25.48,78.94,40.53
5,25.42,78.84,40.72
2,25.63,78.85,40.79
4,25.56,78.83,40.76
8,25.57,78.83,40.68
29,25.53,78.89,40.61
27,25.53,78.89,40.53
2,25.63,78.84,40.79
5,25.6,78.8,40.68
2,25.63,78.77,40.68
317,25.75,79.06,40.48
242,25.75,79.1,40.44
321,25.75,79.03,40.5
322,25.77,78.97,40.57
367,25.75,78.98,40.51
22,25.54,78.91,40.48
48,25.54,79,40.48
10,25.61,78.98,40.41
193,25.66,79.1,40.46
109,25.6,79.05,40.47
248,25.6,79.05,40.53
296,25.68,79.03,40.51
178,25.63,78.99,40.6
294,25.69,79,40.54
25,25.68,79.02,40.41
82,25.73,79.05,40.4
325,25.79,78.97,40.59
80,25.82,78.97,40.66
43,25.62,78.88,40.6
97,25.59,78.94,40.53
149,25.69,78.92,40.55
3,25.61,78.96,40.38
2,25.59,78.9,40.37
6,25.53,78.87,40.45
121,25.7,78.9,40.55
20,25.77,78.88,40.67
2,25.82,78.86,40.76
20,25.65,78.84,40.6
62,25.73,78.89,40.61
4,25.69,78.8,40.68
8,25.42,78.84,40.57
13,25.58,78.83,40.61
13,25.58,78.83,40.53
4,25.63,78.77,40.61
2,25.89,78.97,40.75
30,25.85,78.97,40.68
198,25.75,79.06,40.43
369,25.76,78.97,40.51
298,25.75,78.99,40.48
41,25.59,78.94,40.48
10,25.67,78.96,40.41
174,25.69,79.03,40.46
99,25.65,78.99,40.47
235,25.64,78.99,40.53
250,25.69,78.95,40.53
23,25.72,78.98,40.4
325,25.81,78.97,40.58
57,25.63,78.88,40.53
10,25.59,78.89,40.44
4,25.66,78.96,40.38
2,25.64,78.87,40.37
4,25.58,78.83,40.45
8,25.94,78.97,40.66
2,25.87,78.87,40.75
112,25.72,78.91,40.53
4,25.63,78.77,40.53
29,25.66,78.86,40.53
75,25.77,78.9,40.6
6,25.75,78.82,40.66
11,25.81,78.87,40.69
2,25.74,78.76,40.68
12,25.69,78.81,40.6
24,25.89,78.97,40.68
273,25.84,78.97,40.61
85,25.75,78.99,40.43
299,25.76,78.96,40.49
2,25.72,78.97,40.33
5,25.87,78.97,40.38
38,25.64,78.9,40.48
179,25.67,78.93,40.51
78,25.68,78.94,40.46
8,25.72,78.96,40.38
460,25.8,78.96,40.51
11,25.64,78.87,40.45
4,25.7,78.91,40.37
5,25.98,78.9,40.67
4,25.98,78.97,40.66
2,25.92,78.97,40.7
2,25.95,78.89,40.7
8,25.94,78.89,40.66
57,25.94,78.97,40.62
11,25.88,78.88,40.68
54,25.7,78.89,40.51
136,25.76,78.9,40.54
14,25.69,78.82,40.53
23,25.75,78.84,40.6
63,25.82,78.89,40.62
3,25.8,78.8,40.68
4,25.74,78.76,40.61
263,25.88,78.97,40.6
42,25.76,78.96,40.43
467,25.83,78.95,40.5
34,25.87,78.96,40.42
3,25.81,78.97,40.35
6,25.87,78.92,40.39
10,25.9,78.96,40.39
23,25.7,78.9,40.45
118,25.79,78.96,40.45
6,25.69,78.82,40.45
4,25.75,78.87,40.37
126,25.92,78.9,40.58
3,25.98,78.86,40.66
3,26.01,78.9,40.66
23,25.97,78.9,40.63
422,25.93,78.97,40.58
258,25.94,78.97,40.59
5,26.01,78.96,40.66
45,25.97,78.97,40.62
4,25.91,78.88,40.7
3,25.95,78.84,40.66
31,25.93,78.89,40.63
4,25.86,78.83,40.68
73,25.87,78.89,40.61
154,25.81,78.9,40.53
94,25.94,78.9,40.59
51,25.92,78.86,40.58
5,25.74,78.76,40.53
44,25.75,78.86,40.53
12,25.8,78.81,40.61
700,25.87,78.96,40.53
5,25.93,78.96,40.38
4,25.92,78.92,40.38
86,25.83,78.96,40.44
26,25.87,78.92,40.42
46,25.9,78.96,40.43
241,25.87,78.96,40.47
139,25.89,78.91,40.47
5,25.81,78.91,40.37
7,25.89,78.91,40.39
5,25.92,78.88,40.39
2,25.74,78.76,40.45
19,25.75,78.87,40.45
2,25.8,78.81,40.37
355,25.92,78.91,40.51
311,25.92,78.9,40.55
3,26.01,78.88,40.66
10,25.98,78.87,40.62
13,26,78.9,40.63
102,25.96,78.9,40.59
832,25.93,78.97,40.54
23,26.01,78.96,40.63
279,25.97,78.96,40.59
10,25.94,78.85,40.63
23,25.86,78.84,40.6
104,25.81,78.89,40.51
217,25.86,78.9,40.54
25,25.94,78.85,40.59
102,25.92,78.87,40.54
22,25.8,78.81,40.53
3,25.85,78.75,40.61
3,25.97,78.82,40.63
227,25.9,78.96,40.46
141,25.92,78.9,40.48
863,25.92,78.97,40.51
77,25.92,78.95,40.44
11,25.95,78.96,40.4
4,25.95,78.9,40.39
3,25.98,78.96,40.38
35,25.81,78.9,40.44
138,25.87,78.91,40.48
82,25.89,78.89,40.46
29,25.89,78.9,40.43
19,25.92,78.88,40.43
3,25.86,78.86,40.37
2,25.94,78.85,40.39
9,25.8,78.81,40.45
2,26.07,78.97,40.62
24,26.04,78.96,40.62
168,26.06,78.97,40.57
127,25.92,78.87,40.51
449,25.95,78.9,40.5
7,25.97,78.82,40.59
3,26,78.84,40.63
371,25.96,78.9,40.55
8,26.01,78.89,40.62
31,25.98,78.87,40.59
48,26,78.9,40.59
851,25.97,78.96,40.55
198,26,78.96,40.59
11,26.09,78.97,40.6
7,25.91,78.8,40.61
61,25.86,78.85,40.53
47,25.94,78.85,40.55
4,25.85,78.75,40.53
57,25.92,78.88,40.47
142,25.95,78.9,40.48
972,25.95,78.96,40.5
278,25.92,78.96,40.47
20,25.95,78.89,40.43
50,25.95,78.95,40.43
2,25.98,78.91,40.38
2,25.97,78.88,40.39
6,26,78.96,40.4
26,25.86,78.86,40.45
7,25.94,78.85,40.43
4,26.11,78.98,40.6
77,26.08,78.97,40.58
4,26.05,78.96,40.63
12,26.07,78.97,40.6
70,26.07,78.97,40.58
4,26.04,78.91,40.62
28,26.06,78.93,40.57
124,26.04,78.96,40.59
599,26.06,78.97,40.56
48,25.94,78.85,40.51
177,25.95,78.89,40.5
529,25.96,78.9,40.52
1125,25.97,78.96,40.51
12,25.97,78.82,40.55
9,26,78.84,40.59
3,26.03,78.87,40.63
26,26.01,78.89,40.59
74,25.97,78.87,40.55
875,26,78.96,40.55
2,26.09,78.93,40.6
13,25.91,78.8,40.53
21,25.94,78.85,40.47
67,25.95,78.89,40.47
285,25.96,78.96,40.47
2,25.97,78.82,40.43
9,25.97,78.88,40.43
40,26,78.96,40.43
2,26,78.9,40.39
2,26.04,78.96,40.39
5,25.91,78.8,40.45
2,26.23,79.01,40.53
3,26.12,78.98,40.59
1850,26.06,78.97,40.54
768,26.08,78.97,40.55
48,26.1,78.98,40.58
8,26.09,78.93,40.58
362,26.09,78.98,40.56
73,26.08,78.94,40.55
46,26.14,78.99,40.56
173,26.14,78.99,40.55
2,26.06,78.89,40.63
4,26.07,78.92,40.6
12,26.07,78.92,40.58
23,26.04,78.91,40.58
60,26.07,78.93,40.56
1062,26.04,78.96,40.55
127,26.07,78.93,40.54
12,25.97,78.82,40.51
83,25.97,78.87,40.51
1311,26,78.96,40.51
2,25.99,78.79,40.55
2,26.02,78.81,40.59
9,26.03,78.87,40.59
17,26,78.84,40.55
69,26.01,78.89,40.55
2,26.09,78.91,40.6
5,26.09,78.91,40.58
68,26.22,79.01,40.53
18,26.22,79.01,40.53
1553,26.22,79.01,40.53
2,26.22,79.01,40.53
311,26.22,79.01,40.53
48,26.22,79.01,40.53
3059,26.22,79.01,40.53
39545,26.22,79.01,40.53
27108,26.21,79.01,40.53
30769,26.21,79.01,40.53
264801,26.21,79.01,40.53
2988,26.22,79.01,40.53
2664,26.22,79.01,40.53
14,26.07,78.97,40.44
2,26.06,78.93,40.43
23,26.04,78.96,40.43
5,26.07,78.93,40.44
6,25.97,78.82,40.47
32,25.97,78.87,40.47
306,26,78.96,40.47
2,26,78.84,40.43
10,26,78.9,40.43
35166,26.24,79.01,40.52
25338,26.21,79.01,40.53
98435,26.21,79.01,40.53
4445,26.21,79.01,40.53
17113,26.21,79.01,40.53
159992,26.2,79.01,40.52
5,26.21,79,40.54
453,26.21,79.01,40.53
274,26.22,79.01,40.53
2,26.22,79.01,40.53
4,26.22,79.01,40.53
152,26.22,79.01,40.53
28,26.22,79.01,40.53
9,26.23,79.01,40.53
5,26.23,79.01,40.53
3,26.23,79.01,40.53
6064,26.24,79.01,40.52
51256,26.24,79.01,40.52
285,26.24,79.01,40.52
3,26.24,79.01,40.52
7677,26.24,79.01,40.52
40904,26.24,79.01,40.52
18,26.12,78.98,40.58
24,26.13,78.99,40.56
259,26.13,78.99,40.55
3115,26.06,78.97,40.52
2161,26.08,78.98,40.54
3,26.1,78.92,40.58
4,26.11,78.94,40.58
423,26.1,78.98,40.56
31,26.09,78.93,40.56
186,26.08,78.94,40.54
224,26.15,78.99,40.55
6,26.13,78.98,40.57
12,26.15,78.99,40.56
1112,26.14,78.99,40.54
12,26.14,78.97,40.55
8,26.06,78.9,40.59
28,26.07,78.92,40.56
87,26.04,78.91,40.55
1941,26.03,78.97,40.51
50,26.07,78.92,40.54
186,26.06,78.93,40.52
2,25.99,78.79,40.51
19,26,78.84,40.51
99,26.01,78.9,40.51
2,26.05,78.84,40.59
3,26.02,78.81,40.55
21,26.03,78.87,40.55
2,26.1,78.89,40.58
10,26.09,78.91,40.56
6,26.22,79.01,40.53
75,26.22,79.01,40.53
590,26.22,79.01,40.53
22064,26.22,79.01,40.53
34,26.22,79.01,40.53
132,26.22,79.01,40.53
1472,26.22,79.01,40.53
11651,26.22,79.01,40.53
10,26.22,79.01,40.53
25,26.22,79.01,40.53
451,26.22,79.01,40.53
2163,26.22,79.01,40.53
5,26.23,79.01,40.53
63,26.23,79.01,40.53
3,26.22,79.01,40.53
62,26.23,79.01,40.53
4684,26.23,79.01,40.53
271,26.22,79.01,40.53
445,26.22,79.01,40.53
12775,26.22,79.01,40.53
19021,26.22,79.01,40.53
261469,26.21,79.01,40.52
204978,26.21,79.01,40.53
428309,26.21,79.01,40.52
387410,26.21,79.01,40.53
18255,26.22,79.01,40.53
177376,26.22,79.01,40.53
15123,26.22,79.01,40.53
32139,26.22,79.01,40.53
136854,26.22,79.01,40.53
1967,26.21,79.01,40.53
3855,26.21,79.01,40.53
1624,26.22,79.01,40.53
12699,26.21,79.01,40.53
22384,26.21,79.01,40.53
99258,26.21,79.01,40.53
135382,26.21,79.01,40.53
17295,26.21,79.01,40.53
12668,26.21,79.01,40.53
25249,26.21,79.01,40.53
134589,26.21,79.01,40.53
232067,26.21,79.01,40.53
231821,26.21,79.01,40.53
389761,26.21,79.01,40.52
301468,26.21,79.01,40.53
503644,26.21,79.01,40.52
112257,26.2,79.01,40.52
138033,26.2,79.01,40.52
2456,26.22,79.01,40.53
997,26.22,79.01,40.53
1851,26.22,79.01,40.53
318,26.22,79.01,40.53
607,26.06,78.97,40.48
3,26.08,78.94,40.44
20,26.08,78.97,40.44
100,26.06,78.97,40.46
6,26.09,78.97,40.44
7,26.04,78.91,40.43
334,26.03,78.97,40.47
3,26.07,78.92,40.44
14,26.07,78.93,40.46
8,26,78.84,40.47
41,26,78.9,40.47
3,26.03,78.87,40.43
65901,26.23,79.01,40.52
1010,26.23,79.01,40.53
3,26.23,79.01,40.53
13,26.23,79.01,40.53
51941,26.23,79.01,40.53
2,26.23,79.01,40.53
21,26.23,79.01,40.53
7761,26.23,79.01,40.53
210848,26.23,79.01,40.52
980,26.23,79.01,40.52
17230,26.23,79.01,40.52
159175,26.24,79.01,40.52
383728,26.24,79.01,40.52
184952,26.24,79.01,40.52
272803,26.24,79.01,40.52
4,26.24,79.01,40.52
3425,26.24,79.01,40.52
12711,26.24,79.01,40.52
89,26.24,79.01,40.52
700,26.24,79.01,40.52
131083,26.24,79.01,40.51
40901,26.24,79.01,40.52
581,26.2,79,40.53
106887,26.2,79.01,40.53
166,26.21,79,40.53
67142,26.21,79.01,40.53
117788,26.21,79.01,40.53
78146,26.21,79.01,40.53
144888,26.21,79.01,40.53
165593,26.21,79.01,40.53
17873,26.21,79.01,40.53
20245,26.21,79.01,40.53
13203,26.21,79.01,40.53
5572,26.21,79.01,40.53
2704,26.21,79.01,40.53
68,26.21,79.01,40.53
268,26.21,79.01,40.53
2,26.21,79,40.54
9,26.21,79,40.54
78546,26.21,79.01,40.53
77453,26.21,79.01,40.53
4301,26.21,79,40.53
1321,26.21,79.01,40.53
15660,26.21,79.01,40.53
190859,26.2,79.01,40.52
222579,26.2,79.01,40.52
226447,26.2,79.01,40.52
126525,26.2,79.01,40.52
80802,26.2,79,40.52
162658,26.2,79.01,40.52
147154,26.2,79.01,40.52
186192,26.2,79.01,40.52
272509,26.2,79.01,40.52
223596,26.21,79.01,40.52
544636,26.21,79.01,40.52
344306,26.21,79.01,40.52
172534,26.21,79.01,40.52
208896,26.21,79.01,40.52
279943,26.2,79.01,40.52
313309,26.2,79.01,40.52
461669,26.2,79.01,40.52
388427,26.2,79.01,40.52
589008,26.21,79.01,40.52
2,26.21,79,40.54
49,26.2,79,40.54
38,26.2,79,40.54
8,26.2,79,40.54
3,26.21,79,40.54
34,26.21,79,40.54
17,26.21,79,40.54
3114,26.2,79,40.53
211,26.2,79,40.53
139,26.2,79,40.53
11712,26.2,79,40.53
56735,26.2,79.01,40.53
90701,26.2,79.01,40.53
18196,26.2,79,40.53
21,26.21,79.01,40.53
30,26.21,79.01,40.53
27,26.21,79.01,40.53
12,26.22,79.01,40.53
623,26.21,79,40.53
108,26.21,79.01,40.53
130,26.21,79.01,40.53
286,26.22,79.01,40.53
60,26.22,79.01,40.53
4,26.22,79.01,40.53
3,26.22,79.01,40.53
9,26.22,79.01,40.53
19,26.22,79.01,40.53
174,26.22,79.01,40.53
22,26.22,79.01,40.53
65,26.22,79.01,40.53
3,26.22,79,40.53
5,26.22,79,40.53
2,26.22,79,40.53
16,26.23,79.01,40.53
38,26.23,79.01,40.53
64,26.24,79.01,40.52
5901,26.24,79.01,40.52
780,26.24,79.01,40.52
25522,26.24,79.01,40.52
418,26.24,79.01,40.52
7,26.24,79.01,40.52
26,26.24,79.01,40.52
142671,26.24,79.01,40.52
237286,26.24,79.01,40.52
6738,26.24,79.01,40.52
20325,26.24,79.01,40.52
57,26.2,79,40.54
396,26.2,79,40.53
99,26.19,79,40.54
2367,26.06,78.97,40.5
141,26.06,78.93,40.5
2,26.12,78.95,40.58
3,26.13,78.96,40.56
16,26.13,78.96,40.55
298,26.12,78.98,40.56
1256,26.13,78.99,40.54
4028,26.08,78.98,40.52
2786,26.09,78.98,40.53
4170,26.13,78.99,40.53
18,26.09,78.91,40.54
2,26.12,78.93,40.58
9,26.1,78.92,40.56
25,26.11,78.94,40.56
2134,26.1,78.98,40.54
70,26.09,78.93,40.54
301,26.08,78.94,40.52
267,26.09,78.95,40.53
4443,26.14,78.99,40.53
9554,26.14,78.99,40.52
6,26.21,79,40.54
10,26.15,78.99,40.56
5,26.16,78.99,40.56
54,26.15,78.99,40.55
13,26.15,78.97,40.55
889,26.15,78.99,40.54
1295,26.16,78.99,40.54
55,26.16,78.99,40.55
4683,26.15,78.99,40.53
2,26.15,78.96,40.56
61,26.14,78.97,40.54
8,26.15,78.96,40.55
25,26.06,78.89,40.55
137,26.04,78.92,40.51
65,26.07,78.92,40.52
3,26.02,78.81,40.51
4,26.05,78.84,40.55
26,26.03,78.87,40.51
4,26.1,78.89,40.56
32,26.22,79.01,40.53
98,26.22,79.01,40.53
623,26.22,79.01,40.53
9277,26.22,79.01,40.53
30711,26.22,79.01,40.53
128957,26.22,79.01,40.53
15,26.22,79.01,40.53
245,26.22,79.01,40.53
2343,26.22,79.01,40.53
26854,26.22,79.01,40.53
6,26.22,79.01,40.53
113,26.22,79.01,40.53
7417,26.22,79.01,40.53
2,26.23,79.01,40.53
10,26.23,79.01,40.53
225,26.23,79.01,40.53
52781,26.23,79.01,40.53
35,26.22,79.01,40.53
1292,26.23,79.01,40.53
179066,26.23,79.01,40.53
4677,26.22,79.01,40.53
277782,26.22,79.01,40.53
438125,26.22,79.01,40.53
251409,26.21,79.01,40.53
189000,26.21,79.01,40.52
149097,26.21,79.01,40.53
311424,26.21,79.01,40.52
403336,26.21,79.01,40.52
401946,26.21,79.01,40.52
534245,26.21,79.01,40.52
583646,26.21,79.01,40.52
637170,26.2,79.01,40.51
317898,26.21,79.01,40.53
505874,26.21,79.01,40.53
11367,26.22,79.01,40.53
18068,26.22,79.01,40.53
121931,26.22,79.01,40.53
210240,26.22,79.01,40.53
327591,26.21,79.01,40.53
14834,26.22,79.01,40.53
128894,26.22,79.01,40.53
260278,26.22,79.01,40.53
2275,26.21,79.01,40.53
1073,26.21,79.01,40.53
3136,26.21,79.01,40.53
1587,26.22,79.01,40.53
13521,26.21,79.01,40.53
77838,26.21,79.01,40.53
101976,26.21,79.01,40.53
122173,26.21,79.01,40.53
16133,26.21,79.01,40.53
13956,26.21,79.01,40.53
123648,26.21,79.01,40.53
174919,26.21,79.01,40.53
366666,26.21,79.01,40.52
440307,26.21,79.01,40.53
284113,26.21,79.01,40.53
529585,26.21,79.01,40.52
139039,26.2,79.01,40.52
158693,26.2,79.01,40.52
98128,26.2,79.01,40.52
120768,26.2,79.01,40.52
90563,26.2,79.01,40.52
195519,26.2,79.01,40.52
177480,26.2,79.01,40.52
206417,26.2,79.01,40.52
252237,26.2,79.01,40.52
234180,26.2,79.01,40.52
161323,26.2,79.01,40.52
185715,26.2,79.01,40.52
47380,26.2,79,40.52
112633,26.2,79.01,40.53
59663,26.2,79,40.52
1029,26.22,79.01,40.53
629,26.22,79.01,40.53
50,26.06,78.93,40.48
731,26.08,78.98,40.48
13,26.08,78.94,40.46
2,26.09,78.93,40.44
92,26.08,78.98,40.46
6,26.1,78.98,40.44
2,26.06,78.9,40.43
39,26.04,78.92,40.47
9,26.07,78.92,40.46
11,26.03,78.87,40.47
27916,26.23,79.01,40.52
743,26.23,79.01,40.53
267062,26.23,79.01,40.52
9,26.23,79.01,40.53
256,26.23,79.01,40.53
19037,26.23,79.01,40.53
6,26.23,79,40.53
60,26.23,79.01,40.53
3615,26.23,79.01,40.53
124365,26.23,79.01,40.53
94930,26.23,79.01,40.52
440794,26.23,79.01,40.52
609494,26.23,79.01,40.52
486997,26.23,79.01,40.52
893,26.23,79.01,40.52
5851,26.23,79.01,40.52
60802,26.23,79.01,40.52
159913,26.23,79.01,40.52
317854,26.24,79.01,40.52
57749,26.24,79.01,40.52
389156,26.24,79.01,40.52
247569,26.24,79.01,40.52
100516,26.24,79.01,40.52
344256,26.24,79.01,40.52
212473,26.24,79.01,40.52
19,26.24,79.01,40.52
2,26.24,79.01,40.52
34,26.24,79.01,40.52
4027,26.24,79.01,40.52
157,26.24,79.01,40.52
10599,26.24,79.01,40.52
155,26.24,79.01,40.52
13,26.24,79.01,40.52
696,26.24,79.01,40.52
200623,26.24,79.01,40.51
81504,26.24,79.01,40.51
412,26.24,79.01,40.51
199823,26.24,79.01,40.51
207635,26.24,79.01,40.51
519,26.24,79.01,40.52
17537,26.24,79.01,40.52
231581,26.24,79.01,40.51
250230,26.24,79.01,40.51
2,26.2,79,40.54
2,26.2,79,40.54
12,26.2,79,40.54
67,26.2,79,40.54
195,26.2,79,40.53
731,26.2,79,40.53
1928,26.2,79,40.53
37579,26.19,79,40.53
46192,26.2,79,40.53
12033,26.2,79,40.53
60662,26.19,79,40.52
73122,26.2,79,40.52
89815,26.19,79,40.52
143736,26.2,79.01,40.52
15063,26.19,79,40.53
2370,26.2,79,40.53
10395,26.2,79,40.53
64756,26.19,79,40.52
76077,26.19,79,40.52
52094,26.2,79,40.53
101502,26.21,79.01,40.53
54323,26.21,79.01,40.53
3362,26.21,79.01,40.53
17136,26.21,79.01,40.53
49,26.21,79,40.53
448,26.21,79,40.53
652,26.21,79.01,40.53
37409,26.21,79,40.53
55608,26.21,79.01,40.53
59169,26.21,79,40.53
67989,26.21,79.01,40.53
53024,26.21,79.01,40.53
86503,26.21,79.01,40.53
134469,26.21,79.01,40.53
99944,26.21,79.01,40.53
15174,26.21,79,40.53
13352,26.21,79,40.53
5227,26.21,79,40.53
1914,26.21,79.01,40.53
899,26.21,79.01,40.53
468,26.21,79.01,40.53
3344,26.21,79,40.53
32,26.21,79.01,40.53
239,26.21,79,40.53
55,26.21,79.01,40.53
239,26.21,79.01,40.53
568,26.21,79,40.53
38,26.21,79.01,40.53
14,26.21,79,40.54
74,26.21,79,40.54
6,26.21,79,40.54
54828,26.21,79.01,40.53
2424,26.21,79,40.53
11013,26.21,79,40.53
100846,26.2,79,40.52
121134,26.2,79.01,40.52
168884,26.2,79.01,40.52
139114,26.2,79.01,40.52
230144,26.2,79.01,40.52
52471,26.2,79,40.52
67897,26.2,79,40.52
70628,26.2,79,40.52
95907,26.2,79,40.52
334812,26.21,79.01,40.52
428517,26.21,79.01,40.52
573142,26.21,79.01,40.52
226705,26.21,79.01,40.52
137836,26.21,79.01,40.52
274321,26.21,79.01,40.52
346009,26.21,79.01,40.52
273610,26.21,79.01,40.52
260173,26.21,79.01,40.52
430727,26.21,79.01,40.52
85123,26.21,79,40.52
125949,26.21,79.01,40.52
345240,26.2,79.01,40.52
294035,26.2,79.01,40.52
182622,26.2,79.01,40.52
425785,26.2,79.01,40.52
320171,26.2,79.01,40.52
357167,26.2,79.01,40.52
205709,26.2,79.01,40.52
510801,26.2,79.01,40.52
552332,26.2,79.01,40.52
633109,26.21,79.01,40.52
371081,26.2,79.01,40.52
399704,26.21,79.01,40.52
302813,26.2,79.01,40.52
539839,26.21,79.01,40.52
610982,26.21,79.01,40.52
487824,26.21,79.01,40.52
375881,26.2,79.01,40.52
481545,26.2,79.01,40.52
513307,26.2,79.01,40.51
14,26.21,79,40.54
177,26.2,79,40.54
180,26.2,79,40.54
22,26.2,79,40.54
36,26.21,79,40.54
17,26.21,79,40.54
82,26.21,79,40.54
2108,26.2,79,40.53
812,26.2,79,40.53
473,26.2,79,40.53
427,26.2,79,40.53
1109,26.2,79,40.53
5449,26.2,79,40.53
49880,26.2,79,40.53
60838,26.2,79.01,40.53
49654,26.2,79.01,40.53
25241,26.2,79,40.53
36914,26.2,79,40.53
7972,26.2,79,40.53
8019,26.2,79.01,40.53
5,26.19,79,40.55
85,26.18,79,40.54
269,26.18,79,40.54
28,26.17,79,40.55
48,26.18,79,40.55
381,26.17,79,40.54
4862,26.16,78.99,40.53
4,26.21,79,40.54
138,26.21,79,40.53
13,26.21,79.01,40.53
135,26.21,79,40.53
15,26.21,79.01,40.53
13,26.21,79.01,40.53
108,26.21,79,40.53
5,26.22,79.01,40.53
54,26.22,79,40.53
359,26.21,79,40.53
268,26.21,79,40.53
162,26.22,79,40.53
11,26.22,79,40.53
2,26.22,79.01,40.53
6,26.21,79.01,40.53
3,26.23,79,40.53
23,26.22,79,40.53
3,26.22,79,40.53
6,26.22,79,40.53
12,26.22,79,40.53
91,26.22,79,40.53
52,26.22,79,40.53
5,26.22,79,40.53
2,26.22,79,40.53
9,26.22,79,40.53
3,26.22,79,40.53
5,26.22,79,40.53
29,26.23,79.01,40.53
2,26.23,79.01,40.53
47,26.23,79.01,40.53
3,26.23,79.01,40.53
3,26.23,79,40.53
2,26.23,79,40.53
129,26.24,79.01,40.52
3262,26.24,79.01,40.52
871,26.24,79.01,40.52
13665,26.24,79.01,40.52
338,26.23,79.01,40.52
18,26.24,79,40.52
39,26.23,79.01,40.52
2,26.24,79,40.52
40584,26.24,79.01,40.52
86324,26.24,79.01,40.52
4270,26.24,79.01,40.52
10668,26.24,79.01,40.52
22,26.19,79,40.55
23,26.19,79,40.54
3,26.2,79,40.55
2342,26.18,79,40.53
154,26.18,79,40.54
94,26.19,79,40.54
451,26.19,79,40.54
286,26.2,79,40.54
74,26.2,79,40.54
618,26.2,79,40.53
97,26.19,79,40.54
17,26.2,79,40.54
8077,26.18,79,40.53
51287,26.19,79,40.52
44436,26.19,79,40.52
32939,26.19,79,40.53
11196,26.19,79,40.53
55479,26.19,79,40.52
64745,26.19,79,40.52
6,26.1,78.89,40.54
3,26.12,78.9,40.56
3073,26.08,78.98,40.5
52,26.07,78.92,40.5
221,26.08,78.94,40.5
2,26.14,78.96,40.56
8,26.14,78.96,40.55
18,26.12,78.96,40.56
66,26.13,78.96,40.54
5330,26.1,78.98,40.52
2524,26.12,78.98,40.54
369,26.13,78.97,40.53
8123,26.13,78.99,40.52
23,26.09,78.91,40.52
20,26.1,78.92,40.54
8,26.12,78.93,40.56
99,26.09,78.93,40.52
112,26.1,78.95,40.54
457,26.09,78.95,40.52
10326,26.13,78.99,40.51
158,26.13,78.96,40.53
240,26.14,78.97,40.53
9337,26.14,78.99,40.52
1013,26.14,78.97,40.52
12487,26.14,78.99,40.51
6,26.21,79,40.54
2,26.21,79,40.54
8,26.16,78.97,40.55
78,26.15,78.97,40.54
113,26.16,78.98,40.54
356,26.16,78.99,40.54
6,26.16,78.98,40.55
292,26.15,78.98,40.53
11249,26.15,78.99,40.52
3,26.15,78.95,40.55
25,26.15,78.96,40.54
2,26.15,78.96,40.55
4,26.05,78.84,40.51
4,26.08,78.86,40.55
34,26.06,78.89,40.51
28,26.22,79,40.53
288,26.22,79.01,40.53
14476,26.22,79.01,40.53
277771,26.22,79.01,40.53
14,26.22,79,40.53
148,26.22,79.01,40.53
5902,26.22,79.01,40.53
250404,26.22,79.01,40.53
7,26.22,79,40.53
58,26.22,79.01,40.53
3167,26.22,79.01,40.53
167066,26.22,79.01,40.53
21,26.23,79.01,40.53
319,26.23,79.01,40.53
19401,26.23,79.01,40.53
259558,26.23,79.01,40.53
1075,26.22,79.01,40.53
63394,26.23,79.01,40.53
466920,26.23,79.01,40.53
124441,26.22,79.01,40.53
568329,26.22,79.01,40.53
681081,26.22,79.01,40.53
147400,26.21,79.01,40.52
104619,26.21,79.01,40.53
233132,26.21,79.01,40.52
310060,26.21,79.01,40.52
571525,26.21,79.01,40.52
665433,26.21,79.01,40.52
640769,26.21,79.01,40.52
710462,26.21,79.01,40.52
599161,26.2,79.01,40.52
740254,26.2,79.01,40.51
348102,26.21,79.01,40.53
756685,26.21,79.01,40.52
11185,26.22,79.01,40.53
140743,26.22,79.01,40.53
592148,26.22,79.01,40.53
9285,26.22,79.01,40.53
129305,26.22,79.01,40.53
630497,26.22,79.01,40.53
1790,26.21,79,40.53
1653,26.21,79.01,40.53
1125,26.22,79.01,40.53
8648,26.21,79,40.53
50869,26.21,79.01,40.53
11365,26.21,79.01,40.53
81665,26.21,79.01,40.53
8604,26.22,79.01,40.53
77273,26.21,79.01,40.53
257899,26.21,79.01,40.52
97494,26.21,79.01,40.53
182489,26.21,79.01,40.53
459089,26.21,79.01,40.52
603026,26.21,79.01,40.52
312625,26.21,79.01,40.52
529932,26.21,79.01,40.52
609535,26.21,79.01,40.52
175325,26.2,79.01,40.52
190762,26.2,79.01,40.52
132057,26.2,79.01,40.52
151916,26.2,79.01,40.52
165877,26.2,79.01,40.52
120323,26.2,79.01,40.52
63144,26.2,79,40.52
143784,26.2,79.01,40.52
70437,26.2,79,40.52
31023,26.2,79,40.52
91935,26.2,79.01,40.52
34846,26.2,79,40.52
43591,26.2,79,40.52
225785,26.2,79.01,40.52
210929,26.2,79.01,40.52
277013,26.2,79.01,40.52
257487,26.2,79.01,40.52
94659,26.2,79,40.52
84650,26.2,79,40.52
114100,26.2,79,40.52
215667,26.2,79.01,40.52
140765,26.2,79.01,40.52
131304,26.2,79.01,40.52
73167,26.2,79,40.52
85796,26.2,79,40.52
27521,26.2,79,40.52
33325,26.2,79,40.52
38388,26.2,79,40.52
47244,26.2,79,40.52
212521,26.2,79.01,40.51
202339,26.2,79.01,40.52
248400,26.2,79.01,40.51
402597,26.2,79.01,40.51
240952,26.2,79.01,40.52
297222,26.2,79.01,40.52
710,26.22,79,40.53
379,26.22,79,40.53
1265,26.09,78.98,40.48
25,26.07,78.92,40.48
63,26.08,78.94,40.48
4,26.09,78.91,40.46
8,26.09,78.93,40.46
2,26.12,78.98,40.44
74,26.1,78.98,40.46
2,26.05,78.84,40.47
13,26.06,78.89,40.47
8611,26.23,79.01,40.52
10,26.23,79,40.53
543,26.23,79.01,40.53
92377,26.23,79.01,40.52
5,26.23,79,40.53
17,26.23,79,40.53
290,26.23,79.01,40.53
10273,26.23,79.01,40.53
279186,26.23,79.01,40.52
15,26.23,79,40.53
90,26.23,79,40.53
2118,26.23,79.01,40.53
35557,26.23,79.01,40.53
31578,26.23,79.01,40.52
188259,26.23,79.01,40.52
226045,26.23,79.01,40.52
568134,26.23,79.01,40.52
335922,26.23,79.01,40.52
448006,26.23,79.01,40.52
240469,26.23,79.01,40.52
635501,26.23,79.01,40.52
515085,26.23,79.01,40.52
587,26.23,79.01,40.52
3200,26.23,79.01,40.52
20821,26.23,79.01,40.52
52119,26.23,79.01,40.52
143895,26.23,79.01,40.52
22226,26.24,79.01,40.52
373267,26.24,79.01,40.52
184194,26.23,79.01,40.52
94875,26.24,79.01,40.52
38268,26.24,79.01,40.52
436898,26.24,79.01,40.52
324090,26.24,79.01,40.52
137473,26.24,79.01,40.52
309842,26.24,79.01,40.51
77674,26.24,79.01,40.52
36,26.24,79,40.52
3,26.24,79,40.52
6,26.24,79,40.52
79,26.24,79.01,40.52
2653,26.24,79.01,40.52
237,26.24,79.01,40.52
6547,26.24,79.01,40.52
7,26.24,79,40.52
187,26.24,79,40.52
29,26.24,79,40.52
638,26.24,79,40.52
72799,26.24,79.01,40.51
27249,26.24,79.01,40.51
218936,26.24,79.01,40.51
1312,26.24,79.01,40.51
84579,26.24,79.01,40.51
3,26.24,79.01,40.51
2346,26.24,79.01,40.51
238593,26.24,79.01,40.51
111235,26.24,79.01,40.51
5081,26.24,79.01,40.51
7,26.24,79.01,40.52
529,26.24,79.01,40.52
8502,26.24,79.01,40.52
252694,26.24,79.01,40.51
237471,26.24,79.01,40.51
129946,26.24,79.01,40.51
7526,26.24,79.01,40.51
155666,26.24,79.01,40.51
9380,26.24,79.01,40.51
15,26.2,79,40.54
6,26.2,79,40.54
13,26.2,79,40.54
44,26.2,79,40.54
191,26.2,79,40.54
492,26.2,79,40.53
1642,26.2,79,40.53
8381,26.19,79,40.53
12498,26.2,79,40.53
41509,26.2,79,40.53
4192,26.2,79,40.53
13295,26.19,79,40.52
77559,26.19,79,40.52
20257,26.2,79,40.52
94807,26.2,79,40.52
95414,26.19,79,40.52
28907,26.19,79,40.52
103225,26.19,79,40.52
153844,26.2,79.01,40.52
163630,26.2,79.01,40.52
112204,26.2,79.01,40.52
58575,26.2,79,40.52
113259,26.19,79,40.51
172670,26.2,79.01,40.52
180826,26.2,79.01,40.51
7474,26.19,79,40.53
4547,26.19,79,40.53
1460,26.2,79,40.53
3215,26.2,79,40.53
16864,26.19,79,40.52
67410,26.19,79,40.52
20566,26.19,79,40.52
85393,26.19,79,40.52
93101,26.19,79,40.51
41883,26.21,79,40.53
10706,26.2,79.01,40.53
26357,26.21,79,40.53
4492,26.21,79,40.53
12280,26.21,79,40.53
248,26.21,79,40.53
1293,26.21,79,40.53
27351,26.21,79,40.53
42226,26.21,79,40.53
38513,26.21,79,40.53
36329,26.21,79,40.53
66295,26.21,79,40.53
61652,26.21,79,40.53
2522,26.21,79,40.53
10702,26.21,79,40.53
8445,26.21,79,40.53
1448,26.21,79,40.53
223,26.21,79.01,40.53
3297,26.21,79,40.53
1056,26.21,79,40.53
164,26.21,79,40.53
233,26.21,79,40.53
666,26.21,79,40.53
487,26.21,79,40.53
190,26.21,79,40.53
15,26.21,79,40.53
8,26.21,79,40.54
39,26.21,79,40.54
30702,26.21,79,40.53
1882,26.21,79,40.53
6444,26.21,79,40.53
80482,26.2,79,40.52
90281,26.2,79,40.52
140362,26.2,79.01,40.52
119143,26.2,79.01,40.52
38324,26.2,79,40.52
45559,26.2,79,40.52
57946,26.21,79,40.52
70350,26.21,79,40.52
214655,26.21,79.01,40.52
335661,26.21,79.01,40.52
393162,26.21,79.01,40.52
110952,26.21,79.01,40.52
175075,26.21,79.01,40.52
347211,26.21,79.01,40.52
260701,26.21,79.01,40.52
170269,26.21,79.01,40.52
179275,26.21,79.01,40.52
347790,26.21,79.01,40.52
54360,26.21,79,40.52
89045,26.21,79,40.52
234033,26.2,79.01,40.52
159534,26.2,79.01,40.52
204702,26.2,79.01,40.52
448563,26.2,79.01,40.52
342764,26.2,79.01,40.52
238651,26.2,79.01,40.52
398710,26.2,79.01,40.52
155772,26.2,79.01,40.52
432506,26.2,79.01,40.52
483772,26.2,79.01,40.52
697571,26.21,79.01,40.52
736694,26.21,79.01,40.52
270291,26.21,79.01,40.52
251013,26.21,79.01,40.52
465318,26.21,79.01,40.52
410389,26.21,79.01,40.52
538086,26.2,79.01,40.51
560722,26.2,79.01,40.51
260617,26.2,79.01,40.52
392537,26.2,79.01,40.52
445005,26.2,79.01,40.51
5,26.2,79,40.54
7,26.21,79,40.54
3,26.21,79,40.54
115,26.2,79,40.54
22,26.21,79,40.54
100,26.2,79,40.54
10,26.21,79,40.54
53,26.21,79,40.54
307,26.2,79,40.53
1418,26.2,79,40.53
294,26.2,79,40.53
1444,26.2,79,40.53
3881,26.2,79,40.53
12740,26.2,79,40.53
19571,26.2,79,40.53
20756,26.2,79,40.53
28847,26.2,79,40.53
5341,26.2,79,40.53
6,26.19,78.99,40.55
3,26.18,79,40.55
31,26.18,78.99,40.54
24,26.18,79,40.55
91,26.18,78.99,40.54
1747,26.18,79,40.54
8249,26.18,79,40.53
4,26.17,78.98,40.55
29,26.18,78.99,40.54
91,26.18,78.99,40.54
434,26.17,79,40.54
2042,26.17,79,40.54
7671,26.17,79,40.53
6772,26.16,79,40.53
18253,26.17,79,40.52
25365,26.17,79,40.52
464,26.16,78.98,40.53
15205,26.15,78.99,40.51
13856,26.16,79,40.52
2,26.21,79,40.54
32,26.21,79,40.54
2,26.21,79,40.54
5,26.21,79,40.54
4,26.22,79,40.54
5,26.22,79,40.54
176,26.21,79,40.53
493,26.21,79,40.53
78,26.21,79,40.53
112,26.21,79,40.53
67,26.21,79,40.53
38,26.22,79,40.53
350,26.21,79,40.53
234,26.21,79,40.53
143,26.22,79,40.53
3,26.22,79.01,40.53
11,26.22,79,40.53
50,26.21,79,40.53
17,26.22,79,40.53
8,26.22,79,40.53
21,26.22,79,40.53
2,26.23,79,40.53
3,26.23,79,40.53
10,26.23,79,40.53
4,26.23,79,40.53
25,26.22,79,40.53
6,26.22,79,40.53
10,26.22,79,40.53
15,26.22,79,40.53
93,26.22,79,40.53
58,26.22,79,40.53
3,26.22,79,40.53
5,26.22,79,40.53
2,26.22,79,40.53
3,26.22,79,40.53
14,26.22,79,40.53
5,26.22,79,40.53
9,26.22,79,40.53
41,26.23,79,40.53
5,26.23,79,40.53
53,26.23,79,40.53
7,26.23,79,40.53
3,26.23,79,40.53
3,26.23,79,40.53
7,26.23,79,40.53
11,26.23,79,40.53
147,26.24,79,40.52
2029,26.23,79.01,40.52
765,26.24,79,40.52
7162,26.23,79.01,40.52
312,26.23,79,40.52
30,26.24,79,40.52
53,26.23,79,40.52
5,26.24,79,40.52
3,26.24,79,40.52
15749,26.24,79.01,40.52
30973,26.24,79.01,40.52
2574,26.24,79,40.52
5742,26.24,79,40.52
18,26.19,78.99,40.54
20,26.19,78.99,40.54
4,26.19,79,40.55
2,26.19,78.99,40.55
8,26.2,78.99,40.54
477,26.18,78.99,40.53
791,26.18,79,40.54
72,26.19,78.99,40.54
69,26.19,78.99,40.54
912,26.19,79,40.54
374,26.19,79,40.53
203,26.2,79,40.54
455,26.2,79,40.53
45,26.2,78.99,40.54
1376,26.18,78.99,40.53
24698,26.18,79,40.53
44762,26.19,79,40.52
9245,26.19,79,40.52
30506,26.19,79,40.53
9324,26.19,79,40.52
5697,26.19,79,40.53
29393,26.19,79,40.53
2178,26.19,79,40.53
5826,26.19,79,40.53
37150,26.18,79,40.52
71984,26.19,79,40.52
78013,26.19,79,40.51
47588,26.19,79,40.52
12067,26.19,79,40.52
14169,26.19,79,40.52
7,26.1,78.89,40.52
6,26.12,78.9,40.54
2,26.13,78.92,40.56
4146,26.1,78.98,40.5
5821,26.13,78.99,40.49
19,26.09,78.91,40.5
77,26.09,78.93,40.5
337,26.09,78.95,40.5
9624,26.13,78.99,40.5
6,26.13,78.94,40.56
23,26.14,78.96,40.54
138,26.12,78.96,40.54
7062,26.11,78.99,40.52
716,26.13,78.97,40.52
26,26.1,78.92,40.52
177,26.1,78.95,40.52
22,26.12,78.93,40.54
47,26.14,78.96,40.53
821,26.13,78.97,40.51
247,26.13,78.96,40.52
11919,26.14,78.99,40.5
64,26.15,78.96,40.53
1205,26.14,78.97,40.51
471,26.14,78.97,40.52
7457,26.14,78.99,40.5
2,26.16,78.96,40.55
31,26.16,78.97,40.54
2,26.17,78.97,40.55
43,26.16,78.98,40.54
90,26.16,78.97,40.53
663,26.15,78.98,40.52
6,26.15,78.95,40.54
7,26.15,78.96,40.54
5,26.08,78.86,40.51
2,26.11,78.88,40.52
35,26.22,79,40.53
204,26.22,79,40.53
4451,26.22,79.01,40.53
105157,26.22,79.01,40.53
581102,26.22,79.01,40.53
20,26.22,79,40.53
97,26.22,79,40.53
2279,26.22,79.01,40.53
77499,26.22,79.01,40.53
466795,26.22,79.01,40.53
42,26.22,79,40.53
922,26.22,79.01,40.53
38504,26.22,79.01,40.53
370000,26.22,79.01,40.53
383283,26.23,79.01,40.52
361,26.23,79.01,40.53
8764,26.23,79.01,40.53
103731,26.23,79.01,40.53
480295,26.23,79.01,40.52
18173,26.22,79.01,40.53
228862,26.23,79.01,40.53
597810,26.22,79.01,40.52
306858,26.22,79.01,40.53
704933,26.22,79.01,40.52
427966,26.23,79.01,40.52
522859,26.23,79.01,40.52
81056,26.21,79,40.52
55174,26.21,79,40.53
139960,26.21,79.01,40.52
166186,26.21,79.01,40.52
360155,26.21,79.01,40.52
416855,26.21,79.01,40.52
371241,26.21,79.01,40.52
689762,26.21,79.01,40.52
418779,26.21,79.01,40.52
741553,26.21,79.01,40.52
659242,26.21,79.01,40.52
705894,26.21,79.01,40.52
521484,26.2,79.01,40.52
766954,26.21,79.01,40.52
767557,26.2,79.01,40.51
532740,26.2,79.01,40.51
787054,26.21,79.01,40.51
780920,26.2,79.01,40.51
171207,26.21,79.01,40.53
460890,26.21,79.01,40.52
813634,26.21,79.01,40.52
6239,26.22,79,40.53
60903,26.22,79.01,40.53
355927,26.22,79.01,40.53
738994,26.22,79.01,40.52
628005,26.22,79.01,40.52
3294,26.22,79,40.53
718898,26.22,79.01,40.52
44896,26.22,79.01,40.53
309045,26.22,79.01,40.53
635129,26.22,79.01,40.52
1355,26.21,79,40.53
1246,26.21,79,40.53
817,26.22,79,40.53
4693,26.21,79,40.53
24482,26.21,79,40.53
6312,26.21,79,40.53
42395,26.21,79.01,40.53
4361,26.22,79,40.53
31573,26.22,79.01,40.53
129244,26.21,79.01,40.52
48809,26.21,79,40.53
88351,26.21,79.01,40.53
240206,26.21,79.01,40.52
326919,26.21,79.01,40.52
148684,26.21,79.01,40.52
263293,26.21,79.01,40.52
526212,26.21,79.01,40.52
607495,26.21,79.01,40.52
333131,26.21,79.01,40.52
528517,26.21,79.01,40.52
609703,26.21,79.01,40.52
84688,26.2,79,40.52
184953,26.2,79.01,40.52
91282,26.2,79,40.52
47457,26.2,79,40.52
52869,26.2,79,40.52
62721,26.2,79,40.52
69437,26.2,79,40.52
43894,26.2,79,40.52
53575,26.2,79,40.52
62062,26.2,79,40.52
23293,26.2,79,40.52
112511,26.2,79,40.52
103576,26.2,79,40.52
161002,26.2,79.01,40.52
146193,26.2,79.01,40.52
73054,26.2,79,40.52
68635,26.2,79,40.52
98312,26.2,79,40.52
97742,26.2,79,40.52
106803,26.2,79,40.52
38591,26.2,79,40.52
42913,26.2,79,40.52
54648,26.2,79,40.52
60462,26.2,79,40.52
19364,26.2,79,40.52
23161,26.2,79,40.52
26267,26.2,79,40.52
31402,26.2,79,40.52
231026,26.2,79.01,40.51
222309,26.2,79.01,40.51
107169,26.2,79,40.51
98664,26.2,79,40.52
278662,26.2,79.01,40.51
266877,26.2,79.01,40.51
143226,26.2,79.01,40.51
270055,26.2,79.01,40.51
316348,26.2,79.01,40.51
279701,26.2,79.01,40.51
426548,26.2,79.01,40.51
333342,26.2,79.01,40.51
440132,26.2,79.01,40.51
120707,26.2,79,40.52
174161,26.2,79.01,40.52
235914,26.2,79.01,40.51
240733,26.2,79.01,40.51
287131,26.2,79.01,40.51
294854,26.2,79.01,40.51
359576,26.2,79.01,40.51
369729,26.2,79.01,40.51
474,26.22,79,40.53
279,26.22,79,40.53
451701,26.2,79.01,40.51
574115,26.2,79.01,40.51
460758,26.2,79.01,40.51
579130,26.2,79.01,40.51
108,26.09,78.95,40.48
614,26.1,78.98,40.48
10,26.09,78.91,40.48
30,26.09,78.93,40.48
2,26.14,78.99,40.44
4,26.1,78.92,40.46
7,26.1,78.95,40.46
52,26.12,78.98,40.46
1537,26.13,78.99,40.48
2,26.08,78.86,40.47
4101,26.23,79.01,40.52
26,26.23,79,40.53
60,26.23,79,40.53
427,26.23,79,40.53
37,26.23,79,40.53
43344,26.23,79.01,40.52
16,26.23,79,40.53
34,26.23,79,40.53
270,26.23,79,40.53
4851,26.23,79.01,40.53
117121,26.23,79.01,40.52
118,26.23,79,40.53
1303,26.23,79,40.53
14570,26.23,79.01,40.53
14047,26.23,79.01,40.52
65295,26.23,79.01,40.52
99890,26.23,79.01,40.52
270424,26.23,79.01,40.52
150631,26.23,79.01,40.52
375510,26.23,79.01,40.52
231124,26.23,79.01,40.52
90603,26.23,79.01,40.52
314557,26.23,79.01,40.52
615852,26.23,79.01,40.52
408167,26.23,79.01,40.52
509727,26.23,79.01,40.52
269776,26.23,79.01,40.52
662028,26.23,79.01,40.52
556827,26.23,79.01,40.52
435,26.23,79,40.52
2034,26.23,79,40.52
10172,26.23,79.01,40.52
20378,26.23,79.01,40.52
52052,26.23,79.01,40.52
10506,26.23,79.01,40.52
183035,26.23,79.01,40.52
68922,26.23,79.01,40.52
39797,26.24,79.01,40.52
16203,26.23,79.01,40.52
218721,26.23,79.01,40.52
430144,26.24,79.01,40.52
132338,26.24,79.01,40.52
55605,26.24,79.01,40.52
420669,26.24,79.01,40.51
325279,26.24,79.01,40.51
127105,26.24,79.01,40.51
346450,26.24,79.01,40.51
29588,26.24,79.01,40.52
28892,26.24,79.01,40.51
269890,26.24,79.01,40.51
290057,26.24,79.01,40.51
216249,26.24,79.01,40.51
213299,26.24,79.01,40.5
2,26.24,79,40.52
59,26.24,79,40.52
5,26.24,79,40.52
10,26.24,79,40.52
3,26.24,79,40.52
14,26.24,79,40.52
2,26.24,79,40.52
3,26.24,79,40.52
8,26.24,79,40.52
3,26.24,79,40.52
4,26.24,79,40.52
3,26.24,79,40.52
2,26.24,79,40.52
110,26.24,79,40.52
1741,26.24,79,40.52
292,26.24,79,40.52
3906,26.24,79,40.52
216,26.24,79,40.52
17,26.24,79,40.52
626,26.24,79,40.52
51,26.24,79,40.52
10692,26.24,79.01,40.51
82992,26.24,79.01,40.51
1091,26.24,79.01,40.51
36697,26.24,79.01,40.51
22,26.24,79.01,40.51
2335,26.24,79.01,40.51
26,26.24,79.01,40.51
94679,26.24,79.01,40.51
48745,26.24,79.01,40.51
3878,26.24,79.01,40.51
64,26.24,79.01,40.51
19,26.24,79,40.52
511,26.24,79,40.52
4747,26.24,79,40.52
5517,26.24,79,40.51
157975,26.24,79.01,40.51
9512,26.24,79.01,40.51
133679,26.24,79.01,40.51
7851,26.24,79.01,40.51
58903,26.24,79.01,40.51
5025,26.24,79.01,40.51
94,26.24,79.01,40.51
69299,26.24,79.01,40.51
6069,26.24,79.01,40.51
115,26.24,79.01,40.51
2659,26.24,79.01,40.5
5567,26.24,79.01,40.51
116,26.2,79,40.54
2,26.2,78.99,40.54
9,26.2,79,40.54
38,26.2,79,40.54
25,26.2,79,40.54
118,26.2,79,40.54
263,26.2,79,40.53
294,26.2,79,40.53
1246,26.2,79,40.53
5751,26.2,79,40.53
2749,26.2,79,40.53
8600,26.2,79,40.53
18372,26.19,79,40.52
8984,26.2,79,40.52
14361,26.2,79,40.52
27842,26.2,79,40.52
23325,26.19,79,40.52
33203,26.19,79,40.52
127572,26.2,79.01,40.52
66184,26.2,79,40.52
71311,26.2,79,40.52
35207,26.2,79,40.52
37722,26.19,79,40.51
119606,26.19,79,40.51
187409,26.2,79.01,40.51
194539,26.2,79.01,40.51
145165,26.2,79.01,40.51
141202,26.2,79.01,40.51
76105,26.2,79,40.52
80043,26.2,79,40.51
125063,26.19,79,40.51
199067,26.2,79.01,40.51
202879,26.2,79.01,40.51
159107,26.2,79.01,40.51
1740,26.19,79,40.53
1013,26.2,79,40.53
1928,26.2,79,40.53
4016,26.19,79,40.53
12904,26.19,79,40.52
5830,26.19,79,40.52
15410,26.19,79,40.52
23823,26.19,79,40.52
26529,26.19,79,40.51
98633,26.19,79,40.51
101986,26.19,79,40.51
82533,26.19,79,40.51
85302,26.19,79,40.51
13012,26.21,79,40.53
18538,26.21,79,40.53
18359,26.21,79,40.53
27003,26.21,79,40.53
7040,26.21,79,40.53
3464,26.21,79,40.53
7906,26.21,79,40.53
168,26.21,79,40.53
926,26.21,79,40.53
15276,26.21,79,40.53
23935,26.21,79,40.53
23245,26.21,79,40.53
19089,26.21,79,40.53
37340,26.21,79,40.53
32932,26.21,79,40.53
2469,26.21,79,40.53
4937,26.21,79,40.53
2416,26.21,79,40.53
1897,26.21,79,40.53
6323,26.21,79,40.53
4919,26.21,79,40.53
733,26.21,79,40.53
255,26.21,79,40.53
642,26.21,79,40.53
270,26.21,79,40.53
622,26.21,79,40.53
4,26.21,79,40.54
26,26.21,79,40.54
129,26.21,79,40.53
15214,26.21,79,40.53
1416,26.21,79,40.53
3713,26.21,79,40.53
51668,26.2,79,40.52
57126,26.2,79,40.52
85463,26.21,79,40.52
78334,26.21,79,40.52
24246,26.21,79,40.52
29317,26.21,79,40.52
35117,26.21,79,40.52
42008,26.21,79,40.52
135962,26.21,79.01,40.52
232086,26.21,79.01,40.52
211755,26.21,79.01,40.52
64389,26.21,79,40.52
127382,26.21,79.01,40.52
104559,26.21,79,40.52
210211,26.21,79.01,40.52
96845,26.21,79,40.52
198149,26.21,79.01,40.52
31863,26.21,79,40.52
49402,26.21,79,40.52
183130,26.2,79.01,40.52
103226,26.2,79,40.52
173828,26.2,79.01,40.52
292689,26.2,79.01,40.52
161510,26.2,79.01,40.52
269091,26.2,79.01,40.52
92381,26.21,79,40.52
278084,26.21,79.01,40.52
282201,26.21,79.01,40.52
480780,26.21,79.01,40.52
477614,26.21,79.01,40.52
153781,26.21,79.01,40.52
145182,26.21,79.01,40.52
250396,26.21,79.01,40.52
240978,26.21,79.01,40.52
481337,26.2,79.01,40.51
505761,26.2,79.01,40.51
187399,26.2,79.01,40.52
312901,26.2,79.01,40.52
322217,26.2,79.01,40.51
4,26.21,78.99,40.54
4,26.21,79,40.54
14,26.21,78.99,40.54
69,26.2,79,40.54
13,26.21,79,40.54
63,26.21,79,40.54
6,26.21,79,40.54
33,26.21,79,40.54
180,26.2,79,40.53
821,26.2,79,40.53
183,26.21,79,40.53
918,26.2,79,40.53
1942,26.2,79,40.53
7806,26.2,79,40.53
12815,26.2,79,40.53
2641,26.2,79,40.53
17,26.18,78.98,40.54
4,26.18,78.99,40.55
2,26.19,78.99,40.55
19,26.18,78.99,40.54
55,26.18,78.98,40.54
69,26.18,78.99,40.54
334,26.18,78.99,40.53
926,26.18,78.99,40.53
20627,26.18,79,40.53
30075,26.18,79,40.52
39332,26.18,79,40.51
46,26.17,78.98,40.54
3530,26.17,79,40.53
269,26.17,78.99,40.54
687,26.17,78.99,40.53
17252,26.17,79,40.53
766,26.16,78.99,40.53
2660,26.17,78.99,40.52
3336,26.17,78.99,40.52
17512,26.17,79,40.52
30702,26.17,79,40.52
33657,26.17,79,40.51
147,26.16,78.98,40.53
909,26.15,78.98,40.51
1051,26.16,78.98,40.52
14895,26.15,78.99,40.5
19283,26.16,79,40.51
3,26.22,79,40.54
18,26.21,79,40.54
2,26.22,79,40.54
11,26.22,79,40.54
3,26.22,79,40.54
211,26.21,79,40.53
472,26.21,79,40.53
65,26.21,79,40.53
153,26.21,79,40.53
80,26.22,79,40.53
55,26.22,79,40.53
373,26.21,79,40.53
248,26.22,79,40.53
165,26.22,79,40.53
12,26.22,79,40.53
37,26.22,79,40.53
29,26.22,79,40.53
2,26.23,79,40.53
5,26.23,79,40.53
9,26.22,79,40.53
4,26.23,79,40.53
27,26.22,79,40.53
13,26.23,79,40.53
38,26.22,79,40.53
16,26.22,79,40.53
24,26.22,79,40.53
111,26.22,79,40.53
72,26.22,79,40.53
2,26.23,79,40.53
2,26.22,79,40.53
6,26.22,79,40.53
2,26.22,79,40.53
3,26.22,79,40.53
9,26.22,79,40.53
11,26.22,79,40.53
28,26.22,79,40.53
7,26.22,79,40.53
4,26.22,79,40.53
19,26.22,79,40.53
10,26.22,79,40.53
14,26.23,79,40.53
4,26.23,79,40.53
70,26.23,79,40.53
16,26.23,79,40.53
4,26.23,79,40.53
4,26.24,79,40.53
4,26.23,79,40.53
3,26.23,79,40.53
9,26.23,79,40.53
38,26.23,79,40.53
7,26.23,79,40.53
18,26.23,79,40.53
22,26.23,79,40.53
165,26.24,79,40.52
1412,26.23,79,40.52
674,26.24,79,40.52
4068,26.23,79,40.52
353,26.23,79,40.52
59,26.23,79,40.52
77,26.23,79,40.52
15,26.23,79,40.52
9,26.24,79,40.52
7992,26.24,79,40.52
12714,26.24,79,40.52
1782,26.24,79,40.52
3460,26.24,79,40.52
11,26.19,78.99,40.55
10,26.19,78.99,40.54
3,26.2,78.99,40.55
37,26.19,78.99,40.54
266,26.18,78.99,40.54
43,26.19,78.99,40.54
317,26.19,78.99,40.54
215,26.2,78.99,40.54
16,26.2,78.99,40.54
695,26.19,78.99,40.53
3081,26.18,78.99,40.53
5194,26.19,79,40.53
4143,26.19,79,40.53
6622,26.19,79,40.52
2785,26.19,79,40.53
3889,26.19,79,40.52
1126,26.19,78.99,40.53
4873,26.18,78.99,40.52
45787,26.18,79,40.52
58968,26.19,79,40.52
16444,26.19,79,40.52
18031,26.19,79,40.51
8698,26.19,79,40.52
8626,26.19,79,40.52
10062,26.19,79,40.52
50638,26.18,79,40.51
6,26.1,78.89,40.5
7,26.12,78.9,40.52
5,26.13,78.92,40.54
5689,26.11,78.99,40.5
437,26.13,78.97,40.49
22,26.1,78.92,40.5
135,26.1,78.95,40.5
734,26.13,78.97,40.5
34,26.12,78.93,40.52
23,26.13,78.94,40.54
337,26.12,78.96,40.52
13,26.15,78.95,40.53
73,26.14,78.96,40.52
272,26.13,78.96,40.51
1095,26.14,78.97,40.5
16,26.15,78.96,40.53
108,26.15,78.96,40.52
515,26.14,78.97,40.51
679,26.14,78.97,40.5
6726,26.14,78.99,40.49
8,26.16,78.96,40.54
9,26.17,78.97,40.54
21,26.16,78.96,40.53
169,26.16,78.97,40.52
2,26.15,78.94,40.54
46,26.22,79,40.53
155,26.22,79,40.53
1743,26.22,79,40.53
31318,26.22,79.01,40.53
251321,26.22,79.01,40.53
572811,26.22,79.01,40.52
81,26.22,79,40.53
836,26.22,79,40.53
15261,26.22,79.01,40.53
195779,26.22,79.01,40.53
496469,26.22,79.01,40.52
373,26.22,79,40.53
8471,26.22,79.01,40.53
132457,26.22,79.01,40.53
403747,26.22,79.01,40.52
171261,26.23,79.01,40.52
4647,26.23,79.01,40.53
43516,26.23,79.01,40.53
258939,26.23,79.01,40.52
89093,26.22,79.01,40.53
341271,26.22,79.01,40.52
204387,26.23,79.01,40.52
462799,26.23,79.01,40.52
292238,26.23,79.01,40.52
553814,26.23,79.01,40.52
489258,26.23,79.01,40.52
572685,26.23,79.01,40.52
82,26.22,79,40.53
44534,26.21,79,40.52
28434,26.21,79,40.53
74146,26.21,79,40.52
87592,26.21,79,40.52
180566,26.21,79.01,40.52
224098,26.21,79.01,40.52
190491,26.21,79.01,40.52
383198,26.21,79.01,40.52
229912,26.21,79.01,40.52
426859,26.21,79.01,40.52
380525,26.21,79.01,40.52
657445,26.21,79.01,40.52
700188,26.21,79.01,40.52
419712,26.21,79.01,40.52
658204,26.21,79.01,40.52
700973,26.21,79.01,40.51
289791,26.21,79.01,40.52
485683,26.21,79.01,40.52
534783,26.2,79.01,40.51
296328,26.21,79.01,40.51
490895,26.21,79.01,40.51
793588,26.21,79.01,40.51
532934,26.2,79.01,40.51
791200,26.2,79.01,40.51
762713,26.21,79.01,40.51
796965,26.2,79.01,40.51
76815,26.22,79.01,40.53
212249,26.21,79.01,40.52
474638,26.21,79.01,40.52
772730,26.21,79.01,40.52
2554,26.22,79,40.53
22975,26.22,79,40.53
151708,26.22,79.01,40.53
403675,26.22,79.01,40.52
705058,26.22,79.01,40.52
1476,26.22,79,40.53
368182,26.22,79.01,40.52
646309,26.22,79.01,40.52
15727,26.22,79,40.53
426754,26.22,79.01,40.52
730740,26.22,79.01,40.52
121464,26.22,79.01,40.53
516990,26.22,79.01,40.52
320994,26.22,79.01,40.52
583419,26.22,79.01,40.52
641065,26.22,79.01,40.52
774012,26.21,79.01,40.52
656855,26.22,79.01,40.52
737944,26.22,79.01,40.52
1048,26.21,79,40.53
931,26.22,79,40.53
585,26.22,79,40.53
2704,26.21,79,40.53
11874,26.21,79,40.53
3233,26.22,79,40.53
18562,26.21,79,40.53
2116,26.22,79,40.53
13774,26.22,79,40.53
66021,26.21,79,40.52
23592,26.21,79,40.53
41263,26.21,79,40.53
115746,26.21,79.01,40.52
158533,26.21,79.01,40.52
76915,26.21,79,40.52
129017,26.21,79.01,40.52
268101,26.21,79.01,40.52
337106,26.21,79.01,40.52
163904,26.21,79.01,40.52
273143,26.21,79.01,40.52
533043,26.21,79.01,40.52
341026,26.21,79.01,40.52
612654,26.21,79.01,40.52
537731,26.21,79.01,40.52
615326,26.21,79.01,40.52
56870,26.2,79,40.52
60045,26.2,79,40.52
76038,26.2,79,40.52
81799,26.2,79,40.52
36447,26.2,79,40.52
39195,26.2,79,40.52
48593,26.2,79,40.52
52139,26.2,79,40.52
31791,26.2,79,40.52
12045,26.2,79,40.52
80641,26.2,79,40.52
77116,26.2,79,40.52
117674,26.2,79,40.52
112617,26.2,79,40.52
50222,26.2,79,40.52
46822,26.2,79,40.52
65542,26.2,79,40.52
62299,26.2,79,40.52
69855,26.2,79,40.52
26692,26.2,79,40.52
29560,26.2,79,40.52
36156,26.2,79,40.52
40203,26.2,79,40.52
13441,26.2,79,40.52
15940,26.2,79,40.52
17695,26.2,79,40.52
21062,26.2,79,40.52
117709,26.2,79,40.51
112822,26.2,79,40.51
63085,26.2,79,40.52
65267,26.2,79,40.51
90051,26.2,79,40.51
87376,26.2,79,40.52
162711,26.2,79.01,40.51
128047,26.2,79,40.51
151652,26.2,79.01,40.51
184707,26.2,79.01,40.51
333917,26.2,79.01,40.51
193368,26.2,79.01,40.51
295392,26.2,79.01,40.51
363106,26.2,79.01,40.51
226312,26.2,79.01,40.51
308432,26.2,79.01,40.51
83837,26.2,79,40.52
121800,26.2,79,40.52
242998,26.2,79.01,40.51
242315,26.2,79.01,40.51
121484,26.2,79,40.51
124177,26.2,79,40.51
297399,26.2,79.01,40.51
295083,26.2,79.01,40.51
370420,26.2,79.01,40.51
372735,26.2,79.01,40.51
169741,26.2,79.01,40.51
174384,26.2,79.01,40.51
237440,26.2,79.01,40.51
244684,26.2,79.01,40.51
239440,26.2,79.01,40.51
236593,26.2,79.01,40.5
383,26.22,79,40.53
236,26.22,79,40.53
317363,26.2,79.01,40.51
524358,26.2,79.01,40.51
323457,26.2,79.01,40.51
464359,26.2,79.01,40.51
532124,26.2,79.01,40.51
581673,26.2,79.01,40.51
462019,26.2,79.01,40.51
580990,26.2,79.01,40.51
291051,26.2,79.01,40.51
284582,26.2,79.01,40.5
339028,26.2,79.01,40.5
364717,26.2,79.01,40.51
279882,26.2,79.01,40.5
259213,26.2,79.01,40.5
19,26.15,78.99,40.46
3,26.1,78.89,40.48
290,26.13,78.99,40.47
848,26.12,78.98,40.48
10,26.1,78.92,40.48
43,26.1,78.95,40.48
119,26.13,78.97,40.48
17,26.14,78.99,40.46
3,26.12,78.93,40.46
3,26.12,78.96,40.46
3,26.15,78.97,40.47
250,26.14,78.99,40.47
1748,26.14,78.99,40.48
2466,26.23,79,40.52
56,26.23,79,40.53
109,26.23,79,40.53
376,26.23,79,40.53
41,26.23,79,40.53
166,26.23,79,40.53
19050,26.23,79.01,40.52
68,26.23,79,40.53
262,26.23,79,40.53
2564,26.23,79,40.53
47609,26.23,79.01,40.52
922,26.23,79,40.53
7640,26.23,79,40.53
7571,26.23,79,40.52
26651,26.23,79.01,40.52
39108,26.23,79.01,40.52
127668,26.23,79.01,40.52
65683,26.23,79.01,40.52
177251,26.23,79.01,40.52
91973,26.23,79.01,40.52
37379,26.23,79.01,40.52
151496,26.23,79.01,40.52
310384,26.23,79.01,40.52
198432,26.23,79.01,40.52
410806,26.23,79.01,40.52
272392,26.23,79.01,40.52
109207,26.23,79.01,40.52
337938,26.23,79.01,40.52
660463,26.23,79.01,40.52
430322,26.23,79.01,40.52
558032,26.23,79.01,40.52
301379,26.23,79.01,40.52
686436,26.23,79.01,40.52
547070,26.23,79.01,40.51
135,26.23,79,40.53
398,26.23,79,40.52
1545,26.23,79,40.52
5721,26.23,79,40.52
9698,26.23,79,40.52
22959,26.23,79.01,40.52
5836,26.23,79,40.52
72135,26.23,79.01,40.52
29709,26.23,79.01,40.52
18694,26.23,79.01,40.52
8214,26.23,79,40.52
87563,26.23,79.01,40.52
219028,26.23,79.01,40.52
55579,26.24,79.01,40.52
24299,26.23,79.01,40.52
429618,26.24,79.01,40.51
213804,26.23,79.01,40.51
135740,26.24,79.01,40.51
54405,26.24,79.01,40.51
449747,26.24,79.01,40.51
372867,26.24,79.01,40.51
148856,26.24,79.01,40.51
387898,26.24,79.01,40.51
13193,26.24,79,40.52
33459,26.24,79.01,40.51
13586,26.24,79,40.51
110585,26.24,79.01,40.51
39273,26.24,79.01,40.51
120536,26.24,79.01,40.51
291772,26.24,79.01,40.51
116216,26.24,79.01,40.51
270742,26.24,79.01,40.51
204514,26.24,79.01,40.5
88583,26.24,79.01,40.5
104559,26.24,79.01,40.5
775,26.24,79.01,40.5
120,26.24,79.01,40.5
2,26.24,79,40.53
2,26.24,79,40.52
4,26.24,79,40.52
4,26.24,79,40.52
113,26.24,79,40.52
16,26.24,79,40.52
27,26.24,79,40.52
7,26.24,79,40.52
34,26.24,79,40.52
7,26.24,79,40.52
6,26.24,79,40.52
22,26.24,79,40.52
10,26.24,79,40.52
3,26.24,79,40.52
13,26.24,79,40.52
9,26.24,79,40.52
2,26.24,79,40.52
2,26.24,79,40.52
7,26.24,79,40.52
1441,26.24,79,40.52
146,26.24,79,40.52
2499,26.24,79,40.52
352,26.24,79,40.52
321,26.24,79,40.52
44,26.24,79,40.52
725,26.24,79,40.52
113,26.24,79,40.52
857,26.24,79,40.51
14891,26.24,79.01,40.51
40,26.24,79,40.51
1853,26.24,79.01,40.51
50,26.24,79.01,40.51
19327,26.24,79.01,40.51
2885,26.24,79.01,40.51
90,26.24,79.01,40.51
2,26.24,79,40.52
39,26.24,79,40.52
7174,26.24,79,40.51
9013,26.24,79,40.51
2976,26.24,79,40.52
601,26.24,79,40.52
903,26.24,79,40.51
3415,26.24,79,40.51
69818,26.24,79.01,40.51
6098,26.24,79.01,40.51
115,26.24,79.01,40.51
59778,26.24,79.01,40.51
5082,26.24,79.01,40.51
95,26.24,79.01,40.51
23304,26.24,79.01,40.51
3742,26.24,79.01,40.51
121,26.24,79.01,40.51
26191,26.24,79.01,40.51
4403,26.24,79.01,40.51
147,26.24,79.01,40.51
2,26.24,79.01,40.51
4,26.24,79.01,40.5
2423,26.24,79.01,40.5
28,26.24,79.01,40.5
4006,26.24,79.01,40.51
67,26.24,79.01,40.51
66,26.2,78.99,40.54
14,26.2,78.99,40.54
68,26.2,78.99,40.54
137,26.2,78.99,40.53
546,26.2,79,40.53
160,26.2,78.99,40.53
689,26.2,79,40.53
1019,26.2,79,40.53
3271,26.2,79,40.53
1411,26.2,79,40.53
4919,26.2,79,40.53
4795,26.2,79,40.52
11633,26.2,79,40.52
7515,26.2,79,40.52
19007,26.2,79,40.52
27372,26.19,79,40.52
13672,26.2,79,40.52
41506,26.2,79,40.52
22057,26.2,79,40.52
30718,26.19,79,40.51
42397,26.19,79,40.51
61179,26.2,79,40.51
161472,26.2,79.01,40.51
84023,26.2,79,40.51
87118,26.2,79,40.51
46951,26.2,79,40.51
44957,26.19,79,40.51
127760,26.19,79,40.51
204901,26.2,79.01,40.51
204708,26.2,79.01,40.51
162515,26.2,79.01,40.51
64409,26.2,79,40.51
89869,26.2,79,40.51
91324,26.2,79,40.51
127322,26.19,79,40.5
200468,26.2,79.01,40.5
202842,26.2,79.01,40.51
161463,26.2,79.01,40.5
729,26.2,78.99,40.53
2238,26.2,79,40.53
4907,26.19,79,40.52
3134,26.2,79,40.52
7409,26.19,79,40.52
5707,26.19,79,40.52
17533,26.19,79,40.52
8707,26.19,79,40.52
19159,26.19,79,40.51
28723,26.19,79,40.51
30310,26.19,79,40.51
103839,26.19,79,40.51
103500,26.19,79,40.5
19547,26.19,79,40.51
20374,26.19,79,40.51
65311,26.19,79,40.51
86986,26.19,79,40.51
86684,26.19,79,40.5
8341,26.21,79,40.53
11970,26.21,79,40.53
10759,26.21,79,40.53
16259,26.21,79,40.53
3589,26.21,79,40.53
105,26.21,79,40.53
572,26.21,79,40.53
2,26.21,79,40.54
9035,26.21,79,40.53
14295,26.21,79,40.53
12640,26.21,79,40.53
10270,26.21,79,40.53
20905,26.21,79,40.53
17789,26.21,79,40.53
1865,26.21,79,40.53
3329,26.21,79,40.53
1899,26.21,79,40.53
1446,26.21,79,40.53
3908,26.21,79,40.53
3083,26.21,79,40.53
544,26.21,79,40.53
252,26.21,79,40.53
516,26.21,79,40.53
16,26.21,79,40.54
93,26.21,79,40.53
8120,26.21,79,40.53
1098,26.21,79,40.53
2346,26.21,79,40.53
33755,26.21,79,40.52
37492,26.21,79,40.52
53394,26.21,79,40.52
48058,26.21,79,40.52
15921,26.21,79,40.52
19123,26.21,79,40.52
21888,26.21,79,40.52
26517,26.21,79,40.52
80386,26.21,79,40.52
127338,26.21,79,40.52
117296,26.21,79,40.52
38595,26.21,79,40.52
72748,26.21,79,40.52
59434,26.21,79,40.52
116786,26.21,79,40.52
53712,26.21,79,40.52
108381,26.21,79,40.52
19420,26.21,79,40.52
28357,26.21,79,40.52
112850,26.2,79,40.52
66755,26.2,79,40.52
108099,26.2,79,40.52
173887,26.2,79.01,40.52
98820,26.21,79,40.52
168314,26.2,79.01,40.52
58268,26.21,79,40.52
161949,26.21,79.01,40.52
167006,26.21,79.01,40.52
259617,26.21,79.01,40.52
262424,26.21,79.01,40.52
92906,26.21,79,40.52
87402,26.21,79,40.52
143937,26.21,79,40.52
137342,26.21,79,40.52
319282,26.2,79.01,40.51
321113,26.2,79.01,40.51
117613,26.2,79,40.52
180093,26.2,79.01,40.52
185835,26.2,79.01,40.51
2,26.21,78.99,40.54
2,26.21,78.99,40.54
7,26.21,78.99,40.54
38,26.21,78.99,40.54
6,26.21,78.99,40.54
37,26.21,79,40.54
3,26.21,78.99,40.54
19,26.21,79,40.54
95,26.21,78.99,40.53
442,26.2,79,40.53
103,26.21,79,40.53
520,26.21,79,40.53
953,26.2,79,40.53
3767,26.2,79,40.53
1309,26.21,79,40.53
5843,26.2,79,40.53
10,26.18,78.98,40.55
10,26.18,78.98,40.55
24,26.18,78.98,40.54
129,26.18,78.98,40.54
30,26.18,78.98,40.54
196,26.18,78.99,40.54
280,26.18,78.98,40.53
448,26.18,78.99,40.53
1967,26.18,78.99,40.53
3082,26.18,78.99,40.52
36660,26.18,79,40.52
42580,26.18,79,40.51
6942,26.18,78.99,40.51
42219,26.18,79,40.51
10,26.18,78.97,40.54
268,26.17,78.98,40.53
1357,26.17,78.99,40.53
1859,26.17,78.99,40.52
1894,26.17,78.99,40.52
4158,26.17,78.99,40.52
4647,26.17,78.99,40.51
25188,26.16,79,40.51
34878,26.17,79,40.51
32710,26.17,79,40.5
28,26.17,78.97,40.53
208,26.16,78.97,40.51
301,26.16,78.98,40.52
851,26.15,78.98,40.5
1392,26.16,78.98,40.51
9202,26.15,78.99,40.49
19363,26.16,79,40.5
38520,26.18,79,40.5
12,26.22,79,40.54
8,26.22,79,40.54
2,26.22,79,40.54
197,26.21,79,40.53
396,26.21,79,40.53
181,26.21,79,40.53
384,26.21,79,40.53
49,26.22,79,40.53
155,26.22,79,40.53
111,26.22,79,40.53
71,26.22,79,40.53
349,26.22,79,40.53
279,26.22,79,40.53
188,26.22,79,40.53
36,26.22,79,40.53
2,26.23,79,40.53
3,26.23,79,40.53
4,26.23,79,40.53
11,26.23,79,40.53
4,26.23,79,40.53
16,26.22,79,40.53
7,26.22,79,40.53
44,26.22,79,40.53
22,26.22,79,40.53
6,26.23,79,40.53
16,26.23,79,40.53
22,26.22,79,40.53
60,26.22,79,40.53
65,26.22,79,40.53
163,26.22,79,40.53
49,26.22,79,40.53
27,26.22,79,40.53
127,26.22,79,40.53
75,26.22,79,40.53
4,26.22,79,40.53
14,26.22,79,40.53
14,26.23,79,40.53
4,26.23,79,40.53
43,26.23,79,40.53
14,26.23,79,40.53
3,26.23,79,40.53
8,26.23,79,40.53
71,26.23,79,40.53
26,26.23,79,40.53
5,26.23,79,40.53
15,26.23,79,40.53
3,26.23,79,40.53
71,26.23,79,40.53
8,26.23,79,40.53
21,26.23,79,40.53
31,26.23,79,40.53
13,26.23,79,40.53
36,26.23,79,40.53
241,26.23,79,40.52
1222,26.23,79,40.52
738,26.23,79,40.52
2573,26.23,79,40.52
423,26.23,79,40.52
113,26.23,79,40.52
138,26.23,79,40.52
39,26.23,79,40.52
19,26.23,79,40.52
50,26.23,79,40.52
4741,26.24,79,40.52
6450,26.24,79,40.52
1445,26.23,79,40.52
2331,26.23,79,40.52
4,26.19,78.98,40.55
4,26.2,78.99,40.55
13,26.19,78.98,40.54
110,26.19,78.99,40.54
14,26.2,78.99,40.54
156,26.19,78.99,40.54
4,26.2,78.99,40.54
64,26.2,78.99,40.54
258,26.19,78.99,40.53
1465,26.19,78.99,40.53
2662,26.19,78.99,40.53
1556,26.19,78.99,40.53
2094,26.19,78.99,40.52
423,26.19,78.99,40.53
2171,26.19,78.99,40.52
6160,26.18,78.99,40.52
11175,26.19,79,40.52
11376,26.19,79,40.52
12256,26.19,79,40.51
4171,26.19,78.99,40.52
7013,26.18,78.99,40.51
52230,26.18,79,40.51
6,26.12,78.9,40.5
3,26.15,78.94,40.53
7,26.13,78.92,40.52
3,26.14,78.93,40.54
147,26.13,78.96,40.49
27,26.12,78.93,40.5
255,26.12,78.96,40.5
241,26.13,78.96,40.5
43,26.13,78.94,40.52
18,26.15,78.95,40.52
80,26.14,78.96,40.51
3,26.16,78.95,40.53
466,26.14,78.97,40.5
25,26.15,78.96,40.52
126,26.15,78.96,40.51
298,26.14,78.97,40.49
3,26.17,78.95,40.53
36,26.16,78.96,40.52
847,26.22,79,40.53
148,26.22,79,40.53
817,26.22,79,40.53
8605,26.22,79,40.53
90064,26.22,79.01,40.53
270593,26.22,79.01,40.52
410,26.22,79,40.53
5242,26.22,79,40.53
60839,26.22,79.01,40.53
220610,26.22,79.01,40.52
2800,26.22,79,40.53
38862,26.22,79.01,40.53
157326,26.22,79.01,40.52
76829,26.23,79.01,40.52
20295,26.23,79.01,40.53
113888,26.22,79.01,40.52
266,26.22,79,40.53
96752,26.23,79.01,40.52
230421,26.23,79.01,40.52
134832,26.22,79.01,40.52
316744,26.23,79.01,40.52
249507,26.23,79.01,40.52
495847,26.23,79.01,40.52
332781,26.23,79.01,40.52
580363,26.23,79.01,40.52
511996,26.23,79.01,40.52
591923,26.23,79.01,40.52
123,26.22,79,40.53
62,26.22,79,40.53
40,26.23,79,40.53
24526,26.21,79,40.52
14570,26.21,79,40.53
39008,26.21,79,40.52
46654,26.21,79,40.52
96697,26.21,79,40.52
123900,26.21,79,40.52
102491,26.21,79,40.52
196639,26.21,79.01,40.52
127874,26.21,79,40.52
233294,26.21,79.01,40.52
200418,26.21,79.01,40.52
382277,26.21,79.01,40.52
419488,26.21,79.01,40.52
235724,26.21,79.01,40.52
384566,26.21,79.01,40.52
659569,26.21,79.01,40.52
701565,26.21,79.01,40.51
420677,26.21,79.01,40.51
661031,26.21,79.01,40.51
701342,26.21,79.01,40.51
171544,26.21,79.01,40.52
266193,26.21,79.01,40.52
301119,26.21,79.01,40.51
175557,26.21,79.01,40.51
268415,26.21,79.01,40.51
492903,26.21,79.01,40.51
301595,26.21,79.01,40.51
534219,26.2,79.01,40.51
486699,26.21,79.01,40.51
752478,26.21,79.01,40.51
536556,26.2,79.01,40.51
798255,26.2,79.01,40.51
750654,26.21,79.01,40.51
794165,26.2,79.01,40.51
32748,26.22,79,40.53
97013,26.22,79.01,40.52
223130,26.21,79.01,40.52
472514,26.21,79.01,40.52
1344,26.22,79,40.53
9461,26.22,79,40.53
61522,26.22,79,40.53
174587,26.22,79.01,40.52
406182,26.22,79.01,40.52
707019,26.22,79.01,40.52
5806,26.22,79,40.53
177164,26.22,79.01,40.52
388471,26.22,79.01,40.52
45233,26.22,79,40.53
239769,26.22,79.01,40.52
444943,26.22,79.01,40.52
139501,26.22,79.01,40.52
287095,26.22,79.01,40.52
533038,26.22,79.01,40.52
332729,26.22,79.01,40.52
595037,26.22,79.01,40.52
649036,26.22,79.01,40.52
477526,26.21,79.01,40.52
777270,26.21,79.01,40.52
711623,26.22,79.01,40.52
401664,26.22,79.01,40.52
663099,26.22,79.01,40.52
457218,26.22,79.01,40.52
742735,26.22,79.01,40.52
543678,26.22,79.01,40.52
603092,26.22,79.01,40.52
655306,26.22,79.01,40.52
780456,26.21,79.01,40.52
669743,26.22,79.01,40.52
747404,26.22,79.01,40.52
820,26.22,79,40.53
753,26.22,79,40.53
502,26.22,79,40.53
1783,26.22,79,40.53
6238,26.21,79,40.53
1892,26.22,79,40.53
8930,26.22,79,40.53
1299,26.22,79,40.53
6296,26.22,79,40.53
33088,26.21,79,40.52
11516,26.21,79,40.53
18476,26.22,79,40.53
55733,26.21,79,40.52
83062,26.21,79,40.52
39306,26.21,79,40.52
63733,26.21,79,40.52
135567,26.21,79.01,40.52
168463,26.21,79.01,40.52
87313,26.21,79,40.52
140809,26.21,79.01,40.52
278351,26.21,79.01,40.52
172569,26.21,79.01,40.52
344854,26.21,79.01,40.52
283242,26.21,79.01,40.52
541888,26.21,79.01,40.52
617658,26.21,79.01,40.52
348209,26.21,79.01,40.52
545340,26.21,79.01,40.52
619599,26.21,79.01,40.51
41682,26.2,79,40.52
43728,26.2,79,40.52
55347,26.2,79,40.52
58074,26.2,79,40.52
26336,26.2,79,40.52
28096,26.2,79,40.52
34426,26.2,79,40.52
36758,26.2,79,40.52
5770,26.2,79,40.52
15690,26.2,79,40.52
55928,26.2,79,40.52
53295,26.2,79,40.52
77342,26.2,79,40.52
73714,26.2,79,40.52
34446,26.2,79,40.52
32282,26.2,79,40.52
44024,26.2,79,40.52
40869,26.21,79,40.52
47121,26.2,79,40.52
18242,26.2,79,40.52
20076,26.2,79,40.52
24259,26.2,79,40.52
26746,26.2,79,40.52
9597,26.2,79,40.52
68661,26.2,79,40.51
67246,26.2,79,40.51
93420,26.2,79,40.51
91578,26.2,79,40.51
45717,26.2,79,40.52
47278,26.2,79,40.51
62751,26.2,79,40.51
60687,26.2,79,40.52
135406,26.2,79,40.51
86544,26.2,79,40.51
132934,26.2,79,40.51
125608,26.2,79,40.51
193751,26.2,79.01,40.51
121806,26.2,79,40.51
197204,26.2,79.01,40.51
202158,26.2,79.01,40.51
200082,26.2,79.01,40.51
58440,26.2,79,40.52
80798,26.2,79,40.52
125336,26.2,79,40.51
124130,26.2,79,40.51
70872,26.2,79,40.51
70064,26.2,79,40.51
95040,26.2,79,40.51
96125,26.2,79,40.51
175906,26.2,79.01,40.51
174058,26.2,79.01,40.51
244251,26.2,79.01,40.51
246964,26.2,79.01,40.51
136335,26.2,79,40.51
137854,26.2,79,40.51
206121,26.2,79.01,40.51
210220,26.2,79.01,40.51
224369,26.2,79.01,40.5
232605,26.2,79.01,40.5
122083,26.2,79,40.51
120022,26.2,79,40.5
146,26.22,79,40.53
382,26.22,79,40.53
342,26.22,79,40.53
206,26.22,79,40.53
890,26.22,79,40.53
880,26.22,79,40.53
202480,26.2,79.01,40.51
323229,26.2,79.01,40.51
204084,26.2,79.01,40.51
326062,26.2,79.01,40.51
325167,26.2,79.01,40.51
535042,26.2,79.01,40.51
324334,26.2,79.01,40.51
452152,26.2,79.01,40.51
531236,26.2,79.01,40.51
574881,26.2,79.01,40.51
440172,26.2,79.01,40.5
558124,26.2,79.01,40.5
155080,26.2,79.01,40.5
170904,26.2,79.01,40.51
165338,26.2,79.01,40.5
369493,26.2,79.01,40.5
226950,26.2,79.01,40.5
238002,26.2,79.01,40.51
341444,26.2,79.01,40.5
146831,26.2,79.01,40.5
279396,26.2,79.01,40.5
324064,26.2,79.01,40.5
216733,26.2,79.01,40.5
1855,26.15,78.99,40.48
34,26.16,78.99,40.47
227,26.15,78.99,40.47
18,26.15,78.97,40.47
2,26.16,78.98,40.47
6,26.16,78.99,40.46
3,26.12,78.9,40.48
15,26.13,78.96,40.47
11,26.12,78.93,40.48
44,26.12,78.96,40.48
54,26.13,78.96,40.48
2,26.13,78.94,40.46
2,26.14,78.97,40.46
2,26.16,78.97,40.46
17,26.14,78.97,40.47
72,26.14,78.97,40.48
173,26.22,79,40.53
105,26.23,79,40.53
85,26.23,79,40.53
1736,26.23,79,40.52
177,26.23,79,40.53
446,26.23,79,40.53
130,26.23,79,40.53
806,26.23,79,40.53
9660,26.23,79,40.52
314,26.23,79,40.53
1597,26.23,79,40.53
21652,26.23,79,40.52
4500,26.23,79,40.53
4671,26.23,79,40.52
13229,26.23,79,40.52
18144,26.23,79,40.52
52573,26.23,79.01,40.52
31520,26.23,79,40.52
80517,26.23,79.01,40.52
40842,26.23,79.01,40.52
17988,26.23,79,40.52
63831,26.23,79.01,40.52
155077,26.23,79.01,40.52
92220,26.23,79.01,40.52
204810,26.23,79.01,40.52
113919,26.23,79.01,40.52
48182,26.23,79.01,40.52
342577,26.23,79.01,40.52
169731,26.23,79.01,40.52
217522,26.23,79.01,40.52
437369,26.23,79.01,40.52
305051,26.23,79.01,40.52
128485,26.23,79.01,40.52
363458,26.23,79.01,40.52
689260,26.23,79.01,40.52
452867,26.23,79.01,40.52
299991,26.23,79.01,40.51
555345,26.23,79.01,40.51
683308,26.23,79.01,40.51
572878,26.23,79.01,40.51
214,26.23,79,40.53
190,26.23,79,40.52
471,26.23,79,40.52
1320,26.23,79,40.52
3585,26.23,79,40.52
480,26.23,79,40.52
5460,26.23,79,40.52
11907,26.23,79,40.52
3675,26.23,79,40.52
33048,26.23,79.01,40.52
14846,26.23,79,40.52
10022,26.23,79,40.52
4857,26.23,79,40.52
39314,26.23,79.01,40.52
89486,26.23,79.01,40.52
25268,26.23,79.01,40.52
12203,26.23,79,40.52
88014,26.23,79.01,40.51
220941,26.23,79.01,40.51
25485,26.23,79.01,40.51
58825,26.24,79.01,40.51
235332,26.23,79.01,40.51
471502,26.24,79.01,40.51
65796,26.24,79.01,40.51
163772,26.24,79.01,40.51
485048,26.24,79.01,40.51
172845,26.24,79.01,40.51
389822,26.24,79.01,40.51
373465,26.24,79.01,40.51
7065,26.24,79,40.52
7534,26.24,79,40.51
15632,26.24,79,40.51
10657,26.24,79,40.51
18403,26.24,79,40.51
45707,26.24,79.01,40.51
11578,26.24,79,40.51
49648,26.24,79.01,40.51
121200,26.24,79.01,40.51
50439,26.24,79.01,40.51
110873,26.24,79.01,40.51
245783,26.24,79.01,40.51
89587,26.24,79.01,40.5
37801,26.24,79.01,40.5
220673,26.24,79.01,40.5
37234,26.24,79.01,40.5
1301,26.24,79.01,40.5
386,26.24,79.01,40.5
3,26.24,79,40.53
2,26.24,79,40.53
5,26.24,79,40.53
3,26.24,79,40.52
2,26.24,79,40.52
3,26.24,79,40.52
4,26.24,79,40.52
8,26.24,79,40.52
15,26.24,79,40.52
17,26.24,79,40.52
8,26.24,79,40.52
184,26.24,79,40.52
38,26.24,79,40.52
74,26.24,79,40.52
16,26.24,79,40.52
12,26.24,79,40.52
6,26.24,79,40.52
24,26.24,79,40.52
11,26.24,79,40.52
2,26.24,79,40.52
3,26.24,79,40.52
6,26.24,79,40.52
57,26.24,79,40.52
4,26.24,79,40.52
29,26.24,79,40.52
3,26.24,79,40.52
4,26.24,79,40.52
3,26.24,79,40.52
5,26.24,79,40.52
35,26.24,79,40.52
7,26.24,79,40.52
19,26.24,79,40.52
5,26.24,79,40.52
1217,26.24,79,40.52
273,26.24,79,40.52
1767,26.24,79,40.52
488,26.24,79,40.52
387,26.24,79,40.52
89,26.24,79,40.52
661,26.24,79,40.52
183,26.24,79,40.52
30,26.24,79,40.52
58,26.24,79,40.52
2,26.24,79,40.51
69,26.24,79,40.51
1383,26.24,79,40.51
4,26.24,79,40.51
76,26.24,79,40.51
2,26.24,79,40.51
2048,26.24,79,40.51
125,26.24,79,40.51
4,26.24,79,40.51
4,26.24,79,40.52
168,26.24,79,40.51
9,26.24,79,40.52
106,26.24,79,40.52
1267,26.24,79,40.51
4164,26.24,79,40.51
1665,26.24,79,40.51
5034,26.24,79,40.51
2086,26.24,79,40.52
664,26.24,79,40.52
2366,26.24,79,40.51
852,26.24,79,40.51
26144,26.24,79.01,40.51
4392,26.24,79.01,40.51
146,26.24,79.01,40.51
23266,26.24,79.01,40.51
3745,26.24,79.01,40.51
120,26.24,79.01,40.51
2620,26.24,79,40.51
171,26.24,79,40.51
5,26.24,79,40.51
2997,26.24,79,40.51
203,26.24,79,40.51
6,26.24,79,40.51
2001,26.24,79,40.51
2192,26.24,79,40.51
20,26.24,79.01,40.5
5,26.24,79.01,40.5
1860,26.24,79.01,40.5
47,26.24,79.01,40.5
2941,26.24,79.01,40.51
88,26.24,79.01,40.51
4,26.21,78.99,40.54
33,26.2,78.99,40.54
35,26.2,78.99,40.54
69,26.2,78.99,40.53
278,26.2,78.99,40.53
80,26.2,78.99,40.53
353,26.2,78.99,40.53
492,26.2,78.99,40.53
1665,26.2,79,40.53
680,26.2,78.99,40.53
2464,26.2,79,40.53
2356,26.2,79,40.52
6060,26.2,79,40.52
3615,26.2,79,40.52
9641,26.2,79,40.52
6981,26.2,79,40.52
15253,26.2,79,40.52
11173,26.2,79,40.52
24627,26.2,79,40.52
32519,26.19,79,40.51
16466,26.2,79,40.51
51955,26.2,79,40.51
26660,26.2,79,40.51
33930,26.19,79,40.51
45645,26.19,79,40.51
65429,26.2,79,40.51
92195,26.2,79,40.51
91442,26.2,79,40.51
54774,26.2,79,40.51
44690,26.19,79,40.5
124256,26.19,79,40.5
197490,26.2,79.01,40.5
192978,26.2,79.01,40.5
150562,26.2,79.01,40.5
63614,26.2,79,40.5
88736,26.2,79,40.5
90252,26.2,79,40.51
119011,26.19,79,40.5
197,26.2,78.99,40.53
813,26.2,78.99,40.53
1135,26.2,78.99,40.53
2611,26.19,78.99,40.52
1079,26.2,78.99,40.52
1543,26.2,78.99,40.52
3921,26.2,79,40.52
2976,26.19,78.99,40.52
6326,26.19,79,40.52
4492,26.2,79,40.52
9676,26.19,79,40.52
6798,26.19,79,40.51
20225,26.19,79,40.51
10429,26.19,79,40.51
21149,26.19,79,40.51
30641,26.19,79,40.51
29999,26.19,79,40.5
102004,26.19,79,40.5
97935,26.19,79,40.5
12953,26.19,79,40.51
13387,26.19,79,40.51
12723,26.19,79,40.51
20632,26.19,79,40.51
20104,26.19,79,40.5
67625,26.19,79,40.51
85485,26.19,79,40.5
82420,26.19,79,40.5
49899,26.18,79,40.5
56,26.21,79,40.53
5599,26.21,79,40.53
7859,26.21,79,40.53
6989,26.21,79,40.53
10256,26.21,79,40.53
316,26.21,79,40.53
1781,26.21,79,40.53
8,26.21,79,40.54
5817,26.21,79,40.53
8788,26.21,79,40.53
7418,26.21,79,40.53
5990,26.21,79,40.53
12075,26.21,79,40.53
10028,26.21,79,40.53
1324,26.21,79,40.53
2296,26.21,79,40.53
1415,26.21,79,40.53
1084,26.21,79,40.53
2640,26.21,79,40.53
2067,26.21,79,40.53
55,26.21,79,40.53
347,26.21,79,40.53
4707,26.21,79,40.53
770,26.21,79,40.53
1394,26.21,79,40.53
821,26.21,79,40.53
1574,26.21,79,40.53
21981,26.21,79,40.52
24100,26.21,79,40.52
33615,26.21,79,40.52
30520,26.21,79,40.52
10407,26.21,79,40.52
12448,26.21,79,40.52
13856,26.21,79,40.52
16663,26.21,79,40.52
48748,26.21,79,40.52
73617,26.21,79,40.52
65626,26.21,79,40.52
23708,26.21,79,40.52
44084,26.21,79,40.52
34496,26.21,79,40.52
67146,26.21,79,40.52
29943,26.21,79,40.52
60698,26.21,79,40.52
11972,26.21,79,40.52
16673,26.21,79,40.52
73567,26.2,79,40.52
43595,26.21,79,40.52
70221,26.2,79,40.52
108073,26.21,79,40.52
62219,26.21,79,40.52
103602,26.21,79,40.52
36420,26.21,79,40.52
97306,26.21,79,40.52
100757,26.21,79,40.52
149283,26.21,79,40.52
152471,26.21,79,40.52
55706,26.21,79,40.52
52799,26.21,79,40.52
82834,26.21,79,40.52
79090,26.21,79,40.52
190792,26.2,79.01,40.51
193151,26.2,79.01,40.51
76679,26.2,79,40.52
112132,26.21,79,40.52
115336,26.21,79,40.51
19,26.21,78.99,40.54
3,26.21,78.99,40.54
3,26.21,78.99,40.54
19,26.21,78.99,40.54
9,26.21,78.99,40.54
45,26.21,78.99,40.53
218,26.21,78.99,40.53
51,26.21,78.99,40.53
266,26.21,79,40.53
443,26.21,78.99,40.53
1731,26.2,79,40.53
604,26.21,79,40.53
2641,26.21,79,40.53
3,26.18,78.98,40.55
3,26.19,78.98,40.55
8,26.18,78.98,40.54
55,26.18,78.98,40.54
10,26.19,78.98,40.54
77,26.18,78.98,40.54
106,26.18,78.98,40.53
494,26.18,78.98,40.53
163,26.18,78.98,40.53
832,26.18,78.99,40.53
692,26.18,78.98,40.52
1183,26.18,78.99,40.52
3892,26.18,78.99,40.52
4291,26.18,78.99,40.51
6859,26.18,78.99,40.51
4,26.18,78.96,40.53
39,26.18,78.97,40.53
585,26.17,78.98,40.52
2293,26.17,78.99,40.52
2344,26.17,78.99,40.51
2686,26.17,78.99,40.51
4652,26.17,78.99,40.51
25849,26.16,79,40.5
4214,26.17,78.99,40.5
27031,26.17,79,40.5
45,26.16,78.96,40.51
54,26.17,78.97,40.52
190,26.16,78.97,40.5
382,26.16,78.98,40.51
435,26.15,78.98,40.49
1322,26.16,78.98,40.5
12211,26.16,79,40.49
6362,26.18,78.99,40.5
41276,26.18,79,40.5
7,26.22,79,40.54
5,26.22,79,40.54
25,26.22,79,40.53
188,26.22,79,40.53
21,26.22,79,40.53
172,26.22,79,40.53
2,26.23,79,40.53
6,26.23,79,40.53
7,26.22,79,40.53
24,26.22,79,40.53
73,26.22,79,40.53
105,26.23,79,40.53
40,26.23,79,40.53
18,26.23,79,40.53
6,26.23,79,40.53
127,26.23,79,40.53
51,26.23,79,40.53
261,26.23,79,40.53
101,26.23,79,40.53
32,26.23,79,40.53
227,26.23,79,40.52
110,26.23,79,40.52
1062,26.23,79,40.52
333,26.23,79,40.52
1772,26.23,79,40.52
711,26.23,79,40.52
92,26.23,79,40.52
3119,26.23,79,40.52
3897,26.23,79,40.52
394,26.23,79,40.52
597,26.23,79,40.52
1172,26.23,79,40.52
1675,26.23,79,40.52
3,26.19,78.98,40.54
35,26.19,78.98,40.54
3,26.2,78.98,40.54
47,26.2,78.99,40.54
17,26.2,78.99,40.54
81,26.19,78.98,40.53
487,26.19,78.99,40.53
124,26.2,78.99,40.53
843,26.19,78.99,40.53
716,26.19,78.99,40.52
2638,26.19,78.99,40.52
5144,26.19,78.99,40.52
1266,26.19,78.99,40.52
2893,26.19,78.99,40.51
7105,26.18,78.99,40.51
6,26.13,78.92,40.5
5,26.15,78.94,40.52
6,26.14,78.93,40.52
47,26.14,78.96,40.49
34,26.13,78.94,40.5
71,26.14,78.96,40.5
20,26.15,78.95,40.51
4,26.16,78.95,40.52
112,26.15,78.96,40.5
29,26.15,78.96,40.51
71,26.15,78.96,40.49
5,26.17,78.95,40.52
360,26.22,79,40.53
328,26.22,79,40.53
553,26.22,79,40.53
2729,26.22,79,40.53
498,26.22,79,40.53
3629,26.22,79,40.53
29962,26.22,79,40.53
107008,26.22,79.01,40.52
1963,26.22,79,40.53
18892,26.22,79,40.53
77542,26.22,79.01,40.52
10561,26.22,79,40.53
55248,26.22,79.01,40.52
36716,26.23,79.01,40.52
835,26.22,79,40.53
67702,26.22,79.01,40.52
48063,26.23,79.01,40.52
112648,26.23,79.01,40.52
151256,26.22,79.01,40.52
124482,26.23,79.01,40.52
257980,26.23,79.01,40.52
162801,26.22,79.01,40.52
342038,26.23,79.01,40.52
269660,26.23,79.01,40.52
520456,26.23,79.01,40.52
352000,26.23,79.01,40.52
599030,26.23,79.01,40.52
532570,26.23,79.01,40.52
606599,26.23,79.01,40.52
123,26.22,79,40.53
14013,26.21,79,40.52
7935,26.21,79,40.53
20405,26.21,79,40.52
16848,26.21,79,40.52
24514,26.21,79,40.52
52034,26.21,79,40.52
69058,26.21,79,40.52
55279,26.21,79,40.52
106500,26.21,79,40.52
71669,26.21,79,40.52
131008,26.21,79,40.52
109801,26.21,79,40.52
203909,26.21,79.01,40.52
238132,26.21,79.01,40.52
133707,26.21,79,40.52
206980,26.21,79.01,40.52
386958,26.21,79.01,40.52
421772,26.21,79.01,40.51
240308,26.21,79.01,40.51
389122,26.21,79.01,40.51
662219,26.21,79.01,40.51
422704,26.21,79.01,40.51
701397,26.21,79.01,40.51
663125,26.21,79.01,40.51
701651,26.21,79.01,40.51
103419,26.21,79,40.52
154985,26.21,79,40.52
178654,26.21,79.01,40.51
105315,26.21,79,40.51
157097,26.21,79,40.51
269988,26.21,79.01,40.51
180144,26.21,79.01,40.51
302296,26.21,79.01,40.51
270995,26.21,79.01,40.51
484239,26.21,79.01,40.51
303381,26.21,79.01,40.51
537372,26.2,79.01,40.51
484019,26.21,79.01,40.51
750708,26.21,79.01,40.51
535985,26.2,79.01,40.51
786430,26.2,79.01,40.51
752221,26.21,79.01,40.51
776901,26.2,79.01,40.5
681447,26.2,79.01,40.5
649401,26.2,79.01,40.5
13800,26.22,79,40.53
44257,26.22,79,40.52
106709,26.22,79.01,40.52
230259,26.21,79.01,40.52
4196,26.22,79,40.53
23989,26.22,79,40.53
76803,26.22,79,40.52
185473,26.22,79.01,40.52
413875,26.22,79.01,40.52
16074,26.22,79,40.53
90551,26.22,79.01,40.52
192798,26.22,79.01,40.52
57759,26.22,79,40.52
119852,26.22,79.01,40.52
254803,26.22,79.01,40.52
151974,26.22,79.01,40.52
300858,26.22,79.01,40.52
344219,26.22,79.01,40.52
236758,26.21,79.01,40.52
483214,26.21,79.01,40.52
421260,26.22,79.01,40.52
715797,26.22,79.01,40.52
203782,26.22,79.01,40.52
410330,26.22,79.01,40.52
265541,26.22,79.01,40.52
465831,26.22,79.01,40.52
310680,26.22,79.01,40.52
551515,26.22,79.01,40.52
352946,26.22,79.01,40.52
609182,26.22,79.01,40.52
660198,26.22,79.01,40.52
488503,26.21,79.01,40.52
783112,26.21,79.01,40.52
719587,26.22,79.01,40.52
418474,26.22,79.01,40.52
674619,26.22,79.01,40.52
473691,26.22,79.01,40.52
751407,26.22,79.01,40.52
558243,26.22,79.01,40.52
614441,26.22,79.01,40.52
664527,26.22,79.01,40.52
785268,26.21,79.01,40.52
679295,26.22,79.01,40.52
755057,26.22,79.01,40.52
768,26.22,79,40.53
3657,26.22,79,40.53
4541,26.22,79,40.53
3192,26.22,79,40.53
16787,26.21,79,40.52
6142,26.22,79,40.53
8506,26.22,79,40.53
26472,26.22,79,40.52
43182,26.21,79,40.52
20056,26.21,79,40.52
31072,26.22,79,40.52
68747,26.21,79,40.52
91001,26.21,79,40.52
46100,26.21,79,40.52
72685,26.21,79,40.52
145524,26.21,79.01,40.52
94180,26.21,79,40.52
176273,26.21,79.01,40.52
149635,26.21,79.01,40.52
287650,26.21,79.01,40.52
351083,26.21,79.01,40.52
179470,26.21,79.01,40.52
291367,26.21,79.01,40.52
548225,26.21,79.01,40.52
621128,26.21,79.01,40.51
353462,26.21,79.01,40.51
550548,26.21,79.01,40.51
622322,26.21,79.01,40.51
2614,26.2,79,40.52
29758,26.2,79,40.52
31103,26.2,79,40.52
39038,26.2,79,40.52
40837,26.2,79,40.52
7411,26.2,79,40.52
18542,26.2,79,40.52
38022,26.2,79,40.52
36489,26.2,79,40.52
52060,26.2,79,40.52
49820,26.2,79,40.52
23216,26.2,79,40.52
21805,26.2,79,40.52
29114,26.2,79,40.52
26115,26.21,79,40.52
30984,26.2,79,40.52
4197,26.21,79,40.52
12474,26.2,79,40.52
49798,26.2,79,40.51
48771,26.2,79,40.51
65968,26.2,79,40.51
64564,26.2,79,40.51
32426,26.2,79,40.52
33522,26.2,79,40.51
44046,26.2,79,40.51
42662,26.2,79,40.52
90249,26.2,79,40.51
60421,26.2,79,40.51
88374,26.2,79,40.51
83543,26.2,79,40.51
127690,26.2,79,40.51
79117,26.2,79,40.51
125527,26.2,79,40.51
129977,26.2,79,40.51
128130,26.2,79,40.51
39634,26.2,79,40.52
54252,26.2,79,40.52
71464,26.2,79,40.51
71564,26.2,79,40.51
96807,26.2,79,40.51
96945,26.2,79,40.51
51374,26.2,79,40.51
50803,26.2,79,40.51
67308,26.2,79,40.51
68136,26.2,79,40.51
138748,26.2,79,40.51
138748,26.2,79,40.51
210763,26.2,79.01,40.51
211949,26.2,79.01,40.51
92010,26.2,79,40.51
93093,26.2,79,40.51
132172,26.2,79,40.51
133405,26.2,79,40.51
111208,26.2,79,40.5
116372,26.2,79,40.5
71437,26.2,79,40.51
70840,26.2,79,40.5
96695,26.2,79,40.51
96034,26.2,79,40.5
348,26.22,79,40.53
1884,26.22,79,40.53
2192,26.22,79,40.53
130298,26.2,79,40.51
195014,26.2,79.01,40.51
131615,26.2,79,40.51
205007,26.2,79.01,40.51
196387,26.2,79.01,40.51
326087,26.2,79.01,40.51
204883,26.2,79.01,40.51
317281,26.2,79.01,40.51
325511,26.2,79.01,40.51
516646,26.2,79.01,40.51
306970,26.2,79.01,40.5
428127,26.2,79.01,40.5
495970,26.2,79.01,40.5
545398,26.2,79.01,40.5
406907,26.2,79.01,40.5
517428,26.2,79.01,40.5
136289,26.2,79,40.5
138167,26.2,79,40.51
138187,26.2,79,40.5
203102,26.2,79.01,40.5
207145,26.2,79.01,40.51
195702,26.2,79.01,40.5
131231,26.2,79,40.5
254208,26.2,79.01,40.5
186029,26.2,79.01,40.5
304833,26.2,79.01,40.5
287847,26.2,79.01,40.5
102305,26.2,79,40.5
187193,26.2,79.01,40.5
201080,26.2,79.01,40.5
239023,26.2,79.01,40.5
20,26.18,79,40.47
84,26.15,78.98,40.48
2070,26.16,78.99,40.48
176,26.16,78.99,40.47
6,26.18,79,40.47
10,26.16,78.97,40.47
21,26.16,78.98,40.47
6,26.17,79,40.46
109,26.17,79,40.48
82,26.18,79,40.48
3,26.13,78.92,40.48
8,26.14,78.96,40.47
10,26.13,78.94,40.48
20,26.14,78.96,40.48
8,26.15,78.96,40.47
27,26.15,78.96,40.48
461,26.22,79,40.53
244,26.23,79,40.53
229,26.23,79,40.53
1436,26.23,79,40.52
524,26.23,79,40.53
407,26.23,79,40.53
2987,26.23,79,40.53
5410,26.23,79,40.52
1279,26.23,79,40.53
11223,26.23,79,40.52
3030,26.23,79,40.52
7517,26.23,79,40.52
9689,26.23,79,40.52
24951,26.23,79,40.52
16577,26.23,79,40.52
39679,26.23,79,40.52
20812,26.23,79,40.52
9918,26.23,79,40.52
30648,26.23,79,40.52
68356,26.23,79.01,40.52
46199,26.23,79,40.52
97949,26.23,79.01,40.52
52268,26.23,79.01,40.52
24207,26.23,79,40.52
75459,26.23,79.01,40.52
175812,26.23,79.01,40.52
105116,26.23,79.01,40.52
224765,26.23,79.01,40.52
132044,26.23,79.01,40.52
58827,26.23,79.01,40.52
187782,26.23,79.01,40.52
368537,26.23,79.01,40.52
235083,26.23,79.01,40.52
459627,26.23,79.01,40.52
130784,26.23,79.01,40.51
306560,26.23,79.01,40.51
365397,26.23,79.01,40.51
688777,26.23,79.01,40.51
458575,26.23,79.01,40.51
319734,26.23,79.01,40.51
590362,26.23,79.01,40.51
699483,26.23,79.01,40.51
603227,26.23,79.01,40.51
578,26.23,79,40.52
2489,26.23,79,40.52
927,26.23,79,40.52
3523,26.23,79,40.52
6948,26.23,79,40.52
2486,26.23,79,40.52
1388,26.23,79,40.52
8413,26.23,79,40.52
17178,26.23,79,40.52
5977,26.23,79,40.52
3121,26.23,79,40.52
19854,26.23,79,40.52
40985,26.23,79.01,40.52
13056,26.23,79,40.52
6991,26.23,79,40.52
41139,26.23,79.01,40.51
92195,26.23,79.01,40.51
13563,26.23,79,40.51
27730,26.23,79.01,40.51
99985,26.23,79.01,40.51
250575,26.23,79.01,40.51
31250,26.23,79.01,40.51
73127,26.24,79.01,40.51
260846,26.23,79.01,40.51
487330,26.24,79.01,40.51
77744,26.24,79.01,40.51
173916,26.24,79.01,40.51
474486,26.24,79.01,40.51
164857,26.24,79.01,40.51
352408,26.24,79.01,40.51
328917,26.24,79.01,40.5
4356,26.23,79,40.52
4723,26.23,79,40.51
8538,26.24,79,40.51
5786,26.24,79,40.51
9887,26.24,79,40.51
21075,26.24,79,40.51
6174,26.24,79,40.51
11496,26.24,79,40.51
22653,26.24,79,40.51
49772,26.24,79.01,40.51
10537,26.24,79,40.51
19624,26.24,79.01,40.51
45819,26.24,79.01,40.51
97644,26.24,79.01,40.51
30813,26.24,79.01,40.5
14943,26.24,79.01,40.5
84133,26.24,79.01,40.5
206581,26.24,79.01,40.5
13341,26.24,79.01,40.5
14774,26.24,79.01,40.5
221318,26.24,79.01,40.5
5534,26.24,79.01,40.5
1153,26.24,79.01,40.5
396,26.24,79.01,40.5
117,26.24,79.01,40.5
50,26.24,79.01,40.5
2,26.23,79,40.53
5,26.23,79,40.53
9,26.24,79,40.52
6,26.24,79,40.52
5,26.24,79,40.52
3,26.24,79,40.52
3,26.24,79,40.52
21,26.23,79,40.52
40,26.24,79,40.52
2,26.24,79,40.52
3,26.24,79,40.52
5,26.24,79,40.52
7,26.24,79,40.52
112,26.24,79,40.52
18,26.24,79,40.52
71,26.24,79,40.52
12,26.24,79,40.52
11,26.24,79,40.52
982,26.24,79,40.52
325,26.24,79,40.52
1281,26.24,79,40.52
486,26.24,79,40.52
95,26.24,79,40.52
144,26.24,79,40.52
117,26.24,79,40.52
2,26.24,79,40.51
2,26.24,79,40.51
4,26.24,79,40.51
2,26.24,79,40.51
3,26.24,79,40.51
16,26.24,79,40.51
121,26.24,79,40.51
7,26.24,79,40.51
185,26.24,79,40.51
11,26.24,79,40.51
246,26.24,79,40.51
324,26.24,79,40.51
11,26.24,79,40.51
9,26.24,79,40.52
41,26.24,79,40.51
214,26.24,79,40.51
163,26.24,79,40.52
28,26.24,79,40.52
1087,26.24,79,40.51
2772,26.24,79,40.51
1337,26.24,79,40.51
3235,26.24,79,40.51
1510,26.24,79,40.52
615,26.24,79,40.52
1695,26.24,79,40.51
740,26.24,79,40.51
185,26.24,79,40.52
233,26.24,79,40.51
2,26.24,79,40.51
2,26.24,79,40.51
2973,26.24,79,40.51
199,26.24,79,40.51
5,26.24,79,40.51
2586,26.24,79,40.51
165,26.24,79,40.51
4,26.24,79,40.51
3,26.24,79,40.51
3,26.24,79,40.51
254,26.24,79,40.51
15,26.24,79,40.51
295,26.24,79,40.51
16,26.24,79,40.51
396,26.24,79,40.51
433,26.24,79,40.51
2164,26.24,79,40.51
1952,26.24,79,40.51
1543,26.24,79,40.51
1648,26.24,79,40.51
36,26.24,79,40.5
11,26.24,79,40.5
1362,26.24,79,40.5
71,26.24,79,40.5
2045,26.24,79,40.51
122,26.24,79,40.51
3,26.24,79,40.51
21,26.21,78.99,40.54
135,26.2,78.99,40.53
170,26.2,78.99,40.53
236,26.2,78.99,40.53
801,26.2,78.99,40.53
312,26.2,78.99,40.53
1160,26.2,78.99,40.53
1111,26.2,78.99,40.52
2967,26.2,79,40.52
1673,26.2,78.99,40.52
4594,26.2,79,40.52
3444,26.2,79,40.52
7703,26.2,79,40.52
5340,26.2,79,40.52
12367,26.2,79,40.52
8291,26.2,79,40.51
17390,26.2,79,40.51
13331,26.2,79,40.51
28231,26.2,79,40.51
34437,26.19,79,40.51
18026,26.2,79,40.51
55528,26.2,79,40.51
29306,26.2,79,40.51
34004,26.19,79,40.5
42165,26.19,79,40.5
60936,26.2,79,40.5
167375,26.2,79.01,40.5
83634,26.2,79,40.5
86789,26.2,79,40.5
54378,26.2,79,40.5
105367,26.19,79,40.5
36782,26.19,79,40.5
147681,26.2,79.01,40.5
51,26.2,78.99,40.53
437,26.2,78.99,40.53
1353,26.2,78.99,40.52
1938,26.2,78.99,40.52
3299,26.19,78.99,40.52
1546,26.2,78.99,40.52
2224,26.2,78.99,40.52
4956,26.2,79,40.52
3528,26.19,78.99,40.51
7161,26.19,79,40.51
5325,26.2,79,40.51
10986,26.19,79,40.51
7380,26.19,79,40.51
21462,26.19,79,40.51
11365,26.19,79,40.51
21222,26.19,79,40.5
28448,26.19,79,40.5
25788,26.19,79,40.5
89549,26.19,79,40.5
5675,26.19,78.99,40.51
13609,26.19,79,40.51
13433,26.19,79,40.5
12976,26.19,79,40.51
19182,26.19,79,40.5
64958,26.19,79,40.5
17483,26.19,79,40.5
76134,26.19,79,40.5
6310,26.18,78.99,40.5
42761,26.18,79,40.5
3,26.22,78.99,40.54
26,26.21,78.99,40.53
153,26.21,79,40.53
827,26.21,79,40.53
4164,26.21,79,40.53
27,26.21,79,40.53
3787,26.21,79,40.53
5524,26.21,79,40.53
4692,26.21,79,40.53
3743,26.21,79,40.53
7200,26.21,79,40.53
5886,26.21,79,40.53
176,26.21,79,40.53
1111,26.21,79,40.53
2349,26.21,79,40.53
3513,26.21,79,40.53
4473,26.21,79,40.53
2896,26.21,79,40.53
640,26.22,79,40.53
14322,26.21,79,40.52
15639,26.21,79,40.52
20876,26.21,79,40.52
19245,26.21,79,40.52
7070,26.21,79,40.52
29534,26.21,79,40.52
42331,26.21,79,40.52
36349,26.21,79,40.52
14514,26.21,79,40.52
27092,26.21,79,40.52
20238,26.21,79,40.52
38929,26.21,79,40.52
33915,26.21,79,40.52
8994,26.21,79,40.52
7487,26.21,79,40.52
11923,26.21,79,40.52
9989,26.21,79,40.52
27813,26.21,79,40.52
47431,26.21,79,40.52
45672,26.21,79,40.52
66856,26.21,79,40.52
38520,26.21,79,40.52
64425,26.21,79,40.52
17848,26.21,79,40.52
16837,26.21,79,40.52
23707,26.21,79,40.52
22545,26.21,79,40.52
57814,26.21,79,40.52
59409,26.21,79,40.52
85685,26.21,79,40.52
87811,26.21,79,40.52
33260,26.21,79,40.52
31770,26.21,79,40.52
47101,26.21,79,40.52
45271,26.21,79,40.52
118275,26.21,79,40.51
120230,26.21,79,40.51
49195,26.21,79,40.52
50431,26.21,79,40.51
69230,26.21,79,40.52
70735,26.21,79,40.51
8,26.21,78.99,40.54
9,26.21,78.99,40.54
4,26.21,78.99,40.54
101,26.21,78.99,40.53
21,26.21,78.99,40.53
23,26.21,78.99,40.53
125,26.21,78.99,40.53
196,26.21,78.99,40.53
780,26.21,78.99,40.53
266,26.21,78.99,40.53
1147,26.21,79,40.53
17,26.18,78.98,40.54
25,26.19,78.98,40.54
35,26.18,78.98,40.53
182,26.18,78.98,40.53
50,26.19,78.98,40.53
290,26.18,78.98,40.53
249,26.18,78.98,40.52
826,26.18,78.98,40.52
415,26.18,78.98,40.52
1423,26.18,78.99,40.52
881,26.18,78.98,40.51
1545,26.18,78.99,40.51
4055,26.18,78.99,40.51
8,26.17,78.95,40.51
7,26.18,78.96,40.52
4,26.18,78.97,40.53
88,26.18,78.97,40.52
783,26.17,78.98,40.51
2253,26.17,78.99,40.51
2051,26.17,78.99,40.5
27704,26.17,79,40.5
2614,26.17,78.99,40.5
16791,26.17,79,40.49
3262,26.17,78.99,40.5
41,26.16,78.96,40.5
72,26.17,78.97,40.51
120,26.16,78.97,40.49
355,26.16,78.98,40.5
768,26.16,78.98,40.49
16563,26.17,79,40.49
3791,26.18,78.99,40.5
33544,26.18,79,40.5
20818,26.18,79,40.49
5,26.21,78.99,40.54
3,26.22,79,40.54
2,26.22,79,40.54
11,26.22,79,40.53
86,26.22,79,40.53
9,26.22,79,40.53
86,26.22,79,40.53
2,26.23,79,40.53
3,26.22,79,40.53
10,26.23,79,40.53
32,26.22,79,40.53
313,26.22,79,40.53
10,26.23,79,40.53
30,26.23,79,40.53
41,26.23,79,40.53
147,26.23,79,40.53
127,26.22,79,40.53
117,26.23,79,40.52
333,26.23,79,40.52
817,26.23,79,40.52
1011,26.23,79,40.52
2180,26.23,79,40.52
2608,26.23,79,40.52
707,26.23,79,40.52
9,26.19,78.98,40.54
12,26.2,78.98,40.54
3,26.21,78.98,40.54
21,26.19,78.98,40.53
148,26.19,78.98,40.53
31,26.2,78.98,40.53
242,26.2,78.99,40.53
12,26.21,78.98,40.53
220,26.19,78.98,40.52
879,26.19,78.99,40.52
375,26.2,78.99,40.52
1554,26.19,78.99,40.52
966,26.19,78.99,40.51
2917,26.19,78.99,40.51
5,26.14,78.93,40.5
5,26.15,78.94,40.51
13,26.15,78.95,40.49
19,26.15,78.95,40.5
5,26.16,78.95,40.51
27,26.15,78.96,40.5
18,26.15,78.96,40.49
4,26.21,78.98,40.53
797,26.22,79,40.53
847,26.22,79,40.53
1414,26.22,79,40.53
6363,26.22,79,40.53
1606,26.22,79,40.53
10243,26.22,79,40.53
41270,26.22,79,40.52
6088,26.22,79,40.53
29085,26.22,79,40.52
19168,26.22,79,40.52
2236,26.22,79,40.53
36335,26.22,79,40.52
25371,26.22,79,40.52
77989,26.22,79.01,40.52
57421,26.23,79.01,40.52
85574,26.22,79.01,40.52
64601,26.23,79.01,40.52
131442,26.23,79.01,40.52
170424,26.22,79.01,40.52
138816,26.23,79.01,40.52
277489,26.23,79.01,40.52
177620,26.22,79.01,40.52
359373,26.23,79.01,40.52
286295,26.23,79.01,40.52
540001,26.23,79.01,40.52
366538,26.23,79.01,40.52
611841,26.23,79.01,40.52
540542,26.23,79.01,40.51
613185,26.23,79.01,40.51
507,26.22,79,40.53
8708,26.21,79,40.52
19465,26.21,79,40.52
27793,26.21,79,40.52
38617,26.21,79,40.52
21019,26.21,79,40.52
29797,26.21,79,40.52
58199,26.21,79,40.52
40242,26.21,79,40.52
74114,26.21,79,40.52
60491,26.21,79,40.52
112858,26.21,79,40.52
136102,26.21,79,40.52
76124,26.21,79,40.52
115443,26.21,79,40.52
209705,26.21,79.01,40.52
242148,26.21,79.01,40.51
138099,26.21,79,40.51
211970,26.21,79.01,40.51
390843,26.21,79.01,40.51
243649,26.21,79.01,40.51
423514,26.21,79.01,40.51
392202,26.21,79.01,40.51
663833,26.21,79.01,40.51
424205,26.21,79.01,40.51
701964,26.21,79.01,40.51
664440,26.21,79.01,40.51
702270,26.21,79.01,40.51
61177,26.21,79,40.52
89901,26.21,79,40.52
107048,26.21,79,40.51
62351,26.21,79,40.51
91469,26.21,79,40.51
158931,26.21,79,40.51
108320,26.21,79,40.51
181379,26.21,79.01,40.51
160389,26.21,79,40.51
271892,26.21,79.01,40.51
182402,26.21,79.01,40.51
304121,26.21,79.01,40.51
272754,26.21,79.01,40.51
484391,26.21,79.01,40.51
304245,26.21,79.01,40.51
535015,26.2,79.01,40.51
485105,26.21,79.01,40.51
760479,26.21,79.01,40.51
538924,26.2,79.01,40.5
725096,26.2,79.01,40.5
792379,26.21,79.01,40.5
653970,26.2,79.01,40.5
620606,26.2,79.01,40.5
6259,26.22,79,40.53
3358,26.22,79,40.53
4349,26.22,79,40.53
20082,26.22,79,40.52
50662,26.22,79,40.52
113213,26.22,79.01,40.52
9532,26.22,79,40.53
33169,26.22,79,40.52
85661,26.22,79,40.52
194161,26.22,79.01,40.52
23799,26.22,79,40.52
49062,26.22,79,40.52
101126,26.22,79.01,40.52
66334,26.22,79,40.52
130455,26.22,79.01,40.52
162184,26.22,79.01,40.52
118556,26.22,79.01,40.52
242588,26.21,79.01,40.52
201244,26.22,79.01,40.52
427481,26.22,79.01,40.52
108989,26.22,79.01,40.52
211541,26.22,79.01,40.52
138241,26.22,79.01,40.52
273429,26.22,79.01,40.52
169971,26.22,79.01,40.52
318160,26.22,79.01,40.52
359668,26.22,79.01,40.52
247712,26.21,79.01,40.52
493155,26.21,79.01,40.52
432956,26.22,79.01,40.52
723025,26.22,79.01,40.52
218417,26.22,79.01,40.52
425117,26.22,79.01,40.52
280311,26.22,79.01,40.52
480434,26.22,79.01,40.52
324568,26.22,79.01,40.52
564002,26.22,79.01,40.52
365497,26.22,79.01,40.52
619054,26.22,79.01,40.52
668336,26.22,79.01,40.52
497029,26.21,79.01,40.52
786997,26.21,79.01,40.52
725960,26.22,79.01,40.52
431229,26.22,79.01,40.52
682920,26.22,79.01,40.52
486437,26.22,79.01,40.52
758076,26.22,79.01,40.52
569006,26.22,79.01,40.52
623022,26.22,79.01,40.52
671567,26.22,79.01,40.52
788393,26.21,79.01,40.51
684515,26.22,79.01,40.51
2578,26.22,79,40.53
9021,26.22,79,40.52
12781,26.22,79,40.52
22731,26.21,79,40.52
11003,26.22,79,40.52
15470,26.22,79,40.52
34632,26.22,79,40.52
48744,26.21,79,40.52
24538,26.21,79,40.52
37175,26.22,79,40.52
76256,26.21,79,40.52
50889,26.21,79,40.52
97065,26.21,79,40.52
79167,26.21,79,40.52
153364,26.21,79.01,40.52
182229,26.21,79.01,40.52
99512,26.21,79,40.52
156497,26.21,79.01,40.52
294516,26.21,79.01,40.52
355367,26.21,79.01,40.51
184500,26.21,79.01,40.51
297044,26.21,79.01,40.51
552350,26.21,79.01,40.51
356877,26.21,79.01,40.51
623347,26.21,79.01,40.51
553731,26.21,79.01,40.51
624218,26.21,79.01,40.51
1163,26.21,78.99,40.52
3359,26.2,79,40.52
8632,26.2,79,40.52
20633,26.2,79,40.52
1787,26.21,79,40.52
25605,26.2,79,40.52
24631,26.2,79,40.52
34053,26.2,79,40.52
32855,26.2,79,40.52
5451,26.21,79,40.52
14547,26.2,79,40.52
35379,26.2,79,40.51
34655,26.2,79,40.51
46423,26.2,79,40.51
45535,26.2,79,40.51
22281,26.2,79,40.51
63041,26.2,79,40.51
41091,26.2,79,40.51
61771,26.2,79,40.51
55917,26.2,79,40.51
84781,26.2,79,40.51
81126,26.2,79,40.51
86569,26.2,79,40.51
82636,26.2,79,40.51
27487,26.2,79,40.51
26608,26.2,79,40.52
35401,26.2,79,40.52
36442,26.2,79,40.51
51877,26.2,79,40.51
51965,26.2,79,40.51
68729,26.2,79,40.51
68832,26.2,79,40.51
36438,26.2,79,40.51
36055,26.2,79,40.51
47373,26.2,79,40.51
47890,26.2,79,40.51
93813,26.2,79,40.51
93886,26.2,79,40.51
134304,26.2,79,40.51
134305,26.2,79,40.51
64317,26.2,79,40.51
65100,26.2,79,40.51
88384,26.2,79,40.51
89382,26.2,79,40.51
69907,26.2,79,40.5
68341,26.2,79,40.5
93721,26.2,79,40.5
94963,26.2,79,40.5
51901,26.2,79,40.51
51448,26.2,79,40.5
68651,26.2,79,40.51
68122,26.2,79,40.5
1285,26.22,79,40.53
316099,26.2,79.01,40.5
84201,26.2,79,40.51
121970,26.21,79,40.51
85076,26.2,79,40.51
132552,26.2,79,40.51
123049,26.21,79,40.51
197300,26.2,79.01,40.51
132656,26.2,79,40.51
204321,26.2,79.01,40.51
197471,26.2,79.01,40.51
324907,26.2,79.01,40.51
203051,26.2,79.01,40.5
293267,26.2,79.01,40.5
324987,26.2,79.01,40.5
469505,26.2,79.01,40.5
276246,26.2,79.01,40.5
376095,26.2,79.01,40.5
460999,26.2,79.01,40.5
426438,26.2,79.01,40.5
355267,26.2,79.01,40.5
92119,26.2,79,40.5
93587,26.2,79,40.51
92821,26.2,79,40.5
132856,26.2,79,40.5
133916,26.2,79,40.51
132098,26.2,79,40.5
90497,26.2,79,40.5
123983,26.2,79,40.5
129955,26.2,79,40.5
175741,26.2,79.01,40.5
160674,26.2,79.01,40.5
267181,26.2,79.01,40.5
241159,26.2,79.01,40.5
90614,26.2,79,40.5
79574,26.2,79,40.5
94644,26.2,79,40.5
66103,26.2,79,40.5
114395,26.2,79,40.5
177883,26.2,79.01,40.5
212624,26.2,79.01,40.5
225289,26.2,79.01,40.5
208966,26.2,79.01,40.5
5,26.18,79,40.47
67460,26.19,79,40.49
78296,26.19,79,40.5
127,26.18,79,40.48
34,26.18,78.99,40.48
7,26.18,78.99,40.47
4,26.18,79,40.47
4001,26.17,79,40.49
4239,26.16,79,40.49
41,26.16,78.97,40.48
163,26.16,78.98,40.48
124,26.17,79,40.47
7,26.18,78.99,40.47
3,26.16,78.96,40.47
13,26.16,78.98,40.47
28,26.18,78.99,40.48
745,26.17,79,40.48
28,26.18,78.99,40.48
686,26.18,79,40.48
4835,26.18,79,40.49
5,26.19,78.99,40.47
2,26.14,78.93,40.48
3,26.15,78.95,40.47
7,26.15,78.95,40.48
3,26.15,78.96,40.47
8,26.15,78.96,40.48
1073,26.22,79,40.53
536,26.23,79,40.53
552,26.23,79,40.53
1302,26.23,79,40.52
1142,26.23,79,40.53
6608,26.23,79,40.52
3518,26.23,79,40.52
2300,26.23,79,40.52
4693,26.23,79,40.52
9341,26.23,79,40.52
5813,26.23,79,40.52
13331,26.23,79,40.52
21185,26.23,79,40.52
11809,26.23,79,40.52
5962,26.23,79,40.52
16314,26.23,79,40.52
34134,26.23,79,40.52
24863,26.23,79,40.52
50391,26.23,79,40.52
26994,26.23,79,40.52
13580,26.23,79,40.52
37898,26.23,79,40.52
80171,26.23,79.01,40.52
54517,26.23,79,40.52
110417,26.23,79.01,40.52
61254,26.23,79.01,40.52
30044,26.23,79,40.52
86255,26.23,79.01,40.52
192444,26.23,79.01,40.52
116317,26.23,79.01,40.52
240806,26.23,79.01,40.52
61591,26.23,79.01,40.51
134766,26.23,79.01,40.51
192254,26.23,79.01,40.51
370054,26.23,79.01,40.51
241685,26.23,79.01,40.51
461432,26.23,79.01,40.51
142588,26.23,79.01,40.51
332557,26.23,79.01,40.51
380800,26.23,79.01,40.51
707802,26.23,79.01,40.51
470296,26.23,79.01,40.51
341657,26.23,79.01,40.51
605925,26.23,79.01,40.51
713599,26.23,79.01,40.51
595821,26.23,79.01,40.51
477,26.23,79,40.52
1411,26.23,79,40.52
4491,26.23,79,40.52
1873,26.23,79,40.52
5321,26.23,79,40.52
9850,26.23,79,40.52
3819,26.23,79,40.52
2290,26.23,79,40.52
11124,26.23,79,40.52
21030,26.23,79,40.52
7597,26.23,79,40.52
4346,26.23,79,40.52
21605,26.23,79,40.51
43486,26.23,79.01,40.51
8056,26.23,79,40.51
14774,26.23,79,40.51
47569,26.23,79.01,40.51
108037,26.23,79.01,40.51
16565,26.23,79,40.51
34764,26.23,79.01,40.51
113515,26.23,79.01,40.51
262659,26.23,79.01,40.51
36967,26.23,79.01,40.51
78209,26.24,79.01,40.51
253899,26.23,79.01,40.51
456268,26.24,79.01,40.51
73968,26.24,79.01,40.51
152303,26.24,79.01,40.51
435833,26.24,79.01,40.5
138769,26.24,79.01,40.5
317885,26.24,79.01,40.5
340000,26.24,79.01,40.5
1177,26.23,79,40.52
2933,26.23,79,40.52
1319,26.23,79,40.51
3203,26.23,79,40.51
5285,26.23,79,40.51
3630,26.24,79,40.51
5978,26.23,79,40.51
11112,26.24,79,40.51
3829,26.24,79,40.51
6125,26.24,79,40.51
11806,26.24,79,40.51
22642,26.24,79,40.51
5712,26.24,79,40.51
8994,26.24,79,40.51
21118,26.24,79,40.51
40155,26.24,79.01,40.51
10760,26.24,79.01,40.5
7092,26.24,79,40.5
34008,26.24,79.01,40.5
76822,26.24,79.01,40.5
11000,26.24,79.01,40.5
7811,26.24,79.01,40.5
86384,26.24,79.01,40.5
242410,26.24,79.01,40.5
4366,26.24,79.01,40.5
184,26.24,79.01,40.5
124609,26.24,79.01,40.5
1617,26.24,79,40.51
1208,26.24,79,40.5
805,26.24,79,40.5
394,26.24,79,40.5
203,26.24,79.01,40.5
4,26.24,79,40.5
78,26.24,79.01,40.5
759773,26.22,79.01,40.51
2,26.24,79,40.53
3,26.23,79,40.53
8,26.23,79,40.53
2,26.24,79,40.52
3,26.24,79,40.52
5,26.24,79,40.52
10,26.24,79,40.52
27,26.23,79,40.52
60,26.23,79,40.52
5,26.24,79,40.52
5,26.24,79,40.52
23,26.24,79,40.52
22,26.24,79,40.52
245,26.24,79,40.52
129,26.23,79,40.52
4,26.24,79,40.51
7,26.24,79,40.51
30,26.24,79,40.51
280,26.24,79,40.51
342,26.24,79,40.51
40,26.24,79,40.51
287,26.24,79,40.51
341,26.24,79,40.51
1949,26.24,79,40.51
899,26.24,79,40.51
2205,26.24,79,40.51
1059,26.24,79,40.51
368,26.24,79,40.51
2,26.24,79,40.51
5,26.24,79,40.51
3,26.24,79,40.51
291,26.24,79,40.51
15,26.24,79,40.51
243,26.24,79,40.51
12,26.24,79,40.51
425,26.24,79,40.51
376,26.24,79,40.51
44,26.24,79,40.51
398,26.24,79,40.51
422,26.24,79,40.51
1626,26.24,79,40.51
1499,26.24,79,40.51
383,26.24,79,40.51
403,26.24,79,40.51
1193,26.24,79,40.51
1255,26.24,79,40.51
2,26.24,79,40.5
57,26.24,79,40.5
24,26.24,79,40.5
110,26.24,79,40.5
5,26.24,79,40.5
176,26.24,79,40.51
9,26.24,79,40.51
301,26.24,79,40.51
218,26.24,79,40.5
76,26.21,78.99,40.53
384,26.2,78.99,40.53
529,26.2,78.99,40.53
531,26.2,78.99,40.52
1427,26.2,78.99,40.52
748,26.2,78.99,40.52
2150,26.2,78.99,40.52
1665,26.2,78.99,40.52
3808,26.2,79,40.52
2519,26.2,78.99,40.52
5888,26.2,79,40.52
4112,26.2,79,40.51
8715,26.2,79,40.51
6347,26.2,79,40.51
14051,26.2,79,40.51
8997,26.2,79,40.51
18308,26.2,79,40.51
14522,26.2,79,40.51
29793,26.2,79,40.51
32615,26.19,79,40.5
18214,26.2,79,40.5
51967,26.2,79,40.5
29666,26.2,79,40.5
31207,26.19,79,40.5
113223,26.19,79,40.5
30081,26.19,79,40.5
46269,26.2,79,40.5
133590,26.2,79.01,40.5
113,26.2,78.99,40.53
94435,26.19,79,40.49
692,26.2,78.99,40.52
1734,26.2,78.99,40.52
2484,26.2,78.99,40.52
3728,26.19,78.99,40.51
1861,26.2,78.99,40.51
2670,26.2,78.99,40.51
5606,26.2,79,40.51
3826,26.19,78.99,40.51
7489,26.19,79,40.51
5777,26.2,79,40.51
11528,26.19,79,40.51
7410,26.19,79,40.5
20271,26.19,79,40.5
11449,26.19,79,40.5
18778,26.19,79,40.5
21634,26.19,79,40.5
27115,26.18,79,40.49
1716,26.19,78.99,40.51
5780,26.19,78.99,40.51
12920,26.19,79,40.5
11730,26.19,79,40.5
56367,26.19,79,40.5
11961,26.19,79,40.5
14794,26.19,79,40.5
2656,26.19,78.99,40.5
4727,26.18,78.99,40.5
11,26.21,78.99,40.53
5,26.22,78.99,40.53
4,26.22,78.99,40.53
11,26.22,78.99,40.53
68,26.21,78.99,40.53
363,26.21,79,40.53
1740,26.21,79,40.53
78,26.21,79,40.53
485,26.21,79,40.53
2722,26.21,79,40.53
254,26.22,79,40.53
1650,26.22,79,40.53
2882,26.21,79,40.52
9507,26.21,79,40.52
4975,26.21,79,40.52
16907,26.21,79,40.52
3031,26.22,79,40.52
10938,26.21,79,40.52
29094,26.21,79,40.52
34922,26.21,79,40.52
35977,26.21,79,40.52
49140,26.21,79,40.52
50510,26.21,79,40.52
19311,26.21,79,40.52
51796,26.21,79,40.51
52595,26.21,79,40.51
72271,26.21,79,40.51
73205,26.21,79,40.51
30941,26.21,79,40.51
5,26.21,78.99,40.54
46,26.21,78.99,40.53
56,26.21,78.99,40.53
89,26.21,78.99,40.53
344,26.21,78.99,40.53
114,26.21,78.99,40.53
490,26.21,78.99,40.53
6,26.19,78.97,40.53
59,26.18,78.98,40.53
89,26.19,78.98,40.53
82,26.18,78.98,40.52
301,26.18,78.98,40.52
127,26.19,78.98,40.52
504,26.18,78.98,40.52
320,26.18,78.98,40.51
869,26.18,78.98,40.51
542,26.18,78.98,40.51
1549,26.18,78.99,40.51
8,26.17,78.95,40.5
12,26.18,78.96,40.51
12,26.18,78.97,40.52
766,26.18,78.98,40.5
124,26.18,78.97,40.51
735,26.17,78.98,40.5
1523,26.17,78.99,40.49
1752,26.17,78.99,40.5
27,26.16,78.96,40.49
68,26.17,78.97,40.5
229,26.16,78.98,40.49
940,26.17,78.99,40.49
1377,26.18,78.99,40.5
2860,26.18,78.99,40.5
1363,26.18,78.99,40.49
18,26.21,78.99,40.53
4,26.22,78.99,40.53
35,26.22,79,40.53
4,26.22,78.99,40.53
35,26.22,79,40.53
3,26.23,79,40.53
12,26.22,79,40.53
112,26.22,79,40.53
880,26.22,79,40.53
13,26.23,79,40.53
38,26.23,79,40.53
42,26.22,79,40.53
142,26.23,79,40.53
397,26.22,79,40.53
1736,26.22,79,40.52
112,26.23,79,40.52
290,26.23,79,40.52
360,26.23,79,40.52
890,26.22,79,40.52
502,26.23,79,40.52
1100,26.23,79,40.52
2,26.2,78.98,40.54
40,26.19,78.98,40.53
4,26.2,78.98,40.53
5,26.2,78.98,40.53
64,26.2,78.98,40.53
27,26.21,78.98,40.53
61,26.19,78.98,40.52
278,26.19,78.98,40.52
103,26.2,78.98,40.52
478,26.2,78.99,40.52
308,26.19,78.98,40.51
973,26.19,78.99,40.51
3,26.16,78.94,40.5
5,26.22,78.99,40.53
10,26.21,78.98,40.53
2,26.22,78.98,40.53
1544,26.22,79,40.53
1818,26.22,79,40.53
2987,26.22,79,40.53
10465,26.22,79,40.52
3942,26.22,79,40.53
16318,26.22,79,40.52
11036,26.22,79,40.52
4551,26.22,79,40.52
20263,26.22,79,40.52
14487,26.22,79,40.52
42691,26.22,79,40.52
30988,26.22,79,40.52
6285,26.22,79,40.52
47508,26.22,79,40.52
35180,26.22,79,40.52
91045,26.22,79.01,40.52
69499,26.23,79.01,40.52
95782,26.22,79.01,40.52
74026,26.23,79.01,40.52
144560,26.23,79.01,40.52
183434,26.22,79.01,40.52
150260,26.23,79.01,40.52
292235,26.23,79.01,40.52
188843,26.22,79.01,40.52
371860,26.23,79.01,40.52
294021,26.23,79.01,40.51
542324,26.23,79.01,40.51
374177,26.23,79.01,40.51
614695,26.23,79.01,40.51
549327,26.23,79.01,40.51
618953,26.23,79.01,40.51
1358,26.22,79,40.52
11462,26.21,79,40.52
22552,26.21,79,40.52
31856,26.21,79,40.52
42032,26.21,79,40.52
23606,26.21,79,40.52
33261,26.21,79,40.52
62762,26.21,79,40.52
78011,26.21,79,40.52
43297,26.21,79,40.52
64545,26.21,79,40.52
117761,26.21,79,40.52
139837,26.21,79,40.51
79468,26.21,79,40.51
119621,26.21,79,40.51
213860,26.21,79.01,40.51
141285,26.21,79,40.51
244927,26.21,79.01,40.51
215410,26.21,79.01,40.51
393318,26.21,79.01,40.51
245980,26.21,79.01,40.51
424789,26.21,79.01,40.51
394272,26.21,79.01,40.51
664978,26.21,79.01,40.51
425209,26.21,79.01,40.51
702815,26.21,79.01,40.51
665322,26.21,79.01,40.51
703706,26.21,79.01,40.5
37198,26.21,79,40.52
52093,26.21,79,40.52
63694,26.21,79,40.51
37967,26.21,79,40.51
53085,26.21,79,40.51
93011,26.21,79,40.51
64538,26.21,79,40.51
109578,26.21,79,40.51
94169,26.21,79,40.51
161688,26.21,79,40.51
110492,26.21,79,40.51
183327,26.21,79.01,40.51
162742,26.21,79,40.51
273539,26.21,79.01,40.51
183977,26.21,79.01,40.51
304734,26.21,79.01,40.51
274161,26.21,79.01,40.51
487659,26.21,79.01,40.51
306147,26.21,79.01,40.5
533004,26.2,79.01,40.5
495227,26.21,79.01,40.5
788542,26.21,79.01,40.5
527962,26.2,79.01,40.5
591825,26.2,79.01,40.5
772925,26.21,79.01,40.5
9595,26.22,79,40.52
5079,26.22,79,40.52
6930,26.22,79,40.52
13036,26.22,79,40.52
24081,26.22,79,40.52
55324,26.22,79,40.52
14576,26.22,79,40.52
38742,26.22,79,40.52
91914,26.22,79,40.52
28743,26.22,79,40.52
56124,26.22,79,40.52
73297,26.22,79,40.52
59011,26.22,79,40.52
123286,26.22,79.01,40.52
97099,26.22,79,40.52
207277,26.22,79.01,40.52
61176,26.22,79,40.52
114771,26.22,79.01,40.52
78709,26.22,79,40.52
144252,26.22,79.01,40.52
176071,26.22,79.01,40.52
127189,26.22,79.01,40.52
252322,26.21,79.01,40.52
212277,26.22,79.01,40.52
437850,26.22,79.01,40.52
119726,26.22,79.01,40.52
224234,26.22,79.01,40.52
149301,26.22,79.01,40.52
286233,26.22,79.01,40.52
181250,26.22,79.01,40.52
330150,26.22,79.01,40.52
370561,26.22,79.01,40.52
256162,26.21,79.01,40.52
500213,26.21,79.01,40.52
441959,26.22,79.01,40.52
728317,26.22,79.01,40.52
229448,26.22,79.01,40.52
436052,26.22,79.01,40.52
291442,26.22,79.01,40.52
491236,26.22,79.01,40.52
334956,26.22,79.01,40.52
572949,26.22,79.01,40.52
374904,26.22,79.01,40.52
626177,26.22,79.01,40.52
674132,26.22,79.01,40.52
502763,26.21,79.01,40.51
789430,26.21,79.01,40.51
730196,26.22,79.01,40.51
438704,26.22,79.01,40.51
685939,26.22,79.01,40.51
628377,26.22,79.01,40.51
676075,26.22,79.01,40.51
790190,26.21,79.01,40.51
688816,26.22,79.01,40.51
5246,26.22,79,40.52
12846,26.22,79,40.52
18037,26.22,79,40.52
26395,26.21,79,40.52
14048,26.22,79,40.52
19535,26.22,79,40.52
39714,26.22,79,40.52
27679,26.21,79,40.52
52926,26.21,79,40.52
41542,26.22,79,40.52
81903,26.21,79,40.52
101672,26.21,79,40.52
54558,26.21,79,40.52
84111,26.21,79,40.52
159235,26.21,79.01,40.52
186371,26.21,79.01,40.51
103435,26.21,79,40.51
161421,26.21,79.01,40.51
299043,26.21,79.01,40.51
187900,26.21,79.01,40.51
358192,26.21,79.01,40.51
300582,26.21,79.01,40.51
554923,26.21,79.01,40.51
359300,26.21,79.01,40.51
624919,26.21,79.01,40.51
555924,26.21,79.01,40.51
625389,26.21,79.01,40.51
505,26.21,78.99,40.52
758,26.21,78.99,40.52
1523,26.21,78.99,40.52
3930,26.2,79,40.52
9537,26.2,79,40.52
2372,26.21,79,40.52
6335,26.21,79,40.52
16491,26.2,79,40.52
10238,26.2,79,40.51
24041,26.2,79,40.51
17616,26.2,79,40.51
41950,26.2,79,40.51
36834,26.2,79,40.51
36907,26.2,79,40.51
48403,26.2,79,40.51
48490,26.2,79,40.51
24871,26.2,79,40.51
65723,26.2,79,40.51
65830,26.2,79,40.51
90260,26.2,79,40.51
90219,26.2,79,40.51
43382,26.2,79,40.51
50827,26.2,79,40.5
49714,26.2,79,40.5
65986,26.2,79,40.5
67380,26.2,79,40.5
36920,26.2,79,40.51
36548,26.2,79,40.5
48470,26.2,79,40.51
48081,26.2,79,40.5
2984,26.22,79,40.52
202873,26.2,79.01,40.5
336202,26.2,79.01,40.5
53571,26.21,79,40.51
74392,26.21,79,40.51
85941,26.2,79,40.51
54097,26.21,79,40.51
75039,26.21,79,40.51
124001,26.21,79,40.51
86140,26.2,79,40.51
132290,26.2,79,40.51
124364,26.21,79,40.51
197348,26.2,79.01,40.51
131021,26.2,79,40.5
200084,26.2,79.01,40.5
196737,26.2,79.01,40.5
318545,26.2,79.01,40.5
196590,26.2,79.01,40.5
254887,26.2,79.01,40.5
224647,26.2,79.01,40.5
485668,26.2,79.01,40.5
366673,26.2,79.01,40.5
311586,26.2,79.01,40.5
440660,26.2,79.01,40.5
64892,26.2,79,40.5
65724,26.2,79,40.51
65276,26.2,79,40.5
89243,26.2,79,40.5
90040,26.2,79,40.51
89354,26.2,79,40.5
63687,26.2,79,40.5
88387,26.2,79,40.5
87543,26.2,79,40.5
127894,26.2,79,40.5
123547,26.2,79,40.5
146387,26.2,79.01,40.5
128617,26.2,79,40.5
255782,26.2,79.01,40.5
48300,26.2,79,40.5
64083,26.2,79,40.5
85417,26.2,79,40.5
62992,26.2,79,40.5
73940,26.2,79,40.5
84612,26.2,79,40.5
105037,26.2,79,40.5
95053,26.2,79,40.5
171871,26.2,79.01,40.5
193232,26.2,79.01,40.5
116464,26.2,79,40.49
32,26.18,79,40.48
6,26.19,79,40.47
294742,26.2,79.01,40.5
554793,26.2,79.01,40.5
400435,26.2,79.01,40.5
652286,26.21,79.01,40.5
12064,26.19,79,40.5
17167,26.19,79,40.5
55851,26.19,79,40.49
82307,26.19,79,40.49
5387,26.18,79,40.49
125,26.18,78.99,40.48
566,26.18,79,40.48
25,26.19,78.99,40.48
6,26.19,78.99,40.47
4,26.18,78.98,40.47
5,26.18,78.99,40.47
370,26.16,78.99,40.49
1498,26.17,79,40.48
314,26.17,78.99,40.49
10,26.16,78.96,40.48
69,26.16,78.98,40.48
3,26.17,78.97,40.47
14,26.17,78.98,40.47
19,26.18,78.98,40.48
93,26.17,78.99,40.48
23,26.18,78.99,40.48
110,26.18,78.99,40.48
400,26.18,78.99,40.49
3,26.19,78.99,40.47
2,26.24,79,40.51
2137,26.23,79,40.52
3372,26.23,79,40.52
12205,26.23,79,40.52
8000,26.23,79,40.52
7210,26.23,79,40.52
4201,26.23,79,40.52
14203,26.23,79,40.52
9664,26.23,79,40.52
18652,26.23,79,40.52
27644,26.23,79,40.52
15304,26.23,79,40.52
8167,26.23,79,40.52
20715,26.23,79,40.52
41091,26.23,79,40.52
30092,26.23,79,40.52
58081,26.23,79,40.52
31596,26.23,79,40.52
16847,26.23,79,40.52
44337,26.23,79,40.52
89282,26.23,79.01,40.52
61478,26.23,79,40.52
119940,26.23,79.01,40.52
32317,26.23,79,40.51
63923,26.23,79.01,40.51
90092,26.23,79.01,40.51
195461,26.23,79.01,40.51
121249,26.23,79.01,40.51
244212,26.23,79.01,40.51
68232,26.23,79.01,40.51
150528,26.23,79.01,40.51
202451,26.23,79.01,40.51
391900,26.23,79.01,40.51
250482,26.23,79.01,40.51
480781,26.23,79.01,40.51
156174,26.23,79.01,40.51
343663,26.23,79.01,40.51
400174,26.23,79.01,40.51
715010,26.23,79.01,40.51
489003,26.23,79.01,40.51
336921,26.23,79.01,40.51
579850,26.23,79.01,40.51
710862,26.23,79.01,40.51
562412,26.23,79.01,40.5
917,26.23,79,40.52
2211,26.23,79,40.52
6207,26.23,79,40.52
2749,26.23,79,40.52
6892,26.23,79,40.52
11924,26.23,79,40.52
4784,26.23,79,40.52
3092,26.23,79,40.52
12471,26.23,79,40.51
22975,26.23,79,40.51
5112,26.23,79,40.51
8768,26.23,79,40.51
25136,26.23,79,40.51
51740,26.23,79.01,40.51
9707,26.23,79,40.51
18298,26.23,79,40.51
54518,26.23,79.01,40.51
114455,26.23,79.01,40.51
19358,26.23,79,40.51
37138,26.23,79.01,40.51
110086,26.23,79.01,40.51
240499,26.23,79.01,40.51
35231,26.23,79.01,40.51
67499,26.24,79.01,40.51
226305,26.23,79.01,40.5
428826,26.24,79.01,40.5
60580,26.24,79.01,40.5
132556,26.24,79.01,40.5
444369,26.24,79.01,40.5
141109,26.24,79.01,40.5
335966,26.24,79.01,40.5
246090,26.24,79.01,40.5
1409,26.23,79,40.51
1493,26.23,79,40.51
3560,26.23,79,40.51
1662,26.23,79,40.51
2439,26.24,79,40.51
3944,26.23,79,40.51
6604,26.23,79,40.51
2548,26.24,79,40.51
3805,26.24,79,40.51
6943,26.23,79,40.51
11786,26.24,79,40.51
3588,26.24,79,40.51
4978,26.24,79,40.51
11131,26.24,79,40.51
18645,26.24,79,40.51
5397,26.24,79,40.5
4101,26.24,79,40.5
15877,26.24,79,40.5
30427,26.24,79.01,40.5
6386,26.24,79.01,40.5
4542,26.24,79,40.5
32415,26.24,79.01,40.5
81468,26.24,79.01,40.5
2309,26.24,79.01,40.5
955,26.24,79.01,40.5
31064,26.24,79.01,40.5
72569,26.24,79.01,40.5
104,26.24,79.01,40.5
12981,26.24,79.01,40.5
1286,26.24,79,40.51
1029,26.24,79,40.5
817,26.24,79,40.5
484,26.24,79,40.5
249,26.24,79,40.5
12,26.24,79,40.5
86,26.24,79,40.5
12,26.24,79.01,40.5
4,26.24,79,40.5
494147,26.22,79.01,40.51
761006,26.22,79.01,40.51
575500,26.22,79.01,40.51
3,26.23,78.99,40.53
2,26.23,79,40.53
10,26.23,79,40.53
2,26.24,78.99,40.52
4,26.24,79,40.52
7,26.23,79,40.52
14,26.24,79,40.52
27,26.23,79,40.52
63,26.23,79,40.52
8,26.24,79,40.52
7,26.24,79,40.52
40,26.24,79,40.52
27,26.24,79,40.52
115,26.23,79,40.52
213,26.23,79,40.52
11,26.24,79,40.51
10,26.24,79,40.51
59,26.24,79,40.51
60,26.24,79,40.51
290,26.23,79,40.51
496,26.24,79,40.51
12,26.24,79,40.51
5,26.24,79,40.51
41,26.24,79,40.51
412,26.24,79,40.51
374,26.24,79,40.51
75,26.24,79,40.51
392,26.24,79,40.51
361,26.24,79,40.51
1239,26.24,79,40.51
1157,26.24,79,40.51
592,26.24,79,40.51
2,26.24,79,40.5
10,26.24,79,40.5
136,26.24,79,40.5
4,26.24,79,40.5
72,26.24,79,40.5
23,26.24,79,40.5
312,26.24,79,40.51
245,26.24,79,40.5
193,26.21,78.99,40.53
695,26.2,78.99,40.52
987,26.2,78.99,40.52
817,26.2,78.99,40.52
1877,26.2,78.99,40.52
1166,26.2,78.99,40.52
2827,26.2,78.99,40.52
2031,26.2,78.99,40.51
4357,26.2,79,40.51
3051,26.2,78.99,40.51
6744,26.2,79,40.51
4495,26.2,79,40.51
9125,26.2,79,40.51
6959,26.2,79,40.51
14757,26.2,79,40.51
9074,26.2,79,40.5
17667,26.2,79,40.5
14696,26.2,79,40.5
28743,26.2,79,40.5
25054,26.19,79,40.5
16636,26.2,79,40.5
27164,26.2,79,40.5
38796,26.2,79,40.5
184,26.2,78.99,40.52
18907,26.19,79,40.5
78072,26.19,79,40.49
890,26.2,78.99,40.52
1976,26.2,78.99,40.51
2835,26.2,78.99,40.51
3883,26.19,78.99,40.51
2024,26.2,78.99,40.51
2910,26.2,78.99,40.51
5856,26.2,79,40.51
3839,26.19,78.99,40.5
7191,26.19,79,40.5
5812,26.2,79,40.5
11100,26.19,79,40.5
6707,26.19,79,40.5
16018,26.19,79,40.5
10417,26.19,79,40.5
537,26.2,78.99,40.51
36443,26.19,79,40.49
2452,26.18,78.99,40.49
1746,26.19,78.99,40.51
5316,26.19,78.99,40.5
8788,26.19,79,40.5
10332,26.19,79,40.5
882,26.19,78.99,40.5
2036,26.19,78.99,40.5
28,26.21,78.99,40.53
11,26.22,78.99,40.53
13,26.22,78.99,40.53
31,26.22,78.99,40.53
153,26.21,78.99,40.53
717,26.21,79,40.53
197,26.21,79,40.53
1062,26.21,79,40.53
95,26.22,79,40.53
603,26.22,79,40.53
1163,26.21,79,40.52
3807,26.21,79,40.52
1832,26.21,79,40.52
6392,26.21,79,40.52
1079,26.22,79,40.52
4156,26.22,79,40.52
4465,26.21,79,40.52
11882,26.21,79,40.52
7466,26.21,79,40.52
21106,26.21,79,40.52
32307,26.21,79,40.51
12709,26.21,79,40.51
25,26.21,78.99,40.53
155,26.21,78.99,40.53
209,26.21,78.99,40.53
227,26.21,78.99,40.52
310,26.21,78.99,40.52
17,26.19,78.97,40.52
102,26.18,78.98,40.52
159,26.19,78.98,40.52
110,26.18,78.98,40.51
321,26.18,78.98,40.51
170,26.19,78.98,40.51
547,26.18,78.98,40.51
5,26.17,78.95,40.49
11,26.18,78.96,40.5
17,26.18,78.97,40.51
283,26.18,78.98,40.5
589,26.18,78.98,40.5
44,26.17,78.97,40.49
119,26.18,78.97,40.5
469,26.17,78.98,40.49
351,26.18,78.98,40.49
482,26.18,78.98,40.5
1049,26.18,78.99,40.5
618,26.18,78.99,40.49
47,26.21,78.98,40.52
45,26.21,78.99,40.53
14,26.22,78.99,40.53
13,26.22,78.99,40.53
4,26.23,78.99,40.53
4,26.23,78.99,40.53
35,26.22,78.99,40.53
37,26.22,78.99,40.53
294,26.22,79,40.53
13,26.23,78.99,40.53
39,26.23,79,40.53
119,26.22,79,40.53
572,26.22,79,40.52
2519,26.22,79,40.52
93,26.23,79,40.52
228,26.23,79,40.52
258,26.22,79,40.52
618,26.23,79,40.52
1343,26.22,79,40.52
360,26.23,79,40.52
708,26.23,79,40.52
7,26.2,78.98,40.53
12,26.2,78.98,40.53
4,26.21,78.98,40.53
82,26.19,78.98,40.52
13,26.2,78.98,40.52
19,26.2,78.98,40.52
139,26.2,78.98,40.52
9,26.21,78.98,40.52
96,26.19,78.98,40.51
314,26.19,78.98,40.51
19,26.21,78.98,40.52
16,26.22,78.99,40.53
6,26.22,78.99,40.53
3,26.22,78.98,40.52
5,26.22,78.98,40.52
3,26.22,78.98,40.53
5312,26.22,79,40.52
24521,26.22,79,40.52
18006,26.22,79,40.52
8162,26.22,79,40.52
27295,26.22,79,40.52
20435,26.22,79,40.52
51231,26.22,79,40.52
38499,26.22,79,40.52
9446,26.22,79,40.52
54289,26.22,79,40.52
41191,26.22,79,40.52
99878,26.22,79.01,40.52
77883,26.23,79.01,40.52
103482,26.22,79.01,40.52
81436,26.23,79.01,40.52
154246,26.23,79.01,40.52
192890,26.22,79.01,40.52
156054,26.23,79.01,40.51
296233,26.23,79.01,40.51
195117,26.22,79.01,40.51
376344,26.23,79.01,40.51
301473,26.23,79.01,40.51
557739,26.23,79.01,40.51
380541,26.23,79.01,40.51
624065,26.23,79.01,40.51
564246,26.23,79.01,40.51
628313,26.23,79.01,40.51
864,26.23,79,40.52
2166,26.22,79,40.52
13296,26.21,79,40.52
24811,26.21,79,40.52
34866,26.21,79,40.52
44716,26.21,79,40.52
25630,26.21,79,40.52
35962,26.21,79,40.52
66292,26.21,79,40.52
80857,26.21,79,40.51
45618,26.21,79,40.51
67567,26.21,79,40.51
121264,26.21,79,40.51
81957,26.21,79,40.51
142606,26.21,79,40.51
122616,26.21,79,40.51
216803,26.21,79.01,40.51
143675,26.21,79,40.51
246862,26.21,79.01,40.51
217945,26.21,79.01,40.51
395049,26.21,79.01,40.51
247486,26.21,79.01,40.51
425575,26.21,79.01,40.51
395544,26.21,79.01,40.51
665518,26.21,79.01,40.51
425785,26.21,79.01,40.5
703966,26.21,79.01,40.5
665518,26.21,79.01,40.5
703726,26.21,79.01,40.5
22500,26.21,79,40.51
38919,26.21,79,40.51
54283,26.21,79,40.51
39481,26.21,79,40.51
65620,26.21,79,40.51
55029,26.21,79,40.51
95401,26.21,79,40.51
66209,26.21,79,40.51
111388,26.21,79,40.51
96239,26.21,79,40.51
163674,26.21,79,40.51
111902,26.21,79,40.51
184527,26.21,79.01,40.51
164314,26.21,79,40.51
274762,26.21,79.01,40.51
184733,26.21,79.01,40.5
304064,26.21,79.01,40.5
275270,26.21,79.01,40.5
495314,26.21,79.01,40.5
300495,26.21,79.01,40.5
512639,26.2,79.01,40.5
492676,26.21,79.01,40.5
750516,26.21,79.01,40.5
469993,26.2,79.01,40.5
729241,26.21,79.01,40.5
12028,26.22,79,40.52
6405,26.22,79,40.52
8643,26.22,79,40.52
15998,26.22,79,40.52
27574,26.22,79,40.52
17856,26.22,79,40.52
42682,26.22,79,40.52
33110,26.22,79,40.52
17823,26.22,79,40.52
29800,26.22,79,40.52
62456,26.22,79,40.52
45864,26.22,79,40.52
101883,26.22,79,40.52
36219,26.22,79,40.52
65362,26.22,79,40.52
83151,26.22,79,40.52
65075,26.22,79,40.52
130825,26.22,79.01,40.52
105451,26.22,79,40.52
216895,26.22,79.01,40.52
68562,26.22,79,40.52
124010,26.22,79.01,40.52
86693,26.22,79,40.52
153804,26.22,79.01,40.52
185816,26.22,79.01,40.52
133762,26.22,79.01,40.52
259438,26.21,79.01,40.52
220626,26.22,79.01,40.52
445367,26.22,79.01,40.52
127757,26.22,79.01,40.52
233536,26.22,79.01,40.52
157610,26.22,79.01,40.52
295576,26.22,79.01,40.52
189689,26.22,79.01,40.52
338796,26.22,79.01,40.52
378392,26.22,79.01,40.52
262032,26.21,79.01,40.51
504686,26.21,79.01,40.51
448077,26.22,79.01,40.51
731580,26.22,79.01,40.51
236083,26.22,79.01,40.51
440916,26.22,79.01,40.51
298340,26.22,79.01,40.51
341509,26.22,79.01,40.51
381112,26.22,79.01,40.51
630081,26.22,79.01,40.51
677573,26.22,79.01,40.51
506128,26.21,79.01,40.51
790841,26.21,79.01,40.51
732622,26.22,79.01,40.51
444388,26.22,79.01,40.51
692208,26.22,79.01,40.51
678662,26.22,79.01,40.51
791375,26.21,79.01,40.51
7623,26.22,79,40.52
15285,26.22,79,40.52
21325,26.22,79,40.52
29102,26.21,79,40.52
16115,26.22,79,40.52
22367,26.22,79,40.52
43451,26.22,79,40.52
56097,26.21,79,40.52
30062,26.21,79,40.52
44810,26.22,79,40.52
86149,26.21,79,40.52
104968,26.21,79,40.51
57291,26.21,79,40.51
87721,26.21,79,40.51
163254,26.21,79.01,40.51
106240,26.21,79,40.51
189299,26.21,79.01,40.51
164716,26.21,79.01,40.51
301990,26.21,79.01,40.51
190473,26.21,79.01,40.51
360159,26.21,79.01,40.51
303157,26.21,79.01,40.51
556675,26.21,79.01,40.51
360707,26.21,79.01,40.51
625624,26.21,79.01,40.51
557130,26.21,79.01,40.51
625586,26.21,79.01,40.5
677,26.21,78.99,40.52
1016,26.21,78.99,40.52
1795,26.21,78.99,40.52
4376,26.2,79,40.52
2769,26.21,79,40.52
7000,26.21,79,40.52
4707,26.2,79,40.51
10835,26.2,79,40.51
7502,26.21,79,40.51
18283,26.2,79,40.51
11176,26.2,79,40.51
25309,26.2,79,40.51
18852,26.2,79,40.51
44158,26.2,79,40.51
36021,26.2,79,40.5
35238,26.2,79,40.5
46455,26.2,79,40.5
47401,26.2,79,40.5
25229,26.2,79,40.5
4960,26.22,79,40.52
1731,26.22,79,40.52
3093,26.22,79,40.52
4278,26.22,79,40.52
176860,26.2,79.01,40.5
33351,26.21,79,40.51
54728,26.21,79,40.51
75840,26.21,79,40.51
54927,26.21,79,40.51
86246,26.2,79,40.51
76148,26.21,79,40.51
124463,26.21,79,40.51
85671,26.2,79,40.5
128942,26.2,79,40.5
123826,26.21,79,40.5
194197,26.2,79.01,40.5
125962,26.2,79,40.5
197932,26.2,79.01,40.5
189823,26.2,79.01,40.5
190022,26.2,79.01,40.5
311023,26.2,79.01,40.5
292099,26.2,79.01,40.5
265000,26.2,79.01,40.5
158897,26.2,79.01,40.5
267436,26.2,79.01,40.5
233159,26.2,79.01,40.5
44245,26.2,79,40.5
44137,26.2,79,40.5
60307,26.2,79,40.5
43340,26.2,79,40.5
61954,26.2,79,40.5
59362,26.2,79,40.5
85080,26.2,79,40.5
59661,26.2,79,40.5
81915,26.2,79,40.5
118974,26.2,79,40.5
110638,26.2,79,40.5
224147,26.2,79.01,40.5
173628,26.2,79.01,40.49
202392,26.2,79.01,40.49
34393,26.2,79,40.5
45259,26.2,79,40.5
43720,26.2,79,40.5
33207,26.2,79,40.5
46466,26.2,79,40.5
61633,26.2,79,40.5
81750,26.2,79,40.5
77228,26.2,79,40.5
64066,26.2,79,40.5
80200,26.2,79,40.5
30023,26.2,79,40.5
148166,26.2,79.01,40.49
95344,26.2,79,40.49
34,26.19,79,40.48
239445,26.2,79.01,40.49
325864,26.2,79.01,40.5
363237,26.2,79.01,40.5
506797,26.2,79.01,40.5
626621,26.21,79.01,40.5
631148,26.22,79.01,40.51
8388,26.19,79,40.49
8053,26.19,79,40.49
38002,26.19,79,40.49
12851,26.19,79,40.49
65776,26.19,79,40.49
52587,26.19,79,40.49
10061,26.19,79,40.49
713,26.18,78.99,40.49
108,26.19,78.99,40.48
432,26.19,79,40.48
15,26.19,78.99,40.48
24,26.19,78.99,40.48
3,26.19,78.99,40.47
3,26.18,78.98,40.47
3,26.18,78.98,40.47
2,26.17,78.95,40.48
157,26.18,78.98,40.49
15,26.17,78.97,40.48
128,26.17,78.98,40.48
4,26.18,78.97,40.47
10,26.18,78.98,40.48
56,26.18,78.98,40.48
12,26.18,78.98,40.48
83,26.18,78.99,40.48
250,26.18,78.99,40.49
2,26.24,79,40.52
2,26.24,78.99,40.52
3,26.24,79,40.51
2,26.24,79,40.51
2,26.24,79,40.51
3801,26.23,79,40.52
5043,26.23,79,40.52
16099,26.23,79,40.52
11209,26.23,79,40.52
9257,26.23,79,40.52
5680,26.23,79,40.52
17463,26.23,79,40.52
12391,26.23,79,40.52
22736,26.23,79,40.52
32362,26.23,79,40.52
17843,26.23,79,40.52
10054,26.23,79,40.52
24473,26.23,79,40.52
46246,26.23,79,40.52
34350,26.23,79,40.52
63729,26.23,79,40.52
18526,26.23,79,40.51
33769,26.23,79,40.51
47204,26.23,79,40.51
92221,26.23,79.01,40.51
64941,26.23,79,40.51
123225,26.23,79.01,40.51
36158,26.23,79,40.51
72748,26.23,79.01,40.51
96316,26.23,79.01,40.51
210141,26.23,79.01,40.51
127125,26.23,79.01,40.51
257898,26.23,79.01,40.51
75909,26.23,79.01,40.51
157451,26.23,79.01,40.51
215907,26.23,79.01,40.51
402360,26.23,79.01,40.51
263702,26.23,79.01,40.51
491599,26.23,79.01,40.51
153546,26.23,79.01,40.51
325760,26.23,79.01,40.51
397150,26.23,79.01,40.51
703985,26.23,79.01,40.51
487207,26.23,79.01,40.51
313133,26.23,79.01,40.5
555791,26.23,79.01,40.5
694094,26.23,79.01,40.5
566182,26.23,79.01,40.5
1334,26.23,79,40.52
2910,26.23,79,40.52
7455,26.23,79,40.52
3409,26.23,79,40.52
7869,26.23,79,40.51
13318,26.23,79,40.51
3661,26.23,79,40.51
5578,26.23,79,40.51
14463,26.23,79,40.51
27317,26.23,79,40.51
6068,26.23,79,40.51
10600,26.23,79,40.51
28741,26.23,79,40.51
54950,26.23,79.01,40.51
11129,26.23,79,40.51
19427,26.23,79,40.51
52837,26.23,79.01,40.51
102965,26.23,79.01,40.51
18543,26.23,79,40.51
32061,26.23,79.01,40.51
95430,26.23,79.01,40.5
220710,26.23,79.01,40.5
28656,26.23,79.01,40.5
57147,26.24,79.01,40.5
227661,26.23,79.01,40.5
437069,26.24,79.01,40.5
59155,26.24,79.01,40.5
134248,26.24,79.01,40.5
362745,26.24,79.01,40.5
89091,26.24,79.01,40.5
268927,26.24,79.01,40.5
276050,26.24,79.01,40.5
879,26.23,79,40.51
1709,26.23,79,40.51
1815,26.23,79,40.51
4302,26.23,79,40.51
1888,26.23,79,40.51
2536,26.24,79,40.51
4483,26.23,79,40.51
6936,26.23,79,40.51
2413,26.24,79,40.51
3199,26.24,79,40.51
6614,26.23,79,40.51
9979,26.24,79,40.51
3342,26.24,79,40.5
2737,26.24,79,40.5
8673,26.24,79,40.5
14109,26.24,79,40.5
3608,26.24,79,40.5
2876,26.24,79,40.5
13901,26.24,79,40.5
28614,26.24,79.01,40.5
1382,26.24,79,40.5
658,26.24,79.01,40.5
13020,26.24,79.01,40.5
17905,26.24,79.01,40.5
171,26.24,79.01,40.5
11275,26.24,79.01,40.5
297,26.24,79.01,40.5
309,26.24,79,40.51
1016,26.24,79,40.51
850,26.24,79,40.5
782,26.24,79,40.5
251,26.24,79,40.5
575,26.24,79,40.5
290,26.24,79,40.5
36,26.24,79,40.5
102,26.24,79,40.5
19,26.24,79,40.5
13,26.24,79,40.5
3,26.24,79,40.5
496231,26.22,79.01,40.51
695146,26.22,79.01,40.51
762573,26.22,79.01,40.51
577311,26.22,79.01,40.51
11,26.23,78.99,40.53
3,26.23,78.99,40.53
2,26.23,78.99,40.52
4,26.24,78.99,40.52
24,26.23,78.99,40.52
7,26.23,78.99,40.52
15,26.23,79,40.52
56,26.23,79,40.52
10,26.24,79,40.52
7,26.24,78.99,40.52
27,26.23,79,40.52
43,26.24,79,40.52
94,26.23,79,40.52
171,26.23,79,40.52
13,26.24,79,40.51
15,26.24,79,40.51
60,26.24,79,40.51
80,26.24,79,40.51
222,26.23,79,40.51
366,26.23,79,40.51
16,26.24,79,40.51
10,26.24,79,40.51
93,26.24,79,40.51
68,26.24,79,40.51
419,26.23,79,40.51
577,26.24,79,40.51
6,26.24,79,40.5
5,26.24,79,40.5
2,26.24,79,40.5
178,26.24,79,40.5
28,26.24,79,40.5
122,26.24,79,40.5
15,26.24,79,40.5
47,26.24,79,40.5
7,26.24,79,40.5
2,26.24,79,40.5
330,26.21,78.99,40.52
949,26.2,78.99,40.52
1340,26.2,78.99,40.52
1035,26.2,78.99,40.51
2163,26.2,78.99,40.51
1445,26.2,78.99,40.51
3243,26.2,78.99,40.51
2223,26.2,78.99,40.51
4549,26.2,79,40.51
3340,26.2,78.99,40.51
7054,26.2,79,40.51
4506,26.2,79,40.5
8862,26.2,79,40.5
7009,26.2,79,40.5
14339,26.2,79,40.5
8390,26.2,79,40.5
14784,26.2,79,40.5
13592,26.2,79,40.5
24817,26.2,79,40.5
165,26.2,78.98,40.51
251,26.2,78.99,40.52
12665,26.19,79,40.49
12065,26.2,79,40.49
1003,26.2,78.99,40.51
2056,26.2,78.99,40.51
2954,26.2,78.99,40.51
3729,26.19,78.99,40.5
2024,26.2,78.99,40.5
2914,26.2,78.99,40.5
5660,26.2,79,40.5
3503,26.19,78.99,40.5
5936,26.19,79,40.5
5347,26.2,79,40.5
9207,26.19,79,40.5
281,26.19,78.98,40.5
548,26.2,78.99,40.51
4729,26.19,79,40.49
1139,26.19,78.99,40.49
675,26.19,78.99,40.5
1608,26.19,78.99,40.5
4058,26.19,78.99,40.5
4815,26.19,79,40.49
7447,26.19,79,40.49
29,26.22,78.99,40.53
26,26.22,78.99,40.53
64,26.21,78.99,40.53
78,26.22,78.99,40.53
299,26.21,78.99,40.53
409,26.21,79,40.53
214,26.22,79,40.53
465,26.21,78.99,40.52
1564,26.21,79,40.52
672,26.21,79,40.52
2468,26.21,79,40.52
379,26.22,79,40.52
1551,26.22,79,40.52
1869,26.21,79,40.52
4943,26.21,79,40.52
2943,26.21,79,40.52
8283,26.21,79,40.52
1897,26.22,79,40.52
13363,26.21,79,40.51
5338,26.21,79,40.51
78,26.21,78.99,40.53
305,26.21,78.99,40.52
429,26.21,78.99,40.52
30,26.19,78.97,40.51
115,26.18,78.98,40.51
180,26.19,78.98,40.51
7,26.18,78.96,40.49
18,26.18,78.97,40.5
101,26.18,78.98,40.5
214,26.18,78.98,40.5
72,26.18,78.97,40.49
137,26.18,78.98,40.49
159,26.19,78.98,40.5
366,26.18,78.98,40.5
226,26.18,78.98,40.49
68,26.21,78.98,40.52
78,26.21,78.99,40.52
6,26.22,78.99,40.53
10,26.23,78.99,40.53
76,26.22,78.99,40.53
94,26.22,78.99,40.53
34,26.23,78.99,40.53
21,26.23,78.99,40.52
136,26.22,78.99,40.52
178,26.22,78.99,40.52
856,26.22,79,40.52
72,26.23,78.99,40.52
172,26.23,79,40.52
420,26.22,79,40.52
1092,26.22,79,40.52
257,26.23,79,40.52
483,26.23,79,40.52
573,26.22,79,40.52
21,26.2,78.98,40.52
34,26.2,78.98,40.52
15,26.21,78.98,40.52
102,26.19,78.98,40.51
29,26.2,78.98,40.51
46,26.2,78.98,40.51
2,26.2,78.97,40.51
21,26.21,78.98,40.51
28,26.21,78.98,40.52
31,26.22,78.99,40.52
22,26.22,78.99,40.53
2,26.21,78.98,40.52
5,26.22,78.98,40.52
4,26.21,78.98,40.51
6,26.22,78.98,40.51
8,26.22,78.98,40.52
8,26.22,78.98,40.52
3,26.23,78.99,40.53
8033,26.22,79,40.52
29942,26.22,79,40.52
22692,26.22,79,40.52
10752,26.22,79,40.52
31732,26.22,79,40.52
24297,26.22,79,40.52
57077,26.22,79,40.52
43765,26.22,79,40.52
11649,26.22,79,40.52
59392,26.22,79,40.52
45862,26.22,79,40.52
106236,26.22,79.01,40.52
83957,26.23,79.01,40.52
107990,26.22,79.01,40.51
85469,26.23,79.01,40.51
157999,26.23,79.01,40.51
197138,26.22,79.01,40.51
161563,26.23,79.01,40.51
307668,26.23,79.01,40.51
200381,26.22,79.01,40.51
385508,26.23,79.01,40.51
312700,26.23,79.01,40.51
566472,26.23,79.01,40.51
389694,26.23,79.01,40.51
629968,26.23,79.01,40.51
563684,26.23,79.01,40.51
628549,26.23,79.01,40.51
1073,26.23,79,40.52
2847,26.22,79,40.52
14674,26.21,79,40.52
26602,26.21,79,40.52
37224,26.21,79,40.52
46693,26.21,79,40.51
27191,26.21,79,40.51
37990,26.21,79,40.51
68850,26.21,79,40.51
47385,26.21,79,40.51
83078,26.21,79,40.51
69824,26.21,79,40.51
123909,26.21,79,40.51
83882,26.21,79,40.51
144581,26.21,79,40.51
124926,26.21,79,40.51
218879,26.21,79.01,40.51
145192,26.21,79,40.51
247931,26.21,79.01,40.51
219507,26.21,79.01,40.51
395840,26.21,79.01,40.51
248064,26.21,79.01,40.5
425957,26.21,79.01,40.5
395843,26.21,79.01,40.5
665487,26.21,79.01,40.5
707619,26.21,79.01,40.5
425987,26.21,79.01,40.5
665245,26.21,79.01,40.5
739783,26.21,79.01,40.5
8921,26.21,79,40.51
23574,26.21,79,40.51
40263,26.21,79,40.51
56018,26.21,79,40.51
66959,26.21,79,40.51
40630,26.21,79,40.51
56525,26.21,79,40.51
97077,26.21,79,40.51
67221,26.21,79,40.51
112363,26.21,79,40.51
97530,26.21,79,40.51
164809,26.21,79,40.51
112420,26.21,79,40.5
183610,26.21,79.01,40.5
164975,26.21,79,40.5
275415,26.21,79.01,40.5
180922,26.21,79.01,40.5
296600,26.21,79.01,40.5
274904,26.21,79.01,40.5
487488,26.21,79.01,40.5
291813,26.21,79.01,40.5
413215,26.2,79.01,40.5
651721,26.21,79.01,40.5
495131,26.21,79.01,40.5
339799,26.2,79.01,40.5
14527,26.22,79,40.52
19690,26.22,79,40.52
32229,26.22,79,40.52
49244,26.22,79,40.52
39233,26.22,79,40.52
20896,26.22,79,40.52
33792,26.22,79,40.52
67660,26.22,79,40.52
51425,26.22,79,40.52
109042,26.22,79,40.52
41265,26.22,79,40.52
71647,26.22,79,40.52
89998,26.22,79,40.52
69593,26.22,79,40.52
136417,26.22,79.01,40.52
111685,26.22,79,40.52
223911,26.22,79.01,40.52
74030,26.22,79,40.52
130693,26.22,79.01,40.52
92622,26.22,79,40.52
160723,26.22,79.01,40.52
192890,26.22,79.01,40.52
138440,26.22,79.01,40.51
264092,26.21,79.01,40.51
226386,26.22,79.01,40.51
450143,26.22,79.01,40.51
132703,26.22,79.01,40.51
238206,26.22,79.01,40.51
162925,26.22,79.01,40.51
300479,26.22,79.01,40.51
195332,26.22,79.01,40.51
343602,26.22,79.01,40.51
383170,26.22,79.01,40.51
265676,26.21,79.01,40.51
507406,26.21,79.01,40.51
451701,26.22,79.01,40.51
733557,26.22,79.01,40.51
241095,26.22,79.01,40.51
448504,26.22,79.01,40.51
302545,26.22,79.01,40.51
344989,26.22,79.01,40.51
384671,26.22,79.01,40.51
679857,26.22,79.01,40.51
508494,26.21,79.01,40.51
791741,26.21,79.01,40.51
734364,26.22,79.01,40.51
791928,26.21,79.01,40.51
9098,26.22,79,40.52
17056,26.22,79,40.52
23706,26.22,79,40.52
31161,26.21,79,40.52
17675,26.22,79,40.52
24463,26.22,79,40.52
46243,26.22,79,40.52
58441,26.21,79,40.51
31870,26.21,79,40.51
47231,26.22,79,40.51
89169,26.21,79,40.51
59354,26.21,79,40.51
107459,26.21,79,40.51
90317,26.21,79,40.51
166134,26.21,79.01,40.51
108441,26.21,79,40.51
191413,26.21,79.01,40.51
167294,26.21,79.01,40.51
304047,26.21,79.01,40.51
192014,26.21,79.01,40.51
360972,26.21,79.01,40.51
304531,26.21,79.01,40.51
557322,26.21,79.01,40.51
360898,26.21,79.01,40.5
625330,26.21,79.01,40.5
557188,26.21,79.01,40.5
520,26.21,78.99,40.52
362,26.21,78.99,40.52
808,26.21,78.99,40.52
1201,26.21,78.99,40.52
2035,26.21,78.99,40.52
3029,26.21,79,40.52
2189,26.21,78.99,40.51
4991,26.2,79,40.51
3233,26.21,79,40.51
7923,26.21,79,40.51
5146,26.2,79,40.51
11353,26.2,79,40.51
8178,26.21,79,40.51
19193,26.2,79,40.51
11336,26.2,79,40.5
24088,26.2,79,40.5
5564,26.22,79,40.52
2043,26.22,79,40.52
3532,26.22,79,40.52
5287,26.22,79,40.52
13836,26.21,79,40.51
113979,26.2,79,40.5
33963,26.21,79,40.51
55204,26.21,79,40.51
76538,26.21,79,40.51
55023,26.21,79,40.5
85034,26.2,79,40.5
76458,26.21,79,40.5
122515,26.21,79,40.5
83492,26.2,79,40.5
122523,26.2,79,40.5
118315,26.2,79,40.5
120370,26.21,79,40.5
185394,26.2,79.01,40.5
180245,26.2,79.01,40.5
174436,26.2,79.01,40.5
108258,26.2,79,40.5
139152,26.2,79.01,40.5
166637,26.2,79.01,40.5
200794,26.2,79.01,40.5
119166,26.2,79,40.49
167404,26.2,79.01,40.49
19257,26.2,79,40.5
29616,26.2,79,40.5
39363,26.2,79,40.5
29073,26.2,79,40.5
42349,26.2,79,40.5
38789,26.2,79,40.5
57915,26.2,79,40.5
40878,26.2,79,40.5
56955,26.2,79,40.5
55955,26.2,79,40.5
78333,26.2,79,40.5
53181,26.2,79,40.5
73748,26.2,79,40.5
97553,26.2,79,40.5
72035,26.2,79,40.49
181147,26.2,79.01,40.49
84453,26.2,79,40.49
181043,26.2,79.01,40.49
22852,26.2,79,40.5
42506,26.2,79,40.5
70120,26.2,79,40.5
49159,26.2,79,40.5
20371,26.2,79,40.49
20649,26.2,79,40.49
118585,26.2,79.01,40.49
64985,26.2,79,40.49
38,26.19,79,40.48
680688,26.22,79.01,40.51
208607,26.2,79.01,40.49
281878,26.2,79.01,40.49
393912,26.2,79.01,40.5
573305,26.21,79.01,40.5
454401,26.2,79.01,40.5
624738,26.21,79.01,40.5
632796,26.22,79.01,40.51
5867,26.19,79,40.49
5453,26.19,79,40.49
35553,26.19,79,40.49
8442,26.19,79,40.49
44763,26.19,79,40.49
17820,26.19,79,40.49
7258,26.19,79,40.49
1380,26.19,79,40.49
4461,26.19,79,40.49
387,26.19,78.99,40.49
240,26.19,79,40.48
115,26.2,79,40.48
57,26.19,78.99,40.48
125,26.19,78.99,40.48
34,26.19,79,40.48
6,26.19,78.98,40.48
17,26.19,78.99,40.48
2,26.2,78.99,40.47
1705,26.2,79,40.49
2,26.18,78.96,40.48
66,26.18,78.98,40.49
23,26.18,78.97,40.48
4,26.18,78.98,40.48
28,26.18,78.98,40.48
5,26.19,78.98,40.48
40,26.18,78.98,40.48
103,26.18,78.98,40.49
2,26.24,78.99,40.52
3,26.24,78.99,40.51
3,26.24,79,40.51
3,26.24,79,40.51
5117,26.23,79,40.52
6396,26.23,79,40.52
18982,26.23,79,40.52
13683,26.23,79,40.52
10764,26.23,79,40.52
6905,26.23,79,40.52
20053,26.23,79,40.52
14638,26.23,79,40.52
25702,26.23,79,40.52
35777,26.23,79,40.52
11246,26.23,79,40.51
19470,26.23,79,40.51
26507,26.23,79,40.51
48687,26.23,79,40.51
36771,26.23,79,40.51
66453,26.23,79,40.51
20818,26.23,79,40.51
38686,26.23,79,40.51
51160,26.23,79,40.51
100889,26.23,79.01,40.51
68897,26.23,79,40.51
131682,26.23,79.01,40.51
40426,26.23,79,40.51
76597,26.23,79.01,40.51
104258,26.23,79.01,40.51
217518,26.23,79.01,40.51
135283,26.23,79.01,40.51
265596,26.23,79.01,40.51
74520,26.23,79.01,40.51
146731,26.23,79.01,40.51
214166,26.23,79.01,40.51
387658,26.23,79.01,40.51
262773,26.23,79.01,40.51
478557,26.23,79.01,40.51
139303,26.23,79.01,40.5
307662,26.23,79.01,40.5
377289,26.23,79.01,40.5
689537,26.23,79.01,40.5
470056,26.23,79.01,40.5
312004,26.23,79.01,40.5
559029,26.23,79.01,40.5
693110,26.23,79.01,40.5
498784,26.23,79.01,40.5
588,26.23,79,40.51
1694,26.23,79,40.52
3442,26.23,79,40.51
8440,26.23,79,40.51
3986,26.23,79,40.51
9057,26.23,79,40.51
15633,26.23,79,40.51
4288,26.23,79,40.51
6571,26.23,79,40.51
16367,26.23,79,40.51
28949,26.23,79,40.51
6836,26.23,79,40.51
11168,26.23,79,40.51
27913,26.23,79,40.51
49179,26.23,79.01,40.51
10737,26.23,79,40.51
16981,26.23,79,40.51
45303,26.23,79.01,40.5
91953,26.23,79.01,40.5
15283,26.23,79,40.5
26732,26.23,79.01,40.5
93611,26.23,79.01,40.5
219262,26.23,79.01,40.5
26524,26.23,79.01,40.5
54158,26.24,79.01,40.5
176090,26.23,79.01,40.5
379744,26.24,79.01,40.5
36247,26.24,79.01,40.5
94928,26.24,79.01,40.5
370018,26.24,79.01,40.5
89487,26.24,79.01,40.5
73232,26.24,79.01,40.5
1041,26.23,79,40.51
11425,26.24,79.01,40.49
1952,26.23,79,40.51
1878,26.23,79,40.51
4484,26.23,79,40.51
1796,26.23,79,40.51
2185,26.24,79,40.51
4306,26.23,79,40.51
6031,26.23,79,40.51
2333,26.24,79,40.5
1926,26.24,79,40.5
5366,26.23,79,40.5
7741,26.24,79,40.5
2243,26.24,79,40.5
2013,26.24,79,40.5
7203,26.24,79,40.5
11756,26.24,79,40.5
1162,26.24,79,40.5
501,26.24,79,40.5
6813,26.24,79,40.5
8662,26.24,79.01,40.5
13,26.24,79.01,40.5
205,26.24,79,40.5
6267,26.24,79.01,40.5
1091,26.24,79.01,40.5
78,26.24,79.01,40.49
465,26.24,79,40.5
688,26.24,79,40.5
196,26.24,79,40.5
547,26.24,79,40.5
399,26.24,79,40.5
76,26.24,79,40.5
144,26.24,79,40.5
197,26.24,79,40.5
29,26.24,79,40.5
38,26.24,79,40.5
3,26.24,79,40.5
8,26.24,79,40.5
498761,26.22,79.01,40.51
696414,26.22,79.01,40.51
452025,26.22,79.01,40.51
764981,26.22,79.01,40.51
578391,26.22,79.01,40.51
3,26.23,78.99,40.53
4,26.23,78.99,40.52
46,26.23,78.99,40.52
14,26.23,78.99,40.52
10,26.24,78.99,40.52
7,26.23,78.99,40.52
71,26.23,78.99,40.52
24,26.23,78.99,40.52
41,26.23,79,40.52
133,26.23,79,40.52
13,26.24,78.99,40.51
16,26.24,79,40.51
53,26.23,79,40.51
76,26.24,79,40.51
168,26.23,79,40.51
270,26.23,79,40.51
17,26.24,79,40.51
14,26.24,79,40.51
86,26.24,79,40.51
86,26.24,79,40.51
302,26.23,79,40.51
409,26.23,79,40.51
9,26.24,79,40.5
3,26.24,79,40.5
66,26.24,79,40.5
26,26.24,79,40.5
9,26.24,79,40.5
472,26.21,78.99,40.52
1111,26.2,78.99,40.51
1562,26.2,78.99,40.51
1141,26.2,78.99,40.51
2248,26.2,78.99,40.51
1603,26.2,78.99,40.51
3375,26.2,78.99,40.51
2216,26.2,78.99,40.5
4367,26.2,79,40.5
3337,26.2,78.99,40.5
6788,26.2,79,40.5
4122,26.2,79,40.5
7616,26.2,79,40.5
6431,26.2,79,40.5
12342,26.2,79,40.5
90,26.19,78.98,40.5
169,26.2,78.98,40.51
288,26.2,78.99,40.51
6328,26.2,79,40.49
8386,26.2,79,40.49
1018,26.2,78.99,40.51
1962,26.2,78.99,40.5
2830,26.2,78.99,40.5
3130,26.19,78.99,40.5
1832,26.2,78.99,40.5
2660,26.2,78.99,40.5
4824,26.2,79,40.5
214,26.19,78.98,40.5
496,26.2,78.99,40.5
396,26.19,78.99,40.49
2130,26.19,78.99,40.49
1253,26.19,78.99,40.5
2603,26.19,78.99,40.49
3457,26.19,79,40.49
4003,26.2,79,40.49
5268,26.19,79,40.49
132,26.22,78.99,40.53
656,26.21,78.99,40.52
968,26.21,79,40.52
562,26.22,79,40.52
792,26.21,78.99,40.52
2100,26.21,79,40.52
1171,26.21,79,40.52
3319,26.21,79,40.52
705,26.22,79,40.52
2168,26.22,79,40.52
5661,26.21,79,40.51
2275,26.21,79,40.51
3609,26.21,79,40.51
2389,26.22,79,40.51
142,26.21,78.99,40.52
10,26.18,78.97,40.49
33,26.19,78.97,40.5
77,26.18,78.98,40.5
50,26.18,78.98,40.49
121,26.19,78.98,40.5
78,26.19,78.98,40.49
81,26.21,78.98,40.51
116,26.21,78.99,40.52
27,26.22,78.99,40.53
38,26.23,78.99,40.52
206,26.22,78.99,40.52
281,26.22,78.99,40.52
126,26.23,78.99,40.52
57,26.23,78.99,40.52
267,26.22,78.99,40.52
371,26.22,78.99,40.52
1286,26.22,79,40.52
181,26.23,78.99,40.52
337,26.23,79,40.52
704,26.22,79,40.52
1448,26.22,79,40.51
405,26.23,79,40.51
816,26.22,79,40.51
4,26.2,78.97,40.51
32,26.2,78.98,40.51
49,26.2,78.98,40.51
3,26.2,78.97,40.5
28,26.2,78.98,40.5
22,26.21,78.98,40.51
34,26.21,78.98,40.51
45,26.22,78.99,40.52
47,26.22,78.99,40.52
5,26.21,78.98,40.51
4,26.21,78.98,40.5
7,26.22,78.98,40.51
10,26.22,78.98,40.51
2,26.23,78.98,40.52
12,26.22,78.98,40.52
9,26.23,78.99,40.52
9985,26.22,79,40.52
33717,26.22,79,40.52
26044,26.22,79,40.52
12682,26.22,79,40.52
35034,26.22,79,40.52
27265,26.22,79,40.52
61270,26.22,79,40.52
47548,26.22,79,40.52
13364,26.22,79,40.52
62572,26.22,79,40.51
48658,26.22,79,40.51
109650,26.22,79.01,40.51
87019,26.23,79.01,40.51
111905,26.22,79.01,40.51
89397,26.23,79.01,40.51
165771,26.23,79.01,40.51
204151,26.22,79.01,40.51
169176,26.23,79.01,40.51
314532,26.23,79.01,40.51
207288,26.22,79.01,40.51
391426,26.23,79.01,40.51
312605,26.23,79.01,40.51
557460,26.23,79.01,40.51
390133,26.23,79.01,40.51
624968,26.23,79.01,40.51
551211,26.23,79.01,40.5
1246,26.23,79,40.51
3389,26.22,79,40.52
15755,26.21,79,40.51
27946,26.21,79,40.51
38962,26.21,79,40.51
48282,26.21,79,40.51
28398,26.21,79,40.51
39564,26.21,79,40.51
70878,26.21,79,40.51
48751,26.21,79,40.51
84636,26.21,79,40.51
71590,26.21,79,40.51
125798,26.21,79,40.51
85040,26.21,79,40.51
145616,26.21,79,40.51
126342,26.21,79,40.51
219900,26.21,79.01,40.51
145698,26.21,79,40.5
247940,26.21,79.01,40.5
219940,26.21,79.01,40.5
395684,26.21,79.01,40.5
426761,26.21,79.01,40.5
247446,26.21,79.01,40.5
395115,26.21,79.01,40.5
664852,26.21,79.01,40.5
432923,26.21,79.01,40.5
688556,26.21,79.01,40.5
9442,26.21,79,40.51
5878,26.21,79,40.51
24392,26.21,79,40.51
41138,26.21,79,40.51
57183,26.21,79,40.51
41260,26.21,79,40.51
67591,26.21,79,40.51
57390,26.21,79,40.51
97928,26.21,79,40.51
67488,26.21,79,40.5
112318,26.21,79,40.5
97942,26.21,79,40.5
164897,26.21,79,40.5
111626,26.21,79,40.5
177962,26.21,79.01,40.5
164350,26.21,79,40.5
272781,26.21,79.01,40.5
174785,26.21,79.01,40.5
287150,26.21,79.01,40.5
268543,26.21,79.01,40.5
467089,26.21,79.01,40.5
288916,26.2,79.01,40.5
273046,26.21,79.01,40.5
461182,26.21,79.01,40.5
17251,26.22,79,40.52
22296,26.22,79,40.52
35575,26.22,79,40.52
53922,26.22,79,40.52
43500,26.22,79,40.52
23164,26.22,79,40.52
36701,26.22,79,40.52
71503,26.22,79,40.52
55498,26.22,79,40.52
114281,26.22,79,40.52
44973,26.22,79,40.52
76149,26.22,79,40.52
94953,26.22,79,40.52
72861,26.22,79,40.51
140217,26.22,79.01,40.51
116050,26.22,79,40.51
228456,26.22,79.01,40.51
77569,26.22,79,40.51
134475,26.22,79.01,40.51
96658,26.22,79,40.51
164809,26.22,79.01,40.51
197258,26.22,79.01,40.51
141577,26.22,79.01,40.51
267198,26.21,79.01,40.51
229953,26.22,79.01,40.51
453181,26.22,79.01,40.51
136636,26.22,79.01,40.51
244473,26.22,79.01,40.51
166611,26.22,79.01,40.51
305483,26.22,79.01,40.51
198753,26.22,79.01,40.51
347253,26.22,79.01,40.51
386397,26.22,79.01,40.51
268468,26.21,79.01,40.51
509256,26.21,79.01,40.51
454452,26.22,79.01,40.51
734880,26.22,79.01,40.51
509583,26.21,79.01,40.51
791970,26.21,79.01,40.51
734988,26.22,79.01,40.51
791817,26.21,79.01,40.5
10173,26.22,79,40.52
18415,26.22,79,40.52
25480,26.22,79,40.52
32732,26.21,79,40.51
18879,26.22,79,40.51
26036,26.22,79,40.51
48319,26.22,79,40.51
33289,26.21,79,40.51
60315,26.21,79,40.51
49091,26.22,79,40.51
91524,26.21,79,40.51
60988,26.21,79,40.51
109250,26.21,79,40.51
92424,26.21,79,40.51
168227,26.21,79.01,40.51
109718,26.21,79,40.51
192350,26.21,79.01,40.51
168728,26.21,79.01,40.51
304746,26.21,79.01,40.51
192320,26.21,79.01,40.5
360508,26.21,79.01,40.5
304569,26.21,79.01,40.5
556744,26.21,79.01,40.5
359719,26.21,79.01,40.5
913,26.21,78.99,40.52
2365,26.21,78.99,40.51
3494,26.21,79,40.51
2432,26.21,78.99,40.51
5210,26.2,79,40.51
3598,26.21,79,40.51
8302,26.21,79,40.51
5163,26.2,79,40.5
11042,26.2,79,40.5
6039,26.22,79,40.51
2293,26.22,79,40.51
3873,26.22,79,40.51
6054,26.22,79,40.52
12608,26.2,79,40.49
282,26.2,79,40.48
14068,26.21,79,40.51
75324,26.2,79,40.5
34110,26.21,79,40.5
54671,26.21,79,40.5
76294,26.21,79,40.5
53975,26.21,79,40.5
81496,26.2,79,40.5
78567,26.2,79,40.5
75534,26.21,79,40.5
117824,26.21,79,40.5
113991,26.21,79,40.5
109664,26.21,79,40.5
70712,26.2,79,40.5
101509,26.2,79,40.5
103527,26.21,79,40.5
156477,26.2,79.01,40.5
98221,26.2,79,40.49
92991,26.2,79,40.49
140938,26.2,79.01,40.49
8258,26.21,79,40.5
19144,26.2,79,40.5
28492,26.2,79,40.5
38031,26.2,79,40.5
27496,26.2,79,40.5
39017,26.2,79,40.5
36902,26.2,79,40.5
53470,26.2,79,40.5
36541,26.2,79,40.5
48696,26.2,79,40.5
50181,26.2,79,40.5
68385,26.2,79,40.5
60505,26.2,79,40.49
157565,26.2,79.01,40.49
43379,26.2,79,40.49
156386,26.2,79.01,40.49
62081,26.2,79,40.49
70982,26.2,79,40.49
10498,26.2,79,40.5
20522,26.2,79,40.5
10278,26.2,79,40.49
35115,26.2,79,40.49
33769,26.2,79,40.49
4519,26.2,79,40.49
14038,26.2,79,40.49
11633,26.2,79,40.49
62459,26.2,79,40.49
124916,26.2,79.01,40.49
387675,26.22,79.01,40.51
182,26.2,79,40.48
1595,26.2,79,40.49
5,26.19,79,40.48
23,26.2,79,40.48
681333,26.22,79.01,40.51
177794,26.2,79.01,40.49
215971,26.2,79.01,40.49
664220,26.21,79.01,40.5
293407,26.2,79.01,40.49
408697,26.21,79.01,40.5
544369,26.21,79.01,40.5
688059,26.21,79.01,40.5
623826,26.21,79.01,40.5
555981,26.21,79.01,40.5
633974,26.22,79.01,40.51
2,26.2,79,40.47
2,26.19,78.98,40.48
3331,26.19,79,40.49
6961,26.19,79,40.49
4604,26.19,79,40.49
3096,26.19,79,40.49
2088,26.19,79,40.49
3058,26.19,79,40.49
168,26.19,78.99,40.49
646,26.19,78.99,40.49
145,26.19,79,40.48
88,26.2,79,40.48
22,26.19,78.98,40.48
80,26.19,78.99,40.48
7,26.2,78.99,40.48
17,26.2,78.99,40.48
702,26.2,79,40.49
3,26.18,78.97,40.48
26,26.18,78.98,40.49
11,26.18,78.98,40.48
16,26.19,78.98,40.48
38,26.19,78.98,40.49
2,26.24,78.99,40.52
3,26.24,78.99,40.51
3,26.24,78.99,40.51
2,26.24,79,40.51
6162,26.23,79,40.52
7414,26.23,79,40.52
21085,26.23,79,40.52
15486,26.23,79,40.52
7784,26.23,79,40.51
11929,26.23,79,40.51
21736,26.23,79,40.51
16071,26.23,79,40.51
27563,26.23,79,40.51
37890,26.23,79,40.51
12639,26.23,79,40.51
22226,26.23,79,40.51
29001,26.23,79,40.51
53891,26.23,79,40.51
39424,26.23,79,40.51
71711,26.23,79,40.51
23178,26.23,79,40.51
40798,26.23,79,40.51
55873,26.23,79,40.51
105178,26.23,79.01,40.51
73857,26.23,79,40.51
136451,26.23,79.01,40.51
39707,26.23,79,40.51
70708,26.23,79.01,40.51
103292,26.23,79.01,40.51
207803,26.23,79.01,40.51
134792,26.23,79.01,40.51
256977,26.23,79.01,40.51
66670,26.23,79.01,40.5
135768,26.23,79.01,40.5
201188,26.23,79.01,40.5
372844,26.23,79.01,40.5
251186,26.23,79.01,40.5
466555,26.23,79.01,40.5
136711,26.23,79.01,40.5
304488,26.23,79.01,40.5
375457,26.23,79.01,40.5
689105,26.23,79.01,40.5
468024,26.23,79.01,40.5
268869,26.23,79.01,40.5
507123,26.23,79.01,40.5
658943,26.23,79.01,40.5
493559,26.23,79.01,40.5
684,26.23,79,40.51
1985,26.23,79,40.51
3947,26.23,79,40.51
9732,26.23,79,40.51
4603,26.23,79,40.51
10109,26.23,79,40.51
16488,26.23,79,40.51
4763,26.23,79,40.51
6870,26.23,79,40.51
15977,26.23,79,40.51
26026,26.23,79,40.51
6649,26.23,79,40.51
9944,26.23,79,40.51
24012,26.23,79,40.5
43197,26.23,79.01,40.5
9064,26.23,79,40.5
14155,26.23,79,40.5
42871,26.23,79.01,40.5
88016,26.23,79.01,40.5
13488,26.23,79,40.5
23551,26.23,79.01,40.5
69233,26.23,79.01,40.5
178867,26.23,79.01,40.5
17016,26.23,79.01,40.5
35060,26.24,79.01,40.5
169623,26.23,79.01,40.5
346622,26.24,79.01,40.5
30773,26.24,79.01,40.5
26662,26.24,79.01,40.5
1160,26.23,79,40.51
189514,26.24,79.01,40.49
6902,26.24,79.01,40.49
1947,26.23,79,40.51
1642,26.23,79,40.51
3977,26.23,79,40.51
1672,26.24,79,40.5
1471,26.23,79,40.5
3600,26.23,79,40.5
4821,26.23,79,40.5
1584,26.24,79,40.5
1451,26.24,79,40.5
4364,26.23,79,40.5
6003,26.24,79,40.5
1018,26.24,79,40.5
494,26.24,79,40.5
4138,26.24,79,40.5
4764,26.24,79,40.5
26,26.24,79,40.5
222,26.24,79,40.5
3432,26.24,79,40.5
934,26.24,79.01,40.5
343,26.23,79,40.5
123,26.24,79.01,40.49
327,26.24,79,40.5
400,26.24,79,40.5
98,26.24,79,40.5
244,26.24,79,40.5
72,26.24,79,40.5
55,26.24,79,40.5
14,26.24,79,40.5
5,26.24,79,40.5
25,26.24,79,40.5
2,26.24,79,40.49
247282,26.22,79.01,40.51
502371,26.22,79.01,40.51
621244,26.23,79.01,40.5
695096,26.22,79.01,40.51
453649,26.22,79.01,40.51
767001,26.22,79.01,40.51
307974,26.22,79.01,40.51
580964,26.22,79.01,40.51
10,26.23,78.99,40.52
9,26.23,78.99,40.52
99,26.23,78.99,40.52
35,26.23,78.99,40.52
12,26.23,78.99,40.51
15,26.24,78.99,40.51
123,26.23,78.99,40.51
45,26.23,78.99,40.51
66,26.23,79,40.51
199,26.23,79,40.51
16,26.24,78.99,40.51
15,26.24,79,40.51
73,26.23,79,40.51
81,26.24,79,40.51
219,26.23,79,40.51
295,26.23,79,40.51
10,26.24,79,40.5
5,26.24,79,40.5
64,26.24,79,40.5
43,26.24,79,40.5
2,26.24,79,40.5
23,26.24,79,40.5
2,26.24,79,40.5
2,26.23,78.99,40.52
548,26.21,78.99,40.51
1153,26.2,78.99,40.51
1618,26.2,78.99,40.51
1130,26.2,78.99,40.5
2143,26.2,78.99,40.5
1587,26.2,78.99,40.5
3236,26.2,78.99,40.5
2012,26.2,78.99,40.5
3735,26.2,79,40.5
3055,26.2,78.99,40.5
5851,26.2,79,40.5
67,26.19,78.98,40.5
150,26.2,78.98,40.5
294,26.2,78.99,40.51
3117,26.2,79,40.49
4600,26.2,79,40.49
933,26.2,78.99,40.5
1633,26.2,78.99,40.5
2392,26.2,78.99,40.5
130,26.19,78.98,40.49
379,26.2,78.99,40.5
718,26.19,78.99,40.49
1904,26.19,78.99,40.49
1361,26.2,78.99,40.49
1998,26.2,78.99,40.49
2922,26.2,79,40.49
262,26.22,78.99,40.52
922,26.21,78.99,40.52
1346,26.21,79,40.52
834,26.22,79,40.52
2454,26.21,79,40.51
1011,26.21,78.99,40.51
1477,26.21,79,40.51
3864,26.21,79,40.51
934,26.22,79,40.51
2577,26.22,79,40.51
2545,26.21,79,40.51
204,26.21,78.99,40.52
20,26.19,78.97,40.49
43,26.2,78.98,40.5
84,26.21,78.98,40.51
140,26.21,78.99,40.51
69,26.22,78.99,40.52
78,26.23,78.99,40.52
328,26.22,78.99,40.52
459,26.22,78.99,40.52
236,26.23,78.99,40.52
96,26.23,78.99,40.51
375,26.22,78.99,40.51
528,26.22,78.99,40.51
1583,26.22,79,40.51
281,26.23,78.99,40.51
465,26.23,79,40.51
910,26.22,79,40.51
2,26.2,78.97,40.49
7,26.2,78.97,40.5
21,26.2,78.98,40.5
19,26.21,78.98,40.5
35,26.21,78.98,40.51
54,26.22,78.99,40.51
71,26.22,78.99,40.52
3,26.21,78.98,40.5
6,26.22,78.98,40.5
10,26.22,78.98,40.51
2,26.23,78.98,40.51
2,26.23,78.98,40.51
15,26.22,78.98,40.51
16,26.23,78.99,40.52
349174,26.22,79.01,40.51
11443,26.22,79,40.52
36420,26.22,79,40.52
28470,26.22,79,40.52
14097,26.22,79,40.52
37235,26.22,79,40.51
29217,26.22,79,40.51
63897,26.22,79,40.51
49895,26.22,79,40.51
14580,26.22,79,40.51
65417,26.22,79,40.51
51367,26.22,79,40.51
114514,26.22,79.01,40.51
92131,26.23,79.01,40.51
116602,26.22,79.01,40.51
94303,26.23,79.01,40.51
170439,26.23,79.01,40.51
208612,26.22,79.01,40.51
169228,26.23,79.01,40.51
308117,26.23,79.01,40.51
207771,26.22,79.01,40.51
386869,26.23,79.01,40.51
303553,26.23,79.01,40.5
548445,26.23,79.01,40.5
548612,26.23,79.01,40.5
502,26.23,79,40.51
1399,26.23,79,40.51
3815,26.22,79,40.51
16604,26.21,79,40.51
29029,26.21,79,40.51
40380,26.21,79,40.51
49335,26.21,79,40.51
29313,26.21,79,40.51
40781,26.21,79,40.51
72275,26.21,79,40.51
49486,26.21,79,40.51
85358,26.21,79,40.51
72589,26.21,79,40.51
126694,26.21,79,40.51
85311,26.21,79,40.5
145515,26.21,79,40.5
126696,26.21,79,40.5
219668,26.21,79.01,40.5
246636,26.21,79.01,40.5
144925,26.21,79,40.5
218974,26.21,79.01,40.5
394192,26.21,79.01,40.5
245440,26.21,79.01,40.5
426815,26.21,79.01,40.5
392886,26.21,79.01,40.5
9812,26.21,79,40.51
5958,26.21,79,40.51
24826,26.21,79,40.51
41457,26.21,79,40.51
57664,26.21,79,40.51
41308,26.21,79,40.5
67423,26.21,79,40.5
57535,26.21,79,40.5
97810,26.21,79,40.5
66858,26.21,79,40.5
110465,26.21,79,40.5
97258,26.21,79,40.5
163388,26.21,79,40.5
107722,26.21,79,40.5
167733,26.21,79.01,40.5
161457,26.21,79,40.5
261885,26.21,79.01,40.5
160399,26.21,79.01,40.5
244322,26.21,79.01,40.5
209836,26.21,79.01,40.49
256691,26.21,79.01,40.5
385579,26.21,79.01,40.5
19195,26.22,79,40.52
24173,26.22,79,40.52
38025,26.22,79,40.52
57320,26.22,79,40.52
46567,26.22,79,40.52
24773,26.22,79,40.51
38839,26.22,79,40.51
74243,26.22,79,40.51
58408,26.22,79,40.51
117798,26.22,79,40.51
47545,26.22,79,40.51
79050,26.22,79,40.51
98222,26.22,79,40.51
75247,26.22,79,40.51
143054,26.22,79.01,40.51
118984,26.22,79,40.51
231647,26.22,79.01,40.51
80476,26.22,79,40.51
139082,26.22,79.01,40.51
99549,26.22,79,40.51
168829,26.22,79.01,40.51
200670,26.22,79.01,40.51
144174,26.22,79.01,40.51
269407,26.21,79.01,40.51
232925,26.22,79.01,40.51
455268,26.22,79.01,40.51
141067,26.22,79.01,40.51
170612,26.22,79.01,40.51
202237,26.22,79.01,40.51
269769,26.21,79.01,40.51
509676,26.21,79.01,40.51
455304,26.22,79.01,40.51
735023,26.22,79.01,40.51
509398,26.21,79.01,40.5
791457,26.21,79.01,40.5
11001,26.22,79,40.51
19480,26.22,79,40.51
26861,26.22,79,40.51
19846,26.22,79,40.51
34031,26.21,79,40.51
27309,26.22,79,40.51
50045,26.22,79,40.51
34400,26.21,79,40.51
61585,26.21,79,40.51
50608,26.22,79,40.51
93192,26.21,79,40.51
61825,26.21,79,40.51
109977,26.21,79,40.51
93537,26.21,79,40.51
168993,26.21,79.01,40.51
109898,26.21,79,40.5
191954,26.21,79.01,40.5
168859,26.21,79.01,40.5
304065,26.21,79.01,40.5
358569,26.21,79.01,40.5
191121,26.21,79.01,40.5
1059,26.21,78.99,40.51
2458,26.21,78.99,40.51
3653,26.21,79,40.51
2415,26.21,78.99,40.5
5030,26.2,79,40.5
3592,26.21,79,40.5
4023,26.21,79,40.51
6443,26.22,79,40.51
2705,26.22,79,40.51
970,26.22,79,40.51
1673,26.22,79,40.51
2511,26.22,79,40.51
4177,26.22,79,40.51
6638,26.22,79,40.51
1954,26.2,79,40.49
16857,26.2,79,40.49
806,26.2,79,40.49
228,26.2,79,40.48
345,26.2,79,40.48
86,26.2,79,40.48
5,26.2,79,40.48
14031,26.21,79,40.5
49715,26.21,79,40.5
33699,26.21,79,40.5
53029,26.21,79,40.5
51538,26.21,79,40.5
74410,26.21,79,40.5
72364,26.21,79,40.5
70658,26.21,79,40.5
46846,26.21,79,40.5
65078,26.2,79,40.5
66667,26.21,79,40.5
96210,26.21,79,40.5
58707,26.2,79,40.49
80450,26.2,79,40.49
88226,26.21,79,40.49
116334,26.2,79,40.49
8064,26.21,79,40.5
4766,26.2,79,40.5
18319,26.2,79,40.5
26153,26.2,79,40.5
35208,26.2,79,40.5
24497,26.2,79,40.5
33443,26.2,79,40.5
33119,26.2,79,40.5
45907,26.2,79,40.5
49938,26.2,79,40.49
137185,26.2,79.01,40.49
29730,26.2,79,40.49
36822,26.2,79,40.49
57591,26.2,79,40.49
160231,26.2,79.01,40.49
41022,26.2,79,40.49
54136,26.2,79,40.49
63388,26.2,79,40.49
145147,26.2,79.01,40.49
4904,26.2,79,40.49
9546,26.2,79,40.5
17144,26.2,79,40.49
2744,26.2,79,40.49
7402,26.2,79,40.49
7253,26.2,79,40.49
24521,26.2,79,40.49
80158,26.2,79,40.49
91827,26.2,79,40.49
388576,26.22,79.01,40.51
366,26.2,79,40.48
3670,26.2,79,40.49
26,26.2,79,40.48
4,26.2,79,40.48
681624,26.22,79.01,40.51
103257,26.2,79.01,40.49
167715,26.2,79.01,40.49
205307,26.2,79.01,40.49
243581,26.2,79.01,40.49
170906,26.21,79.01,40.49
664683,26.21,79.01,40.5
425907,26.21,79.01,40.5
344403,26.21,79.01,40.49
317015,26.21,79.01,40.49
496601,26.21,79.01,40.5
626124,26.21,79.01,40.5
592124,26.21,79.01,40.5
133120,26.21,79.01,40.49
622285,26.21,79.01,40.5
356862,26.21,79.01,40.5
554865,26.21,79.01,40.5
303109,26.21,79.01,40.5
791002,26.21,79.01,40.5
734820,26.22,79.01,40.5
634863,26.22,79.01,40.51
56,26.2,79,40.48
15,26.2,79,40.48
7,26.19,78.98,40.48
2,26.2,78.98,40.48
1262,26.19,78.99,40.49
1006,26.19,79,40.49
1830,26.2,79,40.49
60,26.19,78.98,40.49
285,26.19,78.99,40.49
30,26.2,78.99,40.48
7,26.2,78.99,40.48
107,26.2,78.99,40.48
596,26.2,79,40.49
6,26.19,78.97,40.48
2,26.2,78.98,40.48
2,26.24,78.99,40.51
2,26.24,78.99,40.51
6945,26.23,79,40.51
8279,26.23,79,40.51
22634,26.23,79,40.51
16854,26.23,79,40.51
8715,26.23,79,40.51
13472,26.23,79,40.51
23471,26.23,79,40.51
17672,26.23,79,40.51
30614,26.23,79,40.51
41144,26.23,79,40.51
13949,26.23,79,40.51
23396,26.23,79,40.51
31715,26.23,79,40.51
56406,26.23,79,40.51
42400,26.23,79,40.51
74551,26.23,79,40.51
22823,26.23,79,40.51
37619,26.23,79,40.51
55340,26.23,79,40.51
99615,26.23,79.01,40.51
73602,26.23,79,40.51
131300,26.23,79.01,40.51
35425,26.23,79,40.5
64492,26.23,79.01,40.5
95831,26.23,79.01,40.5
198078,26.23,79.01,40.5
127812,26.23,79.01,40.5
248427,26.23,79.01,40.5
63963,26.23,79.01,40.5
131107,26.23,79.01,40.5
198255,26.23,79.01,40.5
368837,26.23,79.01,40.5
247991,26.23,79.01,40.5
461575,26.23,79.01,40.5
113206,26.23,79.01,40.5
267852,26.23,79.01,40.5
342740,26.23,79.01,40.5
660079,26.23,79.01,40.5
441343,26.23,79.01,40.5
256236,26.23,79.01,40.5
463583,26.23,79.01,40.5
647736,26.23,79.01,40.5
749,26.23,79,40.51
2255,26.23,79,40.51
423548,26.23,79.01,40.49
4391,26.23,79,40.51
10195,26.23,79,40.51
4785,26.23,79,40.51
9928,26.23,79,40.51
14993,26.23,79,40.51
4653,26.23,79,40.51
6218,26.23,79,40.51
13936,26.23,79,40.5
22704,26.23,79,40.5
5746,26.23,79,40.5
8366,26.23,79,40.5
21917,26.23,79,40.5
39440,26.23,79.01,40.5
7769,26.23,79,40.5
11803,26.23,79,40.5
31803,26.23,79.01,40.5
67037,26.23,79.01,40.5
9248,26.23,79,40.5
14902,26.23,79.01,40.5
61368,26.23,79.01,40.5
145675,26.23,79.01,40.5
12572,26.23,79.01,40.5
12838,26.24,79.01,40.5
255,26.23,79,40.5
1155,26.23,79,40.51
72654,26.23,79.01,40.49
35965,26.24,79.01,40.49
4070,26.24,79.01,40.49
356,26.24,79.01,40.49
1702,26.23,79,40.5
1290,26.23,79,40.5
3246,26.23,79,40.5
1158,26.24,79,40.5
1121,26.23,79,40.5
2908,26.23,79,40.5
3655,26.23,79,40.5
845,26.24,79,40.5
599,26.24,79,40.5
2792,26.23,79,40.5
3005,26.24,79,40.5
41,26.24,79,40.5
314,26.24,79,40.5
2105,26.24,79,40.5
741,26.24,79,40.5
259,26.23,79,40.5
135,26.24,79,40.49
4,26.24,79.01,40.49
191,26.24,79,40.5
129,26.24,79,40.5
28,26.24,79,40.5
11,26.24,79,40.5
62,26.24,79,40.5
5,26.24,79,40.5
6,26.24,79,40.49
248605,26.22,79.01,40.51
505416,26.22,79.01,40.51
619252,26.23,79.01,40.5
383317,26.23,79.01,40.5
692927,26.22,79.01,40.51
452714,26.22,79.01,40.51
768042,26.22,79.01,40.51
309289,26.22,79.01,40.51
583208,26.22,79.01,40.51
20,26.23,78.99,40.52
14,26.23,78.99,40.51
144,26.23,78.99,40.51
54,26.23,78.99,40.51
15,26.23,78.99,40.51
14,26.24,78.99,40.51
155,26.23,78.99,40.51
59,26.23,78.99,40.51
69,26.23,79,40.51
215,26.23,79,40.51
10,26.24,78.99,40.5
6,26.24,79,40.5
57,26.23,79,40.5
45,26.24,79,40.5
3,26.24,79,40.5
27,26.24,79,40.5
9,26.24,79,40.5
2,26.23,78.99,40.51
557,26.21,78.99,40.51
1085,26.2,78.99,40.5
1525,26.2,78.99,40.5
1005,26.2,78.99,40.5
1797,26.2,78.99,40.5
1428,26.2,78.99,40.5
2748,26.2,78.99,40.5
41,26.19,78.98,40.49
111,26.2,78.98,40.5
261,26.2,78.99,40.5
1501,26.2,78.99,40.49
2308,26.2,79,40.49
223,26.2,78.99,40.49
720,26.2,78.99,40.5
695,26.2,78.99,40.49
1011,26.2,78.99,40.49
980,26.2,78.99,40.49
1477,26.2,78.99,40.49
369,26.22,78.99,40.52
1107,26.21,78.99,40.51
1610,26.21,79,40.51
1027,26.22,79,40.51
2577,26.21,79,40.51
1146,26.21,78.99,40.51
1674,26.21,79,40.51
1082,26.22,79,40.51
241,26.21,78.99,40.51
12,26.2,78.98,40.49
30,26.2,78.98,40.5
74,26.21,78.98,40.5
144,26.21,78.99,40.51
112,26.22,78.99,40.52
111,26.23,78.99,40.51
420,26.22,78.99,40.51
589,26.22,78.99,40.51
319,26.23,78.99,40.51
118,26.23,78.99,40.51
443,26.22,78.99,40.51
623,26.22,78.99,40.51
340,26.23,78.99,40.51
3,26.2,78.97,40.49
13,26.21,78.98,40.5
30,26.21,78.98,40.5
54,26.22,78.99,40.51
85,26.22,78.99,40.51
4,26.22,78.98,40.5
9,26.22,78.98,40.5
2,26.23,78.98,40.51
15,26.22,78.98,40.51
20,26.23,78.99,40.51
350333,26.22,79.01,40.51
12508,26.22,79,40.51
38353,26.22,79,40.51
30214,26.22,79,40.51
15259,26.22,79,40.51
39241,26.22,79,40.51
31085,26.22,79,40.51
67196,26.22,79,40.51
53148,26.22,79,40.51
15772,26.22,79,40.51
68514,26.22,79,40.51
54422,26.22,79,40.51
117513,26.22,79.01,40.51
95110,26.23,79.01,40.51
117025,26.22,79.01,40.51
94377,26.23,79.01,40.51
166325,26.23,79.01,40.51
205495,26.22,79.01,40.51
163332,26.23,79.01,40.5
301094,26.23,79.01,40.5
299827,26.23,79.01,40.5
542953,26.23,79.01,40.5
499,26.23,79,40.51
1507,26.23,79,40.51
4204,26.22,79,40.51
17253,26.21,79,40.51
29679,26.21,79,40.51
41274,26.21,79,40.51
49694,26.21,79,40.51
29720,26.21,79,40.51
41367,26.21,79,40.51
72816,26.21,79,40.51
49510,26.21,79,40.5
85123,26.21,79,40.5
72702,26.21,79,40.5
126426,26.21,79,40.5
143997,26.21,79,40.5
84546,26.21,79,40.5
125765,26.21,79,40.5
217906,26.21,79.01,40.5
142513,26.21,79,40.5
243256,26.21,79.01,40.5
216298,26.21,79.01,40.5
391829,26.21,79.01,40.5
237746,26.21,79.01,40.5
9959,26.21,79,40.51
5881,26.21,79,40.5
24819,26.21,79,40.5
41178,26.21,79,40.5
57391,26.21,79,40.5
40705,26.21,79,40.5
66236,26.21,79,40.5
56861,26.21,79,40.5
96469,26.21,79,40.5
65029,26.21,79,40.5
103650,26.21,79,40.5
95143,26.21,79,40.5
156607,26.21,79,40.5
98269,26.21,79,40.5
149636,26.21,79.01,40.5
139451,26.21,79.01,40.49
150511,26.21,79,40.5
245282,26.21,79.01,40.5
20614,26.22,79,40.51
25639,26.22,79,40.51
39885,26.22,79,40.51
59771,26.22,79,40.51
48760,26.22,79,40.51
26220,26.22,79,40.51
40526,26.22,79,40.51
76493,26.22,79,40.51
60591,26.22,79,40.51
120616,26.22,79,40.51
49640,26.22,79,40.51
82251,26.22,79,40.51
101241,26.22,79,40.51
77295,26.22,79,40.51
145112,26.22,79.01,40.51
121699,26.22,79,40.51
233921,26.22,79.01,40.51
83479,26.22,79,40.51
142052,26.22,79.01,40.51
102452,26.22,79,40.51
171665,26.22,79.01,40.51
203297,26.22,79.01,40.51
145484,26.22,79.01,40.51
269939,26.21,79.01,40.51
234216,26.22,79.01,40.51
455335,26.22,79.01,40.51
141816,26.22,79.01,40.51
171749,26.22,79.01,40.51
203565,26.22,79.01,40.51
269664,26.21,79.01,40.5
508843,26.21,79.01,40.5
11687,26.22,79,40.51
20359,26.22,79,40.51
28035,26.22,79,40.51
34818,26.21,79,40.51
20578,26.22,79,40.51
28317,26.22,79,40.51
51155,26.22,79,40.51
34855,26.21,79,40.51
61952,26.21,79,40.51
51282,26.22,79,40.51
93701,26.21,79,40.51
61767,26.21,79,40.5
109561,26.21,79,40.5
93506,26.21,79,40.5
168425,26.21,79.01,40.5
189891,26.21,79.01,40.5
108802,26.21,79,40.5
1076,26.21,78.99,40.51
2329,26.21,78.99,40.5
2193,26.21,78.99,40.5
3467,26.21,79,40.5
2518,26.21,79,40.5
4070,26.21,79,40.51
6728,26.22,79,40.51
2728,26.22,79,40.51
972,26.22,79,40.51
1685,26.22,79,40.51
2674,26.22,79,40.51
4402,26.22,79,40.51
7162,26.22,79,40.51
1368,26.2,79,40.49
2592,26.2,79,40.49
19088,26.2,79,40.49
714,26.2,79,40.49
1033,26.2,79,40.49
148,26.2,79,40.48
249,26.2,79,40.48
56,26.2,79,40.48
81,26.2,79,40.48
18,26.2,79,40.48
3,26.2,79,40.48
5,26.21,79,40.48
13724,26.21,79,40.5
31585,26.21,79,40.5
32560,26.21,79,40.5
44022,26.21,79,40.5
29789,26.21,79,40.5
43058,26.21,79,40.5
41898,26.21,79,40.5
61290,26.21,79,40.5
38499,26.21,79,40.49
51543,26.2,79,40.49
55017,26.21,79,40.49
79159,26.21,79,40.49
2301,26.2,78.99,40.49
4308,26.2,79,40.5
7678,26.21,79,40.5
16286,26.2,79,40.5
22545,26.2,79,40.5
30422,26.2,79,40.5
20089,26.2,79,40.49
27219,26.2,79,40.49
40014,26.2,79,40.49
101750,26.2,79.01,40.49
25099,26.2,79,40.49
29752,26.2,79,40.49
34957,26.2,79,40.49
44677,26.2,79,40.49
43132,26.2,79,40.49
45401,26.2,79,40.49
1457,26.2,79,40.49
3607,26.2,79,40.49
8042,26.2,79,40.49
4216,26.2,79,40.49
12255,26.2,79,40.49
11720,26.2,79,40.49
29526,26.2,79,40.49
68181,26.2,79,40.49
67897,26.21,79,40.49
388972,26.22,79.01,40.51
81,26.2,79,40.48
629,26.2,79,40.48
19,26.2,79,40.48
4,26.2,79,40.48
681541,26.22,79.01,40.51
454918,26.22,79.01,40.5
167481,26.21,79.01,40.5
98419,26.2,79.01,40.49
169996,26.21,79.01,40.49
243821,26.21,79.01,40.49
126397,26.21,79.01,40.49
292641,26.21,79.01,40.49
250223,26.21,79.01,40.49
685630,26.21,79.01,40.5
229916,26.21,79.01,40.49
416767,26.21,79.01,40.5
428403,26.21,79.01,40.49
477763,26.21,79.01,40.49
622905,26.21,79.01,40.5
106598,26.21,79,40.49
393423,26.21,79.01,40.5
620805,26.21,79.01,40.5
354703,26.21,79.01,40.5
188095,26.21,79.01,40.5
553201,26.21,79.01,40.5
301707,26.21,79.01,40.5
790227,26.21,79.01,40.5
507927,26.21,79.01,40.5
734390,26.22,79.01,40.5
635666,26.22,79.01,40.51
36,26.2,78.99,40.48
6,26.2,78.99,40.48
19,26.19,78.98,40.49
10,26.2,78.98,40.48
2,26.2,78.99,40.48
95,26.2,78.99,40.49
499,26.2,78.99,40.49
39,26.2,78.99,40.48
360,26.2,79,40.49
4,26.21,78.99,40.48
6,26.2,78.98,40.49
3,26.2,78.98,40.48
7674,26.23,79,40.51
9238,26.23,79,40.51
24575,26.23,79,40.51
18658,26.23,79,40.51
9509,26.23,79,40.51
14100,26.23,79,40.51
25208,26.23,79,40.51
19239,26.23,79,40.51
32040,26.23,79,40.51
42827,26.23,79,40.51
13803,26.23,79,40.51
21705,26.23,79,40.51
31469,26.23,79,40.51
53217,26.23,79,40.51
42284,26.23,79,40.51
71558,26.23,79,40.51
20485,26.23,79,40.5
34024,26.23,79,40.5
51003,26.23,79,40.5
93785,26.23,79.01,40.5
69479,26.23,79,40.5
125880,26.23,79.01,40.5
33136,26.23,79,40.5
60317,26.23,79.01,40.5
92939,26.23,79.01,40.5
192774,26.23,79.01,40.5
124772,26.23,79.01,40.5
242633,26.23,79.01,40.5
52212,26.23,79.01,40.5
109440,26.23,79.01,40.5
177942,26.23,79.01,40.5
338764,26.23,79.01,40.5
229841,26.23,79.01,40.5
433965,26.23,79.01,40.5
102129,26.23,79.01,40.5
231214,26.23,79.01,40.5
328283,26.23,79.01,40.5
626043,26.23,79.01,40.5
190,26.23,79,40.5
745,26.23,79,40.51
2463,26.23,79,40.51
174123,26.23,79.01,40.49
282438,26.23,79.01,40.49
4433,26.23,79,40.51
9391,26.23,79,40.51
4382,26.23,79,40.51
8807,26.23,79,40.5
13100,26.23,79,40.5
4085,26.23,79,40.5
5284,26.23,79,40.5
12395,26.23,79,40.5
19894,26.23,79,40.5
4859,26.23,79,40.5
6798,26.23,79,40.5
16676,26.23,79,40.5
29081,26.23,79.01,40.5
5630,26.23,79,40.5
7703,26.23,79,40.5
25746,26.23,79.01,40.5
47552,26.23,79.01,40.5
6250,26.23,79,40.5
6581,26.23,79.01,40.5
200,26.23,79,40.5
1030,26.23,79,40.5
22138,26.23,79.01,40.49
24140,26.23,79.01,40.49
1742,26.23,79.01,40.49
2241,26.23,79.01,40.49
479,26.24,79.01,40.49
1379,26.23,79,40.5
911,26.23,79,40.5
2461,26.23,79,40.5
705,26.23,79,40.5
566,26.24,79,40.5
1988,26.23,79,40.5
2105,26.23,79,40.5
88,26.24,79,40.5
353,26.24,79,40.5
1484,26.23,79,40.5
635,26.24,79,40.5
171,26.23,79,40.5
144,26.24,79,40.49
11,26.24,79,40.49
2,26.24,79,40.49
82,26.24,79,40.5
4,26.24,79,40.5
20,26.24,79,40.5
5,26.24,79,40.49
18,26.24,79,40.49
21,26.24,79.01,40.49
67196,26.23,79.01,40.49
545539,26.23,79.01,40.49
248147,26.22,79.01,40.51
507010,26.22,79.01,40.51
424359,26.23,79.01,40.5
527814,26.23,79.01,40.5
618002,26.23,79.01,40.5
381163,26.23,79.01,40.5
203001,26.22,79.01,40.5
690512,26.22,79.01,40.5
450400,26.22,79.01,40.51
767831,26.22,79.01,40.51
7,26.21,78.99,40.48
309461,26.22,79.01,40.51
584524,26.22,79.01,40.51
27,26.23,78.99,40.51
13,26.23,78.99,40.51
153,26.23,78.99,40.51
56,26.23,78.99,40.51
10,26.23,78.99,40.5
7,26.24,78.99,40.5
137,26.23,78.99,40.5
48,26.23,78.99,40.5
42,26.23,79,40.5
4,26.24,78.99,40.5
28,26.23,79,40.5
14,26.24,79,40.5
2,26.23,78.99,40.51
77959,26.21,79,40.49
498,26.21,78.99,40.5
876,26.2,78.99,40.5
1263,26.2,78.99,40.5
66,26.2,78.98,40.49
190,26.2,78.99,40.5
724,26.2,78.99,40.49
1106,26.2,78.99,40.49
410,26.2,78.99,40.49
443,26.22,78.99,40.51
1160,26.21,78.99,40.51
1692,26.21,79,40.51
1091,26.22,79,40.51
1128,26.21,78.99,40.5
1648,26.21,79,40.5
1048,26.22,79,40.5
244,26.21,78.99,40.51
18,26.2,78.98,40.49
50,26.21,78.98,40.5
126,26.21,78.99,40.5
140,26.22,78.99,40.51
116,26.23,78.99,40.51
442,26.22,78.99,40.51
624,26.22,78.99,40.51
339,26.23,78.99,40.51
105,26.23,78.99,40.5
419,26.22,78.99,40.5
592,26.22,78.99,40.5
314,26.23,78.99,40.5
7,26.21,78.98,40.49
20,26.21,78.98,40.5
46,26.22,78.99,40.5
85,26.22,78.99,40.51
5,26.22,78.98,40.5
12,26.22,78.98,40.5
20,26.23,78.99,40.51
350786,26.22,79.01,40.51
13457,26.22,79,40.51
40517,26.22,79,40.51
32287,26.22,79,40.51
16503,26.22,79,40.51
41181,26.22,79,40.51
32977,26.22,79,40.51
69168,26.22,79,40.51
54967,26.22,79,40.51
16849,26.22,79,40.51
68913,26.22,79,40.51
54552,26.22,79,40.51
115615,26.22,79.01,40.51
92606,26.23,79.01,40.51
90745,26.23,79.01,40.5
161511,26.23,79.01,40.5
160046,26.23,79.01,40.5
294947,26.23,79.01,40.5
456,26.23,79,40.5
1512,26.23,79,40.51
4521,26.22,79,40.51
17535,26.21,79,40.51
29777,26.21,79,40.51
41474,26.21,79,40.51
49336,26.21,79,40.5
29576,26.21,79,40.5
41257,26.21,79,40.5
72435,26.21,79,40.5
83753,26.21,79,40.5
48789,26.21,79,40.5
71841,26.21,79,40.5
124749,26.21,79,40.5
82456,26.21,79,40.5
140407,26.21,79,40.5
123234,26.21,79,40.5
214144,26.21,79.01,40.5
137169,26.21,79,40.5
228649,26.21,79.01,40.5
211278,26.21,79.01,40.5
9854,26.21,79,40.5
1046,26.2,78.99,40.49
5680,26.21,79,40.5
1958,26.21,78.99,40.5
3271,26.21,79,40.5
73335,26.21,79,40.49
24376,26.21,79,40.5
40209,26.21,79,40.5
56239,26.21,79,40.5
39298,26.21,79,40.5
63574,26.21,79,40.5
55167,26.21,79,40.5
93095,26.21,79,40.5
60657,26.21,79,40.5
91019,26.21,79,40.5
82739,26.21,79,40.49
89681,26.21,79,40.5
141396,26.21,79,40.5
130725,26.21,79,40.49
21782,26.22,79,40.51
27101,26.22,79,40.51
41491,26.22,79,40.51
61928,26.22,79,40.51
50962,26.22,79,40.51
27493,26.22,79,40.51
41952,26.22,79,40.51
78048,26.22,79,40.51
62604,26.22,79,40.51
122675,26.22,79,40.51
51654,26.22,79,40.51
84251,26.22,79,40.51
103340,26.22,79,40.51
78240,26.22,79,40.51
145664,26.22,79.01,40.51
122913,26.22,79,40.51
234301,26.22,79.01,40.51
84175,26.22,79,40.51
140811,26.22,79.01,40.51
103427,26.22,79,40.51
171181,26.22,79.01,40.51
203385,26.22,79.01,40.51
145377,26.22,79.01,40.5
269088,26.21,79.01,40.5
12219,26.22,79,40.51
20824,26.22,79,40.51
28686,26.22,79,40.51
20802,26.22,79,40.51
34879,26.21,79,40.51
28665,26.22,79,40.51
51306,26.22,79,40.51
34621,26.21,79,40.5
61453,26.21,79,40.5
51039,26.22,79,40.5
93103,26.21,79,40.5
107706,26.21,79,40.5
60796,26.21,79,40.5
874,26.21,78.99,40.5
967,26.21,78.99,40.5
2396,26.21,79,40.5
3981,26.21,79,40.5
6814,26.22,79,40.51
2639,26.22,79,40.5
910,26.22,79,40.5
1607,26.22,79,40.5
2697,26.22,79,40.51
4448,26.22,79,40.51
7590,26.22,79,40.51
31873,26.2,79.01,40.49
774,26.2,79,40.49
1926,26.2,79,40.49
3819,26.2,79,40.49
38779,26.2,79.01,40.49
455,26.2,79,40.49
817,26.2,79,40.49
15098,26.21,79.01,40.49
85,26.2,78.99,40.48
167,26.2,79,40.48
248,26.2,79,40.48
36,26.2,78.99,40.48
55,26.2,79,40.48
86,26.2,79,40.48
11,26.2,79,40.48
15,26.21,79,40.48
2,26.21,79,40.48
13126,26.21,79,40.5
20113,26.21,79,40.5
26908,26.21,79,40.5
19013,26.21,79,40.5
27542,26.21,79,40.5
25652,26.21,79,40.5
38749,26.21,79,40.5
24782,26.21,79,40.49
32960,26.21,79,40.49
34940,26.21,79,40.49
47792,26.21,79,40.49
725,26.2,78.99,40.49
1699,26.2,78.99,40.49
3621,26.2,79,40.49
6996,26.21,79,40.5
26527,26.21,79,40.49
13814,26.2,79,40.49
17025,26.2,79,40.49
23080,26.2,79,40.49
18653,26.2,79,40.49
13703,26.2,79,40.49
20006,26.2,79,40.49
28345,26.2,79,40.49
22808,26.2,79,40.49
32113,26.2,79,40.49
2197,26.2,79,40.49
5872,26.2,79,40.49
6897,26.2,79,40.49
19502,26.2,79,40.49
39618,26.21,79,40.49
51766,26.21,79,40.49
30483,26.21,79,40.49
388806,26.22,79.01,40.51
233849,26.22,79.01,40.5
92275,26.21,79,40.5
108,26.2,79,40.48
1072,26.2,79,40.49
9220,26.2,79.01,40.49
16,26.2,79,40.48
2,26.2,79,40.48
681105,26.22,79.01,40.5
454249,26.22,79.01,40.5
106120,26.21,79,40.5
166116,26.21,79.01,40.5
268000,26.21,79.01,40.5
111480,26.21,79.01,40.49
192979,26.21,79.01,40.49
250181,26.21,79.01,40.49
202134,26.21,79.01,40.49
356660,26.21,79.01,40.49
665967,26.21,79.01,40.5
382252,26.21,79.01,40.49
526127,26.21,79.01,40.49
46072,26.21,79,40.49
114784,26.21,79.01,40.49
62736,26.21,79,40.49
159593,26.21,79.01,40.49
117898,26.21,79,40.49
216990,26.21,79.01,40.49
386989,26.21,79.01,40.5
619411,26.21,79.01,40.5
352164,26.21,79.01,40.5
185622,26.21,79.01,40.5
550912,26.21,79.01,40.5
299677,26.21,79.01,40.5
789099,26.21,79.01,40.5
506479,26.21,79.01,40.5
733727,26.22,79.01,40.5
45805,26.21,79.01,40.49
635384,26.22,79.01,40.51
2,26.21,78.99,40.48
20,26.2,78.99,40.48
21,26.2,78.99,40.48
29,26.2,78.98,40.49
12,26.2,78.99,40.48
151,26.2,78.99,40.49
48,26.2,78.99,40.48
199,26.2,78.99,40.49
3,26.21,78.99,40.48
2,26.21,78.99,40.48
12,26.21,78.99,40.48
2,26.21,78.99,40.48
8,26.2,78.98,40.49
3,26.21,78.98,40.48
2,26.21,78.98,40.49
17,26.23,79.01,40.49
8341,26.23,79,40.51
9608,26.23,79,40.51
25515,26.23,79,40.51
19462,26.23,79,40.51
9437,26.23,79,40.51
13192,26.23,79,40.51
25208,26.23,79,40.51
19142,26.23,79,40.51
30279,26.23,79,40.51
41116,26.23,79,40.51
12527,26.23,79,40.5
19572,26.23,79,40.5
29028,26.23,79,40.5
49606,26.23,79,40.5
39856,26.23,79,40.5
68104,26.23,79,40.5
18747,26.23,79,40.5
30881,26.23,79,40.5
48568,26.23,79,40.5
89261,26.23,79.01,40.5
66958,26.23,79,40.5
121072,26.23,79.01,40.5
27147,26.23,79,40.5
48659,26.23,79.01,40.5
81776,26.23,79.01,40.5
172458,26.23,79.01,40.5
114027,26.23,79.01,40.5
222646,26.23,79.01,40.5
44373,26.23,79.01,40.5
87875,26.23,79.01,40.5
164666,26.23,79.01,40.5
309369,26.23,79.01,40.5
153,26.23,79,40.5
674,26.23,79,40.5
2477,26.23,79,40.51
61109,26.23,79.01,40.49
128989,26.23,79.01,40.49
4053,26.23,79,40.5
8245,26.23,79,40.5
3758,26.23,79,40.5
7717,26.23,79,40.5
11205,26.23,79,40.5
3444,26.23,79,40.5
4262,26.23,79,40.5
9702,26.23,79,40.5
14656,26.23,79,40.5
3658,26.23,79,40.5
4644,26.23,79,40.5
12601,26.23,79,40.5
18934,26.23,79.01,40.5
3700,26.23,79,40.5
3784,26.23,79,40.5
141,26.23,79,40.5
851,26.23,79,40.5
9847,26.23,79.01,40.49
8075,26.23,79.01,40.49
1052,26.23,79.01,40.49
1397,26.23,79,40.49
369,26.23,79.01,40.49
1009,26.23,79,40.5
512,26.23,79,40.5
1541,26.23,79,40.5
152,26.24,79,40.5
340,26.23,79,40.5
1123,26.23,79,40.5
697,26.23,79,40.5
5,26.24,79,40.49
95,26.23,79,40.5
205,26.23,79,40.49
19,26.24,79,40.49
21,26.24,79,40.49
47,26.24,79,40.49
4,26.24,79,40.49
2,26.24,79,40.49
29,26.23,79.01,40.49
39017,26.23,79.01,40.49
259486,26.23,79.01,40.49
509726,26.23,79.01,40.49
114045,26.22,79.01,40.5
246504,26.22,79.01,40.51
507153,26.22,79.01,40.51
2379,26.23,79.01,40.49
335854,26.23,79.01,40.49
407813,26.23,79.01,40.5
214386,26.23,79.01,40.5
518739,26.23,79.01,40.5
284752,26.23,79.01,40.5
614163,26.23,79.01,40.5
379322,26.23,79.01,40.5
201313,26.22,79.01,40.5
689094,26.22,79.01,40.5
447714,26.22,79.01,40.5
766593,26.22,79.01,40.51
55,26.2,78.99,40.48
22,26.21,78.99,40.48
6,26.21,79,40.48
139519,26.22,79.01,40.5
308462,26.22,79.01,40.51
585160,26.22,79.01,40.51
25,26.23,78.99,40.51
7,26.23,78.99,40.5
112,26.23,78.99,40.5
36,26.23,78.99,40.5
4,26.23,78.99,40.5
2,26.24,78.99,40.5
25,26.23,78.99,40.5
16,26.23,79,40.5
49611,26.21,79,40.49
109,26.2,78.99,40.49
346,26.21,78.99,40.5
536,26.2,78.99,40.49
360,26.2,78.99,40.49
445,26.22,78.99,40.51
1060,26.21,78.99,40.5
1548,26.21,79,40.5
964,26.22,79,40.5
970,26.21,78.99,40.5
212,26.21,78.99,40.5
391,26.21,78.99,40.5
549,26.21,78.99,40.5
29,26.21,78.98,40.49
83,26.21,78.99,40.5
320,26.21,78.99,40.49
138,26.22,78.99,40.51
88,26.23,78.99,40.5
378,26.22,78.99,40.5
529,26.22,78.99,40.5
270,26.23,78.99,40.5
69,26.23,78.99,40.5
329,26.22,78.99,40.5
10,26.21,78.98,40.49
31,26.22,78.99,40.5
69,26.22,78.99,40.5
2,26.22,78.98,40.49
7,26.22,78.98,40.5
14,26.23,78.99,40.5
350303,26.22,79.01,40.51
170227,26.22,79.01,40.5
14315,26.22,79,40.51
41691,26.22,79,40.51
33390,26.22,79,40.51
17063,26.22,79,40.51
41524,26.22,79,40.51
33140,26.22,79,40.51
68089,26.22,79,40.51
53511,26.22,79,40.51
16888,26.22,79,40.51
67046,26.22,79,40.5
52377,26.22,79,40.5
89442,26.23,79.01,40.5
88139,26.23,79.01,40.5
156433,26.23,79.01,40.5
86,26.23,78.99,40.5
388,26.23,79,40.5
1409,26.23,79,40.5
4570,26.22,79,40.51
202688,26.22,79.01,40.5
17395,26.21,79,40.5
29362,26.21,79,40.5
41013,26.21,79,40.5
48176,26.21,79,40.5
28918,26.21,79,40.5
40476,26.21,79,40.5
70993,26.21,79,40.5
47128,26.21,79,40.5
80714,26.21,79,40.5
69737,26.21,79,40.5
121098,26.21,79,40.5
78269,26.21,79,40.5
130926,26.21,79,40.5
118235,26.21,79,40.5
207057,26.21,79.01,40.5
9534,26.21,79,40.5
771,26.2,78.99,40.49
1631,26.21,78.99,40.49
5343,26.21,79,40.5
3032,26.21,79,40.5
44029,26.21,79,40.49
35919,26.21,79,40.49
23455,26.21,79,40.5
38026,26.21,79,40.5
53748,26.21,79,40.5
36376,26.21,79,40.5
56317,26.21,79,40.5
50793,26.21,79,40.49
51794,26.21,79,40.5
83911,26.21,79,40.5
76676,26.21,79,40.49
121922,26.21,79,40.49
67709,26.21,79,40.49
22805,26.22,79,40.51
27851,26.22,79,40.51
42462,26.22,79,40.51
63336,26.22,79,40.51
52295,26.22,79,40.51
27741,26.22,79,40.51
42482,26.22,79,40.51
78305,26.22,79,40.51
63359,26.22,79,40.51
122943,26.22,79,40.51
52199,26.22,79,40.51
83620,26.22,79,40.51
103193,26.22,79,40.51
77951,26.22,79,40.5
144873,26.22,79.01,40.5
122468,26.22,79,40.5
82784,26.22,79,40.5
102500,26.22,79,40.5
12405,26.22,79,40.51
20728,26.22,79,40.51
28590,26.22,79,40.51
20497,26.22,79,40.5
34341,26.21,79,40.5
28310,26.22,79,40.5
50663,26.22,79,40.5
59910,26.21,79,40.5
33801,26.21,79,40.5
50010,26.22,79,40.5
708,26.21,78.99,40.49
1295,26.21,78.99,40.5
2226,26.21,79,40.5
3802,26.21,79,40.5
6675,26.22,79,40.5
451,26.21,78.99,40.49
1415,26.21,79,40.5
855,26.22,79,40.5
219,26.23,78.99,40.5
453,26.22,78.99,40.5
2480,26.22,79,40.5
807,26.22,79,40.5
1473,26.22,79,40.5
2566,26.22,79,40.5
4303,26.22,79,40.5
7694,26.22,79,40.51
394,26.2,78.99,40.49
254,26.2,78.99,40.49
6826,26.2,79,40.49
15133,26.2,79.01,40.49
1095,26.2,79,40.49
2666,26.2,79,40.49
8254,26.2,79,40.49
3138,26.2,79,40.49
545,26.2,79,40.49
839,26.2,79,40.49
4195,26.21,79,40.49
7370,26.21,79.01,40.49
12824,26.21,79,40.49
99,26.2,78.99,40.48
173,26.2,79,40.48
226,26.2,79,40.48
1117,26.21,79,40.49
36,26.2,79,40.48
48,26.2,79,40.48
9,26.21,79,40.48
15,26.21,79,40.48
2,26.21,79,40.48
20886,26.21,79,40.49
3534,26.21,79,40.49
12229,26.21,79,40.5
17650,26.21,79,40.5
23803,26.21,79,40.5
15903,26.21,79,40.49
21131,26.21,79,40.49
21681,26.21,79,40.49
29918,26.21,79,40.49
1070,26.2,78.99,40.49
2679,26.2,79,40.49
5946,26.21,79,40.49
16932,26.21,79,40.49
19316,26.21,79,40.49
3405,26.2,79,40.49
10030,26.2,79,40.49
12087,26.2,79,40.49
12039,26.21,79,40.49
24040,26.21,79,40.49
30031,26.21,79,40.49
18717,26.21,79,40.49
388131,26.22,79.01,40.5
233161,26.22,79.01,40.5
58631,26.21,79,40.5
91120,26.21,79,40.5
143804,26.22,79.01,40.5
75,26.2,79,40.48
815,26.21,79.01,40.49
1547,26.21,79.01,40.49
8,26.2,79,40.48
680540,26.22,79.01,40.5
453242,26.22,79.01,40.5
103954,26.21,79,40.5
164142,26.21,79.01,40.5
266347,26.21,79.01,40.5
129256,26.21,79.01,40.49
225670,26.21,79.01,40.49
289022,26.21,79.01,40.49
360269,26.21,79.01,40.49
313994,26.21,79.01,40.49
499446,26.21,79.01,40.49
626039,26.21,79.01,40.49
30759,26.21,79,40.49
72203,26.21,79.01,40.49
82055,26.21,79,40.49
171651,26.21,79.01,40.49
56856,26.21,79,40.49
103321,26.21,79,40.49
237568,26.21,79.01,40.49
198017,26.21,79.01,40.49
381566,26.21,79.01,40.49
618588,26.21,79.01,40.5
198346,26.21,79.01,40.49
349104,26.21,79.01,40.5
182378,26.21,79.01,40.5
547889,26.21,79.01,40.5
296854,26.21,79.01,40.5
787534,26.21,79.01,40.5
504307,26.21,79.01,40.5
732541,26.22,79.01,40.5
60507,26.21,79.01,40.49
9235,26.21,79.01,40.49
634665,26.22,79.01,40.5
43,26.2,78.99,40.49
16,26.21,78.99,40.48
202,26.2,78.99,40.49
104,26.2,78.99,40.49
132,26.2,78.99,40.49
33,26.21,78.99,40.48
3,26.21,79,40.48
12,26.21,78.99,40.48
6,26.21,78.99,40.48
6,26.21,78.99,40.48
12,26.21,78.98,40.49
4,26.21,78.99,40.48
17,26.21,78.99,40.48
18,26.21,78.99,40.48
3,26.21,78.98,40.49
33,26.23,79.01,40.49
8463,26.23,79,40.51
9066,26.23,79,40.51
24550,26.23,79,40.51
18476,26.23,79,40.51
8654,26.23,79,40.5
11887,26.23,79,40.5
23804,26.23,79,40.5
17743,26.23,79,40.5
28042,26.23,79,40.5
38883,26.23,79,40.5
11280,26.23,79,40.5
17384,26.23,79,40.5
27145,26.23,79,40.5
46174,26.23,79,40.5
37890,26.23,79,40.5
64477,26.23,79,40.5
15524,26.23,79,40.5
24590,26.23,79,40.5
42232,26.23,79,40.5
77392,26.23,79.01,40.5
60548,26.23,79,40.5
108836,26.23,79.01,40.5
21963,26.23,79,40.5
36582,26.23,79.01,40.5
72464,26.23,79.01,40.5
151276,26.23,79.01,40.5
112,26.23,79,40.5
565,26.23,79,40.5
2288,26.23,79,40.5
25221,26.23,79.01,40.49
40934,26.23,79.01,40.49
3523,26.23,79,40.5
6976,26.23,79,40.5
3040,26.23,79,40.5
6170,26.23,79,40.5
8387,26.23,79,40.5
2648,26.23,79,40.5
3022,26.23,79,40.5
7099,26.23,79,40.5
9202,26.23,79,40.5
2431,26.23,79,40.5
2424,26.23,79,40.5
7,26.23,79,40.49
88,26.23,79,40.5
647,26.23,79,40.5
5420,26.23,79,40.49
4074,26.23,79.01,40.49
653,26.23,79.01,40.49
1175,26.23,79,40.49
307,26.23,79,40.49
632,26.23,79,40.5
182,26.23,79,40.5
648,26.23,79,40.5
38,26.23,79,40.49
3,26.24,79,40.49
283,26.23,79,40.49
37,26.23,79,40.49
4,26.23,79,40.49
73,26.23,79,40.49
9,26.24,79,40.49
11,26.24,79,40.49
2,26.24,79,40.49
35,26.23,79,40.49
11115,26.23,79.01,40.49
124148,26.23,79.01,40.49
216962,26.23,79.01,40.49
112819,26.22,79.01,40.5
244515,26.22,79.01,40.5
505712,26.22,79.01,40.51
1275,26.23,79.01,40.49
123508,26.23,79.01,40.49
129450,26.23,79.01,40.49
368358,26.23,79.01,40.49
201504,26.23,79.01,40.5
103172,26.23,79.01,40.5
508646,26.23,79.01,40.5
276979,26.23,79.01,40.5
150093,26.23,79.01,40.5
605683,26.23,79.01,40.5
375142,26.23,79.01,40.5
199552,26.22,79.01,40.5
687985,26.22,79.01,40.5
445870,26.22,79.01,40.5
765102,26.22,79.01,40.5
63,26.21,78.99,40.48
21,26.21,79,40.48
4,26.21,79,40.48
138398,26.22,79.01,40.5
307027,26.22,79.01,40.5
584413,26.22,79.01,40.51
16,26.23,78.99,40.5
2,26.23,78.99,40.5
16,26.23,78.99,40.5
502,26.2,78.99,40.49
26660,26.21,79,40.49
191,26.21,78.99,40.49
380,26.22,78.99,40.5
840,26.21,78.99,40.5
45,26.21,78.99,40.49
146,26.21,78.99,40.5
231,26.21,78.99,40.49
151,26.21,78.99,40.49
106,26.22,78.99,40.5
50,26.23,78.99,40.5
267,26.22,78.99,40.5
15,26.22,78.99,40.49
44,26.22,78.99,40.5
2,26.22,78.98,40.49
8,26.23,78.99,40.5
349328,26.22,79.01,40.5
169204,26.22,79.01,40.5
14554,26.22,79,40.51
41068,26.22,79,40.51
32554,26.22,79,40.51
16476,26.22,79,40.51
40399,26.22,79,40.5
31805,26.22,79,40.5
66192,26.22,79,40.5
51431,26.22,79,40.5
15998,26.22,79,40.5
65010,26.22,79,40.5
50404,26.22,79,40.5
85652,26.23,79.01,40.5
59,26.23,78.99,40.5
308,26.23,79,40.5
1237,26.23,79,40.5
4323,26.22,79,40.5
201847,26.22,79.01,40.5
16914,26.21,79,40.5
28417,26.21,79,40.5
39824,26.21,79,40.5
45821,26.21,79,40.5
27641,26.21,79,40.5
38836,26.21,79,40.5
68005,26.21,79,40.5
44035,26.21,79,40.5
74919,26.21,79,40.5
65769,26.21,79,40.5
114425,26.21,79,40.5
9009,26.21,79,40.5
1198,26.21,78.99,40.49
2554,26.21,79,40.49
4863,26.21,79,40.5
26786,26.21,79,40.49
21427,26.21,79,40.49
21809,26.21,79,40.5
33976,26.21,79,40.5
30970,26.21,79,40.49
48876,26.21,79,40.5
44860,26.21,79,40.49
69457,26.21,79,40.49
39595,26.21,79,40.49
109139,26.21,79,40.49
23199,26.22,79,40.51
27441,26.22,79,40.51
42403,26.22,79,40.51
63278,26.22,79,40.51
51944,26.22,79,40.51
26982,26.22,79,40.5
42053,26.22,79,40.5
77517,26.22,79,40.5
62787,26.22,79,40.5
121875,26.22,79,40.5
51317,26.22,79,40.5
81970,26.22,79,40.5
101806,26.22,79,40.5
76609,26.22,79,40.5
120680,26.22,79,40.5
80766,26.22,79,40.5
100547,26.22,79,40.5
12175,26.22,79,40.5
20224,26.22,79,40.5
27967,26.22,79,40.5
33135,26.21,79,40.5
19813,26.22,79,40.5
27470,26.22,79,40.5
49096,26.22,79,40.5
32200,26.21,79,40.5
47887,26.22,79,40.5
515,26.21,78.99,40.49
1077,26.21,78.99,40.49
1998,26.21,79,40.5
3528,26.21,79,40.5
6375,26.22,79,40.5
318,26.21,78.99,40.49
690,26.21,78.99,40.49
202,26.22,78.99,40.49
31,26.23,78.99,40.49
1229,26.21,79,40.5
721,26.22,79,40.5
165,26.23,78.99,40.5
364,26.22,78.99,40.5
2258,26.22,79,40.5
681,26.22,79,40.5
1301,26.22,79,40.5
2337,26.22,79,40.5
4037,26.22,79,40.5
7429,26.22,79,40.5
556,26.2,78.99,40.49
318,26.2,79,40.49
2639,26.21,79,40.49
1534,26.2,79,40.49
3945,26.2,79,40.49
6038,26.21,79,40.49
605,26.2,79,40.49
815,26.21,79,40.49
2997,26.21,79,40.49
8670,26.21,79,40.49
111,26.2,79,40.48
164,26.2,79,40.48
243,26.21,79,40.48
794,26.21,79,40.49
286,26.21,79,40.48
32,26.21,79,40.48
41,26.21,79,40.48
7,26.21,79,40.48
2,26.21,79,40.48
13316,26.21,79,40.49
5120,26.21,79,40.49
742,26.21,79,40.49
268,26.2,78.99,40.49
167,26.21,78.99,40.49
753,26.21,79,40.49
2656,26.21,79,40.49
10534,26.21,79,40.49
13512,26.21,79,40.49
18461,26.21,79,40.49
1610,26.2,79,40.49
4360,26.21,79,40.49
10873,26.21,79,40.49
11990,26.21,79,40.49
5428,26.2,79,40.49
7590,26.21,79,40.49
14849,26.21,79,40.49
17091,26.21,79,40.49
10416,26.21,79,40.49
387274,26.22,79.01,40.5
231939,26.22,79.01,40.5
56966,26.21,79,40.5
89494,26.21,79,40.5
142330,26.22,79.01,40.5
141,26.21,79,40.48
103,26.21,79.01,40.48
623,26.21,79.01,40.49
200,26.21,79.01,40.48
7,26.21,79,40.48
679524,26.22,79.01,40.5
451440,26.22,79.01,40.5
101121,26.21,79,40.5
161425,26.21,79.01,40.5
263846,26.21,79.01,40.5
154504,26.21,79.01,40.49
270342,26.21,79.01,40.49
352793,26.21,79.01,40.49
434166,26.21,79.01,40.49
502275,26.21,79.01,40.49
620185,26.21,79.01,40.49
16199,26.21,79,40.49
50830,26.21,79,40.49
44138,26.21,79,40.49
134077,26.21,79.01,40.49
31993,26.21,79,40.49
94292,26.21,79,40.49
171468,26.21,79.01,40.49
359640,26.21,79.01,40.49
346840,26.21,79.01,40.49
632043,26.21,79.01,40.49
183563,26.21,79.01,40.49
108601,26.21,79,40.49
347393,26.21,79.01,40.49
178180,26.21,79.01,40.5
544259,26.21,79.01,40.5
293128,26.21,79.01,40.5
785427,26.21,79.01,40.5
501386,26.21,79.01,40.5
730657,26.22,79.01,40.5
44987,26.21,79.01,40.49
13842,26.21,79.01,40.49
837,26.21,79.01,40.49
633891,26.22,79.01,40.5
66,26.21,78.99,40.49
82,26.21,78.99,40.49
36,26.21,78.99,40.48
11,26.21,79,40.48
2,26.21,79,40.48
6,26.21,78.99,40.48
5,26.21,79,40.48
17,26.21,78.99,40.49
4,26.21,78.99,40.48
81,26.21,78.99,40.49
39,26.21,78.99,40.49
47,26.21,78.99,40.49
19,26.21,78.99,40.48
4,26.22,78.99,40.49
3,26.22,78.99,40.48
5,26.23,79,40.49
3,26.23,79,40.49
41,26.23,79,40.49
7970,26.23,79,40.5
8177,26.23,79,40.5
23097,26.23,79,40.5
17041,26.23,79,40.5
7715,26.23,79,40.5
10409,26.23,79,40.5
22366,26.23,79,40.5
16349,26.23,79,40.5
25618,26.23,79,40.5
36290,26.23,79,40.5
9433,26.23,79,40.5
13864,26.23,79,40.5
23562,26.23,79,40.5
39161,26.23,79,40.5
34054,26.23,79,40.5
57023,26.23,79,40.5
12208,26.23,79,40.5
17734,26.23,79,40.5
35952,26.23,79,40.5
64343,26.23,79.01,40.5
8,26.23,78.99,40.49
75,26.23,79,40.5
440,26.23,79,40.5
1994,26.23,79,40.5
12647,26.23,79,40.49
15830,26.23,79.01,40.49
2879,26.23,79,40.5
5328,26.23,79,40.5
2216,26.23,79,40.5
4499,26.23,79,40.5
5273,26.23,79,40.5
1795,26.23,79,40.5
1674,26.23,79,40.5
2,26.23,79,40.49
43,26.23,79,40.49
441,26.23,79,40.5
3419,26.23,79,40.49
2335,26.23,79,40.49
454,26.23,79,40.49
992,26.23,79,40.49
328,26.23,79,40.49
9,26.23,79,40.49
277,26.23,79,40.49
77,26.23,79,40.49
16,26.23,79,40.49
25,26.23,79,40.49
4,26.23,79,40.49
50,26.23,79,40.49
5097,26.23,79.01,40.49
51549,26.23,79.01,40.49
99011,26.23,79.01,40.49
111407,26.22,79.01,40.5
242976,26.22,79.01,40.5
503810,26.22,79.01,40.5
752,26.23,79.01,40.49
35055,26.23,79.01,40.49
57564,26.23,79.01,40.49
330465,26.23,79.01,40.49
176258,26.23,79.01,40.49
94703,26.23,79.01,40.5
494146,26.23,79.01,40.5
53250,26.23,79,40.5
268230,26.23,79.01,40.5
144463,26.23,79.01,40.5
598764,26.23,79.01,40.5
81785,26.23,79.01,40.5
367529,26.23,79.01,40.5
196120,26.22,79.01,40.5
685267,26.22,79.01,40.5
443938,26.22,79.01,40.5
764050,26.22,79.01,40.5
68,26.21,79,40.48
18,26.21,79,40.48
3,26.21,79,40.48
136882,26.22,79.01,40.5
305667,26.22,79.01,40.5
583315,26.22,79.01,40.5
7,26.23,78.99,40.5
741,26.21,78.99,40.49
15097,26.21,79,40.49
330,26.21,78.99,40.49
205,26.21,78.99,40.49
75,26.21,78.99,40.49
269,26.22,78.99,40.5
2,26.23,78.99,40.49
20,26.22,78.99,40.49
63,26.22,78.99,40.5
348232,26.22,79.01,40.5
167710,26.22,79.01,40.5
14047,26.22,79,40.5
39759,26.22,79,40.5
31143,26.22,79,40.5
15462,26.22,79,40.5
38918,26.22,79,40.5
30342,26.22,79,40.5
63326,26.22,79,40.5
48718,26.22,79,40.5
14912,26.22,79,40.5
36,26.23,78.99,40.49
228,26.23,79,40.5
1032,26.23,79,40.5
3924,26.22,79,40.5
200469,26.22,79.01,40.5
16067,26.21,79,40.5
26683,26.21,79,40.5
37578,26.21,79,40.5
25440,26.21,79,40.5
41745,26.21,79,40.5
35976,26.21,79,40.5
62809,26.21,79,40.5
8190,26.21,79,40.5
1863,26.21,79,40.49
4120,26.21,79,40.49
15995,26.21,79,40.49
12900,26.21,79,40.49
19056,26.21,79,40.49
38737,26.21,79,40.49
22816,26.21,79,40.49
61339,26.21,79,40.49
22824,26.22,79,40.5
26488,26.22,79,40.5
41642,26.22,79,40.5
62288,26.22,79,40.5
50769,26.22,79,40.5
25861,26.22,79,40.5
40976,26.22,79,40.5
75444,26.22,79,40.5
61390,26.22,79,40.5
119086,26.22,79,40.5
49865,26.22,79,40.5
79040,26.22,79,40.5
98894,26.22,79,40.5
73755,26.22,79,40.5
11694,26.22,79,40.5
19304,26.22,79,40.5
26778,26.22,79,40.5
31001,26.21,79,40.5
18656,26.22,79,40.5
25968,26.22,79,40.5
46240,26.22,79,40.5
29526,26.21,79,40.5
786,26.21,78.99,40.49
1667,26.21,79,40.49
3142,26.21,79,40.5
5933,26.22,79,40.5
487,26.21,78.99,40.49
131,26.22,78.99,40.49
17,26.23,78.99,40.49
1001,26.21,79,40.49
566,26.22,79,40.49
113,26.23,78.99,40.49
271,26.22,78.99,40.49
1968,26.22,79,40.5
544,26.22,79,40.5
1097,26.22,79,40.5
2052,26.22,79,40.5
3677,26.22,79,40.5
6972,26.22,79,40.5
787,26.2,79,40.49
380,26.21,79,40.49
2182,26.21,79,40.49
2124,26.2,79,40.49
4105,26.21,79,40.49
595,26.21,79,40.49
2352,26.21,79,40.49
5282,26.21,79,40.49
112,26.21,79,40.48
139,26.21,79,40.48
302,26.21,79,40.48
283,26.21,79,40.48
203,26.21,79,40.48
26,26.21,79,40.48
35,26.21,79,40.48
5,26.21,79,40.48
7555,26.21,79,40.49
19245,26.21,79,40.49
3133,26.21,79,40.49
644,26.21,79,40.49
922,26.21,79,40.49
378,26.21,78.99,40.49
205,26.21,79,40.49
669,26.21,79,40.49
1962,26.21,79,40.49
2496,26.21,79,40.49
7487,26.21,79,40.49
7786,26.21,79,40.49
5143,26.21,79,40.49
10464,26.21,79,40.49
6560,26.21,79,40.49
385948,26.22,79.01,40.5
230055,26.22,79.01,40.5
54830,26.21,79,40.5
87298,26.21,79,40.5
140157,26.22,79.01,40.5
24,26.21,79,40.48
157,26.21,79.01,40.48
51,26.21,79.01,40.48
4,26.21,79,40.48
678018,26.22,79.01,40.5
448569,26.22,79.01,40.5
18474,26.21,79,40.49
59055,26.21,79,40.49
97430,26.21,79,40.5
157852,26.21,79.01,40.5
260563,26.21,79.01,40.5
142788,26.21,79.01,40.49
262181,26.21,79.01,40.49
435751,26.21,79.01,40.49
542405,26.21,79.01,40.49
8815,26.21,79,40.49
27573,26.21,79,40.49
78796,26.21,79.01,40.49
23139,26.21,79,40.49
76577,26.21,79,40.49
207586,26.21,79.01,40.49
50887,26.21,79,40.49
162307,26.21,79.01,40.49
284074,26.21,79.01,40.49
582938,26.21,79.01,40.49
98735,26.21,79,40.49
337330,26.21,79.01,40.49
172825,26.21,79.01,40.49
541804,26.21,79.01,40.49
288533,26.21,79.01,40.5
782909,26.21,79.01,40.5
497599,26.21,79.01,40.5
728293,26.22,79.01,40.5
51708,26.21,79.01,40.49
5041,26.21,79.01,40.49
1701,26.21,79.01,40.49
632474,26.22,79.01,40.5
172,26.21,78.99,40.49
100,26.21,78.99,40.49
38,26.21,79,40.48
9,26.21,79,40.48
102,26.21,78.99,40.49
18,26.21,79,40.48
3,26.22,79,40.48
23,26.21,78.99,40.49
4,26.22,78.99,40.48
56,26.21,78.99,40.49
5,26.22,78.99,40.49
9,26.22,78.99,40.49
7,26.22,79,40.48
2,26.22,78.99,40.48
23,26.23,79,40.49
13,26.23,79,40.49
2,26.23,79,40.49
4,26.23,79,40.49
4,26.23,79,40.49
55,26.23,79,40.49
7248,26.23,79,40.5
7116,26.23,79,40.5
21313,26.23,79,40.5
15374,26.23,79,40.5
6513,26.23,79,40.5
8360,26.23,79,40.5
20056,26.23,79,40.5
14243,26.23,79,40.5
21543,26.23,79,40.5
31756,26.23,79,40.5
7347,26.23,79,40.5
9849,26.23,79,40.5
19514,26.23,79,40.5
31063,26.23,79,40.5
3,26.23,78.99,40.49
41,26.23,79,40.49
315,26.23,79,40.5
1643,26.23,79,40.5
7316,26.23,79,40.49
7883,26.23,79,40.49
2150,26.23,79,40.5
3429,26.23,79,40.5
1299,26.23,79,40.5
14,26.23,79,40.49
238,26.23,79,40.49
2394,26.23,79,40.49
1671,26.23,79,40.49
407,26.23,79,40.49
843,26.23,79,40.49
394,26.23,79,40.49
62,26.23,79,40.49
102,26.23,79,40.49
2924,26.23,79,40.49
24622,26.23,79,40.49
39246,26.23,79.01,40.49
46431,26.22,79,40.5
108935,26.22,79.01,40.5
241024,26.22,79.01,40.5
502267,26.22,79.01,40.5
5,26.23,79,40.49
15,26.23,79.01,40.49
1129,26.23,79.01,40.49
506,26.23,79,40.49
15670,26.23,79.01,40.49
22612,26.23,79.01,40.49
262274,26.23,79.01,40.49
149850,26.23,79.01,40.49
80988,26.23,79.01,40.49
461512,26.23,79.01,40.49
47813,26.23,79,40.5
256066,26.23,79.01,40.5
29266,26.23,79,40.5
138163,26.23,79.01,40.5
590243,26.23,79.01,40.5
77964,26.23,79.01,40.5
360496,26.23,79.01,40.5
190530,26.22,79.01,40.5
680139,26.22,79.01,40.5
440235,26.22,79.01,40.5
762658,26.22,79.01,40.5
68,26.21,79,40.48
14,26.21,79,40.48
2,26.21,79,40.48
60903,26.22,79,40.5
134454,26.22,79.01,40.5
303724,26.22,79.01,40.5
582169,26.22,79.01,40.5
1107,26.21,79,40.49
9047,26.21,79,40.49
479,26.21,78.99,40.49
295,26.21,78.99,40.49
128,26.22,78.99,40.49
68,26.22,78.99,40.49
6,26.23,78.99,40.49
23,26.22,78.99,40.49
346580,26.22,79.01,40.5
165397,26.22,79.01,40.5
76701,26.22,79,40.5
13243,26.22,79,40.5
37760,26.22,79,40.5
29246,26.22,79,40.5
14191,26.22,79,40.5
36274,26.22,79,40.5
27812,26.22,79,40.5
13376,26.22,79,40.5
17,26.23,78.99,40.49
148,26.23,79,40.49
812,26.23,79,40.5
3432,26.22,79,40.5
198371,26.22,79.01,40.5
116846,26.22,79,40.5
14721,26.21,79,40.5
23856,26.21,79,40.5
33878,26.21,79,40.5
3027,26.21,79,40.49
6989,26.21,79,40.49
9753,26.21,79,40.49
7961,26.21,79,40.49
13092,26.21,79,40.49
21873,26.21,79,40.49
34248,26.21,79,40.49
44288,26.22,79,40.5
96509,26.22,79,40.5
22037,26.22,79,40.5
25031,26.22,79,40.5
40085,26.22,79,40.5
60205,26.22,79,40.5
48700,26.22,79,40.5
24022,26.22,79,40.5
38934,26.22,79,40.5
71613,26.22,79,40.5
58596,26.22,79,40.5
47109,26.22,79,40.5
10945,26.22,79,40.5
17818,26.22,79,40.5
24782,26.22,79,40.5
16834,26.22,79,40.5
27584,26.21,79,40.5
23535,26.22,79,40.5
1216,26.21,79,40.49
2616,26.21,79,40.49
5309,26.22,79,40.5
703,26.21,79,40.49
380,26.22,79,40.49
63,26.23,78.99,40.49
169,26.22,78.99,40.49
1595,26.22,79,40.49
393,26.22,79,40.49
851,26.22,79,40.49
1720,26.22,79,40.5
3209,26.22,79,40.5
6356,26.22,79,40.5
1101,26.21,79,40.49
430,26.21,79,40.49
1631,26.21,79,40.49
2962,26.21,79,40.49
1790,26.21,79,40.49
3491,26.21,79,40.49
100,26.21,79,40.48
303,26.21,79,40.48
253,26.21,79,40.48
87,26.21,79,40.48
160,26.21,79,40.48
4,26.21,79,40.48
18,26.21,79,40.48
4356,26.21,79,40.49
11872,26.21,79,40.49
31619,26.21,79.01,40.49
2177,26.21,79,40.49
3615,26.21,79,40.49
632,26.21,79,40.49
560,26.21,79,40.49
155,26.21,79,40.48
250,26.21,79,40.48
235,26.21,79,40.48
522,26.21,79,40.49
242,26.21,79,40.49
540,26.21,79,40.49
1483,26.21,79,40.49
4037,26.21,79,40.49
383843,26.22,79.01,40.5
227258,26.22,79.01,40.5
10833,26.21,79,40.49
31390,26.21,79,40.49
52070,26.21,79,40.5
84494,26.21,79,40.5
137332,26.22,79.01,40.5
15,26.21,79.01,40.48
67,26.21,79.01,40.48
2,26.21,79,40.48
675592,26.22,79.01,40.5
5567,26.21,79,40.49
445055,26.22,79.01,40.5
12845,26.21,79,40.49
27799,26.21,79,40.49
53094,26.21,79,40.49
92675,26.21,79,40.49
153311,26.21,79.01,40.5
256393,26.21,79.01,40.5
166207,26.21,79.01,40.49
314197,26.21,79.01,40.49
417814,26.21,79.01,40.49
591713,26.21,79.01,40.49
13445,26.21,79,40.49
49129,26.21,79,40.49
127115,26.21,79.01,40.49
38315,26.21,79,40.49
135938,26.21,79.01,40.49
324624,26.21,79.01,40.49
84789,26.21,79,40.49
298533,26.21,79.01,40.49
463737,26.21,79.01,40.49
163896,26.21,79.01,40.49
559621,26.21,79.01,40.49
283513,26.21,79.01,40.49
781077,26.21,79.01,40.49
492878,26.21,79.01,40.5
725256,26.22,79.01,40.5
68396,26.21,79.01,40.49
7254,26.21,79.01,40.49
310,26.21,79.01,40.49
122,26.21,79.01,40.48
630511,26.22,79.01,40.5
6,26.22,79,40.48
235,26.21,78.99,40.49
120,26.21,79,40.49
36,26.21,79,40.48
137,26.21,78.99,40.49
61,26.21,79,40.49
16,26.22,79,40.48
2,26.22,79,40.48
31,26.22,78.99,40.49
28,26.22,78.99,40.49
2,26.23,78.99,40.49
4,26.22,78.99,40.49
25,26.22,79,40.49
2,26.23,78.99,40.49
8,26.22,78.99,40.49
5,26.22,79,40.48
3,26.23,79,40.49
46,26.23,79,40.49
3,26.23,79,40.49
22,26.23,79,40.49
5,26.23,79,40.49
8,26.23,79,40.49
12,26.23,79,40.49
110,26.23,79,40.49
6353,26.23,79,40.5
5791,26.23,79,40.5
18540,26.23,79,40.5
12934,26.23,79,40.5
5085,26.23,79,40.5
5947,26.23,79,40.5
11650,26.23,79,40.5
16616,26.23,79,40.5
17,26.23,79,40.49
190,26.23,79,40.49
1267,26.23,79,40.5
4609,26.23,79,40.49
4721,26.23,79,40.49
85,26.23,79,40.49
1320,26.23,79,40.49
1333,26.23,79,40.49
459,26.23,79,40.49
428,26.23,79,40.49
145,26.23,79,40.49
1944,26.23,79,40.49
13277,26.23,79,40.49
18190,26.23,79,40.49
16999,26.23,79,40.5
43847,26.22,79,40.5
105234,26.22,79.01,40.5
237746,26.22,79.01,40.5
500040,26.22,79.01,40.5
22,26.23,79,40.49
28,26.23,79,40.49
697,26.23,79.01,40.49
403,26.23,79,40.49
6552,26.23,79.01,40.49
151567,26.23,79.01,40.49
10482,26.23,79,40.49
110732,26.23,79.01,40.49
66038,26.23,79.01,40.49
423675,26.23,79.01,40.49
40233,26.23,79,40.49
233641,26.23,79.01,40.49
25896,26.23,79,40.5
129433,26.23,79.01,40.5
579201,26.23,79.01,40.5
73659,26.23,79.01,40.5
352334,26.23,79.01,40.5
184961,26.22,79.01,40.5
675428,26.22,79.01,40.5
434098,26.22,79.01,40.5
760309,26.22,79.01,40.5
59,26.21,79,40.48
188,26.21,79,40.48
8,26.21,79,40.48
58171,26.22,79,40.5
130881,26.22,79.01,40.5
300716,26.22,79.01,40.5
580334,26.22,79.01,40.5
6,26.23,78.99,40.49
1694,26.21,79,40.49
5638,26.21,79,40.49
702,26.21,79,40.49
399,26.21,79,40.49
199,26.22,79,40.49
26,26.23,78.99,40.49
82,26.22,78.99,40.49
344050,26.22,79.01,40.5
162124,26.22,79.01,40.5
73811,26.22,79,40.5
12137,26.22,79,40.5
34382,26.22,79,40.5
26088,26.22,79,40.5
12340,26.22,79,40.5
32302,26.22,79,40.5
24257,26.22,79,40.5
11283,26.22,79,40.5
76,26.23,79,40.49
568,26.23,79,40.49
2850,26.22,79,40.5
195293,26.22,79.01,40.5
113930,26.22,79,40.5
5334,26.21,79,40.49
12649,26.21,79,40.49
18897,26.21,79,40.49
25374,26.21,79,40.49
41607,26.22,79,40.5
68879,26.22,79,40.5
93616,26.22,79,40.5
20759,26.22,79,40.5
22706,26.22,79,40.5
37369,26.22,79,40.5
56476,26.22,79,40.5
45109,26.22,79,40.5
21265,26.22,79,40.5
35565,26.22,79,40.5
53984,26.22,79,40.5
42744,26.22,79,40.5
9832,26.22,79,40.5
15521,26.22,79,40.5
21662,26.22,79,40.5
1915,26.21,79,40.49
4419,26.22,79,40.49
14106,26.22,79,40.49
1131,26.22,79,40.49
237,26.22,79,40.49
567,26.22,79,40.49
1312,26.22,79,40.49
2589,26.22,79,40.49
5528,26.22,79,40.5
19836,26.22,79,40.49
1518,26.21,79,40.49
541,26.21,79,40.49
70,26.21,79,40.48
203,26.21,79,40.48
174,26.21,79,40.48
69,26.21,79,40.48
12,26.21,79,40.48
2928,26.21,79,40.49
5974,26.21,79,40.49
19112,26.21,79,40.49
1585,26.21,79,40.49
2542,26.21,79,40.49
6029,26.21,79,40.49
520,26.21,79,40.49
499,26.21,79,40.49
103,26.21,79,40.48
722,26.21,79,40.49
269,26.21,79,40.49
1096,26.21,79,40.49
3641,26.21,79,40.49
380669,26.22,79.01,40.5
223758,26.22,79.01,40.5
7518,26.21,79,40.49
15536,26.21,79,40.49
27663,26.21,79,40.49
48640,26.21,79,40.49
80832,26.21,79,40.5
133730,26.22,79.01,40.5
15,26.21,79.01,40.48
672887,26.22,79.01,40.5
7289,26.21,79,40.49
440663,26.22,79.01,40.5
19706,26.21,79,40.49
44437,26.21,79,40.49
86032,26.21,79,40.49
147573,26.21,79.01,40.49
251077,26.21,79.01,40.5
206038,26.21,79.01,40.49
392584,26.21,79.01,40.49
503745,26.21,79.01,40.49
22753,26.21,79,40.49
86832,26.21,79.01,40.49
66960,26.21,79,40.49
238526,26.21,79.01,40.49
146420,26.21,79.01,40.49
511363,26.21,79.01,40.49
281460,26.21,79.01,40.49
822795,26.21,79.01,40.49
487650,26.21,79.01,40.49
721625,26.22,79.01,40.5
45744,26.21,79.01,40.49
13585,26.21,79.01,40.49
541,26.21,79.01,40.49
21,26.21,79.01,40.48
627657,26.22,79.01,40.5
3,26.22,79,40.48
5,26.22,79,40.48
31,26.22,79,40.48
145,26.21,79,40.48
134,26.21,79,40.48
318,26.21,79,40.49
137,26.21,79,40.49
323,26.21,79,40.49
5,26.22,79,40.48
3,26.22,79,40.48
17,26.22,79,40.48
168,26.21,79,40.49
64,26.22,79,40.49
12,26.22,79,40.48
4,26.22,79,40.48
77,26.22,79,40.49
8,26.23,78.99,40.49
29,26.22,78.99,40.49
7,26.22,79,40.49
24,26.22,79,40.49
3,26.22,79,40.48
4,26.23,79,40.49
6,26.23,79,40.49
2,26.23,79,40.49
3,26.23,79,40.49
4,26.23,79,40.49
73,26.23,79,40.49
16,26.23,79,40.49
22,26.23,79,40.49
177,26.23,79,40.49
5219,26.23,79,40.5
4177,26.23,79,40.5
9879,26.23,79,40.5
86,26.23,79,40.49
840,26.23,79,40.49
3304,26.23,79,40.49
3037,26.23,79,40.49
526,26.23,79,40.49
1551,26.23,79,40.49
8034,26.23,79,40.49
9682,26.23,79,40.49
14861,26.23,79,40.5
41071,26.22,79,40.5
101242,26.22,79.01,40.5
232722,26.22,79.01,40.5
496496,26.22,79.01,40.5
48,26.23,79,40.49
43,26.23,79,40.49
470,26.23,79.01,40.49
23356,26.23,79.01,40.49
452,26.23,79,40.49
3179,26.23,79,40.49
50163,26.23,79.01,40.49
5788,26.23,79,40.49
47334,26.23,79.01,40.49
370262,26.23,79.01,40.49
31853,26.23,79,40.49
205895,26.23,79.01,40.49
21655,26.23,79,40.49
115542,26.23,79.01,40.49
558021,26.23,79.01,40.49
67796,26.23,79.01,40.5
341349,26.23,79.01,40.5
178555,26.22,79.01,40.5
670020,26.22,79.01,40.5
427851,26.22,79.01,40.5
756476,26.22,79.01,40.5
2,26.22,79,40.48
421,26.21,79,40.49
318,26.21,79,40.49
5,26.22,79,40.48
157,26.21,79,40.48
40,26.21,79,40.48
4,26.22,79,40.48
17,26.22,79,40.48
10,26.22,79,40.48
2,26.22,79,40.48
55037,26.22,79,40.5
126857,26.22,79.01,40.5
296238,26.22,79.01,40.5
577710,26.22,79.01,40.5
27,26.23,79,40.49
2709,26.21,79,40.49
1041,26.21,79,40.49
3630,26.21,79,40.49
2334,26.21,79,40.49
582,26.22,79,40.49
98,26.22,79,40.49
267,26.22,79,40.49
340386,26.22,79.01,40.5
158162,26.22,79.01,40.5
70563,26.22,79,40.5
10563,26.22,79,40.5
29428,26.22,79,40.5
21728,26.22,79,40.5
9859,26.22,79,40.5
321,26.23,79,40.49
2123,26.22,79,40.49
8391,26.22,79,40.49
191581,26.22,79.01,40.5
110435,26.22,79,40.5
6169,26.21,79,40.49
9550,26.21,79,40.49
22325,26.21,79,40.49
38572,26.22,79,40.49
65343,26.22,79,40.5
90041,26.22,79,40.5
4739,26.21,79,40.49
18765,26.22,79,40.5
19263,26.22,79,40.5
33047,26.22,79,40.5
50539,26.22,79,40.5
39545,26.22,79,40.5
3240,26.22,79,40.49
8214,26.22,79,40.49
12211,26.22,79,40.49
10057,26.22,79,40.49
1825,26.22,79,40.49
852,26.22,79,40.49
4413,26.22,79,40.49
17025,26.22,79,40.49
30305,26.22,79,40.49
17103,26.22,79,40.49
2055,26.21,79,40.49
1208,26.21,79,40.49
507,26.21,79,40.49
127,26.21,79,40.48
40,26.21,79,40.48
8,26.21,79,40.48
3488,26.21,79,40.49
9495,26.21,79,40.49
28348,26.21,79.01,40.49
1674,26.21,79,40.49
3014,26.21,79,40.49
412,26.21,79,40.49
690,26.21,79,40.49
79,26.21,79,40.48
986,26.21,79,40.49
4586,26.21,79,40.49
376892,26.22,79.01,40.5
219413,26.22,79.01,40.5
10762,26.21,79,40.49
23049,26.21,79,40.49
44020,26.21,79,40.49
76270,26.21,79,40.49
129064,26.22,79.01,40.5
5,26.21,79.01,40.48
669344,26.22,79.01,40.5
10841,26.21,79,40.49
435176,26.22,79.01,40.5
32809,26.21,79,40.49
74904,26.21,79,40.49
140505,26.21,79.01,40.49
244306,26.21,79.01,40.49
183000,26.21,79.01,40.49
364500,26.21,79.01,40.49
531814,26.21,79.01,40.49
41356,26.21,79,40.49
138224,26.21,79.01,40.49
121359,26.21,79.01,40.49
400077,26.21,79.01,40.49
264736,26.21,79.01,40.49
788956,26.21,79.01,40.49
490708,26.21,79.01,40.49
717042,26.22,79.01,40.49
56696,26.21,79.01,40.49
3833,26.21,79.01,40.49
1294,26.21,79.01,40.49
37,26.21,79.01,40.48
624198,26.22,79.01,40.5
22,26.22,79,40.48
114,26.22,79,40.48
423,26.21,79,40.49
146,26.22,79,40.49
1299,26.21,79,40.49
671,26.21,79,40.49
7,26.22,79,40.48
42,26.22,79,40.48
217,26.22,79,40.49
63,26.22,79,40.49
12,26.22,79,40.48
2,26.23,79,40.48
7,26.23,79,40.49
5,26.23,79,40.49
29,26.22,79,40.49
90,26.22,79,40.49
21,26.22,79,40.49
9,26.23,79,40.49
3,26.22,79,40.48
2,26.23,79,40.49
12,26.23,79,40.49
3,26.23,79,40.49
4,26.23,79,40.49
4,26.23,79,40.49
2,26.23,79,40.49
11,26.23,79,40.49
2,26.23,79,40.49
6,26.23,79,40.49
5,26.23,79,40.49
24,26.23,79,40.49
91,26.23,79,40.49
30,26.23,79,40.49
220,26.23,79,40.49
423,26.23,79,40.49
3787,26.23,79,40.49
2275,26.23,79,40.49
1333,26.23,79,40.49
5874,26.23,79,40.49
12548,26.23,79,40.49
37205,26.22,79,40.5
96694,26.22,79.01,40.5
227261,26.22,79.01,40.5
490995,26.22,79.01,40.5
72,26.23,79,40.49
86,26.23,79,40.49
327,26.23,79,40.49
8575,26.23,79.01,40.49
508,26.23,79,40.49
1861,26.23,79,40.49
20992,26.23,79.01,40.49
347558,26.23,79.01,40.49
3750,26.23,79,40.49
22446,26.23,79,40.49
171059,26.23,79.01,40.49
16897,26.23,79,40.49
98815,26.23,79.01,40.49
524426,26.23,79.01,40.49
59426,26.23,79.01,40.49
322926,26.23,79.01,40.49
169978,26.22,79.01,40.5
662754,26.22,79.01,40.5
420839,26.22,79.01,40.5
752546,26.22,79.01,40.5
950,26.21,79,40.49
729,26.21,79,40.49
8,26.22,79,40.48
2,26.22,79,40.48
389,26.21,79,40.49
290,26.22,79,40.49
126,26.22,79,40.49
42,26.22,79,40.49
15,26.22,79,40.48
3,26.22,79,40.48
31,26.22,79,40.48
46,26.22,79,40.48
76,26.22,79,40.48
110,26.21,79,40.48
19,26.22,79,40.48
10,26.22,79,40.48
6,26.22,79,40.48
18897,26.22,79,40.49
50840,26.22,79,40.5
122105,26.22,79.01,40.5
291058,26.22,79.01,40.5
573802,26.22,79.01,40.5
111,26.23,79,40.49
484,26.23,79,40.49
3726,26.21,79,40.49
2952,26.21,79,40.49
1654,26.22,79,40.49
848,26.22,79,40.49
353,26.22,79,40.49
335925,26.22,79.01,40.5
153434,26.22,79.01,40.5
66012,26.22,79,40.5
26170,26.22,79,40.49
1313,26.22,79,40.49
8381,26.22,79,40.49
6520,26.22,79,40.49
186918,26.22,79.01,40.5
105655,26.22,79,40.5
8599,26.21,79,40.49
18775,26.21,79,40.49
34299,26.22,79,40.49
60947,26.22,79,40.49
85371,26.22,79,40.5
46586,26.22,79,40.49
6785,26.22,79,40.49
14376,26.22,79,40.49
35818,26.22,79,40.49
6040,26.22,79,40.49
3046,26.22,79,40.49
15766,26.22,79,40.49
26286,26.22,79,40.49
3593,26.22,79,40.49
1539,26.22,79,40.49
14159,26.22,79,40.49
2394,26.21,79,40.49
1251,26.21,79,40.49
398,26.21,79,40.49
77,26.21,79,40.48
21,26.21,79,40.48
4546,26.21,79,40.49
16197,26.21,79,40.49
47617,26.21,79.01,40.49
1945,26.21,79,40.49
3440,26.21,79.01,40.49
75,26.21,79,40.48
346,26.21,79,40.49
1930,26.21,79,40.49
5946,26.21,79,40.49
372056,26.22,79.01,40.5
213737,26.22,79.01,40.5
16250,26.21,79,40.49
37530,26.21,79,40.49
70240,26.21,79,40.49
123048,26.22,79.01,40.49
2,26.21,79.01,40.48
665146,26.22,79.01,40.5
17941,26.21,79,40.49
428007,26.22,79.01,40.49
58092,26.21,79,40.49
129065,26.21,79.01,40.49
236812,26.21,79.01,40.49
216455,26.21,79.01,40.49
447456,26.21,79.01,40.49
78462,26.21,79.01,40.49
221403,26.21,79.01,40.49
231000,26.21,79.01,40.49
684377,26.21,79.01,40.49
487648,26.21,79.01,40.49
713842,26.22,79.01,40.49
78703,26.21,79.01,40.49
6126,26.21,79.01,40.49
62,26.21,79.01,40.48
155,26.21,79.01,40.49
619852,26.22,79.01,40.5
1498,26.21,79,40.49
569,26.22,79,40.49
133,26.22,79,40.49
266,26.22,79,40.49
51,26.22,79,40.49
27,26.23,79,40.49
98,26.22,79,40.49
14,26.22,79,40.49
24,26.23,79,40.49
13,26.22,79,40.49
3,26.22,79,40.48
22,26.23,79,40.49
9,26.23,79,40.49
15,26.23,79,40.49
2,26.23,79,40.49
12,26.23,79,40.49
19,26.23,79,40.49
18,26.23,79,40.49
6,26.23,79,40.49
112,26.23,79,40.49
505,26.23,79,40.49
2130,26.23,79,40.49
9665,26.23,79,40.49
32341,26.22,79,40.49
90530,26.22,79.01,40.5
220997,26.22,79.01,40.5
484895,26.22,79.01,40.5
146,26.23,79,40.49
261,26.23,79,40.49
3753,26.23,79.01,40.49
120428,26.23,79.01,40.49
1412,26.23,79,40.49
10434,26.23,79,40.49
142961,26.23,79.01,40.49
11955,26.23,79,40.49
79232,26.23,79.01,40.49
481146,26.23,79.01,40.49
49608,26.23,79.01,40.49
296880,26.23,79.01,40.49
156799,26.22,79.01,40.49
650425,26.22,79.01,40.49
411646,26.22,79.01,40.5
748389,26.22,79.01,40.5
976,26.21,79,40.49
732,26.22,79,40.49
320,26.22,79,40.49
110,26.22,79,40.49
29,26.22,79,40.49
7,26.22,79,40.48
303,26.21,79,40.49
228,26.22,79,40.49
148,26.22,79,40.49
53,26.22,79,40.49
94,26.22,79,40.49
12,26.22,79,40.48
22,26.22,79,40.48
34,26.22,79,40.48
55,26.22,79,40.48
6,26.22,79,40.48
2,26.22,79,40.48
200,26.23,79,40.49
1081,26.22,79,40.49
4777,26.22,79,40.49
15279,26.22,79,40.49
45292,26.22,79,40.49
115890,26.22,79.01,40.5
284873,26.22,79.01,40.5
569093,26.22,79.01,40.5
455,26.22,79,40.49
4747,26.21,79,40.49
3781,26.22,79,40.49
2697,26.22,79,40.49
1897,26.22,79,40.49
755,26.22,79,40.49
1256,26.22,79,40.49
330447,26.22,79.01,40.5
147203,26.22,79.01,40.5
60289,26.22,79,40.49
21787,26.22,79,40.49
1898,26.22,79,40.49
5537,26.22,79,40.49
180959,26.22,79.01,40.5
99711,26.22,79,40.49
12983,26.21,79,40.49
29572,26.22,79,40.49
55122,26.22,79,40.49
79240,26.22,79,40.49
40966,26.22,79,40.49
9772,26.22,79,40.49
22441,26.22,79,40.49
30824,26.22,79,40.49
7239,26.22,79,40.49
11520,26.22,79,40.49
11396,26.22,79,40.49
3200,26.22,79,40.49
4834,26.22,79,40.49
2820,26.21,79,40.49
1254,26.21,79,40.49
304,26.21,79,40.49
9,26.22,79,40.48
38,26.21,79,40.48
6873,26.21,79,40.49
26851,26.21,79.01,40.49
2311,26.21,79,40.49
6527,26.21,79.01,40.49
295,26.21,79,40.49
2213,26.21,79,40.49
8504,26.21,79,40.49
366096,26.22,79.01,40.5
206329,26.22,79.01,40.49
27178,26.21,79,40.49
62418,26.21,79,40.49
115437,26.22,79.01,40.49
4,26.21,79.01,40.48
659306,26.22,79.01,40.49
32370,26.21,79,40.49
419944,26.22,79.01,40.49
106404,26.21,79.01,40.49
229141,26.21,79.01,40.49
275537,26.21,79.01,40.49
535269,26.21,79.01,40.49
144425,26.21,79.01,40.49
737148,26.22,79.01,40.49
435902,26.21,79.01,40.49
47218,26.21,79.01,40.49
13147,26.21,79.01,40.49
311,26.21,79.01,40.49
614498,26.22,79.01,40.5
1712,26.22,79,40.49
697,26.22,79,40.49
828,26.22,79,40.49
295,26.22,79,40.49
314,26.22,79,40.49
94,26.22,79,40.49
78,26.23,79,40.49
42,26.22,79,40.49
15,26.22,79,40.49
2,26.22,79,40.48
38,26.23,79,40.49
8,26.23,79,40.49
23,26.23,79,40.49
3,26.23,79,40.49
46,26.23,79.01,40.49
4463,26.23,79.01,40.49
61,26.23,79,40.49
26,26.23,79,40.49
4,26.23,79,40.49
187,26.23,79,40.49
1219,26.23,79,40.49
7012,26.23,79,40.49
26475,26.22,79,40.49
81852,26.22,79.01,40.49
212854,26.22,79.01,40.5
478000,26.22,79.01,40.5
294,26.23,79,40.49
1844,26.23,79,40.49
31363,26.23,79.01,40.49
5659,26.23,79,40.49
57594,26.23,79.01,40.49
451531,26.23,79.01,40.49
38698,26.23,79.01,40.49
265244,26.23,79.01,40.49
139550,26.22,79.01,40.49
630171,26.22,79.01,40.49
396927,26.22,79.01,40.49
743250,26.22,79.01,40.5
92,26.22,79,40.49
935,26.21,79,40.49
684,26.22,79,40.49
442,26.22,79,40.49
163,26.22,79,40.49
280,26.22,79,40.49
28,26.22,79,40.49
4,26.22,79,40.48
209,26.22,79,40.49
137,26.22,79,40.49
47,26.22,79,40.49
84,26.22,79,40.49
7,26.22,79,40.48
24,26.22,79,40.48
2,26.22,79,40.48
13,26.22,79,40.48
421,26.22,79,40.49
2512,26.22,79,40.49
11757,26.22,79,40.49
38606,26.22,79,40.49
107097,26.22,79.01,40.49
277095,26.22,79.01,40.5
563424,26.22,79.01,40.5
823,26.22,79,40.49
6496,26.21,79,40.49
4828,26.22,79,40.49
3372,26.22,79,40.49
1409,26.22,79,40.49
2242,26.22,79,40.49
323520,26.22,79.01,40.5
138713,26.22,79.01,40.49
52828,26.22,79,40.49
17629,26.22,79,40.49
4428,26.22,79,40.49
172790,26.22,79.01,40.49
91710,26.22,79,40.49
21315,26.22,79,40.49
48589,26.22,79,40.49
71541,26.22,79,40.49
16091,26.22,79,40.49
35487,26.22,79,40.49
7354,26.22,79,40.49
25826,26.22,79,40.49
11285,26.22,79,40.49
3444,26.21,79,40.49
1361,26.21,79,40.49
227,26.21,79,40.49
26,26.22,79,40.48
12021,26.21,79,40.49
40628,26.21,79.01,40.49
2699,26.21,79.01,40.49
469,26.22,79.01,40.49
2570,26.21,79,40.49
13797,26.21,79,40.49
357780,26.22,79.01,40.49
196946,26.22,79.01,40.49
48333,26.21,79,40.49
106321,26.22,79.01,40.49
7,26.22,79.01,40.48
651977,26.22,79.01,40.49
62198,26.21,79.01,40.49
416085,26.22,79.01,40.49
203035,26.21,79.01,40.49
231291,26.21,79.01,40.49
480121,26.21,79.01,40.49
245650,26.21,79.01,40.49
693460,26.22,79.01,40.49
62774,26.21,79.01,40.49
2692,26.21,79.01,40.49
943,26.22,79.01,40.49
606787,26.22,79.01,40.49
1847,26.22,79,40.49
1245,26.22,79,40.49
812,26.22,79,40.49
496,26.22,79,40.49
138,26.22,79,40.49
284,26.22,79,40.49
57,26.22,79,40.49
10,26.22,79,40.49
47,26.23,79,40.49
9,26.23,79,40.49
89,26.23,79,40.49
10,26.23,79.01,40.49
944,26.23,79.01,40.49
99,26.23,79,40.49
23,26.23,79,40.49
3,26.22,79,40.49
375,26.23,79,40.49
3494,26.23,79,40.49
20430,26.22,79,40.49
71050,26.22,79.01,40.49
200724,26.22,79.01,40.49
469355,26.22,79.01,40.5
1078,26.23,79,40.49
11232,26.23,79.01,40.49
232514,26.23,79.01,40.49
25330,26.23,79.01,40.49
228931,26.23,79.01,40.49
119361,26.22,79.01,40.49
604964,26.22,79.01,40.49
375741,26.22,79.01,40.49
734865,26.22,79.01,40.49
110,26.22,79,40.49
894,26.22,79,40.49
582,26.22,79,40.49
184,26.22,79,40.49
361,26.22,79,40.49
21,26.22,79,40.49
2,26.22,79,40.48
142,26.22,79,40.49
48,26.22,79,40.49
86,26.22,79,40.49
5,26.22,79,40.48
12,26.22,79,40.48
843,26.22,79,40.49
6914,26.22,79,40.49
31283,26.22,79,40.49
96080,26.22,79.01,40.49
265688,26.22,79.01,40.49
556388,26.22,79.01,40.5
1603,26.22,79,40.49
10080,26.22,79,40.49
7118,26.22,79,40.49
2835,26.22,79,40.49
4771,26.22,79,40.49
313675,26.22,79.01,40.49
127867,26.22,79.01,40.49
12045,26.22,79,40.49
44799,26.22,79,40.49
162434,26.22,79.01,40.49
82792,26.22,79,40.49
37917,26.22,79,40.49
62600,26.22,79,40.49
19130,26.22,79,40.49
27814,26.22,79,40.49
4740,26.21,79,40.49
1602,26.21,79,40.49
29,26.22,79.01,40.48
181,26.22,79,40.49
22087,26.21,79.01,40.49
70632,26.21,79.01,40.49
3034,26.22,79.01,40.49
3191,26.22,79,40.49
24819,26.21,79,40.49
347167,26.22,79.01,40.49
186003,26.22,79.01,40.49
89369,26.22,79.01,40.49
25,26.22,79.01,40.48
59,26.22,79.01,40.49
644602,26.22,79.01,40.49
125848,26.21,79.01,40.49
400673,26.22,79.01,40.49
288496,26.21,79.01,40.49
448691,26.22,79.01,40.49
89981,26.21,79.01,40.49
4912,26.21,79.01,40.49
596294,26.22,79.01,40.49
2188,26.22,79,40.49
1374,26.22,79,40.49
771,26.22,79,40.49
227,26.22,79,40.49
439,26.22,79,40.49
59,26.22,79,40.49
9,26.22,79,40.49
107,26.23,79,40.49
21,26.23,79.01,40.49
2,26.22,79.01,40.49
652,26.23,79.01,40.49
56,26.23,79.01,40.49
56533,26.23,79.01,40.49
142,26.23,79,40.49
33,26.22,79,40.49
4,26.22,79.01,40.49
851,26.23,79,40.49
12377,26.22,79,40.49
58866,26.22,79.01,40.49
184590,26.22,79.01,40.49
455956,26.22,79.01,40.49
5196,26.23,79.01,40.49
92053,26.23,79.01,40.49
95508,26.22,79.01,40.49
562544,26.22,79.01,40.49
350086,26.22,79.01,40.49
722117,26.22,79.01,40.49
3,26.22,79.01,40.49
126,26.22,79,40.49
951,26.22,79,40.49
342,26.22,79,40.49
598,26.22,79,40.49
29,26.22,79,40.49
3,26.22,79.01,40.48
13,26.22,79.01,40.48
56,26.22,79,40.49
103,26.22,79,40.49
1931,26.22,79,40.49
22129,26.22,79,40.49
83144,26.22,79.01,40.49
250645,26.22,79.01,40.49
545752,26.22,79.01,40.49
3968,26.22,79,40.49
18004,26.22,79,40.49
7813,26.22,79,40.49
12039,26.22,79,40.49
300540,26.22,79.01,40.49
114891,26.22,79.01,40.49
34657,26.22,79,40.49
51041,26.22,79,40.49
149455,26.22,79.01,40.49
69818,26.22,79,40.49
7927,26.21,79,40.49
1893,26.22,79.01,40.49
153,26.22,79.01,40.49
37746,26.21,79.01,40.49
7117,26.22,79.01,40.49
4804,26.22,79,40.49
47741,26.22,79.01,40.49
334319,26.22,79.01,40.49
170048,26.22,79.01,40.49
139,26.22,79.01,40.49
663537,26.22,79.01,40.49
253611,26.22,79.01,40.49
352011,26.22,79.01,40.49
48779,26.21,79.01,40.49
12588,26.22,79.01,40.49
582439,26.22,79.01,40.49
3098,26.22,79,40.49
2,26.22,79.01,40.49
1870,26.22,79,40.49
365,26.22,79,40.49
795,26.22,79,40.49
98,26.22,79,40.49
17,26.22,79.01,40.49
469,26.23,79.01,40.49
72,26.22,79.01,40.49
16,26.22,79.01,40.49
10222,26.23,79.01,40.49
375,26.22,79,40.49
86,26.22,79.01,40.49
11,26.22,79.01,40.49
2867,26.22,79,40.49
44261,26.22,79.01,40.49
165346,26.22,79.01,40.49
437279,26.22,79.01,40.49
29794,26.22,79.01,40.49
401545,26.22,79.01,40.49
707281,26.22,79.01,40.49
312749,26.22,79.01,40.49
3,26.22,79.01,40.49
14,26.22,79.01,40.49
2,26.22,79.01,40.49
43,26.22,79.01,40.49
385,26.22,79,40.49
1088,26.22,79,40.49
662,26.22,79,40.49
6,26.22,79.01,40.48
82,26.22,79.01,40.49
38,26.22,79.01,40.49
6527,26.22,79,40.49
66983,26.22,79.01,40.49
231898,26.22,79.01,40.49
530479,26.22,79.01,40.49
14702,26.22,79,40.49
35294,26.22,79,40.49
22635,26.22,79,40.49
283493,26.22,79.01,40.49
97629,26.22,79.01,40.49
131816,26.22,79.01,40.49
15326,26.22,79.01,40.49
2200,26.22,79.01,40.49
291,26.22,79.01,40.49
57532,26.22,79.01,40.49
8050,26.22,79,40.49
98212,26.22,79.01,40.49
325414,26.22,79.01,40.49
1820,26.22,79.01,40.49
554,26.22,79.01,40.49
426577,26.22,79.01,40.49
256375,26.22,79.01,40.49
65556,26.22,79.01,40.49
686926,26.22,79.01,40.49
566700,26.22,79.01,40.49
5143,26.22,79,40.49
26,26.22,79.01,40.49
1050,26.22,79,40.49
3420,26.22,79,40.49
450,26.22,79.01,40.49
3776,26.22,79.01,40.49
438,26.22,79.01,40.49
127279,26.22,79.01,40.49
1762,26.22,79.01,40.49
421,26.22,79.01,40.49
12608,26.22,79.01,40.49
414383,26.22,79.01,40.49
139869,26.22,79.01,40.49
194050,26.22,79.01,40.49
681956,26.22,79.01,40.49
70,26.22,79.01,40.49
11,26.22,79.01,40.49
2303,26.22,79.01,40.49
704,26.22,79.01,40.49
11346,26.22,79.01,40.49
1180,26.22,79.01,40.49
5,26.22,79.01,40.49
35,26.22,79.01,40.49
176,26.22,79.01,40.49
33595,26.22,79.01,40.49
510071,26.22,79.01,40.49
206245,26.22,79.01,40.49
48259,26.22,79.01,40.49
75604,26.22,79.01,40.49
259058,26.22,79.01,40.49
30013,26.22,79.01,40.49
2744,26.22,79.01,40.49
102026,26.22,79.01,40.49
24969,26.22,79.01,40.49
14333,26.22,79.01,40.49
212203,26.22,79.01,40.49
381070,26.22,79.01,40.49
5900,26.22,79.01,40.49
3776,26.22,79.01,40.49
244252,26.22,79.01,40.49
87412,26.22,79.01,40.49
471286,26.22,79.01,40.49
599510,26.22,79.01,40.49
9484,26.22,79.01,40.49
10326,26.22,79.01,40.49
746,26.22,79.01,40.49
18304,26.22,79.01,40.49
42131,26.22,79.01,40.49
4192,26.22,79.01,40.49
73021,26.22,79.01,40.49
382345,26.22,79.01,40.49
626426,26.22,79.01,40.49
19150,26.22,79.01,40.49
1294,26.22,79.01,40.49
305,26.22,79.01,40.49
3870,26.22,79.01,40.49
24830,26.22,79.01,40.49
16959,26.22,79.01,40.49
905,26.22,79.01,40.49
1424,26.22,79.01,40.49
277,26.22,79.01,40.49
9333,26.22,79.01,40.49
132767,26.22,79.01,40.49
477886,26.22,79.01,40.49
169017,26.22,79.01,40.49
33777,26.22,79.01,40.49
265467,26.22,79.01,40.49
48897,26.22,79.01,40.49
52385,26.22,79.01,40.49
43369,26.22,79.01,40.49
45002,26.22,79.01,40.49
203230,26.22,79.01,40.49
462931,26.22,79.01,40.49
45630,26.22,79.01,40.49
66365,26.22,79.01,40.49
384235,26.22,79.01,40.49
77432,26.22,79.01,40.49
28436,26.22,79.01,40.49
16697,26.22,79.01,40.49
40634,26.22,79.01,40.49
60579,26.22,79.01,40.49
4118,26.22,79.01,40.49
27033,26.22,79.01,40.49
1731,26.22,79.01,40.49
32176,26.22,79.01,40.49
77090,26.22,79.01,40.49
351024,26.22,79.01,40.49
85736,26.22,79.01,40.49
118792,26.22,79.01,40.49
174171,26.22,79.01,40.49
129839,26.22,79.01,40.49
165830,26.22,79.01,40.49
58392,26.22,79.01,40.49
25524,26.22,79.01,40.49
464730,26.22,79.01,40.49
388419,26.22,79.01,40.49
33417,26.22,79.01,40.49
24607,26.22,79.01,40.49
54580,26.22,79.01,40.49
278307,26.22,79.01,40.49
211174,26.22,79.01,40.49
175216,26.22,79.01,40.49
140228,26.22,79.01,40.49
46531,26.22,79.01,40.49
130189,26.22,79.01,40.49
2,18.03,83.8,40.56
2,18.12,84.21,40.44
2,18.1,83.78,40.44
2,18.03,83.33,40.56
2,18.03,83.54,40.56
2,18.29,83.79,40.64
2,18.09,83.32,40.44
2,18.58,84.18,40.44
2,18.29,83.98,40.44
2,18.23,83.53,40.44
2,18.03,83.34,40.78
2,18.03,83.34,40.97
2,18.03,82.87,40.56
2,18.03,83.08,40.56
2,18.23,83.35,40.74
2,18.23,83.55,40.74
2,18.28,83.34,40.64
2,18.45,83.98,40.64
2,18.41,83.54,40.64
3,18.07,82.86,40.44
3,18.2,83.08,40.44
2,18.82,83.94,40.44
2,18.52,83.74,40.44
3,18.47,83.29,40.44
2,18.03,82.86,40.77
2,18.03,82.86,40.96
2,18.03,82.41,40.76
2,18.03,82.41,40.95
2,18.03,83.09,40.87
2,18.23,83.35,40.94
3,18.03,82.62,40.56
2,18.23,82.89,40.74
3,18.03,82.41,40.55
2,18.4,83.35,40.86
2,18.23,83.1,40.74
2,18.52,83.55,40.86
3,18.27,82.89,40.64
3,18.38,83.1,40.64
2,18.92,83.95,40.64
2,18.66,83.75,40.64
2,18.62,83.3,40.64
3,18.17,82.63,40.44
3,18.06,82.41,40.44
3,18.42,82.84,40.44
2,19.06,83.7,40.44
3,18.77,83.5,40.44
3,18.71,83.05,40.44
2,18.03,82.86,41.14
2,18.03,82.18,41.13
2,18.03,82.41,41.13
2,18.03,82.18,41.31
2,18.03,82.04,41.31
2,18.03,81.82,41.31
2,18.03,82.61,40.86
2,18.23,82.88,40.94
2,18.23,82.88,41.1
2,18.03,82.28,40.76
2,18.23,82.44,40.93
2,18.03,82.28,40.95
2,18.23,82.44,41.1
2,18.03,82.17,40.76
2,18.03,82.04,41.13
2,18.03,82.18,40.95
2,18.03,81.82,41.13
2,18.4,83.35,41.04
2,18.23,83.11,41.02
2,18.39,82.9,40.86
3,18.23,82.64,40.74
3,18.03,82.14,40.55
3,18.23,82.44,40.74
2,18.49,83.11,40.86
2,18.75,83.75,40.86
2,18.71,83.31,40.86
3,18.35,82.65,40.64
3,18.25,82.44,40.64
3,18.57,82.86,40.64
2,19.14,83.71,40.64
2,18.88,83.51,40.64
3,18.84,83.06,40.64
3,18.36,82.39,40.44
3,18.14,82.17,40.44
4,18.65,82.6,40.44
2,19.29,83.46,40.44
3,19.01,83.26,40.44
4,18.95,82.81,40.44
2,19.55,83.67,40.44
2,18.03,81.59,41.31
2,18.03,82.62,41.23
2,18.23,82.88,41.27
2,18.03,82.29,41.13
2,18.23,82.21,41.26
2,18.23,82.44,41.26
2,18.03,82.29,41.31
2,18.03,81.82,41.5
2,18.23,81.87,41.43
2,18.03,81.59,41.13
2,18.39,82.89,41.04
2,18.39,82.89,41.19
2,18.23,82.64,41.02
2,18.37,82.45,41.04
2,18.23,82.32,40.93
2,18.37,82.45,41.19
2,18.23,82.32,41.1
2,18.03,82.03,40.76
2,18.23,82.21,40.93
2,18.23,82.08,41.26
2,18.03,82.03,40.95
2,18.23,82.21,41.1
2,18.03,81.82,40.76
2,18.03,81.82,40.95
2,18.23,81.87,41.26
2,18.49,83.11,41.11
2,18.71,83.31,41.11
3,18.03,81.69,40.55
3,18.12,81.68,40.44
3,18.47,82.67,40.86
3,18.37,82.45,40.86
3,18.23,82.18,40.74
2,18.67,82.87,40.86
2,18.95,83.51,40.86
2,18.91,83.07,40.86
3,18.53,82.41,40.64
3,18.33,82.21,40.64
3,18.79,82.62,40.64
2,19.35,83.47,40.64
2,19.09,83.27,40.64
3,19.05,82.82,40.64
4,18.59,82.14,40.44
4,18.3,81.92,40.44
4,18.87,82.36,40.44
3,19.5,83.22,40.44
3,19.23,83.02,40.44
4,19.17,82.57,40.44
2,19.99,83.41,40.44
2,18.03,81.59,41.49
2,18.03,81.37,41.13
2,18.23,81.64,41.43
2,18.03,81.37,41.31
2,18.23,82.64,41.35
2,18.39,82.89,41.35
2,18.23,82.32,41.26
2,18.37,82.23,41.35
2,18.37,82.45,41.35
2,18.03,81.58,40.76
2,18.03,81.58,40.95
2,18.23,81.64,41.26
2,18.03,81.36,40.76
2,18.03,81.37,40.95
2,18.47,82.67,41.11
2,18.42,82.34,41.04
2,18.42,82.34,41.19
2,18.23,82.07,40.93
2,18.37,82.23,41.04
2,18.4,82.12,41.35
2,18.23,82.08,41.1
2,18.37,82.23,41.19
3,18.23,81.87,40.93
2,18.23,81.87,41.1
2,18.39,81.89,41.35
2,18.67,82.87,41.11
2,18.67,82.87,41.43
2,18.91,83.07,41.43
2,18.91,83.07,41.11
3,18.23,81.75,40.74
3,18.03,81.25,40.56
3,18.31,81.74,40.64
3,18.27,81.45,40.44
3,18.1,81.24,40.44
3,18.63,82.43,40.86
3,18.44,82.23,40.86
3,18.87,82.63,40.86
2,19.39,83.47,40.86
2,19.15,83.27,40.86
2,19.11,82.83,40.86
3,18.74,82.17,40.64
3,18.48,81.96,40.64
3,19,82.38,40.64
2,19.56,83.23,40.64
2,19.31,83.03,40.64
3,19.26,82.58,40.64
5,18.82,81.9,40.44
4,18.54,81.68,40.44
5,19.1,82.12,40.44
3,19.71,82.99,40.44
3,19.45,82.78,40.44
4,19.39,82.34,40.44
2,20.41,82.93,40.44
2,21.32,82.86,40.44
2,18.39,81.67,41.5
2,18.03,81.37,41.49
2,18.03,81.22,41.13
2,18.23,81.43,41.26
2,18.03,81.12,41.12
2,18.03,81.23,41.31
2,18.23,81.43,41.43
2,18.03,81.12,41.31
2,18.42,82.34,41.35
2,18.47,82.67,41.43
2,18.5,82.22,41.35
2,18.5,82.22,41.5
2,18.48,82,41.5
2,18.46,81.78,41.5
2,18.46,81.78,41.35
3,18.23,81.64,40.93
2,18.23,81.64,41.1
2,18.39,81.67,41.35
2,18.03,81.22,40.76
3,18.23,81.43,40.93
2,18.03,81.22,40.94
2,18.23,81.43,41.1
3,18.03,81.11,40.76
2,18.03,81.12,40.94
2,18.63,82.43,41.11
2,18.39,81.89,41.04
2,18.48,82,41.35
2,18.39,81.89,41.19
2,18.5,82.22,41.04
2,18.5,82.22,41.19
2,18.4,82.12,41.04
2,18.4,82.12,41.19
2,18.87,82.63,41.11
2,18.87,82.63,41.43
2,19.11,82.83,41.43
2,19.15,83.27,41.11
2,19.11,82.83,41.11
3,18.43,81.78,40.86
3,18.03,80.98,40.55
3,18.23,81.32,40.74
3,18.45,81.51,40.64
3,18.3,81.31,40.64
4,18.5,81.22,40.44
3,18.23,80.99,40.44
3,18.83,82.19,40.86
3,18.59,81.99,40.86
3,19.07,82.39,40.86
2,19.59,83.23,40.86
2,19.35,83.03,40.86
2,19.31,82.59,40.86
4,18.95,81.93,40.64
4,18.7,81.72,40.64
3,19.21,82.14,40.64
2,19.76,82.99,40.64
3,19.51,82.79,40.64
3,19.46,82.35,40.64
2,20.43,82.93,40.64
5,19.05,81.66,40.44
5,18.78,81.44,40.44
5,19.61,82.1,40.44
5,19.33,81.88,40.44
4,19.9,82.53,40.44
3,20.82,82.46,40.44
3,21.72,82.39,40.44
2,18.45,81.56,41.5
2,18.03,81.23,41.49
2,18.03,81.12,41.49
2,18.23,81.3,41.26
2,18.38,81.47,41.35
2,18.03,80.99,41.12
2,18.23,81.19,41.26
2,18.23,81.3,41.43
2,18.38,81.47,41.5
2,18.03,80.99,41.31
2,18.23,81.19,41.43
2,18.6,82.1,41.35
2,18.63,82.43,41.43
2,18.6,82.1,41.5
2,18.7,81.98,41.35
2,18.7,81.98,41.5
2,18.58,81.88,41.35
2,18.58,81.88,41.5
2,18.56,81.66,41.5
2,22.61,82.31,40.44
2,18.03,80.88,41.12
2,18.03,80.88,41.31
3,18.03,80.87,40.76
2,18.03,80.87,40.94
3,18.03,80.76,40.56
3,18.09,80.76,40.44
2,18.56,81.66,41.35
2,18.45,81.56,41.35
3,18.46,81.78,41.04
2,18.46,81.78,41.19
3,18.39,81.67,41.04
2,18.39,81.67,41.19
2,18.03,80.99,40.85
3,18.38,81.46,41.04
3,18.23,81.3,40.93
2,18.38,81.46,41.19
2,18.23,81.3,41.1
3,18.23,81.19,40.93
2,18.23,81.19,41.1
2,18.83,82.19,41.11
2,18.59,81.99,41.11
2,19.07,82.39,41.11
2,19.07,82.39,41.43
2,19.59,83.23,41.11
2,19.35,83.03,41.43
2,19.31,82.59,41.43
2,19.35,83.03,41.11
2,19.31,82.59,41.11
3,18.56,81.55,40.86
3,18.23,81.07,40.74
3,18.41,81.35,40.86
4,18.66,81.27,40.64
3,18.41,81.06,40.63
5,18.74,81,40.44
4,18.47,80.77,40.44
3,19.03,81.95,40.86
3,18.79,81.75,40.86
3,19.27,82.15,40.86
2,19.79,82.99,40.86
2,19.55,82.79,40.86
3,19.51,82.35,40.86
2,20.45,82.93,40.86
4,19.16,81.69,40.64
4,18.91,81.48,40.64
4,19.67,82.11,40.64
4,19.42,81.9,40.64
3,19.94,82.53,40.64
3,20.84,82.46,40.64
2,21.73,82.38,40.64
5,19.29,81.43,40.44
5,19.01,81.22,40.44
5,19.83,81.87,40.44
6,19.56,81.65,40.44
5,20.31,82.06,40.44
5,21.23,81.99,40.44
4,22.13,81.91,40.44
3,23.01,81.83,40.44
2,18.03,80.88,41.49
2,18.03,80.88,41.67
2,18.55,81.44,41.35
2,18.55,81.44,41.5
2,18.03,80.99,41.49
2,18.43,81.34,41.35
2,18.23,81.07,41.26
2,18.37,81.23,41.35
2,18.43,81.34,41.5
2,18.23,81.07,41.43
2,18.38,81.23,41.5
2,18.83,82.19,41.43
2,18.8,81.86,41.35
2,18.8,81.86,41.5
2,18.68,81.76,41.35
2,18.67,81.54,41.35
2,18.68,81.76,41.5
2,18.67,81.54,41.5
2,19.07,82.39,41.74
2,18.03,80.71,41.13
2,18.23,80.96,41.26
2,18.03,80.71,41.31
2,18.23,80.96,41.43
3,18.03,80.71,40.77
3,18.23,80.96,40.93
2,18.03,80.71,40.95
2,18.23,80.96,41.1
3,18.03,80.51,40.56
3,18.22,80.85,40.74
3,18.03,80.29,40.56
3,18.28,80.85,40.63
3,18.21,80.53,40.43
3,18.08,80.29,40.43
3,18.56,81.55,41.11
2,18.23,81.07,41.01
3,18.43,81.34,41.04
2,18.43,81.34,41.19
3,18.38,81.23,41.04
2,18.38,81.23,41.19
3,19.03,81.95,41.11
3,18.79,81.75,41.11
2,19.27,82.15,41.11
2,19.27,82.15,41.43
2,19.79,82.99,41.11
2,19.55,82.79,41.43
2,19.51,82.35,41.43
2,19.55,82.79,41.11
2,19.51,82.35,41.11
3,18.76,81.31,40.86
3,18.52,81.11,40.86
4,18.87,81.04,40.64
4,18.62,80.83,40.63
5,18.98,80.79,40.44
5,18.71,80.56,40.44
3,19.23,81.71,40.86
3,19,81.51,40.86
3,19.71,82.11,40.86
3,19.47,81.91,40.86
3,19.97,82.53,40.86
2,21.73,82.38,40.86
2,20.85,82.46,40.86
4,19.38,81.46,40.64
4,19.13,81.25,40.64
4,19.88,81.87,40.64
4,19.63,81.66,40.64
4,20.35,82.06,40.64
4,21.25,81.98,40.64
3,22.13,81.9,40.64
2,23.01,81.83,40.64
6,19.52,81.22,40.44
6,19.25,81.01,40.44
6,20.04,81.64,40.44
6,19.79,81.43,40.44
7,20.73,81.6,40.44
8,21.64,81.52,40.44
7,22.53,81.43,40.44
2,24.3,81.27,40.44
6,23.42,81.35,40.44
2,18.03,80.71,41.5
2,18.23,80.96,41.59
2,18.03,80.72,41.68
2,18.65,81.32,41.35
2,18.65,81.32,41.5
2,18.53,81.22,41.35
2,18.42,81.12,41.35
2,18.53,81.22,41.5
2,18.42,81.12,41.5
2,18.83,82.19,41.74
2,19.03,81.95,41.43
2,18.8,81.86,41.66
2,18.67,81.54,41.66
2,18.9,81.74,41.35
2,18.9,81.74,41.5
2,18.78,81.64,41.35
2,18.77,81.42,41.35
2,18.78,81.64,41.5
2,18.77,81.42,41.5
2,19.27,82.15,41.74
2,18.03,80.52,41.24
2,18.22,80.8,41.27
2,18.37,81.01,41.35
2,18.22,80.8,41.43
2,18.37,81.01,41.5
3,18.03,80.52,40.87
3,18.22,80.8,40.93
3,18.37,81.01,41.04
2,18.22,80.8,41.1
2,18.37,81.01,41.19
3,18.03,80.3,40.79
3,18.03,80.3,40.98
2,18.03,80.3,41.16
2,18.03,80.3,41.34
3,18.21,80.61,40.74
3,18.39,80.9,40.85
3,18.02,80.04,40.58
3,18.2,80.4,40.73
3,18.38,80.62,40.62
3,18.26,80.39,40.61
4,18.45,80.32,40.43
3,18.2,80.07,40.43
3,18.76,81.31,41.11
3,18.52,81.11,41.11
3,19.23,81.71,41.11
3,19,81.51,41.11
2,19.71,82.11,41.43
2,19.71,82.11,41.11
3,19.47,81.91,41.11
2,19.47,81.91,41.43
2,19.97,82.53,41.27
2,20.85,82.46,41.27
3,18.96,81.07,40.86
3,18.72,80.87,40.86
4,19.09,80.81,40.64
4,18.84,80.6,40.63
5,19.21,80.58,40.44
5,18.95,80.35,40.43
3,19.44,81.47,40.86
3,19.2,81.27,40.86
2,23.02,81.82,40.86
3,19.91,81.87,40.86
3,19.68,81.67,40.86
3,22.13,81.9,40.86
3,21.25,81.98,40.86
3,20.37,82.05,40.86
4,19.59,81.23,40.64
4,19.34,81.02,40.64
4,20.09,81.64,40.64
4,19.84,81.43,40.64
5,20.76,81.58,40.64
5,21.65,81.51,40.64
5,22.54,81.43,40.64
2,24.3,81.27,40.64
4,23.42,81.35,40.64
6,19.74,81,40.44
6,19.48,80.79,40.44
7,20.23,81.2,40.44
9,21.15,81.14,40.44
11,22.05,81.05,40.44
12,23.82,80.87,40.44
13,22.94,80.96,40.44
2,18.03,80.52,41.95
2,18.03,80.52,41.6
2,18.22,80.81,41.6
2,18.03,80.3,41.69
2,18.03,80.3,41.51
2,18.03,80.3,41.86
2,18.65,81.32,41.66
2,18.87,81.3,41.35
2,18.75,81.2,41.35
2,18.87,81.3,41.5
2,18.75,81.2,41.5
2,18.53,81.22,41.66
2,18.63,81.1,41.35
2,18.51,81,41.35
2,18.63,81.1,41.5
2,18.51,81,41.5
2,19.23,81.71,41.43
2,19.03,81.95,41.74
2,18.9,81.74,41.66
2,18.78,81.64,41.66
2,18.77,81.42,41.66
2,19,81.51,41.43
2,19.47,81.91,41.74
3,18.02,79.81,40.57
3,18.07,79.82,40.42
2,18.02,79.81,41.52
2,18.02,79.81,41.69
2,18.02,79.81,41.86
2,18.22,80.62,41.35
2,18.4,80.89,41.35
2,18.4,80.89,41.5
3,18.21,80.62,41.02
3,18.4,80.89,41.04
2,18.4,80.89,41.19
3,18.02,80.05,40.9
3,18.21,80.41,40.94
3,18.21,80.41,41.11
2,18.02,80.05,41.26
2,18.21,80.41,41.27
2,18.21,80.41,41.44
3,18.49,80.66,40.85
3,18.2,80.16,40.74
3,18.36,80.46,40.84
4,18.59,80.38,40.61
3,18.35,80.17,40.59
5,18.69,80.1,40.43
4,18.44,79.85,40.42
3,18.96,81.07,41.11
3,18.72,80.87,41.11
3,19.44,81.47,41.11
3,19.2,81.27,41.11
2,19.91,81.87,41.43
3,19.91,81.87,41.11
3,19.68,81.67,41.11
2,19.68,81.67,41.43
2,22.13,81.9,41.27
2,21.25,81.98,41.27
2,20.37,82.05,41.27
3,19.16,80.83,40.86
3,18.92,80.63,40.85
4,19.3,80.58,40.64
4,19.06,80.37,40.63
6,19.44,80.37,40.44
5,19.18,80.15,40.43
2,24.3,81.27,40.86
3,23.42,81.34,40.86
4,19.64,81.23,40.86
4,19.4,81.03,40.86
4,22.54,81.42,40.86
4,20.12,81.63,40.86
4,19.88,81.43,40.86
4,21.66,81.5,40.86
4,20.78,81.58,40.86
5,19.8,80.99,40.64
4,19.55,80.79,40.64
5,20.27,81.18,40.64
6,21.17,81.11,40.64
7,22.06,81.03,40.64
7,23.82,80.87,40.64
8,22.94,80.95,40.64
7,19.95,80.77,40.44
6,19.7,80.57,40.44
8,20.65,80.75,40.44
10,21.56,80.67,40.44
18,23.34,80.5,40.44
13,22.45,80.58,40.44
2,18.22,80.62,41.68
2,18.4,80.89,41.66
2,18.02,80.05,41.6
2,18.21,80.41,41.77
2,18.21,80.41,41.6
2,18.02,80.05,41.95
2,18.87,81.3,41.66
2,18.75,81.2,41.66
2,18.96,81.07,41.43
2,18.63,81.1,41.66
2,18.51,81,41.66
2,18.72,80.87,41.43
2,19.44,81.47,41.43
2,19.23,81.71,41.74
2,19.2,81.27,41.43
2,19,81.51,41.74
2,19.68,81.67,41.74
3,18.02,79.81,40.82
2,18.02,79.81,41
3,18.02,79.57,40.58
3,18.19,79.94,40.73
3,18.23,79.94,40.59
3,18.19,79.6,40.42
2,18.02,79.81,41.17
2,18.02,79.81,41.34
3,18.07,79.37,40.42
3,18.02,79.38,40.58
2,18.19,79.94,41.61
2,18.02,79.57,41.52
2,18.19,79.94,41.77
2,18.02,79.57,41.69
2,18.02,79.57,41.86
2,16.94,78.94,40.55
2,17.11,78.76,40.49
2,16.96,78.94,40.31
2,17.18,78.94,40.31
2,18.49,80.67,41.43
3,18.49,80.67,41.11
3,18.2,80.16,41.03
3,18.37,80.47,41.04
2,18.37,80.47,41.19
2,18.2,80.17,41.36
2,18.37,80.47,41.35
2,18.37,80.47,41.5
3,18.68,80.42,40.84
3,18.45,80.22,40.83
4,18.81,80.15,40.61
4,18.56,79.93,40.58
5,18.93,79.9,40.43
4,18.67,79.65,40.42
3,19.16,80.83,41.11
3,18.92,80.63,41.11
2,23.42,81.34,41.27
3,19.64,81.23,41.11
3,19.4,81.03,41.11
2,22.54,81.42,41.27
2,20.12,81.63,41.43
3,20.12,81.63,41.11
3,19.88,81.43,41.11
2,19.88,81.43,41.43
3,21.66,81.5,41.27
3,20.78,81.58,41.27
3,19.36,80.59,40.86
3,19.12,80.39,40.85
4,19.51,80.36,40.63
4,19.27,80.15,40.62
5,19.65,80.16,40.43
5,19.4,79.95,40.43
5,23.82,80.87,40.86
6,22.94,80.94,40.86
4,19.84,80.99,40.86
4,19.6,80.79,40.86
6,22.06,81.02,40.86
5,21.18,81.1,40.86
4,20.3,81.17,40.86
5,20.01,80.76,40.64
4,19.76,80.56,40.64
6,20.68,80.72,40.64
7,21.57,80.64,40.64
13,23.34,80.48,40.64
10,22.46,80.56,40.64
6,20.15,80.36,40.44
8,21.07,80.31,40.44
12,22.86,80.13,40.44
9,21.97,80.22,40.44
2,18.49,80.67,41.74
2,18.2,80.17,41.69
2,18.37,80.47,41.82
2,18.37,80.47,41.66
2,18.96,81.07,41.74
2,19.16,80.83,41.43
2,18.92,80.63,41.43
2,18.72,80.87,41.74
2,19.64,81.23,41.43
2,19.44,81.47,41.74
2,19.4,81.03,41.43
2,19.2,81.27,41.74
2,20.12,81.63,41.74
2,19.88,81.43,41.74
3,18.05,79.29,40.59
2,17.46,78.94,40.33
2,18.02,79.58,40.91
3,18.19,79.94,40.95
2,18.19,79.94,41.12
3,18.18,79.71,40.73
3,18.33,80.01,40.82
4,18.41,79.41,40.42
3,18.33,79.72,40.57
2,18.02,79.38,40.91
2,18.02,79.57,41.26
2,18.19,79.94,41.28
2,18.19,79.94,41.44
2,18.02,79.37,41.17
2,18.02,79.37,41.34
3,18.2,79.24,40.42
3,18.21,79.51,40.56
3,18.17,79.53,40.72
2,18.33,80.01,41.66
2,18.33,80.01,41.82
2,18.18,79.71,41.61
2,18.02,79.38,41.52
2,18.18,79.71,41.77
2,18.02,79.38,41.69
2,16.22,78.93,40.53
2,16.65,78.93,40.55
2,16.94,78.93,40.88
2,17.15,78.94,40.58
2,17.32,78.76,40.49
2,17.11,78.77,40.69
2,17.2,78.63,40.6
2,17.04,78.82,40.36
2,16.82,78.75,40.49
2,16.65,78.93,40.31
2,16.23,78.93,40.31
2,17.68,78.94,40.31
2,17.52,78.81,40.36
2,17.27,78.79,40.36
2,18.68,80.43,41.43
3,18.68,80.43,41.11
3,18.45,80.23,41.11
2,18.45,80.23,41.43
3,18.88,80.18,40.84
3,18.64,79.98,40.82
4,19.02,79.93,40.6
4,18.78,79.71,40.58
5,19.14,79.72,40.42
4,18.88,79.47,40.42
2,23.82,80.87,41.27
3,19.36,80.59,41.11
3,19.12,80.39,41.11
3,22.94,80.94,41.27
3,19.84,80.99,41.11
3,19.6,80.79,41.11
3,22.06,81.02,41.27
3,21.18,81.1,41.27
3,20.3,81.17,41.27
4,19.56,80.35,40.85
3,19.32,80.15,40.85
4,19.72,80.13,40.62
4,19.48,79.93,40.61
5,19.87,79.96,40.43
5,19.61,79.76,40.43
9,23.34,80.46,40.86
7,22.46,80.54,40.86
4,20.04,80.75,40.86
4,19.8,80.55,40.86
6,21.58,80.62,40.86
5,20.7,80.69,40.86
5,20.19,80.32,40.63
6,21.09,80.25,40.63
10,22.86,80.09,40.64
7,21.98,80.17,40.63
5,20.57,79.94,40.43
5,22.38,79.78,40.43
5,21.48,79.86,40.43
2,18.68,80.43,41.74
2,18.45,80.23,41.74
2,19.16,80.83,41.74
2,19.36,80.59,41.43
2,19.12,80.39,41.43
2,18.92,80.63,41.74
2,19.84,80.99,41.43
2,19.64,81.23,41.74
2,19.6,80.79,41.43
2,19.4,81.03,41.74
2,18.05,79.29,40.94
3,18.2,79.44,40.72
3,18.1,79.21,40.6
2,18.05,79.29,41.2
2,18.05,79.29,41.37
2,17.59,78.77,40.5
2,17.44,78.94,40.59
2,17.91,78.94,40.33
4,18.63,79.26,40.42
3,18.18,79.71,41.04
3,18.33,80.01,41.04
2,18.33,80.01,41.19
3,18.53,79.5,40.56
3,18.42,79.78,40.81
2,18.17,79.53,41.03
2,18.18,79.71,41.36
2,18.33,80.01,41.35
2,18.33,80.01,41.5
2,18.17,79.52,41.28
2,18.17,79.52,41.44
3,18.36,79.12,40.42
3,18.33,79.31,40.55
3,18.31,79.59,40.8
2,18.05,79.29,41.54
2,18.05,79.29,41.72
2,18.41,79.9,41.66
2,18.32,79.79,41.66
2,18.17,79.52,41.61
2,18.17,79.52,41.77
2,16.24,78.93,41.58
2,16.23,78.93,41.23
2,16.23,78.93,40.89
2,16.42,78.74,40.5
2,16.41,78.74,40.7
2,15.94,78.93,40.48
2,16.68,78.93,40.93
2,16.82,78.75,40.71
2,16.7,78.93,41.28
2,17.13,78.94,40.96
2,17.1,78.75,40.99
2,17.11,78.93,41.31
2,17.3,78.77,40.72
2,17.42,78.61,40.6
2,17.2,78.62,40.77
2,17.79,78.77,40.47
2,17.66,78.63,40.6
2,16.94,78.6,40.61
2,16.78,78.79,40.37
2,16.3,78.77,40.37
2,16.81,78.68,40.4
2,17.74,78.76,40.37
2,17.25,78.67,40.4
2,18.88,80.19,41.43
3,18.88,80.19,41.11
3,18.64,79.99,41.11
2,18.64,79.99,41.43
3,19.08,79.94,40.83
3,18.84,79.74,40.82
4,19.23,79.71,40.59
3,18.98,79.5,40.57
4,19.36,79.54,40.42
4,19.1,79.3,40.42
3,23.34,80.46,41.27
3,19.56,80.35,41.11
3,19.32,80.15,41.11
3,22.46,80.54,41.27
2,20.04,80.75,41.43
3,20.04,80.75,41.11
2,19.8,80.55,41.43
3,19.8,80.55,41.11
3,21.58,80.62,41.27
3,20.7,80.69,41.27
3,19.76,80.11,40.85
3,19.52,79.91,40.84
4,19.93,79.9,40.61
3,19.68,79.7,40.6
4,20.06,79.56,40.42
7,22.86,80.06,40.86
5,21.98,80.13,40.85
4,21.1,80.21,40.85
4,20.22,80.28,40.85
4,20.6,79.86,40.6
5,22.38,79.71,40.62
4,21.5,79.79,40.61
2,20.98,79.5,40.42
2,18.88,80.19,41.74
2,18.64,79.99,41.74
2,19.56,80.35,41.43
2,19.32,80.15,41.43
2,18.19,79.44,41.05
2,18.1,79.21,40.97
3,18.23,79.28,40.72
3,18.1,79.04,40.61
3,18.18,79.03,40.42
2,17.45,78.94,40.96
2,18.19,79.44,41.29
2,18.19,79.44,41.45
2,18.1,79.21,41.32
2,17.46,78.94,41.32
2,17.86,78.95,40.6
2,17.58,78.79,40.72
3,18.16,78.94,40.31
3,18.02,78.79,40.49
3,17.98,78.8,40.36
3,18.85,79.12,40.42
3,18.74,79.29,40.55
3,18.6,79.54,40.8
2,18.42,79.79,41.11
2,18.31,79.59,41.11
2,18.42,79.79,41.43
2,18.31,79.58,41.35
2,18.31,79.58,41.5
3,18.59,79.01,40.42
3,18.48,79.11,40.55
3,18.4,79.35,40.79
2,18.19,79.44,41.62
2,18.1,79.21,41.67
2,18.51,79.78,41.66
2,18.39,79.68,41.66
2,18.31,79.58,41.66
2,16.7,78.93,41.63
2,17.12,78.93,41.65
2,17.46,78.94,41.67
2,15.96,78.93,41.56
2,16.42,78.73,41.35
2,15.95,78.93,41.21
2,16.41,78.73,41.03
2,15.94,78.93,40.86
2,16.53,78.57,40.63
2,16.52,78.55,40.81
2,16.14,78.73,40.66
2,15.9,78.7,40.47
2,16.1,78.62,40.38
2,16.24,78.42,40.39
2,16.84,78.74,41.05
2,16.97,78.54,40.8
2,16.52,78.54,41.11
2,16.86,78.73,41.37
2,17.28,78.76,41.07
2,17.19,78.62,41.04
2,17.26,78.74,41.38
2,17.4,78.53,40.8
2,17.85,78.6,40.61
2,17.66,78.63,40.79
2,16.72,78.41,40.82
2,16.5,78.23,40.67
2,16.5,78.64,40.39
2,16.97,78.58,40.4
2,17.71,78.63,40.41
2,17.44,78.54,40.41
2,19.08,79.95,41.43
3,19.08,79.95,41.11
2,18.84,79.75,41.11
2,18.84,79.75,41.43
3,19.28,79.71,40.82
3,19.04,79.51,40.81
2,19.57,78.95,40.34
3,19.44,79.49,40.58
3,19.19,79.28,40.56
3,19.57,79.2,40.42
2,22.86,80.06,41.27
3,19.76,80.11,41.11
2,19.52,79.91,41.11
2,21.98,80.14,41.27
2,21.1,80.22,41.27
2,20.22,80.29,41.27
3,19.96,79.87,40.84
3,19.72,79.67,40.83
3,20.11,79.47,40.58
4,22.38,79.65,40.84
3,21.5,79.72,40.83
3,20.62,79.8,40.83
2,21.01,79.4,40.58
2,21.9,79.32,40.59
2,19.76,80.11,41.43
2,19.52,79.91,41.43
3,18.31,78.97,40.42
2,18.23,79.28,41.06
2,18.1,79.04,40.97
3,18.31,78.96,40.55
3,18.23,78.97,40.73
2,17.86,78.95,40.97
2,17.6,78.77,41.05
2,18.23,79.28,41.39
2,18.1,79.04,41.33
2,17.86,78.95,41.32
2,17.6,78.77,41.38
2,18,78.81,40.72
3,18.42,78.95,40.34
3,18.25,78.78,40.47
3,18.21,78.74,40.37
3,18.08,78.64,40.6
3,19.04,79,40.42
3,18.95,79.09,40.55
3,18.8,79.31,40.8
2,18.6,79.55,41.11
2,18.4,79.35,41.11
2,18.6,79.55,41.43
2,18.4,79.35,41.43
3,18.7,78.93,40.55
3,18.55,79.11,40.79
2,17.86,78.95,41.68
2,15.9,78.71,41.55
2,16.15,78.73,41.35
2,15.9,78.71,41.2
2,16.14,78.73,41.02
2,15.9,78.71,40.85
2,16.1,78.51,40.65
2,16.31,78.42,40.78
2,15.9,78.24,40.48
2,16.37,78.23,40.36
2,16.07,78.18,40.38
2,16.32,78.42,41.11
2,16.46,78.19,40.83
2,16.96,78.53,41.11
2,17.17,78.36,40.84
2,16.72,78.38,41.11
2,17.41,78.52,41.11
2,17.41,78.52,41.43
2,17.67,78.62,41.11
2,17.67,78.62,41.43
2,17.61,78.32,40.85
2,17.84,78.5,40.8
2,16.67,78.37,40.67
2,16.93,78.18,40.89
2,17.11,78.32,40.69
2,17.56,78.28,40.7
2,16.62,78.04,40.68
3,19.05,78.95,40.33
2,16.84,78.34,40.34
2,16.65,78.46,40.36
2,17.12,78.42,40.37
3,17.92,78.5,40.41
2,17.6,78.37,40.38
2,16.49,78.03,40.34
2,19.28,79.71,41.43
2,19.28,79.71,41.11
2,19.04,79.51,41.11
2,19.04,79.51,41.43
3,19.48,79.47,40.82
2,19.24,79.27,40.8
2,19.6,78.82,40.35
2,19.63,79.1,40.56
2,19.96,79.87,41.11
2,19.72,79.67,41.11
2,20.62,79.81,41.27
2,20.14,79.4,40.82
2,21.02,79.33,40.81
3,18.44,78.85,40.55
2,18.23,78.97,41.06
3,18.38,78.92,40.79
2,17.99,78.8,41.06
2,18.23,78.97,41.39
2,17.99,78.8,41.39
3,18.19,78.59,40.41
2,18.08,78.64,40.79
3,18.51,78.79,40.49
3,18.46,78.78,40.36
3,18.29,78.59,40.6
2,19.14,78.9,40.55
2,19,79.07,40.79
2,18.8,79.31,41.11
2,18.55,79.11,41.11
2,18.8,79.31,41.43
2,18.55,79.11,41.43
2,18.76,78.87,40.79
2,19.12,78.79,40.48
2,15.9,78.25,41.55
2,16.1,78.52,41.34
2,15.9,78.25,41.2
2,16.1,78.52,41.01
2,15.9,78.25,40.85
2,16.1,78.07,40.66
2,16.29,77.98,40.79
2,15.9,77.78,40.47
2,16.19,77.95,40.39
2,16.47,78.18,41.11
2,16.65,77.94,40.88
2,17.17,78.35,41.12
2,17.37,78.14,40.9
2,17.15,78.02,40.93
2,16.93,78.14,41.11
2,17.61,78.3,41.11
2,17.61,78.3,41.43
2,17.84,78.49,41.11
2,17.84,78.49,41.43
2,17.81,78.11,40.91
2,18.05,78.29,40.85
2,16.46,77.78,40.66
2,16.34,77.76,40.36
2,17.04,78.12,40.7
2,16.82,78.21,40.69
2,17.28,78.18,40.7
2,18.01,78.24,40.71
2,17.73,78.14,40.72
2,16.7,77.83,40.69
2,19.14,78.7,40.35
2,18.6,78.44,40.38
2,16.79,78.2,40.34
2,17.3,78.29,40.34
2,18.09,78.25,40.38
2,16.63,78.04,40.34
2,16.46,77.55,40.34
2,19.48,79.47,41.11
2,19.24,79.27,41.11
2,19.66,79.01,40.8
2,18.5,78.75,40.82
2,18.38,78.92,41.11
2,18.08,78.64,41.11
2,18.38,78.92,41.43
2,18.08,78.64,41.43
2,18.55,78.64,40.6
2,18.54,78.61,40.77
2,18.28,78.49,40.8
2,19.19,78.79,40.81
2,19,79.07,41.11
2,18.76,78.87,41.11
2,15.9,77.78,41.2
2,16.1,78.09,41.34
2,15.9,77.78,40.85
2,16.1,78.09,41.01
2,16.3,77.97,41.11
2,15.9,77.26,40.47
2,16.06,77.71,40.38
2,16.1,77.63,40.66
2,16.42,77.74,40.82
2,16.69,77.94,41.11
2,16.78,77.71,40.91
2,17.58,77.98,40.95
2,17.37,78.11,41.12
2,17.13,77.91,41.12
2,17.37,78.1,41.43
2,17.81,78.07,41.12
2,18.05,78.26,41.11
2,16.59,77.59,40.67
2,16.2,77.26,40.37
2,16.99,77.98,40.74
2,17.47,78.07,40.72
2,18.17,78.02,40.74
2,16.84,77.83,40.73
2,16.67,77.37,40.68
2,17.26,78.15,40.35
2,17,78.02,40.36
2,18.01,77.98,40.37
2,16.75,77.8,40.35
2,16.59,77.56,40.34
2,15.9,76.83,40.47
2,18.52,78.68,41.11
2,18.29,78.48,41.11
2,16.04,76.78,40.37
2,15.9,77.25,41.02
2,16.1,77.63,41.01
2,16.45,77.74,41.11
2,16.1,77.14,40.66
2,16.28,77.53,40.79
2,16.61,77.5,40.87
2,16.75,77.27,40.9
2,16.89,77.7,41.11
2,17.57,77.88,41.13
2,16.51,77.13,40.66
2,16.37,76.8,40.36
2,17.45,77.93,40.77
2,17.2,77.8,40.8
2,16.96,77.59,40.77
2,16.8,77.37,40.72
2,17.45,77.74,40.38
2,16.95,77.31,40.37
2,15.9,76.81,41.02
2,16.17,76.33,40.37
2,16.1,76.73,40.66
2,15.9,76.27,40.48
2,16.26,76.65,40.78
2,16.1,77.13,41.18
2,16.29,77.53,41.11
2,16.65,77.5,41.11
2,16.41,77.07,40.82
2,16.62,76.68,40.69
2,16.47,76.21,40.66
2,16.64,76.81,40.35
2,16.3,75.85,40.36
2,17.38,76.79,40.4
2,16.1,76.72,41.17
2,15.9,76.26,41.05
2,16.1,76.19,40.66
2,15.9,75.43,40.48
2,16.37,76.2,40.8
2,16.59,76.62,40.85
2,16.14,75.4,40.36
2,16.9,76.32,40.37
2,16.58,75.86,40.35
2,15.9,75.41,41.06
2,16.1,75.36,40.66
2,15.9,74.56,40.48
2,16.37,74.96,40.36
2,16.1,74.54,40.36
2,15.9,73.35,40.47
2,15.9,74.53,41.05
2,16.1,74.5,40.66
2,15.9,72.32,40.46
2,15.9,71.51,40.45
2,15.9,70.58,40.44
2,15.89,69.75,40.44
