ppm HF Concentration mole,X (m),Y (m),Z (m)
439606,7.98,88.74,41.05
193307,7.98,88.74,41.05
121734,7.98,88.74,41.05
43219,7.98,88.74,41.05
20476,7.98,88.74,41.05
5082,7.98,88.74,41.05
84112,7.98,88.74,41.05
36950,7.98,88.74,41.06
15636,7.98,88.74,41.06
119527,7.98,88.74,41.06
81588,7.98,88.74,41.05
275763,7.98,88.74,41.05
10512,7.98,88.74,41.05
707964,7.99,88.74,41.05
758890,7.98,88.74,41.06
790188,7.98,88.74,41.05
697591,7.99,88.74,41.05
541829,7.98,88.74,41.05
690173,7.98,88.74,41.05
268493,7.98,88.74,41.05
356379,7.98,88.74,41.05
68294,7.98,88.74,41.05
825752,7.98,88.74,41.05
693500,7.98,88.74,41.05
337144,7.98,88.74,41.05
43453,7.98,88.74,41.05
62274,7.98,88.74,41.05
8299,7.98,88.74,41.05
750839,7.98,88.74,41.05
617320,7.98,88.74,41.05
5311,7.98,88.74,41.05
26236,7.98,88.74,41.05
2943,7.98,88.74,41.05
734,7.98,88.74,41.05
221924,7.98,88.74,41.05
10348,7.98,88.74,41.05
491711,7.98,88.74,41.05
27427,7.98,88.74,41.05
5770,7.98,88.74,41.05
198770,7.98,88.74,41.05
680031,7.98,88.74,41.05
70864,7.98,88.74,41.05
530416,7.98,88.74,41.06
670555,7.98,88.74,41.06
28602,7.98,88.74,41.06
60568,7.98,88.74,41.06
53101,7.98,88.74,41.06
14941,7.98,88.74,41.06
13369,7.98,88.74,41.05
686979,7.99,88.74,41.05
682530,7.99,88.74,41.05
672574,7.99,88.74,41.05
32591,7.98,88.74,41.06
57870,7.99,88.74,41.06
25101,7.99,88.74,41.06
12767,7.98,88.74,41.06
629866,7.98,88.74,41.06
432127,7.98,88.74,41.06
196575,7.98,88.74,41.06
4267,7.98,88.74,41.06
16833,7.98,88.74,41.06
219284,7.98,88.74,41.06
22151,7.98,88.74,41.06
9808,7.98,88.74,41.06
1623,7.98,88.74,41.06
9789,7.98,88.74,41.06
4141,7.98,88.74,41.06
659062,7.99,88.74,41.06
605692,7.99,88.74,41.06
516928,7.98,88.74,41.06
400443,7.98,88.74,41.06
275917,7.98,88.74,41.06
3232,7.98,88.74,41.04
348546,7.98,88.74,41.04
97945,7.98,88.74,41.04
18600,7.98,88.74,41.04
15805,7.98,88.74,41.04
524014,7.98,88.74,41.04
103357,7.98,88.74,41.05
92624,7.98,88.74,41.04
359037,7.98,88.74,41.05
313114,7.98,88.74,41.04
19556,7.98,88.74,41.04
2874,7.98,88.74,41.04
11995,7.98,88.74,41.05
1742,7.98,88.74,41.04
353,7.98,88.74,41.04
461,7.98,88.74,41.04
218,7.98,88.74,41.05
43,7.98,88.74,41.04
878540,7.99,88.74,41.05
820669,7.99,88.74,41.05
744836,7.99,88.74,41.05
856966,7.98,88.74,41.05
765454,7.98,88.74,41.05
588525,7.98,88.74,41.05
839981,7.98,88.74,41.05
676901,7.98,88.74,41.05
776809,7.98,88.74,41.05
825589,7.99,88.74,41.05
873633,7.99,88.74,41.05
848729,7.98,88.74,41.06
673632,7.98,88.74,41.06
472910,7.98,88.74,41.06
516740,7.98,88.74,41.06
358238,7.98,88.74,41.06
251884,7.98,88.74,41.06
871709,7.98,88.74,41.06
802444,7.98,88.74,41.06
667372,7.98,88.74,41.06
432059,7.98,88.74,41.06
478035,7.98,88.74,41.05
388275,7.98,88.74,41.05
534007,7.98,88.74,41.05
660300,7.98,88.74,41.05
852431,7.99,88.74,41.05
787180,7.98,88.74,41.05
775100,7.99,88.74,41.05
703287,7.98,88.74,41.05
678726,7.98,88.74,41.05
466836,7.98,88.74,41.05
541186,7.98,88.74,41.05
383293,7.98,88.74,41.05
639207,7.99,88.74,41.05
586297,7.98,88.74,41.05
643072,7.99,88.74,41.05
565222,7.98,88.74,41.05
379303,7.98,88.74,41.05
100217,7.98,88.74,41.05
463622,7.98,88.74,41.05
304317,7.98,88.74,41.05
48310,7.98,88.74,41.05
10108,7.98,88.74,41.05
315116,7.98,88.74,41.05
206709,7.98,88.74,41.05
637,7.98,88.74,41.05
3434,7.98,88.74,41.05
332,7.97,88.74,41.05
94,7.97,88.74,41.05
16980,7.98,88.74,41.05
61276,7.98,88.74,41.05
14607,7.98,88.74,41.05
4037,7.98,88.74,41.05
812,7.97,88.74,41.05
365039,7.98,88.74,41.05
8900,7.97,88.74,41.05
300562,7.98,88.74,41.05
112688,7.98,88.74,41.05
195337,7.98,88.74,41.05
352950,7.98,88.74,41.05
423773,7.98,88.74,41.05
5577,7.97,88.74,41.05
15828,7.97,88.74,41.05
19360,7.97,88.74,41.05
265751,7.98,88.74,41.06
312458,7.98,88.74,41.06
127980,7.98,88.74,41.06
109532,7.98,88.74,41.06
287929,7.98,88.74,41.06
11471,7.98,88.74,41.06
115368,7.98,88.74,41.06
8395,7.98,88.74,41.06
26950,7.98,88.74,41.06
4249,7.98,88.74,41.06
1578,7.98,88.74,41.06
3243,7.98,88.74,41.06
8932,7.97,88.74,41.06
525094,7.98,88.74,41.06
13936,7.98,88.74,41.06
691068,7.98,88.74,41.06
16633,7.98,88.74,41.06
8174,7.98,88.74,41.06
1808,7.97,88.74,41.05
589246,7.99,88.74,41.05
889773,7.99,88.74,41.05
617142,7.99,88.74,41.05
820475,7.99,88.74,41.05
875680,7.99,88.74,41.05
832970,7.99,88.74,41.05
577050,7.99,88.74,41.05
663242,7.99,88.74,41.05
544513,7.99,88.74,41.05
605551,7.99,88.74,41.05
564295,7.99,88.74,41.05
613511,7.99,88.74,41.05
419039,7.99,88.74,41.04
573098,7.99,88.74,41.04
139028,7.99,88.74,41.04
123675,7.99,88.74,41.06
615190,7.99,88.74,41.06
736548,7.99,88.74,41.06
86943,7.99,88.74,41.06
52277,7.99,88.74,41.06
794054,7.99,88.74,41.05
776863,7.99,88.74,41.05
752317,7.99,88.74,41.05
732456,7.99,88.74,41.05
621190,7.99,88.74,41.06
653319,7.99,88.74,41.06
661880,7.99,88.74,41.06
655635,7.99,88.74,41.06
218305,7.98,88.74,41.06
19139,7.98,88.74,41.06
74143,7.98,88.74,41.06
20190,7.99,88.74,41.06
206368,7.99,88.74,41.06
37409,7.99,88.74,41.06
31297,7.99,88.74,41.06
16776,7.99,88.74,41.06
5966,7.98,88.74,41.06
7969,7.99,88.74,41.06
8555,7.99,88.74,41.06
401,7.98,88.74,41.07
20950,7.98,88.74,41.06
154751,7.98,88.74,41.06
79257,7.98,88.74,41.06
1493,7.98,88.74,41.06
4380,7.98,88.74,41.06
4323,7.98,88.74,41.06
56219,7.98,88.74,41.06
14490,7.98,88.74,41.06
12676,7.98,88.74,41.06
578,7.98,88.74,41.06
1237,7.98,88.74,41.06
7067,7.98,88.74,41.06
3281,7.98,88.74,41.06
1353,7.98,88.74,41.06
3148,7.98,88.74,41.06
239,7.98,88.74,41.06
553,7.98,88.74,41.06
1217,7.98,88.74,41.06
2785,7.98,88.74,41.06
938,7.98,88.74,41.06
262709,7.99,88.74,41.06
221243,7.98,88.74,41.06
244531,7.99,88.74,41.06
212441,7.98,88.74,41.06
154170,7.98,88.74,41.06
94795,7.98,88.74,41.06
46446,7.98,88.74,41.06
916,7.98,88.74,41.04
2722,7.98,88.74,41.04
344038,7.98,88.74,41.04
135164,7.98,88.74,41.04
115514,7.98,88.74,41.04
18562,7.98,88.74,41.04
30700,7.98,88.74,41.04
17312,7.98,88.74,41.04
501329,7.99,88.74,41.04
372689,7.98,88.74,41.04
143964,7.98,88.74,41.04
4757,7.98,88.74,41.04
19707,7.98,88.74,41.04
27370,7.98,88.74,41.04
3905,7.98,88.74,41.04
830,7.98,88.74,41.04
2648,7.98,88.74,41.04
660,7.98,88.74,41.04
1731,7.98,88.74,41.04
64,7.98,88.74,41.04
319,7.98,88.74,41.04
99,7.98,88.74,41.04
476,7.98,88.74,41.04
129,7.98,88.74,41.04
141,7.98,88.74,41.04
35,7.98,88.74,41.04
22,7.97,88.74,41.05
144,7.98,88.74,41.04
53,7.98,88.74,41.04
5,7.97,88.74,41.04
10,7.98,88.74,41.04
38,7.98,88.74,41.04
10,7.98,88.74,41.04
662154,7.99,88.74,41.05
646689,7.99,88.74,41.05
578664,7.99,88.74,41.05
537128,7.99,88.74,41.05
472304,7.99,88.74,41.05
410633,7.99,88.74,41.05
391264,7.99,88.74,41.05
588783,7.99,88.74,41.05
640779,7.99,88.74,41.05
663088,7.98,88.74,41.05
557323,7.98,88.74,41.05
368238,7.98,88.74,41.05
193790,7.98,88.74,41.05
685199,7.98,88.74,41.05
629283,7.98,88.74,41.05
461711,7.98,88.74,41.05
246473,7.98,88.74,41.05
359865,7.98,88.74,41.05
639066,7.98,88.74,41.05
770672,7.98,88.74,41.05
843124,7.98,88.74,41.05
298895,7.98,88.74,41.05
546045,7.98,88.74,41.05
666708,7.98,88.74,41.05
714104,7.98,88.74,41.05
501259,7.99,88.74,41.05
593662,7.99,88.74,41.05
121252,7.98,88.74,41.06
544554,7.98,88.74,41.06
349943,7.98,88.74,41.06
220713,7.98,88.74,41.06
146080,7.98,88.74,41.06
91015,7.98,88.74,41.06
46654,7.98,88.74,41.06
116696,7.98,88.74,41.06
559175,7.98,88.74,41.06
373493,7.98,88.74,41.06
201786,7.98,88.74,41.06
136713,7.98,88.74,41.05
86620,7.98,88.74,41.05
165299,7.98,88.74,41.05
220887,7.98,88.74,41.05
578308,7.98,88.74,41.05
446213,7.98,88.74,41.05
452071,7.98,88.74,41.05
329952,7.98,88.74,41.05
271438,7.98,88.74,41.05
142345,7.98,88.74,41.05
194707,7.98,88.74,41.05
89599,7.98,88.74,41.05
348011,7.98,88.74,41.05
255820,7.98,88.74,41.05
349617,7.98,88.74,41.05
233787,7.98,88.74,41.05
80686,7.98,88.74,41.05
15972,7.98,88.74,41.05
150340,7.98,88.74,41.05
39974,7.98,88.74,41.05
6136,7.98,88.74,41.05
1622,7.98,88.74,41.05
38854,7.98,88.74,41.05
19105,7.98,88.74,41.05
212,7.98,88.74,41.07
116,7.98,88.74,41.05
465,7.98,88.74,41.05
166,7.97,88.74,41.05
62,7.97,88.74,41.05
51,7.97,88.74,41.05
15,7.97,88.74,41.05
1812,7.98,88.74,41.05
5489,7.98,88.74,41.05
1651,7.97,88.74,41.05
539,7.97,88.74,41.05
196,7.97,88.74,41.05
15366,7.97,88.74,41.05
2459,7.97,88.74,41.05
24967,7.98,88.74,41.05
7095,7.97,88.74,41.05
14615,7.98,88.74,41.05
30056,7.97,88.74,41.05
28413,7.97,88.74,41.05
37003,7.98,88.74,41.05
52603,7.98,88.74,41.05
823,7.97,88.74,41.05
632,7.97,88.74,41.05
2425,7.97,88.74,41.05
2767,7.97,88.74,41.05
35481,7.98,88.74,41.06
35964,7.98,88.74,41.06
17061,7.98,88.74,41.06
11409,7.98,88.74,41.06
22577,7.98,88.74,41.06
9624,7.98,88.74,41.06
1847,7.98,88.74,41.06
3911,7.98,88.74,41.06
1233,7.98,88.74,41.06
498,7.98,88.74,41.06
2708,7.98,88.74,41.06
883,7.98,88.74,41.06
424,7.98,88.74,41.06
227,7.98,88.74,41.06
7265,7.97,88.74,41.06
2132,7.97,88.74,41.06
58693,7.98,88.74,41.06
1748,7.97,88.74,41.06
40609,7.98,88.74,41.06
4326,7.97,88.74,41.06
9559,7.98,88.74,41.06
2129,7.97,88.74,41.06
1105,7.97,88.74,41.06
103,7.98,88.74,41.07
9,7.97,88.74,41.05
21,7.97,88.74,41.05
66,7.97,88.74,41.05
218,7.97,88.74,41.05
425025,7.99,88.74,41.05
639267,7.99,88.74,41.05
405469,7.99,88.74,41.05
537666,7.99,88.74,41.05
848748,7.99,88.74,41.05
446786,7.99,88.74,41.05
783074,7.99,88.74,41.05
452402,7.99,88.74,41.05
387751,7.99,88.74,41.05
685444,7.99,88.74,41.05
723727,7.99,88.74,41.05
545108,7.99,88.74,41.05
527345,7.99,88.74,41.05
507992,7.99,88.74,41.05
468050,7.99,88.74,41.05
370891,7.99,88.74,41.05
388184,7.99,88.74,41.05
414894,7.99,88.74,41.05
528861,7.99,88.74,41.04
518355,7.99,88.74,41.05
396247,7.99,88.74,41.05
495749,7.99,88.74,41.04
336717,7.99,88.74,41.04
412646,7.99,88.74,41.04
21447,7.99,88.74,41.04
111718,7.99,88.74,41.04
119842,7.99,88.74,41.04
292572,7.99,88.74,41.04
135302,7.99,88.74,41.06
100991,7.99,88.74,41.06
521748,7.99,88.74,41.06
535801,7.99,88.74,41.06
610466,7.99,88.74,41.06
74065,7.99,88.74,41.06
579098,7.99,88.74,41.06
59998,7.99,88.74,41.06
245542,7.99,88.74,41.06
227894,7.99,88.74,41.06
94312,7.99,88.74,41.06
30168,7.99,88.74,41.06
14701,7.99,88.74,41.06
285971,7.99,88.74,41.05
491759,7.99,88.74,41.05
530998,7.99,88.74,41.05
447249,7.99,88.74,41.05
287565,7.99,88.74,41.05
435160,7.99,88.74,41.05
463179,7.99,88.74,41.05
415130,7.99,88.74,41.05
244678,7.98,88.74,41.06
232490,7.99,88.74,41.06
269385,7.99,88.74,41.06
286663,7.98,88.74,41.06
258373,7.99,88.74,41.06
317811,7.99,88.74,41.06
47782,7.98,88.74,41.06
66461,7.99,88.74,41.06
23187,7.98,88.74,41.06
22525,7.99,88.74,41.06
56442,7.99,88.74,41.06
16858,7.99,88.74,41.06
12111,7.99,88.74,41.06
5534,7.98,88.74,41.06
4326,7.98,88.74,41.06
7016,7.99,88.74,41.06
5407,7.99,88.74,41.06
1767,7.98,88.74,41.06
2358,7.99,88.74,41.06
7195,7.99,88.74,41.06
5797,7.99,88.74,41.06
346,7.98,88.74,41.07
240,7.98,88.74,41.07
186,7.98,88.74,41.07
3790,7.98,88.74,41.06
12969,7.98,88.74,41.06
28021,7.98,88.74,41.06
1320,7.98,88.74,41.06
3893,7.98,88.74,41.06
10225,7.98,88.74,41.06
6374,7.98,88.74,41.06
219,7.98,88.74,41.06
448,7.98,88.74,41.06
572,7.98,88.74,41.06
1146,7.98,88.74,41.06
2572,7.98,88.74,41.06
1432,7.98,88.74,41.06
101,7.98,88.74,41.06
164,7.98,88.74,41.06
374,7.98,88.74,41.06
791,7.98,88.74,41.06
222,7.98,88.74,41.06
488,7.98,88.74,41.06
2172,7.98,88.74,41.06
871,7.98,88.74,41.06
662,7.98,88.74,41.06
470,7.98,88.74,41.06
80276,7.99,88.74,41.06
79046,7.99,88.74,41.06
72196,7.99,88.74,41.06
50134,7.98,88.74,41.06
11587,7.98,88.74,41.06
72075,7.99,88.74,41.06
54153,7.98,88.74,41.06
33188,7.98,88.74,41.06
18913,7.98,88.74,41.06
7319,7.98,88.74,41.06
5972,7.99,88.74,41.04
664,7.98,88.74,41.04
156,7.98,88.74,41.04
703,7.98,88.74,41.04
5729,7.98,88.74,41.04
142962,7.98,88.74,41.04
32223,7.98,88.74,41.04
3763,7.98,88.74,41.04
31326,7.98,88.74,41.04
327333,7.98,88.74,41.04
144629,7.98,88.74,41.04
21502,7.98,88.74,41.04
4520,7.98,88.74,41.04
3588,7.98,88.74,41.04
723,7.98,88.74,41.04
675,7.98,88.74,41.04
380,7.98,88.74,41.04
79,7.98,88.74,41.04
23,7.98,88.74,41.04
84,7.98,88.74,41.04
139,7.98,88.74,41.04
43,7.98,88.74,41.04
157,7.98,88.74,41.04
11,7.98,88.74,41.04
17,7.98,88.74,41.04
61,7.98,88.74,41.04
5,7.97,88.74,41.05
16,7.97,88.74,41.05
32,7.98,88.74,41.04
2,7.97,88.74,41.04
7,7.97,88.74,41.04
15,7.98,88.74,41.04
4,7.98,88.74,41.04
12,7.98,88.74,41.04
3,7.98,88.74,41.04
367463,7.99,88.74,41.05
280425,7.99,88.74,41.05
375827,7.99,88.74,41.05
334336,7.99,88.74,41.05
274872,7.99,88.74,41.05
228585,7.99,88.74,41.05
222725,7.99,88.74,41.05
210187,7.99,88.74,41.05
171967,7.99,88.74,41.05
209634,7.99,88.74,41.05
179861,7.99,88.74,41.05
294008,7.99,88.74,41.05
325214,7.99,88.74,41.05
35487,7.98,88.74,41.05
329282,7.98,88.74,41.05
200388,7.98,88.74,41.05
85051,7.98,88.74,41.05
52872,7.98,88.74,41.05
372858,7.98,88.74,41.05
273992,7.98,88.74,41.05
114412,7.98,88.74,41.05
88479,7.98,88.74,41.05
192760,7.98,88.74,41.05
372813,7.98,88.74,41.05
504099,7.98,88.74,41.05
64791,7.98,88.74,41.05
155085,7.98,88.74,41.05
326086,7.98,88.74,41.05
393854,7.98,88.74,41.05
237496,7.98,88.74,41.05
271682,7.98,88.74,41.05
19642,7.98,88.74,41.06
46972,7.98,88.74,41.06
157142,7.98,88.74,41.06
85815,7.98,88.74,41.06
33850,7.98,88.74,41.06
19421,7.98,88.74,41.06
9267,7.98,88.74,41.06
18141,7.98,88.74,41.06
44434,7.98,88.74,41.06
183621,7.98,88.74,41.06
91450,7.98,88.74,41.06
16211,7.98,88.74,41.05
9953,7.98,88.74,41.05
22365,7.98,88.74,41.05
28965,7.98,88.74,41.05
239589,7.98,88.74,41.05
133517,7.98,88.74,41.05
162125,7.98,88.74,41.05
88198,7.98,88.74,41.05
21532,7.98,88.74,41.05
58893,7.98,88.74,41.05
12228,7.98,88.74,41.05
39892,7.98,88.74,41.05
122757,7.98,88.74,41.05
72103,7.98,88.74,41.05
134456,7.98,88.74,41.05
51669,7.98,88.74,41.05
2083,7.98,88.74,41.05
13159,7.98,88.74,41.05
5284,7.98,88.74,41.05
24754,7.98,88.74,41.05
684,7.98,88.74,41.05
216,7.98,88.74,41.05
4553,7.98,88.74,41.05
1991,7.98,88.74,41.05
132,7.98,88.74,41.07
96,7.98,88.74,41.07
20,7.97,88.74,41.05
57,7.97,88.74,41.05
28,7.97,88.74,41.05
11,7.97,88.74,41.05
178,7.97,88.74,41.05
492,7.97,88.74,41.05
198,7.97,88.74,41.05
73,7.97,88.74,41.05
12,7.97,88.74,41.05
7,7.97,88.74,41.05
88,7.97,88.74,41.05
33,7.97,88.74,41.05
1409,7.97,88.74,41.05
2258,7.97,88.74,41.05
659,7.97,88.74,41.05
1242,7.97,88.74,41.05
2412,7.97,88.74,41.05
2557,7.97,88.74,41.05
3526,7.97,88.74,41.05
4787,7.97,88.74,41.05
131,7.97,88.74,41.05
128,7.97,88.74,41.05
168,7.97,88.74,41.05
64,7.97,88.74,41.05
277,7.97,88.74,41.05
380,7.97,88.74,41.05
4259,7.98,88.74,41.06
4210,7.98,88.74,41.06
2399,7.98,88.74,41.06
1647,7.98,88.74,41.06
2983,7.98,88.74,41.06
1516,7.98,88.74,41.06
816,7.98,88.74,41.06
353,7.98,88.74,41.06
689,7.98,88.74,41.06
247,7.97,88.74,41.06
285,7.98,88.74,41.06
137,7.98,88.74,41.06
75,7.98,88.74,41.06
148,7.98,88.74,41.06
85,7.98,88.74,41.06
296,7.97,88.74,41.06
1665,7.97,88.74,41.06
538,7.97,88.74,41.06
5325,7.97,88.74,41.06
999,7.97,88.74,41.06
385,7.97,88.74,41.06
4122,7.97,88.74,41.06
282,7.97,88.74,41.06
2021,7.97,88.74,41.06
497,7.97,88.74,41.06
845,7.97,88.74,41.06
297,7.97,88.74,41.06
179,7.97,88.74,41.06
45,7.98,88.74,41.06
67,7.98,88.74,41.07
47,7.98,88.74,41.07
26,7.98,88.74,41.07
48,7.98,88.74,41.07
2,7.97,88.74,41.05
5,7.97,88.74,41.05
10,7.97,88.74,41.05
25,7.97,88.74,41.05
370174,7.99,88.74,41.05
227251,7.99,88.74,41.05
299245,7.99,88.74,41.05
320401,7.99,88.74,41.05
238635,7.99,88.74,41.05
259273,7.99,88.74,41.05
115490,7.99,88.74,41.05
405311,7.99,88.74,41.05
118078,7.99,88.74,41.06
589492,7.99,88.74,41.05
146352,7.99,88.74,41.05
387749,7.99,88.74,41.05
481024,7.99,88.74,41.05
204191,7.99,88.74,41.05
500362,7.99,88.74,41.05
175337,7.99,88.74,41.05
325610,7.99,88.74,41.05
360112,7.99,88.74,41.05
198149,7.99,88.74,41.05
211458,7.99,88.74,41.05
438165,7.99,88.74,41.04
343046,7.99,88.74,41.05
321512,7.99,88.74,41.05
435835,7.99,88.74,41.04
272793,7.99,88.74,41.05
250388,7.99,88.74,41.05
213057,7.99,88.74,41.05
381987,7.99,88.74,41.04
208370,7.99,88.74,41.05
374560,7.99,88.74,41.04
482546,7.99,88.74,41.04
34762,7.99,88.74,41.04
295828,7.99,88.74,41.04
125311,7.99,88.74,41.04
277952,7.99,88.74,41.04
224543,7.99,88.74,41.04
18940,7.99,88.74,41.04
23160,7.99,88.74,41.04
89278,7.99,88.74,41.04
227629,7.99,88.74,41.04
428007,7.99,88.74,41.04
104924,7.99,88.74,41.04
327821,7.99,88.74,41.06
72617,7.99,88.74,41.06
418159,7.99,88.74,41.06
91908,7.99,88.74,41.06
133745,7.99,88.74,41.06
52442,7.99,88.74,41.06
170472,7.99,88.74,41.06
180512,7.99,88.74,41.06
146910,7.99,88.74,41.06
80655,7.99,88.74,41.06
34818,7.99,88.74,41.06
68787,7.99,88.74,41.06
58116,7.99,88.74,41.06
20855,7.99,88.74,41.06
30424,7.99,88.74,41.06
19868,7.99,88.74,41.06
13507,7.99,88.74,41.06
10601,7.99,88.74,41.06
6389,7.99,88.74,41.06
120346,7.99,88.74,41.05
148693,7.99,88.74,41.05
216960,7.99,88.74,41.05
272583,7.99,88.74,41.05
265616,7.99,88.74,41.05
215246,7.98,88.74,41.05
134540,7.99,88.74,41.05
153189,7.99,88.74,41.05
201578,7.99,88.74,41.05
234536,7.99,88.74,41.05
224016,7.99,88.74,41.05
178475,7.98,88.74,41.05
66355,7.98,88.74,41.06
92864,7.99,88.74,41.06
77859,7.99,88.74,41.06
93630,7.99,88.74,41.06
89664,7.98,88.74,41.06
125354,7.99,88.74,41.06
97138,7.99,88.74,41.06
124622,7.99,88.74,41.06
16726,7.98,88.74,41.06
20846,7.99,88.74,41.06
10852,7.98,88.74,41.06
11550,7.99,88.74,41.06
20137,7.99,88.74,41.06
10554,7.99,88.74,41.06
3648,7.98,88.74,41.06
4618,7.99,88.74,41.06
3948,7.99,88.74,41.06
1283,7.98,88.74,41.06
1329,7.99,88.74,41.06
1815,7.99,88.74,41.06
1750,7.99,88.74,41.06
5223,7.99,88.74,41.06
4567,7.99,88.74,41.06
607,7.99,88.74,41.07
288,7.98,88.74,41.07
242,7.98,88.74,41.07
172,7.98,88.74,41.07
128,7.98,88.74,41.07
48,7.98,88.74,41.07
84,7.98,88.74,41.07
96,7.98,88.74,41.07
77,7.98,88.74,41.07
741,7.98,88.74,41.06
2588,7.98,88.74,41.06
6719,7.98,88.74,41.06
370,7.98,88.74,41.06
1190,7.98,88.74,41.06
3055,7.98,88.74,41.06
3580,7.98,88.74,41.06
1986,7.98,88.74,41.06
162,7.98,88.74,41.06
445,7.98,88.74,41.06
1049,7.98,88.74,41.06
44,7.98,88.74,41.06
69,7.98,88.74,41.06
101,7.98,88.74,41.07
166,7.98,88.74,41.06
357,7.98,88.74,41.06
233,7.98,88.74,41.07
1691,7.98,88.74,41.06
883,7.98,88.74,41.06
631,7.98,88.74,41.06
330,7.98,88.74,41.06
26799,7.99,88.74,41.06
23807,7.99,88.74,41.06
29401,7.99,88.74,41.06
27296,7.99,88.74,41.06
18688,7.98,88.74,41.06
13302,7.98,88.74,41.06
5166,7.98,88.74,41.06
3296,7.98,88.74,41.06
22342,7.98,88.74,41.06
14739,7.98,88.74,41.06
8316,7.98,88.74,41.06
4015,7.98,88.74,41.06
1230,7.98,88.74,41.06
5205,7.99,88.74,41.04
678,7.98,88.74,41.04
198,7.98,88.74,41.04
225,7.98,88.74,41.04
1078,7.99,88.74,41.04
19,7.98,88.74,41.04
52,7.98,88.74,41.04
63,7.98,88.74,41.04
6,7.98,88.74,41.04
165,7.98,88.74,41.04
1187,7.98,88.74,41.04
7434,7.98,88.74,41.04
36759,7.98,88.74,41.04
612,7.98,88.74,41.04
4987,7.98,88.74,41.04
29090,7.98,88.74,41.04
95674,7.98,88.74,41.04
1368,7.98,88.74,41.04
7287,7.98,88.74,41.04
316,7.98,88.74,41.04
1457,7.98,88.74,41.04
235,7.98,88.74,41.04
69,7.98,88.74,41.04
22,7.98,88.74,41.04
23,7.98,88.74,41.04
51,7.98,88.74,41.04
82,7.98,88.74,41.04
27,7.98,88.74,41.04
80,7.98,88.74,41.04
3,7.98,88.74,41.04
7,7.98,88.74,41.04
12,7.98,88.74,41.04
27,7.98,88.74,41.04
9,7.98,88.74,41.04
25,7.98,88.74,41.04
2,7.97,88.74,41.05
6,7.97,88.74,41.04
9,7.97,88.74,41.04
2,7.97,88.74,41.04
4,7.97,88.74,41.04
6,7.98,88.74,41.04
6,7.97,88.74,41.04
3,7.98,88.74,41.04
4,7.98,88.74,41.04
2,7.97,88.74,41.04
56159,7.98,88.74,41.04
28882,7.98,88.74,41.04
8358,7.98,88.74,41.04
1892,7.98,88.74,41.04
169192,7.99,88.74,41.05
180808,7.99,88.74,41.05
128968,7.99,88.74,41.05
125554,7.99,88.74,41.05
165001,7.99,88.74,41.05
122491,7.98,88.74,41.05
106910,7.99,88.74,41.05
75809,7.98,88.74,41.05
114712,7.99,88.74,41.05
104244,7.99,88.74,41.05
99879,7.99,88.74,41.05
84723,7.99,88.74,41.05
64462,7.98,88.74,41.05
106400,7.99,88.74,41.05
70289,7.98,88.74,41.05
137504,7.99,88.74,41.05
141396,7.99,88.74,41.05
5616,7.98,88.74,41.05
16859,7.98,88.74,41.05
109936,7.98,88.74,41.05
42829,7.98,88.74,41.05
8917,7.98,88.74,41.05
23782,7.98,88.74,41.05
149607,7.98,88.74,41.05
61864,7.98,88.74,41.05
14996,7.98,88.74,41.05
36888,7.98,88.74,41.05
94385,7.98,88.74,41.05
193318,7.98,88.74,41.05
11969,7.98,88.74,41.05
30138,7.98,88.74,41.05
80948,7.98,88.74,41.05
173575,7.98,88.74,41.05
99365,7.98,88.74,41.05
103614,7.98,88.74,41.05
24464,7.98,88.74,41.06
18412,7.98,88.74,41.06
2865,7.98,88.74,41.06
9797,7.98,88.74,41.06
20202,7.98,88.74,41.06
37377,7.98,88.74,41.06
1587,7.98,88.74,41.06
8809,7.98,88.74,41.06
4632,7.98,88.74,41.06
2725,7.98,88.74,41.06
9017,7.98,88.74,41.06
20228,7.98,88.74,41.06
45775,7.98,88.74,41.06
1848,7.98,88.74,41.05
1072,7.98,88.74,41.05
2712,7.98,88.74,41.05
3591,7.98,88.74,41.05
65867,7.98,88.74,41.05
28201,7.98,88.74,41.05
43008,7.98,88.74,41.05
19681,7.98,88.74,41.05
3011,7.98,88.74,41.05
11191,7.98,88.74,41.05
1523,7.98,88.74,41.05
6846,7.98,88.74,41.05
36177,7.98,88.74,41.05
14112,7.98,88.74,41.05
30201,7.98,88.74,41.05
8784,7.98,88.74,41.05
254,7.98,88.74,41.05
1777,7.98,88.74,41.05
640,7.98,88.74,41.05
3657,7.98,88.74,41.05
77,7.98,88.74,41.05
30,7.98,88.74,41.05
487,7.98,88.74,41.05
207,7.98,88.74,41.05
67,7.98,88.74,41.07
49,7.98,88.74,41.07
25,7.98,88.74,41.07
25,7.98,88.74,41.07
5,7.97,88.74,41.05
9,7.97,88.74,41.05
6,7.97,88.74,41.05
4,7.97,88.74,41.05
20,7.97,88.74,41.05
47,7.97,88.74,41.05
25,7.97,88.74,41.05
11,7.97,88.74,41.05
4,7.97,88.74,41.05
3,7.97,88.74,41.05
13,7.97,88.74,41.05
6,7.97,88.74,41.05
146,7.97,88.74,41.05
208,7.97,88.74,41.05
68,7.97,88.74,41.05
110,7.97,88.74,41.05
255,7.97,88.74,41.05
303,7.97,88.74,41.05
337,7.97,88.74,41.05
464,7.97,88.74,41.05
54,7.97,88.74,41.05
32,7.97,88.74,41.05
29,7.97,88.74,41.05
10,7.97,88.74,41.05
8,7.97,88.74,41.05
97,7.97,88.74,41.05
130,7.97,88.74,41.05
34,7.97,88.74,41.05
50,7.97,88.74,41.05
405,7.98,88.74,41.06
499,7.98,88.74,41.06
508,7.98,88.74,41.06
367,7.98,88.74,41.06
273,7.98,88.74,41.06
417,7.98,88.74,41.06
279,7.98,88.74,41.06
176,7.98,88.74,41.06
97,7.98,88.74,41.06
159,7.98,88.74,41.06
87,7.98,88.74,41.06
49,7.97,88.74,41.06
46,7.98,88.74,41.06
28,7.97,88.74,41.06
52,7.98,88.74,41.06
19,7.97,88.74,41.06
144,7.97,88.74,41.06
56,7.97,88.74,41.06
63,7.97,88.74,41.06
274,7.97,88.74,41.06
532,7.97,88.74,41.06
228,7.97,88.74,41.06
109,7.97,88.74,41.06
492,7.97,88.74,41.06
54,7.97,88.74,41.06
74,7.97,88.74,41.06
169,7.97,88.74,41.06
335,7.97,88.74,41.06
207,7.97,88.74,41.06
105,7.97,88.74,41.06
113,7.97,88.74,41.06
60,7.97,88.74,41.06
38,7.97,88.74,41.06
41,7.97,88.74,41.06
28,7.98,88.74,41.06
21,7.98,88.74,41.06
33,7.98,88.74,41.07
23,7.98,88.74,41.07
18,7.98,88.74,41.07
33,7.98,88.74,41.07
14,7.98,88.74,41.07
23,7.98,88.74,41.07
9,7.98,88.74,41.07
2,7.97,88.74,41.05
4,7.97,88.74,41.05
133059,7.99,88.74,41.05
183204,7.99,88.74,41.05
136954,7.99,88.74,41.05
144938,7.99,88.74,41.05
167465,7.99,88.74,41.05
117002,7.99,88.74,41.05
118193,7.99,88.74,41.05
71760,7.99,88.74,41.05
131395,7.99,88.74,41.05
151510,7.99,88.74,41.05
87751,7.99,88.74,41.05
147671,7.99,88.74,41.05
118183,7.99,88.74,41.05
187477,7.99,88.74,41.05
176573,7.99,88.74,41.05
103844,7.99,88.74,41.05
150674,7.99,88.74,41.05
153590,7.99,88.74,41.05
85557,7.99,88.74,41.05
98693,7.99,88.74,41.05
245068,7.99,88.74,41.05
334103,7.99,88.74,41.05
285892,7.99,88.74,41.04
182082,7.99,88.74,41.05
326939,7.99,88.74,41.04
363685,7.99,88.74,41.04
154932,7.99,88.74,41.05
147371,7.99,88.74,41.05
105165,7.99,88.74,41.05
400663,7.99,88.74,41.04
249019,7.99,88.74,41.04
112152,7.99,88.74,41.05
306169,7.99,88.74,41.04
26982,7.99,88.74,41.04
187325,7.99,88.74,41.04
78590,7.99,88.74,41.04
175758,7.99,88.74,41.04
132730,7.99,88.74,41.04
4484,7.99,88.74,41.04
18955,7.99,88.74,41.04
76495,7.99,88.74,41.04
355633,7.99,88.74,41.04
263731,7.99,88.74,41.04
91270,7.99,88.74,41.04
202464,7.99,88.74,41.04
1461,7.99,88.74,41.04
57698,7.99,88.74,41.06
44046,7.99,88.74,41.06
80598,7.99,88.74,41.06
46935,7.99,88.74,41.06
106714,7.99,88.74,41.06
23121,7.99,88.74,41.06
54112,7.99,88.74,41.06
33095,7.99,88.74,41.06
59210,7.99,88.74,41.06
71245,7.99,88.74,41.06
46501,7.99,88.74,41.06
30933,7.99,88.74,41.06
23177,7.99,88.74,41.06
26090,7.99,88.74,41.06
22255,7.99,88.74,41.06
9627,7.99,88.74,41.06
18287,7.99,88.74,41.06
15036,7.99,88.74,41.06
15255,7.99,88.74,41.06
8764,7.99,88.74,41.06
8522,7.99,88.74,41.06
4908,7.99,88.74,41.06
4775,7.99,88.74,41.06
866,7.99,88.74,41.07
2319,7.99,88.74,41.06
77152,7.99,88.74,41.05
58043,7.99,88.74,41.05
52997,7.99,88.74,41.05
58333,7.99,88.74,41.05
70637,7.99,88.74,41.05
70597,7.99,88.74,41.05
95801,7.99,88.74,41.05
104412,7.99,88.74,41.05
65761,7.99,88.74,41.05
84498,7.98,88.74,41.05
132670,7.99,88.74,41.05
141839,7.99,88.74,41.05
122939,7.99,88.74,41.05
75739,7.99,88.74,41.05
72570,7.99,88.74,41.05
57882,7.98,88.74,41.05
112924,7.99,88.74,41.05
114307,7.99,88.74,41.05
94185,7.99,88.74,41.05
6186,7.99,88.74,41.04
10205,7.99,88.74,41.06
30741,7.98,88.74,41.06
38945,7.99,88.74,41.06
33379,7.99,88.74,41.06
38555,7.99,88.74,41.06
12891,7.99,88.74,41.06
44218,7.98,88.74,41.06
56939,7.99,88.74,41.06
45282,7.99,88.74,41.06
55508,7.99,88.74,41.06
6902,7.99,88.74,41.06
7840,7.99,88.74,41.06
5062,7.99,88.74,41.06
5808,7.99,88.74,41.06
8184,7.99,88.74,41.06
6119,7.99,88.74,41.06
2619,7.99,88.74,41.06
3282,7.99,88.74,41.06
1569,7.99,88.74,41.06
1352,7.99,88.74,41.06
1029,7.99,88.74,41.06
3544,7.99,88.74,41.06
3637,7.99,88.74,41.06
398,7.99,88.74,41.07
472,7.99,88.74,41.07
137,7.98,88.74,41.07
216,7.99,88.74,41.07
210,7.98,88.74,41.07
119,7.98,88.74,41.07
63,7.98,88.74,41.07
29,7.98,88.74,41.07
52,7.98,88.74,41.07
52,7.98,88.74,41.07
69,7.98,88.74,41.07
42,7.98,88.74,41.07
40,7.98,88.74,41.07
156,7.98,88.74,41.06
553,7.98,88.74,41.06
1560,7.98,88.74,41.06
95,7.98,88.74,41.06
311,7.98,88.74,41.06
877,7.98,88.74,41.06
1904,7.98,88.74,41.06
1164,7.98,88.74,41.06
582,7.98,88.74,41.06
54,7.98,88.74,41.06
153,7.98,88.74,41.06
399,7.98,88.74,41.06
30,7.98,88.74,41.06
71,7.98,88.74,41.06
161,7.98,88.74,41.06
1132,7.98,88.74,41.06
643,7.98,88.74,41.06
312,7.98,88.74,41.06
528,7.98,88.74,41.06
290,7.98,88.74,41.06
145,7.98,88.74,41.06
57,7.98,88.74,41.07
9320,7.99,88.74,41.06
7974,7.99,88.74,41.06
2405,7.98,88.74,41.06
12122,7.99,88.74,41.06
10323,7.99,88.74,41.06
5871,7.98,88.74,41.06
3830,7.98,88.74,41.06
1610,7.98,88.74,41.06
874,7.98,88.74,41.06
7091,7.98,88.74,41.06
4255,7.98,88.74,41.06
2062,7.98,88.74,41.06
795,7.98,88.74,41.06
225,7.98,88.74,41.06
275,7.98,88.74,41.06
9557,7.98,88.74,41.06
469,7.98,88.74,41.04
303,7.98,88.74,41.04
1027,7.99,88.74,41.04
96,7.98,88.74,41.04
97,7.98,88.74,41.04
37,7.98,88.74,41.04
97,7.98,88.74,41.04
271,7.99,88.74,41.04
10,7.98,88.74,41.04
21,7.98,88.74,41.04
622,7.99,88.74,41.04
13,7.98,88.74,41.04
4,7.98,88.74,41.04
37,7.98,88.74,41.04
222,7.98,88.74,41.04
1339,7.98,88.74,41.04
7205,7.98,88.74,41.04
97,7.98,88.74,41.04
698,7.98,88.74,41.04
4455,7.98,88.74,41.04
19473,7.98,88.74,41.04
345,7.98,88.74,41.04
1836,7.98,88.74,41.04
124,7.98,88.74,41.04
457,7.98,88.74,41.04
66,7.98,88.74,41.04
14,7.98,88.74,41.04
11,7.98,88.74,41.04
8,7.98,88.74,41.04
17,7.98,88.74,41.04
37,7.98,88.74,41.04
32,7.98,88.74,41.04
51,7.98,88.74,41.04
7,7.98,88.74,41.04
2,7.98,88.74,41.04
9,7.98,88.74,41.04
5,7.98,88.74,41.04
8,7.98,88.74,41.04
12,7.98,88.74,41.04
11,7.98,88.74,41.04
3,7.97,88.74,41.04
3,7.97,88.74,41.04
3,7.97,88.74,41.04
4,7.97,88.74,41.04
4,7.97,88.74,41.04
2,7.97,88.74,41.04
3,7.97,88.74,41.04
4,7.97,88.74,41.04
3,7.97,88.74,41.04
4,7.98,88.74,41.04
3,7.97,88.74,41.04
3,7.97,88.74,41.04
30454,7.99,88.74,41.04
11183,7.98,88.74,41.04
17659,7.99,88.74,41.04
5348,7.98,88.74,41.04
6545,7.99,88.74,41.04
1782,7.98,88.74,41.04
1989,7.99,88.74,41.04
613,7.98,88.74,41.04
82370,7.99,88.74,41.05
76880,7.99,88.74,41.05
56132,7.99,88.74,41.05
48536,7.99,88.74,41.05
57828,7.99,88.74,41.05
32641,7.98,88.74,41.05
35878,7.99,88.74,41.05
21481,7.98,88.74,41.05
70875,7.99,88.74,41.05
60053,7.99,88.74,41.05
52011,7.99,88.74,41.05
46041,7.99,88.74,41.05
33560,7.99,88.74,41.05
18610,7.98,88.74,41.05
35526,7.99,88.74,41.05
16314,7.98,88.74,41.05
53709,7.98,88.74,41.05
54111,7.98,88.74,41.05
12936,7.98,88.74,41.06
737,7.98,88.74,41.05
3039,7.98,88.74,41.05
8696,7.98,88.74,41.05
23704,7.98,88.74,41.05
1237,7.98,88.74,41.05
4670,7.98,88.74,41.05
12445,7.98,88.74,41.05
36352,7.98,88.74,41.05
21111,7.98,88.74,41.05
13081,7.98,88.74,41.05
382,7.98,88.74,41.06
2281,7.98,88.74,41.05
7635,7.98,88.74,41.05
18985,7.98,88.74,41.05
51722,7.98,88.74,41.05
1760,7.98,88.74,41.05
6211,7.98,88.74,41.05
16220,7.98,88.74,41.05
47209,7.98,88.74,41.05
27442,7.98,88.74,41.05
28910,7.98,88.74,41.05
5822,7.98,88.74,41.06
4981,7.98,88.74,41.06
1726,7.98,88.74,41.06
4764,7.98,88.74,41.06
9543,7.98,88.74,41.06
937,7.98,88.74,41.06
2241,7.98,88.74,41.06
1601,7.98,88.74,41.06
4502,7.98,88.74,41.06
10377,7.98,88.74,41.06
289,7.98,88.74,41.06
199,7.98,88.74,41.05
111,7.98,88.74,41.05
306,7.98,88.74,41.05
420,7.98,88.74,41.05
5812,7.98,88.74,41.05
14621,7.98,88.74,41.05
3769,7.98,88.74,41.05
10216,7.98,88.74,41.05
377,7.98,88.74,41.05
1809,7.98,88.74,41.05
181,7.98,88.74,41.05
1001,7.98,88.74,41.05
2313,7.98,88.74,41.05
7799,7.98,88.74,41.05
1280,7.98,88.74,41.05
5400,7.98,88.74,41.05
35,7.98,88.74,41.05
231,7.98,88.74,41.05
79,7.98,88.74,41.05
491,7.98,88.74,41.05
11,7.98,88.74,41.05
6,7.98,88.74,41.05
53,7.98,88.74,41.05
24,7.98,88.74,41.05
15,7.98,88.74,41.07
31,7.98,88.74,41.07
34,7.98,88.74,41.07
16,7.98,88.74,41.07
17,7.98,88.74,41.07
10,7.98,88.74,41.07
2,7.97,88.74,41.05
2,7.97,88.74,41.05
2,7.97,88.74,41.05
2,7.97,88.74,41.05
4,7.97,88.74,41.05
6,7.97,88.74,41.05
4,7.97,88.74,41.05
3,7.97,88.74,41.05
2,7.97,88.74,41.05
3,7.97,88.74,41.05
2,7.97,88.74,41.05
2,7.97,88.74,41.05
2,7.97,88.74,41.05
16,7.97,88.74,41.05
22,7.97,88.74,41.05
8,7.97,88.74,41.05
12,7.97,88.74,41.05
28,7.97,88.74,41.05
39,7.97,88.74,41.05
36,7.97,88.74,41.05
52,7.97,88.74,41.05
9,7.97,88.74,41.05
4,7.97,88.74,41.05
5,7.97,88.74,41.05
3,7.97,88.74,41.05
2,7.97,88.74,41.05
2,7.97,88.74,41.05
15,7.97,88.74,41.05
23,7.97,88.74,41.05
4,7.97,88.74,41.05
8,7.97,88.74,41.05
64,7.98,88.74,41.06
64,7.97,88.74,41.06
73,7.97,88.74,41.06
64,7.98,88.74,41.06
54,7.98,88.74,41.06
66,7.97,88.74,41.06
56,7.97,88.74,41.06
41,7.98,88.74,41.06
30,7.98,88.74,41.06
40,7.97,88.74,41.06
28,7.97,88.74,41.06
19,7.97,88.74,41.06
13,7.97,88.74,41.06
20,7.98,88.74,41.06
12,7.97,88.74,41.06
9,7.97,88.74,41.06
29,7.97,88.74,41.06
33,7.97,88.74,41.06
16,7.97,88.74,41.06
11,7.97,88.74,41.06
45,7.97,88.74,41.06
64,7.97,88.74,41.06
46,7.97,88.74,41.06
67,7.97,88.74,41.06
19,7.97,88.74,41.06
15,7.97,88.74,41.06
31,7.97,88.74,41.06
21,7.97,88.74,41.06
41,7.97,88.74,41.06
62,7.97,88.74,41.06
47,7.97,88.74,41.06
23,7.97,88.74,41.06
23,7.97,88.74,41.06
34,7.97,88.74,41.06
15,7.97,88.74,41.06
14,7.97,88.74,41.06
11,7.97,88.74,41.06
13,7.98,88.74,41.06
9,7.97,88.74,41.07
16,7.98,88.74,41.07
11,7.98,88.74,41.07
16,7.98,88.74,41.07
9,7.98,88.74,41.07
7,7.98,88.74,41.07
5,7.98,88.74,41.07
97114,7.99,88.74,41.05
89895,7.99,88.74,41.05
98373,7.99,88.74,41.05
64832,7.99,88.74,41.05
89374,7.99,88.74,41.05
54057,7.99,88.74,41.05
66058,7.99,88.74,41.05
49671,7.99,88.74,41.05
61070,7.99,88.74,41.05
80789,7.99,88.74,41.05
60151,7.99,88.74,41.05
71343,7.99,88.74,41.05
81078,7.99,88.74,41.05
70016,7.99,88.74,41.05
99898,7.99,88.74,41.05
92887,7.99,88.74,41.05
74543,7.99,88.74,41.05
74398,7.99,88.74,41.05
76805,7.99,88.74,41.05
44855,7.99,88.74,41.05
51232,7.99,88.74,41.05
104389,7.99,88.74,41.05
251431,7.99,88.74,41.04
246901,7.99,88.74,41.05
163501,7.99,88.74,41.05
125218,7.99,88.74,41.05
191428,7.99,88.74,41.04
105826,7.99,88.74,41.05
249059,7.99,88.74,41.04
300953,7.99,88.74,41.04
81178,7.99,88.74,41.05
51275,7.99,88.74,41.05
296848,7.99,88.74,41.04
344807,7.99,88.74,41.04
157980,7.99,88.74,41.04
68136,7.99,88.74,41.05
216130,7.99,88.74,41.04
18440,7.99,88.74,41.04
93130,7.99,88.74,41.04
42719,7.99,88.74,41.04
100073,7.99,88.74,41.04
64297,7.99,88.74,41.04
351019,7.99,88.74,41.04
252042,7.99,88.74,41.04
233166,7.99,88.74,41.04
3805,7.99,88.74,41.04
9340,7.99,88.74,41.04
34117,7.99,88.74,41.04
56074,7.99,88.74,41.04
235921,7.99,88.74,41.04
4648,7.99,88.74,41.04
127280,7.99,88.74,41.04
27871,7.99,88.74,41.04
1943,7.99,88.74,41.04
1596,7.99,88.74,41.04
50856,7.99,88.74,41.06
40199,7.99,88.74,41.06
38935,7.99,88.74,41.06
31634,7.99,88.74,41.06
37924,7.99,88.74,41.06
49200,7.99,88.74,41.06
19687,7.99,88.74,41.06
17385,7.99,88.74,41.06
27828,7.99,88.74,41.06
23892,7.99,88.74,41.06
27968,7.99,88.74,41.06
36048,7.99,88.74,41.06
22045,7.99,88.74,41.06
17079,7.99,88.74,41.06
12636,7.99,88.74,41.06
10000,7.99,88.74,41.06
12381,7.99,88.74,41.06
7370,7.99,88.74,41.06
7467,7.99,88.74,41.06
11520,7.99,88.74,41.06
11676,7.99,88.74,41.06
7951,7.99,88.74,41.06
5833,7.99,88.74,41.06
3593,7.99,88.74,41.06
3932,7.99,88.74,41.06
5040,7.99,88.74,41.06
572,7.99,88.74,41.07
699,7.99,88.74,41.07
1709,7.99,88.74,41.06
1917,7.99,88.74,41.06
33344,7.99,88.74,41.05
34912,7.99,88.74,41.05
26609,7.99,88.74,41.05
26010,7.99,88.74,41.05
39575,7.99,88.74,41.05
29420,7.99,88.74,41.05
29318,7.99,88.74,41.05
27426,7.99,88.74,41.05
29532,7.99,88.74,41.05
33999,7.99,88.74,41.05
33794,7.99,88.74,41.05
43496,7.99,88.74,41.05
50299,7.99,88.74,41.05
50498,7.99,88.74,41.05
63436,7.99,88.74,41.05
31570,7.99,88.74,41.05
35445,7.99,88.74,41.05
44469,7.98,88.74,41.05
68661,7.99,88.74,41.05
63393,7.99,88.74,41.05
27010,7.99,88.74,41.05
34567,7.99,88.74,41.05
28474,7.98,88.74,41.05
51755,7.99,88.74,41.05
44390,7.99,88.74,41.05
1695,7.99,88.74,41.04
7366,7.99,88.74,41.04
725,7.99,88.74,41.04
4366,7.99,88.74,41.06
4814,7.99,88.74,41.06
15177,7.99,88.74,41.06
18285,7.99,88.74,41.06
17384,7.99,88.74,41.06
18726,7.99,88.74,41.06
6715,7.99,88.74,41.06
6185,7.99,88.74,41.06
22006,7.99,88.74,41.06
26832,7.99,88.74,41.06
23765,7.99,88.74,41.06
27025,7.99,88.74,41.06
3116,7.99,88.74,41.06
3415,7.99,88.74,41.06
2469,7.99,88.74,41.06
2841,7.99,88.74,41.06
3773,7.99,88.74,41.06
3227,7.99,88.74,41.06
1655,7.99,88.74,41.06
2100,7.99,88.74,41.06
1125,7.99,88.74,41.06
827,7.99,88.74,41.06
2401,7.99,88.74,41.06
338,7.99,88.74,41.07
420,7.99,88.74,41.07
88,7.98,88.74,41.07
131,7.99,88.74,41.07
113,7.99,88.74,41.07
201,7.99,88.74,41.07
183,7.99,88.74,41.07
107,7.98,88.74,41.07
27,7.98,88.74,41.07
28,7.98,88.74,41.07
49,7.98,88.74,41.07
25,7.98,88.74,41.07
39,7.98,88.74,41.06
124,7.98,88.74,41.06
362,7.98,88.74,41.06
29,7.98,88.74,41.06
84,7.98,88.74,41.06
233,7.98,88.74,41.06
165,7.98,88.74,41.06
989,7.99,88.74,41.06
651,7.98,88.74,41.06
359,7.98,88.74,41.06
20,7.98,88.74,41.06
51,7.98,88.74,41.06
130,7.98,88.74,41.06
14,7.98,88.74,41.06
30,7.98,88.74,41.06
68,7.98,88.74,41.06
104,7.98,88.74,41.06
692,7.99,88.74,41.06
423,7.98,88.74,41.06
223,7.98,88.74,41.06
60,7.98,88.74,41.06
392,7.99,88.74,41.06
228,7.98,88.74,41.06
119,7.98,88.74,41.06
49,7.98,88.74,41.07
26,7.98,88.74,41.07
27,7.98,88.75,41.07
15,7.98,88.75,41.07
9,7.98,88.74,41.07
3762,7.99,88.74,41.06
2805,7.98,88.74,41.06
816,7.98,88.74,41.06
1179,7.99,88.74,41.06
5170,7.99,88.74,41.06
3635,7.98,88.74,41.06
1847,7.98,88.74,41.06
1060,7.98,88.74,41.06
229,7.98,88.74,41.06
477,7.98,88.74,41.06
2155,7.98,88.74,41.06
1180,7.98,88.74,41.06
48,7.98,88.74,41.06
473,7.98,88.74,41.06
165,7.98,88.74,41.06
54,7.98,88.74,41.06
194,7.98,88.74,41.06
7069,7.98,88.74,41.06
5128,7.98,88.74,41.06
2682,7.98,88.74,41.06
5,7.98,88.74,41.07
146,7.98,88.74,41.04
257,7.98,88.74,41.04
215,7.98,88.74,41.04
137,7.98,88.74,41.04
349,7.99,88.74,41.04
23,7.98,88.74,41.04
34,7.98,88.74,41.04
18,7.98,88.74,41.04
81,7.98,88.74,41.04
8,7.98,88.74,41.04
624,7.99,88.74,41.04
369,7.99,88.74,41.04
309,7.99,88.74,41.04
7,7.98,88.74,41.04
2,7.98,88.74,41.04
10,7.98,88.74,41.04
44,7.98,88.74,41.04
223,7.98,88.74,41.04
1177,7.98,88.74,41.04
18,7.98,88.74,41.04
102,7.98,88.74,41.04
604,7.98,88.74,41.04
3053,7.98,88.74,41.04
82,7.98,88.74,41.04
384,7.98,88.74,41.04
47,7.98,88.74,41.04
158,7.98,88.74,41.04
21,7.98,88.74,41.04
5,7.98,88.74,41.04
6,7.98,88.74,41.04
4,7.98,88.74,41.04
7,7.98,88.74,41.04
86,7.98,88.74,41.04
20,7.98,88.74,41.04
15,7.98,88.74,41.04
31,7.98,88.74,41.04
12,7.98,88.74,41.04
18,7.98,88.74,41.04
4,7.98,88.74,41.04
6,7.98,88.74,41.04
4,7.98,88.74,41.04
8,7.98,88.74,41.04
5,7.98,88.74,41.04
6,7.98,88.74,41.04
5,7.98,88.74,41.04
3,7.97,88.74,41.04
2,7.97,88.74,41.04
2,7.97,88.74,41.04
3,7.97,88.74,41.04
2,7.97,88.74,41.04
3,7.97,88.74,41.04
2,7.97,88.74,41.04
2,7.97,88.74,41.04
2,7.97,88.74,41.04
2,7.97,88.74,41.04
9564,7.99,88.74,41.04
15584,7.99,88.74,41.04
6199,7.98,88.74,41.04
1918,7.98,88.74,41.04
3328,7.98,88.74,41.04
894,7.98,88.74,41.04
4257,7.99,88.74,41.04
1900,7.99,88.74,41.04
1390,7.98,88.74,41.04
360,7.98,88.74,41.04
578,7.98,88.74,41.04
181,7.98,88.74,41.04
113,7.98,88.74,41.04
32766,7.99,88.74,41.05
25766,7.99,88.74,41.05
22733,7.99,88.74,41.05
17202,7.99,88.74,41.05
15837,7.98,88.74,41.05
7705,7.98,88.74,41.05
10745,7.98,88.74,41.05
5389,7.98,88.74,41.05
30012,7.99,88.74,41.05
18033,7.99,88.74,41.05
24937,7.99,88.74,41.05
17232,7.99,88.74,41.05
9685,7.98,88.74,41.05
4247,7.98,88.74,41.05
8598,7.98,88.74,41.05
3136,7.98,88.74,41.05
6574,7.98,88.74,41.05
11372,7.98,88.74,41.05
7943,7.98,88.74,41.05
8699,7.98,88.74,41.05
14445,7.98,88.74,41.05
15600,7.98,88.74,41.05
3321,7.98,88.74,41.06
156,7.98,88.74,41.05
92,7.98,88.74,41.05
472,7.98,88.74,41.05
1684,7.98,88.74,41.05
4808,7.98,88.74,41.05
764,7.98,88.74,41.05
2520,7.98,88.74,41.05
7223,7.98,88.74,41.05
4333,7.98,88.74,41.05
2718,7.98,88.74,41.05
313,7.98,88.74,41.05
255,7.98,88.74,41.06
58,7.98,88.74,41.06
234,7.98,88.74,41.05
1353,7.98,88.74,41.05
3998,7.98,88.74,41.05
10811,7.98,88.74,41.05
1064,7.98,88.74,41.05
3328,7.98,88.74,41.05
9522,7.98,88.74,41.05
5701,7.98,88.74,41.05
6399,7.98,88.74,41.05
1374,7.98,88.74,41.06
1373,7.98,88.74,41.06
966,7.98,88.74,41.06
2345,7.98,88.74,41.06
538,7.98,88.74,41.06
883,7.98,88.74,41.06
2185,7.98,88.74,41.06
188,7.98,88.74,41.06
172,7.98,88.74,41.06
54,7.98,88.74,41.06
23,7.97,88.74,41.05
13,7.97,88.74,41.05
37,7.97,88.74,41.05
53,7.97,88.74,41.05
1055,7.98,88.74,41.05
3131,7.98,88.74,41.05
623,7.98,88.74,41.05
2101,7.98,88.74,41.05
48,7.98,88.74,41.05
264,7.98,88.74,41.05
24,7.98,88.74,41.05
139,7.98,88.74,41.05
348,7.98,88.74,41.05
1412,7.98,88.74,41.05
184,7.98,88.74,41.05
866,7.98,88.74,41.05
7,7.98,88.74,41.05
35,7.98,88.74,41.05
13,7.98,88.74,41.05
69,7.98,88.74,41.05
3,7.97,88.74,41.05
2,7.97,88.74,41.05
7,7.97,88.74,41.05
4,7.97,88.74,41.05
16,7.98,88.75,41.07
10,7.98,88.75,41.07
17,7.98,88.74,41.07
11,7.98,88.74,41.07
8,7.98,88.74,41.07
5,7.98,88.74,41.07
3,7.98,88.74,41.07
2,7.97,88.74,41.05
3,7.97,88.74,41.05
4,7.97,88.74,41.05
2,7.97,88.74,41.05
2,7.97,88.74,41.05
4,7.97,88.74,41.05
6,7.97,88.74,41.05
5,7.97,88.74,41.05
9,7.97,88.74,41.05
2,7.97,88.74,41.05
2,7.97,88.74,41.05
2,7.97,88.74,41.05
3,7.97,88.74,41.05
5,7.97,88.74,41.05
2,7.97,88.74,41.05
4,7.97,88.74,41.05
2,7.97,88.74,41.05
11,7.97,88.74,41.06
15,7.97,88.74,41.06
11,7.97,88.74,41.06
15,7.97,88.74,41.06
15,7.97,88.74,41.06
15,7.97,88.74,41.06
15,7.97,88.74,41.06
14,7.97,88.74,41.06
13,7.97,88.74,41.06
11,7.97,88.74,41.06
11,7.97,88.74,41.06
10,7.97,88.74,41.06
9,7.97,88.74,41.06
6,7.97,88.74,41.06
7,7.97,88.74,41.06
6,7.97,88.74,41.06
4,7.97,88.74,41.07
6,7.97,88.74,41.06
10,7.97,88.74,41.06
2,7.97,88.74,41.06
8,7.97,88.74,41.06
11,7.97,88.74,41.06
11,7.97,88.74,41.06
14,7.97,88.74,41.06
9,7.97,88.74,41.06
9,7.97,88.74,41.06
2,7.97,88.74,41.06
11,7.97,88.74,41.06
13,7.97,88.74,41.06
11,7.97,88.74,41.06
13,7.97,88.74,41.06
2,7.97,88.74,41.06
9,7.97,88.74,41.06
10,7.97,88.74,41.06
8,7.97,88.74,41.06
4,7.97,88.74,41.06
6,7.97,88.74,41.06
3,7.97,88.74,41.06
6,7.97,88.74,41.07
3,7.97,88.74,41.07
2,7.97,88.74,41.07
6,7.98,88.74,41.07
4,7.98,88.75,41.07
3,7.97,88.74,41.07
2,7.97,88.74,41.07
2,7.97,88.74,41.07
62190,7.99,88.74,41.05
56520,7.99,88.74,41.05
68970,8,88.74,41.05
65119,8,88.74,41.05
53810,7.99,88.74,41.05
30211,7.99,88.74,41.05
48025,7.99,88.74,41.05
26060,7.99,88.74,41.05
45092,8,88.74,41.05
37443,8,88.74,41.05
42063,7.99,88.74,41.05
34959,7.99,88.74,41.05
50238,7.99,88.74,41.05
46675,8,88.74,41.05
39893,7.99,88.74,41.05
63498,7.99,88.74,41.05
57814,7.99,88.74,41.05
60074,8,88.74,41.05
53543,8,88.74,41.05
57462,7.99,88.74,41.05
56116,7.99,88.74,41.05
36937,7.99,88.74,41.05
40611,7.99,88.74,41.05
14968,7.99,88.74,41.05
13700,7.99,88.74,41.05
24965,7.99,88.74,41.05
26629,7.99,88.74,41.05
19751,7.99,88.74,41.05
24492,7.99,88.74,41.05
112308,7.99,88.74,41.05
53250,7.99,88.74,41.05
73732,8,88.74,41.05
178186,7.99,88.74,41.04
195864,7.99,88.74,41.04
174325,7.99,88.74,41.05
137218,7.99,88.74,41.04
79793,7.99,88.74,41.05
128855,7.99,88.74,41.04
61228,7.99,88.74,41.05
185931,7.99,88.74,41.04
46423,7.99,88.74,41.05
28638,7.99,88.74,41.05
237564,7.99,88.74,41.04
282716,7.99,88.74,41.04
249937,7.99,88.74,41.04
99812,7.99,88.74,41.04
40329,7.99,88.74,41.05
134884,7.99,88.74,41.04
17202,7.99,88.74,41.05
136444,7.99,88.74,41.04
35924,7.99,88.74,41.04
11975,7.99,88.74,41.04
44899,7.99,88.74,41.04
21760,7.99,88.74,41.04
47832,7.99,88.74,41.04
30043,7.99,88.74,41.04
212321,7.99,88.74,41.04
335186,7.99,88.74,41.04
212063,7.99,88.74,41.04
22408,7.99,88.74,41.04
110165,7.99,88.74,41.04
7800,7.99,88.74,41.04
32003,7.99,88.74,41.04
3221,7.99,88.74,41.04
29953,7.99,88.74,41.04
73193,7.99,88.74,41.04
24140,7.99,88.74,41.04
8790,7.99,88.74,41.04
2340,7.99,88.74,41.04
33761,7.99,88.74,41.06
30512,8,88.74,41.06
26938,7.99,88.74,41.06
24207,7.99,88.74,41.06
22520,7.99,88.74,41.06
28463,7.99,88.74,41.06
12866,7.99,88.74,41.06
13836,7.99,88.74,41.06
17350,7.99,88.74,41.06
18446,7.99,88.74,41.06
18674,7.99,88.74,41.06
15859,7.99,88.74,41.06
20621,7.99,88.74,41.06
9820,7.99,88.74,41.06
12852,7.99,88.74,41.06
11912,7.99,88.74,41.06
9540,7.99,88.74,41.06
7022,7.99,88.74,41.06
5155,7.99,88.74,41.06
9195,7.99,88.74,41.06
9755,7.99,88.74,41.06
7135,7.99,88.74,41.06
5049,7.99,88.74,41.06
6246,7.99,88.74,41.06
7453,7.99,88.74,41.06
4104,7.99,88.74,41.06
3447,7.99,88.74,41.06
2280,7.99,88.74,41.06
3247,7.99,88.74,41.06
2445,7.99,88.74,41.06
3292,7.99,88.74,41.06
4074,7.99,88.74,41.06
510,7.99,88.74,41.07
599,7.99,88.74,41.07
1290,7.99,88.74,41.06
1691,7.99,88.74,41.06
999,7.99,88.74,41.07
297,7.99,88.74,41.07
7335,7.99,88.74,41.05
7353,7.99,88.74,41.05
13793,7.99,88.74,41.05
15008,7.99,88.74,41.05
11124,7.99,88.74,41.05
12682,7.99,88.74,41.05
9200,7.99,88.74,41.05
19442,7.99,88.74,41.05
14467,7.99,88.74,41.05
13368,7.99,88.74,41.05
15931,7.99,88.74,41.05
15073,7.99,88.74,41.05
14992,7.99,88.74,41.05
12902,7.99,88.74,41.05
15825,7.99,88.74,41.05
15716,7.99,88.74,41.05
15463,7.99,88.74,41.05
9551,7.99,88.74,41.05
12766,7.99,88.74,41.05
21072,7.99,88.74,41.05
21198,7.99,88.74,41.05
30697,7.99,88.74,41.05
28064,7.99,88.74,41.05
15563,7.99,88.74,41.05
12651,7.99,88.74,41.05
8333,7.99,88.74,41.05
21458,7.99,88.74,41.05
28761,7.99,88.74,41.05
12325,7.99,88.74,41.05
13060,7.99,88.74,41.05
18689,7.99,88.74,41.05
6290,7.98,88.74,41.05
3663,7.98,88.74,41.05
293,7.98,88.74,41.04
2492,7.99,88.74,41.04
6956,7.99,88.74,41.04
939,7.99,88.74,41.04
1203,7.99,88.74,41.04
500,7.99,88.74,41.04
1974,7.99,88.74,41.06
2367,7.99,88.74,41.06
3916,7.99,88.74,41.06
2704,7.99,88.74,41.06
7778,7.99,88.74,41.06
9300,7.99,88.74,41.06
9831,7.99,88.74,41.06
2845,7.99,88.74,41.06
3422,7.99,88.74,41.06
10799,7.99,88.74,41.06
12890,7.99,88.74,41.06
13281,7.99,88.74,41.06
5383,7.99,88.74,41.06
6759,7.99,88.74,41.06
1526,7.99,88.74,41.06
1751,7.99,88.74,41.06
1251,7.99,88.74,41.06
1457,7.99,88.74,41.06
1995,7.99,88.74,41.06
1681,7.99,88.74,41.06
959,7.99,88.74,41.06
1194,7.99,88.74,41.06
801,7.99,88.74,41.06
591,7.99,88.74,41.06
1451,7.99,88.74,41.06
286,7.99,88.74,41.07
119,7.99,88.74,41.07
77,7.99,88.74,41.07
181,7.99,88.74,41.07
58,7.99,88.74,41.07
144,7.99,88.74,41.07
88,7.98,88.74,41.07
70,7.99,88.74,41.07
43,7.98,88.74,41.07
15,7.98,88.74,41.07
21,7.98,88.74,41.07
12,7.98,88.74,41.06
12,7.98,88.74,41.06
34,7.98,88.74,41.06
87,7.98,88.74,41.06
28,7.98,88.74,41.06
66,7.98,88.74,41.06
13,7.98,88.75,41.06
11,7.98,88.75,41.06
55,7.98,88.75,41.06
69,7.98,88.75,41.06
655,7.99,88.74,41.06
522,7.99,88.74,41.06
113,7.98,88.75,41.06
362,7.98,88.74,41.06
218,7.98,88.74,41.06
280,7.98,88.74,41.06
9,7.98,88.74,41.06
7,7.98,88.74,41.06
20,7.98,88.74,41.06
43,7.98,88.74,41.06
13,7.98,88.74,41.06
28,7.98,88.74,41.06
9,7.98,88.75,41.06
7,7.98,88.75,41.06
39,7.98,88.75,41.06
26,7.98,88.75,41.06
400,7.99,88.74,41.06
263,7.99,88.74,41.06
78,7.98,88.75,41.06
260,7.98,88.74,41.06
150,7.98,88.74,41.06
49,7.98,88.75,41.06
161,7.98,88.74,41.06
90,7.98,88.74,41.06
38,7.98,88.75,41.07
23,7.98,88.75,41.07
22,7.98,88.75,41.07
14,7.98,88.75,41.07
12,7.98,88.75,41.07
9,7.98,88.75,41.07
14,7.98,88.75,41.07
10,7.98,88.75,41.07
7,7.98,88.75,41.07
15,7.98,88.74,41.06
15,7.98,88.74,41.06
1207,7.99,88.74,41.06
892,7.99,88.74,41.06
965,7.98,88.74,41.06
1446,7.99,88.74,41.06
458,7.98,88.74,41.06
1163,7.98,88.74,41.06
1910,7.99,88.74,41.06
353,7.98,88.74,41.06
403,7.98,88.74,41.06
289,7.98,88.74,41.06
562,7.98,88.74,41.06
151,7.98,88.75,41.06
347,7.98,88.74,41.06
620,7.98,88.74,41.06
92,7.98,88.75,41.06
116,7.98,88.75,41.06
43,7.98,88.74,41.06
120,7.98,88.74,41.06
46,7.98,88.74,41.06
146,7.98,88.74,41.06
16,7.98,88.75,41.06
14,7.98,88.75,41.06
3620,7.99,88.74,41.06
2827,7.99,88.74,41.06
2129,7.98,88.74,41.06
1595,7.98,88.74,41.06
541,7.98,88.74,41.06
696,7.98,88.74,41.06
776,7.98,88.74,41.06
927,7.98,88.74,41.06
10,7.98,88.74,41.07
4,7.98,88.75,41.07
3,7.98,88.74,41.07
4,7.98,88.74,41.07
876,7.99,88.74,41.04
156,7.98,88.74,41.04
73,7.98,88.74,41.04
53,7.98,88.74,41.04
127,7.98,88.74,41.04
74,7.98,88.74,41.04
118,7.98,88.74,41.04
12,7.98,88.74,41.04
25,7.98,88.74,41.04
49,7.98,88.74,41.04
5,7.98,88.74,41.04
335,7.99,88.74,41.04
133,7.99,88.74,41.03
4,7.98,88.74,41.04
2,7.98,88.74,41.04
2,7.98,88.74,41.04
3,7.98,88.74,41.03
2,7.97,88.74,41.04
5,7.98,88.74,41.04
4,7.98,88.74,41.04
12,7.98,88.74,41.04
45,7.98,88.74,41.04
200,7.98,88.74,41.04
19,7.98,88.74,41.04
93,7.98,88.74,41.04
457,7.98,88.74,41.04
25,7.98,88.74,41.04
89,7.98,88.74,41.04
18,7.98,88.74,41.04
56,7.98,88.74,41.04
8,7.98,88.74,41.04
2,7.97,88.74,41.04
3,7.98,88.74,41.04
2,7.97,88.74,41.04
4,7.98,88.74,41.04
3,7.98,88.74,41.04
3,7.98,88.74,41.04
38,7.98,88.74,41.04
12,7.98,88.74,41.04
6,7.98,88.74,41.04
15,7.98,88.74,41.04
9,7.98,88.74,41.04
11,7.98,88.74,41.04
26,7.98,88.74,41.04
7,7.98,88.74,41.04
3,7.98,88.74,41.04
5052,7.99,88.74,41.04
7955,7.99,88.74,41.04
1996,7.99,88.74,41.04
3404,7.99,88.74,41.04
439,7.98,88.74,41.04
796,7.98,88.74,41.04
321,7.98,88.74,41.04
1172,7.98,88.74,41.04
163,7.98,88.74,41.04
609,7.98,88.74,41.04
1989,7.99,88.74,41.04
3033,7.99,88.74,41.04
987,7.99,88.74,41.04
491,7.99,88.74,41.04
266,7.98,88.74,41.04
157,7.98,88.74,41.04
88,7.98,88.74,41.04
317,7.98,88.74,41.04
57,7.98,88.74,41.04
172,7.98,88.74,41.04
95,7.98,88.74,41.04
133,7.98,88.74,41.04
41,7.98,88.74,41.04
31,7.98,88.74,41.04
4088,7.99,88.74,41.05
4345,7.99,88.74,41.05
4562,7.99,88.74,41.05
5433,7.99,88.74,41.05
7516,7.99,88.74,41.05
11245,7.99,88.74,41.05
5362,7.99,88.74,41.05
8123,7.99,88.74,41.05
2318,7.98,88.74,41.05
1600,7.98,88.74,41.05
1749,7.98,88.74,41.05
4004,7.98,88.74,41.05
1176,7.98,88.74,41.05
2713,7.98,88.74,41.05
4905,7.99,88.74,41.05
5173,7.99,88.74,41.05
4462,7.99,88.74,41.05
8638,7.99,88.74,41.05
5098,7.99,88.74,41.05
8914,7.99,88.74,41.05
1067,7.98,88.74,41.05
1441,7.98,88.74,41.05
844,7.98,88.74,41.05
2309,7.98,88.74,41.05
550,7.98,88.74,41.05
1686,7.98,88.74,41.05
1117,7.98,88.74,41.05
1920,7.98,88.74,41.05
22,7.98,88.74,41.05
113,7.98,88.74,41.05
13,7.98,88.74,41.05
65,7.98,88.74,41.05
53,7.98,88.74,41.05
95,7.98,88.74,41.05
299,7.98,88.74,41.05
924,7.98,88.74,41.05
473,7.98,88.74,41.05
1447,7.98,88.74,41.05
987,7.98,88.74,41.05
608,7.98,88.74,41.05
46,7.98,88.74,41.05
215,7.98,88.74,41.05
46,7.98,88.74,41.06
34,7.98,88.74,41.05
153,7.98,88.74,41.05
162,7.98,88.74,41.05
118,7.98,88.74,41.05
796,7.98,88.74,41.05
2212,7.98,88.74,41.05
626,7.98,88.74,41.05
1781,7.98,88.74,41.05
1203,7.98,88.74,41.05
1476,7.98,88.74,41.05
307,7.98,88.74,41.06
43,7.98,88.74,41.06
39,7.98,88.74,41.06
13,7.98,88.75,41.06
11,7.98,88.75,41.06
14,7.98,88.74,41.06
12,7.98,88.74,41.06
4,7.97,88.74,41.05
3,7.97,88.74,41.05
3,7.97,88.74,41.05
5,7.97,88.74,41.05
6,7.97,88.74,41.05
10,7.97,88.74,41.05
10,7.97,88.74,41.05
6,7.97,88.74,41.05
178,7.98,88.74,41.05
623,7.98,88.74,41.05
100,7.98,88.74,41.05
369,7.98,88.74,41.05
431,7.98,88.74,41.05
254,7.98,88.74,41.05
8,7.98,88.74,41.05
39,7.98,88.74,41.05
5,7.98,88.74,41.05
21,7.98,88.74,41.05
36,7.98,88.74,41.05
18,7.98,88.74,41.05
55,7.98,88.74,41.05
238,7.98,88.74,41.05
31,7.98,88.74,41.05
132,7.98,88.74,41.05
184,7.98,88.74,41.05
104,7.98,88.74,41.05
3,7.98,88.74,41.05
7,7.98,88.74,41.05
4,7.98,88.74,41.05
12,7.98,88.74,41.05
12,7.98,88.74,41.05
7,7.98,88.74,41.05
2,7.97,88.74,41.05
2,7.97,88.74,41.05
2,7.97,88.74,41.05
3,7.97,88.74,41.05
2,7.97,88.74,41.05
2,7.97,88.74,41.05
7,7.98,88.75,41.07
4,7.98,88.75,41.07
2,7.98,88.75,41.07
2,7.98,88.74,41.07
2,7.97,88.74,41.06
3,7.97,88.74,41.06
3,7.97,88.74,41.06
3,7.97,88.75,41.06
2,7.97,88.74,41.06
2,7.97,88.74,41.06
2,7.97,88.74,41.06
2,7.97,88.74,41.06
2,7.97,88.74,41.06
2,7.97,88.75,41.07
2,7.97,88.75,41.07
3,7.97,88.75,41.07
2,7.97,88.75,41.07
2,7.97,88.74,41.07
38106,8,88.74,41.05
34511,8,88.74,41.05
51252,8,88.74,41.05
48493,8,88.74,41.05
26858,7.99,88.74,41.05
14378,7.99,88.74,41.05
24476,7.99,88.74,41.05
13722,7.99,88.74,41.05
34872,8,88.74,41.05
35674,8,88.74,41.05
29745,8,88.74,41.05
28295,7.99,88.74,41.05
20837,7.99,88.74,41.05
32394,7.99,88.74,41.05
22028,7.99,88.74,41.05
40543,8,88.74,41.05
39275,8,88.74,41.05
45302,8,88.74,41.05
40968,8,88.74,41.05
30714,7.99,88.74,41.05
33198,7.99,88.74,41.05
17605,7.99,88.74,41.05
20706,7.99,88.74,41.05
7251,7.99,88.74,41.05
7701,7.99,88.74,41.05
13414,7.99,88.74,41.05
13192,7.99,88.74,41.05
8873,7.99,88.74,41.05
11382,7.99,88.74,41.05
56728,7.99,88.74,41.05
130964,7.99,88.74,41.04
123977,7.99,88.74,41.05
80178,8,88.74,41.05
34741,8,88.74,41.05
59926,8,88.74,41.05
54481,8,88.74,41.05
140509,7.99,88.74,41.04
153256,7.99,88.74,41.04
97050,7.99,88.74,41.04
51812,7.99,88.74,41.05
85518,7.99,88.74,41.04
37667,7.99,88.74,41.05
124440,7.99,88.74,41.04
26743,7.99,88.74,41.05
16996,7.99,88.74,41.05
194993,7.99,88.74,41.04
167570,7.99,88.74,41.04
226701,7.99,88.74,41.04
232860,7.99,88.74,41.04
174370,7.99,88.74,41.04
56959,7.99,88.74,41.04
22880,7.99,88.74,41.05
69226,7.99,88.74,41.04
10594,7.99,88.74,41.05
10185,7.99,88.74,41.05
65888,7.99,88.74,41.04
21747,7.99,88.74,41.04
7950,7.99,88.74,41.04
5583,7.99,88.74,41.04
2443,7.99,88.74,41.04
1951,7.99,88.74,41.04
22469,7.99,88.74,41.04
23046,7.99,88.74,41.04
11370,7.99,88.74,41.04
14730,7.99,88.74,41.04
3214,7.99,88.74,41.04
4619,7.99,88.74,41.04
194874,7.99,88.74,41.04
136891,7.99,88.74,41.04
247720,7.99,88.74,41.04
96163,7.99,88.74,41.04
15122,7.99,88.74,41.04
48853,7.99,88.74,41.04
17693,7.99,88.74,41.04
5837,7.99,88.74,41.04
24451,8,88.74,41.06
23170,7.99,88.74,41.06
24529,8,88.74,41.06
19315,8,88.74,41.06
18114,7.99,88.74,41.06
14524,7.99,88.74,41.06
17812,7.99,88.74,41.06
8631,7.99,88.74,41.06
11121,8,88.74,41.06
13714,7.99,88.74,41.06
11445,7.99,88.74,41.06
14923,8,88.74,41.06
11452,8,88.74,41.06
9570,7.99,88.74,41.06
11931,7.99,88.74,41.06
5633,7.99,88.74,41.06
6860,7.99,88.74,41.06
7145,7.99,88.74,41.06
5445,7.99,88.74,41.06
4205,7.99,88.74,41.06
3026,7.99,88.74,41.06
6207,7.99,88.74,41.06
4472,7.99,88.74,41.06
8062,8,88.74,41.06
5792,7.99,88.74,41.06
3433,7.99,88.74,41.06
5101,7.99,88.74,41.06
4390,7.99,88.74,41.06
2280,7.99,88.74,41.06
1934,7.99,88.74,41.06
1394,7.99,88.74,41.06
1897,7.99,88.74,41.06
1772,7.99,88.74,41.06
2330,7.99,88.74,41.06
1618,7.99,88.74,41.06
3378,7.99,88.74,41.06
2121,7.99,88.74,41.06
406,7.99,88.74,41.07
549,7.99,88.74,41.07
178,7.99,88.74,41.07
629,7.99,88.74,41.07
980,7.99,88.74,41.06
809,7.99,88.74,41.07
283,7.99,88.74,41.07
120,7.99,88.74,41.07
4173,7.99,88.74,41.05
3886,7.99,88.74,41.05
3865,7.99,88.74,41.05
5506,7.99,88.74,41.05
4439,7.99,88.74,41.05
6970,7.99,88.74,41.05
7502,7.99,88.74,41.05
7719,7.99,88.74,41.05
7345,7.99,88.74,41.05
3690,7.99,88.74,41.05
3474,7.99,88.74,41.05
6259,7.99,88.74,41.05
7305,7.99,88.74,41.05
6013,7.99,88.74,41.05
7069,7.99,88.74,41.05
2417,7.99,88.74,41.05
2305,7.99,88.74,41.05
4546,7.99,88.74,41.05
5901,7.99,88.74,41.05
6192,7.99,88.74,41.05
4192,7.99,88.74,41.05
303,7.99,88.74,41.04
199,7.99,88.74,41.04
125,7.98,88.74,41.04
99,7.98,88.74,41.04
2347,7.99,88.74,41.04
1154,7.99,88.74,41.06
1459,7.99,88.74,41.06
2102,7.99,88.74,41.06
2389,7.99,88.74,41.06
1725,7.99,88.74,41.06
4160,7.99,88.74,41.06
4870,7.99,88.74,41.06
1704,7.99,88.74,41.06
5270,7.99,88.74,41.06
6147,7.99,88.74,41.06
1733,7.99,88.74,41.06
2042,7.99,88.74,41.06
3059,7.99,88.74,41.06
2829,7.99,88.74,41.06
3578,7.99,88.74,41.06
3286,7.99,88.74,41.06
830,7.99,88.74,41.06
1029,7.99,88.74,41.06
671,7.99,88.74,41.06
809,7.99,88.74,41.06
1217,7.99,88.74,41.06
960,7.99,88.74,41.06
537,7.99,88.74,41.06
669,7.99,88.74,41.06
509,7.99,88.74,41.06
381,7.99,88.74,41.06
812,7.99,88.74,41.06
220,7.99,88.74,41.07
106,7.99,88.74,41.07
32,7.99,88.74,41.07
52,7.99,88.74,41.07
101,7.99,88.75,41.07
58,7.99,88.75,41.07
65,7.99,88.75,41.07
38,7.99,88.75,41.07
31,7.99,88.75,41.07
21,7.99,88.75,41.07
14,7.98,88.75,41.07
19,7.99,88.74,41.07
4,7.97,88.75,41.06
19,7.98,88.75,41.06
42,7.98,88.75,41.06
55,7.98,88.75,41.06
381,7.99,88.75,41.06
302,7.99,88.75,41.06
300,7.99,88.75,41.06
215,7.99,88.75,41.06
94,7.99,88.75,41.06
132,7.99,88.75,41.06
33,7.98,88.75,41.06
45,7.98,88.75,41.06
78,7.98,88.75,41.06
134,7.98,88.75,41.06
106,7.98,88.75,41.06
182,7.98,88.75,41.06
4,7.97,88.75,41.06
12,7.98,88.75,41.06
30,7.98,88.75,41.06
22,7.98,88.75,41.06
226,7.99,88.75,41.06
167,7.99,88.75,41.06
156,7.99,88.75,41.06
110,7.99,88.75,41.06
65,7.99,88.75,41.06
49,7.99,88.75,41.06
24,7.98,88.75,41.06
18,7.98,88.75,41.06
56,7.98,88.75,41.06
93,7.98,88.75,41.06
38,7.98,88.75,41.06
64,7.98,88.75,41.06
13,7.98,88.75,41.07
7,7.98,88.75,41.07
7,7.98,88.75,41.07
4,7.98,88.75,41.07
4,7.97,88.75,41.06
802,7.99,88.75,41.06
545,7.99,88.75,41.06
425,7.98,88.75,41.06
127,7.98,88.75,41.06
25,7.98,88.75,41.06
679,7.98,88.75,41.06
162,7.98,88.75,41.06
6,7.98,88.75,41.07
8,7.99,88.74,41.07
2,7.98,88.75,41.07
4,7.98,88.75,41.07
2,7.98,88.74,41.07
3,7.98,88.74,41.07
13399,7.99,88.74,41.04
1124,7.99,88.74,41.04
915,7.99,88.74,41.03
2552,7.99,88.74,41.03
276,7.99,88.74,41.03
90,7.98,88.74,41.04
67,7.98,88.74,41.04
39,7.98,88.74,41.04
9,7.98,88.74,41.03
4,7.98,88.74,41.03
11,7.98,88.74,41.03
148,7.99,88.74,41.03
34,7.99,88.74,41.03
4,7.98,88.74,41.04
2,7.98,88.74,41.04
6,7.98,88.74,41.03
2,7.98,88.74,41.03
2,7.97,88.74,41.04
2,7.98,88.74,41.04
6,7.98,88.74,41.04
2,7.98,88.74,41.04
5,7.98,88.74,41.04
5,7.98,88.74,41.04
7,7.98,88.74,41.04
12,7.98,88.74,41.04
41,7.98,88.74,41.04
19,7.98,88.74,41.04
77,7.98,88.74,41.04
69,7.98,88.74,41.04
38,7.98,88.74,41.04
8,7.98,88.74,41.04
27,7.98,88.74,41.04
7,7.98,88.74,41.04
20,7.98,88.74,41.04
22,7.98,88.74,41.04
29,7.98,88.74,41.04
4,7.98,88.74,41.04
4,7.98,88.74,41.04
5,7.98,88.74,41.04
4,7.98,88.74,41.04
2,7.97,88.74,41.04
2,7.97,88.74,41.04
2,7.97,88.74,41.04
2,7.97,88.74,41.04
17,7.98,88.74,41.04
13,7.98,88.74,41.04
19,7.98,88.74,41.04
15,7.98,88.74,41.04
4,7.98,88.74,41.04
3,7.98,88.74,41.04
12,7.98,88.74,41.04
876,7.99,88.74,41.04
103,7.98,88.74,41.04
403,7.99,88.74,41.04
44,7.98,88.74,41.04
30,7.98,88.74,41.04
23,7.98,88.74,41.04
770,7.98,88.75,41.05
1867,7.99,88.74,41.05
466,7.98,88.74,41.05
496,7.98,88.75,41.05
1423,7.99,88.74,41.05
242,7.98,88.74,41.05
100,7.98,88.75,41.05
168,7.98,88.75,41.05
10,7.98,88.74,41.05
139,7.98,88.74,41.05
20,7.98,88.74,41.05
244,7.98,88.74,41.05
27,7.98,88.75,41.06
3,7.97,88.75,41.06
2,7.97,88.74,41.05
56,7.98,88.74,41.05
4,7.98,88.74,41.05
22,7.98,88.74,41.05
3,7.98,88.74,41.05
3,7.98,88.75,41.07
2,7.98,88.75,41.07
2,7.98,88.75,41.07
2,7.97,88.75,41.06
2,7.97,88.75,41.06
2,7.97,88.75,41.07
21387,8,88.74,41.05
20049,8,88.74,41.05
34721,8,88.74,41.05
13513,8,88.74,41.05
7221,8,88.74,41.05
13351,8,88.74,41.05
7901,8,88.74,41.05
21311,8,88.74,41.05
24063,8,88.74,41.05
23598,8,88.74,41.05
18802,8,88.74,41.05
12129,8,88.74,41.05
19335,8,88.74,41.05
11558,8,88.74,41.05
23867,8,88.74,41.05
25334,8,88.74,41.05
29888,8,88.74,41.05
15418,8,88.74,41.05
17971,8,88.74,41.05
8094,8,88.74,41.05
10097,8,88.74,41.05
4079,7.99,88.74,41.05
4797,7.99,88.74,41.05
2484,7.99,88.74,41.05
2757,7.99,88.74,41.05
7198,7.99,88.74,41.05
3949,7.99,88.74,41.05
6457,7.99,88.74,41.05
3484,7.99,88.74,41.05
4222,7.99,88.74,41.05
5409,7.99,88.74,41.05
2431,7.99,88.74,41.05
2890,7.99,88.74,41.05
72492,7.99,88.74,41.04
40993,8,88.74,41.05
96606,7.99,88.74,41.04
83673,8,88.74,41.04
22766,8,88.74,41.05
30547,8,88.74,41.05
40746,8,88.74,41.05
68569,7.99,88.74,41.04
34857,7.99,88.74,41.05
52230,7.99,88.74,41.04
23920,7.99,88.74,41.05
100649,7.99,88.74,41.04
71927,7.99,88.74,41.04
17077,8,88.74,41.05
10868,8,88.74,41.05
25189,8,88.74,41.05
16679,8,88.74,41.05
122552,8,88.74,41.04
148673,7.99,88.74,41.04
105914,7.99,88.74,41.04
186130,7.99,88.74,41.04
146465,7.99,88.74,41.04
217904,7.99,88.74,41.04
175768,7.99,88.74,41.04
30223,7.99,88.74,41.04
13685,7.99,88.74,41.05
34244,7.99,88.74,41.04
13789,7.99,88.74,41.04
12903,7.99,88.74,41.04
6975,7.99,88.74,41.05
6843,7.99,88.74,41.05
9840,7.99,88.74,41.05
3741,7.99,88.74,41.05
5205,7.99,88.74,41.05
38011,7.99,88.74,41.04
38646,7.99,88.74,41.04
15467,7.99,88.74,41.04
15760,7.99,88.74,41.04
3451,7.99,88.74,41.04
4279,7.99,88.74,41.04
175498,8,88.74,41.04
147541,7.99,88.74,41.04
246236,8,88.74,41.04
186734,8,88.74,41.04
69988,7.99,88.74,41.04
23895,7.99,88.74,41.04
19346,7.99,88.74,41.04
10761,8,88.74,41.06
18307,8,88.74,41.06
16657,8,88.74,41.06
13123,8,88.74,41.06
9310,8,88.74,41.06
16103,8,88.74,41.06
10972,8,88.74,41.06
9770,8,88.74,41.06
7227,8,88.74,41.06
7294,8,88.74,41.06
5712,8,88.74,41.06
10068,8,88.74,41.06
5845,7.99,88.74,41.06
6758,7.99,88.74,41.06
3353,7.99,88.74,41.06
3798,7.99,88.74,41.06
4436,7.99,88.74,41.06
3340,7.99,88.74,41.06
2658,7.99,88.74,41.06
1989,7.99,88.74,41.06
4123,7.99,88.74,41.06
3069,7.99,88.74,41.06
5436,8,88.74,41.06
2574,7.99,88.74,41.06
1430,7.99,88.74,41.06
2180,7.99,88.74,41.06
1129,7.99,88.74,41.06
2829,8,88.74,41.06
1019,7.99,88.74,41.06
904,7.99,88.74,41.07
1545,7.99,88.74,41.06
972,7.99,88.74,41.06
1026,7.99,88.74,41.06
745,7.99,88.74,41.06
2137,8,88.74,41.06
497,7.99,88.74,41.07
637,7.99,88.74,41.06
310,7.99,88.74,41.07
153,7.99,88.74,41.07
448,7.99,88.74,41.07
63,7.99,88.74,41.07
143,7.99,88.74,41.07
1639,7.99,88.75,41.05
756,7.99,88.75,41.05
2060,7.99,88.75,41.05
665,7.99,88.75,41.05
2222,7.99,88.75,41.05
1696,7.99,88.75,41.05
1780,7.99,88.75,41.05
1225,7.99,88.75,41.05
3063,7.99,88.74,41.04
273,7.99,88.74,41.04
2410,7.99,88.74,41.04
172,7.99,88.74,41.04
760,7.99,88.75,41.06
966,7.99,88.75,41.06
1117,7.99,88.75,41.06
1293,7.99,88.75,41.06
382,7.99,88.75,41.06
534,7.99,88.75,41.06
1504,7.99,88.74,41.06
1165,7.99,88.74,41.06
683,7.99,88.75,41.06
854,7.99,88.75,41.06
1876,7.99,88.74,41.06
2069,7.99,88.74,41.06
1032,7.99,88.75,41.06
1079,7.99,88.75,41.06
1551,7.99,88.75,41.06
1680,7.99,88.75,41.06
1879,7.99,88.75,41.06
508,7.99,88.75,41.06
656,7.99,88.75,41.06
393,7.99,88.75,41.06
498,7.99,88.75,41.06
203,7.99,88.75,41.06
263,7.99,88.75,41.06
821,7.99,88.74,41.06
621,7.99,88.74,41.06
474,7.99,88.75,41.06
354,7.99,88.75,41.06
311,7.99,88.75,41.06
305,7.99,88.75,41.06
385,7.99,88.75,41.06
238,7.99,88.75,41.06
146,7.99,88.75,41.06
115,7.99,88.75,41.06
485,7.99,88.74,41.06
405,7.99,88.74,41.06
261,7.99,88.75,41.06
211,7.99,88.75,41.06
153,7.99,88.75,41.07
90,7.99,88.75,41.07
75,7.99,88.75,41.07
49,7.99,88.75,41.07
30,7.99,88.75,41.07
45,7.99,88.74,41.07
30,7.99,88.75,41.07
12,7.99,88.75,41.07
10,7.99,88.75,41.07
17,7.99,88.74,41.07
2,7.98,88.75,41.07
5,7.98,88.75,41.06
15,7.98,88.75,41.06
118,7.99,88.75,41.06
45,7.98,88.75,41.06
4,7.98,88.75,41.06
10,7.98,88.75,41.06
61,7.99,88.75,41.06
25,7.98,88.75,41.06
3,7.98,88.75,41.07
9,7.99,88.75,41.07
5,7.98,88.75,41.07
2,7.98,88.75,41.07
5,7.99,88.75,41.07
4,7.98,88.75,41.07
5,7.98,88.75,41.06
213,7.99,88.75,41.06
70,7.98,88.75,41.06
20,7.98,88.75,41.06
293,7.99,88.75,41.06
93,7.98,88.75,41.06
23,7.98,88.75,41.06
5,7.99,88.75,41.07
7,7.99,88.74,41.07
4,7.99,88.74,41.07
2,7.98,88.75,41.07
2,7.98,88.75,41.07
2,7.98,88.75,41.07
3,7.99,88.75,41.07
2,7.98,88.75,41.07
2,7.99,88.75,41.07
11968,7.99,88.74,41.04
26609,7.99,88.74,41.04
306,7.99,88.74,41.03
297,7.99,88.74,41.03
2845,7.99,88.74,41.03
742,7.99,88.74,41.03
84,7.99,88.74,41.03
46,7.98,88.74,41.03
18,7.98,88.74,41.03
9,7.98,88.74,41.03
8,7.98,88.74,41.03
20,7.99,88.74,41.03
94,7.99,88.74,41.03
9,7.98,88.74,41.03
15,7.98,88.74,41.03
2,7.98,88.74,41.03
2,7.98,88.74,41.03
6,7.98,88.74,41.03
2,7.98,88.74,41.03
2,7.98,88.74,41.04
10,7.98,88.74,41.04
2,7.98,88.74,41.04
6,7.98,88.74,41.04
2,7.98,88.74,41.04
5,7.98,88.74,41.04
2,7.98,88.74,41.04
4,7.98,88.74,41.04
756,7.99,88.74,41.03
77,7.99,88.74,41.03
541,7.99,88.75,41.04
420,7.99,88.75,41.04
88,7.98,88.75,41.04
12,7.98,88.75,41.04
52,7.98,88.75,41.04
8,7.98,88.75,41.04
40,7.98,88.75,41.04
7,7.98,88.75,41.04
29,7.98,88.75,41.04
6,7.98,88.75,41.04
299,7.99,88.75,41.05
233,7.99,88.75,41.05
102,7.98,88.75,41.05
107,7.99,88.75,41.05
150,7.99,88.75,41.05
47,7.98,88.75,41.05
245,7.98,88.75,41.05
70,7.98,88.75,41.05
23,7.98,88.75,41.05
153,7.98,88.75,41.05
13,7.98,88.75,41.05
21,7.98,88.75,41.05
2,7.97,88.75,41.05
12,7.98,88.75,41.05
3,7.97,88.75,41.05
22,7.98,88.75,41.05
5,7.98,88.75,41.06
6,7.98,88.75,41.05
4,7.98,88.75,41.05
2,7.97,88.75,41.06
3,7.97,88.75,41.06
2,7.97,88.75,41.06
2,7.97,88.75,41.07
2,7.97,88.75,41.07
2,7.98,88.75,41.07
2,7.98,88.75,41.07
24130,8,88.74,41.05
10834,8,88.74,41.05
6004,8,88.74,41.05
11441,8,88.74,41.05
16438,8,88.74,41.05
6755,8,88.74,41.05
10804,8,88.74,41.05
20436,8,88.74,41.05
5269,8,88.74,41.05
2451,8,88.74,41.05
2131,8,88.74,41.05
1711,8,88.74,41.05
56071,8,88.74,41.04
53764,8,88.74,41.04
29941,8,88.74,41.05
19899,8,88.74,41.05
45702,7.99,88.74,41.04
12864,8,88.74,41.05
121372,8,88.74,41.04
76755,8,88.74,41.04
98550,7.99,88.74,41.04
13480,7.99,88.74,41.04
4814,8,88.74,41.05
20683,7.99,88.74,41.04
3122,7.99,88.75,41.04
2557,7.99,88.75,41.04
169059,8,88.74,41.04
131790,8,88.74,41.04
157080,7.99,88.74,41.04
171970,8,88.74,41.04
98488,7.99,88.74,41.04
26871,7.99,88.74,41.04
24439,7.99,88.74,41.04
6159,8,88.74,41.06
8031,8,88.74,41.06
9353,8,88.74,41.06
12265,8,88.74,41.06
6595,8,88.74,41.06
4359,8,88.74,41.06
2275,8,88.74,41.06
1728,8,88.74,41.06
2258,8,88.74,41.06
4409,8,88.74,41.06
1080,8,88.74,41.06
1090,8,88.74,41.06
2119,8,88.74,41.06
403,7.99,88.74,41.07
736,8,88.74,41.07
655,8,88.74,41.06
215,7.99,88.75,41.07
71,7.99,88.75,41.07
118,7.99,88.74,41.07
290,7.99,88.74,41.07
42,7.99,88.74,41.07
810,7.99,88.75,41.05
385,7.99,88.75,41.05
1288,7.99,88.75,41.05
414,7.99,88.75,41.05
693,7.99,88.75,41.05
557,7.99,88.75,41.05
608,7.99,88.75,41.05
452,7.99,88.75,41.05
3529,7.99,88.75,41.04
368,7.99,88.75,41.04
3077,7.99,88.75,41.04
268,7.99,88.75,41.04
587,7.99,88.75,41.06
418,7.99,88.75,41.06
720,7.99,88.75,41.06
595,7.99,88.75,41.06
365,7.99,88.75,41.06
221,7.99,88.75,41.06
212,7.99,88.75,41.06
122,7.99,88.75,41.06
62,7.99,88.75,41.07
26,7.99,88.75,41.07
19,7.99,88.75,41.07
10,7.99,88.75,41.07
9,7.99,88.75,41.07
16,7.99,88.74,41.07
2,7.98,88.75,41.07
2,7.98,88.75,41.07
5,7.98,88.75,41.06
11,7.98,88.75,41.06
63,7.99,88.75,41.06
27,7.99,88.75,41.06
4,7.98,88.75,41.06
7,7.98,88.75,41.06
35,7.99,88.75,41.06
15,7.99,88.75,41.06
3,7.98,88.75,41.07
6,7.99,88.75,41.07
4,7.98,88.75,41.07
2,7.98,88.75,41.07
4,7.99,88.75,41.07
3,7.98,88.75,41.07
5,7.98,88.75,41.06
101,7.99,88.75,41.06
41,7.99,88.75,41.06
14,7.98,88.75,41.06
6,7.98,88.75,41.06
138,7.99,88.75,41.06
53,7.99,88.75,41.06
17,7.98,88.75,41.06
5,7.99,88.75,41.07
4,7.99,88.75,41.07
3,7.99,88.75,41.07
7,7.99,88.75,41.07
4,7.99,88.75,41.08
3,7.99,88.75,41.07
2,7.98,88.75,41.07
2,7.98,88.75,41.07
3,7.99,88.75,41.07
2,7.99,88.75,41.07
115507,8,88.74,41.04
31605,8,88.74,41.03
4543,7.99,88.74,41.03
19295,7.99,88.74,41.03
13424,8,88.74,41.03
51813,8,88.74,41.03
113,7.99,88.74,41.03
616,7.99,88.74,41.03
6302,7.99,88.74,41.03
225,7.99,88.74,41.03
61,7.99,88.74,41.03
7,7.99,88.74,41.02
21,7.98,88.75,41.03
2,7.98,88.74,41.03
48,7.99,88.74,41.03
31,7.98,88.74,41.03
13,7.98,88.74,41.03
4,7.98,88.74,41.03
8,7.98,88.74,41.03
4,7.98,88.74,41.03
6,7.98,88.75,41.03
11,7.98,88.74,41.03
4,7.98,88.74,41.03
2,7.98,88.74,41.03
2,7.98,88.74,41.03
3,7.98,88.75,41.04
3,7.98,88.75,41.04
3,7.98,88.75,41.04
3,7.98,88.75,41.04
2,7.98,88.74,41.02
1229,7.99,88.75,41.03
123,7.99,88.75,41.03
45,7.99,88.74,41.03
17,7.98,88.75,41.03
64,7.99,88.75,41.03
2,7.98,88.74,41.02
4,7.99,88.74,41.02
446,7.99,88.75,41.04
83,7.99,88.75,41.04
464,7.99,88.75,41.04
63,7.99,88.75,41.04
15,7.98,88.75,41.04
4,7.98,88.75,41.04
11,7.98,88.75,41.04
3,7.98,88.75,41.04
55,7.99,88.75,41.04
43,7.99,88.75,41.04
10,7.98,88.75,41.04
3,7.98,88.75,41.04
9,7.98,88.75,41.04
4,7.98,88.75,41.04
136,7.99,88.75,41.05
58,7.99,88.75,41.05
124,7.99,88.75,41.05
49,7.99,88.75,41.05
19,7.98,88.75,41.05
106,7.99,88.75,41.05
109,7.99,88.75,41.05
26,7.99,88.75,41.05
37,7.99,88.75,41.05
8,7.98,88.75,41.05
39,7.98,88.75,41.05
14,7.98,88.75,41.05
5,7.98,88.75,41.05
25,7.98,88.75,41.05
3,7.98,88.75,41.06
3,7.98,88.75,41.06
2,7.98,88.75,41.06
4,7.98,88.75,41.05
5,7.98,88.75,41.05
2,7.98,88.75,41.06
3,7.98,88.75,41.05
4,7.98,88.75,41.05
2,7.97,88.75,41.06
2,7.98,88.75,41.05
2,7.98,88.75,41.05
2,7.97,88.75,41.06
2,7.97,88.75,41.06
2,7.97,88.75,41.06
2,7.98,88.75,41.07
2,7.98,88.75,41.07
14678,8,88.74,41.05
18383,8,88.74,41.05
7316,8,88.74,41.05
4265,8,88.74,41.05
4971,8,88.74,41.05
12058,8,88.74,41.05
2393,8,88.74,41.05
4825,8,88.74,41.05
15465,8,88.74,41.05
2297,8,88.74,41.05
1816,8,88.75,41.05
825,8,88.75,41.05
975,8,88.75,41.05
24113,8,88.74,41.05
40192,8,88.74,41.04
46352,8,88.74,41.04
17373,8,88.74,41.05
31664,8,88.74,41.04
10150,8,88.74,41.05
54724,8,88.74,41.04
95403,8,88.74,41.04
67785,8,88.74,41.04
9446,8,88.74,41.04
3745,8,88.75,41.05
15798,8,88.74,41.04
2805,7.99,88.75,41.04
2041,7.99,88.75,41.04
85098,8,88.74,41.04
135665,8,88.74,41.04
112859,8,88.74,41.04
141137,8,88.74,41.04
137890,8,88.74,41.04
81712,8,88.74,41.04
21276,8,88.74,41.04
18467,8,88.74,41.04
3618,8,88.74,41.06
6390,8,88.74,41.06
4749,8,88.74,41.06
9368,8,88.74,41.06
2660,8,88.74,41.06
2238,8,88.74,41.06
898,8,88.75,41.06
827,8,88.75,41.06
1362,8,88.74,41.06
3603,8,88.74,41.06
4095,8,88.74,41.06
593,8,88.75,41.06
687,8,88.75,41.06
1082,8,88.74,41.07
1936,8,88.74,41.06
276,8,88.75,41.07
657,8,88.74,41.07
366,8,88.75,41.06
129,7.99,88.75,41.07
96,8,88.75,41.07
53,7.99,88.75,41.07
112,8,88.74,41.07
244,8,88.74,41.07
17,7.99,88.75,41.07
42,8,88.74,41.07
17,8,88.75,41.07
611,8,88.75,41.05
274,7.99,88.75,41.05
1090,8,88.75,41.05
374,7.99,88.75,41.05
284,8,88.75,41.05
218,7.99,88.75,41.05
378,8,88.75,41.05
225,7.99,88.75,41.05
478,7.99,88.75,41.04
3275,7.99,88.75,41.04
472,7.99,88.75,41.04
548,7.99,88.75,41.04
2765,7.99,88.75,41.04
373,7.99,88.75,41.04
283,8,88.75,41.06
189,7.99,88.75,41.06
301,8,88.75,41.06
215,7.99,88.75,41.06
209,8,88.75,41.06
122,7.99,88.75,41.06
132,8,88.75,41.06
71,7.99,88.75,41.06
22,7.99,88.75,41.06
36,7.99,88.75,41.06
40,7.99,88.75,41.07
20,7.99,88.75,41.07
12,7.99,88.75,41.07
7,7.99,88.75,41.07
9,7.99,88.75,41.07
4,7.99,88.75,41.07
5,7.99,88.75,41.07
3,7.99,88.75,41.07
3,7.99,88.75,41.07
2,7.98,88.75,41.07
2,7.99,88.75,41.07
2,7.98,88.75,41.07
2,7.99,88.75,41.07
4,7.98,88.75,41.06
7,7.98,88.75,41.06
15,7.99,88.75,41.06
3,7.98,88.75,41.06
5,7.98,88.75,41.06
10,7.99,88.75,41.06
7,7.99,88.75,41.06
2,7.98,88.75,41.07
3,7.99,88.75,41.07
2,7.98,88.75,41.07
2,7.99,88.75,41.07
2,7.98,88.75,41.07
2,7.98,88.75,41.07
3,7.99,88.75,41.07
3,7.99,88.75,41.07
55,7.99,88.75,41.06
11,7.99,88.75,41.06
67,7.99,88.75,41.06
4,7.98,88.75,41.06
24,7.99,88.75,41.06
9,7.98,88.75,41.06
5,7.98,88.75,41.06
30,7.99,88.75,41.06
11,7.98,88.75,41.06
4,7.99,88.75,41.07
3,7.99,88.75,41.07
3,7.99,88.75,41.07
6,7.99,88.75,41.07
2,7.99,88.75,41.08
2,7.99,88.75,41.07
2,7.99,88.75,41.07
2,7.99,88.75,41.07
2,7.99,88.75,41.07
137943,8,88.74,41.04
85700,8,88.74,41.03
28281,8,88.74,41.03
7283,8,88.74,41.03
1655,8,88.74,41.03
3992,7.99,88.74,41.03
9557,8,88.74,41.03
67175,8,88.74,41.03
40520,8,88.74,41.03
57,7.99,88.74,41.03
1482,7.99,88.74,41.03
466,7.99,88.75,41.03
237,7.99,88.74,41.03
2635,8,88.74,41.03
23,7.99,88.74,41.02
29,7.99,88.74,41.02
4,7.99,88.74,41.02
199,8,88.74,41.03
30,7.99,88.75,41.03
23,7.99,88.75,41.03
8,7.98,88.75,41.03
7,7.98,88.75,41.03
3,7.98,88.75,41.03
4,7.98,88.75,41.03
8,7.98,88.74,41.03
4,7.98,88.74,41.03
5,7.98,88.75,41.03
3,7.98,88.75,41.03
3,7.98,88.75,41.03
2,7.98,88.75,41.04
2,7.98,88.75,41.04
2,7.98,88.75,41.04
2,7.98,88.75,41.04
5,7.98,88.74,41.02
2,7.98,88.74,41.02
1377,7.99,88.75,41.03
189,7.99,88.75,41.03
636,7.99,88.75,41.03
18,7.99,88.75,41.03
95,7.99,88.75,41.03
4,7.98,88.74,41.02
3,7.99,88.74,41.02
8,7.99,88.75,41.02
124,7.99,88.75,41.04
147,7.99,88.75,41.04
21,7.99,88.75,41.04
106,7.99,88.75,41.04
16,7.99,88.75,41.04
89,7.99,88.75,41.04
8,7.98,88.75,41.04
10,7.98,88.75,41.04
3,7.98,88.75,41.04
6,7.98,88.75,41.04
3,7.98,88.75,41.04
6,7.98,88.75,41.04
64,7.99,88.75,41.04
85,7.99,88.75,41.04
15,7.99,88.75,41.04
14,7.99,88.75,41.04
8,7.98,88.75,41.04
9,7.98,88.75,41.04
3,7.98,88.75,41.04
6,7.98,88.75,41.04
3,7.98,88.75,41.04
6,7.98,88.75,41.04
74,7.99,88.75,41.05
88,7.99,88.75,41.05
35,7.99,88.75,41.05
13,7.98,88.75,41.05
38,7.99,88.75,41.05
14,7.98,88.75,41.05
6,7.98,88.75,41.05
108,7.99,88.75,41.05
160,7.99,88.75,41.05
39,7.99,88.75,41.05
43,7.99,88.75,41.05
12,7.98,88.75,41.05
14,7.98,88.75,41.05
3,7.98,88.75,41.05
10,7.98,88.75,41.05
6,7.98,88.75,41.05
3,7.98,88.75,41.05
8,7.98,88.75,41.05
3,7.98,88.75,41.06
3,7.98,88.75,41.06
2,7.98,88.75,41.06
3,7.98,88.75,41.06
2,7.98,88.75,41.06
2,7.98,88.75,41.06
2,7.98,88.75,41.06
2,7.98,88.75,41.06
2,7.98,88.75,41.05
3,7.98,88.75,41.05
2,7.97,88.75,41.05
2,7.98,88.75,41.05
2,7.98,88.75,41.05
2,7.97,88.76,41.06
2,7.97,88.76,41.06
2,7.97,88.76,41.06
2,7.98,88.76,41.07
4502,8,88.74,41.05
12065,8.01,88.74,41.05
9432,8.01,88.74,41.05
8020,8,88.74,41.05
15179,8.01,88.74,41.05
6757,8,88.74,41.05
3637,8,88.75,41.05
2284,8,88.74,41.05
9748,8,88.74,41.06
997,8,88.75,41.05
3109,8,88.74,41.05
1583,8,88.75,41.05
1569,8,88.75,41.05
439,8,88.75,41.05
770,8,88.75,41.05
18373,8,88.74,41.05
44875,8,88.74,41.04
33608,8,88.74,41.04
20378,8.01,88.74,41.05
101941,8,88.74,41.04
60043,8,88.74,41.04
39691,8,88.74,41.04
15581,8,88.74,41.05
22698,8,88.74,41.04
8069,8,88.75,41.05
74859,8,88.74,41.04
43679,8,88.74,41.04
6948,8,88.75,41.04
3035,8,88.75,41.05
11231,8,88.75,41.04
2340,8,88.75,41.04
1749,8,88.75,41.04
108867,8,88.74,41.04
63505,8,88.74,41.04
121961,8,88.74,41.04
56165,8,88.74,41.04
14361,8,88.75,41.04
12721,8,88.75,41.04
1940,8,88.74,41.06
5301,8,88.74,41.06
7467,8,88.74,41.06
2263,8,88.74,41.06
1057,8,88.75,41.06
1093,8,88.75,41.06
390,8,88.75,41.06
390,8,88.75,41.06
1295,8,88.75,41.06
815,8,88.75,41.06
2066,8,88.74,41.06
3411,8,88.74,41.06
319,8,88.75,41.06
466,8,88.75,41.06
342,8,88.75,41.07
1720,8,88.74,41.06
831,8,88.74,41.07
197,8,88.75,41.07
555,8,88.74,41.07
216,8,88.75,41.06
79,8,88.75,41.07
83,8,88.75,41.07
40,8,88.75,41.07
243,8,88.74,41.07
15,8,88.75,41.07
40,8,88.75,41.07
6,8,88.75,41.07
78,8,88.74,41.07
15,8,88.75,41.07
608,8,88.75,41.05
245,7.99,88.75,41.05
1027,8,88.75,41.05
385,7.99,88.75,41.05
200,8,88.75,41.05
117,7.99,88.75,41.05
349,8,88.75,41.05
164,7.99,88.75,41.05
549,7.99,88.75,41.04
2288,8,88.75,41.04
2738,8,88.75,41.04
521,7.99,88.75,41.04
548,7.99,88.75,41.04
417,7.99,88.75,41.04
93,7.99,88.75,41.04
122,7.99,88.75,41.04
142,8,88.75,41.06
90,7.99,88.75,41.06
155,8,88.75,41.06
100,7.99,88.75,41.06
116,8,88.75,41.06
66,7.99,88.75,41.06
81,8,88.75,41.06
43,7.99,88.75,41.06
14,7.99,88.75,41.06
22,7.99,88.75,41.06
27,7.99,88.75,41.07
15,7.99,88.75,41.07
9,7.99,88.75,41.07
6,7.99,88.75,41.07
7,8,88.75,41.08
8,7.99,88.75,41.07
4,7.99,88.75,41.07
4,7.99,88.75,41.07
4,7.99,88.75,41.07
3,7.99,88.75,41.07
3,7.99,88.76,41.07
2,7.98,88.76,41.07
3,7.98,88.75,41.06
5,7.99,88.75,41.06
3,7.98,88.75,41.06
4,7.99,88.75,41.06
2,7.98,88.75,41.06
3,7.98,88.75,41.06
6,7.99,88.75,41.06
4,7.99,88.75,41.06
5,7.99,88.75,41.06
4,7.99,88.76,41.07
3,7.99,88.76,41.07
3,7.98,88.76,41.07
39,7.99,88.75,41.06
34,7.99,88.75,41.06
16,7.99,88.75,41.06
10,7.99,88.75,41.06
20,7.99,88.75,41.06
7,7.99,88.75,41.06
9,7.99,88.75,41.06
3,7.98,88.75,41.06
7,7.99,88.75,41.06
4,7.98,88.75,41.06
8,7.99,88.75,41.06
3,7.98,88.75,41.06
3,7.98,88.75,41.06
3,7.99,88.75,41.07
4,7.99,88.75,41.07
2,7.99,88.75,41.08
3,7.99,88.75,41.08
2,7.99,88.75,41.08
2,7.99,88.75,41.07
3,7.99,88.76,41.07
2,7.99,88.75,41.08
2,7.98,88.76,41.08
2,7.98,88.76,41.08
100746,8,88.74,41.03
128146,8,88.74,41.04
54709,8,88.74,41.03
94242,8,88.74,41.03
35054,8,88.74,41.03
7683,8,88.75,41.03
6969,8,88.74,41.03
1764,8,88.74,41.03
15572,8,88.74,41.03
42250,8,88.74,41.03
339,7.99,88.75,41.03
3509,8,88.75,41.03
246,8,88.74,41.02
15,7.99,88.74,41.02
65,7.99,88.75,41.02
11,7.99,88.74,41.02
376,8,88.74,41.02
12,7.99,88.75,41.03
46,7.99,88.75,41.03
10,7.99,88.75,41.03
35,7.99,88.75,41.03
5,7.98,88.75,41.03
8,7.98,88.75,41.03
8,7.98,88.75,41.03
6,7.98,88.75,41.03
6,7.98,88.75,41.03
2,7.98,88.75,41.03
3,7.98,88.75,41.03
3,7.98,88.75,41.03
3,7.98,88.75,41.03
2,7.98,88.75,41.03
2,7.98,88.75,41.04
2,7.98,88.75,41.04
2,7.97,88.75,41.04
2,7.97,88.75,41.04
2,7.98,88.75,41.04
2,7.98,88.75,41.04
4,7.98,88.75,41.02
3,7.98,88.75,41.02
2,7.98,88.75,41.02
815,8,88.75,41.03
1525,8,88.75,41.03
244,7.99,88.75,41.03
133,7.99,88.75,41.03
70,7.99,88.75,41.03
47,7.99,88.75,41.03
43,7.99,88.75,41.03
5,7.99,88.75,41.02
17,7.99,88.75,41.02
3,7.98,88.75,41.02
178,7.99,88.75,41.04
197,7.99,88.75,41.04
26,7.99,88.75,41.04
4,7.98,88.75,41.04
23,7.99,88.75,41.04
5,7.98,88.75,41.04
73,7.99,88.75,41.05
57,7.99,88.75,41.05
28,7.99,88.75,41.05
36,7.99,88.75,41.05
14,7.99,88.75,41.05
18,7.99,88.75,41.05
5,7.98,88.75,41.05
13,7.99,88.75,41.05
7,7.98,88.75,41.05
17,7.99,88.75,41.05
4,7.98,88.75,41.05
5,7.98,88.75,41.05
3,7.98,88.75,41.05
3,7.98,88.75,41.05
154,7.99,88.75,41.05
111,7.99,88.75,41.05
49,7.99,88.75,41.05
54,7.99,88.75,41.05
25,7.99,88.75,41.05
27,7.99,88.75,41.05
21,7.99,88.75,41.05
22,7.99,88.75,41.05
5,7.98,88.75,41.05
2,7.98,88.76,41.07
3,7.98,88.76,41.06
2,7.98,88.76,41.06
3,7.98,88.76,41.07
2,7.97,88.75,41.05
2,7.97,88.76,41.07
2,7.97,88.76,41.07
2206,8.01,88.74,41.05
3965,8.01,88.74,41.05
10273,8.01,88.74,41.05
7996,8.01,88.74,41.05
8600,8.01,88.74,41.05
13289,8.01,88.74,41.05
17910,8.01,88.74,41.05
6865,8,88.75,41.05
3558,8,88.75,41.05
1466,8,88.75,41.05
715,8,88.75,41.05
2779,8,88.75,41.05
1507,8,88.75,41.05
1528,8,88.75,41.05
382,8,88.75,41.05
774,8,88.75,41.05
39276,8,88.74,41.04
17792,8.01,88.74,41.05
66769,8,88.74,41.04
30016,8.01,88.74,41.04
89668,8,88.74,41.04
99182,8,88.74,41.04
56132,8.01,88.74,41.04
32507,8,88.74,41.04
14359,8,88.75,41.05
15901,8,88.75,41.04
7970,8,88.75,41.05
57218,8,88.74,41.04
26959,8,88.75,41.04
5342,8,88.75,41.04
2817,8,88.75,41.05
7833,8,88.75,41.04
2041,8,88.75,41.04
1602,8,88.75,41.04
85174,8,88.74,41.04
37770,8,88.75,41.04
101171,8,88.74,41.04
39461,8,88.75,41.04
9996,8,88.75,41.04
9333,8,88.75,41.04
2056,8,88.75,41.04
2535,8,88.75,41.04
6186,8.01,88.74,41.06
4658,8.01,88.74,41.06
1026,8,88.75,41.06
4571,8.01,88.74,41.06
1143,8,88.75,41.06
520,8,88.75,41.06
506,8,88.75,41.06
250,8,88.75,41.06
211,8,88.75,41.06
800,8,88.75,41.06
442,8,88.75,41.06
502,8,88.75,41.06
1780,8.01,88.74,41.06
3002,8.01,88.74,41.06
176,8,88.75,41.06
306,8,88.75,41.06
243,8,88.75,41.07
675,8,88.74,41.07
128,8,88.75,41.06
128,8,88.75,41.07
50,8,88.75,41.07
62,8,88.75,41.07
29,8,88.75,41.07
202,8,88.74,41.07
25,8,88.75,41.07
14,8,88.75,41.07
7,8,88.75,41.07
54,8,88.75,41.07
15,8,88.75,41.08
1148,8,88.75,41.05
666,8,88.75,41.05
251,8,88.75,41.05
374,8,88.75,41.05
120,7.99,88.75,41.05
152,7.99,88.75,41.05
366,8,88.75,41.05
212,8,88.75,41.05
104,8,88.75,41.05
177,8,88.75,41.05
59,7.99,88.75,41.05
84,7.99,88.75,41.05
569,8,88.75,41.04
536,8,88.75,41.04
192,7.99,88.75,41.04
228,7.99,88.75,41.04
338,7.99,88.75,41.04
126,8,88.75,41.06
95,8,88.75,41.06
53,8,88.75,41.06
73,8,88.75,41.06
28,7.99,88.75,41.06
38,7.99,88.75,41.06
72,8,88.75,41.06
54,8,88.75,41.06
39,8,88.75,41.06
29,8,88.75,41.06
12,7.99,88.75,41.06
18,7.99,88.75,41.06
19,8,88.75,41.07
12,8,88.75,41.07
9,7.99,88.75,41.07
6,7.99,88.75,41.07
7,8,88.75,41.07
4,8,88.75,41.07
4,7.99,88.75,41.07
3,7.99,88.75,41.07
6,7.99,88.76,41.07
5,7.99,88.76,41.07
5,7.99,88.76,41.07
5,7.99,88.76,41.07
4,7.99,88.76,41.07
3,7.99,88.76,41.07
4,7.99,88.76,41.07
3,7.99,88.76,41.07
3,7.99,88.76,41.07
7,7.99,88.76,41.06
12,7.99,88.76,41.06
7,7.99,88.76,41.06
9,7.99,88.76,41.06
4,7.98,88.76,41.06
5,7.99,88.76,41.06
7,7.99,88.76,41.06
5,7.99,88.76,41.07
17,7.99,88.76,41.06
5,7.98,88.76,41.06
2,7.99,88.75,41.08
3,8,88.75,41.08
2,7.99,88.75,41.08
2,8,88.75,41.08
2,7.99,88.76,41.08
2,7.99,88.76,41.08
2,7.99,88.76,41.09
3,7.99,88.76,41.08
2,7.99,88.76,41.08
2,7.99,88.76,41.09
3,7.98,88.76,41.08
2,7.98,88.76,41.08
2,7.98,88.76,41.08
2,7.98,88.76,41.08
2,7.98,88.76,41.09
104244,8,88.74,41.03
68233,8,88.74,41.03
99325,8.01,88.74,41.03
41884,8.01,88.74,41.03
81979,8,88.74,41.03
30046,8,88.75,41.03
37396,8,88.74,41.03
14816,8,88.75,41.03
6721,8,88.75,41.03
3587,8,88.75,41.03
1579,8,88.75,41.03
922,8,88.75,41.03
4101,8,88.75,41.03
683,8,88.75,41.03
4112,8.01,88.74,41.03
409,8,88.75,41.02
27,7.99,88.75,41.02
113,8,88.75,41.02
26,8,88.74,41.02
6,7.99,88.74,41.02
62,8,88.74,41.02
663,8,88.74,41.02
2,7.99,88.74,41.01
17,7.99,88.75,41.03
13,7.99,88.75,41.03
9,7.99,88.75,41.02
4,7.98,88.75,41.03
5,7.98,88.75,41.03
2,7.97,88.75,41.03
2,7.97,88.75,41.03
3,7.98,88.75,41.03
3,7.98,88.75,41.03
2,7.98,88.75,41.03
2,7.97,88.75,41.04
2,7.97,88.75,41.04
3,7.98,88.75,41.02
2,7.98,88.75,41.02
2,7.98,88.75,41.02
2,7.98,88.75,41.01
2,7.98,88.75,41.02
191,7.99,88.75,41.03
96,7.99,88.75,41.03
3,7.99,88.75,41.01
3,7.99,88.74,41.01
10,7.99,88.75,41.02
38,7.99,88.75,41.02
2,7.98,88.75,41.01
6,7.99,88.75,41.02
59,7.99,88.76,41.04
11,7.98,88.76,41.04
4,7.98,88.76,41.04
60,7.99,88.76,41.04
11,7.98,88.76,41.04
4,7.98,88.76,41.04
32,7.99,88.76,41.05
9,7.98,88.76,41.05
3,7.98,88.76,41.05
53,7.99,88.76,41.05
12,7.98,88.76,41.05
4,7.98,88.76,41.05
2,7.98,88.75,41.01
2,7.98,88.75,41.01
3,7.99,88.75,41.01
2,7.99,88.74,41.01
4,7.98,88.76,41.07
2,7.98,88.76,41.07
2,7.97,88.77,41.08
2,7.97,88.77,41.08
5,7.98,88.76,41.07
5,7.98,88.76,41.06
3,7.97,88.76,41.06
4,7.98,88.76,41.06
2,7.97,88.76,41.06
3,7.98,88.76,41.07
2,7.97,88.76,41.05
2,7.97,88.76,41.05
2,7.97,88.76,41.06
2,7.97,88.76,41.06
2,7.97,88.76,41.07
2,7.97,88.76,41.07
2,5.05,92.77,41.5
1870,8.01,88.75,41.05
3940,8.01,88.75,41.05
7854,8.01,88.74,41.05
8989,8.01,88.75,41.05
17308,8.01,88.75,41.05
13751,8.01,88.74,41.05
6503,8.01,88.75,41.05
3351,8,88.75,41.05
12525,8.01,88.75,41.05
6954,8,88.75,41.05
1268,8.01,88.75,41.05
719,8,88.75,41.05
2836,8.01,88.75,41.05
1546,8,88.75,41.05
1557,8,88.75,41.05
2730,8,88.75,41.05
704,8,88.75,41.05
1217,8,88.75,41.05
432,8,88.75,41.05
830,8,88.75,41.05
242,8,88.75,41.05
415,8,88.75,41.05
34884,8.01,88.75,41.04
23848,8.01,88.74,41.04
39765,8.01,88.74,41.04
59601,8.01,88.74,41.04
21167,8,88.75,41.04
3245,8,88.75,41.04
33887,8,88.75,41.04
4206,8,88.75,41.04
1046,8.01,88.75,41.06
906,8.01,88.75,41.06
4513,8.01,88.74,41.06
2435,8.01,88.74,41.06
753,8.01,88.75,41.06
601,8.01,88.75,41.06
387,8,88.75,41.06
286,8,88.75,41.06
235,8,88.75,41.06
153,8,88.75,41.06
140,8,88.75,41.06
90,8,88.75,41.06
455,8.01,88.75,41.06
242,8,88.75,41.06
331,8.01,88.75,41.06
190,8,88.75,41.06
1880,8.01,88.74,41.06
112,8,88.75,41.06
88,8,88.75,41.06
59,8,88.75,41.06
46,8,88.75,41.06
169,8.01,88.75,41.07
135,8,88.75,41.07
621,8.01,88.75,41.07
48,8,88.75,41.07
17,8,88.75,41.07
48,8.01,88.75,41.07
6,8,88.75,41.08
15,8,88.75,41.08
6,8,88.75,41.08
281,8,88.75,41.05
135,8,88.75,41.05
463,8,88.75,41.04
500,8,88.75,41.04
61,8,88.75,41.06
29,8,88.75,41.06
14,8,88.75,41.07
7,8,88.75,41.07
10,7.99,88.76,41.07
6,7.99,88.76,41.07
6,7.99,88.76,41.07
17,7.99,88.76,41.06
7,7.99,88.76,41.06
9,7.99,88.76,41.07
31,7.99,88.76,41.06
12,7.99,88.76,41.06
4,8,88.76,41.08
3,8,88.76,41.08
2,8,88.75,41.08
4,7.99,88.76,41.08
3,7.99,88.76,41.08
2,8,88.75,41.09
2,7.99,88.76,41.09
5,7.99,88.76,41.08
3,7.99,88.76,41.08
3,7.99,88.76,41.09
2,7.99,88.76,41.09
2,7.99,88.76,41.09
2,7.98,88.76,41.09
4,7.99,88.77,41.08
3,7.98,88.77,41.08
3,7.99,88.77,41.08
2,7.98,88.77,41.08
3,7.99,88.77,41.09
2,7.98,88.77,41.09
2,7.98,88.77,41.09
78879,8.01,88.74,41.03
65085,8.01,88.75,41.03
44694,8.01,88.74,41.03
24666,8.01,88.75,41.03
24634,8,88.75,41.03
2788,8,88.75,41.03
6333,8,88.75,41.03
876,8,88.75,41.03
3230,8.01,88.75,41.02
4804,8.01,88.74,41.02
395,8.01,88.74,41.02
10,7.99,88.75,41.01
86,8,88.75,41.02
758,8,88.75,41.02
39,8,88.75,41.02
209,8,88.75,41.02
5,7.99,88.75,41.01
91,8,88.74,41.02
3,8,88.74,41.01
14,8,88.74,41.02
2,8,88.74,41
10,7.98,88.76,41.03
48,7.99,88.76,41.03
8,7.98,88.76,41.03
32,7.99,88.76,41.03
6,7.98,88.76,41.02
17,7.99,88.76,41.02
5,7.98,88.76,41.02
3,7.98,88.76,41.03
4,7.98,88.76,41.03
2,7.97,88.75,41.03
2,7.97,88.75,41.03
2,7.97,88.76,41.04
2,7.97,88.76,41.04
3,7.98,88.76,41.02
2,7.97,88.75,41.02
2,7.98,88.75,41.01
2,7.98,88.76,41.02
376,8,88.75,41.03
185,8,88.75,41.03
6,7.99,88.75,41.01
17,7.99,88.75,41.02
66,8,88.75,41.02
4,7.99,88.75,41.01
11,7.99,88.76,41.02
2,7.98,88.77,41.09
2,7.98,88.77,41.09
3,7.97,88.76,41.04
111,7.99,88.76,41.04
26,7.99,88.76,41.04
8,7.98,88.76,41.04
3,7.97,88.76,41.04
119,7.99,88.76,41.04
26,7.99,88.76,41.04
8,7.98,88.76,41.04
3,7.97,88.76,41.05
53,7.99,88.76,41.05
17,7.99,88.76,41.05
7,7.98,88.76,41.05
3,7.97,88.76,41.05
85,7.99,88.76,41.05
23,7.99,88.76,41.05
8,7.98,88.76,41.05
2,7.98,88.75,41.01
3,7.99,88.75,41.01
3,7.99,88.75,41.01
6,7.99,88.77,41.07
4,7.98,88.77,41.07
2,7.97,88.77,41.07
3,7.98,88.77,41.08
2,7.98,88.77,41.08
2,7.97,88.77,41.08
2,7.97,88.77,41.08
9,7.98,88.76,41.06
7,7.98,88.76,41.06
8,7.99,88.77,41.07
5,7.98,88.77,41.07
5,7.98,88.76,41.06
2,7.97,88.76,41.06
4,7.98,88.76,41.06
2,7.97,88.76,41.06
3,7.97,88.77,41.07
3,7.97,88.76,41.05
3,7.97,88.76,41.05
2,7.97,88.76,41.05
2,7.97,88.76,41.05
2,7.96,88.76,41.06
2,7.96,88.76,41.06
2,7.97,88.77,41.07
2,7.97,88.77,41.07
2,5.12,92.75,42.4
2,5.12,92.75,42.57
2,5.05,92.77,41.67
2,5.05,92.77,41.83
2,5.12,92.75,42.01
2,5.12,92.75,42.2
2,5.06,92.88,41.69
2,5.15,92.88,41.5
2,5.01,92.89,41.31
2,5.12,92.75,41.5
2,5.05,92.77,41.33
3700,8.01,88.75,41.05
6743,8.02,88.74,41.05
11656,8.01,88.75,41.05
12171,8.02,88.74,41.05
5904,8.01,88.75,41.05
1981,8.01,88.75,41.05
1419,8,88.75,41.05
603,8,88.75,41.05
21670,8.02,88.74,41.04
25586,8.01,88.75,41.04
19495,8.02,88.74,41.05
31990,8.02,88.74,41.04
41164,8.01,88.75,41.04
11680,8.01,88.75,41.04
2424,8,88.75,41.04
15374,8.01,88.75,41.04
2852,8,88.75,41.04
1016,8.01,88.75,41.06
400,8.01,88.75,41.06
3881,8.01,88.74,41.06
1912,8.01,88.74,41.06
904,8.01,88.75,41.07
572,8.01,88.75,41.06
222,8,88.75,41.06
224,8.01,88.75,41.06
88,8,88.75,41.06
40,8.01,88.75,41.07
173,8.01,88.75,41.07
97,8.01,88.75,41.07
575,8.01,88.75,41.07
43,8,88.75,41.07
20,8,88.75,41.07
6,8,88.76,41.08
9,8,88.76,41.08
15,8.01,88.75,41.08
52,8.01,88.75,41.08
7,8.01,88.75,41.08
335,8,88.76,41.05
203,8,88.76,41.05
509,8,88.76,41.04
569,8,88.76,41.04
102,8,88.76,41.06
48,8,88.76,41.06
24,8,88.76,41.07
13,8,88.76,41.07
19,8,88.76,41.07
12,8,88.76,41.07
10,8,88.77,41.07
31,8,88.76,41.06
14,7.99,88.76,41.06
15,8,88.77,41.07
54,8,88.76,41.06
21,7.99,88.76,41.06
7,8,88.76,41.08
5,8,88.76,41.08
3,8.01,88.75,41.09
8,8,88.76,41.08
5,8,88.76,41.08
4,8,88.76,41.09
3,8.01,88.75,41.09
4,8,88.76,41.09
2,8,88.75,41.09
7,8,88.77,41.08
5,8,88.77,41.08
4,8,88.77,41.09
2,8,88.75,41.09
3,8,88.76,41.09
2,7.98,88.76,41.1
2,7.99,88.76,41.09
2,7.99,88.77,41.09
3,8,88.77,41.09
6,7.99,88.77,41.08
4,7.99,88.77,41.08
5,7.99,88.77,41.08
3,7.99,88.77,41.08
4,7.99,88.77,41.09
3,7.99,88.77,41.09
3,7.99,88.77,41.09
2,7.99,88.77,41.09
63741,8.02,88.74,41.03
46482,8.01,88.75,41.03
46255,8.02,88.74,41.03
19027,8.01,88.75,41.03
12701,8.01,88.75,41.03
2188,8,88.75,41.03
4589,8.01,88.75,41.03
940,8,88.75,41.03
9755,8.02,88.74,41.03
2814,8.01,88.75,41.02
3483,8.01,88.74,41.02
900,8.01,88.75,41.02
278,8,88.75,41.02
345,8.01,88.75,41.02
488,8.02,88.74,41.02
34,8.01,88.74,41.01
116,8,88.75,41.02
14,8,88.75,41.01
54,8,88.75,41.02
8,8,88.75,41.01
9,8,88.74,41.01
178,8.01,88.75,41.02
84,8,88.75,41.02
5,8,88.75,41
3,8,88.74,41
7,7.98,88.76,41.03
6,7.98,88.76,41.03
22,7.99,88.76,41.03
95,7.99,88.76,41.03
16,7.99,88.76,41.03
58,7.99,88.76,41.03
5,7.98,88.76,41.02
12,7.99,88.76,41.02
33,7.99,88.76,41.02
4,7.98,88.76,41.02
4,7.98,88.76,41.01
8,7.99,88.76,41.02
3,7.97,88.76,41.03
3,7.97,88.76,41.03
2,7.97,88.76,41.03
2,7.97,88.76,41.03
3,7.97,88.76,41.04
3,7.97,88.76,41.04
2,7.97,88.76,41.04
2,7.97,88.76,41.04
2,7.97,88.76,41.02
2,7.97,88.76,41.02
2,7.98,88.76,41.01
2,7.98,88.76,41.01
2,7.97,88.76,41.02
445,8,88.76,41.03
241,8,88.76,41.03
104,8,88.76,41.02
10,7.99,88.75,41.01
29,8,88.75,41.02
8,7.99,88.76,41.01
20,7.99,88.76,41.02
6,7.99,88.75,41.01
5,7.99,88.76,41.01
46,8,88.76,41.02
12,7.99,88.77,41.07
9,7.99,88.77,41.07
2,7.98,88.77,41.09
2,7.98,88.77,41.09
2,7.98,88.77,41.09
2,7.98,88.77,41.09
153,8,88.76,41.04
153,8,88.76,41.04
6,7.98,88.76,41.04
45,7.99,88.76,41.04
16,7.98,88.76,41.04
6,7.98,88.76,41.04
46,7.99,88.76,41.04
16,7.98,88.76,41.04
87,8,88.76,41.05
123,8,88.76,41.05
5,7.98,88.76,41.05
31,7.99,88.76,41.05
13,7.98,88.76,41.05
6,7.98,88.76,41.05
40,7.99,88.76,41.05
15,7.98,88.76,41.05
3,7.98,88.76,41.01
2,7.99,88.75,41
2,8,88.74,40.99
2,7.97,88.78,41.09
2,7.97,88.78,41.09
2,7.97,88.77,41.09
5,7.97,88.77,41.05
4,7.97,88.77,41.05
5,7.99,88.77,41.07
3,7.98,88.77,41.07
4,7.98,88.77,41.07
2,7.97,88.77,41.07
4,7.98,88.77,41.08
3,7.98,88.77,41.08
2,7.98,88.77,41.08
2,7.98,88.77,41.08
2,7.97,88.78,41.08
2,7.97,88.78,41.08
2,7.97,88.77,41.08
2,7.97,88.77,41.08
15,7.99,88.77,41.06
11,7.99,88.77,41.06
7,7.98,88.77,41.06
6,7.98,88.77,41.06
7,7.99,88.77,41.07
5,7.98,88.77,41.06
6,7.98,88.77,41.06
2,7.97,88.77,41.06
4,7.97,88.77,41.06
2,7.97,88.77,41.06
3,7.97,88.77,41.06
3,7.97,88.77,41.07
2,7.96,88.77,41.05
2,7.96,88.77,41.06
2,7.96,88.77,41.06
2,7.96,88.77,41.06
2,7.96,88.77,41.06
2,7.96,88.77,41.07
2,7.96,88.77,41.07
2,5.12,92.71,42.4
2,5.12,92.71,42.57
2,5.23,92.97,41.66
2,5.15,92.88,41.66
2,5.12,92.75,41.67
2,5.16,92.88,41.82
2,5.12,92.75,41.84
2,5.12,92.71,42.01
2,5.12,92.71,42.2
2,5.12,92.71,41.5
2,4.96,93.37,41.43
2,5.02,93,41.43
2,5.23,92.97,41.5
2,5.23,92.85,41.5
2,5.15,92.88,41.34
2,5.12,92.71,41.34
2,5.12,92.75,41.34
2,5.05,92.77,41.07
3930,8.01,88.75,41.05
5881,8.02,88.74,41.06
9840,8.01,88.75,41.05
10868,8.02,88.74,41.05
6805,8.02,88.74,41.05
4040,8.01,88.75,41.05
1879,8.01,88.75,41.05
1173,8.01,88.76,41.05
633,8.01,88.76,41.05
17352,8.02,88.74,41.04
21344,8.02,88.75,41.04
18276,8.01,88.75,41.04
26618,8.02,88.74,41.04
28810,8.02,88.75,41.04
25973,8.01,88.75,41.04
6519,8.01,88.75,41.04
1773,8.01,88.76,41.04
7974,8.01,88.75,41.04
2038,8.01,88.76,41.04
1186,8.01,88.75,41.06
398,8.01,88.75,41.06
3447,8.02,88.74,41.06
1807,8.02,88.75,41.06
164,8.01,88.75,41.07
713,8.02,88.75,41.07
291,8.02,88.75,41.07
684,8.01,88.75,41.06
295,8.01,88.76,41.06
236,8.01,88.75,41.06
128,8.01,88.76,41.06
45,8.01,88.75,41.07
169,8.02,88.75,41.07
95,8.01,88.75,41.07
58,8.01,88.76,41.07
28,8.01,88.76,41.07
10,8.01,88.76,41.08
22,8.01,88.76,41.08
15,8.01,88.76,41.08
56,8.01,88.75,41.08
12,8.01,88.75,41.08
6,8.01,88.75,41.09
381,8.01,88.76,41.05
252,8.01,88.76,41.05
504,8.01,88.76,41.04
522,8.01,88.76,41.04
143,8.01,88.76,41.06
77,8.01,88.76,41.06
42,8.01,88.76,41.07
24,8.01,88.76,41.07
30,8,88.76,41.07
19,8,88.76,41.07
15,8,88.77,41.07
78,8,88.76,41.06
50,8,88.76,41.06
22,8,88.77,41.06
22,8,88.77,41.07
34,8,88.77,41.06
16,7.99,88.77,41.06
21,7.99,88.77,41.06
14,8.01,88.76,41.08
9,8.01,88.76,41.08
13,8,88.76,41.08
9,8,88.76,41.08
7,8.01,88.76,41.09
4,8.01,88.75,41.09
6,8,88.76,41.09
6,8.01,88.76,41.09
3,8.01,88.75,41.09
11,8,88.77,41.08
8,8,88.77,41.08
6,8,88.77,41.09
5,8,88.77,41.09
2,8,88.76,41.1
5,8,88.77,41.09
2,7.99,88.77,41.1
2,7.99,88.77,41.1
9,8,88.77,41.08
7,8,88.77,41.08
5,7.99,88.77,41.08
4,7.99,88.77,41.08
5,7.99,88.78,41.08
4,7.99,88.78,41.08
5,8,88.77,41.09
4,8,88.77,41.09
3,7.99,88.77,41.09
3,7.99,88.77,41.09
3,7.99,88.78,41.09
3,7.99,88.78,41.09
2,7.99,88.77,41.1
2,7.99,88.78,41.11
51746,8.02,88.74,41.03
34431,8.02,88.75,41.03
25860,8.01,88.75,41.03
44051,8.02,88.74,41.03
19154,8.02,88.75,41.03
11020,8.01,88.75,41.03
6917,8.01,88.75,41.03
1651,8.01,88.76,41.03
3107,8.01,88.75,41.03
845,8.01,88.76,41.03
7042,8.02,88.74,41.03
4824,8.02,88.75,41.02
2188,8.01,88.75,41.02
792,8.02,88.74,41.02
860,8.01,88.75,41.02
312,8.01,88.76,41.02
386,8.01,88.75,41.02
58,8.01,88.75,41.01
48,8.02,88.74,41.01
21,8,88.75,41.01
208,8.01,88.75,41.02
107,8.01,88.76,41.02
10,8.02,88.74,41
8,8,88.75,41
10,8.01,88.74,41
6,8.02,88.74,41
2,7.99,88.78,41.11
2,7.98,88.78,41.1
2,7.98,88.78,41.11
5,7.97,88.77,41.04
5,7.97,88.77,41.04
5,7.98,88.76,41.03
14,7.98,88.76,41.03
5,7.98,88.76,41.03
11,7.98,88.76,41.03
41,7.99,88.76,41.03
135,8,88.76,41.03
31,7.99,88.76,41.03
93,8,88.76,41.03
4,7.98,88.76,41.02
8,7.98,88.76,41.02
6,7.98,88.76,41.02
20,7.99,88.76,41.02
52,8,88.76,41.02
29,8,88.76,41.02
3,7.98,88.76,41.01
3,7.98,88.76,41.02
3,7.98,88.76,41.01
6,7.99,88.76,41.01
13,7.99,88.76,41.02
4,7.99,88.76,41.01
5,7.98,88.76,41.01
4,7.98,88.76,41.01
2,7.97,88.76,41.03
3,7.97,88.76,41.03
2,7.97,88.76,41.03
2,7.97,88.76,41.03
2,7.96,88.77,41.04
2,7.97,88.76,41.02
2,7.97,88.76,41.02
2,7.97,88.76,41.02
431,8.01,88.76,41.03
272,8.01,88.76,41.03
136,8.01,88.76,41.02
12,8,88.76,41.01
60,8.01,88.76,41.02
16,8,88.77,41.07
12,8,88.77,41.07
9,7.99,88.77,41.07
7,7.99,88.77,41.07
2,7.98,88.78,41.09
179,8,88.76,41.04
175,8,88.76,41.04
64,8,88.77,41.04
68,8,88.77,41.04
34,7.99,88.77,41.04
34,7.99,88.77,41.04
11,7.98,88.77,41.04
27,7.99,88.77,41.04
10,7.98,88.77,41.04
27,7.99,88.77,41.04
7,7.98,88.77,41.04
7,7.98,88.77,41.04
146,8,88.76,41.05
114,8,88.76,41.05
45,8,88.77,41.05
57,8,88.77,41.05
26,7.99,88.77,41.05
33,7.99,88.77,41.05
9,7.98,88.77,41.05
20,7.99,88.77,41.05
10,7.98,88.77,41.05
24,7.99,88.77,41.05
6,7.98,88.77,41.05
7,7.98,88.77,41.05
4,8.01,88.74,40.99
2,7.98,88.76,41
4,8,88.76,41
2,7.99,88.75,40.99
3,8,88.75,40.99
2,8,88.74,40.99
2,7.99,88.74,40.99
2,7.97,88.78,41.12
2,7.98,88.78,41.12
2,7.97,88.78,41.09
2,7.97,88.78,41.1
2,7.97,88.78,41.11
4,7.97,88.77,41.05
6,7.99,88.78,41.07
7,7.99,88.78,41.07
3,7.98,88.77,41.07
5,7.98,88.77,41.07
3,7.98,88.77,41.07
6,7.98,88.77,41.07
3,7.97,88.78,41.07
3,7.97,88.78,41.07
2,7.97,88.77,41.07
2,7.97,88.77,41.07
3,7.98,88.78,41.08
2,7.97,88.78,41.08
10,7.99,88.77,41.06
3,7.97,88.77,41.06
2,7.96,88.78,41.05
2,7.96,88.78,41.06
2,7.95,88.79,41.12
2,7.96,88.79,41.12
2,7.95,88.79,41.13
2,7.94,88.79,41.12
2,7.93,88.77,41.12
2,7.93,88.77,41.12
2,7.93,88.77,41.13
2,7.98,88.74,40.95
2,7.96,88.74,40.95
2,7.93,88.74,40.96
2,5.12,92.67,42.4
2,5.12,92.67,42.57
2,5.23,92.85,41.66
2,5.12,92.71,41.67
2,5.12,92.71,41.84
2,5.12,92.67,42.01
2,5.12,92.67,42.2
2,5.23,92.77,41.5
2,5.12,92.67,41.5
2,5.12,92.67,41.34
2,5.16,93.14,41.43
2,5.17,93.15,41.12
2,5.23,92.97,41.35
2,5.23,92.77,41.34
2,5.23,92.85,41.34
2,5.16,92.89,41.1
2,5.12,92.73,41.08
2,5.12,92.62,41.17
2,5.12,92.67,41.08
9048,8.02,88.75,41.05
5206,8.02,88.75,41.05
7402,8.02,88.75,41.05
3874,8.02,88.75,41.05
7373,8.03,88.74,41.05
2739,8.02,88.76,41.05
1636,8.02,88.76,41.05
1008,8.01,88.76,41.05
641,8.01,88.76,41.05
17663,8.03,88.74,41.04
14639,8.02,88.75,41.04
11485,8.02,88.75,41.04
19176,8.02,88.75,41.04
13532,8.02,88.75,41.04
4023,8.02,88.76,41.04
1358,8.01,88.76,41.04
4612,8.02,88.76,41.04
1457,8.01,88.76,41.04
1367,8.02,88.75,41.06
476,8.02,88.75,41.06
2578,8.03,88.75,41.06
184,8.02,88.75,41.07
97,8.02,88.76,41.07
564,8.02,88.75,41.07
766,8.02,88.76,41.06
352,8.01,88.76,41.06
317,8.02,88.76,41.06
180,8.01,88.76,41.06
129,8.02,88.76,41.07
93,8.01,88.76,41.07
64,8.02,88.76,41.07
49,8.01,88.76,41.07
148,8.02,88.75,41.08
34,8.01,88.76,41.08
27,8.01,88.76,41.08
18,8.01,88.76,41.08
39,8.02,88.75,41.08
14,8.01,88.76,41.09
16,8.02,88.75,41.09
381,8.01,88.76,41.05
279,8.01,88.76,41.05
129,8.01,88.77,41.05
160,8.01,88.77,41.05
459,8.01,88.76,41.04
473,8.01,88.76,41.04
183,8.01,88.77,41.04
187,8.01,88.77,41.04
178,8.01,88.76,41.06
108,8.01,88.76,41.06
65,8.01,88.77,41.06
96,8.01,88.77,41.06
63,8.01,88.76,41.07
38,8.01,88.76,41.07
42,8.01,88.77,41.07
28,8.01,88.77,41.07
29,8,88.77,41.07
21,8,88.77,41.07
21,8,88.78,41.07
16,8,88.78,41.07
35,8,88.77,41.06
24,8.01,88.76,41.08
16,8.01,88.76,41.08
19,8.01,88.77,41.08
13,8.01,88.77,41.08
11,8.01,88.76,41.09
10,8.01,88.77,41.09
9,8.01,88.77,41.09
8,8.01,88.77,41.09
5,8.01,88.76,41.1
15,8,88.77,41.08
11,8,88.77,41.08
12,8,88.78,41.08
9,8,88.78,41.08
8,8,88.77,41.09
6,8,88.77,41.09
7,8,88.78,41.09
6,8,88.78,41.09
5,8.01,88.77,41.1
4,8.01,88.76,41.1
3,8.01,88.76,41.11
4,8,88.77,41.1
3,8,88.77,41.11
2,8.01,88.76,41.11
7,7.99,88.78,41.08
5,7.99,88.78,41.09
3,7.99,88.78,41.1
2,7.99,88.78,41.11
37988,8.03,88.74,41.03
20968,8.02,88.75,41.03
12132,8.02,88.75,41.03
11877,8.02,88.75,41.03
6076,8.02,88.75,41.03
3953,8.02,88.76,41.03
1193,8.01,88.76,41.03
2099,8.02,88.76,41.03
699,8.01,88.76,41.03
3978,8.03,88.74,41.02
2760,8.02,88.75,41.02
1708,8.02,88.75,41.02
538,8.02,88.75,41.02
427,8.02,88.75,41.02
725,8.02,88.76,41.02
313,8.01,88.76,41.02
235,8.02,88.76,41.02
126,8.01,88.76,41.02
198,8.03,88.74,41.01
69,8.02,88.75,41.01
40,8.01,88.76,41.01
24,8.03,88.74,41
19,8.02,88.75,41
11,8.01,88.76,41
11,8.02,88.76,40.99
12,8.02,88.74,40.99
2,8.01,88.74,40.98
2,8.01,88.77,41.12
2,7.99,88.78,41.12
3,7.99,88.79,41.1
2,7.97,88.79,41.1
2,7.99,88.79,41.11
2,7.97,88.79,41.11
4,7.97,88.77,41.03
4,7.97,88.77,41.03
4,7.97,88.77,41.04
3,7.97,88.77,41.02
3,7.97,88.77,41.02
9,7.98,88.77,41.03
23,7.99,88.77,41.03
8,7.98,88.77,41.03
17,7.99,88.77,41.03
7,7.98,88.77,41.03
6,7.98,88.77,41.03
58,8,88.77,41.03
159,8,88.76,41.03
44,8,88.77,41.03
114,8,88.76,41.03
31,7.99,88.77,41.03
24,7.99,88.77,41.03
6,7.98,88.77,41.02
13,7.99,88.77,41.02
5,7.98,88.77,41.02
9,7.99,88.77,41.02
5,7.98,88.77,41.02
4,7.98,88.77,41.02
28,8,88.77,41.02
66,8,88.76,41.02
18,8,88.77,41.02
36,8,88.76,41.02
17,7.99,88.77,41.02
13,7.99,88.77,41.02
2,7.98,88.77,41.01
7,7.99,88.77,41.01
2,7.96,88.77,41.03
2,7.96,88.78,41.04
401,8.01,88.76,41.03
273,8.01,88.76,41.03
121,8.01,88.77,41.03
166,8.01,88.77,41.03
146,8.01,88.76,41.02
73,8.01,88.76,41.02
76,8.01,88.77,41.02
46,8.01,88.77,41.02
19,8.01,88.76,41.01
11,7.99,88.78,41.07
5,7.99,88.79,41.08
4,7.99,88.79,41.09
2,7.97,88.79,41.09
62,8,88.77,41.04
14,7.99,88.77,41.04
53,8,88.77,41.05
13,7.99,88.77,41.05
16,7.99,88.78,41.06
2,7.98,88.76,40.99
5,8.01,88.76,40.99
7,8.01,88.76,41
3,7.99,88.77,41
2,7.98,88.77,41
2,7.96,88.74,40.97
2,8,88.76,40.98
2,7.99,88.76,40.98
3,8,88.76,40.99
2,8,88.74,40.98
2,7.98,88.74,40.97
2,7.97,88.79,41.13
2,7.97,88.79,41.12
2,7.99,88.79,41.12
2,7.98,88.79,41.12
2,7.96,88.79,41.13
2,7.97,88.8,41.12
2,7.97,88.8,41.1
2,7.97,88.8,41.11
2,7.96,88.79,41.09
2,7.95,88.78,41.11
2,7.96,88.79,41.1
2,7.96,88.79,41.11
2,7.93,88.78,41.1
2,7.92,88.76,41.1
2,7.94,88.78,41.1
2,7.93,88.78,41.11
2,7.94,88.78,41.11
2,7.92,88.77,41.11
2,7.92,88.76,41.09
2,7.92,88.76,41.1
2,7.89,88.76,41.09
6,7.98,88.78,41.05
3,7.97,88.78,41.05
4,7.98,88.78,41.07
2,7.97,88.78,41.07
3,7.97,88.79,41.08
2,7.96,88.79,41.08
6,7.98,88.78,41.06
3,7.97,88.78,41.06
2,7.97,88.8,41.09
2,7.95,88.78,41.06
2,7.89,88.76,41.07
2,7.91,88.74,40.97
2,7.89,88.75,40.97
2,7.94,88.77,41.13
2,7.95,88.79,41.12
2,7.95,88.8,41.12
2,7.95,88.8,41.13
2,7.95,88.79,41.13
2,7.95,88.78,41.15
2,7.91,88.77,41.12
2,7.93,88.79,41.12
2,7.93,88.79,41.12
2,7.93,88.79,41.13
2,7.92,88.77,41.13
2,7.92,88.78,41.14
2,8,88.74,40.95
2,7.98,88.76,40.95
2,7.97,88.74,40.95
2,7.94,88.74,40.95
2,7.92,88.74,40.95
2,7.89,88.75,40.95
2,7.89,88.75,40.94
2,7.92,88.74,40.93
2,7.97,88.74,40.93
2,7.94,88.74,40.93
2,5.12,92.62,42.4
2,5.12,92.62,42.57
2,5.23,92.77,41.66
2,5.12,92.67,41.67
2,5.12,92.67,41.84
2,5.12,92.62,42.01
2,5.12,92.62,42.2
2,5.23,92.69,41.5
2,5.12,92.62,41.5
2,5.23,92.69,41.34
2,5.12,92.62,41.34
2,5.12,92.56,41.17
2,5.07,92.55,41.17
2,5.23,92.8,41.1
2,5.31,92.69,41.35
3,5.23,92.58,41.18
2,5.23,92.69,41.1
2,5.12,92.62,40.99
2,5.07,92.55,40.99
2,5.12,92.56,40.99
14621,8.04,88.75,41.04
7855,8.04,88.75,41.05
3943,8.03,88.76,41.05
6200,8.03,88.75,41.05
1111,8.02,88.76,41.05
6499,8.03,88.76,41.04
1564,8.02,88.76,41.04
2635,8.04,88.75,41.06
1233,8.02,88.76,41.06
322,8.02,88.76,41.07
728,8.03,88.75,41.07
500,8.02,88.76,41.06
169,8.02,88.76,41.07
106,8.02,88.76,41.08
150,8.03,88.75,41.08
63,8.02,88.76,41.08
30,8.02,88.77,41.09
26,8.03,88.76,41.09
11,8.03,88.76,41.1
256,8.01,88.77,41.05
306,8.01,88.77,41.04
151,8.01,88.77,41.06
71,8.01,88.77,41.07
32,8.01,88.78,41.07
52,8.01,88.78,41.06
33,8.01,88.77,41.08
17,8.01,88.77,41.09
18,8.01,88.78,41.08
11,8.01,88.78,41.09
9,8.01,88.77,41.1
5,8.02,88.76,41.1
6,8.01,88.78,41.11
4,8.02,88.76,41.11
7,8.01,88.78,41.1
4,8.01,88.78,41.11
11,8,88.79,41.08
7,8,88.79,41.09
5,8,88.79,41.1
3,8,88.79,41.11
3825,8.04,88.74,41.02
27986,8.04,88.74,41.03
5461,8.03,88.76,41.03
1143,8.02,88.76,41.03
981,8.03,88.76,41.02
307,8.02,88.76,41.02
303,8.04,88.74,41.01
46,8.04,88.74,41
125,8.03,88.76,41.01
67,8.02,88.76,41.01
29,8.03,88.76,41
19,8.02,88.76,41
15,8.04,88.74,41
11,8.03,88.74,40.99
11,8.03,88.76,40.99
3,8.01,88.76,40.98
5,8.03,88.74,40.99
4,8.02,88.74,40.99
2,8.01,88.74,40.97
3,8.01,88.78,41.12
2,8.01,88.77,41.12
3,8.02,88.77,41.12
2,8.01,88.77,41.13
3,8,88.79,41.12
2,8,88.79,41.13
2,8.01,88.77,41.13
2,8.02,88.74,40.95
4,7.99,88.79,41.1
2,7.98,88.79,41.1
3,7.99,88.79,41.11
2,7.98,88.79,41.11
3,7.97,88.77,41.03
7,7.98,88.78,41.04
3,7.97,88.78,41.04
3,7.97,88.77,41.02
11,7.99,88.77,41.03
49,8,88.77,41.03
7,7.99,88.77,41.02
26,8,88.77,41.02
2,7.97,88.77,41.01
4,7.99,88.77,41.01
11,8,88.77,41.01
2,7.96,88.78,41.03
233,8.01,88.77,41.03
97,8.01,88.77,41.02
31,8.01,88.77,41.01
8,7.99,88.79,41.06
7,7.99,88.79,41.07
17,8,88.79,41.07
7,7.99,88.79,41.08
4,7.98,88.79,41.08
5,7.99,88.79,41.09
3,7.98,88.79,41.09
79,8.01,88.78,41.04
21,7.99,88.78,41.04
73,8.01,88.78,41.05
20,7.99,88.78,41.05
23,8,88.79,41.06
10,7.99,88.79,41.05
2,7.97,88.77,41
2,7.99,88.77,40.99
8,8.02,88.76,40.99
4,8.01,88.76,40.99
12,8.01,88.77,41
6,8,88.77,41
3,7.99,88.77,41
2,7.94,88.74,40.97
2,7.97,88.74,40.97
2,8,88.76,40.98
2,7.99,88.77,40.98
2,8,88.74,40.97
3,8.01,88.76,40.98
2,7.99,88.79,41.12
2,7.98,88.79,41.12
2,7.99,88.79,41.13
2,7.96,88.79,41.13
2,7.97,88.79,41.13
2,7.97,88.8,41.13
2,7.98,88.79,41.13
2,7.97,88.8,41.12
2,7.97,88.8,41.13
2,7.96,88.8,41.12
2,7.96,88.8,41.13
2,7.96,88.78,41.15
4,7.96,88.79,41.17
2,7.97,88.8,41.1
2,7.97,88.8,41.11
2,7.96,88.8,41.1
2,7.96,88.8,41.11
2,7.95,88.79,41.09
2,7.95,88.8,41.09
2,7.95,88.79,41.1
2,7.95,88.79,41.11
2,7.95,88.8,41.1
2,7.95,88.8,41.11
2,7.92,88.79,41.09
2,7.93,88.79,41.09
2,7.92,88.79,41.1
2,7.93,88.79,41.1
2,7.93,88.79,41.11
2,7.93,88.79,41.11
2,7.92,88.77,41.11
2,7.91,88.78,41.08
2,7.92,88.78,41.09
2,7.9,88.76,41.09
2,7.92,88.78,41.1
2,7.91,88.77,41.11
2,7.89,88.79,41.08
3,7.88,88.77,41.09
3,7.88,88.77,41.11
4,7.97,88.79,41.05
2,7.96,88.79,41.05
2,7.96,88.79,41.04
3,7.97,88.79,41.07
2,7.96,88.79,41.07
2,7.97,88.8,41.08
2,7.95,88.8,41.08
4,7.97,88.79,41.06
2,7.96,88.79,41.06
3,7.97,88.8,41.08
3,7.97,88.8,41.09
2,7.96,88.8,41.09
2,7.9,88.76,41.07
2,7.87,88.76,41.05
2,7.87,88.76,41.05
2,7.89,88.78,41.06
2,7.87,88.76,41.07
2,7.87,88.76,41.03
2,7.87,88.75,40.99
2,7.87,88.75,40.97
2,7.94,88.8,41.12
2,7.95,88.8,41.12
3,7.94,88.8,41.13
3,7.95,88.8,41.13
3,7.95,88.8,41.14
3,7.93,88.78,41.15
4,7.9,88.78,41.14
3,7.91,88.8,41.12
3,7.89,88.78,41.13
3,7.92,88.8,41.12
4,7.92,88.81,41.14
5,7.91,88.78,41.15
5,7.87,88.78,41.13
6,7.93,88.79,41.17
10,7.91,88.79,41.17
2,8,88.74,40.93
2,8,88.77,40.95
2,7.99,88.74,40.93
2,7.87,88.75,40.95
2,7.89,88.75,40.92
2,7.89,88.78,40.93
2,7.88,88.75,40.93
2,7.87,88.75,40.94
2,7.92,88.78,40.93
2,7.94,88.77,40.93
2,7.97,88.77,40.93
2,7.92,88.74,40.92
3,7.93,88.74,40.91
3,7.97,88.74,40.92
3,7.95,88.74,40.92
3,7.89,88.75,40.9
6,7.52,88.56,40.5
6,7.63,88.53,40.43
6,7.64,88.54,40.38
2,5.12,92.56,42.4
2,5.12,92.56,42.56
2,5.07,92.55,42.58
2,5.07,92.55,42.39
2,5.23,92.69,41.66
2,5.12,92.62,41.67
2,5.23,92.69,41.82
2,5.12,92.62,41.84
2,4.78,92.55,42.03
2,5.08,92.55,42.01
2,5.12,92.56,42.01
2,5.08,92.55,42.19
2,5.12,92.56,42.2
2,5.08,92.55,41.5
2,5.23,92.58,41.5
2,5.12,92.56,41.5
2,5.07,92.55,41.34
2,5.34,92.58,41.35
3,5.23,92.58,41.34
2,5.12,92.56,41.34
3,5.23,92.47,41.18
2,4.88,92.54,41.09
3,5.18,92.43,41.18
2,5.34,92.58,41.19
2,5.31,92.69,41.11
2,5.23,92.58,41.02
3,5.18,92.43,41.02
3,5.23,92.47,41.02
3005,8.04,88.76,41.05
3876,8.04,88.76,41.04
12486,8.05,88.75,41.04
6014,8.05,88.75,41.05
2564,8.04,88.75,41.06
1151,8.04,88.75,41.07
2271,8.03,88.76,41.05
756,8.03,88.77,41.05
2926,8.03,88.76,41.04
886,8.03,88.77,41.04
1090,8.03,88.76,41.06
404,8.03,88.76,41.07
682,8.04,88.75,41.07
445,8.03,88.77,41.06
209,8.03,88.77,41.07
153,8.03,88.77,41.08
223,8.04,88.75,41.08
94,8.03,88.77,41.08
43,8.03,88.77,41.09
31,8.03,88.76,41.09
81,8.04,88.76,41.09
23,8.03,88.77,41.1
16,8.03,88.76,41.1
9,8.03,88.76,41.11
228,8.02,88.78,41.05
248,8.02,88.78,41.04
160,8.02,88.78,41.06
92,8.02,88.78,41.07
42,8.01,88.78,41.07
63,8.01,88.78,41.06
49,8.02,88.78,41.08
26,8.02,88.78,41.09
26,8.01,88.78,41.08
16,8.01,88.78,41.09
14,8.02,88.78,41.1
8,8.02,88.78,41.11
5,8.03,88.76,41.11
10,8.01,88.78,41.1
6,8.01,88.78,41.11
15,8.01,88.79,41.08
10,8.01,88.79,41.09
7,8.01,88.79,41.1
5,8.01,88.79,41.11
3793,8.04,88.76,41.03
687,8.04,88.76,41.02
3272,8.05,88.74,41.02
19317,8.05,88.75,41.03
2343,8.03,88.76,41.03
664,8.03,88.77,41.03
640,8.03,88.76,41.02
248,8.03,88.77,41.02
134,8.04,88.76,41.01
350,8.05,88.74,41.01
42,8.04,88.76,41
54,8.05,88.74,41
142,8.03,88.76,41.01
75,8.03,88.77,41.01
40,8.03,88.76,41
26,8.03,88.77,41
18,8.04,88.76,40.99
14,8.05,88.74,40.99
14,8.03,88.76,40.99
11,8.03,88.77,40.99
7,8.04,88.74,40.99
4,8.02,88.76,40.98
2,8.01,88.76,40.97
6,8.02,88.76,40.98
6,8.03,88.76,40.98
5,8.03,88.77,40.98
3,8.03,88.74,40.97
6,8.02,88.78,41.11
4,8.01,88.79,41.12
3,8.02,88.77,41.13
4,8.03,88.77,41.12
3,8.01,88.79,41.13
2,8.02,88.77,41.13
4,8.01,88.79,41.12
2,7.99,88.79,41.13
3,8.01,88.79,41.13
2,8,88.78,41.14
7,7.75,88.53,40.42
7,7.76,88.52,40.38
7,7.75,88.54,40.38
2,8.03,88.77,40.95
3,8.02,88.74,40.94
3,8.04,88.74,40.95
3,8.05,88.74,40.96
5,8,88.8,41.1
3,7.99,88.8,41.1
4,8,88.8,41.11
3,7.99,88.8,41.11
2,7.97,88.78,41.03
6,7.98,88.78,41.03
10,7.99,88.79,41.04
4,7.97,88.79,41.04
2,7.97,88.78,41.02
4,7.98,88.78,41.02
17,7.99,88.78,41.03
62,8.01,88.78,41.03
11,7.99,88.78,41.02
34,8.01,88.78,41.02
2,7.97,88.78,41.01
3,7.98,88.78,41.01
7,7.99,88.78,41.01
17,8.01,88.78,41.01
2,7.96,88.79,41.02
2,7.96,88.79,41.03
190,8.02,88.78,41.03
91,8.02,88.78,41.02
38,8.02,88.78,41.01
17,8.02,88.78,41
5,7.98,88.79,41.06
12,7.99,88.79,41.06
5,7.98,88.79,41.07
10,7.99,88.79,41.07
22,8.01,88.79,41.07
9,8,88.8,41.08
5,7.99,88.8,41.08
7,8,88.8,41.09
4,7.99,88.8,41.09
6,7.98,88.79,41.05
79,8.01,88.78,41.04
28,8,88.79,41.04
78,8.01,88.78,41.05
28,8,88.79,41.05
29,8.01,88.79,41.06
13,7.99,88.79,41.05
2,7.98,88.78,41
2,7.99,88.77,40.99
3,8,88.77,40.99
6,8.01,88.77,40.99
9,8.01,88.78,41
4,7.99,88.78,41
2,8,88.77,40.98
2,7.99,88.77,40.98
8,8.02,88.78,40.99
2,8,88.77,40.97
3,8.01,88.77,40.98
4,8.02,88.78,40.98
3,8,88.8,41.12
2,7.99,88.8,41.12
3,8,88.8,41.13
2,7.97,88.8,41.14
2,7.99,88.8,41.13
2,7.99,88.78,41.15
3,7.99,88.79,41.17
2,7.98,88.81,41.12
2,7.98,88.81,41.13
2,7.97,88.81,41.12
2,7.97,88.81,41.13
2,7.96,88.82,41.12
3,7.96,88.82,41.13
2,7.95,88.81,41.12
3,7.95,88.81,41.13
3,7.96,88.81,41.14
5,7.98,88.79,41.17
5,7.96,88.81,41.16
8,7.95,88.79,41.17
17,7.95,88.79,41.19
3,7.98,88.81,41.1
2,7.98,88.81,41.11
2,7.97,88.81,41.1
2,7.97,88.81,41.11
2,7.96,88.82,41.1
2,7.96,88.82,41.11
2,7.95,88.81,41.1
2,7.95,88.81,41.11
2,7.94,88.8,41.08
2,7.94,88.8,41.09
2,7.95,88.8,41.09
2,7.95,88.8,41.08
2,7.94,88.8,41.1
2,7.94,88.8,41.11
2,7.95,88.8,41.1
2,7.95,88.8,41.11
2,7.92,88.8,41.08
2,7.92,88.8,41.1
2,7.9,88.79,41.08
2,7.91,88.79,41.1
3,7.89,88.77,41.11
3,7.88,88.8,41.1
3,7.88,88.79,41.08
3,7.86,88.77,41.09
4,7.87,88.77,41.11
4,7.85,88.77,41.09
4,7.97,88.8,41.05
2,7.95,88.8,41.05
3,7.97,88.8,41.05
2,7.95,88.8,41.04
3,7.97,88.8,41.04
4,7.97,88.8,41.06
3,7.97,88.8,41.07
2,7.95,88.8,41.07
3,7.97,88.8,41.07
2,7.96,88.8,41.08
2,7.95,88.8,41.06
3,7.97,88.8,41.06
4,7.98,88.81,41.08
3,7.98,88.81,41.09
2,7.97,88.81,41.08
2,7.97,88.81,41.09
2,7.96,88.82,41.08
2,7.96,88.82,41.09
2,7.95,88.81,41.08
2,7.95,88.81,41.09
2,7.95,88.8,41.05
2,7.95,88.8,41.07
2,7.95,88.8,41.06
2,7.94,88.8,41.07
2,7.92,88.8,41.07
2,7.9,88.79,41.07
2,7.86,88.79,41.04
2,7.85,88.76,41.05
2,7.88,88.79,41.05
2,7.88,88.79,41.06
3,7.85,88.77,41.07
2,7.85,88.76,41.01
2,7.85,88.76,41.03
2,7.85,88.76,40.99
2,7.85,88.75,40.97
3,7.93,88.81,41.12
4,7.93,88.81,41.14
6,7.89,88.81,41.14
8,7.88,88.78,41.15
4,7.89,88.81,41.12
5,7.88,88.78,41.13
4,7.91,88.82,41.12
6,7.91,88.82,41.14
6,7.87,88.81,41.12
9,7.85,88.78,41.13
12,7.86,88.79,41.15
7,7.93,88.82,41.16
12,7.92,88.79,41.17
9,7.91,88.82,41.16
16,7.9,88.79,41.17
14,7.88,88.79,41.16
4,7.83,88.77,41.05
2,7.83,88.76,41.01
2,7.83,88.76,41.03
2,7.83,88.76,40.99
2,7.83,88.76,40.98
2,7.75,88.76,40.99
3,8,88.74,40.92
3,8.02,88.74,40.93
2,8,88.77,40.93
2,8.01,88.78,40.95
3,7.99,88.74,40.91
2,7.99,88.78,40.93
2,7.75,88.76,40.95
2,7.85,88.75,40.96
2,7.83,88.76,40.96
2,7.83,88.76,40.94
3,7.91,88.75,40.91
2,7.89,88.78,40.91
3,7.88,88.75,40.92
3,7.87,88.75,40.9
2,7.85,88.75,40.94
2,7.86,88.79,40.93
3,7.87,88.75,40.92
3,7.83,88.75,40.91
3,7.79,88.75,40.92
2,7.75,88.74,40.92
5,7.77,88.71,40.84
2,7.92,88.78,40.91
2,7.94,88.78,40.91
2,7.97,88.78,40.91
2,7.93,88.79,40.91
3,7.92,88.75,40.9
3,7.93,88.74,40.9
3,7.97,88.74,40.9
3,7.95,88.74,40.9
3,7.96,88.74,40.91
5,7.83,88.72,40.84
3,7.91,88.75,40.9
2,7.89,88.78,40.89
4,7.88,88.74,40.87
4,7.83,88.74,40.88
10,7.64,88.55,40.5
7,7.7,88.54,40.46
5,7.54,88.63,40.68
4,7.6,88.67,40.77
8,7.71,88.68,40.76
7,7.74,88.7,40.8
7,7.79,88.7,40.8
6,7.77,88.71,40.81
2,7.71,88.75,40.96
4,7.47,88.6,40.59
2,7.43,88.61,40.63
9,7.58,88.57,40.53
6,7.54,88.61,40.62
8,7.6,88.63,40.64
5,7.48,88.57,40.54
6,7.52,88.59,40.5
3,7.3,88.53,40.43
5,7.52,88.53,40.43
2,7.42,88.56,40.51
7,7.64,88.57,40.44
6,7.58,88.54,40.45
7,7.69,88.58,40.38
6,7.58,88.59,40.38
7,7.64,88.65,40.38
5,7.52,88.54,40.38
3,7.3,88.55,40.38
2,4.61,92.37,41.42
2,4.89,92.54,42.46
7,7.83,88.52,40.38
2,4.78,92.55,41.75
2,5.08,92.55,41.67
2,5.23,92.58,41.66
2,5.12,92.56,41.67
2,5.08,92.55,41.84
2,5.23,92.58,41.82
2,5.12,92.56,41.84
2,4.92,92.55,42.11
2,4.83,92.42,42.02
2,4.91,92.54,41.4
2,4.83,92.41,41.47
2,5.18,92.43,41.5
2,5.23,92.47,41.5
3,5.18,92.43,41.34
3,5.23,92.47,41.34
3,5.34,92.38,41.19
3,5.29,92.32,41.19
2,4.97,92.4,41.11
2,4.83,92.06,41.11
2,7.49,88.66,40.77
2,7.49,88.63,40.71
2,5.34,92.58,41.04
3,5.29,92.32,41.04
2,5.34,92.38,41.04
2,5.42,92.46,41.04
2,5.08,92.24,40.82
2,5.04,91.83,40.85
1771,8.05,88.76,41.05
2068,8.05,88.76,41.04
10183,8.06,88.75,41.04
5780,8.05,88.75,41.05
993,8.05,88.76,41.06
533,8.05,88.77,41.07
2532,8.05,88.75,41.06
943,8.05,88.75,41.07
1218,8.04,88.77,41.05
497,8.03,88.78,41.05
1311,8.04,88.77,41.04
516,8.03,88.78,41.04
797,8.04,88.77,41.06
398,8.04,88.77,41.07
358,8.03,88.78,41.06
208,8.03,88.78,41.07
381,8.05,88.76,41.08
177,8.04,88.77,41.08
231,8.05,88.76,41.08
108,8.03,88.78,41.08
85,8.04,88.77,41.09
56,8.03,88.78,41.09
97,8.05,88.76,41.09
29,8.03,88.78,41.1
19,8.04,88.76,41.1
17,8.03,88.78,41.11
37,8.05,88.76,41.1
11,8.04,88.77,41.11
184,8.03,88.78,41.05
186,8.03,88.78,41.04
147,8.03,88.78,41.06
98,8.03,88.78,41.07
47,8.02,88.79,41.07
64,8.02,88.79,41.06
59,8.03,88.78,41.08
33,8.03,88.78,41.09
32,8.02,88.79,41.08
20,8.02,88.79,41.09
20,8.03,88.78,41.1
12,8.03,88.78,41.11
13,8.02,88.79,41.1
9,8.02,88.79,41.11
18,8.02,88.8,41.08
13,8.02,88.8,41.09
9,8.02,88.8,41.1
6,8.02,88.8,41.11
1656,8.05,88.76,41.03
474,8.05,88.76,41.02
2847,8.06,88.75,41.02
13333,8.06,88.75,41.03
977,8.04,88.77,41.03
387,8.03,88.78,41.03
376,8.04,88.77,41.02
179,8.03,88.78,41.02
360,8.06,88.75,41.01
123,8.05,88.76,41.01
35,8.06,88.75,41
43,8.05,88.76,41
120,8.04,88.77,41.01
72,8.03,88.78,41.01
41,8.04,88.77,41
29,8.03,88.78,41
13,8.06,88.74,41
16,8.05,88.76,40.99
6,8.06,88.74,40.99
16,8.04,88.77,40.99
13,8.03,88.78,40.99
7,8.05,88.76,40.98
4,8.05,88.74,40.97
3,8.03,88.77,40.97
7,8.04,88.77,40.98
6,8.03,88.78,40.98
4,8.04,88.74,40.97
3,8.03,88.77,41.13
8,8.03,88.79,41.12
6,8.02,88.79,41.12
5,8.04,88.77,41.12
4,8.03,88.77,41.13
4,8.02,88.79,41.13
3,8.03,88.78,41.14
5,8.02,88.8,41.12
4,8.02,88.8,41.13
3,8,88.8,41.14
2,8.02,88.78,41.15
3,8.01,88.78,41.16
7,7.85,88.53,40.42
8,7.84,88.55,40.4
8,7.8,88.55,40.46
8,7.75,88.57,40.43
8,7.76,88.56,40.4
8,7.8,88.57,40.38
2,8.04,88.78,40.95
2,8.03,88.77,40.93
3,8.05,88.77,40.95
3,8.04,88.74,40.93
3,8.07,88.75,40.95
3,7.99,88.74,40.9
6,8.01,88.81,41.1
5,8.01,88.81,41.11
4,8,88.81,41.1
3,8,88.81,41.11
3,7.99,88.81,41.1
3,7.99,88.81,41.11
3,7.97,88.79,41.03
8,7.99,88.79,41.03
13,7.99,88.79,41.04
5,7.98,88.79,41.04
3,7.97,88.79,41.02
6,7.99,88.79,41.02
4,7.97,88.8,41.04
23,8,88.79,41.03
63,8.01,88.78,41.03
16,8,88.79,41.02
38,8.01,88.78,41.02
2,7.97,88.79,41.01
5,7.99,88.79,41.01
3,7.99,88.79,41
10,8,88.79,41.01
20,8.01,88.78,41.01
11,8.01,88.78,41
2,7.97,88.8,41.02
3,7.97,88.8,41.03
2,7.97,88.8,41.01
142,8.03,88.78,41.03
80,8.03,88.78,41.02
39,8.03,88.78,41.01
20,8.03,88.78,41
7,7.99,88.8,41.06
15,8,88.8,41.06
6,7.99,88.8,41.07
13,8,88.8,41.07
25,8.02,88.8,41.07
11,8.01,88.81,41.08
9,8.01,88.81,41.09
6,8,88.81,41.08
5,8,88.81,41.09
4,7.99,88.81,41.08
4,7.99,88.81,41.09
7,7.99,88.8,41.05
72,8.02,88.79,41.04
74,8.02,88.79,41.05
32,8.01,88.79,41.04
32,8.01,88.79,41.05
30,8.02,88.8,41.06
16,8,88.8,41.05
16,8,88.8,41.04
2,7.98,88.78,40.99
2,7.97,88.79,41
2,7.97,88.8,41
2,7.98,88.78,40.98
3,7.99,88.78,40.99
5,8.01,88.78,40.99
6,8,88.79,41
2,7.99,88.79,40.99
2,7.99,88.78,40.98
3,8.01,88.78,40.98
2,7.99,88.79,40.98
6,8.01,88.78,40.99
4,8.01,88.78,40.98
10,8.03,88.78,40.99
2,8.01,88.78,40.97
6,8.03,88.78,40.98
4,8.01,88.81,41.12
3,8.01,88.81,41.13
3,8,88.81,41.12
3,8,88.81,41.13
3,7.99,88.81,41.12
3,7.99,88.81,41.13
3,7.99,88.81,41.14
4,7.99,88.81,41.16
4,8,88.79,41.17
12,7.98,88.79,41.19
29,7.95,88.8,41.2
21,7.92,88.8,41.19
23,7.9,88.8,41.19
3,7.98,88.82,41.12
3,7.95,88.83,41.12
4,7.98,88.82,41.14
4,7.95,88.82,41.14
5,7.98,88.82,41.16
7,7.95,88.82,41.16
18,7.97,88.8,41.19
13,7.95,88.83,41.18
23,7.93,88.8,41.19
3,7.98,88.82,41.1
2,7.95,88.83,41.1
2,7.93,88.81,41.08
2,7.93,88.81,41.1
2,7.91,88.81,41.08
3,7.91,88.81,41.1
3,7.89,88.8,41.08
3,7.89,88.8,41.1
4,7.87,88.81,41.1
4,7.86,88.81,41.08
4,7.85,88.8,41.08
6,7.85,88.78,41.11
5,7.84,88.77,41.09
5,7.98,88.81,41.05
2,7.96,88.81,41.05
5,7.98,88.81,41.06
4,7.98,88.81,41.07
2,7.96,88.81,41.07
3,7.98,88.82,41.08
2,7.95,88.83,41.08
2,7.93,88.81,41.07
2,7.91,88.81,41.07
2,7.89,88.8,41.05
2,7.89,88.8,41.07
2,7.85,88.8,41.04
4,7.83,88.77,41.06
2,7.86,88.8,41.05
3,7.86,88.81,41.06
3,7.85,88.8,41.06
4,7.83,88.77,41.07
2,7.86,88.8,41.03
2,7.85,88.79,41.01
2,7.85,88.8,41.03
4,7.92,88.83,41.12
6,7.92,88.83,41.14
8,7.88,88.82,41.14
13,7.86,88.79,41.15
6,7.88,88.82,41.12
5,7.89,88.83,41.12
8,7.89,88.83,41.14
7,7.85,88.82,41.12
9,7.85,88.83,41.14
15,7.83,88.79,41.14
16,7.8,88.79,41.15
9,7.92,88.83,41.16
11,7.88,88.83,41.16
11,7.89,88.83,41.16
19,7.87,88.79,41.17
24,7.88,88.8,41.19
18,7.8,88.8,41.18
20,7.83,88.8,41.18
15,7.81,88.8,41.22
15,7.78,88.79,41.14
10,7.8,88.78,41.1
11,7.73,88.78,41.1
3,7.82,88.8,41.04
6,7.8,88.77,41.06
10,7.73,88.78,41.07
2,7.82,88.8,41.01
2,7.82,88.8,41.03
3,7.79,88.77,41.02
5,7.75,88.77,41.02
8,7.72,88.77,41.03
4,7.74,88.82,41.01
4,7.71,88.76,41
2,7.82,88.8,40.99
2,7.82,88.8,40.97
2,7.79,88.76,40.99
2,7.74,88.81,40.98
3,8.01,88.74,40.91
2,8,88.77,40.91
2,8.01,88.78,40.93
2,8.03,88.79,40.95
2,7.99,88.78,40.91
2,7.74,88.81,40.94
2,7.79,88.76,40.95
2,7.82,88.8,40.95
2,7.85,88.79,40.95
2,7.82,88.8,40.93
2,7.9,88.79,40.91
2,7.88,88.79,40.89
2,7.88,88.79,40.91
2,7.86,88.79,40.91
2,7.85,88.8,40.93
3,7.85,88.75,40.91
4,7.72,88.71,40.85
2,7.56,88.69,40.85
4,7.67,88.7,40.85
3,7.72,88.72,40.88
2,7.7,88.73,40.92
3,7.75,88.73,40.89
3,7.79,88.73,40.88
2,7.82,88.79,40.86
2,7.82,88.8,40.9
2,7.78,88.8,40.9
2,7.74,88.8,40.9
2,7.71,88.74,40.93
4,7.75,88.72,40.86
5,7.8,88.72,40.85
3,7.77,88.77,40.82
2,7.92,88.78,40.89
2,7.97,88.78,40.89
2,7.94,88.78,40.89
2,7.96,88.78,40.91
2,7.93,88.79,40.89
3,7.96,88.74,40.9
4,7.93,88.74,40.87
8,7.83,88.7,40.81
7,7.88,88.72,40.81
5,7.88,88.73,40.84
3,7.87,88.78,40.82
3,7.82,88.77,40.82
5,7.85,88.73,40.84
2,7.92,88.8,40.89
2,7.9,88.79,40.89
4,7.91,88.74,40.87
2,7.88,88.79,40.86
4,7.85,88.74,40.87
5,7.93,88.74,40.84
11,7.88,88.7,40.77
11,7.86,88.69,40.75
9,7.64,88.59,40.5
12,7.69,88.57,40.53
8,7.69,88.6,40.44
10,7.65,88.62,40.61
11,7.64,88.6,40.56
8,7.7,88.7,40.39
4,7.54,88.69,40.66
6,7.6,88.65,40.71
10,7.83,88.69,40.78
7,7.85,88.75,40.73
8,7.74,88.69,40.77
11,7.71,88.66,40.7
9,7.79,88.69,40.77
2,7.55,88.67,40.8
5,7.66,88.68,40.79
3,7.6,88.73,40.75
5,7.7,88.73,40.74
5,7.72,88.7,40.82
4,7.73,88.76,40.78
5,7.79,88.76,40.78
4,7.77,88.76,40.8
2,7.55,88.65,40.74
3,7.67,88.75,40.97
2,7.71,88.81,40.94
2,7.31,88.56,40.51
4,7.47,88.65,40.58
5,7.53,88.67,40.62
3,7.49,88.62,40.65
8,7.58,88.62,40.51
8,7.55,88.59,40.57
6,7.59,88.68,40.63
8,7.64,88.66,40.45
6,7.52,88.58,40.44
5,7.47,88.63,40.52
2,7.3,88.59,40.44
3,7.42,88.6,40.51
4,7.41,88.53,40.43
7,7.58,88.61,40.44
8,7.75,88.64,40.38
6,7.53,88.66,40.39
7,7.59,88.71,40.39
5,7.42,88.61,40.38
8,7.65,88.76,40.4
9,7.71,88.81,40.41
2,4.66,92.22,41.45
2,4.59,92.39,41.74
2,4.8,91.62,41.11
2,4.6,91.86,41.43
2,4.63,92.37,42.07
2,4.97,92.4,42.41
8,7.85,88.53,40.38
9,7.88,88.62,40.38
7,7.92,88.52,40.38
2,4.94,92.55,41.75
2,4.84,92.43,41.74
2,5.18,92.44,41.66
2,5.23,92.47,41.66
2,5.18,92.44,41.82
2,5.23,92.47,41.82
2,4.86,92.33,41.98
2,5,92.42,42.08
2,4.84,92.07,42.06
2,4.8,91.62,42.05
3,4.86,92.32,41.51
3,4.99,92.41,41.4
2,5.29,92.32,41.51
2,5.29,92.31,41.35
2,5.34,92.38,41.35
3,4.83,92.06,41.43
2,4.8,91.62,41.43
2,5.4,92.24,41.19
3,5.08,92.22,41.11
2,5.51,92.12,41.19
3,5.04,91.82,41.11
3,5,91.38,41.11
2,7.45,88.68,40.86
3,7.62,88.73,40.95
2,7.5,88.7,40.88
2,7.49,88.73,40.75
2,7.48,88.7,40.7
2,5.4,92.24,41.04
2,5.29,92.32,40.79
2,5.38,92.48,40.8
2,5.51,92.12,41.04
3,5.28,92.03,40.83
2,5.24,91.59,40.86
2,5.47,91.79,40.62
1049,8.05,88.77,41.05
1107,8.05,88.77,41.04
6471,8.07,88.75,41.05
725,8.05,88.77,41.06
437,8.05,88.77,41.07
2107,8.07,88.76,41.07
676,8.05,88.77,41.05
324,8.04,88.78,41.05
656,8.05,88.77,41.04
313,8.04,88.78,41.04
524,8.05,88.77,41.06
331,8.05,88.77,41.07
270,8.04,88.78,41.06
185,8.04,88.78,41.07
241,8.05,88.77,41.08
443,8.06,88.76,41.09
179,8.05,88.78,41.08
111,8.04,88.78,41.08
94,8.05,88.78,41.09
64,8.04,88.78,41.09
116,8.06,88.76,41.09
51,8.05,88.78,41.1
37,8.04,88.78,41.1
22,8.04,88.78,41.11
43,8.06,88.77,41.11
143,8.04,88.79,41.05
138,8.04,88.79,41.04
66,8.03,88.8,41.05
63,8.03,88.8,41.04
124,8.04,88.79,41.06
94,8.04,88.79,41.07
48,8.03,88.8,41.07
61,8.03,88.8,41.06
62,8.04,88.79,41.08
39,8.04,88.79,41.09
35,8.03,88.8,41.08
24,8.03,88.8,41.09
24,8.04,88.79,41.1
16,8.04,88.79,41.11
16,8.03,88.8,41.1
11,8.03,88.8,41.11
20,8.02,88.8,41.08
15,8.02,88.8,41.09
10,8.02,88.81,41.09
13,8.02,88.81,41.08
11,8.02,88.8,41.1
8,8.02,88.8,41.11
8,8.02,88.81,41.1
6,8.02,88.81,41.11
903,8.05,88.77,41.03
327,8.05,88.77,41.02
5195,8.07,88.75,41.03
476,8.05,88.77,41.03
235,8.04,88.78,41.03
236,8.05,88.77,41.02
131,8.04,88.78,41.02
336,8.07,88.75,41.01
111,8.05,88.77,41.01
39,8.05,88.77,41
96,8.05,88.77,41.01
63,8.04,88.78,41.01
40,8.05,88.77,41
30,8.04,88.78,41
29,8.07,88.75,40.99
17,8.05,88.77,40.99
8,8.05,88.77,40.98
18,8.05,88.77,40.99
15,8.04,88.78,40.99
9,8.05,88.77,40.98
8,8.04,88.78,40.98
7,8.07,88.75,40.97
5,8.05,88.77,40.97
4,8.04,88.78,40.97
17,8.05,88.77,41.12
10,8.04,88.79,41.12
8,8.03,88.8,41.12
8,8.04,88.79,41.13
6,8.03,88.8,41.13
7,8.04,88.77,41.13
5,8.03,88.8,41.14
5,8.04,88.78,41.15
6,8.02,88.8,41.12
5,8.02,88.8,41.13
5,8.02,88.81,41.12
4,8.02,88.81,41.13
4,8.02,88.81,41.14
4,8.03,88.78,41.16
4,8.02,88.81,41.16
4,8.03,88.79,41.17
8,7.85,88.57,40.42
8,7.91,88.55,40.45
14,7.81,88.58,40.51
9,7.8,88.6,40.44
9,7.84,88.63,40.38
10,7.89,88.64,40.4
5,8.09,88.75,40.96
4,8.08,88.75,40.95
3,8.06,88.79,40.95
3,8.04,88.75,40.92
2,8.04,88.78,40.93
3,8.04,88.75,40.9
3,8.06,88.75,40.93
3,8.07,88.78,40.95
3,8.09,88.75,40.93
2,7.99,88.78,40.89
4,7.99,88.74,40.87
3,8.01,88.75,40.9
5,7.99,88.74,40.84
5,8,88.82,41.1
5,7.98,88.79,41.03
11,7.99,88.79,41.03
7,7.99,88.8,41.04
4,7.98,88.79,41.02
8,7.99,88.79,41.02
3,7.97,88.8,41.03
4,7.98,88.81,41.04
3,7.97,88.8,41.02
26,8.01,88.79,41.03
57,8.02,88.79,41.03
18,8.01,88.79,41.02
37,8.02,88.79,41.02
13,8,88.8,41.03
10,8,88.8,41.02
3,7.98,88.79,41.01
6,7.99,88.79,41.01
2,7.98,88.79,41
4,7.99,88.79,41
2,7.97,88.8,41.01
2,7.97,88.8,41
12,8.01,88.79,41.01
22,8.02,88.79,41.01
7,8.01,88.79,41
13,8.02,88.79,41
5,8,88.8,41
7,8,88.8,41.01
2,7.96,88.81,41.03
2,7.96,88.81,41.01
106,8.04,88.79,41.03
67,8.04,88.79,41.02
51,8.03,88.8,41.03
36,8.03,88.8,41.02
38,8.04,88.79,41.01
21,8.04,88.79,41
22,8.03,88.8,41.01
14,8.03,88.8,41
8,8,88.81,41.06
17,8.01,88.81,41.06
8,8,88.81,41.07
15,8.01,88.81,41.07
5,7.99,88.81,41.07
5,7.99,88.81,41.06
27,8.02,88.8,41.07
31,8.02,88.8,41.06
16,8.02,88.81,41.07
19,8.02,88.81,41.06
6,8,88.82,41.08
9,8,88.81,41.05
5,7.99,88.81,41.05
8,8,88.81,41.04
5,7.99,88.81,41.04
25,8.02,88.81,41.05
2,7.97,88.8,40.99
3,8,88.79,40.99
7,8.02,88.79,40.99
5,8.02,88.79,40.98
2,8,88.79,40.97
11,8.04,88.79,40.99
7,8.04,88.79,40.98
9,8.03,88.8,40.99
5,8.03,88.8,40.98
3,8.03,88.79,40.97
4,8,88.82,41.12
4,8,88.82,41.14
5,8,88.82,41.16
9,7.98,88.83,41.18
5,8.02,88.79,41.18
8,8,88.79,41.19
15,7.99,88.8,41.19
16,7.89,88.84,41.18
14,7.92,88.83,41.18
20,7.95,88.84,41.19
32,7.96,88.8,41.21
31,7.94,88.8,41.21
25,7.91,88.8,41.19
28,7.88,88.81,41.2
3,7.99,88.84,41.12
3,7.96,88.84,41.12
4,7.94,88.84,41.12
4,7.99,88.84,41.14
4,7.96,88.84,41.14
6,7.94,88.84,41.14
6,7.99,88.83,41.16
7,7.96,88.84,41.16
9,7.94,88.84,41.16
13,7.96,88.84,41.18
15,7.94,88.84,41.18
4,7.99,88.84,41.08
4,7.99,88.84,41.1
3,7.96,88.84,41.1
3,7.94,88.84,41.1
2,7.92,88.83,41.08
3,7.92,88.83,41.1
3,7.89,88.83,41.08
4,7.89,88.83,41.1
3,7.88,88.82,41.08
4,7.88,88.82,41.1
5,7.85,88.82,41.08
6,7.85,88.82,41.1
5,7.84,88.81,41.08
10,7.82,88.78,41.11
3,7.98,88.82,41.05
2,7.95,88.83,41.05
3,7.98,88.82,41.07
2,7.95,88.83,41.07
2,7.96,88.84,41.08
2,7.94,88.84,41.08
2,7.92,88.83,41.05
2,7.92,88.83,41.07
2,7.89,88.83,41.05
2,7.89,88.83,41.07
2,7.88,88.82,41.05
3,7.88,88.82,41.07
3,7.85,88.82,41.05
3,7.85,88.82,41.07
3,7.84,88.81,41.05
4,7.84,88.81,41.06
2,7.88,88.82,41.03
2,7.85,88.82,41.01
2,7.85,88.82,41.03
2,7.84,88.81,41.01
2,7.84,88.81,41.03
2,7.84,88.81,40.99
12,7.77,88.85,41.14
13,7.75,88.79,41.15
9,7.7,88.78,41.15
12,7.75,88.79,41.19
5,7.91,88.84,41.12
7,7.91,88.84,41.14
7,7.87,88.83,41.12
7,7.88,88.84,41.12
10,7.87,88.83,41.14
9,7.88,88.84,41.14
10,7.83,88.84,41.13
13,7.79,88.84,41.15
14,7.77,88.79,41.19
11,7.91,88.84,41.16
13,7.87,88.84,41.16
12,7.88,88.85,41.16
17,7.88,88.85,41.18
21,7.85,88.8,41.19
14,7.83,88.85,41.16
14,7.79,88.85,41.18
8,7.75,88.8,41.22
9,7.78,88.8,41.23
11,7.8,88.86,41.21
16,7.83,88.81,41.23
23,7.86,88.81,41.22
17,7.89,88.82,41.26
7,7.8,88.83,41.08
12,7.77,88.79,41.1
12,7.74,88.79,41.11
10,7.69,88.78,41.11
9,7.72,88.84,41.09
10,7.69,88.77,41.08
5,7.8,88.82,41.05
9,7.76,88.78,41.07
8,7.71,88.84,41.06
6,7.67,88.75,41
8,7.67,88.76,41.03
8,7.69,88.76,41.04
3,7.8,88.82,41.01
7,7.76,88.78,41.03
3,7.75,88.83,41.01
6,7.71,88.83,41.02
4,7.71,88.82,40.98
2,7.75,88.83,40.98
2,7.8,88.82,40.98
2,8.02,88.81,40.95
3,8.03,88.75,40.89
2,8.01,88.78,40.91
2,8.03,88.79,40.93
2,8.04,88.8,40.95
2,8,88.79,40.91
2,7.74,88.83,40.94
2,7.8,88.82,40.94
2,7.84,88.81,40.93
2,7.91,88.81,40.89
2,7.89,88.8,40.89
2,7.85,88.81,40.9
2,7.71,88.77,40.83
3,7.69,88.71,40.86
2,7.55,88.77,40.83
2,7.66,88.77,40.83
2,7.71,88.79,40.86
2,7.69,88.8,40.9
2,7.61,88.71,40.88
2,7.69,88.72,40.89
2,7.66,88.73,40.93
2,7.74,88.79,40.87
2,7.82,88.8,40.86
2,7.79,88.79,40.86
2,7.8,88.82,40.9
2,7.74,88.83,40.9
2,7.71,88.8,40.91
2,7.74,88.78,40.84
2,7.77,88.8,40.81
3,7.79,88.78,40.83
3,7.93,88.79,40.86
2,7.96,88.78,40.89
2,7.95,88.8,40.89
4,7.96,88.74,40.87
2,7.97,88.79,40.89
2,7.96,88.81,40.89
7,7.86,88.71,40.81
4,7.82,88.76,40.79
4,7.88,88.77,40.79
7,7.91,88.72,40.81
5,7.91,88.74,40.84
3,7.88,88.79,40.82
3,7.82,88.8,40.82
3,7.85,88.78,40.82
9,7.86,88.7,40.79
2,7.93,88.81,40.89
2,7.9,88.8,40.86
2,7.85,88.81,40.86
7,7.94,88.73,40.8
12,7.9,88.7,40.75
7,7.9,88.76,40.74
5,7.93,88.77,40.78
7,7.97,88.73,40.8
3,7.93,88.79,40.82
6,7.96,88.74,40.83
6,7.88,88.76,40.75
9,7.91,88.7,40.79
7,8.02,88.73,40.81
10,7.98,88.71,40.76
13,7.85,88.69,40.73
15,7.81,88.67,40.69
15,7.75,88.63,40.61
14,7.88,88.69,40.72
11,7.69,88.62,40.51
14,7.76,88.6,40.55
9,7.75,88.65,40.45
9,7.65,88.68,40.59
13,7.71,88.64,40.64
9,7.64,88.66,40.53
9,7.7,88.7,40.45
9,7.76,88.75,40.4
3,7.54,88.71,40.65
4,7.59,88.7,40.69
7,7.66,88.66,40.72
9,7.84,88.74,40.71
6,7.85,88.77,40.73
6,7.82,88.75,40.75
5,7.73,88.75,40.76
7,7.69,88.72,40.7
9,7.76,88.69,40.76
10,7.81,88.73,40.69
6,7.79,88.75,40.75
12,7.77,88.68,40.72
2,7.54,88.74,40.78
2,7.61,88.69,40.83
3,7.65,88.74,40.77
3,7.6,88.76,40.74
5,7.71,88.75,40.73
3,7.74,88.77,40.77
3,7.71,88.76,40.8
3,7.77,88.79,40.78
2,7.54,88.71,40.72
3,7.66,88.82,40.95
5,7.64,88.75,40.98
2,7.72,88.85,40.94
2,7.31,88.61,40.51
2,7.36,88.63,40.52
2,7.42,88.69,40.6
5,7.53,88.68,40.59
3,7.48,88.68,40.64
3,7.42,88.68,40.53
7,7.53,88.67,40.53
6,7.59,88.72,40.61
8,7.59,88.72,40.53
7,7.59,88.71,40.46
4,7.42,88.63,40.45
6,7.53,88.67,40.45
8,7.65,88.76,40.47
9,7.71,88.81,40.47
9,7.81,88.69,40.38
10,7.77,88.86,40.41
6,7.48,88.72,40.39
7,7.54,88.77,40.4
3,7.32,88.73,40.39
7,7.6,88.82,40.41
8,7.66,88.87,40.41
9,7.72,88.9,40.4
2,4.66,92.24,41.73
2,4.6,91.86,41.74
2,4.67,92.22,42.04
2,4.83,92.06,42.36
2,4.6,91.86,42.05
2,4.65,92.35,42.39
2,4.65,92.33,42.7
7,7.97,88.53,40.41
9,7.92,88.59,40.4
10,7.92,88.66,40.38
8,7.91,88.56,40.38
8,7.96,88.52,40.39
9,7.83,88.82,41.26
8,7.89,88.82,41.29
2,4.87,92.34,41.74
2,5.03,92.44,41.74
2,4.8,91.62,41.74
3,4.84,92.06,41.74
4,7.78,88.81,41.26
3,5.08,92.23,41.43
2,5.4,92.24,41.35
3,5.04,91.82,41.43
3,5,91.38,41.43
2,5.61,92,41.19
3,5.28,92.03,41.11
4,5.24,91.59,41.11
3,5.2,91.15,41.11
2,7.33,88.68,40.87
2,7.39,88.69,40.89
2,7.44,88.77,40.83
3,7.61,88.82,40.92
3,7.46,88.73,40.97
5,7.56,88.74,40.96
3,7.45,88.71,40.92
2,7.5,88.79,40.85
3,7.55,88.72,40.91
2,7.49,88.76,40.74
2,7.39,88.66,40.82
2,7.31,88.65,40.8
2,7.48,88.74,40.68
2,7.49,88.76,40.81
2,5.61,92,41.04
3,5.48,91.79,40.85
3,5.44,91.35,40.86
2,5.4,90.91,40.86
2,5.64,91.11,40.64
2,5.68,91.55,40.63
4677,8.09,88.76,41.05
636,8.07,88.78,41.05
447,8.07,88.78,41.06
2301,8.09,88.76,41.07
263,8.06,88.79,41.05
223,8.06,88.79,41.07
216,8.07,88.78,41.08
574,8.08,88.76,41.09
117,8.06,88.79,41.08
48,8.05,88.79,41.1
72,8.07,88.77,41.11
200,8.08,88.77,41.11
77,8.04,88.8,41.05
72,8.04,88.8,41.07
46,8.04,88.8,41.08
24,8.04,88.8,41.1
18,8.03,88.82,41.08
12,8.03,88.82,41.1
399,8.09,88.75,41.01
2395,8.09,88.75,41.03
11,8.09,88.75,40.97
52,8.09,88.75,40.99
408,8.07,88.78,41.03
3684,8.09,88.75,41.03
157,8.06,88.79,41.03
77,8.07,88.78,41.01
50,8.06,88.79,41.01
18,8.07,88.78,40.99
15,8.06,88.79,40.99
6,8.07,88.78,40.97
5,8.06,88.79,40.97
23,8.06,88.8,41.12
29,8.07,88.78,41.13
18,8.07,88.78,41.14
13,8.04,88.8,41.12
8,8.04,88.81,41.14
8,8.06,88.78,41.15
8,8.03,88.82,41.12
6,8.03,88.82,41.14
7,8.06,88.79,41.17
5,8.03,88.82,41.16
5,8.04,88.79,41.17
8,8.05,88.8,41.19
21,7.87,88.63,40.59
20,7.92,88.68,40.68
16,7.91,88.58,40.51
10,7.91,88.59,40.44
9,7.97,88.56,40.48
13,7.81,88.62,40.5
16,7.86,88.6,40.54
11,7.86,88.64,40.44
11,7.92,88.66,40.4
5,8.09,88.78,40.95
5,8.11,88.75,40.95
4,8.08,88.79,40.95
3,8.07,88.8,40.95
3,8.11,88.75,40.94
4,8.04,88.75,40.88
3,8.07,88.75,40.91
2,8.04,88.78,40.91
2,8.06,88.79,40.93
2,8.04,88.78,40.89
2,8.07,88.78,40.93
3,8.08,88.79,40.93
2,8.07,88.8,40.93
3,7.99,88.79,40.86
2,8,88.79,40.89
2,8.01,88.78,40.89
4,8.02,88.74,40.87
5,8.02,88.74,40.83
3,7.99,88.79,40.83
7,8.02,88.83,41.1
5,7.99,88.81,41.03
17,8.02,88.81,41.03
3,7.99,88.81,41.01
9,8.02,88.81,41.01
3,7.98,88.82,41.03
2,7.98,88.82,41.01
52,8.04,88.8,41.03
23,8.04,88.8,41.01
25,8.03,88.82,41.07
8,8,88.82,41.07
9,8.02,88.83,41.08
25,8.03,88.82,41.05
8,8,88.82,41.05
4,7.99,88.84,41.07
4,7.99,88.84,41.05
2,7.99,88.81,40.99
4,8.02,88.81,40.99
2,7.99,88.81,40.97
2,8.02,88.81,40.97
9,8.04,88.8,40.99
4,8.04,88.8,40.97
2,7.98,88.82,40.99
5,8.02,88.83,41.12
5,8.02,88.83,41.14
6,8.02,88.83,41.16
7,8,88.83,41.18
11,7.99,88.84,41.18
11,8.03,88.8,41.19
9,8.02,88.8,41.19
31,7.99,88.8,41.21
35,7.98,88.81,41.21
40,7.98,88.81,41.23
16,7.91,88.84,41.18
20,7.88,88.85,41.2
39,7.97,88.81,41.23
22,7.96,88.84,41.2
22,7.94,88.84,41.2
34,7.95,88.81,41.22
37,7.95,88.81,41.23
31,7.91,88.81,41.22
26,7.91,88.82,41.25
5,7.92,88.86,41.12
4,8.01,88.85,41.12
4,7.98,88.85,41.12
4,7.95,88.85,41.12
7,7.92,88.86,41.14
5,8.01,88.85,41.14
5,7.98,88.85,41.14
5,7.95,88.85,41.14
10,7.92,88.86,41.16
7,8.01,88.85,41.16
7,7.98,88.85,41.16
9,7.95,88.85,41.16
16,7.92,88.85,41.18
13,7.98,88.85,41.18
14,7.95,88.85,41.18
5,8.01,88.85,41.08
3,7.98,88.85,41.08
5,8.01,88.85,41.1
3,7.98,88.85,41.1
3,7.95,88.85,41.1
3,7.92,88.86,41.1
3,7.91,88.84,41.08
4,7.91,88.84,41.1
4,7.88,88.84,41.08
5,7.88,88.84,41.1
4,7.87,88.83,41.08
5,7.87,88.83,41.1
7,7.83,88.84,41.09
2,7.98,88.85,41.05
3,7.98,88.85,41.07
2,7.94,88.84,41.05
2,7.96,88.84,41.05
2,7.94,88.84,41.07
2,7.96,88.84,41.07
2,7.95,88.85,41.08
3,7.92,88.86,41.08
2,7.91,88.84,41.05
2,7.91,88.84,41.07
2,7.88,88.84,41.05
3,7.88,88.84,41.07
2,7.87,88.83,41.05
3,7.87,88.83,41.07
4,7.82,88.84,41.06
2,7.96,88.84,41.03
2,7.96,88.84,41.01
2,7.88,88.84,41.03
2,7.87,88.83,41.01
2,7.87,88.83,41.03
2,7.82,88.84,41.02
2,7.82,88.84,40.98
10,7.77,88.86,41.12
10,7.74,88.85,41.14
10,7.72,88.78,41.16
6,7.67,88.78,41.16
6,7.69,88.85,41.13
7,7.72,88.79,41.19
9,7.75,88.86,41.18
4,7.68,88.79,41.19
6,7.9,88.86,41.12
8,7.9,88.86,41.14
6,7.91,88.87,41.12
8,7.91,88.87,41.14
10,7.8,88.87,41.13
10,7.85,88.86,41.13
10,7.77,88.85,41.18
12,7.9,88.86,41.16
17,7.9,88.86,41.18
11,7.91,88.87,41.16
16,7.91,88.87,41.18
12,7.8,88.87,41.17
15,7.85,88.86,41.17
6,7.75,88.87,41.21
5,7.73,88.8,41.23
3,7.73,88.8,41.26
3,7.68,88.8,41.23
7,7.77,88.87,41.22
11,7.8,88.88,41.2
11,7.82,88.87,41.23
17,7.86,88.87,41.2
23,7.88,88.82,41.23
10,7.86,88.82,41.27
12,7.88,88.88,41.26
8,7.65,88.77,41.08
8,7.66,88.77,41.12
7,7.77,88.85,41.09
9,7.73,88.85,41.11
7,7.72,88.86,41.08
7,7.69,88.85,41.1
7,7.68,88.84,41.06
6,7.72,88.86,41.05
5,7.77,88.84,41.05
4,7.67,88.83,40.98
6,7.67,88.83,41.02
7,7.64,88.75,41.01
8,7.64,88.76,41.04
6,7.68,88.83,41.03
4,7.72,88.85,41.01
4,7.77,88.84,41.02
3,7.72,88.85,40.98
2,7.77,88.84,40.98
2,8.03,88.82,40.95
3,8.06,88.82,40.95
2,8.03,88.79,40.91
2,8.04,88.8,40.93
2,8.02,88.81,40.91
2,8.03,88.82,40.93
2,8.03,88.79,40.89
2,8.02,88.81,40.89
2,8.06,88.82,40.93
2,7.77,88.84,40.94
2,7.55,88.82,40.81
2,7.66,88.81,40.81
2,7.71,88.8,40.82
2,7.68,88.78,40.84
2,7.71,88.81,40.85
2,7.69,88.84,40.89
2,7.6,88.79,40.85
2,7.69,88.79,40.87
2,7.66,88.81,40.91
2,7.66,88.72,40.9
2,7.74,88.82,40.86
2,7.8,88.81,40.86
2,7.77,88.84,40.9
2,7.71,88.85,40.9
2,7.74,88.82,40.82
2,7.8,88.81,40.82
2,7.82,88.84,40.86
2,7.96,88.8,40.86
2,7.99,88.81,40.89
3,7.82,88.79,40.78
4,7.85,88.77,40.79
3,7.88,88.79,40.78
4,7.9,88.77,40.78
3,7.91,88.8,40.82
2,7.85,88.81,40.82
5,7.85,88.76,40.76
2,7.93,88.83,40.86
2,7.88,88.83,40.86
10,7.94,88.71,40.77
14,7.9,88.7,40.72
7,7.9,88.77,40.73
6,7.92,88.76,40.75
9,7.97,88.72,40.77
4,7.93,88.79,40.78
5,7.97,88.78,40.78
3,7.96,88.8,40.82
6,7.88,88.78,40.74
5,7.9,88.76,40.76
15,8.01,88.69,40.72
7,8.06,88.73,40.81
15,7.96,88.7,40.72
9,8.02,88.71,40.78
7,7.99,88.76,40.74
6,8.02,88.78,40.78
13,7.99,88.7,40.73
12,7.75,88.68,40.58
15,7.85,88.68,40.69
9,7.87,88.75,40.69
17,7.87,88.68,40.68
18,7.82,88.65,40.63
18,7.91,88.68,40.69
12,7.75,88.65,40.52
15,7.81,88.62,40.57
11,7.81,88.7,40.45
10,7.7,88.71,40.6
10,7.7,88.71,40.53
10,7.76,88.75,40.46
11,7.82,88.8,40.4
2,7.82,88.84,40.82
4,7.59,88.74,40.68
5,7.65,88.72,40.71
8,7.85,88.76,40.7
5,7.82,88.79,40.74
10,7.81,88.73,40.66
6,7.78,88.76,40.73
4,7.77,88.79,40.74
7,7.71,88.73,40.68
5,7.73,88.77,40.74
6,7.76,88.75,40.73
9,7.78,88.73,40.7
2,7.54,88.79,40.75
2,7.6,88.76,40.8
3,7.65,88.78,40.75
3,7.71,88.79,40.78
3,7.8,88.81,40.78
3,7.74,88.82,40.78
3,7.54,88.78,40.68
2,7.74,88.87,40.94
2,7.66,88.86,40.94
4,7.63,88.83,40.96
2,7.69,88.87,40.94
3,7.48,88.73,40.61
2,7.37,88.74,40.53
5,7.48,88.73,40.53
4,7.54,88.78,40.61
7,7.65,88.77,40.61
8,7.65,88.77,40.53
6,7.54,88.78,40.53
6,7.54,88.78,40.46
5,7.48,88.73,40.46
2,7.32,88.73,40.46
7,7.6,88.83,40.47
9,7.77,88.86,40.48
8,7.71,88.82,40.53
6,7.66,88.87,40.48
8,7.77,88.89,40.46
2,7.32,88.78,40.45
7,7.72,88.91,40.46
6,7.66,88.9,40.46
11,7.92,88.7,40.38
11,7.87,88.74,40.39
10,7.83,88.91,40.41
6,7.55,88.88,40.41
5,7.44,88.83,40.4
8,7.72,88.94,40.4
7,7.61,88.93,40.4
6,7.56,88.97,40.4
2,4.4,92.09,41.74
2,4.38,92.09,42.05
2,4.66,92.19,42.36
2,4.6,91.86,42.36
2,4.66,92.18,42.68
2,4.64,92.32,43
9,7.97,88.56,40.42
8,8.02,88.55,40.45
9,7.96,88.56,40.4
11,7.97,88.62,40.4
8,7.96,88.53,40.38
10,7.97,88.62,40.38
11,8.03,88.65,40.38
8,8.04,88.52,40.39
38,7.96,88.82,41.25
14,7.94,88.83,41.29
7,7.83,88.88,41.25
5,7.81,88.81,41.27
8,7.92,88.83,41.3
4,7.86,88.82,41.3
8,7.89,88.89,41.29
2,5.07,92.24,41.74
2,5,91.38,41.74
2,5.04,91.82,41.74
4,7.78,88.88,41.25
3,7.75,88.81,41.27
2,5.28,92.03,41.43
3,5.24,91.59,41.43
2,5.2,91.15,41.43
4,7.57,88.77,41.1
5,7.57,88.76,41.03
2,7.46,88.75,41.03
2,5.71,91.88,41.19
2,5.71,91.88,41.04
4,5.48,91.79,41.11
4,5.44,91.35,41.11
3,5.4,90.91,41.11
2,7.44,88.83,40.81
2,7.38,88.79,40.86
2,7.41,88.74,40.99
2,7.61,88.87,40.9
2,7.45,88.84,40.94
3,7.55,88.83,40.94
4,7.51,88.74,40.98
2,7.44,88.81,40.89
2,7.49,88.85,40.82
3,7.54,88.81,40.88
2,7.49,88.84,40.76
2,7.49,88.84,40.68
4,5.68,91.55,40.85
4,5.64,91.11,40.86
2,5.6,90.67,40.86
2,5.84,90.87,40.64
3,5.88,91.31,40.63
3465,8.11,88.76,41.05
2384,8.11,88.76,41.07
439,8.08,88.79,41.05
360,8.08,88.79,41.06
2050,8.1,88.76,41.07
159,8.07,88.8,41.05
155,8.07,88.8,41.07
206,8.08,88.79,41.08
850,8.1,88.77,41.09
107,8.07,88.8,41.08
100,8.08,88.8,41.1
59,8.07,88.8,41.1
246,8.09,88.77,41.11
59,8.06,88.82,41.05
60,8.06,88.82,41.07
46,8.06,88.82,41.08
29,8.06,88.82,41.1
21,8.05,88.83,41.08
15,8.05,88.83,41.1
278,8.09,88.78,41.02
91,8.09,88.78,41.01
425,8.11,88.75,41.01
2000,8.11,88.76,41.03
24,8.09,88.78,40.99
9,8.09,88.78,40.97
15,8.11,88.75,40.97
73,8.11,88.75,40.99
264,8.08,88.79,41.03
104,8.07,88.8,41.03
76,8.08,88.79,41.01
43,8.07,88.8,41.01
23,8.08,88.79,40.99
17,8.07,88.8,40.99
8,8.08,88.79,40.97
7,8.07,88.8,40.97
30,8.07,88.81,41.12
61,8.09,88.78,41.13
18,8.07,88.81,41.14
27,8.08,88.78,41.15
18,8.06,88.82,41.12
11,8.06,88.82,41.14
15,8.07,88.79,41.16
11,8.05,88.83,41.12
8,8.05,88.83,41.14
9,8.06,88.82,41.16
11,8.07,88.79,41.17
7,8.05,88.83,41.16
12,8.07,88.8,41.18
9,8.05,88.84,41.18
14,8.06,88.8,41.19
16,7.87,88.68,40.57
14,7.92,88.74,40.65
20,7.96,88.69,40.69
21,8.01,88.68,40.69
25,7.92,88.65,40.62
15,7.91,88.61,40.5
21,7.97,88.6,40.54
12,7.97,88.63,40.45
12,8.03,88.65,40.4
12,8.03,88.69,40.38
15,7.86,88.65,40.52
20,7.93,88.62,40.57
12,7.92,88.69,40.45
5,8.11,88.79,40.95
4,8.13,88.75,40.94
7,8.13,88.75,40.96
5,8.1,88.8,40.95
4,8.09,88.81,40.95
3,8.11,88.79,40.93
3,8.12,88.75,40.91
4,8.12,88.74,40.85
3,8.04,88.79,40.87
4,8.07,88.75,40.87
2,8.07,88.79,40.9
3,8.1,88.8,40.93
3,8.09,88.81,40.93
2,8.01,88.8,40.86
5,8.06,88.74,40.84
5,8.1,88.74,40.84
3,8.01,88.8,40.82
19,8.02,88.58,40.51
9,8.03,88.85,41.1
6,8,88.82,41.03
18,8.03,88.82,41.03
4,8,88.82,41.01
10,8.03,88.82,41.01
3,7.99,88.84,41.03
2,7.99,88.84,41.01
41,8.06,88.82,41.03
22,8.06,88.82,41.01
25,8.05,88.83,41.07
10,8.02,88.83,41.07
10,8.03,88.85,41.08
23,8.05,88.83,41.05
10,8.02,88.83,41.05
5,8.01,88.85,41.07
5,8.01,88.85,41.05
3,8,88.82,40.99
5,8.03,88.82,40.99
2,8,88.82,40.97
3,8.03,88.82,40.97
10,8.06,88.82,40.99
5,8.06,88.82,40.97
2,7.98,88.85,41.03
2,7.99,88.84,40.99
2,7.98,88.85,41.01
7,8.03,88.85,41.12
6,8.03,88.85,41.14
7,8.03,88.84,41.16
9,8.02,88.84,41.18
21,7.99,88.84,41.2
11,8.01,88.85,41.18
11,8.03,88.85,41.18
38,8.02,88.81,41.22
23,7.98,88.85,41.2
31,7.98,88.86,41.22
42,8,88.82,41.23
23,7.97,88.86,41.2
29,7.97,88.87,41.22
23,7.91,88.86,41.21
23,7.95,88.85,41.2
29,7.95,88.86,41.22
35,7.94,88.81,41.23
22,7.91,88.88,41.24
28,7.94,88.83,41.26
5,8.02,88.86,41.12
6,8.02,88.86,41.14
5,7.94,88.87,41.12
4,7.99,88.86,41.12
4,7.97,88.87,41.12
7,7.94,88.87,41.14
5,7.99,88.86,41.14
6,7.97,88.87,41.14
7,8.02,88.86,41.16
12,8.02,88.86,41.18
10,7.94,88.87,41.16
8,7.99,88.86,41.16
9,7.97,88.87,41.16
15,7.94,88.87,41.18
13,7.99,88.86,41.18
14,7.97,88.87,41.18
6,8.02,88.86,41.08
6,8.02,88.86,41.1
4,7.99,88.86,41.08
3,7.97,88.87,41.08
4,7.99,88.86,41.1
3,7.97,88.87,41.1
3,7.99,88.86,41.07
3,7.99,88.86,41.05
3,7.94,88.87,41.1
3,7.91,88.87,41.08
4,7.91,88.87,41.1
3,7.9,88.86,41.08
5,7.9,88.86,41.1
6,7.85,88.86,41.09
7,7.8,88.87,41.09
2,7.97,88.87,41.05
2,7.97,88.87,41.07
2,7.92,88.86,41.05
2,7.95,88.85,41.05
2,7.92,88.86,41.07
2,7.95,88.85,41.07
3,7.94,88.87,41.08
3,7.91,88.87,41.07
2,7.91,88.87,41.05
2,7.9,88.86,41.05
3,7.9,88.86,41.07
3,7.85,88.86,41.06
5,7.8,88.87,41.06
2,7.97,88.87,41.01
2,7.97,88.87,41.03
2,7.92,88.86,41.03
2,7.95,88.85,41.03
2,7.91,88.87,41.03
2,7.9,88.86,41.03
2,7.85,88.86,41.02
3,7.8,88.87,41.02
2,7.85,88.86,40.98
2,7.8,88.87,40.98
3,7.61,88.79,41.18
8,7.75,88.88,41.13
7,7.71,88.85,41.15
6,7.69,88.89,41.12
5,7.66,88.86,41.14
8,7.75,88.88,41.17
6,7.71,88.86,41.18
4,7.67,88.87,41.18
9,7.77,88.9,41.13
6,7.93,88.88,41.12
8,7.93,88.88,41.14
10,7.83,88.89,41.13
9,7.88,88.89,41.13
9,7.77,88.9,41.17
11,7.93,88.88,41.16
15,7.93,88.88,41.18
12,7.83,88.89,41.17
14,7.88,88.89,41.17
7,7.75,88.89,41.2
4,7.72,88.87,41.22
3,7.7,88.8,41.24
3,7.73,88.88,41.24
2,7.67,88.88,41.21
2,7.7,88.8,41.27
2,7.73,88.81,41.28
8,7.78,88.9,41.21
13,7.83,88.89,41.21
18,7.88,88.89,41.21
8,7.85,88.88,41.27
16,7.89,88.89,41.25
5,7.61,88.77,41.11
6,7.64,88.85,41.06
5,7.65,88.85,41.1
6,7.69,88.88,41.09
7,7.74,88.87,41.09
5,7.69,88.88,41.05
5,7.74,88.87,41.05
4,7.66,88.87,41.01
3,7.67,88.86,40.98
4,7.63,88.83,40.99
5,7.64,88.84,41.03
6,7.61,88.76,41.04
4,7.69,88.88,41.02
4,7.74,88.87,41.02
3,7.69,88.88,40.98
3,7.74,88.87,40.98
2,8.02,88.83,40.95
2,8.05,88.83,40.95
2,8.05,88.83,40.93
3,8.07,88.83,40.95
2,8,88.82,40.89
2,8.04,88.82,40.9
2,8.07,88.83,40.93
2,7.8,88.87,40.94
2,7.77,88.9,40.94
2,7.6,88.84,40.83
2,7.69,88.83,40.86
2,7.69,88.82,40.82
2,7.66,88.86,40.9
2,7.66,88.8,40.88
2,7.71,88.85,40.86
2,7.77,88.84,40.86
2,7.74,88.87,40.9
2,7.69,88.87,40.9
2,7.71,88.85,40.82
2,7.77,88.84,40.82
2,7.85,88.86,40.86
2,7.8,88.87,40.86
2,7.77,88.9,40.9
2,7.99,88.82,40.86
3,7.85,88.81,40.78
3,7.91,88.8,40.78
2,7.93,88.83,40.82
2,7.88,88.83,40.82
4,7.85,88.81,40.74
2,7.96,88.85,40.86
2,7.91,88.86,40.86
9,7.9,88.76,40.7
13,7.94,88.7,40.73
6,7.93,88.78,40.74
6,7.97,88.77,40.76
4,7.96,88.8,40.78
3,7.99,88.82,40.82
7,7.88,88.78,40.7
5,7.9,88.8,40.74
12,8.01,88.74,40.7
13,8.04,88.69,40.73
6,8.06,88.78,40.78
6,8.1,88.72,40.81
9,8.07,88.71,40.77
10,7.95,88.76,40.69
9,7.99,88.75,40.71
11,8.02,88.69,40.75
7,7.98,88.78,40.73
7,8.02,88.77,40.75
5,8.02,88.8,40.78
19,8.04,88.68,40.7
14,8.02,88.74,40.67
18,7.99,88.69,40.69
13,7.81,88.71,40.6
10,7.85,88.75,40.66
12,7.87,88.74,40.66
21,7.87,88.66,40.65
11,7.9,88.75,40.66
9,7.87,88.78,40.66
13,7.81,88.7,40.53
12,7.87,88.75,40.46
10,7.76,88.76,40.61
11,7.76,88.76,40.53
11,7.82,88.8,40.47
11,7.88,88.85,40.41
3,7.82,88.84,40.78
2,7.85,88.86,40.82
2,7.8,88.87,40.82
5,7.65,88.77,40.68
4,7.71,88.79,40.74
6,7.82,88.78,40.7
4,7.8,88.81,40.74
3,7.74,88.82,40.74
8,7.82,88.78,40.66
7,7.76,88.76,40.68
6,7.85,88.81,40.7
4,7.82,88.84,40.74
8,7.85,88.81,40.66
7,7.71,88.82,40.61
9,7.84,88.91,40.48
2,7.6,88.83,40.76
3,7.68,88.82,40.74
3,7.68,88.82,40.78
3,7.71,88.85,40.74
3,7.77,88.84,40.78
2,7.71,88.85,40.78
3,7.6,88.83,40.68
2,7.72,88.9,40.94
2,7.66,88.91,40.9
2,7.66,88.91,40.94
3,7.64,88.88,40.94
2,7.63,88.88,40.9
2,7.43,88.79,40.61
3,7.43,88.79,40.53
3,7.49,88.84,40.61
4,7.6,88.83,40.61
6,7.6,88.83,40.53
4,7.49,88.84,40.53
5,7.55,88.89,40.47
4,7.45,88.82,40.47
4,7.66,88.88,40.61
8,7.77,88.87,40.53
7,7.72,88.9,40.48
6,7.66,88.88,40.53
5,7.6,88.93,40.48
9,7.82,88.93,40.46
3,7.41,88.86,40.46
7,7.72,88.95,40.46
5,7.62,88.95,40.46
4,7.56,88.98,40.46
13,7.98,88.73,40.39
12,7.93,88.79,40.4
9,7.78,88.97,40.4
11,7.89,88.96,40.41
6,7.5,88.94,40.4
2,7.34,88.95,40.4
6,7.56,89.01,40.4
8,7.67,88.98,40.4
8,7.73,89.03,40.4
2,4.38,92.08,42.36
11,8.02,88.59,40.44
10,8.09,88.56,40.47
11,8.07,88.61,40.4
10,8.03,88.58,40.4
9,8.14,88.55,40.43
9,8.03,88.55,40.38
10,8.08,88.6,40.38
8,8.13,88.52,40.39
55,8.05,88.82,41.25
21,7.99,88.83,41.29
32,7.96,88.87,41.24
41,7.99,88.83,41.26
45,8.03,88.83,41.27
14,7.97,88.83,41.3
12,7.94,88.89,41.29
3,7.92,88.83,41.33
2,7.87,88.82,41.33
9,7.83,88.9,41.24
5,7.8,88.88,41.26
2,7.81,88.82,41.3
3,7.83,88.82,41.31
8,7.91,88.89,41.3
10,7.89,88.91,41.28
5,7.86,88.89,41.29
6,7.78,88.91,41.24
3,7.75,88.88,41.26
2,5.48,91.79,41.43
2,5.44,91.35,41.43
2,5.4,90.91,41.43
3,7.56,88.87,41.07
2,7.51,88.77,41.11
3,7.5,88.76,41.05
4,7.57,88.85,41.01
2,7.45,88.87,41
2,5.81,91.76,41.19
2,5.81,91.76,41.04
4,5.68,91.55,41.11
4,5.64,91.11,41.11
3,5.6,90.67,41.11
2,7.44,88.92,40.91
3,7.56,88.9,40.91
2,7.5,88.85,40.95
2,7.44,88.9,40.84
2,7.55,88.89,40.84
2,7.55,88.89,40.76
2,7.55,88.89,40.68
2,5.92,91.75,40.83
4,5.88,91.31,40.85
4,5.84,90.87,40.86
2,5.8,90.43,40.86
2,6.04,90.63,40.64
3,6.08,91.07,40.64
2,6.12,91.51,40.63
2,6.28,90.83,40.44
492,8.11,88.79,41.04
496,8.11,88.79,41.06
2541,8.13,88.76,41.05
2039,8.12,88.77,41.07
1179,8.12,88.77,41.09
274,8.1,88.8,41.05
289,8.1,88.8,41.06
113,8.09,88.81,41.05
119,8.09,88.81,41.07
198,8.1,88.8,41.08
844,8.11,88.77,41.09
96,8.09,88.81,41.08
112,8.1,88.8,41.1
64,8.09,88.81,41.1
367,8.11,88.78,41.11
48,8.07,88.83,41.05
52,8.07,88.83,41.07
44,8.07,88.83,41.08
32,8.07,88.83,41.1
22,8.06,88.84,41.08
17,8.06,88.84,41.1
272,8.11,88.79,41.03
88,8.11,88.79,41.01
423,8.13,88.76,41.01
1408,8.13,88.76,41.03
28,8.11,88.79,40.99
10,8.11,88.79,40.97
19,8.13,88.76,40.97
94,8.13,88.76,40.99
162,8.1,88.8,41.03
75,8.09,88.81,41.03
66,8.1,88.8,41.01
38,8.09,88.81,41.01
25,8.1,88.8,40.99
17,8.09,88.81,40.99
10,8.1,88.8,40.97
8,8.09,88.81,40.97
37,8.09,88.82,41.12
81,8.1,88.78,41.13
23,8.08,88.82,41.14
155,8.11,88.78,41.13
43,8.1,88.79,41.15
29,8.1,88.79,41.17
22,8.07,88.83,41.12
15,8.07,88.83,41.14
13,8.06,88.84,41.12
10,8.06,88.84,41.14
12,8.07,88.83,41.16
18,8.09,88.79,41.17
21,8.07,88.8,41.2
10,8.06,88.84,41.16
12,8.07,88.84,41.18
18,8.09,88.8,41.19
12,8.06,88.85,41.18
45,8.07,88.81,41.21
70,8.1,88.81,41.22
6,8.15,88.72,40.81
21,8.09,88.69,40.7
9,8.15,88.71,40.78
10,8.12,88.7,40.77
15,8.1,88.69,40.73
18,8.07,88.73,40.67
23,8.07,88.68,40.68
34,8.03,88.65,40.62
17,7.92,88.71,40.59
14,7.95,88.75,40.66
29,7.99,88.66,40.64
18,7.97,88.64,40.51
25,8.03,88.62,40.57
14,8.03,88.68,40.45
13,8.09,88.72,40.38
16,7.92,88.69,40.53
14,7.98,88.74,40.45
6,8.13,88.8,40.95
4,8.12,88.8,40.93
15,8.16,88.76,40.95
6,8.11,88.81,40.95
5,8.1,88.83,40.95
4,8.11,88.81,40.93
3,8.1,88.83,40.93
4,8.12,88.75,40.87
3,8.12,88.8,40.9
5,8.15,88.76,40.91
4,8.15,88.75,40.88
8,8.19,88.75,40.91
4,8.13,88.79,40.82
5,8.15,88.73,40.84
3,8.07,88.8,40.86
4,8.1,88.75,40.87
3,8.1,88.81,40.9
2,8.04,88.82,40.86
4,8.07,88.8,40.82
5,8.11,88.79,40.82
3,8.04,88.82,40.82
10,8.18,88.7,40.77
17,8.02,88.61,40.5
22,8.08,88.6,40.53
10,8.05,88.86,41.1
8,8.02,88.83,41.03
18,8.05,88.83,41.03
5,8.02,88.83,41.01
11,8.05,88.83,41.01
4,8.01,88.85,41.03
3,8.01,88.85,41.01
35,8.07,88.83,41.03
21,8.07,88.83,41.01
22,8.06,88.84,41.05
24,8.06,88.84,41.07
11,8.03,88.85,41.07
11,8.05,88.86,41.08
11,8.03,88.85,41.05
6,8.02,88.86,41.07
5,8.02,88.86,41.05
3,8.02,88.83,40.99
6,8.05,88.83,40.99
2,8.02,88.83,40.97
4,8.05,88.83,40.97
11,8.07,88.83,40.99
6,8.07,88.83,40.97
3,7.99,88.86,41.03
2,8.01,88.85,40.97
2,8.01,88.85,40.99
2,7.99,88.86,41.01
9,8.05,88.86,41.12
8,8.05,88.86,41.14
9,8.05,88.86,41.16
12,8.05,88.86,41.18
24,8.02,88.86,41.2
48,8.05,88.82,41.23
26,7.99,88.88,41.21
23,7.94,88.88,41.21
25,7.94,88.89,41.25
7,8.04,88.87,41.12
7,8.04,88.87,41.14
5,8.01,88.88,41.12
6,8.01,88.88,41.14
5,8,88.89,41.12
6,8,88.89,41.14
5,7.95,88.88,41.12
4,7.98,88.88,41.12
7,7.95,88.88,41.14
6,7.98,88.88,41.14
6,7.94,88.9,41.12
8,7.94,88.9,41.14
9,8.04,88.87,41.16
13,8.04,88.87,41.18
8,8.01,88.88,41.16
13,8.01,88.88,41.18
9,8,88.89,41.16
14,8,88.89,41.18
10,7.95,88.88,41.16
9,7.98,88.88,41.16
15,7.95,88.88,41.18
14,7.98,88.88,41.18
11,7.94,88.9,41.16
15,7.94,88.9,41.18
2,7.98,88.88,41.01
2,7.98,88.88,41.03
7,8.04,88.87,41.08
7,8.04,88.87,41.1
4,8.01,88.88,41.08
4,8.01,88.88,41.1
4,8,88.89,41.1
4,8,88.89,41.08
3,7.95,88.88,41.08
3,7.98,88.88,41.08
4,7.95,88.88,41.1
4,7.98,88.88,41.1
4,8.01,88.88,41.07
3,8.01,88.88,41.05
3,8,88.89,41.07
3,8,88.89,41.05
3,7.98,88.88,41.07
2,7.98,88.88,41.05
4,7.94,88.9,41.1
3,7.94,88.9,41.08
4,7.93,88.88,41.1
3,7.93,88.88,41.08
5,7.88,88.89,41.09
7,7.83,88.89,41.09
7,7.77,88.9,41.09
2,7.94,88.88,41.06
3,7.88,88.89,41.06
4,7.83,88.89,41.06
5,7.77,88.9,41.06
2,7.94,88.88,41.02
2,7.88,88.89,41.02
3,7.83,88.89,41.02
3,7.77,88.9,41.02
2,7.83,88.89,40.98
2,7.77,88.9,40.98
2,7.61,88.88,41.16
5,7.67,88.91,41.13
7,7.72,88.9,41.13
4,7.67,88.92,41.17
6,7.72,88.91,41.17
7,7.75,88.93,41.13
9,7.8,88.92,41.13
9,7.86,88.92,41.13
8,7.91,88.91,41.13
7,7.75,88.93,41.17
10,7.8,88.92,41.17
12,7.86,88.92,41.17
14,7.91,88.91,41.17
5,7.72,88.91,41.21
2,7.69,88.88,41.22
3,7.73,88.92,41.24
3,7.67,88.93,41.2
2,7.7,88.89,41.26
2,7.72,88.89,41.27
6,7.75,88.93,41.21
9,7.8,88.92,41.21
14,7.86,88.91,41.21
19,7.91,88.91,41.21
11,7.86,88.92,41.25
18,7.91,88.91,41.25
4,7.64,88.89,41.05
4,7.6,88.86,41.09
5,7.66,88.91,41.09
6,7.72,88.9,41.09
5,7.66,88.9,41.05
5,7.72,88.9,41.06
4,7.64,88.89,41.01
3,7.64,88.88,40.98
4,7.61,88.85,41.02
4,7.66,88.9,41.02
4,7.72,88.9,41.02
3,7.66,88.91,40.98
3,7.72,88.9,40.98
2,8.03,88.85,40.95
3,8.06,88.84,40.95
2,8.03,88.85,40.93
2,8.06,88.84,40.93
2,8.02,88.86,40.95
4,8.09,88.84,40.95
3,8.09,88.84,40.93
3,8.08,88.86,40.95
2,8.08,88.86,40.93
2,8.07,88.84,40.9
2,8.02,88.85,40.9
2,7.88,88.89,40.86
2,7.8,88.92,40.94
2,7.75,88.93,40.94
2,7.66,88.88,40.84
2,7.74,88.87,40.86
2,7.72,88.9,40.9
2,7.74,88.87,40.82
2,7.83,88.89,40.86
2,7.77,88.9,40.86
2,7.8,88.92,40.9
2,7.75,88.93,40.9
2,7.77,88.9,40.82
2,8.02,88.85,40.86
3,7.88,88.83,40.78
3,7.93,88.83,40.78
2,7.96,88.85,40.82
2,7.91,88.86,40.82
4,7.88,88.83,40.74
2,7.99,88.88,40.86
2,7.94,88.88,40.86
9,7.93,88.77,40.7
6,7.96,88.8,40.74
4,7.99,88.82,40.78
3,8.02,88.85,40.82
7,7.9,88.8,40.7
5,7.93,88.83,40.74
11,8.01,88.76,40.69
12,8.04,88.75,40.71
13,8.07,88.69,40.74
5,8.07,88.8,40.78
6,8.11,88.78,40.79
8,8.07,88.77,40.75
8,8.1,88.71,40.78
10,7.98,88.77,40.7
9,8.02,88.75,40.73
7,8.01,88.8,40.74
5,8.04,88.82,40.78
15,8.01,88.75,40.66
15,8.04,88.73,40.68
13,7.99,88.77,40.66
13,7.87,88.75,40.6
11,7.93,88.77,40.66
9,7.9,88.8,40.66
14,7.87,88.75,40.53
13,7.93,88.8,40.46
9,7.82,88.81,40.61
11,7.82,88.81,40.53
11,7.88,88.85,40.47
12,7.94,88.9,40.41
3,7.85,88.86,40.78
2,7.8,88.87,40.78
2,7.88,88.89,40.82
2,7.83,88.89,40.82
5,7.71,88.82,40.68
5,7.79,88.81,40.7
3,7.77,88.84,40.74
6,7.79,88.81,40.67
5,7.88,88.83,40.7
5,7.82,88.84,40.7
3,7.85,88.86,40.74
3,7.8,88.87,40.74
7,7.88,88.83,40.66
6,7.82,88.84,40.66
6,7.77,88.87,40.61
8,7.83,88.92,40.52
9,7.9,88.96,40.48
3,7.74,88.87,40.74
2,7.66,88.88,40.76
2,7.74,88.87,40.78
3,7.77,88.9,40.74
2,7.77,88.9,40.78
3,7.66,88.88,40.68
2,7.72,88.96,40.9
2,7.72,88.96,40.94
2,7.69,88.93,40.94
2,7.69,88.93,40.9
3,7.61,88.94,40.92
2,7.61,88.94,40.84
2,7.61,88.94,40.76
2,7.61,88.94,40.68
2,7.38,88.85,40.53
2,7.44,88.9,40.61
3,7.55,88.89,40.61
4,7.55,88.89,40.53
3,7.44,88.9,40.53
4,7.51,88.94,40.48
3,7.61,88.94,40.61
4,7.72,88.93,40.61
4,7.56,88.97,40.48
4,7.61,88.94,40.52
6,7.72,88.93,40.52
6,7.78,88.98,40.52
8,7.78,88.98,40.46
9,7.88,88.98,40.46
4,7.49,88.96,40.46
2,7.33,88.96,40.47
4,7.56,89.02,40.46
6,7.67,88.99,40.46
6,7.73,89.04,40.46
14,8.04,88.78,40.39
13,7.99,88.84,40.4
13,8,88.95,40.41
10,7.84,89.02,40.4
12,7.95,89,40.4
6,7.62,89.04,40.4
4,7.46,89.06,40.4
7,7.68,89.09,40.4
9,7.79,89.08,40.4
13,8.08,88.62,40.44
12,8.14,88.65,40.38
11,8.14,88.59,40.43
11,8.13,88.57,40.4
10,8.19,88.56,40.46
11,8.19,88.59,40.38
9,8.14,88.54,40.38
8,8.23,88.52,40.38
65,8.1,88.81,41.25
42,8.05,88.87,41.25
57,8.08,88.82,41.27
21,7.99,88.89,41.29
22,8.02,88.83,41.3
33,7.99,88.88,41.25
35,8.03,88.88,41.26
8,8.02,88.83,41.33
5,7.97,88.83,41.33
3,7.94,88.83,41.34
15,7.94,88.9,41.28
14,7.97,88.89,41.3
5,7.92,88.89,41.33
3,7.87,88.9,41.33
2,7.89,88.83,41.34
7,7.8,88.92,41.25
3,7.81,88.89,41.29
2,7.83,88.9,41.33
3,7.83,88.89,41.3
11,7.92,88.92,41.29
7,7.86,88.92,41.29
4,7.75,88.93,41.25
2,5.68,91.55,41.43
2,5.64,91.11,41.43
3,7.56,88.93,41.06
2,7.51,88.89,41.09
3,7.56,88.92,40.99
2,7.44,88.94,40.98
2,7.5,88.87,41.02
2,5.91,91.64,41.19
2,5.91,91.64,41.04
4,5.88,91.31,41.11
4,5.84,90.87,41.11
2,5.8,90.43,41.11
2,7.39,88.96,40.92
2,7.5,88.95,40.92
2,7.39,88.96,40.84
2,7.5,88.95,40.84
2,7.5,88.95,40.76
2,7.5,88.95,40.68
3,6.12,91.51,40.85
5,6.08,91.07,40.86
4,6.04,90.63,40.86
2,6.24,90.39,40.64
3,6.28,90.83,40.64
3,6.32,91.27,40.64
2,6.48,90.59,40.44
2,6.52,91.04,40.44
345,8.12,88.8,41.05
389,8.12,88.8,41.06
1668,8.15,88.77,41.06
303,8.12,88.8,41.08
925,8.15,88.78,41.1
183,8.11,88.81,41.05
209,8.11,88.81,41.07
87,8.1,88.83,41.05
97,8.1,88.83,41.07
181,8.11,88.81,41.08
86,8.1,88.83,41.08
121,8.11,88.81,41.1
66,8.1,88.83,41.1
435,8.13,88.78,41.11
42,8.09,88.84,41.05
47,8.09,88.84,41.07
23,8.08,88.86,41.07
21,8.08,88.86,41.05
43,8.09,88.84,41.08
35,8.09,88.84,41.1
22,8.08,88.86,41.08
19,8.08,88.86,41.1
202,8.12,88.8,41.03
82,8.13,88.8,41.01
696,8.16,88.77,41.02
32,8.13,88.8,40.99
13,8.13,88.8,40.97
99,8.16,88.76,40.98
29,8.19,88.76,40.95
113,8.11,88.81,41.03
61,8.1,88.83,41.03
57,8.11,88.81,41.01
34,8.1,88.83,41.01
26,8.11,88.81,40.99
18,8.1,88.83,40.99
12,8.11,88.81,40.97
9,8.1,88.83,40.97
73,8.11,88.82,41.12
45,8.1,88.83,41.12
30,8.1,88.83,41.14
174,8.13,88.79,41.14
24,8.1,88.83,41.16
69,8.12,88.8,41.18
120,8.16,88.8,41.18
26,8.09,88.84,41.12
20,8.09,88.84,41.14
16,8.08,88.86,41.12
14,8.08,88.86,41.14
16,8.09,88.84,41.16
13,8.08,88.86,41.16
17,8.09,88.85,41.18
15,8.08,88.86,41.18
39,8.11,88.8,41.19
108,8.15,88.8,41.22
24,8.07,88.86,41.2
45,8.11,88.86,41.22
93,8.13,88.81,41.23
7,8.15,88.78,40.79
6,8.19,88.72,40.82
6,8.2,88.72,40.81
17,8.09,88.74,40.69
27,8.11,88.68,40.68
10,8.15,88.77,40.76
11,8.13,88.76,40.75
14,8.09,88.75,40.71
19,8.15,88.69,40.73
25,8.03,88.7,40.59
19,8.07,88.74,40.66
38,8.08,88.66,40.64
19,7.98,88.74,40.6
20,8.03,88.68,40.53
16,8.09,88.73,40.45
15,8.15,88.77,40.39
17,7.98,88.74,40.53
15,8.04,88.79,40.46
49,8.23,88.75,40.96
17,8.2,88.81,40.93
8,8.15,88.81,40.94
6,8.13,88.84,40.94
3,8.12,88.8,40.86
4,8.15,88.81,40.9
4,8.13,88.8,40.83
4,8.16,88.8,40.86
5,8.19,88.74,40.88
8,8.2,88.81,40.9
16,8.23,88.74,40.92
5,8.15,88.79,40.82
5,8.19,88.73,40.85
3,8.1,88.81,40.86
3,8.13,88.84,40.9
2,8.07,88.84,40.86
4,8.1,88.81,40.82
3,8.07,88.84,40.82
13,8.18,88.77,40.75
10,8.21,88.7,40.78
35,8.14,88.67,40.67
47,8.14,88.64,40.62
39,8.2,88.68,40.69
22,8.19,88.6,40.52
21,8.08,88.64,40.51
26,8.14,88.61,40.55
12,8.06,88.87,41.08
12,8.06,88.87,41.1
8,8.05,88.89,41.08
8,8.05,88.89,41.1
8,8.03,88.85,41.03
17,8.06,88.84,41.03
6,8.03,88.85,41.01
11,8.06,88.84,41.01
4,8.02,88.86,41.03
3,8.02,88.86,41.01
32,8.09,88.84,41.03
20,8.09,88.84,41.01
17,8.08,88.86,41.03
11,8.08,88.86,41.01
9,8.05,88.87,41.06
4,8.03,88.85,40.99
7,8.06,88.84,40.99
2,8.03,88.85,40.97
4,8.06,88.84,40.97
2,8.02,88.86,40.97
3,8.02,88.86,40.99
11,8.09,88.84,40.99
6,8.09,88.84,40.97
7,8.08,88.86,40.99
5,8.08,88.86,40.97
3,8.01,88.88,41.03
2,8.01,88.88,41.01
2,8,88.89,41.03
2,8,88.89,41.01
2,7.99,88.88,40.98
11,8.06,88.87,41.12
10,8.06,88.87,41.14
8,8.05,88.89,41.12
9,8.05,88.89,41.14
11,8.06,88.87,41.16
14,8.06,88.87,41.18
10,8.05,88.89,41.16
14,8.05,88.89,41.18
27,8.05,88.87,41.21
25,8.02,88.9,41.21
22,7.97,88.91,41.21
25,7.97,88.91,41.25
7,8.02,88.9,41.13
7,7.97,88.91,41.13
13,8.02,88.9,41.17
13,7.97,88.91,41.17
19,7.94,88.94,41.21
19,7.94,88.94,41.25
2,7.97,88.91,41.02
2,7.97,88.91,40.98
5,8.02,88.9,41.09
4,7.97,88.91,41.09
4,8.02,88.9,41.06
3,7.97,88.91,41.06
8,7.94,88.94,41.13
13,7.94,88.94,41.17
6,7.75,88.93,41.09
5,7.91,88.91,41.09
6,7.86,88.92,41.09
7,7.8,88.92,41.09
5,7.75,88.93,41.06
3,7.91,88.91,41.06
4,7.86,88.92,41.06
5,7.8,88.92,41.06
4,7.75,88.93,41.02
2,7.91,88.91,41.02
2,7.86,88.92,41.02
3,7.8,88.92,41.02
3,7.75,88.93,40.98
2,7.91,88.91,40.98
2,7.86,88.92,40.98
2,7.8,88.92,40.98
4,7.62,88.95,41.15
5,7.69,88.93,41.13
5,7.69,88.93,41.17
6,7.72,88.96,41.13
6,7.72,88.96,41.17
8,7.78,88.95,41.13
9,7.83,88.95,41.13
9,7.89,88.94,41.13
8,7.78,88.95,41.17
11,7.83,88.95,41.17
13,7.89,88.94,41.17
4,7.7,88.93,41.21
3,7.7,88.94,41.24
2,7.62,88.96,41.21
5,7.72,88.96,41.21
4,7.72,88.96,41.25
8,7.78,88.95,41.21
11,7.83,88.95,41.21
15,7.89,88.94,41.21
9,7.83,88.94,41.25
14,7.89,88.94,41.25
4,7.61,88.94,41.07
5,7.69,88.93,41.09
5,7.69,88.93,41.06
6,7.72,88.96,41.09
5,7.72,88.96,41.06
4,7.61,88.94,41
4,7.69,88.93,41.02
3,7.69,88.93,40.98
4,7.72,88.96,41.02
3,7.72,88.96,40.98
4,8.1,88.87,40.94
2,8.05,88.87,40.94
3,8.1,88.87,40.9
2,8.05,88.87,40.9
2,8.02,88.9,40.94
2,8.02,88.9,40.9
2,7.86,88.92,40.86
2,7.91,88.91,40.86
2,7.83,88.95,40.94
2,7.78,88.95,40.94
2,7.83,88.95,40.9
2,7.72,88.93,40.84
2,7.8,88.92,40.86
2,7.78,88.95,40.9
2,7.8,88.92,40.82
2,7.83,88.95,40.86
2,8.05,88.87,40.86
3,7.91,88.86,40.78
3,7.96,88.85,40.78
2,7.99,88.88,40.82
2,7.94,88.88,40.82
4,7.91,88.86,40.74
2,8.02,88.9,40.86
2,7.97,88.91,40.86
8,7.96,88.8,40.7
5,7.99,88.82,40.74
4,8.02,88.85,40.78
3,8.05,88.87,40.82
6,7.93,88.83,40.7
4,7.96,88.85,40.74
11,7.96,88.8,40.66
9,7.93,88.83,40.66
12,8.04,88.77,40.7
11,8.07,88.75,40.72
8,8.07,88.8,40.74
5,8.1,88.82,40.78
9,8.1,88.77,40.76
10,8.01,88.79,40.7
7,8.04,88.82,40.74
5,8.07,88.84,40.78
15,8.04,88.76,40.66
13,8.01,88.79,40.66
5,7.91,88.86,40.7
7,7.91,88.86,40.66
13,7.93,88.8,40.61
14,7.93,88.8,40.53
14,7.99,88.85,40.46
9,7.88,88.86,40.61
11,7.88,88.86,40.53
11,7.94,88.91,40.47
2,7.88,88.89,40.78
2,7.83,88.89,40.78
2,7.91,88.91,40.82
2,7.86,88.92,40.82
3,7.88,88.89,40.74
2,7.83,88.95,40.82
4,7.77,88.87,40.68
5,7.85,88.86,40.7
3,7.83,88.89,40.74
6,7.85,88.86,40.66
6,7.88,88.89,40.66
4,7.88,88.89,40.7
6,7.83,88.92,40.61
8,7.89,88.97,40.53
9,7.95,88.99,40.48
3,7.8,88.92,40.74
2,7.8,88.92,40.78
2,7.72,88.93,40.76
3,7.72,88.93,40.68
5,7.78,88.98,40.61
2,7.75,88.98,40.94
2,7.75,88.98,40.9
3,7.67,88.99,40.92
3,7.56,89,40.92
2,7.67,88.99,40.84
2,7.56,89,40.84
2,7.67,88.99,40.76
2,7.56,89,40.76
2,7.67,88.99,40.68
2,7.56,89,40.68
2,7.5,88.95,40.61
3,7.5,88.95,40.53
2,7.56,89,40.61
3,7.67,88.99,40.61
3,7.56,89,40.52
4,7.67,88.99,40.52
3,7.73,89.04,40.61
6,7.84,89.03,40.53
5,7.73,89.04,40.53
11,8,88.98,40.46
8,7.84,89.03,40.46
10,7.95,89,40.46
4,7.62,89.05,40.46
2,7.45,89.06,40.47
5,7.68,89.1,40.47
7,7.79,89.09,40.47
15,8.1,88.83,40.4
14,8.05,88.9,40.41
14,8.06,88.99,40.4
11,7.9,89.07,40.4
12,7.95,89.03,40.4
10,7.85,89.14,40.4
8,7.74,89.14,40.4
5,7.58,89.16,40.4
16,8.14,88.67,40.45
14,8.2,88.71,40.38
17,8.21,88.82,40.4
9,8.23,88.57,40.4
8,8.24,88.54,40.42
14,8.19,88.62,40.44
13,8.25,88.64,40.38
9,8.24,88.54,40.38
50,8.1,88.87,41.24
67,8.13,88.81,41.26
29,8.08,88.82,41.3
37,8.05,88.88,41.24
45,8.08,88.88,41.26
63,8.11,88.81,41.28
22,7.99,88.9,41.28
23,8.03,88.89,41.29
22,8.06,88.82,41.31
32,8.02,88.9,41.25
8,8.05,88.83,41.34
13,8.02,88.89,41.32
8,7.97,88.89,41.32
5,7.94,88.9,41.34
5,8,88.83,41.34
2,7.95,88.83,41.38
17,7.97,88.91,41.29
7,7.92,88.93,41.32
4,7.86,88.93,41.32
3,7.89,88.9,41.34
14,7.94,88.94,41.29
4,7.81,88.93,41.28
6,7.78,88.95,41.25
3,7.84,88.95,41.33
9,7.89,88.94,41.29
5,7.83,88.95,41.29
2,7.73,88.96,41.29
2,7.51,88.98,41.13
3,7.56,89,41.15
2,7.57,89.01,41.23
3,7.51,88.97,41.07
2,7.39,88.97,40.99
3,7.5,88.96,40.99
4,7.56,89,41.07
3,7.56,89,41
2,6.12,91.51,41.11
4,6.08,91.07,41.11
4,6.04,90.63,41.11
2,6,90.19,41.11
2,7.34,89.02,40.92
2,7.45,89.01,40.92
2,7.34,89.02,40.84
2,7.45,89.01,40.84
2,7.45,89.01,40.76
4,6.32,91.27,40.86
6,6.28,90.83,40.86
4,6.24,90.39,40.86
2,6.44,90.15,40.64
4,6.48,90.59,40.64
4,6.52,91.03,40.64
2,7.48,89.29,40.4
2,6.68,90.35,40.44
2,6.72,90.79,40.44
273,8.15,88.82,41.05
1161,8.19,88.78,41.06
993,8.22,88.78,41.07
247,8.15,88.82,41.09
805,8.18,88.79,41.1
800,8.22,88.78,41.11
897,8.23,88.77,41.06
108,8.13,88.84,41.06
107,8.13,88.84,41.09
33,8.1,88.87,41.06
34,8.1,88.87,41.09
511,8.23,88.77,41.03
122,8.15,88.81,41.02
550,8.19,88.77,41.03
169,8.23,88.76,40.99
30,8.15,88.81,40.98
132,8.19,88.77,40.99
55,8.13,88.84,41.02
18,8.13,88.84,40.98
408,8.18,88.8,41.14
418,8.21,88.79,41.15
62,8.13,88.84,41.13
217,8.16,88.8,41.15
40,8.12,88.85,41.16
79,8.16,88.86,41.18
190,8.19,88.8,41.19
28,8.1,88.87,41.13
24,8.1,88.87,41.17
75,8.16,88.86,41.21
134,8.18,88.8,41.23
33,8.1,88.87,41.21
62,8.14,88.87,41.22
84,8.18,88.81,41.25
12,8.24,88.71,40.79
7,8.15,88.82,40.78
7,8.19,88.79,40.8
8,8.21,88.78,40.78
8,8.24,88.72,40.81
15,8.1,88.77,40.7
19,8.1,88.76,40.66
22,8.12,88.73,40.66
11,8.13,88.79,40.73
11,8.15,88.81,40.74
17,8.16,88.75,40.72
18,8.21,88.69,40.75
26,8.09,88.73,40.6
19,8.04,88.79,40.61
22,8.09,88.73,40.53
19,8.15,88.78,40.45
18,8.04,88.79,40.53
17,8.1,88.84,40.46
82,8.27,88.75,40.96
31,8.24,88.81,40.94
13,8.19,88.83,40.94
8,8.16,88.86,40.94
32,8.27,88.74,40.92
3,8.15,88.82,40.86
6,8.18,88.83,40.9
4,8.15,88.82,40.82
5,8.2,88.8,40.86
7,8.23,88.73,40.88
12,8.23,88.81,40.9
5,8.19,88.79,40.83
7,8.23,88.72,40.85
3,8.13,88.84,40.86
5,8.16,88.86,40.9
3,8.1,88.87,40.86
4,8.13,88.84,40.82
3,8.1,88.87,40.82
13,8.18,88.79,40.73
12,8.21,88.77,40.75
24,8.26,88.7,40.77
27,8.14,88.71,40.65
27,8.2,88.73,40.68
42,8.26,88.68,40.72
34,8.14,88.69,40.6
52,8.21,88.65,40.63
57,8.25,88.64,40.61
89,8.31,88.67,40.68
23,8.2,88.64,40.51
26,8.25,88.61,40.55
24,8.14,88.67,40.53
13,8.08,88.9,41.09
20,8.1,88.87,41.02
6,8.05,88.87,41.02
11,8.08,88.9,41.06
8,8.1,88.87,40.98
3,8.05,88.87,40.98
3,8.02,88.9,41.02
2,8.02,88.9,40.98
14,8.08,88.9,41.13
17,8.08,88.9,41.17
29,8.08,88.9,41.21
26,8.05,88.93,41.21
22,8,88.93,41.21
26,8,88.93,41.25
10,8.05,88.93,41.13
8,8,88.93,41.13
15,8.05,88.93,41.17
14,8,88.93,41.17
19,7.97,88.96,41.21
16,7.92,88.97,41.21
21,7.97,88.96,41.25
16,7.92,88.97,41.25
2,7.94,88.94,41.02
2,7.94,88.94,40.98
2,8,88.93,41.02
2,8,88.93,40.98
7,8.05,88.93,41.09
5,8,88.93,41.09
5,7.94,88.94,41.09
6,8.05,88.93,41.06
3,8,88.93,41.06
3,7.94,88.94,41.06
9,7.97,88.96,41.13
9,7.92,88.97,41.13
14,7.97,88.96,41.17
13,7.92,88.97,41.17
6,7.78,88.95,41.09
6,7.89,88.94,41.09
6,7.83,88.95,41.09
5,7.78,88.95,41.06
4,7.89,88.94,41.06
4,7.83,88.95,41.06
3,7.78,88.95,41.02
2,7.89,88.94,41.02
3,7.83,88.95,41.02
2,7.78,88.95,40.98
2,7.89,88.94,40.98
2,7.83,88.95,40.98
5,7.67,88.99,41.15
7,7.75,88.98,41.13
7,7.75,88.98,41.17
8,7.81,88.98,41.13
9,7.86,88.97,41.13
9,7.81,88.98,41.17
11,7.86,88.97,41.17
8,7.78,89.01,41.13
9,7.78,89.01,41.17
12,7.89,89,41.17
9,7.89,89,41.13
3,7.67,88.99,41.23
6,7.75,88.98,41.21
5,7.75,88.98,41.25
9,7.81,88.98,41.21
12,7.86,88.97,41.21
8,7.81,88.98,41.25
11,7.86,88.97,41.25
8,7.78,89.01,41.21
7,7.78,89.01,41.25
14,7.89,89,41.21
13,7.89,89,41.25
5,7.67,88.99,41.07
6,7.75,88.98,41.09
5,7.75,88.98,41.06
4,7.67,88.99,41
4,7.75,88.98,41.02
3,7.75,88.98,40.98
5,8.13,88.89,40.94
3,8.08,88.9,40.94
3,8.13,88.89,40.9
2,8.08,88.9,40.9
2,8.05,88.93,40.94
2,8.05,88.93,40.9
2,7.89,88.94,40.94
2,8,88.93,40.94
2,8,88.93,40.9
2,7.94,88.94,40.9
2,7.89,88.94,40.86
2,7.94,88.94,40.86
2,7.86,88.97,40.9
2,7.86,88.97,40.94
2,7.81,88.98,40.94
2,7.81,88.98,40.9
2,7.78,89.01,40.94
2,7.78,89.01,40.9
2,7.86,88.97,40.86
2,7.78,88.98,40.84
6,8.13,88.84,40.78
5,8.1,88.87,40.78
2,8.08,88.9,40.86
3,8.08,88.9,40.82
3,7.94,88.88,40.78
3,7.99,88.88,40.78
3,8.02,88.9,40.82
2,7.97,88.91,40.82
4,7.94,88.88,40.74
2,7.94,88.94,40.82
2,8.05,88.93,40.86
2,8,88.93,40.86
3,8.05,88.93,40.82
8,7.99,88.82,40.7
5,8.02,88.85,40.74
4,8.05,88.87,40.78
6,7.96,88.85,40.7
4,7.99,88.88,40.74
10,7.99,88.82,40.66
9,7.96,88.85,40.66
10,8.04,88.82,40.7
7,8.07,88.84,40.74
12,8.07,88.79,40.7
9,8.1,88.81,40.74
15,8.07,88.79,40.67
13,8.04,88.82,40.66
9,8.13,88.84,40.74
7,8.1,88.87,40.74
5,7.94,88.88,40.7
7,7.94,88.88,40.66
13,7.99,88.85,40.61
14,7.99,88.85,40.53
14,8.05,88.9,40.47
9,7.94,88.91,40.61
11,7.94,88.91,40.53
12,8,88.95,40.48
3,7.91,88.91,40.74
3,7.91,88.91,40.78
2,7.86,88.92,40.78
2,7.89,88.94,40.82
3,7.86,88.92,40.74
2,7.83,88.95,40.78
2,7.86,88.97,40.82
3,7.83,88.95,40.74
6,7.91,88.91,40.66
4,7.91,88.91,40.7
4,7.83,88.92,40.68
6,7.89,88.97,40.61
9,7.95,89.02,40.53
2,7.78,88.98,40.76
3,7.78,88.98,40.68
5,7.84,89.03,40.61
7,7.9,89.07,40.54
3,7.51,89.06,40.92
3,7.73,89.04,40.92
3,7.62,89.05,40.92
2,7.51,89.06,40.84
2,7.73,89.04,40.84
2,7.62,89.05,40.84
2,7.51,89.06,40.76
2,7.73,89.04,40.76
2,7.62,89.05,40.76
2,7.51,89.06,40.68
3,7.73,89.04,40.68
2,7.62,89.05,40.68
2,7.62,89.05,40.61
3,7.62,89.05,40.53
2,7.46,89.06,40.57
4,7.79,89.09,40.61
3,7.68,89.1,40.61
5,7.79,89.09,40.53
4,7.68,89.1,40.53
5,7.85,89.13,40.55
19,8.22,88.85,40.45
13,8.06,89,40.46
9,7.9,89.08,40.47
10,7.95,89.04,40.47
7,7.85,89.14,40.48
5,7.74,89.15,40.48
3,7.58,89.17,40.48
16,8.16,88.88,40.4
15,8.11,88.94,40.4
14,8.06,89.02,40.4
12,7.96,89.13,40.4
13,8.01,89.07,40.4
10,7.91,89.17,40.4
9,7.8,89.2,40.4
7,7.7,89.27,40.4
19,8.3,88.59,40.52
5,8.35,88.54,40.42
18,8.27,88.85,40.4
8,8.35,88.54,40.38
19,8.2,88.72,40.45
17,8.26,88.76,40.39
10,8.25,88.58,40.42
9,8.3,88.56,40.45
18,8.25,88.66,40.44
15,8.31,88.7,40.38
10,8.3,88.58,40.38
43,8.1,88.89,41.24
59,8.13,88.87,41.25
64,8.16,88.81,41.27
33,8.08,88.88,41.29
26,8.11,88.82,41.3
39,8.08,88.9,41.25
51,8.11,88.88,41.27
24,8.02,88.91,41.29
25,8.06,88.89,41.3
33,8.05,88.93,41.25
12,8.1,88.82,41.33
13,8.05,88.9,41.33
8,8.08,88.83,41.35
4,8.05,88.83,41.37
15,8.02,88.92,41.32
10,7.97,88.92,41.32
8,7.94,88.94,41.33
8,8,88.9,41.34
2,7.95,88.91,41.38
2,8,88.83,41.4
21,8,88.93,41.29
5,7.89,88.95,41.33
2,7.84,88.97,41.37
17,7.97,88.96,41.29
12,7.92,88.97,41.29
6,7.92,88.97,41.33
4,7.86,88.97,41.33
3,7.78,88.98,41.31
8,7.86,88.97,41.29
10,7.89,89,41.29
6,7.89,89,41.33
2,7.68,89,41.31
3,7.73,89.04,41.31
2,7.51,89.06,41.15
4,7.62,89.05,41.15
3,7.62,89.05,41.23
2,7.45,89.01,41.07
2,7.45,89.01,41
3,7.51,89.06,41.07
5,7.62,89.05,41.07
3,7.51,89.06,41
4,7.62,89.05,41
3,6.32,91.27,41.11
5,6.28,90.83,41.11
4,6.24,90.39,41.11
2,7.4,89.07,40.92
2,7.4,89.07,40.84
3,7.46,89.12,40.92
2,7.46,89.12,40.84
2,7.46,89.12,40.76
2,7.16,89.42,40.88
2,7.16,89.42,40.73
5,6.52,91.03,40.86
6,6.48,90.59,40.86
3,6.44,90.15,40.86
2,7.48,89.29,40.51
2,7.27,89.52,40.58
4,6.68,90.35,40.64
5,6.72,90.79,40.64
5,7.59,89.35,40.41
3,7.4,89.62,40.43
2,7.3,89.74,40.43
2,6.88,90.11,40.44
3,6.92,90.55,40.44
192,8.18,88.84,41.05
556,8.23,88.83,41.07
197,8.18,88.84,41.09
463,8.23,88.84,41.1
754,8.25,88.78,41.12
518,8.24,88.83,41.05
852,8.26,88.77,41.07
769,8.26,88.77,41.11
84,8.16,88.86,41.06
96,8.16,88.86,41.09
33,8.13,88.89,41.06
38,8.13,88.89,41.09
534,8.27,88.76,41.03
289,8.24,88.82,41.02
102,8.18,88.83,41.02
225,8.27,88.75,41
105,8.24,88.82,40.98
36,8.19,88.83,40.98
47,8.16,88.86,41.02
20,8.16,88.86,40.98
137,8.18,88.85,41.12
266,8.21,88.85,41.14
466,8.24,88.78,41.15
293,8.24,88.79,41.19
77,8.16,88.86,41.13
58,8.16,88.87,41.17
132,8.2,88.86,41.18
217,8.22,88.79,41.2
36,8.13,88.89,41.13
35,8.13,88.89,41.17
59,8.16,88.88,41.2
96,8.19,88.87,41.22
133,8.22,88.8,41.23
44,8.13,88.89,41.21
77,8.18,88.88,41.24
60,8.21,88.81,41.27
8,8.21,88.82,40.77
12,8.24,88.78,40.77
7,8.19,88.83,40.78
9,8.24,88.79,40.79
14,8.26,88.72,40.83
19,8.15,88.78,40.68
11,8.18,88.83,40.74
18,8.21,88.76,40.73
26,8.15,88.78,40.61
19,8.1,88.84,40.61
23,8.15,88.78,40.53
21,8.21,88.82,40.47
19,8.1,88.84,40.53
18,8.15,88.88,40.47
75,8.32,88.74,40.92
55,8.32,88.72,40.87
61,8.3,88.74,40.93
130,8.31,88.75,40.96
48,8.27,88.82,40.94
23,8.24,88.84,40.94
17,8.22,88.86,40.94
11,8.19,88.89,40.94
15,8.27,88.73,40.87
22,8.27,88.81,40.91
5,8.18,88.83,40.86
8,8.22,88.86,40.9
5,8.18,88.83,40.82
11,8.24,88.84,40.9
8,8.23,88.8,40.87
7,8.23,88.8,40.83
4,8.16,88.86,40.86
6,8.19,88.89,40.9
3,8.13,88.89,40.86
4,8.16,88.86,40.82
4,8.13,88.89,40.82
110,8.37,88.7,40.78
40,8.32,88.71,40.8
13,8.21,88.81,40.74
17,8.26,88.77,40.75
55,8.31,88.73,40.67
107,8.37,88.68,40.71
26,8.2,88.74,40.66
29,8.26,88.75,40.71
45,8.32,88.69,40.74
36,8.2,88.72,40.6
44,8.25,88.69,40.59
66,8.31,88.65,40.63
28,8.25,88.67,40.52
27,8.2,88.72,40.53
17,8.11,88.92,41.09
20,8.13,88.89,41.02
8,8.08,88.9,41.02
14,8.11,88.92,41.06
10,8.13,88.89,40.98
4,8.08,88.9,40.98
4,8.05,88.93,41.02
3,8.05,88.93,40.98
19,8.11,88.92,41.13
23,8.11,88.92,41.17
34,8.11,88.92,41.21
29,8.08,88.95,41.21
23,8.03,88.96,41.21
28,8.03,88.96,41.25
13,8.08,88.95,41.13
9,8.03,88.96,41.13
19,8.08,88.95,41.17
15,8.03,88.96,41.17
21,8,88.99,41.21
17,7.95,88.99,41.21
23,8,88.99,41.25
18,7.95,88.99,41.25
3,7.92,88.97,41.02
2,7.97,88.96,41.02
2,7.92,88.97,40.98
2,7.97,88.96,40.98
3,8.03,88.96,41.02
2,8.03,88.96,40.98
6,7.92,88.97,41.09
10,8.08,88.95,41.09
6,8.03,88.96,41.09
5,7.97,88.96,41.09
4,7.92,88.97,41.06
7,8.08,88.95,41.06
4,8.03,88.96,41.06
3,7.97,88.96,41.06
10,8,88.99,41.13
9,7.95,88.99,41.13
15,8,88.99,41.17
14,7.95,88.99,41.17
7,7.81,88.98,41.09
6,7.86,88.97,41.09
5,7.81,88.98,41.06
4,7.86,88.97,41.06
7,7.78,89.01,41.09
5,7.78,89.01,41.06
4,7.89,89,41.06
6,7.89,89,41.09
3,7.81,88.98,41.02
3,7.86,88.97,41.02
2,7.81,88.98,40.98
2,7.86,88.97,40.98
3,7.78,89.01,40.98
4,7.78,89.01,41.02
2,7.89,89,40.98
3,7.89,89,41.02
7,7.73,89.04,41.15
11,7.84,89.03,41.15
13,7.92,89.02,41.17
10,7.92,89.02,41.13
6,7.73,89.04,41.23
11,7.84,89.03,41.23
16,7.92,89.02,41.21
16,7.92,89.02,41.25
6,7.73,89.04,41.07
4,7.73,89.04,41
7,7.68,89.1,41.07
5,7.68,89.1,41
5,7.68,89.1,41.23
7,7.68,89.1,41.15
7,8.16,88.92,40.94
3,8.11,88.92,40.94
5,8.16,88.92,40.9
3,8.11,88.92,40.9
3,8.08,88.95,40.9
3,8.08,88.95,40.94
2,8.03,88.96,40.94
2,8.03,88.96,40.9
2,8,88.99,40.94
2,8,88.99,40.9
2,7.92,88.97,40.94
2,7.97,88.96,40.94
2,7.92,88.97,40.9
2,7.97,88.96,40.9
2,7.89,89,40.94
2,7.89,89,40.9
2,7.92,88.97,40.86
2,7.97,88.96,40.86
2,7.92,88.97,40.82
2,7.89,89,40.86
2,7.89,89,40.82
2,7.84,89.03,40.92
2,7.84,89.03,40.84
4,8.08,88.9,40.78
6,8.16,88.86,40.78
5,8.13,88.89,40.78
3,8.11,88.92,40.86
3,8.11,88.92,40.82
3,7.97,88.91,40.78
4,8.02,88.9,40.78
3,8,88.93,40.82
4,7.97,88.91,40.74
3,7.94,88.94,40.78
2,7.97,88.96,40.82
4,7.94,88.94,40.74
4,8.05,88.93,40.78
3,8.08,88.95,40.82
3,8.08,88.95,40.86
2,8.03,88.96,40.86
3,8.03,88.96,40.82
3,8,88.99,40.82
2,8,88.99,40.86
8,8.02,88.85,40.7
6,8.05,88.87,40.74
6,7.99,88.88,40.7
5,8.02,88.9,40.74
10,8.02,88.85,40.66
9,7.99,88.88,40.66
6,8.08,88.9,40.74
6,8.05,88.93,40.74
13,8.1,88.84,40.68
9,8.16,88.86,40.74
8,8.13,88.89,40.74
5,7.97,88.91,40.7
7,7.97,88.91,40.66
5,7.94,88.94,40.7
6,7.94,88.94,40.66
14,8.05,88.9,40.61
15,8.05,88.9,40.53
15,8.1,88.94,40.48
10,8,88.96,40.61
12,8,88.96,40.53
13,8.06,88.98,40.48
3,7.89,88.97,40.76
4,7.89,88.97,40.68
7,7.95,89.02,40.61
10,8.01,89.06,40.54
3,7.84,89.03,40.76
4,7.84,89.03,40.68
5,7.9,89.08,40.61
8,7.96,89.12,40.55
3,7.57,89.11,40.92
3,7.79,89.09,40.92
3,7.68,89.1,40.92
2,7.57,89.11,40.84
2,7.79,89.09,40.84
2,7.68,89.1,40.84
4,7.85,89.14,40.6
6,7.91,89.16,40.56
2,7.57,89.11,40.76
2,7.79,89.09,40.76
2,7.68,89.1,40.76
2,7.57,89.11,40.68
3,7.79,89.09,40.68
2,7.68,89.1,40.68
3,7.74,89.15,40.61
4,7.74,89.14,40.54
2,7.57,89.16,40.58
4,7.79,89.19,40.56
4,7.8,89.2,40.61
22,8.27,88.87,40.46
18,8.17,88.9,40.45
16,8.12,88.96,40.46
14,8.06,89.03,40.47
10,7.96,89.13,40.49
12,8.01,89.07,40.48
8,7.91,89.17,40.5
6,7.8,89.2,40.5
4,7.7,89.27,40.51
19,8.27,88.89,40.4
18,8.22,88.93,40.4
17,8.17,88.99,40.4
15,8.12,89.06,40.4
13,8.02,89.16,40.4
14,8.07,89.12,40.4
10,7.91,89.21,40.4
10,7.86,89.25,40.4
9,7.81,89.33,40.41
102,8.41,88.67,40.67
58,8.36,88.64,40.6
22,8.31,88.63,40.5
22,8.36,88.61,40.55
7,8.41,88.59,40.51
9,8.35,88.58,40.42
5,8.41,88.55,40.44
18,8.32,88.81,40.4
9,8.41,88.57,40.38
23,8.26,88.77,40.46
14,8.3,88.61,40.44
21,8.31,88.71,40.45
17,8.37,88.75,40.39
12,8.36,88.63,40.38
50,8.13,88.9,41.24
63,8.17,88.88,41.26
53,8.19,88.81,41.28
29,8.16,88.82,41.3
33,8.08,88.91,41.28
34,8.11,88.89,41.3
20,8.14,88.82,41.31
43,8.11,88.92,41.25
28,8.05,88.93,41.29
36,8.08,88.95,41.25
20,8.11,88.9,41.33
9,8.14,88.82,41.34
17,8.05,88.94,41.33
14,8.09,88.9,41.34
7,8.05,88.91,41.36
3,8.1,88.83,41.39
4,7.95,88.95,41.37
12,8,88.94,41.33
10,7.97,88.96,41.33
3,8,88.91,41.39
2,8.06,88.83,41.42
24,8.03,88.96,41.29
15,8.03,88.96,41.33
2,8.11,88.83,41.46
2,7.89,88.98,41.38
20,8,88.99,41.29
14,7.95,88.99,41.29
13,8,88.99,41.33
9,7.95,88.99,41.33
2,7.84,89.03,41.39
13,7.92,89.02,41.29
8,7.92,89.02,41.33
6,7.84,89.03,41.31
2,7.68,89.1,41.31
2,7.79,89.09,41.39
5,7.79,89.09,41.31
2,7.46,89.12,41.15
4,7.57,89.11,41.15
2,7.57,89.11,41.23
2,7.4,89.07,41.07
2,7.4,89.07,41
3,7.46,89.12,41.07
5,7.57,89.11,41.07
3,7.46,89.12,41
4,7.57,89.11,41
2,7.16,89.42,41.04
3,6.52,91.03,41.11
5,6.48,90.59,41.11
3,6.44,90.15,41.11
2,7.36,89.18,40.88
3,7.52,89.17,40.92
3,7.52,89.17,40.84
2,7.26,89.3,40.88
2,7.36,89.18,40.72
2,7.52,89.17,40.76
2,7.52,89.17,40.68
2,7.48,89.27,40.6
2,7.26,89.3,40.72
2,7.37,89.35,40.62
3,7.05,89.54,40.88
4,7.27,89.52,40.88
3,7.28,89.52,40.74
2,7.06,89.54,40.75
3,6.64,89.91,40.86
2,6.76,91.23,40.86
7,6.72,90.79,40.86
7,6.68,90.35,40.86
3,7.59,89.36,40.53
2,7.38,89.44,40.56
3,7.4,89.62,40.59
2,7.17,89.64,40.6
3,7.29,89.74,40.61
3,6.88,90.11,40.64
6,6.92,90.55,40.64
2,6.96,90.99,40.64
5,7.6,89.42,40.41
3,7.5,89.51,40.42
7,7.52,89.72,40.43
6,7.41,89.84,40.44
2,7.08,89.87,40.44
4,7.12,90.31,40.44
273,8.24,88.85,41.05
175,8.21,88.86,41.06
196,8.21,88.86,41.09
439,8.25,88.84,41.11
474,8.27,88.83,41.06
445,8.26,88.84,41.09
770,8.3,88.77,41.08
695,8.29,88.78,41.11
76,8.19,88.89,41.06
91,8.19,88.89,41.09
34,8.16,88.92,41.06
41,8.16,88.92,41.09
557,8.3,88.76,41.04
282,8.27,88.83,41.02
161,8.24,88.84,41.01
93,8.21,88.86,41.02
288,8.3,88.75,41
122,8.27,88.82,40.98
63,8.24,88.84,40.98
40,8.22,88.86,40.98
45,8.19,88.89,41.02
22,8.19,88.89,40.98
168,8.21,88.87,41.13
293,8.25,88.85,41.14
190,8.24,88.86,41.17
464,8.28,88.78,41.15
272,8.27,88.79,41.19
118,8.27,88.8,41.23
89,8.19,88.89,41.13
78,8.19,88.89,41.17
153,8.23,88.86,41.19
44,8.16,88.92,41.13
47,8.16,88.92,41.17
72,8.19,88.9,41.21
113,8.22,88.87,41.22
103,8.25,88.8,41.24
53,8.16,88.92,41.21
67,8.19,88.91,41.23
80,8.21,88.88,41.25
42,8.24,88.81,41.27
9,8.24,88.83,40.78
8,8.22,88.86,40.78
11,8.21,88.86,40.74
13,8.24,88.83,40.74
12,8.27,88.79,40.81
20,8.21,88.83,40.68
27,8.21,88.83,40.61
20,8.16,88.89,40.61
26,8.21,88.83,40.53
24,8.27,88.85,40.48
21,8.16,88.89,40.53
41,8.32,88.82,40.9
300,8.37,88.74,40.95
198,8.43,88.71,40.86
25,8.32,88.8,40.85
195,8.38,88.72,40.88
36,8.31,88.82,40.91
71,8.31,88.82,40.95
30,8.27,88.86,40.94
21,8.24,88.88,40.94
13,8.22,88.91,40.94
7,8.24,88.84,40.86
16,8.27,88.86,40.9
6,8.21,88.86,40.86
12,8.24,88.88,40.9
7,8.24,88.84,40.82
6,8.22,88.86,40.82
12,8.27,88.8,40.85
5,8.19,88.89,40.86
8,8.22,88.91,40.9
4,8.16,88.92,40.86
5,8.19,88.89,40.82
5,8.16,88.92,40.82
168,8.43,88.7,40.79
55,8.37,88.77,40.76
17,8.26,88.81,40.74
25,8.32,88.78,40.78
50,8.31,88.74,40.65
70,8.37,88.74,40.7
140,8.42,88.68,40.73
30,8.26,88.78,40.68
35,8.32,88.76,40.72
37,8.26,88.77,40.61
48,8.31,88.72,40.6
32,8.31,88.71,40.53
30,8.26,88.77,40.53
24,8.32,88.84,40.45
21,8.14,88.95,41.09
22,8.16,88.92,41.02
9,8.11,88.92,41.02
16,8.14,88.95,41.06
12,8.16,88.92,40.98
5,8.11,88.92,40.98
5,8.08,88.95,41.02
4,8.08,88.95,40.98
25,8.14,88.95,41.13
31,8.14,88.95,41.17
40,8.14,88.95,41.21
33,8.11,88.98,41.21
26,8.06,88.98,41.21
30,8.06,88.98,41.25
17,8.11,88.98,41.13
11,8.06,88.98,41.13
24,8.11,88.98,41.17
18,8.06,88.98,41.17
23,8.03,89.01,41.21
26,8.03,89.01,41.25
19,7.98,89.02,41.21
20,7.98,89.02,41.25
18,7.95,89.05,41.21
19,7.95,89.05,41.25
3,7.95,88.99,41.02
3,8,88.99,41.02
2,7.95,88.99,40.98
2,8,88.99,40.98
4,8.06,88.98,41.02
3,8.06,88.98,40.98
13,8.11,88.98,41.09
9,8.11,88.98,41.06
6,7.95,88.99,41.09
8,8.06,88.98,41.09
6,8,88.99,41.09
4,7.95,88.99,41.06
5,8.06,88.98,41.06
4,8,88.99,41.06
11,8.03,89.01,41.13
17,8.03,89.01,41.17
11,7.98,89.02,41.13
15,7.98,89.02,41.17
15,7.95,89.05,41.17
12,7.95,89.05,41.13
5,7.92,89.02,41.06
7,7.92,89.02,41.09
7,7.84,89.03,41.07
3,7.92,89.02,40.98
3,7.92,89.02,41.02
4,7.84,89.03,41
10,7.79,89.09,41.15
14,7.9,89.08,41.15
9,7.79,89.09,41.23
16,7.9,89.08,41.23
8,7.79,89.09,41.07
5,7.79,89.09,41
9,7.74,89.15,41.07
6,7.63,89.16,41.07
6,7.74,89.15,41
5,7.63,89.16,41
8,7.74,89.15,41.23
4,7.63,89.16,41.23
10,7.74,89.15,41.15
6,7.63,89.16,41.15
6,8.19,88.94,40.9
9,8.19,88.94,40.94
5,8.14,88.95,40.94
4,8.14,88.95,40.9
4,8.11,88.98,40.94
3,8.11,88.98,40.9
3,8.06,89.01,40.92
2,7.95,89.02,40.92
3,7.95,89.02,40.84
3,7.9,89.08,40.92
3,7.9,89.08,40.84
5,8.11,88.92,40.78
7,8.19,88.89,40.78
6,8.16,88.92,40.78
10,8.19,88.89,40.74
9,8.16,88.92,40.74
4,8.14,88.95,40.86
4,8.14,88.95,40.82
4,8.11,88.98,40.86
4,8.11,88.98,40.82
5,8.08,88.95,40.78
4,8,88.96,40.76
4,8.06,89.01,40.84
9,8.05,88.9,40.68
7,8.11,88.92,40.74
6,8.08,88.95,40.74
14,8.16,88.89,40.68
7,8,88.96,40.68
15,8.11,88.95,40.61
17,8.11,88.95,40.53
11,8.06,89.01,40.61
13,8.06,89.01,40.53
4,7.95,89.02,40.76
5,7.95,89.02,40.68
8,8.01,89.07,40.61
12,8.07,89.11,40.55
3,7.9,89.08,40.76
4,7.9,89.08,40.68
7,7.96,89.13,40.61
9,8.02,89.15,40.56
4,7.85,89.14,40.92
3,7.85,89.14,40.84
4,7.63,89.16,40.92
4,7.74,89.15,40.92
3,7.63,89.16,40.84
3,7.74,89.15,40.84
4,7.58,89.22,40.92
3,7.58,89.22,40.84
3,7.8,89.2,40.84
4,7.8,89.2,40.92
4,7.85,89.14,40.68
3,7.85,89.14,40.76
6,7.91,89.19,40.61
2,7.63,89.16,40.76
2,7.74,89.15,40.76
2,7.63,89.16,40.68
3,7.74,89.15,40.68
2,7.58,89.22,40.76
2,7.58,89.22,40.68
3,7.8,89.2,40.68
3,7.8,89.2,40.76
5,7.86,89.25,40.61
3,7.69,89.25,40.6
23,8.28,88.9,40.46
21,8.22,88.94,40.46
18,8.17,89,40.46
16,8.12,89.06,40.47
12,8.02,89.16,40.5
14,8.07,89.12,40.49
8,7.91,89.21,40.51
7,7.86,89.25,40.52
7,7.81,89.33,40.54
20,8.33,88.92,40.4
19,8.28,88.98,40.4
17,8.23,89.04,40.4
16,8.18,89.11,40.4
12,8.02,89.2,40.4
14,8.13,89.17,40.4
11,7.97,89.24,40.41
11,7.92,89.3,40.41
9,7.82,89.4,40.42
142,8.48,88.69,40.78
81,8.42,88.73,40.66
115,8.48,88.67,40.7
4,8.52,88.54,40.43
6,8.52,88.55,40.38
13,8.47,88.63,40.59
51,8.36,88.69,40.58
62,8.42,88.65,40.62
77,8.49,88.66,40.65
27,8.36,88.66,40.52
22,8.42,88.62,40.57
14,8.41,88.63,40.5
7,8.47,88.6,40.54
12,8.53,88.64,40.61
12,8.41,88.6,40.44
5,8.47,88.57,40.48
12,8.47,88.62,40.38
19,8.42,88.82,40.4
26,8.32,88.81,40.47
17,8.36,88.65,40.44
26,8.37,88.76,40.46
14,8.42,88.69,40.38
55,8.16,88.92,41.25
66,8.2,88.89,41.27
40,8.16,88.89,41.29
18,8.21,88.82,41.32
35,8.11,88.93,41.29
34,8.14,88.89,41.3
46,8.14,88.95,41.25
31,8.08,88.95,41.29
39,8.11,88.98,41.25
25,8.11,88.94,41.32
20,8.14,88.9,41.33
9,8.18,88.82,41.35
20,8.08,88.95,41.33
9,8.05,88.95,41.36
5,8.11,88.92,41.39
3,8.18,88.83,41.4
5,8,88.97,41.38
3,8.06,88.92,41.41
27,8.06,88.98,41.29
18,8.06,88.98,41.33
2,8.11,88.93,41.45
2,8.16,88.83,41.47
2,8,88.99,41.45
2,8.06,88.93,41.47
4,7.95,89.02,41.39
24,8.03,89.01,41.29
16,8.03,89.01,41.33
17,7.98,89.02,41.29
12,7.98,89.02,41.33
16,7.95,89.05,41.29
11,7.95,89.05,41.33
4,7.9,89.08,41.39
10,7.9,89.08,41.31
2,7.63,89.16,41.31
4,7.74,89.15,41.31
2,7.74,89.15,41.39
3,7.85,89.14,41.39
8,7.85,89.14,41.31
3,7.8,89.2,41.39
7,7.8,89.2,41.31
3,7.52,89.17,41.15
2,7.52,89.17,41.23
5,7.58,89.22,41.15
3,7.58,89.22,41.23
2,7.36,89.18,41.04
4,7.52,89.17,41.07
4,7.52,89.17,41
6,7.58,89.22,41.07
5,7.58,89.22,41
2,7.26,89.3,41.04
2,7.05,89.54,41.04
5,7.27,89.52,41.04
3,6.64,89.91,41.11
5,6.72,90.79,41.11
6,6.68,90.35,41.11
4,7.48,89.28,40.88
4,7.38,89.4,40.88
2,7.48,89.29,40.72
3,7.59,89.33,40.61
2,7.38,89.4,40.72
7,7.39,89.62,40.88
4,7.39,89.62,40.75
4,7.17,89.64,40.88
3,7.18,89.64,40.75
2,6.85,89.67,40.85
5,7.29,89.74,40.76
7,7.29,89.74,40.88
6,6.88,90.11,40.86
3,6.96,90.99,40.86
8,6.92,90.55,40.86
3,7.6,89.43,40.55
3,7.5,89.51,40.57
6,7.51,89.72,40.62
6,7.41,89.84,40.63
3,7.08,89.87,40.63
6,7.12,90.31,40.64
3,7.16,90.75,40.64
8,7.72,89.49,40.42
7,7.61,89.6,40.43
7,7.63,89.82,40.44
6,7.53,89.94,40.44
5,7.32,90.07,40.44
587,8.36,88.77,41.09
505,8.36,88.75,41.02
231,8.26,88.86,41.05
250,8.27,88.87,41.08
146,8.24,88.88,41.06
179,8.24,88.88,41.09
406,8.3,88.84,41.06
402,8.29,88.85,41.1
610,8.34,88.77,41.11
72,8.22,88.91,41.06
90,8.22,88.91,41.09
36,8.19,88.94,41.06
46,8.19,88.94,41.09
271,8.31,88.83,41.02
140,8.27,88.86,41.02
86,8.24,88.88,41.02
146,8.31,88.83,40.98
66,8.27,88.86,40.98
43,8.24,88.88,40.98
46,8.22,88.91,41.02
25,8.22,88.91,40.98
163,8.24,88.89,41.13
133,8.24,88.9,41.16
296,8.28,88.86,41.14
195,8.27,88.87,41.18
265,8.33,88.78,41.18
134,8.27,88.88,41.21
53,8.31,88.8,41.25
95,8.22,88.91,41.13
91,8.22,88.91,41.17
51,8.19,88.94,41.13
56,8.19,88.94,41.17
82,8.22,88.92,41.21
115,8.25,88.88,41.23
61,8.19,88.94,41.21
72,8.22,88.92,41.24
81,8.25,88.89,41.26
19,8.29,88.81,41.28
14,8.27,88.88,40.76
23,8.27,88.88,40.68
29,8.27,88.88,40.61
22,8.22,88.94,40.61
28,8.27,88.88,40.53
22,8.22,88.94,40.53
30,8.33,88.86,40.89
130,8.38,88.82,40.93
319,8.44,88.74,40.97
232,8.49,88.73,40.94
223,8.48,88.72,40.88
97,8.43,88.79,40.84
22,8.33,88.85,40.83
77,8.39,88.8,40.86
39,8.3,88.88,40.94
26,8.27,88.91,40.94
23,8.3,88.88,40.9
16,8.27,88.91,40.9
17,8.25,88.94,40.94
12,8.22,88.97,40.94
12,8.25,88.94,40.9
9,8.22,88.97,40.9
11,8.27,88.88,40.84
8,8.22,88.94,40.84
43,8.38,88.81,40.74
93,8.43,88.77,40.77
23,8.32,88.83,40.76
60,8.37,88.77,40.67
92,8.42,88.75,40.72
36,8.32,88.82,40.68
40,8.32,88.82,40.61
52,8.37,88.76,40.6
37,8.37,88.76,40.53
33,8.32,88.82,40.53
27,8.4,88.84,40.45
20,8.38,88.88,40.4
18,8.49,88.85,40.4
25,8.17,88.97,41.09
15,8.19,88.94,40.98
24,8.19,88.94,41.02
11,8.14,88.95,41.02
19,8.17,88.97,41.06
7,8.14,88.95,40.98
7,8.11,88.98,41.02
5,8.11,88.98,40.98
31,8.17,88.97,41.13
38,8.17,88.97,41.17
47,8.17,88.97,41.21
38,8.14,89,41.21
29,8.09,89.01,41.21
34,8.09,89.01,41.25
27,8.06,89.04,41.21
30,8.06,89.04,41.25
22,8.14,89,41.13
29,8.14,89,41.17
15,8.09,89.01,41.13
21,8.09,89.01,41.17
20,8.06,89.04,41.17
14,8.06,89.04,41.13
24,8.01,89.07,41.23
3,7.98,89.02,41.02
4,8.03,89.01,41.02
3,7.98,89.02,40.98
3,8.03,89.01,40.98
4,7.95,89.05,41.02
3,7.95,89.05,40.98
5,8.09,89.01,41.02
4,8.09,89.01,40.98
5,8.06,89.04,41.02
4,8.06,89.04,40.98
13,8.14,89,41.06
17,8.14,89,41.09
10,8.09,89.01,41.09
7,8.09,89.01,41.06
10,8.06,89.04,41.09
7,8.06,89.04,41.06
7,7.98,89.02,41.09
7,8.03,89.01,41.09
5,7.98,89.02,41.06
5,8.03,89.01,41.06
8,7.95,89.05,41.09
5,7.95,89.05,41.06
17,8.01,89.07,41.15
8,7.9,89.08,41.07
4,7.9,89.08,41
14,7.85,89.14,41.15
18,7.96,89.13,41.15
14,7.85,89.14,41.23
22,7.96,89.13,41.23
10,7.85,89.14,41.07
6,7.85,89.14,41
11,7.8,89.2,41.07
8,7.69,89.21,41.07
7,7.8,89.2,41
6,7.69,89.21,41
11,7.8,89.2,41.23
6,7.69,89.21,41.23
13,7.8,89.2,41.15
8,7.69,89.21,41.15
7,8.17,89,40.92
5,8.12,89.06,40.92
3,8.01,89.07,40.92
4,8.01,89.07,40.84
4,7.96,89.13,40.92
4,7.96,89.13,40.84
6,8.14,88.95,40.78
5,8.11,88.98,40.78
7,8.14,88.95,40.74
7,8.11,88.98,40.74
10,8.22,88.94,40.76
6,8.17,89,40.84
5,8.06,89.01,40.76
6,8.12,89.06,40.84
16,8.22,88.94,40.68
10,8.11,88.95,40.68
8,8.06,89.01,40.68
17,8.17,89,40.61
19,8.17,89,40.53
13,8.12,89.06,40.61
15,8.12,89.06,40.54
5,8.01,89.07,40.76
6,8.01,89.07,40.68
10,8.07,89.12,40.61
14,8.14,89.16,40.56
4,7.96,89.13,40.76
5,7.96,89.13,40.68
9,8.02,89.18,40.61
5,7.91,89.19,40.92
4,7.91,89.19,40.84
4,7.86,89.25,40.84
6,7.86,89.25,40.92
4,7.7,89.26,40.88
5,7.91,89.19,40.68
4,7.91,89.19,40.76
7,7.97,89.24,40.62
7,7.92,89.29,40.62
4,7.86,89.25,40.68
4,7.86,89.25,40.76
3,7.7,89.27,40.72
5,7.81,89.31,40.62
26,8.33,88.93,40.47
23,8.28,88.99,40.47
21,8.23,89.05,40.47
18,8.18,89.11,40.48
11,8.02,89.2,40.51
16,8.13,89.17,40.5
10,7.97,89.24,40.52
9,7.92,89.3,40.53
7,7.82,89.4,40.56
20,8.39,88.97,40.4
19,8.34,89.03,40.4
17,8.29,89.1,40.4
16,8.24,89.16,40.4
13,8.08,89.23,40.4
15,8.19,89.2,40.4
12,8.04,89.34,40.41
11,7.94,89.46,40.42
132,8.54,88.71,40.86
111,8.48,88.76,40.76
116,8.54,88.69,40.79
73,8.42,88.74,40.65
103,8.48,88.74,40.69
91,8.54,88.67,40.72
27,8.59,88.66,40.69
5,8.52,88.58,40.51
4,8.63,88.6,40.55
3,8.67,88.55,40.43
9,8.52,88.59,40.43
7,8.65,88.6,40.38
28,8.48,88.68,40.58
40,8.53,88.7,40.62
13,8.59,88.65,40.64
55,8.42,88.71,40.6
86,8.5,88.72,40.64
33,8.42,88.7,40.53
19,8.47,88.65,40.52
8,8.54,88.62,40.57
21,8.42,88.7,40.45
15,8.47,88.64,40.44
15,8.54,88.74,40.39
30,8.43,88.81,40.47
16,8.65,88.84,40.4
43,8.16,88.93,41.28
60,8.19,88.94,41.25
33,8.22,88.9,41.31
13,8.28,88.82,41.33
6,8.28,88.83,41.39
38,8.14,88.95,41.29
50,8.17,88.97,41.25
34,8.11,88.98,41.29
42,8.14,89,41.25
27,8.14,88.95,41.33
24,8.11,88.98,41.33
20,8.18,88.91,41.34
8,8.11,88.97,41.38
6,8.18,88.93,41.39
4,8.24,88.83,41.42
7,8.06,89.01,41.39
31,8.09,89.01,41.29
23,8.09,89.01,41.33
27,8.06,89.04,41.29
21,8.06,89.04,41.33
4,8.11,89,41.44
2,8.16,88.95,41.47
2,8.24,88.84,41.47
2,8.06,89.02,41.46
7,8.01,89.07,41.39
19,8.01,89.07,41.31
6,7.96,89.13,41.39
16,7.96,89.13,41.31
2,8.01,89.07,41.47
2,7.96,89.13,41.47
3,7.69,89.21,41.31
3,7.27,89.52,41.19
5,7.91,89.19,41.39
13,7.91,89.19,41.31
2,7.91,89.19,41.47
2,7.86,89.25,41.47
5,7.86,89.25,41.39
2,7.75,89.26,41.39
10,7.86,89.25,41.31
5,7.75,89.26,41.31
3,7.48,89.28,41.19
7,7.64,89.27,41.15
5,7.64,89.27,41.23
5,7.48,89.28,41.04
8,7.64,89.27,41.07
7,7.64,89.27,41
4,7.38,89.4,41.04
3,7.38,89.4,41.19
9,7.39,89.62,41.04
2,6.84,89.67,41.11
5,7.17,89.64,41.04
3,7.17,89.64,41.19
9,7.29,89.74,41.04
6,6.88,90.11,41.11
2,6.96,90.99,41.11
6,6.92,90.55,41.11
5,7.6,89.38,40.88
6,7.49,89.5,40.88
3,7.6,89.38,40.72
4,7.49,89.5,40.73
10,7.51,89.72,40.88
7,7.51,89.72,40.77
8,7.41,89.84,40.77
10,7.41,89.84,40.88
6,7.08,89.87,40.85
9,7.12,90.31,40.86
4,7.16,90.75,40.86
6,7.72,89.49,40.57
6,7.61,89.6,40.6
10,7.63,89.82,40.64
9,7.53,89.94,40.64
7,7.32,90.07,40.64
4,7.36,90.51,40.64
9,7.83,89.58,40.43
8,7.73,89.7,40.43
5,7.75,89.92,40.44
5,7.65,90.04,40.44
2,7.56,90.27,40.44
334,8.37,88.86,41.07
223,8.43,88.77,41.1
328,8.44,88.75,41.03
248,8.37,88.84,41.01
53,8.43,88.78,41.17
194,8.3,88.88,41.05
219,8.29,88.89,41.09
125,8.27,88.91,41.06
155,8.27,88.91,41.09
360,8.34,88.86,41.1
71,8.25,88.94,41.06
88,8.25,88.94,41.09
40,8.22,88.97,41.06
51,8.22,88.97,41.09
130,8.3,88.88,41.02
82,8.27,88.91,41.02
74,8.3,88.88,40.98
47,8.27,88.91,40.98
47,8.25,88.94,41.02
29,8.25,88.94,40.98
28,8.22,88.97,41.02
18,8.22,88.97,40.98
157,8.27,88.91,41.13
135,8.27,88.92,41.17
233,8.34,88.88,41.16
95,8.39,88.79,41.2
111,8.27,88.92,41.2
104,8.32,88.9,41.23
28,8.38,88.8,41.26
95,8.25,88.94,41.13
96,8.25,88.94,41.17
58,8.22,88.97,41.13
64,8.22,88.97,41.17
90,8.25,88.94,41.21
68,8.22,88.97,41.21
78,8.25,88.94,41.25
66,8.22,88.97,41.25
76,8.29,88.9,41.27
22,8.33,88.93,40.76
28,8.33,88.93,40.68
32,8.33,88.93,40.61
24,8.28,88.99,40.61
30,8.33,88.93,40.53
25,8.28,88.99,40.53
73,8.38,88.89,40.91
188,8.45,88.83,40.95
87,8.54,88.73,40.97
177,8.49,88.82,40.92
71,8.44,88.84,40.82
153,8.49,88.8,40.87
42,8.38,88.87,40.84
40,8.33,88.93,40.92
21,8.28,88.99,40.92
23,8.33,88.93,40.84
14,8.28,88.99,40.84
65,8.43,88.82,40.76
35,8.38,88.87,40.76
68,8.43,88.81,40.68
42,8.38,88.87,40.68
43,8.38,88.87,40.61
56,8.43,88.81,40.61
41,8.43,88.81,40.53
36,8.38,88.87,40.53
33,8.5,88.85,40.48
28,8.38,88.89,40.46
29,8.49,88.87,40.46
20,8.44,88.91,40.4
19,8.57,88.9,40.4
24,8.2,89,41.06
31,8.2,89,41.09
22,8.17,89.03,41.09
17,8.17,89.03,41.06
11,8.17,89,41
38,8.2,89,41.13
46,8.2,89,41.17
29,8.17,89.03,41.13
37,8.17,89.03,41.17
54,8.2,89,41.21
55,8.2,89,41.25
45,8.17,89.03,41.21
48,8.17,89.03,41.25
37,8.12,89.06,41.23
25,8.12,89.06,41.15
32,8.07,89.12,41.23
8,8.12,89.06,41
5,8.01,89.07,41
13,8.12,89.06,41.07
8,8.01,89.07,41.07
23,8.07,89.12,41.15
10,7.96,89.13,41.07
6,7.96,89.13,41
18,7.91,89.19,41.15
23,8.02,89.18,41.15
19,7.91,89.19,41.23
28,8.02,89.18,41.23
12,7.91,89.19,41.07
7,7.91,89.19,41
9,7.86,89.25,41
13,7.86,89.25,41.07
11,7.75,89.26,41.07
8,7.75,89.26,41
10,7.7,89.32,41.07
9,7.7,89.32,41
17,7.86,89.25,41.15
16,7.86,89.25,41.23
10,7.75,89.26,41.23
12,7.75,89.26,41.15
8,7.7,89.32,41.23
11,7.7,89.32,41.15
13,8.23,89.05,40.92
10,8.18,89.11,40.92
6,8.07,89.12,40.92
5,8.07,89.12,40.84
6,8.02,89.18,40.92
5,8.02,89.18,40.84
16,8.28,88.99,40.76
9,8.17,89,40.76
11,8.23,89.05,40.84
7,8.12,89.06,40.76
9,8.18,89.11,40.84
20,8.28,88.99,40.68
12,8.17,89,40.68
10,8.12,89.06,40.68
19,8.23,89.05,40.61
21,8.23,89.05,40.53
16,8.18,89.11,40.61
17,8.18,89.1,40.54
6,8.07,89.12,40.76
8,8.07,89.12,40.68
17,8.19,89.19,40.56
13,8.13,89.17,40.61
6,8.02,89.18,40.76
7,8.02,89.18,40.68
11,8.08,89.23,40.61
7,7.97,89.24,40.92
6,7.97,89.24,40.84
6,7.92,89.3,40.84
8,7.92,89.3,40.92
7,7.82,89.36,40.88
6,7.97,89.24,40.68
6,7.97,89.24,40.76
6,7.92,89.3,40.76
6,7.92,89.3,40.68
11,8.04,89.32,40.63
5,7.82,89.36,40.72
28,8.39,88.98,40.47
25,8.34,89.04,40.47
22,8.29,89.1,40.48
20,8.24,89.16,40.49
14,8.08,89.23,40.52
18,8.19,89.2,40.5
13,8.04,89.35,40.55
12,7.94,89.47,40.57
17,8.46,89.08,40.4
15,8.36,89.21,40.4
14,8.19,89.24,40.4
14,8.14,89.28,40.41
12,8.15,89.41,40.42
10,8.16,89.48,40.42
9,8.05,89.56,40.43
3,8.86,88.55,40.43
4,8.86,88.59,40.39
42,8.6,88.72,40.94
35,8.65,88.7,40.85
52,8.59,88.71,40.88
135,8.54,88.78,40.84
88,8.49,88.79,40.74
33,8.65,88.68,40.79
123,8.55,88.76,40.77
89,8.48,88.77,40.67
105,8.55,88.74,40.71
20,8.65,88.67,40.72
61,8.59,88.73,40.68
11,8.53,88.62,40.5
4,8.76,88.63,40.6
15,8.65,88.67,40.57
10,8.64,88.64,40.45
9,8.76,88.71,40.39
39,8.53,88.71,40.59
44,8.59,88.71,40.63
64,8.48,88.75,40.61
40,8.48,88.75,40.53
27,8.53,88.69,40.53
23,8.54,88.74,40.46
24,8.66,88.88,40.45
7,8.87,88.81,40.4
10,8.77,88.9,40.4
16,8.38,88.82,41.32
43,8.21,88.96,41.29
29,8.29,88.92,41.32
10,8.35,88.82,41.35
11,8.28,88.94,41.38
5,8.34,88.83,41.41
3,8.34,88.84,41.47
35,8.17,89,41.31
10,8.17,89.01,41.38
6,8.24,88.94,41.41
10,8.12,89.06,41.39
30,8.12,89.06,41.31
3,8.16,89.02,41.46
3,8.24,88.96,41.47
2,8.31,88.84,41.49
2,8.16,89.04,41.52
2,8.23,88.98,41.54
3,8.12,89.06,41.46
2,8.12,89.07,41.54
10,8.07,89.12,41.39
24,8.07,89.12,41.31
9,8.02,89.18,41.39
20,8.02,89.18,41.31
3,8.07,89.12,41.47
3,8.02,89.18,41.47
2,8.02,89.18,41.54
3,7.64,89.27,41.31
2,7.7,89.32,41.39
4,7.7,89.32,41.31
7,7.39,89.62,41.19
7,7.29,89.74,41.19
8,7.97,89.24,41.39
17,7.97,89.24,41.31
3,7.97,89.24,41.47
2,7.97,89.24,41.54
3,7.92,89.3,41.47
2,7.81,89.31,41.47
2,7.92,89.3,41.54
7,7.92,89.3,41.39
4,7.81,89.31,41.39
14,7.92,89.3,41.31
8,7.81,89.31,41.31
7,7.6,89.38,41.19
8,7.6,89.38,41.04
8,7.49,89.5,41.04
7,7.49,89.5,41.19
13,7.51,89.72,41.04
6,7.08,89.87,41.11
13,7.41,89.84,41.04
8,7.12,90.31,41.11
3,7.16,90.75,41.11
8,7.72,89.48,40.88
9,7.61,89.6,40.88
6,7.71,89.48,40.73
6,7.61,89.6,40.75
14,7.63,89.82,40.88
14,7.53,89.94,40.88
12,7.63,89.82,40.78
12,7.53,89.94,40.78
11,7.32,90.07,40.86
6,7.36,90.51,40.86
11,7.83,89.58,40.6
10,7.73,89.7,40.62
11,7.75,89.92,40.64
10,7.65,90.04,40.64
6,7.56,90.27,40.64
8,7.95,89.69,40.43
7,7.85,89.8,40.44
3,7.87,90.02,40.44
2,7.77,90.14,40.44
76,8.54,88.75,41.03
197,8.38,88.91,41.06
246,8.44,88.87,41.08
45,8.5,88.77,41.12
141,8.37,88.9,40.99
247,8.45,88.85,41.01
148,8.43,88.89,41.15
35,8.49,88.79,41.19
26,8.48,88.8,41.25
157,8.33,88.93,41.07
72,8.28,88.99,41.07
88,8.33,88.93,41
40,8.28,88.99,41
151,8.33,88.94,41.15
162,8.4,88.89,41.18
107,8.32,88.96,41.21
72,8.39,88.91,41.24
19,8.45,88.81,41.27
91,8.28,88.99,41.15
84,8.28,88.99,41.23
33,8.39,88.98,40.76
33,8.39,88.98,40.68
34,8.39,88.98,40.61
28,8.34,89.04,40.61
32,8.39,88.98,40.53
28,8.34,89.04,40.53
101,8.44,88.92,40.92
127,8.49,88.88,40.9
142,8.55,88.83,40.95
101,8.49,88.87,40.84
63,8.44,88.92,40.84
58,8.39,88.98,40.92
34,8.34,89.04,40.92
38,8.39,88.98,40.84
25,8.34,89.04,40.84
76,8.49,88.86,40.76
49,8.44,88.92,40.76
66,8.49,88.86,40.68
47,8.44,88.92,40.68
44,8.44,88.92,40.61
54,8.49,88.86,40.61
42,8.49,88.86,40.53
33,8.57,88.9,40.48
38,8.44,88.92,40.53
30,8.44,88.92,40.47
29,8.57,88.91,40.47
18,8.55,88.97,40.4
35,8.23,89.05,41.07
20,8.23,89.05,41
53,8.23,89.05,41.15
61,8.23,89.05,41.23
47,8.18,89.11,41.23
38,8.18,89.11,41.15
39,8.13,89.17,41.23
14,8.18,89.11,41
7,8.07,89.12,41
23,8.18,89.11,41.07
13,8.07,89.12,41.07
32,8.13,89.17,41.15
14,8.02,89.18,41.07
8,8.02,89.18,41
22,7.97,89.24,41.15
29,8.08,89.23,41.15
24,7.97,89.24,41.23
33,8.08,89.23,41.23
21,7.92,89.3,41.23
21,7.92,89.3,41.15
15,7.97,89.24,41.07
10,7.97,89.24,41
16,7.92,89.3,41.07
11,7.92,89.3,41
13,7.82,89.36,41.04
16,7.82,89.36,41.19
22,8.29,89.1,40.92
17,8.24,89.16,40.92
9,8.13,89.17,40.92
8,8.13,89.17,40.84
9,8.08,89.23,40.92
8,8.08,89.23,40.84
23,8.34,89.04,40.76
13,8.23,89.05,40.76
18,8.29,89.1,40.84
11,8.18,89.11,40.76
15,8.24,89.16,40.84
25,8.34,89.04,40.68
16,8.23,89.05,40.68
13,8.18,89.11,40.68
24,8.29,89.1,40.61
24,8.29,89.1,40.54
20,8.24,89.16,40.61
20,8.24,89.15,40.55
9,8.13,89.17,40.76
11,8.13,89.17,40.68
17,8.19,89.22,40.61
9,8.08,89.23,40.76
10,8.08,89.23,40.68
15,8.14,89.27,40.62
12,8.04,89.34,40.88
13,7.94,89.46,40.88
11,8.03,89.34,40.72
18,8.15,89.39,40.65
11,7.93,89.46,40.73
26,8.46,89.09,40.48
23,8.36,89.22,40.51
18,8.19,89.24,40.51
16,8.14,89.28,40.53
18,8.15,89.41,40.56
17,8.16,89.48,40.58
16,8.05,89.56,40.6
10,8.58,89.19,40.4
11,8.47,89.28,40.41
13,8.26,89.33,40.41
7,8.27,89.55,40.43
6,8.17,89.67,40.43
2,8.86,88.6,40.54
2,8.96,88.62,40.59
4,8.97,88.69,40.39
5,8.86,88.64,40.45
3,9.09,88.79,40.4
51,8.54,88.76,41.1
8,8.77,88.67,40.77
6,8.76,88.66,40.69
12,8.76,88.69,40.86
29,8.65,88.73,40.97
109,8.6,88.81,40.92
19,8.7,88.7,40.88
77,8.65,88.77,40.84
111,8.55,88.83,40.82
111,8.6,88.79,40.87
23,8.71,88.72,40.94
100,8.54,88.82,40.76
69,8.65,88.75,40.77
86,8.54,88.8,40.68
57,8.65,88.74,40.7
68,8.6,88.77,40.66
15,8.64,88.67,40.53
18,8.73,88.69,40.61
12,8.76,88.72,40.46
60,8.54,88.8,40.61
49,8.59,88.75,40.6
41,8.54,88.8,40.53
32,8.59,88.74,40.53
24,8.66,88.83,40.47
9,8.88,88.86,40.45
15,8.78,88.92,40.46
4,8.99,88.87,40.4
9,8.78,88.97,40.4
33,8.38,88.94,41.31
11,8.44,88.82,41.34
42,8.28,89,41.3
21,8.35,88.94,41.33
17,8.28,89.02,41.37
8,8.34,88.96,41.4
5,8.4,88.84,41.42
6,8.44,88.84,41.4
2,8.4,88.85,41.48
4,8.34,88.98,41.46
37,8.23,89.05,41.31
12,8.23,89.05,41.39
13,8.18,89.11,41.39
33,8.18,89.11,41.31
4,8.23,89.06,41.46
3,8.31,88.98,41.48
2,8.22,89.07,41.54
2,8.31,89,41.55
4,8.18,89.11,41.47
2,8.18,89.11,41.54
12,8.13,89.17,41.39
28,8.13,89.17,41.31
12,8.08,89.23,41.39
24,8.08,89.23,41.31
5,8.13,89.17,41.47
2,8.13,89.17,41.54
5,8.08,89.23,41.47
2,8.08,89.23,41.54
3,7.6,89.38,41.35
4,7.76,89.37,41.39
7,7.76,89.37,41.31
2,7.76,89.37,41.47
3,7.49,89.5,41.35
3,7.39,89.62,41.35
12,7.51,89.72,41.19
3,7.29,89.74,41.35
11,7.41,89.84,41.19
2,7.08,89.87,41.43
2,7.12,90.31,41.43
11,8.03,89.29,41.39
21,8.03,89.29,41.31
5,8.03,89.29,41.47
2,8.03,89.29,41.54
4,7.98,89.35,41.47
2,7.98,89.35,41.54
3,7.87,89.36,41.47
2,7.87,89.36,41.54
3,7.82,89.42,41.47
2,7.82,89.42,41.54
18,7.98,89.35,41.31
10,7.98,89.35,41.39
7,7.87,89.36,41.39
12,7.87,89.36,41.31
6,7.82,89.42,41.39
11,7.82,89.42,41.31
14,7.72,89.48,41.19
14,7.72,89.48,41.04
14,7.61,89.6,41.04
13,7.61,89.6,41.19
17,7.63,89.82,41.04
16,7.53,89.94,41.04
11,7.32,90.07,41.11
5,7.36,90.51,41.11
14,7.83,89.58,40.88
14,7.73,89.7,40.88
11,7.83,89.58,40.75
11,7.73,89.7,40.77
16,7.75,89.92,40.88
14,7.65,90.04,40.88
14,7.75,89.92,40.78
13,7.65,90.04,40.78
9,7.56,90.27,40.86
14,7.95,89.69,40.62
13,7.85,89.8,40.63
8,7.87,90.02,40.64
6,7.77,90.14,40.64
5,8.07,89.79,40.44
4,7.97,89.9,40.44
145,8.54,88.85,41.01
40,8.6,88.75,41.05
172,8.44,88.94,41.07
144,8.5,88.88,41.1
150,8.44,88.93,40.99
140,8.44,88.96,41.13
87,8.5,88.91,41.16
29,8.56,88.79,41.2
51,8.49,88.93,41.23
19,8.55,88.81,41.26
25,8.6,88.78,41.17
137,8.39,88.98,41.07
83,8.34,89.04,41.07
98,8.39,88.98,41
55,8.34,89.04,41
132,8.39,88.98,41.15
87,8.39,89,41.22
44,8.45,88.93,41.25
95,8.34,89.04,41.15
79,8.34,89.04,41.23
44,8.45,89.03,40.76
39,8.45,89.03,40.68
34,8.46,89.08,40.58
106,8.5,88.97,40.92
124,8.55,88.91,40.92
102,8.55,88.91,40.84
76,8.5,88.97,40.84
73,8.45,89.03,40.92
49,8.4,89.09,40.92
53,8.45,89.03,40.84
38,8.4,89.09,40.84
78,8.55,88.91,40.76
59,8.5,88.97,40.76
64,8.55,88.91,40.68
51,8.5,88.97,40.68
40,8.56,88.96,40.57
28,8.55,88.98,40.47
11,8.68,89.06,40.4
51,8.29,89.1,41.07
33,8.29,89.1,41
66,8.29,89.1,41.15
64,8.29,89.1,41.23
52,8.24,89.16,41.23
49,8.24,89.16,41.15
43,8.19,89.22,41.23
36,8.14,89.28,41.23
24,8.24,89.16,41
12,8.13,89.17,41
36,8.24,89.16,41.07
20,8.13,89.17,41.07
40,8.19,89.22,41.15
19,8.08,89.23,41.07
35,8.14,89.28,41.15
13,8.08,89.23,41
28,8.04,89.34,41.19
20,8.04,89.34,41.04
20,7.94,89.46,41.04
23,7.94,89.46,41.19
35,8.35,89.15,40.92
28,8.3,89.21,40.92
15,8.19,89.22,40.92
14,8.19,89.22,40.84
15,8.14,89.28,40.92
13,8.14,89.28,40.84
32,8.4,89.09,40.68
33,8.4,89.09,40.76
19,8.29,89.1,40.76
29,8.35,89.15,40.84
16,8.24,89.16,40.76
24,8.3,89.21,40.84
21,8.29,89.1,40.68
18,8.24,89.16,40.68
27,8.35,89.19,40.6
15,8.19,89.22,40.76
16,8.19,89.22,40.68
22,8.25,89.3,40.62
14,8.14,89.28,40.76
14,8.14,89.28,40.68
24,8.16,89.44,40.88
22,8.05,89.56,40.88
21,8.15,89.44,40.73
19,8.05,89.56,40.75
20,8.58,89.19,40.51
22,8.47,89.28,40.53
20,8.26,89.33,40.54
17,8.27,89.55,40.59
15,8.17,89.67,40.62
3,8.69,89.29,40.41
8,8.48,89.35,40.41
8,8.37,89.43,40.42
2,8.4,89.65,40.43
2,8.29,89.77,40.44
6,8.86,88.66,40.53
3,9,88.67,40.6
5,8.98,88.71,40.46
2,9.07,88.65,40.56
2,9.07,88.63,40.45
2,9.1,88.84,40.45
121,8.54,88.88,41.07
32,8.61,88.77,41.11
32,8.65,88.74,41.03
21,8.77,88.74,40.76
20,8.74,88.72,40.68
3,8.88,88.67,40.77
27,8.76,88.77,40.85
4,8.87,88.7,40.91
111,8.6,88.87,40.9
63,8.66,88.82,40.95
83,8.66,88.82,40.82
44,8.7,88.78,40.87
105,8.6,88.86,40.84
42,8.71,88.8,40.92
19,8.75,88.72,40.98
90,8.6,88.85,40.76
78,8.65,88.81,40.76
74,8.6,88.85,40.69
65,8.65,88.79,40.68
19,8.76,88.74,40.56
9,8.88,88.81,40.47
38,8.66,88.85,40.57
16,8.77,88.89,40.48
4,8.99,88.89,40.46
14,8.78,88.98,40.48
3,8.99,88.95,40.4
4,8.89,89.03,40.4
10,8.54,88.82,41.33
48,8.39,89.01,41.29
19,8.45,88.96,41.32
9,8.51,88.83,41.35
39,8.34,89.04,41.31
14,8.34,89.05,41.38
7,8.41,88.98,41.41
10,8.44,88.98,41.38
4,8.5,88.84,41.41
2,8.48,88.85,41.48
4,8.4,89,41.47
6,8.34,89.07,41.45
2,8.4,89.01,41.54
38,8.29,89.1,41.31
13,8.29,89.1,41.39
14,8.24,89.16,41.39
34,8.24,89.16,41.31
5,8.29,89.1,41.47
2,8.29,89.11,41.54
2,8.37,89.01,41.56
5,8.24,89.16,41.47
3,8.24,89.16,41.54
14,8.19,89.22,41.39
30,8.19,89.22,41.31
14,8.14,89.28,41.39
26,8.14,89.28,41.31
6,8.19,89.22,41.47
3,8.19,89.22,41.54
6,8.14,89.28,41.47
3,8.14,89.28,41.54
6,7.72,89.48,41.35
2,7.72,89.48,41.5
2,7.61,89.6,41.5
6,7.61,89.6,41.35
6,7.51,89.72,41.35
15,7.63,89.82,41.19
2,7.51,89.72,41.5
5,7.41,89.84,41.35
13,7.53,89.94,41.19
2,7.41,89.84,41.5
3,7.32,90.07,41.43
13,8.09,89.34,41.39
23,8.09,89.34,41.31
12,8.04,89.4,41.39
20,8.04,89.4,41.31
6,8.09,89.34,41.47
3,8.09,89.34,41.54
5,8.04,89.4,41.47
3,8.04,89.4,41.54
3,7.94,89.46,41.5
12,7.94,89.46,41.35
20,7.83,89.58,41.19
19,7.83,89.58,41.04
18,7.73,89.7,41.04
17,7.73,89.7,41.19
17,7.75,89.92,41.04
14,7.65,90.04,41.04
7,7.56,90.27,41.11
20,7.95,89.68,40.88
18,7.85,89.8,40.88
17,7.95,89.68,40.77
16,7.85,89.8,40.78
12,7.87,90.02,40.88
10,7.77,90.14,40.88
11,7.87,90.02,40.78
9,7.77,90.14,40.78
2,7.8,90.47,40.86
12,8.07,89.79,40.63
10,7.97,89.9,40.64
2,8,90.23,40.64
134,8.55,88.93,40.99
84,8.61,88.86,41.02
135,8.5,88.98,41.07
133,8.5,88.97,41
104,8.5,88.99,41.14
50,8.56,88.92,41.18
71,8.5,89.01,41.21
30,8.55,88.95,41.24
9,8.67,88.8,41.25
43,8.61,88.91,41.15
118,8.45,89.03,41.07
87,8.4,89.09,41.07
101,8.45,89.03,41
69,8.4,89.09,41
105,8.45,89.03,41.15
68,8.45,89.04,41.23
89,8.4,89.09,41.15
66,8.4,89.09,41.23
50,8.51,89.08,40.76
43,8.51,89.08,40.68
41,8.46,89.14,40.76
37,8.46,89.14,40.68
30,8.57,89.17,40.6
94,8.56,89.02,40.92
99,8.61,88.96,40.92
87,8.61,88.96,40.84
75,8.56,89.02,40.84
77,8.51,89.08,40.92
59,8.46,89.14,40.92
60,8.51,89.08,40.84
48,8.46,89.14,40.84
71,8.61,88.96,40.76
61,8.56,89.02,40.76
57,8.61,88.96,40.68
50,8.56,89.02,40.68
29,8.67,89.06,40.59
19,8.68,89.07,40.49
3,8.79,89.16,40.4
62,8.35,89.15,41.07
48,8.35,89.15,41
69,8.35,89.15,41.15
59,8.35,89.15,41.23
50,8.3,89.21,41.23
55,8.3,89.21,41.15
42,8.25,89.27,41.23
36,8.2,89.33,41.23
36,8.3,89.21,41
47,8.3,89.21,41.07
20,8.19,89.22,41
29,8.19,89.22,41.07
45,8.25,89.27,41.15
26,8.14,89.28,41.07
39,8.2,89.33,41.15
19,8.14,89.28,41
30,8.16,89.44,41.19
30,8.16,89.44,41.04
26,8.05,89.56,41.04
24,8.05,89.56,41.19
46,8.41,89.2,40.92
39,8.41,89.2,40.84
38,8.36,89.26,40.92
34,8.36,89.26,40.84
27,8.26,89.33,40.88
29,8.36,89.21,40.72
29,8.47,89.26,40.61
25,8.26,89.32,40.72
27,8.27,89.55,40.88
22,8.17,89.66,40.88
24,8.27,89.54,40.75
21,8.18,89.66,40.76
11,8.69,89.29,40.54
20,8.48,89.35,40.55
19,8.38,89.43,40.57
9,8.4,89.65,40.62
7,8.29,89.77,40.63
3,8.59,89.41,40.42
3,8.5,89.52,40.43
4,8.99,88.72,40.72
5,8.98,88.72,40.56
2,9.09,88.79,40.47
2,9.08,88.66,40.52
3,8.87,88.73,41.04
125,8.55,88.95,41.05
56,8.62,88.88,41.09
14,8.75,88.75,41.08
58,8.66,88.85,41.01
5,8.77,88.78,41.2
28,8.77,88.78,40.71
6,8.9,88.74,40.77
36,8.77,88.81,40.83
10,8.88,88.78,40.89
83,8.66,88.9,40.92
81,8.66,88.9,40.84
58,8.71,88.84,40.84
55,8.72,88.86,40.9
30,8.75,88.81,40.96
71,8.66,88.9,40.76
59,8.71,88.84,40.76
58,8.66,88.9,40.68
49,8.71,88.84,40.69
13,8.88,88.82,40.57
5,8.99,88.87,40.48
22,8.78,88.94,40.57
3,9,88.96,40.48
6,8.9,89.05,40.5
18,8.55,88.97,41.31
4,8.66,88.83,41.37
33,8.44,89.05,41.3
13,8.51,88.97,41.33
33,8.4,89.09,41.31
17,8.45,89.07,41.37
13,8.4,89.09,41.39
7,8.51,89,41.39
3,8.59,88.85,41.43
4,8.48,89.02,41.47
5,8.4,89.1,41.46
2,8.46,89.03,41.55
3,8.4,89.12,41.53
2,8.14,89.28,41.62
33,8.35,89.15,41.31
14,8.35,89.15,41.39
14,8.3,89.21,41.39
31,8.3,89.21,41.31
5,8.35,89.15,41.47
3,8.35,89.15,41.54
6,8.3,89.21,41.47
3,8.3,89.21,41.54
14,8.25,89.27,41.39
28,8.25,89.27,41.31
14,8.2,89.33,41.39
25,8.2,89.33,41.31
6,8.25,89.27,41.47
3,8.25,89.27,41.54
6,8.2,89.33,41.47
3,8.2,89.33,41.54
10,7.83,89.58,41.35
3,7.83,89.58,41.5
3,7.73,89.7,41.5
9,7.73,89.7,41.35
7,7.63,89.82,41.35
13,7.75,89.92,41.19
3,7.63,89.82,41.5
6,7.53,89.94,41.35
11,7.65,90.04,41.19
3,7.53,89.94,41.5
2,7.56,90.27,41.43
2,8.09,89.34,41.62
2,8.04,89.4,41.62
15,8.16,89.44,41.35
4,8.16,89.44,41.5
4,8.05,89.56,41.5
12,8.05,89.56,41.35
20,7.95,89.68,41.19
23,7.95,89.68,41.04
20,7.85,89.8,41.04
16,7.85,89.8,41.19
11,7.87,90.02,41.04
9,7.77,90.14,41.04
8,7.87,90.02,41.19
6,7.77,90.14,41.19
2,7.8,90.47,41.11
18,8.07,89.78,40.88
15,7.97,89.9,40.88
17,8.07,89.78,40.78
13,7.97,89.9,40.78
4,8,90.23,40.86
3,8.2,90,40.64
96,8.56,89.02,41.07
103,8.56,89.02,41
97,8.61,88.96,41
69,8.56,89.03,41.15
43,8.55,89.04,41.22
57,8.61,89,41.13
17,8.67,88.95,41.23
94,8.51,89.08,41.07
79,8.46,89.14,41.07
91,8.51,89.08,41
72,8.46,89.14,41
77,8.51,89.08,41.15
49,8.51,89.08,41.23
71,8.46,89.14,41.15
50,8.46,89.14,41.23
40,8.58,89.19,40.72
16,8.71,89.26,40.62
52,8.68,89.07,40.88
52,8.58,89.19,40.88
42,8.68,89.07,40.72
14,8.8,89.16,40.61
9,8.8,89.17,40.52
3,8.81,89.35,40.55
64,8.41,89.2,41.07
56,8.41,89.2,41
52,8.36,89.26,41.07
45,8.36,89.26,41
62,8.41,89.2,41.15
47,8.41,89.2,41.23
41,8.36,89.26,41.23
52,8.36,89.26,41.15
37,8.31,89.32,41.23
44,8.31,89.32,41.15
32,8.26,89.38,41.23
37,8.26,89.38,41.15
37,8.26,89.33,41.04
21,8.27,89.55,41.19
28,8.27,89.55,41.04
23,8.17,89.66,41.04
17,8.17,89.66,41.19
43,8.48,89.31,40.88
34,8.38,89.43,40.88
34,8.48,89.31,40.72
29,8.37,89.42,40.73
15,8.39,89.65,40.88
13,8.29,89.77,40.88
15,8.39,89.64,40.76
13,8.3,89.76,40.77
11,8.6,89.41,40.57
11,8.5,89.52,40.6
2,8.51,89.75,40.63
2,8.41,89.87,40.64
6,8.98,88.76,40.69
2,9.1,88.81,40.57
10,8.87,88.83,41.02
76,8.61,88.97,41.07
75,8.66,88.93,40.99
23,8.76,88.86,41.06
11,8.78,88.92,41.18
15,8.88,88.83,40.72
15,8.87,88.86,40.87
2,9.02,88.8,40.92
35,8.78,88.95,40.88
32,8.78,88.95,40.72
6,9,88.92,40.57
10,8.9,89.04,40.59
29,8.55,89.06,41.29
8,8.66,89,41.34
24,8.51,89.09,41.31
25,8.46,89.14,41.31
10,8.5,89.1,41.38
11,8.46,89.14,41.39
6,8.59,89.02,41.41
2,8.6,89.04,41.52
5,8.46,89.14,41.46
3,8.46,89.15,41.54
2,8.3,89.21,41.62
2,8.25,89.27,41.62
2,8.2,89.33,41.62
25,8.41,89.2,41.31
12,8.41,89.2,41.39
12,8.36,89.26,41.39
24,8.36,89.26,41.31
6,8.41,89.2,41.47
3,8.41,89.2,41.54
6,8.36,89.26,41.47
3,8.36,89.26,41.54
12,8.31,89.32,41.39
23,8.31,89.32,41.31
12,8.26,89.38,41.39
21,8.26,89.38,41.31
6,8.31,89.32,41.47
3,8.31,89.32,41.54
6,8.26,89.38,41.47
3,8.26,89.38,41.54
10,7.95,89.68,41.35
4,7.95,89.68,41.5
3,7.85,89.8,41.5
8,7.85,89.8,41.35
3,7.76,90.03,41.43
10,8.27,89.55,41.35
4,8.27,89.55,41.5
3,8.17,89.66,41.5
8,8.17,89.66,41.35
14,8.07,89.78,41.19
18,8.07,89.78,41.04
14,7.97,89.9,41.04
10,7.97,89.9,41.19
3,8,90.23,41.11
6,8.2,89.99,40.86
44,8.68,89.07,41.03
21,8.68,89.08,41.18
51,8.58,89.19,41.04
29,8.58,89.19,41.19
18,8.69,89.29,40.72
6,8.81,89.33,40.63
19,8.8,89.17,40.88
22,8.7,89.29,40.88
17,8.8,89.17,40.72
4,8.9,89.25,40.62
44,8.48,89.31,41.04
30,8.48,89.31,41.19
26,8.38,89.43,41.19
35,8.38,89.43,41.04
10,8.39,89.65,41.19
14,8.39,89.65,41.04
12,8.29,89.77,41.04
8,8.29,89.77,41.19
21,8.6,89.41,40.88
19,8.5,89.53,40.88
19,8.6,89.4,40.73
18,8.49,89.52,40.75
4,8.51,89.75,40.88
4,8.41,89.87,40.88
4,8.51,89.74,40.77
4,8.41,89.86,40.78
2,8.71,89.51,40.6
2,8.61,89.63,40.62
2,9.1,88.86,40.84
2,9.1,88.82,40.71
13,8.88,88.9,41
2,9,88.85,41.05
2,8.98,88.91,41.18
24,8.78,88.96,41.02
13,8.78,89.01,41.15
4,8.89,88.94,41.23
7,9,88.93,40.72
6,9,88.93,40.88
13,8.9,89.05,40.88
13,8.9,89.05,40.72
2,9.01,89.13,40.61
2,8.89,88.98,41.34
2,8.46,89.17,41.62
11,8.67,89.11,41.31
3,8.79,89.01,41.39
10,8.58,89.19,41.35
3,8.57,89.2,41.5
2,8.41,89.2,41.62
2,8.36,89.26,41.62
2,8.31,89.32,41.62
2,8.26,89.38,41.62
11,8.48,89.31,41.35
4,8.48,89.31,41.5
11,8.38,89.43,41.35
4,8.38,89.43,41.5
6,8.07,89.78,41.35
3,8.07,89.78,41.5
2,7.97,89.9,41.5
5,7.97,89.9,41.35
5,8.39,89.65,41.35
2,8.39,89.65,41.5
2,8.29,89.77,41.5
4,8.29,89.77,41.35
5,8.2,90,41.11
14,8.8,89.17,41.04
8,8.8,89.17,41.19
18,8.7,89.29,41.04
10,8.7,89.29,41.19
4,8.92,89.27,40.88
5,8.82,89.39,40.88
3,8.92,89.27,40.72
5,8.82,89.38,40.72
18,8.6,89.41,41.04
11,8.6,89.41,41.19
11,8.5,89.53,41.19
17,8.5,89.53,41.04
3,8.51,89.75,41.19
4,8.51,89.75,41.04
4,8.41,89.87,41.04
3,8.41,89.87,41.19
5,8.72,89.51,40.88
5,8.61,89.63,40.88
5,8.72,89.5,40.75
5,8.61,89.62,40.77
4,8.99,88.95,41.02
2,8.99,89,41.15
8,8.9,89.05,41.03
4,8.9,89.06,41.18
2,9.12,89.03,40.88
3,9.02,89.15,40.88
3,9.02,89.15,40.72
2,8.9,89.1,41.31
4,8.8,89.17,41.34
5,8.7,89.28,41.35
2,8.7,89.28,41.5
5,8.6,89.41,41.35
2,8.6,89.41,41.5
5,8.5,89.53,41.35
3,8.5,89.53,41.5
2,8.2,90,41.43
2,8.51,89.75,41.35
2,8.41,89.87,41.35
3,8.92,89.27,41.04
2,8.92,89.27,41.19
4,8.82,89.39,41.04
3,8.82,89.39,41.19
4,8.72,89.51,41.04
3,8.72,89.51,41.19
4,8.61,89.63,41.19
5,8.61,89.63,41.04
2,9.02,89.15,41.04
2,8.82,89.39,41.35
2,8.72,89.51,41.35
2,8.61,89.63,41.35
4,14.78,117.16,56.38
4,14.77,117.16,56.75
4,14.84,117.22,56.38
4,14.83,117.22,56.75
4,14.79,117.17,55.34
4,14.79,117.17,55.69
4,14.78,117.17,56.04
3,14.84,117.22,55.69
3,14.84,117.22,56.04
3,14.84,117.22,55.34
3,14.78,116.74,56.38
3,14.78,116.97,56.38
3,14.98,116.97,56.22
3,14.97,116.97,56.56
3,14.78,116.74,56.75
3,14.77,116.97,56.75
4,14.81,117.18,56.94
3,15.03,117.02,56.22
3,15.03,117.02,56.56
3,15.13,117.22,56.38
3,15.13,117.22,56.75
3,15.01,116.98,56.75
4,14.86,117.22,50.49
4,14.82,116.97,50.49
4,14.93,116.98,50.3
4,15.13,117.22,50.49
4,15.13,117.12,50.3
4,14.82,116.03,50.49
4,14.89,116.01,50.3
3,14.79,117.16,54.99
3,14.85,117.22,55
3,14.79,116.74,55.4
3,14.79,116.92,55
3,14.79,116.95,55.34
3,14.99,116.97,55.24
3,14.79,116.74,55.69
3,14.79,116.97,55.69
3,14.99,116.97,55.57
3,14.78,116.74,56.04
3,14.78,116.97,56.03
3,14.98,116.97,55.89
3,15.04,117.02,55.57
3,15.13,117.22,55.69
3,15.04,117.02,55.89
3,15.13,117.22,56.03
3,15.13,117.22,55
3,15.04,117.02,55.24
3,15.13,117.22,55.34
3,14.78,116.46,56.38
3,14.98,116.57,56.22
3,14.98,116.57,56.56
3,15.14,116.86,56.12
3,14.98,116.78,56.22
3,15.13,116.86,56.45
3,14.98,116.78,56.56
3,14.78,116.46,56.75
3,14.8,116.74,56.94
4,14.9,116.97,56.94
3,15.12,117.13,56.94
3,14.78,116.02,56.38
3,14.78,116.01,56.75
3,15.32,117.02,56.22
3,15.31,117.02,56.56
3,15.56,117.22,56.38
3,15.56,117.22,56.75
3,15,116.56,56.75
3,15.1,116.78,56.75
3,15.31,116.93,56.75
4,14.82,116.97,51.19
4,14.86,117.22,51.19
4,14.82,116.97,50.85
4,14.86,117.22,50.85
4,15.06,117.02,50.68
4,15.02,116.79,50.67
4,14.82,116.49,50.49
4,15.12,116.8,50.5
4,15.13,116.46,50.3
4,14.82,116.97,51.88
4,14.86,117.22,51.88
4,14.82,116.97,51.54
4,14.86,117.22,51.54
4,15.13,117.22,51.19
4,15.13,117.22,50.85
4,15.56,117.22,50.49
4,15.32,117.02,50.67
4,15.31,116.93,50.5
4,15.59,116.87,50.3
4,14.82,116.02,51.02
4,14.82,115.41,50.48
4,15.02,115.89,50.67
4,15.09,115.88,50.5
4,15.07,115.5,50.3
3,14.8,116.97,54.3
3,14.85,117.22,54.31
3,14.8,116.97,54.65
3,14.85,117.22,54.65
3,14.99,116.97,54.91
3,15.04,117.02,54.92
3,14.81,116.97,53.96
3,14.85,117.22,53.96
3,14.81,116.97,53.61
3,14.85,117.22,53.61
3,15.13,117.22,53.96
3,15.13,117.22,53.61
3,15.13,117.22,54.3
3,15.13,117.22,54.65
3,14.8,116.49,55
3,14.79,116.48,55.34
3,14.99,116.56,55.29
3,14.99,116.74,54.92
3,15.15,116.87,55.18
3,14.99,116.76,55.23
3,14.79,116.46,55.69
3,14.99,116.57,55.57
3,15.14,116.86,55.49
3,14.99,116.78,55.56
3,14.78,116.46,56.03
3,14.98,116.57,55.89
3,15.14,116.86,55.8
3,14.98,116.78,55.89
3,15.32,117.02,55.56
3,15.56,117.22,55.69
3,15.32,117.02,55.89
3,15.56,117.22,56.03
3,15.32,117.02,54.91
3,15.56,117.22,55
3,15.32,117.02,55.24
3,15.56,117.22,55.34
3,15.13,116.46,56.12
3,14.98,116.3,56.22
3,15.13,116.46,56.45
3,14.98,116.29,56.56
3,15.22,116.67,56.11
3,15.22,116.67,56.45
3,15.43,116.81,56.11
3,15.42,116.81,56.45
3,14.8,116.02,55
3,14.79,116.02,55.34
3,14.79,116.02,55.69
3,14.79,116.02,56.03
3,14.98,115.88,56.22
3,14.98,115.87,56.56
3,14.88,116.5,56.94
3,15.09,116.71,56.94
3,15.35,116.94,56.94
4,15.61,117.1,56.94
3,14.79,115.5,56.58
3,14.86,116.01,56.94
3,15.85,117.22,55.69
4,15.85,117.22,56.03
3,15.85,117.22,55
3,15.85,117.22,55.34
3,15.73,117.02,56.22
3,15.73,117.02,56.56
4,16.17,117.22,56.57
4,16.14,117.22,50.49
4,16.11,117.09,50.3
3,15.08,116.33,56.75
3,15.28,116.53,56.75
3,15.53,116.76,56.75
3,15.78,116.91,56.75
3,15.06,115.87,56.75
3,14.81,116.97,53.27
3,14.86,117.22,53.27
3,14.81,116.97,52.92
3,14.86,117.22,52.92
3,14.81,116.97,52.57
3,14.86,117.22,52.58
4,14.81,116.97,52.23
4,14.86,117.22,52.23
4,14.82,116.49,51.88
4,14.82,116.49,51.54
4,14.82,116.49,51.02
4,15.02,116.79,51.34
4,15.06,117.02,51.34
4,15.02,116.79,51.01
4,15.06,117.02,51.01
4,15.24,116.68,50.79
4,15.02,116.33,50.67
4,15.3,116.3,50.5
4,15.54,115.92,50.3
3,15.13,117.22,52.58
4,15.13,117.22,52.23
3,15.01,116.79,51.99
4,15.06,117.02,51.99
4,15.13,117.22,51.88
4,15.01,116.79,51.66
4,15.06,117.02,51.66
4,15.13,117.22,51.54
4,15.56,117.22,51.02
4,15.32,117.02,51.34
4,15.32,117.02,51.01
4,15.43,116.81,50.79
4,15.73,117.02,50.67
4,15.75,116.7,50.5
4,16.06,116.35,50.3
3,15.13,117.22,53.27
3,15.13,117.22,52.92
4,14.82,114.54,50.49
4,15.02,114.54,50.3
4,14.82,116.02,51.88
4,14.82,116.01,51.54
4,14.82,115.42,51.02
4,15.02,115.88,51.18
4,15.02,115.3,50.67
4,15.21,115.79,50.79
4,15.25,115.39,50.5
4,15.43,114.97,50.3
3,14.8,116.49,54.3
3,14.8,116.49,54.65
3,15,116.79,54.26
3,15.05,117.02,54.26
3,15,116.79,54.59
3,15.15,116.86,54.86
3,15.05,117.02,54.59
3,14.81,116.49,53.61
3,14.81,116.49,53.96
3,15,116.79,53.94
3,15.05,117.02,53.94
3,15.01,116.79,53.61
3,15.05,117.02,53.61
3,15.32,117.02,53.94
3,15.56,117.22,53.96
3,15.32,117.02,53.61
3,15.56,117.22,53.61
3,15.32,117.02,54.26
3,15.56,117.22,54.3
3,15.32,117.02,54.59
3,15.56,117.22,54.65
3,14.99,116.33,54.91
3,15.13,116.45,55.25
3,14.99,116.32,55.24
3,15.23,116.68,54.86
3,15.22,116.67,55.18
3,15.13,116.45,55.49
3,14.99,116.3,55.56
3,15.23,116.67,55.49
3,15.13,116.45,55.8
3,14.98,116.3,55.89
3,15.22,116.67,55.8
3,15.43,116.81,55.49
3,15.73,117.02,55.56
3,15.43,116.81,55.8
3,15.73,117.02,55.89
3,15.43,116.81,54.86
3,15.43,116.81,55.18
3,15.73,117.02,54.91
3,15.73,117.02,55.24
3,15.2,116.23,56.11
3,15.2,116.23,56.45
3,15.4,116.43,56.11
3,15.4,116.43,56.45
3,15.64,116.64,56.11
3,15.64,116.64,56.45
3,14.8,116.02,54.3
3,14.8,116.02,54.65
3,14.81,116.02,53.61
3,14.81,116.02,53.96
3,14.8,115.5,55.17
3,15,115.88,54.91
3,14.99,115.88,55.24
3,14.79,115.5,55.86
3,14.99,115.88,55.57
3,14.99,115.88,55.89
3,15.18,115.78,56.11
3,15.18,115.78,56.45
3,14.99,115.39,56.4
4,16.12,117.1,56.94
3,15.04,116.23,56.94
3,15.3,116.45,56.94
3,15.56,116.67,56.94
3,15.81,116.88,56.94
3,14.8,115.06,55.17
3,14.79,115.06,55.86
3,14.79,115.07,56.58
3,14.84,115.06,56.94
3,15.04,115.51,56.94
3,15.85,117.22,53.96
3,15.85,117.22,53.61
3,15.85,117.22,54.3
3,15.85,117.22,54.65
4,16.07,117.22,55.69
3,16.01,117.02,55.56
4,16.07,117.22,56.03
3,16.01,117.02,55.89
4,16.33,117.22,55.69
4,16.37,117.22,56.05
3,16.07,117.22,55
3,16.01,117.02,54.91
3,16.07,117.22,55.34
3,16.01,117.02,55.24
3,16.33,117.22,55
3,16.33,117.22,55.34
3,15.88,116.79,56.11
3,15.88,116.79,56.45
4,16.32,117.02,56.39
4,17.04,117.22,56.58
4,17.96,117.22,56.58
4,17.03,117.22,50.49
4,17.04,117.06,50.3
4,16.16,117.22,51.02
4,16.29,117.02,50.68
4,16.55,117.22,50.43
4,16.26,116.9,50.5
4,16.54,116.79,50.3
3,17.95,117.22,50.49
3,17.95,117.03,50.3
4,25.5,117.22,50.49
4,24.54,117.22,50.49
4,25.48,117.13,50.3
4,24.53,117.16,50.3
4,16.27,116.91,56.75
3,14.99,113.58,50.3
3,14.82,113.61,50.49
3,15.23,116.08,56.75
3,15.49,116.29,56.75
3,15.73,116.49,56.75
3,15.98,116.7,56.75
3,14.99,114.97,56.4
3,15.04,114.96,56.75
3,15.24,115.4,56.75
3,14.81,116.49,53.27
3,14.81,116.49,52.92
3,15.01,116.79,53.29
3,15.05,117.02,53.29
3,15.01,116.79,52.96
3,15.05,117.02,52.96
3,14.81,116.49,52.57
3,15.01,116.79,52.64
3,15.05,117.02,52.64
4,14.81,116.49,52.23
3,15.01,116.79,52.31
3,15.05,117.02,52.31
3,15.01,116.33,51.99
4,15.01,116.33,51.66
4,15.23,116.68,51.43
4,15.23,116.68,51.11
4,15.02,116.33,51.17
4,15.41,116.21,50.79
4,15.69,115.8,50.5
4,16,115.37,50.3
3,15.32,117.02,52.64
3,15.56,117.22,52.58
3,15.32,117.02,52.31
3,15.56,117.22,52.23
4,15.56,117.22,51.71
3,15.23,116.68,52.05
3,15.32,117.02,51.99
3,15.23,116.68,51.74
4,15.32,117.02,51.66
4,15.43,116.81,51.43
4,15.43,116.81,51.11
4,15.73,117.02,51.17
4,15.85,116.59,50.79
4,16.18,116.21,50.5
4,16.52,115.8,50.3
3,15.32,117.02,53.29
3,15.56,117.22,53.27
3,15.32,117.02,52.96
3,15.56,117.22,52.92
3,14.81,116.02,53.27
3,14.81,116.02,52.92
4,14.82,114.56,51.02
4,15.02,114.47,50.68
4,15.2,114.48,50.5
3,15.35,114.02,50.3
3,14.81,116.02,52.57
4,14.81,116.02,52.23
4,14.82,115.41,51.71
3,15.01,115.88,51.99
3,15.01,115.87,51.66
4,15.02,115.31,51.17
4,15.21,115.78,51.27
4,15.36,115.33,50.79
4,15.59,114.89,50.5
3,15.91,114.43,50.3
3,15,116.33,54.26
3,15,116.33,54.59
3,15.23,116.69,54.24
3,15.22,116.69,54.55
3,15.01,116.33,53.61
3,15.01,116.33,53.94
3,15.23,116.69,53.93
3,15.23,116.68,53.61
3,15.43,116.81,53.93
3,15.43,116.81,53.61
3,15.73,117.02,53.94
3,15.73,117.02,53.61
3,15.43,116.81,54.24
3,15.43,116.81,54.55
3,15.73,117.02,54.26
3,15.73,117.02,54.59
3,15.2,116.22,54.86
3,15.2,116.23,55.18
3,15.38,116.43,54.86
3,15.39,116.43,55.17
3,15.2,116.23,55.49
3,15.4,116.43,55.49
3,15.2,116.23,55.8
3,15.4,116.43,55.8
3,15.64,116.64,55.49
3,15.88,116.79,55.49
3,15.64,116.64,55.8
3,15.88,116.79,55.8
3,15.64,116.64,54.86
3,15.64,116.64,55.18
3,15.88,116.79,54.86
3,15.88,116.79,55.18
3,15.35,115.99,56.11
3,15.35,115.99,56.45
3,15.6,116.19,56.11
3,15.6,116.19,56.45
3,15.84,116.39,56.11
3,16.08,116.59,56.11
3,15.84,116.39,56.45
3,16.08,116.59,56.45
3,14.8,115.49,54.48
3,15,115.88,54.26
3,15,115.88,54.59
3,14.81,115.45,53.77
3,15.01,115.88,53.61
3,15.01,115.88,53.94
3,15,114.97,55.08
3,14.99,114.97,55.73
3,15.19,115.78,54.86
3,15.19,115.78,55.18
3,15,115.38,55.08
3,15.19,115.78,55.49
3,15.19,115.78,55.8
3,14.99,115.38,55.73
3,15.16,114.9,56.29
3,15.35,115.32,56.29
4,16.52,116.79,56.94
4,17.01,117.07,56.94
4,17.95,117.04,56.94
3,15.5,115.95,56.94
3,16.01,116.39,56.94
3,14.81,115.05,53.9
3,14.81,115.06,54.48
3,14.8,114.5,55.17
3,14.8,114.5,55.86
3,14.79,114.49,56.58
3,15,114.57,56.94
3,15.42,114.99,56.94
3,15.85,117.22,52.58
3,15.85,117.22,52.23
3,16.14,117.22,51.71
3,15.85,117.22,53.27
3,15.85,117.22,52.92
3,19.38,117.16,50.3
3,20.32,117.13,50.3
3,19.39,117.22,50.49
3,20.33,117.22,50.49
4,21.31,117.22,50.49
4,21.27,117.09,50.3
3,16.07,117.22,53.96
3,16.01,117.02,53.94
3,16.07,117.22,53.61
3,16.01,117.02,53.61
3,16.33,117.22,53.62
3,16.33,117.22,53.96
3,16.07,117.22,54.31
3,16.01,117.02,54.26
3,16.07,117.22,54.65
3,16.01,117.02,54.59
3,16.33,117.22,54.31
3,16.33,117.22,54.65
3,16.1,116.87,55.49
3,16.22,117.02,55.56
3,16.1,116.87,55.8
3,16.22,117.02,55.89
4,16.55,117.22,55.78
3,16.47,117.02,55.56
4,16.51,117.02,55.9
3,16.1,116.87,54.86
3,16.22,117.02,54.91
3,16.1,116.87,55.18
3,16.22,117.02,55.24
4,16.54,117.22,55.17
3,16.47,117.02,54.91
3,16.47,117.02,55.24
4,17.06,117.22,55.17
4,17.06,117.22,55.86
3,16.37,116.79,56.29
4,17.15,117.02,56.4
4,25.5,117.22,53.79
4,24.54,117.22,53.78
4,25.49,117.22,54.48
4,24.54,117.22,54.48
4,17.96,117.22,55.17
4,17.96,117.22,55.86
4,25.49,117.22,55.17
4,24.54,117.22,55.17
4,24.54,117.22,55.86
4,18.04,117.02,56.4
4,18.83,117.22,56.58
4,19.97,117.22,56.57
4,21.74,117.22,56.57
4,23.52,117.22,56.57
4,17.02,117.22,51.02
4,17.15,117.02,50.68
4,17.15,116.88,50.5
3,17.49,116.71,50.3
4,16.3,117.02,51.17
4,16.35,116.79,50.79
4,16.68,117.02,50.62
4,16.66,116.62,50.5
3,17,116.26,50.3
3,18.82,117.22,50.49
3,19.82,117.22,50.49
3,18.9,116.99,50.3
3,19.83,116.93,50.3
3,17.96,117.22,51.02
3,18.03,117.02,50.68
3,18.02,116.85,50.5
3,18.41,116.65,50.3
4,25.5,117.22,51.02
4,24.54,117.22,51.02
4,25.94,117.22,50.49
4,24.98,117.22,50.49
4,25.32,117.02,50.67
4,22.19,117.22,50.49
4,23.98,117.22,50.49
4,24.41,117.02,50.67
4,23.1,117.22,50.49
4,25.31,116.94,50.5
4,24.4,116.97,50.5
4,25.86,116.88,50.3
4,24.96,116.93,50.3
4,22.18,117.07,50.3
4,24.03,116.98,50.3
4,23.08,117.03,50.3
4,24.54,117.22,51.71
4,25.5,117.22,51.71
4,21.7,117.22,50.43
4,21.67,116.79,50.3
4,16.65,116.62,56.75
4,17.13,116.88,56.75
4,18.03,116.85,56.75
3,15.17,113.56,50.5
3,15.29,113.09,50.3
3,14.96,112.67,50.3
3,15.02,113.58,50.68
3,14.82,112.67,50.49
3,14.82,113.61,51.02
3,15.67,115.81,56.75
3,16.16,116.23,56.75
3,14.99,114.43,56.4
3,15.19,114.5,56.75
3,15.59,114.9,56.75
3,15.01,116.33,53.29
3,15.01,116.33,52.96
3,15.23,116.68,53.3
3,15.23,116.68,52.99
3,15.01,116.33,52.64
3,15.23,116.68,52.68
3,15.01,116.33,52.31
3,15.23,116.68,52.36
3,15.22,116.22,52.05
3,15.22,116.22,51.74
4,15.41,116.21,51.27
4,15.78,115.73,50.79
3,16.11,115.3,50.5
3,16.45,114.85,50.3
3,15.43,116.81,52.68
3,15.73,117.02,52.64
3,15.43,116.81,52.36
3,15.73,117.02,52.31
3,15.38,116.43,51.74
3,15.38,116.43,52.05
3,15.43,116.81,52.05
3,15.43,116.81,51.74
3,15.73,117.02,51.83
4,15.85,116.59,51.27
3,16.26,116.13,50.79
3,16.6,115.71,50.5
3,16.96,115.27,50.3
3,15.43,116.81,53.3
3,15.73,117.02,53.29
3,15.43,116.81,52.99
3,15.73,117.02,52.96
4,14.81,115.41,53.09
3,15.01,115.88,53.29
3,15.01,115.88,52.96
4,14.82,114.56,51.71
4,15.02,114.49,51.17
4,15.32,114.44,50.79
3,15.51,113.98,50.5
3,15.82,113.5,50.3
4,14.81,115.41,52.4
3,15.01,115.88,52.64
3,15.01,115.88,52.31
3,15.01,115.3,51.82
3,15.2,115.78,52.05
3,15.2,115.78,51.74
3,15.36,115.34,51.27
3,15.67,114.85,50.79
3,16.03,114.39,50.5
3,16.36,113.92,50.3
3,15.21,116.22,54.24
3,15.21,116.22,54.55
3,15.38,116.43,54.24
3,15.38,116.43,54.55
3,15.21,116.22,53.61
3,15.21,116.22,53.93
3,15.38,116.43,53.93
3,15.38,116.43,53.61
3,15.64,116.64,53.93
3,15.64,116.64,53.61
3,15.88,116.79,53.93
3,15.88,116.79,53.61
3,15.64,116.64,54.24
3,15.64,116.64,54.55
3,15.88,116.79,54.24
3,15.88,116.79,54.55
3,15.35,115.99,54.86
3,15.35,115.99,55.18
3,15.6,116.19,54.86
3,15.6,116.19,55.18
3,15.35,115.99,55.49
3,15.6,116.19,55.49
3,15.35,115.99,55.8
3,15.6,116.19,55.8
3,15.84,116.39,55.49
3,16.08,116.59,55.49
3,15.84,116.39,55.8
3,16.08,116.59,55.8
3,15.84,116.39,54.86
3,15.84,116.39,55.18
3,16.08,116.59,54.86
3,16.08,116.59,55.18
3,15.78,115.73,56.29
3,16.26,116.13,56.29
3,15,114.97,54.43
3,15.01,114.96,53.88
3,15.2,115.78,54.24
3,15.19,115.78,54.55
3,15,115.38,54.43
3,15.2,115.78,53.61
3,15.2,115.78,53.93
3,15.01,115.34,53.76
3,15.17,114.9,55.02
3,15,114.43,55.08
3,15.17,114.9,55.65
3,15,114.43,55.73
3,15.36,115.32,55.02
3,15.36,115.32,55.65
3,15.31,114.46,56.29
3,15.7,114.85,56.29
4,16.95,116.3,56.94
4,17.45,116.74,56.94
4,18.39,116.68,56.94
4,18.91,117,56.94
4,19.89,116.99,56.94
4,21.73,116.93,56.94
3,15.93,115.43,56.94
3,16.44,115.87,56.94
3,14.81,114.53,53.78
3,14.81,114.5,54.48
3,14.81,113.61,55.17
3,14.81,113.61,55.86
3,14.8,113.6,56.58
3,14.96,113.58,56.94
3,15.31,114.04,56.94
3,15.84,114.47,56.94
4,25.94,117.22,53.79
4,25.94,117.22,54.48
4,25.94,117.22,55.17
4,25.49,117.22,55.86
4,24.54,117.22,56.57
4,25.94,117.22,55.86
4,24.53,117.17,56.94
4,23.6,116.87,56.94
4,26.16,116.95,50.49
3,17,117.22,51.72
3,16.07,117.22,52.58
3,16.01,117.02,52.64
3,16.07,117.22,52.23
3,16.01,117.02,52.31
3,16.33,117.22,52.23
3,16.38,117.22,52.59
3,16.28,117.02,51.82
3,16.07,117.22,53.27
3,16.01,117.02,53.29
3,16.07,117.22,52.92
3,16.01,117.02,52.96
3,16.33,117.22,53.27
3,16.38,117.22,52.91
3,17.96,117.22,51.71
3,19.41,116.96,50.5
4,20.75,116.87,50.3
3,20.32,116.94,50.5
3,19.42,117.02,50.68
3,20.33,117.02,50.68
3,19.39,117.22,51.02
3,20.33,117.22,51.02
4,20.76,117.22,50.49
4,21.32,117.22,51.02
4,21.24,116.91,50.5
4,21.28,117.02,50.68
4,25.5,117.22,52.4
4,24.54,117.22,52.4
4,25.5,117.22,53.09
4,24.54,117.22,53.09
3,16.1,116.87,53.93
3,16.22,117.02,53.94
3,16.1,116.87,53.61
3,16.22,117.02,53.61
4,16.55,117.22,53.79
3,16.47,117.02,53.61
3,16.47,117.02,53.94
3,16.1,116.87,54.24
3,16.22,117.02,54.26
3,16.1,116.87,54.55
3,16.22,117.02,54.59
4,16.55,117.22,54.48
3,16.47,117.02,54.26
3,16.47,117.02,54.59
4,17.06,117.22,53.79
4,17.06,117.22,54.48
3,16.31,116.77,55.49
3,16.31,116.77,55.8
3,16.55,116.85,55.49
3,16.58,116.85,55.81
3,16.69,117.02,55.66
3,16.31,116.77,54.86
3,16.31,116.77,55.18
3,16.55,116.85,54.86
3,16.55,116.85,55.18
3,16.68,117.02,55.08
4,17.17,117.02,55.08
4,17.17,117.02,55.73
3,16.74,116.51,56.29
3,17.21,116.76,56.3
4,17.96,117.22,53.79
4,17.96,117.22,54.48
4,24.98,117.22,53.79
4,25.32,117.02,53.78
4,23.98,117.22,53.78
4,24.41,117.02,53.78
4,24.98,117.22,54.48
4,25.32,117.02,54.43
4,23.98,117.22,54.48
4,24.41,117.02,54.43
4,18.04,117.02,55.08
4,18.83,117.22,55.17
4,18.04,117.02,55.73
4,18.83,117.22,55.86
4,20,117.22,55.52
4,24.98,117.22,55.17
4,25.32,117.02,55.08
4,24.98,117.22,55.86
4,23.51,117.22,55.51
4,24.41,117.02,55.07
4,24.4,117.02,55.73
4,21.7,117.22,55.52
4,18.08,116.74,56.29
4,18.88,117.02,56.4
4,19.99,117.02,56.39
4,20.77,117.22,56.7
4,21.7,117.02,56.4
4,23.42,117.02,56.4
3,17.14,117.02,51.17
3,17.21,116.76,50.79
3,17.57,116.55,50.5
3,17.93,116.16,50.3
4,16.36,116.79,51.27
3,16.73,116.51,50.79
3,17.09,116.13,50.5
3,17.45,115.71,50.3
3,18.83,117.22,51.02
3,19.82,117.22,51.02
3,18.87,117.02,50.67
3,19.84,117.02,50.68
3,18.95,116.81,50.5
3,19.84,116.76,50.5
3,19.33,116.52,50.3
3,20.26,116.42,50.3
3,18.04,117.02,51.17
3,18.07,116.74,50.79
3,18.46,116.5,50.5
3,18.85,116.06,50.3
4,25.94,117.22,51.02
4,24.98,117.22,51.02
4,25.32,117.02,51.17
4,22.17,117.22,51.02
4,23.99,117.22,51.02
4,24.41,117.02,51.17
4,23.1,117.22,51.02
4,25.75,117.02,50.67
4,25.2,116.82,50.79
4,24.82,117.02,50.67
4,22.14,117.02,50.68
4,24.31,116.85,50.79
4,23.86,117.02,50.67
4,23.02,117.02,50.68
4,25.68,116.71,50.5
4,24.82,116.76,50.5
4,22.13,116.88,50.5
4,23.93,116.81,50.5
4,23.01,116.85,50.5
4,26.06,116.4,50.3
4,25.38,116.45,50.3
4,24.42,116.51,50.3
4,22.58,116.71,50.3
4,23.49,116.64,50.3
4,23.99,117.22,51.71
4,24.98,117.22,51.71
4,24.41,117.02,51.82
4,25.94,117.22,51.71
4,25.32,117.02,51.82
4,21.67,117.02,50.62
4,21.64,116.63,50.5
4,21.17,116.34,50.3
4,22.07,116.25,50.3
3,17.06,116.15,56.75
4,17.55,116.56,56.75
4,18.46,116.51,56.75
4,18.96,116.81,56.74
4,19.91,116.8,56.74
4,21.69,116.75,56.75
3,15.29,113.55,50.79
3,15.46,113.09,50.5
3,15.75,112.58,50.3
3,15.23,112.14,50.3
3,14.82,112.16,50.43
3,15.15,112.69,50.5
3,15.68,111.65,50.3
3,16.21,112.08,50.3
3,14.94,111.71,50.3
3,15.16,111.19,50.3
3,15.02,112.7,50.68
3,15.02,113.59,51.17
3,14.82,111.18,50.49
3,14.82,113.61,51.71
3,14.82,112.65,51.02
3,14.82,111.75,50.49
3,14.82,110.74,50.49
3,16.08,115.32,56.75
3,16.57,115.73,56.75
3,15,113.58,56.4
3,15.16,113.56,56.75
3,15.01,113.58,55.08
3,15,113.58,55.73
3,15.28,113.55,56.29
3,15.49,113.99,56.75
3,16,114.41,56.75
3,15.21,116.22,53.3
3,15.21,116.22,52.99
3,15.38,116.43,53.3
3,15.38,116.43,52.99
3,15.22,116.22,52.68
3,15.38,116.43,52.68
3,15.22,116.22,52.36
3,15.38,116.43,52.36
3,15.36,115.99,52.05
3,15.6,116.19,52.05
3,15.36,115.99,51.74
3,15.6,116.19,51.74
3,15.78,115.73,51.27
3,16.18,115.25,50.79
3,16.53,114.8,50.5
3,16.89,114.34,50.3
3,15.64,116.64,52.68
3,15.88,116.79,52.68
3,15.64,116.64,52.36
3,15.88,116.79,52.36
3,15.85,116.59,51.9
3,16.26,116.13,51.27
3,16.66,115.65,50.79
3,17.02,115.21,50.5
3,17.39,114.76,50.3
3,15.64,116.64,53.3
3,15.88,116.79,53.3
3,15.64,116.64,52.99
3,15.88,116.79,52.99
4,14.82,114.56,53.09
3,15.01,115.3,53.13
3,15.2,115.78,53.3
3,15.2,115.78,52.99
4,14.82,114.56,52.4
4,15.02,114.49,51.82
3,15.31,114.44,51.27
3,15.61,113.97,50.79
3,15.95,113.49,50.5
3,16.28,113,50.3
3,15.01,115.3,52.47
3,15.2,115.78,52.68
3,15.2,115.78,52.36
3,15.36,115.34,51.9
3,15.66,114.85,51.27
3,16.1,114.37,50.79
3,16.45,113.9,50.5
3,16.81,113.42,50.3
3,16.73,112.5,50.3
3,17.24,112.92,50.3
3,15.35,115.99,54.24
3,15.35,115.99,54.55
3,15.6,116.19,54.24
3,15.6,116.19,54.55
3,15.36,115.99,53.61
3,15.35,115.99,53.93
3,15.6,116.19,53.93
3,15.6,116.19,53.61
3,15.84,116.39,53.93
3,15.84,116.39,53.61
3,16.08,116.59,53.93
3,16.08,116.59,53.61
3,15.84,116.39,54.24
3,15.84,116.39,54.55
3,16.08,116.59,54.24
3,16.08,116.59,54.55
3,15.78,115.73,55.02
3,15.78,115.73,55.65
3,16.26,116.13,55.65
3,16.26,116.13,55.02
3,16.18,115.25,56.29
3,16.66,115.65,56.29
3,15.17,114.9,54.4
3,15.01,114.43,54.43
3,15.17,114.9,53.93
3,15.01,114.46,53.77
3,15.36,115.32,54.4
3,15.36,115.33,53.77
3,15.31,114.46,55.02
3,15.31,114.46,55.65
3,15.7,114.85,55.02
3,15.7,114.85,55.65
3,15.6,113.97,56.29
3,16.1,114.37,56.29
4,17.37,115.78,56.94
4,17.88,116.22,56.94
4,18.82,116.14,56.94
4,19.32,116.57,56.94
3,20.71,116.42,56.94
4,22.57,116.27,56.94
3,14.91,110.73,50.3
3,14.87,109.76,50.3
3,16.35,114.91,56.94
3,16.86,115.35,56.94
3,14.82,113.61,53.79
3,14.81,113.61,54.48
3,14.81,112.65,55.17
3,14.81,112.65,55.86
3,14.81,112.65,56.58
3,14.94,112.63,56.94
3,15.26,113.08,56.94
3,15.76,113.52,56.94
3,16.27,113.96,56.94
4,25.94,117.22,52.4
4,25.94,117.22,53.09
4,25.75,117.02,53.78
4,25.75,117.02,54.43
4,25.75,117.02,55.08
4,24.3,116.85,56.27
4,25.32,117.02,55.73
4,24.4,117.02,56.38
4,25.75,117.02,55.73
4,24.39,116.97,56.75
4,23.49,116.69,56.75
4,26.16,116.95,53.78
4,26.15,116.94,54.47
4,26.15,116.94,55.16
4,26.15,116.94,55.85
4,25.42,117.22,56.58
4,25.42,116.78,56.94
4,24.43,116.11,56.94
4,25.96,116.77,50.67
4,26.16,116.39,50.49
4,26.16,116.95,51.02
4,26.16,116.95,51.71
3,17.02,117.22,52.4
3,17.11,117.02,51.83
3,16.1,116.87,52.68
3,16.22,117.02,52.64
3,16.1,116.87,52.36
3,16.22,117.02,52.31
3,16.47,117.02,52.31
3,16.51,117.02,52.65
3,16.52,117.22,52.41
3,16.35,116.79,51.89
3,16.1,116.87,53.3
3,16.22,117.02,53.29
3,16.1,116.87,52.99
3,16.22,117.02,52.96
4,16.56,117.22,53.17
3,16.47,117.02,53.29
3,16.51,117.02,52.95
4,17.06,117.22,53.1
3,17.96,117.22,52.41
3,18.04,117.02,51.83
4,18.83,117.22,51.71
4,17.97,117.22,53.1
3,19.43,116.84,50.79
4,20.74,116.7,50.5
3,20.32,116.82,50.79
3,19.42,117.02,51.17
3,20.33,117.02,51.17
4,20.75,117.02,50.68
4,19.39,117.22,51.71
4,19.82,117.22,51.71
4,20.33,117.22,51.71
4,20.76,117.22,51.02
4,21.32,117.22,51.71
4,21.24,116.79,50.79
4,21.3,117.02,51.17
4,22.17,117.22,51.71
4,23.1,117.22,51.71
4,24.98,117.22,52.4
4,25.32,117.02,52.48
4,23.98,117.22,52.4
4,24.41,117.02,52.48
4,24.98,117.22,53.09
4,25.32,117.02,53.13
4,23.98,117.22,53.09
4,24.41,117.02,53.13
3,16.31,116.77,53.93
3,16.31,116.77,53.61
3,16.55,116.85,53.61
3,16.55,116.85,53.93
4,16.68,117.02,53.78
3,16.31,116.77,54.24
3,16.31,116.77,54.55
3,16.55,116.85,54.24
3,16.55,116.85,54.55
3,16.68,117.02,54.43
4,17.17,117.02,53.78
4,17.17,117.02,54.43
3,16.74,116.52,55.64
3,16.74,116.53,55.02
3,17.22,116.76,55.02
3,17.22,116.76,55.65
3,17.14,116.05,56.29
3,17.62,116.45,56.29
4,18.04,117.02,53.78
4,18.83,117.22,53.79
4,18.04,117.02,54.43
4,18.83,117.22,54.48
4,20,117.22,54.14
4,21.7,117.22,54.13
4,23.1,117.22,53.78
4,23.1,117.22,54.48
4,25.2,116.82,53.77
4,24.82,117.02,53.78
4,23.87,117.02,53.78
4,24.31,116.85,53.77
4,25.2,116.82,54.4
4,24.82,117.02,54.43
4,23.87,117.02,54.43
4,24.31,116.85,54.4
4,25.57,116.61,53.77
4,25.57,116.61,54.4
4,18.08,116.74,55.02
4,18.88,117.02,55.08
4,18.08,116.74,55.65
4,18.88,117.02,55.73
4,20.01,117.02,55.4
4,25.2,116.82,55.02
4,24.82,117.02,55.08
4,25.2,116.82,55.65
4,24.82,117.02,55.73
4,25.57,116.61,55.02
4,25.57,116.61,55.65
4,23.41,117.02,55.4
4,24.31,116.85,55.02
4,24.3,116.85,55.63
4,21.66,117.02,55.4
4,18.5,116.4,56.29
4,18.99,116.7,56.29
4,19.94,116.68,56.29
4,20.76,117.02,56.51
4,21.64,116.63,56.29
4,23.42,116.58,56.29
3,17.2,116.76,51.27
3,17.62,116.45,50.79
3,17.99,116.05,50.5
3,18.37,115.61,50.3
3,16.73,116.51,51.27
3,17.14,116.05,50.79
3,17.51,115.63,50.5
3,17.88,115.18,50.3
3,18.88,117.02,51.17
3,19.84,117.02,51.17
3,18.98,116.7,50.79
3,19.85,116.65,50.79
3,19.36,116.38,50.5
3,20.26,116.3,50.5
3,19.76,115.96,50.3
3,20.67,115.87,50.3
3,18.08,116.74,51.27
3,18.49,116.4,50.79
3,18.88,115.96,50.5
3,19.27,115.52,50.3
4,25.75,117.02,51.17
4,25.2,116.82,51.27
4,24.82,117.02,51.17
4,22.12,117.02,51.17
4,24.31,116.85,51.27
4,23.87,117.02,51.17
4,23.02,117.02,51.17
4,25.57,116.61,50.79
4,24.74,116.66,50.79
4,22.09,116.77,50.79
4,22.96,116.74,50.79
4,23.86,116.71,50.79
4,25.87,116.26,50.5
4,25.23,116.32,50.5
4,24.32,116.39,50.5
4,22.53,116.56,50.5
4,23.42,116.5,50.5
4,25.8,115.93,50.3
4,24.84,115.97,50.3
4,23.89,116.05,50.3
4,22.98,116.15,50.3
4,23.87,117.02,51.82
4,24.31,116.85,51.9
4,24.82,117.02,51.82
4,25.75,117.02,51.82
4,25.2,116.82,51.9
4,21.62,116.52,50.79
4,21.15,116.22,50.5
4,22.04,116.14,50.5
4,21.57,115.79,50.3
4,22.47,115.7,50.3
3,17.48,115.65,56.75
4,17.97,116.07,56.75
3,18.87,115.99,56.75
4,19.36,116.4,56.74
3,20.7,116.25,56.74
4,22.5,116.12,56.75
3,15.29,113.56,51.27
3,15.56,113.09,50.79
3,15.87,112.6,50.5
3,15.39,112.18,50.5
3,15.02,112.21,50.62
3,15.26,112.69,50.79
3,16.14,111.15,50.3
3,15.8,111.7,50.5
3,16.66,111.58,50.3
3,16.3,112.11,50.5
3,17.08,111.08,50.3
3,15.12,111.77,50.5
3,15.32,111.27,50.5
3,15.6,110.7,50.3
3,15.02,111.27,50.67
3,15.02,113.58,51.82
3,15.02,112.68,51.17
3,15.02,111.82,50.68
3,15.02,110.85,50.67
4,14.82,113.61,52.4
4,14.82,113.61,53.09
3,14.82,111.18,51.02
3,14.82,112.65,51.71
3,14.82,111.78,51.02
3,14.82,110.21,50.49
3,14.82,110.73,51.02
3,15.09,110.84,50.5
3,15.07,109.92,50.5
3,16.5,114.82,56.75
3,16.99,115.24,56.75
3,15.01,113.58,54.43
3,15.02,113.58,53.78
3,15.01,112.67,56.4
3,15.14,112.65,56.75
3,15.44,113.08,56.75
3,15.28,113.56,55.02
3,15.28,113.56,55.65
3,15.01,112.68,55.08
3,15.01,112.68,55.73
3,15.26,112.67,56.29
3,15.55,113.09,56.29
3,15.93,113.5,56.75
3,16.42,113.92,56.75
3,15.36,115.99,53.3
3,15.36,115.99,52.99
3,15.6,116.19,53.3
3,15.6,116.19,52.99
3,15.36,115.99,52.68
3,15.6,116.19,52.68
3,15.36,115.99,52.36
3,15.6,116.19,52.36
3,15.78,115.73,51.9
3,16.18,115.25,51.27
3,16.58,114.77,50.79
3,16.95,114.31,50.5
3,17.32,113.84,50.3
3,15.84,116.39,52.68
3,16.08,116.59,52.68
3,15.84,116.39,52.36
3,16.08,116.59,52.36
3,16.26,116.13,51.9
3,16.66,115.65,51.27
3,17.06,115.17,50.79
3,17.44,114.72,50.5
3,17.81,114.26,50.3
3,15.84,116.39,53.3
3,16.08,116.59,53.3
3,15.84,116.39,52.99
3,16.08,116.59,52.99
3,17.74,113.34,50.3
3,15.02,114.49,53.13
3,15.36,115.34,53.15
3,15.02,114.49,52.48
3,15.31,114.44,51.9
3,15.61,113.97,51.27
3,16.03,113.49,50.79
3,16.37,113.01,50.5
3,15.36,115.34,52.52
3,15.66,114.85,51.9
3,16.1,114.37,51.27
3,16.5,113.89,50.79
3,16.87,113.42,50.5
3,17.16,112,50.3
3,16.79,112.52,50.5
3,17.66,112.43,50.3
3,17.28,112.93,50.5
3,17.58,111.51,50.3
3,15.78,115.73,54.4
3,15.78,115.73,53.77
3,16.26,116.13,53.77
3,16.26,116.13,54.4
3,16.18,115.25,55.02
3,16.18,115.25,55.65
3,16.66,115.65,55.65
3,16.66,115.65,55.02
3,16.58,114.77,56.29
3,17.06,115.17,56.29
3,15.32,114.46,54.4
3,15.31,114.45,53.78
3,15.7,114.85,54.4
3,15.68,114.85,53.76
3,15.61,113.97,55.02
3,15.6,113.97,55.65
3,16.1,114.37,55.02
3,16.1,114.37,55.65
3,16.03,113.49,56.29
3,16.5,113.89,56.29
4,17.8,115.26,56.94
4,18.31,115.7,56.94
3,19.71,115.58,56.94
3,21.55,115.41,56.94
3,23.41,115.24,56.94
3,15.1,110.23,50.3
3,14.82,109.76,50.49
3,15.05,109.33,50.3
3,14.82,109.33,50.49
3,16.57,110.63,50.3
3,16.04,110.18,50.3
3,16.78,114.39,56.94
3,17.29,114.83,56.94
3,14.82,112.65,53.79
3,14.82,112.65,54.48
3,14.81,111.34,55.52
3,14.81,111.33,56.58
3,15.67,112.09,56.94
3,16.66,112.96,56.94
4,25.75,117.02,52.48
4,25.75,117.02,53.13
4,26.16,116.95,52.4
4,26.16,116.95,53.1
4,25.96,116.77,53.77
4,25.96,116.77,54.42
4,25.96,116.77,55.07
4,25.96,116.77,55.72
4,25.14,116.5,56.29
4,25.25,117.02,56.4
4,25.25,116.61,56.75
4,24.3,115.97,56.75
4,26.16,116.39,53.77
4,26.15,116.38,54.45
4,26.15,116.38,55.13
4,26.15,116.38,55.83
4,26.15,116.95,56.57
4,25.89,115.92,56.94
4,25.26,115.08,56.94
4,25.96,116.25,50.67
4,25.96,116.77,51.17
4,26.03,115.41,50.3
4,26.16,115.93,50.49
4,26.16,116.39,51.02
4,25.96,116.77,51.82
4,26.16,116.39,51.71
3,17.13,117.02,52.47
3,17.18,116.76,51.9
3,16.31,116.77,52.68
3,16.31,116.77,52.36
3,16.58,116.85,52.69
3,16.55,116.85,52.36
3,16.65,117.02,52.48
3,16.73,116.51,51.89
3,16.31,116.77,53.3
3,16.31,116.77,52.99
3,16.55,116.85,53.3
3,16.58,116.85,52.98
4,16.69,117.02,53.2
4,17.17,117.02,53.13
3,18.08,116.74,51.9
3,18.04,117.02,52.48
4,18.83,117.22,52.41
3,18.88,117.02,51.83
4,18.04,117.02,53.13
4,18.83,117.22,53.1
3,19.43,116.84,51.27
4,20.74,116.6,50.79
3,20.32,116.82,51.27
4,19.42,117.02,51.83
4,19.84,117.02,51.82
4,20.33,117.02,51.82
4,20.75,117.02,51.17
4,20.75,117.22,51.71
4,19.95,117.22,52.77
4,21.74,117.22,52.76
4,21.25,116.79,51.27
4,21.3,117.02,51.82
4,22.12,117.02,51.82
4,23.1,117.22,52.4
4,23.02,117.02,51.82
4,23.1,117.22,53.09
4,25.2,116.82,52.52
4,24.82,117.02,52.48
4,24.31,116.85,52.52
4,23.87,117.02,52.47
4,25.2,116.82,53.15
4,24.82,117.02,53.13
4,24.31,116.85,53.15
4,23.87,117.02,53.13
4,25.57,116.61,52.52
4,25.57,116.61,53.15
3,16.74,116.53,53.77
3,16.74,116.53,54.4
4,17.22,116.76,53.77
3,17.22,116.76,54.4
3,17.14,116.05,55.65
3,17.14,116.05,55.02
3,17.62,116.45,55.02
3,17.62,116.45,55.65
3,17.54,115.57,56.29
3,18.02,115.98,56.29
4,18.08,116.74,53.77
4,18.08,116.74,54.4
4,18.88,117.02,53.78
4,18.88,117.02,54.43
4,20.01,117.02,54.1
4,21.67,117.02,54.1
4,23.02,117.02,53.77
4,23.02,117.02,54.43
4,23.87,116.71,53.77
4,24.74,116.66,53.77
4,23.87,116.71,54.4
4,24.74,116.66,54.4
4,25.75,116.17,53.77
4,25.14,116.24,53.77
4,25.75,116.17,54.39
4,25.14,116.24,54.4
4,18.5,116.4,55.02
4,18.99,116.7,55.02
4,18.5,116.4,55.65
4,18.99,116.7,55.65
4,19.95,116.68,55.33
4,25.75,116.17,55.02
4,25.75,116.17,55.64
4,25.14,116.24,55.02
4,24.73,116.66,55.02
4,24.72,116.66,55.64
4,25.14,116.24,55.65
4,23.42,116.58,55.33
4,21.62,116.63,55.33
4,18.9,115.9,56.29
4,19.38,116.3,56.29
4,20.7,116.14,56.29
4,22.46,116.03,56.29
4,24.22,115.88,56.29
3,17.62,116.45,51.27
3,18.02,115.98,50.79
3,18.4,115.54,50.5
3,18.79,115.09,50.3
3,17.14,116.05,51.27
3,17.54,115.57,50.79
3,17.92,115.13,50.5
3,18.3,114.67,50.3
3,18.23,113.76,50.3
3,18.07,111.94,50.3
3,18.99,116.7,51.27
3,19.85,116.65,51.27
3,19.38,116.3,50.79
3,20.26,116.22,50.79
3,19.77,115.88,50.5
4,20.66,115.79,50.5
3,20.18,115.43,50.3
3,21.07,115.35,50.3
3,18.5,116.4,51.27
3,18.9,115.9,50.79
3,19.29,115.46,50.5
3,19.69,115.01,50.3
4,25.57,116.61,51.27
4,24.74,116.66,51.27
4,22.08,116.77,51.27
4,22.96,116.74,51.27
4,23.87,116.71,51.27
4,25.75,116.17,50.79
4,25.14,116.24,50.79
4,24.26,116.32,50.79
4,22.5,116.47,50.79
4,23.38,116.41,50.79
4,25.63,115.83,50.5
4,24.73,115.89,50.5
4,23.82,115.97,50.5
4,22.93,116.05,50.5
4,25.28,115.47,50.3
4,24.31,115.53,50.3
4,23.38,115.61,50.3
4,23.87,116.71,51.9
4,24.74,116.66,51.9
4,25.57,116.61,51.9
4,21.61,116.52,51.27
4,21.14,116.15,50.79
4,22.02,116.07,50.79
4,21.55,115.71,50.5
4,22.44,115.63,50.5
4,22.87,115.18,50.3
4,21.97,115.26,50.3
3,17.89,115.16,56.75
3,18.38,115.57,56.75
3,19.73,115.46,56.74
3,21.52,115.3,56.74
3,23.32,115.14,56.75
3,15.29,113.56,51.9
3,15.56,113.09,51.27
3,15.95,112.61,50.79
3,15.5,112.21,50.79
3,15.26,112.68,51.27
3,16.22,111.21,50.5
3,15.87,111.73,50.79
3,16.72,111.62,50.5
3,16.35,112.13,50.79
3,17.49,110.56,50.3
3,17.13,111.14,50.5
3,15.24,111.83,50.79
3,15.21,110.91,50.79
3,15.43,111.32,50.79
3,15.72,110.79,50.5
3,15.02,113.58,52.48
3,15.02,113.58,53.13
3,15.02,111.27,51.17
3,15.02,112.68,51.82
3,15.02,111.85,51.17
3,15.02,110.35,50.67
3,15.02,110.85,51.17
3,14.82,112.65,52.4
3,14.82,112.65,53.09
3,14.82,111.18,51.71
3,14.82,111.78,51.71
3,14.82,110.21,51.02
3,14.82,110.73,51.71
3,15.27,110.36,50.5
3,15.02,109.93,50.67
3,15.23,109.51,50.5
3,15.02,109.51,50.67
3,15.19,110.02,50.79
3,15.35,109.62,50.79
3,16.64,110.72,50.5
3,16.14,110.3,50.5
3,16.91,114.33,56.75
3,17.4,114.74,56.75
3,15.29,113.56,54.4
3,15.29,113.56,53.77
3,15.02,112.68,54.43
3,15.02,112.68,53.78
3,15.01,111.42,55.4
3,15.01,111.42,56.4
3,15.84,112.14,56.75
3,15.26,112.68,55.02
3,15.26,112.68,55.65
3,15.56,113.09,55.02
3,15.56,113.09,55.65
3,15.94,112.17,56.29
3,16.79,112.97,56.75
3,15.78,115.73,53.15
3,15.78,115.73,52.52
3,16.18,115.25,51.9
3,16.58,114.77,51.27
3,16.98,114.29,50.79
3,17.36,113.82,50.5
3,16.26,116.13,52.52
3,16.66,115.65,51.9
3,17.06,115.17,51.27
3,17.46,114.69,50.79
3,17.84,114.23,50.5
3,16.26,116.13,53.15
3,18.15,112.85,50.3
3,17.77,113.34,50.5
3,15.31,114.44,53.15
3,15.66,114.85,53.15
3,15.31,114.44,52.52
3,15.61,113.97,51.9
3,16.03,113.49,51.27
3,16.43,113.01,50.79
3,15.66,114.85,52.52
3,16.1,114.37,51.9
3,16.5,113.89,51.27
3,16.91,113.41,50.79
3,17.21,112.03,50.5
3,16.83,112.53,50.79
3,17.69,112.44,50.5
3,17.31,112.93,50.79
3,17.99,111.01,50.3
3,17.61,111.55,50.5
3,16.18,115.25,54.4
3,16.18,115.25,53.77
3,16.66,115.65,53.77
3,16.66,115.65,54.4
3,16.58,114.77,55.02
3,16.58,114.77,55.65
3,17.06,115.17,55.65
3,17.06,115.17,55.02
3,16.98,114.29,56.29
3,17.46,114.69,56.29
3,15.61,113.97,54.4
3,15.61,113.97,53.77
3,16.1,114.37,54.4
3,16.1,114.37,53.77
3,16.03,113.49,55.02
3,16.03,113.49,55.65
3,16.5,113.89,55.02
3,16.5,113.89,55.65
3,16.87,112.97,56.29
3,18.7,114.7,56.94
3,20.55,114.54,56.94
3,22.4,114.36,56.94
4,24.27,114.2,56.94
3,15.49,109.72,50.3
3,15.4,109.1,50.3
3,14.82,109.76,51.02
3,15.02,109.04,50.49
3,14.82,109.33,51.02
3,16.98,110.11,50.3
3,16.47,109.61,50.3
3,17.9,110.03,50.3
3,18.4,110.49,50.3
3,17.68,113.83,56.94
3,14.82,111.34,54.13
3,14.82,110.18,55.52
3,15.06,111.26,56.94
3,14.82,110.18,56.58
3,14.82,109.45,56.58
3,15.04,109.31,56.94
3,16.5,111.05,56.94
3,17.52,111.92,56.94
4,25.72,114.98,50.3
4,25.96,116.77,52.47
4,25.96,116.77,53.13
4,26.16,116.39,52.41
4,26.16,116.39,53.1
4,25.96,116.24,53.77
4,25.96,116.24,54.42
4,25.96,116.24,55.06
4,25.59,115.7,56.29
4,25.96,116.24,55.71
4,25.95,116.77,56.4
4,25.7,115.79,56.75
4,25.1,114.99,56.75
3,26.16,115.93,53.77
4,26.16,115.92,54.44
4,26.15,115.91,55.11
4,26.15,115.92,55.81
4,25.84,114.09,56.94
4,26.15,115.84,56.56
4,25.84,115.32,50.5
4,25.96,115.82,50.67
4,25.96,116.25,51.17
4,26.16,115.37,50.49
4,26.16,115.93,51.02
4,25.96,116.25,51.82
4,26.16,115.93,51.71
3,17.19,116.76,52.51
3,17.62,116.45,51.9
3,16.73,116.51,52.52
3,17.14,116.05,51.9
3,16.74,116.52,53.15
4,17.22,116.76,53.15
3,18.08,116.74,52.52
3,18.5,116.4,51.9
4,18.88,117.02,52.48
3,18.99,116.7,51.9
4,18.08,116.74,53.15
4,18.88,117.02,53.13
3,19.43,116.84,51.9
4,20.32,116.82,51.9
4,20.74,116.6,51.27
3,19.85,116.65,51.9
4,20.75,117.02,51.82
4,19.97,117.02,52.82
4,20.76,117.22,52.52
4,21.25,116.79,51.9
4,21.71,117.02,52.81
4,21.61,116.52,51.9
4,22.08,116.77,51.9
4,22.96,116.74,51.9
4,23.02,117.02,52.47
4,23.02,117.02,53.13
4,23.87,116.71,52.52
4,24.74,116.66,52.52
4,23.87,116.71,53.15
4,24.74,116.66,53.15
4,25.75,116.17,52.52
4,25.14,116.24,52.52
4,25.75,116.17,53.15
4,25.14,116.24,53.15
3,17.14,116.05,53.77
3,17.14,116.05,54.4
4,17.62,116.45,53.77
3,17.62,116.45,54.4
3,17.54,115.57,55.65
3,17.54,115.57,55.02
3,18.02,115.98,55.02
3,18.02,115.98,55.65
3,17.94,115.1,56.29
3,18.42,115.5,56.29
4,18.5,116.4,53.77
4,18.5,116.4,54.4
4,18.99,116.7,53.77
4,18.99,116.7,54.4
4,19.95,116.68,54.08
4,21.62,116.63,54.08
4,22.96,116.74,53.77
4,22.96,116.74,54.4
4,23.38,116.41,53.77
4,24.26,116.32,53.77
4,23.38,116.41,54.4
4,24.26,116.32,54.4
4,24.66,115.84,53.77
4,25.52,115.76,53.77
4,24.66,115.84,54.4
4,25.52,115.76,54.4
3,18.9,115.9,55.02
4,19.38,116.3,55.02
4,18.9,115.9,55.65
4,19.38,116.3,55.65
4,20.69,116.13,55.33
4,25.52,115.76,55.02
4,25.52,115.76,55.65
4,24.22,115.87,55.33
4,22.46,116.03,55.33
3,19.74,115.38,56.29
4,21.5,115.23,56.29
4,23.26,115.07,56.29
4,25,114.93,56.29
3,18.02,115.98,51.27
3,18.42,115.5,50.79
3,18.81,115.05,50.5
3,19.2,114.59,50.3
3,18.48,111.44,50.3
3,17.54,115.57,51.27
3,17.94,115.1,50.79
3,18.33,114.64,50.5
3,18.72,114.17,50.3
3,18.64,113.26,50.3
3,18.25,113.74,50.5
3,18.56,112.36,50.3
3,18.1,111.96,50.5
3,19.38,116.3,51.27
3,20.26,116.22,51.27
3,19.78,115.82,50.79
3,20.66,115.74,50.79
3,20.18,115.38,50.5
4,21.07,115.3,50.5
3,20.58,114.92,50.3
4,21.48,114.84,50.3
3,18.9,115.9,51.27
3,19.3,115.42,50.79
3,19.7,114.97,50.5
3,20.1,114.5,50.3
4,25.19,114.54,50.3
4,25.72,115.26,50.79
4,25.75,116.17,51.27
4,25.14,116.24,51.27
4,24.26,116.32,51.27
4,22.5,116.47,51.27
4,23.38,116.41,51.27
4,25.52,115.76,50.79
4,24.66,115.84,50.79
4,23.78,115.92,50.79
4,22.9,115.99,50.79
4,25.15,115.4,50.5
4,24.23,115.47,50.5
4,23.33,115.55,50.5
4,24.74,115.03,50.3
4,23.79,115.1,50.3
4,25.75,116.17,51.9
4,23.38,116.41,51.9
4,24.26,116.32,51.9
4,25.14,116.24,51.9
4,21.14,116.15,51.27
4,22.02,116.07,51.27
4,21.54,115.67,50.79
4,22.42,115.59,50.79
4,22.84,115.14,50.5
4,21.95,115.22,50.5
4,23.28,114.68,50.3
4,22.37,114.76,50.3
3,18.75,114.63,56.75
3,20.55,114.47,56.74
3,22.34,114.31,56.75
4,24.14,114.15,56.75
3,15.29,113.56,53.15
3,15.29,113.56,52.52
3,15.56,113.09,51.9
3,15.95,112.61,51.27
3,15.51,112.21,51.27
3,15.26,112.68,51.9
3,16.27,111.25,50.79
3,15.87,111.73,51.27
3,16.75,111.65,50.79
3,16.35,112.13,51.27
3,16.68,110.77,50.79
3,17.53,110.64,50.5
3,17.15,111.17,50.79
3,15.24,111.85,51.27
3,15.38,110.44,50.79
3,15.21,110.91,51.27
3,15.79,110.85,50.79
3,15.43,111.32,51.27
3,15.02,112.68,52.48
3,15.02,112.68,53.13
3,15.02,111.27,51.82
3,15.02,111.85,51.82
3,15.02,110.35,51.17
3,15.02,110.85,51.82
3,14.82,111.34,52.75
3,14.82,110.21,51.71
3,16.2,110.37,50.79
3,15.72,109.97,50.79
3,15.63,109.87,50.5
3,15.56,109.29,50.5
3,15.02,109.93,51.17
3,15.2,109.23,50.68
3,15.02,109.51,51.17
3,15.19,110.02,51.27
3,15.66,109.41,50.79
3,15.35,109.62,51.27
3,17.04,110.22,50.5
3,16.55,109.76,50.5
3,17.94,110.14,50.5
3,17.77,113.8,56.75
3,15.02,111.42,54.1
3,15.26,112.68,54.4
3,15.56,113.09,54.4
3,15.26,112.68,53.77
3,15.56,113.09,53.77
3,15.37,111.41,55.33
3,15.01,110.32,55.4
3,15.37,111.41,56.29
3,15.01,110.32,56.4
3,15.25,111.35,56.75
3,15.33,109.61,56.3
3,15.02,109.63,56.4
3,15.23,109.5,56.75
3,16.63,111.15,56.75
3,15.94,112.17,55.33
3,16.71,111.21,56.29
3,17.61,111.98,56.75
3,16.18,115.25,53.15
3,16.18,115.25,52.52
3,16.58,114.77,51.9
3,16.98,114.29,51.27
3,17.39,113.81,50.79
3,16.66,115.65,52.52
3,17.06,115.17,51.9
3,17.46,114.69,51.27
3,17.86,114.21,50.79
3,16.66,115.65,53.15
3,18.17,112.85,50.5
3,17.79,113.33,50.79
3,15.61,113.97,53.15
3,16.1,114.37,53.15
3,15.61,113.97,52.52
3,16.03,113.49,51.9
3,16.43,113.01,51.27
3,16.1,114.37,52.52
3,16.5,113.89,51.9
3,16.91,113.41,51.27
3,17.23,112.05,50.79
3,16.83,112.53,51.27
3,17.71,112.45,50.79
3,17.31,112.93,51.27
3,18.02,111.06,50.5
3,17.63,111.57,50.79
3,18.42,110.57,50.5
3,16.58,114.77,54.4
3,16.58,114.77,53.77
3,17.06,115.17,53.77
3,17.06,115.17,54.4
3,16.98,114.29,55.02
3,16.98,114.29,55.65
3,17.46,114.69,55.65
3,17.46,114.69,55.02
3,17.83,113.77,56.29
3,16.03,113.49,54.4
3,16.03,113.49,53.77
3,16.5,113.89,54.4
3,16.5,113.89,53.77
3,16.87,112.97,55.33
3,17.67,112.01,56.29
3,19.55,113.67,56.94
3,21.39,113.49,56.94
3,23.25,113.32,56.94
4,25.16,113.17,56.94
3,18.89,110.94,50.3
3,15.92,109.27,50.3
3,15.4,109.04,50.5
3,14.82,109.76,51.71
3,15.02,109.04,51.03
3,14.82,109.33,51.71
3,17.39,109.56,50.3
3,16.91,109.23,50.3
3,18.3,109.5,50.3
3,18.8,109.95,50.3
3,18.54,112.79,56.94
3,14.82,110.17,54.13
3,14.82,109.45,55.52
3,15.14,109.04,56.57
3,15.81,109.87,56.94
3,17.35,110,56.94
3,18.37,110.88,56.94
4,25.56,114.92,50.5
4,26.16,114.95,50.43
4,26,114.47,50.3
4,25.96,116.25,52.48
4,25.96,116.25,53.13
4,26.16,115.94,52.41
4,26.16,115.93,53.1
4,25.72,115.25,53.77
4,25.96,115.82,53.77
4,25.72,115.25,54.4
4,25.96,115.81,54.41
4,25.72,115.25,55.02
4,25.96,115.81,55.06
4,25.72,115.25,55.65
4,25.96,115.82,55.71
4,25.65,114.05,56.75
4,25.96,115.72,56.39
3,26.15,115.34,53.76
3,26.15,115.33,54.43
4,26.15,115.33,55.1
4,26.15,115.35,55.81
4,26.15,114.05,56.56
4,25.96,115.28,50.68
4,25.96,115.82,51.17
4,26.16,115.35,51.02
4,25.96,115.82,51.83
4,26.16,115.35,51.72
3,17.62,116.45,52.52
3,18.02,115.98,51.9
3,17.14,116.05,52.52
3,17.54,115.57,51.9
3,17.14,116.05,53.15
4,17.62,116.45,53.15
3,18.5,116.4,52.52
3,18.9,115.9,51.9
4,18.99,116.7,52.52
3,19.38,116.3,51.9
4,18.5,116.4,53.15
4,18.99,116.7,53.15
3,20.26,116.22,51.9
4,19.92,116.68,52.85
4,20.74,116.6,51.9
4,20.75,117.02,52.58
4,21.14,116.15,51.9
4,22.02,116.07,51.9
4,21.65,116.63,52.84
4,22.5,116.47,51.9
4,22.96,116.74,52.52
4,22.96,116.74,53.15
4,23.38,116.41,52.52
4,24.26,116.32,52.52
4,23.38,116.41,53.15
4,24.26,116.32,53.15
4,24.66,115.84,52.52
4,25.52,115.76,52.52
4,24.66,115.84,53.15
4,25.52,115.76,53.15
3,17.54,115.57,53.77
3,17.54,115.57,54.4
3,18.02,115.98,53.77
3,18.02,115.98,54.4
3,17.94,115.1,55.65
3,17.94,115.1,55.02
3,18.42,115.5,55.02
3,18.42,115.5,55.65
3,18.78,114.58,56.29
3,18.9,115.9,53.77
3,18.9,115.9,54.4
4,19.38,116.3,53.77
4,19.38,116.3,54.4
4,20.69,116.13,54.08
4,22.46,116.03,54.08
4,23.78,115.92,53.77
4,23.78,115.92,54.4
4,24.18,115.44,53.77
4,25.06,115.36,53.77
4,24.18,115.44,54.4
4,25.06,115.36,54.4
4,25.44,114.88,53.77
4,25.44,114.88,54.4
3,19.74,115.38,55.33
4,21.5,115.23,55.33
4,25.01,114.92,55.33
4,23.26,115.07,55.33
3,20.54,114.42,56.29
4,22.31,114.27,56.29
4,25.54,114,56.29
4,24.07,114.12,56.29
4,25.64,114.05,50.3
3,18.42,115.5,51.27
3,18.82,115.02,50.79
3,19.22,114.56,50.5
3,19.61,114.09,50.3
3,18.5,111.48,50.5
3,18.97,111.87,50.3
3,19.13,113.68,50.3
3,17.94,115.1,51.27
3,18.34,114.62,50.79
3,18.73,114.15,50.5
3,19.05,112.77,50.3
3,18.66,113.26,50.5
3,18.27,113.74,50.79
3,18.58,112.37,50.5
3,18.11,111.98,50.79
3,19.78,115.82,51.27
3,20.66,115.74,51.27
3,20.18,115.34,50.79
4,21.06,115.27,50.79
3,20.58,114.89,50.5
4,21.47,114.81,50.5
3,20.99,114.42,50.3
4,21.88,114.34,50.3
3,20.66,115.74,51.9
3,19.3,115.42,51.27
3,19.7,114.94,50.79
3,20.1,114.48,50.5
3,20.5,114.01,50.3
4,24.64,114.11,50.3
4,25.06,114.5,50.5
4,25.72,115.25,51.27
4,25.45,114.88,50.79
4,25.72,115.25,51.9
4,25.52,115.76,51.27
4,24.66,115.84,51.27
4,23.78,115.92,51.27
4,22.9,115.99,51.27
4,25.06,115.36,50.79
4,24.18,115.44,50.79
4,23.3,115.51,50.79
4,24.64,114.99,50.5
4,23.74,115.06,50.5
4,24.21,114.61,50.3
4,25.52,115.76,51.9
4,22.9,115.99,51.9
4,23.78,115.92,51.9
4,24.66,115.84,51.9
4,24.11,113.7,50.3
4,21.54,115.67,51.27
4,22.42,115.59,51.27
4,22.82,115.11,50.79
4,21.94,115.19,50.79
4,23.25,114.65,50.5
4,22.36,114.73,50.5
4,23.7,114.19,50.3
4,22.78,114.27,50.3
4,22.42,115.59,51.9
4,22.29,113.85,50.3
3,19.57,113.64,56.74
3,21.36,113.48,56.74
3,23.16,113.32,56.75
4,25,113.16,56.75
3,18.91,110.99,50.5
3,15.26,112.68,53.15
3,15.56,113.09,53.15
3,15.26,112.68,52.52
3,15.56,113.09,52.52
3,15.95,112.61,51.9
3,15.51,112.21,51.9
3,16.27,111.25,51.27
3,15.87,111.73,51.9
3,16.75,111.65,51.27
3,16.35,112.13,51.9
3,17.08,110.29,50.79
3,16.68,110.77,51.27
3,17.56,110.69,50.79
3,17.15,111.17,51.27
3,17.96,110.21,50.79
3,15.24,111.85,51.9
3,15.21,110.91,51.9
3,15.38,110.44,51.27
3,15.79,110.85,51.27
3,15.43,111.32,51.9
3,15.02,111.43,52.8
3,15.02,110.35,51.82
3,14.82,110.19,52.76
3,16.6,109.86,50.79
3,16.2,110.37,51.27
3,15.72,109.97,51.27
3,16.11,109.56,50.79
3,16.05,109.45,50.5
3,15.55,109.23,50.68
3,15.02,109.93,51.82
3,15.2,109.23,51.18
3,15.02,109.51,51.82
3,15.19,110.02,51.9
3,15.66,109.41,51.27
3,15.35,109.62,51.9
3,17.45,109.71,50.5
3,16.98,109.41,50.5
3,17.02,109.52,50.79
3,17.48,109.81,50.79
3,18.34,109.66,50.5
3,18.59,112.81,56.75
3,15.37,111.41,54.08
3,15.02,110.32,54.1
3,15.94,112.17,54.08
3,15.32,109.61,55.33
3,15.02,109.62,55.4
3,15.79,110.35,55.33
3,16.06,110.12,56.29
3,15.32,109.23,56.4
3,15.97,110.03,56.75
3,17.45,110.16,56.75
3,16.71,111.21,55.33
3,17.52,110.25,56.29
3,18.44,110.99,56.75
3,16.58,114.77,53.15
3,16.58,114.77,52.52
3,16.98,114.29,51.9
3,17.39,113.81,51.27
3,17.06,115.17,52.52
3,17.46,114.69,51.9
3,17.86,114.21,51.27
3,17.06,115.17,53.15
3,18.19,112.86,50.79
3,17.79,113.33,51.27
3,16.03,113.49,53.15
3,16.5,113.89,53.15
3,16.03,113.49,52.52
3,16.43,113.01,51.9
3,16.5,113.89,52.52
3,16.91,113.41,51.9
3,17.23,112.05,51.27
3,16.83,112.53,51.9
3,17.71,112.45,51.27
3,17.31,112.93,51.9
3,18.03,111.09,50.79
3,17.63,111.57,51.27
3,18.82,110.07,50.5
3,18.44,110.62,50.79
3,16.98,114.29,54.4
3,16.98,114.29,53.77
3,17.46,114.69,53.77
3,17.46,114.69,54.4
3,17.83,113.77,55.33
3,18.63,112.82,56.29
3,16.87,112.97,54.08
3,17.67,112.01,55.33
3,18.47,111.06,56.29
3,20.38,112.62,56.94
3,22.23,112.45,56.94
3,24.11,112.29,56.94
3,25.79,112.2,56.94
3,19.38,111.37,50.3
3,19.29,110.42,50.3
3,16.01,109.04,50.49
3,15.43,109.04,51.05
3,15.03,109.04,51.72
3,14.82,109.46,52.74
3,17.81,109.2,50.3
3,16.89,109.04,50.5
3,18.68,109.17,50.3
3,19.21,109.42,50.3
3,19.38,111.75,56.94
3,14.82,109.44,54.13
3,15.13,109.04,55.49
3,16.38,109.04,56.55
3,18.2,109.33,56.94
3,19.22,109.86,56.94
4,25.96,114.89,50.62
4,25.81,114.43,50.5
4,25.97,113.57,50.3
4,26.16,114.46,50.49
4,25.72,115.25,52.52
4,25.96,115.82,52.48
4,25.72,115.25,53.15
4,25.96,115.82,53.13
4,26.16,115.34,52.41
3,26.16,115.34,53.1
4,25.96,115.26,53.77
4,25.96,115.26,54.41
4,25.96,115.26,55.05
4,25.96,115.27,55.71
4,25.96,114.01,56.39
3,26.15,114.45,53.76
3,26.15,114.45,54.43
3,26.16,112.16,56.55
3,26.15,114,55.47
4,25.96,115.27,51.18
4,26.16,114.46,51.02
4,25.96,115.27,51.83
4,26.15,114.46,51.72
3,18.02,115.98,52.52
3,18.42,115.5,51.9
3,17.54,115.57,52.52
3,17.94,115.1,51.9
3,17.54,115.57,53.15
4,18.02,115.98,53.15
3,18.9,115.9,52.52
3,19.3,115.42,51.9
3,19.38,116.3,52.52
3,19.78,115.82,51.9
4,18.9,115.9,53.15
4,19.38,116.3,53.15
3,20.7,116.15,52.82
4,21.54,115.67,51.9
4,22.46,116.03,52.83
4,23.78,115.92,52.52
4,23.78,115.92,53.15
4,24.18,115.44,52.52
4,25.06,115.36,52.52
4,24.18,115.44,53.15
4,25.06,115.36,53.15
4,25.44,114.88,52.52
4,25.44,114.88,53.15
3,17.94,115.1,53.77
3,17.94,115.1,54.4
3,18.42,115.5,53.77
3,18.42,115.5,54.4
3,19.59,113.62,56.29
3,18.78,114.58,55.33
4,19.74,115.38,54.08
4,21.5,115.23,54.08
4,23.26,115.07,54.08
4,24.58,114.96,53.77
4,24.58,114.96,54.4
4,24.99,114.48,53.77
4,25.7,114.41,53.77
4,24.99,114.48,54.4
4,25.7,114.41,54.4
3,20.54,114.42,55.33
4,22.31,114.27,55.33
4,25.54,113.98,55.33
4,24.07,114.12,55.33
3,21.35,113.47,56.29
4,23.11,113.31,56.29
4,24.9,113.16,56.29
4,25.7,114.41,50.79
4,25.49,114.02,50.5
4,25.07,113.17,50.3
3,18.82,115.02,51.27
3,19.22,114.54,50.79
3,19.62,114.07,50.5
3,20.02,113.6,50.3
3,18.51,111.5,50.79
3,18.98,111.89,50.5
3,19.46,112.29,50.3
3,19.54,113.19,50.3
3,19.14,113.67,50.5
3,18.34,114.62,51.27
3,18.74,114.14,50.79
3,19.06,112.78,50.5
3,18.67,113.26,50.79
3,18.27,113.74,51.27
3,18.59,112.38,50.79
3,18.11,111.98,51.27
3,21.06,115.27,51.27
3,20.18,115.34,51.27
3,20.58,114.86,50.79
4,21.46,114.79,50.79
3,20.99,114.4,50.5
4,21.87,114.32,50.5
3,21.39,113.93,50.3
3,20.18,115.34,51.9
3,21.06,115.27,51.9
3,19.7,114.94,51.27
3,20.1,114.46,50.79
3,20.5,113.99,50.5
3,20.91,113.52,50.3
3,19.7,114.94,51.9
4,24.56,114.09,50.5
4,24.99,114.48,50.79
4,25.44,114.88,51.27
4,25.44,114.88,51.9
4,25.06,115.36,51.27
4,24.18,115.44,51.27
4,23.3,115.51,51.27
4,24.58,114.96,50.79
4,23.7,115.03,50.79
4,24.14,114.57,50.5
4,25.06,115.36,51.9
4,23.3,115.51,51.9
4,24.18,115.44,51.9
4,23.6,113.28,50.3
4,24.06,113.68,50.5
4,22.82,115.11,51.27
4,21.94,115.19,51.27
4,23.22,114.63,50.79
4,22.34,114.71,50.79
4,23.65,114.17,50.5
4,22.76,114.24,50.5
4,23.19,113.77,50.3
4,21.94,115.19,51.9
4,22.82,115.11,51.9
4,23.1,112.88,50.3
4,22.27,113.84,50.5
4,22.69,113.36,50.3
4,21.8,113.44,50.3
3,18.92,111.02,50.79
3,19.86,111.79,50.3
4,21.31,113.03,50.3
3,20.39,112.65,56.74
3,22.18,112.49,56.75
3,23.99,112.33,56.75
3,25.6,112.25,56.75
3,19.39,111.4,50.5
3,19.31,110.49,50.5
3,15.94,112.17,52.83
3,16.27,111.25,51.9
3,16.75,111.65,51.9
3,17.08,110.29,51.27
3,16.68,110.77,51.9
3,17.56,110.69,51.27
3,17.15,111.17,51.9
3,18.36,109.76,50.79
3,17.96,110.21,51.27
3,15.37,111.41,52.84
3,15.79,110.85,51.9
3,15.38,110.44,51.9
3,15.02,110.33,52.81
3,16.6,109.86,51.27
3,16.2,110.37,51.9
3,15.72,109.97,51.9
3,16.11,109.56,51.27
3,16.13,109.23,50.67
3,15.56,109.23,51.19
3,15.2,109.23,51.83
3,15.02,109.64,52.79
3,15.66,109.41,51.89
3,15.33,109.63,52.81
3,17.86,109.38,50.5
3,16.97,109.23,50.68
3,17.01,109.52,51.27
3,17.89,109.5,50.79
3,17.48,109.81,51.27
3,18.71,109.36,50.5
3,18.73,109.47,50.79
3,19.23,109.58,50.5
3,19.41,111.82,56.74
3,15.32,109.61,54.09
3,15.02,109.62,54.1
3,15.79,110.35,54.08
3,16.71,111.21,54.08
3,16.58,109.68,55.33
3,15.3,109.23,55.39
3,16.5,109.24,56.39
3,18.28,109.52,56.75
3,18.33,109.63,56.29
3,17.52,110.25,55.33
3,19.26,110.02,56.74
3,16.98,114.29,53.15
3,16.98,114.29,52.52
3,17.39,113.81,51.9
3,17.46,114.69,52.52
3,17.86,114.21,51.9
3,17.46,114.69,53.15
3,18.27,113.74,51.9
3,18.19,112.86,51.27
3,17.79,113.33,51.9
3,16.87,112.97,52.83
3,17.23,112.05,51.9
3,17.71,112.45,51.9
3,18.03,111.09,51.27
3,17.63,111.57,51.9
3,18.11,111.98,51.9
3,18.84,110.14,50.79
3,18.44,110.62,51.27
3,19.24,109.68,50.79
3,17.83,113.77,54.08
3,18.63,112.82,55.33
3,19.43,111.86,56.29
3,17.67,112.01,54.08
3,18.47,111.06,55.33
3,19.28,110.13,56.29
3,21.23,111.58,56.94
3,23.09,111.42,56.94
3,25.05,111.27,56.94
3,19.78,110.87,50.3
3,19.69,109.88,50.3
3,16.03,109.04,51.05
3,15.44,109.04,51.75
3,15.08,109.04,52.8
3,17.8,109.04,50.5
3,16.9,109.04,51.06
3,18.65,109.04,50.51
3,19.62,109.14,50.3
3,19.19,109.04,50.51
3,20.22,110.71,56.94
3,15.13,109.04,54.13
3,16.4,109.04,55.47
3,18.2,109.04,56.55
3,20.04,109.28,56.94
3,19.15,109.04,56.68
4,25.78,113.56,50.5
4,25.96,114.42,50.68
4,26.15,113.55,50.49
4,25.96,115.27,52.48
4,25.96,115.27,53.13
4,26.15,114.46,52.42
4,26.15,114.45,53.1
4,25.96,114.42,53.77
3,25.96,114.42,54.41
3,25.96,112.2,56.39
3,25.96,113.97,55.38
3,26.15,113.54,53.76
3,26.15,113.53,54.42
3,26.16,110.37,56.56
3,26.16,112.14,55.47
4,26.15,113.54,51.02
4,25.96,114.42,51.18
4,26.15,113.54,51.72
4,25.96,114.42,51.83
4,25.74,112.22,50.3
3,18.42,115.5,52.52
3,18.82,115.02,51.9
3,17.94,115.1,52.52
3,18.34,114.62,51.9
3,17.94,115.1,53.15
4,18.42,115.5,53.15
3,19.74,115.38,52.83
4,21.5,115.23,52.83
4,24.58,114.96,52.52
4,23.26,115.07,52.83
4,24.58,114.96,53.15
4,24.99,114.48,52.52
4,25.7,114.41,52.52
4,24.99,114.48,53.15
4,25.7,114.41,53.15
3,20.39,112.66,56.29
3,19.59,113.62,55.33
3,18.78,114.58,54.08
4,20.54,114.42,54.08
4,22.31,114.27,54.08
4,24.07,114.12,54.08
4,25.67,113.53,53.77
4,25.39,114,53.77
4,25.39,114,54.4
4,25.67,113.53,54.4
3,21.35,113.47,55.33
4,23.11,113.31,55.33
4,24.9,113.15,55.33
3,22.15,112.51,56.29
4,23.91,112.35,56.29
3,25.49,112.25,56.29
3,23.84,111.02,50.3
4,25.7,114.41,51.27
4,25.7,114.41,51.9
4,25.67,113.54,50.79
4,25.39,114,50.79
4,24.96,113.16,50.5
4,23.98,112.35,50.3
3,19.22,114.54,51.27
3,19.63,114.06,50.79
3,20.02,113.59,50.5
3,20.42,113.11,50.3
3,19.22,114.54,51.9
3,18.51,111.5,51.27
3,18.99,111.9,50.79
3,19.47,112.29,50.5
3,19.94,112.7,50.3
3,19.54,113.18,50.5
3,19.15,113.66,50.79
3,18.74,114.14,51.27
3,19.07,112.78,50.79
3,18.67,113.26,51.27
3,18.59,112.38,51.27
3,18.74,114.14,51.9
4,21.46,114.79,51.27
3,20.58,114.86,51.27
4,20.98,114.39,50.79
4,21.86,114.31,50.79
4,21.39,113.91,50.5
3,20.58,114.86,51.9
4,21.46,114.79,51.9
3,20.1,114.46,51.27
3,20.51,113.98,50.79
3,20.91,113.51,50.5
3,20.1,114.46,51.9
4,24.51,114.08,50.79
4,24.99,114.48,51.27
4,24.99,114.48,51.9
4,24.58,114.96,51.27
4,23.7,115.03,51.27
4,24.1,114.56,50.79
4,24.58,114.96,51.9
4,23.7,115.03,51.9
4,23.57,113.28,50.5
4,24.03,113.68,50.79
4,23.22,114.63,51.27
4,22.34,114.71,51.27
4,23.63,114.15,50.79
4,22.75,114.23,50.79
4,23.16,113.76,50.5
4,22.34,114.71,51.9
4,23.22,114.63,51.9
4,23.08,112.87,50.5
4,22.61,112.47,50.3
4,22.27,113.83,50.79
4,22.68,113.36,50.5
4,21.79,113.43,50.5
4,22.2,112.95,50.3
3,18.92,111.02,51.27
3,19.32,110.54,50.79
3,19.39,111.42,50.79
3,19.87,111.81,50.5
3,20.26,111.3,50.3
3,20.35,112.21,50.3
4,21.31,113.03,50.5
4,21.72,112.54,50.3
3,20.83,112.62,50.3
4,22.12,112.06,50.3
3,21.21,111.66,56.74
3,23.01,111.5,56.75
3,24.89,111.36,56.75
3,19.79,110.91,50.5
3,19.71,109.99,50.5
3,19.72,110.06,50.79
3,17.08,110.29,51.9
3,17.56,110.69,51.9
3,16.71,111.21,52.83
3,18.36,109.76,51.27
3,17.96,110.21,51.9
3,16.6,109.86,51.9
3,15.79,110.37,52.84
3,16.11,109.56,51.89
3,16.13,109.23,51.19
3,15.67,109.4,52.51
3,15.57,109.23,51.83
3,15.25,109.23,52.85
3,17.84,109.23,50.68
3,16.96,109.24,51.19
3,17.01,109.52,51.9
3,17.89,109.5,51.27
3,17.48,109.81,51.9
3,18.68,109.23,50.68
3,18.73,109.47,51.27
3,19.64,109.33,50.5
3,19.21,109.23,50.68
3,20.23,110.83,56.74
3,16.58,109.68,54.08
3,15.3,109.23,54.1
3,17.52,110.25,54.08
3,18.34,109.63,55.33
3,16.5,109.24,55.39
3,18.26,109.24,56.39
3,20.06,109.46,56.74
3,19.19,109.23,56.51
3,17.83,113.77,52.83
3,18.67,113.26,51.9
3,18.19,112.86,51.9
3,18.59,112.38,51.9
3,18.03,111.09,51.9
3,17.67,112.01,52.83
3,18.51,111.5,51.9
3,18.84,110.14,51.27
3,18.44,110.62,51.9
3,18.92,111.02,51.9
3,19.24,109.68,51.27
3,19.65,109.45,50.79
3,18.63,112.82,54.08
3,19.43,111.86,55.33
3,20.24,110.9,56.29
3,18.47,111.06,54.08
3,19.28,110.14,55.33
3,20.04,109.58,56.29
3,22.07,110.54,56.94
3,23.94,110.38,56.94
3,25.7,110.16,56.94
3,26.05,109.19,56.94
3,26.16,109.27,56.57
3,20.66,110.8,50.3
3,20.18,110.35,50.3
3,20.09,109.36,50.3
3,16.05,109.04,51.77
3,15.43,109.04,52.55
3,17.82,109.04,51.08
3,16.91,109.04,51.78
3,18.66,109.04,51.09
3,19.6,109.04,50.52
3,19.19,109.04,51.11
3,21.07,109.72,56.94
3,16.4,109.04,54.11
3,18.25,109.04,55.45
3,19.97,109.04,56.52
3,21.93,109.22,56.94
4,25.96,113.54,50.68
4,26.16,112.17,50.5
4,26.16,109.38,50.51
4,26.01,109.3,50.3
4,25.96,114.42,52.48
4,25.96,114.42,53.13
4,26.15,113.54,52.42
4,26.15,113.54,53.1
4,25.96,113.53,53.77
3,25.96,113.52,54.41
3,25.96,110.5,56.4
3,25.96,112.17,55.38
3,26.16,110.35,55.47
3,26.15,112.15,54.1
3,23.34,110.62,50.3
4,24.95,111.37,50.3
4,26.15,112.16,51.39
4,25.96,113.53,51.18
4,25.96,113.53,51.83
4,25.58,112.24,50.5
3,24.27,110.53,50.3
3,18.78,114.58,52.83
3,20.54,114.42,52.83
4,22.31,114.27,52.83
4,24.07,114.12,52.83
4,25.67,113.53,52.52
4,25.39,114,52.52
4,25.67,113.53,53.15
4,25.39,114,53.15
3,21.19,111.71,56.29
3,20.39,112.66,55.33
3,19.59,113.62,54.08
4,21.35,113.47,54.08
4,23.11,113.31,54.08
4,24.89,113.15,54.08
4,22.15,112.51,55.33
4,23.91,112.35,55.33
3,25.49,112.22,55.33
3,22.95,111.55,56.29
4,24.79,111.4,56.29
3,23.81,111.03,50.5
4,23.42,111.5,50.3
4,25.39,114,51.27
4,25.67,113.53,51.27
4,25.67,113.53,51.9
4,25.39,114,51.9
4,24.89,113.15,50.79
4,23.94,112.35,50.5
4,23.01,111.99,50.3
3,19.63,114.06,51.27
3,20.03,113.58,50.79
3,20.43,113.11,50.5
3,19.63,114.06,51.9
3,18.99,111.9,51.27
3,19.47,112.3,50.79
3,19.95,112.7,50.5
3,19.55,113.18,50.79
3,19.15,113.66,51.27
3,19.07,112.78,51.27
3,19.15,113.66,51.9
3,19.07,112.78,51.9
4,21.86,114.31,51.27
3,20.98,114.39,51.27
4,21.39,113.91,50.79
4,21.86,114.31,51.9
3,20.98,114.39,51.9
3,20.51,113.98,51.27
4,20.91,113.51,50.79
3,20.51,113.98,51.9
4,23.55,113.27,50.79
4,24.07,114.12,51.58
4,22.75,114.23,51.27
4,23.15,113.75,50.79
4,22.27,113.83,51.27
4,22.75,114.23,51.9
4,22.27,113.83,51.9
4,23.07,112.87,50.79
4,22.6,112.47,50.5
4,22.67,113.35,50.79
4,21.79,113.43,50.79
4,22.19,112.95,50.5
3,19.32,110.54,51.27
3,19.39,111.42,51.27
3,19.8,110.94,50.79
3,19.87,111.82,50.79
3,20.27,111.32,50.5
3,20.35,112.22,50.5
4,20.75,111.72,50.3
4,21.31,113.03,50.79
4,21.71,112.55,50.5
3,20.83,112.62,50.5
4,21.23,112.13,50.3
3,22.93,111.1,50.3
3,21.15,111.23,50.3
3,22.11,112.07,50.5
4,21.63,111.65,50.3
4,22.52,111.58,50.3
3,22.03,110.67,56.75
4,26.16,109.4,51.06
3,23.83,110.51,56.75
3,25.52,110.3,56.75
3,25.86,109.38,56.75
3,25.96,109.45,56.4
3,25.72,109.5,56.28
3,19.72,110.06,51.27
3,20.67,110.84,50.5
3,20.19,110.42,50.5
3,20.11,109.52,50.5
3,20.2,110.46,50.79
3,20.12,109.62,50.79
3,18.36,109.76,51.9
3,17.52,110.25,52.83
3,16.56,109.69,52.82
3,16.14,109.23,51.84
3,15.57,109.24,52.59
3,17.89,109.5,51.9
3,17.85,109.23,51.2
3,16.96,109.24,51.85
3,18.78,109.47,51.91
3,18.69,109.24,51.2
3,19.62,109.23,50.68
3,19.21,109.24,51.21
3,21.05,109.88,56.74
3,18.34,109.63,54.08
3,16.5,109.24,54.09
3,18.29,109.24,55.38
3,19.98,109.23,56.37
3,21.89,109.41,56.74
3,18.99,111.9,51.9
3,18.63,112.82,52.83
3,19.39,111.42,51.9
3,18.84,110.14,51.9
3,18.47,111.06,52.83
3,19.32,110.54,51.9
3,19.25,109.69,51.89
3,19.65,109.45,51.27
3,21.04,109.99,56.29
3,19.43,111.86,54.08
3,20.24,110.9,55.33
3,20.02,109.58,55.33
3,19.28,110.14,54.08
3,19.72,110.06,51.9
3,22.93,109.6,56.94
3,24.81,109.49,56.94
3,25.96,109.04,56.53
4,26.16,109.27,55.49
4,26.16,109.39,51.76
4,26.16,109.33,54.08
3,23.82,109.17,56.94
3,20.08,109.04,50.52
3,21.05,110.31,50.3
3,20.56,109.83,50.3
3,20.48,109.12,50.3
3,21.89,109.51,50.3
3,17.83,109.04,51.8
3,18.75,109.04,51.83
3,16.45,109.04,52.8
3,19.6,109.04,51.11
3,19.25,109.04,51.71
3,21.03,109.04,56.5
3,18.27,109.04,54.1
3,19.92,109.04,55.42
3,21.87,109.04,56.5
4,25.96,112.2,50.68
4,26.16,110.47,50.5
4,25.96,109.54,50.68
4,25.81,109.47,50.5
4,25.84,109.23,50.69
4,25.66,110.29,50.3
4,25.77,109.12,50.3
4,26.03,109.04,50.52
4,24.77,109.97,50.29
4,25.96,113.53,52.48
4,25.96,113.53,53.13
4,26.15,112.16,52.77
3,25.4,110.36,56.29
3,25.96,110.47,55.39
4,25.96,112.18,54.09
4,26.15,110.42,54.13
3,26.16,110.5,51.42
4,25.96,109.56,51.19
3,23.7,109.47,50.27
3,22.84,110.21,50.3
3,23.76,110.16,50.29
3,23.33,110.63,50.5
3,24.86,111.4,50.49
4,25.96,112.18,51.51
3,25.49,112.24,50.79
3,24.22,110.55,50.48
3,19.59,113.62,52.83
3,21.35,113.47,52.83
4,23.11,113.31,52.83
4,24.89,113.15,52.83
3,22,110.75,56.29
3,21.19,111.71,55.33
3,20.39,112.66,54.08
4,22.15,112.51,54.08
4,23.91,112.35,54.08
4,25.49,112.22,54.08
4,22.95,111.55,55.33
4,24.79,111.39,55.33
3,23.76,110.59,56.29
3,21.86,109.53,56.29
3,23.8,111.03,50.79
3,23.4,111.51,50.5
4,24.89,113.15,51.58
3,23.91,112.35,50.79
3,23,111.99,50.5
3,20.03,113.58,51.27
3,20.43,113.1,50.79
3,20.03,113.58,51.9
3,19.47,112.3,51.27
3,19.95,112.7,50.79
3,19.55,113.18,51.27
3,19.47,112.3,51.9
3,19.55,113.18,51.9
3,22.59,112.47,50.79
4,23.11,113.31,51.58
4,21.35,113.47,51.58
4,22.19,112.95,50.79
3,19.8,110.94,51.27
3,19.87,111.82,51.27
4,19.87,111.82,51.9
3,20.27,111.34,50.79
3,20.35,112.22,50.79
4,20.75,111.73,50.5
4,21.71,112.55,50.79
4,20.83,112.62,50.79
4,21.23,112.14,50.5
3,21.93,110.25,50.3
3,22.92,111.11,50.5
3,22.43,110.68,50.3
3,20.68,110.86,50.79
3,21.15,111.25,50.5
3,21.54,110.75,50.3
3,22.11,112.07,50.79
3,21.63,111.66,50.5
3,22.52,111.59,50.5
3,22.03,111.17,50.3
3,22.29,109.73,50.3
3,22.85,109.77,56.75
4,26.02,109.04,51.07
3,24.66,109.66,56.75
4,25.7,109.49,55.33
3,25.77,109.23,56.37
4,25.96,109.45,55.39
4,25.96,109.5,54.06
4,25.84,109.23,51.19
3,25.96,109.55,51.84
3,23.71,109.36,56.75
3,20.2,110.46,51.27
3,20.12,109.62,51.27
3,20.1,109.24,50.69
3,21.07,110.36,50.5
3,20.59,109.92,50.5
3,20.52,109.3,50.5
3,20.6,109.98,50.79
3,20.54,109.42,50.79
3,21.96,109.6,50.48
3,18.36,109.63,52.83
3,17.86,109.24,51.86
3,18.76,109.24,51.88
3,16.54,109.24,52.82
3,19.62,109.24,51.21
3,19.26,109.24,51.76
3,21.02,109.23,56.37
3,18.29,109.24,54.09
3,19.94,109.24,55.37
3,21.85,109.23,56.37
3,19.8,110.94,51.9
3,19.43,111.86,52.83
3,19.29,110.14,52.83
3,19.65,109.45,51.9
3,20.02,109.58,54.08
3,21.04,109.99,55.33
3,20.24,110.9,54.08
3,20.12,109.62,51.9
4,20.2,110.46,51.9
3,22.88,109.04,56.51
3,24.93,109.04,56.52
4,25.9,109.04,55.46
3,26.16,109.39,52.44
4,26.01,109.04,51.77
4,26.16,109.38,53.11
4,25.94,109.04,54.18
3,23.74,109.04,56.51
3,20.08,109.04,51.12
3,20.47,109.04,50.52
3,21.42,109.74,50.3
3,20.93,109.33,50.3
3,21.96,109.26,50.3
3,19.61,109.04,51.83
3,20.08,109.04,51.84
3,18.32,109.04,52.79
3,21.01,109.04,55.39
3,19.93,109.04,54.11
3,21.84,109.04,55.4
3,25.96,110.57,50.68
4,25.69,109.59,50.79
3,25.51,110.38,50.49
4,25.55,109.31,50.5
4,25.53,109.23,50.7
4,25.32,109.41,50.3
4,25.72,109.04,50.55
3,24.31,109.63,50.28
3,24.67,110.03,50.47
2,23.9,109.25,50.26
2,23.45,109.29,50.27
3,24.55,109.77,56.29
4,25.96,112.18,52.81
3,26.15,110.48,52.78
3,25.4,110.34,55.33
4,25.96,110.52,54.11
4,25.69,109.54,54.03
3,23.64,109.48,56.29
3,25.69,109.59,51.27
3,25.69,109.59,51.9
3,25.96,110.58,51.52
3,23.23,109.76,50.28
3,23.67,109.52,50.35
3,22.84,110.22,50.5
3,23.73,110.17,50.46
3,23.32,110.63,50.79
3,24.8,111.39,50.78
3,25.49,112.22,51.58
3,24.2,110.55,50.77
3,20.39,112.66,52.83
4,22.15,112.51,52.83
4,23.91,112.35,52.83
4,25.49,112.22,52.83
3,22.8,109.88,56.29
3,22,110.75,55.33
3,21.19,111.71,54.08
4,22.95,111.55,54.08
4,24.79,111.39,54.08
4,23.76,110.59,55.33
3,21.86,109.53,55.33
3,22.57,109.39,50.29
3,23.8,111.03,51.27
3,23.39,111.51,50.79
3,23.91,112.35,51.58
3,22.99,111.99,50.79
4,22.15,112.51,51.58
3,20.39,112.66,51.58
4,20.27,111.34,51.27
4,20.27,111.34,51.9
4,20.75,111.74,50.79
4,21.23,112.15,50.79
3,20.68,110.86,51.27
3,21.95,110.28,50.5
3,22.92,111.11,50.79
3,22.43,110.7,50.5
3,21.08,110.38,50.79
3,21.16,111.27,50.79
3,21.55,110.77,50.5
3,21.63,111.67,50.79
3,22.51,111.59,50.79
3,22.03,111.18,50.5
3,22.33,109.79,50.48
3,22.83,109.23,56.38
4,25.65,109.04,51.15
3,24.81,109.23,56.38
4,25.74,109.23,55.38
3,25.96,109.55,52.49
3,25.96,109.55,53.13
4,25.78,109.23,54.16
3,25.5,109.23,51.22
3,25.84,109.23,51.85
3,23.67,109.23,56.38
4,20.68,110.86,51.9
3,20.54,109.42,51.9
3,20.6,109.98,51.27
3,20.54,109.42,51.27
3,20.1,109.24,51.21
3,20.51,109.24,50.69
3,21.46,109.83,50.5
3,20.97,109.48,50.5
3,22.06,109.38,50.47
3,22,109.67,50.68
3,20.99,109.57,50.79
3,21.48,109.88,50.79
3,19.62,109.24,51.87
3,20.11,109.24,51.87
3,18.34,109.24,52.81
3,21.01,109.24,55.36
3,19.94,109.24,54.09
3,21.83,109.24,55.36
3,20.05,109.58,52.85
3,20.24,110.9,52.83
3,20.6,109.98,51.9
3,21.05,109.98,54.08
3,22.83,109.04,55.4
4,24.84,109.04,55.43
4,25.62,109.04,51.84
4,26,109.04,52.45
4,25.61,109.04,53.9
4,26,109.04,53.11
3,23.66,109.04,55.4
3,20.47,109.04,51.87
3,20.47,109.04,51.13
3,20.97,109.04,50.54
3,21.67,109.22,50.3
3,22.15,109.07,50.29
3,19.96,109.04,52.84
3,21.02,109.04,54.1
3,21.83,109.04,54.14
3,25.42,109.42,50.79
3,25.39,110.43,50.78
3,25.13,109.54,50.49
3,25.14,109.22,50.7
3,24.78,109.18,50.28
4,25.34,109.03,50.57
3,25.42,109.42,51.27
2,24.15,109.06,50.26
2,23.42,109,50.27
2,23.19,109.1,50.27
3,24.59,110.08,50.77
3,24.22,109.68,50.41
3,23.91,109.28,50.32
2,23.4,109.31,50.35
4,24.53,109.78,55.33
4,25.4,110.38,54.1
3,25.96,110.58,52.81
3,25.69,109.59,52.52
3,25.42,109.43,51.9
4,25.42,109.41,53.77
3,25.69,109.59,53.15
4,23.64,109.48,55.33
3,24.6,110.08,51.27
3,25.4,110.42,51.58
3,22.8,109.22,50.28
3,23.22,109.77,50.43
3,23.66,109.49,50.51
3,22.84,110.23,50.79
3,23.72,110.13,50.75
3,23.32,110.63,51.27
3,24.2,110.56,51.27
3,24.79,111.39,51.58
3,21.19,111.71,52.83
4,22.95,111.55,52.83
3,24.79,111.39,52.83
3,23.8,111.03,51.9
3,21.88,109.53,54.1
3,22,110.75,54.08
4,23.76,110.59,54.08
4,22.8,109.88,55.33
3,22.84,110.23,53.15
3,22.63,109.46,50.44
3,21.08,110.38,51.27
3,21.96,110.31,50.79
3,22.44,110.71,50.79
4,22.95,111.55,51.58
3,21.56,110.79,50.79
3,22.04,111.19,50.79
4,21.19,111.71,51.58
3,22.36,109.79,50.77
3,22.81,109.24,55.36
3,25.21,109.03,51.22
4,24.76,109.24,55.37
3,25.83,109.23,52.49
4,25.49,109.23,53.88
3,25.83,109.23,53.13
3,25.09,109.22,51.25
3,25.49,109.23,51.87
4,23.63,109.24,55.36
3,20.51,109.24,51.88
3,21.08,110.38,51.9
3,21,109.57,51.9
3,20.98,109.57,51.27
3,20.51,109.24,51.22
3,21.02,109.23,50.7
3,21.75,109.37,50.49
3,22.28,109.21,50.45
3,21.48,109.87,51.27
3,21.86,109.49,50.79
3,19.98,109.24,52.84
3,21.04,109.24,54.07
3,21.85,109.24,54.12
3,21.05,109.98,52.83
3,21.89,109.51,53.14
3,22.78,109.04,54.13
3,25.15,109.04,51.9
4,24.78,109.04,54.15
3,25.59,109.04,52.5
3,25.59,109.04,53.14
4,23.66,109.04,54.1
3,24.61,109.03,51.99
2,23.18,108.92,50.27
3,22.56,108.97,50.28
3,20.95,109.04,51.89
3,20.97,109.04,51.16
3,21.66,109.03,50.55
3,22.17,109.02,50.54
3,21.8,109.04,53.24
3,21,109.04,52.89
3,25,109.63,50.79
3,24.59,109.3,50.43
3,24.62,109.15,50.67
3,24.78,109.01,50.57
2,24.11,109.1,50.32
2,24.14,109.04,50.47
3,25,109.63,51.27
3,24.73,109.02,51.11
3,24.68,109.16,51.12
2,22.93,109.01,50.27
2,23.39,109,50.33
2,23.17,109.12,50.35
3,23.86,109.25,50.49
3,24.11,109.66,50.71
2,23.43,109.29,50.51
4,24.56,109.78,54.08
3,25.4,110.42,52.83
3,25.42,109.43,52.52
3,25,109.63,51.89
3,25.42,109.43,53.15
4,23.65,109.48,54.06
3,23.66,109.49,50.8
3,24.12,109.68,51.27
3,24.48,109.42,51.89
3,24.6,110.08,51.9
2,22.85,109.27,50.4
3,23.25,109.73,50.73
3,22.84,110.23,51.27
3,23.72,110.15,51.27
3,23.32,110.63,51.9
3,24.2,110.56,51.9
3,22,110.75,52.83
3,22.84,110.23,52.52
3,23.76,110.59,52.83
3,22.8,109.88,54.08
3,22.36,109.81,53.14
3,23.24,109.76,53.14
3,22.66,109.48,50.74
3,22.36,109.81,51.26
4,22,110.75,51.58
3,22.78,109.24,54.1
3,24.5,109.17,51.47
3,24.56,109.02,51.47
3,24.08,109.01,51.62
4,24.71,109.24,54.12
3,25.48,109.23,52.51
3,25.48,109.23,53.14
3,25.06,109.24,51.9
4,23.64,109.24,54.08
3,24.51,109.21,51.93
2,23.98,109.13,51.54
2,23.17,108.93,50.34
2,22.65,109.03,50.4
3,21.01,109.23,51.88
3,21.43,109.37,52.05
3,21.48,109.88,51.89
3,21.03,109.23,51.23
3,21.77,109.22,50.69
3,22.31,109.17,50.66
3,21.9,109.5,51.27
3,21.85,109.22,53.18
3,21.04,109.24,52.87
3,21.88,109.5,52.51
3,22.73,109.03,53.26
4,24.77,109.04,52.91
3,23.68,109.04,53.24
3,24.12,109.02,52.08
2,22.89,108.9,50.27
3,22.39,108.93,50.29
3,22.28,108.99,50.68
3,21.32,109.03,52.04
3,22.22,109.02,51.09
3,21.67,109.03,51.19
3,21.67,109.03,52.63
3,24.43,109.35,50.74
3,24.17,109.01,50.78
2,24,109.08,50.48
3,24.46,109.35,51.25
3,24.2,109,51.01
2,22.95,109.03,50.36
2,23.19,109.08,50.51
2,23.62,109.05,50.8
2,23.42,109.29,50.8
3,23.86,109.25,50.8
3,24.57,109.78,52.83
3,23.65,109.46,53.14
3,23.76,109.4,51.26
3,24.12,109.69,51.89
2,22.84,109.24,50.71
3,23.24,109.75,51.27
3,22.84,110.23,51.9
3,23.72,110.15,51.9
3,22.36,109.81,52.53
3,23.24,109.74,52.52
3,22.78,109.48,53.14
3,22.65,109.49,51.27
3,22.36,109.83,51.9
3,22.75,109.22,53.2
3,24.13,109.04,51.35
3,23.97,108.98,51.62
3,24.69,109.23,52.86
3,23.66,109.23,53.18
2,23.86,109.06,51.53
3,23.99,109.16,51.97
2,22.9,108.89,50.37
2,22.5,108.94,50.41
3,22.42,109.12,50.75
3,21.39,109.22,52.01
3,21.89,109.5,51.9
3,22.35,109.16,51.13
3,22.32,109.29,51.42
3,21.76,109.2,51.23
3,22.33,109.29,52.38
3,21.75,109.21,52.56
2,22.73,109.02,52.74
3,23.96,108.97,52.1
3,23.72,109.02,52.71
2,22.29,108.92,50.57
3,22.28,108.99,51.13
3,22.12,109.02,51.34
2,22.15,109.02,52.62
3,21.67,109.03,51.94
2,23.98,108.9,50.8
3,24.02,109.08,50.81
3,24.06,109.12,51.14
2,22.57,108.94,50.71
2,23.38,108.86,50.81
2,23.18,109.09,50.8
2,23.54,109.18,51.27
3,23.65,109.43,52.52
3,23.74,109.44,51.9
3,22.84,109.25,51.27
3,22.76,109.45,52.52
3,23.24,109.73,51.91
3,22.69,109.48,51.9
2,22.78,109.17,52.64
2,23.83,109.06,51.99
3,23.67,109.19,52.61
2,22.42,108.94,50.66
3,22.42,109.12,51.14
3,22.33,109.29,51.91
3,22.24,109.17,51.36
3,22.27,109.17,52.51
3,21.77,109.2,51.9
2,22.7,108.98,52.47
2,22.29,108.92,51.28
3,22.13,109.02,52.02
2,22.39,108.92,52.47
2,23.79,108.84,51.22
2,22.57,108.94,51.28
2,23.16,108.87,51.27
2,22.85,109.2,51.92
2,23.52,109.16,51.93
2,22.77,109.07,52.34
2,23.58,109.03,52.34
2,22.42,108.94,51.27
3,22.26,109.16,51.95
2,23.17,108.93,52.47
2,22.57,108.96,51.92
2,23.16,108.96,52.34
