ppm NH3 Concentration mole,X (m),Y (m),Z (m)
323937,-99.57,68.66,40.29
520291,-99.57,68.67,40.29
68348,-99.56,68.66,40.28
44315,-99.57,68.67,40.29
50634,-99.57,68.66,40.29
48436,-99.57,68.66,40.29
28010,-99.57,68.66,40.29
28204,-99.57,68.66,40.29
10163,-99.57,68.66,40.29
20075,-99.56,68.66,40.28
25101,-99.56,68.66,40.28
114913,-99.57,68.67,40.29
266899,-99.58,68.67,40.3
215575,-99.57,68.67,40.3
184560,-99.57,68.67,40.29
325802,-99.58,68.67,40.3
543037,-99.58,68.67,40.3
338380,-99.57,68.67,40.3
722508,-99.58,68.67,40.3
873154,-99.58,68.67,40.31
999571,-99.57,68.67,40.32
999808,-99.57,68.67,40.33
998507,-99.58,68.67,40.32
998799,-99.57,68.67,40.32
998050,-99.57,68.67,40.32
991768,-99.58,68.67,40.31
997100,-99.58,68.67,40.32
946746,-99.58,68.67,40.31
972787,-99.58,68.67,40.31
41379,-99.57,68.67,40.29
27341,-99.57,68.67,40.29
995172,-99.57,68.66,40.3
995734,-99.57,68.66,40.3
92897,-99.57,68.67,40.29
69454,-99.57,68.67,40.29
171483,-99.57,68.67,40.29
120422,-99.57,68.66,40.29
532170,-99.57,68.66,40.29
141681,-99.57,68.66,40.29
888409,-99.57,68.66,40.29
980244,-99.57,68.66,40.3
993135,-99.57,68.66,40.3
18705,-99.56,68.66,40.28
4819,-99.56,68.66,40.28
20527,-99.56,68.66,40.28
28355,-99.56,68.66,40.28
151974,-99.56,68.66,40.29
424125,-99.56,68.66,40.29
52722,-99.56,68.66,40.28
823748,-99.56,68.66,40.29
48581,-99.57,68.66,40.29
47602,-99.57,68.67,40.29
28987,-99.57,68.67,40.29
20985,-99.57,68.66,40.28
22060,-99.57,68.66,40.28
10421,-99.57,68.66,40.28
111767,-99.57,68.66,40.29
52539,-99.57,68.66,40.29
49642,-99.57,68.66,40.29
30240,-99.57,68.66,40.29
27920,-99.57,68.66,40.29
30678,-99.57,68.66,40.28
41063,-99.57,68.66,40.29
32757,-99.57,68.66,40.28
191499,-99.57,68.66,40.29
4201,-99.57,68.66,40.28
1262,-99.56,68.66,40.28
16594,-99.56,68.66,40.28
3878,-99.56,68.66,40.28
34356,-99.56,68.66,40.28
19442,-99.56,68.66,40.28
78683,-99.56,68.66,40.28
310284,-99.56,68.66,40.29
2101,-99.55,68.65,40.28
1410,-99.55,68.65,40.28
3681,-99.55,68.65,40.28
999606,-99.57,68.67,40.33
999883,-99.57,68.67,40.33
999783,-99.57,68.67,40.33
5117,-99.54,68.64,40.32
1379,-99.54,68.65,40.29
254,-99.54,68.64,40.29
134,-99.54,68.64,40.29
96,-99.54,68.64,40.29
53,-99.54,68.64,40.3
725,-99.55,68.65,40.28
433,-99.55,68.65,40.28
2836,-99.55,68.65,40.28
1258,-99.55,68.65,40.29
101,-99.54,68.64,40.28
155,-99.54,68.64,40.28
73,-99.54,68.64,40.28
92,-99.54,68.64,40.28
349,-99.54,68.65,40.29
132,-99.54,68.64,40.29
61,-99.54,68.64,40.28
68,-99.54,68.64,40.28
52,-99.54,68.64,40.28
87,-99.54,68.64,40.29
64,-99.54,68.64,40.29
2382,-99.53,68.64,40.32
175810,-99.58,68.67,40.3
84325,-99.58,68.67,40.29
56794,-99.58,68.67,40.29
151779,-99.57,68.67,40.29
103828,-99.57,68.67,40.29
64193,-99.57,68.67,40.29
315477,-99.58,68.67,40.3
188233,-99.58,68.67,40.3
133873,-99.58,68.67,40.3
448732,-99.57,68.67,40.3
262330,-99.57,68.67,40.3
220670,-99.58,68.67,40.3
365162,-99.58,68.67,40.3
260862,-99.58,68.67,40.3
707560,-99.58,68.67,40.3
426755,-99.58,68.67,40.3
677080,-99.57,68.67,40.3
880704,-99.57,68.67,40.3
891068,-99.58,68.67,40.3
972965,-99.58,68.67,40.31
431180,-99.58,68.67,40.3
578075,-99.58,68.67,40.31
293836,-99.58,68.67,40.3
987540,-99.58,68.67,40.32
995650,-99.58,68.67,40.32
999104,-99.58,68.67,40.32
999384,-99.58,68.67,40.33
999750,-99.57,68.67,40.32
999617,-99.57,68.67,40.32
999798,-99.57,68.67,40.33
999824,-99.57,68.67,40.33
999156,-99.58,68.67,40.32
997748,-99.58,68.67,40.32
998318,-99.58,68.67,40.32
999715,-99.57,68.67,40.32
999503,-99.57,68.67,40.32
718109,-99.58,68.67,40.31
855047,-99.58,68.67,40.31
938330,-99.58,68.67,40.31
974358,-99.58,68.67,40.32
998690,-99.58,68.67,40.31
999009,-99.58,68.67,40.32
996354,-99.58,68.67,40.32
993444,-99.58,68.67,40.31
997303,-99.58,68.67,40.31
35555,-99.58,68.67,40.29
38165,-99.58,68.67,40.29
39953,-99.58,68.66,40.29
40386,-99.58,68.67,40.29
26377,-99.58,68.66,40.29
27534,-99.58,68.67,40.29
25812,-99.58,68.67,40.29
996707,-99.56,68.66,40.33
999922,-99.57,68.67,40.33
999770,-99.57,68.66,40.33
999369,-99.57,68.66,40.33
999225,-99.57,68.66,40.33
999547,-99.57,68.66,40.33
999994,-99.57,68.66,40.33
998840,-99.57,68.66,40.33
999551,-99.57,68.66,40.33
998596,-99.57,68.66,40.33
957589,-99.56,68.66,40.34
899363,-99.56,68.66,40.34
989987,-99.56,68.66,40.33
973837,-99.56,68.66,40.34
684365,-99.56,68.65,40.34
740568,-99.55,68.65,40.33
487043,-99.55,68.65,40.34
58051,-99.54,68.65,40.33
48467,-99.54,68.65,40.33
36545,-99.54,68.65,40.33
31201,-99.54,68.65,40.33
18089,-99.54,68.64,40.33
4896,-99.54,68.64,40.33
863248,-99.57,68.67,40.3
929105,-99.57,68.67,40.3
958614,-99.57,68.67,40.3
984343,-99.57,68.67,40.31
996378,-99.57,68.66,40.3
997231,-99.57,68.66,40.31
989626,-99.57,68.66,40.3
950756,-99.57,68.66,40.3
993306,-99.57,68.66,40.3
970211,-99.57,68.66,40.3
996489,-99.57,68.66,40.3
997952,-99.57,68.66,40.31
177697,-99.57,68.67,40.29
90378,-99.57,68.66,40.29
724879,-99.57,68.67,40.3
468338,-99.57,68.67,40.3
593324,-99.57,68.66,40.29
207048,-99.57,68.66,40.29
874939,-99.57,68.66,40.29
583207,-99.57,68.66,40.29
603666,-99.57,68.66,40.29
816251,-99.57,68.66,40.29
959714,-99.57,68.66,40.3
802048,-99.57,68.66,40.3
982511,-99.57,68.66,40.3
906546,-99.57,68.66,40.3
942300,-99.56,68.66,40.29
715064,-99.56,68.66,40.29
982397,-99.56,68.66,40.29
24153,-99.56,68.66,40.28
16162,-99.56,68.66,40.28
8757,-99.56,68.66,40.28
5773,-99.56,68.66,40.28
3533,-99.56,68.66,40.28
27298,-99.56,68.66,40.28
61711,-99.56,68.66,40.29
421164,-99.56,68.66,40.29
162740,-99.56,68.66,40.29
560696,-99.56,68.66,40.29
24946,-99.57,68.66,40.28
21859,-99.57,68.66,40.28
12876,-99.57,68.66,40.28
44274,-99.57,68.66,40.29
26348,-99.57,68.66,40.29
21184,-99.57,68.66,40.28
25042,-99.57,68.66,40.28
20615,-99.57,68.66,40.28
13677,-99.57,68.66,40.28
8514,-99.57,68.66,40.28
9330,-99.57,68.66,40.28
57515,-99.57,68.66,40.29
47319,-99.57,68.66,40.29
29023,-99.57,68.66,40.29
27113,-99.57,68.66,40.29
35140,-99.57,68.66,40.29
121445,-99.57,68.66,40.29
1953,-99.56,68.66,40.28
1125,-99.56,68.66,40.28
3658,-99.57,68.66,40.28
5054,-99.57,68.66,40.28
4428,-99.57,68.66,40.28
4704,-99.57,68.66,40.28
3135,-99.57,68.66,40.28
930,-99.55,68.65,40.28
1019,-99.56,68.65,40.28
1212,-99.56,68.65,40.28
1009,-99.56,68.66,40.28
712,-99.56,68.66,40.28
597,-99.55,68.65,40.28
303,-99.55,68.65,40.28
1629,-99.56,68.65,40.28
2130,-99.56,68.66,40.28
11490,-99.56,68.65,40.28
40956,-99.56,68.65,40.28
1376,-99.55,68.65,40.28
7933,-99.55,68.65,40.28
3992,-99.56,68.66,40.28
25680,-99.56,68.66,40.28
71514,-99.55,68.65,40.28
342668,-99.56,68.66,40.29
433576,-99.55,68.65,40.29
42289,-99.55,68.65,40.28
660608,-99.56,68.66,40.29
771692,-99.55,68.65,40.29
197929,-99.56,68.66,40.29
995,-99.55,68.65,40.28
5601,-99.55,68.65,40.28
2332,-99.55,68.65,40.28
666,-99.55,68.65,40.28
5225,-99.55,68.65,40.28
146587,-99.55,68.65,40.29
44706,-99.55,68.65,40.29
668452,-99.55,68.65,40.29
998173,-99.57,68.67,40.31
999038,-99.57,68.67,40.32
996579,-99.57,68.67,40.31
993221,-99.57,68.67,40.31
998266,-99.57,68.66,40.31
999058,-99.57,68.66,40.31
999787,-99.57,68.66,40.32
999620,-99.57,68.66,40.31
998784,-99.57,68.66,40.31
999341,-99.57,68.66,40.31
999832,-99.57,68.67,40.32
999949,-99.57,68.67,40.33
999635,-99.57,68.67,40.32
999274,-99.57,68.67,40.32
1000000,-99.57,68.66,40.33
1000000,-99.57,68.66,40.33
1000000,-99.57,68.66,40.33
1000000,-99.57,68.66,40.32
999977,-99.57,68.66,40.32
1000000,-99.57,68.66,40.32
999986,-99.57,68.66,40.32
999730,-99.57,68.66,40.32
999353,-99.57,68.66,40.32
999908,-99.57,68.66,40.32
1000000,-99.56,68.66,40.33
1000000,-99.56,68.66,40.32
20012,-99.54,68.64,40.33
432147,-99.54,68.64,40.32
2253,-99.54,68.64,40.33
264,-99.54,68.64,40.33
656,-99.54,68.64,40.32
9501,-99.54,68.64,40.32
2268,-99.54,68.64,40.31
37767,-99.54,68.64,40.32
1910,-99.54,68.64,40.32
414609,-99.54,68.64,40.32
653022,-99.54,68.64,40.32
103623,-99.54,68.64,40.32
352,-99.53,68.64,40.31
2584,-99.53,68.64,40.32
445861,-99.55,68.65,40.29
487479,-99.55,68.65,40.29
78183,-99.54,68.65,40.29
7453,-99.54,68.64,40.29
21281,-99.54,68.64,40.29
463,-99.54,68.64,40.29
718,-99.54,68.64,40.29
2182,-99.54,68.64,40.29
15244,-99.54,68.64,40.29
247,-99.54,68.64,40.29
253,-99.54,68.64,40.29
110,-99.54,68.64,40.29
122,-99.54,68.64,40.29
72,-99.54,68.64,40.29
700,-99.54,68.64,40.29
198,-99.54,68.64,40.29
72,-99.54,68.64,40.29
88,-99.54,68.64,40.29
61,-99.53,68.64,40.29
63,-99.53,68.64,40.29
2279,-99.54,68.64,40.29
492,-99.54,68.64,40.29
306778,-99.54,68.64,40.3
13132,-99.54,68.64,40.3
969,-99.54,68.64,40.3
5064,-99.54,68.64,40.3
1624,-99.54,68.64,40.3
262,-99.53,68.64,40.3
620,-99.53,68.64,40.3
129,-99.54,68.64,40.29
77,-99.53,68.64,40.29
218,-99.54,68.64,40.3
92,-99.53,68.64,40.3
717,-99.53,68.64,40.3
144,-99.55,68.65,40.28
96,-99.55,68.65,40.28
45,-99.55,68.65,40.28
63,-99.54,68.64,40.28
49,-99.54,68.64,40.28
307,-99.55,68.65,40.28
3216,-99.55,68.65,40.28
164,-99.55,68.65,40.28
813,-99.55,68.65,40.28
13002,-99.55,68.65,40.29
3534,-99.55,68.65,40.29
117,-99.55,68.64,40.28
75,-99.54,68.64,40.28
343,-99.55,68.64,40.28
74,-99.54,68.64,40.28
128,-99.54,68.64,40.28
1220,-99.54,68.64,40.29
305,-99.54,68.64,40.29
40,-99.54,68.64,40.28
32,-99.54,68.64,40.28
56,-99.54,68.64,40.28
47,-99.54,68.64,40.28
79,-99.54,68.64,40.28
54,-99.54,68.64,40.28
38,-99.54,68.64,40.28
38,-99.54,68.64,40.28
140,-99.54,68.64,40.29
50,-99.54,68.64,40.29
75,-99.54,68.64,40.29
59,-99.54,68.64,40.29
35,-99.53,68.64,40.29
45,-99.53,68.64,40.29
105,-99.54,68.64,40.33
88,-99.53,68.64,40.33
100,-99.53,68.64,40.32
118,-99.54,68.64,40.32
97,-99.53,68.64,40.32
241,-99.53,68.64,40.32
10990,-99.54,68.64,40.32
512,-99.53,68.64,40.32
125,-99.53,68.64,40.32
204,-99.53,68.64,40.31
165,-99.53,68.64,40.31
48,-99.53,68.64,40.29
34,-99.53,68.63,40.29
59,-99.53,68.64,40.29
74,-99.53,68.64,40.3
185,-99.53,68.64,40.3
135,-99.53,68.64,40.31
26,-99.54,68.64,40.28
30,-99.53,68.64,40.29
999986,-99.57,68.67,40.33
1000000,-99.57,68.67,40.33
166507,-99.58,68.67,40.3
154174,-99.58,68.67,40.3
132934,-99.58,68.67,40.3
108762,-99.58,68.67,40.3
98624,-99.58,68.67,40.3
69556,-99.58,68.67,40.29
47834,-99.58,68.67,40.29
81979,-99.58,68.67,40.29
79048,-99.58,68.67,40.29
55745,-99.58,68.67,40.29
53761,-99.58,68.67,40.29
106413,-99.58,68.67,40.29
64947,-99.58,68.67,40.29
190930,-99.58,68.67,40.3
135673,-99.58,68.67,40.3
319185,-99.58,68.67,40.3
201009,-99.58,68.67,40.3
527432,-99.58,68.67,40.3
710003,-99.58,68.67,40.31
218228,-99.58,68.67,40.3
199288,-99.58,68.67,40.3
344244,-99.58,68.67,40.3
168535,-99.58,68.67,40.3
255681,-99.58,68.67,40.3
477113,-99.58,68.67,40.3
484611,-99.58,68.67,40.3
717780,-99.58,68.67,40.3
732067,-99.58,68.67,40.3
887876,-99.58,68.67,40.31
307721,-99.58,68.67,40.3
417257,-99.58,68.67,40.31
218598,-99.58,68.67,40.3
994411,-99.58,68.67,40.32
984926,-99.58,68.67,40.32
940818,-99.58,68.67,40.32
997226,-99.58,68.67,40.32
993935,-99.58,68.67,40.32
977179,-99.58,68.67,40.32
996817,-99.58,68.67,40.32
991594,-99.58,68.67,40.32
998543,-99.58,68.67,40.33
999326,-99.58,68.67,40.32
999513,-99.58,68.67,40.33
999438,-99.58,68.67,40.33
999684,-99.58,68.67,40.32
999913,-99.58,68.67,40.33
998639,-99.58,68.67,40.32
998987,-99.58,68.67,40.32
999260,-99.58,68.67,40.32
998267,-99.58,68.67,40.32
862258,-99.58,68.67,40.31
536180,-99.58,68.67,40.31
941302,-99.58,68.67,40.31
672743,-99.58,68.67,40.31
974152,-99.58,68.67,40.31
988621,-99.58,68.67,40.32
801984,-99.58,68.67,40.31
892947,-99.58,68.67,40.32
994273,-99.58,68.67,40.31
997559,-99.58,68.67,40.32
959300,-99.58,68.67,40.31
985047,-99.58,68.67,40.31
33907,-99.58,68.67,40.29
34858,-99.58,68.67,40.29
25122,-99.58,68.67,40.29
20473,-99.58,68.67,40.28
14539,-99.58,68.67,40.28
21443,-99.58,68.67,40.28
34833,-99.58,68.67,40.29
37436,-99.58,68.66,40.29
24776,-99.58,68.66,40.29
23986,-99.58,68.67,40.29
25214,-99.58,68.67,40.28
24072,-99.58,68.67,40.29
33205,-99.58,68.67,40.29
967351,-99.56,68.66,40.34
907912,-99.56,68.66,40.34
842728,-99.56,68.66,40.34
799321,-99.56,68.66,40.34
670514,-99.56,68.65,40.34
995312,-99.57,68.66,40.34
999898,-99.56,68.66,40.33
996589,-99.56,68.66,40.34
991860,-99.56,68.66,40.34
999047,-99.56,68.66,40.33
998823,-99.56,68.66,40.33
1000000,-99.56,68.66,40.33
1000000,-99.56,68.66,40.33
1000000,-99.56,68.66,40.33
1000000,-99.57,68.66,40.33
999996,-99.57,68.67,40.33
1000000,-99.57,68.66,40.33
999934,-99.57,68.67,40.33
999811,-99.57,68.67,40.33
999624,-99.57,68.66,40.34
999276,-99.57,68.66,40.33
1000000,-99.57,68.66,40.33
999378,-99.57,68.66,40.33
999921,-99.57,68.66,40.33
999372,-99.57,68.66,40.33
998931,-99.57,68.66,40.34
999506,-99.57,68.66,40.34
998940,-99.57,68.66,40.34
1000000,-99.57,68.66,40.33
1000000,-99.57,68.66,40.33
999647,-99.57,68.66,40.33
998874,-99.57,68.66,40.33
1000000,-99.57,68.66,40.33
1000000,-99.57,68.66,40.33
999810,-99.57,68.66,40.33
362931,-99.56,68.65,40.34
999906,-99.56,68.66,40.33
1000000,-99.56,68.66,40.33
784857,-99.56,68.65,40.34
927117,-99.55,68.65,40.33
979229,-99.56,68.66,40.34
962198,-99.56,68.66,40.34
957288,-99.56,68.65,40.34
998678,-99.56,68.66,40.33
995726,-99.56,68.66,40.33
723723,-99.56,68.65,40.34
649727,-99.56,68.65,40.34
483455,-99.56,68.65,40.34
519579,-99.55,68.65,40.34
617510,-99.55,68.65,40.34
300872,-99.55,68.65,40.34
579375,-99.55,68.65,40.33
901593,-99.55,68.65,40.33
785387,-99.55,68.65,40.34
378874,-99.55,68.65,40.33
313559,-99.55,68.65,40.34
575543,-99.55,68.65,40.34
238172,-99.55,68.65,40.34
332557,-99.55,68.65,40.34
163147,-99.55,68.65,40.34
101309,-99.55,68.65,40.34
215071,-99.55,68.65,40.34
110894,-99.55,68.65,40.34
187640,-99.55,68.65,40.33
39872,-99.55,68.65,40.34
86330,-99.54,68.65,40.33
345073,-99.55,68.65,40.33
138020,-99.54,68.65,40.33
214548,-99.54,68.65,40.33
635058,-99.54,68.65,40.33
11449,-99.54,68.64,40.34
25541,-99.54,68.65,40.33
77202,-99.54,68.64,40.33
257442,-99.54,68.65,40.33
8501,-99.54,68.64,40.33
3151,-99.54,68.64,40.34
26871,-99.54,68.64,40.33
18263,-99.54,68.64,40.33
23847,-99.54,68.64,40.33
65,-99.54,68.64,40.33
93,-99.54,68.64,40.33
90,-99.53,68.64,40.33
990780,-99.57,68.66,40.3
983073,-99.57,68.66,40.3
998049,-99.56,68.66,40.3
996529,-99.56,68.66,40.3
994730,-99.57,68.66,40.3
996916,-99.57,68.66,40.31
999398,-99.56,68.66,40.31
998903,-99.56,68.66,40.3
737660,-99.57,68.66,40.3
858646,-99.57,68.66,40.3
966394,-99.57,68.67,40.3
864298,-99.58,68.67,40.3
983510,-99.57,68.67,40.31
937977,-99.58,68.67,40.31
979659,-99.57,68.66,40.3
985801,-99.57,68.66,40.31
949455,-99.57,68.66,40.3
870927,-99.57,68.66,40.3
969781,-99.57,68.66,40.3
924921,-99.57,68.66,40.3
981455,-99.57,68.66,40.3
988712,-99.57,68.66,40.31
679636,-99.56,68.66,40.29
834924,-99.56,68.66,40.29
917150,-99.57,68.66,40.3
965474,-99.57,68.66,40.3
992500,-99.56,68.66,40.3
991061,-99.56,68.66,40.3
154559,-99.57,68.66,40.29
89469,-99.57,68.66,40.29
549891,-99.57,68.66,40.3
323475,-99.57,68.66,40.3
342741,-99.57,68.66,40.29
147492,-99.57,68.66,40.29
629892,-99.57,68.66,40.29
375886,-99.57,68.66,40.29
347727,-99.57,68.66,40.29
589831,-99.57,68.66,40.29
811269,-99.57,68.66,40.3
606238,-99.57,68.66,40.3
904308,-99.57,68.66,40.3
770959,-99.57,68.66,40.3
905636,-99.55,68.65,40.29
965775,-99.55,68.65,40.29
892917,-99.56,68.66,40.29
782232,-99.56,68.66,40.29
475831,-99.56,68.66,40.29
954623,-99.56,68.66,40.29
893765,-99.56,68.66,40.29
819436,-99.56,68.66,40.29
907170,-99.56,68.66,40.29
989108,-99.55,68.65,40.29
993219,-99.55,68.65,40.3
987342,-99.56,68.66,40.3
979026,-99.56,68.66,40.29
960423,-99.56,68.66,40.29
978388,-99.56,68.66,40.3
857126,-99.55,68.65,40.29
937220,-99.55,68.65,40.29
975772,-99.55,68.65,40.29
990671,-99.55,68.65,40.3
998091,-99.55,68.65,40.3
999263,-99.55,68.65,40.3
996272,-99.56,68.66,40.3
993236,-99.56,68.66,40.3
988806,-99.56,68.66,40.3
993834,-99.56,68.66,40.3
999699,-99.55,68.65,40.31
999629,-99.55,68.65,40.3
998958,-99.56,68.66,40.31
997990,-99.56,68.66,40.3
998330,-99.56,68.66,40.31
996656,-99.56,68.66,40.3
997257,-99.55,68.65,40.3
999211,-99.55,68.65,40.3
999519,-99.55,68.65,40.31
999398,-99.55,68.65,40.3
22365,-99.57,68.66,40.28
5961,-99.57,68.66,40.28
4022,-99.56,68.66,40.28
24563,-99.56,68.66,40.28
64179,-99.57,68.66,40.29
233847,-99.57,68.66,40.29
116248,-99.56,68.66,40.29
323418,-99.56,68.66,40.29
21241,-99.57,68.66,40.28
20740,-99.57,68.66,40.28
20561,-99.57,68.67,40.28
11968,-99.57,68.66,40.28
11439,-99.57,68.66,40.28
15247,-99.57,68.66,40.28
39381,-99.58,68.66,40.29
25172,-99.58,68.66,40.29
21369,-99.57,68.66,40.28
20791,-99.57,68.66,40.28
9656,-99.57,68.66,40.28
7037,-99.57,68.66,40.28
55040,-99.57,68.66,40.29
43079,-99.57,68.66,40.29
29685,-99.57,68.66,40.29
26665,-99.57,68.66,40.29
38955,-99.57,68.66,40.29
94791,-99.57,68.66,40.29
3065,-99.57,68.66,40.28
1643,-99.56,68.66,40.28
705,-99.56,68.66,40.28
944,-99.56,68.66,40.28
1643,-99.57,68.66,40.28
10454,-99.57,68.66,40.28
7910,-99.57,68.66,40.28
4402,-99.57,68.66,40.28
5002,-99.57,68.66,40.28
4762,-99.57,68.66,40.28
3080,-99.57,68.66,40.28
3713,-99.57,68.66,40.28
2179,-99.57,68.66,40.28
2483,-99.57,68.66,40.28
669,-99.56,68.65,40.28
925,-99.56,68.65,40.28
726,-99.55,68.65,40.28
649,-99.55,68.65,40.28
367,-99.56,68.65,40.28
468,-99.56,68.65,40.28
570,-99.56,68.65,40.28
1154,-99.56,68.65,40.28
197,-99.56,68.65,40.27
487,-99.56,68.66,40.27
481,-99.56,68.65,40.28
384,-99.56,68.65,40.27
461,-99.55,68.65,40.28
433,-99.55,68.65,40.28
300,-99.55,68.65,40.28
216,-99.55,68.65,40.28
106,-99.55,68.65,40.28
85,-99.55,68.65,40.27
50,-99.55,68.65,40.27
2196,-99.56,68.65,40.28
1021,-99.56,68.65,40.28
2378,-99.56,68.65,40.28
23560,-99.56,68.65,40.28
24043,-99.56,68.65,40.28
1397,-99.55,68.65,40.28
14779,-99.55,68.65,40.28
3238,-99.56,68.65,40.28
21962,-99.56,68.65,40.28
292161,-99.56,68.65,40.29
177826,-99.56,68.65,40.29
218488,-99.55,68.65,40.29
614755,-99.56,68.65,40.29
416326,-99.56,68.65,40.29
557806,-99.55,68.65,40.29
113460,-99.56,68.65,40.29
936,-99.55,68.65,40.28
5431,-99.55,68.65,40.28
822,-99.55,68.65,40.28
3045,-99.55,68.65,40.28
79098,-99.55,68.65,40.29
28195,-99.55,68.65,40.29
365824,-99.55,68.65,40.29
999528,-99.57,68.66,40.31
999787,-99.57,68.66,40.32
999920,-99.56,68.66,40.31
999975,-99.56,68.66,40.32
998245,-99.57,68.66,40.31
999070,-99.57,68.66,40.31
999832,-99.56,68.66,40.31
999679,-99.56,68.66,40.31
997416,-99.57,68.67,40.31
992715,-99.58,68.67,40.31
998594,-99.57,68.67,40.32
996351,-99.58,68.67,40.32
998713,-99.57,68.66,40.32
997519,-99.57,68.66,40.31
995395,-99.57,68.67,40.31
985771,-99.58,68.67,40.31
991678,-99.57,68.67,40.31
971172,-99.58,68.67,40.31
990874,-99.57,68.66,40.31
995003,-99.57,68.66,40.31
998892,-99.57,68.66,40.32
997945,-99.57,68.66,40.31
993258,-99.57,68.66,40.31
996202,-99.57,68.66,40.31
1000000,-99.56,68.66,40.33
999951,-99.57,68.66,40.32
1000000,-99.57,68.66,40.32
1000000,-99.56,68.66,40.32
1000000,-99.56,68.66,40.32
1000000,-99.56,68.66,40.32
999705,-99.57,68.66,40.32
999925,-99.57,68.66,40.33
999047,-99.57,68.66,40.32
997855,-99.57,68.66,40.32
1000000,-99.57,68.66,40.33
999921,-99.57,68.66,40.33
1000000,-99.57,68.66,40.33
1000000,-99.57,68.66,40.32
999856,-99.57,68.66,40.32
1000000,-99.57,68.66,40.32
999880,-99.57,68.66,40.32
999281,-99.57,68.66,40.32
998110,-99.57,68.66,40.32
999528,-99.57,68.66,40.32
999891,-99.55,68.65,40.32
999813,-99.55,68.65,40.33
1000000,-99.56,68.66,40.33
1000000,-99.56,68.66,40.33
999903,-99.56,68.66,40.33
1000000,-99.56,68.66,40.32
1000000,-99.56,68.66,40.32
999926,-99.56,68.66,40.32
999928,-99.55,68.65,40.32
999917,-99.55,68.65,40.32
1000000,-99.56,68.66,40.32
1000000,-99.56,68.66,40.32
999917,-99.56,68.66,40.32
999927,-99.56,68.66,40.32
999652,-99.55,68.65,40.32
999482,-99.55,68.65,40.33
999711,-99.55,68.65,40.32
999687,-99.55,68.65,40.32
999928,-99.55,68.65,40.31
999932,-99.55,68.65,40.32
999947,-99.56,68.66,40.31
1000000,-99.56,68.66,40.32
999904,-99.56,68.66,40.32
999878,-99.56,68.66,40.31
999917,-99.55,68.65,40.31
999851,-99.55,68.65,40.31
999795,-99.56,68.66,40.31
999490,-99.56,68.66,40.31
999834,-99.56,68.66,40.31
999302,-99.56,68.66,40.31
999716,-99.55,68.65,40.31
999732,-99.55,68.65,40.32
999667,-99.55,68.65,40.31
999603,-99.55,68.65,40.31
998379,-99.55,68.65,40.33
998928,-99.55,68.65,40.32
979573,-99.54,68.65,40.32
911662,-99.54,68.65,40.33
998960,-99.55,68.65,40.32
999056,-99.55,68.65,40.32
997830,-99.54,68.65,40.32
987206,-99.54,68.65,40.32
935899,-99.54,68.64,40.32
661246,-99.54,68.65,40.33
149641,-99.54,68.64,40.33
974122,-99.54,68.64,40.32
982072,-99.54,68.65,40.32
892979,-99.54,68.64,40.32
712398,-99.54,68.64,40.32
865063,-99.54,68.64,40.32
999235,-99.55,68.65,40.31
999183,-99.55,68.65,40.32
998315,-99.54,68.65,40.32
998661,-99.54,68.65,40.31
998470,-99.55,68.65,40.31
998964,-99.55,68.65,40.31
999150,-99.55,68.65,40.31
998536,-99.54,68.65,40.31
998166,-99.54,68.65,40.31
8164,-99.54,68.64,40.33
390,-99.54,68.64,40.33
2709,-99.54,68.64,40.32
76124,-99.54,68.64,40.32
865154,-99.54,68.64,40.31
858777,-99.54,68.64,40.31
583903,-99.54,68.64,40.31
609200,-99.54,68.64,40.31
997002,-99.54,68.65,40.31
992628,-99.54,68.65,40.31
941020,-99.54,68.64,40.31
948492,-99.54,68.64,40.31
756937,-99.54,68.64,40.32
292780,-99.54,68.64,40.32
820358,-99.54,68.64,40.31
456024,-99.54,68.64,40.31
989649,-99.54,68.65,40.32
995063,-99.54,68.65,40.31
914265,-99.54,68.64,40.32
939644,-99.54,68.64,40.31
13502,-99.54,68.64,40.32
253808,-99.54,68.64,40.32
521361,-99.54,68.64,40.32
60757,-99.54,68.64,40.32
25988,-99.54,68.64,40.32
17130,-99.54,68.64,40.31
1148,-99.53,68.64,40.31
220,-99.53,68.64,40.31
386,-99.53,68.64,40.32
20745,-99.54,68.64,40.31
24276,-99.54,68.64,40.31
975,-99.53,68.64,40.31
992,-99.53,68.64,40.31
780442,-99.55,68.65,40.29
727177,-99.55,68.65,40.29
239271,-99.55,68.65,40.29
209173,-99.55,68.65,40.29
487631,-99.54,68.65,40.29
40135,-99.55,68.65,40.29
931100,-99.55,68.65,40.29
871248,-99.55,68.65,40.29
823964,-99.54,68.65,40.29
992302,-99.55,68.65,40.3
986701,-99.55,68.65,40.3
980620,-99.55,68.65,40.29
948528,-99.55,68.65,40.29
982335,-99.54,68.65,40.3
926876,-99.54,68.65,40.29
91477,-99.54,68.65,40.29
6253,-99.54,68.64,40.29
412236,-99.54,68.64,40.29
3829,-99.54,68.64,40.29
1023,-99.54,68.64,40.29
63001,-99.54,68.64,40.29
823264,-99.54,68.64,40.3
791700,-99.54,68.65,40.29
379387,-99.54,68.64,40.29
552190,-99.54,68.64,40.3
997020,-99.55,68.65,40.3
998121,-99.55,68.65,40.3
995141,-99.55,68.65,40.3
997550,-99.55,68.65,40.3
993730,-99.54,68.65,40.3
991802,-99.54,68.65,40.3
996904,-99.55,68.65,40.3
998484,-99.55,68.65,40.3
997486,-99.55,68.65,40.31
998750,-99.55,68.65,40.31
995130,-99.54,68.65,40.3
996282,-99.54,68.65,40.31
801,-99.54,68.64,40.29
339,-99.54,68.64,40.29
233,-99.54,68.64,40.29
134,-99.54,68.64,40.29
3269,-99.54,68.64,40.29
753,-99.54,68.64,40.29
86,-99.54,68.64,40.29
145,-99.54,68.64,40.29
60,-99.54,68.64,40.29
52,-99.53,68.64,40.29
65,-99.54,68.64,40.29
505346,-99.54,68.64,40.3
84118,-99.54,68.64,40.3
630051,-99.54,68.64,40.3
196967,-99.54,68.64,40.3
27726,-99.54,68.64,40.29
3030,-99.54,68.64,40.29
197769,-99.54,68.64,40.3
12326,-99.54,68.64,40.3
947520,-99.54,68.65,40.3
910219,-99.54,68.65,40.3
720446,-99.54,68.64,40.3
803290,-99.54,68.64,40.3
771507,-99.54,68.64,40.3
844066,-99.54,68.64,40.31
412711,-99.54,68.64,40.3
571110,-99.54,68.64,40.31
969705,-99.54,68.65,40.3
983710,-99.54,68.65,40.31
872762,-99.54,68.64,40.3
916092,-99.54,68.64,40.31
5635,-99.54,68.64,40.3
431,-99.53,68.64,40.3
110,-99.53,68.64,40.3
597,-99.53,68.64,40.3
116,-99.53,68.64,40.3
5723,-99.54,68.64,40.3
348,-99.54,68.64,40.29
83,-99.54,68.64,40.29
987,-99.54,68.64,40.3
120,-99.54,68.64,40.3
729,-99.53,68.64,40.3
12512,-99.54,68.64,40.3
21302,-99.54,68.64,40.31
832,-99.53,68.64,40.31
225,-99.55,68.65,40.28
54,-99.55,68.65,40.28
58,-99.55,68.64,40.28
32,-99.55,68.65,40.28
129,-99.55,68.64,40.28
44,-99.55,68.65,40.27
35,-99.55,68.65,40.27
35,-99.54,68.64,40.28
36,-99.55,68.64,40.28
40,-99.55,68.65,40.27
44,-99.55,68.64,40.28
75,-99.55,68.64,40.28
47,-99.55,68.64,40.28
647,-99.55,68.65,40.28
2280,-99.55,68.65,40.28
314,-99.55,68.64,40.28
856,-99.55,68.64,40.28
10220,-99.55,68.65,40.29
3620,-99.55,68.64,40.29
154,-99.55,68.64,40.28
399,-99.55,68.64,40.28
66,-99.55,68.64,40.28
139,-99.54,68.64,40.28
1426,-99.55,68.64,40.29
398,-99.54,68.64,40.29
26,-99.54,68.64,40.28
33,-99.54,68.64,40.28
25,-99.54,68.64,40.28
40,-99.54,68.64,40.28
68,-99.54,68.64,40.28
36,-99.54,68.64,40.28
41,-99.54,68.64,40.28
28,-99.54,68.64,40.28
151,-99.54,68.64,40.29
45,-99.54,68.64,40.29
69,-99.54,68.64,40.29
61,-99.54,68.64,40.29
30,-99.54,68.63,40.29
38,-99.54,68.63,40.29
87,-99.53,68.64,40.33
103,-99.53,68.64,40.32
107,-99.53,68.63,40.32
99,-99.54,68.64,40.33
88,-99.54,68.64,40.33
97,-99.54,68.64,40.32
163,-99.54,68.64,40.32
111,-99.53,68.64,40.32
111,-99.53,68.63,40.32
114,-99.53,68.64,40.32
118,-99.53,68.63,40.32
102,-99.53,68.64,40.32
543,-99.54,68.64,40.32
3362,-99.54,68.64,40.32
181,-99.53,68.64,40.32
107,-99.53,68.63,40.32
105,-99.53,68.63,40.32
107,-99.53,68.63,40.32
103,-99.53,68.63,40.32
97,-99.53,68.64,40.31
106,-99.53,68.64,40.32
115,-99.53,68.63,40.31
117,-99.53,68.63,40.32
101,-99.53,68.64,40.31
107,-99.53,68.64,40.31
103,-99.53,68.63,40.31
109,-99.53,68.63,40.31
94,-99.53,68.63,40.31
100,-99.53,68.63,40.32
78,-99.53,68.63,40.31
87,-99.53,68.63,40.31
38,-99.53,68.64,40.29
49,-99.53,68.63,40.29
29,-99.53,68.63,40.29
92,-99.53,68.64,40.3
103,-99.53,68.64,40.3
37,-99.53,68.63,40.29
57,-99.53,68.63,40.29
69,-99.53,68.63,40.3
38,-99.53,68.63,40.29
51,-99.53,68.63,40.3
102,-99.53,68.64,40.3
89,-99.53,68.63,40.3
103,-99.53,68.64,40.31
96,-99.53,68.63,40.31
69,-99.53,68.63,40.31
25,-99.54,68.63,40.29
111,-99.56,68.65,40.27
32,-99.55,68.65,40.27
999014,-99.58,68.67,40.33
999812,-99.58,68.67,40.33
1000000,-99.58,68.67,40.33
1000000,-99.58,68.67,40.33
1000000,-99.58,68.66,40.33
1000000,-99.58,68.67,40.33
1000000,-99.58,68.67,40.33
1000000,-99.58,68.67,40.33
999956,-99.58,68.67,40.34
910303,-99.58,68.67,40.32
837993,-99.58,68.67,40.32
963596,-99.58,68.67,40.32
984205,-99.58,68.67,40.33
403155,-99.58,68.67,40.31
329084,-99.59,68.67,40.31
500891,-99.58,68.67,40.31
413203,-99.59,68.67,40.31
604357,-99.58,68.67,40.31
725286,-99.58,68.67,40.32
132936,-99.58,68.67,40.3
110470,-99.58,68.67,40.3
115191,-99.58,68.67,40.3
90858,-99.58,68.67,40.3
83275,-99.58,68.67,40.3
84603,-99.58,68.67,40.3
61450,-99.58,68.67,40.29
61542,-99.58,68.67,40.29
44579,-99.58,68.67,40.29
46166,-99.58,68.67,40.29
71898,-99.58,68.67,40.29
50391,-99.58,68.67,40.29
88474,-99.58,68.66,40.29
58918,-99.58,68.66,40.29
152339,-99.58,68.67,40.3
108809,-99.58,68.67,40.3
252895,-99.58,68.66,40.3
149272,-99.58,68.66,40.3
417931,-99.58,68.67,40.3
303088,-99.58,68.67,40.3
618430,-99.58,68.67,40.31
459918,-99.58,68.67,40.31
181487,-99.58,68.67,40.3
270830,-99.58,68.67,40.3
145140,-99.58,68.67,40.3
149117,-99.58,68.67,40.3
199757,-99.58,68.67,40.3
208862,-99.58,68.67,40.3
367572,-99.58,68.67,40.3
400341,-99.58,68.66,40.3
606361,-99.58,68.66,40.3
594262,-99.58,68.67,40.3
787397,-99.58,68.67,40.31
101572,-99.58,68.67,40.3
77665,-99.58,68.67,40.3
59050,-99.58,68.67,40.29
44773,-99.58,68.67,40.29
228153,-99.58,68.67,40.3
205992,-99.59,68.67,40.31
310445,-99.58,68.67,40.31
258594,-99.59,68.67,40.31
132060,-99.58,68.67,40.3
170542,-99.58,68.67,40.3
990413,-99.58,68.67,40.32
973200,-99.58,68.67,40.32
927492,-99.58,68.67,40.32
994962,-99.58,68.67,40.32
987527,-99.58,68.67,40.32
966633,-99.58,68.67,40.32
997136,-99.58,68.67,40.32
993406,-99.58,68.67,40.32
985550,-99.58,68.67,40.32
998268,-99.58,68.67,40.33
992106,-99.58,68.67,40.33
998617,-99.58,68.67,40.32
999338,-99.58,68.67,40.33
998699,-99.58,68.66,40.32
999608,-99.58,68.66,40.33
994941,-99.58,68.67,40.32
997328,-99.58,68.67,40.32
997164,-99.58,68.66,40.32
994506,-99.58,68.66,40.32
796503,-99.58,68.67,40.31
636565,-99.58,68.67,40.31
902624,-99.58,68.67,40.31
790976,-99.58,68.67,40.31
955192,-99.58,68.67,40.31
979636,-99.58,68.67,40.32
894139,-99.58,68.67,40.31
947315,-99.58,68.67,40.32
978813,-99.58,68.67,40.31
989820,-99.58,68.67,40.32
901166,-99.58,68.67,40.31
954956,-99.58,68.67,40.31
444,-99.57,68.66,40.27
11734,-99.58,68.67,40.28
7244,-99.58,68.67,40.28
31313,-99.58,68.67,40.29
22934,-99.58,68.67,40.29
20126,-99.58,68.67,40.28
19637,-99.58,68.66,40.28
20297,-99.58,68.67,40.28
14541,-99.58,68.66,40.28
13579,-99.58,68.67,40.28
19234,-99.58,68.66,40.28
13910,-99.58,68.67,40.28
32647,-99.58,68.66,40.29
34924,-99.58,68.66,40.29
24011,-99.58,68.66,40.29
23233,-99.58,68.66,40.29
23104,-99.58,68.67,40.29
30071,-99.58,68.67,40.29
22930,-99.58,68.67,40.29
32421,-99.58,68.67,40.29
785248,-99.56,68.66,40.34
988802,-99.56,68.66,40.34
984788,-99.56,68.66,40.34
963988,-99.56,68.66,40.34
896949,-99.56,68.66,40.34
955793,-99.56,68.66,40.34
945693,-99.56,68.66,40.34
883344,-99.56,68.65,40.34
795251,-99.56,68.66,40.34
870324,-99.56,68.65,40.34
738504,-99.56,68.65,40.34
624421,-99.56,68.66,40.34
465453,-99.56,68.65,40.34
627957,-99.56,68.66,40.34
353508,-99.56,68.65,40.35
998645,-99.57,68.66,40.34
941118,-99.57,68.66,40.34
998190,-99.57,68.66,40.34
998962,-99.57,68.66,40.34
994300,-99.57,68.66,40.34
981896,-99.57,68.66,40.34
992170,-99.57,68.66,40.34
999875,-99.56,68.66,40.33
999638,-99.56,68.66,40.34
996821,-99.56,68.66,40.34
998348,-99.56,68.66,40.34
999727,-99.56,68.66,40.33
1000000,-99.56,68.66,40.33
1000000,-99.56,68.66,40.33
999908,-99.56,68.66,40.33
1000000,-99.56,68.66,40.33
1000000,-99.57,68.66,40.33
1000000,-99.57,68.66,40.33
1000000,-99.57,68.66,40.33
1000000,-99.57,68.66,40.34
999504,-99.57,68.66,40.34
1000000,-99.57,68.66,40.33
1000000,-99.57,68.66,40.33
999936,-99.57,68.66,40.33
999903,-99.57,68.66,40.34
998852,-99.57,68.66,40.34
1000000,-99.57,68.66,40.34
999798,-99.57,68.66,40.34
1000000,-99.57,68.66,40.33
1000000,-99.57,68.66,40.33
1000000,-99.57,68.66,40.33
1000000,-99.57,68.66,40.33
1000000,-99.57,68.66,40.33
1000000,-99.57,68.66,40.33
378895,-99.56,68.65,40.34
343770,-99.56,68.65,40.34
999689,-99.56,68.66,40.33
999860,-99.56,68.66,40.33
999206,-99.55,68.65,40.33
999726,-99.55,68.65,40.33
999764,-99.56,68.66,40.33
999852,-99.56,68.66,40.33
870502,-99.56,68.65,40.34
981679,-99.56,68.65,40.33
989968,-99.56,68.66,40.34
964571,-99.56,68.65,40.34
999351,-99.56,68.66,40.33
997045,-99.56,68.65,40.33
751616,-99.56,68.65,40.34
562430,-99.56,68.65,40.34
551062,-99.55,68.65,40.34
442427,-99.55,68.65,40.34
757539,-99.55,68.65,40.34
348666,-99.55,68.65,40.34
253763,-99.55,68.65,40.34
785658,-99.55,68.65,40.33
935045,-99.55,68.65,40.33
563671,-99.55,68.65,40.33
997062,-99.55,68.65,40.33
952697,-99.55,68.65,40.33
999047,-99.55,68.65,40.33
996322,-99.55,68.65,40.33
224299,-99.56,68.65,40.35
54364,-99.55,68.65,40.34
19544,-99.55,68.65,40.34
363763,-99.55,68.65,40.34
584201,-99.56,68.65,40.34
225859,-99.55,68.65,40.34
187663,-99.55,68.65,40.34
376184,-99.56,68.65,40.34
174922,-99.55,68.65,40.34
95773,-99.55,68.65,40.34
82506,-99.55,68.65,40.34
29891,-99.55,68.65,40.34
9580,-99.55,68.65,40.34
231971,-99.56,68.65,40.34
44345,-99.55,68.65,40.34
110347,-99.55,68.65,40.34
140558,-99.56,68.65,40.35
6704,-99.54,68.64,40.34
3306,-99.54,68.64,40.34
145594,-99.55,68.65,40.34
241437,-99.55,68.65,40.33
35482,-99.55,68.65,40.34
68343,-99.55,68.65,40.33
684958,-99.55,68.65,40.33
929750,-99.55,68.65,40.33
174214,-99.55,68.65,40.33
698579,-99.55,68.65,40.33
9021,-99.54,68.64,40.34
16292,-99.54,68.64,40.33
56406,-99.54,68.64,40.33
188786,-99.54,68.64,40.33
1672,-99.54,68.64,40.34
1611,-99.54,68.64,40.34
732,-99.54,68.64,40.34
1774,-99.54,68.64,40.33
6747,-99.54,68.64,40.33
466,-99.54,68.64,40.34
3415,-99.54,68.64,40.34
177,-99.54,68.64,40.33
78,-99.54,68.64,40.34
5389,-99.54,68.64,40.33
17579,-99.54,68.64,40.33
923,-99.54,68.64,40.33
22287,-99.54,68.64,40.33
93,-99.54,68.64,40.33
365,-99.54,68.64,40.33
46,-99.54,68.64,40.33
81,-99.53,68.64,40.33
42,-99.54,68.64,40.34
77,-99.54,68.64,40.34
88,-99.54,68.64,40.33
62,-99.54,68.64,40.33
87,-99.54,68.64,40.33
88,-99.53,68.64,40.33
82,-99.53,68.64,40.33
988594,-99.56,68.66,40.3
967094,-99.57,68.66,40.3
979472,-99.56,68.66,40.3
941428,-99.57,68.66,40.3
986320,-99.56,68.66,40.3
976754,-99.56,68.66,40.3
993345,-99.56,68.66,40.3
980768,-99.57,68.66,40.3
996153,-99.56,68.66,40.31
988555,-99.57,68.66,40.31
995451,-99.56,68.66,40.31
992011,-99.56,68.66,40.3
639573,-99.58,68.66,40.3
786377,-99.58,68.66,40.3
925153,-99.57,68.66,40.3
775260,-99.58,68.66,40.3
958624,-99.57,68.66,40.31
882243,-99.58,68.66,40.31
953256,-99.57,68.66,40.3
969286,-99.57,68.66,40.31
868363,-99.57,68.66,40.3
759577,-99.57,68.66,40.3
926660,-99.57,68.66,40.3
855054,-99.57,68.66,40.3
955697,-99.57,68.66,40.3
972300,-99.57,68.66,40.31
463220,-99.57,68.66,40.29
665887,-99.57,68.66,40.29
920097,-99.56,68.66,40.3
770432,-99.57,68.66,40.3
962138,-99.56,68.66,40.3
885792,-99.57,68.66,40.3
962427,-99.56,68.66,40.3
942451,-99.56,68.66,40.3
142277,-99.58,68.66,40.29
77715,-99.58,68.66,40.29
447951,-99.58,68.66,40.3
264172,-99.58,68.66,40.3
189707,-99.57,68.66,40.29
108877,-99.57,68.66,40.29
398841,-99.57,68.66,40.29
246052,-99.57,68.66,40.29
220426,-99.57,68.66,40.29
408525,-99.57,68.66,40.29
603466,-99.57,68.66,40.3
430779,-99.57,68.66,40.3
761280,-99.57,68.66,40.3
613901,-99.57,68.66,40.3
783118,-99.56,68.65,40.29
758371,-99.55,68.65,40.29
885159,-99.56,68.65,40.29
878477,-99.55,68.65,40.29
696178,-99.56,68.66,40.29
546011,-99.56,68.66,40.29
273025,-99.56,68.65,40.29
832081,-99.56,68.66,40.29
716491,-99.56,68.66,40.29
615088,-99.56,68.65,40.29
766139,-99.56,68.65,40.29
945796,-99.56,68.65,40.29
938552,-99.55,68.65,40.29
971736,-99.56,68.65,40.3
965351,-99.55,68.65,40.3
949311,-99.56,68.66,40.3
913114,-99.56,68.66,40.3
878601,-99.56,68.65,40.3
932034,-99.56,68.65,40.3
612973,-99.55,68.65,40.29
786559,-99.55,68.65,40.29
898905,-99.55,68.65,40.29
955801,-99.55,68.65,40.3
984770,-99.56,68.65,40.3
982496,-99.55,68.65,40.3
992068,-99.56,68.65,40.3
992387,-99.55,68.65,40.3
983992,-99.56,68.66,40.3
971541,-99.56,68.66,40.3
961905,-99.56,68.65,40.3
978430,-99.56,68.65,40.3
998424,-99.56,68.65,40.31
998749,-99.55,68.65,40.31
996195,-99.56,68.65,40.3
997149,-99.55,68.65,40.3
995189,-99.56,68.66,40.31
991053,-99.56,68.66,40.3
993415,-99.56,68.65,40.31
987812,-99.56,68.65,40.3
982175,-99.55,68.65,40.3
993447,-99.55,68.65,40.3
998263,-99.55,68.65,40.31
997754,-99.55,68.65,40.3
21644,-99.57,68.66,40.28
4659,-99.57,68.66,40.28
3405,-99.57,68.65,40.28
21446,-99.57,68.65,40.28
62879,-99.57,68.66,40.29
154364,-99.57,68.66,40.29
82114,-99.57,68.65,40.29
192899,-99.57,68.65,40.29
18770,-99.57,68.66,40.28
18528,-99.58,68.66,40.28
11541,-99.57,68.66,40.28
13978,-99.58,68.66,40.28
37052,-99.58,68.66,40.29
25420,-99.58,68.66,40.29
20811,-99.57,68.66,40.28
21307,-99.57,68.66,40.28
7938,-99.57,68.66,40.28
5865,-99.57,68.66,40.28
55280,-99.57,68.66,40.29
43422,-99.58,68.66,40.29
31730,-99.57,68.66,40.29
28895,-99.58,68.66,40.29
42246,-99.57,68.66,40.29
84019,-99.57,68.66,40.29
2206,-99.57,68.66,40.28
1343,-99.57,68.65,40.28
558,-99.56,68.66,40.27
575,-99.57,68.65,40.28
950,-99.57,68.66,40.28
848,-99.57,68.66,40.27
388,-99.56,68.66,40.27
8653,-99.58,68.66,40.28
9065,-99.58,68.66,40.28
4156,-99.57,68.66,40.28
6379,-99.57,68.66,40.28
5840,-99.58,68.66,40.28
3014,-99.57,68.66,40.28
2474,-99.57,68.66,40.27
4453,-99.57,68.66,40.28
2952,-99.57,68.66,40.28
1198,-99.57,68.66,40.28
2009,-99.57,68.66,40.28
1437,-99.57,68.66,40.28
1224,-99.57,68.66,40.27
737,-99.56,68.65,40.28
786,-99.56,68.65,40.28
653,-99.56,68.65,40.28
261,-99.56,68.65,40.28
327,-99.56,68.65,40.28
449,-99.56,68.65,40.28
377,-99.56,68.65,40.28
957,-99.56,68.65,40.28
154,-99.56,68.65,40.27
100,-99.56,68.65,40.27
150,-99.56,68.65,40.27
275,-99.56,68.65,40.27
72,-99.56,68.65,40.27
291,-99.56,68.65,40.27
436,-99.56,68.66,40.27
214,-99.56,68.65,40.27
372,-99.56,68.65,40.28
200,-99.56,68.65,40.27
284,-99.56,68.66,40.27
438,-99.55,68.65,40.28
305,-99.55,68.65,40.28
165,-99.56,68.65,40.28
109,-99.55,68.65,40.28
51,-99.56,68.65,40.27
33,-99.55,68.65,40.27
44,-99.55,68.65,40.27
33,-99.55,68.65,40.27
1851,-99.56,68.65,40.28
2187,-99.56,68.65,40.28
18637,-99.56,68.65,40.28
18448,-99.56,68.65,40.28
1833,-99.56,68.65,40.28
11534,-99.56,68.65,40.28
2779,-99.56,68.65,40.28
18182,-99.56,68.65,40.28
130050,-99.56,68.65,40.29
89238,-99.56,68.65,40.29
114795,-99.56,68.65,40.29
362157,-99.56,68.65,40.29
233990,-99.56,68.65,40.29
305139,-99.56,68.65,40.29
68303,-99.56,68.65,40.29
1140,-99.55,68.65,40.28
4789,-99.55,68.65,40.28
868,-99.55,68.65,40.28
3104,-99.55,68.65,40.28
43369,-99.55,68.65,40.29
18667,-99.55,68.65,40.29
165576,-99.55,68.65,40.29
999484,-99.56,68.66,40.31
998198,-99.57,68.66,40.31
999825,-99.56,68.66,40.32
999224,-99.57,68.66,40.32
999453,-99.56,68.66,40.31
999897,-99.56,68.66,40.32
997858,-99.56,68.66,40.31
993339,-99.57,68.66,40.31
998890,-99.56,68.66,40.31
996377,-99.57,68.66,40.31
998716,-99.56,68.66,40.31
997500,-99.56,68.66,40.31
992217,-99.57,68.66,40.31
982032,-99.58,68.66,40.31
995768,-99.57,68.66,40.32
989948,-99.58,68.66,40.32
996163,-99.57,68.66,40.32
992962,-99.57,68.66,40.31
986465,-99.57,68.66,40.31
967992,-99.58,68.66,40.31
976564,-99.57,68.66,40.31
939845,-99.58,68.66,40.31
979985,-99.57,68.66,40.31
987709,-99.57,68.66,40.31
997079,-99.57,68.66,40.32
994307,-99.57,68.66,40.31
982845,-99.57,68.66,40.31
989808,-99.57,68.66,40.31
1000000,-99.57,68.66,40.33
1000000,-99.56,68.66,40.32
999803,-99.57,68.66,40.32
1000000,-99.56,68.66,40.32
999921,-99.57,68.66,40.32
999939,-99.57,68.66,40.32
999934,-99.56,68.66,40.32
1000000,-99.56,68.66,40.32
999020,-99.58,68.66,40.32
999763,-99.58,68.66,40.33
997428,-99.58,68.66,40.32
994773,-99.58,68.66,40.32
999929,-99.57,68.66,40.33
999780,-99.57,68.66,40.33
999929,-99.57,68.66,40.33
999863,-99.57,68.66,40.32
999628,-99.57,68.66,40.32
999868,-99.57,68.66,40.32
999768,-99.57,68.66,40.32
998193,-99.57,68.66,40.32
995693,-99.57,68.66,40.32
998792,-99.57,68.66,40.32
999736,-99.56,68.65,40.33
999791,-99.56,68.65,40.32
999522,-99.55,68.65,40.32
999351,-99.55,68.65,40.33
999889,-99.56,68.66,40.33
999908,-99.56,68.66,40.33
999752,-99.56,68.65,40.33
999911,-99.56,68.66,40.32
999907,-99.56,68.66,40.32
999796,-99.56,68.65,40.32
999813,-99.56,68.65,40.32
999816,-99.56,68.65,40.32
999615,-99.55,68.65,40.32
999597,-99.55,68.65,40.32
999878,-99.56,68.66,40.32
999910,-99.56,68.66,40.32
999763,-99.56,68.65,40.32
999802,-99.56,68.65,40.32
998864,-99.55,68.65,40.32
998534,-99.55,68.65,40.33
999056,-99.55,68.65,40.32
998993,-99.55,68.65,40.32
999804,-99.56,68.65,40.32
999771,-99.56,68.65,40.31
999547,-99.55,68.65,40.31
999610,-99.55,68.65,40.32
999747,-99.56,68.66,40.31
999840,-99.56,68.66,40.32
999709,-99.56,68.65,40.32
999610,-99.56,68.65,40.31
999710,-99.56,68.65,40.31
999465,-99.55,68.65,40.31
999533,-99.56,68.65,40.31
999334,-99.55,68.65,40.31
998962,-99.56,68.66,40.31
997552,-99.56,68.66,40.31
998706,-99.56,68.65,40.31
996724,-99.56,68.65,40.31
998999,-99.55,68.65,40.31
999083,-99.55,68.65,40.32
998828,-99.55,68.65,40.31
998589,-99.55,68.65,40.31
984277,-99.55,68.65,40.33
995944,-99.55,68.65,40.33
997086,-99.55,68.65,40.32
997455,-99.55,68.65,40.32
980262,-99.55,68.65,40.32
905626,-99.55,68.65,40.33
997216,-99.55,68.65,40.32
997614,-99.55,68.65,40.32
997601,-99.55,68.65,40.32
997832,-99.55,68.65,40.32
990892,-99.55,68.65,40.32
974139,-99.55,68.65,40.32
876564,-99.54,68.64,40.32
565616,-99.54,68.64,40.33
121553,-99.54,68.64,40.33
320999,-99.54,68.64,40.32
920243,-99.54,68.64,40.32
807349,-99.54,68.64,40.32
410494,-99.54,68.64,40.32
680938,-99.54,68.64,40.32
998270,-99.55,68.65,40.31
997919,-99.55,68.65,40.31
997950,-99.55,68.65,40.32
997966,-99.55,68.65,40.32
993237,-99.55,68.65,40.32
994294,-99.55,68.65,40.31
997202,-99.55,68.65,40.31
994022,-99.55,68.65,40.31
998187,-99.55,68.65,40.31
996602,-99.55,68.65,40.31
993808,-99.55,68.65,40.31
988816,-99.55,68.65,40.31
9084,-99.54,68.64,40.33
505,-99.54,68.64,40.33
2404,-99.54,68.64,40.32
34888,-99.54,68.64,40.32
773185,-99.54,68.64,40.31
772209,-99.54,68.64,40.31
342717,-99.54,68.64,40.31
363947,-99.54,68.64,40.31
966003,-99.54,68.64,40.31
954046,-99.54,68.64,40.31
815796,-99.54,68.64,40.31
829000,-99.54,68.64,40.31
650221,-99.54,68.64,40.32
169991,-99.54,68.64,40.32
724438,-99.54,68.64,40.31
266641,-99.54,68.64,40.31
944624,-99.54,68.64,40.32
963036,-99.54,68.64,40.31
757419,-99.54,68.64,40.32
807614,-99.54,68.64,40.31
10256,-99.54,68.64,40.32
140608,-99.54,68.64,40.32
283937,-99.54,68.64,40.32
36679,-99.54,68.64,40.32
8680,-99.54,68.64,40.32
13160,-99.54,68.64,40.31
566,-99.53,68.64,40.31
398,-99.53,68.64,40.32
17398,-99.54,68.64,40.31
19493,-99.54,68.64,40.31
614,-99.53,68.64,40.31
651,-99.53,68.64,40.31
567610,-99.55,68.65,40.29
448659,-99.55,68.65,40.29
103761,-99.55,68.65,40.29
93573,-99.55,68.65,40.29
254827,-99.55,68.65,40.29
22220,-99.55,68.64,40.29
800261,-99.55,68.65,40.29
668376,-99.55,68.65,40.29
553610,-99.55,68.65,40.29
971074,-99.55,68.65,40.3
925444,-99.55,68.65,40.3
914397,-99.55,68.65,40.29
827319,-99.55,68.65,40.29
859031,-99.55,68.65,40.3
743864,-99.55,68.65,40.29
47315,-99.54,68.64,40.29
6040,-99.55,68.64,40.29
175387,-99.54,68.64,40.29
5563,-99.54,68.64,40.29
1402,-99.54,68.64,40.29
39234,-99.54,68.64,40.29
574271,-99.54,68.64,40.3
396677,-99.54,68.64,40.29
124539,-99.54,68.64,40.29
273218,-99.54,68.64,40.3
994801,-99.55,68.65,40.3
983157,-99.55,68.65,40.3
992126,-99.55,68.65,40.3
969095,-99.55,68.65,40.3
954132,-99.55,68.65,40.3
921029,-99.55,68.65,40.3
991195,-99.55,68.65,40.3
988478,-99.55,68.65,40.3
993027,-99.55,68.65,40.31
991466,-99.55,68.65,40.31
971558,-99.55,68.65,40.3
979949,-99.55,68.65,40.31
1188,-99.54,68.64,40.29
422,-99.54,68.64,40.29
316,-99.54,68.64,40.29
144,-99.54,68.64,40.29
4955,-99.54,68.64,40.29
1039,-99.54,68.64,40.29
88,-99.54,68.64,40.29
174,-99.54,68.64,40.29
47,-99.54,68.63,40.29
58,-99.54,68.63,40.29
361103,-99.54,68.64,40.3
50742,-99.54,68.64,40.3
489830,-99.54,68.64,40.3
120497,-99.54,68.64,40.3
24159,-99.54,68.64,40.29
3600,-99.54,68.64,40.29
100015,-99.54,68.64,40.3
11601,-99.54,68.64,40.3
810991,-99.54,68.64,40.3
718049,-99.54,68.64,40.3
444490,-99.54,68.64,40.3
556394,-99.54,68.64,40.3
644651,-99.54,68.64,40.3
735329,-99.54,68.64,40.31
227442,-99.54,68.64,40.3
327479,-99.54,68.64,40.31
878531,-99.54,68.64,40.3
925563,-99.54,68.64,40.31
674631,-99.54,68.64,40.3
765216,-99.54,68.64,40.31
2797,-99.54,68.64,40.3
190,-99.53,68.64,40.3
316,-99.53,68.64,40.3
6071,-99.54,68.64,40.3
420,-99.54,68.64,40.29
82,-99.54,68.63,40.29
1063,-99.54,68.64,40.3
124,-99.54,68.63,40.3
436,-99.53,68.64,40.3
11459,-99.54,68.64,40.3
17323,-99.54,68.64,40.31
580,-99.53,68.64,40.31
207,-99.55,68.64,40.28
74,-99.55,68.64,40.28
47,-99.55,68.64,40.28
112,-99.55,68.64,40.28
27,-99.55,68.64,40.27
56,-99.55,68.64,40.28
627,-99.55,68.64,40.28
2042,-99.55,68.64,40.28
314,-99.55,68.64,40.28
970,-99.55,68.64,40.28
8127,-99.55,68.64,40.29
3457,-99.55,68.64,40.29
149,-99.55,68.64,40.28
445,-99.55,68.64,40.28
47,-99.55,68.64,40.28
148,-99.55,68.64,40.28
1459,-99.55,68.64,40.29
469,-99.55,68.64,40.29
56,-99.55,68.64,40.28
25,-99.54,68.63,40.28
28,-99.54,68.64,40.28
153,-99.55,68.64,40.29
35,-99.54,68.63,40.29
57,-99.54,68.64,40.29
52,-99.54,68.63,40.29
28,-99.54,68.63,40.29
87,-99.53,68.63,40.33
92,-99.53,68.64,40.33
103,-99.53,68.63,40.33
101,-99.53,68.63,40.32
106,-99.53,68.63,40.32
99,-99.54,68.64,40.33
90,-99.54,68.63,40.33
93,-99.54,68.63,40.32
180,-99.54,68.64,40.32
110,-99.53,68.63,40.32
109,-99.53,68.63,40.32
110,-99.53,68.63,40.32
115,-99.53,68.63,40.32
105,-99.54,68.63,40.32
548,-99.54,68.64,40.32
2439,-99.54,68.64,40.32
183,-99.54,68.63,40.32
105,-99.53,68.63,40.32
108,-99.53,68.63,40.32
104,-99.53,68.63,40.32
104,-99.53,68.63,40.32
91,-99.53,68.63,40.32
92,-99.53,68.63,40.32
101,-99.53,68.63,40.32
111,-99.53,68.63,40.32
105,-99.53,68.63,40.31
105,-99.53,68.63,40.32
111,-99.53,68.63,40.31
114,-99.53,68.63,40.32
107,-99.53,68.63,40.31
110,-99.53,68.63,40.31
99,-99.53,68.63,40.31
105,-99.53,68.63,40.31
92,-99.53,68.63,40.31
98,-99.53,68.63,40.32
91,-99.53,68.63,40.32
71,-99.53,68.63,40.31
81,-99.53,68.63,40.32
75,-99.53,68.63,40.31
84,-99.53,68.63,40.31
54,-99.53,68.63,40.31
63,-99.53,68.63,40.31
33,-99.54,68.63,40.29
42,-99.54,68.63,40.29
29,-99.53,68.63,40.29
52,-99.54,68.63,40.29
64,-99.54,68.63,40.3
84,-99.53,68.63,40.3
67,-99.53,68.63,40.3
95,-99.53,68.63,40.3
81,-99.53,68.63,40.3
65,-99.53,68.63,40.3
41,-99.53,68.63,40.3
51,-99.53,68.63,40.3
26,-99.53,68.63,40.3
37,-99.53,68.63,40.29
48,-99.53,68.63,40.3
101,-99.53,68.63,40.3
86,-99.53,68.63,40.3
108,-99.53,68.63,40.31
93,-99.53,68.63,40.31
67,-99.53,68.63,40.31
41,-99.53,68.63,40.3
45,-99.53,68.63,40.31
203,-99.57,68.66,40.27
61,-99.57,68.66,40.26
81,-99.56,68.65,40.27
70,-99.56,68.65,40.27
25,-99.55,68.65,40.27
31,-99.56,68.65,40.27
27,-99.56,68.65,40.26
998780,-99.58,68.67,40.33
998886,-99.58,68.67,40.33
995524,-99.58,68.67,40.33
999510,-99.58,68.67,40.33
998022,-99.58,68.67,40.33
999775,-99.58,68.67,40.33
999782,-99.58,68.67,40.33
999859,-99.58,68.66,40.33
999878,-99.58,68.67,40.33
999931,-99.58,68.66,40.33
999913,-99.58,68.67,40.33
1000000,-99.58,68.67,40.33
1000000,-99.58,68.66,40.33
999985,-99.58,68.67,40.34
999749,-99.58,68.67,40.34
1000000,-99.58,68.66,40.34
1000000,-99.58,68.67,40.34
907894,-99.59,68.67,40.32
951467,-99.59,68.67,40.32
882024,-99.59,68.67,40.32
644478,-99.59,68.67,40.32
758007,-99.59,68.67,40.32
859487,-99.59,68.67,40.32
938151,-99.59,68.67,40.33
975326,-99.59,68.67,40.32
942724,-99.59,68.67,40.32
986143,-99.59,68.67,40.33
974466,-99.59,68.67,40.33
384306,-99.59,68.67,40.31
300647,-99.59,68.67,40.31
270512,-99.59,68.67,40.31
533961,-99.59,68.67,40.31
397995,-99.59,68.67,40.31
348152,-99.59,68.67,40.31
694118,-99.59,68.67,40.31
828055,-99.59,68.67,40.32
428283,-99.59,68.67,40.31
223986,-99.59,68.67,40.31
280752,-99.59,68.67,40.31
348687,-99.59,68.67,40.31
517484,-99.59,68.67,40.32
102393,-99.58,68.67,40.3
90725,-99.58,68.67,40.3
73921,-99.58,68.67,40.3
68156,-99.58,68.67,40.3
54706,-99.58,68.67,40.29
51758,-99.58,68.67,40.29
41998,-99.58,68.67,40.29
39889,-99.58,68.67,40.29
63716,-99.58,68.66,40.29
46495,-99.58,68.66,40.29
83514,-99.58,68.66,40.29
55189,-99.58,68.66,40.29
132912,-99.58,68.66,40.3
90212,-99.58,68.66,40.3
222030,-99.58,68.66,40.3
133205,-99.58,68.66,40.3
337862,-99.58,68.67,40.3
241310,-99.58,68.67,40.3
521606,-99.58,68.67,40.31
363479,-99.58,68.67,40.31
142464,-99.58,68.67,40.3
214135,-99.58,68.67,40.3
121119,-99.58,68.67,40.3
166920,-99.58,68.67,40.3
196042,-99.58,68.66,40.3
320906,-99.58,68.66,40.3
352149,-99.58,68.66,40.3
525215,-99.58,68.66,40.3
504755,-99.58,68.66,40.3
696557,-99.58,68.66,40.31
66289,-99.59,68.67,40.3
83365,-99.59,68.67,40.3
91200,-99.59,68.67,40.3
64970,-99.59,68.67,40.3
70842,-99.59,68.67,40.3
84170,-99.59,68.67,40.3
54407,-99.59,68.67,40.29
51634,-99.59,68.67,40.29
55249,-99.59,68.67,40.29
45165,-99.59,68.67,40.29
192851,-99.59,68.67,40.3
176596,-99.59,68.67,40.31
173018,-99.59,68.67,40.3
271624,-99.59,68.67,40.31
223693,-99.59,68.67,40.31
217197,-99.59,68.67,40.31
157966,-99.59,68.67,40.31
185735,-99.59,68.67,40.31
106768,-99.59,68.67,40.3
140004,-99.59,68.67,40.3
106813,-99.59,68.67,40.3
138412,-99.59,68.67,40.3
980025,-99.58,68.67,40.32
959265,-99.58,68.67,40.32
989307,-99.58,68.67,40.32
977814,-99.58,68.67,40.32
994151,-99.58,68.67,40.32
987718,-99.58,68.67,40.32
996688,-99.58,68.67,40.33
992962,-99.58,68.67,40.33
995578,-99.58,68.66,40.32
997589,-99.58,68.66,40.33
995975,-99.58,68.66,40.32
998109,-99.58,68.66,40.33
987141,-99.58,68.66,40.32
992413,-99.58,68.66,40.32
992794,-99.58,68.66,40.32
987995,-99.58,68.66,40.32
712914,-99.58,68.67,40.31
528971,-99.58,68.67,40.31
849500,-99.58,68.67,40.31
709737,-99.58,68.67,40.31
924980,-99.58,68.67,40.31
961836,-99.58,68.67,40.32
844806,-99.58,68.67,40.31
920942,-99.58,68.67,40.32
958474,-99.58,68.66,40.31
977504,-99.58,68.66,40.32
838767,-99.58,68.66,40.31
919256,-99.58,68.66,40.31
1050,-99.58,68.66,40.27
643,-99.58,68.66,40.27
163,-99.58,68.66,40.26
235,-99.57,68.66,40.27
330,-99.57,68.66,40.27
88,-99.57,68.66,40.26
8925,-99.58,68.66,40.28
5163,-99.58,68.66,40.28
8633,-99.58,68.67,40.28
4486,-99.58,68.67,40.27
3529,-99.58,68.67,40.27
30147,-99.58,68.66,40.29
22341,-99.58,68.66,40.29
18967,-99.58,68.67,40.28
17627,-99.58,68.67,40.28
18045,-99.58,68.66,40.28
18707,-99.58,68.66,40.28
14129,-99.58,68.66,40.28
14338,-99.58,68.66,40.28
13454,-99.58,68.67,40.28
32090,-99.58,68.66,40.29
34674,-99.58,68.66,40.29
24820,-99.58,68.66,40.29
23165,-99.58,68.66,40.29
11169,-99.58,68.67,40.28
22523,-99.59,68.67,40.29
29022,-99.59,68.67,40.29
28878,-99.59,68.67,40.29
17395,-99.59,68.67,40.28
861268,-99.56,68.66,40.34
776908,-99.56,68.66,40.34
876365,-99.57,68.66,40.34
768362,-99.57,68.66,40.35
994403,-99.57,68.66,40.34
983823,-99.56,68.66,40.34
940505,-99.56,68.66,40.34
978423,-99.57,68.66,40.34
953603,-99.57,68.66,40.34
956078,-99.56,68.65,40.34
868229,-99.56,68.65,40.34
896994,-99.56,68.65,40.34
746689,-99.56,68.65,40.34
738092,-99.56,68.65,40.34
558975,-99.56,68.65,40.34
459350,-99.56,68.66,40.35
379182,-99.56,68.65,40.35
339596,-99.56,68.65,40.35
998541,-99.57,68.66,40.34
999907,-99.57,68.66,40.34
998595,-99.57,68.66,40.34
999449,-99.57,68.66,40.34
997464,-99.57,68.66,40.34
989305,-99.57,68.66,40.34
930233,-99.57,68.66,40.35
973630,-99.57,68.66,40.34
941143,-99.57,68.66,40.34
866633,-99.57,68.66,40.35
975495,-99.57,68.66,40.34
999743,-99.57,68.66,40.34
999138,-99.57,68.66,40.34
991011,-99.57,68.66,40.34
997332,-99.57,68.66,40.34
992334,-99.57,68.66,40.34
999856,-99.57,68.66,40.33
999565,-99.57,68.66,40.34
998812,-99.56,68.66,40.34
999674,-99.56,68.66,40.33
1000000,-99.57,68.66,40.33
1000000,-99.57,68.66,40.33
999845,-99.56,68.66,40.33
999900,-99.56,68.66,40.33
999876,-99.58,68.66,40.33
1000000,-99.58,68.66,40.33
1000000,-99.58,68.66,40.33
1000000,-99.58,68.66,40.34
1000000,-99.57,68.66,40.33
1000000,-99.57,68.66,40.33
1000000,-99.57,68.66,40.33
1000000,-99.57,68.66,40.34
1000000,-99.57,68.66,40.34
999830,-99.57,68.66,40.34
1000000,-99.57,68.66,40.33
999898,-99.57,68.66,40.33
1000000,-99.57,68.66,40.33
1000000,-99.57,68.66,40.33
1000000,-99.57,68.66,40.33
1000000,-99.57,68.66,40.33
387741,-99.56,68.65,40.34
999135,-99.56,68.65,40.33
999427,-99.56,68.65,40.33
999631,-99.56,68.65,40.33
999666,-99.56,68.65,40.33
998003,-99.55,68.65,40.33
999120,-99.55,68.65,40.33
999623,-99.56,68.65,40.33
999753,-99.56,68.65,40.33
900360,-99.56,68.65,40.34
983189,-99.56,68.65,40.33
991186,-99.56,68.65,40.34
970956,-99.56,68.65,40.34
999223,-99.56,68.65,40.33
996626,-99.56,68.65,40.33
791867,-99.56,68.65,40.34
585610,-99.56,68.65,40.34
574521,-99.55,68.65,40.34
796534,-99.56,68.65,40.34
342189,-99.55,68.65,40.34
822287,-99.55,68.65,40.33
946372,-99.56,68.65,40.33
599254,-99.55,68.65,40.33
988461,-99.55,68.65,40.33
887276,-99.55,68.65,40.33
997697,-99.55,68.65,40.33
978044,-99.55,68.65,40.33
614937,-99.56,68.66,40.35
262918,-99.56,68.65,40.35
27697,-99.55,68.65,40.35
238383,-99.56,68.65,40.35
98216,-99.56,68.65,40.35
52514,-99.55,68.65,40.34
25886,-99.55,68.65,40.34
15984,-99.55,68.64,40.34
8572,-99.55,68.64,40.34
369718,-99.55,68.65,40.34
624732,-99.56,68.65,40.34
202002,-99.55,68.65,40.34
392950,-99.56,68.65,40.34
172027,-99.55,68.65,40.34
82282,-99.55,68.65,40.34
16037,-99.55,68.65,40.34
4909,-99.55,68.65,40.34
109603,-99.55,68.65,40.34
220715,-99.56,68.65,40.34
39238,-99.55,68.65,40.34
65830,-99.55,68.65,40.35
121530,-99.56,68.65,40.35
20170,-99.55,68.65,40.35
25084,-99.55,68.65,40.35
1515,-99.55,68.64,40.34
895,-99.55,68.64,40.35
5008,-99.55,68.64,40.34
2802,-99.55,68.64,40.34
125565,-99.55,68.65,40.34
259072,-99.55,68.65,40.33
26784,-99.55,68.64,40.34
48464,-99.55,68.64,40.33
576787,-99.55,68.65,40.33
872682,-99.55,68.65,40.33
195569,-99.55,68.64,40.33
612872,-99.55,68.64,40.33
7625,-99.55,68.64,40.34
12927,-99.55,68.64,40.33
44411,-99.55,68.64,40.33
140214,-99.55,68.64,40.33
1494,-99.55,68.64,40.34
366,-99.54,68.64,40.34
207,-99.54,68.64,40.35
222,-99.54,68.64,40.34
1549,-99.54,68.64,40.34
115,-99.54,68.64,40.34
660,-99.54,68.64,40.34
46,-99.54,68.64,40.34
30,-99.54,68.64,40.34
39,-99.54,68.64,40.34
46,-99.54,68.64,40.34
1242,-99.54,68.64,40.33
5620,-99.54,68.64,40.33
433,-99.54,68.64,40.34
3105,-99.54,68.64,40.34
144,-99.54,68.64,40.33
74,-99.54,68.64,40.34
4318,-99.54,68.64,40.33
13254,-99.54,68.64,40.33
1594,-99.54,68.64,40.33
20982,-99.54,68.64,40.33
150,-99.54,68.64,40.33
338,-99.54,68.64,40.33
97,-99.53,68.64,40.33
95,-99.53,68.64,40.34
46,-99.54,68.64,40.33
80,-99.54,68.63,40.33
40,-99.54,68.64,40.34
73,-99.54,68.63,40.34
77,-99.54,68.64,40.34
80,-99.54,68.64,40.34
97,-99.53,68.64,40.33
99,-99.53,68.64,40.33
89,-99.54,68.64,40.33
58,-99.54,68.64,40.33
93,-99.54,68.63,40.33
81,-99.54,68.63,40.33
102,-99.53,68.63,40.33
105,-99.53,68.63,40.33
99,-99.53,68.63,40.33
86,-99.53,68.63,40.33
97,-99.53,68.63,40.33
965474,-99.57,68.66,40.3
929637,-99.57,68.66,40.3
942465,-99.57,68.66,40.3
876019,-99.57,68.66,40.3
961654,-99.56,68.66,40.3
937445,-99.56,68.66,40.3
978989,-99.57,68.66,40.3
956909,-99.57,68.66,40.3
987437,-99.57,68.66,40.31
973118,-99.57,68.66,40.31
986611,-99.56,68.66,40.31
976892,-99.56,68.66,40.3
531164,-99.58,68.66,40.3
693035,-99.58,68.66,40.3
879052,-99.58,68.66,40.3
696673,-99.58,68.66,40.3
930050,-99.58,68.66,40.31
825805,-99.58,68.66,40.31
912267,-99.57,68.66,40.3
944942,-99.57,68.66,40.31
754045,-99.57,68.66,40.3
617720,-99.58,68.66,40.3
858466,-99.57,68.66,40.3
751212,-99.58,68.66,40.3
917161,-99.57,68.66,40.3
948967,-99.57,68.66,40.31
310853,-99.57,68.66,40.29
499716,-99.57,68.66,40.29
813546,-99.57,68.66,40.3
604997,-99.57,68.66,40.3
900647,-99.57,68.66,40.3
769537,-99.57,68.66,40.3
900170,-99.56,68.66,40.3
833403,-99.56,68.66,40.3
125475,-99.58,68.66,40.29
69140,-99.58,68.66,40.29
356615,-99.58,68.66,40.3
216443,-99.58,68.66,40.3
122795,-99.57,68.66,40.29
86024,-99.58,68.66,40.29
248159,-99.57,68.66,40.29
165848,-99.58,68.66,40.29
158929,-99.57,68.66,40.29
285774,-99.57,68.66,40.29
420929,-99.57,68.66,40.3
292603,-99.58,68.66,40.3
600651,-99.57,68.66,40.3
453300,-99.58,68.66,40.3
566522,-99.56,68.65,40.29
507023,-99.56,68.65,40.29
730228,-99.56,68.65,40.29
685840,-99.56,68.65,40.29
460457,-99.56,68.65,40.29
349280,-99.57,68.65,40.29
155171,-99.56,68.65,40.29
636434,-99.56,68.65,40.29
517629,-99.57,68.65,40.29
414556,-99.56,68.65,40.29
593061,-99.56,68.65,40.29
851041,-99.56,68.65,40.3
817287,-99.56,68.65,40.29
917310,-99.56,68.65,40.3
899676,-99.56,68.65,40.3
876724,-99.56,68.65,40.3
783050,-99.56,68.65,40.3
751559,-99.56,68.65,40.3
857395,-99.56,68.65,40.3
356975,-99.55,68.65,40.29
566312,-99.55,68.65,40.29
746163,-99.55,68.65,40.29
871826,-99.55,68.65,40.3
952300,-99.56,68.65,40.3
943478,-99.56,68.65,40.3
973188,-99.56,68.65,40.3
969955,-99.56,68.65,40.3
957352,-99.56,68.65,40.3
927465,-99.56,68.65,40.3
915607,-99.56,68.65,40.3
949568,-99.56,68.65,40.3
992581,-99.56,68.65,40.31
992402,-99.56,68.65,40.31
985502,-99.56,68.65,40.3
984834,-99.56,68.65,40.3
985648,-99.56,68.65,40.31
974872,-99.56,68.65,40.3
982851,-99.56,68.65,40.31
970050,-99.56,68.65,40.3
934906,-99.55,68.65,40.3
966364,-99.55,68.65,40.3
988981,-99.55,68.65,40.31
981598,-99.55,68.65,40.3
20594,-99.57,68.65,40.28
4038,-99.57,68.65,40.28
3136,-99.57,68.65,40.28
18423,-99.57,68.65,40.28
56535,-99.57,68.65,40.29
113903,-99.57,68.65,40.29
58181,-99.57,68.65,40.29
119245,-99.57,68.65,40.29
18695,-99.58,68.66,40.28
17897,-99.58,68.66,40.28
10705,-99.58,68.66,40.28
12934,-99.58,68.66,40.28
39307,-99.58,68.66,40.29
29094,-99.58,68.66,40.29
20837,-99.57,68.66,40.28
20425,-99.57,68.66,40.28
7102,-99.57,68.66,40.28
5302,-99.57,68.66,40.28
58614,-99.57,68.66,40.29
49458,-99.58,68.66,40.29
36132,-99.57,68.66,40.29
34805,-99.58,68.66,40.29
44257,-99.57,68.66,40.29
76504,-99.57,68.66,40.29
1818,-99.57,68.65,40.28
1216,-99.57,68.65,40.28
333,-99.57,68.65,40.27
498,-99.57,68.65,40.28
543,-99.57,68.66,40.27
737,-99.57,68.65,40.28
233,-99.57,68.65,40.27
460,-99.57,68.66,40.27
5432,-99.58,68.66,40.28
7269,-99.58,68.66,40.28
2648,-99.58,68.66,40.28
3847,-99.58,68.66,40.28
1225,-99.58,68.66,40.27
2053,-99.58,68.66,40.27
3697,-99.57,68.66,40.28
2472,-99.57,68.66,40.28
1016,-99.57,68.66,40.28
1608,-99.57,68.66,40.28
588,-99.57,68.66,40.27
664,-99.56,68.65,40.28
723,-99.56,68.65,40.28
582,-99.56,68.65,40.28
185,-99.56,68.65,40.28
267,-99.56,68.65,40.28
293,-99.56,68.65,40.28
941,-99.57,68.65,40.28
58,-99.56,68.65,40.27
106,-99.56,68.65,40.27
60,-99.56,68.65,40.27
118,-99.56,68.65,40.27
149,-99.56,68.65,40.27
221,-99.56,68.65,40.27
425,-99.57,68.65,40.28
92,-99.56,68.65,40.27
145,-99.57,68.65,40.27
424,-99.56,68.65,40.28
310,-99.56,68.64,40.28
116,-99.56,68.65,40.28
74,-99.56,68.64,40.28
1869,-99.56,68.65,40.28
2132,-99.56,68.65,40.28
14777,-99.56,68.65,40.28
14726,-99.56,68.65,40.28
1790,-99.56,68.65,40.28
8686,-99.56,68.65,40.28
2747,-99.57,68.65,40.28
14840,-99.57,68.65,40.28
71448,-99.56,68.65,40.29
54263,-99.56,68.65,40.29
63244,-99.56,68.65,40.29
202316,-99.56,68.65,40.29
132171,-99.56,68.65,40.29
157440,-99.56,68.65,40.29
45632,-99.57,68.65,40.29
1178,-99.56,68.65,40.28
4003,-99.56,68.65,40.28
890,-99.56,68.64,40.28
2945,-99.55,68.64,40.28
25428,-99.56,68.65,40.29
12602,-99.55,68.64,40.29
81789,-99.56,68.65,40.29
998169,-99.57,68.66,40.31
994961,-99.57,68.66,40.31
999364,-99.57,68.66,40.32
997714,-99.57,68.66,40.32
998280,-99.56,68.66,40.31
999549,-99.56,68.66,40.32
992789,-99.57,68.66,40.31
983547,-99.57,68.66,40.31
996179,-99.57,68.66,40.31
990507,-99.57,68.66,40.31
996173,-99.56,68.66,40.31
992505,-99.56,68.66,40.31
984076,-99.58,68.66,40.31
968813,-99.58,68.66,40.31
990593,-99.58,68.66,40.32
980654,-99.58,68.66,40.32
991849,-99.57,68.66,40.32
985905,-99.57,68.66,40.31
974094,-99.58,68.66,40.31
947566,-99.58,68.66,40.31
957835,-99.58,68.66,40.31
905347,-99.58,68.66,40.31
964380,-99.57,68.66,40.31
977114,-99.57,68.66,40.31
993447,-99.57,68.66,40.32
987657,-99.57,68.66,40.31
967016,-99.57,68.66,40.31
979380,-99.57,68.66,40.31
999913,-99.57,68.66,40.33
999837,-99.57,68.66,40.32
999311,-99.57,68.66,40.32
999905,-99.57,68.66,40.32
999773,-99.57,68.66,40.32
999855,-99.57,68.66,40.32
999804,-99.56,68.66,40.32
999876,-99.56,68.66,40.32
996862,-99.58,68.66,40.32
998929,-99.58,68.66,40.33
993703,-99.58,68.66,40.32
988852,-99.58,68.66,40.32
999806,-99.57,68.66,40.33
999396,-99.58,68.66,40.33
999825,-99.57,68.66,40.33
999655,-99.57,68.66,40.32
998082,-99.58,68.66,40.32
999653,-99.57,68.66,40.32
999404,-99.57,68.66,40.32
995099,-99.58,68.66,40.32
990404,-99.58,68.66,40.32
997013,-99.57,68.66,40.32
999452,-99.56,68.65,40.33
999550,-99.56,68.65,40.32
999049,-99.56,68.65,40.32
998856,-99.56,68.65,40.33
999814,-99.56,68.65,40.33
999858,-99.57,68.65,40.33
999607,-99.56,68.65,40.33
999832,-99.56,68.65,40.32
999820,-99.57,68.65,40.32
999664,-99.56,68.65,40.32
999552,-99.56,68.65,40.32
999585,-99.56,68.65,40.32
999128,-99.56,68.65,40.32
999138,-99.56,68.65,40.32
999727,-99.56,68.65,40.32
999808,-99.56,68.65,40.32
999562,-99.56,68.65,40.32
999652,-99.56,68.65,40.32
998062,-99.55,68.65,40.32
997717,-99.55,68.65,40.33
998266,-99.55,68.65,40.32
998207,-99.55,68.65,40.32
999492,-99.56,68.65,40.32
999367,-99.56,68.65,40.31
998883,-99.56,68.65,40.31
999064,-99.56,68.65,40.32
998413,-99.56,68.65,40.31
999609,-99.56,68.65,40.32
999421,-99.56,68.65,40.32
998244,-99.56,68.65,40.31
998682,-99.56,68.65,40.31
998277,-99.56,68.65,40.31
996459,-99.56,68.65,40.31
996076,-99.56,68.65,40.31
996121,-99.56,68.65,40.31
992104,-99.56,68.65,40.31
995449,-99.56,68.65,40.31
990632,-99.56,68.65,40.31
997936,-99.55,68.65,40.31
998218,-99.55,68.65,40.32
995464,-99.55,68.65,40.31
992747,-99.55,68.65,40.31
964430,-99.55,68.65,40.33
989314,-99.55,68.65,40.33
984055,-99.55,68.65,40.32
992593,-99.55,68.65,40.32
929235,-99.55,68.64,40.32
858317,-99.55,68.64,40.33
983853,-99.55,68.65,40.32
992364,-99.55,68.65,40.32
988197,-99.55,68.65,40.32
993842,-99.55,68.65,40.32
954711,-99.55,68.64,40.32
925523,-99.55,68.64,40.32
731138,-99.55,68.64,40.32
518784,-99.55,68.64,40.33
99227,-99.54,68.64,40.33
212526,-99.54,68.64,40.32
832912,-99.55,68.64,40.32
709498,-99.55,68.64,40.32
285945,-99.54,68.64,40.32
517210,-99.54,68.64,40.32
990924,-99.55,68.65,40.31
991298,-99.55,68.65,40.31
990475,-99.55,68.65,40.32
993537,-99.55,68.65,40.32
963221,-99.55,68.64,40.32
967320,-99.55,68.64,40.31
979858,-99.55,68.65,40.31
979568,-99.55,68.65,40.31
987327,-99.55,68.65,40.31
985868,-99.55,68.65,40.31
963037,-99.55,68.64,40.31
948443,-99.55,68.64,40.31
8574,-99.54,68.64,40.33
547,-99.54,68.64,40.33
2026,-99.54,68.64,40.32
25481,-99.54,68.64,40.32
540861,-99.54,68.64,40.31
535513,-99.54,68.64,40.31
158409,-99.54,68.64,40.31
169246,-99.54,68.64,40.31
893440,-99.55,68.64,40.31
869137,-99.55,68.64,40.31
661337,-99.54,68.64,40.31
681321,-99.54,68.64,40.31
406592,-99.54,68.64,40.32
85694,-99.54,68.64,40.32
482207,-99.54,68.64,40.31
127203,-99.54,68.64,40.31
871981,-99.55,68.64,40.32
892589,-99.55,68.64,40.31
611070,-99.54,68.64,40.32
657957,-99.54,68.64,40.31
7352,-99.54,68.64,40.32
77603,-99.54,68.64,40.32
162162,-99.54,68.64,40.32
22788,-99.54,68.64,40.32
5807,-99.54,68.64,40.32
9298,-99.54,68.64,40.31
503,-99.54,68.63,40.31
350,-99.54,68.63,40.32
12021,-99.54,68.64,40.31
13241,-99.54,68.64,40.31
598,-99.54,68.63,40.31
640,-99.54,68.63,40.31
298448,-99.55,68.65,40.29
243313,-99.55,68.65,40.29
49690,-99.55,68.64,40.29
50866,-99.55,68.64,40.29
105845,-99.55,68.64,40.29
13880,-99.55,68.64,40.29
523173,-99.55,68.65,40.29
445047,-99.55,68.65,40.29
255262,-99.55,68.64,40.29
835344,-99.55,68.65,40.3
797137,-99.55,68.65,40.3
708211,-99.55,68.65,40.29
640673,-99.55,68.65,40.29
614146,-99.55,68.64,40.3
449091,-99.55,68.64,40.29
26386,-99.55,68.64,40.29
5008,-99.55,68.64,40.29
72469,-99.55,68.64,40.29
5847,-99.54,68.64,40.29
1519,-99.55,68.64,40.29
24037,-99.54,68.64,40.29
337499,-99.55,68.64,40.3
194489,-99.55,68.64,40.29
60775,-99.54,68.64,40.29
141900,-99.54,68.64,40.3
944637,-99.55,68.65,40.3
936850,-99.55,68.65,40.3
910586,-99.55,68.65,40.3
893625,-99.55,68.65,40.3
830536,-99.55,68.64,40.3
741375,-99.55,68.64,40.3
958290,-99.55,68.65,40.3
958120,-99.55,68.65,40.3
969554,-99.55,68.65,40.31
970711,-99.55,68.65,40.31
892000,-99.55,68.64,40.3
925671,-99.55,68.64,40.31
1402,-99.54,68.64,40.29
459,-99.55,68.64,40.29
382,-99.54,68.64,40.29
142,-99.54,68.64,40.29
5208,-99.54,68.64,40.29
1128,-99.54,68.64,40.29
88,-99.54,68.63,40.29
182,-99.54,68.63,40.29
37,-99.54,68.63,40.29
52,-99.54,68.63,40.29
177057,-99.54,68.64,40.3
32556,-99.54,68.64,40.3
271872,-99.54,68.64,40.3
65916,-99.54,68.64,40.3
19506,-99.54,68.64,40.29
3326,-99.54,68.64,40.29
52266,-99.54,68.64,40.3
8998,-99.54,68.64,40.3
615913,-99.55,68.64,40.3
490903,-99.55,68.64,40.3
250128,-99.54,68.64,40.3
356155,-99.54,68.64,40.3
394826,-99.54,68.64,40.3
495528,-99.54,68.64,40.31
108707,-99.54,68.64,40.3
149953,-99.54,68.64,40.31
729806,-99.55,68.64,40.3
815212,-99.55,68.64,40.31
488101,-99.54,68.64,40.3
594249,-99.54,68.64,40.31
2507,-99.54,68.64,40.3
201,-99.54,68.63,40.3
317,-99.54,68.63,40.3
4964,-99.54,68.64,40.3
417,-99.54,68.63,40.29
78,-99.54,68.63,40.29
953,-99.54,68.63,40.3
123,-99.54,68.63,40.3
447,-99.54,68.63,40.3
8446,-99.54,68.64,40.3
11957,-99.54,68.64,40.31
590,-99.54,68.63,40.31
208,-99.55,68.64,40.28
42,-99.55,68.64,40.28
26,-99.55,68.64,40.28
116,-99.55,68.64,40.28
47,-99.55,68.64,40.28
616,-99.55,68.64,40.28
1844,-99.55,68.64,40.28
338,-99.55,68.64,40.28
1002,-99.55,68.64,40.28
6317,-99.55,68.64,40.29
3167,-99.55,68.64,40.29
168,-99.55,68.64,40.28
511,-99.55,68.64,40.28
55,-99.55,68.64,40.28
216,-99.55,68.64,40.28
1598,-99.55,68.64,40.29
766,-99.55,68.64,40.29
77,-99.55,68.64,40.28
36,-99.55,68.63,40.28
273,-99.55,68.64,40.29
25,-99.54,68.63,40.29
130,-99.55,68.63,40.29
42,-99.54,68.63,40.29
91,-99.53,68.63,40.33
102,-99.53,68.63,40.33
101,-99.53,68.63,40.32
104,-99.53,68.63,40.32
101,-99.54,68.63,40.33
93,-99.54,68.63,40.33
94,-99.54,68.63,40.32
180,-99.54,68.63,40.32
109,-99.53,68.63,40.32
108,-99.53,68.63,40.32
107,-99.53,68.63,40.32
112,-99.53,68.63,40.32
102,-99.54,68.63,40.32
498,-99.54,68.63,40.32
1768,-99.54,68.63,40.32
171,-99.54,68.63,40.32
101,-99.53,68.63,40.32
104,-99.53,68.63,40.32
102,-99.53,68.63,40.32
41,-99.53,68.63,40.33
82,-99.53,68.63,40.32
39,-99.52,68.63,40.32
85,-99.53,68.63,40.32
92,-99.53,68.63,40.32
108,-99.53,68.63,40.31
106,-99.53,68.63,40.32
107,-99.53,68.63,40.31
111,-99.53,68.63,40.32
91,-99.53,68.63,40.31
98,-99.53,68.63,40.32
110,-99.54,68.63,40.31
112,-99.54,68.63,40.31
95,-99.53,68.63,40.31
100,-99.53,68.63,40.31
74,-99.53,68.63,40.31
83,-99.53,68.63,40.31
68,-99.53,68.63,40.31
80,-99.53,68.63,40.32
31,-99.52,68.63,40.32
66,-99.53,68.63,40.31
76,-99.53,68.63,40.32
52,-99.53,68.63,40.31
61,-99.53,68.63,40.31
25,-99.52,68.63,40.31
49,-99.53,68.63,40.31
57,-99.53,68.63,40.31
34,-99.54,68.63,40.29
78,-99.54,68.63,40.3
89,-99.54,68.63,40.3
45,-99.54,68.63,40.29
58,-99.54,68.63,40.3
65,-99.53,68.63,40.3
79,-99.53,68.63,40.3
62,-99.53,68.63,40.3
39,-99.53,68.63,40.3
62,-99.53,68.63,40.3
76,-99.53,68.63,40.3
25,-99.53,68.63,40.3
32,-99.54,68.63,40.29
43,-99.54,68.63,40.3
100,-99.54,68.63,40.3
83,-99.53,68.63,40.3
109,-99.54,68.63,40.31
88,-99.53,68.63,40.31
59,-99.53,68.63,40.3
64,-99.53,68.63,40.31
44,-99.53,68.63,40.31
40,-99.53,68.63,40.3
41,-99.53,68.63,40.31
37,-99.53,68.63,40.3
159,-99.57,68.65,40.27
56,-99.57,68.65,40.26
46,-99.56,68.65,40.27
111,-99.57,68.65,40.27
25,-99.56,68.64,40.27
38,-99.57,68.65,40.26
986284,-99.59,68.67,40.33
992031,-99.59,68.67,40.33
998089,-99.58,68.67,40.33
995623,-99.58,68.67,40.33
994315,-99.58,68.67,40.33
998844,-99.58,68.67,40.33
996919,-99.58,68.67,40.33
997429,-99.58,68.67,40.33
999336,-99.58,68.67,40.33
999579,-99.58,68.67,40.33
999015,-99.58,68.67,40.33
998877,-99.58,68.66,40.33
999464,-99.58,68.66,40.33
999704,-99.58,68.66,40.33
999742,-99.58,68.66,40.33
999814,-99.58,68.66,40.33
999863,-99.58,68.66,40.33
999729,-99.58,68.67,40.34
999896,-99.58,68.67,40.34
999280,-99.58,68.67,40.34
1000000,-99.58,68.66,40.34
999793,-99.58,68.67,40.34
999940,-99.58,68.66,40.34
999890,-99.58,68.66,40.34
1000000,-99.58,68.67,40.34
999695,-99.58,68.67,40.34
998813,-99.58,68.67,40.34
856383,-99.57,68.66,40.35
692952,-99.57,68.66,40.35
454445,-99.57,68.66,40.35
877911,-99.59,68.67,40.32
767081,-99.59,68.67,40.32
933869,-99.59,68.67,40.32
867833,-99.59,68.67,40.32
501493,-99.59,68.67,40.32
926768,-99.59,68.67,40.32
818434,-99.59,68.67,40.32
957120,-99.59,68.67,40.33
905652,-99.59,68.67,40.33
961531,-99.59,68.67,40.32
977264,-99.59,68.67,40.33
326061,-99.59,68.67,40.31
244184,-99.59,68.67,40.31
467457,-99.59,68.67,40.31
333742,-99.59,68.67,40.31
625667,-99.59,68.67,40.31
776049,-99.59,68.67,40.32
458561,-99.59,68.67,40.31
611464,-99.59,68.67,40.32
198267,-99.59,68.67,40.31
195022,-99.59,68.67,40.31
258822,-99.59,68.67,40.31
238064,-99.59,68.67,40.31
170166,-99.59,68.68,40.31
201607,-99.59,68.68,40.31
336140,-99.59,68.67,40.31
302398,-99.59,68.67,40.31
343283,-99.59,68.67,40.32
246802,-99.59,68.68,40.31
92970,-99.58,68.66,40.3
76934,-99.59,68.67,40.3
68031,-99.58,68.66,40.3
59278,-99.59,68.67,40.3
52696,-99.58,68.66,40.29
47532,-99.59,68.67,40.29
40598,-99.58,68.66,40.29
37942,-99.59,68.67,40.29
63172,-99.58,68.66,40.29
45576,-99.58,68.66,40.29
82817,-99.58,68.66,40.29
53517,-99.58,68.66,40.29
129418,-99.58,68.66,40.3
88133,-99.58,68.66,40.3
201556,-99.58,68.66,40.3
127918,-99.58,68.66,40.3
297667,-99.58,68.66,40.3
209202,-99.59,68.67,40.3
450721,-99.58,68.66,40.31
313713,-99.59,68.67,40.31
132172,-99.58,68.66,40.3
195232,-99.58,68.66,40.3
104747,-99.59,68.67,40.3
146027,-99.59,68.67,40.3
194563,-99.58,68.66,40.3
297302,-99.58,68.66,40.3
310401,-99.58,68.66,40.3
452700,-99.58,68.66,40.3
445429,-99.58,68.66,40.3
614240,-99.58,68.66,40.31
55595,-99.59,68.67,40.3
62110,-99.59,68.67,40.29
71469,-99.59,68.67,40.3
67570,-99.59,68.67,40.3
57045,-99.59,68.67,40.3
65851,-99.59,68.67,40.3
46756,-99.59,68.67,40.29
51696,-99.59,68.67,40.29
46345,-99.59,68.67,40.29
37549,-99.59,68.67,40.29
43554,-99.59,68.67,40.29
45790,-99.59,68.67,40.29
162691,-99.59,68.67,40.3
142131,-99.59,68.67,40.31
227992,-99.59,68.67,40.31
184041,-99.59,68.67,40.31
132865,-99.59,68.67,40.31
139381,-99.59,68.67,40.3
158837,-99.59,68.67,40.31
164465,-99.59,68.67,40.31
146304,-99.59,68.68,40.31
125117,-99.59,68.68,40.31
92059,-99.59,68.67,40.3
121586,-99.59,68.67,40.3
84586,-99.59,68.67,40.3
109068,-99.59,68.67,40.3
102694,-99.59,68.67,40.3
966758,-99.58,68.66,40.32
939316,-99.59,68.67,40.32
980229,-99.58,68.66,40.32
965879,-99.59,68.67,40.32
987660,-99.58,68.66,40.32
980362,-99.59,68.67,40.32
992125,-99.58,68.66,40.33
988476,-99.59,68.67,40.33
989400,-99.58,68.66,40.32
993198,-99.58,68.66,40.33
990393,-99.58,68.66,40.32
994379,-99.58,68.66,40.33
975971,-99.58,68.66,40.32
984020,-99.58,68.66,40.32
984841,-99.58,68.66,40.32
977197,-99.58,68.66,40.32
630005,-99.58,68.66,40.31
465465,-99.59,68.67,40.31
784391,-99.58,68.66,40.31
638450,-99.59,68.67,40.31
885738,-99.58,68.66,40.31
940033,-99.58,68.66,40.32
788520,-99.59,68.67,40.31
886258,-99.59,68.67,40.32
931032,-99.58,68.66,40.31
961004,-99.58,68.66,40.32
767047,-99.58,68.66,40.31
871765,-99.58,68.66,40.31
1325,-99.59,68.67,40.27
1184,-99.59,68.67,40.27
648,-99.58,68.66,40.27
900,-99.58,68.67,40.27
270,-99.58,68.66,40.26
364,-99.59,68.67,40.26
440,-99.58,68.66,40.27
132,-99.58,68.66,40.26
152,-99.58,68.66,40.26
264,-99.58,68.65,40.27
110,-99.58,68.65,40.26
7643,-99.59,68.66,40.28
6890,-99.58,68.66,40.28
2655,-99.59,68.66,40.27
3751,-99.59,68.67,40.27
1991,-99.58,68.66,40.27
30625,-99.59,68.66,40.29
28945,-99.59,68.67,40.29
23461,-99.59,68.66,40.29
22664,-99.59,68.67,40.29
17544,-99.59,68.66,40.28
16600,-99.58,68.66,40.28
33167,-99.58,68.66,40.29
37092,-99.58,68.66,40.29
28386,-99.58,68.66,40.29
25686,-99.58,68.66,40.29
11515,-99.59,68.67,40.28
10510,-99.59,68.67,40.28
3514,-99.59,68.67,40.27
25515,-99.59,68.67,40.29
26331,-99.59,68.67,40.29
17612,-99.59,68.67,40.28
15879,-99.59,68.67,40.28
16745,-99.59,68.67,40.28
870995,-99.57,68.65,40.34
937244,-99.57,68.66,40.34
859487,-99.57,68.66,40.35
760533,-99.57,68.66,40.35
995748,-99.57,68.66,40.34
986572,-99.57,68.65,40.34
952036,-99.57,68.65,40.34
979412,-99.57,68.66,40.34
964670,-99.56,68.65,40.34
896367,-99.56,68.65,40.34
920644,-99.56,68.65,40.34
795342,-99.56,68.65,40.34
751360,-99.56,68.65,40.34
593987,-99.56,68.65,40.34
563632,-99.56,68.65,40.35
392839,-99.56,68.65,40.35
999891,-99.58,68.66,40.34
998695,-99.58,68.66,40.34
999937,-99.57,68.66,40.34
1000000,-99.58,68.66,40.34
999722,-99.57,68.66,40.34
996686,-99.57,68.66,40.34
989602,-99.57,68.66,40.34
996271,-99.58,68.66,40.34
977101,-99.57,68.66,40.35
970927,-99.57,68.66,40.35
930708,-99.57,68.66,40.35
976295,-99.57,68.66,40.34
935133,-99.57,68.66,40.35
988965,-99.57,68.66,40.34
999792,-99.57,68.66,40.34
999483,-99.57,68.66,40.34
993527,-99.57,68.66,40.34
997909,-99.57,68.66,40.34
999834,-99.57,68.66,40.33
999570,-99.57,68.66,40.34
998626,-99.57,68.65,40.34
999587,-99.57,68.65,40.33
1000000,-99.57,68.66,40.33
999925,-99.57,68.66,40.33
999772,-99.57,68.65,40.33
999851,-99.57,68.65,40.33
999596,-99.58,68.66,40.33
999766,-99.58,68.66,40.33
999883,-99.58,68.66,40.33
1000000,-99.58,68.66,40.34
1000000,-99.57,68.66,40.33
999888,-99.58,68.66,40.33
999910,-99.57,68.66,40.33
1000000,-99.57,68.66,40.34
999928,-99.58,68.66,40.34
999796,-99.57,68.66,40.34
999911,-99.57,68.66,40.33
999633,-99.58,68.66,40.33
1000000,-99.57,68.66,40.33
999788,-99.58,68.66,40.33
999913,-99.57,68.66,40.33
999940,-99.57,68.66,40.33
413417,-99.56,68.65,40.34
237521,-99.56,68.65,40.35
998699,-99.56,68.65,40.33
999186,-99.56,68.65,40.33
999262,-99.56,68.65,40.33
999477,-99.56,68.65,40.33
997136,-99.56,68.65,40.33
998431,-99.56,68.65,40.33
999449,-99.56,68.65,40.33
999641,-99.56,68.65,40.33
925878,-99.56,68.65,40.34
983938,-99.56,68.65,40.33
991769,-99.56,68.65,40.34
975643,-99.56,68.65,40.34
999083,-99.56,68.65,40.33
996233,-99.56,68.65,40.33
834268,-99.56,68.65,40.34
638733,-99.56,68.65,40.34
613202,-99.55,68.65,40.34
833910,-99.56,68.65,40.34
357315,-99.55,68.65,40.34
847312,-99.55,68.65,40.33
950604,-99.56,68.65,40.33
627946,-99.55,68.65,40.33
968868,-99.55,68.65,40.33
859490,-99.55,68.65,40.33
993810,-99.55,68.65,40.33
964023,-99.55,68.65,40.33
46654,-99.56,68.65,40.36
732253,-99.57,68.65,40.35
449643,-99.57,68.66,40.35
224210,-99.57,68.66,40.35
288756,-99.56,68.65,40.35
211227,-99.56,68.65,40.35
97393,-99.56,68.65,40.36
2982,-99.55,68.65,40.35
9411,-99.55,68.65,40.35
23354,-99.55,68.65,40.35
381,-99.54,68.64,40.35
95314,-99.56,68.65,40.35
45197,-99.56,68.65,40.36
11730,-99.55,68.65,40.35
18971,-99.56,68.65,40.36
59,-99.54,68.64,40.35
48858,-99.55,68.64,40.34
23206,-99.55,68.64,40.34
13478,-99.55,68.64,40.34
7111,-99.55,68.64,40.34
396220,-99.56,68.65,40.34
675399,-99.56,68.65,40.34
204310,-99.56,68.65,40.34
428186,-99.56,68.65,40.34
176216,-99.55,68.64,40.34
77834,-99.55,68.64,40.34
12698,-99.55,68.64,40.34
7312,-99.55,68.64,40.35
4048,-99.55,68.64,40.34
2338,-99.55,68.64,40.35
97516,-99.56,68.65,40.34
228188,-99.56,68.65,40.34
35809,-99.55,68.65,40.34
51980,-99.56,68.65,40.35
114466,-99.56,68.65,40.35
19322,-99.55,68.64,40.35
1410,-99.55,68.64,40.34
754,-99.55,68.64,40.35
4045,-99.55,68.64,40.34
2366,-99.55,68.64,40.34
117669,-99.55,68.64,40.34
270953,-99.55,68.64,40.33
21488,-99.55,68.64,40.34
40833,-99.55,68.64,40.33
574464,-99.55,68.64,40.33
857485,-99.55,68.64,40.33
208360,-99.55,68.64,40.33
575911,-99.55,68.64,40.33
6427,-99.55,68.64,40.34
11179,-99.55,68.64,40.33
39157,-99.55,68.64,40.33
115371,-99.55,68.64,40.33
344,-99.55,68.64,40.34
50,-99.54,68.64,40.35
343,-99.55,68.64,40.34
199,-99.55,68.64,40.35
217,-99.54,68.64,40.34
1338,-99.55,68.64,40.34
108,-99.54,68.64,40.34
604,-99.55,68.64,40.34
48,-99.54,68.64,40.34
33,-99.54,68.64,40.34
42,-99.54,68.63,40.34
46,-99.54,68.63,40.34
78,-99.54,68.64,40.35
984,-99.54,68.64,40.33
4509,-99.55,68.64,40.33
419,-99.54,68.64,40.34
2575,-99.55,68.64,40.34
142,-99.54,68.64,40.33
75,-99.54,68.64,40.34
3240,-99.54,68.64,40.33
10740,-99.55,68.64,40.33
2033,-99.54,68.64,40.33
18254,-99.55,68.64,40.33
191,-99.54,68.64,40.33
328,-99.54,68.64,40.33
93,-99.53,68.63,40.35
96,-99.54,68.63,40.33
92,-99.54,68.63,40.34
99,-99.53,68.63,40.34
47,-99.54,68.63,40.33
78,-99.54,68.63,40.33
41,-99.54,68.63,40.34
74,-99.54,68.63,40.34
78,-99.54,68.63,40.34
81,-99.54,68.63,40.34
105,-99.53,68.63,40.34
96,-99.53,68.63,40.33
97,-99.54,68.63,40.33
84,-99.54,68.63,40.33
58,-99.54,68.63,40.33
93,-99.54,68.63,40.33
81,-99.54,68.63,40.33
80,-99.53,68.63,40.33
100,-99.53,68.63,40.33
99,-99.53,68.63,40.33
99,-99.53,68.63,40.33
79,-99.53,68.63,40.33
106,-99.53,68.63,40.34
98,-99.53,68.63,40.33
86,-99.53,68.63,40.33
79,-99.53,68.63,40.34
58,-99.53,68.63,40.35
52,-99.53,68.63,40.33
929067,-99.57,68.66,40.3
875665,-99.57,68.66,40.3
887167,-99.57,68.66,40.3
783233,-99.57,68.66,40.3
922463,-99.57,68.65,40.3
876063,-99.57,68.65,40.3
954352,-99.57,68.66,40.3
922176,-99.57,68.66,40.3
970698,-99.57,68.66,40.31
951072,-99.57,68.66,40.31
969891,-99.57,68.65,40.31
951309,-99.57,68.65,40.3
421818,-99.58,68.66,40.3
579516,-99.58,68.66,40.3
817463,-99.58,68.66,40.3
616043,-99.58,68.66,40.3
891305,-99.58,68.66,40.31
752250,-99.58,68.66,40.31
847590,-99.58,68.66,40.3
907377,-99.58,68.66,40.31
617918,-99.57,68.66,40.3
480026,-99.58,68.66,40.3
649287,-99.57,68.66,40.3
754790,-99.57,68.66,40.3
627852,-99.58,68.66,40.3
771889,-99.57,68.66,40.3
850492,-99.57,68.66,40.3
854753,-99.57,68.66,40.3
908473,-99.57,68.66,40.31
905767,-99.57,68.66,40.31
208565,-99.57,68.65,40.29
351482,-99.57,68.65,40.29
678621,-99.57,68.66,40.3
458651,-99.57,68.66,40.3
809007,-99.57,68.66,40.3
645639,-99.57,68.66,40.3
796911,-99.57,68.65,40.3
673372,-99.57,68.65,40.3
108069,-99.58,68.66,40.29
64198,-99.58,68.66,40.29
280490,-99.58,68.66,40.3
176451,-99.58,68.66,40.3
100531,-99.57,68.66,40.29
76889,-99.58,68.66,40.29
174812,-99.57,68.66,40.29
128154,-99.58,68.66,40.29
129170,-99.57,68.66,40.29
210897,-99.57,68.66,40.29
296527,-99.57,68.66,40.3
207070,-99.58,68.66,40.3
454751,-99.57,68.66,40.3
333826,-99.58,68.66,40.3
335603,-99.57,68.66,40.3
502245,-99.57,68.66,40.3
376726,-99.56,68.65,40.29
302880,-99.56,68.65,40.29
558591,-99.56,68.65,40.29
480437,-99.56,68.65,40.29
284446,-99.56,68.65,40.29
217203,-99.57,68.65,40.29
92408,-99.57,68.65,40.29
446363,-99.56,68.65,40.29
351491,-99.57,68.65,40.29
259674,-99.56,68.65,40.29
420538,-99.56,68.65,40.29
719462,-99.56,68.65,40.3
653725,-99.56,68.65,40.3
835547,-99.56,68.65,40.3
795931,-99.56,68.65,40.3
765489,-99.56,68.65,40.3
618240,-99.56,68.65,40.3
597427,-99.56,68.65,40.3
748278,-99.56,68.65,40.3
191281,-99.56,68.65,40.29
355281,-99.56,68.65,40.29
559151,-99.56,68.65,40.3
734160,-99.56,68.65,40.3
901045,-99.56,68.65,40.3
881814,-99.56,68.65,40.3
941158,-99.56,68.65,40.3
932852,-99.56,68.65,40.3
915016,-99.56,68.65,40.3
860106,-99.56,68.65,40.3
848549,-99.56,68.65,40.3
907482,-99.56,68.65,40.3
981438,-99.56,68.65,40.31
980205,-99.56,68.65,40.31
966228,-99.56,68.65,40.3
963360,-99.56,68.65,40.3
968894,-99.56,68.65,40.31
948306,-99.56,68.65,40.3
966809,-99.56,68.65,40.31
944162,-99.56,68.65,40.3
855121,-99.56,68.65,40.3
919615,-99.56,68.65,40.3
972664,-99.56,68.65,40.31
953392,-99.56,68.65,40.3
18463,-99.57,68.65,40.28
4011,-99.57,68.65,40.28
3305,-99.57,68.65,40.28
15259,-99.57,68.65,40.28
48012,-99.57,68.65,40.29
85138,-99.57,68.65,40.29
41436,-99.57,68.65,40.29
76047,-99.57,68.65,40.29
14748,-99.58,68.66,40.28
43688,-99.58,68.66,40.29
51265,-99.58,68.66,40.29
32428,-99.58,68.66,40.29
35522,-99.58,68.66,40.29
12248,-99.58,68.65,40.28
48041,-99.58,68.65,40.29
1633,-99.57,68.65,40.28
1230,-99.57,68.65,40.28
702,-99.57,68.65,40.28
548,-99.57,68.65,40.28
325,-99.57,68.65,40.27
4735,-99.58,68.66,40.28
1299,-99.58,68.66,40.27
2666,-99.58,68.65,40.28
725,-99.58,68.65,40.27
642,-99.56,68.65,40.28
913,-99.57,68.65,40.28
532,-99.56,68.65,40.28
165,-99.56,68.65,40.28
227,-99.56,68.65,40.28
489,-99.57,68.65,40.28
1091,-99.57,68.65,40.28
579,-99.57,68.65,40.28
1130,-99.57,68.65,40.28
654,-99.57,68.65,40.28
46,-99.56,68.65,40.27
95,-99.56,68.65,40.27
46,-99.56,68.65,40.27
231,-99.57,68.65,40.27
411,-99.56,68.65,40.28
309,-99.56,68.64,40.28
122,-99.56,68.65,40.28
85,-99.56,68.64,40.28
36,-99.56,68.65,40.27
29,-99.56,68.64,40.27
26,-99.56,68.64,40.27
2032,-99.56,68.65,40.28
2743,-99.57,68.65,40.28
10685,-99.56,68.65,40.28
11386,-99.56,68.65,40.28
1620,-99.56,68.65,40.28
6342,-99.56,68.65,40.28
3146,-99.57,68.65,40.28
11881,-99.57,68.65,40.28
3304,-99.57,68.65,40.28
8891,-99.57,68.65,40.28
47653,-99.56,68.65,40.29
39015,-99.56,68.65,40.29
36107,-99.56,68.65,40.29
114305,-99.56,68.65,40.29
76442,-99.56,68.65,40.29
82752,-99.56,68.65,40.29
33181,-99.57,68.65,40.29
62599,-99.57,68.65,40.29
31047,-99.57,68.65,40.29
53908,-99.57,68.65,40.29
1178,-99.56,68.65,40.28
3645,-99.56,68.65,40.28
907,-99.56,68.64,40.28
2764,-99.56,68.64,40.28
16271,-99.56,68.65,40.29
9375,-99.56,68.64,40.29
48572,-99.56,68.65,40.29
31943,-99.56,68.64,40.29
994845,-99.57,68.66,40.31
989008,-99.57,68.66,40.31
997769,-99.57,68.66,40.32
995170,-99.57,68.66,40.32
995275,-99.57,68.65,40.31
998238,-99.57,68.65,40.32
982297,-99.57,68.66,40.31
967856,-99.57,68.66,40.31
989794,-99.57,68.66,40.31
981042,-99.57,68.66,40.31
990188,-99.57,68.65,40.31
982318,-99.57,68.65,40.31
972227,-99.58,68.66,40.31
947453,-99.58,68.66,40.31
981488,-99.58,68.66,40.32
966099,-99.58,68.66,40.32
983428,-99.58,68.66,40.32
974316,-99.58,68.66,40.31
957922,-99.58,68.66,40.31
913223,-99.58,68.66,40.31
934768,-99.58,68.66,40.31
854771,-99.58,68.66,40.31
942425,-99.58,68.66,40.31
961884,-99.58,68.66,40.31
984124,-99.57,68.66,40.32
974114,-99.57,68.66,40.31
973606,-99.57,68.66,40.31
984289,-99.57,68.66,40.32
940673,-99.57,68.66,40.31
937289,-99.57,68.66,40.31
960287,-99.57,68.66,40.31
958246,-99.57,68.66,40.31
999827,-99.57,68.65,40.33
999559,-99.57,68.66,40.32
998405,-99.57,68.66,40.32
999724,-99.57,68.66,40.32
999412,-99.57,68.66,40.32
999617,-99.57,68.65,40.32
999537,-99.57,68.65,40.32
999693,-99.57,68.65,40.32
992101,-99.58,68.66,40.32
996029,-99.58,68.66,40.33
986592,-99.58,68.66,40.32
978348,-99.58,68.66,40.32
999395,-99.57,68.66,40.33
998085,-99.58,68.66,40.33
999385,-99.57,68.66,40.33
999086,-99.57,68.66,40.32
993842,-99.58,68.66,40.32
999042,-99.57,68.66,40.32
979017,-99.58,68.66,40.32
996090,-99.57,68.66,40.32
988212,-99.58,68.66,40.32
991208,-99.57,68.66,40.32
997059,-99.57,68.66,40.32
991869,-99.57,68.66,40.32
999196,-99.56,68.65,40.33
999326,-99.56,68.65,40.32
998644,-99.56,68.65,40.32
998393,-99.56,68.65,40.33
999687,-99.56,68.65,40.33
999800,-99.57,68.65,40.33
999356,-99.56,68.65,40.33
999698,-99.56,68.65,40.32
999577,-99.57,68.65,40.32
999421,-99.56,68.65,40.32
999265,-99.56,68.65,40.32
999341,-99.56,68.65,40.32
998656,-99.56,68.65,40.32
998700,-99.56,68.65,40.32
999432,-99.56,68.65,40.32
999585,-99.56,68.65,40.32
999187,-99.56,68.65,40.32
999334,-99.56,68.65,40.32
997252,-99.56,68.65,40.32
996763,-99.56,68.65,40.33
997406,-99.56,68.65,40.32
997349,-99.56,68.65,40.32
999108,-99.56,68.65,40.32
998280,-99.56,68.65,40.31
997572,-99.56,68.65,40.31
998482,-99.56,68.65,40.32
995424,-99.56,68.65,40.31
998572,-99.56,68.65,40.32
998685,-99.56,68.65,40.32
995203,-99.56,68.65,40.31
995229,-99.56,68.65,40.31
994040,-99.56,68.65,40.31
990103,-99.56,68.65,40.31
988850,-99.56,68.65,40.31
990072,-99.56,68.65,40.31
981787,-99.56,68.65,40.31
989488,-99.56,68.65,40.31
980625,-99.56,68.65,40.31
994976,-99.56,68.65,40.31
997216,-99.56,68.65,40.32
989577,-99.56,68.65,40.31
982580,-99.56,68.65,40.31
954435,-99.55,68.64,40.33
981184,-99.55,68.64,40.33
969810,-99.55,68.64,40.32
989836,-99.55,68.64,40.32
879728,-99.55,68.64,40.32
829342,-99.55,68.64,40.33
968404,-99.55,68.64,40.32
988610,-99.55,68.64,40.32
975613,-99.55,68.64,40.32
992330,-99.55,68.64,40.32
918951,-99.55,68.64,40.32
884874,-99.55,68.64,40.32
601617,-99.55,68.64,40.32
462541,-99.55,68.64,40.33
76593,-99.55,68.64,40.33
150587,-99.55,68.64,40.32
750545,-99.55,68.64,40.32
624304,-99.55,68.64,40.32
214879,-99.55,68.64,40.32
389715,-99.55,68.64,40.32
976465,-99.55,68.64,40.31
986927,-99.55,68.64,40.31
977349,-99.55,68.64,40.32
990961,-99.55,68.64,40.32
930586,-99.55,68.64,40.32
932664,-99.55,68.64,40.31
951807,-99.55,68.64,40.31
962468,-99.55,68.64,40.31
966487,-99.55,68.64,40.31
976570,-99.55,68.64,40.31
921659,-99.55,68.64,40.31
895162,-99.55,68.64,40.31
7305,-99.54,68.64,40.33
260,-99.54,68.64,40.33
1345,-99.54,68.64,40.32
18286,-99.54,68.64,40.32
343665,-99.54,68.64,40.31
340905,-99.54,68.64,40.31
82574,-99.54,68.64,40.31
86673,-99.54,68.64,40.31
808890,-99.55,68.64,40.31
769694,-99.55,68.64,40.31
511479,-99.55,68.64,40.31
536340,-99.55,68.64,40.31
247880,-99.54,68.64,40.32
48030,-99.54,68.64,40.32
303778,-99.54,68.64,40.31
68679,-99.54,68.64,40.31
795267,-99.55,68.64,40.32
811910,-99.55,68.64,40.31
483399,-99.55,68.64,40.32
516695,-99.55,68.64,40.31
4783,-99.54,68.64,40.32
47720,-99.54,68.64,40.32
96611,-99.54,68.64,40.32
14361,-99.54,68.64,40.32
3943,-99.54,68.63,40.32
6197,-99.54,68.63,40.31
424,-99.54,68.63,40.31
300,-99.54,68.63,40.32
7933,-99.54,68.63,40.31
8654,-99.54,68.63,40.31
510,-99.54,68.63,40.31
551,-99.54,68.63,40.31
142128,-99.55,68.64,40.29
128696,-99.55,68.64,40.29
27393,-99.55,68.64,40.29
48173,-99.55,68.64,40.29
11526,-99.55,68.64,40.29
277378,-99.55,68.64,40.29
252728,-99.55,68.64,40.29
114387,-99.55,68.64,40.29
628901,-99.55,68.64,40.3
621669,-99.55,68.64,40.3
462047,-99.55,68.64,40.29
447979,-99.55,68.64,40.29
389081,-99.55,68.64,40.3
239510,-99.55,68.64,40.29
16735,-99.55,68.64,40.29
5136,-99.55,68.64,40.29
41003,-99.55,68.64,40.29
5243,-99.55,68.64,40.29
2891,-99.55,68.64,40.29
16332,-99.55,68.64,40.29
187558,-99.55,68.64,40.3
99558,-99.55,68.64,40.29
39034,-99.55,68.64,40.29
83063,-99.55,68.64,40.3
852452,-99.55,68.64,40.3
863022,-99.55,68.64,40.3
762567,-99.55,68.64,40.3
772276,-99.55,68.64,40.3
673112,-99.55,68.64,40.3
547141,-99.55,68.64,40.3
900164,-99.55,68.64,40.3
908587,-99.55,68.64,40.3
928895,-99.55,68.64,40.31
942449,-99.55,68.64,40.31
779670,-99.55,68.64,40.3
850226,-99.55,68.64,40.31
1484,-99.55,68.64,40.29
907,-99.55,68.64,40.29
382,-99.54,68.64,40.29
493,-99.55,68.63,40.29
4724,-99.55,68.64,40.29
1064,-99.54,68.64,40.29
82,-99.54,68.63,40.29
172,-99.54,68.63,40.29
27,-99.54,68.63,40.29
44,-99.54,68.63,40.29
92353,-99.54,68.64,40.3
20871,-99.54,68.64,40.3
150421,-99.54,68.64,40.3
37889,-99.54,68.64,40.3
14045,-99.55,68.64,40.29
2792,-99.54,68.64,40.29
29611,-99.55,68.64,40.3
6587,-99.54,68.64,40.3
435368,-99.55,68.64,40.3
323644,-99.55,68.64,40.3
146506,-99.55,68.64,40.3
224781,-99.55,68.64,40.3
229018,-99.54,68.64,40.3
303937,-99.54,68.64,40.31
57905,-99.54,68.64,40.3
76836,-99.54,68.64,40.31
573870,-99.55,68.64,40.3
687037,-99.55,68.64,40.31
335781,-99.55,68.64,40.3
434170,-99.55,68.64,40.31
1983,-99.54,68.63,40.3
194,-99.54,68.63,40.3
292,-99.54,68.63,40.3
3632,-99.54,68.63,40.3
385,-99.54,68.63,40.29
68,-99.54,68.63,40.29
781,-99.54,68.63,40.3
113,-99.54,68.63,40.3
406,-99.54,68.63,40.3
5836,-99.54,68.63,40.3
7897,-99.54,68.63,40.31
519,-99.54,68.63,40.31
218,-99.56,68.64,40.28
53,-99.56,68.64,40.28
33,-99.55,68.64,40.28
133,-99.55,68.64,40.28
61,-99.55,68.64,40.28
639,-99.56,68.64,40.28
1769,-99.56,68.64,40.28
397,-99.55,68.64,40.28
1118,-99.55,68.64,40.28
5575,-99.56,68.64,40.29
3402,-99.55,68.64,40.29
19663,-99.56,68.64,40.29
11924,-99.55,68.64,40.29
222,-99.55,68.64,40.28
636,-99.55,68.64,40.28
105,-99.55,68.64,40.28
334,-99.55,68.64,40.28
1895,-99.55,68.64,40.29
5528,-99.55,68.64,40.29
1083,-99.55,68.64,40.29
3559,-99.55,68.64,40.29
41,-99.55,68.63,40.28
131,-99.55,68.63,40.28
62,-99.55,68.63,40.28
417,-99.55,68.63,40.29
1163,-99.55,68.63,40.29
208,-99.55,68.63,40.29
667,-99.55,68.63,40.29
59,-99.54,68.63,40.29
10761,-99.56,68.65,40.36
93,-99.54,68.63,40.33
100,-99.54,68.63,40.33
100,-99.54,68.63,40.32
102,-99.54,68.63,40.32
103,-99.54,68.63,40.33
79,-99.54,68.63,40.33
80,-99.54,68.63,40.32
172,-99.54,68.63,40.32
107,-99.54,68.63,40.32
107,-99.54,68.63,40.32
105,-99.54,68.63,40.32
109,-99.54,68.63,40.32
69,-99.54,68.63,40.32
431,-99.54,68.63,40.32
1275,-99.54,68.63,40.32
124,-99.54,68.63,40.32
98,-99.53,68.63,40.32
101,-99.53,68.63,40.32
100,-99.53,68.63,40.32
45,-99.53,68.62,40.33
81,-99.53,68.63,40.32
41,-99.53,68.62,40.32
82,-99.53,68.63,40.32
86,-99.53,68.63,40.32
29,-99.53,68.62,40.32
27,-99.52,68.62,40.33
107,-99.54,68.63,40.31
105,-99.54,68.63,40.32
103,-99.54,68.63,40.31
107,-99.54,68.63,40.32
88,-99.53,68.63,40.31
95,-99.53,68.63,40.32
109,-99.54,68.63,40.31
111,-99.54,68.63,40.31
91,-99.54,68.63,40.31
96,-99.54,68.63,40.31
70,-99.53,68.63,40.31
79,-99.53,68.63,40.31
31,-99.53,68.62,40.32
63,-99.53,68.63,40.31
73,-99.53,68.63,40.32
25,-99.53,68.62,40.31
46,-99.53,68.63,40.31
54,-99.53,68.63,40.31
26,-99.54,68.63,40.29
72,-99.54,68.63,40.3
84,-99.54,68.63,40.3
39,-99.54,68.63,40.29
27,-99.54,68.63,40.29
53,-99.54,68.63,40.3
37,-99.54,68.63,40.3
37,-99.53,68.63,40.3
57,-99.54,68.63,40.3
70,-99.54,68.63,40.3
97,-99.54,68.63,40.3
78,-99.54,68.63,40.3
107,-99.54,68.63,40.31
83,-99.54,68.63,40.31
54,-99.53,68.63,40.3
60,-99.53,68.63,40.31
38,-99.53,68.63,40.31
34,-99.53,68.63,40.3
202,-99.57,68.65,40.27
75,-99.57,68.65,40.26
82,-99.56,68.65,40.27
188,-99.57,68.65,40.27
53,-99.56,68.64,40.27
57,-99.57,68.65,40.26
989170,-99.59,68.67,40.33
986381,-99.59,68.67,40.33
979247,-99.59,68.67,40.33
958009,-99.59,68.67,40.33
743323,-99.59,68.67,40.33
991164,-99.59,68.67,40.33
991730,-99.59,68.67,40.34
998116,-99.59,68.67,40.34
994973,-99.58,68.66,40.33
992809,-99.59,68.67,40.33
996939,-99.58,68.66,40.33
995247,-99.59,68.67,40.33
998876,-99.58,68.67,40.34
998332,-99.58,68.66,40.33
996553,-99.59,68.67,40.33
995925,-99.58,68.66,40.33
997115,-99.58,68.66,40.33
997900,-99.58,68.66,40.33
999051,-99.58,68.66,40.33
999272,-99.58,68.66,40.33
999608,-99.58,68.66,40.33
999512,-99.58,68.66,40.34
997631,-99.59,68.67,40.34
999913,-99.58,68.67,40.34
999783,-99.58,68.66,40.34
999734,-99.58,68.66,40.34
1000000,-99.58,68.66,40.34
1000000,-99.58,68.66,40.34
999903,-99.58,68.66,40.34
1000000,-99.58,68.67,40.34
999710,-99.58,68.67,40.34
999815,-99.58,68.66,40.34
999175,-99.58,68.67,40.35
952880,-99.58,68.66,40.35
385208,-99.58,68.66,40.36
211665,-99.57,68.66,40.36
940698,-99.58,68.66,40.35
884609,-99.58,68.66,40.35
649576,-99.58,68.66,40.35
832708,-99.57,68.66,40.35
592137,-99.57,68.65,40.35
409399,-99.57,68.66,40.36
134217,-99.6,68.68,40.31
182465,-99.6,68.68,40.32
257232,-99.6,68.68,40.32
392905,-99.6,68.68,40.33
841725,-99.59,68.67,40.32
714392,-99.59,68.67,40.32
913670,-99.59,68.67,40.32
833211,-99.59,68.67,40.32
624416,-99.59,68.67,40.32
380219,-99.59,68.68,40.32
952569,-99.59,68.67,40.32
912813,-99.59,68.67,40.32
970127,-99.59,68.67,40.33
944360,-99.59,68.67,40.33
577220,-99.59,68.67,40.33
296984,-99.59,68.67,40.31
215542,-99.59,68.67,40.31
419357,-99.59,68.67,40.31
295233,-99.59,68.67,40.31
573999,-99.59,68.67,40.31
722244,-99.59,68.67,40.32
413284,-99.59,68.67,40.31
551247,-99.59,68.67,40.32
171885,-99.59,68.67,40.31
221231,-99.59,68.67,40.31
147585,-99.59,68.67,40.31
185214,-99.59,68.67,40.31
168482,-99.59,68.68,40.31
294926,-99.59,68.67,40.31
391594,-99.59,68.67,40.32
231997,-99.59,68.67,40.31
245669,-99.59,68.68,40.32
95792,-99.59,68.66,40.3
75700,-99.59,68.67,40.3
70894,-99.59,68.66,40.3
58316,-99.59,68.67,40.3
54114,-99.59,68.66,40.29
47639,-99.59,68.67,40.29
41249,-99.59,68.66,40.29
37792,-99.59,68.67,40.29
65743,-99.58,68.66,40.29
46767,-99.58,68.66,40.29
80379,-99.58,68.66,40.29
54175,-99.58,68.66,40.29
133622,-99.58,68.66,40.3
93362,-99.58,68.66,40.3
181599,-99.58,68.66,40.3
121721,-99.58,68.66,40.3
282303,-99.59,68.66,40.3
199881,-99.59,68.67,40.3
401796,-99.59,68.66,40.31
286746,-99.59,68.67,40.31
136719,-99.59,68.66,40.3
193242,-99.59,68.66,40.3
102958,-99.59,68.67,40.3
142095,-99.59,68.67,40.3
197678,-99.58,68.66,40.3
283869,-99.58,68.66,40.3
272571,-99.58,68.66,40.3
386576,-99.58,68.66,40.3
407604,-99.58,68.66,40.3
545933,-99.58,68.66,40.31
527785,-99.58,68.66,40.3
658378,-99.58,68.66,40.31
101804,-99.6,68.68,40.31
75311,-99.6,68.68,40.3
52684,-99.6,68.68,40.3
38798,-99.6,68.68,40.29
65606,-99.59,68.67,40.3
60865,-99.59,68.67,40.3
52558,-99.59,68.67,40.3
50342,-99.59,68.67,40.3
53789,-99.59,68.67,40.3
59938,-99.59,68.68,40.3
43837,-99.59,68.67,40.29
42974,-99.59,68.67,40.29
36217,-99.59,68.67,40.29
35179,-99.59,68.67,40.29
39478,-99.59,68.67,40.29
40963,-99.59,68.67,40.29
151762,-99.59,68.67,40.31
124554,-99.59,68.67,40.3
207108,-99.59,68.67,40.31
162578,-99.59,68.67,40.31
111689,-99.59,68.67,40.31
139428,-99.59,68.67,40.31
126234,-99.59,68.67,40.31
103221,-99.59,68.67,40.31
124346,-99.59,68.68,40.31
85710,-99.59,68.67,40.3
113624,-99.59,68.67,40.3
76057,-99.59,68.67,40.3
98124,-99.59,68.67,40.3
80825,-99.59,68.67,40.3
90614,-99.59,68.68,40.3
948607,-99.59,68.66,40.32
915488,-99.59,68.67,40.32
967486,-99.59,68.66,40.32
950199,-99.59,68.67,40.32
978137,-99.59,68.66,40.32
969438,-99.59,68.67,40.32
984597,-99.59,68.66,40.33
979685,-99.59,68.67,40.33
978782,-99.58,68.66,40.32
984988,-99.58,68.66,40.33
980166,-99.58,68.66,40.32
986936,-99.58,68.66,40.33
957929,-99.58,68.66,40.32
970585,-99.58,68.66,40.32
971376,-99.58,68.66,40.32
958827,-99.58,68.66,40.32
556582,-99.59,68.66,40.31
418915,-99.59,68.67,40.31
706041,-99.59,68.66,40.31
572058,-99.59,68.67,40.31
828540,-99.59,68.66,40.31
905917,-99.59,68.66,40.32
726773,-99.59,68.67,40.31
841614,-99.59,68.67,40.32
888411,-99.58,68.66,40.31
932990,-99.58,68.66,40.32
909960,-99.58,68.66,40.31
939390,-99.58,68.66,40.32
692111,-99.58,68.66,40.31
806352,-99.58,68.66,40.31
776123,-99.58,68.66,40.31
853393,-99.58,68.66,40.31
1233,-99.6,68.67,40.27
470,-99.6,68.67,40.26
876,-99.59,68.66,40.27
1161,-99.59,68.67,40.27
419,-99.59,68.67,40.26
46,-99.58,68.66,40.26
768,-99.59,68.66,40.27
623,-99.59,68.66,40.27
271,-99.59,68.66,40.26
340,-99.59,68.67,40.26
330,-99.59,68.66,40.26
71,-99.58,68.65,40.26
481,-99.58,68.65,40.27
198,-99.58,68.65,40.26
395,-99.58,68.65,40.27
177,-99.58,68.65,40.26
6974,-99.59,68.66,40.28
5781,-99.59,68.66,40.28
2185,-99.59,68.66,40.27
1825,-99.59,68.66,40.27
28660,-99.59,68.66,40.29
15793,-99.59,68.66,40.28
15316,-99.59,68.66,40.28
33385,-99.59,68.66,40.29
21670,-99.6,68.68,40.29
23094,-99.6,68.68,40.29
14407,-99.6,68.68,40.28
8223,-99.6,68.68,40.28
3311,-99.6,68.67,40.27
7309,-99.59,68.66,40.28
8063,-99.6,68.67,40.28
8699,-99.6,68.67,40.28
2353,-99.59,68.66,40.27
3044,-99.59,68.67,40.27
3284,-99.6,68.67,40.27
25607,-99.59,68.67,40.29
23484,-99.6,68.67,40.29
15556,-99.59,68.67,40.28
15076,-99.6,68.67,40.28
85375,-99.57,68.66,40.36
41,-99.59,68.67,40.25
94,-99.58,68.65,40.25
897293,-99.57,68.65,40.34
950458,-99.57,68.65,40.34
766379,-99.57,68.65,40.35
872966,-99.57,68.65,40.35
996291,-99.57,68.65,40.34
987991,-99.57,68.65,40.34
961295,-99.57,68.65,40.34
983645,-99.57,68.65,40.34
970938,-99.57,68.65,40.34
918481,-99.57,68.65,40.34
936147,-99.56,68.65,40.34
837799,-99.56,68.65,40.34
801087,-99.57,68.65,40.34
655794,-99.56,68.65,40.34
609410,-99.57,68.65,40.35
432565,-99.56,68.65,40.35
999903,-99.58,68.66,40.34
1000000,-99.58,68.66,40.34
999735,-99.58,68.66,40.34
999903,-99.58,68.66,40.34
997959,-99.58,68.66,40.34
988953,-99.58,68.66,40.35
999718,-99.58,68.66,40.34
990017,-99.58,68.66,40.35
981866,-99.57,68.66,40.34
950099,-99.57,68.66,40.35
993071,-99.57,68.66,40.34
973732,-99.57,68.66,40.35
999720,-99.57,68.66,40.34
999350,-99.57,68.66,40.34
994632,-99.57,68.66,40.34
999180,-99.57,68.66,40.34
999750,-99.57,68.65,40.33
999485,-99.57,68.65,40.34
998773,-99.57,68.65,40.34
999414,-99.57,68.65,40.33
999893,-99.57,68.65,40.33
999864,-99.57,68.65,40.33
999671,-99.57,68.65,40.33
999785,-99.57,68.65,40.33
998665,-99.58,68.66,40.33
999421,-99.58,68.66,40.33
999659,-99.58,68.66,40.33
999807,-99.58,68.66,40.34
999851,-99.57,68.66,40.33
999718,-99.58,68.66,40.33
999741,-99.57,68.66,40.33
999820,-99.57,68.66,40.34
999779,-99.58,68.66,40.34
999615,-99.57,68.66,40.34
999644,-99.57,68.66,40.33
999184,-99.58,68.66,40.33
999766,-99.57,68.66,40.33
999473,-99.58,68.66,40.33
999626,-99.57,68.66,40.33
999717,-99.57,68.66,40.33
465206,-99.56,68.65,40.34
256382,-99.56,68.65,40.35
998296,-99.56,68.65,40.33
998841,-99.56,68.65,40.33
998904,-99.56,68.65,40.33
999215,-99.56,68.65,40.33
990508,-99.56,68.65,40.33
997800,-99.56,68.65,40.33
999241,-99.57,68.65,40.33
999513,-99.57,68.65,40.33
940834,-99.56,68.65,40.34
984018,-99.56,68.65,40.33
992404,-99.57,68.65,40.34
978665,-99.56,68.65,40.34
998765,-99.57,68.65,40.33
996510,-99.56,68.65,40.33
865544,-99.56,68.65,40.34
699295,-99.56,68.65,40.34
652184,-99.56,68.65,40.34
863691,-99.56,68.65,40.34
378790,-99.55,68.64,40.34
859860,-99.56,68.65,40.33
952476,-99.56,68.65,40.33
649317,-99.55,68.64,40.33
957526,-99.56,68.65,40.33
856179,-99.55,68.64,40.33
988278,-99.56,68.65,40.33
954683,-99.55,68.64,40.33
98449,-99.57,68.66,40.36
46565,-99.57,68.65,40.36
36893,-99.57,68.65,40.36
594844,-99.57,68.65,40.35
332971,-99.57,68.65,40.35
293779,-99.57,68.65,40.35
122279,-99.57,68.65,40.35
3340,-99.55,68.65,40.35
17375,-99.56,68.64,40.35
8550,-99.56,68.64,40.35
9525,-99.56,68.65,40.36
259,-99.55,68.64,40.35
313,-99.55,68.64,40.35
193,-99.55,68.64,40.35
94316,-99.56,68.65,40.35
41271,-99.56,68.65,40.35
1715,-99.55,68.65,40.35
4117,-99.56,68.65,40.36
128,-99.55,68.64,40.36
17506,-99.56,68.64,40.36
53,-99.55,68.64,40.35
53,-99.54,68.64,40.35
61,-99.54,68.64,40.35
85,-99.54,68.64,40.35
85,-99.54,68.64,40.35
72,-99.54,68.64,40.36
77,-99.54,68.64,40.36
47172,-99.55,68.64,40.34
21735,-99.55,68.64,40.34
11694,-99.55,68.64,40.34
6459,-99.55,68.64,40.34
433840,-99.56,68.65,40.34
727537,-99.56,68.65,40.34
212304,-99.56,68.65,40.34
499201,-99.56,68.65,40.34
187020,-99.56,68.64,40.34
69358,-99.56,68.64,40.34
11367,-99.55,68.64,40.34
6314,-99.55,68.64,40.35
3614,-99.55,68.64,40.34
2032,-99.55,68.64,40.35
93134,-99.56,68.65,40.34
268173,-99.56,68.65,40.34
30890,-99.56,68.64,40.34
44691,-99.56,68.65,40.35
134444,-99.56,68.65,40.35
16013,-99.56,68.64,40.35
1159,-99.55,68.64,40.34
650,-99.55,68.64,40.35
3305,-99.55,68.64,40.34
1938,-99.55,68.64,40.34
119006,-99.55,68.64,40.34
296021,-99.55,68.64,40.33
20158,-99.55,68.64,40.34
51227,-99.55,68.64,40.33
603196,-99.55,68.64,40.33
843926,-99.55,68.64,40.33
231689,-99.55,68.64,40.33
586228,-99.55,68.64,40.33
5377,-99.55,68.64,40.34
10222,-99.55,68.64,40.33
36605,-99.55,68.64,40.33
108498,-99.55,68.64,40.33
51,-99.54,68.64,40.34
300,-99.55,68.64,40.34
182,-99.55,68.64,40.35
206,-99.54,68.64,40.34
1124,-99.55,68.64,40.34
107,-99.54,68.64,40.34
557,-99.55,68.64,40.34
51,-99.54,68.64,40.34
37,-99.54,68.64,40.34
42,-99.54,68.63,40.34
77,-99.54,68.63,40.34
47,-99.54,68.63,40.34
81,-99.54,68.63,40.34
75,-99.54,68.63,40.34
820,-99.54,68.64,40.33
3666,-99.55,68.64,40.33
393,-99.54,68.64,40.34
2054,-99.55,68.64,40.34
136,-99.54,68.64,40.33
78,-99.54,68.64,40.34
2415,-99.54,68.64,40.33
8795,-99.55,68.64,40.33
1963,-99.54,68.64,40.33
15564,-99.55,68.64,40.33
211,-99.54,68.64,40.33
278,-99.54,68.64,40.33
81,-99.54,68.63,40.35
68,-99.54,68.63,40.35
46,-99.53,68.63,40.35
38,-99.53,68.63,40.35
92,-99.54,68.63,40.34
96,-99.54,68.63,40.33
98,-99.54,68.63,40.34
47,-99.54,68.63,40.33
76,-99.54,68.63,40.33
42,-99.54,68.63,40.34
74,-99.54,68.63,40.34
99,-99.54,68.63,40.34
96,-99.54,68.63,40.33
96,-99.54,68.63,40.33
78,-99.54,68.63,40.33
58,-99.54,68.63,40.33
92,-99.54,68.63,40.33
76,-99.54,68.63,40.33
82,-99.53,68.63,40.33
100,-99.54,68.63,40.33
96,-99.53,68.63,40.33
99,-99.54,68.63,40.33
78,-99.53,68.63,40.33
100,-99.54,68.63,40.33
86,-99.53,68.63,40.33
101,-99.54,68.63,40.34
93,-99.53,68.63,40.34
37,-99.53,68.63,40.34
71,-99.53,68.63,40.34
27,-99.53,68.63,40.34
60,-99.53,68.62,40.34
55,-99.53,68.62,40.33
58,-99.53,68.63,40.33
52,-99.53,68.63,40.34
28,-99.52,68.62,40.33
53,-99.54,68.63,40.36
17091,-99.57,68.65,40.36
42327,-99.57,68.66,40.36
8821,-99.56,68.64,40.36
761264,-99.57,68.65,40.3
892477,-99.57,68.65,40.31
330844,-99.58,68.66,40.3
462240,-99.58,68.66,40.3
360007,-99.58,68.66,40.3
494310,-99.58,68.66,40.3
725420,-99.58,68.66,40.31
521530,-99.58,68.65,40.3
740719,-99.58,68.65,40.31
146413,-99.57,68.65,40.29
242907,-99.57,68.65,40.29
138400,-99.57,68.65,40.29
233469,-99.57,68.65,40.29
526032,-99.57,68.65,40.3
94894,-99.58,68.66,40.29
109082,-99.58,68.66,40.29
61959,-99.58,68.66,40.29
70245,-99.58,68.66,40.29
222822,-99.58,68.66,40.3
144195,-99.58,68.66,40.3
157196,-99.58,68.66,40.3
251398,-99.58,68.66,40.3
116561,-99.58,68.65,40.29
277702,-99.58,68.65,40.3
231682,-99.56,68.65,40.29
168454,-99.56,68.65,40.29
386017,-99.56,68.65,40.29
297587,-99.56,68.65,40.29
202800,-99.57,68.65,40.29
558724,-99.56,68.65,40.3
475866,-99.56,68.65,40.3
715881,-99.56,68.65,40.3
653153,-99.56,68.65,40.3
470141,-99.57,68.65,40.3
111592,-99.56,68.65,40.29
208106,-99.56,68.65,40.29
81767,-99.56,68.64,40.29
143990,-99.56,68.64,40.29
393357,-99.56,68.65,40.3
574361,-99.56,68.65,40.3
300586,-99.56,68.64,40.3
454795,-99.56,68.64,40.3
826792,-99.56,68.65,40.3
792639,-99.56,68.65,40.3
895158,-99.56,68.65,40.3
878878,-99.56,68.65,40.3
735752,-99.57,68.65,40.3
965475,-99.56,68.65,40.31
961414,-99.56,68.65,40.31
939572,-99.56,68.65,40.3
931729,-99.56,68.65,40.3
886942,-99.57,68.65,40.31
738372,-99.56,68.65,40.3
843799,-99.56,68.65,40.3
618762,-99.56,68.64,40.3
745892,-99.56,68.64,40.3
940091,-99.56,68.65,40.31
902227,-99.56,68.65,40.3
819614,-99.56,68.64,40.3
875766,-99.56,68.64,40.31
8866,-99.57,68.65,40.28
42156,-99.57,68.65,40.29
13267,-99.58,68.65,40.28
37647,-99.58,68.65,40.29
10484,-99.58,68.65,40.28
35873,-99.58,68.65,40.29
1686,-99.57,68.65,40.28
538,-99.57,68.65,40.27
4133,-99.58,68.65,40.28
1359,-99.58,68.65,40.27
2814,-99.58,68.65,40.28
982,-99.58,68.65,40.27
874,-99.56,68.65,40.28
1476,-99.57,68.65,40.28
226,-99.56,68.65,40.27
496,-99.57,68.65,40.27
683,-99.56,68.64,40.28
176,-99.56,68.64,40.27
4559,-99.56,68.65,40.28
6231,-99.57,68.65,40.28
39956,-99.56,68.65,40.29
32167,-99.57,68.65,40.29
3090,-99.56,68.64,40.28
17403,-99.56,68.64,40.29
985296,-99.57,68.65,40.32
955696,-99.57,68.65,40.31
940410,-99.58,68.66,40.32
869803,-99.58,68.66,40.31
943270,-99.58,68.65,40.32
874344,-99.58,68.65,40.31
999331,-99.57,68.65,40.33
998962,-99.57,68.65,40.32
999141,-99.57,68.65,40.33
998812,-99.57,68.65,40.32
998466,-99.57,68.65,40.32
981115,-99.58,68.66,40.32
988591,-99.58,68.66,40.33
990835,-99.58,68.66,40.33
983146,-99.58,68.66,40.32
970217,-99.58,68.66,40.32
954874,-99.58,68.66,40.32
971868,-99.58,68.66,40.32
955677,-99.58,68.66,40.32
994940,-99.58,68.65,40.33
977503,-99.58,68.65,40.32
998705,-99.56,68.65,40.33
998876,-99.56,68.65,40.32
997731,-99.56,68.65,40.32
997405,-99.56,68.65,40.33
998792,-99.57,68.65,40.33
998677,-99.56,68.65,40.32
998791,-99.56,68.65,40.32
997632,-99.56,68.65,40.32
997708,-99.56,68.65,40.32
998146,-99.57,68.65,40.32
994524,-99.56,68.65,40.32
990234,-99.56,68.65,40.33
956803,-99.56,68.64,40.33
967665,-99.56,68.64,40.32
993864,-99.56,68.65,40.32
993426,-99.56,68.65,40.32
970609,-99.56,68.64,40.32
967183,-99.56,68.64,40.32
998305,-99.56,68.65,40.32
995364,-99.56,68.65,40.31
992553,-99.56,68.65,40.31
996642,-99.56,68.65,40.32
987412,-99.57,68.65,40.32
989166,-99.56,68.65,40.31
985863,-99.56,68.65,40.31
980179,-99.56,68.65,40.31
976486,-99.56,68.65,40.31
957028,-99.57,68.65,40.31
985173,-99.56,68.65,40.31
990433,-99.56,68.65,40.32
959339,-99.56,68.64,40.31
967584,-99.56,68.64,40.32
975729,-99.56,68.65,40.31
961788,-99.56,68.65,40.31
914888,-99.56,68.64,40.31
941556,-99.56,68.64,40.31
838936,-99.55,68.64,40.33
876213,-99.55,68.64,40.32
256995,-99.55,68.64,40.33
414430,-99.55,68.64,40.32
885894,-99.55,68.64,40.32
834849,-99.55,68.64,40.31
7791,-99.55,68.63,40.33
206205,-99.55,68.64,40.31
203646,-99.55,68.64,40.31
48437,-99.54,68.64,40.31
50060,-99.54,68.64,40.31
495026,-99.55,68.64,40.31
149111,-99.54,68.64,40.32
28866,-99.54,68.64,40.32
185522,-99.55,68.64,40.31
41048,-99.54,68.64,40.31
519885,-99.55,68.64,40.32
29934,-99.55,68.63,40.32
2685,-99.54,68.63,40.32
4120,-99.54,68.63,40.31
305,-99.54,68.63,40.31
206,-99.54,68.63,40.32
5148,-99.54,68.63,40.31
5614,-99.54,68.63,40.31
373,-99.54,68.63,40.31
412,-99.54,68.63,40.31
73212,-99.55,68.64,40.29
246730,-99.55,68.64,40.3
15868,-99.55,68.64,40.29
59854,-99.55,68.64,40.3
494716,-99.55,68.64,40.3
707217,-99.55,68.64,40.31
2804,-99.55,68.63,40.29
199,-99.54,68.63,40.29
53407,-99.55,68.64,40.3
13485,-99.54,68.64,40.3
85185,-99.55,68.64,40.3
22943,-99.54,68.64,40.3
10692,-99.55,68.63,40.3
168090,-99.55,68.64,40.3
132898,-99.55,68.64,40.3
175279,-99.55,68.64,40.31
34079,-99.54,68.64,40.3
44559,-99.54,68.64,40.31
344218,-99.55,68.64,40.31
1516,-99.54,68.63,40.3
169,-99.54,68.63,40.3
247,-99.54,68.63,40.3
2540,-99.54,68.63,40.3
582,-99.54,68.63,40.3
325,-99.54,68.63,40.3
3962,-99.54,68.63,40.3
5101,-99.54,68.63,40.31
406,-99.54,68.63,40.31
436,-99.56,68.64,40.28
100,-99.56,68.64,40.27
30,-99.55,68.63,40.27
162,-99.55,68.63,40.28
1954,-99.56,68.64,40.28
9830,-99.56,68.64,40.29
763,-99.55,68.63,40.28
3402,-99.55,68.63,40.29
29,-99.55,68.63,40.28
183,-99.55,68.63,40.28
803,-99.55,68.63,40.29
106,-99.55,68.63,40.29
2042,-99.56,68.65,40.36
7260,-99.56,68.65,40.37
94,-99.54,68.63,40.33
99,-99.54,68.63,40.33
99,-99.54,68.63,40.32
101,-99.54,68.63,40.32
219,-99.54,68.63,40.33
105,-99.54,68.63,40.32
104,-99.54,68.63,40.32
105,-99.54,68.63,40.32
105,-99.54,68.63,40.32
721,-99.54,68.63,40.32
93,-99.54,68.63,40.33
95,-99.54,68.63,40.32
79,-99.53,68.62,40.32
77,-99.53,68.62,40.33
98,-99.54,68.63,40.32
96,-99.54,68.63,40.32
78,-99.53,68.62,40.32
81,-99.53,68.62,40.32
43,-99.53,68.62,40.33
40,-99.53,68.62,40.32
26,-99.53,68.62,40.33
104,-99.54,68.63,40.31
105,-99.54,68.63,40.32
98,-99.54,68.63,40.31
103,-99.54,68.63,40.32
84,-99.54,68.63,40.31
61,-99.53,68.62,40.31
91,-99.54,68.63,40.32
70,-99.53,68.62,40.32
106,-99.54,68.63,40.31
108,-99.54,68.63,40.31
83,-99.54,68.63,40.31
89,-99.54,68.63,40.31
66,-99.54,68.63,40.31
75,-99.54,68.63,40.31
44,-99.53,68.62,40.31
52,-99.53,68.62,40.31
31,-99.53,68.62,40.32
67,-99.54,68.63,40.3
50,-99.54,68.63,40.3
79,-99.54,68.63,40.3
60,-99.54,68.63,40.3
50,-99.54,68.63,40.3
32,-99.53,68.63,40.3
93,-99.54,68.63,40.3
69,-99.54,68.63,40.3
103,-99.54,68.63,40.31
74,-99.54,68.63,40.31
50,-99.54,68.63,40.3
57,-99.54,68.63,40.31
37,-99.53,68.62,40.31
32,-99.53,68.62,40.3
377,-99.58,68.65,40.27
54,-99.57,68.65,40.25
37,-99.57,68.65,40.26
181,-99.58,68.65,40.26
163,-99.57,68.64,40.27
355,-99.57,68.64,40.27
109,-99.56,68.64,40.27
31,-99.57,68.64,40.26
165,-99.57,68.64,40.26
29,-99.58,68.64,40.25
43,-99.56,68.63,40.27
996908,-99.59,68.67,40.35
599407,-99.6,68.68,40.33
980615,-99.59,68.67,40.33
986944,-99.59,68.67,40.33
975382,-99.59,68.67,40.33
968396,-99.59,68.67,40.33
860047,-99.59,68.67,40.33
800290,-99.59,68.67,40.33
990659,-99.59,68.67,40.33
986693,-99.59,68.67,40.34
904700,-99.59,68.67,40.34
994618,-99.59,68.67,40.34
995969,-99.59,68.67,40.34
969911,-99.59,68.67,40.34
999157,-99.59,68.67,40.35
989222,-99.59,68.66,40.33
986275,-99.59,68.67,40.33
992703,-99.59,68.66,40.33
990346,-99.59,68.67,40.33
995399,-99.59,68.66,40.33
993448,-99.59,68.67,40.33
997600,-99.59,68.66,40.34
995678,-99.59,68.67,40.34
990032,-99.58,68.66,40.33
991986,-99.58,68.66,40.33
993781,-99.58,68.66,40.33
995722,-99.58,68.66,40.33
996632,-99.58,68.66,40.33
998384,-99.58,68.66,40.33
999373,-99.58,68.66,40.34
998760,-99.58,68.66,40.34
999524,-99.59,68.66,40.34
999750,-99.58,68.66,40.34
999520,-99.59,68.66,40.34
999554,-99.59,68.67,40.35
999412,-99.58,68.66,40.34
992262,-99.59,68.67,40.35
985702,-99.58,68.66,40.35
953979,-99.58,68.67,40.35
820897,-99.58,68.66,40.36
928803,-99.59,68.67,40.35
602379,-99.58,68.66,40.36
553624,-99.58,68.65,40.36
368555,-99.58,68.66,40.36
348881,-99.58,68.65,40.36
191161,-99.58,68.66,40.36
944026,-99.58,68.66,40.35
787080,-99.58,68.66,40.35
666190,-99.58,68.66,40.36
855831,-99.58,68.65,40.35
607486,-99.58,68.65,40.35
122624,-99.6,68.67,40.31
187602,-99.6,68.67,40.32
97904,-99.6,68.68,40.31
127126,-99.6,68.68,40.32
206411,-99.6,68.68,40.33
315587,-99.6,68.67,40.32
215586,-99.6,68.68,40.32
158425,-99.6,68.68,40.32
519098,-99.6,68.67,40.33
293870,-99.6,68.68,40.33
735766,-99.59,68.67,40.32
501952,-99.6,68.67,40.32
885293,-99.59,68.67,40.33
720168,-99.6,68.67,40.33
289628,-99.59,68.67,40.31
501449,-99.59,68.67,40.32
173399,-99.6,68.67,40.31
289983,-99.6,68.67,40.32
82258,-99.59,68.66,40.3
48491,-99.59,68.66,40.29
61564,-99.59,68.66,40.29
119701,-99.59,68.66,40.3
274209,-99.59,68.66,40.31
149233,-99.59,68.66,40.3
235278,-99.59,68.66,40.3
426654,-99.59,68.66,40.31
84890,-99.6,68.67,40.31
75618,-99.6,68.68,40.31
60688,-99.6,68.67,40.3
57365,-99.6,68.68,40.3
30438,-99.6,68.68,40.29
44249,-99.6,68.67,40.3
46304,-99.6,68.68,40.3
41990,-99.6,68.68,40.3
34081,-99.6,68.67,40.29
34380,-99.6,68.68,40.29
60506,-99.59,68.67,40.3
50730,-99.6,68.67,40.3
40294,-99.59,68.67,40.29
36117,-99.6,68.67,40.29
163478,-99.59,68.67,40.31
111772,-99.6,68.67,40.31
97514,-99.59,68.67,40.3
74338,-99.6,68.67,40.3
868081,-99.59,68.66,40.32
941700,-99.59,68.66,40.33
956727,-99.59,68.66,40.33
911258,-99.59,68.66,40.32
479194,-99.59,68.66,40.31
709235,-99.59,68.66,40.32
814865,-99.59,68.66,40.32
644939,-99.59,68.66,40.31
1201,-99.6,68.68,40.27
532,-99.6,68.67,40.26
184,-99.6,68.68,40.25
164,-99.59,68.67,40.26
975,-99.6,68.66,40.27
1142,-99.6,68.67,40.27
543,-99.6,68.66,40.26
490,-99.6,68.67,40.26
888,-99.6,68.66,40.27
483,-99.6,68.66,40.26
80,-99.59,68.67,40.25
229,-99.59,68.66,40.26
131,-99.59,68.67,40.26
798,-99.59,68.66,40.27
729,-99.59,68.65,40.27
367,-99.59,68.66,40.26
403,-99.59,68.66,40.26
133,-99.58,68.65,40.26
196,-99.58,68.65,40.26
135,-99.58,68.65,40.25
179,-99.58,68.65,40.25
661,-99.59,68.65,40.27
368,-99.59,68.65,40.26
636,-99.58,68.65,40.27
374,-99.58,68.65,40.26
5952,-99.59,68.66,40.28
4944,-99.59,68.65,40.28
2103,-99.59,68.66,40.27
1839,-99.59,68.65,40.27
28432,-99.59,68.66,40.29
14412,-99.59,68.66,40.28
13384,-99.59,68.65,40.28
30585,-99.59,68.65,40.29
20707,-99.61,68.67,40.29
19360,-99.6,68.68,40.29
20940,-99.6,68.67,40.29
13295,-99.6,68.67,40.28
12414,-99.6,68.68,40.28
6407,-99.6,68.67,40.28
7166,-99.6,68.68,40.28
2886,-99.6,68.67,40.27
2720,-99.6,68.68,40.27
2777,-99.6,68.68,40.27
6188,-99.6,68.66,40.28
6228,-99.6,68.67,40.28
2276,-99.6,68.66,40.27
2456,-99.6,68.67,40.27
25829,-99.6,68.66,40.29
23131,-99.6,68.67,40.29
14741,-99.6,68.66,40.28
14295,-99.6,68.67,40.28
219896,-99.58,68.66,40.36
154958,-99.58,68.65,40.36
88540,-99.57,68.66,40.37
15439,-99.61,68.68,40.29
6682,-99.6,68.68,40.28
36,-99.6,68.68,40.25
174,-99.61,68.67,40.25
153,-99.6,68.66,40.25
72,-99.61,68.67,40.24
51,-99.6,68.66,40.24
136,-99.59,68.65,40.25
107,-99.59,68.65,40.25
34,-99.59,68.65,40.24
915710,-99.57,68.65,40.34
959095,-99.57,68.65,40.34
811365,-99.57,68.65,40.35
896129,-99.57,68.65,40.35
997327,-99.57,68.65,40.34
988693,-99.57,68.65,40.34
966431,-99.57,68.65,40.34
985115,-99.57,68.65,40.34
974037,-99.57,68.65,40.34
931709,-99.57,68.65,40.34
943423,-99.57,68.65,40.34
866246,-99.57,68.65,40.34
838129,-99.57,68.65,40.34
712274,-99.57,68.65,40.34
670075,-99.57,68.65,40.35
497853,-99.57,68.65,40.35
999590,-99.58,68.66,40.34
994629,-99.58,68.66,40.35
972288,-99.58,68.65,40.35
998688,-99.58,68.65,40.34
999523,-99.57,68.65,40.33
999223,-99.57,68.65,40.34
998492,-99.57,68.65,40.34
999027,-99.57,68.65,40.33
999555,-99.57,68.65,40.33
999587,-99.57,68.65,40.33
999241,-99.57,68.65,40.33
999296,-99.57,68.65,40.33
993900,-99.58,68.66,40.33
997540,-99.58,68.66,40.33
996133,-99.58,68.66,40.33
998796,-99.58,68.66,40.33
999171,-99.58,68.66,40.33
999371,-99.58,68.66,40.34
999188,-99.58,68.66,40.33
999286,-99.58,68.66,40.34
999270,-99.58,68.65,40.34
998930,-99.58,68.65,40.33
523360,-99.56,68.65,40.34
307442,-99.56,68.65,40.35
327567,-99.56,68.64,40.34
168291,-99.56,68.64,40.35
997682,-99.56,68.65,40.33
998391,-99.56,68.65,40.33
998376,-99.56,68.65,40.33
998805,-99.56,68.65,40.33
983953,-99.56,68.65,40.33
995195,-99.56,68.65,40.33
998543,-99.57,68.65,40.33
997271,-99.57,68.65,40.33
998749,-99.57,68.65,40.33
997703,-99.57,68.65,40.33
949968,-99.56,68.65,40.34
984942,-99.56,68.65,40.33
991869,-99.57,68.65,40.34
977569,-99.57,68.65,40.34
998138,-99.57,68.65,40.33
993701,-99.57,68.65,40.33
879082,-99.56,68.65,40.34
741814,-99.56,68.65,40.34
746662,-99.56,68.64,40.34
556614,-99.56,68.64,40.34
699658,-99.56,68.65,40.34
881313,-99.56,68.65,40.34
419959,-99.56,68.64,40.34
873659,-99.56,68.65,40.33
951920,-99.56,68.65,40.33
682279,-99.56,68.64,40.33
952126,-99.56,68.65,40.33
862976,-99.56,68.64,40.33
981055,-99.56,68.65,40.33
936556,-99.56,68.64,40.33
164728,-99.57,68.65,40.36
75281,-99.57,68.65,40.36
59435,-99.57,68.65,40.36
665003,-99.57,68.65,40.35
354470,-99.57,68.65,40.35
390897,-99.57,68.65,40.35
155467,-99.57,68.65,40.36
2362,-99.55,68.64,40.35
25338,-99.56,68.64,40.35
1388,-99.55,68.64,40.35
9365,-99.56,68.64,40.35
258,-99.55,68.64,40.35
161,-99.55,68.64,40.35
159274,-99.57,68.64,40.35
55136,-99.57,68.64,40.35
829,-99.55,68.64,40.36
4092,-99.56,68.64,40.36
101,-99.55,68.64,40.36
119,-99.55,68.64,40.36
1960,-99.56,68.64,40.36
1731,-99.56,68.65,40.37
19987,-99.57,68.64,40.36
58,-99.55,68.63,40.35
66,-99.55,68.63,40.35
80,-99.54,68.63,40.35
79,-99.54,68.63,40.35
68,-99.55,68.63,40.36
73,-99.55,68.64,40.36
73,-99.54,68.63,40.36
64,-99.54,68.63,40.36
46342,-99.55,68.64,40.34
20441,-99.55,68.64,40.34
10199,-99.55,68.64,40.34
4981,-99.55,68.64,40.34
340179,-99.56,68.64,40.34
10099,-99.55,68.64,40.34
5715,-99.55,68.64,40.35
2922,-99.55,68.64,40.34
1696,-99.55,68.64,40.35
93657,-99.56,68.64,40.35
933,-99.55,68.64,40.34
555,-99.55,68.64,40.35
259,-99.55,68.64,40.34
166,-99.55,68.64,40.35
2713,-99.55,68.64,40.34
1607,-99.55,68.64,40.34
858,-99.55,68.64,40.34
466,-99.55,68.64,40.34
127404,-99.55,68.64,40.34
331116,-99.55,68.64,40.33
18191,-99.55,68.64,40.34
64897,-99.55,68.64,40.33
636265,-99.55,68.64,40.33
814128,-99.55,68.64,40.33
279209,-99.55,68.64,40.33
578763,-99.55,68.64,40.33
4631,-99.55,68.64,40.34
9789,-99.55,68.64,40.33
2644,-99.55,68.64,40.33
1160,-99.55,68.64,40.34
35042,-99.55,68.64,40.33
6230,-99.55,68.64,40.33
107913,-99.55,68.64,40.33
18295,-99.55,68.64,40.33
60,-99.55,68.63,40.35
118,-99.55,68.63,40.34
66,-99.54,68.63,40.34
76,-99.54,68.63,40.35
334,-99.55,68.63,40.34
1167,-99.55,68.63,40.33
73,-99.54,68.63,40.35
61,-99.54,68.63,40.35
44,-99.54,68.62,40.35
37,-99.54,68.62,40.35
52,-99.54,68.63,40.36
31,-99.53,68.63,40.36
84,-99.54,68.63,40.35
96,-99.54,68.63,40.33
96,-99.54,68.63,40.34
100,-99.54,68.63,40.33
100,-99.54,68.63,40.34
64,-99.54,68.63,40.34
93,-99.54,68.63,40.34
96,-99.54,68.63,40.33
95,-99.54,68.63,40.33
100,-99.54,68.63,40.33
99,-99.54,68.63,40.33
94,-99.54,68.63,40.33
81,-99.53,68.63,40.33
80,-99.53,68.63,40.34
35,-99.53,68.62,40.34
64,-99.54,68.62,40.34
30,-99.53,68.62,40.34
53,-99.54,68.62,40.35
48,-99.53,68.62,40.33
44,-99.53,68.62,40.33
25,-99.53,68.62,40.33
27,-99.53,68.63,40.36
41,-99.54,68.63,40.36
24591,-99.57,68.65,40.36
12397,-99.57,68.65,40.37
8490,-99.57,68.64,40.36
558880,-99.57,68.65,40.3
756443,-99.57,68.65,40.31
295813,-99.58,68.65,40.3
521532,-99.58,68.65,40.31
353927,-99.58,68.65,40.3
559710,-99.58,68.65,40.31
122795,-99.57,68.65,40.29
321280,-99.57,68.65,40.3
74118,-99.58,68.65,40.29
150031,-99.58,68.65,40.3
84799,-99.58,68.65,40.29
186033,-99.58,68.65,40.3
150307,-99.56,68.65,40.29
120022,-99.57,68.65,40.29
399617,-99.56,68.65,40.3
286247,-99.57,68.65,40.3
83600,-99.56,68.64,40.29
265522,-99.56,68.64,40.3
684954,-99.56,68.65,40.3
535472,-99.57,68.65,40.3
860707,-99.56,68.65,40.31
752193,-99.57,68.65,40.31
542732,-99.56,68.64,40.3
749468,-99.56,68.64,40.31
7840,-99.58,68.65,40.28
30043,-99.58,68.65,40.29
11462,-99.59,68.65,40.28
29966,-99.59,68.65,40.29
9229,-99.58,68.65,40.28
26466,-99.58,68.65,40.29
2237,-99.58,68.65,40.28
857,-99.58,68.65,40.27
3855,-99.59,68.65,40.28
1517,-99.59,68.65,40.27
3092,-99.58,68.65,40.28
1329,-99.58,68.65,40.27
1375,-99.57,68.64,40.28
2056,-99.57,68.64,40.28
463,-99.57,68.64,40.27
821,-99.57,68.64,40.27
1100,-99.56,68.64,40.28
348,-99.56,68.64,40.27
5035,-99.57,68.64,40.28
6374,-99.57,68.64,40.28
25798,-99.57,68.64,40.29
24872,-99.57,68.64,40.29
3832,-99.56,68.64,40.28
14695,-99.56,68.64,40.29
952883,-99.57,68.65,40.32
883935,-99.57,68.65,40.31
850977,-99.58,68.65,40.32
716401,-99.58,68.65,40.31
865797,-99.58,68.65,40.32
740045,-99.58,68.65,40.31
997982,-99.57,68.65,40.33
986415,-99.57,68.65,40.32
964277,-99.58,68.65,40.33
925955,-99.58,68.65,40.32
976639,-99.58,68.65,40.33
938434,-99.58,68.65,40.32
996276,-99.56,68.65,40.33
996756,-99.57,68.65,40.33
995883,-99.56,68.65,40.32
990464,-99.57,68.65,40.32
952303,-99.56,68.64,40.33
954815,-99.56,68.64,40.32
980735,-99.56,68.65,40.32
959175,-99.57,68.65,40.32
944869,-99.56,68.65,40.31
889192,-99.57,68.65,40.31
934012,-99.56,68.64,40.32
871759,-99.56,68.64,40.31
737845,-99.56,68.64,40.33
770304,-99.56,68.64,40.32
186675,-99.55,68.63,40.33
293718,-99.55,68.63,40.32
760310,-99.56,68.64,40.32
676009,-99.56,68.64,40.31
7971,-99.55,68.63,40.33
76193,-99.55,68.63,40.31
318310,-99.55,68.63,40.31
63578,-99.55,68.63,40.32
350409,-99.55,68.63,40.32
22620,-99.55,68.63,40.32
1868,-99.54,68.63,40.32
2659,-99.54,68.63,40.31
43856,-99.56,68.64,40.29
124176,-99.56,68.64,40.3
12917,-99.55,68.63,40.29
39928,-99.55,68.63,40.3
303645,-99.56,68.64,40.3
511844,-99.56,68.64,40.31
2804,-99.55,68.63,40.29
311,-99.55,68.63,40.29
8287,-99.55,68.63,40.3
29221,-99.55,68.63,40.3
101136,-99.55,68.63,40.3
57989,-99.55,68.63,40.31
208282,-99.55,68.63,40.31
760,-99.55,68.63,40.3
1353,-99.54,68.63,40.3
2359,-99.54,68.63,40.31
685,-99.56,68.63,40.28
187,-99.56,68.63,40.27
62,-99.56,68.63,40.27
271,-99.56,68.63,40.28
2455,-99.56,68.63,40.28
9012,-99.56,68.63,40.29
991,-99.56,68.63,40.28
3379,-99.56,68.63,40.29
61,-99.55,68.63,40.28
276,-99.55,68.63,40.28
39,-99.55,68.62,40.28
933,-99.55,68.63,40.29
177,-99.55,68.62,40.29
54,-99.54,68.64,40.37
94,-99.55,68.64,40.36
438,-99.55,68.64,40.36
2065,-99.56,68.65,40.37
99,-99.54,68.63,40.33
358,-99.55,68.63,40.33
113,-99.54,68.63,40.32
938,-99.55,68.63,40.32
79,-99.54,68.62,40.33
79,-99.54,68.62,40.32
41,-99.53,68.62,40.33
37,-99.53,68.62,40.32
132,-99.54,68.63,40.32
71,-99.54,68.62,40.32
144,-99.54,68.63,40.31
57,-99.54,68.62,40.31
30,-99.53,68.62,40.32
30,-99.54,68.62,40.29
75,-99.54,68.62,40.3
90,-99.54,68.63,40.3
28,-99.54,68.62,40.3
129,-99.54,68.63,40.31
42,-99.54,68.62,40.31
656,-99.58,68.64,40.27
81,-99.57,68.64,40.26
116,-99.58,68.65,40.26
387,-99.58,68.64,40.26
51,-99.57,68.64,40.25
81,-99.58,68.65,40.25
300,-99.57,68.64,40.27
665,-99.58,68.64,40.27
211,-99.57,68.64,40.27
131,-99.57,68.64,40.26
400,-99.58,68.64,40.26
82,-99.57,68.64,40.26
51,-99.57,68.64,40.26
26,-99.57,68.64,40.26
65,-99.58,68.64,40.25
29,-99.58,68.63,40.25
112,-99.56,68.63,40.27
31,-99.57,68.63,40.26
44,-99.56,68.63,40.27
74450,-99.61,68.68,40.31
93725,-99.61,68.68,40.32
116654,-99.61,68.68,40.32
139242,-99.61,68.68,40.33
58431,-99.61,68.68,40.31
45426,-99.61,68.68,40.3
33820,-99.61,68.68,40.3
24749,-99.61,68.68,40.29
991614,-99.6,68.67,40.35
996213,-99.59,68.66,40.35
996500,-99.59,68.67,40.35
994730,-99.6,68.67,40.35
982821,-99.59,68.67,40.36
904217,-99.59,68.67,40.36
313554,-99.6,68.68,40.33
704130,-99.6,68.67,40.33
478568,-99.6,68.68,40.33
656571,-99.6,68.68,40.34
821478,-99.6,68.68,40.34
931558,-99.6,68.67,40.34
950879,-99.59,68.67,40.33
858803,-99.6,68.67,40.33
976370,-99.59,68.67,40.34
934522,-99.6,68.67,40.34
862445,-99.6,68.67,40.34
988367,-99.59,68.67,40.34
969236,-99.6,68.67,40.34
952887,-99.59,68.67,40.34
994929,-99.59,68.66,40.34
983680,-99.59,68.67,40.35
972165,-99.59,68.66,40.33
986692,-99.59,68.66,40.34
978942,-99.59,68.66,40.33
991738,-99.59,68.66,40.34
995340,-99.59,68.66,40.34
998872,-99.59,68.66,40.34
998977,-99.59,68.66,40.35
998744,-99.59,68.66,40.35
992736,-99.59,68.66,40.35
981680,-99.59,68.66,40.35
915292,-99.59,68.66,40.35
969008,-99.59,68.66,40.35
931535,-99.59,68.67,40.36
578294,-99.59,68.67,40.36
780847,-99.59,68.66,40.36
590310,-99.58,68.66,40.36
781874,-99.59,68.67,40.36
596310,-99.58,68.65,40.36
380345,-99.58,68.65,40.36
949928,-99.58,68.65,40.35
825537,-99.58,68.65,40.36
872560,-99.58,68.65,40.35
657893,-99.58,68.65,40.36
110674,-99.6,68.67,40.31
163123,-99.6,68.67,40.32
84830,-99.61,68.67,40.31
118245,-99.61,68.67,40.32
272945,-99.61,68.67,40.33
180515,-99.6,68.68,40.33
260702,-99.6,68.67,40.32
173225,-99.61,68.67,40.32
415414,-99.6,68.67,40.33
601054,-99.6,68.66,40.32
423613,-99.6,68.67,40.32
772251,-99.6,68.66,40.33
618067,-99.6,68.67,40.33
257885,-99.6,68.66,40.31
409867,-99.6,68.66,40.32
166342,-99.6,68.67,40.31
262478,-99.6,68.67,40.32
80753,-99.59,68.66,40.3
48111,-99.59,68.66,40.29
55704,-99.59,68.65,40.29
100322,-99.59,68.65,40.3
234109,-99.59,68.66,40.31
137718,-99.59,68.66,40.3
180078,-99.59,68.65,40.3
312262,-99.59,68.66,40.31
77889,-99.6,68.67,40.31
62401,-99.61,68.67,40.31
56306,-99.6,68.67,40.3
46988,-99.61,68.67,40.3
27601,-99.61,68.67,40.29
26879,-99.6,68.68,40.29
41431,-99.6,68.67,40.3
36253,-99.61,68.67,40.3
30698,-99.6,68.67,40.29
63084,-99.6,68.66,40.3
49975,-99.6,68.67,40.3
41003,-99.6,68.66,40.29
34666,-99.6,68.67,40.29
159116,-99.6,68.66,40.31
108888,-99.6,68.67,40.31
99432,-99.6,68.66,40.3
73073,-99.6,68.67,40.3
734242,-99.59,68.66,40.32
859661,-99.59,68.66,40.33
900061,-99.59,68.66,40.33
805599,-99.59,68.66,40.32
378852,-99.59,68.66,40.31
559866,-99.59,68.66,40.32
661969,-99.59,68.66,40.32
485350,-99.59,68.66,40.31
1187,-99.61,68.67,40.27
692,-99.61,68.67,40.26
835,-99.61,68.68,40.26
360,-99.61,68.67,40.25
235,-99.61,68.68,40.26
358,-99.6,68.66,40.25
977,-99.6,68.66,40.27
1033,-99.6,68.66,40.27
576,-99.6,68.66,40.26
625,-99.6,68.66,40.26
323,-99.59,68.65,40.26
943,-99.6,68.66,40.27
913,-99.59,68.65,40.27
559,-99.59,68.65,40.26
578,-99.6,68.66,40.26
273,-99.59,68.65,40.26
905,-99.59,68.65,40.27
577,-99.59,68.65,40.26
908,-99.59,68.64,40.27
578,-99.59,68.64,40.26
4953,-99.6,68.66,40.28
4225,-99.59,68.65,40.28
2087,-99.6,68.66,40.27
1899,-99.59,68.65,40.27
25194,-99.6,68.66,40.29
12839,-99.6,68.66,40.28
11445,-99.59,68.65,40.28
24558,-99.59,68.65,40.29
20432,-99.61,68.67,40.29
18886,-99.61,68.67,40.29
12788,-99.61,68.67,40.28
11949,-99.61,68.67,40.28
5642,-99.61,68.67,40.28
2497,-99.61,68.67,40.27
5809,-99.61,68.67,40.28
2724,-99.61,68.67,40.27
2425,-99.61,68.68,40.27
5470,-99.6,68.66,40.28
5668,-99.6,68.66,40.28
2257,-99.6,68.66,40.27
2385,-99.6,68.66,40.27
24337,-99.6,68.66,40.29
22648,-99.6,68.66,40.29
13572,-99.6,68.66,40.28
13414,-99.6,68.66,40.28
357065,-99.58,68.66,40.37
366579,-99.58,68.65,40.36
203033,-99.58,68.66,40.37
189990,-99.58,68.65,40.36
33989,-99.57,68.66,40.37
910,-99.61,68.68,40.27
274,-99.61,68.68,40.26
16756,-99.61,68.67,40.29
12423,-99.61,68.68,40.28
12202,-99.62,68.69,40.29
3884,-99.61,68.68,40.27
84,-99.63,68.69,40.24
78,-99.61,68.68,40.25
90,-99.62,68.69,40.25
75,-99.61,68.67,40.23
261,-99.61,68.66,40.25
259,-99.61,68.66,40.25
128,-99.61,68.66,40.24
119,-99.61,68.66,40.24
244,-99.6,68.65,40.25
205,-99.6,68.64,40.25
67,-99.6,68.64,40.24
95,-99.6,68.65,40.24
35,-99.61,68.66,40.23
41,-99.61,68.66,40.23
904383,-99.57,68.65,40.35
983034,-99.57,68.65,40.34
928662,-99.57,68.65,40.34
725529,-99.57,68.65,40.35
998722,-99.58,68.65,40.34
992320,-99.58,68.65,40.35
969410,-99.58,68.65,40.35
997635,-99.58,68.65,40.34
998270,-99.57,68.65,40.34
998580,-99.57,68.65,40.33
985691,-99.58,68.65,40.33
997298,-99.58,68.65,40.34
998188,-99.58,68.65,40.34
995372,-99.58,68.65,40.33
416854,-99.57,68.64,40.35
990377,-99.56,68.65,40.33
996781,-99.57,68.65,40.33
949532,-99.56,68.65,40.34
874725,-99.56,68.64,40.34
980473,-99.56,68.65,40.33
938399,-99.56,68.64,40.33
987829,-99.57,68.65,40.34
749001,-99.57,68.64,40.34
714979,-99.56,68.64,40.34
909365,-99.56,68.64,40.33
196023,-99.58,68.65,40.36
83280,-99.58,68.65,40.36
81568,-99.57,68.64,40.36
32059,-99.57,68.64,40.36
712278,-99.58,68.65,40.35
419255,-99.58,68.65,40.36
452092,-99.57,68.64,40.35
202098,-99.57,68.64,40.35
3629,-99.56,68.64,40.35
44191,-99.56,68.64,40.35
1542,-99.56,68.64,40.35
14051,-99.56,68.64,40.35
362,-99.55,68.63,40.35
194,-99.55,68.63,40.35
198451,-99.57,68.64,40.35
75023,-99.57,68.64,40.35
799,-99.56,68.64,40.36
5318,-99.56,68.64,40.36
123,-99.55,68.63,40.36
443,-99.56,68.64,40.36
2338,-99.56,68.64,40.36
27848,-99.57,68.64,40.36
11115,-99.57,68.64,40.36
69,-99.55,68.63,40.35
65,-99.55,68.63,40.35
73,-99.55,68.63,40.35
68,-99.55,68.63,40.35
63,-99.55,68.63,40.36
64,-99.55,68.63,40.36
63,-99.55,68.63,40.36
59,-99.55,68.63,40.36
45202,-99.56,68.64,40.34
392238,-99.56,68.64,40.34
10260,-99.56,68.64,40.35
145570,-99.56,68.64,40.35
762,-99.55,68.63,40.35
2213,-99.55,68.63,40.34
214743,-99.56,68.64,40.34
577549,-99.56,68.64,40.33
8432,-99.55,68.63,40.34
49819,-99.55,68.63,40.33
86,-99.55,68.63,40.35
171,-99.55,68.63,40.34
73,-99.55,68.63,40.34
73,-99.55,68.63,40.35
450,-99.55,68.63,40.34
1772,-99.55,68.63,40.33
65,-99.54,68.62,40.35
53,-99.54,68.62,40.35
45,-99.54,68.62,40.36
25,-99.53,68.62,40.35
42,-99.54,68.62,40.35
34,-99.54,68.62,40.35
32,-99.54,68.62,40.36
30,-99.54,68.62,40.36
77,-99.54,68.62,40.35
95,-99.54,68.63,40.34
80,-99.55,68.63,40.34
85,-99.54,68.62,40.34
97,-99.54,68.63,40.33
142,-99.55,68.63,40.33
75,-99.54,68.62,40.33
72,-99.54,68.62,40.34
33,-99.53,68.62,40.34
58,-99.54,68.62,40.34
28,-99.53,68.62,40.34
49,-99.54,68.62,40.35
42,-99.53,68.62,40.33
39,-99.53,68.62,40.34
28,-99.54,68.62,40.36
41,-99.54,68.62,40.36
28,-99.54,68.63,40.37
24045,-99.57,68.64,40.37
4929,-99.57,68.65,40.38
89,-99.55,68.63,40.36
3060,-99.57,68.64,40.37
1553,-99.57,68.64,40.38
57,-99.55,68.63,40.37
50,-99.55,68.64,40.37
379898,-99.58,68.65,40.3
588747,-99.58,68.65,40.31
211589,-99.59,68.65,40.3
365426,-99.59,68.65,40.31
245150,-99.58,68.65,40.3
409655,-99.58,68.65,40.31
83367,-99.58,68.65,40.29
196212,-99.58,68.65,40.3
60595,-99.59,68.65,40.29
115105,-99.59,68.65,40.3
62712,-99.58,68.65,40.29
127462,-99.58,68.65,40.3
87574,-99.57,68.64,40.29
77448,-99.57,68.64,40.29
237187,-99.57,68.64,40.3
180242,-99.57,68.64,40.3
53122,-99.56,68.64,40.29
156520,-99.56,68.64,40.3
480592,-99.57,68.64,40.3
368290,-99.57,68.64,40.3
708365,-99.57,68.64,40.31
588728,-99.57,68.64,40.31
348847,-99.56,68.64,40.3
565896,-99.56,68.64,40.31
7723,-99.58,68.64,40.28
22250,-99.58,68.64,40.29
9715,-99.59,68.65,40.28
22580,-99.59,68.65,40.29
8332,-99.59,68.64,40.28
20083,-99.59,68.64,40.29
2784,-99.58,68.64,40.28
1359,-99.58,68.64,40.27
3766,-99.59,68.65,40.28
1770,-99.59,68.65,40.27
3415,-99.59,68.64,40.28
1723,-99.59,68.64,40.27
1840,-99.57,68.64,40.28
2744,-99.58,68.64,40.28
739,-99.57,68.64,40.27
1523,-99.58,68.64,40.27
1407,-99.57,68.64,40.28
546,-99.57,68.64,40.27
5662,-99.57,68.64,40.28
7877,-99.58,68.64,40.28
19497,-99.57,68.64,40.29
17895,-99.58,68.64,40.29
4274,-99.57,68.64,40.28
13231,-99.57,68.64,40.29
887297,-99.58,68.65,40.32
765262,-99.58,68.65,40.31
713265,-99.59,68.65,40.32
545362,-99.59,68.65,40.31
753937,-99.58,68.65,40.32
590590,-99.58,68.65,40.31
988049,-99.58,68.65,40.33
954832,-99.58,68.65,40.32
921627,-99.59,68.65,40.33
842545,-99.59,68.65,40.32
943914,-99.58,68.65,40.33
872781,-99.58,68.65,40.32
985103,-99.57,68.64,40.33
988038,-99.57,68.64,40.33
974037,-99.57,68.64,40.32
960506,-99.57,68.64,40.32
894156,-99.56,68.64,40.33
887198,-99.56,68.64,40.32
939057,-99.57,68.64,40.32
896942,-99.57,68.64,40.32
859311,-99.57,68.64,40.31
774945,-99.57,68.64,40.31
843315,-99.56,68.64,40.32
740131,-99.56,68.64,40.31
597573,-99.56,68.64,40.33
614237,-99.56,68.64,40.32
128989,-99.56,68.63,40.33
187255,-99.56,68.63,40.32
585149,-99.56,68.64,40.32
499104,-99.56,68.64,40.31
8057,-99.55,68.63,40.33
45963,-99.55,68.63,40.31
192521,-99.56,68.63,40.31
40014,-99.55,68.63,40.32
209030,-99.56,68.63,40.32
17665,-99.55,68.63,40.32
1919,-99.55,68.63,40.32
2529,-99.55,68.63,40.31
29738,-99.56,68.63,40.29
74048,-99.56,68.63,40.3
10517,-99.56,68.63,40.29
28526,-99.56,68.63,40.3
178869,-99.56,68.63,40.3
333479,-99.56,68.63,40.31
2730,-99.55,68.63,40.29
562,-99.55,68.62,40.29
1993,-99.55,68.62,40.3
6950,-99.55,68.63,40.3
19641,-99.55,68.63,40.3
66524,-99.56,68.63,40.3
34843,-99.55,68.63,40.31
123622,-99.56,68.63,40.31
1502,-99.55,68.63,40.3
2332,-99.55,68.63,40.31
860,-99.56,68.63,40.28
322,-99.56,68.63,40.27
148,-99.56,68.63,40.27
399,-99.56,68.63,40.28
2633,-99.56,68.63,40.28
7735,-99.56,68.63,40.29
1147,-99.56,68.63,40.28
3170,-99.56,68.63,40.29
31,-99.56,68.62,40.27
112,-99.56,68.62,40.28
367,-99.56,68.62,40.28
90,-99.56,68.62,40.28
988,-99.56,68.62,40.29
264,-99.56,68.62,40.29
41,-99.55,68.63,40.38
173,-99.55,68.64,40.37
945,-99.56,68.65,40.38
848,-99.57,68.65,40.38
103,-99.54,68.62,40.33
527,-99.55,68.62,40.33
130,-99.54,68.62,40.32
1215,-99.55,68.62,40.32
70,-99.54,68.62,40.33
71,-99.54,68.62,40.32
38,-99.54,68.62,40.33
34,-99.54,68.62,40.32
184,-99.54,68.62,40.32
40,-99.54,68.62,40.32
210,-99.54,68.62,40.31
30,-99.54,68.62,40.31
29,-99.54,68.62,40.32
72,-99.55,68.62,40.29
40,-99.55,68.62,40.3
218,-99.55,68.62,40.3
139,-99.54,68.62,40.3
189,-99.54,68.62,40.31
40,-99.55,68.62,40.29
916,-99.58,68.64,40.27
861,-99.58,68.64,40.27
581,-99.59,68.64,40.26
549,-99.58,68.64,40.26
212,-99.58,68.64,40.25
525,-99.58,68.63,40.26
139,-99.58,68.63,40.25
143,-99.59,68.63,40.25
78,-99.58,68.63,40.25
37,-99.59,68.63,40.24
232,-99.57,68.63,40.26
47,-99.57,68.63,40.25
36,-99.56,68.62,40.26
184107,-99.61,68.68,40.33
65999,-99.61,68.67,40.31
86928,-99.61,68.67,40.32
66776,-99.61,68.68,40.31
116533,-99.61,68.67,40.32
163677,-99.61,68.67,40.33
95479,-99.61,68.68,40.32
71126,-99.62,68.69,40.32
51561,-99.61,68.67,40.31
39947,-99.61,68.67,40.3
42759,-99.61,68.68,40.3
34254,-99.62,68.69,40.3
31709,-99.61,68.67,40.3
24391,-99.61,68.67,40.29
24798,-99.61,68.68,40.29
21269,-99.62,68.69,40.29
937415,-99.6,68.68,40.35
986946,-99.6,68.66,40.35
990179,-99.6,68.67,40.36
992060,-99.6,68.66,40.35
983870,-99.6,68.66,40.35
982469,-99.6,68.66,40.35
977019,-99.6,68.67,40.35
954198,-99.6,68.66,40.36
909613,-99.59,68.67,40.36
971860,-99.6,68.67,40.36
754179,-99.59,68.67,40.37
886290,-99.6,68.67,40.36
406253,-99.61,68.67,40.33
263821,-99.6,68.68,40.33
361500,-99.6,68.68,40.34
594293,-99.6,68.67,40.33
752663,-99.6,68.67,40.34
867586,-99.6,68.67,40.34
770788,-99.6,68.68,40.34
936998,-99.6,68.67,40.34
902683,-99.6,68.68,40.35
540928,-99.6,68.68,40.34
745924,-99.6,68.68,40.35
886129,-99.6,68.66,40.33
782121,-99.6,68.67,40.33
945634,-99.6,68.66,40.34
887129,-99.6,68.67,40.34
974030,-99.6,68.66,40.34
943148,-99.6,68.67,40.34
987711,-99.6,68.66,40.35
970733,-99.6,68.67,40.35
931245,-99.59,68.66,40.33
966453,-99.59,68.66,40.34
950356,-99.59,68.66,40.33
977235,-99.59,68.66,40.34
984672,-99.59,68.66,40.34
991610,-99.59,68.66,40.34
993988,-99.59,68.66,40.35
994914,-99.59,68.66,40.35
990849,-99.59,68.66,40.35
980690,-99.59,68.66,40.35
930105,-99.59,68.66,40.36
968084,-99.59,68.66,40.36
766761,-99.59,68.66,40.36
571008,-99.59,68.67,40.37
800193,-99.59,68.66,40.36
895158,-99.59,68.66,40.36
647292,-99.59,68.65,40.36
435414,-99.58,68.65,40.36
951120,-99.59,68.65,40.35
849903,-99.59,68.65,40.36
883115,-99.58,68.65,40.35
697724,-99.58,68.65,40.36
109853,-99.61,68.67,40.31
155421,-99.61,68.67,40.32
79509,-99.61,68.67,40.31
108158,-99.61,68.67,40.32
233090,-99.61,68.67,40.32
153203,-99.61,68.67,40.32
351300,-99.61,68.67,40.33
231459,-99.61,68.67,40.33
471051,-99.6,68.66,40.32
350528,-99.6,68.66,40.32
629714,-99.6,68.66,40.33
501505,-99.6,68.66,40.33
220272,-99.6,68.66,40.31
327723,-99.6,68.66,40.32
157389,-99.6,68.66,40.31
233308,-99.6,68.66,40.32
70944,-99.6,68.66,40.3
43364,-99.6,68.66,40.29
46152,-99.59,68.65,40.29
79149,-99.59,68.65,40.3
188912,-99.6,68.66,40.31
115888,-99.6,68.66,40.3
135831,-99.59,68.65,40.3
227107,-99.59,68.65,40.31
78431,-99.61,68.67,40.31
59982,-99.61,68.67,40.31
56943,-99.61,68.67,40.3
45380,-99.61,68.67,40.3
41331,-99.61,68.67,40.3
35123,-99.61,68.67,40.3
30002,-99.61,68.67,40.29
26374,-99.61,68.67,40.29
60057,-99.6,68.66,40.3
50023,-99.6,68.66,40.3
39258,-99.6,68.66,40.29
34472,-99.6,68.66,40.29
143344,-99.6,68.66,40.31
106635,-99.6,68.66,40.31
93288,-99.6,68.66,40.3
72905,-99.6,68.66,40.3
584799,-99.6,68.66,40.32
734885,-99.6,68.66,40.33
800161,-99.59,68.65,40.33
663480,-99.59,68.65,40.32
293254,-99.6,68.66,40.31
430727,-99.6,68.66,40.32
507131,-99.59,68.65,40.32
354061,-99.59,68.65,40.31
1233,-99.61,68.66,40.27
548,-99.61,68.66,40.26
559,-99.61,68.66,40.26
1228,-99.61,68.66,40.26
552,-99.6,68.65,40.26
1239,-99.6,68.65,40.26
506,-99.6,68.64,40.26
1244,-99.6,68.64,40.26
3774,-99.6,68.65,40.27
15318,-99.6,68.65,40.28
15036,-99.61,68.66,40.28
4096,-99.61,68.66,40.27
3999,-99.61,68.66,40.27
16111,-99.61,68.66,40.28
490719,-99.59,68.67,40.37
591112,-99.59,68.65,40.36
239206,-99.59,68.66,40.37
104593,-99.59,68.66,40.38
215462,-99.58,68.65,40.36
388759,-99.59,68.65,40.36
75817,-99.58,68.65,40.37
59842,-99.58,68.66,40.37
20542,-99.58,68.66,40.38
50134,-99.62,68.69,40.31
1408,-99.62,68.67,40.27
926,-99.62,68.69,40.27
615,-99.62,68.67,40.25
291,-99.62,68.69,40.26
293,-99.63,68.69,40.26
13602,-99.62,68.67,40.28
14624,-99.63,68.67,40.29
9560,-99.63,68.69,40.28
4246,-99.62,68.67,40.27
3347,-99.62,68.69,40.27
78,-99.63,68.69,40.25
28,-99.62,68.68,40.22
192,-99.63,68.68,40.24
301,-99.62,68.67,40.25
244,-99.63,68.68,40.24
136,-99.62,68.67,40.24
117,-99.63,68.68,40.23
50,-99.62,68.67,40.23
436,-99.62,68.66,40.25
427,-99.62,68.65,40.25
216,-99.62,68.66,40.24
201,-99.62,68.65,40.24
394,-99.61,68.64,40.25
333,-99.6,68.64,40.25
131,-99.6,68.64,40.24
171,-99.61,68.64,40.24
76,-99.62,68.65,40.23
90,-99.62,68.66,40.23
32,-99.62,68.66,40.22
2205,-99.57,68.65,40.39
907053,-99.58,68.65,40.35
980966,-99.58,68.65,40.34
923563,-99.57,68.64,40.34
749244,-99.57,68.64,40.35
995828,-99.59,68.65,40.34
988412,-99.59,68.65,40.35
966718,-99.58,68.65,40.35
993708,-99.58,68.65,40.34
996919,-99.58,68.65,40.34
996976,-99.58,68.65,40.33
964661,-99.59,68.65,40.33
987165,-99.59,68.65,40.34
995016,-99.58,68.65,40.34
980061,-99.58,68.65,40.33
454812,-99.57,68.64,40.35
976310,-99.57,68.64,40.33
994683,-99.57,68.64,40.33
925319,-99.57,68.64,40.34
982501,-99.57,68.64,40.34
745952,-99.57,68.64,40.34
696265,-99.56,68.64,40.34
857247,-99.56,68.64,40.33
231034,-99.58,68.64,40.36
101663,-99.58,68.64,40.36
99213,-99.58,68.64,40.36
43196,-99.58,68.64,40.36
737737,-99.58,68.64,40.35
468532,-99.58,68.64,40.36
483003,-99.58,68.64,40.35
232783,-99.58,68.64,40.36
5840,-99.56,68.64,40.35
58623,-99.57,68.64,40.35
2298,-99.56,68.64,40.35
20091,-99.57,68.64,40.35
605,-99.56,68.63,40.35
300,-99.56,68.63,40.35
213603,-99.57,68.64,40.35
87864,-99.57,68.64,40.36
1037,-99.56,68.64,40.36
7649,-99.57,68.64,40.36
171,-99.56,68.63,40.36
502,-99.56,68.64,40.36
3322,-99.57,68.64,40.36
123,-99.56,68.63,40.36
36599,-99.57,68.64,40.36
15900,-99.57,68.64,40.36
98,-99.55,68.63,40.35
80,-99.55,68.63,40.35
70,-99.55,68.62,40.35
65,-99.55,68.62,40.35
74,-99.55,68.63,40.36
67,-99.55,68.63,40.36
64,-99.55,68.62,40.36
58,-99.55,68.62,40.36
66966,-99.56,68.64,40.34
380514,-99.57,68.64,40.34
17365,-99.56,68.64,40.35
164418,-99.57,68.64,40.35
1358,-99.56,68.63,40.35
3818,-99.56,68.63,40.34
236662,-99.56,68.64,40.34
494697,-99.56,68.64,40.33
14843,-99.56,68.63,40.34
51750,-99.56,68.63,40.33
149,-99.55,68.63,40.35
307,-99.55,68.63,40.34
88,-99.55,68.62,40.34
76,-99.55,68.62,40.35
862,-99.55,68.63,40.34
2676,-99.55,68.63,40.33
61,-99.55,68.62,40.35
53,-99.55,68.62,40.35
48,-99.55,68.62,40.36
25,-99.54,68.62,40.35
39,-99.54,68.62,40.35
35,-99.54,68.62,40.35
30,-99.54,68.62,40.36
68,-99.55,68.62,40.35
89,-99.54,68.62,40.34
114,-99.55,68.62,40.34
75,-99.55,68.62,40.34
92,-99.54,68.62,40.33
226,-99.55,68.62,40.33
68,-99.54,68.62,40.33
65,-99.54,68.62,40.34
32,-99.54,68.62,40.34
50,-99.54,68.62,40.34
28,-99.54,68.62,40.34
45,-99.54,68.62,40.35
38,-99.54,68.62,40.33
36,-99.54,68.62,40.34
26,-99.54,68.62,40.36
41,-99.55,68.62,40.36
30,-99.54,68.62,40.37
27,-99.54,68.63,40.38
25,-99.53,68.62,40.38
35,-99.54,68.63,40.39
27,-99.53,68.61,40.37
28,-99.53,68.62,40.38
36938,-99.58,68.64,40.37
19422,-99.58,68.64,40.38
283,-99.56,68.62,40.39
336,-99.56,68.63,40.37
7365,-99.57,68.63,40.37
332,-99.56,68.63,40.38
4460,-99.57,68.63,40.38
87,-99.55,68.62,40.37
123,-99.56,68.62,40.38
267516,-99.58,68.64,40.3
438299,-99.58,68.64,40.31
158913,-99.59,68.65,40.3
269541,-99.59,68.65,40.31
185264,-99.59,68.64,40.3
307518,-99.59,68.64,40.31
61809,-99.58,68.64,40.29
126325,-99.58,68.64,40.3
47776,-99.59,68.65,40.29
86907,-99.59,68.65,40.3
48845,-99.59,68.64,40.29
91008,-99.59,68.64,40.3
60062,-99.57,68.64,40.29
58300,-99.58,68.64,40.29
146138,-99.57,68.64,40.3
113641,-99.58,68.64,40.3
38955,-99.57,68.64,40.29
94809,-99.57,68.64,40.3
323747,-99.57,68.64,40.3
268326,-99.58,68.64,40.3
532867,-99.57,68.64,40.31
429223,-99.58,68.64,40.31
217138,-99.57,68.64,40.3
392939,-99.57,68.64,40.31
8071,-99.58,68.64,40.28
17836,-99.58,68.64,40.29
8490,-99.58,68.64,40.28
15639,-99.58,68.64,40.29
13753,-99.6,68.64,40.28
3297,-99.58,68.64,40.28
1808,-99.58,68.64,40.27
1878,-99.58,68.64,40.27
3200,-99.58,68.64,40.28
3667,-99.6,68.64,40.27
2149,-99.58,68.63,40.27
10521,-99.58,68.63,40.28
793390,-99.58,68.64,40.32
633663,-99.58,68.64,40.31
577811,-99.59,68.65,40.32
414467,-99.59,68.65,40.31
638866,-99.59,68.64,40.32
470898,-99.59,68.64,40.31
961992,-99.58,68.64,40.33
903254,-99.58,68.64,40.32
853394,-99.59,68.65,40.33
733003,-99.59,68.65,40.32
895742,-99.59,68.64,40.33
789579,-99.59,68.64,40.32
949367,-99.57,68.64,40.33
942136,-99.58,68.64,40.33
922600,-99.57,68.64,40.32
895958,-99.58,68.64,40.32
795501,-99.57,68.64,40.33
765913,-99.57,68.64,40.32
852000,-99.57,68.64,40.32
791365,-99.58,68.64,40.32
728158,-99.57,68.64,40.31
643475,-99.58,68.64,40.31
695800,-99.57,68.64,40.32
575283,-99.57,68.64,40.31
427689,-99.56,68.63,40.33
426340,-99.56,68.63,40.32
89375,-99.56,68.63,40.33
119031,-99.56,68.63,40.32
386999,-99.56,68.63,40.32
327789,-99.56,68.63,40.31
122005,-99.56,68.63,40.31
132441,-99.56,68.63,40.32
8286,-99.56,68.62,40.33
582,-99.56,68.62,40.33
14494,-99.56,68.62,40.32
1335,-99.56,68.62,40.32
16751,-99.55,68.62,40.31
22087,-99.56,68.63,40.29
50764,-99.56,68.63,40.3
8682,-99.56,68.63,40.29
21201,-99.56,68.63,40.3
113473,-99.56,68.63,40.3
203469,-99.56,68.63,40.31
78901,-99.56,68.63,40.31
47136,-99.56,68.63,40.3
2622,-99.56,68.62,40.29
763,-99.56,68.62,40.29
6150,-99.56,68.62,40.3
2389,-99.56,68.62,40.3
11228,-99.55,68.62,40.3
995,-99.57,68.63,40.27
4654,-99.57,68.63,40.28
200,-99.56,68.62,40.27
831,-99.56,68.62,40.28
36,-99.55,68.63,40.39
113,-99.56,68.64,40.38
474,-99.57,68.64,40.39
120,-99.55,68.62,40.32
29,-99.54,68.61,40.32
493,-99.55,68.62,40.31
38,-99.54,68.61,40.31
130,-99.55,68.62,40.29
328,-99.55,68.62,40.3
67,-99.55,68.61,40.3
411,-99.55,68.62,40.3
29,-99.54,68.61,40.3
86,-99.56,68.61,40.28
1136,-99.59,68.63,40.26
413,-99.59,68.63,40.26
824,-99.58,68.63,40.26
262,-99.58,68.63,40.26
240,-99.6,68.63,40.25
144,-99.59,68.62,40.25
85,-99.6,68.63,40.24
43,-99.59,68.62,40.24
386,-99.58,68.62,40.26
107,-99.58,68.62,40.25
96,-99.57,68.61,40.26
660390,-99.61,68.68,40.35
869674,-99.61,68.68,40.36
241377,-99.61,68.67,40.33
171761,-99.61,68.68,40.33
114156,-99.62,68.68,40.33
332143,-99.61,68.68,40.34
49176,-99.63,68.69,40.32
70826,-99.62,68.67,40.31
118288,-99.62,68.67,40.32
54098,-99.63,68.68,40.31
80916,-99.63,68.68,40.32
62736,-99.63,68.69,40.33
44504,-99.62,68.67,40.3
36536,-99.63,68.68,40.3
27761,-99.63,68.69,40.3
27012,-99.62,68.67,40.29
23716,-99.63,68.67,40.29
18135,-99.63,68.69,40.29
945528,-99.61,68.67,40.35
899938,-99.61,68.68,40.35
984804,-99.6,68.66,40.35
974842,-99.6,68.66,40.35
981748,-99.6,68.66,40.36
980522,-99.6,68.66,40.36
967902,-99.61,68.67,40.35
950161,-99.61,68.68,40.36
959204,-99.6,68.66,40.36
972909,-99.6,68.66,40.36
890296,-99.6,68.66,40.36
935830,-99.6,68.66,40.36
892021,-99.6,68.67,40.37
508367,-99.61,68.67,40.33
349250,-99.61,68.67,40.33
660119,-99.61,68.67,40.34
475695,-99.61,68.67,40.34
800098,-99.61,68.67,40.34
892189,-99.61,68.67,40.35
648196,-99.61,68.67,40.34
771696,-99.61,68.67,40.34
690183,-99.61,68.68,40.35
773853,-99.6,68.66,40.33
661885,-99.6,68.66,40.33
880689,-99.6,68.66,40.34
801344,-99.6,68.66,40.34
944592,-99.6,68.66,40.34
897988,-99.6,68.66,40.34
974176,-99.6,68.66,40.35
951065,-99.6,68.66,40.35
850930,-99.6,68.66,40.33
924984,-99.6,68.66,40.34
896350,-99.59,68.65,40.33
953264,-99.59,68.65,40.34
966670,-99.6,68.66,40.34
981303,-99.59,68.65,40.34
983693,-99.6,68.66,40.35
988861,-99.59,68.65,40.35
986827,-99.6,68.66,40.35
980917,-99.59,68.65,40.35
943076,-99.59,68.65,40.36
972142,-99.6,68.66,40.36
843299,-99.59,68.65,40.36
919995,-99.6,68.66,40.36
654482,-99.59,68.65,40.36
791361,-99.6,68.66,40.36
695086,-99.59,68.65,40.36
488586,-99.59,68.64,40.36
263732,-99.59,68.64,40.36
458091,-99.59,68.65,40.36
957938,-99.59,68.65,40.35
871964,-99.59,68.65,40.36
894170,-99.59,68.64,40.35
735312,-99.59,68.64,40.36
114233,-99.61,68.66,40.31
214851,-99.61,68.66,40.32
383825,-99.61,68.66,40.32
200041,-99.61,68.66,40.31
49738,-99.6,68.65,40.29
138873,-99.6,68.65,40.3
63281,-99.61,68.66,40.3
33517,-99.61,68.66,40.29
42201,-99.61,68.66,40.29
96252,-99.61,68.66,40.3
565159,-99.6,68.65,40.32
314069,-99.6,68.65,40.31
1890,-99.62,68.66,40.27
906,-99.62,68.66,40.26
911,-99.62,68.65,40.26
1953,-99.62,68.65,40.27
887,-99.61,68.64,40.26
1956,-99.61,68.64,40.26
809,-99.6,68.64,40.26
1888,-99.6,68.64,40.26
4967,-99.61,68.64,40.27
14661,-99.61,68.64,40.28
14033,-99.62,68.66,40.28
4765,-99.62,68.66,40.27
4906,-99.62,68.65,40.27
14782,-99.62,68.65,40.28
803604,-99.61,68.67,40.37
709905,-99.6,68.66,40.37
566802,-99.6,68.67,40.37
498341,-99.61,68.67,40.38
276133,-99.6,68.67,40.38
39927,-99.59,68.66,40.39
9295,-99.58,68.66,40.39
449319,-99.59,68.65,40.37
223644,-99.59,68.65,40.38
92507,-99.59,68.66,40.38
149187,-99.59,68.65,40.37
67669,-99.59,68.65,40.38
36155,-99.63,68.69,40.31
15653,-99.63,68.69,40.29
24721,-99.63,68.69,40.3
3037,-99.63,68.69,40.27
8268,-99.63,68.69,40.28
938,-99.63,68.69,40.27
290,-99.64,68.7,40.26
81,-99.64,68.7,40.25
12055,-99.64,68.68,40.28
5625,-99.64,68.68,40.28
1905,-99.63,68.67,40.27
2055,-99.63,68.67,40.27
930,-99.63,68.67,40.26
946,-99.63,68.67,40.25
2472,-99.64,68.68,40.27
903,-99.64,68.68,40.25
12733,-99.63,68.67,40.28
11707,-99.63,68.67,40.28
4670,-99.63,68.67,40.27
4763,-99.63,68.67,40.27
408,-99.64,68.68,40.25
118,-99.63,68.68,40.23
54,-99.63,68.68,40.23
220,-99.64,68.68,40.24
463,-99.63,68.67,40.25
449,-99.63,68.67,40.25
227,-99.63,68.67,40.24
226,-99.63,68.67,40.24
104,-99.63,68.67,40.23
113,-99.63,68.67,40.23
40,-99.63,68.67,40.22
52,-99.63,68.67,40.22
717,-99.63,68.65,40.25
667,-99.62,68.64,40.25
354,-99.63,68.65,40.24
316,-99.62,68.64,40.24
592,-99.62,68.64,40.25
503,-99.61,68.63,40.25
237,-99.61,68.63,40.24
279,-99.62,68.64,40.24
35,-99.6,68.64,40.23
59,-99.61,68.64,40.23
58,-99.63,68.65,40.21
129,-99.63,68.64,40.22
25,-99.52,68.61,40.37
31,-99.53,68.6,40.37
30,-99.52,68.61,40.38
38,-99.53,68.62,40.39
40,-99.53,68.61,40.39
3892,-99.58,68.63,40.39
11734,-99.58,68.64,40.39
2269,-99.58,68.65,40.39
905340,-99.58,68.64,40.35
974217,-99.58,68.64,40.34
899814,-99.58,68.64,40.34
747247,-99.58,68.64,40.35
989345,-99.59,68.65,40.34
986384,-99.59,68.65,40.35
967863,-99.59,68.64,40.35
990051,-99.59,68.64,40.34
992383,-99.58,68.64,40.34
987906,-99.58,68.64,40.33
933278,-99.59,68.65,40.33
972429,-99.59,68.65,40.34
985256,-99.59,68.64,40.34
959617,-99.59,68.64,40.33
448642,-99.57,68.64,40.35
951025,-99.57,68.64,40.33
961403,-99.58,68.64,40.33
903780,-99.57,68.64,40.34
949125,-99.58,68.64,40.34
682810,-99.57,68.64,40.34
640788,-99.57,68.64,40.34
772944,-99.57,68.64,40.33
257341,-99.58,68.64,40.36
128092,-99.58,68.64,40.36
115027,-99.58,68.64,40.36
58582,-99.58,68.64,40.36
743060,-99.58,68.64,40.35
499771,-99.58,68.64,40.36
482587,-99.58,68.64,40.35
249368,-99.58,68.64,40.36
8357,-99.56,68.63,40.35
61536,-99.57,68.63,40.35
3474,-99.56,68.63,40.35
26043,-99.57,68.63,40.36
1088,-99.56,68.63,40.35
589,-99.56,68.63,40.35
196564,-99.58,68.63,40.35
94113,-99.58,68.63,40.36
64747,-99.57,68.63,40.35
31753,-99.57,68.63,40.36
1531,-99.56,68.63,40.36
10883,-99.57,68.63,40.36
353,-99.56,68.63,40.36
802,-99.56,68.63,40.36
5311,-99.57,68.63,40.36
273,-99.56,68.63,40.36
45950,-99.58,68.63,40.36
25413,-99.58,68.63,40.36
16335,-99.57,68.63,40.36
10099,-99.57,68.63,40.36
184,-99.56,68.62,40.35
159,-99.56,68.62,40.35
95,-99.55,68.62,40.35
96,-99.55,68.62,40.35
138,-99.56,68.62,40.36
134,-99.56,68.62,40.36
96,-99.55,68.62,40.36
99,-99.55,68.62,40.36
62600,-99.56,68.63,40.34
351192,-99.57,68.63,40.34
22633,-99.56,68.63,40.35
160636,-99.57,68.63,40.35
2182,-99.56,68.63,40.35
6268,-99.56,68.63,40.34
185341,-99.56,68.63,40.34
360138,-99.56,68.63,40.33
18515,-99.56,68.63,40.34
45643,-99.56,68.63,40.33
302,-99.56,68.62,40.35
564,-99.56,68.62,40.34
117,-99.55,68.62,40.34
91,-99.55,68.62,40.35
1572,-99.56,68.62,40.34
91,-99.55,68.62,40.34
3726,-99.56,68.62,40.33
266,-99.56,68.62,40.33
73,-99.55,68.62,40.35
72,-99.55,68.62,40.35
49,-99.55,68.61,40.35
50,-99.55,68.61,40.35
70,-99.55,68.62,40.36
72,-99.55,68.62,40.36
48,-99.55,68.61,40.36
53,-99.55,68.61,40.36
26,-99.54,68.61,40.35
27,-99.54,68.61,40.36
86,-99.55,68.62,40.34
81,-99.55,68.62,40.35
54,-99.55,68.61,40.34
52,-99.55,68.61,40.35
74,-99.55,68.62,40.33
26,-99.54,68.61,40.34
28,-99.54,68.61,40.33
28,-99.54,68.6,40.36
51,-99.55,68.62,40.37
89,-99.55,68.62,40.38
42,-99.54,68.61,40.37
84,-99.54,68.61,40.38
231,-99.55,68.61,40.39
40,-99.54,68.63,40.39
204,-99.54,68.61,40.39
48,-99.54,68.6,40.37
87,-99.54,68.6,40.38
75854,-99.59,68.63,40.37
37972,-99.59,68.63,40.38
1392,-99.57,68.62,40.39
732,-99.56,68.62,40.39
1403,-99.57,68.63,40.37
22389,-99.58,68.63,40.37
1166,-99.57,68.63,40.38
13195,-99.58,68.63,40.38
438,-99.56,68.62,40.37
519,-99.56,68.62,40.38
209781,-99.58,68.64,40.3
334908,-99.58,68.64,40.31
208253,-99.58,68.64,40.3
319020,-99.58,68.64,40.31
184796,-99.59,68.64,40.3
49956,-99.58,68.64,40.29
91895,-99.58,68.64,40.3
47828,-99.58,68.64,40.29
84840,-99.58,68.64,40.3
54650,-99.6,68.64,40.29
54865,-99.58,68.63,40.29
227752,-99.57,68.63,40.3
12696,-99.59,68.63,40.28
14285,-99.6,68.64,40.28
3505,-99.59,68.63,40.27
4996,-99.6,68.64,40.27
2771,-99.58,68.63,40.27
10230,-99.58,68.63,40.28
689211,-99.58,68.64,40.32
524635,-99.58,68.64,40.31
661900,-99.58,68.64,40.32
515584,-99.58,68.64,40.31
424193,-99.59,68.64,40.31
912644,-99.58,68.64,40.33
855224,-99.58,68.64,40.33
830129,-99.58,68.64,40.32
788595,-99.58,68.64,40.32
696087,-99.59,68.64,40.32
653644,-99.57,68.63,40.32
489269,-99.57,68.63,40.31
163896,-99.57,68.63,40.32
137545,-99.57,68.63,40.31
7483,-99.56,68.62,40.32
11022,-99.56,68.62,40.31
20841,-99.57,68.63,40.29
67704,-99.57,68.63,40.3
3032,-99.56,68.62,40.29
7712,-99.56,68.62,40.3
1319,-99.58,68.62,40.27
4610,-99.58,68.62,40.28
344,-99.57,68.61,40.27
1060,-99.57,68.61,40.28
53,-99.55,68.63,40.39
112,-99.56,68.64,40.39
337,-99.57,68.64,40.4
25,-99.53,68.59,40.35
27,-99.52,68.59,40.36
34,-99.53,68.59,40.36
30,-99.51,68.58,40.36
436,-99.56,68.61,40.32
59,-99.55,68.6,40.32
695,-99.56,68.61,40.31
72,-99.55,68.6,40.31
272,-99.56,68.61,40.29
29,-99.55,68.6,40.29
568,-99.56,68.61,40.3
58,-99.55,68.6,40.3
61,-99.56,68.6,40.27
185,-99.56,68.6,40.28
35,-99.56,68.6,40.28
48,-99.57,68.6,40.26
56,-99.58,68.61,40.25
59,-99.6,68.62,40.22
1594,-99.6,68.63,40.26
643,-99.6,68.63,40.26
1103,-99.59,68.62,40.26
412,-99.59,68.62,40.26
281,-99.6,68.61,40.24
525,-99.58,68.61,40.26
186,-99.58,68.61,40.26
59,-99.58,68.61,40.26
190,-99.58,68.61,40.26
133388,-99.6,68.67,40.39
24146,-99.59,68.66,40.4
6072,-99.59,68.65,40.4
70640,-99.63,68.69,40.33
99615,-99.63,68.69,40.34
675956,-99.62,68.67,40.35
544618,-99.62,68.68,40.35
305484,-99.63,68.69,40.35
840504,-99.62,68.67,40.36
828103,-99.62,68.68,40.36
610179,-99.63,68.68,40.36
228732,-99.62,68.67,40.33
127326,-99.63,68.67,40.33
91984,-99.62,68.69,40.33
432363,-99.62,68.67,40.34
158040,-99.62,68.69,40.34
33031,-99.64,68.68,40.3
21545,-99.64,68.68,40.29
47599,-99.64,68.68,40.31
67638,-99.64,68.68,40.32
48163,-99.64,68.69,40.33
79381,-99.63,68.67,40.31
127772,-99.63,68.67,40.32
54856,-99.63,68.67,40.31
81432,-99.63,68.67,40.32
48422,-99.63,68.67,40.3
36264,-99.63,68.67,40.3
27024,-99.63,68.67,40.29
22370,-99.63,68.67,40.29
856709,-99.61,68.66,40.35
946308,-99.61,68.66,40.35
922132,-99.61,68.66,40.36
928572,-99.61,68.66,40.36
409395,-99.61,68.66,40.33
664032,-99.61,68.66,40.34
636730,-99.61,68.66,40.33
850209,-99.61,68.66,40.34
803293,-99.6,68.65,40.33
933332,-99.6,68.65,40.34
945202,-99.6,68.65,40.35
808888,-99.6,68.65,40.36
533410,-99.59,68.64,40.36
822546,-99.59,68.64,40.35
125187,-99.62,68.66,40.31
217157,-99.62,68.66,40.32
346765,-99.61,68.65,40.32
194350,-99.61,68.65,40.31
44823,-99.61,68.64,40.29
123063,-99.61,68.64,40.3
68011,-99.62,68.66,40.3
33110,-99.62,68.66,40.29
39458,-99.62,68.65,40.29
94429,-99.61,68.65,40.3
479189,-99.61,68.64,40.32
273043,-99.61,68.64,40.31
3119,-99.63,68.65,40.27
1531,-99.63,68.65,40.26
1455,-99.62,68.64,40.26
3084,-99.62,68.64,40.27
1377,-99.62,68.64,40.26
2947,-99.62,68.64,40.27
1305,-99.61,68.63,40.26
2699,-99.61,68.63,40.27
7134,-99.62,68.64,40.27
16470,-99.62,68.64,40.28
15938,-99.63,68.65,40.28
6819,-99.63,68.65,40.27
7033,-99.62,68.64,40.27
16586,-99.62,68.64,40.28
850852,-99.62,68.68,40.37
790874,-99.62,68.68,40.37
770199,-99.62,68.68,40.38
876608,-99.61,68.66,40.37
857555,-99.61,68.68,40.37
769912,-99.61,68.66,40.37
695052,-99.61,68.66,40.38
604790,-99.61,68.67,40.38
519330,-99.61,68.65,40.38
355261,-99.61,68.67,40.39
144205,-99.6,68.65,40.39
55582,-99.59,68.64,40.39
533067,-99.6,68.65,40.37
274173,-99.6,68.65,40.38
234304,-99.59,68.64,40.37
99276,-99.59,68.64,40.38
30853,-99.64,68.7,40.31
43402,-99.64,68.7,40.32
13303,-99.64,68.7,40.29
21279,-99.64,68.7,40.3
2725,-99.64,68.7,40.28
7017,-99.64,68.7,40.28
877,-99.64,68.7,40.27
789,-99.65,68.69,40.25
246,-99.65,68.7,40.25
59,-99.65,68.71,40.24
403,-99.65,68.69,40.25
215,-99.65,68.69,40.24
56,-99.66,68.72,40.24
12786,-99.65,68.67,40.28
6392,-99.65,68.67,40.27
3139,-99.64,68.66,40.27
3138,-99.64,68.67,40.27
1578,-99.64,68.66,40.26
1599,-99.64,68.67,40.26
3202,-99.65,68.67,40.27
1592,-99.65,68.67,40.26
14897,-99.64,68.66,40.28
13601,-99.64,68.67,40.28
6635,-99.64,68.66,40.27
6389,-99.64,68.67,40.27
795,-99.65,68.67,40.25
72,-99.64,68.68,40.22
406,-99.65,68.67,40.24
776,-99.64,68.66,40.25
803,-99.64,68.67,40.25
379,-99.64,68.66,40.24
407,-99.64,68.67,40.24
80,-99.64,68.66,40.21
174,-99.64,68.66,40.22
1077,-99.64,68.65,40.25
942,-99.63,68.64,40.25
541,-99.64,68.65,40.24
444,-99.63,68.64,40.24
784,-99.62,68.63,40.25
381,-99.62,68.63,40.24
615,-99.62,68.62,40.25
297,-99.62,68.62,40.24
92,-99.62,68.63,40.22
362,-99.64,68.63,40.22
102,-99.67,68.71,40.22
53,-99.67,68.71,40.21
177,-99.54,68.6,40.39
42,-99.52,68.61,40.39
26,-99.51,68.6,40.37
50,-99.53,68.59,40.37
32,-99.51,68.6,40.38
87,-99.53,68.59,40.38
28,-99.5,68.6,40.37
33,-99.5,68.6,40.38
68,-99.54,68.62,40.4
81,-99.54,68.63,40.4
58,-99.52,68.61,40.4
62,-99.53,68.61,40.4
4230,-99.58,68.63,40.4
9237,-99.58,68.63,40.39
22799,-99.59,68.63,40.39
1806,-99.58,68.65,40.4
433,-99.57,68.64,40.4
1183,-99.56,68.62,40.4
2223,-99.57,68.62,40.4
896362,-99.58,68.64,40.35
959452,-99.58,68.64,40.34
846565,-99.58,68.64,40.34
719271,-99.58,68.64,40.35
927958,-99.59,68.64,40.34
971309,-99.58,68.64,40.34
960666,-99.58,68.64,40.33
884717,-99.58,68.64,40.34
892560,-99.58,68.64,40.33
879530,-99.59,68.64,40.33
583322,-99.58,68.63,40.34
395495,-99.58,68.63,40.35
150847,-99.57,68.63,40.35
315584,-99.57,68.63,40.34
657868,-99.57,68.63,40.33
189894,-99.59,68.63,40.36
461148,-99.59,68.63,40.35
6970,-99.57,68.63,40.35
106894,-99.58,68.63,40.35
2482,-99.57,68.63,40.36
45754,-99.58,68.63,40.36
718,-99.56,68.62,40.35
495,-99.56,68.62,40.36
27540,-99.57,68.63,40.34
111424,-99.57,68.63,40.33
1494,-99.56,68.62,40.34
4476,-99.56,68.62,40.33
176,-99.56,68.61,40.35
189,-99.56,68.61,40.36
79,-99.55,68.6,40.35
110,-99.55,68.6,40.36
203,-99.56,68.61,40.34
321,-99.56,68.61,40.33
65,-99.55,68.6,40.34
60,-99.55,68.6,40.33
65,-99.54,68.6,40.35
97,-99.54,68.6,40.36
45,-99.54,68.6,40.34
32,-99.54,68.6,40.33
233,-99.56,68.61,40.37
336,-99.56,68.61,40.38
170,-99.55,68.6,40.37
264,-99.55,68.6,40.38
501,-99.56,68.61,40.39
396,-99.55,68.6,40.39
318,-99.54,68.6,40.39
150,-99.54,68.6,40.37
225,-99.54,68.6,40.38
37365,-99.6,68.63,40.39
94558,-99.6,68.63,40.37
56336,-99.6,68.63,40.38
3905,-99.58,68.62,40.39
17740,-99.59,68.62,40.39
2012,-99.57,68.61,40.39
5794,-99.58,68.62,40.37
36179,-99.59,68.62,40.37
4394,-99.58,68.62,40.38
24422,-99.59,68.62,40.38
1874,-99.57,68.61,40.37
1884,-99.57,68.61,40.38
196046,-99.59,68.63,40.3
138978,-99.6,68.64,40.3
51148,-99.59,68.63,40.29
47056,-99.6,68.64,40.29
39159,-99.58,68.63,40.29
124075,-99.58,68.63,40.3
13044,-99.6,68.63,40.28
15580,-99.61,68.63,40.28
4535,-99.6,68.63,40.27
7197,-99.61,68.63,40.27
3263,-99.59,68.62,40.27
9457,-99.59,68.62,40.28
442298,-99.59,68.63,40.31
317750,-99.6,68.64,40.31
675915,-99.59,68.63,40.32
534659,-99.6,68.64,40.32
398734,-99.58,68.63,40.32
266321,-99.58,68.63,40.31
92772,-99.58,68.62,40.32
74918,-99.58,68.62,40.31
8964,-99.57,68.61,40.32
9074,-99.57,68.61,40.31
15390,-99.58,68.62,40.29
40425,-99.58,68.62,40.3
2877,-99.57,68.61,40.29
6160,-99.57,68.61,40.3
1549,-99.58,68.61,40.27
4204,-99.58,68.61,40.28
544,-99.58,68.61,40.27
1326,-99.58,68.61,40.28
101,-99.55,68.63,40.4
178,-99.56,68.64,40.4
31,-99.52,68.59,40.35
67,-99.54,68.59,40.35
40,-99.52,68.59,40.36
95,-99.54,68.59,40.36
32,-99.54,68.59,40.33
46,-99.54,68.59,40.34
27,-99.52,68.58,40.34
28,-99.53,68.58,40.32
29,-99.52,68.57,40.32
30,-99.51,68.57,40.34
35,-99.52,68.58,40.35
25,-99.51,68.58,40.35
44,-99.52,68.58,40.36
1027,-99.56,68.6,40.32
207,-99.56,68.6,40.32
1052,-99.56,68.6,40.31
180,-99.56,68.6,40.31
428,-99.56,68.6,40.29
75,-99.56,68.6,40.29
790,-99.56,68.6,40.3
133,-99.56,68.6,40.3
154,-99.57,68.6,40.27
51,-99.57,68.59,40.27
342,-99.57,68.6,40.28
113,-99.57,68.59,40.28
25,-99.55,68.59,40.29
44,-99.55,68.59,40.3
31,-99.54,68.58,40.3
47,-99.56,68.58,40.28
32,-99.55,68.58,40.28
94,-99.55,68.59,40.32
70,-99.54,68.58,40.32
68,-99.55,68.59,40.31
48,-99.54,68.58,40.31
99,-99.58,68.58,40.26
81,-99.59,68.6,40.24
26,-99.59,68.58,40.23
139,-99.62,68.6,40.23
1612,-99.6,68.61,40.26
368,-99.62,68.6,40.24
503,-99.59,68.6,40.26
312079,-99.61,68.65,40.39
129919,-99.6,68.67,40.39
165519,-99.61,68.67,40.4
38929,-99.6,68.64,40.4
87370,-99.6,68.64,40.4
7100,-99.59,68.66,40.41
23300,-99.6,68.66,40.4
59870,-99.64,68.69,40.33
85147,-99.64,68.69,40.34
102680,-99.64,68.68,40.33
65080,-99.64,68.69,40.33
156806,-99.64,68.68,40.34
93552,-99.64,68.69,40.34
122787,-99.64,68.69,40.35
165513,-99.64,68.69,40.35
328925,-99.64,68.69,40.36
585821,-99.63,68.67,40.35
403380,-99.63,68.67,40.35
773108,-99.63,68.66,40.36
621846,-99.63,68.67,40.36
533947,-99.63,68.69,40.36
214853,-99.63,68.67,40.33
130277,-99.63,68.67,40.33
362839,-99.63,68.67,40.34
230832,-99.63,68.67,40.34
37284,-99.65,68.67,40.3
35417,-99.65,68.68,40.3
23161,-99.65,68.67,40.29
22603,-99.65,68.68,40.29
56275,-99.65,68.67,40.31
82043,-99.65,68.67,40.32
51974,-99.65,68.68,40.31
74300,-99.65,68.68,40.32
103189,-99.63,68.66,40.31
167188,-99.63,68.66,40.32
73626,-99.64,68.67,40.31
112460,-99.64,68.67,40.32
58879,-99.63,68.66,40.3
45696,-99.64,68.67,40.3
31082,-99.64,68.66,40.29
26290,-99.64,68.67,40.29
774969,-99.62,68.66,40.35
882626,-99.61,68.65,40.35
874771,-99.62,68.66,40.36
873807,-99.61,68.65,40.36
365400,-99.62,68.66,40.33
574153,-99.62,68.66,40.34
549373,-99.61,68.65,40.33
756612,-99.61,68.65,40.34
694884,-99.61,68.64,40.33
839720,-99.61,68.64,40.34
859979,-99.61,68.64,40.35
727422,-99.61,68.64,40.36
440169,-99.6,68.64,40.36
659506,-99.6,68.64,40.35
144001,-99.63,68.65,40.31
242614,-99.63,68.65,40.32
319599,-99.62,68.64,40.32
188486,-99.62,68.64,40.31
43857,-99.62,68.64,40.29
97932,-99.62,68.64,40.3
75116,-99.63,68.65,40.3
36351,-99.63,68.65,40.29
41034,-99.62,68.64,40.29
90566,-99.62,68.64,40.3
355705,-99.62,68.64,40.32
216471,-99.62,68.64,40.31
4516,-99.64,68.65,40.27
2273,-99.64,68.65,40.26
2039,-99.63,68.64,40.26
4252,-99.63,68.64,40.27
1824,-99.62,68.63,40.26
3779,-99.62,68.63,40.27
1581,-99.62,68.62,40.26
3179,-99.62,68.62,40.27
8763,-99.62,68.63,40.27
18084,-99.62,68.63,40.28
8024,-99.62,68.62,40.27
15844,-99.62,68.62,40.28
19229,-99.64,68.65,40.28
9407,-99.64,68.65,40.27
9180,-99.63,68.64,40.27
19056,-99.63,68.64,40.28
582345,-99.64,68.69,40.37
717843,-99.64,68.69,40.38
823454,-99.63,68.66,40.37
750660,-99.63,68.67,40.37
750957,-99.63,68.68,40.37
756263,-99.63,68.66,40.38
764484,-99.62,68.68,40.38
754070,-99.63,68.68,40.38
709661,-99.63,68.68,40.39
424929,-99.62,68.67,40.4
625873,-99.62,68.68,40.39
843762,-99.62,68.66,40.37
741181,-99.61,68.65,40.37
681594,-99.62,68.66,40.38
518654,-99.61,68.65,40.38
452923,-99.62,68.65,40.39
391330,-99.62,68.67,40.39
162617,-99.61,68.64,40.39
76947,-99.6,68.64,40.39
497860,-99.61,68.64,40.37
290681,-99.61,68.64,40.38
240662,-99.6,68.64,40.37
129483,-99.6,68.64,40.38
34672,-99.66,68.7,40.32
15243,-99.66,68.7,40.3
12975,-99.65,68.68,40.28
6659,-99.65,68.68,40.27
4095,-99.66,68.7,40.28
3451,-99.67,68.71,40.28
622,-99.66,68.69,40.25
3152,-99.65,68.68,40.26
1495,-99.65,68.68,40.26
664,-99.65,68.71,40.26
725,-99.67,68.72,40.26
794,-99.65,68.68,40.25
403,-99.65,68.68,40.24
294,-99.66,68.7,40.24
91,-99.66,68.7,40.22
40,-99.66,68.7,40.21
281,-99.67,68.71,40.24
107,-99.67,68.72,40.24
16429,-99.66,68.67,40.28
15758,-99.66,68.68,40.29
8822,-99.66,68.67,40.28
8782,-99.66,68.68,40.28
4699,-99.64,68.65,40.27
4768,-99.65,68.66,40.27
2392,-99.64,68.65,40.26
2487,-99.65,68.66,40.26
4780,-99.66,68.67,40.27
4809,-99.66,68.68,40.27
2473,-99.66,68.67,40.26
2498,-99.66,68.68,40.26
18593,-99.64,68.65,40.28
17619,-99.65,68.66,40.28
9304,-99.64,68.65,40.28
9130,-99.65,68.66,40.28
1312,-99.66,68.67,40.25
1356,-99.66,68.68,40.25
658,-99.66,68.67,40.24
716,-99.66,68.68,40.24
207,-99.65,68.67,40.22
105,-99.65,68.68,40.21
1206,-99.64,68.65,40.25
1286,-99.65,68.66,40.25
582,-99.64,68.65,40.24
665,-99.65,68.66,40.24
446,-99.66,68.65,40.22
772,-99.66,68.63,40.23
1061,-99.65,68.63,40.24
690,-99.63,68.62,40.24
242,-99.63,68.62,40.23
52,-99.64,68.63,40.2
716,-99.69,68.73,40.26
235,-99.68,68.7,40.22
114,-99.68,68.71,40.21
153,-99.53,68.59,40.39
49,-99.51,68.6,40.4
262,-99.54,68.59,40.39
54,-99.52,68.59,40.37
138,-99.54,68.59,40.37
86,-99.52,68.59,40.38
195,-99.54,68.59,40.38
59,-99.52,68.58,40.37
86,-99.52,68.58,40.38
33,-99.49,68.59,40.38
49,-99.5,68.58,40.4
36,-99.48,68.57,40.38
787,-99.56,68.61,40.4
577,-99.55,68.6,40.4
109,-99.54,68.62,40.41
351,-99.54,68.59,40.4
444,-99.54,68.59,40.4
99,-99.53,68.61,40.41
7750,-99.58,68.63,40.4
17412,-99.59,68.63,40.4
1848,-99.58,68.64,40.42
13998,-99.59,68.62,40.4
26624,-99.6,68.63,40.4
2160,-99.57,68.61,40.4
3895,-99.58,68.62,40.4
724108,-99.59,68.63,40.34
764462,-99.6,68.64,40.34
785516,-99.59,68.63,40.33
710438,-99.6,68.64,40.33
262265,-99.58,68.63,40.34
420591,-99.58,68.63,40.33
174657,-99.6,68.63,40.36
317290,-99.6,68.63,40.35
16547,-99.58,68.62,40.35
98786,-99.59,68.62,40.35
9322,-99.58,68.62,40.36
58271,-99.59,68.62,40.36
2755,-99.57,68.61,40.35
2118,-99.57,68.61,40.36
34301,-99.58,68.62,40.34
75949,-99.58,68.62,40.33
4263,-99.57,68.61,40.34
7538,-99.57,68.61,40.33
732,-99.56,68.6,40.35
782,-99.56,68.6,40.36
348,-99.56,68.6,40.35
438,-99.56,68.6,40.36
804,-99.56,68.6,40.34
981,-99.56,68.6,40.33
296,-99.56,68.6,40.34
254,-99.56,68.6,40.33
235,-99.55,68.59,40.35
311,-99.55,68.59,40.36
181,-99.55,68.59,40.34
134,-99.55,68.59,40.33
895,-99.56,68.6,40.37
1056,-99.56,68.6,40.38
559,-99.56,68.6,40.37
704,-99.56,68.6,40.38
1244,-99.56,68.6,40.39
852,-99.56,68.6,40.39
630,-99.55,68.59,40.39
409,-99.55,68.59,40.37
522,-99.55,68.59,40.38
46035,-99.6,68.62,40.39
94949,-99.6,68.62,40.37
65103,-99.6,68.62,40.38
8150,-99.58,68.61,40.39
24413,-99.6,68.61,40.39
4267,-99.58,68.61,40.39
4077,-99.58,68.61,40.4
7223,-99.58,68.61,40.4
12685,-99.58,68.61,40.37
43668,-99.6,68.61,40.37
9954,-99.58,68.61,40.38
32594,-99.6,68.61,40.38
4979,-99.58,68.61,40.37
4539,-99.58,68.61,40.38
119141,-99.6,68.63,40.3
89905,-99.61,68.63,40.3
42053,-99.6,68.63,40.29
42998,-99.61,68.63,40.29
28531,-99.59,68.62,40.29
69210,-99.59,68.62,40.3
8650,-99.6,68.61,40.28
268115,-99.6,68.63,40.31
200442,-99.61,68.63,40.31
426511,-99.6,68.63,40.32
312229,-99.61,68.63,40.32
203763,-99.59,68.62,40.32
134591,-99.59,68.62,40.31
57217,-99.58,68.61,40.32
44562,-99.58,68.61,40.31
10862,-99.58,68.61,40.32
9094,-99.58,68.61,40.31
11537,-99.58,68.61,40.29
25163,-99.58,68.61,40.3
3106,-99.58,68.61,40.29
5863,-99.58,68.61,40.3
2507,-99.59,68.6,40.28
457,-99.56,68.63,40.42
1726,-99.58,68.64,40.43
101,-99.68,68.73,40.24
135,-99.7,68.73,40.21
661,-99.7,68.74,40.26
26,-99.45,68.55,40.34
50,-99.48,68.57,40.4
31,-99.45,68.55,40.36
38,-99.47,68.56,40.38
25,-99.52,68.57,40.31
32,-99.52,68.57,40.32
27,-99.51,68.56,40.31
34,-99.51,68.56,40.32
29,-99.57,68.57,40.26
71,-99.53,68.58,40.35
183,-99.54,68.58,40.35
95,-99.53,68.58,40.36
241,-99.54,68.58,40.36
68,-99.52,68.57,40.35
89,-99.52,68.57,40.36
38,-99.53,68.58,40.33
100,-99.54,68.58,40.33
52,-99.53,68.58,40.34
139,-99.54,68.58,40.34
38,-99.52,68.57,40.33
52,-99.52,68.57,40.34
36,-99.54,68.57,40.3
71,-99.54,68.57,40.32
26,-99.5,68.56,40.33
32,-99.5,68.56,40.34
41,-99.52,68.57,40.33
53,-99.52,68.57,40.34
42,-99.51,68.56,40.33
52,-99.51,68.56,40.34
27,-99.48,68.57,40.36
58,-99.51,68.56,40.36
29,-99.47,68.56,40.36
2200,-99.57,68.6,40.32
695,-99.56,68.59,40.32
1839,-99.57,68.6,40.31
542,-99.56,68.59,40.31
727,-99.57,68.6,40.29
222,-99.57,68.59,40.29
1220,-99.57,68.6,40.3
359,-99.56,68.59,40.3
456,-99.58,68.58,40.28
91,-99.56,68.58,40.29
55,-99.55,68.58,40.29
144,-99.56,68.58,40.3
86,-99.55,68.58,40.3
109,-99.57,68.57,40.28
311,-99.56,68.58,40.32
186,-99.55,68.58,40.32
233,-99.56,68.58,40.31
135,-99.55,68.58,40.31
46,-99.59,68.57,40.24
198,-99.59,68.57,40.26
145,-99.61,68.59,40.24
62,-99.61,68.59,40.23
1750,-99.62,68.6,40.26
529,-99.63,68.59,40.24
648,-99.61,68.59,40.26
72933,-99.61,68.67,40.4
178755,-99.62,68.67,40.4
308649,-99.61,68.65,40.39
290533,-99.62,68.65,40.4
65341,-99.6,68.66,40.4
48253,-99.6,68.64,40.4
94000,-99.61,68.64,40.4
10047,-99.59,68.65,40.41
110340,-99.65,68.68,40.33
63451,-99.65,68.7,40.34
164263,-99.65,68.68,40.34
85658,-99.65,68.7,40.34
122073,-99.65,68.67,40.33
189630,-99.65,68.67,40.34
238288,-99.65,68.68,40.35
123687,-99.65,68.69,40.35
307287,-99.65,68.67,40.35
467983,-99.65,68.67,40.36
210130,-99.65,68.69,40.36
565984,-99.63,68.66,40.35
401676,-99.64,68.67,40.35
707730,-99.63,68.66,40.36
583510,-99.64,68.67,40.36
259953,-99.63,68.66,40.33
170046,-99.64,68.67,40.33
393973,-99.63,68.66,40.34
260062,-99.64,68.67,40.34
47845,-99.65,68.67,40.3
41779,-99.66,68.68,40.3
29085,-99.66,68.67,40.29
26259,-99.66,68.68,40.29
75853,-99.65,68.67,40.31
111499,-99.65,68.67,40.32
62838,-99.66,68.68,40.31
91077,-99.66,68.68,40.32
118792,-99.64,68.65,40.31
185504,-99.64,68.65,40.32
94660,-99.65,68.66,40.31
143855,-99.65,68.66,40.32
66445,-99.64,68.65,40.3
56558,-99.65,68.66,40.3
36794,-99.64,68.65,40.29
32818,-99.65,68.66,40.29
694637,-99.63,68.65,40.35
728454,-99.62,68.64,40.35
764130,-99.63,68.65,40.36
706033,-99.62,68.64,40.36
376284,-99.63,68.65,40.33
541051,-99.63,68.65,40.34
482432,-99.62,68.64,40.33
638897,-99.62,68.64,40.34
514820,-99.62,68.64,40.33
621449,-99.62,68.64,40.34
626348,-99.62,68.64,40.35
520980,-99.62,68.64,40.36
298462,-99.61,68.63,40.36
408833,-99.61,68.63,40.35
140733,-99.64,68.65,40.31
224488,-99.64,68.65,40.32
242933,-99.63,68.64,40.32
154209,-99.63,68.64,40.31
41482,-99.62,68.63,40.29
38281,-99.62,68.62,40.29
78120,-99.62,68.63,40.3
67467,-99.62,68.62,40.3
75471,-99.64,68.65,40.3
40124,-99.64,68.65,40.29
41716,-99.63,68.64,40.29
79974,-99.63,68.64,40.3
229969,-99.62,68.63,40.32
151416,-99.62,68.63,40.31
129807,-99.62,68.62,40.31
184873,-99.62,68.62,40.32
4441,-99.64,68.63,40.26
3155,-99.63,68.62,40.26
12430,-99.63,68.62,40.28
16168,-99.64,68.63,40.28
580307,-99.65,68.67,40.37
545073,-99.64,68.69,40.37
601591,-99.65,68.67,40.38
668235,-99.64,68.69,40.38
557785,-99.65,68.69,40.38
385776,-99.65,68.69,40.37
644443,-99.64,68.69,40.39
750660,-99.63,68.66,40.37
684900,-99.64,68.67,40.37
678314,-99.63,68.66,40.38
656953,-99.64,68.66,40.38
549254,-99.64,68.66,40.39
686085,-99.63,68.68,40.39
341566,-99.64,68.66,40.4
429530,-99.63,68.68,40.4
505669,-99.63,68.66,40.39
576851,-99.63,68.68,40.4
725052,-99.63,68.65,40.37
583705,-99.62,68.64,40.37
596007,-99.63,68.65,40.38
421170,-99.62,68.64,40.38
415244,-99.63,68.65,40.39
277913,-99.62,68.64,40.39
157736,-99.62,68.64,40.39
85177,-99.61,68.63,40.39
371427,-99.62,68.64,40.37
246039,-99.62,68.64,40.38
197556,-99.61,68.63,40.37
128333,-99.61,68.63,40.38
70324,-99.66,68.7,40.34
131324,-99.65,68.7,40.36
32177,-99.67,68.68,40.3
70189,-99.67,68.68,40.32
40373,-99.67,68.7,40.32
13306,-99.68,68.71,40.3
34197,-99.68,68.71,40.32
11126,-99.67,68.69,40.28
8536,-99.68,68.7,40.28
4864,-99.68,68.72,40.28
2784,-99.67,68.69,40.26
2651,-99.68,68.7,40.26
798,-99.67,68.69,40.24
235,-99.67,68.69,40.22
119,-99.67,68.69,40.21
767,-99.68,68.7,40.24
16940,-99.67,68.66,40.28
5269,-99.66,68.65,40.26
5598,-99.67,68.66,40.26
17369,-99.66,68.65,40.28
1707,-99.67,68.66,40.24
539,-99.67,68.66,40.22
1473,-99.66,68.65,40.24
43,-99.66,68.65,40.2
842,-99.67,68.64,40.23
81,-99.66,68.62,40.21
1350,-99.66,68.62,40.24
943,-99.65,68.6,40.24
37,-99.63,68.62,40.2
12363,-99.7,68.72,40.3
27838,-99.7,68.72,40.32
3782,-99.69,68.73,40.28
2359,-99.7,68.72,40.26
731,-99.69,68.72,40.24
229,-99.69,68.72,40.22
652,-99.69,68.69,40.22
119,-99.69,68.72,40.21
87,-99.51,68.6,40.42
76,-99.5,68.58,40.42
221,-99.53,68.58,40.4
480,-99.54,68.58,40.39
130,-99.53,68.58,40.37
315,-99.54,68.58,40.37
173,-99.53,68.58,40.38
397,-99.54,68.58,40.38
117,-99.52,68.57,40.37
151,-99.52,68.57,40.38
99,-99.51,68.56,40.38
178,-99.51,68.56,40.4
71,-99.49,68.57,40.42
102,-99.5,68.55,40.38
157,-99.5,68.55,40.4
102,-99.49,68.53,40.38
995,-99.56,68.6,40.4
911,-99.55,68.6,40.41
1442,-99.56,68.6,40.4
213,-99.55,68.62,40.42
384,-99.55,68.62,40.44
568,-99.54,68.58,40.4
753,-99.55,68.59,40.4
589,-99.54,68.59,40.41
140,-99.53,68.61,40.42
226,-99.53,68.61,40.44
19226,-99.6,68.61,40.4
33801,-99.6,68.62,40.4
13235,-99.59,68.62,40.41
9472,-99.59,68.62,40.43
2771,-99.58,68.64,40.44
4350,-99.58,68.61,40.42
4501,-99.58,68.61,40.43
465,-99.55,68.61,40.45
474408,-99.6,68.63,40.34
466624,-99.61,68.63,40.34
517816,-99.6,68.63,40.33
423509,-99.61,68.63,40.33
171403,-99.59,68.62,40.34
226967,-99.59,68.62,40.33
140915,-99.6,68.62,40.36
198766,-99.6,68.62,40.35
25211,-99.58,68.61,40.35
86759,-99.6,68.61,40.35
17829,-99.58,68.61,40.36
61682,-99.6,68.61,40.36
6889,-99.58,68.61,40.35
5837,-99.58,68.61,40.36
39392,-99.58,68.61,40.34
55744,-99.58,68.61,40.33
8885,-99.58,68.61,40.34
10814,-99.58,68.61,40.33
2279,-99.57,68.6,40.35
2314,-99.57,68.6,40.36
1049,-99.56,68.59,40.35
1176,-99.56,68.59,40.36
2452,-99.57,68.6,40.34
2474,-99.57,68.6,40.33
981,-99.56,68.59,40.34
863,-99.56,68.59,40.33
615,-99.56,68.58,40.35
726,-99.56,68.58,40.36
398,-99.55,68.58,40.35
485,-99.55,68.58,40.36
521,-99.56,68.58,40.34
325,-99.55,68.58,40.34
425,-99.56,68.58,40.33
254,-99.55,68.58,40.33
2321,-99.57,68.6,40.37
2411,-99.57,68.6,40.38
1300,-99.56,68.59,40.37
1444,-99.56,68.59,40.38
2474,-99.57,68.6,40.39
2532,-99.57,68.6,40.4
1568,-99.56,68.59,40.39
1662,-99.56,68.59,40.4
1081,-99.56,68.58,40.39
1175,-99.56,68.58,40.4
773,-99.55,68.58,40.39
858,-99.55,68.58,40.4
849,-99.56,68.58,40.37
974,-99.56,68.58,40.38
581,-99.55,68.58,40.37
680,-99.55,68.58,40.38
48675,-99.61,68.62,40.39
37522,-99.61,68.62,40.4
28169,-99.6,68.61,40.39
22637,-99.6,68.61,40.4
85567,-99.61,68.62,40.37
65069,-99.61,68.62,40.38
45523,-99.6,68.61,40.37
36240,-99.6,68.61,40.38
10115,-99.59,68.6,40.4
13975,-99.59,68.6,40.38
40707,-99.6,68.61,40.3
7217,-99.62,68.6,40.28
118676,-99.6,68.61,40.32
24158,-99.59,68.6,40.32
9872,-99.59,68.6,40.3
2531,-99.61,68.59,40.28
775,-99.56,68.63,40.44
2569,-99.59,68.64,40.46
10439,-99.71,68.73,40.3
128,-99.7,68.74,40.24
818,-99.71,68.73,40.24
258,-99.71,68.73,40.22
2207,-99.71,68.73,40.26
3678,-99.71,68.74,40.28
911,-99.71,68.74,40.26
72,-99.48,68.52,40.36
53,-99.47,68.52,40.34
28,-99.44,68.54,40.34
32,-99.44,68.54,40.36
25,-99.47,68.52,40.28
31,-99.47,68.52,40.3
39,-99.47,68.52,40.32
25,-99.46,68.53,40.3
31,-99.46,68.52,40.31
25,-99.4,68.52,40.3
39,-99.44,68.53,40.38
50,-99.47,68.56,40.4
39,-99.46,68.55,40.38
65,-99.48,68.56,40.41
141,-99.49,68.53,40.39
98,-99.48,68.52,40.38
34,-99.53,68.55,40.3
29,-99.5,68.55,40.32
58,-99.53,68.55,40.32
26,-99.49,68.54,40.3
34,-99.49,68.54,40.32
29,-99.5,68.52,40.28
27,-99.58,68.56,40.24
78,-99.58,68.56,40.26
48,-99.55,68.55,40.28
40,-99.54,68.54,40.28
214,-99.54,68.57,40.36
131,-99.54,68.57,40.34
108,-99.55,68.55,40.3
220,-99.55,68.55,40.32
41,-99.5,68.55,40.34
96,-99.53,68.55,40.34
64,-99.5,68.55,40.36
149,-99.53,68.55,40.36
48,-99.49,68.53,40.34
70,-99.49,68.53,40.36
42,-99.49,68.51,40.3
56,-99.49,68.51,40.32
32,-99.49,68.51,40.28
25,-99.49,68.51,40.26
26,-99.5,68.49,40.24
75,-99.49,68.51,40.34
98,-99.49,68.51,40.36
3442,-99.58,68.58,40.32
1512,-99.58,68.58,40.3
707,-99.59,68.57,40.28
312,-99.57,68.57,40.3
232,-99.58,68.56,40.28
674,-99.57,68.57,40.32
137,-99.61,68.56,40.24
324,-99.61,68.56,40.26
269,-99.62,68.58,40.24
56,-99.63,68.59,40.21
1711,-99.63,68.59,40.26
915,-99.65,68.58,40.25
775,-99.62,68.57,40.26
334,-99.54,68.6,40.45
326989,-99.63,68.67,40.41
176568,-99.62,68.65,40.4
170742,-99.62,68.64,40.4
259060,-99.63,68.65,40.4
67980,-99.61,68.67,40.42
34059,-99.61,68.66,40.43
58620,-99.61,68.63,40.4
100993,-99.62,68.64,40.4
39878,-99.6,68.64,40.41
13967,-99.6,68.66,40.42
9138,-99.6,68.65,40.44
163448,-99.65,68.67,40.33
131001,-99.66,68.67,40.33
228935,-99.65,68.67,40.34
184830,-99.66,68.67,40.34
329191,-99.65,68.67,40.35
266664,-99.66,68.67,40.35
438818,-99.65,68.67,40.36
357210,-99.66,68.67,40.36
497714,-99.64,68.65,40.35
415866,-99.65,68.66,40.35
573674,-99.64,68.65,40.36
521536,-99.65,68.66,40.36
281120,-99.64,68.65,40.33
215311,-99.65,68.66,40.33
384553,-99.64,68.65,40.34
300701,-99.65,68.66,40.34
44683,-99.67,68.66,40.3
98782,-99.67,68.66,40.32
118678,-99.66,68.65,40.32
50077,-99.66,68.65,40.3
529937,-99.64,68.65,40.35
482198,-99.63,68.64,40.35
557891,-99.64,68.65,40.36
465298,-99.63,68.64,40.36
334322,-99.64,68.65,40.33
443181,-99.64,68.65,40.34
351508,-99.63,68.64,40.33
442228,-99.63,68.64,40.34
317794,-99.62,68.63,40.33
374857,-99.62,68.63,40.34
243203,-99.62,68.62,40.33
271339,-99.62,68.62,40.34
369159,-99.62,68.63,40.35
323535,-99.62,68.63,40.36
201814,-99.62,68.62,40.36
242448,-99.62,68.62,40.35
121583,-99.64,68.63,40.32
41050,-99.63,68.62,40.3
50177,-99.64,68.63,40.3
95873,-99.63,68.62,40.32
4794,-99.66,68.62,40.26
3140,-99.65,68.6,40.26
10057,-99.65,68.6,40.28
14538,-99.66,68.62,40.28
518391,-99.65,68.67,40.37
429810,-99.66,68.67,40.37
518605,-99.65,68.67,40.38
438314,-99.66,68.67,40.38
541941,-99.65,68.69,40.38
431294,-99.65,68.69,40.38
431005,-99.65,68.66,40.39
586568,-99.65,68.69,40.4
584193,-99.64,68.65,40.37
581459,-99.65,68.66,40.37
530932,-99.64,68.65,40.38
559860,-99.65,68.66,40.38
410481,-99.64,68.65,40.39
455965,-99.65,68.66,40.39
285808,-99.64,68.65,40.4
327415,-99.65,68.66,40.4
512310,-99.64,68.65,40.37
388661,-99.63,68.64,40.37
427146,-99.64,68.65,40.38
303352,-99.63,68.64,40.38
315455,-99.64,68.65,40.39
218382,-99.63,68.64,40.39
154327,-99.63,68.64,40.4
221313,-99.64,68.65,40.4
135837,-99.62,68.63,40.39
82474,-99.62,68.62,40.39
97598,-99.62,68.63,40.4
61143,-99.62,68.62,40.4
252663,-99.62,68.63,40.37
190318,-99.62,68.63,40.38
153456,-99.62,68.62,40.37
113476,-99.62,68.62,40.38
134589,-99.67,68.68,40.34
71210,-99.67,68.7,40.34
64340,-99.68,68.71,40.34
234355,-99.67,68.68,40.35
133197,-99.67,68.7,40.36
110295,-99.68,68.71,40.36
311250,-99.67,68.7,40.38
473916,-99.67,68.7,40.4
6224,-99.6,68.65,40.45
38771,-99.68,68.68,40.3
81264,-99.68,68.68,40.32
33983,-99.7,68.69,40.3
65449,-99.7,68.69,40.32
16299,-99.68,68.68,40.28
14352,-99.69,68.69,40.28
5623,-99.68,68.68,40.26
5369,-99.69,68.69,40.26
1815,-99.68,68.68,40.24
616,-99.68,68.68,40.22
1831,-99.69,68.69,40.24
18868,-99.68,68.65,40.28
6300,-99.67,68.63,40.26
7265,-99.68,68.65,40.26
17528,-99.67,68.63,40.28
2506,-99.68,68.65,40.24
1032,-99.68,68.65,40.23
52,-99.67,68.66,40.2
1971,-99.67,68.63,40.24
84,-99.67,68.63,40.2
1243,-99.69,68.63,40.23
109,-99.66,68.61,40.21
1807,-99.68,68.61,40.24
1468,-99.66,68.59,40.25
92,-99.65,68.6,40.21
28533,-99.71,68.7,40.3
48360,-99.71,68.7,40.31
33406,-99.7,68.72,40.32
12527,-99.71,68.71,40.28
4977,-99.71,68.71,40.26
1784,-99.71,68.71,40.24
1505,-99.71,68.68,40.23
55,-99.69,68.7,40.2
655,-99.71,68.71,40.22
399,-99.53,68.57,40.41
153,-99.52,68.59,40.44
287,-99.52,68.56,40.41
120,-99.5,68.58,40.44
452,-99.54,68.57,40.4
326,-99.54,68.57,40.38
221,-99.53,68.55,40.38
309,-99.53,68.55,40.4
227,-99.5,68.55,40.41
101,-99.49,68.57,40.44
173,-99.51,68.54,40.38
232,-99.51,68.54,40.4
145,-99.5,68.52,40.38
1821,-99.56,68.6,40.42
2161,-99.57,68.59,40.43
963,-99.55,68.58,40.42
1185,-99.55,68.58,40.43
19423,-99.6,68.62,40.42
12289,-99.6,68.61,40.44
7898,-99.59,68.6,40.42
5874,-99.59,68.6,40.44
2092,-99.57,68.59,40.45
629,-99.56,68.62,40.46
1383,-99.56,68.58,40.45
167476,-99.6,68.61,40.34
112185,-99.61,68.62,40.36
138186,-99.61,68.62,40.35
72741,-99.6,68.61,40.35
59030,-99.6,68.61,40.36
20379,-99.59,68.6,40.36
30455,-99.59,68.6,40.34
4411,-99.58,68.58,40.36
4807,-99.58,68.58,40.34
1281,-99.57,68.57,40.36
1052,-99.57,68.57,40.34
4029,-99.58,68.58,40.38
3710,-99.58,68.58,40.4
1615,-99.57,68.57,40.4
1477,-99.57,68.57,40.38
33805,-99.62,68.6,40.4
49290,-99.62,68.6,40.38
13253,-99.61,68.59,40.4
17018,-99.61,68.59,40.38
23955,-99.62,68.6,40.3
5623,-99.63,68.59,40.28
53814,-99.62,68.6,40.32
16858,-99.61,68.59,40.32
7843,-99.61,68.59,40.3
2409,-99.62,68.57,40.28
8662,-99.61,68.61,40.45
4683,-99.59,68.6,40.45
1105,-99.57,68.63,40.46
2259,-99.59,68.64,40.47
172,-99.51,68.58,40.46
231,-99.52,68.59,40.45
22752,-99.72,68.71,40.3
13759,-99.72,68.74,40.3
27771,-99.72,68.73,40.32
60,-99.71,68.75,40.22
489,-99.72,68.72,40.22
275,-99.72,68.74,40.22
1692,-99.72,68.72,40.24
11229,-99.72,68.72,40.28
4422,-99.72,68.72,40.26
2723,-99.73,68.76,40.27
25,-97.82,67.62,40.21
26,-97.94,67.63,40.21
26,-98.04,67.64,40.21
137,-99.49,68.57,40.46
54,-99.46,68.5,40.34
67,-99.46,68.5,40.36
46,-99.45,68.51,40.34
31,-99.41,68.52,40.35
88,-99.46,68.5,40.38
42,-99.42,68.52,40.39
70,-99.48,68.49,40.34
89,-99.48,68.49,40.36
27,-99.49,68.48,40.24
35,-99.48,68.49,40.28
28,-99.48,68.49,40.26
43,-99.48,68.49,40.3
55,-99.48,68.49,40.32
28,-99.46,68.5,40.28
25,-99.37,68.5,40.26
35,-99.46,68.5,40.3
43,-99.46,68.5,40.32
28,-99.45,68.51,40.3
36,-99.45,68.51,40.32
25,-99.41,68.52,40.31
30,-99.41,68.49,40.3
28,-99.37,68.5,40.3
25,-99.39,68.48,40.24
187,-99.5,68.53,40.41
72,-99.47,68.55,40.42
47,-99.44,68.53,40.4
49,-99.46,68.54,40.4
184,-99.5,68.52,40.4
125,-99.48,68.52,40.39
89,-99.48,68.56,40.44
108,-99.46,68.5,40.39
125,-99.49,68.51,40.38
54,-99.42,68.51,40.42
110,-99.48,68.49,40.38
36,-99.51,68.54,40.3
73,-99.54,68.54,40.3
55,-99.51,68.54,40.32
127,-99.54,68.54,40.32
40,-99.5,68.52,40.3
56,-99.5,68.52,40.32
26,-99.53,68.52,40.26
30,-99.54,68.51,40.25
40,-99.53,68.52,40.28
30,-99.52,68.51,40.26
41,-99.52,68.51,40.28
27,-99.56,68.53,40.24
86,-99.6,68.55,40.25
25,-99.57,68.54,40.24
214,-99.61,68.54,40.25
161,-99.6,68.54,40.26
49,-99.57,68.54,40.26
42,-99.56,68.53,40.26
111,-99.57,68.54,40.28
78,-99.56,68.53,40.28
528,-99.55,68.55,40.36
370,-99.55,68.55,40.34
234,-99.57,68.54,40.3
431,-99.57,68.54,40.32
84,-99.51,68.54,40.34
204,-99.54,68.54,40.34
123,-99.51,68.54,40.36
298,-99.54,68.54,40.36
79,-99.5,68.52,40.34
109,-99.5,68.52,40.36
55,-99.49,68.48,40.3
70,-99.49,68.48,40.32
57,-99.5,68.49,40.3
76,-99.5,68.49,40.32
43,-99.49,68.48,40.28
34,-99.49,68.48,40.26
42,-99.5,68.49,40.28
32,-99.5,68.49,40.26
36,-99.51,68.47,40.25
89,-99.49,68.48,40.34
111,-99.49,68.48,40.36
102,-99.5,68.49,40.34
131,-99.5,68.49,40.36
4097,-99.59,68.57,40.32
2000,-99.59,68.57,40.3
915,-99.61,68.56,40.28
583,-99.58,68.56,40.3
388,-99.6,68.54,40.28
1145,-99.58,68.56,40.32
325,-99.62,68.55,40.25
501,-99.62,68.55,40.26
546,-99.64,68.56,40.25
28,-99.62,68.57,40.21
90,-99.65,68.58,40.21
1484,-99.66,68.57,40.25
1706,-99.65,68.58,40.26
950,-99.64,68.56,40.26
456,-99.54,68.6,40.47
729,-99.56,68.61,40.47
460901,-99.65,68.69,40.42
174312,-99.64,68.65,40.41
311339,-99.64,68.68,40.42
310686,-99.65,68.68,40.43
147844,-99.64,68.67,40.44
67313,-99.64,68.67,40.45
103674,-99.63,68.64,40.42
50111,-99.63,68.64,40.43
39244,-99.62,68.66,40.44
45743,-99.62,68.63,40.42
25243,-99.62,68.63,40.43
21269,-99.62,68.66,40.46
182357,-99.67,68.66,40.34
283459,-99.67,68.66,40.36
307640,-99.66,68.65,40.36
218043,-99.66,68.65,40.34
41704,-99.68,68.65,40.3
77281,-99.68,68.65,40.32
77186,-99.67,68.63,40.32
40739,-99.67,68.63,40.3
256234,-99.64,68.63,40.36
211026,-99.64,68.63,40.34
149328,-99.63,68.62,40.34
152070,-99.63,68.62,40.36
68639,-99.66,68.62,40.32
26127,-99.65,68.6,40.3
35829,-99.66,68.62,40.3
50664,-99.65,68.6,40.32
4599,-99.67,68.61,40.26
2991,-99.66,68.59,40.26
7744,-99.66,68.59,40.28
11630,-99.67,68.61,40.28
339229,-99.67,68.66,40.38
274183,-99.67,68.66,40.4
323080,-99.66,68.65,40.38
236452,-99.66,68.65,40.4
222234,-99.64,68.63,40.38
150937,-99.64,68.63,40.4
77151,-99.63,68.62,40.4
117355,-99.63,68.62,40.38
474689,-99.66,68.69,40.41
145205,-99.68,68.68,40.34
108463,-99.7,68.68,40.34
68369,-99.69,68.71,40.34
221434,-99.68,68.67,40.36
156138,-99.7,68.68,40.35
109335,-99.69,68.71,40.36
56104,-99.7,68.72,40.34
47058,-99.72,68.73,40.34
91141,-99.7,68.72,40.36
143309,-99.7,68.72,40.38
261555,-99.68,68.67,40.38
199754,-99.69,68.71,40.38
238027,-99.68,68.67,40.39
434740,-99.68,68.7,40.4
331513,-99.69,68.71,40.4
15209,-99.62,68.62,40.45
8222,-99.61,68.65,40.46
13216,-99.62,68.66,40.47
40543,-99.7,68.66,40.3
72751,-99.7,68.66,40.32
38275,-99.71,68.68,40.3
64637,-99.71,68.68,40.32
19312,-99.7,68.66,40.28
19122,-99.71,68.68,40.28
7824,-99.7,68.66,40.26
8052,-99.71,68.68,40.26
2872,-99.7,68.66,40.24
1270,-99.7,68.66,40.23
60,-99.68,68.68,40.2
3113,-99.71,68.68,40.24
17816,-99.7,68.64,40.28
6401,-99.69,68.62,40.26
7974,-99.7,68.64,40.26
15209,-99.69,68.62,40.28
3157,-99.7,68.64,40.24
1529,-99.7,68.64,40.23
92,-99.68,68.65,40.2
2390,-99.69,68.62,40.24
1521,-99.7,68.62,40.23
148,-99.69,68.62,40.21
151,-99.67,68.61,40.21
2182,-99.69,68.6,40.25
1963,-99.68,68.58,40.25
119,-99.66,68.59,40.21
34055,-99.72,68.69,40.3
54223,-99.72,68.69,40.32
18177,-99.72,68.69,40.28
16498,-99.73,68.71,40.28
8039,-99.72,68.69,40.26
7880,-99.73,68.71,40.26
3264,-99.72,68.69,40.24
2733,-99.72,68.67,40.23
146,-99.71,68.68,40.2
1601,-99.72,68.7,40.22
39,-99.7,68.71,40.2
3315,-99.73,68.71,40.24
1475,-99.73,68.71,40.22
592,-99.54,68.57,40.42
733,-99.54,68.57,40.43
404,-99.53,68.55,40.42
499,-99.53,68.55,40.43
839,-99.55,68.55,40.4
692,-99.55,68.55,40.38
403,-99.54,68.54,40.38
509,-99.54,68.54,40.4
893,-99.54,68.56,40.45
609,-99.53,68.55,40.45
298,-99.51,68.54,40.42
365,-99.51,68.54,40.43
274,-99.53,68.52,40.38
347,-99.53,68.52,40.4
206,-99.52,68.51,40.38
256,-99.52,68.51,40.4
442,-99.52,68.53,40.45
3419,-99.58,68.59,40.42
3038,-99.58,68.59,40.44
1690,-99.57,68.57,40.42
1692,-99.57,68.57,40.44
22206,-99.62,68.6,40.42
14630,-99.62,68.6,40.44
10048,-99.61,68.59,40.42
7515,-99.61,68.59,40.44
2669,-99.58,68.58,40.45
1637,-99.57,68.57,40.45
75654,-99.62,68.6,40.34
65862,-99.62,68.6,40.36
20737,-99.61,68.59,40.36
22836,-99.61,68.59,40.34
6147,-99.59,68.57,40.36
5838,-99.59,68.57,40.34
2096,-99.58,68.56,40.36
1721,-99.58,68.56,40.34
5874,-99.59,68.57,40.38
5317,-99.59,68.57,40.4
2383,-99.58,68.56,40.4
2315,-99.58,68.56,40.38
27511,-99.63,68.59,40.4
35110,-99.63,68.59,40.38
12759,-99.62,68.57,40.4
15132,-99.62,68.57,40.38
14803,-99.63,68.59,40.3
4488,-99.65,68.58,40.28
28273,-99.63,68.59,40.32
11588,-99.62,68.57,40.32
6153,-99.62,68.57,40.3
2455,-99.64,68.56,40.28
9846,-99.62,68.6,40.46
6254,-99.61,68.61,40.47
5695,-99.61,68.59,40.46
3962,-99.59,68.6,40.47
1271,-99.57,68.63,40.47
2937,-99.59,68.64,40.48
225,-99.51,68.58,40.48
310,-99.53,68.59,40.47
1623,-99.57,68.57,40.47
2477,-99.58,68.58,40.47
12856,-99.76,68.77,40.3
3222,-99.77,68.78,40.27
29185,-99.73,68.71,40.3
44490,-99.74,68.71,40.32
17487,-99.74,68.75,40.31
27,-99.72,68.73,40.2
174,-99.73,68.76,40.23
1882,-99.75,68.74,40.23
9351,-99.75,68.73,40.27
3959,-99.8,68.78,40.24
675,-99.79,68.8,40.22
26,-97.66,67.58,40.22
28,-97.77,67.58,40.22
29,-97.88,67.59,40.22
28,-97.88,67.58,40.29
27,-97.77,67.56,40.29
26,-97.83,67.59,40.36
30,-97.99,67.6,40.22
26,-98.04,67.62,40.28
25,-97.94,67.61,40.28
25,-98.15,67.63,40.29
31,-98.09,67.61,40.22
65,-99.4,68.49,40.46
115,-99.48,68.55,40.46
138,-99.48,68.55,40.47
172,-99.5,68.56,40.47
52,-99.39,68.49,40.42
55,-99.44,68.48,40.35
33,-99.38,68.49,40.35
79,-99.44,68.48,40.38
40,-99.38,68.49,40.39
34,-99.34,68.47,40.34
78,-99.47,68.46,40.35
28,-99.46,68.47,40.24
37,-99.49,68.45,40.25
37,-99.47,68.46,40.27
53,-99.47,68.46,40.31
27,-99.34,68.48,40.26
29,-99.39,68.48,40.27
28,-99.44,68.49,40.27
38,-99.44,68.49,40.31
28,-99.38,68.5,40.32
34,-99.39,68.47,40.3
30,-99.34,68.47,40.31
28,-99.36,68.45,40.24
28,-99.41,68.46,40.24
225,-99.5,68.52,40.42
154,-99.49,68.51,40.4
278,-99.5,68.52,40.43
131,-99.48,68.49,40.4
70,-99.45,68.54,40.43
165,-99.5,68.49,40.38
199,-99.5,68.49,40.4
137,-99.49,68.48,40.38
163,-99.49,68.48,40.4
106,-99.44,68.47,40.41
63,-99.43,68.51,40.43
109,-99.46,68.46,40.39
334,-99.5,68.52,40.45
64,-99.53,68.52,40.3
138,-99.56,68.53,40.3
98,-99.53,68.52,40.32
229,-99.56,68.53,40.32
59,-99.52,68.51,40.3
85,-99.52,68.51,40.32
33,-99.53,68.5,40.25
50,-99.56,68.51,40.25
41,-99.54,68.51,40.26
67,-99.54,68.51,40.28
41,-99.53,68.5,40.26
60,-99.53,68.5,40.28
54,-99.57,68.52,40.25
64,-99.58,68.53,40.25
28,-99.61,68.54,40.22
104,-99.58,68.53,40.26
78,-99.57,68.51,40.26
202,-99.58,68.53,40.28
133,-99.57,68.51,40.28
290,-99.61,68.53,40.26
898,-99.57,68.54,40.36
671,-99.57,68.54,40.34
384,-99.58,68.53,40.3
219,-99.57,68.51,40.3
632,-99.58,68.53,40.32
342,-99.57,68.51,40.32
148,-99.53,68.52,40.34
349,-99.56,68.53,40.34
205,-99.53,68.52,40.36
478,-99.56,68.53,40.36
119,-99.52,68.51,40.34
160,-99.52,68.51,40.36
93,-99.52,68.47,40.31
54,-99.52,68.47,40.27
153,-99.52,68.47,40.35
3922,-99.61,68.56,40.32
2163,-99.61,68.56,40.3
1109,-99.62,68.55,40.28
828,-99.6,68.54,40.3
582,-99.61,68.53,40.28
1456,-99.6,68.54,40.32
34,-99.62,68.55,40.22
724,-99.64,68.54,40.26
1228,-99.64,68.53,40.28
461,-99.63,68.52,40.26
687,-99.63,68.52,40.28
53,-99.64,68.56,40.22
126,-99.66,68.57,40.22
1875,-99.66,68.56,40.26
1204,-99.65,68.55,40.26
3899,-99.66,68.56,40.28
2369,-99.65,68.55,40.28
586,-99.55,68.6,40.49
167786,-99.67,68.66,40.42
136085,-99.66,68.65,40.42
98098,-99.67,68.65,40.43
291409,-99.66,68.68,40.44
73629,-99.66,68.64,40.43
171619,-99.66,68.68,40.46
40655,-99.66,68.64,40.45
68153,-99.65,68.67,40.46
87657,-99.64,68.63,40.42
47672,-99.64,68.63,40.44
46321,-99.63,68.62,40.42
27284,-99.63,68.62,40.44
27084,-99.64,68.63,40.45
120088,-99.68,68.65,40.34
157455,-99.68,68.65,40.36
149030,-99.67,68.63,40.36
118582,-99.67,68.63,40.34
33830,-99.7,68.64,40.3
54566,-99.7,68.64,40.32
49946,-99.69,68.62,40.32
30248,-99.69,68.62,40.3
122085,-99.66,68.62,40.36
103430,-99.66,68.62,40.34
73605,-99.65,68.6,40.34
79845,-99.65,68.6,40.36
40869,-99.67,68.61,40.32
16453,-99.66,68.59,40.3
24207,-99.67,68.61,40.3
27786,-99.66,68.59,40.32
4169,-99.69,68.59,40.26
2902,-99.68,68.58,40.26
6159,-99.68,68.58,40.28
9104,-99.69,68.59,40.28
172406,-99.68,68.65,40.38
151663,-99.68,68.65,40.4
154238,-99.67,68.64,40.38
129784,-99.67,68.64,40.4
115558,-99.66,68.62,40.38
91369,-99.66,68.62,40.4
54052,-99.65,68.6,40.4
70562,-99.65,68.6,40.38
189061,-99.68,68.67,40.41
431880,-99.68,68.7,40.42
381612,-99.69,68.7,40.41
348792,-99.68,68.69,40.44
256807,-99.68,68.69,40.45
112535,-99.7,68.66,40.34
96001,-99.71,68.68,40.34
151592,-99.7,68.67,40.36
125435,-99.71,68.68,40.36
75593,-99.72,68.69,40.34
58717,-99.74,68.7,40.33
52257,-99.73,68.73,40.34
95041,-99.72,68.69,40.36
91334,-99.71,68.72,40.36
74208,-99.73,68.73,40.36
113091,-99.73,68.73,40.38
185961,-99.73,68.72,40.39
103961,-99.72,68.69,40.37
140755,-99.71,68.72,40.38
242699,-99.71,68.72,40.4
168075,-99.7,68.67,40.38
137648,-99.71,68.68,40.38
158011,-99.7,68.66,40.4
135016,-99.71,68.67,40.4
88507,-99.66,68.68,40.47
35914,-99.65,68.67,40.48
16576,-99.63,68.62,40.46
5925,-99.61,68.65,40.48
17041,-99.64,68.63,40.47
15303,-99.63,68.66,40.48
35435,-99.71,68.65,40.3
55714,-99.71,68.65,40.32
35473,-99.72,68.67,40.3
53794,-99.72,68.67,40.32
19430,-99.71,68.65,40.28
20230,-99.72,68.67,40.28
9126,-99.71,68.65,40.26
9904,-99.72,68.67,40.26
3863,-99.71,68.65,40.24
2091,-99.71,68.65,40.23
122,-99.7,68.67,40.2
4413,-99.73,68.67,40.24
4009,-99.73,68.65,40.23
15312,-99.71,68.62,40.28
5950,-99.7,68.61,40.26
7806,-99.71,68.62,40.26
12358,-99.7,68.61,40.28
3733,-99.71,68.62,40.24
2428,-99.71,68.63,40.23
153,-99.7,68.64,40.2
2655,-99.7,68.61,40.24
210,-99.7,68.62,40.21
211,-99.69,68.59,40.21
2927,-99.71,68.59,40.25
171,-99.68,68.58,40.22
33959,-99.74,68.68,40.3
49605,-99.74,68.68,40.32
20215,-99.74,68.68,40.28
19414,-99.75,68.7,40.28
10358,-99.74,68.68,40.26
10553,-99.75,68.7,40.26
4824,-99.74,68.68,40.24
405,-99.72,68.67,40.2
3094,-99.74,68.68,40.23
135,-99.72,68.7,40.2
5147,-99.75,68.7,40.24
3161,-99.75,68.7,40.23
125,-99.73,68.71,40.2
955,-99.55,68.56,40.42
1035,-99.55,68.56,40.44
606,-99.54,68.54,40.42
686,-99.54,68.54,40.44
1231,-99.57,68.54,40.4
1092,-99.57,68.54,40.38
608,-99.56,68.53,40.38
723,-99.56,68.53,40.4
1070,-99.55,68.56,40.46
734,-99.54,68.54,40.46
419,-99.53,68.53,40.42
483,-99.53,68.53,40.44
310,-99.52,68.51,40.42
357,-99.52,68.51,40.44
389,-99.54,68.51,40.38
472,-99.54,68.51,40.4
276,-99.53,68.5,40.38
334,-99.53,68.5,40.4
526,-99.53,68.53,40.46
393,-99.51,68.51,40.46
4637,-99.59,68.57,40.42
3939,-99.59,68.57,40.44
2340,-99.58,68.56,40.42
2206,-99.58,68.56,40.44
20216,-99.63,68.59,40.42
14432,-99.63,68.59,40.44
10212,-99.62,68.58,40.42
7979,-99.62,68.58,40.44
10332,-99.63,68.59,40.46
3329,-99.59,68.57,40.46
6225,-99.62,68.58,40.46
2042,-99.58,68.56,40.46
39205,-99.63,68.59,40.34
40635,-99.63,68.59,40.36
16756,-99.62,68.57,40.36
15828,-99.62,68.57,40.34
6300,-99.61,68.56,40.36
5559,-99.61,68.56,40.34
2564,-99.6,68.54,40.36
2094,-99.6,68.54,40.34
6249,-99.61,68.56,40.38
5816,-99.61,68.56,40.4
2857,-99.6,68.54,40.4
2812,-99.6,68.54,40.38
20665,-99.65,68.58,40.4
23527,-99.65,68.58,40.38
10958,-99.64,68.56,40.4
12127,-99.64,68.56,40.38
8526,-99.65,68.56,40.31
4368,-99.61,68.59,40.47
7001,-99.62,68.6,40.47
2047,-99.59,68.63,40.5
5006,-99.62,68.58,40.48
7686,-99.63,68.59,40.48
773,-99.54,68.54,40.47
1097,-99.55,68.55,40.47
329,-99.52,68.58,40.5
1886,-99.58,68.56,40.47
2847,-99.59,68.57,40.48
1729,-99.57,68.57,40.49
423,-99.52,68.51,40.47
560,-99.53,68.52,40.47
41,-99.18,68.34,40.43
38,-99.18,68.34,40.36
2840,-99.79,68.8,40.26
50846,-99.75,68.75,40.35
40633,-99.78,68.77,40.35
81345,-99.79,68.77,40.38
19279,-99.78,68.75,40.3
17730,-99.78,68.78,40.32
8432,-99.78,68.76,40.27
2548,-99.78,68.76,40.23
357,-99.76,68.78,40.22
31528,-99.75,68.7,40.3
44096,-99.75,68.7,40.32
26325,-99.76,68.73,40.3
58,-99.74,68.74,40.2
5763,-99.77,68.71,40.24
14675,-99.78,68.71,40.27
33988,-99.81,68.8,40.35
56696,-99.81,68.79,40.38
7182,-99.8,68.78,40.26
5975,-99.83,68.77,40.24
729,-99.81,68.81,40.22
25,-97.55,67.56,40.22
29,-97.61,67.51,40.24
25,-97.66,67.56,40.29
32,-97.72,67.52,40.23
34,-97.67,67.48,40.24
35,-97.83,67.52,40.23
36,-97.94,67.54,40.23
29,-97.73,67.51,40.3
44,-97.84,67.43,40.25
41,-98,67.51,40.25
37,-97.88,67.47,40.31
33,-97.94,67.53,40.3
32,-97.83,67.51,40.29
29,-97.88,67.57,40.35
27,-97.77,67.56,40.35
27,-97.83,67.59,40.43
37,-98.05,67.55,40.24
29,-98.1,67.59,40.29
25,-98.1,67.63,40.33
28,-97.99,67.59,40.29
25,-97.99,67.62,40.33
28,-98.04,67.61,40.36
27,-97.93,67.6,40.36
25,-97.82,67.61,40.5
25,-97.93,67.63,40.44
26,-98.04,67.64,40.44
28,-98.15,67.64,40.44
25,-98.25,67.66,40.38
25,-98.2,67.65,40.38
30,-98.15,67.62,40.36
25,-98.13,67.65,40.22
31,-98.21,67.61,40.29
38,-98.15,67.56,40.24
26,-98.21,67.64,40.33
43,-98.1,67.52,40.25
121,-99.43,68.44,40.47
55,-99.37,68.47,40.46
81,-99.43,68.51,40.46
76,-99.4,68.49,40.5
103,-99.46,68.53,40.47
205,-99.5,68.55,40.5
41,-99.24,68.37,40.42
38,-99.24,68.39,40.36
92,-99.42,68.45,40.42
48,-99.36,68.46,40.42
111,-99.44,68.43,40.42
135,-99.44,68.43,40.46
34,-99.35,68.47,40.35
52,-99.41,68.46,40.35
69,-99.41,68.45,40.38
44,-99.36,68.44,40.34
46,-99.32,68.43,40.44
40,-99.36,68.47,40.38
37,-99.3,68.43,40.36
68,-99.44,68.43,40.35
109,-99.5,68.44,40.35
89,-99.44,68.43,40.39
75,-99.5,68.44,40.31
33,-99.44,68.44,40.24
49,-99.5,68.44,40.27
28,-99.49,68.45,40.22
31,-99.29,68.44,40.28
39,-99.44,68.43,40.27
52,-99.44,68.43,40.31
32,-99.36,68.45,40.27
33,-99.41,68.46,40.27
37,-99.36,68.45,40.3
40,-99.41,68.46,40.31
27,-99.29,68.44,40.22
32,-99.32,68.41,40.24
32,-99.39,68.43,40.24
27,-99.35,68.46,40.21
25,-99.41,68.46,40.21
73,-99.52,68.42,40.28
33,-99.23,68.39,40.27
41,-99.26,68.35,40.28
206,-99.49,68.49,40.42
225,-99.52,68.47,40.39
144,-99.47,68.46,40.42
151,-99.49,68.44,40.39
277,-99.5,68.49,40.46
184,-99.47,68.46,40.46
159,-99.45,68.43,40.5
137,-99.55,68.5,40.31
66,-99.56,68.5,40.26
101,-99.56,68.5,40.28
58,-99.55,68.48,40.26
83,-99.55,68.48,40.28
40,-99.61,68.53,40.22
266,-99.6,68.5,40.27
1201,-99.58,68.53,40.36
650,-99.57,68.51,40.36
938,-99.58,68.53,40.34
493,-99.57,68.51,40.34
594,-99.6,68.5,40.31
262,-99.55,68.5,40.35
139,-99.55,68.44,40.31
90,-99.55,68.44,40.28
26,-99.53,68.47,40.22
101,-99.53,68.41,40.31
102,-99.55,68.4,40.29
221,-99.55,68.44,40.35
145,-99.53,68.41,40.35
2118,-99.63,68.53,40.31
56,-99.63,68.52,40.22
68,-99.64,68.53,40.22
1050,-99.65,68.51,40.28
92,-99.65,68.55,40.22
135,-99.67,68.56,40.22
2402,-99.68,68.54,40.28
790,-99.56,68.6,40.51
393,-99.53,68.58,40.54
1789,-99.6,68.62,40.54
114398,-99.68,68.65,40.42
91818,-99.67,68.64,40.42
81819,-99.68,68.65,40.44
60456,-99.67,68.64,40.44
52772,-99.69,68.65,40.45
38583,-99.67,68.63,40.46
63418,-99.66,68.62,40.42
40836,-99.66,68.62,40.44
37709,-99.65,68.61,40.42
25112,-99.65,68.61,40.44
26110,-99.66,68.62,40.46
16779,-99.65,68.61,40.46
75950,-99.7,68.64,40.34
92459,-99.7,68.64,40.36
84319,-99.69,68.62,40.36
70203,-99.69,68.62,40.34
26179,-99.71,68.62,40.3
39121,-99.71,68.62,40.32
33713,-99.7,68.61,40.32
22018,-99.7,68.61,40.3
67900,-99.67,68.61,40.36
58003,-99.67,68.61,40.34
39360,-99.66,68.59,40.34
44867,-99.66,68.59,40.36
26256,-99.69,68.59,40.32
11566,-99.68,68.58,40.3
16834,-99.69,68.59,40.3
17797,-99.68,68.58,40.32
4484,-99.71,68.57,40.27
98173,-99.7,68.64,40.38
91200,-99.7,68.64,40.4
87201,-99.69,68.62,40.38
78165,-99.69,68.62,40.4
67323,-99.67,68.61,40.38
57799,-99.67,68.61,40.4
36675,-99.66,68.59,40.4
43207,-99.66,68.59,40.38
299501,-99.71,68.71,40.43
298057,-99.71,68.71,40.42
131752,-99.7,68.66,40.42
125930,-99.71,68.67,40.41
357882,-99.7,68.71,40.42
94650,-99.7,68.66,40.43
324924,-99.7,68.7,40.44
263854,-99.7,68.7,40.45
191801,-99.7,68.7,40.47
66263,-99.7,68.66,40.45
236179,-99.68,68.69,40.46
76609,-99.71,68.65,40.34
72325,-99.72,68.67,40.34
93636,-99.71,68.65,40.36
87738,-99.72,68.67,40.36
65054,-99.74,68.68,40.34
56452,-99.75,68.7,40.34
77872,-99.74,68.68,40.36
65959,-99.75,68.69,40.36
72494,-99.75,68.69,40.38
113201,-99.74,68.73,40.38
75541,-99.75,68.69,40.39
176365,-99.74,68.73,40.4
85680,-99.74,68.68,40.38
88192,-99.74,68.68,40.4
100887,-99.71,68.65,40.38
95890,-99.72,68.67,40.38
96104,-99.71,68.65,40.4
96003,-99.72,68.67,40.4
32999,-99.69,68.64,40.47
86233,-99.67,68.68,40.48
24897,-99.67,68.63,40.47
19705,-99.65,68.66,40.5
15737,-99.66,68.67,40.54
11025,-99.63,68.61,40.47
7013,-99.62,68.65,40.5
11664,-99.65,68.61,40.48
17237,-99.66,68.62,40.48
4667,-99.62,68.64,40.53
5360,-99.63,68.65,40.55
152494,-99.68,68.69,40.48
28800,-99.73,68.64,40.3
41800,-99.73,68.64,40.32
30170,-99.74,68.65,40.3
42598,-99.74,68.65,40.32
17519,-99.73,68.64,40.28
18982,-99.74,68.65,40.28
9396,-99.73,68.64,40.26
10620,-99.74,68.65,40.26
4813,-99.73,68.64,40.24
3260,-99.72,68.64,40.23
241,-99.71,68.65,40.2
5720,-99.74,68.65,40.24
736,-99.73,68.66,40.21
7997,-99.73,68.6,40.27
4866,-99.73,68.6,40.25
242,-99.7,68.61,40.21
276,-99.71,68.63,40.21
397,-99.71,68.58,40.22
396,-99.71,68.56,40.22
30226,-99.75,68.67,40.3
41387,-99.75,68.67,40.32
29290,-99.76,68.68,40.3
39024,-99.76,68.68,40.32
19639,-99.75,68.67,40.28
19640,-99.76,68.68,40.28
11531,-99.75,68.67,40.26
11998,-99.76,68.68,40.26
6573,-99.75,68.67,40.24
477,-99.74,68.68,40.21
7113,-99.76,68.68,40.24
479,-99.75,68.7,40.21
1313,-99.57,68.54,40.42
1338,-99.57,68.54,40.44
812,-99.56,68.53,40.42
871,-99.56,68.53,40.44
1540,-99.58,68.53,40.4
1413,-99.58,68.53,40.38
795,-99.57,68.51,40.38
909,-99.57,68.51,40.4
1326,-99.57,68.54,40.46
905,-99.56,68.53,40.46
545,-99.54,68.51,40.42
602,-99.54,68.51,40.44
389,-99.53,68.5,40.42
436,-99.53,68.5,40.44
503,-99.56,68.5,40.38
591,-99.56,68.5,40.4
347,-99.55,68.48,40.38
410,-99.55,68.48,40.4
643,-99.54,68.51,40.46
474,-99.53,68.5,40.46
5118,-99.61,68.56,40.42
4407,-99.61,68.56,40.44
2759,-99.6,68.55,40.42
2569,-99.6,68.55,40.44
16626,-99.65,68.58,40.42
12890,-99.65,68.58,40.44
9270,-99.64,68.56,40.42
7696,-99.64,68.56,40.44
9865,-99.65,68.58,40.46
3742,-99.61,68.56,40.46
6257,-99.64,68.56,40.46
2365,-99.6,68.55,40.46
3239,-99.61,68.56,40.48
2172,-99.6,68.55,40.48
15034,-99.65,68.56,40.35
3840,-99.63,68.53,40.35
4158,-99.62,68.53,40.39
15487,-99.66,68.56,40.4
16694,-99.66,68.56,40.38
9065,-99.65,68.55,40.4
9541,-99.65,68.55,40.38
4758,-99.68,68.54,40.31
5213,-99.64,68.56,40.48
7740,-99.65,68.58,40.48
4417,-99.62,68.58,40.5
916,-99.56,68.53,40.47
1298,-99.57,68.54,40.47
940,-99.55,68.54,40.49
425,-99.53,68.58,40.52
2160,-99.6,68.56,40.5
500,-99.53,68.5,40.47
670,-99.54,68.51,40.47
546,-99.53,68.51,40.5
41,-99.12,68.29,40.44
52,-99.21,68.28,40.45
42,-99.2,68.35,40.47
35,-99.17,68.34,40.27
39,-99.05,68.25,40.35
44,-99.21,68.29,40.29
39,-99.11,68.29,40.35
49,-99.21,68.29,40.36
112607,-99.76,68.74,40.39
192911,-99.77,68.74,40.47
167806,-99.8,68.77,40.46
169182,-99.76,68.75,40.5
136834,-99.83,68.78,40.45
4703,-99.81,68.81,40.27
13456,-99.8,68.8,40.31
26110,-99.84,68.82,40.34
45697,-99.78,68.71,40.35
37657,-99.81,68.74,40.35
48460,-99.81,68.73,40.38
100649,-99.8,68.77,40.4
25365,-99.8,68.74,40.31
13081,-99.8,68.74,40.27
5719,-99.8,68.74,40.24
56,-99.77,68.77,40.2
31173,-99.78,68.71,40.31
10431,-99.8,68.69,40.25
790,-99.77,68.72,40.21
15126,-99.81,68.69,40.27
32180,-99.83,68.76,40.35
41857,-99.83,68.76,40.37
71415,-99.82,68.79,40.39
21835,-99.83,68.77,40.31
11871,-99.83,68.77,40.27
6568,-99.85,68.8,40.24
786,-99.82,68.78,40.21
9101,-99.85,68.75,40.25
1268,-99.83,68.83,40.22
7692,-99.89,68.82,40.24
11236,-99.86,68.8,40.27
19348,-99.86,68.79,40.31
28,-97.5,67.5,40.23
32,-97.56,67.47,40.24
27,-97.61,67.5,40.3
25,-97.66,67.55,40.35
25,-97.71,67.58,40.42
39,-97.78,67.46,40.24
38,-97.67,67.44,40.25
30,-97.67,67.47,40.31
42,-97.89,67.47,40.24
34,-97.79,67.46,40.3
29,-97.72,67.5,40.35
47,-97.84,67.39,40.26
38,-97.84,67.43,40.32
47,-98,67.47,40.26
38,-98,67.5,40.31
36,-97.89,67.46,40.36
34,-97.94,67.52,40.36
32,-97.83,67.51,40.36
30,-97.88,67.57,40.43
28,-97.77,67.56,40.43
27,-97.83,67.58,40.49
40,-98.11,67.51,40.31
37,-98.16,67.55,40.3
34,-98.05,67.54,40.3
32,-98.1,67.59,40.36
31,-97.99,67.58,40.36
31,-98.04,67.61,40.43
29,-97.93,67.6,40.43
26,-97.88,67.61,40.52
25,-97.99,67.63,40.45
26,-97.93,67.62,40.51
28,-98.1,67.64,40.45
28,-98.04,67.63,40.51
26,-98.5,67.86,40.36
30,-98.25,67.65,40.44
33,-98.15,67.61,40.42
30,-98.2,67.64,40.45
25,-98.31,67.66,40.39
32,-98.27,67.63,40.36
26,-98.27,67.65,40.29
35,-98.21,67.6,40.36
29,-98.19,67.62,40.22
41,-98.27,67.56,40.3
47,-98.2,67.53,40.25
25,-98.27,67.66,40.34
27,-98.4,67.69,40.32
26,-98.42,67.73,40.28
30,-98.47,67.78,40.29
50,-98.1,67.48,40.26
101,-99.4,68.42,40.47
216,-99.47,68.45,40.5
149,-99.43,68.44,40.51
315,-99.5,68.48,40.5
43,-99.26,68.39,40.45
61,-99.37,68.47,40.5
54,-99.32,68.44,40.51
84,-99.4,68.5,40.54
98,-99.43,68.51,40.5
132,-99.47,68.53,40.5
232,-99.5,68.56,40.54
345,-99.53,68.59,40.58
40,-98.99,68.21,40.36
45,-99.19,68.35,40.52
42,-99.11,68.29,40.49
54,-99.26,68.33,40.42
48,-99.27,68.34,40.36
127,-99.42,68.4,40.5
79,-99.39,68.42,40.42
74,-99.35,68.38,40.46
92,-99.41,68.4,40.42
142,-99.47,68.41,40.43
109,-99.42,68.4,40.46
167,-99.47,68.41,40.46
51,-99.39,68.43,40.35
47,-99.32,68.39,40.35
62,-99.39,68.42,40.38
40,-99.32,68.44,40.39
63,-99.42,68.4,40.35
88,-99.47,68.41,40.35
77,-99.41,68.4,40.39
115,-99.47,68.41,40.39
67,-99.47,68.41,40.31
37,-99.41,68.41,40.25
50,-99.47,68.41,40.27
29,-99.44,68.43,40.21
34,-99.5,68.43,40.22
42,-99.42,68.4,40.27
51,-99.42,68.4,40.31
38,-99.32,68.4,40.28
36,-99.39,68.43,40.27
42,-99.39,68.43,40.31
37,-99.36,68.4,40.24
30,-99.38,68.43,40.21
31,-99.31,68.42,40.21
68,-99.5,68.39,40.28
43,-99.53,68.41,40.23
36,-99.25,68.37,40.21
49,-99.31,68.31,40.29
385,-99.52,68.47,40.5
258,-99.49,68.44,40.5
297,-99.52,68.47,40.43
311,-99.55,68.44,40.39
194,-99.49,68.44,40.43
196,-99.52,68.41,40.39
352,-99.52,68.47,40.46
232,-99.49,68.44,40.46
187,-99.47,68.41,40.5
207,-99.47,68.41,40.54
83,-99.5,68.38,40.31
86,-99.53,68.38,40.29
110,-99.5,68.38,40.35
141,-99.5,68.38,40.39
172,-99.5,68.38,40.43
200,-99.5,68.38,40.47
242,-99.58,68.47,40.31
140,-99.57,68.47,40.28
448,-99.63,68.48,40.28
42,-99.6,68.5,40.22
1092,-99.6,68.5,40.35
667,-99.63,68.48,40.31
420,-99.58,68.47,40.35
186,-99.58,68.42,40.31
140,-99.58,68.42,40.28
38,-99.55,68.44,40.23
128,-99.56,68.39,40.31
57,-99.55,68.39,40.23
273,-99.58,68.42,40.35
178,-99.56,68.39,40.35
1687,-99.66,68.51,40.31
1253,-99.68,68.5,40.29
131,-99.66,68.51,40.23
2129,-99.71,68.52,40.28
238,-99.68,68.54,40.23
3236,-99.63,68.58,40.53
2108,-99.61,68.62,40.56
874,-99.56,68.54,40.55
787,-99.56,68.6,40.54
1550,-99.6,68.63,40.58
1732,-99.6,68.55,40.54
3267,-99.63,68.65,40.58
76451,-99.7,68.64,40.42
62091,-99.69,68.62,40.42
58942,-99.7,68.64,40.44
45585,-99.69,68.62,40.44
43709,-99.7,68.64,40.46
32315,-99.69,68.62,40.46
44548,-99.67,68.61,40.42
32192,-99.67,68.61,40.44
28433,-99.66,68.59,40.42
20978,-99.66,68.59,40.44
22764,-99.67,68.61,40.46
15298,-99.66,68.59,40.46
51742,-99.71,68.62,40.34
61232,-99.71,68.62,40.36
53245,-99.7,68.61,40.36
45222,-99.7,68.61,40.34
18174,-99.73,68.6,40.31
41573,-99.69,68.59,40.36
35590,-99.69,68.59,40.34
24283,-99.68,68.58,40.34
28111,-99.68,68.58,40.36
3502,-99.74,68.55,40.28
10438,-99.71,68.57,40.31
64405,-99.71,68.62,40.38
61306,-99.71,68.63,40.4
55002,-99.7,68.61,40.38
51109,-99.7,68.61,40.4
41913,-99.69,68.59,40.38
38082,-99.69,68.59,40.4
25354,-99.68,68.58,40.4
27916,-99.68,68.58,40.38
84372,-99.74,68.67,40.43
277596,-99.72,68.71,40.44
86799,-99.74,68.68,40.42
235735,-99.74,68.72,40.42
246498,-99.74,68.72,40.44
227612,-99.72,68.71,40.46
211056,-99.74,68.72,40.47
85214,-99.71,68.65,40.42
93180,-99.72,68.67,40.42
71641,-99.71,68.65,40.44
82455,-99.72,68.66,40.44
63972,-99.72,68.66,40.45
245996,-99.71,68.7,40.46
49326,-99.72,68.66,40.47
184614,-99.71,68.7,40.48
56634,-99.71,68.65,40.46
54450,-99.73,68.64,40.34
54233,-99.74,68.65,40.34
64304,-99.73,68.64,40.36
63600,-99.74,68.65,40.36
51537,-99.75,68.67,40.34
47821,-99.76,68.68,40.34
59444,-99.75,68.67,40.36
55146,-99.76,68.68,40.36
64341,-99.75,68.67,40.38
60817,-99.76,68.68,40.38
67052,-99.75,68.67,40.4
65350,-99.76,68.68,40.4
68527,-99.73,68.64,40.38
68481,-99.74,68.65,40.38
66858,-99.73,68.64,40.4
68711,-99.74,68.66,40.4
23214,-99.69,68.62,40.48
31997,-99.7,68.64,40.48
15538,-99.67,68.63,40.49
33657,-99.67,68.67,40.51
16168,-99.67,68.68,40.55
9336,-99.69,68.62,40.55
11416,-99.66,68.59,40.48
16427,-99.67,68.61,40.48
8913,-99.65,68.61,40.5
5870,-99.65,68.6,40.53
6286,-99.67,68.61,40.55
145160,-99.73,68.72,40.51
41080,-99.71,68.65,40.47
94834,-99.7,68.69,40.5
86265,-99.71,68.7,40.51
83713,-99.73,68.73,40.54
42496,-99.7,68.7,40.55
24121,-99.76,68.63,40.31
11899,-99.76,68.63,40.27
7799,-99.75,68.63,40.25
554,-99.73,68.64,40.21
1002,-99.74,68.66,40.21
516,-99.74,68.54,40.23
6193,-99.76,68.57,40.28
611,-99.73,68.6,40.22
26483,-99.78,68.66,40.31
14588,-99.78,68.66,40.27
10587,-99.78,68.66,40.25
1093,-99.75,68.67,40.21
1100,-99.76,68.69,40.21
1593,-99.58,68.53,40.42
1588,-99.58,68.53,40.44
990,-99.57,68.52,40.42
1034,-99.57,68.52,40.44
1419,-99.6,68.5,40.39
1545,-99.58,68.53,40.46
1489,-99.58,68.53,40.48
1055,-99.57,68.52,40.46
1051,-99.57,68.52,40.48
663,-99.56,68.5,40.42
714,-99.56,68.5,40.44
467,-99.55,68.49,40.42
513,-99.55,68.49,40.44
595,-99.57,68.47,40.39
748,-99.56,68.5,40.46
549,-99.55,68.49,40.46
764,-99.56,68.5,40.47
570,-99.55,68.49,40.47
3744,-99.62,68.53,40.43
13258,-99.66,68.57,40.42
11025,-99.66,68.57,40.44
8053,-99.65,68.55,40.42
7016,-99.65,68.55,40.44
8940,-99.66,68.57,40.46
7382,-99.66,68.57,40.48
5957,-99.65,68.55,40.46
5120,-99.65,68.55,40.48
3081,-99.62,68.53,40.47
7676,-99.68,68.54,40.35
2845,-99.66,68.51,40.35
3360,-99.65,68.51,40.39
8401,-99.68,68.54,40.39
2891,-99.71,68.51,40.31
4847,-99.65,68.56,40.5
1128,-99.57,68.53,40.5
2516,-99.62,68.53,40.5
988,-99.57,68.52,40.54
638,-99.54,68.5,40.5
616,-99.55,68.5,40.54
42,-99.05,68.25,40.43
52,-99.15,68.25,40.45
53,-99.22,68.28,40.43
57,-99.23,68.3,40.47
40,-99.03,68.24,40.25
37,-99.1,68.3,40.26
39,-99.2,68.31,40.22
49,-99.07,68.19,40.37
38,-99.05,68.25,40.27
47,-99.16,68.24,40.29
53,-99.26,68.25,40.3
50,-99.16,68.23,40.36
57,-99.26,68.25,40.37
40,-98.97,68.19,40.32
42,-98.98,68.2,40.26
45,-99.06,68.2,40.28
48,-99,68.14,40.36
54800,-99.78,68.7,40.38
187580,-99.77,68.74,40.43
84724,-99.8,68.7,40.47
147578,-99.8,68.76,40.43
79068,-99.83,68.72,40.47
164044,-99.8,68.78,40.48
156079,-99.77,68.76,40.51
63146,-99.8,68.69,40.5
151441,-99.8,68.78,40.51
107723,-99.77,68.76,40.55
121455,-99.8,68.78,40.54
114426,-99.83,68.79,40.43
138232,-99.83,68.8,40.47
71186,-99.86,68.74,40.46
136334,-99.83,68.8,40.51
87949,-99.86,68.81,40.42
27048,-99.85,68.79,40.34
112911,-99.87,68.81,40.47
123161,-99.86,68.82,40.5
3994,-99.84,68.82,40.26
12404,-99.84,68.82,40.31
53069,-99.86,68.81,40.39
31202,-99.85,68.82,40.36
35710,-99.81,68.69,40.35
33141,-99.83,68.72,40.35
43394,-99.81,68.69,40.39
42121,-99.83,68.72,40.39
24159,-99.83,68.72,40.31
14612,-99.83,68.72,40.27
9691,-99.83,68.72,40.25
798,-99.8,68.75,40.21
25871,-99.81,68.69,40.31
2316,-99.8,68.69,40.22
13136,-99.83,68.67,40.28
30626,-99.86,68.75,40.35
39421,-99.86,68.75,40.39
22270,-99.86,68.75,40.31
13912,-99.86,68.75,40.27
9145,-99.88,68.78,40.25
938,-99.84,68.81,40.21
2236,-99.85,68.76,40.21
9140,-99.88,68.74,40.25
1759,-99.87,68.85,40.22
9074,-99.9,68.81,40.24
13310,-99.88,68.78,40.27
11563,-99.89,68.82,40.27
20383,-99.88,68.78,40.31
30,-97.45,67.46,40.24
26,-97.39,67.49,40.23
25,-97.5,67.49,40.3
35,-97.56,67.43,40.25
28,-97.56,67.46,40.31
27,-97.61,67.49,40.35
25,-97.71,67.57,40.49
26,-97.66,67.55,40.43
39,-97.62,67.4,40.26
42,-97.73,67.4,40.26
31,-97.67,67.44,40.36
48,-97.79,67.35,40.27
53,-98.06,67.43,40.27
50,-97.95,67.42,40.26
52,-97.9,67.36,40.27
33,-97.78,67.45,40.36
29,-97.72,67.5,40.43
38,-97.84,67.4,40.36
39,-98,67.47,40.36
44,-98.06,67.43,40.37
41,-97.95,67.42,40.37
35,-97.89,67.46,40.43
33,-97.94,67.52,40.43
31,-97.83,67.51,40.43
29,-97.88,67.56,40.51
27,-97.77,67.55,40.5
44,-98.22,67.52,40.31
42,-98.11,67.48,40.36
39,-98.16,67.54,40.36
36,-98.05,67.53,40.36
34,-98.1,67.59,40.44
32,-98.04,67.6,40.49
32,-97.99,67.58,40.43
29,-97.93,67.59,40.49
25,-97.77,67.54,40.59
27,-97.88,67.56,40.59
25,-97.88,67.61,40.58
28,-97.99,67.62,40.52
30,-98.1,67.63,40.52
29,-98.5,67.86,40.42
37,-98.54,67.82,40.38
32,-98.54,67.82,40.29
30,-98.53,67.88,40.44
25,-98.5,67.85,40.23
26,-98.38,67.75,40.38
25,-98.35,67.73,40.39
34,-98.48,67.77,40.36
28,-98.44,67.82,40.43
30,-98.49,67.85,40.51
32,-98.53,67.88,40.51
30,-98.34,67.65,40.45
36,-98.27,67.62,40.42
30,-98.29,67.65,40.46
38,-98.21,67.59,40.43
32,-98.19,67.63,40.52
33,-98.29,67.63,40.52
37,-98.32,67.61,40.36
33,-98.32,67.62,40.29
43,-98.27,67.55,40.36
42,-98.25,67.57,40.24
53,-98.34,67.51,40.31
55,-98.21,67.49,40.25
31,-98.39,67.68,40.37
35,-98.37,67.64,40.36
30,-98.37,67.66,40.36
29,-98.37,67.65,40.28
26,-98.4,67.69,40.28
29,-98.43,67.74,40.33
28,-98.4,67.71,40.35
43,-98.48,67.68,40.29
42,-98.53,67.74,40.36
40,-98.53,67.74,40.3
57,-98.16,67.44,40.26
62,-99.29,68.34,40.46
118,-99.4,68.42,40.5
92,-99.36,68.38,40.52
178,-99.44,68.44,40.54
211,-99.47,68.47,40.51
224,-99.47,68.4,40.58
280,-99.5,68.44,40.54
287,-99.49,68.49,40.51
403,-99.52,68.47,40.54
535,-99.53,68.51,40.55
803,-99.56,68.53,40.58
49,-99.03,68.16,40.38
64,-99.24,68.29,40.53
54,-99.15,68.24,40.5
49,-99.26,68.4,40.52
70,-99.37,68.48,40.54
61,-99.33,68.45,40.55
95,-99.41,68.5,40.58
106,-99.43,68.52,40.54
152,-99.47,68.54,40.54
235,-99.5,68.57,40.58
416,-99.54,68.59,40.59
50,-99.19,68.35,40.59
42,-98.99,68.21,40.43
44,-99.13,68.31,40.53
43,-99.05,68.25,40.51
80,-99.32,68.3,40.51
67,-99.31,68.31,40.44
57,-99.31,68.31,40.37
146,-99.44,68.38,40.5
98,-99.38,68.35,40.5
161,-99.44,68.38,40.54
78,-99.37,68.36,40.44
113,-99.44,68.38,40.43
130,-99.44,68.38,40.46
133,-99.47,68.35,40.43
152,-99.47,68.35,40.46
59,-99.36,68.37,40.37
77,-99.45,68.38,40.35
95,-99.44,68.38,40.39
112,-99.47,68.35,40.39
92,-99.48,68.35,40.35
63,-99.45,68.38,40.31
52,-99.44,68.38,40.28
34,-99.41,68.4,40.22
38,-99.47,68.41,40.22
45,-99.36,68.37,40.29
35,-99.36,68.39,40.21
75,-99.48,68.35,40.31
65,-99.47,68.36,40.28
48,-99.5,68.38,40.23
46,-99.31,68.31,40.22
63,-99.37,68.27,40.3
472,-99.55,68.44,40.5
476,-99.55,68.44,40.54
312,-99.52,68.41,40.5
328,-99.52,68.41,40.54
390,-99.55,68.44,40.43
368,-99.58,68.42,40.39
245,-99.52,68.41,40.43
233,-99.55,68.39,40.39
445,-99.55,68.44,40.47
285,-99.52,68.41,40.47
222,-99.5,68.38,40.5
239,-99.5,68.38,40.54
169,-99.47,68.35,40.5
184,-99.47,68.35,40.54
57,-99.52,68.37,40.24
102,-99.53,68.36,40.31
132,-99.53,68.36,40.35
165,-99.53,68.36,40.39
198,-99.53,68.36,40.43
228,-99.53,68.36,40.47
318,-99.61,68.45,40.31
231,-99.6,68.45,40.28
37,-99.58,68.47,40.23
85,-99.63,68.48,40.23
1095,-99.63,68.48,40.35
675,-99.66,68.45,40.31
497,-99.61,68.45,40.35
225,-99.61,68.4,40.31
59,-99.58,68.42,40.23
159,-99.58,68.37,40.32
67,-99.56,68.38,40.24
302,-99.61,68.39,40.35
202,-99.59,68.36,40.35
1357,-99.69,68.48,40.31
207,-99.69,68.49,40.24
328,-99.71,68.51,40.23
3465,-99.65,68.56,40.54
1378,-99.59,68.56,40.55
730,-99.57,68.61,40.58
2347,-99.64,68.58,40.59
1081,-99.6,68.63,40.62
1987,-99.62,68.53,40.54
8293,-99.67,68.69,40.59
20919,-99.7,68.7,40.58
4240,-99.67,68.6,40.58
3520,-99.64,68.67,40.59
4762,-99.67,68.68,40.62
53203,-99.71,68.63,40.42
42916,-99.7,68.61,40.42
43624,-99.71,68.63,40.44
34119,-99.7,68.61,40.44
34309,-99.71,68.63,40.46
26170,-99.7,68.61,40.46
20207,-99.7,68.61,40.48
26812,-99.71,68.63,40.48
31433,-99.69,68.6,40.42
24796,-99.69,68.6,40.44
21145,-99.68,68.58,40.42
16936,-99.68,68.58,40.44
18998,-99.69,68.6,40.46
13288,-99.68,68.58,40.46
14799,-99.69,68.6,40.48
10556,-99.68,68.58,40.48
28914,-99.73,68.6,40.35
9946,-99.76,68.57,40.31
3020,-99.76,68.53,40.28
5510,-99.74,68.54,40.31
17049,-99.71,68.57,40.35
31987,-99.73,68.6,40.39
18593,-99.7,68.57,40.39
67520,-99.75,68.67,40.42
67935,-99.75,68.67,40.44
69105,-99.76,68.68,40.42
72590,-99.76,68.68,40.43
231827,-99.75,68.73,40.44
59265,-99.75,68.67,40.46
95722,-99.77,68.68,40.48
60364,-99.73,68.64,40.42
64442,-99.74,68.66,40.42
52227,-99.73,68.64,40.44
59431,-99.74,68.66,40.44
42867,-99.73,68.64,40.46
53058,-99.74,68.66,40.46
34844,-99.73,68.64,40.48
44204,-99.74,68.65,40.48
36464,-99.76,68.63,40.35
37832,-99.78,68.66,40.35
44038,-99.78,68.66,40.39
41434,-99.75,68.63,40.39
16685,-99.7,68.62,40.5
9920,-99.7,68.61,40.54
10882,-99.71,68.63,40.56
9166,-99.67,68.59,40.5
6025,-99.68,68.59,40.54
57105,-99.77,68.68,40.51
27685,-99.73,68.64,40.5
39419,-99.74,68.66,40.52
75066,-99.74,68.74,40.55
33206,-99.77,68.67,40.54
21790,-99.74,68.65,40.55
14394,-99.79,68.6,40.31
625,-99.77,68.53,40.23
4978,-99.79,68.55,40.28
895,-99.76,68.57,40.22
9868,-99.78,68.6,40.28
1686,-99.76,68.63,40.22
17472,-99.81,68.63,40.31
12656,-99.81,68.64,40.28
2180,-99.78,68.66,40.22
1409,-99.63,68.48,40.39
1526,-99.6,68.5,40.43
1476,-99.6,68.5,40.47
669,-99.6,68.45,40.39
716,-99.57,68.47,40.43
771,-99.57,68.47,40.47
3312,-99.65,68.51,40.43
7437,-99.68,68.54,40.43
5907,-99.68,68.54,40.47
2956,-99.65,68.51,40.47
4409,-99.71,68.51,40.35
2045,-99.69,68.48,40.35
2517,-99.68,68.48,40.39
5193,-99.71,68.51,40.39
1982,-99.74,68.49,40.31
4566,-99.68,68.54,40.51
863,-99.57,68.51,40.57
611,-99.55,68.49,40.58
1354,-99.6,68.5,40.5
2532,-99.65,68.51,40.51
1192,-99.6,68.51,40.54
773,-99.57,68.47,40.5
734,-99.57,68.47,40.54
52,-99.09,68.2,40.45
54,-99.17,68.22,40.43
63,-99.26,68.25,40.44
41,-99.04,68.23,40.22
43,-99.14,68.26,40.22
53,-99.26,68.25,40.23
52,-99.11,68.18,40.36
50,-99.1,68.18,40.3
65,-99.32,68.21,40.31
57,-99.21,68.19,40.3
59,-99.21,68.19,40.37
70,-99.32,68.2,40.36
46,-98.99,68.19,40.22
43,-98.88,68.14,40.3
53,-99.21,68.36,40.61
53,-99.05,68.12,40.3
49,-99.01,68.15,40.3
49,-99,68.14,40.34
50,-98.9,68.08,40.34
44,-98.89,68.14,40.46
64646,-99.77,68.75,40.58
125387,-99.83,68.8,40.53
50330,-99.81,68.69,40.43
53270,-99.81,68.68,40.46
49929,-99.83,68.71,40.42
58050,-99.84,68.71,40.46
70967,-99.84,68.73,40.48
39512,-99.81,68.67,40.5
51293,-99.81,68.7,40.51
51918,-99.84,68.72,40.51
32972,-99.81,68.69,40.55
34993,-99.85,68.72,40.54
105298,-99.81,68.78,40.56
46715,-99.86,68.74,40.42
58053,-99.86,68.73,40.45
60534,-99.87,68.75,40.47
47968,-99.87,68.74,40.51
41600,-99.89,68.76,40.42
88660,-99.87,68.81,40.43
27948,-99.88,68.78,40.35
34960,-99.88,68.77,40.39
46116,-99.9,68.76,40.5
49768,-99.9,68.77,40.47
116259,-99.87,68.83,40.51
80576,-99.91,68.85,40.45
6089,-99.88,68.85,40.26
34295,-99.9,68.85,40.37
24710,-99.84,68.66,40.35
24815,-99.86,68.69,40.35
29037,-99.83,68.66,40.39
29677,-99.86,68.69,40.39
19114,-99.86,68.69,40.31
12781,-99.86,68.69,40.27
2329,-99.83,68.72,40.21
18848,-99.84,68.66,40.31
3072,-99.83,68.66,40.22
9540,-99.87,68.64,40.28
24385,-99.89,68.72,40.35
23553,-99.91,68.75,40.35
29629,-99.88,68.72,40.39
29184,-99.91,68.75,40.39
18809,-99.89,68.72,40.31
18272,-99.91,68.75,40.31
12468,-99.89,68.72,40.27
12558,-99.91,68.75,40.27
3354,-99.88,68.74,40.22
9785,-99.91,68.76,40.25
1978,-99.87,68.79,40.21
2725,-99.9,68.82,40.21
14666,-99.93,68.81,40.29
57813,-99.96,68.89,40.43
26,-97.45,67.45,40.3
33,-97.45,67.42,40.25
27,-97.34,67.45,40.24
25,-97.5,67.48,40.35
27,-97.23,67.42,40.25
36,-97.51,67.38,40.26
40,-97.57,67.33,40.28
29,-97.56,67.43,40.35
26,-97.61,67.49,40.43
25,-97.66,67.54,40.5
44,-97.68,67.34,40.28
32,-97.62,67.39,40.37
35,-97.73,67.4,40.37
30,-97.67,67.44,40.43
47,-97.74,67.31,40.28
51,-97.85,67.31,40.28
39,-97.79,67.35,40.37
55,-97.96,67.32,40.29
45,-98,67.37,40.38
59,-98.12,67.38,40.28
55,-98.01,67.37,40.28
43,-97.9,67.36,40.37
32,-97.78,67.45,40.43
28,-97.72,67.5,40.51
36,-97.84,67.4,40.43
49,-98.13,67.38,40.38
38,-98,67.47,40.43
42,-98.06,67.42,40.43
39,-97.95,67.41,40.43
33,-97.89,67.46,40.51
33,-97.94,67.52,40.51
30,-97.83,67.51,40.51
28,-97.88,67.54,40.57
26,-97.77,67.53,40.57
54,-98.23,67.39,40.38
54,-98.28,67.44,40.36
48,-98.17,67.44,40.37
47,-98.22,67.49,40.36
41,-98.11,67.48,40.44
40,-98.16,67.54,40.44
36,-98.05,67.53,40.44
35,-98.1,67.58,40.51
32,-97.99,67.57,40.51
26,-97.83,67.54,40.61
28,-97.92,67.55,40.61
32,-98.1,67.57,40.59
26,-97.93,67.61,40.61
28,-97.99,67.61,40.59
31,-98.15,67.62,40.54
29,-98.09,67.62,40.58
51,-98.62,67.75,40.31
39,-98.53,67.81,40.43
42,-98.58,67.8,40.36
39,-98.57,67.8,40.31
40,-98.58,67.84,40.46
32,-98.6,67.93,40.44
41,-98.75,68.05,40.46
36,-98.56,67.83,40.23
29,-98.61,67.94,40.3
41,-98.67,67.92,40.34
32,-98.42,67.73,40.37
28,-98.37,67.74,40.43
25,-98.38,67.79,40.44
28,-98.32,67.68,40.45
26,-98.33,67.72,40.43
37,-98.48,67.77,40.44
30,-98.44,67.82,40.51
38,-98.53,67.81,40.52
31,-98.49,67.85,40.58
41,-98.57,67.84,40.52
33,-98.52,67.87,40.59
31,-98.35,67.65,40.48
40,-98.38,67.63,40.42
31,-98.35,67.66,40.48
33,-98.38,67.68,40.43
34,-98.36,67.64,40.53
44,-98.53,67.74,40.44
41,-98.32,67.6,40.43
44,-98.27,67.55,40.44
32,-98.24,67.62,40.54
39,-98.21,67.58,40.51
31,-98.19,67.62,40.6
33,-98.33,67.63,40.54
42,-98.32,67.58,40.51
32,-98.28,67.62,40.6
50,-98.38,67.56,40.36
51,-98.39,67.57,40.29
31,-98.3,67.63,40.22
53,-98.33,67.5,40.36
59,-98.31,67.51,40.24
63,-98.4,67.46,40.32
63,-98.27,67.45,40.26
46,-98.43,67.62,40.36
46,-98.43,67.62,40.29
44,-98.48,67.68,40.36
44,-98.47,67.69,40.22
58,-98.53,67.63,40.3
55,-98.59,67.69,40.36
54,-98.58,67.7,40.31
40,-98.51,67.76,40.23
54,-98.61,67.76,40.24
65,-98.22,67.39,40.27
63,-98.17,67.35,40.29
61,-98.34,67.4,40.37
52,-98.18,67.35,40.39
59,-98.3,67.34,40.39
54,-99.05,68.12,40.36
58,-99.16,68.2,40.49
71,-99.27,68.24,40.52
75,-99.3,68.33,40.53
195,-99.47,68.35,40.58
140,-99.41,68.42,40.54
177,-99.45,68.37,40.58
250,-99.5,68.39,40.58
225,-99.47,68.39,40.61
112,-99.38,68.39,40.55
334,-99.52,68.42,40.58
204,-99.45,68.44,40.58
300,-99.5,68.43,40.58
239,-99.47,68.47,40.54
468,-99.55,68.44,40.58
420,-99.53,68.46,40.58
335,-99.5,68.49,40.55
557,-99.54,68.51,40.58
933,-99.57,68.54,40.59
72,-99.24,68.27,40.59
52,-99.02,68.15,40.44
59,-99.17,68.24,40.53
55,-99.1,68.19,40.51
58,-99.27,68.4,40.6
79,-99.37,68.48,40.58
99,-99.4,68.5,40.61
69,-99.33,68.45,40.6
120,-99.44,68.52,40.58
163,-99.47,68.54,40.58
251,-99.5,68.57,40.62
384,-99.54,68.59,40.62
60,-99.21,68.36,40.68
49,-99.13,68.31,40.6
44,-98.99,68.21,40.51
44,-99.07,68.27,40.54
96,-99.37,68.26,40.52
84,-99.37,68.26,40.44
71,-99.37,68.26,40.36
123,-99.42,68.32,40.52
101,-99.42,68.32,40.45
151,-99.5,68.33,40.43
172,-99.5,68.33,40.47
79,-99.42,68.32,40.37
129,-99.5,68.33,40.39
108,-99.51,68.33,40.35
62,-99.42,68.33,40.3
42,-99.36,68.36,40.22
44,-99.45,68.38,40.23
90,-99.5,68.33,40.31
53,-99.48,68.35,40.23
63,-99.37,68.26,40.24
79,-99.43,68.24,40.32
528,-99.58,68.42,40.5
532,-99.58,68.42,40.54
352,-99.55,68.39,40.5
367,-99.55,68.39,40.54
448,-99.58,68.42,40.43
393,-99.61,68.39,40.39
284,-99.55,68.39,40.43
257,-99.58,68.36,40.39
502,-99.58,68.42,40.47
325,-99.55,68.39,40.47
251,-99.53,68.36,40.5
267,-99.53,68.36,40.54
190,-99.5,68.33,40.5
205,-99.5,68.33,40.54
107,-99.53,68.31,40.32
66,-99.53,68.35,40.24
125,-99.56,68.34,40.32
149,-99.56,68.33,40.35
121,-99.54,68.3,40.35
183,-99.56,68.33,40.39
143,-99.53,68.3,40.39
218,-99.56,68.33,40.43
247,-99.56,68.33,40.47
166,-99.53,68.3,40.43
188,-99.53,68.3,40.47
368,-99.63,68.42,40.31
66,-99.61,68.45,40.23
137,-99.66,68.45,40.24
972,-99.66,68.45,40.35
671,-99.69,68.43,40.32
510,-99.64,68.42,40.35
259,-99.64,68.37,40.32
87,-99.61,68.39,40.24
188,-99.61,68.34,40.33
82,-99.59,68.36,40.25
310,-99.64,68.37,40.35
218,-99.61,68.34,40.35
1154,-99.71,68.46,40.32
200,-99.69,68.47,40.24
375,-99.74,68.49,40.24
3543,-99.68,68.54,40.54
2596,-99.65,68.56,40.58
1358,-99.6,68.56,40.59
628,-99.57,68.61,40.62
2002,-99.64,68.58,40.62
1219,-99.61,68.64,40.63
2127,-99.65,68.51,40.54
1633,-99.62,68.53,40.58
7805,-99.71,68.63,40.59
39681,-99.74,68.73,40.59
19824,-99.71,68.71,40.59
12957,-99.74,68.65,40.58
20971,-99.74,68.73,40.62
10376,-99.71,68.71,40.62
4111,-99.68,68.58,40.57
4675,-99.68,68.61,40.59
2277,-99.64,68.66,40.62
4923,-99.68,68.69,40.63
5472,-99.71,68.62,40.62
26874,-99.73,68.6,40.43
19700,-99.73,68.6,40.47
15444,-99.7,68.57,40.43
11328,-99.7,68.57,40.47
14681,-99.76,68.57,40.35
5762,-99.79,68.55,40.31
3368,-99.77,68.52,40.31
8707,-99.74,68.54,40.35
16610,-99.76,68.57,40.39
9982,-99.73,68.54,40.39
46150,-99.78,68.66,40.43
46044,-99.78,68.66,40.47
37817,-99.75,68.63,40.43
30725,-99.75,68.63,40.47
20106,-99.79,68.6,40.35
23504,-99.81,68.63,40.35
26914,-99.81,68.63,40.39
22785,-99.78,68.6,40.39
14058,-99.73,68.6,40.51
9738,-99.73,68.6,40.54
8127,-99.7,68.57,40.51
5930,-99.7,68.57,40.55
33213,-99.78,68.65,40.5
23271,-99.75,68.63,40.51
21415,-99.78,68.64,40.54
28346,-99.78,68.68,40.55
15413,-99.76,68.62,40.54
532,-99.77,68.51,40.24
8794,-99.82,68.58,40.31
1022,-99.79,68.55,40.23
8065,-99.81,68.58,40.29
1908,-99.79,68.6,40.23
11137,-99.84,68.61,40.31
9730,-99.84,68.61,40.29
2618,-99.81,68.63,40.23
1245,-99.66,68.45,40.39
1543,-99.63,68.48,40.43
1530,-99.63,68.48,40.47
666,-99.63,68.42,40.39
787,-99.6,68.45,40.43
843,-99.6,68.45,40.47
2653,-99.68,68.48,40.43
5121,-99.71,68.51,40.43
4571,-99.71,68.51,40.47
2548,-99.68,68.48,40.47
2771,-99.74,68.49,40.35
1492,-99.72,68.46,40.35
1871,-99.71,68.46,40.39
3385,-99.74,68.49,40.39
1509,-99.77,68.47,40.32
3893,-99.71,68.51,40.51
3245,-99.71,68.51,40.54
1047,-99.6,68.5,40.58
685,-99.57,68.47,40.58
1432,-99.63,68.48,40.5
2313,-99.68,68.48,40.51
1295,-99.63,68.48,40.54
2041,-99.68,68.48,40.54
846,-99.6,68.45,40.5
812,-99.6,68.45,40.54
524,-99.58,68.42,40.58
374,-99.55,68.39,40.58
278,-99.53,68.36,40.58
37,-98.75,68.05,40.29
47,-98.78,68,40.33
55,-99.11,68.17,40.44
62,-99.21,68.19,40.44
76,-99.32,68.2,40.44
54,-99.04,68.14,40.23
48,-99.09,68.2,40.22
59,-99.21,68.19,40.23
69,-99.33,68.2,40.24
61,-99.16,68.13,40.37
68,-99.26,68.15,40.31
61,-99.16,68.13,40.3
70,-99.27,68.14,40.36
82,-99.38,68.15,40.37
56,-98.94,68.07,40.24
80,-99.27,68.28,40.61
83,-99.32,68.2,40.52
64,-99.11,68.08,40.31
64,-99.11,68.07,40.36
58,-98.96,68.04,40.35
54,-98.93,68.08,40.48
47,-98.89,68.14,40.61
57492,-99.78,68.76,40.59
21505,-99.81,68.69,40.58
111872,-99.84,68.8,40.55
37987,-99.87,68.74,40.53
74499,-99.81,68.78,40.59
106243,-99.87,68.83,40.55
46444,-99.81,68.78,40.62
31395,-99.83,68.66,40.43
32449,-99.83,68.66,40.47
33892,-99.86,68.69,40.43
36841,-99.86,68.69,40.47
27602,-99.83,68.66,40.5
30375,-99.86,68.69,40.5
19876,-99.84,68.66,40.54
22883,-99.87,68.68,40.54
29237,-99.86,68.72,40.56
35048,-99.88,68.72,40.43
38240,-99.89,68.72,40.47
31733,-99.89,68.71,40.5
35156,-99.91,68.75,40.43
37454,-99.91,68.75,40.46
24915,-99.94,68.8,40.37
32623,-99.91,68.74,40.5
37192,-99.99,68.84,40.45
40972,-99.91,68.77,40.51
42891,-99.95,68.8,40.46
95541,-99.92,68.86,40.53
10190,-99.9,68.86,40.29
27239,-99.97,68.9,40.37
16501,-99.87,68.64,40.35
17683,-99.89,68.67,40.35
19003,-99.86,68.64,40.39
20614,-99.89,68.67,40.39
13811,-99.89,68.67,40.31
9643,-99.89,68.67,40.28
3318,-99.86,68.7,40.22
12564,-99.87,68.64,40.31
2868,-99.87,68.64,40.23
6990,-99.89,68.63,40.28
18275,-99.92,68.7,40.35
18498,-99.94,68.73,40.35
21513,-99.91,68.7,40.39
21868,-99.94,68.73,40.39
14406,-99.92,68.7,40.31
14715,-99.94,68.73,40.31
10008,-99.92,68.7,40.27
3560,-99.88,68.72,40.22
10613,-99.94,68.73,40.27
3494,-99.91,68.76,40.22
21427,-100,68.86,40.36
12927,-99.99,68.86,40.29
3213,-99.95,68.82,40.21
11993,-99.99,68.76,40.3
55361,-99.99,68.9,40.46
27,-97.45,67.42,40.35
34,-97.4,67.37,40.26
30,-97.34,67.41,40.25
31,-97.29,67.37,40.26
25,-97.5,67.48,40.43
26,-97.07,67.34,40.27
25,-97.12,67.41,40.25
28,-97.18,67.36,40.27
29,-97.13,67.31,40.28
44,-97.63,67.3,40.29
30,-97.51,67.38,40.36
37,-97.46,67.32,40.28
40,-97.52,67.29,40.29
33,-97.57,67.33,40.38
37,-97.41,67.28,40.29
27,-97.56,67.43,40.43
25,-97.61,67.49,40.51
35,-97.68,67.34,40.38
30,-97.62,67.38,40.43
33,-97.73,67.39,40.43
28,-97.67,67.44,40.51
50,-97.74,67.27,40.29
38,-97.74,67.31,40.39
54,-97.85,67.28,40.29
37,-97.79,67.34,40.43
43,-97.85,67.32,40.38
58,-97.96,67.29,40.29
47,-97.96,67.33,40.39
61,-98.07,67.32,40.3
44,-98.01,67.36,40.43
57,-97.91,67.24,40.3
41,-97.9,67.35,40.43
31,-97.78,67.45,40.51
26,-97.72,67.49,40.58
34,-97.84,67.4,40.51
25,-97.72,67.52,40.66
47,-98.12,67.37,40.44
36,-98,67.47,40.51
41,-98.01,67.36,40.51
40,-98.06,67.42,40.51
37,-97.95,67.41,40.51
32,-97.89,67.46,40.59
31,-97.94,67.52,40.59
29,-97.83,67.51,40.59
52,-98.23,67.38,40.44
52,-98.28,67.44,40.44
46,-98.17,67.43,40.44
46,-98.22,67.49,40.44
40,-98.11,67.48,40.51
39,-98.16,67.54,40.51
33,-98.1,67.56,40.57
35,-98.05,67.53,40.51
31,-97.99,67.55,40.58
28,-97.88,67.54,40.69
27,-97.83,67.53,40.67
29,-97.94,67.54,40.68
29,-97.99,67.55,40.65
32,-98.06,67.56,40.61
34,-98.14,67.57,40.61
25,-97.93,67.61,40.67
31,-98.27,67.62,40.66
26,-97.98,67.6,40.64
28,-98.04,67.61,40.61
30,-98.18,67.62,40.66
30,-98.14,67.62,40.6
54,-98.64,67.75,40.36
44,-98.58,67.8,40.44
44,-98.65,67.86,40.35
59,-98.85,67.93,40.36
44,-98.64,67.89,40.47
52,-98.8,67.99,40.48
34,-98.57,67.91,40.61
36,-98.66,67.98,40.49
45,-98.77,68.05,40.63
35,-98.62,67.9,40.24
30,-98.37,67.73,40.49
35,-98.42,67.72,40.44
27,-98.37,67.78,40.51
28,-98.33,67.69,40.52
28,-98.35,67.72,40.5
34,-98.39,67.68,40.51
25,-98.3,67.74,40.57
33,-98.36,67.65,40.53
43,-98.53,67.74,40.52
44,-98.58,67.79,40.52
38,-98.48,67.77,40.52
38,-98.53,67.8,40.58
30,-98.44,67.82,40.59
42,-98.57,67.83,40.6
34,-98.52,67.87,40.67
32,-98.37,67.63,40.59
47,-98.42,67.6,40.44
45,-98.44,67.63,40.44
44,-98.48,67.68,40.44
47,-98.43,67.59,40.51
54,-98.59,67.69,40.44
49,-98.38,67.56,40.44
51,-98.33,67.5,40.44
43,-98.27,67.55,40.51
32,-98.24,67.62,40.6
38,-98.21,67.56,40.59
35,-98.21,67.57,40.67
49,-98.33,67.5,40.52
48,-98.38,67.56,40.52
33,-98.33,67.62,40.61
41,-98.32,67.57,40.59
37,-98.31,67.58,40.67
61,-98.44,67.51,40.36
63,-98.44,67.52,40.3
53,-98.36,67.57,40.23
61,-98.39,67.45,40.36
70,-98.45,67.43,40.32
71,-98.38,67.46,40.25
72,-98.33,67.4,40.26
59,-98.49,67.57,40.36
62,-98.49,67.57,40.3
47,-98.41,67.63,40.22
57,-98.54,67.63,40.36
69,-98.57,67.58,40.32
65,-98.54,67.64,40.24
66,-98.65,67.64,40.37
61,-98.58,67.7,40.24
65,-98.7,67.7,40.36
60,-98.65,67.77,40.25
70,-98.29,67.34,40.28
65,-98.13,67.27,40.31
66,-98.18,67.31,40.3
74,-98.35,67.3,40.29
63,-98.35,67.31,40.39
58,-98.34,67.39,40.44
67,-98.4,67.35,40.38
52,-98.18,67.32,40.44
57,-98.29,67.33,40.44
55,-98.34,67.39,40.52
55,-98.29,67.33,40.52
66,-98.14,67.09,40.34
216,-99.5,68.33,40.58
144,-99.43,68.31,40.6
109,-99.37,68.26,40.6
57,-99.06,68.11,40.44
59,-99.12,68.16,40.5
67,-99.21,68.19,40.52
78,-99.27,68.22,40.58
94,-99.32,68.32,40.6
204,-99.47,68.35,40.62
190,-99.46,68.37,40.61
160,-99.42,68.41,40.58
259,-99.5,68.38,40.62
212,-99.45,68.43,40.61
125,-99.38,68.37,40.6
341,-99.52,68.41,40.62
272,-99.48,68.46,40.58
466,-99.55,68.44,40.62
379,-99.51,68.49,40.58
591,-99.55,68.51,40.62
880,-99.58,68.53,40.62
89,-99.28,68.26,40.68
68,-99.19,68.23,40.6
55,-99.04,68.15,40.52
58,-99.12,68.2,40.55
69,-99.27,68.4,40.68
109,-99.41,68.51,40.63
87,-99.38,68.48,40.62
85,-99.34,68.45,40.68
133,-99.44,68.53,40.62
177,-99.47,68.55,40.62
286,-99.51,68.58,40.67
56,-99.15,68.31,40.68
65,-99.21,68.35,40.74
51,-99.04,68.24,40.64
115,-99.43,68.21,40.52
101,-99.43,68.21,40.45
87,-99.43,68.21,40.37
151,-99.48,68.27,40.52
127,-99.48,68.27,40.45
102,-99.48,68.27,40.37
75,-99.43,68.23,40.25
86,-99.47,68.28,40.32
66,-99.51,68.33,40.24
55,-99.42,68.32,40.23
95,-99.44,68.11,40.39
552,-99.61,68.39,40.51
559,-99.61,68.39,40.54
376,-99.58,68.36,40.5
391,-99.58,68.36,40.54
472,-99.61,68.39,40.43
394,-99.64,68.37,40.39
307,-99.58,68.36,40.43
270,-99.61,68.34,40.39
524,-99.61,68.39,40.47
347,-99.58,68.36,40.47
271,-99.56,68.33,40.5
287,-99.56,68.33,40.54
206,-99.53,68.3,40.5
221,-99.53,68.3,40.54
79,-99.54,68.3,40.25
80,-99.56,68.33,40.25
171,-99.59,68.28,40.37
224,-99.59,68.28,40.45
399,-99.66,68.4,40.32
102,-99.64,68.42,40.24
181,-99.69,68.43,40.25
687,-99.72,68.42,40.33
816,-99.69,68.43,40.35
482,-99.67,68.4,40.35
115,-99.64,68.37,40.25
103,-99.61,68.34,40.26
309,-99.67,68.34,40.35
379,-99.67,68.34,40.39
225,-99.64,68.32,40.36
267,-99.64,68.31,40.39
982,-99.74,68.44,40.32
255,-99.72,68.46,40.25
388,-99.77,68.46,40.25
2033,-99.65,68.55,40.61
2789,-99.68,68.54,40.58
2292,-99.65,68.58,40.63
1339,-99.61,68.56,40.62
747,-99.59,68.63,40.68
1783,-99.65,68.51,40.58
1427,-99.63,68.53,40.62
951,-99.6,68.5,40.62
657,-99.58,68.47,40.62
365,-99.54,68.59,40.69
6718,-99.73,68.59,40.58
17369,-99.78,68.67,40.59
9819,-99.76,68.62,40.58
12311,-99.75,68.65,40.59
11317,-99.79,68.66,40.62
19482,-99.75,68.74,40.63
8259,-99.76,68.64,40.62
5245,-99.7,68.71,40.67
2092,-99.66,68.68,40.68
4374,-99.7,68.57,40.58
3602,-99.68,68.6,40.62
4719,-99.73,68.59,40.61
5654,-99.73,68.63,40.63
15461,-99.76,68.57,40.43
12953,-99.76,68.57,40.47
9399,-99.73,68.54,40.43
7966,-99.73,68.54,40.47
8098,-99.79,68.55,40.35
3820,-99.82,68.52,40.31
2354,-99.79,68.5,40.32
4944,-99.77,68.52,40.35
9394,-99.79,68.55,40.39
5882,-99.76,68.52,40.39
27581,-99.81,68.63,40.43
26427,-99.81,68.63,40.47
21971,-99.78,68.6,40.43
19270,-99.78,68.6,40.47
11540,-99.82,68.58,40.35
14495,-99.84,68.61,40.35
16539,-99.84,68.61,40.39
13193,-99.81,68.58,40.39
10312,-99.76,68.57,40.51
7929,-99.76,68.57,40.54
6455,-99.73,68.54,40.51
5124,-99.73,68.54,40.54
22012,-99.81,68.63,40.51
15655,-99.78,68.6,40.51
16503,-99.81,68.63,40.54
11951,-99.78,68.6,40.55
550,-99.8,68.49,40.24
876,-99.82,68.52,40.24
5665,-99.84,68.55,40.31
1802,-99.82,68.58,40.23
7232,-99.87,68.58,40.31
2438,-99.84,68.61,40.23
623,-99.66,68.4,40.39
1044,-99.69,68.43,40.39
1397,-99.66,68.45,40.43
1431,-99.66,68.45,40.47
781,-99.63,68.42,40.43
840,-99.63,68.42,40.47
2070,-99.71,68.46,40.43
3582,-99.74,68.49,40.43
3473,-99.74,68.49,40.47
2108,-99.71,68.46,40.47
1840,-99.77,68.46,40.35
1332,-99.8,68.45,40.32
1126,-99.75,68.43,40.35
1427,-99.74,68.43,40.39
2350,-99.77,68.46,40.39
2687,-99.71,68.51,40.58
3170,-99.74,68.49,40.51
2803,-99.74,68.49,40.54
1154,-99.63,68.48,40.58
1775,-99.68,68.48,40.58
765,-99.6,68.45,40.58
1379,-99.66,68.45,40.51
2004,-99.71,68.46,40.51
1285,-99.66,68.45,40.54
1853,-99.71,68.46,40.54
855,-99.63,68.42,40.51
833,-99.63,68.42,40.54
512,-99.58,68.42,40.62
376,-99.55,68.39,40.62
285,-99.53,68.36,40.62
225,-99.5,68.33,40.62
553,-99.61,68.39,40.58
540,-99.61,68.39,40.62
399,-99.58,68.36,40.58
400,-99.58,68.36,40.62
298,-99.56,68.33,40.58
305,-99.56,68.33,40.62
232,-99.53,68.3,40.58
240,-99.53,68.3,40.62
59,-98.83,67.96,40.25
63,-99.16,68.13,40.44
73,-99.27,68.14,40.44
89,-99.38,68.15,40.45
78,-99.27,68.14,40.52
69,-99.11,68.08,40.24
65,-99.16,68.14,40.23
75,-99.28,68.14,40.24
83,-99.39,68.15,40.26
72,-99.22,68.08,40.36
75,-99.18,68.03,40.31
74,-99.17,68.02,40.36
72,-99.22,68.08,40.31
82,-99.33,68.09,40.37
92,-99.39,68.04,40.39
80,-99.06,67.96,40.26
91,-99.32,68.2,40.6
97,-99.38,68.15,40.52
65,-99.11,68.07,40.44
73,-99.07,67.97,40.36
60,-98.97,68.03,40.47
74,-98.95,67.85,40.37
59,-98.95,68.06,40.62
49,-98.93,68.16,40.68
70956,-99.99,68.9,40.52
32383,-99.78,68.76,40.62
1351,-99.65,68.67,40.73
37685,-99.82,68.79,40.64
13993,-99.84,68.65,40.58
19051,-99.83,68.69,40.59
71139,-99.86,68.82,40.61
24813,-99.89,68.71,40.53
32046,-99.88,68.74,40.55
21692,-99.86,68.71,40.59
32455,-99.91,68.76,40.55
15319,-99.86,68.71,40.62
32549,-99.86,68.81,40.67
20219,-99.86,68.64,40.43
20164,-99.86,68.64,40.47
22577,-99.89,68.67,40.43
23162,-99.89,68.67,40.47
18105,-99.86,68.64,40.51
21077,-99.89,68.67,40.51
14913,-99.86,68.64,40.55
17577,-99.89,68.67,40.55
24093,-99.91,68.7,40.43
25176,-99.91,68.7,40.47
23324,-99.91,68.7,40.51
66414,-99.98,68.9,40.59
24958,-99.94,68.73,40.43
26562,-99.94,68.73,40.47
36833,-99.95,68.79,40.44
17663,-99.99,68.76,40.37
24986,-99.94,68.73,40.51
34184,-99.99,68.84,40.43
32576,-100.01,68.85,40.47
34541,-99.96,68.8,40.53
71624,-99.92,68.86,40.6
7156,-99.96,68.9,40.27
20403,-100.02,68.94,40.36
10833,-99.9,68.61,40.35
12228,-99.92,68.64,40.35
12570,-99.89,68.61,40.39
14246,-99.92,68.64,40.39
9442,-99.92,68.64,40.31
7417,-99.92,68.65,40.28
3217,-99.89,68.67,40.22
8266,-99.9,68.61,40.31
2438,-99.89,68.62,40.23
13188,-99.95,68.67,40.35
13879,-99.97,68.7,40.35
15401,-99.94,68.67,40.39
16221,-99.97,68.7,40.39
10498,-99.95,68.67,40.31
11265,-99.97,68.7,40.31
8218,-99.94,68.68,40.28
3547,-99.91,68.7,40.22
9093,-99.97,68.71,40.28
3861,-99.94,68.73,40.22
17779,-100.04,68.9,40.35
24149,-100.05,68.95,40.38
12050,-100.04,68.91,40.29
17562,-100.04,68.82,40.37
11783,-100.04,68.82,40.3
3669,-99.98,68.88,40.21
4172,-99.99,68.76,40.22
8097,-100.05,68.72,40.31
43884,-100.05,68.94,40.45
31,-97.24,67.32,40.28
35,-97.35,67.31,40.28
25,-97.45,67.42,40.43
27,-97.4,67.37,40.36
25,-97.34,67.41,40.35
25,-97.29,67.36,40.37
28,-97.36,67.31,40.38
26,-97.02,67.3,40.28
31,-97.13,67.27,40.29
26,-96.91,67.27,40.29
46,-97.63,67.26,40.3
35,-97.63,67.3,40.39
49,-97.69,67.23,40.3
28,-97.51,67.37,40.43
30,-97.46,67.32,40.38
43,-97.52,67.25,40.3
33,-97.52,67.29,40.39
31,-97.57,67.32,40.43
30,-97.41,67.28,40.39
39,-97.41,67.24,40.3
42,-97.47,67.2,40.31
26,-97.56,67.43,40.51
35,-97.79,67.34,40.51
27,-97.67,67.44,40.59
34,-97.68,67.33,40.43
29,-97.62,67.38,40.51
31,-97.73,67.39,40.51
54,-97.81,67.18,40.31
38,-97.74,67.28,40.43
42,-97.85,67.29,40.43
58,-97.93,67.07,40.34
52,-98.13,67.27,40.45
62,-98.03,67.2,40.32
48,-98.07,67.31,40.44
45,-97.96,67.3,40.44
46,-97.91,67.24,40.44
42,-97.96,67.3,40.51
43,-97.91,67.24,40.51
38,-97.9,67.35,40.51
39,-97.85,67.29,40.51
26,-97.72,67.48,40.65
29,-97.78,67.45,40.59
33,-97.84,67.4,40.59
26,-97.76,67.52,40.69
49,-98.18,67.32,40.52
50,-98.13,67.26,40.51
45,-98.12,67.37,40.51
45,-98.07,67.31,40.51
35,-98,67.47,40.59
39,-98.01,67.36,40.59
39,-98.06,67.42,40.59
36,-97.95,67.41,40.59
31,-97.89,67.46,40.67
29,-97.83,67.49,40.66
31,-97.94,67.5,40.66
49,-98.23,67.38,40.52
49,-98.28,67.44,40.52
44,-98.17,67.43,40.51
44,-98.22,67.49,40.51
38,-98.11,67.48,40.59
37,-98.16,67.54,40.59
30,-97.99,67.54,40.64
34,-98.05,67.53,40.59
30,-97.88,67.52,40.77
31,-97.99,67.54,40.7
33,-98.1,67.55,40.69
34,-98.15,67.56,40.68
32,-98.04,67.55,40.68
26,-97.88,67.61,40.76
26,-97.98,67.61,40.7
32,-98.3,67.63,40.68
30,-98.22,67.63,40.67
28,-98.08,67.62,40.69
29,-98.13,67.62,40.67
27,-98.03,67.61,40.67
25,-97.76,67.6,40.8
60,-98.04,67.01,40.36
52,-98.59,67.69,40.52
53,-98.64,67.75,40.44
58,-98.74,67.82,40.36
52,-98.64,67.75,40.52
47,-98.65,67.85,40.45
60,-98.86,67.92,40.48
44,-98.61,67.86,40.61
48,-98.7,67.92,40.5
56,-98.83,67.97,40.64
46,-98.76,68.04,40.76
40,-98.64,67.96,40.64
75,-98.85,67.73,40.38
61,-98.73,67.84,40.25
43,-98.48,67.68,40.52
36,-98.42,67.72,40.51
28,-98.36,67.77,40.59
30,-98.44,67.82,40.67
28,-98.33,67.71,40.59
34,-98.39,67.69,40.58
43,-98.44,67.63,40.51
31,-98.37,67.66,40.6
43,-98.53,67.74,40.6
44,-98.58,67.79,40.59
38,-98.48,67.77,40.59
42,-98.57,67.83,40.68
37,-98.49,67.79,40.68
35,-98.47,67.85,40.79
33,-98.38,67.64,40.68
32,-98.35,67.64,40.68
32,-98.39,67.63,40.62
45,-98.43,67.59,40.58
32,-98.39,67.63,40.62
57,-98.49,67.57,40.44
55,-98.54,67.63,40.44
54,-98.49,67.57,40.52
53,-98.54,67.63,40.52
63,-98.65,67.64,40.44
63,-98.7,67.7,40.44
61,-98.65,67.64,40.52
61,-98.7,67.7,40.52
58,-98.44,67.51,40.44
58,-98.39,67.45,40.44
36,-98.21,67.56,40.65
41,-98.27,67.55,40.59
37,-98.25,67.58,40.69
55,-98.39,67.45,40.52
47,-98.33,67.5,40.59
55,-98.44,67.51,40.52
46,-98.38,67.56,40.59
39,-98.32,67.57,40.65
39,-98.36,67.59,40.69
70,-98.5,67.46,40.36
72,-98.5,67.47,40.31
71,-98.43,67.52,40.23
69,-98.45,67.4,40.37
78,-98.44,67.43,40.25
77,-98.4,67.35,40.27
69,-98.55,67.52,40.36
71,-98.54,67.53,40.31
68,-98.48,67.58,40.23
68,-98.6,67.58,40.36
75,-98.58,67.59,40.25
76,-98.75,67.61,40.38
75,-98.65,67.65,40.26
73,-98.69,67.71,40.26
71,-98.24,67.22,40.31
76,-98.35,67.27,40.3
65,-98.4,67.34,40.44
73,-98.47,67.31,40.39
63,-98.35,67.28,40.44
61,-98.4,67.34,40.52
60,-98.35,67.28,40.52
58,-98.25,67.22,40.5
52,-98.34,67.39,40.59
52,-98.29,67.33,40.59
69,-98.26,67.03,40.35
50,-98.04,67.03,40.54
55,-98.15,67.11,40.52
169,-99.48,68.27,40.6
163,-99.44,68.31,40.67
127,-99.43,68.21,40.6
122,-99.38,68.25,40.67
82,-99.27,68.14,40.6
73,-99.22,68.18,40.59
66,-99.16,68.13,40.52
60,-99.06,68.1,40.51
66,-99.11,68.07,40.52
99,-99.33,68.19,40.67
88,-99.27,68.14,40.67
113,-99.34,68.31,40.68
243,-99.49,68.36,40.67
238,-99.46,68.44,40.63
177,-99.43,68.41,40.62
153,-99.4,68.36,40.68
402,-99.54,68.42,40.67
298,-99.49,68.46,40.62
410,-99.52,68.48,40.62
644,-99.56,68.51,40.67
78,-99.21,68.21,40.68
97,-99.29,68.24,40.74
66,-99.1,68.15,40.64
79,-99.29,68.4,40.76
98,-99.35,68.45,40.76
114,-99.4,68.49,40.68
174,-99.46,68.54,40.68
62,-99.16,68.31,40.76
69,-99.24,68.36,40.77
58,-99.05,68.24,40.78
130,-99.49,68.16,40.52
116,-99.49,68.16,40.45
104,-99.49,68.17,40.38
82,-99.43,68.19,40.26
173,-99.54,68.22,40.52
148,-99.54,68.22,40.45
124,-99.54,68.23,40.38
75,-99.48,68.27,40.25
95,-99.44,68.1,40.28
106,-99.49,68.07,40.4
101,-99.44,68.1,40.45
478,-99.64,68.34,40.53
416,-99.64,68.34,40.45
266,-99.59,68.28,40.52
190,-99.64,68.24,40.39
104,-99.59,68.28,40.27
221,-99.65,68.23,40.45
138,-99.67,68.4,40.25
217,-99.72,68.41,40.26
698,-99.72,68.4,40.35
448,-99.69,68.37,40.35
878,-99.72,68.4,40.39
558,-99.69,68.37,40.39
137,-99.67,68.34,40.26
120,-99.64,68.31,40.26
301,-99.7,68.3,40.39
281,-99.75,68.43,40.25
415,-99.8,68.45,40.25
638,-99.6,68.63,40.75
1511,-99.65,68.51,40.62
2254,-99.68,68.54,40.62
1539,-99.64,68.56,40.68
1548,-99.68,68.48,40.62
2241,-99.71,68.51,40.62
342,-99.53,68.59,40.76
719,-99.6,68.45,40.62
659,-99.58,68.47,40.66
1038,-99.63,68.48,40.62
811,-99.59,68.52,40.69
6043,-99.76,68.58,40.58
4051,-99.73,68.54,40.58
11408,-99.81,68.63,40.58
8686,-99.78,68.6,40.58
7977,-99.81,68.62,40.61
10605,-99.8,68.67,40.63
6922,-99.74,68.73,40.69
6266,-99.79,68.6,40.62
5389,-99.76,68.63,40.67
3330,-99.71,68.56,40.62
3204,-99.71,68.6,40.68
3252,-99.73,68.55,40.62
4612,-99.76,68.57,40.62
9406,-99.79,68.55,40.43
8623,-99.79,68.55,40.47
6011,-99.76,68.52,40.43
5608,-99.76,68.52,40.47
4882,-99.82,68.52,40.35
2352,-99.84,68.49,40.32
3085,-99.8,68.49,40.35
5798,-99.82,68.52,40.39
3783,-99.79,68.49,40.39
17098,-99.84,68.61,40.43
16432,-99.84,68.61,40.47
13310,-99.81,68.58,40.43
12374,-99.81,68.58,40.47
6999,-99.85,68.55,40.35
9102,-99.87,68.58,40.35
10539,-99.87,68.58,40.39
8149,-99.84,68.55,40.39
7461,-99.79,68.55,40.51
6194,-99.79,68.55,40.55
4945,-99.76,68.52,40.51
4212,-99.76,68.52,40.55
14466,-99.84,68.61,40.51
10727,-99.81,68.58,40.51
11808,-99.84,68.61,40.55
8789,-99.81,68.58,40.55
668,-99.85,68.48,40.25
4209,-99.89,68.54,40.32
1383,-99.85,68.55,40.24
1847,-99.87,68.58,40.24
930,-99.69,68.4,40.45
1625,-99.74,68.43,40.43
2593,-99.77,68.46,40.43
2653,-99.77,68.46,40.47
1713,-99.74,68.43,40.47
1148,-99.8,68.41,40.37
2427,-99.74,68.49,40.58
2537,-99.77,68.46,40.51
2350,-99.77,68.46,40.55
1691,-99.74,68.43,40.51
1617,-99.74,68.43,40.55
1171,-99.66,68.45,40.58
1664,-99.71,68.46,40.58
1066,-99.66,68.45,40.62
796,-99.63,68.42,40.58
752,-99.63,68.42,40.62
977,-99.69,68.4,40.53
191,-99.54,68.22,40.6
445,-99.58,68.39,40.68
272,-99.53,68.33,40.68
489,-99.64,68.34,40.6
288,-99.59,68.28,40.6
84,-98.97,67.84,40.27
73,-99.22,68.08,40.44
85,-99.33,68.09,40.44
74,-99.17,68.02,40.44
76,-99.22,68.08,40.52
89,-99.33,68.09,40.52
75,-99.17,68.02,40.52
95,-99.39,68.04,40.45
82,-99.17,68.02,40.25
79,-99.22,68.08,40.24
87,-99.34,68.09,40.26
97,-99.39,68.04,40.28
88,-99.28,67.99,40.37
101,-99.43,68,40.4
95,-99.18,67.89,40.28
105,-99.38,68.15,40.6
143,-99.49,68.16,40.6
109,-99.44,68.1,40.52
100,-99.39,68.04,40.52
87,-99.18,67.91,40.38
73,-99.07,67.95,40.48
64,-98.98,68,40.6
74,-98.97,67.83,40.48
63,-99,68.07,40.68
53,-98.93,68.15,40.8
48,-98.82,68.07,40.82
29746,-100.02,68.84,40.54
55058,-100.05,68.94,40.52
13158,-99.83,68.69,40.63
2261,-99.71,68.59,40.73
16277,-99.8,68.77,40.68
3234,-99.74,68.73,40.76
1391,-99.68,68.68,40.77
13345,-99.88,68.71,40.64
11580,-99.86,68.64,40.58
13295,-99.89,68.66,40.58
10162,-99.89,68.66,40.62
19618,-99.92,68.7,40.54
20880,-99.94,68.72,40.54
20261,-99.91,68.74,40.61
25852,-99.88,68.83,40.7
11525,-99.92,68.73,40.67
13324,-99.89,68.61,40.43
13339,-99.89,68.61,40.47
15315,-99.92,68.64,40.43
15553,-99.92,68.64,40.47
12305,-99.89,68.61,40.51
14492,-99.92,68.64,40.51
10683,-99.89,68.61,40.55
12676,-99.92,68.64,40.55
16772,-99.94,68.67,40.43
17254,-99.94,68.67,40.47
17862,-99.97,68.7,40.43
18542,-99.97,68.7,40.47
16294,-99.94,68.67,40.51
14490,-99.94,68.67,40.55
17764,-99.97,68.7,40.51
16076,-99.97,68.7,40.55
8684,-99.87,68.63,40.62
58827,-100,68.92,40.62
22579,-100.03,68.83,40.59
22939,-99.99,68.76,40.45
9824,-100.05,68.71,40.37
20866,-100,68.76,40.52
23105,-100.04,68.82,40.45
21704,-100.05,68.81,40.52
21447,-99.98,68.79,40.61
35814,-99.94,68.87,40.68
7750,-100.03,68.95,40.27
18079,-100.1,68.99,40.37
6712,-99.95,68.59,40.37
5987,-99.94,68.6,40.32
2116,-99.9,68.6,40.24
2706,-99.92,68.64,40.23
8537,-100,68.65,40.37
7541,-99.99,68.66,40.31
3142,-99.95,68.67,40.23
3562,-99.97,68.71,40.23
16855,-100.09,68.88,40.37
11680,-100.09,68.88,40.3
4066,-100.03,68.93,40.22
11411,-100.14,68.94,40.3
10762,-100.1,68.77,40.37
8373,-100.1,68.78,40.31
4527,-100.04,68.83,40.22
3164,-100.05,68.71,40.24
5280,-100.11,68.69,40.33
34510,-100.11,68.98,40.45
21172,-100.1,68.88,40.45
15394,-100.15,68.93,40.37
21895,-100.11,68.87,40.52
19076,-100.15,68.93,40.44
25,-97.24,67.32,40.38
33,-97.24,67.28,40.29
36,-97.3,67.25,40.3
26,-97.4,67.36,40.43
27,-97.35,67.3,40.43
33,-97.19,67.24,40.3
36,-97.25,67.18,40.31
28,-97.02,67.26,40.29
31,-97.08,67.23,40.3
28,-96.97,67.22,40.3
31,-97.03,67.17,40.32
26,-96.86,67.2,40.3
47,-97.59,67.16,40.32
39,-97.69,67.23,40.45
35,-97.63,67.27,40.44
40,-97.37,67.13,40.32
27,-97.51,67.37,40.51
29,-97.46,67.31,40.43
32,-97.52,67.26,40.44
30,-97.57,67.32,40.51
30,-97.41,67.25,40.44
33,-97.47,67.21,40.45
25,-97.56,67.43,40.59
25,-97.61,67.47,40.65
27,-97.67,67.44,40.67
36,-97.74,67.28,40.51
36,-97.69,67.22,40.51
33,-97.79,67.34,40.59
28,-97.62,67.38,40.59
30,-97.73,67.39,40.59
32,-97.68,67.33,40.51
33,-97.63,67.27,40.51
26,-97.66,67.49,40.76
53,-97.82,66.99,40.36
50,-97.71,67.06,40.34
46,-97.6,66.98,40.36
42,-97.81,67.18,40.49
48,-97.92,67.09,40.52
49,-98.02,67.21,40.5
40,-97.96,67.3,40.59
40,-97.91,67.24,40.59
36,-97.9,67.35,40.59
37,-97.85,67.29,40.59
33,-97.79,67.34,40.67
32,-97.84,67.4,40.67
30,-97.73,67.39,40.67
29,-97.78,67.45,40.67
29,-97.77,67.49,40.81
48,-98.18,67.32,40.59
47,-98.13,67.26,40.59
43,-98.12,67.37,40.59
43,-98.07,67.31,40.59
39,-98.01,67.36,40.67
38,-98.06,67.42,40.67
35,-97.95,67.41,40.67
32,-97.89,67.46,40.75
34,-98,67.47,40.67
47,-98.23,67.38,40.59
47,-98.28,67.44,40.59
43,-98.17,67.43,40.59
42,-98.22,67.49,40.59
37,-98.11,67.48,40.67
37,-98.17,67.52,40.66
34,-98.05,67.51,40.66
33,-97.97,67.52,40.81
36,-98.11,67.55,40.79
29,-97.95,67.61,40.81
32,-98.22,67.64,40.79
30,-98.08,67.62,40.79
27,-97.76,67.59,40.94
37,-97.26,67.05,40.35
43,-97.49,67.04,40.35
26,-96.81,67.14,40.32
44775,-100.12,68.99,40.52
36696,-100.17,69.02,40.51
59,-98.05,66.94,40.38
54,-97.95,66.85,40.4
51,-98.59,67.69,40.6
51,-98.64,67.75,40.6
47,-98.63,67.82,40.6
58,-98.75,67.81,40.48
62,-98.87,67.9,40.62
57,-98.83,67.95,40.77
50,-98.69,67.89,40.64
43,-98.64,67.96,40.79
74,-98.87,67.72,40.48
85,-98.87,67.72,40.27
42,-98.48,67.68,40.6
36,-98.42,67.72,40.59
29,-98.35,67.76,40.67
29,-98.33,67.71,40.67
41,-98.45,67.64,40.59
32,-98.37,67.67,40.67
37,-98.48,67.76,40.67
42,-98.53,67.74,40.67
45,-98.58,67.79,40.67
43,-98.54,67.81,40.8
31,-98.35,67.76,40.78
36,-98.46,67.84,40.94
32,-98.34,67.7,40.78
42,-98.46,67.6,40.7
32,-98.35,67.66,40.79
32,-98.31,67.65,40.81
41,-98.43,67.59,40.69
51,-98.48,67.56,40.59
49,-98.5,67.6,40.59
51,-98.54,67.63,40.6
66,-98.55,67.52,40.44
65,-98.6,67.58,40.44
63,-98.55,67.52,40.52
62,-98.6,67.58,40.52
75,-98.77,67.6,40.48
59,-98.65,67.64,40.6
59,-98.7,67.7,40.6
66,-98.5,67.46,40.44
66,-98.45,67.4,40.44
62,-98.45,67.4,40.52
63,-98.5,67.46,40.52
40,-98.27,67.54,40.67
40,-98.29,67.58,40.79
53,-98.39,67.45,40.59
45,-98.33,67.5,40.67
52,-98.44,67.51,40.6
44,-98.38,67.55,40.67
77,-98.55,67.38,40.38
80,-98.45,67.39,40.26
80,-98.5,67.46,40.25
82,-98.48,67.3,40.29
78,-98.64,67.49,40.38
79,-98.55,67.53,40.25
78,-98.61,67.59,40.26
87,-98.76,67.6,40.28
76,-98.36,67.11,40.33
81,-98.46,67.22,40.31
70,-98.47,67.24,40.49
58,-98.4,67.34,40.6
57,-98.35,67.28,40.59
65,-98.37,67.13,40.51
53,-98.24,67.22,40.63
56,-98.4,67.34,40.67
55,-98.35,67.28,40.67
51,-98.34,67.39,40.67
51,-98.29,67.33,40.67
68,-98.27,66.96,40.37
59,-98.26,67.05,40.53
48,-98.04,66.98,40.64
51,-98.14,67.1,40.63
183,-99.48,68.27,40.68
137,-99.43,68.21,40.68
94,-99.33,68.09,40.6
77,-99.17,68.06,40.63
112,-99.38,68.15,40.68
103,-99.33,68.17,40.74
99,-99.33,68.09,40.68
94,-99.28,68.12,40.74
130,-99.36,68.3,40.76
176,-99.42,68.35,40.76
229,-99.45,68.41,40.68
379,-99.51,68.46,40.68
87,-99.23,68.2,40.76
108,-99.31,68.25,40.77
77,-99.14,68.12,40.78
87,-99.3,68.4,40.84
109,-99.36,68.45,40.84
133,-99.41,68.5,40.76
311,-99.53,68.58,40.82
201,-99.47,68.54,40.76
67,-99.17,68.31,40.84
74,-99.23,68.36,40.83
62,-99.1,68.26,40.85
140,-99.55,68.11,40.53
127,-99.55,68.11,40.45
119,-99.54,68.12,40.4
95,-99.49,68.16,40.28
180,-99.6,68.17,40.53
158,-99.6,68.17,40.45
142,-99.59,68.18,40.4
97,-99.54,68.22,40.27
104,-99.5,68.06,40.29
111,-99.5,68.05,40.45
431,-99.7,68.29,40.53
361,-99.7,68.29,40.45
262,-99.65,68.23,40.53
127,-99.65,68.23,40.28
211,-99.71,68.18,40.45
162,-99.7,68.37,40.26
201,-99.72,68.39,40.26
556,-99.75,68.35,40.38
302,-99.76,68.27,40.4
152,-99.7,68.29,40.28
325,-99.8,68.4,40.27
1221,-99.66,68.55,40.75
695,-99.62,68.64,40.79
1499,-99.69,68.5,40.68
1494,-99.71,68.46,40.62
2096,-99.74,68.49,40.62
689,-99.6,68.5,40.76
800,-99.63,68.45,40.68
5021,-99.79,68.55,40.58
3525,-99.76,68.52,40.58
9226,-99.84,68.61,40.58
6950,-99.81,68.58,40.58
5503,-99.81,68.58,40.62
7122,-99.84,68.61,40.62
4297,-99.79,68.59,40.66
5916,-99.8,68.65,40.69
2948,-99.76,68.52,40.62
4060,-99.79,68.55,40.62
2744,-99.74,68.55,40.67
6076,-99.82,68.52,40.43
5942,-99.82,68.52,40.47
4057,-99.79,68.49,40.43
4040,-99.79,68.49,40.47
2399,-99.85,68.47,40.37
11027,-99.87,68.58,40.43
10862,-99.87,68.58,40.47
8490,-99.84,68.55,40.43
8288,-99.84,68.55,40.47
4523,-99.9,68.53,40.37
5434,-99.82,68.52,40.51
4790,-99.82,68.52,40.55
3768,-99.79,68.49,40.51
3389,-99.79,68.49,40.55
9913,-99.87,68.58,40.51
7537,-99.84,68.55,40.51
8580,-99.87,68.58,40.55
6557,-99.84,68.55,40.55
520,-99.86,68.44,40.26
1185,-99.9,68.53,40.25
700,-99.75,68.35,40.45
1447,-99.8,68.41,40.45
782,-99.86,68.37,40.39
2113,-99.77,68.46,40.58
1501,-99.74,68.43,40.58
1889,-99.77,68.46,40.62
1379,-99.74,68.43,40.62
1517,-99.8,68.41,40.53
785,-99.75,68.35,40.53
908,-99.69,68.4,40.6
1878,-99.74,68.53,40.73
202,-99.54,68.22,40.68
152,-99.49,68.16,40.68
198,-99.6,68.17,40.6
418,-99.59,68.38,40.75
472,-99.64,68.34,40.68
273,-99.53,68.33,40.75
296,-99.59,68.28,40.68
455,-99.7,68.29,40.6
286,-99.65,68.23,40.6
98,-99.09,67.73,40.3
90,-99.29,67.98,40.48
105,-99.45,67.99,40.45
101,-99.39,67.94,40.4
105,-99.44,68,40.29
97,-99.29,67.97,40.27
100,-99.19,67.82,40.29
109,-99.45,67.99,40.52
117,-99.44,68.1,40.6
153,-99.55,68.11,40.6
119,-99.5,68.05,40.52
124,-99.44,68.1,40.68
105,-99.39,68.04,40.6
109,-99.39,68.04,40.68
102,-99.3,67.76,40.5
89,-99.19,67.86,40.48
73,-99.07,67.95,40.64
88,-99.08,67.74,40.49
72,-98.97,67.84,40.64
68,-99.01,68.03,40.8
61,-98.89,67.96,40.82
55,-98.93,68.14,40.95
50,-98.8,68.05,40.95
365,-99.56,68.6,40.85
580,-99.62,68.64,40.84
25552,-100.09,68.89,40.54
37873,-100,68.91,40.68
52539,-100.06,68.96,40.61
8566,-99.86,68.69,40.68
3545,-99.81,68.63,40.76
2156,-99.74,68.59,40.77
7390,-99.8,68.77,40.74
1989,-99.74,68.72,40.81
1045,-99.68,68.68,40.83
11632,-99.88,68.82,40.76
8830,-99.89,68.61,40.59
10522,-99.92,68.64,40.59
7239,-99.89,68.62,40.62
8630,-99.92,68.64,40.62
12566,-99.95,68.69,40.6
7457,-99.95,68.67,40.66
9956,-99.95,68.74,40.7
7955,-99.95,68.59,40.45
7525,-99.95,68.59,40.53
10311,-100,68.65,40.45
9949,-100,68.65,40.53
5812,-99.9,68.62,40.67
21395,-100,68.91,40.75
14896,-100.01,68.74,40.59
15953,-100.05,68.79,40.59
19409,-100.05,68.84,40.62
12102,-100.05,68.71,40.45
5449,-100.11,68.66,40.37
11983,-100.05,68.71,40.53
13158,-100.1,68.77,40.45
13571,-100.1,68.77,40.53
12231,-100,68.78,40.68
16264,-99.95,68.87,40.76
7780,-100.1,68.99,40.27
15194,-100.17,69.04,40.36
13577,-100.2,68.98,40.37
10574,-100.2,68.99,40.3
3584,-100.01,68.54,40.38
1825,-99.95,68.59,40.25
4646,-100.06,68.6,40.38
2547,-100,68.65,40.25
11188,-100.15,68.83,40.37
8801,-100.15,68.83,40.31
4752,-100.08,68.9,40.22
9202,-100.2,68.89,40.31
5217,-100.13,68.96,40.22
6223,-100.16,68.72,40.37
5586,-100.15,68.73,40.33
2194,-100.11,68.68,40.26
3653,-100.1,68.77,40.24
1767,-100.11,68.64,40.26
27235,-100.18,69.03,40.45
13535,-100.15,68.83,40.45
11392,-100.2,68.89,40.37
14420,-100.15,68.83,40.53
21071,-100.16,68.92,40.51
13656,-100.2,68.89,40.45
17210,-100.2,68.97,40.45
25,-97.24,67.29,40.43
28,-97.3,67.24,40.44
25,-97.4,67.36,40.51
26,-97.35,67.3,40.51
31,-97.04,67.03,40.35
29,-96.93,67.1,40.33
25,-97.19,67.24,40.44
28,-97.25,67.19,40.45
34,-97.15,67.12,40.33
36,-97.59,67.17,40.5
34,-97.5,67.06,40.52
30,-97.37,67.15,40.5
26,-97.51,67.37,40.59
28,-97.46,67.31,40.51
29,-97.57,67.32,40.59
31,-97.52,67.26,40.51
28,-97.41,67.25,40.51
31,-97.47,67.2,40.51
28,-97.66,67.42,40.75
28,-97.62,67.38,40.67
26,-97.51,67.37,40.67
28,-97.57,67.32,40.67
25,-97.56,67.43,40.66
33,-97.68,67.28,40.63
25,-97.56,67.47,40.81
25,-97.66,67.57,40.97
47,-97.72,66.83,40.4
52,-97.83,66.92,40.38
44,-97.82,67.01,40.54
40,-97.71,67.07,40.52
45,-97.61,66.9,40.38
37,-97.6,66.99,40.54
39,-97.8,67.18,40.63
44,-97.92,67.08,40.63
45,-98.02,67.2,40.63
39,-97.96,67.3,40.67
39,-97.91,67.24,40.67
35,-97.9,67.35,40.67
36,-97.85,67.29,40.67
32,-97.79,67.38,40.78
30,-97.78,67.45,40.94
46,-98.18,67.32,40.67
46,-98.13,67.26,40.67
42,-98.12,67.37,40.67
42,-98.07,67.31,40.67
37,-98,67.41,40.79
46,-98.23,67.38,40.67
46,-98.28,67.44,40.67
42,-98.17,67.43,40.67
41,-98.22,67.49,40.67
38,-98.12,67.48,40.78
34,-97.98,67.5,40.95
36,-98.1,67.53,40.92
30,-97.95,67.61,40.95
32,-98.21,67.64,40.94
30,-98.06,67.62,40.92
28,-97.86,67.59,40.97
27,-97.76,67.57,41.07
41,-97.51,66.82,40.4
35,-97.28,66.8,40.41
34,-97.17,66.89,40.38
29,-97.26,67.07,40.52
37,-97.27,66.98,40.36
39,-97.39,66.92,40.38
48,-97.84,66.74,40.43
41,-97.62,66.72,40.43
27,-96.83,67.01,40.35
25,-96.71,67.07,40.32
23260,-100.15,68.94,40.54
20703,-100.2,68.97,40.52
29583,-100.14,69.01,40.71
36160,-100.12,69,40.68
45114,-100.12,69,40.6
35099,-100.19,69.05,40.53
62,-98.17,66.88,40.39
44,-97.94,66.87,40.66
55,-98.06,66.76,40.42
49,-97.96,66.68,40.44
50,-98.59,67.69,40.67
58,-98.65,67.64,40.67
58,-98.7,67.7,40.67
51,-98.64,67.75,40.67
58,-98.75,67.8,40.63
62,-98.87,67.87,40.75
52,-98.71,67.88,40.8
43,-98.64,67.96,40.95
70,-98.86,67.72,40.64
86,-98.98,67.62,40.49
97,-98.99,67.62,40.31
98,-99.2,67.65,40.52
41,-98.48,67.68,40.67
36,-98.43,67.72,40.67
40,-98.46,67.63,40.67
45,-98.54,67.75,40.79
39,-98.43,67.74,40.81
43,-98.53,67.79,40.95
30,-98.33,67.76,40.93
34,-98.41,67.81,41.07
40,-98.42,67.66,40.81
30,-98.32,67.71,40.94
32,-98.33,67.67,40.95
40,-98.29,67.56,40.94
31,-98.27,67.64,40.97
32,-98.31,67.65,40.95
49,-98.54,67.63,40.67
43,-98.45,67.61,40.8
48,-98.51,67.59,40.67
43,-98.42,67.59,40.8
50,-98.49,67.56,40.67
60,-98.55,67.52,40.6
59,-98.6,67.58,40.6
57,-98.55,67.52,40.67
57,-98.6,67.58,40.67
75,-98.67,67.48,40.48
85,-98.88,67.5,40.49
69,-98.76,67.6,40.64
74,-98.56,67.36,40.48
59,-98.45,67.4,40.6
60,-98.5,67.46,40.6
57,-98.5,67.46,40.67
57,-98.45,67.4,40.67
51,-98.39,67.45,40.67
45,-98.33,67.51,40.79
50,-98.44,67.51,40.67
86,-98.56,67.36,40.28
88,-98.66,67.48,40.28
96,-98.89,67.5,40.31
79,-98.48,67.05,40.35
85,-98.59,67.13,40.34
75,-98.58,67.15,40.51
64,-98.46,67.24,40.64
70,-98.48,67.07,40.52
60,-98.37,67.11,40.63
50,-98.24,67.22,40.79
52,-98.34,67.34,40.79
71,-98.39,66.89,40.38
56,-98.27,67,40.63
51,-98.17,66.89,40.65
45,-98.04,66.98,40.79
48,-98.14,67.1,40.79
192,-99.48,68.27,40.75
145,-99.43,68.21,40.76
93,-99.29,67.98,40.64
83,-99.19,68.04,40.76
117,-99.38,68.15,40.76
103,-99.33,68.09,40.76
144,-99.38,68.28,40.84
269,-99.54,68.32,40.82
191,-99.44,68.34,40.84
256,-99.47,68.4,40.76
384,-99.6,68.37,40.82
581,-99.6,68.48,40.82
403,-99.53,68.45,40.76
97,-99.26,68.18,40.84
115,-99.32,68.23,40.84
86,-99.19,68.13,40.85
114,-99.34,68.43,40.96
146,-99.42,68.5,40.84
211,-99.48,68.54,40.84
80,-99.21,68.33,40.96
65,-99.09,68.24,40.96
145,-99.61,68.06,40.53
135,-99.61,68.07,40.46
108,-99.55,68.11,40.29
179,-99.66,68.12,40.53
161,-99.66,68.12,40.46
114,-99.6,68.17,40.29
109,-99.48,67.99,40.3
109,-99.51,68.03,40.3
117,-99.51,67.94,40.53
114,-99.51,67.94,40.46
121,-99.56,68.01,40.46
126,-99.56,68,40.53
366,-99.76,68.24,40.53
308,-99.76,68.24,40.45
244,-99.71,68.18,40.53
139,-99.71,68.18,40.3
202,-99.77,68.14,40.47
167,-99.76,68.26,40.29
452,-99.8,68.31,40.39
208,-99.75,68.35,40.27
289,-99.86,68.36,40.28
1128,-99.69,68.49,40.74
1259,-99.68,68.55,40.79
1433,-99.74,68.46,40.68
673,-99.64,68.44,40.75
806,-99.69,68.4,40.68
542,-99.64,68.42,40.82
4088,-99.82,68.52,40.58
3473,-99.82,68.52,40.62
2970,-99.79,68.49,40.58
2583,-99.79,68.49,40.62
7103,-99.87,68.58,40.58
5501,-99.84,68.55,40.58
4578,-99.84,68.55,40.62
5829,-99.87,68.58,40.62
4098,-99.84,68.57,40.68
2504,-99.79,68.52,40.68
2929,-99.85,68.47,40.45
1397,-99.91,68.43,40.39
5281,-99.9,68.53,40.45
2398,-99.96,68.49,40.38
2875,-99.85,68.47,40.53
4987,-99.9,68.53,40.53
455,-99.91,68.42,40.28
741,-99.96,68.48,40.27
509,-99.81,68.3,40.45
637,-99.92,68.34,40.41
887,-99.86,68.36,40.45
1019,-99.86,68.36,40.53
1395,-99.8,68.41,40.6
597,-99.81,68.3,40.53
780,-99.75,68.35,40.6
1781,-99.79,68.51,40.76
2664,-99.85,68.56,40.75
207,-99.54,68.22,40.76
210,-99.6,68.17,40.68
158,-99.49,68.16,40.76
162,-99.55,68.11,40.68
196,-99.66,68.12,40.6
157,-99.61,68.06,40.6
438,-99.64,68.34,40.76
450,-99.7,68.29,40.68
292,-99.59,68.28,40.76
296,-99.65,68.23,40.68
397,-99.76,68.24,40.6
268,-99.71,68.18,40.6
107,-99.21,67.63,40.33
106,-99.4,67.88,40.5
107,-99.38,67.93,40.29
111,-99.31,67.75,40.32
129,-99.44,68.1,40.76
113,-99.39,68.04,40.76
127,-99.51,68,40.64
109,-99.41,67.88,40.64
111,-99.41,67.68,40.53
100,-99.31,67.76,40.64
87,-99.19,67.86,40.64
76,-99.08,67.93,40.78
84,-99.09,67.74,40.64
70,-98.96,67.83,40.79
72,-99.03,68,40.95
63,-98.89,67.94,40.95
59,-99,68.18,40.98
55,-98.91,68.11,41.08
51,-98.8,68.05,41.11
657,-99.63,68.49,40.85
1005,-99.69,68.53,40.84
372,-99.57,68.59,40.93
13023,-100.06,68.83,40.69
19727,-100.1,68.89,40.61
37052,-100.06,68.96,40.69
5160,-99.87,68.67,40.74
2520,-99.81,68.61,40.81
1589,-99.75,68.57,40.83
6534,-99.82,68.78,40.77
6025,-99.88,68.81,40.83
1054,-99.7,68.69,40.87
1834,-99.76,68.73,40.85
6099,-99.95,68.71,40.76
6029,-99.95,68.59,40.61
8218,-100,68.65,40.61
5971,-100,68.65,40.68
4028,-100.01,68.54,40.45
4121,-100.01,68.54,40.53
5379,-100.06,68.6,40.45
5507,-100.06,68.6,40.53
4442,-99.95,68.59,40.68
3631,-99.9,68.6,40.74
17647,-100.02,68.92,40.78
8329,-100.07,68.8,40.75
10011,-100.05,68.71,40.61
11466,-100.1,68.77,40.6
7260,-100.06,68.71,40.68
8382,-100.11,68.76,40.68
6547,-100.11,68.66,40.45
3203,-100.17,68.62,40.39
6767,-100.11,68.66,40.53
7473,-100.16,68.72,40.45
7796,-100.16,68.72,40.53
7145,-100.02,68.76,40.76
7980,-99.96,68.87,40.84
30587,-100.25,69.08,40.52
7730,-100.17,69.04,40.27
12616,-100.23,69.07,40.34
5570,-100.18,69.02,40.22
11551,-100.25,69.03,40.35
11437,-100.25,68.95,40.37
9336,-100.25,68.95,40.31
9662,-100.26,69.03,40.3
2134,-100.06,68.5,40.4
1124,-100.01,68.54,40.27
2745,-100.11,68.56,40.39
1532,-100.06,68.6,40.27
6739,-100.21,68.78,40.37
6052,-100.2,68.79,40.32
4133,-100.15,68.84,40.23
6411,-100.25,68.85,40.32
4610,-100.2,68.9,40.23
3635,-100.22,68.68,40.38
2366,-100.16,68.72,40.25
1183,-100.17,68.61,40.28
22900,-100.25,69.08,40.44
8145,-100.21,68.78,40.45
8560,-100.21,68.78,40.53
7139,-100.26,68.84,40.37
19797,-100.21,68.96,40.51
12214,-100.15,68.83,40.6
14645,-100.2,68.89,40.53
9314,-100.16,68.82,40.67
8630,-100.26,68.84,40.45
13695,-100.25,68.95,40.45
9115,-100.26,68.84,40.53
26,-97.3,67.24,40.51
27,-97.25,67.18,40.51
25,-97.04,67.05,40.52
31,-97.05,66.96,40.37
26,-97.15,67.13,40.5
33,-97.58,67.16,40.63
32,-97.48,67.04,40.63
28,-97.37,67.13,40.62
28,-97.46,67.26,40.63
27,-97.56,67.36,40.78
32,-97.68,67.28,40.78
26,-97.56,67.43,40.93
28,-97.67,67.43,40.97
26,-97.65,67.56,41.1
38,-97.72,66.85,40.66
41,-97.82,66.96,40.63
38,-97.7,67.06,40.63
35,-97.61,66.94,40.64
36,-97.8,67.18,40.79
41,-97.92,67.08,40.79
43,-98.02,67.2,40.79
37,-97.9,67.3,40.79
32,-97.79,67.35,40.92
32,-97.88,67.46,40.97
31,-97.78,67.41,41.07
44,-98.12,67.32,40.79
38,-98.01,67.4,40.94
44,-98.22,67.43,40.79
38,-98.12,67.47,40.91
35,-97.99,67.46,41.08
38,-98.17,67.54,40.98
30,-97.95,67.6,41.08
32,-98.2,67.63,41.08
31,-98.11,67.62,40.97
29,-97.85,67.58,41.11
36,-97.4,66.7,40.43
32,-97.51,66.83,40.66
30,-97.06,66.77,40.41
31,-97.18,66.71,40.43
27,-97.28,66.81,40.66
26,-97.17,66.9,40.64
28,-97.27,67.02,40.62
30,-97.39,66.92,40.64
39,-97.84,66.76,40.68
42,-97.74,66.66,40.44
33,-97.62,66.74,40.68
37,-97.52,66.64,40.45
41,-97.75,66.59,40.43
36,-97.53,66.57,40.43
27,-96.83,66.94,40.36
29,-96.94,66.88,40.38
11195,-100.21,68.93,40.71
13616,-100.18,68.92,40.68
18887,-100.17,68.93,40.61
19251,-100.23,68.99,40.54
20680,-100.14,69.01,40.77
31976,-100.23,69.07,40.64
17228,-100.29,69.03,40.54
47,-97.97,66.6,40.43
63,-98.28,66.78,40.41
41,-97.94,66.86,40.79
56,-98.18,66.69,40.44
46,-98.07,66.78,40.68
41,-97.96,66.69,40.7
54,-98.64,67.7,40.79
36,-98.47,67.85,41.13
43,-98.63,67.94,41.1
58,-98.75,67.79,40.79
53,-98.71,67.87,40.95
68,-98.86,67.72,40.8
94,-99.09,67.53,40.52
82,-98.99,67.62,40.64
105,-99.11,67.51,40.35
95,-99.21,67.63,40.64
105,-99.32,67.59,40.54
42,-98.47,67.69,40.78
46,-98.55,67.74,40.94
38,-98.42,67.73,40.96
42,-98.5,67.77,41.08
30,-98.32,67.75,41.1
39,-98.42,67.68,40.95
43,-98.46,67.62,40.95
30,-98.3,67.72,41.09
33,-98.33,67.68,41.11
44,-98.33,67.5,40.94
41,-98.38,67.58,40.97
40,-98.29,67.54,41.08
33,-98.25,67.63,41.12
34,-98.32,67.65,41.11
44,-98.44,67.58,40.94
54,-98.53,67.53,40.79
53,-98.57,67.6,40.79
84,-98.78,67.38,40.5
69,-98.66,67.48,40.64
92,-98.99,67.41,40.52
80,-98.89,67.5,40.64
66,-98.76,67.6,40.79
81,-98.68,67.27,40.51
67,-98.56,67.36,40.64
53,-98.44,67.45,40.79
91,-98.69,67.26,40.32
94,-98.79,67.38,40.31
102,-99.01,67.39,40.35
78,-98.49,66.97,40.37
88,-98.7,67.07,40.37
78,-98.7,67.09,40.55
70,-98.59,67.13,40.63
59,-98.46,67.24,40.79
65,-98.48,67.02,40.63
56,-98.36,67.12,40.79
56,-98.46,67.24,40.95
48,-98.24,67.22,40.95
50,-98.34,67.34,40.95
72,-98.51,66.79,40.41
59,-98.39,66.9,40.64
52,-98.26,67,40.79
53,-98.36,67.12,40.95
54,-98.29,66.79,40.67
48,-98.16,66.88,40.79
43,-98.04,66.98,40.94
46,-98.14,67.1,40.95
162,-99.49,68.16,40.84
208,-99.54,68.22,40.84
195,-99.49,68.26,40.83
152,-99.44,68.2,40.83
281,-99.59,68.28,40.84
397,-99.64,68.34,40.84
97,-99.28,67.98,40.8
133,-99.44,68.1,40.84
116,-99.39,68.04,40.84
124,-99.39,68.14,40.83
108,-99.33,68.09,40.83
182,-99.44,68.29,40.96
266,-99.49,68.39,40.84
392,-99.55,68.44,40.84
120,-99.31,68.19,40.96
90,-99.19,68.1,40.96
111,-99.34,68.41,41.09
195,-99.47,68.52,40.96
86,-99.23,68.33,41.11
69,-99.1,68.24,41.11
148,-99.67,68.01,40.53
141,-99.66,68.02,40.48
120,-99.61,68.06,40.31
174,-99.72,68.07,40.52
163,-99.71,68.08,40.47
127,-99.66,68.12,40.31
116,-99.51,67.94,40.31
117,-99.56,68,40.31
130,-99.62,67.91,40.53
306,-99.82,68.19,40.53
271,-99.82,68.2,40.46
158,-99.77,68.22,40.3
220,-99.77,68.13,40.53
146,-99.77,68.13,40.32
201,-99.83,68.11,40.48
206,-99.81,68.3,40.29
273,-99.92,68.33,40.3
1118,-99.74,68.46,40.76
1200,-99.8,68.41,40.68
693,-99.69,68.4,40.76
725,-99.75,68.35,40.68
591,-99.69,68.4,40.83
887,-99.75,68.45,40.83
2455,-99.85,68.47,40.6
4048,-99.9,68.53,40.6
3075,-99.9,68.53,40.68
1966,-99.85,68.47,40.68
933,-99.96,68.38,40.4
1610,-99.91,68.42,40.45
1473,-100.01,68.44,40.4
2701,-99.96,68.48,40.45
1736,-99.91,68.42,40.53
2804,-99.96,68.48,40.53
356,-99.97,68.37,40.29
508,-100.02,68.43,40.29
391,-99.87,68.25,40.45
602,-99.92,68.31,40.45
701,-99.92,68.31,40.53
1019,-99.86,68.36,40.61
454,-99.87,68.25,40.53
626,-99.81,68.3,40.6
1538,-99.85,68.47,40.76
1320,-99.8,68.5,40.82
2268,-99.9,68.53,40.76
1886,-99.85,68.54,40.81
215,-99.6,68.17,40.76
208,-99.66,68.12,40.68
168,-99.55,68.11,40.76
166,-99.61,68.06,40.68
190,-99.72,68.07,40.6
158,-99.67,68.01,40.6
428,-99.7,68.29,40.76
405,-99.76,68.24,40.68
295,-99.65,68.23,40.76
281,-99.71,68.18,40.68
338,-99.82,68.19,40.61
245,-99.77,68.13,40.61
114,-99.32,67.57,40.36
119,-99.51,67.79,40.52
114,-99.42,67.86,40.31
121,-99.43,67.65,40.35
136,-99.5,68,40.8
137,-99.63,67.89,40.64
112,-99.4,67.88,40.8
120,-99.53,67.77,40.64
111,-99.43,67.66,40.64
99,-99.3,67.76,40.8
87,-99.18,67.86,40.8
77,-99.08,67.9,40.94
82,-99.08,67.74,40.8
71,-98.97,67.82,40.95
80,-99.1,68.03,40.98
72,-99.01,67.97,41.08
64,-98.9,67.92,41.11
59,-98.98,68.16,41.12
51,-98.8,68.04,41.26
591,-99.66,68.47,40.93
444,-99.63,68.63,40.98
13213,-100.12,68.87,40.69
10128,-100.02,68.91,40.84
20647,-100.08,68.96,40.76
13372,-100.14,69,40.83
4713,-99.9,68.68,40.77
3991,-99.96,68.69,40.83
1544,-99.78,68.57,40.87
2261,-99.84,68.61,40.85
5403,-99.91,68.83,40.85
3440,-99.82,68.77,40.84
973,-99.74,68.71,40.96
4073,-100.01,68.64,40.75
3690,-100.01,68.54,40.61
4931,-100.06,68.6,40.61
3045,-100.01,68.54,40.68
4026,-100.06,68.6,40.68
2160,-100.07,68.49,40.45
2359,-100.07,68.49,40.53
2835,-100.12,68.55,40.45
3129,-100.12,68.55,40.53
3161,-99.95,68.59,40.76
2762,-100.01,68.62,40.82
5001,-100.07,68.69,40.75
5617,-100.11,68.74,40.74
7310,-100.1,68.82,40.78
6102,-100.11,68.66,40.61
7108,-100.16,68.72,40.61
5004,-100.11,68.66,40.68
5954,-100.16,68.72,40.69
2120,-100.23,68.59,40.41
3512,-100.17,68.61,40.45
3894,-100.17,68.61,40.53
4219,-100.22,68.67,40.45
4605,-100.22,68.67,40.53
4483,-100.04,68.75,40.84
4600,-99.98,68.87,40.93
14413,-100.25,69.09,40.37
7711,-100.24,69.08,40.27
22168,-100.35,69.15,40.48
5907,-100.23,69.07,40.22
5067,-100.24,68.97,40.23
6715,-100.31,68.91,40.32
7605,-100.31,68.9,40.37
7044,-100.36,68.96,40.32
8052,-100.36,68.96,40.37
9239,-100.3,69.01,40.31
11067,-100.3,69.01,40.37
713,-100.07,68.49,40.29
931,-100.12,68.55,40.29
4021,-100.27,68.73,40.38
2757,-100.21,68.78,40.25
3136,-100.26,68.85,40.25
2354,-100.27,68.63,40.4
1413,-100.22,68.67,40.27
837,-100.23,68.58,40.29
13036,-100.3,69.01,40.45
7905,-100.21,68.78,40.61
6729,-100.21,68.78,40.69
4800,-100.27,68.73,40.45
5204,-100.27,68.73,40.53
4367,-100.32,68.79,40.38
12572,-100.21,68.88,40.6
14386,-100.25,68.95,40.53
13847,-100.31,69,40.52
9768,-100.22,68.87,40.67
8543,-100.26,68.84,40.61
7346,-100.26,68.84,40.68
5283,-100.32,68.79,40.45
5680,-100.32,68.79,40.53
9032,-100.31,68.9,40.45
9630,-100.31,68.9,40.53
9295,-100.36,68.96,40.45
10100,-100.36,68.96,40.53
25,-97.24,67.24,40.62
31,-97.58,67.16,40.78
30,-97.48,67.04,40.78
27,-97.36,67.14,40.78
27,-97.46,67.26,40.78
27,-97.57,67.33,40.92
31,-97.68,67.27,40.94
26,-97.56,67.39,41.07
29,-97.67,67.39,41.1
26,-97.65,67.55,41.25
35,-97.72,66.84,40.79
38,-97.82,66.96,40.79
35,-97.7,67.06,40.79
33,-97.6,66.94,40.78
35,-97.8,67.18,40.94
39,-97.92,67.08,40.94
41,-98.02,67.2,40.94
36,-97.9,67.3,40.94
32,-97.79,67.31,41.06
33,-97.88,67.42,41.11
42,-98.12,67.32,40.95
37,-98.01,67.37,41.06
43,-98.22,67.43,40.94
37,-98.06,67.47,41.13
39,-98.18,67.51,41.11
31,-98.01,67.6,41.13
32,-98.11,67.62,41.11
30,-97.84,67.57,41.26
28,-97.74,67.56,41.28
43,-97.86,66.52,40.4
27,-96.96,66.69,40.43
28,-97.08,66.56,40.43
26,-96.85,66.75,40.4
25,-96.73,66.85,40.37
30,-97.32,66.39,40.39
29,-97.41,66.72,40.68
32,-97.3,66.58,40.43
30,-97.5,66.82,40.78
25,-97.18,66.73,40.68
30,-97.19,66.64,40.44
26,-97.28,66.79,40.78
25,-97.26,67.02,40.78
28,-97.38,66.92,40.78
39,-97.76,66.4,40.39
33,-97.42,66.48,40.41
37,-97.84,66.74,40.79
35,-97.74,66.67,40.7
32,-97.62,66.72,40.79
29,-97.52,66.66,40.7
34,-97.75,66.56,40.7
29,-97.53,66.55,40.7
38,-97.64,66.5,40.4
8434,-100.21,68.91,40.77
13650,-100.28,69,40.66
21248,-100.22,69.06,40.75
25480,-100.34,69.15,40.62
13523,-100.4,69.11,40.52
16289,-100.46,69.24,40.43
40,-97.97,66.58,40.7
50,-98.09,66.54,40.43
64,-98.4,66.68,40.44
39,-97.94,66.86,40.94
54,-98.19,66.62,40.45
44,-98.06,66.76,40.79
48,-98.18,66.71,40.69
39,-97.96,66.64,40.8
53,-98.64,67.69,40.95
45,-98.56,67.79,41.13
37,-98.43,67.82,41.26
42,-98.6,67.92,41.25
57,-98.75,67.78,40.95
53,-98.71,67.85,41.1
45,-98.68,67.97,41.28
66,-98.86,67.72,40.95
63,-98.76,67.6,40.95
92,-99.2,67.64,40.8
78,-98.98,67.62,40.79
92,-99.11,67.52,40.63
111,-99.22,67.42,40.37
104,-99.32,67.54,40.64
51,-98.57,67.61,40.94
43,-98.48,67.69,40.93
45,-98.54,67.73,41.06
38,-98.42,67.73,41.1
31,-98.31,67.74,41.23
38,-98.42,67.69,41.09
43,-98.46,67.63,41.11
35,-98.33,67.69,41.26
44,-98.33,67.48,41.06
51,-98.44,67.45,40.95
43,-98.36,67.55,41.12
35,-98.24,67.63,41.26
36,-98.33,67.64,41.26
45,-98.46,67.57,41.11
52,-98.54,67.52,40.94
89,-98.89,67.3,40.53
78,-98.79,67.38,40.64
64,-98.66,67.48,40.79
88,-99.01,67.39,40.63
75,-98.88,67.5,40.79
84,-98.79,67.18,40.55
75,-98.68,67.26,40.64
62,-98.56,67.36,40.79
61,-98.66,67.48,40.95
59,-98.56,67.36,40.95
95,-98.8,67.16,40.36
99,-98.91,67.27,40.35
107,-99.13,67.3,40.38
71,-98.62,66.67,40.42
81,-98.61,66.91,40.39
87,-98.71,67,40.38
74,-98.7,67.04,40.64
65,-98.58,67.14,40.79
68,-98.6,66.92,40.65
61,-98.48,67.02,40.79
62,-98.58,67.14,40.95
54,-98.46,67.24,41.1
46,-98.24,67.22,41.1
48,-98.34,67.34,41.1
61,-98.5,66.81,40.67
56,-98.41,66.7,40.69
51,-98.36,67.12,41.1
56,-98.38,66.9,40.79
50,-98.26,67,40.95
58,-98.48,67.02,40.95
51,-98.28,66.77,40.79
46,-98.16,66.88,40.95
41,-98.04,66.98,41.1
44,-98.14,67.1,41.1
172,-99.55,68.11,40.84
216,-99.6,68.17,40.84
183,-99.51,68.19,40.94
288,-99.65,68.23,40.84
399,-99.7,68.29,40.84
309,-99.62,68.3,40.93
101,-99.29,67.97,40.95
128,-99.4,68.07,40.95
169,-99.44,68.26,41.09
319,-99.56,68.39,40.96
125,-99.34,68.17,41.11
96,-99.21,68.08,41.11
124,-99.38,68.44,41.14
187,-99.49,68.52,41.11
87,-99.23,68.33,41.27
70,-99.1,68.24,41.26
151,-99.73,67.97,40.54
129,-99.67,68.01,40.33
171,-99.78,68.02,40.53
135,-99.72,68.07,40.33
129,-99.63,67.89,40.34
142,-99.74,67.85,40.56
262,-99.88,68.14,40.53
244,-99.87,68.15,40.48
164,-99.82,68.19,40.31
204,-99.83,68.08,40.53
151,-99.83,68.1,40.33
196,-99.87,68.25,40.3
237,-99.92,68.29,40.3
1003,-99.8,68.41,40.76
945,-99.86,68.36,40.68
650,-99.75,68.35,40.76
612,-99.81,68.3,40.68
575,-99.75,68.35,40.84
841,-99.8,68.41,40.84
525,-99.71,68.39,40.91
1650,-99.91,68.42,40.61
2558,-99.96,68.48,40.61
2163,-99.96,68.48,40.68
1455,-99.91,68.42,40.68
976,-99.97,68.37,40.45
1506,-100.02,68.43,40.45
1094,-99.97,68.37,40.53
1658,-100.02,68.43,40.53
284,-100.03,68.32,40.31
365,-100.08,68.38,40.31
322,-99.93,68.21,40.47
449,-99.98,68.27,40.47
503,-99.98,68.26,40.53
741,-99.92,68.31,40.61
351,-99.93,68.2,40.53
493,-99.87,68.25,40.61
1761,-99.96,68.48,40.76
1235,-99.91,68.42,40.76
1215,-99.85,68.47,40.84
1701,-99.9,68.52,40.83
1040,-99.91,68.42,40.84
1425,-99.96,68.48,40.84
216,-99.66,68.12,40.76
202,-99.72,68.07,40.68
218,-99.66,68.12,40.84
173,-99.61,68.06,40.76
167,-99.67,68.01,40.68
177,-99.61,68.06,40.84
184,-99.78,68.02,40.61
158,-99.73,67.96,40.61
195,-99.78,68.02,40.68
166,-99.73,67.96,40.68
397,-99.76,68.24,40.76
353,-99.82,68.19,40.68
380,-99.76,68.24,40.84
286,-99.71,68.18,40.76
261,-99.77,68.13,40.68
282,-99.71,68.18,40.84
291,-99.88,68.14,40.61
225,-99.83,68.08,40.61
309,-99.88,68.14,40.68
240,-99.83,68.08,40.68
116,-99.33,67.5,40.37
126,-99.53,67.77,40.35
129,-99.55,67.55,40.39
141,-99.5,68,40.95
113,-99.4,67.88,40.95
145,-99.62,67.9,40.8
143,-99.74,67.8,40.65
122,-99.52,67.78,40.8
128,-99.64,67.68,40.65
118,-99.54,67.56,40.65
108,-99.42,67.66,40.8
98,-99.3,67.76,40.95
87,-99.18,67.86,40.95
77,-99.07,67.88,41.07
80,-99.08,67.74,40.95
70,-98.97,67.81,41.1
79,-99.09,68,41.12
66,-98.91,67.9,41.26
51,-98.78,68.02,41.44
60,-98.96,68.14,41.26
671,-99.72,68.49,40.98
330,-99.62,68.61,41.11
5008,-100.11,68.79,40.84
8317,-100.15,68.86,40.77
5979,-100.22,68.89,40.83
11433,-100.09,68.96,40.84
11441,-100.17,69.01,40.86
3670,-99.99,68.7,40.85
3138,-99.91,68.65,40.84
1231,-99.84,68.57,40.96
630,-99.76,68.7,41.12
2230,-99.88,68.8,40.96
2412,-100.01,68.54,40.76
3151,-100.06,68.6,40.76
2297,-100.07,68.49,40.61
3025,-100.12,68.55,40.61
2067,-100.07,68.49,40.68
2692,-100.12,68.55,40.68
1286,-100.13,68.44,40.46
1424,-100.13,68.44,40.53
1675,-100.18,68.5,40.46
1872,-100.18,68.5,40.53
2253,-99.96,68.57,40.83
1897,-100.01,68.54,40.84
2423,-100.06,68.6,40.84
3881,-100.11,68.66,40.76
4614,-100.16,68.72,40.76
3762,-100.17,68.61,40.61
4454,-100.22,68.67,40.61
3337,-100.17,68.61,40.69
3962,-100.22,68.67,40.69
2048,-100.23,68.56,40.45
2330,-100.23,68.56,40.53
2465,-100.28,68.62,40.45
2794,-100.28,68.62,40.53
2935,-100.11,68.66,40.84
3445,-100.17,68.71,40.83
3016,-100.08,68.74,40.93
3829,-100.03,68.9,40.98
3542,-100.31,68.91,40.24
4020,-100.35,68.98,40.24
5532,-100.29,69.04,40.23
9612,-100.34,69.15,40.32
8640,-100.41,69.06,40.35
4407,-100.41,68.87,40.38
7979,-100.52,69.15,40.36
8776,-100.47,69.25,40.3
479,-100.13,68.44,40.31
599,-100.18,68.5,40.31
2588,-100.32,68.69,40.4
1621,-100.27,68.73,40.27
1869,-100.32,68.79,40.26
905,-100.28,68.62,40.29
690,-100.23,68.54,40.3
10671,-100.42,69.05,40.48
5218,-100.21,68.78,40.76
5054,-100.27,68.73,40.61
4527,-100.27,68.73,40.69
2767,-100.33,68.68,40.45
3213,-100.33,68.68,40.53
2761,-100.38,68.75,40.39
3144,-100.38,68.74,40.45
3620,-100.38,68.74,40.53
5691,-100.27,68.83,40.76
5563,-100.32,68.79,40.61
5033,-100.32,68.79,40.69
9497,-100.32,68.93,40.63
2310,-100.48,68.77,40.4
4937,-100.43,68.86,40.49
30,-97.58,67.16,40.94
28,-97.48,67.04,40.94
25,-97.36,67.14,40.94
27,-97.57,67.28,41.05
26,-97.46,67.26,40.94
30,-97.68,67.25,41.09
29,-97.67,67.36,41.25
25,-97.54,67.55,41.28
28,-97.63,67.55,41.48
34,-97.72,66.84,40.94
36,-97.82,66.96,40.94
33,-97.7,67.06,40.94
31,-97.6,66.94,40.94
34,-97.8,67.18,41.1
38,-97.92,67.08,41.1
40,-98.02,67.2,41.1
35,-97.9,67.28,41.09
34,-97.88,67.4,41.26
32,-97.77,67.37,41.28
41,-98.12,67.32,41.1
43,-98.23,67.41,41.09
37,-98.05,67.44,41.26
40,-98.2,67.48,41.26
32,-97.99,67.59,41.26
34,-98.12,67.61,41.26
37,-98.16,67.61,41.55
32,-97.8,67.57,41.49
36,-97.86,66.5,40.7
41,-97.99,66.3,40.39
26,-96.97,66.62,40.44
25,-96.98,66.44,40.4
29,-97.2,66.46,40.41
29,-97.33,66.32,40.39
27,-97.4,66.7,40.78
25,-97.31,66.54,40.71
29,-97.5,66.82,40.94
25,-97.28,66.8,40.94
26,-97.38,66.92,40.94
36,-97.84,66.74,40.94
31,-97.62,66.72,40.94
33,-97.76,66.39,40.71
32,-97.55,66.26,40.39
27,-97.42,66.46,40.7
34,-97.74,66.62,40.79
29,-97.52,66.6,40.8
31,-97.64,66.48,40.7
32,-97.79,66.14,40.39
36,-97.86,66.53,40.82
33,-97.77,66.42,40.84
25,-97.35,66.1,40.39
8708,-100.29,68.96,40.75
12033,-100.39,69.08,40.63
14821,-100.26,69.08,40.82
21934,-100.39,69.19,40.67
7162,-100.27,69.08,40.96
9607,-100.52,69.14,40.46
11406,-100.51,69.19,40.47
8359,-100.54,69.22,40.34
7574,-100.6,69.34,40.26
15996,-100.51,69.28,40.48
42,-98.07,66.52,40.71
50,-98.2,66.44,40.41
56,-98.31,66.56,40.44
66,-98.63,66.53,40.41
38,-97.94,66.86,41.1
42,-98.06,66.76,40.95
39,-97.96,66.64,40.95
46,-98.18,66.66,40.79
42,-98.08,66.55,40.82
45,-98.53,67.87,41.49
52,-98.64,67.69,41.1
46,-98.54,67.77,41.26
57,-98.75,67.77,41.1
53,-98.7,67.83,41.25
58,-98.79,67.85,41.29
65,-98.86,67.71,41.1
90,-99.2,67.64,40.95
76,-98.98,67.62,40.95
61,-98.76,67.6,41.11
72,-98.88,67.5,40.95
100,-99.32,67.54,40.8
87,-99.1,67.52,40.8
99,-99.22,67.42,40.64
112,-99.25,67.2,40.42
117,-99.34,67.32,40.41
111,-99.44,67.45,40.66
43,-98.49,67.69,41.08
40,-98.43,67.72,41.23
50,-98.57,67.61,41.1
44,-98.47,67.64,41.26
40,-98.34,67.69,41.49
40,-98.26,67.63,41.5
49,-98.44,67.45,41.1
44,-98.35,67.53,41.26
46,-98.47,67.56,41.26
52,-98.55,67.51,41.1
59,-98.66,67.48,41.1
57,-98.56,67.36,41.1
85,-98.91,67.28,40.64
73,-98.78,67.38,40.79
95,-99.12,67.3,40.65
83,-99,67.4,40.8
80,-98.8,67.16,40.64
69,-98.68,67.26,40.79
69,-98.78,67.38,40.95
66,-98.68,67.26,40.95
102,-99.04,67.06,40.41
62,-98.68,66.66,40.68
88,-98.84,66.84,40.41
73,-98.8,66.87,40.69
70,-98.7,67.04,40.79
65,-98.6,66.92,40.79
62,-98.6,66.92,40.95
67,-98.7,67.04,40.95
59,-98.58,67.14,41.11
50,-98.36,67.12,41.26
53,-98.46,67.24,41.26
45,-98.24,67.22,41.26
47,-98.34,67.34,41.26
43,-98.26,67.49,41.55
59,-98.5,66.8,40.79
61,-98.62,66.7,40.71
54,-98.4,66.68,40.79
52,-98.4,66.68,40.95
57,-98.5,66.8,40.95
48,-98.26,67,41.1
56,-98.48,67.02,41.1
54,-98.38,66.9,40.95
45,-98.16,66.88,41.1
49,-98.28,66.78,40.95
44,-98.16,66.88,41.26
47,-98.26,67,41.26
41,-98.04,66.98,41.26
43,-98.14,67.1,41.26
198,-99.6,68.12,40.96
165,-99.5,68.15,41.07
313,-99.7,68.24,40.95
103,-99.3,67.95,41.11
127,-99.41,68.06,41.1
190,-99.49,68.28,41.14
288,-99.59,68.37,41.11
123,-99.35,68.17,41.27
96,-99.21,68.07,41.26
115,-99.36,68.42,41.27
168,-99.49,68.52,41.27
85,-99.23,68.33,41.42
70,-99.1,68.24,41.42
138,-99.75,67.83,40.37
165,-99.83,67.94,40.56
136,-99.73,67.96,40.35
142,-99.78,68.02,40.34
216,-99.93,68.06,40.54
150,-99.83,68.06,40.34
165,-99.88,68.14,40.33
189,-99.93,68.2,40.32
225,-99.98,68.26,40.32
843,-99.86,68.36,40.76
727,-99.92,68.31,40.68
576,-99.81,68.3,40.76
504,-99.87,68.25,40.68
740,-99.86,68.36,40.84
528,-99.81,68.3,40.84
549,-99.81,68.35,40.95
1119,-99.97,68.37,40.61
1644,-100.02,68.43,40.61
1512,-100.02,68.43,40.68
1062,-99.97,68.37,40.68
650,-100.03,68.33,40.46
935,-100.08,68.39,40.46
725,-100.03,68.32,40.53
1037,-100.08,68.38,40.53
249,-100.15,68.27,40.34
319,-100.03,68.17,40.53
551,-99.98,68.26,40.61
394,-99.93,68.2,40.61
567,-99.98,68.26,40.68
414,-99.93,68.2,40.68
1326,-100.02,68.43,40.76
964,-99.97,68.37,40.76
860,-99.97,68.37,40.84
1141,-100.02,68.43,40.84
954,-99.92,68.46,40.95
195,-99.72,68.02,40.8
173,-99.84,67.92,40.65
302,-99.82,68.14,40.8
231,-99.95,68.04,40.65
122,-99.44,67.44,40.4
135,-99.65,67.67,40.38
135,-99.67,67.45,40.42
140,-99.75,67.76,40.38
139,-99.5,68,41.11
149,-99.62,67.9,40.96
112,-99.4,67.88,41.11
122,-99.52,67.78,40.96
148,-99.74,67.8,40.8
148,-99.86,67.71,40.68
128,-99.64,67.68,40.8
134,-99.76,67.58,40.68
124,-99.66,67.47,40.69
116,-99.54,67.56,40.8
107,-99.42,67.66,40.96
97,-99.3,67.76,41.11
87,-99.18,67.85,41.11
79,-99.08,67.74,41.11
70,-98.97,67.79,41.26
67,-98.9,67.88,41.44
79,-99.07,67.98,41.27
59,-98.91,68.11,41.51
482,-99.73,68.46,41.11
426,-99.76,68.7,41.27
262,-99.63,68.61,41.27
4243,-100.27,68.81,40.82
3929,-100.22,68.77,40.83
5442,-100.17,68.84,40.84
5327,-100.25,68.9,40.86
5671,-100.14,68.98,40.96
793,-99.87,68.55,41.12
2050,-99.97,68.66,40.96
1179,-99.89,68.8,41.11
1953,-100.02,68.89,41.11
1774,-100.07,68.49,40.76
2276,-100.12,68.55,40.76
1478,-100.13,68.44,40.61
1920,-100.18,68.5,40.61
1426,-100.13,68.44,40.69
1830,-100.18,68.5,40.69
855,-100.24,68.4,40.52
1494,-100.07,68.49,40.84
1883,-100.12,68.55,40.84
1582,-100.03,68.56,40.93
2804,-100.17,68.61,40.76
3328,-100.22,68.67,40.76
2383,-100.23,68.56,40.61
2846,-100.28,68.62,40.61
2260,-100.23,68.56,40.69
2691,-100.28,68.62,40.69
1263,-100.34,68.52,40.51
2307,-100.17,68.61,40.84
2739,-100.22,68.67,40.84
2161,-100.13,68.64,40.91
2607,-100.13,68.76,40.98
5268,-100.51,68.99,40.37
5488,-100.4,69.09,40.24
1884,-100.43,68.86,40.27
6018,-100.61,69.11,40.38
6491,-100.49,69.2,40.25
5423,-100.67,69.27,40.27
348,-100.25,68.39,40.33
1024,-100.33,68.68,40.29
1159,-100.38,68.74,40.28
1059,-100.49,68.78,40.29
478,-100.35,68.52,40.32
9461,-100.42,69.02,40.61
5682,-100.53,68.98,40.49
3823,-100.27,68.73,40.76
3274,-100.33,68.68,40.61
3700,-100.38,68.74,40.61
3104,-100.33,68.68,40.69
3501,-100.38,68.74,40.69
1669,-100.44,68.64,40.5
4295,-100.32,68.79,40.77
6256,-100.33,68.89,40.75
2148,-100.54,68.76,40.5
5132,-100.42,68.86,40.65
29,-97.58,67.15,41.09
27,-97.48,67.04,41.1
25,-97.36,67.14,41.09
26,-97.46,67.23,41.09
30,-97.69,67.22,41.24
27,-97.56,67.35,41.28
25,-97.44,67.35,41.25
31,-97.66,67.35,41.48
25,-97.44,67.54,41.49
29,-97.62,67.55,41.74
33,-97.72,66.84,41.1
35,-97.82,66.96,41.1
32,-97.7,67.06,41.1
30,-97.6,66.94,41.1
37,-97.92,67.08,41.26
39,-98.02,67.2,41.26
36,-97.91,67.26,41.25
34,-97.8,67.17,41.25
35,-97.85,67.38,41.49
41,-98.13,67.31,41.26
43,-98.24,67.38,41.25
40,-98.11,67.44,41.49
37,-98.15,67.61,41.75
35,-98.03,67.59,41.49
32,-97.78,67.56,41.8
37,-97.99,66.29,40.74
38,-98.23,66.11,40.39
25,-97.11,66.22,40.39
26,-97.4,66.7,40.94
25,-97.3,66.59,40.8
28,-97.52,66.6,40.94
28,-97.5,66.82,41.1
26,-97.38,66.92,41.1
38,-97.94,66.86,41.26
36,-97.84,66.74,41.1
35,-97.84,66.74,41.26
31,-97.62,66.72,41.1
33,-97.74,66.62,40.94
35,-97.86,66.52,40.94
30,-97.64,66.49,40.94
32,-97.76,66.4,40.94
26,-97.42,66.5,40.82
31,-97.64,66.51,40.81
28,-97.55,66.25,40.74
27,-97.8,65.99,40.39
31,-97.79,66.13,40.77
37,-97.99,66.34,40.94
6450,-100.34,68.97,40.82
9900,-100.45,69.1,40.68
3756,-100.37,68.94,40.96
3875,-100.26,69.06,41.09
14271,-100.39,69.17,40.81
18220,-100.5,69.26,40.64
8367,-100.38,69.15,40.94
14541,-100.64,69.36,40.62
6107,-100.63,69.1,40.48
5971,-100.69,69.2,40.38
10233,-100.56,69.21,40.51
7645,-100.65,69.28,40.33
4674,-100.74,69.27,40.28
12111,-100.63,69.36,40.41
12444,-100.75,69.43,40.58
44,-98.2,66.42,40.72
48,-98.31,66.52,40.71
60,-98.66,66.51,40.71
68,-98.87,66.39,40.39
37,-98.46,65.99,40.39
53,-98.43,66.36,40.4
41,-98.06,66.76,41.1
45,-98.18,66.66,40.95
38,-97.96,66.64,41.1
41,-98.08,66.54,40.95
41,-98.06,66.76,41.26
38,-97.96,66.64,41.26
48,-98.31,66.56,40.81
44,-98.21,66.45,40.84
47,-98.3,66.56,40.95
43,-98.2,66.44,40.95
32,-98.47,65.85,40.39
46,-98.53,67.86,41.77
57,-98.76,67.75,41.24
53,-98.64,67.68,41.26
55,-98.67,67.79,41.49
64,-98.86,67.71,41.26
60,-98.76,67.6,41.26
74,-98.98,67.62,41.11
88,-99.2,67.64,41.11
98,-99.32,67.54,40.95
84,-99.1,67.52,40.95
70,-98.88,67.5,41.11
80,-99,67.4,40.95
107,-99.44,67.44,40.8
94,-99.22,67.42,40.8
120,-99.43,67.21,40.44
115,-99.55,67.36,40.69
104,-99.34,67.33,40.67
100,-99.23,67.21,40.68
41,-98.34,67.69,41.79
50,-98.58,67.61,41.25
49,-98.49,67.64,41.5
57,-98.67,67.54,41.26
40,-98.26,67.63,41.81
49,-98.45,67.43,41.26
51,-98.55,67.5,41.25
47,-98.4,67.53,41.49
55,-98.56,67.36,41.26
57,-98.66,67.46,41.26
66,-98.78,67.38,41.11
63,-98.68,67.26,41.11
90,-99,67.11,40.67
80,-98.9,67.28,40.8
90,-99.12,67.3,40.8
76,-98.8,67.16,40.79
76,-98.9,67.28,40.95
72,-98.8,67.16,40.95
106,-99.27,66.87,40.42
72,-98.83,66.76,40.67
88,-99.07,66.64,40.41
72,-98.83,66.83,40.88
60,-98.6,66.92,41.11
64,-98.7,67.04,41.11
62,-98.7,67.04,41.26
58,-98.6,66.92,41.26
54,-98.48,67.02,41.26
58,-98.58,67.14,41.26
49,-98.35,67.23,41.49
43,-98.26,67.48,41.75
68,-99.1,66.26,40.39
60,-98.63,66.6,40.9
52,-98.39,66.79,41.18
43,-98.15,66.99,41.49
197,-99.72,68.02,40.96
290,-99.82,68.14,40.96
186,-99.6,68.12,41.11
273,-99.71,68.23,41.11
110,-99.4,67.88,41.27
133,-99.5,68,41.27
102,-99.31,67.95,41.27
121,-99.41,68.04,41.27
169,-99.48,68.26,41.27
245,-99.61,68.35,41.27
117,-99.35,68.17,41.42
94,-99.21,68.07,41.42
109,-99.37,68.42,41.42
148,-99.5,68.52,41.42
82,-99.23,68.33,41.57
70,-99.09,68.23,41.57
148,-99.85,67.92,40.37
163,-99.95,68.03,40.36
192,-100.05,68.15,40.35
416,-99.82,68.33,41.11
608,-99.92,68.43,41.11
524,-99.92,68.26,40.8
459,-99.92,68.26,40.96
781,-100.03,68.32,40.61
1091,-100.08,68.38,40.61
1071,-100.08,68.38,40.69
785,-100.03,68.32,40.68
527,-100.14,68.29,40.53
226,-100.26,68.21,40.37
344,-100.05,68.15,40.64
995,-100.08,68.38,40.76
752,-100.03,68.32,40.76
907,-100.08,68.38,40.84
702,-100.03,68.32,40.84
757,-100.02,68.38,40.96
185,-99.84,67.92,40.8
170,-99.96,67.83,40.67
252,-99.94,68.04,40.8
205,-100.06,67.94,40.66
189,-99.84,67.92,40.96
254,-99.94,68.04,40.96
128,-99.57,67.34,40.43
122,-99.49,67.08,40.42
141,-99.78,67.39,40.45
143,-99.77,67.58,40.42
149,-99.87,67.7,40.41
146,-99.62,67.9,41.11
151,-99.74,67.8,40.96
121,-99.52,67.78,41.11
128,-99.64,67.68,40.96
151,-99.96,67.62,40.72
150,-99.86,67.7,40.8
138,-99.86,67.5,40.72
133,-99.76,67.58,40.8
128,-99.78,67.41,40.72
121,-99.66,67.46,40.8
114,-99.54,67.56,40.96
105,-99.44,67.44,40.96
106,-99.42,67.66,41.11
87,-99.2,67.64,41.27
96,-99.3,67.76,41.27
87,-99.19,67.84,41.26
71,-98.97,67.78,41.42
78,-99.08,67.74,41.26
77,-99.03,67.95,41.51
58,-98.87,68.08,41.78
544,-99.88,68.54,41.27
367,-99.74,68.45,41.27
694,-99.9,68.79,41.27
306,-99.76,68.7,41.42
210,-99.63,68.61,41.42
3144,-100.27,68.73,40.84
3542,-100.32,68.79,40.84
3341,-100.24,68.85,40.96
1076,-100.03,68.89,41.27
2771,-100.16,68.98,41.12
1202,-100,68.64,41.11
1607,-100.13,68.73,41.11
1301,-100.13,68.44,40.76
1644,-100.18,68.5,40.76
1161,-100.13,68.44,40.84
1446,-100.18,68.5,40.84
508,-100.35,68.32,40.56
926,-100.25,68.4,40.65
1172,-100.12,68.5,40.96
2017,-100.23,68.56,40.76
2394,-100.28,68.62,40.76
1760,-100.23,68.56,40.84
2076,-100.28,68.62,40.84
696,-100.45,68.44,40.55
1377,-100.35,68.52,40.65
1686,-100.23,68.61,40.95
2548,-100.52,68.99,40.27
818,-100.56,68.76,40.3
3917,-100.6,69.14,40.27
263,-100.36,68.3,40.37
320,-100.47,68.42,40.36
620,-100.45,68.63,40.31
5751,-100.52,68.98,40.65
2616,-100.64,68.88,40.49
5602,-100.64,69.08,40.64
2766,-100.33,68.68,40.76
2400,-100.33,68.68,40.84
3134,-100.38,68.74,40.76
2719,-100.38,68.74,40.84
903,-100.55,68.55,40.53
1870,-100.45,68.64,40.65
1132,-100.66,68.67,40.52
2416,-100.55,68.76,40.65
3948,-100.43,68.85,40.8
2616,-100.44,68.83,40.95
27,-97.48,67.04,41.25
29,-97.58,67.15,41.25
25,-97.36,67.13,41.25
26,-97.46,67.21,41.24
31,-97.68,67.21,41.48
27,-97.46,67.34,41.49
30,-97.66,67.35,41.75
26,-97.44,67.54,41.8
33,-97.72,66.84,41.25
35,-97.82,66.96,41.26
32,-97.7,67.06,41.25
30,-97.6,66.94,41.25
37,-97.91,67.16,41.49
34,-97.83,67.37,41.81
43,-98.15,67.31,41.48
39,-98.11,67.43,41.81
35,-98.02,67.59,41.8
30,-97.77,67.56,42.09
27,-97.61,67.55,42.14
40,-98.25,66.16,40.98
39,-98.23,66.1,40.78
27,-98.03,65.87,40.39
28,-97.52,66.6,41.1
26,-97.4,66.7,41.1
26,-97.42,66.48,40.94
28,-97.5,66.82,41.25
30,-97.62,66.72,41.25
26,-97.4,66.7,41.25
28,-97.52,66.6,41.25
26,-97.38,66.92,41.25
38,-97.95,66.75,41.49
33,-97.75,66.51,41.18
28,-97.55,66.3,40.95
31,-97.78,66.17,40.97
29,-97.8,65.99,40.81
36,-97.99,66.3,41.18
2369,-100.37,68.91,41.09
6448,-100.47,69.06,40.81
8768,-100.56,69.18,40.65
4078,-100.48,69.02,40.94
7362,-100.71,69.26,40.64
3307,-100.31,69.09,41.14
6834,-100.43,69.18,40.99
12981,-100.52,69.26,40.8
12310,-100.63,69.34,40.76
5295,-100.75,69.18,40.64
3056,-100.74,69,40.49
5674,-100.74,69.19,40.48
2183,-100.82,69.16,40.29
5985,-100.79,69.37,40.28
8240,-100.69,69.28,40.46
6634,-100.82,69.33,40.61
11474,-100.8,69.46,40.64
10330,-100.76,69.45,40.38
64,-98.88,66.37,40.74
41,-98.46,65.99,40.81
49,-98.43,66.32,40.73
49,-98.67,66.15,40.39
44,-98.19,66.55,41.18
49,-98.43,66.37,40.93
31,-98.71,65.7,40.39
42,-98.19,66.55,41.49
39,-98.47,65.84,40.84
41,-98.46,66.03,41.03
33,-98.51,65.52,40.93
43,-98.52,67.86,42.04
55,-98.68,67.78,41.79
73,-98.98,67.62,41.26
61,-98.76,67.65,41.49
68,-98.88,67.5,41.26
82,-99.1,67.52,41.11
96,-99.32,67.54,41.11
91,-99.22,67.42,40.95
77,-99,67.4,41.11
87,-99.12,67.3,40.95
80,-99.1,67.52,41.27
76,-99,67.4,41.26
113,-99.56,67.34,40.8
101,-99.34,67.32,40.8
107,-99.43,67.24,40.7
98,-99.34,67.32,40.96
96,-99.24,67.19,40.8
92,-99.24,67.2,40.95
38,-98.34,67.69,42.09
49,-98.49,67.64,41.8
56,-98.64,67.57,41.49
38,-98.25,67.63,42.11
47,-98.4,67.53,41.81
61,-98.68,67.26,41.26
65,-98.78,67.38,41.26
55,-98.56,67.41,41.49
73,-98.9,67.28,41.11
69,-98.8,67.16,41.11
71,-98.9,67.28,41.26
67,-98.8,67.16,41.26
84,-99.03,67.07,40.87
95,-99.31,66.83,40.72
110,-99.52,66.66,40.39
79,-99.08,66.6,40.72
87,-99.31,66.43,40.39
76,-99.06,66.64,40.92
67,-98.83,66.83,41.19
56,-98.59,67.03,41.5
46,-98.35,67.22,41.8
60,-99.12,66.11,40.39
67,-99.11,66.25,40.79
63,-98.86,66.42,40.94
57,-98.63,66.59,41.19
49,-98.39,66.79,41.5
40,-98.14,66.99,41.81
190,-99.72,68.02,41.11
263,-99.82,68.14,41.11
141,-99.62,67.9,41.27
118,-99.52,67.78,41.27
172,-99.6,68.11,41.27
233,-99.71,68.22,41.27
106,-99.4,67.88,41.42
125,-99.5,68,41.42
99,-99.3,67.95,41.42
115,-99.41,68.04,41.42
153,-99.48,68.26,41.42
207,-99.61,68.35,41.42
110,-99.35,68.17,41.58
92,-99.21,68.07,41.57
102,-99.36,68.42,41.57
131,-99.5,68.51,41.57
75,-99.16,68.28,41.79
325,-99.83,68.32,41.27
444,-99.93,68.42,41.27
157,-99.96,67.82,40.41
168,-100.07,67.93,40.4
186,-100.17,68.05,40.39
385,-99.92,68.26,41.11
580,-100.02,68.38,41.11
375,-100.04,68.16,40.8
363,-100.04,68.16,40.96
561,-100.15,68.27,40.64
382,-100.26,68.23,40.56
207,-100.27,68.14,40.39
264,-100.16,68.06,40.66
583,-100.14,68.28,40.8
536,-100.14,68.28,40.96
170,-100.07,67.74,40.71
176,-99.96,67.82,40.8
195,-100.17,67.86,40.69
219,-100.06,67.94,40.8
180,-99.96,67.82,40.96
185,-99.84,67.92,41.11
224,-100.06,67.94,40.96
242,-99.94,68.04,41.11
41,-98.77,68.03,42.33
55,-98.86,68.07,42.04
110,-99.52,67.04,40.71
135,-99.68,67.24,40.42
141,-99.79,67.32,40.44
130,-99.71,66.9,40.39
150,-99.88,67.48,40.45
157,-99.98,67.6,40.45
150,-99.74,67.8,41.11
151,-99.86,67.7,40.96
128,-99.64,67.68,41.11
133,-99.76,67.58,40.96
145,-99.74,67.8,41.27
125,-99.64,67.68,41.27
152,-99.98,67.6,40.81
138,-99.88,67.48,40.81
153,-99.98,67.6,40.96
137,-99.88,67.48,40.96
126,-99.78,67.36,40.81
118,-99.68,67.24,40.81
125,-99.78,67.36,40.96
116,-99.68,67.24,40.96
113,-99.54,67.56,41.11
120,-99.66,67.46,40.96
103,-99.44,67.44,41.11
111,-99.56,67.34,40.96
110,-99.54,67.56,41.27
101,-99.44,67.44,41.27
104,-99.42,67.66,41.27
94,-99.32,67.54,41.27
86,-99.19,67.74,41.5
73,-99,67.93,41.8
774,-100.01,68.63,41.27
393,-99.88,68.54,41.42
285,-99.74,68.45,41.42
454,-99.89,68.79,41.42
235,-99.76,68.7,41.57
174,-99.63,68.61,41.57
2183,-100.33,68.72,40.95
1019,-100.14,68.72,41.27
1955,-100.27,68.83,41.12
659,-100.03,68.89,41.42
2002,-100.29,69.07,41.27
1525,-100.16,68.98,41.27
841,-100.12,68.49,41.11
1130,-100.24,68.6,41.11
521,-100.36,68.3,40.65
898,-100.24,68.4,40.8
784,-100.24,68.4,40.96
714,-100.47,68.42,40.65
1296,-100.34,68.52,40.8
1093,-100.34,68.52,40.96
4299,-100.75,69.14,40.76
1074,-100.64,68.89,40.3
487,-100.67,68.66,40.34
1544,-100.73,69.02,40.29
228,-100.48,68.2,40.41
256,-100.59,68.32,40.4
390,-100.57,68.53,40.35
1789,-100.43,68.8,41.08
4276,-100.54,68.96,40.79
2879,-100.65,68.88,40.65
1368,-100.76,68.79,40.52
3237,-100.75,69,40.65
4401,-100.65,69.06,40.78
3007,-100.53,68.92,40.93
938,-100.57,68.54,40.64
1738,-100.44,68.64,40.8
725,-100.78,68.61,40.56
1208,-100.67,68.65,40.65
2218,-100.54,68.76,40.81
1439,-100.44,68.64,40.96
1817,-100.54,68.76,40.96
28,-97.47,67.11,41.49
31,-97.68,67.22,41.72
27,-97.46,67.34,41.8
25,-97.43,67.54,42.08
33,-97.71,66.95,41.49
36,-97.91,67.16,41.8
31,-97.83,67.38,42.1
41,-98.16,67.3,41.8
36,-98.12,67.44,42.11
27,-97.8,67.57,42.34
34,-98.02,67.59,42.1
27,-97.65,67.36,42.16
38,-98.23,66.11,41.18
31,-98.03,65.86,40.84
25,-97.83,65.62,40.91
32,-98.27,65.66,40.89
26,-98.06,65.49,40.95
25,-97.31,66.47,41.17
29,-97.51,66.71,41.49
25,-97.27,66.91,41.48
35,-97.94,66.75,41.8
32,-97.75,66.51,41.49
28,-97.55,66.27,41.17
30,-97.79,66.07,41.18
35,-97.99,66.31,41.49
2093,-100.42,68.93,41.14
3483,-100.53,69.04,40.99
5910,-100.6,69.15,40.8
5739,-100.71,69.22,40.77
4056,-100.42,69.17,41.12
7499,-100.54,69.26,40.96
10636,-100.68,69.37,40.81
1583,-100.86,68.9,40.52
3523,-100.85,69.12,40.65
5043,-100.85,69.26,40.61
3377,-100.84,69.12,40.49
5161,-100.86,69.28,40.48
887,-100.95,69.03,40.31
3320,-100.91,69.3,40.29
5868,-100.87,69.35,40.66
6840,-100.82,69.36,40.44
9652,-100.8,69.45,40.79
8862,-100.97,69.59,40.47
44,-98.91,65.94,40.39
51,-98.67,66.14,40.78
50,-98.65,66.2,40.98
47,-98.43,66.35,41.18
30,-98.94,65.57,40.4
41,-98.71,65.7,40.89
44,-98.43,66.35,41.5
38,-98.18,66.55,41.81
39,-98.47,65.92,41.21
33,-98.5,65.57,41.27
30,-98.52,65.38,40.98
25,-98.31,65.23,41.03
26,-98.5,67.87,42.53
37,-98.5,67.85,42.29
50,-98.68,67.78,42.09
59,-98.75,67.65,41.81
73,-98.99,67.51,41.5
89,-99.23,67.31,41.19
104,-99.47,67.12,40.89
32,-98.25,67.63,42.4
33,-98.34,67.69,42.37
44,-98.49,67.64,42.11
54,-98.64,67.57,41.81
42,-98.39,67.53,42.11
52,-98.56,67.41,41.81
64,-98.79,67.27,41.5
78,-99.03,67.07,41.19
90,-99.26,66.88,40.91
30,-98.49,67.85,42.47
25,-98.35,67.68,42.62
25,-98.29,67.64,42.66
109,-99.76,66.46,40.39
98,-99.52,66.65,40.76
81,-99.32,66.42,40.78
61,-99.35,65.99,40.39
83,-99.55,66.23,40.39
77,-99.28,66.47,40.99
71,-99.07,66.63,41.19
62,-98.83,66.83,41.5
52,-98.58,67.03,41.81
41,-98.34,67.22,42.12
62,-99.12,66.11,40.82
65,-99.1,66.29,41
59,-98.87,66.38,41.18
53,-98.63,66.59,41.5
44,-98.38,66.79,41.81
36,-98.14,66.99,42.12
177,-99.72,68.02,41.27
233,-99.82,68.14,41.27
133,-99.62,67.9,41.42
114,-99.52,67.78,41.42
156,-99.6,68.11,41.42
200,-99.72,68.22,41.42
102,-99.4,67.88,41.58
118,-99.5,68,41.58
109,-99.41,68.04,41.58
96,-99.3,67.95,41.58
138,-99.48,68.26,41.58
177,-99.61,68.35,41.58
94,-99.28,68.12,41.8
68,-99.14,68.27,42.05
104,-99.43,68.47,41.79
318,-99.92,68.26,41.27
442,-100.02,68.38,41.27
262,-99.83,68.32,41.43
338,-99.93,68.42,41.43
27,-98.75,68.07,42.53
35,-98.79,68.05,42.47
165,-100.08,67.72,40.44
174,-100.19,67.83,40.43
186,-100.29,67.95,40.43
330,-100.04,68.16,41.12
462,-100.14,68.28,41.12
288,-100.16,68.06,40.8
294,-100.16,68.06,40.96
202,-100.39,68.08,40.42
231,-100.27,67.97,40.68
362,-100.26,68.18,40.65
397,-100.26,68.18,40.8
397,-100.26,68.18,40.96
173,-100.08,67.72,40.81
200,-100.19,67.84,40.8
175,-100.08,67.72,40.96
206,-100.18,67.84,40.96
180,-99.96,67.82,41.12
176,-99.84,67.92,41.27
221,-100.06,67.94,41.12
223,-99.94,68.04,41.27
291,-100.04,68.16,41.27
387,-100.14,68.28,41.27
49,-98.89,68.1,42.25
46,-98.9,67.93,42.42
65,-99,67.93,42.09
123,-99.7,67.22,40.7
128,-99.79,67.3,40.7
115,-99.72,66.89,40.74
136,-99.95,66.78,40.39
149,-99.91,67.16,40.4
163,-100.1,67.4,40.43
138,-99.74,67.8,41.43
120,-99.64,67.68,41.43
142,-99.87,67.59,41.19
151,-100.1,67.4,40.93
127,-99.9,67.17,40.94
115,-99.67,67.35,41.19
98,-99.43,67.55,41.5
81,-99.19,67.74,41.81
606,-100.13,68.49,41.27
535,-100.01,68.63,41.43
301,-99.88,68.54,41.58
230,-99.74,68.44,41.58
324,-99.89,68.79,41.58
445,-100.03,68.89,41.58
159,-99.69,68.65,41.79
786,-100.24,68.59,41.27
1440,-100.35,68.71,41.11
688,-100.14,68.72,41.43
1465,-100.41,68.91,41.27
1266,-100.28,68.82,41.27
2361,-100.42,69.17,41.27
878,-100.23,69.03,41.5
643,-100.24,68.4,41.12
865,-100.34,68.52,41.12
357,-100.48,68.21,40.67
557,-100.36,68.3,40.81
541,-100.36,68.3,40.96
452,-100.58,68.32,40.67
763,-100.46,68.42,40.81
722,-100.46,68.42,40.96
516,-100.24,68.4,41.27
669,-100.34,68.52,41.27
3116,-100.85,69.11,40.8
372,-100.78,68.6,40.37
602,-100.76,68.79,40.33
734,-100.86,68.91,40.32
222,-100.69,68.16,40.42
296,-100.69,68.43,40.39
325,-100.79,68.52,40.38
215,-100.74,68.02,40.41
1121,-100.44,68.64,41.12
1389,-100.54,68.76,41.12
2661,-100.64,68.88,40.81
837,-100.87,68.7,40.56
1500,-100.77,68.78,40.65
1757,-100.87,68.9,40.65
2942,-100.74,69,40.81
2148,-100.64,68.88,40.96
2316,-100.75,68.99,40.96
569,-100.68,68.44,40.66
1004,-100.56,68.54,40.81
708,-100.78,68.56,40.65
1268,-100.66,68.66,40.81
930,-100.56,68.54,40.96
1155,-100.66,68.66,40.96
27,-97.46,67.11,41.8
25,-97.46,67.34,42.09
31,-97.7,66.96,41.8
32,-97.91,67.16,42.12
28,-97.85,67.41,42.36
37,-98.16,67.31,42.12
30,-98.08,67.47,42.42
29,-97.99,67.6,42.4
25,-98.28,67.55,42.73
27,-97.68,67.23,42.19
36,-98.23,66.11,41.5
31,-98.03,65.88,41.21
25,-97.83,65.66,41.26
32,-98.27,65.7,41.25
26,-98.06,65.53,41.29
25,-97.31,66.47,41.49
27,-97.5,66.71,41.8
31,-97.94,66.75,42.12
30,-97.74,66.51,41.8
27,-97.55,66.27,41.49
29,-97.79,66.07,41.49
32,-97.98,66.31,41.81
2383,-100.53,69.01,41.12
3655,-100.64,69.12,40.96
4946,-100.76,69.25,40.82
4360,-100.55,69.26,41.11
2669,-100.56,69.26,41.27
7331,-100.67,69.35,40.95
982,-100.97,68.82,40.54
1796,-100.96,69.02,40.51
2004,-100.97,69.02,40.65
3663,-100.95,69.24,40.49
3670,-100.95,69.23,40.65
3115,-100.96,69.21,40.8
547,-101.08,68.93,40.35
633,-101.17,69.06,40.33
1185,-101.05,69.17,40.31
4062,-101.04,69.47,40.29
4596,-100.89,69.32,40.8
5356,-101.04,69.48,40.53
6838,-100.81,69.45,40.95
8557,-100.95,69.55,40.75
7288,-101.19,69.74,40.38
40,-99.15,65.74,40.4
51,-98.91,65.94,40.84
49,-98.67,66.15,41.19
27,-98.96,65.43,40.42
42,-98.94,65.57,40.95
40,-98.7,65.74,41.25
45,-98.67,66.15,41.5
40,-98.42,66.35,41.81
33,-98.18,66.55,42.12
37,-98.47,65.91,41.5
26,-98.55,65.02,41.1
32,-98.75,65.26,41.03
30,-98.51,65.47,41.49
25,-98.31,65.24,41.52
30,-98.63,67.84,42.65
130,-99.96,66.63,40.39
41,-98.65,67.79,42.37
52,-98.75,67.65,42.12
69,-98.98,67.52,41.81
84,-99.23,67.31,41.5
98,-99.47,67.11,41.19
109,-99.7,66.94,40.96
35,-98.39,67.54,42.42
37,-98.49,67.64,42.41
49,-98.64,67.57,42.12
46,-98.56,67.41,42.12
59,-98.78,67.27,41.81
72,-99.03,67.07,41.5
84,-99.27,66.87,41.19
92,-99.48,66.7,40.97
33,-98.63,67.8,42.58
29,-98.47,67.64,42.65
29,-98.4,67.56,42.65
113,-99.94,66.82,41.01
107,-99.99,66.26,40.4
99,-99.76,66.46,40.84
66,-99.35,65.99,40.88
82,-99.55,66.22,40.85
56,-99.59,65.79,40.41
78,-99.79,66.03,40.4
34,-98.34,67.23,42.43
73,-99.31,66.43,41.19
65,-99.07,66.63,41.5
55,-98.82,66.83,41.81
45,-98.58,67.03,42.12
30,-98.14,66.99,42.43
60,-99.11,66.19,41.19
55,-98.87,66.39,41.5
47,-98.62,66.59,41.81
39,-98.38,66.79,42.12
73,-99.54,66.24,41.23
28,-99.02,68.28,42.53
39,-99.04,68.22,42.49
163,-99.72,68.02,41.43
205,-99.82,68.14,41.43
131,-99.74,67.8,41.58
115,-99.64,67.68,41.58
125,-99.62,67.9,41.58
110,-99.52,67.78,41.58
142,-99.6,68.11,41.58
175,-99.71,68.22,41.58
100,-99.42,67.95,41.81
80,-99.26,68.12,42.1
133,-99.54,68.3,41.8
57,-99.12,68.26,42.3
89,-99.42,68.46,42.05
264,-99.92,68.26,41.43
346,-100.02,68.38,41.43
219,-99.83,68.32,41.58
270,-99.93,68.42,41.58
31,-98.85,68.02,42.66
38,-98.92,67.97,42.59
179,-100.31,67.63,40.42
197,-100.51,67.87,40.42
283,-100.16,68.06,41.12
371,-100.26,68.18,41.12
241,-100.29,67.96,40.8
252,-100.28,67.96,40.96
286,-100.37,68.09,40.68
300,-100.38,68.07,40.8
315,-100.38,68.08,40.96
185,-100.3,67.64,40.92
175,-100.08,67.72,41.12
206,-100.18,67.84,41.12
200,-100.18,67.84,41.27
171,-100.08,67.72,41.27
165,-99.84,67.92,41.43
175,-99.96,67.82,41.27
202,-99.94,68.04,41.43
210,-100.06,67.94,41.27
254,-100.04,68.16,41.43
263,-100.16,68.06,41.27
323,-100.14,68.28,41.43
333,-100.26,68.18,41.27
45,-98.97,67.83,42.51
55,-99.02,67.98,42.33
70,-99.18,67.75,42.12
120,-99.95,66.78,40.8
133,-99.92,67.12,40.74
156,-100.15,66.95,40.39
156,-100.15,67.36,40.75
174,-100.35,67.19,40.39
132,-99.87,67.59,41.51
152,-100.31,67.22,41
145,-100.11,67.39,41.2
130,-100.12,66.99,41.01
121,-99.91,67.15,41.2
107,-99.67,67.35,41.51
89,-99.42,67.55,41.81
455,-100.12,68.49,41.43
396,-100.01,68.63,41.58
501,-100.14,68.72,41.58
198,-99.81,68.49,41.81
123,-99.69,68.65,42.05
262,-99.96,68.84,41.79
572,-100.24,68.59,41.43
960,-100.34,68.69,41.27
856,-100.44,68.65,41.27
1031,-100.54,68.76,41.27
1615,-100.54,69,41.27
786,-100.34,68.86,41.5
452,-100.23,69.03,41.79
1264,-100.49,69.21,41.5
1800,-100.71,69.37,41.45
489,-100.36,68.3,41.12
633,-100.46,68.42,41.12
316,-100.68,68.19,40.71
388,-100.48,68.2,40.81
402,-100.48,68.2,40.96
499,-100.58,68.32,40.81
510,-100.58,68.32,40.96
426,-100.36,68.3,41.27
535,-100.46,68.42,41.27
415,-100.24,68.4,41.43
519,-100.34,68.52,41.43
2441,-100.86,69.1,40.95
2438,-100.97,69.18,40.95
1977,-100.96,69.02,40.81
260,-100.76,68.01,40.7
293,-100.76,68.16,40.68
412,-100.88,68.68,40.37
476,-100.98,68.8,40.36
223,-100.95,67.91,40.39
256,-100.91,68.36,40.41
1587,-100.64,68.87,41.12
1715,-100.76,68.97,41.12
799,-100.56,68.54,41.12
974,-100.66,68.66,41.12
1530,-100.76,68.78,40.81
862,-100.88,68.68,40.65
1016,-100.99,68.8,40.65
1768,-100.86,68.9,40.81
1373,-100.76,68.78,40.96
1572,-100.86,68.9,40.96
426,-100.88,68.39,40.7
634,-100.68,68.44,40.81
787,-100.78,68.56,40.81
640,-100.68,68.44,40.96
783,-100.78,68.56,40.96
25,-97.46,67.12,42.11
28,-97.7,66.96,42.11
27,-97.9,67.18,42.43
31,-98.13,67.34,42.45
28,-98.34,67.23,42.74
33,-98.22,66.11,41.81
30,-98.03,65.87,41.5
30,-98.27,65.66,41.49
25,-98.14,66.99,42.74
26,-97.94,66.75,42.43
26,-97.74,66.51,42.12
25,-97.54,66.27,41.8
26,-97.78,66.07,41.8
28,-97.98,66.31,42.12
2448,-100.66,69.1,41.12
1718,-100.67,69.1,41.27
3574,-100.77,69.21,40.96
3727,-100.75,69.4,41.19
1094,-101.08,68.93,40.54
1171,-101.09,68.92,40.65
1374,-101.19,69.04,40.65
1241,-101.18,69.05,40.53
2031,-101.06,69.14,40.5
2228,-101.07,69.14,40.65
3658,-101.1,69.37,40.54
2157,-101.06,69.14,40.81
3052,-101.09,69.32,40.77
342,-101.53,68.71,40.42
399,-101.32,68.83,40.4
1494,-101.26,69.31,40.32
4877,-101.24,69.67,40.3
3301,-100.92,69.3,40.96
4143,-101.04,69.42,40.77
4663,-101.27,69.63,40.47
6747,-101.03,69.6,40.9
6801,-101.29,69.8,40.53
28,-99.42,65.32,40.44
51,-99.15,65.74,40.92
49,-98.9,65.96,41.22
60,-99.34,66.01,41.25
39,-98.96,65.43,40.99
40,-98.94,65.61,41.29
37,-98.71,65.7,41.49
45,-98.91,65.95,41.5
40,-98.66,66.15,41.81
34,-98.42,66.35,42.12
28,-98.18,66.55,42.43
34,-98.46,65.91,41.81
25,-98.54,65.06,41.56
31,-99,64.99,41.15
30,-98.74,65.28,41.53
28,-98.5,65.47,41.81
28,-98.7,67.76,42.82
114,-99.96,66.63,40.83
134,-100.19,66.51,40.39
109,-100.22,66.14,40.41
43,-98.76,67.67,42.44
60,-98.98,67.52,42.12
75,-99.22,67.31,41.81
90,-99.47,67.11,41.5
103,-99.71,66.9,41.19
38,-98.55,67.41,42.43
40,-98.64,67.56,42.44
52,-98.78,67.27,42.12
64,-99.02,67.07,41.81
76,-99.27,66.87,41.5
87,-99.51,66.67,41.19
34,-98.77,67.66,42.71
30,-98.52,67.43,42.75
30,-98.62,67.56,42.76
104,-99.95,66.71,41.2
98,-99.99,66.26,40.92
88,-99.74,66.48,41.21
65,-99.59,65.79,40.97
80,-99.79,66.03,40.94
51,-99.83,65.59,40.44
72,-100.03,65.82,40.43
37,-98.58,67.03,42.43
66,-99.31,66.43,41.5
57,-99.06,66.63,41.81
47,-98.82,66.83,42.12
30,-98.58,67.03,42.75
33,-98.38,66.79,42.43
55,-99.11,66.19,41.5
48,-98.86,66.39,41.81
41,-98.62,66.59,42.12
26,-98.38,66.79,42.75
55,-99.35,65.99,41.51
71,-99.75,66.07,41.29
66,-99.55,66.23,41.51
31,-99.09,68.23,42.66
44,-99.14,68.29,42.46
42,-99.15,68.12,42.62
149,-99.72,68.02,41.58
181,-99.82,68.14,41.58
153,-99.84,67.92,41.58
182,-99.94,68.04,41.58
110,-99.62,67.79,41.82
84,-99.41,67.95,42.13
134,-99.65,68.16,41.81
61,-99.23,68.13,42.39
105,-99.54,68.3,42.1
70,-99.4,68.46,42.3
224,-99.92,68.26,41.58
223,-100.04,68.16,41.58
273,-100.14,68.28,41.58
280,-100.02,68.38,41.58
92,-99.67,68.65,42.3
182,-99.85,68.34,41.82
29,-98.92,67.97,42.82
37,-98.99,67.86,42.71
182,-100.35,67.59,40.73
191,-100.55,67.43,40.39
217,-100.55,67.82,40.71
208,-100.76,67.66,40.39
250,-100.28,67.96,41.12
309,-100.38,68.08,41.12
291,-100.38,68.08,41.27
240,-100.28,67.96,41.27
238,-100.51,67.88,40.9
180,-100.52,67.47,40.99
181,-100.31,67.63,41.2
174,-100.07,67.83,41.51
245,-100.27,68.07,41.51
55,-99.17,67.76,42.44
76,-99.42,67.55,42.13
114,-99.86,67.59,41.82
139,-100.15,66.95,40.79
160,-100.39,66.75,40.39
161,-100.36,67.18,40.78
182,-100.59,66.99,40.39
131,-100.11,67.39,41.51
145,-100.35,67.19,41.2
123,-100.15,66.95,41.2
109,-99.91,67.15,41.51
93,-99.66,67.35,41.82
270,-100.22,69.02,42.05
340,-100.24,68.4,41.59
417,-100.34,68.52,41.59
356,-100.12,68.49,41.58
440,-100.24,68.59,41.58
143,-99.81,68.49,42.1
305,-100.08,68.67,41.81
181,-99.96,68.84,42.05
99,-99.89,68.8,42.34
663,-100.56,68.54,41.27
795,-100.66,68.66,41.28
1172,-100.65,68.87,41.27
1288,-100.76,68.97,41.27
626,-100.47,68.7,41.51
438,-100.34,68.86,41.81
988,-100.61,69.05,41.51
1220,-100.83,69.2,41.45
1454,-100.8,69.43,41.55
636,-100.5,69.22,41.78
387,-100.48,68.2,41.12
482,-100.58,68.32,41.12
358,-100.48,68.2,41.28
437,-100.58,68.32,41.28
323,-100.71,68.11,40.9
354,-100.47,68.31,41.51
1751,-100.96,69.02,40.96
1655,-100.91,69.1,41.19
1898,-101.06,69.13,40.96
1274,-101.08,68.92,40.81
1445,-101.18,69.04,40.81
1228,-101.08,68.92,40.97
1367,-101.18,69.04,40.97
252,-100.96,67.9,40.74
340,-100.91,68.29,40.67
239,-101.19,67.78,40.39
248,-101.15,68.16,40.41
322,-101.12,68.58,40.42
310,-101.55,68.57,40.41
1146,-100.76,68.78,41.12
1302,-100.86,68.9,41.12
594,-100.68,68.44,41.12
714,-100.78,68.56,41.12
529,-100.68,68.44,41.28
626,-100.78,68.56,41.28
946,-100.88,68.68,40.81
582,-101.08,68.63,40.68
1114,-100.98,68.8,40.81
932,-100.88,68.68,40.96
1082,-100.98,68.8,40.97
455,-100.91,68.35,40.89
487,-101.59,68.7,40.68
29,-98.22,66.11,42.12
27,-98.02,65.87,41.81
28,-98.26,65.67,41.81
2110,-100.87,69.24,41.2
1702,-101.02,69.58,41.5
3714,-101.02,69.58,41.19
761,-101.3,68.86,40.66
2081,-101.27,69.27,40.59
3592,-101.3,69.55,40.5
1891,-101.28,69.25,40.88
402,-101.75,68.89,40.42
559,-101.51,69.08,40.38
2308,-101.44,69.56,40.31
3234,-101.13,69.44,40.91
4014,-101.37,69.68,40.59
6046,-101.27,69.77,40.85
5901,-101.53,69.96,40.46
25,-99.78,65.15,40.47
45,-99.42,65.32,41.09
49,-99.14,65.78,41.27
58,-99.55,65.83,41.32
45,-99.15,65.75,41.5
37,-98.95,65.51,41.5
34,-98.7,65.71,41.81
40,-98.9,65.95,41.82
35,-98.66,66.15,42.12
29,-98.42,66.35,42.43
29,-98.46,65.91,42.12
26,-99.02,64.69,41.25
28,-98.74,65.27,41.82
29,-98.98,65.06,41.58
25,-98.5,65.47,42.13
25,-98.74,65.27,42.13
132,-100.43,66.31,40.41
120,-100.19,66.51,40.89
99,-100.23,66,40.43
99,-100.22,66.14,40.99
49,-98.98,67.52,42.43
64,-99.22,67.31,42.13
79,-99.46,67.11,41.82
92,-99.71,66.91,41.51
43,-98.78,67.27,42.43
55,-99.02,67.07,42.13
67,-99.26,66.87,41.82
78,-99.51,66.67,41.51
37,-98.98,67.51,42.75
34,-98.78,67.27,42.75
103,-100.18,66.53,41.26
92,-99.95,66.71,41.51
86,-99.97,66.3,41.28
78,-99.75,66.47,41.51
63,-99.83,65.59,41.08
77,-100.03,65.82,41.04
56,-100.25,65.49,40.47
39,-98.82,66.83,42.44
57,-99.3,66.43,41.82
48,-99.06,66.63,42.13
31,-98.82,66.83,42.75
34,-98.62,66.59,42.44
48,-99.1,66.19,41.82
41,-98.86,66.39,42.13
28,-98.62,66.59,42.75
54,-99.59,65.8,41.52
48,-99.34,65.99,41.82
64,-99.79,66.03,41.51
56,-99.54,66.23,41.82
27,-99.32,68.45,42.67
40,-99.4,68.49,42.53
41,-99.63,68.67,42.53
49,-99.38,68.46,42.48
28,-99.14,68.2,42.82
39,-99.19,68.05,42.72
46,-99.24,68.18,42.59
91,-99.62,67.79,42.13
145,-99.82,68.03,41.82
64,-99.39,67.97,42.45
105,-99.64,68.16,42.13
74,-99.5,68.32,42.39
62,-99.65,68.65,42.47
200,-100.03,68.27,41.82
133,-99.85,68.35,42.13
95,-99.78,68.51,42.39
41,-99.17,67.76,42.75
185,-100.56,67.42,40.78
202,-100.79,67.23,40.39
222,-101,67.46,40.39
214,-100.77,67.65,40.76
217,-100.72,67.7,40.96
236,-100.51,67.87,41.2
173,-100.55,67.43,41.2
164,-100.31,67.63,41.51
145,-100.06,67.83,41.82
211,-100.51,67.87,41.51
191,-100.26,68.07,41.82
92,-99.86,67.59,42.13
60,-99.42,67.55,42.44
77,-99.66,67.35,42.13
111,-100.1,67.39,41.82
161,-100.63,66.55,40.41
142,-100.39,66.75,40.87
185,-100.83,66.79,40.41
164,-100.59,66.99,40.86
127,-100.35,67.19,41.51
142,-100.58,67,41.24
122,-100.38,66.76,41.24
108,-100.15,66.95,41.51
93,-99.9,67.15,41.82
358,-100.49,69.21,42.05
349,-100.71,69.37,42.09
262,-100.34,68.86,42.1
163,-100.21,69.02,42.3
282,-100.24,68.49,41.82
199,-100.07,68.68,42.1
136,-99.99,68.87,42.26
68,-99.92,68.84,42.47
104,-99.99,68.67,42.44
31,-99.87,68.86,42.53
927,-100.76,68.78,41.28
1054,-100.86,68.9,41.28
497,-100.67,68.55,41.51
382,-100.47,68.7,41.82
803,-100.68,68.9,41.5
1046,-100.89,69.08,41.43
1026,-100.92,69.26,41.56
544,-100.61,69.05,41.81
775,-100.76,69.4,41.78
468,-100.8,69.43,42.01
254,-100.46,68.31,41.82
322,-100.71,68.11,41.2
270,-100.93,67.94,40.95
277,-100.71,68.11,41.51
239,-101.2,67.64,40.39
1216,-101.07,69.02,41.2
536,-101.54,68.74,40.72
806,-101.31,68.83,40.89
252,-101.19,67.78,40.8
303,-101.16,68.12,40.73
435,-101.58,68.55,40.7
260,-101.39,67.95,40.39
282,-101.35,68.39,40.42
307,-101.79,68.44,40.39
840,-100.88,68.68,41.12
968,-100.98,68.8,41.12
728,-100.88,68.68,41.28
830,-100.98,68.8,41.28
439,-100.91,68.35,41.2
613,-101.11,68.59,40.89
340,-101.14,68.17,40.94
344,-101.99,68.69,40.41
537,-101.75,68.81,40.69
25,-98.22,66.11,42.43
25,-98.26,65.67,42.12
436,-101.02,69.58,42.05
832,-101.02,69.58,41.79
1349,-101.29,69.24,41.2
1161,-101.13,69.42,41.51
2052,-101.13,69.42,41.2
1723,-101.29,69.77,41.5
3609,-101.29,69.77,41.19
1007,-101.5,69.08,40.65
2320,-101.48,69.49,40.59
641,-101.72,68.92,40.72
1041,-101.51,69.07,40.89
2032,-101.5,69.47,40.88
531,-101.95,69.12,40.43
832,-101.71,69.33,40.37
2691,-101.64,69.79,40.32
3126,-101.37,69.63,40.88
3610,-101.61,69.83,40.55
5107,-101.55,69.96,40.85
5055,-101.75,70.11,40.39
46,-99.78,65.15,41.2
25,-99.49,64.44,41.36
41,-99.37,65.4,41.54
40,-99.14,65.75,41.82
34,-98.94,65.51,41.82
30,-98.94,65.51,42.13
35,-99.14,65.75,42.13
30,-98.7,65.71,42.13
35,-98.9,65.95,42.13
29,-98.66,66.15,42.44
25,-98.66,66.15,42.75
25,-98.46,65.91,42.44
35,-100.77,65.01,40.53
27,-98.97,67.51,43.06
25,-98.77,67.27,43.06
109,-100.69,65.89,40.46
117,-100.43,66.31,40.98
98,-100.39,66.36,41.33
91,-100.23,66,41.03
84,-100.22,66.18,41.34
52,-99.22,67.31,42.44
65,-99.46,67.11,42.13
79,-99.7,66.91,41.82
45,-99.02,67.07,42.44
56,-99.26,66.87,42.13
67,-99.5,66.67,41.82
40,-99.22,67.31,42.75
35,-99.02,67.07,42.75
90,-100.19,66.51,41.51
77,-99.94,66.71,41.82
76,-99.99,66.27,41.51
66,-99.74,66.47,41.82
62,-100.02,65.84,41.54
52,-99.81,65.61,41.56
38,-100.36,65.21,40.5
68,-100.25,65.49,41.18
39,-99.06,66.63,42.44
48,-99.3,66.43,42.13
32,-99.06,66.63,42.75
34,-98.86,66.39,42.44
41,-99.1,66.19,42.13
28,-98.86,66.39,42.75
47,-99.58,65.79,41.82
41,-99.34,65.99,42.13
55,-99.78,66.03,41.82
47,-99.54,66.23,42.13
25,-99.34,68.43,42.82
44,-99.48,68.4,42.67
45,-99.69,68.58,42.67
51,-99.47,68.35,42.6
44,-99.38,67.99,42.76
70,-99.62,67.79,42.44
113,-99.82,68.03,42.13
74,-99.62,68.18,42.46
62,-99.74,68.53,42.6
145,-100.02,68.27,42.13
88,-99.85,68.39,42.47
29,-99.17,67.75,43.06
44,-99.42,67.55,42.75
140,-100.26,68.07,42.13
113,-100.06,67.83,42.13
209,-101.04,67.02,40.4
187,-100.8,67.22,40.85
233,-101.24,67.26,40.4
214,-101,67.46,40.83
210,-100.76,67.67,41.19
167,-100.78,67.24,41.23
152,-100.55,67.43,41.51
135,-100.3,67.63,41.82
185,-100.75,67.67,41.51
168,-100.5,67.87,41.82
69,-99.86,67.59,42.44
87,-100.1,67.39,42.13
60,-99.66,67.35,42.44
74,-99.9,67.15,42.13
105,-100.34,67.19,41.82
169,-101.1,66.36,40.45
140,-100.63,66.55,40.96
162,-100.83,66.79,40.96
135,-100.79,66.83,41.31
123,-100.59,66.99,41.51
116,-100.59,66.58,41.32
106,-100.39,66.75,41.51
90,-100.14,66.95,41.82
311,-100.6,69.05,42.1
197,-100.47,69.21,42.3
202,-100.74,69.4,42.3
295,-100.82,69.21,42.15
79,-100.19,69.02,42.48
234,-100.46,68.7,42.13
145,-100.31,68.88,42.39
188,-100.23,68.49,42.13
138,-100.09,68.72,42.34
92,-100.03,68.57,42.52
70,-100,68.72,42.6
40,-99.92,68.78,42.67
27,-100.15,68.99,42.67
49,-100.26,69.08,42.53
175,-100.46,68.31,42.13
361,-100.91,68.35,41.51
331,-100.66,68.55,41.82
650,-100.86,68.8,41.51
458,-100.67,68.89,41.82
778,-101.06,69.03,41.51
610,-100.87,69.23,41.81
211,-100.66,68.55,42.14
372,-100.91,69.26,42.06
211,-100.7,68.11,41.82
261,-100.95,67.9,41.19
253,-101.18,67.82,41.02
227,-100.95,67.91,41.51
240,-101.2,67.63,40.83
257,-101.43,67.51,40.39
741,-101.31,68.83,41.2
535,-101.54,68.64,40.91
312,-102,68.33,40.39
288,-101.39,67.95,40.79
371,-101.39,68.35,40.73
398,-101.8,68.42,40.75
279,-101.63,67.75,40.39
284,-101.6,68.19,40.39
330,-101.15,68.15,41.2
580,-101.11,68.59,41.2
294,-101.36,67.99,41.01
428,-101.34,68.4,40.92
407,-102.19,68.93,40.43
334,-102.23,68.51,40.39
39,-100.98,69.58,42.48
469,-102,68.65,40.75
668,-101.75,68.88,40.91
854,-101.29,69.24,41.51
196,-101.01,69.58,42.3
25,-100.85,64.12,41.54
40,-101.25,64.61,41.52
59,-101.67,65.09,40.56
121,-102.09,65.57,40.56
26,-101.74,64.2,41.58
26,-102.2,64.68,40.58
78,-102.65,65.17,40.57
612,-102.63,69.32,40.4
330,-101.13,69.42,42.11
633,-101.13,69.42,41.81
411,-101.28,69.77,42.05
823,-101.29,69.77,41.79
890,-101.52,69.45,41.51
884,-101.51,69.07,41.2
1438,-101.52,69.45,41.2
1152,-101.4,69.61,41.51
2016,-101.4,69.61,41.2
1657,-101.56,69.96,41.5
3322,-101.56,69.96,41.18
1254,-101.7,69.32,40.64
2389,-101.7,69.69,40.59
815,-101.95,69.11,40.9
823,-101.91,69.15,40.7
1254,-101.71,69.31,40.89
2120,-101.71,69.65,40.88
704,-102.15,69.36,40.42
3121,-101.83,70.01,40.32
1202,-101.89,69.58,40.35
2791,-101.66,69.81,40.88
3248,-101.84,69.98,40.5
4846,-101.84,70.17,40.52
4484,-101.81,70.14,40.84
35,-100.37,64.52,41.44
40,-99.92,64.87,41.3
41,-99.8,65.21,41.64
34,-99.4,65.33,41.98
25,-98.92,65.73,42.6
55,-100.77,65.01,41.39
89,-101.18,65.49,40.52
29,-99.21,67.31,43.06
27,-99.01,67.07,43.06
98,-100.69,65.89,41.15
87,-100.42,66.31,41.52
74,-100.22,66.08,41.52
52,-99.46,67.11,42.44
64,-99.7,66.91,42.13
45,-99.26,66.87,42.44
56,-99.5,66.67,42.13
40,-99.46,67.11,42.75
36,-99.26,66.87,42.75
74,-100.18,66.51,41.83
62,-99.94,66.71,42.13
64,-99.98,66.27,41.82
54,-99.74,66.47,42.13
57,-100.36,65.21,41.28
53,-100.02,65.83,41.83
56,-100.21,65.57,41.62
46,-99.82,65.59,41.82
39,-99.82,65.59,42.14
45,-100.02,65.83,42.14
40,-99.58,65.79,42.13
46,-99.78,66.03,42.14
33,-99.32,66.21,42.6
153,-101.59,65.96,40.51
38,-99.52,68.3,42.84
38,-99.75,68.51,42.83
29,-99.37,67.99,43.06
50,-99.62,67.79,42.75
50,-99.61,68.19,42.74
83,-99.82,68.03,42.44
99,-100.02,68.27,42.44
55,-99.83,68.4,42.73
49,-99.86,67.59,42.76
31,-99.41,67.55,43.06
44,-99.66,67.35,42.76
96,-100.26,68.07,42.45
123,-100.5,67.87,42.14
81,-100.06,67.83,42.44
103,-100.3,67.63,42.14
223,-101.51,66.83,40.45
188,-101.04,67.02,40.94
215,-101.24,67.26,40.92
196,-100.98,67.48,41.22
158,-101,67.06,41.3
144,-100.79,67.23,41.52
123,-100.54,67.43,41.83
168,-100.99,67.47,41.52
146,-100.74,67.67,41.83
64,-100.1,67.39,42.45
80,-100.34,67.19,42.14
57,-99.9,67.15,42.45
71,-100.14,66.95,42.14
98,-100.58,66.99,41.83
138,-101.1,66.36,41.12
119,-100.83,66.79,41.52
103,-100.63,66.55,41.52
86,-100.38,66.75,41.83
281,-102.36,67.13,40.47
262,-100.68,68.91,42.15
158,-100.57,69.07,42.39
67,-100.45,69.21,42.47
51,-100.72,69.4,42.47
241,-100.87,69.09,42.21
153,-100.83,69.26,42.39
130,-100.44,68.72,42.46
74,-100.27,68.91,42.6
117,-100.22,68.51,42.45
58,-100.04,68.6,42.72
32,-99.97,68.73,42.83
56,-100.33,68.97,42.67
123,-100.66,68.55,42.45
111,-100.46,68.31,42.45
145,-100.7,68.11,42.14
278,-101.15,68.15,41.52
259,-100.9,68.35,41.83
452,-101.11,68.59,41.51
411,-100.86,68.8,41.82
542,-101.31,68.83,41.52
471,-101.06,69.03,41.82
167,-100.9,68.35,42.14
245,-100.86,68.8,42.13
261,-101.06,69.03,42.14
173,-100.94,67.91,41.83
232,-101.19,67.71,41.21
198,-101.19,67.71,41.52
247,-101.43,67.51,40.89
287,-101.92,67.31,40.43
316,-102.07,68.19,40.39
508,-101.55,68.63,41.21
393,-102,68.33,40.8
429,-101.77,68.46,40.96
282,-101.63,67.75,40.87
307,-101.84,67.98,40.39
339,-101.6,68.18,40.77
278,-101.39,67.95,41.21
413,-101.35,68.39,41.2
355,-101.56,68.22,40.98
513,-102.41,69.16,40.42
382,-102.47,68.72,40.38
562,-102.23,68.88,40.76
332,-102.3,68.37,40.39
453,-102.22,68.5,40.8
28,-101.25,69.77,42.48
36,-101.06,69.46,42.6
159,-101.26,69.76,42.3
495,-101.29,69.24,41.83
518,-101.97,68.69,40.95
606,-101.75,68.87,41.21
617,-101.51,69.07,41.52
625,-102.18,68.93,40.94
253,-101.28,69.24,42.14
135,-101.11,69.44,42.39
26,-101.22,64.64,42.2
56,-101.66,65.09,41.5
68,-102.06,65.57,41.48
160,-102.55,66.06,40.54
177,-103.09,66.57,40.52
156,-103.98,67.59,40.53
37,-102.15,64.69,41.57
44,-102.57,65.17,41.55
117,-103.18,65.67,40.56
33,-104.29,67.24,40.69
108,-103.87,66.19,40.59
165,-103.71,67.07,40.52
39,-104.56,66.28,40.76
779,-102.63,69.31,40.71
859,-102.64,69.46,40.68
726,-102.94,69.18,40.38
739,-102.6,69.47,40.41
483,-101.52,69.45,41.83
289,-101.4,69.61,42.11
605,-101.4,69.6,41.81
345,-101.55,69.95,42.04
765,-101.55,69.96,41.78
705,-101.95,69.11,41.21
671,-101.71,69.31,41.52
896,-101.72,69.64,41.52
1013,-101.71,69.31,41.2
1511,-101.72,69.64,41.2
1094,-101.67,69.79,41.51
1924,-101.67,69.8,41.2
1539,-101.81,70.14,41.49
3006,-101.81,70.14,41.18
2438,-101.9,69.87,40.55
1537,-101.9,69.57,40.64
970,-102.15,69.35,40.89
1005,-102.12,69.39,40.69
1486,-101.91,69.56,40.89
877,-102.35,69.6,40.4
1751,-102.07,69.86,40.34
2569,-101.92,69.99,40.87
3025,-101.94,70.04,40.6
3891,-102.19,70.42,40.65
25,-100.35,64.56,42.13
31,-99.87,64.95,42.02
36,-100.75,65.04,42.09
78,-101.17,65.49,41.34
29,-99.45,67.11,43.07
27,-99.25,66.87,43.07
71,-100.42,66.31,41.83
76,-100.61,65.98,41.59
62,-100.22,66.07,41.83
57,-100.42,66.31,42.14
51,-100.22,66.07,42.14
41,-99.72,66.69,42.6
59,-100.18,66.51,42.14
52,-99.98,66.27,42.14
44,-100.28,65.42,42
31,-99.8,65.81,42.61
103,-101.58,65.96,41.33
205,-102.01,66.44,40.51
32,-99.61,67.79,43.07
28,-99.57,68.23,43.06
56,-99.82,68.03,42.75
61,-100.02,68.27,42.76
25,-99.77,68.47,43.07
60,-100.26,68.07,42.76
55,-100.06,67.83,42.76
32,-99.85,67.59,43.07
45,-100.1,67.39,42.76
31,-99.65,67.35,43.07
42,-99.9,67.15,42.76
82,-100.5,67.87,42.45
104,-100.74,67.67,42.14
73,-100.3,67.63,42.45
92,-100.54,67.43,42.14
188,-101.51,66.83,41.1
185,-101.21,67.3,41.28
138,-101.03,67.03,41.51
113,-100.78,67.23,41.83
159,-101.23,67.27,41.51
129,-100.98,67.47,41.83
58,-100.34,67.19,42.45
74,-100.58,66.99,42.14
41,-100.34,67.19,42.76
53,-100.14,66.95,42.45
67,-100.38,66.75,42.14
39,-100.14,66.95,42.76
93,-100.82,66.79,41.83
103,-101.01,66.44,41.57
82,-100.62,66.55,41.83
70,-100.82,66.79,42.14
64,-100.62,66.55,42.14
248,-102.5,66.85,40.49
296,-102.93,67.42,40.45
200,-102.33,67.12,41.18
134,-100.67,68.93,42.46
68,-100.53,69.09,42.6
125,-100.87,69.12,42.46
54,-100.81,69.28,42.6
40,-100.51,69.13,42.67
64,-100.22,68.51,42.76
62,-100.43,68.73,42.75
37,-100.35,68.84,42.85
64,-100.46,68.31,42.76
61,-100.66,68.55,42.76
127,-100.86,68.79,42.45
118,-101.06,69.04,42.45
95,-100.9,68.35,42.45
90,-100.7,68.11,42.45
117,-100.94,67.91,42.14
232,-101.39,67.95,41.52
202,-101.14,68.15,41.83
335,-101.35,68.39,41.52
307,-101.1,68.59,41.83
392,-101.55,68.63,41.52
346,-101.3,68.83,41.83
129,-101.14,68.15,42.14
183,-101.1,68.59,42.14
188,-101.3,68.83,42.14
148,-101.18,67.71,41.83
217,-101.42,67.53,41.27
184,-101.43,67.51,41.52
257,-101.91,67.31,41.04
359,-102.35,67.8,40.42
374,-102.06,68.19,40.84
395,-102,68.36,41.02
398,-101.79,68.42,41.2
255,-101.62,67.77,41.25
325,-101.84,67.98,40.84
334,-101.59,68.19,41.2
210,-101.63,67.75,41.52
280,-103.46,67.91,40.46
674,-102.44,69.11,40.74
578,-102.71,68.94,40.38
770,-102.87,69.17,40.74
410,-102.8,68.29,40.41
543,-102.45,68.71,40.79
431,-102.29,68.37,40.84
457,-102.19,68.54,41.03
540,-102.39,68.75,41.02
95,-101.36,69.62,42.4
102,-101.53,69.95,42.29
217,-101.51,69.45,42.14
750,-102.38,69.16,40.93
367,-101.5,69.07,41.83
474,-101.99,68.67,41.21
444,-101.75,68.87,41.52
559,-102.19,68.91,41.21
487,-101.95,69.11,41.52
179,-101.5,69.07,42.14
95,-101.26,69.26,42.46
415,-103.35,68.98,40.44
33,-101.62,65.12,42.18
35,-102.02,65.59,42.18
76,-102.49,66.05,41.44
83,-102.94,66.55,41.33
97,-103.66,67.55,40.99
45,-103.02,65.66,41.48
65,-104.23,65.26,40.65
34,-103.81,67.17,41.23
40,-103.53,66.15,41.36
86,-103.42,67.03,41.15
97,-104.22,66.68,40.61
40,-104.94,65.33,41.01
843,-103.04,69.5,40.74
879,-102.59,69.4,40.91
920,-102.58,69.5,40.72
810,-103.1,69.65,40.45
366,-101.7,69.31,41.83
450,-101.72,69.64,41.83
224,-101.66,69.79,42.1
542,-101.67,69.79,41.81
246,-101.81,70.14,42.04
670,-101.81,70.14,41.78
35,-101.76,70.12,42.39
2341,-103.03,71.03,40.46
56,-103.22,71.17,40.5
801,-102.15,69.35,41.21
709,-101.91,69.56,41.52
1140,-101.91,69.56,41.21
1016,-101.93,69.97,41.51
1772,-101.93,69.98,41.19
1990,-102.2,70.41,41.33
1090,-102.35,69.59,40.89
1129,-102.34,69.62,40.67
1727,-102.1,69.81,40.63
1593,-102.11,69.79,40.89
1605,-102.52,70.08,40.37
3431,-102.66,70.76,40.65
2569,-102.29,70.28,40.73
1808,-103.12,70.95,40.28
46,-101.14,65.51,42.06
28,-100.28,65.41,42.61
56,-100.68,65.9,42
37,-100.2,66.29,42.61
54,-101.54,65.99,42.06
130,-101.99,66.44,41.31
26,-100.03,68.06,43.22
50,-100.5,67.87,42.76
49,-100.3,67.63,42.76
43,-100.74,67.67,42.76
43,-100.54,67.43,42.76
68,-100.74,67.67,42.45
91,-100.98,67.47,42.14
64,-100.54,67.43,42.45
83,-100.78,67.23,42.14
105,-101.02,67.03,41.83
139,-101.42,66.92,41.55
118,-101.22,67.27,41.83
77,-101.02,67.03,42.14
84,-101.22,67.27,42.14
70,-101.09,66.37,41.99
43,-100.6,66.77,42.61
153,-102.45,66.84,41.27
126,-102.31,67.18,41.63
209,-102.83,67.41,41.11
52,-100.66,68.94,42.74
26,-100.57,69.05,42.84
38,-100.87,69.15,42.73
54,-100.86,68.79,42.76
39,-101.05,69.04,42.76
52,-100.7,68.11,42.76
48,-100.9,68.35,42.76
94,-101.1,68.59,42.45
84,-101.3,68.83,42.45
39,-101.14,68.15,42.77
42,-100.94,67.91,42.76
73,-101.14,68.15,42.45
72,-100.94,67.91,42.45
101,-101.18,67.71,42.14
112,-101.38,67.95,42.14
168,-101.38,67.95,41.83
270,-101.59,68.19,41.52
312,-101.79,68.43,41.52
231,-101.34,68.39,41.83
251,-101.54,68.63,41.83
136,-101.34,68.39,42.14
134,-101.54,68.63,42.14
134,-101.42,67.51,41.83
150,-101.62,67.75,41.83
91,-101.42,67.51,42.15
100,-101.62,67.75,42.15
190,-101.85,67.39,41.51
343,-102.32,67.8,40.99
300,-101.82,68,41.23
241,-101.83,67.99,41.52
351,-102.02,68.24,41.22
277,-102.03,68.23,41.52
231,-103.78,68.39,40.51
29,-103.83,67.6,41.21
223,-103.27,67.9,40.97
648,-102.6,68.99,40.99
666,-102.67,68.94,40.77
417,-103.28,68.69,40.44
749,-102.82,69.22,40.97
541,-103.2,68.99,40.79
432,-102.74,68.28,40.92
415,-102.22,68.47,41.22
492,-102.43,68.72,41.22
61,-101.49,69.47,42.47
56,-101.63,69.81,42.39
155,-101.7,69.31,42.14
173,-101.71,69.64,42.14
61,-101.84,70.17,42.25
528,-102.15,69.35,41.52
652,-102.39,69.15,41.21
319,-102.23,68.47,41.52
369,-102.43,68.71,41.53
264,-101.74,68.87,41.83
358,-101.99,68.67,41.52
266,-101.94,69.11,41.83
407,-102.19,68.91,41.52
127,-101.74,68.87,42.14
67,-101.5,69.07,42.45
117,-101.94,69.11,42.15
274,-103.62,69.28,40.59
422,-103.42,69.19,40.85
44,-103.94,69.19,40.79
34,-102.43,66.08,42.15
31,-102.86,66.56,42.08
58,-103.48,67.54,41.51
26,-103.85,67.07,41.29
32,-103.8,65.23,41.47
51,-103.3,67.11,41.62
38,-103.8,66.62,41.23
730,-102.59,69.39,41.21
915,-102.98,69.68,40.92
434,-103.49,70.11,40.54
110,-103.62,70.58,40.47
349,-101.9,69.56,41.83
158,-101.92,69.98,42.1
473,-101.93,69.97,41.81
413,-102.2,70.41,41.91
27,-102.18,70.41,42.34
1976,-103.09,70.99,40.52
54,-103.3,71.15,40.55
2868,-103.01,71.02,40.87
524,-103.2,71.16,40.87
584,-102.35,69.59,41.52
882,-102.35,69.59,41.21
723,-102.11,69.78,41.52
1184,-102.11,69.78,41.21
1305,-102.32,70.25,41.35
2039,-102.68,70.75,41.34
1824,-102.95,70.49,40.35
1552,-102.54,70.02,40.81
2670,-102.77,70.66,40.73
579,-103.33,70.79,40.35
1379,-103.18,70.92,40.56
34,-103.37,71.1,40.57
27,-101.16,65.49,42.62
33,-100.68,65.89,42.61
60,-101.95,66.47,42.04
29,-101.56,65.97,42.62
37,-101.08,66.37,42.62
86,-101.49,66.85,41.98
47,-101,67.25,42.61
117,-102.8,67.47,41.6
64,-102.36,66.94,42.01
43,-101.1,68.59,42.76
32,-101.3,68.83,42.77
35,-101.34,68.39,42.77
29,-101.54,68.63,42.77
70,-101.34,68.39,42.45
62,-101.54,68.63,42.46
49,-101.4,67.73,42.61
242,-102.26,67.85,41.49
103,-101.89,67.32,41.98
153,-101.8,68.21,41.99
218,-103.55,68.36,40.89
37,-103.84,68.32,41.16
114,-103.21,67.91,41.49
566,-102.63,68.95,41.21
530,-103.12,69.05,41
607,-102.83,69.18,41.21
479,-103.13,68.68,40.85
290,-102.68,68.32,41.44
50,-101.7,69.31,42.45
33,-101.71,69.68,42.48
32,-101.94,70.03,42.34
128,-101.9,69.56,42.14
272,-102.14,69.35,41.83
470,-102.39,69.15,41.52
533,-102.59,69.39,41.53
412,-102.63,68.95,41.53
117,-102.14,69.35,42.15
437,-102.83,69.19,41.53
54,-101.74,68.87,42.46
176,-102.2,68.69,41.99
47,-101.94,69.11,42.46
25,-101.74,68.87,42.77
29,-103.96,68.87,41.27
99,-103.8,69.76,40.74
72,-103.78,69.16,41.06
429,-103.37,69.34,40.99
27,-103.25,67.02,42.02
545,-103.01,69.65,41.37
653,-103.37,70.17,40.9
196,-103.55,70.62,40.69
114,-102.1,69.79,42.15
128,-102.34,69.59,42.15
288,-102.34,69.59,41.83
329,-102.11,69.78,41.83
257,-102.32,70.25,41.96
504,-102.69,70.75,41.91
25,-102.67,70.75,42.35
1908,-103.11,70.97,40.9
234,-103.3,71.14,40.9
724,-103.09,71.06,41.36
951,-102.57,69.99,41.36
1461,-102.82,70.62,41.37
1815,-103.01,70.49,40.78
632,-103.35,70.8,40.61
1335,-103.18,70.91,40.85
120,-103.37,71.1,40.85
29,-101.96,66.45,42.62
41,-101.48,66.85,42.62
28,-102.36,66.93,42.62
61,-102.77,67.42,42.01
43,-101.88,67.33,42.62
115,-102.28,67.81,42
50,-101.8,68.21,42.62
106,-103.5,68.4,41.42
51,-103.18,67.89,42
118,-102.68,68.29,42
285,-103.09,68.78,41.37
50,-102.2,68.69,42.62
29,-102.11,69.58,42.61
193,-102.6,69.17,41.99
64,-103.79,68.92,41.51
206,-103.62,69.76,41.01
191,-103.48,69.25,41.37
173,-103,69.65,42
318,-103.41,70.13,41.37
156,-103.59,70.59,40.91
51,-103.78,70.42,40.96
238,-102.56,69.99,41.99
321,-102.83,70.62,41.96
181,-103.1,71.06,41.9
29,-102.53,70.02,42.62
948,-103.03,70.43,41.36
583,-103.34,70.8,40.91
381,-103.25,70.99,41.39
49,-103.55,71.02,40.91
25,-102.76,67.41,42.63
44,-102.28,67.81,42.62
35,-103.56,68.37,42.01
42,-102.68,68.29,42.62
105,-103.08,68.77,42
47,-102.6,69.17,42.62
72,-103.48,69.25,42
72,-103.86,69.75,41.42
40,-103,69.65,42.62
104,-103.4,70.13,42
56,-103.81,70.61,41.38
226,-103.02,70.42,42
90,-103.28,70.98,41.96
176,-103.46,70.89,41.35
35,-103.08,68.77,42.63
32,-103.88,69.73,42
51,-103.47,70.87,42
