ppm HF Concentration mole,X (m),Y (m),Z (m)
2,14.29,84.12,50.4
2,13.99,80.35,50.34
2,14.3,83.58,51.15
2,12.37,82.28,50.39
2,13.87,80.7,50.89
2,14.27,82.95,51.78
2,12.36,82.21,51.1
2,10.47,80.38,50.39
2,10.47,79.26,50.77
2,7,80.71,50.41
2,7.28,79.29,50.72
2,5.21,79.29,50.72
2,5.26,79.65,50.41
2,12.39,81.87,51.84
2,10.46,80.82,51.11
2,10.49,79.98,51.46
2,10.58,81.06,51.9
12318,74.85,65.87,40.85
12516,74.86,65.87,40.85
11372,74.85,65.87,40.89
8281,74.86,65.87,40.86
16253,74.85,65.87,40.85
8523,74.85,65.87,40.85
2202,74.85,65.87,40.85
7210,74.85,65.87,40.85
2839,74.85,65.87,40.85
5452,74.85,65.87,40.85
874337,74.85,65.87,40.85
7153,74.85,65.87,40.85
2045,74.85,65.87,40.85
2381,74.85,65.87,40.85
4160,74.84,65.87,40.85
697,74.85,65.87,40.85
1054,74.84,65.87,40.85
6417,74.84,65.87,40.85
7570,74.84,65.87,40.85
8431,74.84,65.87,40.85
7035,74.84,65.87,40.85
1859,74.84,65.87,40.85
11940,74.86,65.87,40.86
4036,74.86,65.87,40.86
1000000,74.86,65.87,40.86
6783,74.86,65.87,40.86
1000000,74.86,65.87,40.86
1335,74.86,65.87,40.85
5532,74.85,65.87,40.85
3254,74.86,65.87,40.85
723746,74.86,65.87,40.85
106369,74.86,65.87,40.85
1995,74.85,65.87,40.85
690,74.85,65.87,40.85
5735,74.85,65.87,40.85
2661,74.85,65.87,40.85
5511,74.85,65.87,40.85
996953,74.85,65.87,40.85
9275,74.86,65.87,40.88
7993,74.86,65.87,40.88
5603,74.85,65.87,40.88
1940,74.85,65.87,40.88
2467,74.85,65.87,40.88
3934,74.85,65.87,40.88
6398,74.85,65.87,40.88
949,74.85,65.87,40.88
8452,74.85,65.87,40.89
1980,74.85,65.87,40.89
1169,74.85,65.87,40.88
2767,74.85,65.87,40.88
6308,74.85,65.87,40.89
573,74.85,65.87,40.89
1932,74.85,65.87,40.89
3259,74.85,65.87,40.89
5694,74.84,65.87,40.89
1176,74.85,65.87,40.89
2064,74.84,65.87,40.89
2886,74.84,65.87,40.89
3363,74.84,65.87,40.89
7653,74.84,65.87,40.89
7961,74.84,65.87,40.89
7960,74.84,65.87,40.89
3527,74.84,65.87,40.89
5644,74.85,65.87,40.89
920772,74.85,65.87,40.89
8670,74.85,65.87,40.89
997266,74.85,65.87,40.88
1744,74.86,65.87,40.88
7851,74.86,65.87,40.88
5567,74.86,65.87,40.86
978,74.86,65.87,40.87
815,74.86,65.87,40.87
997,74.86,65.87,40.87
739,74.86,65.87,40.87
9889,74.86,65.87,40.86
10173,74.86,65.87,40.86
1323,74.86,65.87,40.86
1294,74.86,65.87,40.86
11372,74.86,65.87,40.87
9599,74.86,65.87,40.87
5473,74.86,65.87,40.88
4729,74.86,65.87,40.88
1000000,74.86,65.87,40.88
997463,74.86,65.87,40.88
616649,74.86,65.87,40.86
2806,74.86,65.87,40.86
1588,74.86,65.87,40.86
821,74.86,65.87,40.85
6281,74.85,65.87,40.85
967193,74.85,65.87,40.85
442,74.85,65.87,40.85
697691,74.85,65.87,40.85
3044,74.85,65.87,40.85
1408,74.85,65.87,40.85
41333,74.85,65.87,40.85
2643,74.85,65.87,40.85
426492,74.85,65.87,40.85
81,74.85,65.87,40.85
68495,74.85,65.87,40.85
438,74.85,65.87,40.85
1225,74.85,65.87,40.85
748,74.85,65.87,40.85
300,74.85,65.87,40.85
60,74.85,65.87,40.84
100,74.85,65.87,40.84
124,74.84,65.87,40.84
179,74.84,65.87,40.84
349,74.84,65.87,40.84
539,74.84,65.87,40.84
584128,74.85,65.87,40.85
868314,74.85,65.87,40.85
980764,74.84,65.87,40.85
7921,74.83,65.87,40.85
989458,74.84,65.87,40.85
991493,74.84,65.87,40.85
994662,74.84,65.87,40.85
996202,74.84,65.87,40.85
7200,74.83,65.87,40.85
6278,74.83,65.87,40.85
8878,74.83,65.87,40.85
2408,74.83,65.87,40.85
883,74.85,65.87,40.85
69510,74.85,65.87,40.85
1541,74.85,65.87,40.85
235,74.85,65.87,40.85
405,74.85,65.87,40.85
89691,74.85,65.87,40.85
2186,74.84,65.87,40.85
230198,74.84,65.87,40.85
3176,74.84,65.87,40.85
16512,74.85,65.87,40.85
517,74.84,65.87,40.85
23972,74.84,65.87,40.85
969,74.84,65.87,40.85
516981,74.84,65.87,40.85
4638,74.84,65.87,40.85
715065,74.84,65.87,40.85
4794,74.84,65.87,40.85
614944,74.84,65.87,40.85
3030,74.84,65.87,40.85
105013,74.84,65.87,40.85
2133,74.84,65.87,40.85
2616,74.83,65.87,40.85
38624,74.84,65.87,40.85
1736,74.84,65.87,40.85
1880,74.84,65.87,40.85
1283,74.84,65.87,40.85
1060,74.84,65.87,40.85
4085,74.86,65.87,40.86
991861,74.86,65.87,40.86
998478,74.86,65.87,40.86
5138,74.86,65.87,40.86
999591,74.86,65.87,40.86
998562,74.86,65.87,40.86
655879,74.86,65.87,40.86
987487,74.85,65.87,40.86
908166,74.86,65.87,40.86
992231,74.85,65.87,40.86
995610,74.85,65.87,40.86
997490,74.85,65.87,40.86
996537,74.85,65.87,40.86
997838,74.85,65.87,40.86
1260,74.86,65.87,40.85
464,74.86,65.87,40.85
214,74.86,65.87,40.85
59,74.86,65.87,40.85
46719,74.86,65.87,40.85
2288,74.86,65.87,40.85
504888,74.85,65.87,40.85
158622,74.86,65.87,40.85
923111,74.85,65.87,40.85
993399,74.85,65.87,40.85
996835,74.85,65.87,40.85
982430,74.85,65.87,40.85
995496,74.85,65.87,40.85
825,74.86,65.87,40.85
69787,74.85,65.87,40.85
3470,74.85,65.87,40.85
315,74.86,65.87,40.85
37649,74.85,65.87,40.85
1339,74.85,65.87,40.85
738334,74.85,65.87,40.85
988697,74.85,65.87,40.85
80238,74.85,65.87,40.85
3420,74.85,65.87,40.85
770005,74.85,65.87,40.85
997608,74.85,65.87,40.85
998573,74.85,65.87,40.85
998117,74.85,65.87,40.85
998766,74.85,65.87,40.85
999232,74.85,65.87,40.85
999136,74.85,65.87,40.85
996790,74.85,65.87,40.85
998129,74.85,65.87,40.85
992196,74.85,65.87,40.85
998966,74.85,65.87,40.85
975130,74.85,65.87,40.85
998945,74.85,65.87,40.85
998541,74.85,65.87,40.85
989673,74.85,65.87,40.85
995391,74.84,65.87,40.85
9751,74.83,65.87,40.85
996692,74.84,65.87,40.85
997442,74.84,65.87,40.85
997938,74.84,65.87,40.85
998356,74.84,65.87,40.85
7551,74.83,65.87,40.85
998682,74.85,65.87,40.86
999032,74.85,65.87,40.86
998620,74.85,65.87,40.86
999005,74.85,65.87,40.86
999358,74.85,65.87,40.86
999347,74.85,65.87,40.86
998365,74.85,65.87,40.86
998888,74.85,65.87,40.86
998522,74.85,65.87,40.86
998960,74.85,65.87,40.86
999326,74.85,65.87,40.86
999291,74.85,65.87,40.86
7095,74.83,65.87,40.85
1042,74.83,65.87,40.85
540,74.86,65.87,40.88
1567,74.86,65.87,40.88
812503,74.86,65.87,40.88
4121,74.86,65.87,40.88
49,74.85,65.87,40.89
107,74.85,65.87,40.89
282,74.84,65.87,40.89
520,74.84,65.87,40.89
590,74.84,65.87,40.89
579,74.84,65.87,40.89
933982,74.85,65.87,40.88
2208,74.86,65.87,40.88
457818,74.85,65.87,40.88
985381,74.85,65.87,40.88
995556,74.85,65.87,40.88
994030,74.85,65.87,40.88
996751,74.85,65.87,40.88
687,74.86,65.87,40.88
63572,74.85,65.87,40.88
3338,74.85,65.87,40.88
1096,74.85,65.87,40.88
74387,74.85,65.87,40.88
3510,74.85,65.87,40.88
777638,74.85,65.87,40.88
771066,74.85,65.87,40.88
990195,74.85,65.87,40.88
881,74.85,65.87,40.89
415,74.85,65.87,40.89
86,74.85,65.87,40.89
33750,74.85,65.87,40.88
236,74.86,65.87,40.88
3122,74.85,65.87,40.89
436645,74.85,65.87,40.89
82,74.85,65.87,40.89
41285,74.85,65.87,40.89
433,74.85,65.87,40.89
1352,74.85,65.87,40.89
8582,74.85,65.87,40.89
964756,74.85,65.87,40.88
364,74.85,65.87,40.88
33971,74.85,65.87,40.88
1223,74.85,65.87,40.89
44071,74.85,65.87,40.88
675067,74.85,65.87,40.88
3091,74.85,65.87,40.89
233,74.85,65.87,40.89
14693,74.85,65.87,40.89
452,74.85,65.87,40.89
781,74.85,65.87,40.89
70460,74.85,65.87,40.89
1670,74.85,65.87,40.89
138396,74.85,65.87,40.89
2949,74.84,65.87,40.89
456690,74.84,65.87,40.89
4069,74.84,65.87,40.89
26334,74.85,65.87,40.89
984,74.84,65.87,40.89
44687,74.84,65.87,40.89
1679,74.84,65.87,40.89
61313,74.84,65.87,40.89
1983,74.84,65.87,40.89
66031,74.84,65.87,40.89
2029,74.84,65.87,40.89
1533,74.84,65.87,40.89
1218,74.84,65.87,40.89
679988,74.84,65.87,40.89
4778,74.84,65.87,40.89
727006,74.84,65.87,40.89
5274,74.84,65.87,40.89
756160,74.84,65.87,40.89
4271,74.84,65.87,40.89
513539,74.84,65.87,40.89
5350,74.84,65.87,40.89
2322,74.83,65.87,40.89
1371,74.83,65.87,40.89
613322,74.85,65.87,40.89
909604,74.85,65.87,40.89
982584,74.84,65.87,40.89
6700,74.83,65.87,40.89
988777,74.84,65.87,40.89
991661,74.84,65.87,40.89
993084,74.84,65.87,40.89
998916,74.84,65.87,40.89
7658,74.83,65.87,40.89
7316,74.83,65.87,40.89
5804,74.83,65.87,40.89
2339,74.83,65.87,40.89
997913,74.85,65.87,40.88
998617,74.85,65.87,40.88
997362,74.85,65.87,40.88
998409,74.85,65.87,40.88
999144,74.85,65.87,40.88
999040,74.85,65.87,40.88
996305,74.85,65.87,40.88
997874,74.85,65.87,40.88
981281,74.85,65.87,40.88
970474,74.85,65.87,40.89
997084,74.85,65.87,40.88
998844,74.85,65.87,40.88
990912,74.85,65.87,40.88
998438,74.85,65.87,40.88
995420,74.84,65.87,40.88
14461,74.83,65.87,40.89
996646,74.84,65.87,40.88
997370,74.84,65.87,40.88
998002,74.84,65.87,40.88
998095,74.84,65.87,40.89
7427,74.83,65.87,40.88
6709,74.83,65.87,40.88
25549,74.86,65.87,40.88
939,74.86,65.87,40.88
707210,74.86,65.87,40.88
2608,74.86,65.87,40.88
920,74.86,65.87,40.87
918,74.86,65.87,40.87
225,74.86,65.87,40.86
650,74.86,65.87,40.86
244793,74.86,65.87,40.86
1732,74.86,65.87,40.86
1256,74.86,65.87,40.86
732,74.86,65.87,40.86
1035,74.86,65.87,40.86
654,74.86,65.87,40.87
695,74.86,65.87,40.87
9721,74.86,65.87,40.87
11421,74.86,65.87,40.87
1000000,74.86,65.87,40.87
997952,74.86,65.87,40.87
999001,74.86,65.87,40.87
1000000,74.86,65.87,40.87
997887,74.86,65.87,40.87
998988,74.86,65.87,40.87
732,74.86,65.87,40.87
679,74.86,65.87,40.87
11899,74.86,65.87,40.87
10446,74.86,65.87,40.87
1000000,74.86,65.87,40.87
997911,74.86,65.87,40.87
998996,74.86,65.87,40.87
1000000,74.86,65.87,40.87
997956,74.86,65.87,40.87
999004,74.86,65.87,40.87
998711,74.85,65.87,40.87
999013,74.85,65.87,40.87
998719,74.85,65.87,40.87
999019,74.85,65.87,40.87
999332,74.85,65.87,40.87
999336,74.85,65.87,40.87
998736,74.85,65.87,40.87
999034,74.85,65.87,40.87
998728,74.85,65.87,40.87
999026,74.85,65.87,40.87
999347,74.85,65.87,40.87
999341,74.85,65.87,40.87
3453,74.86,65.87,40.86
898297,74.86,65.87,40.86
997135,74.86,65.87,40.86
998886,74.86,65.87,40.86
2911,74.86,65.87,40.86
693257,74.86,65.87,40.86
996631,74.86,65.87,40.86
998796,74.86,65.87,40.86
765,74.86,65.87,40.86
900,74.86,65.87,40.86
12661,74.86,65.87,40.86
11974,74.86,65.87,40.86
2839,74.86,65.87,40.86
985704,74.86,65.87,40.86
997462,74.86,65.87,40.86
998934,74.86,65.87,40.86
997784,74.86,65.87,40.86
997725,74.86,65.87,40.86
998965,74.86,65.87,40.86
998737,74.85,65.87,40.86
999049,74.85,65.87,40.86
998718,74.85,65.87,40.86
999044,74.85,65.87,40.86
999360,74.85,65.87,40.86
999361,74.85,65.87,40.86
998740,74.85,65.87,40.86
999040,74.85,65.87,40.86
998742,74.85,65.87,40.86
999046,74.85,65.87,40.86
999356,74.85,65.87,40.86
999351,74.85,65.87,40.86
998869,74.86,65.87,40.87
2827,74.86,65.87,40.87
909172,74.86,65.87,40.87
997157,74.86,65.87,40.87
998773,74.86,65.87,40.87
1939,74.86,65.87,40.87
717162,74.86,65.87,40.87
996644,74.86,65.87,40.87
999207,74.86,65.87,40.87
997774,74.86,65.87,40.87
998971,74.86,65.87,40.87
3637,74.86,65.87,40.87
987487,74.86,65.87,40.87
997526,74.86,65.87,40.87
998932,74.86,65.87,40.87
998620,74.85,65.87,40.87
998964,74.85,65.87,40.87
998658,74.85,65.87,40.87
998982,74.85,65.87,40.87
999308,74.85,65.87,40.87
999316,74.85,65.87,40.87
998682,74.85,65.87,40.87
998995,74.85,65.87,40.87
998698,74.85,65.87,40.87
999004,74.85,65.87,40.87
999322,74.85,65.87,40.87
999327,74.85,65.87,40.87
689,74.86,65.87,40.88
3146,74.86,65.87,40.88
987682,74.86,65.87,40.88
998181,74.86,65.87,40.88
896,74.86,65.87,40.88
353589,74.86,65.87,40.87
5802,74.86,65.87,40.88
997411,74.86,65.87,40.88
998555,74.86,65.87,40.88
690680,74.86,65.87,40.88
988838,74.85,65.87,40.88
942560,74.86,65.87,40.88
992310,74.85,65.87,40.88
996428,74.85,65.87,40.88
997678,74.85,65.87,40.88
995598,74.85,65.87,40.88
997338,74.85,65.87,40.88
998484,74.85,65.87,40.88
998899,74.85,65.87,40.88
998564,74.85,65.87,40.88
998936,74.85,65.87,40.88
999278,74.85,65.87,40.88
999295,74.85,65.87,40.88
998191,74.85,65.87,40.88
998755,74.85,65.87,40.88
998367,74.85,65.87,40.88
998840,74.85,65.87,40.88
999209,74.85,65.87,40.88
999250,74.85,65.87,40.88
1057,74.86,65.87,40.86
136961,74.86,65.87,40.86
563,74.86,65.87,40.86
42038,74.86,65.87,40.86
158,74.86,65.87,40.85
31266,74.86,65.87,40.85
325,74.86,65.87,40.85
59,74.86,65.87,40.85
77,74.86,65.87,40.85
827138,74.85,65.87,40.85
142,74.85,65.87,40.85
21588,74.85,65.87,40.85
639,74.85,65.87,40.85
73011,74.85,65.87,40.85
323002,74.85,65.87,40.85
131820,74.85,65.87,40.85
50,74.85,65.87,40.85
2529,74.85,65.87,40.85
156,74.85,65.87,40.85
18445,74.85,65.87,40.85
55779,74.85,65.87,40.85
512,74.85,65.87,40.85
286,74.85,65.87,40.85
25026,74.85,65.87,40.85
28,74.85,65.87,40.85
117,74.85,65.87,40.85
10579,74.85,65.87,40.85
44,74.85,65.87,40.85
78,74.85,65.87,40.85
45,74.85,65.87,40.85
115,74.85,65.87,40.85
30,74.85,65.87,40.85
42,74.85,65.87,40.84
42,74.84,65.87,40.84
44,74.84,65.87,40.84
58,74.84,65.87,40.84
48,74.85,65.87,40.84
41,74.85,65.87,40.84
45,74.85,65.87,40.84
49,74.84,65.87,40.84
620,74.85,65.87,40.85
71,74.85,65.87,40.84
1328,74.85,65.87,40.85
90,74.84,65.87,40.84
1754,74.84,65.87,40.85
113,74.84,65.87,40.84
2765,74.84,65.87,40.85
176,74.84,65.87,40.84
8001,74.84,65.87,40.85
321,74.84,65.87,40.84
11836,74.84,65.87,40.85
388,74.84,65.87,40.84
418,74.84,65.87,40.84
483,74.83,65.87,40.84
55,74.84,65.87,40.84
77,74.84,65.87,40.84
132,74.84,65.87,40.84
202,74.84,65.87,40.84
417600,74.85,65.87,40.85
757699,74.85,65.87,40.85
902089,74.84,65.87,40.85
949140,74.84,65.87,40.85
505,74.83,65.87,40.85
3011,74.83,65.87,40.85
642690,74.83,65.87,40.85
5798,74.83,65.87,40.85
927,74.83,65.87,40.85
960564,74.84,65.87,40.85
969640,74.84,65.87,40.85
975480,74.84,65.87,40.85
917522,74.84,65.87,40.85
698560,74.83,65.87,40.85
4330,74.83,65.87,40.85
321387,74.83,65.87,40.85
59457,74.83,65.87,40.85
2509,74.83,65.87,40.85
57451,74.85,65.87,40.85
149010,74.85,65.87,40.85
9612,74.85,65.87,40.85
267,74.85,65.87,40.85
18668,74.85,65.87,40.85
199525,74.84,65.87,40.85
394712,74.84,65.87,40.85
23848,74.84,65.87,40.85
45648,74.84,65.87,40.85
407,74.83,65.87,40.85
512541,74.84,65.87,40.85
501251,74.84,65.87,40.85
308102,74.84,65.87,40.85
871,74.83,65.87,40.85
95139,74.84,65.87,40.85
2040,74.83,65.87,40.85
1696,74.83,65.87,40.85
59196,74.83,65.87,40.85
69392,74.84,65.87,40.85
1162,74.84,65.87,40.85
68467,74.84,65.87,40.85
1011,74.84,65.87,40.85
732,74.84,65.87,40.85
30553,74.84,65.87,40.85
18274,74.84,65.87,40.85
819,74.83,65.87,40.85
756,74.83,65.87,40.85
311540,74.86,65.87,40.86
998048,74.85,65.87,40.86
997055,74.85,65.87,40.86
994419,74.85,65.87,40.86
565510,74.86,65.87,40.86
591994,74.86,65.87,40.86
987544,74.86,65.87,40.86
998183,74.85,65.87,40.86
997356,74.85,65.87,40.86
995359,74.85,65.87,40.86
824821,74.86,65.87,40.86
991228,74.86,65.87,40.86
905874,74.86,65.87,40.86
981524,74.85,65.87,40.86
958313,74.86,65.87,40.86
986499,74.85,65.87,40.86
989958,74.85,65.87,40.86
993333,74.85,65.87,40.86
991667,74.85,65.87,40.86
994108,74.85,65.87,40.86
994891,74.85,65.87,40.86
994587,74.85,65.87,40.86
75768,74.86,65.87,40.85
20344,74.86,65.87,40.85
89,74.86,65.87,40.85
7391,74.86,65.87,40.85
43,74.86,65.87,40.85
1308,74.86,65.87,40.85
112,74.86,65.87,40.85
197099,74.86,65.87,40.85
833697,74.85,65.87,40.85
613035,74.86,65.87,40.85
961261,74.85,65.87,40.85
986586,74.85,65.87,40.85
991998,74.85,65.87,40.85
976477,74.85,65.87,40.85
989281,74.85,65.87,40.85
45275,74.86,65.87,40.85
353188,74.85,65.87,40.85
14559,74.86,65.87,40.85
68983,74.85,65.87,40.85
888017,74.85,65.87,40.85
981422,74.85,65.87,40.85
392761,74.85,65.87,40.85
893788,74.85,65.87,40.85
993934,74.85,65.87,40.85
995804,74.85,65.87,40.85
994953,74.85,65.87,40.85
996331,74.85,65.87,40.85
997267,74.85,65.87,40.85
997938,74.84,65.87,40.85
996922,74.85,65.87,40.85
997697,74.84,65.87,40.85
9144,74.83,65.87,40.85
6307,74.83,65.87,40.85
999391,74.83,65.87,40.85
997955,74.83,65.87,40.85
998304,74.84,65.87,40.85
998601,74.84,65.87,40.85
998880,74.84,65.87,40.85
999184,74.84,65.87,40.85
998120,74.84,65.87,40.85
998463,74.84,65.87,40.85
998770,74.84,65.87,40.85
999095,74.84,65.87,40.85
991996,74.85,65.87,40.85
994758,74.85,65.87,40.85
985977,74.85,65.87,40.85
893341,74.85,65.87,40.85
992786,74.85,65.87,40.85
959054,74.85,65.87,40.85
996317,74.85,65.87,40.85
997370,74.84,65.87,40.85
994947,74.85,65.87,40.85
980859,74.84,65.87,40.85
996481,74.84,65.87,40.85
987549,74.84,65.87,40.85
6639,74.83,65.87,40.85
1421,74.83,65.87,40.85
3502,74.83,65.87,40.85
937913,74.83,65.87,40.85
997250,74.84,65.87,40.85
990210,74.84,65.87,40.85
997807,74.84,65.87,40.85
992275,74.84,65.87,40.85
998216,74.84,65.87,40.85
993167,74.84,65.87,40.85
992231,74.84,65.87,40.85
998611,74.84,65.87,40.85
986262,74.83,65.87,40.85
997913,74.84,65.87,40.85
998317,74.84,65.87,40.85
998660,74.84,65.87,40.85
999010,74.84,65.87,40.85
989645,74.83,65.87,40.85
995435,74.83,65.87,40.85
5450,74.83,65.87,40.85
730293,74.83,65.87,40.85
982631,74.83,65.87,40.85
996258,74.85,65.87,40.86
997038,74.85,65.87,40.86
996118,74.85,65.87,40.86
996968,74.85,65.87,40.86
997702,74.85,65.87,40.86
998206,74.84,65.87,40.86
997664,74.85,65.87,40.86
998187,74.84,65.87,40.86
998484,74.84,65.87,40.86
998723,74.84,65.87,40.86
998475,74.84,65.87,40.86
998720,74.84,65.87,40.86
998595,74.83,65.87,40.86
998705,74.83,65.87,40.86
998971,74.84,65.87,40.86
999264,74.84,65.87,40.86
998970,74.84,65.87,40.86
999261,74.84,65.87,40.86
6902,74.82,65.87,40.86
995533,74.85,65.87,40.86
996653,74.85,65.87,40.86
995892,74.85,65.87,40.86
996848,74.85,65.87,40.86
997592,74.85,65.87,40.86
998145,74.84,65.87,40.86
997469,74.85,65.87,40.86
998066,74.84,65.87,40.86
998448,74.84,65.87,40.86
998703,74.84,65.87,40.86
998393,74.84,65.87,40.86
998666,74.84,65.87,40.86
998043,74.83,65.87,40.86
998378,74.83,65.87,40.86
998958,74.84,65.87,40.86
999249,74.84,65.87,40.86
998929,74.84,65.87,40.86
999225,74.84,65.87,40.86
669781,74.83,65.87,40.85
2489,74.83,65.87,40.85
4817,74.82,65.87,40.86
10727,74.82,65.87,40.86
1093,74.83,65.87,40.85
2260,74.82,65.87,40.85
1466,74.82,65.87,40.86
4804,74.82,65.87,40.85
350,74.83,65.87,40.85
312,74.83,65.87,40.85
24378,74.83,65.87,40.85
492,74.83,65.87,40.85
36,74.86,65.87,40.88
20923,74.86,65.87,40.88
99,74.86,65.87,40.88
53831,74.86,65.87,40.88
256,74.86,65.87,40.88
772,74.86,65.87,40.88
226301,74.86,65.87,40.88
558,74.86,65.87,40.88
16,74.85,65.87,40.89
6,74.85,65.87,40.89
7,74.85,65.87,40.89
19,74.85,65.87,40.89
13,74.85,65.87,40.89
26,74.84,65.87,40.89
1063,74.85,65.87,40.89
48,74.85,65.87,40.89
2638,74.85,65.87,40.89
100,74.84,65.87,40.89
55,74.84,65.87,40.89
67,74.84,65.87,40.89
57,74.84,65.87,40.89
40,74.84,65.87,40.89
18,74.84,65.87,40.89
8654,74.84,65.87,40.89
196,74.84,65.87,40.89
15933,74.84,65.87,40.89
248,74.84,65.87,40.89
17430,74.84,65.87,40.89
292,74.84,65.87,40.89
17817,74.84,65.87,40.89
277,74.84,65.87,40.89
174,74.84,65.87,40.89
60,74.83,65.87,40.89
7,74.84,65.87,40.89
9,74.84,65.87,40.89
12,74.84,65.87,40.89
671612,74.86,65.87,40.88
964234,74.85,65.87,40.88
212003,74.86,65.87,40.88
840237,74.85,65.87,40.88
979470,74.85,65.87,40.88
988787,74.85,65.87,40.88
987005,74.85,65.87,40.88
991448,74.85,65.87,40.88
40300,74.86,65.87,40.88
402553,74.85,65.87,40.88
62616,74.85,65.87,40.88
437642,74.85,65.87,40.88
906421,74.85,65.87,40.88
906637,74.85,65.87,40.88
981896,74.85,65.87,40.88
74,74.85,65.87,40.89
22,74.85,65.87,40.89
7,74.85,65.87,40.89
283,74.85,65.87,40.89
25746,74.85,65.87,40.89
9,74.85,65.87,40.89
13899,74.85,65.87,40.89
104,74.85,65.87,40.89
18,74.85,65.87,40.89
1764,74.85,65.87,40.89
72,74.86,65.87,40.88
56,74.86,65.87,40.88
12629,74.86,65.87,40.88
248065,74.85,65.87,40.89
21,74.85,65.87,40.89
1968,74.85,65.87,40.89
90,74.85,65.87,40.89
17111,74.85,65.87,40.89
60859,74.85,65.87,40.89
437,74.85,65.87,40.89
867342,74.85,65.87,40.89
94,74.85,65.87,40.89
17370,74.85,65.87,40.88
61186,74.85,65.87,40.88
348252,74.85,65.87,40.89
97,74.85,65.87,40.89
11426,74.85,65.87,40.89
22176,74.85,65.87,40.89
65346,74.85,65.87,40.89
165476,74.85,65.87,40.89
325995,74.84,65.87,40.89
533219,74.84,65.87,40.89
45779,74.84,65.87,40.89
79238,74.84,65.87,40.89
93075,74.84,65.87,40.89
865,74.84,65.87,40.89
83498,74.84,65.87,40.89
1115,74.84,65.87,40.89
51193,74.84,65.87,40.89
730,74.84,65.87,40.89
26891,74.84,65.87,40.89
478,74.83,65.87,40.89
286,74.83,65.87,40.89
68,74.83,65.87,40.89
618951,74.84,65.87,40.89
607358,74.84,65.87,40.89
472193,74.84,65.87,40.89
302805,74.84,65.87,40.89
1961,74.83,65.87,40.89
76205,74.83,65.87,40.89
1345,74.83,65.87,40.89
47964,74.83,65.87,40.89
575,74.83,65.87,40.89
504798,74.85,65.87,40.89
795372,74.85,65.87,40.89
916639,74.84,65.87,40.89
950824,74.84,65.87,40.89
3073,74.83,65.87,40.89
601839,74.83,65.87,40.88
684,74.83,65.87,40.89
962580,74.84,65.87,40.89
970988,74.84,65.87,40.89
971731,74.84,65.87,40.89
955585,74.84,65.87,40.89
721943,74.83,65.87,40.89
4284,74.83,65.87,40.89
474306,74.83,65.87,40.89
68426,74.83,65.87,40.89
2737,74.83,65.87,40.89
994412,74.85,65.87,40.88
995918,74.85,65.87,40.88
993302,74.85,65.87,40.88
995359,74.85,65.87,40.88
996983,74.85,65.87,40.88
997758,74.84,65.87,40.88
996633,74.85,65.87,40.88
997525,74.84,65.87,40.88
998017,74.84,65.87,40.88
998409,74.84,65.87,40.88
998754,74.84,65.87,40.88
999106,74.84,65.87,40.88
998185,74.84,65.87,40.88
998529,74.84,65.87,40.88
998845,74.84,65.87,40.88
999177,74.84,65.87,40.88
991026,74.85,65.87,40.88
994275,74.85,65.87,40.88
919117,74.85,65.87,40.88
982464,74.85,65.87,40.88
963057,74.85,65.87,40.88
991844,74.85,65.87,40.88
996063,74.85,65.87,40.88
997215,74.84,65.87,40.88
981890,74.84,65.87,40.88
994814,74.85,65.87,40.88
987603,74.84,65.87,40.88
996420,74.84,65.87,40.88
3523,74.83,65.87,40.88
6518,74.83,65.87,40.88
997814,74.84,65.87,40.88
998264,74.84,65.87,40.88
998649,74.84,65.87,40.88
999026,74.84,65.87,40.88
936943,74.83,65.87,40.88
997235,74.84,65.87,40.88
990075,74.84,65.87,40.88
997816,74.84,65.87,40.88
992293,74.84,65.87,40.88
998282,74.84,65.87,40.88
993627,74.84,65.87,40.89
992749,74.84,65.87,40.89
998712,74.84,65.87,40.88
983934,74.83,65.87,40.88
989962,74.83,65.87,40.88
995796,74.83,65.87,40.88
794010,74.83,65.87,40.88
5596,74.83,65.87,40.88
986679,74.83,65.87,40.88
996179,74.83,65.87,40.88
8843,74.83,65.87,40.88
982245,74.83,65.87,40.88
6576,74.83,65.87,40.88
71,74.83,65.87,40.89
234,74.83,65.87,40.89
1501,74.83,65.87,40.89
988,74.83,65.87,40.88
713,74.83,65.87,40.88
714435,74.83,65.87,40.88
2243,74.83,65.87,40.88
3672,74.82,65.87,40.88
1600,74.82,65.87,40.88
236,74.86,65.87,40.88
36079,74.86,65.87,40.88
759,74.86,65.87,40.88
170887,74.86,65.87,40.88
63,74.86,65.87,40.88
196,74.86,65.87,40.88
109,74.86,65.87,40.88
103,74.86,65.87,40.88
256,74.86,65.87,40.88
131,74.86,65.87,40.87
343,74.86,65.87,40.87
12816,74.86,65.87,40.87
697,74.86,65.87,40.87
12444,74.86,65.87,40.87
575,74.86,65.87,40.87
76,74.86,65.87,40.85
18679,74.86,65.87,40.86
6322,74.86,65.87,40.86
152,74.86,65.87,40.86
241,74.86,65.87,40.86
401,74.86,65.87,40.86
677,74.86,65.87,40.86
54239,74.86,65.87,40.86
413,74.86,65.87,40.86
33564,74.86,65.87,40.86
20651,74.86,65.87,40.86
205,74.86,65.87,40.86
33819,74.86,65.87,40.86
239,74.86,65.87,40.86
248,74.86,65.87,40.87
27792,74.86,65.87,40.87
259,74.86,65.87,40.87
29596,74.86,65.87,40.87
695218,74.86,65.87,40.87
660237,74.86,65.87,40.87
991583,74.86,65.87,40.87
994435,74.86,65.87,40.87
996417,74.85,65.87,40.87
997725,74.85,65.87,40.87
998343,74.85,65.87,40.87
991055,74.86,65.87,40.87
994346,74.86,65.87,40.87
996388,74.85,65.87,40.87
997722,74.85,65.87,40.87
998347,74.85,65.87,40.87
207,74.86,65.87,40.87
29881,74.86,65.87,40.87
235,74.86,65.87,40.87
27976,74.86,65.87,40.87
662069,74.86,65.87,40.87
694465,74.86,65.87,40.87
991321,74.86,65.87,40.87
994411,74.86,65.87,40.87
996396,74.85,65.87,40.87
997704,74.85,65.87,40.87
998322,74.85,65.87,40.87
991643,74.86,65.87,40.87
994460,74.86,65.87,40.87
996422,74.85,65.87,40.87
997717,74.85,65.87,40.87
998333,74.85,65.87,40.87
995151,74.85,65.87,40.87
995185,74.85,65.87,40.87
995236,74.85,65.87,40.87
995215,74.85,65.87,40.87
996276,74.85,65.87,40.87
996962,74.85,65.87,40.87
996303,74.85,65.87,40.87
996983,74.85,65.87,40.87
997613,74.85,65.87,40.87
998119,74.84,65.87,40.87
997628,74.85,65.87,40.87
998129,74.84,65.87,40.87
996353,74.85,65.87,40.87
997028,74.85,65.87,40.87
996329,74.85,65.87,40.87
997005,74.85,65.87,40.87
997662,74.85,65.87,40.87
998153,74.84,65.87,40.87
997644,74.85,65.87,40.87
998139,74.84,65.87,40.87
998402,74.84,65.87,40.87
998646,74.84,65.87,40.87
998408,74.84,65.87,40.87
998649,74.84,65.87,40.87
998907,74.84,65.87,40.87
999224,74.84,65.87,40.87
998907,74.84,65.87,40.87
999223,74.84,65.87,40.87
998902,74.83,65.87,40.87
998901,74.83,65.87,40.87
998426,74.84,65.87,40.87
998665,74.84,65.87,40.87
998415,74.84,65.87,40.87
998655,74.84,65.87,40.87
998912,74.84,65.87,40.87
999226,74.84,65.87,40.87
998919,74.84,65.87,40.87
999231,74.84,65.87,40.87
998899,74.83,65.87,40.87
998895,74.83,65.87,40.87
86460,74.86,65.87,40.86
998317,74.85,65.87,40.86
370385,74.86,65.87,40.86
971892,74.86,65.87,40.86
993235,74.86,65.87,40.86
996146,74.85,65.87,40.86
997642,74.85,65.87,40.86
998268,74.85,65.87,40.86
198622,74.86,65.87,40.86
938811,74.86,65.87,40.86
992257,74.86,65.87,40.86
995881,74.85,65.87,40.86
997540,74.85,65.87,40.86
260,74.86,65.87,40.86
31936,74.86,65.87,40.86
254,74.86,65.87,40.86
156490,74.86,65.87,40.86
32871,74.86,65.87,40.86
593584,74.86,65.87,40.86
469670,74.86,65.87,40.86
986019,74.86,65.87,40.86
993837,74.86,65.87,40.86
996269,74.85,65.87,40.86
997694,74.85,65.87,40.86
998341,74.85,65.87,40.86
989565,74.86,65.87,40.86
994156,74.86,65.87,40.86
996337,74.85,65.87,40.86
997713,74.85,65.87,40.86
998347,74.85,65.87,40.86
995185,74.85,65.87,40.86
995079,74.85,65.87,40.86
995243,74.85,65.87,40.86
995233,74.85,65.87,40.86
996372,74.85,65.87,40.86
997075,74.85,65.87,40.86
996335,74.85,65.87,40.86
997067,74.85,65.87,40.86
997709,74.85,65.87,40.86
998196,74.84,65.87,40.86
997712,74.85,65.87,40.86
998204,74.84,65.87,40.86
998837,74.83,65.87,40.86
998782,74.83,65.87,40.86
998478,74.84,65.87,40.86
998716,74.84,65.87,40.86
998965,74.84,65.87,40.86
999261,74.84,65.87,40.86
998466,74.84,65.87,40.86
998703,74.84,65.87,40.86
998953,74.84,65.87,40.86
999254,74.84,65.87,40.86
996370,74.85,65.87,40.86
997048,74.85,65.87,40.86
996380,74.85,65.87,40.86
997065,74.85,65.87,40.86
997696,74.85,65.87,40.86
998182,74.84,65.87,40.86
997679,74.85,65.87,40.86
998165,74.84,65.87,40.86
998887,74.83,65.87,40.86
998869,74.83,65.87,40.86
998438,74.84,65.87,40.86
998675,74.84,65.87,40.86
998929,74.84,65.87,40.86
999237,74.84,65.87,40.86
998453,74.84,65.87,40.86
998689,74.84,65.87,40.86
998941,74.84,65.87,40.86
999245,74.84,65.87,40.86
998234,74.85,65.87,40.87
997562,74.85,65.87,40.87
996083,74.85,65.87,40.87
993254,74.86,65.87,40.87
375064,74.86,65.87,40.87
974174,74.86,65.87,40.87
998162,74.85,65.87,40.87
997436,74.85,65.87,40.87
995805,74.85,65.87,40.87
992188,74.86,65.87,40.87
169931,74.86,65.87,40.87
945303,74.86,65.87,40.87
998304,74.85,65.87,40.87
605456,74.86,65.87,40.87
990088,74.86,65.87,40.87
994240,74.86,65.87,40.87
996333,74.85,65.87,40.87
997677,74.85,65.87,40.87
998277,74.85,65.87,40.87
503589,74.86,65.87,40.87
986623,74.86,65.87,40.87
993902,74.86,65.87,40.87
996237,74.85,65.87,40.87
997635,74.85,65.87,40.87
994747,74.85,65.87,40.87
994918,74.85,65.87,40.87
995029,74.85,65.87,40.87
995100,74.85,65.87,40.87
996049,74.85,65.87,40.87
996827,74.85,65.87,40.87
996138,74.85,65.87,40.87
996876,74.85,65.87,40.87
997531,74.85,65.87,40.87
998077,74.84,65.87,40.87
997559,74.85,65.87,40.87
998090,74.84,65.87,40.87
998817,74.83,65.87,40.87
998861,74.83,65.87,40.87
998384,74.84,65.87,40.87
998650,74.84,65.87,40.87
998923,74.84,65.87,40.87
999240,74.84,65.87,40.87
998389,74.84,65.87,40.87
998648,74.84,65.87,40.87
998917,74.84,65.87,40.87
999235,74.84,65.87,40.87
996199,74.85,65.87,40.87
996911,74.85,65.87,40.87
996241,74.85,65.87,40.87
996938,74.85,65.87,40.87
997579,74.85,65.87,40.87
998100,74.84,65.87,40.87
997596,74.85,65.87,40.87
998108,74.84,65.87,40.87
998887,74.83,65.87,40.87
998898,74.83,65.87,40.87
998392,74.84,65.87,40.87
998646,74.84,65.87,40.87
998913,74.84,65.87,40.87
999230,74.84,65.87,40.87
998395,74.84,65.87,40.87
998644,74.84,65.87,40.87
998908,74.84,65.87,40.87
999226,74.84,65.87,40.87
348377,74.86,65.87,40.88
997898,74.85,65.87,40.88
996907,74.85,65.87,40.88
994327,74.85,65.87,40.88
29101,74.86,65.87,40.88
657851,74.86,65.87,40.88
539519,74.86,65.87,40.88
985575,74.86,65.87,40.88
998052,74.85,65.87,40.88
997225,74.85,65.87,40.88
995281,74.85,65.87,40.88
34580,74.86,65.87,40.88
830397,74.86,65.87,40.88
990896,74.86,65.87,40.88
921356,74.86,65.87,40.88
981730,74.85,65.87,40.88
964219,74.86,65.87,40.88
986384,74.85,65.87,40.88
991252,74.85,65.87,40.88
993598,74.85,65.87,40.88
989711,74.85,65.87,40.88
992786,74.85,65.87,40.88
994492,74.85,65.87,40.88
994129,74.85,65.87,40.88
10694,74.82,65.87,40.88
995732,74.85,65.87,40.88
996655,74.85,65.87,40.88
995918,74.85,65.87,40.88
996755,74.85,65.87,40.88
997432,74.85,65.87,40.88
998029,74.84,65.87,40.88
997491,74.85,65.87,40.88
998058,74.84,65.87,40.88
998376,74.84,65.87,40.88
998649,74.84,65.87,40.88
998361,74.84,65.87,40.88
998642,74.84,65.87,40.88
998750,74.83,65.87,40.88
998663,74.83,65.87,40.88
998924,74.84,65.87,40.88
999242,74.84,65.87,40.88
998925,74.84,65.87,40.88
999241,74.84,65.87,40.88
20039,74.82,65.87,40.88
995051,74.85,65.87,40.88
996273,74.85,65.87,40.88
995458,74.85,65.87,40.88
996500,74.85,65.87,40.88
997199,74.85,65.87,40.88
997890,74.84,65.87,40.88
997338,74.85,65.87,40.88
997974,74.84,65.87,40.88
998275,74.84,65.87,40.88
998590,74.84,65.87,40.88
998328,74.84,65.87,40.88
998624,74.84,65.87,40.88
998499,74.83,65.87,40.88
998609,74.83,65.87,40.88
998913,74.84,65.87,40.88
999232,74.84,65.87,40.88
998889,74.84,65.87,40.88
999212,74.84,65.87,40.88
77648,74.86,65.87,40.86
28449,74.86,65.87,40.86
4447,74.86,65.87,40.85
86,74.86,65.87,40.85
130,74.86,65.87,40.85
11312,74.86,65.87,40.85
929,74.86,65.87,40.85
50,74.86,65.87,40.85
32,74.86,65.87,40.85
29,74.86,65.87,40.85
32,74.86,65.87,40.85
1889,74.86,65.87,40.85
33,74.86,65.87,40.85
51,74.86,65.87,40.85
668433,74.85,65.87,40.85
7651,74.85,65.87,40.85
52354,74.85,65.87,40.85
230798,74.85,65.87,40.85
142169,74.85,65.87,40.85
45,74.86,65.87,40.85
984,74.85,65.87,40.85
8103,74.85,65.87,40.85
35436,74.85,65.87,40.85
16491,74.85,65.87,40.85
27,74.86,65.87,40.85
183,74.85,65.87,40.85
34,74.85,65.87,40.85
755,74.85,65.87,40.85
5445,74.85,65.87,40.85
58,74.85,65.87,40.85
1937,74.85,65.87,40.85
388,74.85,65.87,40.85
38,74.85,65.87,40.85
346265,74.85,65.87,40.85
58414,74.85,65.87,40.85
6089,74.85,65.87,40.85
128,74.85,65.87,40.85
29,74.85,65.87,40.85
203,74.85,65.87,40.85
34,74.85,65.87,40.84
40,74.85,65.87,40.84
34,74.85,65.87,40.84
39,74.85,65.87,40.84
42,74.85,65.87,40.84
64,74.84,65.87,40.84
43,74.84,65.87,40.84
67,74.84,65.87,40.84
49,74.84,65.87,40.84
95,74.84,65.87,40.84
80,74.84,65.87,40.84
524,74.83,65.87,40.84
502,74.85,65.87,40.84
40,74.85,65.87,40.84
81,74.85,65.87,40.84
43,74.85,65.87,40.84
131,74.85,65.87,40.84
46,74.85,65.87,40.84
351,74.84,65.87,40.84
51,74.84,65.87,40.84
1828,74.85,65.87,40.84
3738,74.84,65.87,40.84
506,74.83,65.87,40.84
5356,74.84,65.87,40.84
9016,74.84,65.87,40.84
12931,74.84,65.87,40.84
10397,74.84,65.87,40.84
337,74.84,65.87,40.84
2900,74.84,65.87,40.84
1722,74.83,65.87,40.85
438,74.84,65.87,40.84
482,74.83,65.87,40.84
453,74.84,65.87,40.84
61,74.84,65.87,40.84
796,74.84,65.87,40.84
99,74.84,65.87,40.84
398,74.84,65.87,40.84
705,74.84,65.87,40.84
165,74.84,65.87,40.84
264,74.84,65.87,40.84
660,74.84,65.87,40.84
650946,74.85,65.87,40.85
813353,74.84,65.87,40.85
379,74.83,65.87,40.85
886576,74.84,65.87,40.85
917017,74.84,65.87,40.85
10912,74.83,65.87,40.85
171671,74.83,65.87,40.85
753512,74.83,65.87,40.85
26972,74.83,65.87,40.85
923969,74.84,65.87,40.85
928078,74.84,65.87,40.85
905471,74.84,65.87,40.85
801437,74.83,65.87,40.85
434502,74.83,65.87,40.85
125668,74.83,65.87,40.85
162293,74.85,65.87,40.85
280372,74.84,65.87,40.85
19128,74.85,65.87,40.85
36527,74.84,65.87,40.85
401643,74.84,65.87,40.85
551503,74.84,65.87,40.85
53843,74.84,65.87,40.85
88342,74.84,65.87,40.85
532,74.83,65.87,40.85
2362,74.83,65.87,40.85
555706,74.84,65.87,40.85
484395,74.84,65.87,40.85
264752,74.84,65.87,40.85
17044,74.83,65.87,40.85
1034,74.83,65.87,40.85
66078,74.83,65.87,40.85
146131,74.83,65.87,40.85
436,74.83,65.87,40.85
99244,74.84,65.87,40.85
70397,74.84,65.87,40.85
29590,74.84,65.87,40.85
20128,74.83,65.87,40.85
657,74.83,65.87,40.85
9692,74.83,65.87,40.85
603,74.83,65.87,40.85
178642,74.86,65.87,40.86
698102,74.86,65.87,40.86
992660,74.85,65.87,40.86
988997,74.85,65.87,40.86
867690,74.86,65.87,40.86
978361,74.86,65.87,40.86
256999,74.86,65.87,40.86
377988,74.86,65.87,40.86
888968,74.86,65.87,40.86
993268,74.85,65.87,40.86
990401,74.85,65.87,40.86
983194,74.86,65.87,40.86
468369,74.86,65.87,40.86
945679,74.86,65.87,40.86
944222,74.85,65.87,40.86
973438,74.85,65.87,40.86
963128,74.85,65.87,40.86
978907,74.85,65.87,40.86
982809,74.85,65.87,40.86
987419,74.85,65.87,40.86
985242,74.85,65.87,40.86
988683,74.85,65.87,40.86
987655,74.85,65.87,40.86
989980,74.85,65.87,40.86
986726,74.85,65.87,40.86
989481,74.85,65.87,40.86
57866,74.86,65.87,40.85
380412,74.86,65.87,40.85
16088,74.86,65.87,40.85
116028,74.86,65.87,40.85
36,74.86,65.87,40.85
3723,74.86,65.87,40.85
30237,74.86,65.87,40.85
742,74.86,65.87,40.85
5429,74.86,65.87,40.85
586245,74.85,65.87,40.85
915799,74.85,65.87,40.85
861601,74.85,65.87,40.85
960936,74.85,65.87,40.85
978364,74.85,65.87,40.85
985313,74.85,65.87,40.85
968540,74.85,65.87,40.85
981411,74.85,65.87,40.85
221411,74.85,65.87,40.85
704307,74.85,65.87,40.85
49179,74.85,65.87,40.85
256579,74.85,65.87,40.85
929706,74.85,65.87,40.85
972681,74.85,65.87,40.85
731705,74.85,65.87,40.85
928029,74.85,65.87,40.85
794703,74.85,65.87,40.85
3496,74.82,65.87,40.85
987000,74.85,65.87,40.85
990016,74.85,65.87,40.85
988968,74.85,65.87,40.85
991239,74.85,65.87,40.85
993312,74.84,65.87,40.85
994249,74.84,65.87,40.85
992513,74.84,65.87,40.85
993636,74.84,65.87,40.85
938890,74.83,65.87,40.85
682596,74.83,65.87,40.85
991548,74.83,65.87,40.85
982174,74.83,65.87,40.85
997605,74.83,65.87,40.85
997666,74.83,65.87,40.85
996238,74.83,65.87,40.85
997007,74.83,65.87,40.85
997625,74.83,65.87,40.85
994959,74.84,65.87,40.85
995903,74.84,65.87,40.85
996514,74.84,65.87,40.85
997121,74.84,65.87,40.85
997506,74.83,65.87,40.85
997206,74.83,65.87,40.85
994468,74.84,65.87,40.85
995529,74.84,65.87,40.85
996179,74.84,65.87,40.85
996807,74.84,65.87,40.85
997173,74.83,65.87,40.85
983257,74.85,65.87,40.85
987778,74.85,65.87,40.85
973145,74.85,65.87,40.85
906755,74.85,65.87,40.85
982909,74.85,65.87,40.85
949592,74.84,65.87,40.85
991185,74.84,65.87,40.85
992740,74.84,65.87,40.85
988269,74.84,65.87,40.85
967063,74.84,65.87,40.85
990670,74.84,65.87,40.85
974631,74.84,65.87,40.85
837669,74.83,65.87,40.85
1344,74.83,65.87,40.85
83185,74.83,65.87,40.85
208570,74.83,65.87,40.85
930040,74.83,65.87,40.85
993633,74.83,65.87,40.85
992176,74.84,65.87,40.85
978069,74.84,65.87,40.85
993736,74.84,65.87,40.85
979505,74.84,65.87,40.85
994505,74.84,65.87,40.85
977874,74.84,65.87,40.85
995110,74.84,65.87,40.85
968670,74.83,65.87,40.85
995199,74.83,65.87,40.85
996288,74.83,65.87,40.85
993811,74.84,65.87,40.85
995034,74.84,65.87,40.85
995740,74.84,65.87,40.85
996333,74.84,65.87,40.85
996506,74.83,65.87,40.85
979359,74.83,65.87,40.85
987258,74.83,65.87,40.85
968266,74.83,65.87,40.85
832789,74.83,65.87,40.85
993104,74.82,65.87,40.86
989188,74.82,65.87,40.86
991575,74.85,65.87,40.86
992836,74.85,65.87,40.86
991303,74.85,65.87,40.86
992688,74.85,65.87,40.86
994292,74.84,65.87,40.86
994945,74.84,65.87,40.86
994216,74.84,65.87,40.86
994904,74.84,65.87,40.86
994569,74.83,65.87,40.86
995215,74.83,65.87,40.86
995469,74.84,65.87,40.86
996275,74.84,65.87,40.86
995449,74.84,65.87,40.86
996266,74.84,65.87,40.86
994768,74.83,65.87,40.86
995107,74.83,65.87,40.86
998504,74.83,65.87,40.86
996854,74.84,65.87,40.86
997477,74.84,65.87,40.86
997943,74.83,65.87,40.86
998164,74.83,65.87,40.86
998339,74.83,65.87,40.86
998426,74.83,65.87,40.86
996842,74.84,65.87,40.86
997456,74.84,65.87,40.86
997906,74.83,65.87,40.86
998114,74.83,65.87,40.86
998277,74.83,65.87,40.86
975240,74.82,65.87,40.86
3201,74.82,65.87,40.86
854813,74.82,65.87,40.86
990131,74.85,65.87,40.86
991970,74.85,65.87,40.86
990850,74.85,65.87,40.86
992417,74.85,65.87,40.86
994057,74.84,65.87,40.86
994797,74.84,65.87,40.86
993776,74.84,65.87,40.86
994592,74.84,65.87,40.86
991152,74.83,65.87,40.86
993211,74.83,65.87,40.86
995375,74.84,65.87,40.86
996214,74.84,65.87,40.86
995222,74.84,65.87,40.86
996102,74.84,65.87,40.86
993333,74.83,65.87,40.86
994220,74.83,65.87,40.86
998302,74.83,65.87,40.86
996793,74.84,65.87,40.86
997399,74.84,65.87,40.86
997833,74.83,65.87,40.86
998023,74.83,65.87,40.86
998170,74.83,65.87,40.86
998107,74.83,65.87,40.86
996691,74.84,65.87,40.86
997296,74.84,65.87,40.86
997712,74.83,65.87,40.86
997875,74.83,65.87,40.86
997990,74.83,65.87,40.86
1135,74.82,65.87,40.88
4591,74.82,65.87,40.88
2977,74.82,65.87,40.88
27982,74.83,65.87,40.85
96172,74.83,65.87,40.85
1139,74.82,65.87,40.85
447172,74.82,65.87,40.86
1472,74.82,65.87,40.86
824956,74.82,65.87,40.86
3335,74.82,65.87,40.86
961932,74.82,65.87,40.86
3143,74.82,65.87,40.86
1310,74.82,65.87,40.86
479,74.83,65.87,40.85
73063,74.82,65.87,40.85
897,74.82,65.87,40.85
28886,74.82,65.87,40.86
872,74.82,65.87,40.86
341428,74.82,65.87,40.85
2009,74.82,65.87,40.85
467,74.83,65.87,40.84
408,74.83,65.87,40.85
366,74.83,65.87,40.85
1141,74.83,65.87,40.85
333,74.83,65.87,40.85
1003,74.83,65.87,40.85
301,74.83,65.87,40.85
12486,74.83,65.87,40.85
343,74.83,65.87,40.85
290,74.83,65.87,40.85
32,74.86,65.87,40.87
25,74.86,65.87,40.87
44,74.86,65.87,40.87
38,74.86,65.87,40.87
43,74.86,65.87,40.86
31,74.86,65.87,40.86
44,74.86,65.87,40.86
45,74.86,65.87,40.86
639,74.86,65.87,40.88
8,74.86,65.87,40.88
23,74.86,65.87,40.88
5027,74.86,65.87,40.88
16,74.86,65.87,40.88
16363,74.86,65.87,40.88
25,74.86,65.87,40.88
62813,74.86,65.87,40.88
21161,74.86,65.87,40.88
82,74.86,65.87,40.88
7,74.85,65.87,40.89
233,74.85,65.87,40.89
4,74.85,65.87,40.89
57,74.85,65.87,40.89
4,74.85,65.87,40.89
4,74.85,65.87,40.89
5,74.85,65.87,40.89
5,74.85,65.87,40.89
92,74.85,65.87,40.89
7,74.85,65.87,40.89
929,74.85,65.87,40.89
421,74.85,65.87,40.89
14,74.85,65.87,40.89
1013,74.84,65.87,40.89
27,74.84,65.87,40.89
3446,74.85,65.87,40.89
7541,74.84,65.87,40.89
2395,74.84,65.87,40.89
38,74.84,65.87,40.89
3189,74.84,65.87,40.89
40,74.84,65.87,40.89
1469,74.84,65.87,40.89
35,74.84,65.87,40.89
18,74.84,65.87,40.89
990,74.84,65.87,40.89
395,74.84,65.87,40.89
9,74.84,65.87,40.89
28,74.83,65.87,40.89
13679,74.84,65.87,40.89
17538,74.84,65.87,40.89
18021,74.84,65.87,40.89
15610,74.84,65.87,40.89
151,74.84,65.87,40.89
8802,74.84,65.87,40.89
1284,74.83,65.87,40.89
66,74.84,65.87,40.89
89,74.84,65.87,40.89
5,74.85,65.87,40.89
6,74.84,65.87,40.89
154,74.84,65.87,40.89
176,74.84,65.87,40.89
9,74.84,65.87,40.89
7,74.84,65.87,40.89
411642,74.86,65.87,40.88
126750,74.86,65.87,40.88
26333,74.86,65.87,40.88
879928,74.85,65.87,40.88
963212,74.85,65.87,40.88
602667,74.85,65.87,40.88
928535,74.85,65.87,40.88
969791,74.85,65.87,40.88
980667,74.85,65.87,40.88
978152,74.85,65.87,40.88
984405,74.85,65.87,40.88
246443,74.85,65.87,40.88
744019,74.85,65.87,40.88
48586,74.85,65.87,40.88
295353,74.85,65.87,40.88
768879,74.85,65.87,40.88
938577,74.85,65.87,40.88
938499,74.85,65.87,40.88
972977,74.85,65.87,40.88
30,74.85,65.87,40.89
2758,74.85,65.87,40.89
712,74.85,65.87,40.89
8,74.85,65.87,40.89
102,74.85,65.87,40.89
5,74.85,65.87,40.89
21195,74.85,65.87,40.89
5,74.86,65.87,40.89
140,74.85,65.87,40.89
10,74.85,65.87,40.89
818,74.85,65.87,40.89
6134,74.85,65.87,40.89
8,74.86,65.87,40.89
1580,74.86,65.87,40.88
15,74.86,65.87,40.89
4503,74.86,65.87,40.88
199923,74.85,65.87,40.89
10,74.86,65.87,40.89
966,74.85,65.87,40.89
7467,74.85,65.87,40.89
34822,74.85,65.87,40.89
704684,74.85,65.87,40.88
7864,74.85,65.87,40.88
49884,74.85,65.87,40.88
243637,74.85,65.87,40.88
8795,74.85,65.87,40.89
68663,74.85,65.87,40.89
812574,74.85,65.87,40.88
394681,74.85,65.87,40.89
26178,74.85,65.87,40.89
54273,74.84,65.87,40.89
195603,74.85,65.87,40.89
337995,74.84,65.87,40.89
518873,74.84,65.87,40.89
620688,74.84,65.87,40.89
98623,74.84,65.87,40.89
130595,74.84,65.87,40.89
15,74.83,65.87,40.89
120353,74.84,65.87,40.89
94853,74.84,65.87,40.89
52827,74.84,65.87,40.89
25402,74.83,65.87,40.89
221,74.83,65.87,40.89
10425,74.83,65.87,40.89
2016,74.83,65.87,40.89
79,74.83,65.87,40.89
139,74.83,65.87,40.89
654755,74.84,65.87,40.89
582528,74.84,65.87,40.89
443478,74.84,65.87,40.89
197635,74.83,65.87,40.89
74464,74.83,65.87,40.89
30413,74.83,65.87,40.89
684044,74.85,65.87,40.89
835410,74.84,65.87,40.89
897064,74.84,65.87,40.89
921518,74.84,65.87,40.89
222652,74.83,65.87,40.88
750563,74.83,65.87,40.89
31064,74.83,65.87,40.89
932301,74.84,65.87,40.89
930980,74.84,65.87,40.89
919481,74.84,65.87,40.89
806174,74.83,65.87,40.89
523789,74.83,65.87,40.89
205909,74.83,65.87,40.89
988025,74.85,65.87,40.88
990452,74.85,65.87,40.88
986077,74.85,65.87,40.88
989263,74.85,65.87,40.88
992743,74.84,65.87,40.88
993831,74.84,65.87,40.88
991979,74.84,65.87,40.88
993258,74.84,65.87,40.88
997636,74.83,65.87,40.88
997778,74.83,65.87,40.88
996439,74.83,65.87,40.88
997138,74.83,65.87,40.88
997328,74.83,65.87,40.88
994226,74.84,65.87,40.88
995420,74.84,65.87,40.88
996172,74.84,65.87,40.88
996870,74.84,65.87,40.88
997275,74.83,65.87,40.88
997721,74.83,65.87,40.88
994670,74.84,65.87,40.88
995746,74.84,65.87,40.88
996454,74.84,65.87,40.88
997134,74.84,65.87,40.88
997571,74.83,65.87,40.88
982542,74.85,65.87,40.88
987206,74.85,65.87,40.88
917721,74.85,65.87,40.88
974598,74.85,65.87,40.88
953253,74.84,65.87,40.88
982914,74.85,65.87,40.88
990767,74.84,65.87,40.88
992421,74.84,65.87,40.88
968085,74.84,65.87,40.88
988190,74.84,65.87,40.88
974834,74.84,65.87,40.88
990579,74.84,65.87,40.88
1196,74.83,65.87,40.88
280282,74.83,65.87,40.88
861984,74.83,65.87,40.88
996479,74.83,65.87,40.88
993601,74.84,65.87,40.88
994960,74.84,65.87,40.88
995784,74.84,65.87,40.88
996450,74.84,65.87,40.88
996650,74.83,65.87,40.88
931916,74.83,65.87,40.88
993747,74.83,65.87,40.88
992141,74.84,65.87,40.88
978229,74.84,65.87,40.88
993832,74.84,65.87,40.88
980297,74.84,65.87,40.88
994792,74.84,65.87,40.88
979485,74.84,65.87,40.89
995462,74.84,65.87,40.88
969388,74.83,65.87,40.88
995413,74.83,65.87,40.88
981333,74.83,65.87,40.88
987965,74.83,65.87,40.88
968711,74.83,65.87,40.88
862581,74.83,65.87,40.88
8,74.84,65.87,40.89
5,74.84,65.87,40.89
5,74.83,65.87,40.89
10,74.83,65.87,40.89
990853,74.83,65.87,40.88
946516,74.83,65.87,40.88
2703,74.82,65.87,40.88
981709,74.83,65.87,40.88
661190,74.83,65.87,40.88
5,74.83,65.87,40.89
7,74.83,65.87,40.89
5,74.83,65.87,40.89
2070,74.83,65.87,40.89
20,74.83,65.87,40.89
12772,74.83,65.87,40.89
80,74.83,65.87,40.89
117413,74.83,65.87,40.88
31,74.83,65.87,40.89
34833,74.83,65.87,40.88
253,74.83,65.87,40.89
28233,74.83,65.87,40.88
161,74.83,65.87,40.88
121211,74.83,65.87,40.88
686,74.82,65.87,40.88
68529,74.82,65.87,40.88
343517,74.82,65.87,40.88
1416,74.82,65.87,40.88
2707,74.82,65.87,40.88
472,74.82,65.87,40.88
8164,74.82,65.87,40.87
9624,74.82,65.87,40.87
1296,74.82,65.87,40.88
9115,74.82,65.87,40.86
885,74.82,65.87,40.86
14995,74.86,65.87,40.88
44513,74.86,65.87,40.88
1781,74.86,65.87,40.88
15,74.86,65.87,40.88
8996,74.86,65.87,40.88
38,74.86,65.87,40.88
16,74.86,65.87,40.88
8561,74.86,65.87,40.88
1824,74.86,65.87,40.87
21,74.86,65.87,40.88
16503,74.86,65.87,40.88
2409,74.86,65.87,40.87
33,74.86,65.87,40.87
13272,74.86,65.87,40.87
56,74.86,65.87,40.87
36497,74.86,65.87,40.87
120705,74.86,65.87,40.87
30270,74.86,65.87,40.87
154,74.86,65.87,40.87
27866,74.86,65.87,40.87
98,74.86,65.87,40.87
41,74.85,65.87,40.84
43,74.84,65.87,40.84
83,74.84,65.87,40.84
49,74.84,65.87,40.84
34,74.86,65.87,40.85
47,74.86,65.87,40.85
1564,74.86,65.87,40.85
56,74.86,65.87,40.85
9835,74.86,65.87,40.86
75,74.86,65.87,40.86
4328,74.86,65.87,40.86
73,74.86,65.87,40.86
55,74.86,65.87,40.86
14667,74.86,65.87,40.86
156,74.86,65.87,40.86
105,74.86,65.87,40.86
40488,74.86,65.87,40.86
21532,74.86,65.87,40.86
9639,74.86,65.87,40.86
57,74.86,65.87,40.86
14061,74.86,65.87,40.86
20363,74.86,65.87,40.87
380925,74.86,65.87,40.87
20737,74.86,65.87,40.87
351062,74.86,65.87,40.87
934437,74.86,65.87,40.87
927790,74.86,65.87,40.87
981381,74.86,65.87,40.87
987948,74.86,65.87,40.87
992105,74.85,65.87,40.87
994049,74.85,65.87,40.87
980924,74.86,65.87,40.87
987823,74.86,65.87,40.87
992081,74.85,65.87,40.87
994056,74.85,65.87,40.87
16638,74.86,65.87,40.87
355775,74.86,65.87,40.87
19051,74.86,65.87,40.87
380998,74.86,65.87,40.87
929273,74.86,65.87,40.87
934748,74.86,65.87,40.87
981204,74.86,65.87,40.87
987891,74.86,65.87,40.87
992048,74.85,65.87,40.87
993985,74.85,65.87,40.87
981471,74.86,65.87,40.87
987979,74.86,65.87,40.87
992096,74.85,65.87,40.87
994024,74.85,65.87,40.87
988715,74.85,65.87,40.87
990329,74.85,65.87,40.87
988792,74.85,65.87,40.87
990398,74.85,65.87,40.87
988869,74.85,65.87,40.87
990506,74.85,65.87,40.87
988843,74.85,65.87,40.87
990456,74.85,65.87,40.87
991539,74.85,65.87,40.87
992620,74.85,65.87,40.87
991597,74.85,65.87,40.87
992667,74.85,65.87,40.87
994037,74.84,65.87,40.87
994677,74.84,65.87,40.87
994070,74.84,65.87,40.87
994700,74.84,65.87,40.87
991714,74.85,65.87,40.87
992775,74.85,65.87,40.87
991655,74.85,65.87,40.87
992718,74.85,65.87,40.87
994153,74.84,65.87,40.87
994769,74.84,65.87,40.87
994108,74.84,65.87,40.87
994730,74.84,65.87,40.87
995204,74.84,65.87,40.87
996050,74.84,65.87,40.87
995218,74.84,65.87,40.87
996056,74.84,65.87,40.87
998631,74.83,65.87,40.87
998400,74.83,65.87,40.87
998176,74.83,65.87,40.87
996678,74.84,65.87,40.87
997366,74.84,65.87,40.87
997905,74.83,65.87,40.87
998630,74.83,65.87,40.87
998398,74.83,65.87,40.87
998172,74.83,65.87,40.87
996679,74.84,65.87,40.87
997364,74.84,65.87,40.87
997902,74.83,65.87,40.87
995713,74.83,65.87,40.87
996120,74.83,65.87,40.87
995981,74.82,65.87,40.87
994831,74.82,65.87,40.87
995712,74.83,65.87,40.87
996118,74.83,65.87,40.87
995917,74.82,65.87,40.87
994472,74.82,65.87,40.87
995276,74.84,65.87,40.87
996100,74.84,65.87,40.87
995241,74.84,65.87,40.87
996072,74.84,65.87,40.87
998628,74.83,65.87,40.87
998397,74.83,65.87,40.87
998174,74.83,65.87,40.87
996691,74.84,65.87,40.87
997372,74.84,65.87,40.87
997905,74.83,65.87,40.87
998626,74.83,65.87,40.87
998398,74.83,65.87,40.87
998178,74.83,65.87,40.87
996712,74.84,65.87,40.87
997387,74.84,65.87,40.87
997914,74.83,65.87,40.87
995705,74.83,65.87,40.87
996112,74.83,65.87,40.87
995969,74.82,65.87,40.87
994766,74.82,65.87,40.87
995691,74.83,65.87,40.87
996095,74.83,65.87,40.87
995882,74.82,65.87,40.87
994316,74.82,65.87,40.87
55283,74.86,65.87,40.86
404339,74.86,65.87,40.86
993878,74.85,65.87,40.86
803608,74.86,65.87,40.86
972831,74.86,65.87,40.86
986609,74.86,65.87,40.86
991685,74.85,65.87,40.86
993655,74.85,65.87,40.86
669417,74.86,65.87,40.86
963490,74.86,65.87,40.86
985362,74.86,65.87,40.86
991232,74.85,65.87,40.86
20006,74.86,65.87,40.86
296479,74.86,65.87,40.86
532017,74.86,65.87,40.86
90267,74.86,65.87,40.86
17770,74.86,65.87,40.86
221488,74.86,65.87,40.86
911541,74.86,65.87,40.86
874925,74.86,65.87,40.86
977720,74.86,65.87,40.86
987250,74.86,65.87,40.86
991917,74.85,65.87,40.86
993997,74.85,65.87,40.86
979876,74.86,65.87,40.86
987590,74.86,65.87,40.86
992020,74.85,65.87,40.86
994041,74.85,65.87,40.86
988593,74.85,65.87,40.86
990450,74.85,65.87,40.86
988245,74.85,65.87,40.86
990284,74.85,65.87,40.86
988853,74.85,65.87,40.86
990531,74.85,65.87,40.86
988778,74.85,65.87,40.86
990521,74.85,65.87,40.86
989199,74.82,65.87,40.86
995185,74.82,65.87,40.86
982030,74.82,65.87,40.86
994600,74.82,65.87,40.86
991784,74.85,65.87,40.86
992904,74.85,65.87,40.86
991722,74.85,65.87,40.86
992897,74.85,65.87,40.86
994287,74.84,65.87,40.86
994905,74.84,65.87,40.86
994306,74.84,65.87,40.86
994938,74.84,65.87,40.86
995848,74.83,65.87,40.86
995600,74.83,65.87,40.86
995506,74.83,65.87,40.86
995343,74.83,65.87,40.86
998556,74.83,65.87,40.86
998375,74.83,65.87,40.86
998591,74.83,65.87,40.86
998392,74.83,65.87,40.86
998188,74.83,65.87,40.86
995451,74.84,65.87,40.86
996257,74.84,65.87,40.86
996841,74.84,65.87,40.86
997475,74.84,65.87,40.86
997955,74.83,65.87,40.86
998194,74.83,65.87,40.86
995410,74.84,65.87,40.86
996218,74.84,65.87,40.86
996810,74.84,65.87,40.86
997456,74.84,65.87,40.86
997951,74.83,65.87,40.86
993284,74.82,65.87,40.86
995741,74.82,65.87,40.86
991955,74.82,65.87,40.86
995530,74.82,65.87,40.86
991760,74.85,65.87,40.86
992827,74.85,65.87,40.86
991789,74.85,65.87,40.86
992875,74.85,65.87,40.86
994248,74.84,65.87,40.86
994862,74.84,65.87,40.86
994199,74.84,65.87,40.86
994811,74.84,65.87,40.86
996061,74.83,65.87,40.86
995990,74.83,65.87,40.86
995663,74.83,65.87,40.86
995607,74.83,65.87,40.86
998611,74.83,65.87,40.86
998400,74.83,65.87,40.86
998621,74.83,65.87,40.86
998398,74.83,65.87,40.86
998185,74.83,65.87,40.86
995316,74.84,65.87,40.86
996134,74.84,65.87,40.86
996740,74.84,65.87,40.86
997407,74.84,65.87,40.86
997926,74.83,65.87,40.86
998193,74.83,65.87,40.86
995365,74.84,65.87,40.86
996176,74.84,65.87,40.86
996775,74.84,65.87,40.86
997432,74.84,65.87,40.86
997941,74.83,65.87,40.86
400391,74.86,65.87,40.87
993631,74.85,65.87,40.87
991488,74.85,65.87,40.87
986535,74.86,65.87,40.87
973512,74.86,65.87,40.87
810211,74.86,65.87,40.87
993342,74.85,65.87,40.87
990978,74.85,65.87,40.87
985246,74.86,65.87,40.87
964320,74.86,65.87,40.87
670858,74.86,65.87,40.87
309293,74.86,65.87,40.87
231138,74.86,65.87,40.87
530795,74.86,65.87,40.87
993916,74.85,65.87,40.87
915595,74.86,65.87,40.87
980312,74.86,65.87,40.87
987649,74.86,65.87,40.87
991944,74.85,65.87,40.87
993810,74.85,65.87,40.87
883016,74.86,65.87,40.87
978232,74.86,65.87,40.87
987246,74.86,65.87,40.87
991780,74.85,65.87,40.87
987657,74.85,65.87,40.87
989652,74.85,65.87,40.87
988113,74.85,65.87,40.87
989926,74.85,65.87,40.87
988408,74.85,65.87,40.87
990113,74.85,65.87,40.87
988592,74.85,65.87,40.87
990236,74.85,65.87,40.87
984209,74.82,65.87,40.87
994828,74.82,65.87,40.87
989703,74.82,65.87,40.87
995312,74.82,65.87,40.87
991111,74.85,65.87,40.87
992356,74.85,65.87,40.87
991274,74.85,65.87,40.87
992450,74.85,65.87,40.87
993891,74.84,65.87,40.87
994607,74.84,65.87,40.87
993939,74.84,65.87,40.87
994628,74.84,65.87,40.87
995730,74.83,65.87,40.87
995939,74.83,65.87,40.87
995460,74.83,65.87,40.87
995590,74.83,65.87,40.87
998587,74.83,65.87,40.87
998396,74.83,65.87,40.87
998613,74.83,65.87,40.87
998405,74.83,65.87,40.87
998194,74.83,65.87,40.87
995196,74.84,65.87,40.87
996088,74.84,65.87,40.87
996735,74.84,65.87,40.87
997418,74.84,65.87,40.87
997938,74.83,65.87,40.87
998194,74.83,65.87,40.87
995197,74.84,65.87,40.87
996075,74.84,65.87,40.87
996717,74.84,65.87,40.87
997403,74.84,65.87,40.87
997932,74.83,65.87,40.87
992165,74.82,65.87,40.87
995606,74.82,65.87,40.87
993470,74.82,65.87,40.87
995794,74.82,65.87,40.87
991388,74.85,65.87,40.87
992518,74.85,65.87,40.87
991470,74.85,65.87,40.87
992570,74.85,65.87,40.87
993975,74.84,65.87,40.87
994644,74.84,65.87,40.87
994005,74.84,65.87,40.87
994657,74.84,65.87,40.87
996053,74.83,65.87,40.87
996102,74.83,65.87,40.87
995667,74.83,65.87,40.87
995701,74.83,65.87,40.87
998627,74.83,65.87,40.87
998406,74.83,65.87,40.87
998631,74.83,65.87,40.87
998403,74.83,65.87,40.87
998189,74.83,65.87,40.87
995196,74.84,65.87,40.87
996063,74.84,65.87,40.87
996701,74.84,65.87,40.87
997389,74.84,65.87,40.87
997923,74.83,65.87,40.87
998180,74.83,65.87,40.87
995196,74.84,65.87,40.87
996052,74.84,65.87,40.87
996685,74.84,65.87,40.87
997374,74.84,65.87,40.87
997911,74.83,65.87,40.87
187015,74.86,65.87,40.88
720016,74.86,65.87,40.88
270037,74.86,65.87,40.88
121819,74.86,65.87,40.88
992229,74.85,65.87,40.88
988701,74.85,65.87,40.88
883095,74.86,65.87,40.88
978309,74.86,65.87,40.88
399059,74.86,65.87,40.88
234060,74.86,65.87,40.88
885454,74.86,65.87,40.88
992887,74.85,65.87,40.88
990097,74.85,65.87,40.88
983072,74.86,65.87,40.88
487300,74.86,65.87,40.88
944115,74.86,65.87,40.88
948104,74.85,65.87,40.88
973636,74.85,65.87,40.88
964328,74.85,65.87,40.88
978521,74.85,65.87,40.88
984454,74.85,65.87,40.88
987786,74.85,65.87,40.88
982128,74.85,65.87,40.88
986481,74.85,65.87,40.88
986963,74.85,65.87,40.88
989242,74.85,65.87,40.88
985957,74.85,65.87,40.88
988654,74.85,65.87,40.88
965883,74.82,65.87,40.88
993474,74.82,65.87,40.88
840813,74.82,65.87,40.88
989972,74.82,65.87,40.88
990519,74.85,65.87,40.88
992006,74.85,65.87,40.88
990868,74.85,65.87,40.88
992214,74.85,65.87,40.88
993700,74.84,65.87,40.88
994502,74.84,65.87,40.88
993815,74.84,65.87,40.88
994569,74.84,65.87,40.88
995393,74.83,65.87,40.88
994869,74.83,65.87,40.88
995183,74.84,65.87,40.88
996090,74.84,65.87,40.88
995148,74.84,65.87,40.88
996075,74.84,65.87,40.88
995258,74.83,65.87,40.88
994967,74.83,65.87,40.88
998477,74.83,65.87,40.88
996734,74.84,65.87,40.88
997411,74.84,65.87,40.88
997910,74.83,65.87,40.88
998145,74.83,65.87,40.88
998322,74.83,65.87,40.88
998543,74.83,65.87,40.88
996740,74.84,65.87,40.88
997420,74.84,65.87,40.88
997931,74.83,65.87,40.88
998179,74.83,65.87,40.88
998370,74.83,65.87,40.88
979459,74.82,65.87,40.88
3542,74.82,65.87,40.88
894190,74.82,65.87,40.88
989223,74.85,65.87,40.88
991200,74.85,65.87,40.88
989996,74.85,65.87,40.88
991682,74.85,65.87,40.88
993209,74.84,65.87,40.88
994168,74.84,65.87,40.88
993507,74.84,65.87,40.88
994374,74.84,65.87,40.88
993878,74.83,65.87,40.88
993373,74.83,65.87,40.88
994922,74.84,65.87,40.88
995926,74.84,65.87,40.88
995065,74.84,65.87,40.88
996024,74.84,65.87,40.88
994456,74.83,65.87,40.88
993539,74.83,65.87,40.88
998362,74.83,65.87,40.88
996692,74.84,65.87,40.88
997366,74.84,65.87,40.88
997851,74.83,65.87,40.88
998070,74.83,65.87,40.88
998229,74.83,65.87,40.88
998152,74.83,65.87,40.88
996609,74.84,65.87,40.88
997283,74.84,65.87,40.88
997751,74.83,65.87,40.88
997942,74.83,65.87,40.88
998066,74.83,65.87,40.88
26,74.86,65.87,40.85
263710,74.86,65.87,40.86
142708,74.86,65.87,40.86
59205,74.86,65.87,40.86
21783,74.86,65.87,40.86
2767,74.86,65.87,40.85
7268,74.86,65.87,40.85
43,74.86,65.87,40.85
828,74.86,65.87,40.85
30,74.86,65.87,40.85
30,74.86,65.87,40.85
265,74.86,65.87,40.85
29,74.86,65.87,40.85
241,74.86,65.87,40.85
315,74.86,65.87,40.85
31,74.86,65.87,40.85
326,74.86,65.87,40.85
42,74.86,65.87,40.85
837,74.86,65.87,40.85
513247,74.85,65.87,40.85
5911,74.86,65.87,40.85
46662,74.85,65.87,40.85
195957,74.85,65.87,40.85
138568,74.85,65.87,40.85
854,74.86,65.87,40.85
5796,74.85,65.87,40.85
33673,74.85,65.87,40.85
25,74.86,65.87,40.85
22,74.86,65.87,40.85
25,74.86,65.87,40.85
18267,74.85,65.87,40.85
192,74.86,65.87,40.85
544,74.85,65.87,40.85
3748,74.85,65.87,40.85
1681,74.85,65.87,40.85
325,74.85,65.87,40.85
309248,74.85,65.87,40.85
554309,74.85,65.87,40.85
70958,74.85,65.87,40.85
176083,74.85,65.87,40.85
8650,74.85,65.87,40.85
27162,74.85,65.87,40.85
29,74.85,65.87,40.84
28,74.85,65.87,40.85
120,74.85,65.87,40.85
33,74.85,65.87,40.84
99,74.85,65.87,40.84
38,74.85,65.87,40.84
197,74.85,65.87,40.84
34,74.85,65.87,40.84
62,74.85,65.87,40.84
63,74.85,65.87,40.84
39,74.85,65.87,40.84
40,74.85,65.87,40.84
41,74.85,65.87,40.84
41,74.85,65.87,40.84
42,74.85,65.87,40.84
41,74.85,65.87,40.84
42,74.85,65.87,40.84
44,74.84,65.87,40.84
72,74.85,65.87,40.84
43,74.84,65.87,40.84
86,74.84,65.87,40.84
157,74.84,65.87,40.84
152,74.84,65.87,40.84
257,74.84,65.87,40.84
397,74.84,65.87,40.84
113,74.84,65.87,40.84
110,74.84,65.87,40.84
66,74.84,65.87,40.84
186,74.84,65.87,40.84
114,74.84,65.87,40.84
522,74.83,65.87,40.84
518,74.83,65.87,40.84
529,74.83,65.87,40.84
529,74.83,65.87,40.84
792,74.85,65.87,40.84
2381,74.85,65.87,40.84
108,74.85,65.87,40.84
181,74.85,65.87,40.84
372,74.85,65.87,40.84
600,74.84,65.87,40.84
5701,74.85,65.87,40.84
9095,74.84,65.87,40.84
1765,74.83,65.87,40.84
14117,74.84,65.87,40.84
20380,74.84,65.87,40.84
18593,74.84,65.87,40.84
7882,74.84,65.87,40.84
4593,74.84,65.87,40.84
559,74.83,65.87,40.84
465,74.83,65.87,40.84
993,74.84,65.87,40.84
1663,74.84,65.87,40.84
764,74.84,65.87,40.84
329,74.84,65.87,40.84
847,74.84,65.87,40.84
1596,74.84,65.87,40.84
740368,74.85,65.87,40.85
826956,74.84,65.87,40.85
5513,74.83,65.87,40.85
872295,74.84,65.87,40.85
888921,74.84,65.87,40.85
58273,74.83,65.87,40.85
497020,74.83,65.87,40.85
822867,74.83,65.87,40.85
80032,74.83,65.87,40.85
891589,74.84,65.87,40.85
877753,74.84,65.87,40.85
819983,74.84,65.87,40.85
661733,74.83,65.87,40.85
308164,74.83,65.87,40.85
314506,74.85,65.87,40.85
420049,74.84,65.87,40.85
58406,74.85,65.87,40.85
85362,74.84,65.87,40.85
542412,74.84,65.87,40.85
594667,74.84,65.87,40.85
128783,74.84,65.87,40.85
163607,74.84,65.87,40.85
5777,74.83,65.87,40.85
8940,74.83,65.87,40.85
575174,74.84,65.87,40.85
453103,74.84,65.87,40.85
287804,74.84,65.87,40.85
152294,74.83,65.87,40.85
46361,74.83,65.87,40.85
535,74.83,65.87,40.85
1148,74.83,65.87,40.85
149489,74.84,65.87,40.85
78570,74.84,65.87,40.85
40771,74.84,65.87,40.85
15809,74.83,65.87,40.85
6614,74.83,65.87,40.85
239931,74.86,65.87,40.86
115693,74.86,65.87,40.86
485060,74.86,65.87,40.86
862287,74.86,65.87,40.86
593738,74.86,65.87,40.86
426928,74.86,65.87,40.86
981950,74.85,65.87,40.86
922426,74.86,65.87,40.86
972164,74.85,65.87,40.86
698085,74.86,65.87,40.86
938811,74.86,65.87,40.86
646746,74.86,65.87,40.86
983822,74.85,65.87,40.86
976777,74.85,65.87,40.86
957186,74.86,65.87,40.86
805258,74.86,65.87,40.86
948184,74.85,65.87,40.86
968010,74.85,65.87,40.86
960858,74.85,65.87,40.86
973397,74.85,65.87,40.86
976801,74.85,65.87,40.86
981628,74.85,65.87,40.86
979639,74.85,65.87,40.86
983269,74.85,65.87,40.86
978756,74.85,65.87,40.86
976666,74.85,65.87,40.86
982553,74.85,65.87,40.86
984951,74.85,65.87,40.86
981424,74.85,65.87,40.86
984307,74.85,65.87,40.86
14723,74.86,65.87,40.85
46083,74.86,65.87,40.85
248334,74.86,65.87,40.85
690239,74.86,65.87,40.85
91902,74.86,65.87,40.85
395336,74.86,65.87,40.85
1077,74.86,65.87,40.85
3973,74.86,65.87,40.85
25035,74.86,65.87,40.85
155504,74.86,65.87,40.85
4661,74.86,65.87,40.85
38753,74.86,65.87,40.85
806299,74.85,65.87,40.85
933296,74.85,65.87,40.85
916043,74.85,65.87,40.85
957849,74.85,65.87,40.85
971990,74.85,65.87,40.85
978967,74.85,65.87,40.85
962726,74.85,65.87,40.85
974322,74.85,65.87,40.85
519931,74.85,65.87,40.85
843248,74.85,65.87,40.85
199434,74.85,65.87,40.85
558294,74.85,65.87,40.85
938940,74.85,65.87,40.85
965056,74.85,65.87,40.85
842149,74.85,65.87,40.85
689901,74.85,65.87,40.85
935003,74.85,65.87,40.85
842876,74.85,65.87,40.85
686073,74.83,65.87,40.85
281225,74.83,65.87,40.85
980113,74.85,65.87,40.85
983493,74.84,65.87,40.85
982903,74.85,65.87,40.85
985416,74.84,65.87,40.85
987191,74.84,65.87,40.85
988520,74.84,65.87,40.85
985754,74.84,65.87,40.85
987370,74.84,65.87,40.85
960413,74.83,65.87,40.85
866685,74.83,65.87,40.85
979206,74.83,65.87,40.85
967812,74.83,65.87,40.85
992394,74.83,65.87,40.85
992450,74.83,65.87,40.85
989751,74.83,65.87,40.85
990776,74.83,65.87,40.85
992623,74.83,65.87,40.85
989568,74.84,65.87,40.85
990456,74.84,65.87,40.85
991258,74.84,65.87,40.85
992493,74.83,65.87,40.85
991472,74.83,65.87,40.85
988580,74.84,65.87,40.85
989531,74.84,65.87,40.85
990321,74.84,65.87,40.85
991555,74.83,65.87,40.85
974948,74.85,65.87,40.85
980070,74.84,65.87,40.85
962645,74.85,65.87,40.85
909886,74.85,65.87,40.85
973085,74.84,65.87,40.85
939733,74.84,65.87,40.85
983315,74.84,65.87,40.85
985517,74.84,65.87,40.85
978602,74.84,65.87,40.85
953592,74.84,65.87,40.85
982014,74.84,65.87,40.85
959914,74.84,65.87,40.85
460014,74.83,65.87,40.85
905459,74.83,65.87,40.85
54320,74.83,65.87,40.85
65944,74.83,65.87,40.85
319766,74.83,65.87,40.85
551209,74.83,65.87,40.85
920515,74.83,65.87,40.85
983522,74.83,65.87,40.85
984032,74.84,65.87,40.85
962120,74.84,65.87,40.85
985115,74.84,65.87,40.85
960541,74.84,65.87,40.85
985575,74.84,65.87,40.85
950618,74.84,65.87,40.85
986214,74.83,65.87,40.85
989163,74.83,65.87,40.85
987028,74.84,65.87,40.85
988079,74.84,65.87,40.85
988793,74.84,65.87,40.85
989836,74.83,65.87,40.85
964558,74.83,65.87,40.85
975100,74.83,65.87,40.85
953992,74.83,65.87,40.85
886717,74.83,65.87,40.85
969288,74.82,65.87,40.86
984455,74.83,65.87,40.86
925765,74.82,65.87,40.86
980555,74.83,65.87,40.86
986615,74.85,65.87,40.86
987895,74.84,65.87,40.86
986245,74.85,65.87,40.86
987687,74.84,65.87,40.86
988957,74.84,65.87,40.86
989869,74.84,65.87,40.86
988843,74.84,65.87,40.86
989806,74.84,65.87,40.86
985151,74.83,65.87,40.86
986615,74.83,65.87,40.86
990686,74.84,65.87,40.86
991494,74.84,65.87,40.86
990648,74.84,65.87,40.86
991456,74.84,65.87,40.86
986940,74.83,65.87,40.86
987736,74.83,65.87,40.86
994950,74.83,65.87,40.86
992352,74.84,65.87,40.86
993670,74.83,65.87,40.86
994107,74.83,65.87,40.86
994393,74.83,65.87,40.86
994721,74.83,65.87,40.86
992294,74.84,65.87,40.86
993582,74.83,65.87,40.86
993975,74.83,65.87,40.86
994210,74.83,65.87,40.86
756350,74.82,65.87,40.86
972240,74.83,65.87,40.86
396919,74.82,65.87,40.86
941620,74.83,65.87,40.86
984572,74.85,65.87,40.86
986572,74.84,65.87,40.86
985604,74.85,65.87,40.86
987273,74.84,65.87,40.86
988562,74.84,65.87,40.86
989602,74.84,65.87,40.86
988051,74.84,65.87,40.86
989203,74.84,65.87,40.86
977672,74.83,65.87,40.86
982627,74.83,65.87,40.86
990483,74.84,65.87,40.86
991302,74.84,65.87,40.86
990150,74.84,65.87,40.86
990994,74.84,65.87,40.86
983442,74.83,65.87,40.86
985650,74.83,65.87,40.86
994343,74.83,65.87,40.86
992123,74.84,65.87,40.86
993388,74.83,65.87,40.86
993724,74.83,65.87,40.86
993891,74.83,65.87,40.86
993689,74.83,65.87,40.86
991805,74.84,65.87,40.86
993056,74.83,65.87,40.86
993311,74.83,65.87,40.86
993359,74.83,65.87,40.86
496082,74.82,65.87,40.87
721916,74.82,65.87,40.87
934045,74.82,65.87,40.87
856126,74.82,65.87,40.87
27354,74.82,65.87,40.88
604,74.82,65.87,40.88
488442,74.82,65.87,40.88
1440,74.82,65.87,40.88
284458,74.82,65.87,40.88
485509,74.82,65.87,40.88
22155,74.82,65.87,40.87
458092,74.82,65.87,40.86
708612,74.82,65.87,40.86
930769,74.82,65.87,40.86
847925,74.82,65.87,40.86
954630,74.82,65.87,40.87
960922,74.82,65.87,40.87
959539,74.82,65.87,40.87
952686,74.82,65.87,40.87
40503,74.83,65.87,40.85
11895,74.83,65.87,40.85
242247,74.83,65.87,40.85
48542,74.83,65.87,40.85
529,74.82,65.87,40.85
390469,74.82,65.87,40.86
67835,74.82,65.87,40.86
463,74.82,65.87,40.86
273865,74.82,65.87,40.86
1119,74.82,65.87,40.86
458415,74.82,65.87,40.86
20920,74.82,65.87,40.86
843,74.82,65.87,40.86
385,74.82,65.87,40.85
310,74.82,65.87,40.85
33099,74.82,65.87,40.85
385,74.82,65.87,40.85
419,74.82,65.87,40.85
32906,74.82,65.87,40.86
339,74.82,65.87,40.86
91978,74.82,65.87,40.85
746,74.82,65.87,40.85
167961,74.82,65.87,40.86
527,74.83,65.87,40.85
445,74.83,65.87,40.84
703,74.83,65.87,40.85
455,74.83,65.87,40.85
497,74.83,65.87,40.84
360,74.83,65.87,40.85
322,74.83,65.87,40.85
651,74.83,65.87,40.85
295,74.82,65.87,40.85
624,74.83,65.87,40.85
298,74.82,65.87,40.85
4986,74.83,65.87,40.85
1046,74.83,65.87,40.85
280,74.82,65.87,40.85
8,74.86,65.87,40.88
9,74.86,65.87,40.87
10,74.86,65.87,40.87
18,74.86,65.87,40.87
13,74.86,65.87,40.87
702,74.86,65.87,40.87
487,74.86,65.87,40.87
15,74.87,65.87,40.87
12,74.87,65.87,40.87
1206,74.86,65.87,40.87
981,74.86,65.87,40.87
20,74.87,65.87,40.87
18,74.87,65.87,40.87
869,74.86,65.87,40.86
23,74.86,65.87,40.86
650,74.86,65.87,40.86
22,74.86,65.87,40.86
1002,74.86,65.87,40.86
1181,74.86,65.87,40.86
22,74.87,65.87,40.86
21,74.87,65.87,40.86
6,74.86,65.87,40.88
5,74.86,65.87,40.89
7,74.86,65.87,40.88
220,74.86,65.87,40.88
1544,74.86,65.87,40.88
262,74.86,65.87,40.88
7,74.86,65.87,40.88
6,74.86,65.87,40.88
7536,74.86,65.87,40.88
10,74.86,65.87,40.88
605,74.86,65.87,40.88
39681,74.86,65.87,40.88
32,74.86,65.87,40.88
4704,74.86,65.87,40.88
10,74.86,65.87,40.88
7,74.86,65.87,40.88
4,74.86,65.87,40.89
4,74.85,65.87,40.89
4,74.85,65.87,40.89
4,74.85,65.87,40.89
55,74.85,65.87,40.89
246,74.85,65.87,40.89
3,74.84,65.87,40.89
4,74.85,65.87,40.89
16,74.85,65.87,40.89
33,74.85,65.87,40.89
4,74.85,65.87,40.89
54,74.85,65.87,40.89
4,74.85,65.87,40.89
4,74.85,65.87,40.89
4,74.85,65.87,40.89
9,74.84,65.87,40.89
18,74.83,65.87,40.89
130,74.85,65.87,40.89
391,74.85,65.87,40.89
1367,74.85,65.87,40.89
4260,74.85,65.87,40.89
1076,74.85,65.87,40.89
2289,74.84,65.87,40.89
9725,74.85,65.87,40.89
19029,74.84,65.87,40.89
6,74.83,65.87,40.89
3338,74.84,65.87,40.89
3548,74.84,65.87,40.89
2928,74.84,65.87,40.89
1008,74.84,65.87,40.89
357,74.84,65.87,40.89
1264,74.83,65.87,40.89
28560,74.84,65.87,40.89
31708,74.84,65.87,40.89
27052,74.84,65.87,40.89
13252,74.84,65.87,40.89
5203,74.84,65.87,40.89
4,74.85,65.87,40.89
4,74.85,65.87,40.89
121,74.85,65.87,40.89
231,74.84,65.87,40.89
4,74.85,65.87,40.89
4,74.84,65.87,40.89
4,74.85,65.87,40.89
330,74.84,65.87,40.89
299,74.84,65.87,40.89
4,74.84,65.87,40.89
4,74.84,65.87,40.89
3,74.84,65.87,40.89
259648,74.86,65.87,40.88
716725,74.86,65.87,40.88
86363,74.86,65.87,40.88
409954,74.86,65.87,40.88
41368,74.86,65.87,40.88
19329,74.86,65.87,40.88
167665,74.86,65.87,40.88
921903,74.85,65.87,40.88
959033,74.85,65.87,40.88
822775,74.85,65.87,40.88
938845,74.85,65.87,40.88
963347,74.85,65.87,40.88
973766,74.85,65.87,40.88
971529,74.85,65.87,40.88
977987,74.85,65.87,40.88
554392,74.85,65.87,40.88
861909,74.85,65.87,40.88
214872,74.85,65.87,40.88
600262,74.85,65.87,40.88
862028,74.85,65.87,40.88
941516,74.85,65.87,40.88
943569,74.85,65.87,40.88
965920,74.85,65.87,40.88
4,74.86,65.87,40.89
4,74.86,65.87,40.89
2469,74.85,65.87,40.89
79,74.85,65.87,40.89
430,74.85,65.87,40.89
21505,74.85,65.87,40.89
88,74.86,65.87,40.89
647,74.85,65.87,40.89
4956,74.85,65.87,40.89
5,74.86,65.87,40.89
145,74.86,65.87,40.89
9,74.86,65.87,40.89
592,74.86,65.87,40.88
2953,74.86,65.87,40.88
154693,74.85,65.87,40.89
691,74.86,65.87,40.89
6419,74.85,65.87,40.89
36858,74.85,65.87,40.89
535072,74.85,65.87,40.88
6215,74.86,65.87,40.88
47461,74.85,65.87,40.88
199499,74.85,65.87,40.88
12317,74.85,65.87,40.89
36331,74.85,65.87,40.89
81389,74.85,65.87,40.89
197091,74.85,65.87,40.89
703141,74.85,65.87,40.88
853769,74.85,65.87,40.88
322383,74.85,65.87,40.89
577123,74.85,65.87,40.89
74772,74.85,65.87,40.89
126963,74.84,65.87,40.89
345259,74.85,65.87,40.89
494093,74.84,65.87,40.89
603064,74.84,65.87,40.89
648394,74.84,65.87,40.89
183657,74.84,65.87,40.89
202363,74.84,65.87,40.89
628,74.83,65.87,40.89
185135,74.84,65.87,40.89
114230,74.84,65.87,40.89
57130,74.84,65.87,40.89
18349,74.83,65.87,40.89
5549,74.83,65.87,40.89
9211,74.83,65.87,40.89
636300,74.84,65.87,40.89
549515,74.84,65.87,40.89
378003,74.84,65.87,40.89
173448,74.83,65.87,40.89
59421,74.83,65.87,40.89
759502,74.85,65.87,40.89
842463,74.84,65.87,40.89
880922,74.84,65.87,40.89
897069,74.84,65.87,40.89
529977,74.83,65.87,40.88
814662,74.83,65.87,40.89
97840,74.83,65.87,40.89
899817,74.84,65.87,40.89
887547,74.84,65.87,40.89
835968,74.84,65.87,40.89
674737,74.83,65.87,40.89
374817,74.83,65.87,40.89
981854,74.85,65.87,40.88
984470,74.84,65.87,40.88
979307,74.85,65.87,40.88
982719,74.84,65.87,40.88
986412,74.84,65.87,40.88
987930,74.84,65.87,40.88
985103,74.84,65.87,40.88
986884,74.84,65.87,40.88
992718,74.83,65.87,40.88
992797,74.83,65.87,40.88
990231,74.83,65.87,40.88
991225,74.83,65.87,40.88
991836,74.83,65.87,40.88
988297,74.84,65.87,40.88
989476,74.84,65.87,40.88
990480,74.84,65.87,40.88
991839,74.83,65.87,40.88
992887,74.83,65.87,40.88
989181,74.84,65.87,40.88
990278,74.84,65.87,40.88
991274,74.84,65.87,40.88
992649,74.83,65.87,40.88
974836,74.85,65.87,40.88
979704,74.84,65.87,40.88
916373,74.85,65.87,40.88
964641,74.85,65.87,40.88
942444,74.84,65.87,40.88
973583,74.84,65.87,40.88
982921,74.84,65.87,40.88
985190,74.84,65.87,40.88
954653,74.84,65.87,40.88
978710,74.84,65.87,40.88
960408,74.84,65.87,40.88
982007,74.84,65.87,40.88
83952,74.83,65.87,40.88
615045,74.83,65.87,40.88
497550,74.83,65.87,40.88
914893,74.83,65.87,40.88
989691,74.83,65.87,40.88
986881,74.84,65.87,40.88
988194,74.84,65.87,40.88
989169,74.84,65.87,40.88
990318,74.83,65.87,40.88
919924,74.83,65.87,40.88
983767,74.83,65.87,40.88
984161,74.84,65.87,40.88
963024,74.84,65.87,40.88
985646,74.84,65.87,40.88
962912,74.84,65.87,40.88
986526,74.84,65.87,40.88
954690,74.84,65.87,40.89
987000,74.83,65.87,40.88
967382,74.83,65.87,40.88
976668,74.83,65.87,40.88
956005,74.83,65.87,40.88
900999,74.83,65.87,40.88
282,74.84,65.87,40.89
55,74.84,65.87,40.89
4,74.84,65.87,40.89
6,74.84,65.87,40.89
4,74.84,65.87,40.89
4,74.84,65.87,40.89
66,74.83,65.87,40.89
4,74.83,65.87,40.89
3,74.83,65.87,40.89
5,74.83,65.87,40.89
365,74.83,65.87,40.89
66872,74.83,65.87,40.89
356103,74.83,65.87,40.88
979787,74.83,65.87,40.88
961946,74.83,65.87,40.88
654674,74.82,65.87,40.88
969287,74.83,65.87,40.88
881940,74.83,65.87,40.88
274196,74.83,65.87,40.88
54,74.83,65.87,40.89
4,74.83,65.87,40.89
226,74.83,65.87,40.89
5328,74.83,65.87,40.89
62,74.83,65.87,40.89
5,74.83,65.87,40.89
768,74.83,65.87,40.89
9,74.83,65.87,40.89
5757,74.83,65.87,40.89
68083,74.83,65.87,40.89
832,74.83,65.87,40.89
10,74.83,65.87,40.89
15016,74.83,65.87,40.88
70,74.83,65.87,40.89
23,74.83,65.87,40.88
41549,74.83,65.87,40.88
9211,74.83,65.87,40.88
37,74.82,65.87,40.88
252195,74.83,65.87,40.88
40213,74.83,65.87,40.88
214,74.82,65.87,40.88
26195,74.82,65.87,40.88
78820,74.82,65.87,40.88
431,74.82,65.87,40.88
4,74.83,65.87,40.89
159,74.82,65.87,40.88
459,74.82,65.87,40.88
68,74.82,65.87,40.88
99,74.82,65.87,40.88
1050,74.82,65.87,40.87
2134,74.82,65.87,40.87
11347,74.82,65.87,40.87
721,74.82,65.87,40.88
2946,74.82,65.87,40.87
2513,74.82,65.87,40.86
10049,74.82,65.87,40.86
3000,74.82,65.87,40.86
2463,74.82,65.87,40.87
1138,74.82,65.87,40.86
587,74.82,65.87,40.86
7932,74.86,65.87,40.88
31287,74.86,65.87,40.88
8,74.86,65.87,40.88
527,74.86,65.87,40.88
2297,74.86,65.87,40.88
8,74.86,65.87,40.88
11,74.86,65.87,40.88
11,74.86,65.87,40.88
268,74.86,65.87,40.88
3681,74.86,65.87,40.88
13,74.86,65.87,40.88
562,74.86,65.87,40.88
9663,74.86,65.87,40.88
21,74.86,65.87,40.87
1305,74.86,65.87,40.87
3377,74.86,65.87,40.87
22089,74.86,65.87,40.87
54028,74.86,65.87,40.87
12517,74.86,65.87,40.87
7754,74.86,65.87,40.87
41,74.85,65.87,40.84
45,74.85,65.87,40.84
48,74.84,65.87,40.84
42,74.84,65.87,40.84
41,74.85,65.87,40.84
90,74.84,65.87,40.84
55,74.84,65.87,40.84
67,74.84,65.87,40.84
46,74.84,65.87,40.84
130,74.84,65.87,40.84
481,74.86,65.87,40.85
30,74.86,65.87,40.85
26,74.86,65.87,40.85
777,74.86,65.87,40.85
39,74.86,65.87,40.85
1365,74.86,65.87,40.85
37,74.86,65.87,40.85
1237,74.86,65.87,40.86
771,74.86,65.87,40.86
7138,74.86,65.87,40.86
3451,74.86,65.87,40.86
48,74.86,65.87,40.86
45,74.86,65.87,40.86
5671,74.86,65.87,40.86
58,74.86,65.87,40.86
2752,74.86,65.87,40.86
49,74.86,65.87,40.86
28759,74.86,65.87,40.86
14737,74.86,65.87,40.86
21,74.86,65.87,40.85
10492,74.86,65.87,40.87
8093,74.86,65.87,40.87
12646,74.86,65.87,40.87
12113,74.86,65.87,40.87
10282,74.86,65.87,40.86
11951,74.86,65.87,40.86
5311,74.86,65.87,40.86
38211,74.86,65.87,40.86
8041,74.86,65.87,40.86
57935,74.86,65.87,40.86
119284,74.86,65.87,40.87
111254,74.86,65.87,40.87
762469,74.86,65.87,40.87
206368,74.86,65.87,40.87
741039,74.86,65.87,40.87
189778,74.86,65.87,40.87
953794,74.86,65.87,40.87
952010,74.86,65.87,40.87
974954,74.86,65.87,40.87
982259,74.85,65.87,40.87
986372,74.85,65.87,40.87
974562,74.86,65.87,40.87
982132,74.85,65.87,40.87
986350,74.85,65.87,40.87
119031,74.86,65.87,40.87
108751,74.86,65.87,40.87
746341,74.86,65.87,40.87
193186,74.86,65.87,40.87
763904,74.86,65.87,40.87
207424,74.86,65.87,40.87
952747,74.86,65.87,40.87
953981,74.86,65.87,40.87
974797,74.86,65.87,40.87
982149,74.85,65.87,40.87
986253,74.85,65.87,40.87
975045,74.86,65.87,40.87
982272,74.85,65.87,40.87
986341,74.85,65.87,40.87
981639,74.85,65.87,40.87
981517,74.85,65.87,40.87
983745,74.85,65.87,40.87
985256,74.85,65.87,40.87
983852,74.85,65.87,40.87
985351,74.85,65.87,40.87
981688,74.85,65.87,40.87
981673,74.85,65.87,40.87
983976,74.85,65.87,40.87
985524,74.85,65.87,40.87
983927,74.85,65.87,40.87
985439,74.85,65.87,40.87
986403,74.85,65.87,40.87
987396,74.84,65.87,40.87
986484,74.85,65.87,40.87
987460,74.84,65.87,40.87
988324,74.84,65.87,40.87
989201,74.84,65.87,40.87
988370,74.84,65.87,40.87
989230,74.84,65.87,40.87
986678,74.85,65.87,40.87
987655,74.84,65.87,40.87
986576,74.85,65.87,40.87
987547,74.84,65.87,40.87
988552,74.84,65.87,40.87
989390,74.84,65.87,40.87
988447,74.84,65.87,40.87
989293,74.84,65.87,40.87
990052,74.84,65.87,40.87
990953,74.84,65.87,40.87
990066,74.84,65.87,40.87
990955,74.84,65.87,40.87
995271,74.83,65.87,40.87
994524,74.83,65.87,40.87
994074,74.83,65.87,40.87
991957,74.84,65.87,40.87
993473,74.83,65.87,40.87
995266,74.83,65.87,40.87
994515,74.83,65.87,40.87
994065,74.83,65.87,40.87
991952,74.84,65.87,40.87
993465,74.83,65.87,40.87
989044,74.83,65.87,40.87
989008,74.83,65.87,40.87
989065,74.83,65.87,40.87
986698,74.82,65.87,40.87
975944,74.82,65.87,40.87
989046,74.83,65.87,40.87
988996,74.83,65.87,40.87
989000,74.83,65.87,40.87
986336,74.82,65.87,40.87
972531,74.82,65.87,40.87
990202,74.84,65.87,40.87
991064,74.84,65.87,40.87
990116,74.84,65.87,40.87
990993,74.84,65.87,40.87
995262,74.83,65.87,40.87
994516,74.83,65.87,40.87
994071,74.83,65.87,40.87
991978,74.84,65.87,40.87
993479,74.83,65.87,40.87
995258,74.83,65.87,40.87
994524,74.83,65.87,40.87
994092,74.83,65.87,40.87
992032,74.84,65.87,40.87
993513,74.83,65.87,40.87
989026,74.83,65.87,40.87
988984,74.83,65.87,40.87
989039,74.83,65.87,40.87
986634,74.82,65.87,40.87
975419,74.82,65.87,40.87
988996,74.83,65.87,40.87
988926,74.83,65.87,40.87
988921,74.83,65.87,40.87
986169,74.82,65.87,40.87
971440,74.82,65.87,40.87
243347,74.86,65.87,40.86
716450,74.86,65.87,40.86
985695,74.85,65.87,40.86
921668,74.86,65.87,40.86
969831,74.86,65.87,40.86
980695,74.85,65.87,40.86
984990,74.85,65.87,40.86
884771,74.86,65.87,40.86
965074,74.86,65.87,40.86
979231,74.85,65.87,40.86
96662,74.86,65.87,40.86
78088,74.86,65.87,40.86
698004,74.86,65.87,40.86
160834,74.86,65.87,40.86
795319,74.86,65.87,40.86
332560,74.86,65.87,40.86
627693,74.86,65.87,40.86
126188,74.86,65.87,40.86
948062,74.86,65.87,40.86
939647,74.86,65.87,40.86
972413,74.86,65.87,40.86
981460,74.85,65.87,40.86
986076,74.85,65.87,40.86
973789,74.86,65.87,40.86
981883,74.85,65.87,40.86
986264,74.85,65.87,40.86
980883,74.85,65.87,40.86
980060,74.85,65.87,40.86
983676,74.85,65.87,40.86
985523,74.85,65.87,40.86
983260,74.85,65.87,40.86
985330,74.85,65.87,40.86
981577,74.85,65.87,40.86
981336,74.85,65.87,40.86
983973,74.85,65.87,40.86
985580,74.85,65.87,40.86
983891,74.85,65.87,40.86
985592,74.85,65.87,40.86
961069,74.82,65.87,40.86
942729,74.82,65.87,40.86
900300,74.82,65.87,40.86
768023,74.82,65.87,40.86
827819,74.82,65.87,40.86
658447,74.82,65.87,40.86
981801,74.82,65.87,40.86
987694,74.83,65.87,40.86
978470,74.82,65.87,40.86
986545,74.83,65.87,40.86
986863,74.85,65.87,40.86
987946,74.84,65.87,40.86
986802,74.85,65.87,40.86
987967,74.84,65.87,40.86
988896,74.84,65.87,40.86
989748,74.84,65.87,40.86
988961,74.84,65.87,40.86
989837,74.84,65.87,40.86
988207,74.83,65.87,40.86
987579,74.83,65.87,40.86
988605,74.83,65.87,40.86
988263,74.83,65.87,40.86
995094,74.83,65.87,40.86
994493,74.83,65.87,40.86
995181,74.83,65.87,40.86
994534,74.83,65.87,40.86
994167,74.83,65.87,40.86
990642,74.84,65.87,40.86
991457,74.84,65.87,40.86
992339,74.84,65.87,40.86
993691,74.83,65.87,40.86
994172,74.83,65.87,40.86
990545,74.84,65.87,40.86
991368,74.84,65.87,40.86
992275,74.84,65.87,40.86
993663,74.83,65.87,40.86
985263,74.82,65.87,40.86
988713,74.83,65.87,40.86
983930,74.82,65.87,40.86
988351,74.83,65.87,40.86
986770,74.85,65.87,40.86
987764,74.84,65.87,40.86
986840,74.85,65.87,40.86
987869,74.84,65.87,40.86
988790,74.84,65.87,40.86
989631,74.84,65.87,40.86
988665,74.84,65.87,40.86
989502,74.84,65.87,40.86
988810,74.83,65.87,40.86
988594,74.83,65.87,40.86
988933,74.83,65.87,40.86
988816,74.83,65.87,40.86
995229,74.83,65.87,40.86
994545,74.83,65.87,40.86
995250,74.83,65.87,40.86
994535,74.83,65.87,40.86
994121,74.83,65.87,40.86
990307,74.84,65.87,40.86
991156,74.84,65.87,40.86
992106,74.84,65.87,40.86
993561,74.83,65.87,40.86
994155,74.83,65.87,40.86
990429,74.84,65.87,40.86
991263,74.84,65.87,40.86
992192,74.84,65.87,40.86
993616,74.83,65.87,40.86
234136,74.86,65.87,40.87
725240,74.86,65.87,40.87
985323,74.85,65.87,40.87
980518,74.85,65.87,40.87
970115,74.86,65.87,40.87
923711,74.86,65.87,40.87
984527,74.85,65.87,40.87
978994,74.85,65.87,40.87
965333,74.86,65.87,40.87
888695,74.86,65.87,40.87
708512,74.86,65.87,40.87
162205,74.86,65.87,40.87
639102,74.86,65.87,40.87
113129,74.86,65.87,40.87
800934,74.86,65.87,40.87
324512,74.86,65.87,40.87
986085,74.85,65.87,40.87
949376,74.86,65.87,40.87
974110,74.86,65.87,40.87
981867,74.85,65.87,40.87
985800,74.85,65.87,40.87
941384,74.86,65.87,40.87
972723,74.86,65.87,40.87
981368,74.85,65.87,40.87
979450,74.85,65.87,40.87
980377,74.85,65.87,40.87
982463,74.85,65.87,40.87
984448,74.85,65.87,40.87
983006,74.85,65.87,40.87
984774,74.85,65.87,40.87
981307,74.85,65.87,40.87
980947,74.85,65.87,40.87
983361,74.85,65.87,40.87
984992,74.85,65.87,40.87
983590,74.85,65.87,40.87
985140,74.85,65.87,40.87
906885,74.82,65.87,40.87
791091,74.82,65.87,40.87
962892,74.82,65.87,40.87
945763,74.82,65.87,40.87
979640,74.82,65.87,40.87
986981,74.83,65.87,40.87
982344,74.82,65.87,40.87
987992,74.83,65.87,40.87
985917,74.85,65.87,40.87
987142,74.84,65.87,40.87
986105,74.85,65.87,40.87
987236,74.84,65.87,40.87
988242,74.84,65.87,40.87
989245,74.84,65.87,40.87
988272,74.84,65.87,40.87
989232,74.84,65.87,40.87
987939,74.83,65.87,40.87
988470,74.83,65.87,40.87
988547,74.83,65.87,40.87
988811,74.83,65.87,40.87
995182,74.83,65.87,40.87
994544,74.83,65.87,40.87
995242,74.83,65.87,40.87
994561,74.83,65.87,40.87
994160,74.83,65.87,40.87
990185,74.84,65.87,40.87
991135,74.84,65.87,40.87
992142,74.84,65.87,40.87
993607,74.83,65.87,40.87
994150,74.83,65.87,40.87
990143,74.84,65.87,40.87
991079,74.84,65.87,40.87
992091,74.84,65.87,40.87
993576,74.83,65.87,40.87
984235,74.82,65.87,40.87
988551,74.83,65.87,40.87
985486,74.82,65.87,40.87
988846,74.83,65.87,40.87
986231,74.85,65.87,40.87
987297,74.84,65.87,40.87
986320,74.85,65.87,40.87
987342,74.84,65.87,40.87
988286,74.84,65.87,40.87
989212,74.84,65.87,40.87
988296,74.84,65.87,40.87
989194,74.84,65.87,40.87
988781,74.83,65.87,40.87
988933,74.83,65.87,40.87
988960,74.83,65.87,40.87
989025,74.83,65.87,40.87
995270,74.83,65.87,40.87
994556,74.83,65.87,40.87
995274,74.83,65.87,40.87
994538,74.83,65.87,40.87
994126,74.83,65.87,40.87
990100,74.84,65.87,40.87
991024,74.84,65.87,40.87
992036,74.84,65.87,40.87
993538,74.83,65.87,40.87
994094,74.83,65.87,40.87
990062,74.84,65.87,40.87
990975,74.84,65.87,40.87
991985,74.84,65.87,40.87
993497,74.83,65.87,40.87
242979,74.86,65.87,40.88
110830,74.86,65.87,40.88
503679,74.86,65.87,40.88
872128,74.86,65.87,40.88
148450,74.86,65.87,40.88
68162,74.86,65.87,40.88
602506,74.86,65.87,40.88
421046,74.86,65.87,40.88
981393,74.85,65.87,40.88
926430,74.86,65.87,40.88
972248,74.85,65.87,40.88
718583,74.86,65.87,40.88
939891,74.86,65.87,40.88
641077,74.86,65.87,40.88
983280,74.85,65.87,40.88
976533,74.85,65.87,40.88
957299,74.86,65.87,40.88
811563,74.86,65.87,40.88
949875,74.85,65.87,40.88
967863,74.85,65.87,40.88
961198,74.85,65.87,40.88
972803,74.85,65.87,40.88
978648,74.85,65.87,40.88
982141,74.85,65.87,40.88
975931,74.85,65.87,40.88
980513,74.85,65.87,40.88
975955,74.85,65.87,40.88
978064,74.85,65.87,40.88
981644,74.85,65.87,40.88
983953,74.85,65.87,40.88
980442,74.85,65.87,40.88
983226,74.85,65.87,40.88
971410,74.82,65.87,40.88
985078,74.83,65.87,40.88
933530,74.82,65.87,40.88
981615,74.83,65.87,40.88
985174,74.85,65.87,40.88
986704,74.84,65.87,40.88
985620,74.85,65.87,40.88
986973,74.84,65.87,40.88
988002,74.84,65.87,40.88
989132,74.84,65.87,40.88
988157,74.84,65.87,40.88
989217,74.84,65.87,40.88
987092,74.83,65.87,40.88
985800,74.83,65.87,40.88
990192,74.84,65.87,40.88
991156,74.84,65.87,40.88
990147,74.84,65.87,40.88
991128,74.84,65.87,40.88
988106,74.83,65.87,40.88
987416,74.83,65.87,40.88
994878,74.83,65.87,40.88
992126,74.84,65.87,40.88
993551,74.83,65.87,40.88
994040,74.83,65.87,40.88
994341,74.83,65.87,40.88
995069,74.83,65.87,40.88
992157,74.84,65.87,40.88
993601,74.83,65.87,40.88
994128,74.83,65.87,40.88
994477,74.83,65.87,40.88
780512,74.82,65.87,40.88
974362,74.83,65.87,40.88
422166,74.82,65.87,40.88
940254,74.83,65.87,40.88
983451,74.85,65.87,40.88
985564,74.84,65.87,40.88
984487,74.85,65.87,40.88
986258,74.84,65.87,40.88
987214,74.84,65.87,40.88
988557,74.84,65.87,40.88
987704,74.84,65.87,40.88
988924,74.84,65.87,40.88
983473,74.83,65.87,40.88
979090,74.83,65.87,40.88
989703,74.84,65.87,40.88
990745,74.84,65.87,40.88
989995,74.84,65.87,40.88
991001,74.84,65.87,40.88
986229,74.83,65.87,40.88
984076,74.83,65.87,40.88
994539,74.83,65.87,40.88
991995,74.84,65.87,40.88
993400,74.83,65.87,40.88
993838,74.83,65.87,40.88
994072,74.83,65.87,40.88
993918,74.83,65.87,40.88
991738,74.84,65.87,40.88
993129,74.83,65.87,40.88
993491,74.83,65.87,40.88
993608,74.83,65.87,40.88
83,74.86,65.87,40.85
26,74.86,65.87,40.85
25,74.86,65.87,40.84
157428,74.86,65.87,40.86
90289,74.86,65.87,40.86
44222,74.86,65.87,40.86
19409,74.86,65.87,40.86
3316,74.86,65.87,40.85
7711,74.86,65.87,40.85
1281,74.86,65.87,40.85
466,74.86,65.87,40.85
28,74.86,65.87,40.85
359,74.86,65.87,40.85
333,74.86,65.87,40.85
477,74.86,65.87,40.85
1068,74.86,65.87,40.85
410892,74.85,65.87,40.85
6276,74.86,65.87,40.85
39812,74.85,65.87,40.85
162972,74.85,65.87,40.85
128514,74.85,65.87,40.85
1568,74.86,65.87,40.85
5952,74.85,65.87,40.85
35182,74.85,65.87,40.85
24,74.86,65.87,40.85
162,74.86,65.87,40.85
148,74.86,65.87,40.85
85,74.86,65.87,40.85
21,74.86,65.87,40.85
25,74.86,65.87,40.85
22056,74.85,65.87,40.85
414,74.86,65.87,40.85
924,74.85,65.87,40.85
4556,74.85,65.87,40.85
2170,74.85,65.87,40.85
592,74.85,65.87,40.85
275696,74.85,65.87,40.85
483327,74.85,65.87,40.85
670062,74.85,65.87,40.85
75100,74.85,65.87,40.85
11544,74.85,65.87,40.85
174024,74.85,65.87,40.85
316766,74.85,65.87,40.85
33695,74.85,65.87,40.85
75617,74.85,65.87,40.85
28,74.85,65.87,40.84
80,74.85,65.87,40.84
198,74.85,65.87,40.85
31,74.85,65.87,40.84
35,74.85,65.87,40.84
143,74.85,65.87,40.84
258,74.85,65.87,40.84
531,74.83,65.87,40.84
538,74.83,65.87,40.84
543,74.83,65.87,40.84
92,74.85,65.87,40.84
34,74.85,65.87,40.84
40,74.85,65.87,40.84
81,74.85,65.87,40.84
40,74.85,65.87,40.84
50,74.85,65.87,40.84
41,74.85,65.87,40.84
49,74.85,65.87,40.84
40,74.85,65.87,40.84
66,74.85,65.87,40.84
42,74.85,65.87,40.84
61,74.85,65.87,40.84
50,74.85,65.87,40.84
95,74.85,65.87,40.84
57,74.84,65.87,40.84
126,74.84,65.87,40.84
183,74.84,65.87,40.84
473,74.83,65.87,40.84
162,74.84,65.87,40.84
342,74.84,65.87,40.84
216,74.84,65.87,40.84
216,74.84,65.87,40.84
260,74.84,65.87,40.84
288,74.84,65.87,40.84
332,74.84,65.87,40.84
471,74.83,65.87,40.84
425,74.84,65.87,40.84
127,74.84,65.87,40.84
243,74.84,65.87,40.84
304,74.84,65.87,40.84
539,74.83,65.87,40.84
631,74.83,65.87,40.84
700,74.83,65.87,40.84
1801,74.83,65.87,40.84
202,74.85,65.87,40.84
1374,74.85,65.87,40.84
3491,74.85,65.87,40.84
9415,74.85,65.87,40.84
320,74.85,65.87,40.84
745,74.85,65.87,40.84
1439,74.84,65.87,40.84
2264,74.84,65.87,40.84
17374,74.84,65.87,40.84
26918,74.84,65.87,40.84
5431,74.83,65.87,40.84
38885,74.84,65.87,40.84
42675,74.84,65.87,40.84
29718,74.84,65.87,40.84
11375,74.84,65.87,40.84
783,74.83,65.87,40.84
3478,74.84,65.87,40.84
3741,74.84,65.87,40.84
2754,74.84,65.87,40.84
1265,74.84,65.87,40.84
39515,74.83,65.87,40.85
3988,74.83,65.87,40.85
775045,74.84,65.87,40.85
830109,74.84,65.87,40.85
43802,74.83,65.87,40.85
856948,74.84,65.87,40.85
864260,74.84,65.87,40.85
189726,74.83,65.87,40.85
696728,74.83,65.87,40.85
851675,74.83,65.87,40.85
246498,74.83,65.87,40.85
856870,74.84,65.87,40.85
821648,74.84,65.87,40.85
737943,74.83,65.87,40.85
530467,74.83,65.87,40.85
434506,74.84,65.87,40.85
529702,74.84,65.87,40.85
118882,74.84,65.87,40.85
166371,74.84,65.87,40.85
4676,74.83,65.87,40.85
597609,74.84,65.87,40.85
606796,74.84,65.87,40.85
215538,74.84,65.87,40.85
225510,74.84,65.87,40.85
36315,74.83,65.87,40.85
3795,74.83,65.87,40.85
38929,74.83,65.87,40.85
559688,74.84,65.87,40.85
434375,74.84,65.87,40.85
295041,74.83,65.87,40.85
147653,74.83,65.87,40.85
3855,74.83,65.87,40.85
177902,74.84,65.87,40.85
100757,74.84,65.87,40.85
53634,74.83,65.87,40.85
18090,74.83,65.87,40.85
162357,74.86,65.87,40.86
517915,74.86,65.87,40.86
83097,74.86,65.87,40.86
330326,74.86,65.87,40.86
725412,74.86,65.87,40.86
905747,74.85,65.87,40.86
409183,74.86,65.87,40.86
281019,74.86,65.87,40.86
795260,74.86,65.87,40.86
690384,74.86,65.87,40.86
933580,74.85,65.87,40.86
967618,74.85,65.87,40.86
843839,74.86,65.87,40.86
945903,74.86,65.87,40.86
843828,74.86,65.87,40.86
971969,74.85,65.87,40.86
957284,74.86,65.87,40.86
902762,74.86,65.87,40.86
947891,74.85,65.87,40.86
963520,74.85,65.87,40.86
958092,74.85,65.87,40.86
968835,74.85,65.87,40.86
971704,74.85,65.87,40.86
976394,74.85,65.87,40.86
974790,74.85,65.87,40.86
978336,74.85,65.87,40.86
968393,74.85,65.87,40.86
974368,74.85,65.87,40.86
964231,74.85,65.87,40.86
972172,74.85,65.87,40.86
977994,74.85,65.87,40.86
980281,74.85,65.87,40.86
976731,74.85,65.87,40.86
979530,74.85,65.87,40.86
14553,74.86,65.87,40.85
70353,74.86,65.87,40.85
36930,74.86,65.87,40.85
170786,74.86,65.87,40.85
516613,74.86,65.87,40.85
833743,74.85,65.87,40.85
278554,74.86,65.87,40.85
656939,74.85,65.87,40.85
2095,74.86,65.87,40.85
5537,74.86,65.87,40.85
5334,74.86,65.87,40.85
21955,74.86,65.87,40.85
114493,74.86,65.87,40.85
381869,74.85,65.87,40.85
31279,74.86,65.87,40.85
153857,74.85,65.87,40.85
875972,74.85,65.87,40.85
936412,74.85,65.87,40.85
928005,74.85,65.87,40.85
954581,74.85,65.87,40.85
966774,74.85,65.87,40.85
973346,74.85,65.87,40.85
957840,74.85,65.87,40.85
968114,74.85,65.87,40.85
726086,74.85,65.87,40.85
887555,74.85,65.87,40.85
430343,74.85,65.87,40.85
735763,74.85,65.87,40.85
590903,74.85,65.87,40.85
939151,74.85,65.87,40.85
958394,74.85,65.87,40.85
880556,74.85,65.87,40.85
771996,74.85,65.87,40.85
933762,74.85,65.87,40.85
863540,74.85,65.87,40.85
381138,74.82,65.87,40.85
856773,74.83,65.87,40.85
124770,74.82,65.87,40.85
627518,74.83,65.87,40.85
973735,74.85,65.87,40.85
977137,74.84,65.87,40.85
977239,74.85,65.87,40.85
979726,74.84,65.87,40.85
981440,74.84,65.87,40.85
982680,74.84,65.87,40.85
979381,74.84,65.87,40.85
980905,74.84,65.87,40.85
954055,74.83,65.87,40.85
911721,74.83,65.87,40.85
968695,74.83,65.87,40.85
956598,74.83,65.87,40.85
982706,74.83,65.87,40.85
984254,74.83,65.87,40.85
977782,74.83,65.87,40.85
981207,74.83,65.87,40.85
984783,74.83,65.87,40.85
983608,74.84,65.87,40.85
984297,74.84,65.87,40.85
984724,74.84,65.87,40.85
982514,74.83,65.87,40.85
981936,74.84,65.87,40.85
982585,74.84,65.87,40.85
982832,74.84,65.87,40.85
967477,74.85,65.87,40.85
972650,74.84,65.87,40.85
954037,74.85,65.87,40.85
907108,74.84,65.87,40.85
963933,74.84,65.87,40.85
928838,74.84,65.87,40.85
975921,74.84,65.87,40.85
977991,74.84,65.87,40.85
969554,74.84,65.87,40.85
939333,74.84,65.87,40.85
972765,74.84,65.87,40.85
943541,74.84,65.87,40.85
525358,74.83,65.87,40.85
195832,74.83,65.87,40.85
745311,74.83,65.87,40.85
918349,74.83,65.87,40.85
215659,74.83,65.87,40.85
326604,74.83,65.87,40.85
548506,74.83,65.87,40.85
754521,74.83,65.87,40.85
912837,74.83,65.87,40.85
968819,74.83,65.87,40.85
974183,74.84,65.87,40.85
942930,74.84,65.87,40.85
974264,74.84,65.87,40.85
935234,74.84,65.87,40.85
972964,74.84,65.87,40.85
978322,74.83,65.87,40.85
979181,74.84,65.87,40.85
979706,74.84,65.87,40.85
979532,74.84,65.87,40.85
953553,74.83,65.87,40.85
964201,74.83,65.87,40.85
942956,74.83,65.87,40.85
901780,74.83,65.87,40.85
959754,74.82,65.87,40.86
973664,74.83,65.87,40.86
940235,74.82,65.87,40.86
969311,74.83,65.87,40.86
981824,74.85,65.87,40.86
982964,74.84,65.87,40.86
981384,74.85,65.87,40.86
982713,74.84,65.87,40.86
983890,74.84,65.87,40.86
984715,74.84,65.87,40.86
983752,74.84,65.87,40.86
984632,74.84,65.87,40.86
976457,74.83,65.87,40.86
978489,74.83,65.87,40.86
985495,74.84,65.87,40.86
986263,74.84,65.87,40.86
985423,74.84,65.87,40.86
986167,74.84,65.87,40.86
979467,74.83,65.87,40.86
980649,74.83,65.87,40.86
988066,74.83,65.87,40.86
986993,74.84,65.87,40.86
987593,74.83,65.87,40.86
987966,74.83,65.87,40.86
987550,74.83,65.87,40.86
986839,74.84,65.87,40.86
987352,74.83,65.87,40.86
987611,74.83,65.87,40.86
888227,74.82,65.87,40.86
961298,74.83,65.87,40.86
740742,74.82,65.87,40.86
941815,74.83,65.87,40.86
979312,74.85,65.87,40.86
981258,74.84,65.87,40.86
980617,74.85,65.87,40.86
982200,74.84,65.87,40.86
983388,74.84,65.87,40.86
984344,74.84,65.87,40.86
982656,74.84,65.87,40.86
983723,74.84,65.87,40.86
967160,74.83,65.87,40.86
973151,74.83,65.87,40.86
985160,74.84,65.87,40.86
985884,74.84,65.87,40.86
984583,74.84,65.87,40.86
985290,74.84,65.87,40.86
974375,74.83,65.87,40.86
977558,74.83,65.87,40.86
986693,74.83,65.87,40.86
986494,74.84,65.87,40.86
986903,74.83,65.87,40.86
987003,74.83,65.87,40.86
985245,74.83,65.87,40.86
985822,74.84,65.87,40.86
986090,74.83,65.87,40.86
985962,74.83,65.87,40.86
839888,74.82,65.87,40.88
676846,74.82,65.87,40.88
681,74.83,65.87,40.84
42684,74.82,65.87,40.87
149112,74.82,65.87,40.87
337432,74.82,65.87,40.87
244182,74.82,65.87,40.87
177911,74.82,65.87,40.88
33509,74.82,65.87,40.88
119,74.82,65.87,40.88
415491,74.82,65.87,40.88
306,74.82,65.87,40.88
85681,74.82,65.87,40.88
84022,74.82,65.87,40.88
202203,74.82,65.87,40.88
17980,74.82,65.87,40.88
30426,74.82,65.87,40.88
42331,74.82,65.87,40.86
144496,74.82,65.87,40.86
328780,74.82,65.87,40.86
233042,74.82,65.87,40.86
386305,74.82,65.87,40.87
421356,74.82,65.87,40.87
422173,74.82,65.87,40.87
378617,74.82,65.87,40.87
691595,74.82,65.87,40.86
462994,74.82,65.87,40.86
26685,74.82,65.87,40.85
3593,74.82,65.87,40.85
138045,74.82,65.87,40.85
22726,74.82,65.87,40.85
65572,74.82,65.87,40.85
207139,74.82,65.87,40.85
188453,74.82,65.87,40.86
21995,74.82,65.87,40.86
199,74.82,65.87,40.86
72268,74.82,65.87,40.86
188140,74.82,65.87,40.86
22021,74.82,65.87,40.86
28154,74.82,65.87,40.86
330,74.82,65.87,40.86
8642,74.82,65.87,40.85
278,74.82,65.87,40.85
272,74.82,65.87,40.85
237,74.82,65.87,40.85
9815,74.82,65.87,40.85
263,74.82,65.87,40.85
13555,74.82,65.87,40.85
244,74.82,65.87,40.85
9470,74.82,65.87,40.86
227,74.82,65.87,40.86
77649,74.82,65.87,40.86
37991,74.82,65.87,40.85
487,74.83,65.87,40.84
482,74.83,65.87,40.84
408,74.83,65.87,40.84
679,74.83,65.87,40.85
402,74.83,65.87,40.85
457,74.83,65.87,40.84
386,74.83,65.87,40.84
364,74.83,65.87,40.85
367,74.83,65.87,40.85
324,74.82,65.87,40.85
350,74.83,65.87,40.85
598,74.83,65.87,40.85
325,74.82,65.87,40.85
329,74.82,65.87,40.85
333,74.82,65.87,40.85
307,74.82,65.87,40.85
485,74.82,65.87,40.85
3070,74.82,65.87,40.85
552,74.82,65.87,40.85
283,74.82,65.87,40.85
284,74.82,65.87,40.85
20,74.87,65.87,40.86
23,74.87,65.87,40.86
17,74.87,65.87,40.85
7,74.86,65.87,40.88
66,74.86,65.87,40.87
7,74.86,65.87,40.88
91,74.86,65.87,40.87
8,74.86,65.87,40.87
131,74.86,65.87,40.87
8,74.86,65.87,40.87
296,74.86,65.87,40.87
183,74.86,65.87,40.87
10,74.87,65.87,40.87
9,74.87,65.87,40.87
417,74.86,65.87,40.87
277,74.86,65.87,40.87
11,74.87,65.87,40.87
10,74.87,65.87,40.87
632,74.86,65.87,40.87
549,74.86,65.87,40.87
14,74.87,65.87,40.87
12,74.87,65.87,40.87
514,74.86,65.87,40.86
18,74.87,65.87,40.86
18,74.87,65.87,40.86
395,74.86,65.87,40.86
589,74.86,65.87,40.86
636,74.86,65.87,40.86
15,74.87,65.87,40.86
14,74.87,65.87,40.86
69,74.86,65.87,40.88
5,74.86,65.87,40.88
5,74.86,65.87,40.89
24,74.86,65.87,40.89
63,74.86,65.87,40.88
231,74.86,65.87,40.88
1059,74.86,65.87,40.88
7,74.86,65.87,40.88
116,74.86,65.87,40.88
6,74.86,65.87,40.88
5,74.86,65.87,40.88
5731,74.86,65.87,40.88
335,74.86,65.87,40.88
30361,74.86,65.87,40.88
1796,74.86,65.87,40.88
49,74.86,65.87,40.88
183,74.86,65.87,40.88
6,74.86,65.87,40.88
6,74.86,65.87,40.88
4,74.86,65.87,40.89
33,74.86,65.87,40.89
5,74.86,65.87,40.89
4,74.86,65.87,40.89
4,74.85,65.87,40.89
18,74.85,65.87,40.89
11,74.85,65.87,40.89
4,74.85,65.87,40.89
65,74.85,65.87,40.89
326,74.85,65.87,40.89
31,74.84,65.87,40.89
3,74.83,65.87,40.89
3,74.83,65.87,40.89
33,74.85,65.87,40.89
4,74.85,65.87,40.89
4,74.85,65.87,40.89
43,74.85,65.87,40.89
4,74.85,65.87,40.89
4,74.85,65.87,40.89
24,74.85,65.87,40.89
4,74.85,65.87,40.89
61,74.85,65.87,40.89
215,74.85,65.87,40.89
716,74.84,65.87,40.89
606,74.84,65.87,40.89
1255,74.83,65.87,40.89
223,74.85,65.87,40.89
1784,74.85,65.87,40.89
669,74.85,65.87,40.89
1822,74.85,65.87,40.89
6012,74.85,65.87,40.89
15336,74.85,65.87,40.89
3778,74.84,65.87,40.89
6518,74.84,65.87,40.89
29570,74.84,65.87,40.89
47973,74.84,65.87,40.89
308,74.83,65.87,40.89
8104,74.84,65.87,40.89
6607,74.84,65.87,40.89
3989,74.84,65.87,40.89
1559,74.84,65.87,40.89
5921,74.83,65.87,40.89
59685,74.84,65.87,40.89
57071,74.84,65.87,40.89
40354,74.84,65.87,40.89
18912,74.84,65.87,40.89
12,74.85,65.87,40.89
16,74.85,65.87,40.89
4,74.85,65.87,40.89
4,74.85,65.87,40.89
28,74.85,65.87,40.89
452,74.84,65.87,40.89
28,74.84,65.87,40.89
4,74.84,65.87,40.89
4,74.85,65.87,40.89
35,74.85,65.87,40.89
31,74.84,65.87,40.89
862,74.84,65.87,40.89
30,74.84,65.87,40.89
3,74.84,65.87,40.89
3,74.84,65.87,40.9
75,74.84,65.87,40.89
58799,74.86,65.87,40.88
169807,74.86,65.87,40.88
538616,74.86,65.87,40.88
845594,74.85,65.87,40.88
286419,74.86,65.87,40.88
674525,74.85,65.87,40.88
13598,74.86,65.87,40.88
31864,74.86,65.87,40.88
163952,74.85,65.87,40.88
118681,74.86,65.87,40.88
404439,74.85,65.87,40.88
931300,74.85,65.87,40.88
955236,74.85,65.87,40.88
886326,74.85,65.87,40.88
939427,74.85,65.87,40.88
958422,74.85,65.87,40.88
967896,74.85,65.87,40.88
966337,74.85,65.87,40.88
972526,74.85,65.87,40.88
750434,74.85,65.87,40.88
897597,74.85,65.87,40.88
460248,74.85,65.87,40.88
761110,74.85,65.87,40.88
890723,74.85,65.87,40.88
938259,74.85,65.87,40.88
942460,74.85,65.87,40.88
959623,74.85,65.87,40.88
4,74.86,65.87,40.89
33,74.86,65.87,40.89
20,74.86,65.87,40.89
4,74.86,65.87,40.89
3155,74.85,65.87,40.89
112,74.85,65.87,40.89
561,74.85,65.87,40.89
25746,74.85,65.87,40.89
196,74.86,65.87,40.89
775,74.85,65.87,40.89
5244,74.85,65.87,40.89
91,74.86,65.87,40.89
426,74.86,65.87,40.88
2553,74.86,65.87,40.88
137397,74.85,65.87,40.89
820,74.86,65.87,40.89
6360,74.85,65.87,40.89
37322,74.85,65.87,40.89
426060,74.85,65.87,40.88
5330,74.86,65.87,40.88
42655,74.85,65.87,40.88
166531,74.85,65.87,40.88
14413,74.85,65.87,40.89
82512,74.85,65.87,40.89
42762,74.85,65.87,40.89
91779,74.85,65.87,40.89
188322,74.85,65.87,40.89
336924,74.85,65.87,40.89
607179,74.85,65.87,40.88
283783,74.85,65.87,40.89
783230,74.85,65.87,40.88
871789,74.85,65.87,40.88
498308,74.85,65.87,40.89
687190,74.85,65.87,40.89
151397,74.84,65.87,40.89
219848,74.84,65.87,40.89
474767,74.84,65.87,40.89
580293,74.84,65.87,40.89
635707,74.84,65.87,40.89
647221,74.84,65.87,40.89
262770,74.84,65.87,40.89
264106,74.84,65.87,40.89
3432,74.83,65.87,40.89
217986,74.84,65.87,40.89
136585,74.84,65.87,40.89
65819,74.83,65.87,40.89
18901,74.83,65.87,40.89
46728,74.83,65.87,40.89
609305,74.84,65.87,40.89
504495,74.84,65.87,40.89
329582,74.83,65.87,40.89
160132,74.83,65.87,40.89
789832,74.84,65.87,40.89
841221,74.84,65.87,40.89
865013,74.84,65.87,40.89
872614,74.84,65.87,40.89
699889,74.83,65.87,40.88
850888,74.83,65.87,40.88
269671,74.83,65.87,40.89
866207,74.84,65.87,40.89
835200,74.84,65.87,40.89
746212,74.83,65.87,40.89
546027,74.83,65.87,40.89
976306,74.85,65.87,40.88
978838,74.84,65.87,40.88
973194,74.85,65.87,40.88
976527,74.84,65.87,40.88
980684,74.84,65.87,40.88
982131,74.84,65.87,40.88
978834,74.84,65.87,40.88
980537,74.84,65.87,40.88
983560,74.83,65.87,40.88
984969,74.83,65.87,40.88
979016,74.83,65.87,40.88
982193,74.83,65.87,40.88
983326,74.83,65.87,40.88
981846,74.84,65.87,40.88
982828,74.84,65.87,40.88
983400,74.84,65.87,40.88
985315,74.83,65.87,40.88
983323,74.84,65.87,40.88
984304,74.84,65.87,40.88
985017,74.84,65.87,40.88
967752,74.85,65.87,40.88
972552,74.84,65.87,40.88
911524,74.84,65.87,40.88
955943,74.85,65.87,40.88
930999,74.84,65.87,40.88
964657,74.84,65.87,40.88
975718,74.84,65.87,40.88
977889,74.84,65.87,40.88
940451,74.84,65.87,40.88
969860,74.84,65.87,40.88
944533,74.84,65.87,40.88
972997,74.84,65.87,40.88
370026,74.83,65.87,40.88
780111,74.83,65.87,40.88
765595,74.83,65.87,40.88
924666,74.83,65.87,40.88
979649,74.83,65.87,40.88
979389,74.84,65.87,40.88
980341,74.84,65.87,40.88
980582,74.84,65.87,40.88
916213,74.83,65.87,40.88
970579,74.83,65.87,40.88
974809,74.84,65.87,40.88
944908,74.84,65.87,40.88
975588,74.84,65.87,40.88
939098,74.84,65.87,40.88
974817,74.84,65.87,40.88
956750,74.83,65.87,40.88
966529,74.83,65.87,40.88
945906,74.83,65.87,40.88
908493,74.83,65.87,40.88
279,74.84,65.87,40.89
35,74.84,65.87,40.89
101,74.84,65.87,40.89
70,74.84,65.87,40.89
3,74.84,65.87,40.89
3,74.84,65.87,40.89
3,74.84,65.87,40.89
3,74.84,65.87,40.89
3,74.84,65.87,40.89
3,74.84,65.87,40.89
30,74.83,65.87,40.89
78,74.83,65.87,40.89
3,74.83,65.87,40.89
3,74.83,65.87,40.89
3,74.83,65.87,40.89
153,74.83,65.87,40.89
2798,74.83,65.87,40.89
37457,74.83,65.87,40.89
202218,74.83,65.87,40.89
562863,74.83,65.87,40.88
48604,74.83,65.87,40.89
241514,74.83,65.87,40.88
213923,74.83,65.87,40.88
368961,74.82,65.87,40.88
970222,74.83,65.87,40.88
955867,74.83,65.87,40.88
858005,74.83,65.87,40.88
112184,74.82,65.87,40.88
958984,74.83,65.87,40.88
918695,74.83,65.87,40.88
542114,74.83,65.87,40.88
624040,74.83,65.87,40.88
6,74.83,65.87,40.89
27,74.83,65.87,40.89
4,74.83,65.87,40.89
4,74.83,65.87,40.89
189,74.83,65.87,40.89
3946,74.83,65.87,40.89
5,74.83,65.87,40.89
31,74.83,65.87,40.89
286,74.83,65.87,40.89
6,74.83,65.87,40.89
3431,74.83,65.87,40.89
44247,74.83,65.87,40.88
6,74.82,65.87,40.89
286,74.83,65.87,40.89
7,74.82,65.87,40.89
4365,74.83,65.87,40.88
630,74.83,65.87,40.88
9,74.82,65.87,40.88
23221,74.82,65.87,40.88
1988,74.82,65.87,40.88
15,74.82,65.87,40.88
133520,74.82,65.87,40.88
17528,74.82,65.87,40.88
55193,74.82,65.87,40.88
196350,74.82,65.87,40.88
2398,74.82,65.87,40.88
6068,74.82,65.87,40.88
33139,74.82,65.87,40.88
11284,74.82,65.87,40.88
4,74.83,65.87,40.89
5,74.83,65.87,40.89
31,74.82,65.87,40.88
71,74.82,65.87,40.88
76,74.82,65.87,40.88
19,74.82,65.87,40.88
32,74.82,65.87,40.88
11,74.82,65.87,40.88
14,74.82,65.87,40.88
241,74.82,65.87,40.87
694,74.82,65.87,40.87
349,74.82,65.87,40.87
2574,74.82,65.87,40.87
157,74.82,65.87,40.88
2610,74.82,65.87,40.87
145,74.82,65.87,40.87
2276,74.82,65.87,40.87
2537,74.82,65.87,40.87
488,74.82,65.87,40.86
2727,74.82,65.87,40.86
791,74.82,65.87,40.86
600,74.82,65.87,40.87
388,74.82,65.87,40.86
275,74.82,65.87,40.86
200,74.82,65.87,40.86
5338,74.86,65.87,40.88
21016,74.86,65.87,40.88
39372,74.86,65.87,40.88
83140,74.86,65.87,40.88
45,74.86,65.87,40.88
138,74.86,65.87,40.88
271,74.86,65.87,40.88
1187,74.86,65.87,40.88
8,74.86,65.87,40.88
11,74.86,65.87,40.88
186,74.86,65.87,40.88
2877,74.86,65.87,40.88
360,74.86,65.87,40.88
6883,74.86,65.87,40.88
805,74.86,65.87,40.87
1600,74.86,65.87,40.87
14588,74.86,65.87,40.87
30184,74.86,65.87,40.87
5294,74.86,65.87,40.87
87687,74.86,65.87,40.87
3016,74.86,65.87,40.87
58018,74.86,65.87,40.87
42,74.85,65.87,40.84
37,74.85,65.87,40.84
40,74.85,65.87,40.84
40,74.85,65.87,40.84
43,74.84,65.87,40.84
78,74.84,65.87,40.84
41,74.85,65.87,40.84
54,74.85,65.87,40.84
41,74.85,65.87,40.84
52,74.85,65.87,40.84
43,74.84,65.87,40.84
54,74.84,65.87,40.84
59,74.84,65.87,40.84
72,74.84,65.87,40.84
80,74.84,65.87,40.84
217,74.84,65.87,40.84
151,74.84,65.87,40.84
228,74.84,65.87,40.84
473,74.83,65.87,40.84
579,74.83,65.87,40.84
353,74.86,65.87,40.85
503,74.86,65.87,40.85
24,74.86,65.87,40.85
30,74.86,65.87,40.85
1214,74.86,65.87,40.85
592,74.86,65.87,40.85
2204,74.86,65.87,40.85
36,74.86,65.87,40.86
1338,74.86,65.87,40.86
1021,74.86,65.87,40.86
6956,74.86,65.87,40.86
4382,74.86,65.87,40.86
3433,74.86,65.87,40.86
2275,74.86,65.87,40.86
21164,74.86,65.87,40.86
12410,74.86,65.87,40.86
150,74.86,65.87,40.85
19,74.86,65.87,40.85
137114,74.86,65.87,40.87
197213,74.86,65.87,40.87
68073,74.86,65.87,40.87
7504,74.86,65.87,40.87
5507,74.86,65.87,40.87
59487,74.86,65.87,40.87
67141,74.86,65.87,40.87
9357,74.86,65.87,40.87
70261,74.86,65.87,40.87
8877,74.86,65.87,40.87
7617,74.86,65.87,40.86
49241,74.86,65.87,40.86
59573,74.86,65.87,40.86
8903,74.86,65.87,40.86
154205,74.86,65.87,40.86
210416,74.86,65.87,40.86
3862,74.86,65.87,40.86
26792,74.86,65.87,40.86
5932,74.86,65.87,40.86
37300,74.86,65.87,40.86
360016,74.86,65.87,40.87
341967,74.86,65.87,40.87
890724,74.86,65.87,40.87
538635,74.86,65.87,40.87
883940,74.86,65.87,40.87
514971,74.86,65.87,40.87
955773,74.86,65.87,40.87
954678,74.86,65.87,40.87
971186,74.86,65.87,40.87
977996,74.85,65.87,40.87
970774,74.86,65.87,40.87
977845,74.85,65.87,40.87
362156,74.86,65.87,40.87
346215,74.86,65.87,40.87
886311,74.86,65.87,40.87
522532,74.86,65.87,40.87
891358,74.86,65.87,40.87
541332,74.86,65.87,40.87
955177,74.86,65.87,40.87
955937,74.86,65.87,40.87
970962,74.86,65.87,40.87
977814,74.85,65.87,40.87
971252,74.86,65.87,40.87
977988,74.85,65.87,40.87
974315,74.85,65.87,40.87
977425,74.85,65.87,40.87
974114,74.85,65.87,40.87
977282,74.85,65.87,40.87
979215,74.85,65.87,40.87
980450,74.85,65.87,40.87
979337,74.85,65.87,40.87
980555,74.85,65.87,40.87
974339,74.85,65.87,40.87
977491,74.85,65.87,40.87
974184,74.85,65.87,40.87
977479,74.85,65.87,40.87
979495,74.85,65.87,40.87
980784,74.85,65.87,40.87
979431,74.85,65.87,40.87
980668,74.85,65.87,40.87
981302,74.85,65.87,40.87
982002,74.84,65.87,40.87
981388,74.85,65.87,40.87
982067,74.84,65.87,40.87
982695,74.84,65.87,40.87
983463,74.84,65.87,40.87
982738,74.84,65.87,40.87
983485,74.84,65.87,40.87
981662,74.85,65.87,40.87
982363,74.84,65.87,40.87
981511,74.85,65.87,40.87
982191,74.84,65.87,40.87
983034,74.84,65.87,40.87
983759,74.84,65.87,40.87
982856,74.84,65.87,40.87
983589,74.84,65.87,40.87
984335,74.84,65.87,40.87
985314,74.84,65.87,40.87
984337,74.84,65.87,40.87
985302,74.84,65.87,40.87
988696,74.83,65.87,40.87
988109,74.83,65.87,40.87
987314,74.83,65.87,40.87
986343,74.84,65.87,40.87
988681,74.83,65.87,40.87
988086,74.83,65.87,40.87
987290,74.83,65.87,40.87
986322,74.84,65.87,40.87
982451,74.83,65.87,40.87
982439,74.83,65.87,40.87
819252,74.82,65.87,40.87
981907,74.83,65.87,40.87
980207,74.83,65.87,40.87
976280,74.82,65.87,40.87
965599,74.82,65.87,40.87
800473,74.82,65.87,40.87
981890,74.83,65.87,40.87
980127,74.83,65.87,40.87
975956,74.82,65.87,40.87
963858,74.82,65.87,40.87
984575,74.84,65.87,40.87
985491,74.84,65.87,40.87
984421,74.84,65.87,40.87
985365,74.84,65.87,40.87
988673,74.83,65.87,40.87
988092,74.83,65.87,40.87
987313,74.83,65.87,40.87
986364,74.84,65.87,40.87
988671,74.83,65.87,40.87
988120,74.83,65.87,40.87
987373,74.83,65.87,40.87
986458,74.84,65.87,40.87
982414,74.83,65.87,40.87
982373,74.83,65.87,40.87
816468,74.82,65.87,40.87
981868,74.83,65.87,40.87
980154,74.83,65.87,40.87
976202,74.82,65.87,40.87
965338,74.82,65.87,40.87
794946,74.82,65.87,40.87
981772,74.83,65.87,40.87
979972,74.83,65.87,40.87
975737,74.82,65.87,40.87
963244,74.82,65.87,40.87
525842,74.86,65.87,40.86
853982,74.86,65.87,40.86
976109,74.85,65.87,40.86
941322,74.86,65.87,40.86
966724,74.86,65.87,40.86
974393,74.85,65.87,40.86
928343,74.86,65.87,40.86
962976,74.86,65.87,40.86
308166,74.86,65.87,40.86
264216,74.86,65.87,40.86
870182,74.86,65.87,40.86
470482,74.86,65.87,40.86
884934,74.86,65.87,40.86
617871,74.86,65.87,40.86
842534,74.86,65.87,40.86
408882,74.86,65.87,40.86
952715,74.86,65.87,40.86
948403,74.86,65.87,40.86
968748,74.86,65.87,40.86
976980,74.85,65.87,40.86
970085,74.86,65.87,40.86
977586,74.85,65.87,40.86
972386,74.85,65.87,40.86
976619,74.85,65.87,40.86
970664,74.85,65.87,40.86
975739,74.85,65.87,40.86
979216,74.85,65.87,40.86
980892,74.85,65.87,40.86
978760,74.85,65.87,40.86
980690,74.85,65.87,40.86
973917,74.85,65.87,40.86
977379,74.85,65.87,40.86
973261,74.85,65.87,40.86
977108,74.85,65.87,40.86
979513,74.85,65.87,40.86
980884,74.85,65.87,40.86
979432,74.85,65.87,40.86
980929,74.85,65.87,40.86
743730,74.82,65.87,40.86
958496,74.82,65.87,40.86
661435,74.82,65.87,40.86
950401,74.82,65.87,40.86
536849,74.82,65.87,40.86
935235,74.82,65.87,40.86
367624,74.82,65.87,40.86
901243,74.82,65.87,40.86
905888,74.82,65.87,40.86
533096,74.82,65.87,40.86
839721,74.82,65.87,40.86
359449,74.82,65.87,40.86
971166,74.82,65.87,40.86
977999,74.83,65.87,40.86
967283,74.82,65.87,40.86
976323,74.83,65.87,40.86
982042,74.85,65.87,40.86
982927,74.84,65.87,40.86
982008,74.85,65.87,40.86
983002,74.84,65.87,40.86
983705,74.84,65.87,40.86
984460,74.84,65.87,40.86
983843,74.84,65.87,40.86
984627,74.84,65.87,40.86
980712,74.83,65.87,40.86
979837,74.83,65.87,40.86
981867,74.83,65.87,40.86
981400,74.83,65.87,40.86
988372,74.83,65.87,40.86
988137,74.83,65.87,40.86
988545,74.83,65.87,40.86
988204,74.83,65.87,40.86
987662,74.83,65.87,40.86
985403,74.84,65.87,40.86
986198,74.84,65.87,40.86
986983,74.84,65.87,40.86
987646,74.83,65.87,40.86
985236,74.84,65.87,40.86
986060,74.84,65.87,40.86
986896,74.84,65.87,40.86
974846,74.82,65.87,40.86
979620,74.83,65.87,40.86
973458,74.82,65.87,40.86
979027,74.83,65.87,40.86
981823,74.85,65.87,40.86
982564,74.84,65.87,40.86
981955,74.85,65.87,40.86
982756,74.84,65.87,40.86
983484,74.84,65.87,40.86
984223,74.84,65.87,40.86
983256,74.84,65.87,40.86
983985,74.84,65.87,40.86
981587,74.83,65.87,40.86
981264,74.83,65.87,40.86
982295,74.83,65.87,40.86
982143,74.83,65.87,40.86
988632,74.83,65.87,40.86
988199,74.83,65.87,40.86
988664,74.83,65.87,40.86
988164,74.83,65.87,40.86
987468,74.83,65.87,40.86
984786,74.84,65.87,40.86
985672,74.84,65.87,40.86
986600,74.84,65.87,40.86
987562,74.83,65.87,40.86
985007,74.84,65.87,40.86
985861,74.84,65.87,40.86
986746,74.84,65.87,40.86
532105,74.86,65.87,40.87
857977,74.86,65.87,40.87
975845,74.85,65.87,40.87
966867,74.86,65.87,40.87
942349,74.86,65.87,40.87
974074,74.85,65.87,40.87
963110,74.86,65.87,40.87
929729,74.86,65.87,40.87
311597,74.86,65.87,40.87
259920,74.86,65.87,40.87
873909,74.86,65.87,40.87
480940,74.86,65.87,40.87
847402,74.86,65.87,40.87
413257,74.86,65.87,40.87
887751,74.86,65.87,40.87
624747,74.86,65.87,40.87
977497,74.85,65.87,40.87
953470,74.86,65.87,40.87
970316,74.86,65.87,40.87
976819,74.85,65.87,40.87
949325,74.86,65.87,40.87
968973,74.86,65.87,40.87
970282,74.85,65.87,40.87
975045,74.85,65.87,40.87
972058,74.85,65.87,40.87
976031,74.85,65.87,40.87
977856,74.85,65.87,40.87
979673,74.85,65.87,40.87
978438,74.85,65.87,40.87
980004,74.85,65.87,40.87
973772,74.85,65.87,40.87
977046,74.85,65.87,40.87
973041,74.85,65.87,40.87
976643,74.85,65.87,40.87
978805,74.85,65.87,40.87
980202,74.85,65.87,40.87
979051,74.85,65.87,40.87
980342,74.85,65.87,40.87
547486,74.82,65.87,40.87
937695,74.82,65.87,40.87
379371,74.82,65.87,40.87
908130,74.82,65.87,40.87
751119,74.82,65.87,40.87
959405,74.82,65.87,40.87
670935,74.82,65.87,40.87
951735,74.82,65.87,40.87
968374,74.82,65.87,40.87
977045,74.83,65.87,40.87
971888,74.82,65.87,40.87
978535,74.83,65.87,40.87
980949,74.85,65.87,40.87
981972,74.84,65.87,40.87
981109,74.85,65.87,40.87
982011,74.84,65.87,40.87
982906,74.84,65.87,40.87
983835,74.84,65.87,40.87
982861,74.84,65.87,40.87
983738,74.84,65.87,40.87
980409,74.83,65.87,40.87
981137,74.83,65.87,40.87
981827,74.83,65.87,40.87
982177,74.83,65.87,40.87
988567,74.83,65.87,40.87
988224,74.83,65.87,40.87
988678,74.83,65.87,40.87
988240,74.83,65.87,40.87
987608,74.83,65.87,40.87
984791,74.84,65.87,40.87
985783,74.84,65.87,40.87
986757,74.84,65.87,40.87
987558,74.83,65.87,40.87
984668,74.84,65.87,40.87
985659,74.84,65.87,40.87
986660,74.84,65.87,40.87
973951,74.82,65.87,40.87
979414,74.83,65.87,40.87
975192,74.82,65.87,40.87
979883,74.83,65.87,40.87
981186,74.85,65.87,40.87
981994,74.84,65.87,40.87
981242,74.85,65.87,40.87
981986,74.84,65.87,40.87
982776,74.84,65.87,40.87
983608,74.84,65.87,40.87
982717,74.84,65.87,40.87
983515,74.84,65.87,40.87
981571,74.83,65.87,40.87
981792,74.83,65.87,40.87
982359,74.83,65.87,40.87
982433,74.83,65.87,40.87
988714,74.83,65.87,40.87
988202,74.83,65.87,40.87
988711,74.83,65.87,40.87
988152,74.83,65.87,40.87
987464,74.83,65.87,40.87
984517,74.84,65.87,40.87
985510,74.84,65.87,40.87
986528,74.84,65.87,40.87
987379,74.83,65.87,40.87
984404,74.84,65.87,40.87
985391,74.84,65.87,40.87
986419,74.84,65.87,40.87
150703,74.86,65.87,40.88
532739,74.86,65.87,40.88
65670,74.86,65.87,40.88
341151,74.86,65.87,40.88
739935,74.86,65.87,40.88
910433,74.85,65.87,40.88
176341,74.86,65.87,40.88
272094,74.86,65.87,40.88
411249,74.86,65.87,40.88
271434,74.86,65.87,40.88
799478,74.86,65.87,40.88
693803,74.86,65.87,40.88
935280,74.85,65.87,40.88
967439,74.85,65.87,40.88
852354,74.86,65.87,40.88
946990,74.86,65.87,40.88
846155,74.86,65.87,40.88
971624,74.85,65.87,40.88
957501,74.86,65.87,40.88
904438,74.86,65.87,40.88
948836,74.85,65.87,40.88
963235,74.85,65.87,40.88
958105,74.85,65.87,40.88
968176,74.85,65.87,40.88
973771,74.85,65.87,40.88
977172,74.85,65.87,40.88
970850,74.85,65.87,40.88
975323,74.85,65.87,40.88
963921,74.85,65.87,40.88
971400,74.85,65.87,40.88
967972,74.85,65.87,40.88
973602,74.85,65.87,40.88
976993,74.85,65.87,40.88
979164,74.85,65.87,40.88
975685,74.85,65.87,40.88
978361,74.85,65.87,40.88
961413,74.82,65.87,40.88
974613,74.83,65.87,40.88
943496,74.82,65.87,40.88
970609,74.83,65.87,40.88
980188,74.85,65.87,40.88
981577,74.84,65.87,40.88
980672,74.85,65.87,40.88
981854,74.84,65.87,40.88
982748,74.84,65.87,40.88
983817,74.84,65.87,40.88
982892,74.84,65.87,40.88
983887,74.84,65.87,40.88
979235,74.83,65.87,40.88
977420,74.83,65.87,40.88
984873,74.84,65.87,40.88
985860,74.84,65.87,40.88
984834,74.84,65.87,40.88
985815,74.84,65.87,40.88
981214,74.83,65.87,40.88
980203,74.83,65.87,40.88
987919,74.83,65.87,40.88
986720,74.84,65.87,40.88
987441,74.83,65.87,40.88
987863,74.83,65.87,40.88
988336,74.83,65.87,40.88
986801,74.84,65.87,40.88
987593,74.83,65.87,40.88
988120,74.83,65.87,40.88
895851,74.82,65.87,40.88
963121,74.83,65.87,40.88
757735,74.82,65.87,40.88
943956,74.83,65.87,40.88
978195,74.85,65.87,40.88
980216,74.84,65.87,40.88
979427,74.85,65.87,40.88
981083,74.84,65.87,40.88
981765,74.84,65.87,40.88
983045,74.84,65.87,40.88
982415,74.84,65.87,40.88
983576,74.84,65.87,40.88
974365,74.83,65.87,40.88
968736,74.83,65.87,40.88
984159,74.84,65.87,40.88
985137,74.84,65.87,40.88
984634,74.84,65.87,40.88
985614,74.84,65.87,40.88
978500,74.83,65.87,40.88
975566,74.83,65.87,40.88
987180,74.83,65.87,40.88
986473,74.84,65.87,40.88
987100,74.83,65.87,40.88
987370,74.83,65.87,40.88
985880,74.83,65.87,40.88
985934,74.84,65.87,40.88
986431,74.83,65.87,40.88
986481,74.83,65.87,40.88
18,74.86,65.87,40.85
29,74.86,65.87,40.84
77,74.86,65.87,40.85
154,74.86,65.87,40.85
25,74.86,65.87,40.84
21,74.86,65.87,40.84
20,74.86,65.87,40.85
105329,74.86,65.87,40.86
65651,74.86,65.87,40.86
284971,74.86,65.87,40.86
197739,74.86,65.87,40.86
37488,74.86,65.87,40.86
20368,74.86,65.87,40.86
122197,74.86,65.87,40.86
68053,74.86,65.87,40.86
4940,74.86,65.87,40.85
9879,74.86,65.87,40.85
16094,74.86,65.87,40.85
32786,74.86,65.87,40.85
974,74.86,65.87,40.85
2130,74.86,65.87,40.85
3529,74.86,65.87,40.85
7049,74.86,65.87,40.85
563,74.86,65.87,40.85
882,74.86,65.87,40.85
2046,74.86,65.87,40.85
3481,74.86,65.87,40.85
7977,74.86,65.87,40.85
338229,74.85,65.87,40.85
34573,74.86,65.87,40.85
134952,74.85,65.87,40.85
115613,74.85,65.87,40.85
7356,74.86,65.87,40.85
32499,74.85,65.87,40.85
142,74.86,65.87,40.85
24,74.86,65.87,40.85
168,74.86,65.87,40.85
322,74.86,65.87,40.85
349,74.86,65.87,40.85
856,74.86,65.87,40.85
24588,74.85,65.87,40.85
1844,74.86,65.87,40.85
5905,74.85,65.87,40.85
3789,74.85,65.87,40.85
1220,74.85,65.87,40.85
244807,74.85,65.87,40.85
428642,74.85,65.87,40.85
606002,74.85,65.87,40.85
725708,74.85,65.87,40.85
76622,74.85,65.87,40.85
168989,74.85,65.87,40.85
15725,74.85,65.87,40.85
38651,74.85,65.87,40.85
304192,74.85,65.87,40.85
431747,74.85,65.87,40.85
85772,74.85,65.87,40.85
145349,74.85,65.87,40.85
34,74.86,65.87,40.84
30,74.86,65.87,40.84
86,74.85,65.87,40.84
123,74.85,65.87,40.84
412,74.86,65.87,40.85
159,74.85,65.87,40.84
323,74.85,65.87,40.84
704,74.85,65.87,40.84
512,74.83,65.87,40.84
549,74.83,65.87,40.84
517,74.83,65.87,40.84
568,74.83,65.87,40.84
556,74.83,65.87,40.84
519,74.83,65.87,40.84
69,74.85,65.87,40.84
40,74.85,65.87,40.84
84,74.85,65.87,40.84
158,74.85,65.87,40.84
72,74.85,65.87,40.84
54,74.85,65.87,40.84
104,74.85,65.87,40.84
78,74.85,65.87,40.84
81,74.85,65.87,40.84
70,74.85,65.87,40.84
208,74.85,65.87,40.84
271,74.85,65.87,40.84
86,74.84,65.87,40.84
99,74.84,65.87,40.84
407,74.84,65.87,40.84
572,74.84,65.87,40.84
468,74.83,65.87,40.84
432,74.84,65.87,40.84
351,74.84,65.87,40.84
263,74.84,65.87,40.84
219,74.84,65.87,40.84
349,74.84,65.87,40.84
508,74.83,65.87,40.84
411,74.84,65.87,40.84
134,74.84,65.87,40.84
218,74.84,65.87,40.84
781,74.84,65.87,40.84
813,74.84,65.87,40.84
646,74.83,65.87,40.84
2160,74.83,65.87,40.84
639,74.83,65.87,40.84
1088,74.83,65.87,40.84
1998,74.83,65.87,40.84
7120,74.83,65.87,40.84
501,74.85,65.87,40.84
683,74.85,65.87,40.84
2596,74.85,65.87,40.84
5133,74.85,65.87,40.84
13251,74.85,65.87,40.84
27005,74.85,65.87,40.84
1428,74.85,65.87,40.84
2736,74.85,65.87,40.84
4495,74.84,65.87,40.84
6797,74.84,65.87,40.84
41411,74.84,65.87,40.84
58366,74.84,65.87,40.84
18452,74.84,65.87,40.84
70117,74.84,65.87,40.84
63467,74.84,65.87,40.84
39791,74.84,65.87,40.84
2254,74.84,65.87,40.84
9015,74.84,65.87,40.84
8192,74.84,65.87,40.84
4748,74.84,65.87,40.84
25445,74.83,65.87,40.85
147554,74.83,65.87,40.85
3126,74.83,65.87,40.85
30965,74.83,65.87,40.85
791237,74.84,65.87,40.85
826458,74.84,65.87,40.85
143017,74.83,65.87,40.85
840782,74.84,65.87,40.85
839425,74.84,65.87,40.85
353515,74.83,65.87,40.85
769941,74.83,65.87,40.85
863750,74.83,65.87,40.85
433419,74.83,65.87,40.85
818649,74.84,65.87,40.85
765490,74.84,65.87,40.85
650454,74.83,65.87,40.85
3687,74.83,65.87,40.85
522395,74.84,65.87,40.85
589697,74.84,65.87,40.85
199239,74.84,65.87,40.85
253663,74.84,65.87,40.85
28696,74.83,65.87,40.85
3316,74.83,65.87,40.85
617799,74.84,65.87,40.85
603604,74.84,65.87,40.85
283404,74.84,65.87,40.85
263658,74.84,65.87,40.85
110248,74.83,65.87,40.85
18958,74.83,65.87,40.85
129648,74.83,65.87,40.85
535216,74.84,65.87,40.85
421307,74.84,65.87,40.85
278730,74.83,65.87,40.85
20532,74.83,65.87,40.85
192994,74.84,65.87,40.85
116568,74.84,65.87,40.85
61314,74.83,65.87,40.85
375657,74.86,65.87,40.86
726663,74.86,65.87,40.86
234405,74.86,65.87,40.86
572861,74.86,65.87,40.86
937205,74.85,65.87,40.86
834758,74.86,65.87,40.86
918569,74.85,65.87,40.86
650083,74.86,65.87,40.86
529459,74.86,65.87,40.86
889662,74.86,65.87,40.86
868670,74.86,65.87,40.86
820630,74.86,65.87,40.86
946801,74.85,65.87,40.86
899001,74.86,65.87,40.86
955584,74.85,65.87,40.86
925038,74.86,65.87,40.86
947309,74.85,65.87,40.86
954743,74.85,65.87,40.86
946409,74.85,65.87,40.86
959680,74.85,65.87,40.86
955483,74.85,65.87,40.86
964960,74.85,65.87,40.86
967180,74.85,65.87,40.86
971618,74.85,65.87,40.86
970540,74.85,65.87,40.86
973875,74.85,65.87,40.86
964775,74.85,65.87,40.86
970472,74.85,65.87,40.86
960891,74.85,65.87,40.86
968196,74.85,65.87,40.86
973917,74.85,65.87,40.86
976029,74.85,65.87,40.86
972503,74.85,65.87,40.86
975148,74.85,65.87,40.86
56321,74.86,65.87,40.85
205092,74.86,65.87,40.85
125396,74.86,65.87,40.85
380952,74.86,65.87,40.85
716526,74.86,65.87,40.85
881465,74.85,65.87,40.85
513136,74.86,65.87,40.85
790640,74.85,65.87,40.85
7460,74.86,65.87,40.85
27400,74.86,65.87,40.85
21179,74.86,65.87,40.85
88634,74.86,65.87,40.85
286959,74.86,65.87,40.85
599353,74.85,65.87,40.85
120711,74.86,65.87,40.85
338042,74.85,65.87,40.85
898708,74.85,65.87,40.85
936014,74.85,65.87,40.85
931673,74.85,65.87,40.85
951626,74.85,65.87,40.85
962296,74.85,65.87,40.85
968308,74.85,65.87,40.85
953257,74.85,65.87,40.85
962399,74.85,65.87,40.85
817632,74.85,65.87,40.85
903154,74.85,65.87,40.85
697783,74.85,65.87,40.85
625027,74.85,65.87,40.85
509003,74.85,65.87,40.85
812034,74.85,65.87,40.85
936976,74.85,65.87,40.85
952328,74.85,65.87,40.85
870536,74.85,65.87,40.85
894878,74.85,65.87,40.85
812327,74.85,65.87,40.85
929592,74.85,65.87,40.85
449814,74.82,65.87,40.85
226533,74.82,65.87,40.85
660898,74.82,65.87,40.85
902021,74.83,65.87,40.85
380826,74.82,65.87,40.85
793832,74.83,65.87,40.85
967690,74.84,65.87,40.85
970982,74.84,65.87,40.85
972014,74.84,65.87,40.85
974352,74.84,65.87,40.85
975918,74.84,65.87,40.85
976975,74.84,65.87,40.85
973052,74.84,65.87,40.85
974351,74.84,65.87,40.85
947596,74.83,65.87,40.85
919780,74.83,65.87,40.85
960608,74.83,65.87,40.85
948357,74.83,65.87,40.85
974062,74.83,65.87,40.85
976601,74.83,65.87,40.85
967649,74.83,65.87,40.85
972237,74.83,65.87,40.85
977653,74.83,65.87,40.85
977649,74.84,65.87,40.85
977927,74.84,65.87,40.85
974236,74.83,65.87,40.85
974991,74.84,65.87,40.85
975047,74.84,65.87,40.85
346171,74.83,65.87,40.85
123311,74.83,65.87,40.85
960590,74.84,65.87,40.85
965552,74.84,65.87,40.85
917216,74.84,65.87,40.85
945889,74.84,65.87,40.85
901469,74.84,65.87,40.85
954958,74.84,65.87,40.85
968575,74.84,65.87,40.85
970260,74.84,65.87,40.85
925764,74.84,65.87,40.85
960055,74.84,65.87,40.85
924576,74.84,65.87,40.85
962524,74.84,65.87,40.85
704851,74.83,65.87,40.85
418440,74.83,65.87,40.85
835548,74.83,65.87,40.85
919326,74.83,65.87,40.85
417640,74.83,65.87,40.85
583975,74.83,65.87,40.85
673748,74.83,65.87,40.85
823409,74.83,65.87,40.85
903870,74.84,65.87,40.85
956152,74.83,65.87,40.85
962730,74.84,65.87,40.85
920358,74.84,65.87,40.85
961018,74.84,65.87,40.85
968542,74.83,65.87,40.85
970816,74.84,65.87,40.85
970417,74.84,65.87,40.85
944604,74.83,65.87,40.85
954702,74.83,65.87,40.85
933234,74.83,65.87,40.85
904294,74.83,65.87,40.85
954228,74.82,65.87,40.86
966659,74.83,65.87,40.86
942284,74.82,65.87,40.86
962132,74.83,65.87,40.86
977417,74.84,65.87,40.86
978381,74.84,65.87,40.86
976856,74.84,65.87,40.86
978036,74.84,65.87,40.86
979158,74.84,65.87,40.86
979855,74.84,65.87,40.86
978927,74.84,65.87,40.86
979677,74.84,65.87,40.86
969695,74.83,65.87,40.86
972146,74.83,65.87,40.86
980520,74.84,65.87,40.86
981131,74.84,65.87,40.86
980329,74.84,65.87,40.86
980880,74.84,65.87,40.86
973260,74.83,65.87,40.86
974781,74.83,65.87,40.86
981570,74.83,65.87,40.86
981608,74.83,65.87,40.86
981821,74.83,65.87,40.86
980799,74.83,65.87,40.86
981235,74.83,65.87,40.86
981278,74.83,65.87,40.86
918931,74.82,65.87,40.86
954838,74.83,65.87,40.86
856802,74.82,65.87,40.86
940068,74.83,65.87,40.86
974392,74.84,65.87,40.86
976210,74.84,65.87,40.86
976029,74.84,65.87,40.86
977462,74.84,65.87,40.86
978512,74.84,65.87,40.86
979327,74.84,65.87,40.86
977463,74.84,65.87,40.86
978381,74.84,65.87,40.86
959474,74.83,65.87,40.86
965909,74.83,65.87,40.86
979987,74.84,65.87,40.86
980472,74.84,65.87,40.86
979035,74.84,65.87,40.86
979434,74.84,65.87,40.86
967006,74.83,65.87,40.86
970907,74.83,65.87,40.86
979585,74.83,65.87,40.86
980698,74.83,65.87,40.86
980503,74.83,65.87,40.86
977484,74.83,65.87,40.86
979450,74.83,65.87,40.86
978931,74.83,65.87,40.86
707020,74.82,65.87,40.88
477029,74.82,65.87,40.88
548844,74.82,65.87,40.88
909584,74.82,65.87,40.88
372126,74.82,65.87,40.88
847926,74.82,65.87,40.88
558,74.83,65.87,40.84
757,74.83,65.87,40.84
2328,74.83,65.87,40.84
507,74.83,65.87,40.84
681,74.83,65.87,40.84
158305,74.82,65.87,40.87
254510,74.82,65.87,40.87
14817,74.82,65.87,40.87
21178,74.82,65.87,40.87
108,74.82,65.87,40.87
4022,74.82,65.87,40.87
59970,74.82,65.87,40.87
29915,74.82,65.87,40.87
2423,74.82,65.87,40.88
79160,74.82,65.87,40.88
38,74.82,65.87,40.88
7552,74.82,65.87,40.88
200846,74.82,65.87,40.88
20606,74.82,65.87,40.88
189628,74.82,65.87,40.88
307117,74.82,65.87,40.88
30068,74.82,65.87,40.88
81764,74.82,65.87,40.88
3640,74.82,65.87,40.88
9295,74.82,65.87,40.88
155140,74.82,65.87,40.86
249442,74.82,65.87,40.86
16875,74.82,65.87,40.86
194,74.82,65.87,40.86
24332,74.82,65.87,40.86
5367,74.82,65.87,40.86
69962,74.82,65.87,40.86
35874,74.82,65.87,40.86
9594,74.82,65.87,40.87
101398,74.82,65.87,40.87
19306,74.82,65.87,40.87
135398,74.82,65.87,40.87
16523,74.82,65.87,40.87
22025,74.82,65.87,40.87
141416,74.82,65.87,40.87
110163,74.82,65.87,40.87
825939,74.82,65.87,40.86
688538,74.82,65.87,40.86
450355,74.82,65.87,40.86
268522,74.82,65.87,40.86
223796,74.82,65.87,40.85
77604,74.82,65.87,40.85
15540,74.82,65.87,40.85
1734,74.82,65.87,40.85
79820,74.82,65.87,40.85
11701,74.82,65.87,40.85
135270,74.82,65.87,40.85
293731,74.82,65.87,40.85
33691,74.82,65.87,40.85
114927,74.82,65.87,40.85
90885,74.82,65.87,40.86
8937,74.82,65.87,40.86
796,74.82,65.87,40.86
188,74.82,65.87,40.86
298278,74.82,65.87,40.86
184946,74.82,65.87,40.86
29949,74.82,65.87,40.86
79057,74.82,65.87,40.86
5041,74.82,65.87,40.86
10739,74.82,65.87,40.86
196,74.82,65.87,40.86
1412,74.82,65.87,40.85
266,74.82,65.87,40.85
434,74.82,65.87,40.85
276,74.82,65.87,40.85
568,74.82,65.87,40.85
241,74.82,65.87,40.85
3515,74.82,65.87,40.85
1728,74.82,65.87,40.85
224,74.82,65.87,40.85
3116,74.82,65.87,40.86
34886,74.82,65.87,40.86
18445,74.82,65.87,40.85
433,74.82,65.87,40.86
505,74.83,65.87,40.84
467,74.83,65.87,40.84
689,74.83,65.87,40.85
442,74.83,65.87,40.84
411,74.83,65.87,40.85
396,74.83,65.87,40.85
418,74.83,65.87,40.84
388,74.83,65.87,40.84
360,74.82,65.87,40.85
364,74.83,65.87,40.85
355,74.83,65.87,40.85
356,74.82,65.87,40.85
650,74.83,65.87,40.85
2512,74.82,65.87,40.85
15738,74.82,65.87,40.85
353,74.82,65.87,40.85
339,74.82,65.87,40.85
400,74.82,65.87,40.85
360,74.82,65.87,40.85
312,74.82,65.87,40.85
332,74.82,65.87,40.85
540,74.82,65.87,40.85
2164,74.82,65.87,40.85
425,74.82,65.87,40.85
322,74.82,65.87,40.85
296,74.82,65.87,40.85
310,74.82,65.87,40.85
16,74.87,65.87,40.85
222,74.87,65.87,40.86
16,74.87,65.87,40.86
16,74.87,65.87,40.86
431,74.87,65.87,40.86
15,74.87,65.87,40.85
124,74.87,65.87,40.85
15,74.87,65.87,40.85
7,74.87,65.87,40.88
62,74.86,65.87,40.88
7,74.87,65.87,40.88
7,74.87,65.87,40.88
45,74.86,65.87,40.88
52,74.86,65.87,40.87
7,74.87,65.87,40.87
67,74.86,65.87,40.87
8,74.87,65.87,40.87
164,74.86,65.87,40.87
102,74.86,65.87,40.87
9,74.87,65.87,40.87
8,74.87,65.87,40.87
9,74.87,65.87,40.87
11,74.87,65.87,40.87
103,74.87,65.87,40.87
64,74.87,65.87,40.87
430,74.87,65.87,40.87
312,74.87,65.87,40.87
13,74.87,65.87,40.87
133,74.87,65.87,40.87
107,74.87,65.87,40.87
640,74.87,65.87,40.87
555,74.87,65.87,40.87
16,74.87,65.87,40.86
427,74.87,65.87,40.86
477,74.87,65.87,40.86
15,74.87,65.87,40.86
137,74.87,65.87,40.86
117,74.87,65.87,40.86
651,74.87,65.87,40.86
657,74.87,65.87,40.86
6,74.86,65.87,40.89
53,74.86,65.87,40.89
100,74.86,65.87,40.88
5,74.86,65.87,40.89
103,74.86,65.87,40.88
466,74.86,65.87,40.88
1138,74.86,65.87,40.88
119,74.86,65.87,40.88
31,74.86,65.87,40.88
5,74.86,65.87,40.88
5,74.86,65.87,40.88
3938,74.86,65.87,40.88
283,74.86,65.87,40.88
18344,74.86,65.87,40.88
1218,74.86,65.87,40.88
40,74.86,65.87,40.88
6,74.86,65.87,40.88
81,74.86,65.87,40.88
6,74.86,65.87,40.88
6,74.86,65.87,40.88
18,74.86,65.87,40.89
5,74.86,65.87,40.89
4,74.86,65.87,40.89
90,74.86,65.87,40.89
24,74.86,65.87,40.89
4,74.86,65.87,40.89
4,74.86,65.87,40.89
5,74.86,65.87,40.89
9,74.85,65.87,40.89
30,74.85,65.87,40.89
47,74.85,65.87,40.89
119,74.85,65.87,40.89
459,74.85,65.87,40.89
9,74.83,65.87,40.89
3,74.83,65.87,40.89
40,74.83,65.87,40.89
3,74.83,65.87,40.89
31,74.85,65.87,40.89
4,74.85,65.87,40.89
121,74.85,65.87,40.89
34,74.85,65.87,40.89
28,74.85,65.87,40.89
47,74.85,65.87,40.89
84,74.85,65.87,40.89
483,74.85,65.87,40.89
935,74.85,65.87,40.89
1588,74.84,65.87,40.89
2064,74.84,65.87,40.89
203,74.84,65.87,40.89
1960,74.84,65.87,40.89
1415,74.84,65.87,40.89
582,74.84,65.87,40.89
529,74.83,65.87,40.89
1352,74.83,65.87,40.89
7040,74.83,65.87,40.89
525,74.85,65.87,40.89
1253,74.85,65.87,40.89
2531,74.85,65.87,40.89
7925,74.85,65.87,40.89
3089,74.85,65.87,40.89
6389,74.85,65.87,40.89
20483,74.85,65.87,40.89
39827,74.85,65.87,40.89
11196,74.84,65.87,40.89
15614,74.84,65.87,40.89
64707,74.84,65.87,40.89
86324,74.84,65.87,40.89
2216,74.84,65.87,40.89
16320,74.84,65.87,40.89
12575,74.84,65.87,40.89
6363,74.84,65.87,40.89
23922,74.84,65.87,40.89
92460,74.84,65.87,40.89
79683,74.84,65.87,40.89
51969,74.84,65.87,40.89
3,74.85,65.87,40.9
4,74.85,65.87,40.9
3,74.85,65.87,40.9
3,74.85,65.87,40.9
3,74.84,65.87,40.9
3,74.84,65.87,40.9
3,74.85,65.87,40.9
17,74.85,65.87,40.89
4,74.85,65.87,40.9
30,74.85,65.87,40.89
95,74.85,65.87,40.89
28,74.85,65.87,40.89
139,74.85,65.87,40.89
4,74.84,65.87,40.9
71,74.84,65.87,40.89
217,74.84,65.87,40.89
36,74.84,65.87,40.89
242,74.84,65.87,40.89
3,74.84,65.87,40.9
85,74.84,65.87,40.89
212,74.84,65.87,40.89
39679,74.86,65.87,40.88
205022,74.86,65.87,40.88
113792,74.86,65.87,40.88
392448,74.86,65.87,40.88
732114,74.86,65.87,40.88
887960,74.85,65.87,40.88
528254,74.86,65.87,40.88
804412,74.85,65.87,40.88
23231,74.86,65.87,40.88
10716,74.86,65.87,40.88
84555,74.86,65.87,40.88
127055,74.86,65.87,40.88
356588,74.85,65.87,40.88
299567,74.86,65.87,40.88
622164,74.85,65.87,40.88
933839,74.85,65.87,40.88
952067,74.85,65.87,40.88
904762,74.85,65.87,40.88
938142,74.85,65.87,40.88
953949,74.85,65.87,40.88
962427,74.85,65.87,40.88
962006,74.85,65.87,40.88
967699,74.85,65.87,40.88
832584,74.85,65.87,40.88
909403,74.85,65.87,40.88
650955,74.85,65.87,40.88
826292,74.85,65.87,40.88
901673,74.85,65.87,40.88
933053,74.85,65.87,40.88
939807,74.85,65.87,40.88
953595,74.85,65.87,40.88
5,74.86,65.87,40.89
30,74.86,65.87,40.89
87,74.86,65.87,40.89
292,74.86,65.87,40.89
3621,74.85,65.87,40.89
460,74.86,65.87,40.89
772,74.85,65.87,40.89
26309,74.85,65.87,40.89
1712,74.86,65.87,40.89
5818,74.85,65.87,40.89
72,74.86,65.87,40.89
522,74.86,65.87,40.88
3546,74.86,65.87,40.88
1269,74.86,65.87,40.89
5180,74.86,65.87,40.88
121432,74.85,65.87,40.89
6982,74.86,65.87,40.89
35155,74.85,65.87,40.89
347909,74.85,65.87,40.88
36219,74.86,65.87,40.88
139375,74.85,65.87,40.88
15938,74.85,65.87,40.89
46152,74.85,65.87,40.89
80059,74.85,65.87,40.89
177425,74.85,65.87,40.89
100871,74.85,65.87,40.89
168743,74.85,65.87,40.89
317969,74.85,65.87,40.89
454969,74.85,65.87,40.89
523296,74.85,65.87,40.88
710267,74.85,65.87,40.88
249552,74.85,65.87,40.89
438421,74.85,65.87,40.89
821611,74.85,65.87,40.88
876374,74.85,65.87,40.88
620045,74.85,65.87,40.89
738966,74.85,65.87,40.89
242183,74.84,65.87,40.89
300413,74.84,65.87,40.89
558246,74.84,65.87,40.89
621652,74.84,65.87,40.89
646488,74.84,65.87,40.89
635034,74.84,65.87,40.89
321536,74.84,65.87,40.89
300289,74.84,65.87,40.89
17216,74.83,65.87,40.89
112608,74.83,65.87,40.89
20035,74.83,65.87,40.89
232865,74.84,65.87,40.89
142580,74.84,65.87,40.89
67241,74.83,65.87,40.89
136347,74.83,65.87,40.89
577820,74.84,65.87,40.89
459499,74.84,65.87,40.89
294126,74.83,65.87,40.89
802481,74.84,65.87,40.89
834815,74.84,65.87,40.89
848045,74.84,65.87,40.89
847349,74.84,65.87,40.89
361777,74.83,65.87,40.89
770650,74.83,65.87,40.88
865588,74.83,65.87,40.88
445989,74.83,65.87,40.89
829013,74.84,65.87,40.89
775700,74.84,65.87,40.89
654679,74.83,65.87,40.89
971294,74.84,65.87,40.88
973655,74.84,65.87,40.88
967410,74.84,65.87,40.88
970606,74.84,65.87,40.88
975364,74.84,65.87,40.88
976662,74.84,65.87,40.88
972760,74.84,65.87,40.88
974297,74.84,65.87,40.88
975378,74.83,65.87,40.88
977649,74.83,65.87,40.88
969508,74.83,65.87,40.88
973742,74.83,65.87,40.88
975412,74.83,65.87,40.88
975308,74.84,65.87,40.88
975803,74.84,65.87,40.88
978397,74.83,65.87,40.88
977661,74.84,65.87,40.88
978309,74.84,65.87,40.88
961070,74.84,65.87,40.88
965694,74.84,65.87,40.88
918988,74.84,65.87,40.88
904668,74.84,65.87,40.88
947547,74.84,65.87,40.88
955771,74.84,65.87,40.88
968669,74.84,65.87,40.88
970580,74.84,65.87,40.88
927334,74.84,65.87,40.88
925714,74.84,65.87,40.88
960557,74.84,65.87,40.88
963174,74.84,65.87,40.88
616436,74.83,65.87,40.88
677855,74.83,65.87,40.88
834072,74.83,65.87,40.88
846837,74.83,65.87,40.88
924217,74.83,65.87,40.88
970427,74.83,65.87,40.88
971613,74.84,65.87,40.88
971794,74.84,65.87,40.88
907814,74.84,65.87,40.88
958756,74.83,65.87,40.88
964084,74.84,65.87,40.88
923293,74.84,65.87,40.88
963222,74.84,65.87,40.88
947911,74.83,65.87,40.88
957336,74.83,65.87,40.88
936286,74.83,65.87,40.88
908477,74.83,65.87,40.88
6,74.87,65.87,40.88
3,74.84,65.87,40.9
32,74.84,65.87,40.89
153,74.84,65.87,40.89
20,74.84,65.87,40.89
43,74.84,65.87,40.89
53,74.84,65.87,40.89
3,74.84,65.87,40.9
3,74.83,65.87,40.9
35,74.84,65.87,40.89
3,74.83,65.87,40.9
94,74.83,65.87,40.89
29,74.83,65.87,40.89
20,74.83,65.87,40.89
3,74.83,65.87,40.89
92,74.83,65.87,40.89
1267,74.83,65.87,40.89
10,74.83,65.87,40.89
138,74.83,65.87,40.89
2125,74.83,65.87,40.89
27862,74.83,65.87,40.89
150506,74.83,65.87,40.89
435784,74.83,65.87,40.88
32274,74.83,65.87,40.89
161694,74.83,65.87,40.88
442449,74.83,65.87,40.88
126226,74.83,65.87,40.88
658389,74.82,65.87,40.88
962588,74.83,65.87,40.88
950194,74.83,65.87,40.88
906976,74.83,65.87,40.88
348268,74.83,65.87,40.88
368413,74.82,65.87,40.88
951117,74.83,65.87,40.88
924401,74.83,65.87,40.88
718781,74.83,65.87,40.88
800019,74.83,65.87,40.88
442811,74.82,65.87,40.88
212757,74.82,65.87,40.88
9,74.83,65.87,40.89
18,74.83,65.87,40.89
10,74.83,65.87,40.89
5,74.83,65.87,40.89
4,74.83,65.87,40.89
178,74.83,65.87,40.89
2633,74.83,65.87,40.89
20,74.83,65.87,40.89
175,74.83,65.87,40.89
38,74.83,65.87,40.89
6,74.82,65.87,40.89
10,74.83,65.87,40.89
2017,74.83,65.87,40.89
24443,74.83,65.87,40.88
26,74.82,65.87,40.89
6,74.82,65.87,40.89
104,74.82,65.87,40.89
1975,74.82,65.87,40.88
169,74.82,65.87,40.88
7,74.82,65.87,40.89
10950,74.82,65.87,40.88
601,74.82,65.87,40.88
70474,74.82,65.87,40.88
7812,74.82,65.87,40.88
25630,74.82,65.87,40.88
107289,74.82,65.87,40.88
92,74.82,65.87,40.88
543,74.82,65.87,40.88
182,74.82,65.87,40.88
1770,74.82,65.87,40.88
14773,74.82,65.87,40.88
981,74.82,65.87,40.88
4,74.83,65.87,40.89
6,74.83,65.87,40.89
16,74.82,65.87,40.88
21,74.82,65.87,40.88
27,74.82,65.87,40.88
29,74.82,65.87,40.88
12,74.82,65.87,40.88
10,74.82,65.87,40.88
12,74.82,65.87,40.88
74,74.82,65.87,40.87
41,74.82,65.87,40.87
392,74.82,65.87,40.87
49,74.82,65.87,40.88
708,74.82,65.87,40.87
62,74.82,65.87,40.87
356,74.82,65.87,40.87
601,74.82,65.87,40.87
533,74.82,65.87,40.86
223,74.82,65.87,40.86
150,74.82,65.87,40.87
128,74.82,65.87,40.86
191,74.82,65.87,40.86
182,74.82,65.87,40.86
204,74.82,65.87,40.86
39913,74.86,65.87,40.88
4196,74.86,65.87,40.88
99189,74.86,65.87,40.88
14671,74.86,65.87,40.88
22555,74.86,65.87,40.88
46721,74.86,65.87,40.88
14,74.86,65.87,40.88
71,74.86,65.87,40.88
149,74.86,65.87,40.88
420,74.86,65.87,40.88
1164,74.86,65.87,40.88
248,74.86,65.87,40.88
2140,74.86,65.87,40.88
316,74.86,65.87,40.88
4038,74.86,65.87,40.88
546,74.86,65.87,40.87
1024,74.86,65.87,40.87
8201,74.86,65.87,40.87
16113,74.86,65.87,40.87
3492,74.86,65.87,40.87
45666,74.86,65.87,40.87
1915,74.86,65.87,40.87
29369,74.86,65.87,40.87
32,74.86,65.87,40.84
43,74.86,65.87,40.84
59,74.85,65.86,40.84
40,74.85,65.87,40.84
35,74.86,65.87,40.84
63,74.85,65.86,40.84
41,74.85,65.87,40.84
50,74.85,65.86,40.84
40,74.85,65.87,40.84
46,74.85,65.87,40.84
42,74.85,65.87,40.84
49,74.84,65.87,40.84
50,74.84,65.87,40.84
83,74.84,65.87,40.84
132,74.84,65.87,40.84
64,74.85,65.87,40.84
41,74.85,65.87,40.84
63,74.85,65.87,40.84
64,74.84,65.87,40.84
93,74.84,65.87,40.84
39,74.85,65.87,40.83
42,74.85,65.87,40.83
139,74.84,65.87,40.83
55,74.84,65.87,40.83
314,74.84,65.87,40.83
206,74.84,65.87,40.84
347,74.84,65.87,40.84
560,74.83,65.87,40.84
233,74.84,65.87,40.84
355,74.84,65.87,40.84
474,74.83,65.87,40.84
563,74.83,65.87,40.84
566,74.83,65.87,40.84
586,74.83,65.87,40.84
17,74.87,65.87,40.85
414,74.86,65.87,40.85
1425,74.86,65.87,40.85
3852,74.86,65.87,40.86
7637,74.86,65.87,40.86
17,74.87,65.87,40.85
133,74.86,65.87,40.85
367877,74.86,65.87,40.87
453475,74.86,65.87,40.87
199237,74.86,65.87,40.87
163380,74.86,65.87,40.87
81356,74.86,65.87,40.87
121765,74.86,65.87,40.87
237546,74.86,65.87,40.87
224639,74.86,65.87,40.87
38032,74.86,65.87,40.87
4803,74.86,65.87,40.87
3514,74.86,65.87,40.87
31091,74.86,65.87,40.87
225503,74.86,65.87,40.87
237138,74.86,65.87,40.87
40531,74.86,65.87,40.87
6441,74.86,65.87,40.87
40552,74.86,65.87,40.87
5919,74.86,65.87,40.87
173858,74.86,65.87,40.86
202951,74.86,65.87,40.86
5697,74.86,65.87,40.86
31425,74.86,65.87,40.86
36654,74.86,65.87,40.86
6357,74.86,65.87,40.86
451287,74.86,65.87,40.86
369861,74.86,65.87,40.86
105020,74.86,65.87,40.86
139245,74.86,65.87,40.86
3466,74.86,65.87,40.86
18732,74.86,65.87,40.86
4649,74.86,65.87,40.86
24216,74.86,65.87,40.86
608398,74.86,65.87,40.87
591474,74.86,65.87,40.87
919178,74.86,65.87,40.87
765921,74.86,65.87,40.87
916321,74.86,65.87,40.87
751855,74.86,65.87,40.87
931031,74.86,65.87,40.87
932800,74.86,65.87,40.87
956965,74.86,65.87,40.87
956028,74.86,65.87,40.87
968255,74.85,65.87,40.87
967841,74.85,65.87,40.87
965478,74.85,65.87,40.87
965096,74.85,65.87,40.87
610280,74.86,65.87,40.87
597303,74.86,65.87,40.87
917421,74.86,65.87,40.87
757037,74.86,65.87,40.87
919577,74.86,65.87,40.87
767433,74.86,65.87,40.87
933054,74.86,65.87,40.87
931696,74.86,65.87,40.87
956427,74.86,65.87,40.87
957080,74.86,65.87,40.87
967964,74.85,65.87,40.87
968306,74.85,65.87,40.87
965166,74.85,65.87,40.87
965510,74.85,65.87,40.87
970727,74.85,65.87,40.87
973635,74.85,65.87,40.87
970508,74.85,65.87,40.87
973472,74.85,65.87,40.87
975159,74.85,65.87,40.87
976094,74.85,65.87,40.87
975293,74.85,65.87,40.87
976200,74.85,65.87,40.87
970765,74.85,65.87,40.87
973711,74.85,65.87,40.87
970610,74.85,65.87,40.87
973687,74.85,65.87,40.87
975456,74.85,65.87,40.87
976454,74.85,65.87,40.87
975399,74.85,65.87,40.87
976329,74.85,65.87,40.87
976609,74.84,65.87,40.87
976964,74.84,65.87,40.87
976689,74.84,65.87,40.87
977018,74.84,65.87,40.87
977388,74.84,65.87,40.87
978021,74.84,65.87,40.87
977416,74.84,65.87,40.87
978024,74.84,65.87,40.87
977015,74.84,65.87,40.87
977396,74.84,65.87,40.87
976839,74.84,65.87,40.87
977181,74.84,65.87,40.87
977815,74.84,65.87,40.87
978402,74.84,65.87,40.87
977583,74.84,65.87,40.87
978177,74.84,65.87,40.87
455425,74.82,65.87,40.87
484052,74.82,65.87,40.87
978890,74.84,65.87,40.87
979905,74.84,65.87,40.87
978873,74.84,65.87,40.87
979875,74.84,65.87,40.87
982324,74.83,65.87,40.87
981772,74.83,65.87,40.87
980904,74.83,65.87,40.87
982296,74.83,65.87,40.87
981737,74.83,65.87,40.87
980869,74.83,65.87,40.87
976984,74.83,65.87,40.87
976205,74.83,65.87,40.87
976971,74.83,65.87,40.87
976229,74.83,65.87,40.87
911398,74.82,65.87,40.87
974194,74.83,65.87,40.87
969554,74.82,65.87,40.87
959251,74.82,65.87,40.87
905817,74.82,65.87,40.87
974089,74.83,65.87,40.87
969246,74.82,65.87,40.87
958169,74.82,65.87,40.87
454474,74.82,65.87,40.87
484031,74.82,65.87,40.87
979192,74.84,65.87,40.87
980112,74.84,65.87,40.87
978996,74.84,65.87,40.87
979960,74.84,65.87,40.87
982291,74.83,65.87,40.87
981757,74.83,65.87,40.87
980920,74.83,65.87,40.87
982296,74.83,65.87,40.87
981806,74.83,65.87,40.87
981020,74.83,65.87,40.87
976944,74.83,65.87,40.87
976181,74.83,65.87,40.87
976892,74.83,65.87,40.87
976053,74.83,65.87,40.87
910460,74.82,65.87,40.87
974127,74.83,65.87,40.87
969468,74.82,65.87,40.87
959095,74.82,65.87,40.87
903976,74.82,65.87,40.87
973887,74.83,65.87,40.87
968988,74.82,65.87,40.87
957764,74.82,65.87,40.87
734052,74.86,65.87,40.86
911629,74.86,65.87,40.86
896022,74.86,65.87,40.86
963755,74.85,65.87,40.86
946121,74.86,65.87,40.86
960214,74.85,65.87,40.86
937604,74.86,65.87,40.86
958315,74.85,65.87,40.86
961436,74.85,65.87,40.86
557605,74.86,65.87,40.86
512130,74.86,65.87,40.86
911164,74.86,65.87,40.86
724610,74.86,65.87,40.86
785938,74.86,65.87,40.86
900237,74.86,65.87,40.86
680585,74.86,65.87,40.86
921624,74.86,65.87,40.86
928496,74.86,65.87,40.86
954755,74.86,65.87,40.86
951266,74.86,65.87,40.86
965701,74.85,65.87,40.86
967151,74.85,65.87,40.86
963108,74.85,65.87,40.86
964457,74.85,65.87,40.86
968738,74.85,65.87,40.86
972788,74.85,65.87,40.86
967054,74.85,65.87,40.86
971837,74.85,65.87,40.86
975208,74.85,65.87,40.86
976670,74.85,65.87,40.86
974676,74.85,65.87,40.86
976429,74.85,65.87,40.86
970326,74.85,65.87,40.86
973594,74.85,65.87,40.86
969657,74.85,65.87,40.86
973276,74.85,65.87,40.86
975505,74.85,65.87,40.86
976607,74.85,65.87,40.86
975393,74.85,65.87,40.86
976656,74.85,65.87,40.86
404850,74.82,65.87,40.86
332570,74.82,65.87,40.86
887211,74.82,65.87,40.86
955000,74.82,65.87,40.86
857581,74.82,65.87,40.86
950270,74.82,65.87,40.86
547614,74.82,65.87,40.86
429659,74.82,65.87,40.86
801055,74.82,65.87,40.86
942562,74.82,65.87,40.86
697194,74.82,65.87,40.86
929346,74.82,65.87,40.86
919647,74.82,65.87,40.86
763930,74.82,65.87,40.86
888940,74.82,65.87,40.86
633671,74.82,65.87,40.86
964293,74.82,65.87,40.86
971470,74.83,65.87,40.86
960433,74.82,65.87,40.86
969529,74.83,65.87,40.86
977607,74.84,65.87,40.86
978269,74.84,65.87,40.86
977557,74.84,65.87,40.86
978359,74.84,65.87,40.86
978868,74.84,65.87,40.86
979496,74.84,65.87,40.86
979030,74.84,65.87,40.86
979687,74.84,65.87,40.86
974778,74.83,65.87,40.86
973725,74.83,65.87,40.86
976294,74.83,65.87,40.86
975700,74.83,65.87,40.86
981970,74.83,65.87,40.86
981973,74.83,65.87,40.86
982213,74.83,65.87,40.86
982075,74.83,65.87,40.86
981606,74.83,65.87,40.86
980362,74.84,65.87,40.86
981033,74.84,65.87,40.86
981585,74.83,65.87,40.86
980189,74.84,65.87,40.86
980915,74.84,65.87,40.86
968079,74.82,65.87,40.86
973442,74.83,65.87,40.86
966608,74.82,65.87,40.86
972677,74.83,65.87,40.86
977264,74.84,65.87,40.86
977721,74.84,65.87,40.86
977427,74.84,65.87,40.86
977972,74.84,65.87,40.86
978495,74.84,65.87,40.86
979103,74.84,65.87,40.86
978193,74.84,65.87,40.86
978790,74.84,65.87,40.86
975827,74.83,65.87,40.86
975422,74.83,65.87,40.86
976806,74.83,65.87,40.86
976613,74.83,65.87,40.86
982287,74.83,65.87,40.86
981984,74.83,65.87,40.86
982318,74.83,65.87,40.86
981924,74.83,65.87,40.86
981224,74.83,65.87,40.86
979541,74.84,65.87,40.86
980391,74.84,65.87,40.86
981373,74.83,65.87,40.86
979823,74.84,65.87,40.86
980616,74.84,65.87,40.86
740170,74.86,65.87,40.87
897944,74.86,65.87,40.87
913092,74.86,65.87,40.87
963822,74.85,65.87,40.87
946745,74.86,65.87,40.87
960293,74.85,65.87,40.87
938363,74.86,65.87,40.87
961416,74.85,65.87,40.87
958296,74.85,65.87,40.87
564592,74.86,65.87,40.87
518344,74.86,65.87,40.87
912855,74.86,65.87,40.87
731763,74.86,65.87,40.87
902489,74.86,65.87,40.87
688558,74.86,65.87,40.87
791719,74.86,65.87,40.87
922941,74.86,65.87,40.87
929538,74.86,65.87,40.87
967314,74.85,65.87,40.87
955276,74.86,65.87,40.87
965866,74.85,65.87,40.87
951911,74.86,65.87,40.87
964546,74.85,65.87,40.87
963188,74.85,65.87,40.87
966621,74.85,65.87,40.87
971119,74.85,65.87,40.87
968363,74.85,65.87,40.87
972166,74.85,65.87,40.87
973760,74.85,65.87,40.87
975386,74.85,65.87,40.87
974401,74.85,65.87,40.87
975738,74.85,65.87,40.87
970134,74.85,65.87,40.87
973230,74.85,65.87,40.87
969384,74.85,65.87,40.87
972781,74.85,65.87,40.87
974736,74.85,65.87,40.87
975883,74.85,65.87,40.87
975011,74.85,65.87,40.87
976018,74.85,65.87,40.87
437909,74.82,65.87,40.87
807287,74.82,65.87,40.87
943952,74.82,65.87,40.87
709577,74.82,65.87,40.87
931723,74.82,65.87,40.87
404228,74.82,65.87,40.87
555173,74.82,65.87,40.87
336292,74.82,65.87,40.87
889879,74.82,65.87,40.87
955633,74.82,65.87,40.87
861258,74.82,65.87,40.87
951177,74.82,65.87,40.87
961572,74.82,65.87,40.87
970426,74.83,65.87,40.87
965134,74.82,65.87,40.87
972149,74.83,65.87,40.87
976447,74.84,65.87,40.87
977247,74.84,65.87,40.87
976598,74.84,65.87,40.87
977243,74.84,65.87,40.87
977998,74.84,65.87,40.87
978816,74.84,65.87,40.87
977895,74.84,65.87,40.87
978657,74.84,65.87,40.87
974433,74.83,65.87,40.87
975308,74.83,65.87,40.87
976219,74.83,65.87,40.87
976666,74.83,65.87,40.87
982242,74.83,65.87,40.87
982061,74.83,65.87,40.87
982388,74.83,65.87,40.87
982084,74.83,65.87,40.87
981465,74.83,65.87,40.87
979714,74.84,65.87,40.87
980642,74.84,65.87,40.87
981391,74.83,65.87,40.87
979548,74.84,65.87,40.87
980502,74.84,65.87,40.87
967224,74.82,65.87,40.87
973177,74.83,65.87,40.87
968508,74.82,65.87,40.87
973785,74.83,65.87,40.87
976578,74.84,65.87,40.87
977093,74.84,65.87,40.87
976605,74.84,65.87,40.87
977028,74.84,65.87,40.87
977644,74.84,65.87,40.87
978351,74.84,65.87,40.87
977513,74.84,65.87,40.87
978181,74.84,65.87,40.87
975807,74.83,65.87,40.87
976085,74.83,65.87,40.87
976872,74.83,65.87,40.87
976969,74.83,65.87,40.87
982391,74.83,65.87,40.87
981953,74.83,65.87,40.87
982371,74.83,65.87,40.87
981871,74.83,65.87,40.87
981171,74.83,65.87,40.87
979239,74.84,65.87,40.87
980230,74.84,65.87,40.87
981038,74.83,65.87,40.87
979058,74.84,65.87,40.87
980062,74.84,65.87,40.87
102657,74.86,65.87,40.88
174811,74.86,65.87,40.88
162362,74.86,65.87,40.88
270741,74.86,65.87,40.88
379013,74.86,65.87,40.88
737128,74.86,65.87,40.88
233108,74.86,65.87,40.88
586795,74.86,65.87,40.88
938159,74.85,65.87,40.88
843269,74.86,65.87,40.88
921234,74.85,65.87,40.88
391755,74.86,65.87,40.88
505254,74.86,65.87,40.88
654150,74.86,65.87,40.88
530086,74.86,65.87,40.88
893576,74.86,65.87,40.88
871373,74.86,65.87,40.88
824963,74.86,65.87,40.88
947440,74.85,65.87,40.88
901478,74.86,65.87,40.88
955696,74.85,65.87,40.88
926089,74.86,65.87,40.88
947616,74.85,65.87,40.88
954704,74.85,65.87,40.88
947012,74.85,65.87,40.88
959372,74.85,65.87,40.88
955369,74.85,65.87,40.88
964308,74.85,65.87,40.88
969595,74.85,65.87,40.88
972792,74.85,65.87,40.88
966450,74.85,65.87,40.88
970691,74.85,65.87,40.88
960522,74.85,65.87,40.88
967426,74.85,65.87,40.88
964308,74.85,65.87,40.88
969691,74.85,65.87,40.88
972923,74.85,65.87,40.88
974913,74.85,65.87,40.88
971494,74.85,65.87,40.88
974015,74.85,65.87,40.88
955742,74.82,65.87,40.88
967823,74.83,65.87,40.88
944462,74.82,65.87,40.88
963647,74.83,65.87,40.88
975686,74.84,65.87,40.88
976910,74.84,65.87,40.88
976247,74.84,65.87,40.88
977234,74.84,65.87,40.88
977932,74.84,65.87,40.88
978892,74.84,65.87,40.88
978116,74.84,65.87,40.88
978999,74.84,65.87,40.88
973069,74.83,65.87,40.88
970882,74.83,65.87,40.88
979912,74.84,65.87,40.88
980799,74.84,65.87,40.88
979810,74.84,65.87,40.88
980657,74.84,65.87,40.88
975473,74.83,65.87,40.88
974174,74.83,65.87,40.88
981344,74.83,65.87,40.88
981302,74.83,65.87,40.88
981608,74.83,65.87,40.88
981959,74.83,65.87,40.88
981547,74.83,65.87,40.88
982006,74.83,65.87,40.88
922381,74.82,65.87,40.88
956836,74.83,65.87,40.88
862366,74.82,65.87,40.88
943017,74.83,65.87,40.88
973417,74.84,65.87,40.88
975296,74.84,65.87,40.88
974916,74.84,65.87,40.88
976410,74.84,65.87,40.88
976706,74.84,65.87,40.88
977862,74.84,65.87,40.88
977611,74.84,65.87,40.88
978652,74.84,65.87,40.88
967422,74.83,65.87,40.88
961423,74.83,65.87,40.88
978817,74.84,65.87,40.88
979551,74.84,65.87,40.88
979595,74.84,65.87,40.88
980391,74.84,65.87,40.88
972094,74.83,65.87,40.88
968536,74.83,65.87,40.88
980326,74.83,65.87,40.88
980926,74.83,65.87,40.88
981011,74.83,65.87,40.88
978471,74.83,65.87,40.88
979897,74.83,65.87,40.88
979671,74.83,65.87,40.88
961,74.86,65.87,40.85
70,74.86,65.87,40.85
18,74.87,65.87,40.85
59,74.86,65.87,40.84
24,74.86,65.87,40.84
29,74.86,65.87,40.84
24,74.86,65.87,40.84
87,74.86,65.87,40.84
21,74.86,65.87,40.84
72,74.86,65.87,40.84
204,74.86,65.87,40.85
103307,74.86,65.87,40.86
506117,74.86,65.87,40.86
398493,74.86,65.87,40.86
45138,74.86,65.87,40.86
279923,74.86,65.87,40.86
177705,74.86,65.87,40.86
15026,74.86,65.87,40.85
50690,74.86,65.87,40.85
100172,74.86,65.87,40.85
4266,74.86,65.87,40.85
10503,74.86,65.87,40.85
23269,74.86,65.87,40.85
5233,74.86,65.87,40.85
11815,74.86,65.87,40.85
35344,74.86,65.87,40.85
103373,74.85,65.86,40.85
37822,74.85,65.86,40.85
283930,74.85,65.87,40.85
114474,74.85,65.87,40.85
106767,74.85,65.87,40.85
33059,74.85,65.87,40.85
443625,74.85,65.87,40.85
222434,74.85,65.87,40.85
726,74.86,65.87,40.85
840,74.86,65.87,40.85
3642,74.86,65.87,40.85
3446,74.85,65.86,40.85
11304,74.85,65.86,40.85
29699,74.85,65.87,40.85
8733,74.85,65.87,40.85
8202,74.85,65.87,40.85
2429,74.85,65.87,40.85
80153,74.85,65.87,40.85
23791,74.85,65.87,40.85
757611,74.85,65.87,40.85
385843,74.85,65.87,40.85
549466,74.85,65.87,40.85
872166,74.84,65.87,40.85
678155,74.85,65.87,40.85
753653,74.84,65.87,40.85
163442,74.85,65.87,40.85
287821,74.85,65.87,40.85
44137,74.85,65.87,40.85
92345,74.85,65.87,40.85
416687,74.85,65.87,40.85
513124,74.84,65.87,40.85
161321,74.85,65.87,40.85
226919,74.84,65.87,40.85
88,74.85,65.87,40.84
349,74.86,65.87,40.84
396,74.85,65.87,40.84
1982,74.85,65.87,40.84
1201,74.85,65.87,40.84
5100,74.85,65.87,40.84
551,74.83,65.87,40.84
509,74.83,65.87,40.84
604,74.83,65.87,40.84
589,74.83,65.87,40.84
141,74.85,65.87,40.84
71,74.85,65.87,40.84
197,74.85,65.87,40.84
201,74.85,65.87,40.84
553,74.85,65.87,40.84
145,74.85,65.87,40.84
161,74.84,65.87,40.84
797,74.85,65.87,40.84
1101,74.84,65.87,40.84
216,74.84,65.87,40.84
258,74.84,65.87,40.84
1579,74.84,65.87,40.84
1997,74.84,65.87,40.84
589,74.83,65.87,40.84
983,74.83,65.87,40.84
392,74.84,65.87,40.84
247,74.84,65.87,40.84
694,74.84,65.87,40.84
661,74.84,65.87,40.84
314,74.84,65.87,40.84
520,74.84,65.87,40.84
2182,74.84,65.87,40.84
2015,74.84,65.87,40.84
1587,74.83,65.87,40.84
9001,74.83,65.87,40.84
1416,74.83,65.87,40.84
3526,74.83,65.87,40.84
8451,74.83,65.87,40.84
24043,74.83,65.87,40.84
1386,74.85,65.87,40.84
2704,74.85,65.87,40.84
7958,74.85,65.87,40.84
17854,74.85,65.87,40.84
36906,74.85,65.87,40.84
58457,74.84,65.87,40.84
5348,74.85,65.87,40.84
8924,74.84,65.87,40.84
12955,74.84,65.87,40.84
17294,74.84,65.87,40.84
79570,74.84,65.87,40.84
98109,74.84,65.87,40.84
49725,74.84,65.87,40.84
101248,74.84,65.87,40.84
81142,74.84,65.87,40.84
8595,74.84,65.87,40.84
18552,74.84,65.87,40.84
14148,74.84,65.87,40.84
101807,74.83,65.87,40.85
312076,74.83,65.87,40.85
21028,74.83,65.87,40.85
106054,74.83,65.87,40.85
905452,74.84,65.87,40.85
797215,74.84,65.87,40.85
818194,74.84,65.87,40.85
284280,74.83,65.87,40.85
906428,74.84,65.87,40.85
823353,74.84,65.87,40.85
812149,74.84,65.87,40.85
490025,74.83,65.87,40.85
804677,74.83,65.87,40.85
866537,74.83,65.87,40.85
566842,74.83,65.87,40.85
778394,74.84,65.87,40.85
706345,74.83,65.87,40.85
3049,74.83,65.87,40.85
21625,74.83,65.87,40.85
3047,74.83,65.87,40.85
580036,74.84,65.87,40.85
618701,74.84,65.87,40.85
283148,74.84,65.87,40.85
324265,74.84,65.87,40.85
91217,74.83,65.87,40.85
16905,74.83,65.87,40.85
623279,74.84,65.87,40.85
589829,74.84,65.87,40.85
327535,74.84,65.87,40.85
283444,74.84,65.87,40.85
217885,74.83,65.87,40.85
58216,74.83,65.87,40.85
250212,74.83,65.87,40.85
512484,74.84,65.87,40.85
399122,74.83,65.87,40.85
61942,74.83,65.87,40.85
203733,74.84,65.87,40.85
126231,74.83,65.87,40.85
2024,74.83,65.87,40.84
9867,74.83,65.87,40.84
474319,74.86,65.86,40.86
344838,74.86,65.86,40.86
823229,74.86,65.87,40.86
592613,74.86,65.87,40.86
734162,74.86,65.87,40.86
443230,74.86,65.87,40.86
864543,74.85,65.86,40.86
814431,74.85,65.86,40.86
937988,74.85,65.87,40.86
908057,74.85,65.87,40.86
923054,74.85,65.87,40.86
874825,74.85,65.87,40.86
682996,74.86,65.86,40.86
593570,74.86,65.86,40.86
786165,74.86,65.87,40.86
711677,74.86,65.87,40.86
910070,74.86,65.87,40.86
945929,74.85,65.87,40.86
952064,74.85,65.87,40.86
925372,74.85,65.87,40.86
937910,74.85,65.87,40.86
956008,74.85,65.87,40.86
944665,74.85,65.87,40.86
961321,74.85,65.87,40.86
953177,74.85,65.87,40.86
952255,74.85,65.87,40.86
957480,74.85,65.87,40.86
966939,74.85,65.87,40.86
962904,74.85,65.87,40.86
969564,74.85,65.87,40.86
966556,74.85,65.87,40.86
949872,74.85,65.87,40.86
944482,74.85,65.87,40.86
966698,74.85,65.87,40.86
961638,74.85,65.87,40.86
964349,74.85,65.87,40.86
957880,74.85,65.87,40.86
960501,74.85,65.87,40.86
962856,74.85,65.87,40.86
971981,74.85,65.87,40.86
970089,74.85,65.87,40.86
970924,74.85,65.87,40.86
968514,74.85,65.87,40.86
131701,74.86,65.86,40.85
225695,74.86,65.86,40.85
401462,74.86,65.87,40.85
160205,74.86,65.87,40.85
589378,74.86,65.87,40.85
286439,74.86,65.87,40.85
728778,74.85,65.86,40.85
581291,74.85,65.86,40.85
899759,74.85,65.87,40.85
813357,74.85,65.87,40.85
843915,74.85,65.87,40.85
686820,74.85,65.87,40.85
31888,74.86,65.86,40.85
66368,74.86,65.86,40.85
99385,74.86,65.87,40.85
30276,74.86,65.87,40.85
224484,74.86,65.87,40.85
73683,74.86,65.87,40.85
396011,74.85,65.86,40.85
228008,74.85,65.86,40.85
731984,74.85,65.87,40.85
484743,74.85,65.87,40.85
525934,74.85,65.87,40.85
275381,74.85,65.87,40.85
869162,74.85,65.87,40.85
909015,74.85,65.87,40.85
933982,74.85,65.87,40.85
906966,74.85,65.87,40.85
948843,74.85,65.87,40.85
933126,74.85,65.87,40.85
945526,74.85,65.87,40.85
931686,74.85,65.87,40.85
963422,74.85,65.87,40.85
958137,74.85,65.87,40.85
956635,74.85,65.87,40.85
948692,74.85,65.87,40.85
801560,74.85,65.87,40.85
657198,74.85,65.87,40.85
908894,74.85,65.87,40.85
856747,74.85,65.87,40.85
629571,74.85,65.87,40.85
845043,74.85,65.87,40.85
736363,74.85,65.87,40.85
911526,74.85,65.87,40.85
861847,74.85,65.87,40.85
946394,74.85,65.87,40.85
934319,74.85,65.87,40.85
831837,74.85,65.87,40.85
923594,74.85,65.87,40.85
899229,74.85,65.87,40.85
647878,74.82,65.87,40.85
437786,74.82,65.87,40.85
800588,74.83,65.87,40.85
912918,74.83,65.87,40.85
615585,74.83,65.87,40.85
852968,74.83,65.87,40.85
950963,74.84,65.87,40.85
958240,74.84,65.87,40.85
964682,74.84,65.87,40.85
961717,74.84,65.87,40.85
969020,74.84,65.87,40.85
966936,74.84,65.87,40.85
963301,74.84,65.87,40.85
958138,74.84,65.87,40.85
971243,74.84,65.87,40.85
970430,74.84,65.87,40.85
967466,74.84,65.87,40.85
966558,74.84,65.87,40.85
942290,74.83,65.87,40.85
919310,74.83,65.87,40.85
953844,74.83,65.87,40.85
941418,74.83,65.87,40.85
966985,74.83,65.87,40.85
969597,74.83,65.87,40.85
959253,74.83,65.87,40.85
963897,74.83,65.87,40.85
964818,74.84,65.87,40.85
959807,74.84,65.87,40.85
962928,74.83,65.87,40.85
956320,74.83,65.87,40.85
971197,74.84,65.87,40.85
971464,74.84,65.87,40.85
966595,74.84,65.87,40.85
967430,74.84,65.87,40.85
550278,74.83,65.87,40.85
291766,74.83,65.87,40.85
940596,74.84,65.87,40.85
918152,74.84,65.87,40.85
958439,74.84,65.87,40.85
954162,74.84,65.87,40.85
894406,74.84,65.87,40.85
945488,74.84,65.87,40.85
937897,74.84,65.87,40.85
950858,74.84,65.87,40.85
935900,74.84,65.87,40.85
962138,74.84,65.87,40.85
961106,74.84,65.87,40.85
909407,74.84,65.87,40.85
950831,74.84,65.87,40.85
949732,74.84,65.87,40.85
784372,74.83,65.87,40.85
592932,74.83,65.87,40.85
865409,74.83,65.87,40.85
916813,74.83,65.87,40.85
571137,74.83,65.87,40.85
718305,74.83,65.87,40.85
735790,74.83,65.87,40.85
850116,74.83,65.87,40.85
952690,74.84,65.87,40.85
937627,74.84,65.87,40.85
894554,74.84,65.87,40.85
944539,74.84,65.87,40.85
949012,74.84,65.87,40.85
959932,74.84,65.87,40.85
961625,74.84,65.87,40.85
936962,74.83,65.87,40.85
946277,74.83,65.87,40.85
923936,74.83,65.87,40.85
902094,74.83,65.87,40.85
950249,74.83,65.87,40.86
961560,74.83,65.87,40.86
940510,74.83,65.87,40.86
956797,74.83,65.87,40.86
967906,74.84,65.87,40.86
966697,74.84,65.87,40.86
974179,74.84,65.87,40.86
973347,74.84,65.87,40.86
973647,74.84,65.87,40.86
972604,74.84,65.87,40.86
970057,74.84,65.87,40.86
969309,74.84,65.87,40.86
975470,74.84,65.87,40.86
974879,74.84,65.87,40.86
975076,74.84,65.87,40.86
974456,74.84,65.87,40.86
964175,74.83,65.87,40.86
967043,74.83,65.87,40.86
971155,74.84,65.87,40.86
970477,74.84,65.87,40.86
976396,74.84,65.87,40.86
975955,74.84,65.87,40.86
975832,74.84,65.87,40.86
975516,74.84,65.87,40.86
971443,74.83,65.87,40.86
970457,74.83,65.87,40.86
967805,74.83,65.87,40.86
969669,74.83,65.87,40.86
976155,74.83,65.87,40.86
976434,74.83,65.87,40.86
975084,74.83,65.87,40.86
975654,74.83,65.87,40.86
925386,74.83,65.87,40.86
950042,74.83,65.87,40.86
890048,74.83,65.87,40.86
937284,74.83,65.87,40.86
962155,74.84,65.87,40.86
965065,74.84,65.87,40.86
971262,74.84,65.87,40.86
969625,74.84,65.87,40.86
972926,74.84,65.87,40.86
971655,74.84,65.87,40.86
968219,74.84,65.87,40.86
966157,74.84,65.87,40.86
974545,74.84,65.87,40.86
973874,74.84,65.87,40.86
973126,74.84,65.87,40.86
972401,74.84,65.87,40.86
953181,74.83,65.87,40.86
960211,74.83,65.87,40.86
969473,74.84,65.87,40.86
967520,74.84,65.87,40.86
975145,74.84,65.87,40.86
974936,74.84,65.87,40.86
973427,74.84,65.87,40.86
973441,74.84,65.87,40.86
969083,74.83,65.87,40.86
966510,74.83,65.87,40.86
960633,74.83,65.87,40.86
965141,74.83,65.87,40.86
973664,74.83,65.87,40.86
974681,74.83,65.87,40.86
970892,74.83,65.87,40.86
972529,74.83,65.87,40.86
553,74.83,65.87,40.83
611,74.83,65.87,40.84
533,74.83,65.87,40.84
464564,74.82,65.87,40.88
832431,74.82,65.87,40.88
274702,74.82,65.87,40.88
696620,74.82,65.87,40.88
772034,74.82,65.87,40.88
921839,74.82,65.87,40.88
645414,74.82,65.87,40.88
892549,74.82,65.87,40.88
408598,74.83,65.87,40.85
201172,74.83,65.87,40.85
566,74.83,65.87,40.84
1113,74.83,65.87,40.84
2974,74.83,65.87,40.84
515,74.83,65.87,40.84
891,74.83,65.87,40.84
69810,74.83,65.87,40.85
15254,74.83,65.87,40.85
62448,74.82,65.87,40.87
108533,74.82,65.87,40.87
439,74.82,65.87,40.87
4116,74.82,65.87,40.87
6510,74.82,65.87,40.87
826,74.82,65.87,40.87
513,74.82,65.87,40.87
16965,74.82,65.87,40.87
10209,74.82,65.87,40.87
151300,74.82,65.87,40.88
279268,74.82,65.87,40.88
425492,74.82,65.87,40.88
560405,74.82,65.87,40.88
192,74.82,65.87,40.88
494,74.82,65.87,40.88
32151,74.82,65.87,40.88
1891,74.82,65.87,40.88
93329,74.82,65.87,40.88
7367,74.82,65.87,40.88
91219,74.82,65.87,40.88
161005,74.82,65.87,40.88
10602,74.82,65.87,40.88
30050,74.82,65.87,40.88
472,74.82,65.87,40.88
2121,74.82,65.87,40.88
65765,74.82,65.87,40.86
109526,74.82,65.87,40.86
691,74.82,65.87,40.86
5930,74.82,65.87,40.86
9045,74.82,65.87,40.86
1663,74.82,65.87,40.86
867,74.82,65.87,40.86
24087,74.82,65.87,40.86
14326,74.82,65.87,40.86
1455,74.82,65.87,40.87
26747,74.82,65.87,40.87
3827,74.82,65.87,40.87
38858,74.82,65.87,40.87
4384,74.82,65.87,40.87
5216,74.82,65.87,40.87
44142,74.82,65.87,40.87
35811,74.82,65.87,40.87
793717,74.82,65.87,40.86
868846,74.82,65.87,40.86
660690,74.82,65.87,40.86
493002,74.82,65.87,40.86
478215,74.82,65.87,40.86
332489,74.82,65.87,40.86
271789,74.82,65.87,40.86
150913,74.82,65.87,40.86
551079,74.82,65.87,40.86
416642,74.82,65.87,40.86
144296,74.82,65.87,40.85
47354,74.82,65.87,40.85
487475,74.82,65.87,40.85
300561,74.82,65.87,40.85
9233,74.82,65.87,40.85
1457,74.82,65.87,40.85
44506,74.82,65.87,40.85
6943,74.82,65.87,40.85
79492,74.82,65.87,40.85
186552,74.82,65.87,40.85
16827,74.82,65.87,40.85
61040,74.82,65.87,40.85
43043,74.82,65.87,40.86
4640,74.82,65.87,40.86
409,74.82,65.87,40.86
188,74.82,65.87,40.86
159036,74.82,65.87,40.86
91878,74.82,65.87,40.86
13203,74.82,65.87,40.86
33344,74.82,65.87,40.86
1038,74.82,65.87,40.86
164,74.82,65.87,40.86
3642,74.82,65.87,40.86
266,74.82,65.87,40.85
758,74.82,65.87,40.85
421,74.82,65.87,40.85
269,74.82,65.87,40.85
281,74.82,65.87,40.85
369,74.82,65.87,40.85
242,74.82,65.87,40.85
1960,74.82,65.87,40.85
224,74.82,65.87,40.85
742,74.82,65.87,40.85
1604,74.82,65.87,40.86
16067,74.82,65.87,40.86
9016,74.82,65.87,40.85
307,74.82,65.87,40.86
497,74.83,65.87,40.84
469,74.83,65.87,40.84
889,74.83,65.87,40.85
471,74.83,65.87,40.84
499,74.83,65.87,40.84
406,74.83,65.87,40.84
430,74.83,65.87,40.84
445,74.83,65.87,40.85
387,74.82,65.87,40.85
378,74.83,65.87,40.85
360,74.82,65.87,40.85
392,74.82,65.87,40.84
1358,74.83,65.87,40.85
3312,74.83,65.87,40.85
563,74.82,65.87,40.85
899,74.82,65.87,40.85
2684,74.82,65.87,40.85
10537,74.82,65.87,40.85
371,74.82,65.87,40.85
348,74.82,65.87,40.85
506,74.82,65.87,40.85
375,74.82,65.87,40.85
375,74.82,65.87,40.85
361,74.82,65.87,40.85
671,74.82,65.87,40.85
1798,74.82,65.87,40.85
509,74.82,65.87,40.85
351,74.82,65.87,40.85
332,74.82,65.87,40.85
340,74.82,65.87,40.85
306,74.82,65.87,40.85
322,74.82,65.87,40.85
55,74.87,65.87,40.85
16,74.87,65.87,40.85
13,74.87,65.87,40.86
12,74.87,65.87,40.86
13,74.87,65.87,40.86
151,74.87,65.87,40.86
231,74.87,65.87,40.86
15,74.87,65.87,40.85
58,74.87,65.87,40.85
14,74.87,65.87,40.85
96,74.87,65.87,40.85
64,74.87,65.87,40.88
7,74.87,65.87,40.88
7,74.87,65.87,40.88
33,74.87,65.87,40.88
43,74.87,65.87,40.88
8,74.87,65.87,40.87
31,74.87,65.87,40.87
61,74.87,65.87,40.87
98,74.87,65.87,40.87
8,74.87,65.87,40.87
10,74.87,65.87,40.87
52,74.87,65.87,40.87
36,74.87,65.87,40.87
202,74.87,65.87,40.87
146,74.87,65.87,40.87
18,74.87,65.87,40.87
9,74.87,65.87,40.87
9,74.87,65.87,40.87
255,74.87,65.87,40.87
335,74.87,65.87,40.87
11,74.87,65.87,40.86
324,74.87,65.87,40.86
10,74.87,65.87,40.86
364,74.87,65.87,40.86
187,74.86,65.87,40.89
5,74.86,65.87,40.88
5,74.86,65.87,40.89
57,74.86,65.87,40.88
525,74.86,65.87,40.88
1191,74.86,65.87,40.88
112,74.86,65.87,40.88
21,74.86,65.87,40.88
34,74.86,65.87,40.88
5,74.86,65.87,40.88
3227,74.86,65.87,40.88
230,74.86,65.87,40.88
11206,74.86,65.87,40.88
978,74.86,65.87,40.88
7,74.86,65.87,40.88
47,74.86,65.87,40.88
53,74.86,65.87,40.88
114,74.86,65.87,40.88
4,74.86,65.87,40.89
5,74.86,65.87,40.89
37,74.86,65.87,40.89
5,74.86,65.87,40.89
3,74.85,65.87,40.9
3,74.85,65.87,40.9
3,74.84,65.87,40.9
3,74.84,65.87,40.9
4,74.86,65.87,40.9
11,74.86,65.87,40.89
4,74.86,65.87,40.89
4,74.86,65.87,40.89
71,74.86,65.87,40.89
27213,74.86,65.87,40.88
78577,74.86,65.87,40.88
3470,74.86,65.87,40.88
9365,74.86,65.87,40.88
37,74.85,65.87,40.89
385,74.86,65.87,40.89
92,74.85,65.87,40.89
679,74.85,65.87,40.89
690,74.85,65.87,40.89
3457,74.85,65.87,40.89
4,74.83,65.87,40.89
23,74.83,65.87,40.89
81,74.83,65.87,40.89
104,74.83,65.87,40.89
429,74.83,65.87,40.89
163,74.85,65.87,40.89
44,74.85,65.87,40.89
212,74.85,65.87,40.89
188,74.85,65.87,40.89
993,74.85,65.87,40.89
473,74.84,65.87,40.89
2387,74.85,65.87,40.89
3299,74.84,65.87,40.89
648,74.84,65.87,40.89
5038,74.84,65.87,40.89
5223,74.84,65.87,40.89
304,74.84,65.87,40.89
1309,74.84,65.87,40.89
4692,74.84,65.87,40.89
2840,74.84,65.87,40.89
697,74.83,65.87,40.89
7062,74.83,65.87,40.89
682,74.83,65.87,40.89
3335,74.83,65.87,40.89
7189,74.83,65.87,40.89
27244,74.83,65.87,40.89
2757,74.85,65.87,40.89
5213,74.85,65.87,40.89
11163,74.85,65.87,40.89
26178,74.85,65.87,40.89
11087,74.85,65.87,40.89
18208,74.84,65.87,40.89
50894,74.85,65.87,40.89
81203,74.84,65.87,40.89
26232,74.84,65.87,40.89
30362,74.84,65.87,40.89
110663,74.84,65.87,40.89
127564,74.84,65.87,40.89
9926,74.84,65.87,40.89
28145,74.84,65.87,40.89
19838,74.84,65.87,40.89
61324,74.84,65.87,40.89
123812,74.84,65.87,40.89
98423,74.84,65.87,40.89
4,74.86,65.87,40.9
5,74.85,65.86,40.9
3,74.85,65.87,40.9
4,74.86,65.87,40.9
9,74.85,65.87,40.9
4,74.85,65.87,40.9
7,74.85,65.86,40.9
3,74.85,65.87,40.9
13,74.85,65.87,40.9
3,74.85,65.87,40.9
14,74.84,65.87,40.9
3,74.84,65.87,40.9
12,74.84,65.87,40.9
3,74.84,65.87,40.9
28,74.85,65.87,40.9
51,74.85,65.87,40.9
445,74.85,65.87,40.89
72,74.84,65.87,40.9
841,74.84,65.87,40.89
61,74.84,65.87,40.9
649,74.84,65.87,40.89
112761,74.86,65.86,40.88
215247,74.86,65.86,40.88
409889,74.86,65.87,40.88
150462,74.86,65.87,40.88
603226,74.86,65.87,40.88
286821,74.86,65.87,40.88
593592,74.85,65.86,40.88
740302,74.85,65.86,40.88
903916,74.85,65.87,40.88
823315,74.85,65.87,40.88
853020,74.85,65.87,40.88
701476,74.85,65.87,40.88
19268,74.86,65.86,40.88
50887,74.86,65.86,40.88
99567,74.86,65.87,40.88
21112,74.86,65.87,40.88
228428,74.86,65.87,40.88
62199,74.86,65.87,40.88
406258,74.85,65.86,40.88
231494,74.85,65.86,40.88
546723,74.85,65.87,40.88
285765,74.85,65.87,40.88
749552,74.85,65.87,40.88
502094,74.85,65.87,40.88
911939,74.85,65.87,40.88
875490,74.85,65.87,40.88
949219,74.85,65.87,40.88
934661,74.85,65.87,40.88
935801,74.85,65.87,40.88
911083,74.85,65.87,40.88
945862,74.85,65.87,40.88
933256,74.85,65.87,40.88
956820,74.85,65.87,40.88
949439,74.85,65.87,40.88
963001,74.85,65.87,40.88
957959,74.85,65.87,40.88
813675,74.85,65.87,40.88
673731,74.85,65.87,40.88
913537,74.85,65.87,40.88
866369,74.85,65.87,40.88
854108,74.85,65.87,40.88
753269,74.85,65.87,40.88
915062,74.85,65.87,40.88
868316,74.85,65.87,40.88
926285,74.85,65.87,40.88
904273,74.85,65.87,40.88
947566,74.85,65.87,40.88
936709,74.85,65.87,40.88
316,74.86,65.87,40.89
481,74.86,65.87,40.89
2302,74.86,65.87,40.89
3778,74.85,65.86,40.89
12790,74.85,65.86,40.89
4070,74.85,65.87,40.89
3118,74.85,65.87,40.89
26561,74.85,65.87,40.89
10735,74.85,65.87,40.89
18148,74.85,65.87,40.89
77871,74.85,65.87,40.89
3334,74.86,65.87,40.89
7809,74.86,65.87,40.89
31750,74.86,65.87,40.88
38455,74.85,65.86,40.89
104070,74.85,65.86,40.88
109609,74.85,65.87,40.89
37470,74.85,65.87,40.89
290277,74.85,65.87,40.88
119078,74.85,65.87,40.88
454234,74.85,65.87,40.88
223425,74.85,65.87,40.89
49072,74.85,65.87,40.89
105350,74.85,65.87,40.89
166922,74.85,65.87,40.89
296245,74.85,65.87,40.89
179172,74.85,65.87,40.89
257248,74.84,65.87,40.89
431557,74.85,65.87,40.89
536670,74.84,65.87,40.89
641860,74.85,65.87,40.88
767496,74.85,65.87,40.88
391794,74.85,65.87,40.89
560042,74.85,65.87,40.89
838723,74.85,65.87,40.88
876324,74.84,65.87,40.88
689610,74.85,65.87,40.89
763964,74.84,65.87,40.89
323153,74.84,65.87,40.89
360040,74.84,65.87,40.89
606208,74.84,65.87,40.89
641040,74.84,65.87,40.89
13998,74.83,65.87,40.89
90393,74.83,65.87,40.89
645511,74.84,65.87,40.89
616077,74.84,65.87,40.89
359352,74.84,65.87,40.89
317423,74.84,65.87,40.89
56211,74.83,65.87,40.89
219442,74.83,65.87,40.89
63302,74.83,65.87,40.89
236096,74.84,65.87,40.89
141029,74.83,65.87,40.89
256807,74.83,65.87,40.89
542142,74.84,65.87,40.89
416547,74.83,65.87,40.89
906856,74.84,65.87,40.88
805471,74.84,65.87,40.89
824703,74.84,65.87,40.89
289593,74.83,65.87,40.89
908515,74.84,65.87,40.88
829670,74.84,65.87,40.89
819736,74.84,65.87,40.89
492043,74.83,65.87,40.89
806145,74.83,65.87,40.88
869571,74.83,65.87,40.88
570154,74.83,65.87,40.89
787401,74.84,65.87,40.89
711634,74.83,65.87,40.89
951229,74.84,65.87,40.88
957971,74.84,65.87,40.88
968574,74.84,65.87,40.88
966422,74.84,65.87,40.88
964564,74.84,65.87,40.88
961635,74.84,65.87,40.88
963129,74.84,65.87,40.88
958279,74.84,65.87,40.88
971290,74.84,65.87,40.88
970169,74.84,65.87,40.88
967841,74.84,65.87,40.88
966595,74.84,65.87,40.88
944305,74.83,65.87,40.88
956018,74.83,65.87,40.88
968604,74.83,65.87,40.88
970866,74.83,65.87,40.88
961498,74.83,65.87,40.88
965729,74.83,65.87,40.88
965277,74.84,65.87,40.88
960647,74.84,65.87,40.88
964277,74.83,65.87,40.88
958228,74.83,65.87,40.88
967956,74.84,65.87,40.88
968280,74.84,65.87,40.88
972066,74.84,65.87,40.88
971907,74.84,65.87,40.88
896756,74.84,65.87,40.88
941612,74.84,65.87,40.88
920266,74.84,65.87,40.88
958780,74.84,65.87,40.88
954708,74.84,65.87,40.88
946322,74.84,65.87,40.88
939305,74.84,65.87,40.88
910639,74.84,65.87,40.88
951364,74.84,65.87,40.88
936742,74.84,65.87,40.88
962965,74.84,65.87,40.88
961517,74.84,65.87,40.88
952004,74.84,65.87,40.88
950432,74.84,65.87,40.88
578766,74.83,65.87,40.88
733995,74.83,65.87,40.88
737697,74.83,65.87,40.88
855810,74.83,65.87,40.88
872675,74.83,65.87,40.88
920990,74.83,65.87,40.88
939274,74.84,65.87,40.88
953986,74.84,65.87,40.88
897837,74.84,65.87,40.88
962020,74.84,65.87,40.88
963059,74.84,65.87,40.88
947310,74.84,65.87,40.88
951033,74.84,65.87,40.88
940200,74.83,65.87,40.88
948890,74.83,65.87,40.88
926971,74.83,65.87,40.88
905573,74.83,65.87,40.88
6,74.87,65.87,40.88
20,74.87,65.87,40.88
6,74.87,65.87,40.88
3,74.84,65.87,40.9
10,74.84,65.87,40.9
3,74.84,65.87,40.9
45,74.84,65.87,40.9
3,74.84,65.87,40.9
143,74.84,65.87,40.89
6,74.83,65.87,40.9
3,74.83,65.87,40.9
18,74.83,65.87,40.89
3,74.83,65.87,40.9
3,74.83,65.87,40.89
919,74.83,65.87,40.89
7326,74.83,65.87,40.89
31,74.83,65.87,40.89
3,74.83,65.87,40.89
144,74.83,65.87,40.89
1187,74.83,65.87,40.89
15,74.83,65.87,40.89
141,74.83,65.87,40.89
1669,74.83,65.87,40.89
19496,74.83,65.87,40.89
109913,74.83,65.87,40.89
327076,74.83,65.87,40.88
19270,74.83,65.87,40.89
106707,74.83,65.87,40.88
610140,74.83,65.87,40.88
302356,74.83,65.87,40.88
72227,74.82,65.87,40.88
215934,74.82,65.87,40.88
804415,74.83,65.87,40.88
945016,74.83,65.87,40.88
917025,74.83,65.87,40.88
558446,74.83,65.87,40.88
613617,74.83,65.87,40.88
923196,74.83,65.87,40.88
793875,74.83,65.87,40.88
859762,74.83,65.87,40.88
647787,74.82,65.87,40.88
285703,74.82,65.87,40.88
428905,74.82,65.87,40.88
122186,74.82,65.87,40.88
9,74.83,65.87,40.89
17,74.83,65.87,40.89
37,74.83,65.87,40.89
5,74.83,65.87,40.89
17,74.83,65.87,40.89
206,74.83,65.87,40.89
1684,74.83,65.87,40.89
27,74.83,65.87,40.89
145,74.83,65.87,40.89
6,74.82,65.87,40.89
20,74.82,65.87,40.89
12,74.83,65.87,40.89
7,74.82,65.87,40.89
6,74.82,65.87,40.89
1076,74.82,65.87,40.89
11911,74.82,65.87,40.88
12,74.82,65.87,40.89
7,74.82,65.87,40.89
78,74.82,65.87,40.89
944,74.82,65.87,40.88
7,74.82,65.87,40.89
52,74.82,65.87,40.88
4859,74.82,65.87,40.88
355,74.82,65.87,40.88
34504,74.82,65.87,40.88
3644,74.82,65.87,40.88
10692,74.82,65.87,40.88
53833,74.82,65.87,40.88
44,74.82,65.87,40.88
184,74.82,65.87,40.88
54,74.82,65.87,40.88
750,74.82,65.87,40.88
5974,74.82,65.87,40.88
245,74.82,65.87,40.88
5,74.83,65.87,40.89
6,74.82,65.87,40.89
15,74.82,65.87,40.88
19,74.82,65.87,40.88
22,74.82,65.87,40.88
25,74.82,65.87,40.88
9,74.82,65.87,40.88
12,74.82,65.87,40.88
11,74.82,65.87,40.88
13,74.82,65.87,40.88
33,74.82,65.87,40.87
36,74.82,65.87,40.87
54,74.82,65.87,40.87
26,74.82,65.87,40.88
28,74.82,65.87,40.88
155,74.82,65.87,40.87
48,74.82,65.87,40.87
80,74.82,65.87,40.87
120,74.82,65.87,40.87
125,74.82,65.87,40.86
122,74.82,65.87,40.86
88,74.82,65.87,40.87
124,74.82,65.87,40.86
136,74.82,65.87,40.86
174,74.82,65.87,40.86
158,74.82,65.87,40.86
207,74.82,65.87,40.86
227,74.82,65.87,40.85
16655,74.86,65.87,40.88
65246,74.86,65.86,40.88
118003,74.86,65.86,40.88
14127,74.86,65.87,40.88
27873,74.86,65.87,40.88
596,74.86,65.87,40.88
234,74.86,65.87,40.88
1850,74.86,65.87,40.88
290,74.86,65.87,40.88
2907,74.86,65.87,40.88
441,74.86,65.87,40.87
757,74.86,65.87,40.87
5050,74.86,65.87,40.87
8904,74.86,65.87,40.87
2228,74.86,65.87,40.87
23240,74.86,65.87,40.87
1356,74.86,65.87,40.87
14692,74.86,65.87,40.87
38,74.85,65.87,40.83
36,74.86,65.87,40.83
33,74.86,65.87,40.84
62,74.86,65.86,40.84
32,74.86,65.87,40.84
44,74.86,65.87,40.84
39,74.85,65.87,40.83
43,74.85,65.87,40.83
138,74.84,65.87,40.83
57,74.84,65.87,40.83
81,74.86,65.86,40.84
41,74.85,65.87,40.84
65,74.85,65.86,40.84
97,74.86,65.86,40.84
92,74.85,65.86,40.84
54,74.85,65.86,40.84
55,74.85,65.86,40.84
63,74.84,65.86,40.84
119,74.84,65.87,40.84
114,74.85,65.86,40.84
137,74.85,65.86,40.84
185,74.84,65.87,40.84
245,74.84,65.87,40.84
39,74.85,65.87,40.83
40,74.85,65.87,40.83
46,74.84,65.87,40.83
51,74.85,65.86,40.83
42,74.85,65.87,40.83
49,74.85,65.86,40.83
45,74.84,65.87,40.83
212,74.84,65.87,40.83
137,74.84,65.86,40.83
59,74.84,65.86,40.83
96,74.84,65.87,40.83
317,74.84,65.86,40.83
451,74.83,65.87,40.83
301,74.84,65.87,40.84
464,74.83,65.87,40.84
535,74.83,65.87,40.84
607,74.83,65.87,40.84
396,74.84,65.87,40.84
543,74.83,65.87,40.84
572,74.83,65.87,40.84
572,74.83,65.87,40.84
417,74.87,65.86,40.85
1138,74.87,65.86,40.85
2745,74.87,65.86,40.86
5158,74.87,65.86,40.86
167,74.87,65.86,40.85
418231,74.86,65.87,40.87
375480,74.86,65.87,40.87
598138,74.86,65.87,40.87
250033,74.86,65.87,40.87
664950,74.86,65.87,40.87
316406,74.86,65.87,40.87
270551,74.86,65.86,40.87
306400,74.86,65.86,40.87
131406,74.86,65.87,40.87
105387,74.86,65.87,40.87
172984,74.86,65.86,40.87
223758,74.86,65.86,40.87
48767,74.86,65.87,40.87
77330,74.86,65.87,40.87
462531,74.86,65.87,40.87
449496,74.86,65.87,40.87
332557,74.86,65.86,40.87
344274,74.86,65.86,40.87
159685,74.86,65.87,40.87
149007,74.86,65.87,40.87
8282,74.87,65.86,40.87
461345,74.86,65.87,40.87
445399,74.86,65.87,40.87
331562,74.86,65.86,40.87
344355,74.86,65.86,40.87
153623,74.86,65.87,40.87
160314,74.86,65.87,40.87
10731,74.87,65.86,40.87
414779,74.86,65.87,40.86
374355,74.86,65.87,40.86
275986,74.86,65.86,40.86
308237,74.86,65.86,40.86
120111,74.86,65.87,40.86
139249,74.86,65.87,40.86
10783,74.87,65.86,40.86
659587,74.86,65.87,40.86
321651,74.86,65.87,40.86
594255,74.86,65.87,40.86
262655,74.86,65.87,40.86
194475,74.86,65.86,40.86
74813,74.86,65.87,40.86
236873,74.86,65.86,40.86
97542,74.86,65.87,40.86
8380,74.87,65.86,40.86
835461,74.86,65.87,40.87
945140,74.86,65.87,40.87
962333,74.85,65.87,40.87
961977,74.85,65.87,40.87
837096,74.86,65.87,40.87
945395,74.86,65.87,40.87
961999,74.85,65.87,40.87
962347,74.85,65.87,40.87
958952,74.85,65.87,40.87
959300,74.85,65.87,40.87
969998,74.85,65.87,40.87
967426,74.85,65.87,40.87
969814,74.85,65.87,40.87
967183,74.85,65.87,40.87
966420,74.85,65.87,40.87
966225,74.85,65.87,40.87
972229,74.85,65.87,40.87
971500,74.85,65.87,40.87
972339,74.85,65.87,40.87
971644,74.85,65.87,40.87
958964,74.85,65.87,40.87
959299,74.85,65.87,40.87
970079,74.85,65.87,40.87
967476,74.85,65.87,40.87
970034,74.85,65.87,40.87
967305,74.85,65.87,40.87
966496,74.85,65.87,40.87
966443,74.85,65.87,40.87
972577,74.85,65.87,40.87
971788,74.85,65.87,40.87
972469,74.85,65.87,40.87
971752,74.85,65.87,40.87
968716,74.84,65.87,40.87
968835,74.84,65.87,40.87
972841,74.84,65.87,40.87
972692,74.84,65.87,40.87
972887,74.84,65.87,40.87
972772,74.84,65.87,40.87
969523,74.84,65.87,40.87
969572,74.84,65.87,40.87
973769,74.84,65.87,40.87
973174,74.84,65.87,40.87
973762,74.84,65.87,40.87
973192,74.84,65.87,40.87
969029,74.84,65.87,40.87
968944,74.84,65.87,40.87
973274,74.84,65.87,40.87
973084,74.84,65.87,40.87
973059,74.84,65.87,40.87
972922,74.84,65.87,40.87
969875,74.84,65.87,40.87
969697,74.84,65.87,40.87
974137,74.84,65.87,40.87
973599,74.84,65.87,40.87
973918,74.84,65.87,40.87
973365,74.84,65.87,40.87
223553,74.82,65.87,40.87
736247,74.82,65.87,40.87
243673,74.82,65.87,40.87
750600,74.82,65.87,40.87
970547,74.84,65.87,40.87
970545,74.84,65.87,40.87
975655,74.84,65.87,40.87
974631,74.84,65.87,40.87
975624,74.84,65.87,40.87
974606,74.84,65.87,40.87
977072,74.83,65.87,40.87
976438,74.83,65.87,40.87
977047,74.83,65.87,40.87
976408,74.83,65.87,40.87
972027,74.83,65.87,40.87
972013,74.83,65.87,40.87
972405,74.83,65.87,40.87
972415,74.83,65.87,40.87
971595,74.83,65.87,40.87
969451,74.83,65.87,40.87
971650,74.83,65.87,40.87
969594,74.83,65.87,40.87
927162,74.82,65.87,40.87
965122,74.83,65.87,40.87
955346,74.82,65.87,40.87
924279,74.82,65.87,40.87
964757,74.83,65.87,40.87
954432,74.82,65.87,40.87
226581,74.82,65.87,40.87
732801,74.82,65.87,40.87
245712,74.82,65.87,40.87
748817,74.82,65.87,40.87
970812,74.84,65.87,40.87
970645,74.84,65.87,40.87
975810,74.84,65.87,40.87
974905,74.84,65.87,40.87
975693,74.84,65.87,40.87
974725,74.84,65.87,40.87
977045,74.83,65.87,40.87
976438,74.83,65.87,40.87
977044,74.83,65.87,40.87
976497,74.83,65.87,40.87
972040,74.83,65.87,40.87
972092,74.83,65.87,40.87
972385,74.83,65.87,40.87
972306,74.83,65.87,40.87
971600,74.83,65.87,40.87
969523,74.83,65.87,40.87
971429,74.83,65.87,40.87
969225,74.83,65.87,40.87
926866,74.82,65.87,40.87
965032,74.83,65.87,40.87
955228,74.82,65.87,40.87
923546,74.82,65.87,40.87
964477,74.83,65.87,40.87
954088,74.82,65.87,40.87
741507,74.86,65.86,40.86
779441,74.86,65.86,40.86
859706,74.86,65.87,40.86
831207,74.86,65.87,40.86
931910,74.86,65.87,40.86
955610,74.85,65.87,40.86
958400,74.85,65.87,40.86
810810,74.86,65.87,40.86
941520,74.86,65.87,40.86
960076,74.85,65.87,40.86
961329,74.85,65.87,40.86
955604,74.85,65.87,40.86
953039,74.85,65.87,40.86
969060,74.85,65.87,40.86
965445,74.85,65.87,40.86
968026,74.85,65.87,40.86
963731,74.85,65.87,40.86
965313,74.85,65.87,40.86
964253,74.85,65.87,40.86
972747,74.85,65.87,40.86
971481,74.85,65.87,40.86
972417,74.85,65.87,40.86
970853,74.85,65.87,40.86
958338,74.85,65.87,40.86
957161,74.85,65.87,40.86
969933,74.85,65.87,40.86
967032,74.85,65.87,40.86
969553,74.85,65.87,40.86
966315,74.85,65.87,40.86
966290,74.85,65.87,40.86
965885,74.85,65.87,40.86
972734,74.85,65.87,40.86
971836,74.85,65.87,40.86
972740,74.85,65.87,40.86
971669,74.85,65.87,40.86
197218,74.82,65.87,40.86
697044,74.82,65.87,40.86
153996,74.82,65.87,40.86
637604,74.82,65.87,40.86
916564,74.82,65.87,40.86
952002,74.82,65.87,40.86
903278,74.82,65.87,40.86
948260,74.82,65.87,40.86
324368,74.82,65.87,40.86
239665,74.82,65.87,40.86
745810,74.82,65.87,40.86
667105,74.82,65.87,40.86
881465,74.82,65.87,40.86
942802,74.82,65.87,40.86
840805,74.82,65.87,40.86
933702,74.82,65.87,40.86
922960,74.82,65.87,40.86
902282,74.82,65.87,40.86
720179,74.82,65.87,40.86
848822,74.82,65.87,40.86
620777,74.82,65.87,40.86
779512,74.82,65.87,40.86
959529,74.83,65.87,40.86
966579,74.83,65.87,40.86
955529,74.83,65.87,40.86
964438,74.83,65.87,40.86
968941,74.84,65.87,40.86
968525,74.84,65.87,40.86
974189,74.84,65.87,40.86
973659,74.84,65.87,40.86
974204,74.84,65.87,40.86
973528,74.84,65.87,40.86
970330,74.84,65.87,40.86
970440,74.84,65.87,40.86
975267,74.84,65.87,40.86
974720,74.84,65.87,40.86
975368,74.84,65.87,40.86
974808,74.84,65.87,40.86
969981,74.83,65.87,40.86
968713,74.83,65.87,40.86
971520,74.83,65.87,40.86
970754,74.83,65.87,40.86
976608,74.83,65.87,40.86
976633,74.83,65.87,40.86
976967,74.83,65.87,40.86
976815,74.83,65.87,40.86
971442,74.84,65.87,40.86
971372,74.84,65.87,40.86
971885,74.83,65.87,40.86
972169,74.83,65.87,40.86
976422,74.84,65.87,40.86
975897,74.84,65.87,40.86
976462,74.84,65.87,40.86
975838,74.84,65.87,40.86
963546,74.83,65.87,40.86
968741,74.83,65.87,40.86
961822,74.83,65.87,40.86
967827,74.83,65.87,40.86
969108,74.84,65.87,40.86
969063,74.84,65.87,40.86
973642,74.84,65.87,40.86
973348,74.84,65.87,40.86
973879,74.84,65.87,40.86
973479,74.84,65.87,40.86
970307,74.84,65.87,40.86
970135,74.84,65.87,40.86
974865,74.84,65.87,40.86
974331,74.84,65.87,40.86
974573,74.84,65.87,40.86
974038,74.84,65.87,40.86
971188,74.83,65.87,40.86
970663,74.83,65.87,40.86
972191,74.83,65.87,40.86
971915,74.83,65.87,40.86
977023,74.83,65.87,40.86
976701,74.83,65.87,40.86
977092,74.83,65.87,40.86
976652,74.83,65.87,40.86
971086,74.84,65.87,40.86
971273,74.84,65.87,40.86
972194,74.83,65.87,40.86
972187,74.83,65.87,40.86
976065,74.84,65.87,40.86
975258,74.84,65.87,40.86
976215,74.84,65.87,40.86
975501,74.84,65.87,40.86
784935,74.86,65.86,40.87
746916,74.86,65.86,40.87
835169,74.86,65.87,40.87
863045,74.86,65.87,40.87
932649,74.86,65.87,40.87
958304,74.85,65.87,40.87
955502,74.85,65.87,40.87
814790,74.86,65.87,40.87
942141,74.86,65.87,40.87
961344,74.85,65.87,40.87
960068,74.85,65.87,40.87
955445,74.85,65.87,40.87
952864,74.85,65.87,40.87
967318,74.85,65.87,40.87
963271,74.85,65.87,40.87
968433,74.85,65.87,40.87
965033,74.85,65.87,40.87
963568,74.85,65.87,40.87
964703,74.85,65.87,40.87
971428,74.85,65.87,40.87
969976,74.85,65.87,40.87
971848,74.85,65.87,40.87
970698,74.85,65.87,40.87
958303,74.85,65.87,40.87
957089,74.85,65.87,40.87
969559,74.85,65.87,40.87
966806,74.85,65.87,40.87
969055,74.85,65.87,40.87
966011,74.85,65.87,40.87
965925,74.85,65.87,40.87
965399,74.85,65.87,40.87
971993,74.85,65.87,40.87
971032,74.85,65.87,40.87
972158,74.85,65.87,40.87
971351,74.85,65.87,40.87
241510,74.82,65.87,40.87
674566,74.82,65.87,40.87
884096,74.82,65.87,40.87
943949,74.82,65.87,40.87
845887,74.82,65.87,40.87
935296,74.82,65.87,40.87
194033,74.82,65.87,40.87
701035,74.82,65.87,40.87
327367,74.82,65.87,40.87
153687,74.82,65.87,40.87
750629,74.82,65.87,40.87
643407,74.82,65.87,40.87
917653,74.82,65.87,40.87
952575,74.82,65.87,40.87
904860,74.82,65.87,40.87
949080,74.82,65.87,40.87
956722,74.83,65.87,40.87
965425,74.83,65.87,40.87
960437,74.83,65.87,40.87
967328,74.83,65.87,40.87
967640,74.84,65.87,40.87
968131,74.84,65.87,40.87
973161,74.84,65.87,40.87
972482,74.84,65.87,40.87
973200,74.84,65.87,40.87
972694,74.84,65.87,40.87
969486,74.84,65.87,40.87
969622,74.84,65.87,40.87
974611,74.84,65.87,40.87
973864,74.84,65.87,40.87
974499,74.84,65.87,40.87
973798,74.84,65.87,40.87
969490,74.83,65.87,40.87
970560,74.83,65.87,40.87
971313,74.83,65.87,40.87
971921,74.83,65.87,40.87
976924,74.83,65.87,40.87
976705,74.83,65.87,40.87
977163,74.83,65.87,40.87
976792,74.83,65.87,40.87
970884,74.84,65.87,40.87
970916,74.84,65.87,40.87
971953,74.83,65.87,40.87
972143,74.83,65.87,40.87
976224,74.84,65.87,40.87
975406,74.84,65.87,40.87
976200,74.84,65.87,40.87
975313,74.84,65.87,40.87
962504,74.83,65.87,40.87
968385,74.83,65.87,40.87
964019,74.83,65.87,40.87
969123,74.83,65.87,40.87
968389,74.84,65.87,40.87
968592,74.84,65.87,40.87
973013,74.84,65.87,40.87
972658,74.84,65.87,40.87
972944,74.84,65.87,40.87
972705,74.84,65.87,40.87
969576,74.84,65.87,40.87
969555,74.84,65.87,40.87
974145,74.84,65.87,40.87
973490,74.84,65.87,40.87
973970,74.84,65.87,40.87
973349,74.84,65.87,40.87
971087,74.83,65.87,40.87
971469,74.83,65.87,40.87
972194,74.83,65.87,40.87
972367,74.83,65.87,40.87
977141,74.83,65.87,40.87
976634,74.83,65.87,40.87
977145,74.83,65.87,40.87
976563,74.83,65.87,40.87
970657,74.84,65.87,40.87
970760,74.84,65.87,40.87
972120,74.83,65.87,40.87
972099,74.83,65.87,40.87
975947,74.84,65.87,40.87
974998,74.84,65.87,40.87
975820,74.84,65.87,40.87
974828,74.84,65.87,40.87
212437,74.86,65.86,40.88
378042,74.86,65.86,40.88
342908,74.86,65.86,40.88
475693,74.86,65.86,40.88
829380,74.86,65.87,40.88
600014,74.86,65.87,40.88
744202,74.86,65.87,40.88
450817,74.86,65.87,40.88
868650,74.85,65.86,40.88
821572,74.85,65.86,40.88
938595,74.85,65.87,40.88
910442,74.85,65.87,40.88
924886,74.85,65.87,40.88
879986,74.85,65.87,40.88
595751,74.86,65.86,40.88
686897,74.86,65.86,40.88
790177,74.86,65.87,40.88
715979,74.86,65.87,40.88
911557,74.86,65.87,40.88
946067,74.85,65.87,40.88
951947,74.85,65.87,40.88
938270,74.85,65.87,40.88
926712,74.85,65.87,40.88
955733,74.85,65.87,40.88
945088,74.85,65.87,40.88
960686,74.85,65.87,40.88
952971,74.85,65.87,40.88
952013,74.85,65.87,40.88
956882,74.85,65.87,40.88
968604,74.85,65.87,40.88
965697,74.85,65.87,40.88
966178,74.85,65.87,40.88
962293,74.85,65.87,40.88
949677,74.85,65.87,40.88
944492,74.85,65.87,40.88
963603,74.85,65.87,40.88
957478,74.85,65.87,40.88
965919,74.85,65.87,40.88
961135,74.85,65.87,40.88
959792,74.85,65.87,40.88
962104,74.85,65.87,40.88
970933,74.85,65.87,40.88
969143,74.85,65.87,40.88
969891,74.85,65.87,40.88
967575,74.85,65.87,40.88
951771,74.83,65.87,40.88
962831,74.83,65.87,40.88
942503,74.83,65.87,40.88
958432,74.83,65.87,40.88
965805,74.84,65.87,40.88
966978,74.84,65.87,40.88
972666,74.84,65.87,40.88
971559,74.84,65.87,40.88
973138,74.84,65.87,40.88
972271,74.84,65.87,40.88
968569,74.84,65.87,40.88
969235,74.84,65.87,40.88
974495,74.84,65.87,40.88
973635,74.84,65.87,40.88
974775,74.84,65.87,40.88
973971,74.84,65.87,40.88
968054,74.83,65.87,40.88
965479,74.83,65.87,40.88
970207,74.84,65.87,40.88
970752,74.84,65.87,40.88
976294,74.84,65.87,40.88
975541,74.84,65.87,40.88
975883,74.84,65.87,40.88
975237,74.84,65.87,40.88
970832,74.83,65.87,40.88
971638,74.83,65.87,40.88
970422,74.83,65.87,40.88
968802,74.83,65.87,40.88
975738,74.83,65.87,40.88
976022,74.83,65.87,40.88
976613,74.83,65.87,40.88
976626,74.83,65.87,40.88
928104,74.83,65.87,40.88
952143,74.83,65.87,40.88
893879,74.83,65.87,40.88
940147,74.83,65.87,40.88
964263,74.84,65.87,40.88
961564,74.84,65.87,40.88
970570,74.84,65.87,40.88
968840,74.84,65.87,40.88
972059,74.84,65.87,40.88
970697,74.84,65.87,40.88
965736,74.84,65.87,40.88
967609,74.84,65.87,40.88
972908,74.84,65.87,40.88
971901,74.84,65.87,40.88
974120,74.84,65.87,40.88
973189,74.84,65.87,40.88
961870,74.83,65.87,40.88
955306,74.83,65.87,40.88
967672,74.84,65.87,40.88
969382,74.84,65.87,40.88
973934,74.84,65.87,40.88
973572,74.84,65.87,40.88
975386,74.84,65.87,40.88
974829,74.84,65.87,40.88
969690,74.83,65.87,40.88
967436,74.83,65.87,40.88
966442,74.83,65.87,40.88
962318,74.83,65.87,40.88
974559,74.83,65.87,40.88
975262,74.83,65.87,40.88
972100,74.83,65.87,40.88
973406,74.83,65.87,40.88
1173,74.86,65.86,40.85
6963,74.86,65.86,40.85
19,74.87,65.87,40.84
17,74.87,65.87,40.85
80,74.87,65.86,40.85
17,74.87,65.87,40.85
23,74.87,65.87,40.84
24,74.86,65.87,40.84
85,74.86,65.86,40.84
29,74.86,65.87,40.84
80,74.86,65.86,40.84
21,74.86,65.87,40.84
362,74.86,65.86,40.85
95,74.86,65.86,40.84
1232,74.86,65.86,40.85
136,74.86,65.87,40.84
57916,74.86,65.86,40.86
383819,74.86,65.86,40.86
28214,74.86,65.86,40.86
226216,74.86,65.86,40.86
11341,74.86,65.86,40.85
99065,74.86,65.86,40.85
3942,74.86,65.86,40.85
30427,74.86,65.86,40.85
45690,74.86,65.86,40.85
226318,74.85,65.86,40.85
565081,74.85,65.86,40.85
351853,74.85,65.86,40.85
6251,74.86,65.86,40.85
40259,74.85,65.86,40.85
160640,74.85,65.86,40.85
53684,74.85,65.86,40.85
643577,74.85,65.86,40.85
460265,74.85,65.86,40.85
791853,74.85,65.86,40.85
698505,74.85,65.86,40.85
631821,74.85,65.86,40.85
502851,74.85,65.86,40.85
809056,74.85,65.86,40.85
678012,74.85,65.86,40.85
872103,74.84,65.87,40.85
841134,74.85,65.86,40.85
767459,74.84,65.87,40.85
716091,74.85,65.86,40.85
260312,74.85,65.86,40.85
108881,74.85,65.86,40.85
396028,74.85,65.86,40.85
273263,74.85,65.86,40.85
173666,74.85,65.86,40.85
100389,74.85,65.86,40.85
481852,74.85,65.86,40.85
261592,74.85,65.86,40.85
569227,74.84,65.87,40.85
498023,74.85,65.86,40.85
311133,74.84,65.87,40.85
251016,74.85,65.86,40.85
189,74.86,65.86,40.84
341,74.85,65.86,40.84
766,74.86,65.86,40.84
3728,74.85,65.86,40.84
2943,74.85,65.86,40.84
13330,74.85,65.86,40.84
923,74.83,65.87,40.84
684,74.85,65.86,40.84
436,74.85,65.86,40.84
2537,74.85,65.86,40.84
961,74.85,65.86,40.84
5576,74.85,65.86,40.84
785,74.84,65.87,40.84
407,74.85,65.86,40.84
5148,74.84,65.87,40.84
2876,74.85,65.86,40.84
2102,74.84,65.86,40.84
10527,74.84,65.86,40.84
1177,74.84,65.87,40.84
766,74.84,65.87,40.84
7022,74.84,65.87,40.84
5000,74.84,65.87,40.84
2560,74.84,65.86,40.84
12535,74.84,65.86,40.84
2970,74.84,65.87,40.84
825,74.84,65.87,40.84
5285,74.84,65.87,40.84
7451,74.83,65.87,40.84
31425,74.83,65.87,40.84
6149,74.83,65.87,40.84
13171,74.84,65.87,40.84
29211,74.83,65.87,40.84
60586,74.84,65.87,40.84
8167,74.85,65.86,40.84
30601,74.85,65.86,40.84
11958,74.85,65.86,40.84
5157,74.85,65.86,40.84
48669,74.85,65.86,40.84
23822,74.85,65.86,40.84
94237,74.85,65.86,40.84
27593,74.85,65.86,40.84
104657,74.84,65.87,40.84
77015,74.85,65.86,40.84
25621,74.84,65.87,40.84
15870,74.85,65.86,40.84
158346,74.84,65.86,40.84
49528,74.84,65.86,40.84
36531,74.84,65.87,40.84
29855,74.84,65.87,40.84
140666,74.84,65.87,40.84
127948,74.84,65.87,40.84
178145,74.84,65.86,40.84
57919,74.84,65.86,40.84
34723,74.84,65.86,40.84
111811,74.84,65.86,40.84
97798,74.84,65.87,40.84
130048,74.84,65.87,40.84
24074,74.84,65.87,40.84
31550,74.84,65.87,40.84
1228,74.83,65.86,40.84
231895,74.83,65.87,40.85
471150,74.83,65.87,40.85
78573,74.83,65.87,40.85
224852,74.83,65.87,40.85
867750,74.84,65.86,40.85
771152,74.84,65.86,40.85
894552,74.84,65.87,40.85
887103,74.84,65.87,40.85
806240,74.84,65.87,40.85
794996,74.84,65.87,40.85
420635,74.83,65.87,40.85
881520,74.84,65.86,40.85
790869,74.84,65.86,40.85
886102,74.84,65.87,40.85
894492,74.84,65.87,40.85
781380,74.84,65.87,40.85
802472,74.84,65.87,40.85
862336,74.84,65.86,40.85
746837,74.84,65.86,40.85
770091,74.83,65.87,40.85
584169,74.83,65.87,40.85
822880,74.83,65.87,40.85
866686,74.84,65.87,40.85
645870,74.83,65.87,40.85
734279,74.84,65.87,40.85
17054,74.83,65.87,40.85
73660,74.83,65.87,40.85
3426,74.83,65.87,40.85
15404,74.83,65.87,40.85
2926,74.83,65.86,40.84
11956,74.83,65.86,40.84
609410,74.84,65.86,40.85
376756,74.84,65.86,40.85
631485,74.84,65.87,40.85
613942,74.84,65.87,40.85
376370,74.84,65.87,40.85
357167,74.84,65.87,40.85
186492,74.83,65.87,40.85
53626,74.83,65.87,40.85
637068,74.84,65.86,40.85
404562,74.84,65.86,40.85
570499,74.84,65.87,40.85
618675,74.84,65.87,40.85
298924,74.84,65.87,40.85
357043,74.84,65.87,40.85
551460,74.84,65.86,40.85
304159,74.84,65.86,40.85
332704,74.83,65.87,40.85
125377,74.83,65.87,40.85
368284,74.83,65.87,40.85
486582,74.84,65.87,40.85
131052,74.83,65.87,40.85
215542,74.84,65.87,40.85
9817,74.83,65.86,40.84
34212,74.83,65.86,40.84
8621,74.83,65.86,40.84
32930,74.83,65.86,40.84
679557,74.86,65.86,40.86
890411,74.85,65.86,40.86
813093,74.86,65.86,40.86
920577,74.85,65.86,40.86
937313,74.85,65.86,40.86
953364,74.85,65.86,40.86
948936,74.85,65.86,40.86
959451,74.85,65.86,40.86
439688,74.86,65.86,40.85
801727,74.85,65.86,40.85
190804,74.86,65.86,40.85
560503,74.85,65.86,40.85
909143,74.85,65.86,40.85
939494,74.85,65.86,40.85
819335,74.85,65.86,40.85
902550,74.85,65.86,40.85
756088,74.83,65.87,40.85
615098,74.83,65.87,40.85
853276,74.83,65.87,40.85
914233,74.83,65.87,40.85
746880,74.83,65.87,40.85
871784,74.83,65.87,40.85
950796,74.84,65.87,40.85
954764,74.84,65.87,40.85
915426,74.83,65.87,40.85
880962,74.83,65.87,40.85
938314,74.83,65.87,40.85
916825,74.83,65.87,40.85
953804,74.84,65.87,40.85
946131,74.83,65.87,40.85
679163,74.83,65.87,40.85
467528,74.83,65.87,40.85
928614,74.84,65.87,40.85
936261,74.84,65.87,40.85
819940,74.83,65.87,40.85
695618,74.83,65.87,40.85
877501,74.83,65.87,40.85
913469,74.83,65.87,40.85
661848,74.83,65.87,40.85
780163,74.83,65.87,40.85
859542,74.83,65.87,40.85
931388,74.84,65.87,40.85
910478,74.83,65.87,40.85
863118,74.83,65.87,40.85
931220,74.83,65.87,40.85
897290,74.83,65.87,40.85
925399,74.83,65.87,40.86
909937,74.83,65.87,40.86
947648,74.83,65.87,40.86
956909,74.83,65.87,40.86
938813,74.83,65.87,40.86
952004,74.83,65.87,40.86
963856,74.84,65.87,40.86
965724,74.84,65.87,40.86
952236,74.83,65.87,40.86
947469,74.83,65.87,40.86
959124,74.83,65.87,40.86
962298,74.83,65.87,40.86
966143,74.84,65.87,40.86
964518,74.83,65.87,40.86
841573,74.83,65.87,40.86
889444,74.83,65.87,40.86
927998,74.83,65.87,40.86
945667,74.83,65.87,40.86
901899,74.83,65.87,40.86
933306,74.83,65.87,40.86
959904,74.84,65.87,40.86
962462,74.84,65.87,40.86
941588,74.83,65.87,40.86
930326,74.83,65.87,40.86
947879,74.83,65.87,40.86
955233,74.83,65.87,40.86
962486,74.84,65.87,40.86
958942,74.83,65.87,40.86
441,74.83,65.87,40.83
529,74.83,65.86,40.83
613,74.83,65.87,40.83
594,74.83,65.87,40.84
612,74.83,65.87,40.84
538,74.83,65.87,40.84
514,74.82,65.87,40.84
670272,74.82,65.87,40.88
872478,74.82,65.87,40.88
500520,74.82,65.87,40.88
797816,74.82,65.87,40.88
486559,74.82,65.87,40.88
335954,74.82,65.87,40.88
852409,74.82,65.87,40.88
924829,74.82,65.87,40.88
785716,74.82,65.87,40.88
904819,74.82,65.87,40.88
725768,74.82,65.87,40.88
628422,74.82,65.87,40.88
564097,74.83,65.86,40.85
360639,74.83,65.86,40.85
292374,74.82,65.86,40.85
139349,74.82,65.86,40.85
634575,74.82,65.86,40.85
476855,74.82,65.86,40.85
600,74.83,65.86,40.84
2006,74.83,65.86,40.84
4305,74.83,65.86,40.85
16062,74.83,65.86,40.85
173265,74.83,65.86,40.85
60038,74.83,65.86,40.85
48289,74.82,65.86,40.85
15076,74.82,65.86,40.85
124856,74.82,65.87,40.87
177428,74.82,65.87,40.87
21743,74.82,65.87,40.87
39660,74.82,65.87,40.87
97,74.82,65.87,40.87
149,74.82,65.87,40.87
1136,74.82,65.87,40.87
2288,74.82,65.87,40.87
81610,74.82,65.87,40.87
59516,74.82,65.87,40.87
275,74.82,65.87,40.87
185,74.82,65.87,40.87
6496,74.82,65.87,40.87
4056,74.82,65.87,40.87
79244,74.82,65.87,40.88
160288,74.82,65.87,40.88
260053,74.82,65.87,40.88
365844,74.82,65.87,40.88
80,74.82,65.87,40.88
157,74.82,65.87,40.88
11924,74.82,65.87,40.88
769,74.82,65.87,40.88
39696,74.82,65.87,40.88
3088,74.82,65.87,40.88
39062,74.82,65.87,40.88
77823,74.82,65.87,40.88
3754,74.82,65.87,40.88
9825,74.82,65.87,40.88
40,74.82,65.87,40.88
62,74.82,65.87,40.88
185,74.82,65.87,40.88
523,74.82,65.87,40.88
179087,74.82,65.87,40.86
127798,74.82,65.87,40.86
27384,74.82,65.87,40.86
45011,74.82,65.87,40.86
292,74.82,65.87,40.86
343,74.82,65.87,40.86
2322,74.82,65.87,40.86
4124,74.82,65.87,40.86
87278,74.82,65.87,40.86
64332,74.82,65.87,40.86
567,74.82,65.87,40.86
383,74.82,65.87,40.86
9931,74.82,65.87,40.86
6581,74.82,65.87,40.86
99952,74.82,65.87,40.87
113232,74.82,65.87,40.87
115469,74.82,65.87,40.87
104749,74.82,65.87,40.87
415,74.82,65.87,40.87
9519,74.82,65.87,40.87
660,74.82,65.87,40.87
13238,74.82,65.87,40.87
1029,74.82,65.87,40.87
1137,74.82,65.87,40.87
15093,74.82,65.87,40.87
13192,74.82,65.87,40.87
693134,74.82,65.87,40.86
328922,74.82,65.87,40.86
215570,74.82,65.87,40.86
158447,74.82,65.87,40.86
82995,74.82,65.87,40.86
360231,74.82,65.87,40.86
255929,74.82,65.87,40.86
99640,74.82,65.86,40.85
213741,74.82,65.86,40.85
95805,74.82,65.87,40.85
33500,74.82,65.87,40.85
360414,74.82,65.86,40.85
508748,74.82,65.86,40.85
355493,74.82,65.87,40.85
205366,74.82,65.87,40.85
7765,74.82,65.87,40.85
1823,74.82,65.87,40.85
25355,74.82,65.87,40.85
4932,74.82,65.87,40.85
49922,74.82,65.87,40.85
114059,74.82,65.87,40.85
10391,74.82,65.87,40.85
32677,74.82,65.87,40.85
22431,74.82,65.87,40.86
2830,74.82,65.87,40.86
192,74.82,65.87,40.86
347,74.82,65.87,40.86
196,74.82,65.87,40.86
81282,74.82,65.87,40.86
44719,74.82,65.87,40.86
6080,74.82,65.87,40.86
14123,74.82,65.87,40.86
272,74.82,65.87,40.86
545,74.82,65.87,40.86
1268,74.82,65.87,40.86
516,74.82,65.87,40.85
379,74.82,65.87,40.85
714,74.82,65.87,40.85
281,74.82,65.87,40.85
377,74.82,65.87,40.85
241,74.82,65.87,40.85
1561,74.82,65.87,40.85
1194,74.82,65.87,40.86
603,74.82,65.87,40.85
9670,74.82,65.87,40.86
4840,74.82,65.87,40.85
277,74.82,65.87,40.86
295,74.82,65.87,40.85
477,74.83,65.87,40.84
452,74.82,65.87,40.84
440,74.82,65.87,40.84
502,74.83,65.87,40.84
418,74.82,65.87,40.85
414,74.82,65.87,40.84
403,74.82,65.87,40.84
1974,74.82,65.87,40.85
37046,74.82,65.86,40.85
12950,74.82,65.86,40.85
2979,74.82,65.87,40.85
9841,74.82,65.87,40.85
578,74.82,65.87,40.85
465,74.82,65.87,40.85
385,74.82,65.87,40.85
408,74.82,65.87,40.85
417,74.82,65.87,40.85
450,74.82,65.87,40.85
938,74.82,65.87,40.85
2059,74.82,65.87,40.85
688,74.82,65.87,40.85
380,74.82,65.87,40.85
373,74.82,65.87,40.85
376,74.82,65.87,40.85
382,74.82,65.87,40.85
323,74.82,65.87,40.85
16,74.87,65.87,40.85
53,74.87,65.86,40.85
16,74.87,65.87,40.85
13,74.87,65.87,40.86
32,74.87,65.86,40.86
36,74.87,65.87,40.86
12,74.87,65.87,40.86
158,74.87,65.86,40.86
209,74.87,65.86,40.86
15,74.87,65.87,40.85
14,74.87,65.87,40.85
68,74.87,65.86,40.85
100,74.87,65.86,40.85
7,74.87,65.87,40.88
8,74.87,65.87,40.88
7,74.87,65.87,40.88
23,74.87,65.87,40.88
44,74.87,65.87,40.88
8,74.87,65.87,40.87
77,74.87,65.87,40.87
21,74.87,65.87,40.87
8,74.87,65.87,40.87
146,74.87,65.87,40.87
9,74.87,65.87,40.87
20,74.87,65.87,40.87
10,74.87,65.87,40.87
25,74.87,65.87,40.87
163,74.87,65.86,40.87
207,74.87,65.86,40.87
12,74.87,65.87,40.86
34,74.87,65.87,40.86
236,74.87,65.86,40.86
11,74.87,65.87,40.86
30,74.87,65.87,40.86
238,74.87,65.86,40.86
17,74.87,65.87,40.85
120,74.86,65.87,40.89
17,74.86,65.87,40.89
6,74.87,65.87,40.89
658,74.86,65.87,40.88
6,74.87,65.87,40.88
43,74.86,65.87,40.88
3238,74.86,65.87,40.88
127,74.86,65.87,40.88
5,74.86,65.87,40.89
8,74.86,65.87,40.89
5,74.86,65.87,40.89
7,74.86,65.87,40.89
17,74.86,65.87,40.89
5,74.87,65.87,40.89
4,74.86,65.87,40.9
4,74.85,65.87,40.9
3,74.85,65.87,40.9
3,74.85,65.87,40.9
4,74.85,65.87,40.9
3,74.85,65.87,40.9
5,74.85,65.86,40.9
3,74.85,65.87,40.9
6,74.85,65.86,40.9
3,74.84,65.87,40.9
6,74.84,65.86,40.9
4,74.84,65.86,40.9
3,74.84,65.87,40.9
3,74.84,65.87,40.9
3,74.84,65.87,40.9
3,74.84,65.87,40.9
5,74.86,65.87,40.9
5,74.86,65.86,40.89
5,74.86,65.87,40.9
4,74.86,65.87,40.9
4,74.86,65.87,40.89
8,74.86,65.86,40.89
31,74.86,65.87,40.89
239,74.86,65.86,40.89
2459,74.86,65.86,40.89
72328,74.86,65.86,40.88
13974,74.86,65.86,40.88
39,74.86,65.86,40.89
311,74.85,65.86,40.89
407,74.86,65.86,40.89
3726,74.85,65.86,40.89
3744,74.85,65.86,40.89
13951,74.85,65.86,40.89
417,74.84,65.87,40.89
277,74.83,65.87,40.89
3122,74.84,65.87,40.89
1608,74.85,65.86,40.89
766,74.85,65.86,40.89
4187,74.85,65.86,40.89
3125,74.85,65.86,40.89
12015,74.85,65.86,40.89
1823,74.84,65.87,40.89
1974,74.85,65.86,40.89
9297,74.84,65.87,40.89
8527,74.85,65.86,40.89
5700,74.84,65.86,40.89
20797,74.84,65.86,40.89
1947,74.84,65.87,40.89
3074,74.84,65.87,40.89
11002,74.84,65.87,40.89
13641,74.84,65.87,40.89
4731,74.84,65.86,40.89
19488,74.84,65.86,40.89
1240,74.84,65.86,40.89
7528,74.84,65.86,40.89
710,74.84,65.87,40.89
2029,74.84,65.87,40.89
4959,74.84,65.87,40.89
10671,74.84,65.87,40.89
5070,74.83,65.87,40.89
28531,74.83,65.87,40.89
4982,74.83,65.87,40.89
17460,74.84,65.87,40.89
29107,74.83,65.87,40.89
70646,74.84,65.87,40.89
14239,74.85,65.86,40.89
40275,74.85,65.86,40.89
16388,74.85,65.86,40.89
10978,74.85,65.86,40.89
61943,74.85,65.86,40.89
34783,74.85,65.86,40.89
41395,74.85,65.86,40.89
113368,74.85,65.86,40.89
39630,74.84,65.87,40.89
31205,74.85,65.86,40.89
134146,74.84,65.87,40.89
99310,74.85,65.86,40.89
71880,74.84,65.86,40.89
188755,74.84,65.86,40.89
50911,74.84,65.87,40.89
51516,74.84,65.87,40.89
168500,74.84,65.87,40.89
160926,74.84,65.87,40.89
74802,74.84,65.86,40.89
202336,74.84,65.86,40.89
39747,74.84,65.86,40.89
126648,74.84,65.86,40.89
28877,74.84,65.87,40.89
45271,74.84,65.87,40.89
114654,74.84,65.87,40.89
151815,74.84,65.87,40.89
6,74.86,65.86,40.9
8,74.85,65.86,40.9
8,74.86,65.86,40.9
29,74.85,65.86,40.9
15,74.85,65.86,40.9
25,74.85,65.86,40.9
27,74.84,65.86,40.9
21,74.84,65.87,40.9
133,74.85,65.86,40.9
310,74.85,65.86,40.9
420,74.84,65.87,40.9
287,74.84,65.87,40.9
442524,74.86,65.86,40.88
810087,74.85,65.86,40.88
181881,74.86,65.86,40.88
572991,74.85,65.86,40.88
911671,74.85,65.86,40.88
940083,74.85,65.86,40.88
827618,74.85,65.86,40.88
905584,74.85,65.86,40.88
4906,74.86,65.86,40.89
39018,74.85,65.86,40.89
51977,74.85,65.86,40.89
158860,74.85,65.86,40.89
40063,74.86,65.86,40.89
221839,74.85,65.86,40.89
574774,74.85,65.86,40.88
354377,74.85,65.86,40.89
113502,74.85,65.86,40.89
258850,74.85,65.86,40.89
187668,74.85,65.86,40.89
110805,74.85,65.86,40.89
405599,74.85,65.86,40.89
276532,74.85,65.86,40.89
274790,74.85,65.86,40.89
491453,74.85,65.86,40.89
340932,74.84,65.87,40.89
270680,74.85,65.86,40.89
589126,74.84,65.87,40.89
513244,74.85,65.86,40.89
651378,74.85,65.86,40.88
464003,74.85,65.86,40.89
799370,74.85,65.86,40.88
708327,74.85,65.86,40.88
641118,74.85,65.86,40.89
509986,74.85,65.86,40.89
814545,74.85,65.86,40.88
685531,74.85,65.86,40.89
874949,74.84,65.87,40.88
846148,74.85,65.86,40.88
775176,74.84,65.87,40.89
725043,74.85,65.86,40.89
11984,74.83,65.87,40.89
70943,74.83,65.87,40.89
400881,74.84,65.86,40.89
623880,74.84,65.86,40.89
402884,74.84,65.87,40.89
387301,74.84,65.87,40.89
648145,74.84,65.87,40.89
632216,74.84,65.87,40.89
49464,74.83,65.87,40.89
184673,74.83,65.87,40.89
424949,74.84,65.86,40.89
649454,74.84,65.86,40.89
591206,74.84,65.87,40.89
636414,74.84,65.87,40.89
327037,74.84,65.87,40.89
382948,74.84,65.87,40.89
565547,74.84,65.86,40.89
324193,74.84,65.86,40.89
124628,74.83,65.87,40.89
332927,74.83,65.87,40.89
136925,74.83,65.87,40.89
235921,74.84,65.87,40.89
374415,74.83,65.87,40.89
503357,74.84,65.87,40.89
479948,74.83,65.87,40.88
228043,74.83,65.87,40.89
869682,74.84,65.86,40.88
776892,74.84,65.86,40.89
895608,74.84,65.87,40.88
888759,74.84,65.87,40.88
811464,74.84,65.87,40.89
801041,74.84,65.87,40.89
421455,74.83,65.87,40.89
882411,74.84,65.86,40.88
795272,74.84,65.86,40.89
888448,74.84,65.87,40.88
895823,74.84,65.87,40.88
788081,74.84,65.87,40.89
808081,74.84,65.87,40.89
864520,74.84,65.86,40.88
752060,74.84,65.86,40.89
771671,74.83,65.87,40.88
584277,74.83,65.87,40.89
825014,74.83,65.87,40.88
869635,74.84,65.87,40.88
647885,74.83,65.87,40.89
740222,74.84,65.87,40.89
950889,74.84,65.87,40.88
955181,74.84,65.87,40.88
920368,74.83,65.87,40.88
941020,74.83,65.87,40.88
948413,74.83,65.87,40.88
955139,74.84,65.87,40.88
929642,74.84,65.87,40.88
937182,74.84,65.87,40.88
664723,74.83,65.87,40.88
826400,74.83,65.87,40.88
704872,74.83,65.87,40.88
787861,74.83,65.87,40.88
863509,74.83,65.87,40.88
882763,74.83,65.87,40.88
917219,74.83,65.87,40.88
933547,74.84,65.87,40.88
913762,74.83,65.87,40.88
866287,74.83,65.87,40.88
934241,74.83,65.87,40.88
900447,74.83,65.87,40.88
7,74.87,65.87,40.89
7,74.87,65.87,40.89
11,74.87,65.87,40.88
7,74.87,65.87,40.88
15,74.87,65.87,40.88
7,74.87,65.87,40.88
3,74.83,65.87,40.9
4,74.84,65.86,40.9
3,74.83,65.87,40.9
3,74.83,65.87,40.9
11,74.84,65.87,40.9
3,74.83,65.87,40.9
79,74.84,65.87,40.9
5943,74.83,65.86,40.89
28245,74.83,65.86,40.89
6,74.83,65.87,40.9
3,74.83,65.87,40.9
3,74.83,65.87,40.9
19,74.83,65.87,40.9
7,74.83,65.87,40.89
3,74.83,65.87,40.9
5,74.83,65.87,40.9
337,74.83,65.86,40.89
6342,74.83,65.86,40.89
27404,74.83,65.86,40.89
1470,74.83,65.86,40.89
9001,74.83,65.86,40.89
21,74.83,65.87,40.89
294,74.83,65.87,40.89
1372,74.83,65.87,40.89
4,74.83,65.87,40.89
192,74.83,65.87,40.89
1698,74.83,65.87,40.89
14194,74.83,65.87,40.89
78911,74.83,65.87,40.89
240337,74.83,65.87,40.88
11682,74.83,65.87,40.89
67833,74.83,65.87,40.88
407280,74.83,65.87,40.88
479856,74.83,65.87,40.88
200804,74.83,65.87,40.88
38442,74.82,65.87,40.88
132041,74.82,65.87,40.88
67265,74.82,65.87,40.88
178317,74.82,65.87,40.88
918659,74.83,65.87,40.88
885282,74.83,65.87,40.88
857997,74.83,65.87,40.88
917805,74.83,65.87,40.88
687900,74.83,65.87,40.88
752100,74.83,65.87,40.88
877080,74.83,65.87,40.88
759237,74.83,65.87,40.88
483721,74.82,65.87,40.88
614962,74.83,65.87,40.88
288219,74.82,65.87,40.88
9,74.83,65.87,40.89
32,74.83,65.87,40.89
10,74.82,65.87,40.89
352,74.83,65.87,40.89
1412,74.83,65.87,40.89
29,74.82,65.87,40.89
163,74.82,65.87,40.89
19,74.82,65.87,40.89
13,74.82,65.87,40.89
27,74.82,65.87,40.89
7,74.82,65.87,40.89
908,74.82,65.87,40.89
6043,74.82,65.87,40.88
6,74.82,65.87,40.89
7,74.82,65.87,40.89
88,74.82,65.87,40.89
511,74.82,65.87,40.88
33,74.82,65.87,40.88
3340,74.82,65.87,40.88
383,74.82,65.87,40.88
16406,74.82,65.87,40.88
1893,74.82,65.87,40.88
5105,74.82,65.87,40.88
25274,74.82,65.87,40.88
17,74.82,65.87,40.88
66,74.82,65.87,40.88
39,74.82,65.87,40.88
161,74.82,65.87,40.88
36,74.82,65.87,40.88
37,74.82,65.87,40.88
459,74.82,65.87,40.88
2322,74.82,65.87,40.88
109,74.82,65.87,40.88
5,74.82,65.87,40.89
7,74.82,65.87,40.89
17,74.82,65.87,40.88
14,74.82,65.87,40.88
21,74.82,65.87,40.88
23,74.82,65.87,40.88
10,74.82,65.87,40.89
10,74.82,65.87,40.89
13,74.82,65.87,40.88
35,74.82,65.87,40.87
38,74.82,65.87,40.87
42,74.82,65.87,40.87
28,74.82,65.87,40.88
30,74.82,65.87,40.88
81,74.82,65.87,40.87
48,74.82,65.87,40.87
56,74.82,65.87,40.87
65,74.82,65.87,40.87
104,74.82,65.87,40.86
96,74.82,65.87,40.86
80,74.82,65.87,40.87
127,74.82,65.87,40.86
136,74.82,65.87,40.86
176,74.82,65.87,40.86
165,74.82,65.87,40.86
211,74.82,65.87,40.86
237,74.82,65.87,40.85
245,74.82,65.87,40.85
7806,74.86,65.86,40.88
26018,74.86,65.86,40.88
312,74.87,65.86,40.88
1055,74.87,65.86,40.88
2543,74.87,65.86,40.87
5043,74.87,65.86,40.87
26,74.86,65.87,40.84
27,74.86,65.87,40.84
35,74.86,65.87,40.83
38,74.85,65.87,40.83
54,74.85,65.86,40.83
36,74.86,65.87,40.83
69,74.86,65.86,40.83
32,74.86,65.87,40.84
82,74.86,65.86,40.84
28,74.86,65.87,40.84
113,74.86,65.86,40.84
127,74.86,65.86,40.84
216,74.86,65.86,40.84
37,74.85,65.87,40.83
42,74.85,65.87,40.83
47,74.85,65.86,40.83
49,74.85,65.86,40.83
39,74.85,65.87,40.83
66,74.84,65.86,40.83
140,74.84,65.86,40.83
55,74.84,65.87,40.83
215,74.84,65.87,40.83
103,74.84,65.87,40.83
111,74.85,65.86,40.84
94,74.85,65.86,40.84
206,74.85,65.86,40.84
253,74.85,65.86,40.84
86,74.85,65.86,40.84
93,74.84,65.86,40.84
118,74.84,65.86,40.84
204,74.84,65.86,40.84
386,74.85,65.86,40.84
703,74.84,65.86,40.84
1047,74.84,65.86,40.84
980,74.84,65.86,40.84
39,74.85,65.87,40.83
59,74.85,65.86,40.83
41,74.85,65.87,40.83
71,74.85,65.86,40.83
45,74.85,65.87,40.83
138,74.84,65.87,40.83
56,74.84,65.86,40.83
60,74.85,65.86,40.83
57,74.84,65.86,40.83
205,74.84,65.86,40.83
88,74.84,65.86,40.83
440,74.83,65.86,40.83
410,74.83,65.86,40.84
580,74.83,65.86,40.84
664,74.83,65.86,40.84
596,74.83,65.86,40.84
564,74.83,65.86,40.84
518,74.87,65.86,40.85
1043,74.87,65.86,40.85
1952,74.87,65.86,40.86
3095,74.87,65.86,40.86
268,74.87,65.86,40.85
616981,74.86,65.86,40.87
522695,74.86,65.86,40.87
123336,74.86,65.86,40.87
71092,74.86,65.86,40.87
655650,74.86,65.86,40.87
3958,74.87,65.86,40.87
154654,74.86,65.86,40.87
653451,74.86,65.86,40.87
5020,74.87,65.86,40.87
157040,74.86,65.86,40.87
612656,74.86,65.86,40.86
5155,74.87,65.86,40.86
135500,74.86,65.86,40.86
521673,74.86,65.86,40.86
4300,74.87,65.86,40.86
98908,74.86,65.86,40.86
805754,74.86,65.86,40.87
806983,74.86,65.86,40.87
892672,74.86,65.86,40.87
943256,74.85,65.86,40.87
893328,74.86,65.86,40.87
943408,74.85,65.86,40.87
958098,74.85,65.86,40.87
963588,74.85,65.86,40.87
958166,74.85,65.86,40.87
963747,74.85,65.86,40.87
965708,74.84,65.87,40.87
966753,74.84,65.87,40.87
965892,74.84,65.87,40.87
966904,74.84,65.87,40.87
294131,74.82,65.87,40.87
309050,74.82,65.87,40.87
492478,74.82,65.87,40.87
841849,74.82,65.87,40.87
509951,74.82,65.87,40.87
848706,74.82,65.87,40.87
967783,74.84,65.87,40.87
968220,74.83,65.87,40.87
967305,74.83,65.87,40.87
967395,74.83,65.87,40.87
960606,74.83,65.87,40.87
960803,74.83,65.87,40.87
960999,74.83,65.87,40.87
965064,74.83,65.87,40.87
961388,74.83,65.87,40.87
965245,74.83,65.87,40.87
948108,74.83,65.87,40.87
948839,74.83,65.87,40.87
887120,74.82,65.87,40.87
883062,74.82,65.87,40.87
933683,74.82,65.87,40.87
952081,74.82,65.87,40.87
931556,74.82,65.87,40.87
951236,74.82,65.87,40.87
295177,74.82,65.87,40.87
490602,74.82,65.87,40.87
840252,74.82,65.87,40.87
310105,74.82,65.87,40.87
509383,74.82,65.87,40.87
848026,74.82,65.87,40.87
967847,74.84,65.87,40.87
968176,74.83,65.87,40.87
967344,74.83,65.87,40.87
967132,74.83,65.87,40.87
960374,74.83,65.87,40.87
960727,74.83,65.87,40.87
961298,74.83,65.87,40.87
965171,74.83,65.87,40.87
960710,74.83,65.87,40.87
964830,74.83,65.87,40.87
948737,74.83,65.87,40.87
947784,74.83,65.87,40.87
882284,74.82,65.87,40.87
886823,74.82,65.87,40.87
933534,74.82,65.87,40.87
951974,74.82,65.87,40.87
931101,74.82,65.87,40.87
950903,74.82,65.87,40.87
739202,74.86,65.86,40.86
786658,74.86,65.86,40.86
864987,74.86,65.86,40.86
933882,74.85,65.86,40.86
884067,74.86,65.86,40.86
940473,74.85,65.86,40.86
954476,74.85,65.86,40.86
962245,74.85,65.86,40.86
957127,74.85,65.86,40.86
963418,74.85,65.86,40.86
227286,74.82,65.87,40.86
265967,74.82,65.87,40.86
453062,74.82,65.87,40.86
823661,74.82,65.87,40.86
397812,74.82,65.87,40.86
792720,74.82,65.87,40.86
856268,74.82,65.87,40.86
873967,74.82,65.87,40.86
927008,74.82,65.87,40.86
949012,74.82,65.87,40.86
917864,74.82,65.87,40.86
945546,74.82,65.87,40.86
552015,74.82,65.87,40.86
464713,74.82,65.87,40.86
557476,74.82,65.87,40.86
452311,74.82,65.87,40.86
829751,74.82,65.87,40.86
789365,74.82,65.87,40.86
904575,74.82,65.87,40.86
940899,74.82,65.87,40.86
882851,74.82,65.87,40.86
933102,74.82,65.87,40.86
830751,74.82,65.87,40.86
932753,74.83,65.87,40.86
939316,74.83,65.87,40.86
955986,74.83,65.87,40.86
961989,74.83,65.87,40.86
952067,74.83,65.87,40.86
959725,74.83,65.87,40.86
965465,74.84,65.87,40.86
966915,74.84,65.87,40.86
955072,74.83,65.87,40.86
957342,74.83,65.87,40.86
965483,74.83,65.87,40.86
964021,74.83,65.87,40.86
966926,74.83,65.87,40.86
967553,74.84,65.87,40.86
943113,74.83,65.87,40.86
946146,74.83,65.87,40.86
959838,74.83,65.87,40.86
964308,74.83,65.87,40.86
958046,74.83,65.87,40.86
963281,74.83,65.87,40.86
965929,74.84,65.87,40.86
967095,74.84,65.87,40.86
958728,74.83,65.87,40.86
959787,74.83,65.87,40.86
966860,74.83,65.87,40.86
966218,74.83,65.87,40.86
967874,74.83,65.87,40.86
967899,74.84,65.87,40.86
233324,74.86,65.86,40.88
122942,74.86,65.86,40.88
743044,74.86,65.86,40.87
789714,74.86,65.86,40.87
867344,74.86,65.86,40.87
934316,74.85,65.86,40.87
885682,74.86,65.86,40.87
940850,74.85,65.86,40.87
954119,74.85,65.86,40.87
961580,74.85,65.86,40.87
956915,74.85,65.86,40.87
962966,74.85,65.86,40.87
469589,74.82,65.87,40.87
793062,74.82,65.87,40.87
832078,74.82,65.87,40.87
906132,74.82,65.87,40.87
941999,74.82,65.87,40.87
885187,74.82,65.87,40.87
934561,74.82,65.87,40.87
556274,74.82,65.87,40.87
226099,74.82,65.87,40.87
263776,74.82,65.87,40.87
454690,74.82,65.87,40.87
825801,74.82,65.87,40.87
400871,74.82,65.87,40.87
795848,74.82,65.87,40.87
875042,74.82,65.87,40.87
857876,74.82,65.87,40.87
927708,74.82,65.87,40.87
949576,74.82,65.87,40.87
918908,74.82,65.87,40.87
946365,74.82,65.87,40.87
940354,74.83,65.87,40.87
934109,74.83,65.87,40.87
953279,74.83,65.87,40.87
960740,74.83,65.87,40.87
956912,74.83,65.87,40.87
962761,74.83,65.87,40.87
964751,74.84,65.87,40.87
966396,74.84,65.87,40.87
956084,74.83,65.87,40.87
958114,74.83,65.87,40.87
964822,74.83,65.87,40.87
966078,74.83,65.87,40.87
967300,74.83,65.87,40.87
967457,74.84,65.87,40.87
943904,74.83,65.87,40.87
946690,74.83,65.87,40.87
958749,74.83,65.87,40.87
963858,74.83,65.87,40.87
960323,74.83,65.87,40.87
964702,74.83,65.87,40.87
965405,74.84,65.87,40.87
966667,74.84,65.87,40.87
959304,74.83,65.87,40.87
960184,74.83,65.87,40.87
966657,74.83,65.87,40.87
967150,74.83,65.87,40.87
968037,74.83,65.87,40.87
967750,74.84,65.87,40.87
503431,74.86,65.86,40.88
654473,74.86,65.86,40.88
686231,74.86,65.86,40.88
893212,74.85,65.86,40.88
816513,74.86,65.86,40.88
921363,74.85,65.86,40.88
937570,74.85,65.86,40.88
952937,74.85,65.86,40.88
948585,74.85,65.86,40.88
958731,74.85,65.86,40.88
927060,74.83,65.87,40.88
912049,74.83,65.87,40.88
949172,74.83,65.87,40.88
958210,74.83,65.87,40.88
940781,74.83,65.87,40.88
953666,74.83,65.87,40.88
963146,74.84,65.87,40.88
965319,74.84,65.87,40.88
949105,74.83,65.87,40.88
953529,74.83,65.87,40.88
963339,74.83,65.87,40.88
960468,74.83,65.87,40.88
966277,74.84,65.87,40.88
965254,74.83,65.87,40.88
892272,74.83,65.87,40.88
844916,74.83,65.87,40.88
930538,74.83,65.87,40.88
947782,74.83,65.87,40.88
905365,74.83,65.87,40.88
936040,74.83,65.87,40.88
959436,74.84,65.87,40.88
962367,74.84,65.87,40.88
943647,74.83,65.87,40.88
932908,74.83,65.87,40.88
956933,74.83,65.87,40.88
950042,74.83,65.87,40.88
963070,74.84,65.87,40.88
960275,74.83,65.87,40.88
1543,74.87,65.86,40.85
7047,74.86,65.86,40.85
40501,74.86,65.86,40.85
7413,74.86,65.86,40.85
82,74.87,65.86,40.84
60,74.87,65.86,40.85
19,74.87,65.87,40.84
94,74.87,65.86,40.84
149,74.87,65.86,40.85
23,74.87,65.87,40.84
161,74.86,65.86,40.84
148,74.86,65.86,40.84
666,74.87,65.86,40.85
186,74.86,65.86,40.84
1877,74.86,65.86,40.85
307,74.86,65.86,40.84
451,74.86,65.86,40.84
1410,74.86,65.86,40.84
17835,74.87,65.86,40.86
32858,74.87,65.86,40.86
242698,74.86,65.86,40.86
651593,74.86,65.86,40.86
142897,74.86,65.86,40.86
501759,74.86,65.86,40.86
3707,74.87,65.86,40.85
8514,74.87,65.86,40.85
66805,74.86,65.86,40.85
306493,74.86,65.86,40.85
24086,74.86,65.86,40.85
137606,74.86,65.86,40.85
177325,74.85,65.86,40.85
437095,74.85,65.86,40.85
38317,74.85,65.86,40.85
143806,74.85,65.86,40.85
667105,74.85,65.86,40.85
780599,74.84,65.86,40.85
317331,74.85,65.86,40.85
465507,74.84,65.86,40.85
709,74.85,65.86,40.84
1754,74.85,65.86,40.84
4791,74.85,65.86,40.84
19024,74.85,65.86,40.84
5938,74.83,65.86,40.84
4902,74.85,65.86,40.84
11120,74.84,65.86,40.84
16490,74.84,65.86,40.84
14238,74.84,65.86,40.84
71111,74.83,65.86,40.84
61199,74.85,65.86,40.84
119755,74.84,65.86,40.84
155557,74.84,65.86,40.84
135361,74.84,65.86,40.84
7642,74.83,65.86,40.84
1891,74.83,65.86,40.84
304984,74.83,65.86,40.85
144909,74.83,65.86,40.85
378243,74.83,65.86,40.85
583177,74.83,65.86,40.85
179947,74.83,65.86,40.85
358161,74.83,65.86,40.85
819309,74.84,65.86,40.85
648641,74.83,65.86,40.85
464748,74.83,65.86,40.85
711008,74.83,65.86,40.85
524776,74.83,65.86,40.85
812167,74.84,65.86,40.85
744142,74.83,65.86,40.85
16392,74.83,65.86,40.85
51632,74.83,65.86,40.85
60427,74.83,65.86,40.85
158893,74.83,65.86,40.85
16966,74.83,65.86,40.85
49831,74.83,65.86,40.85
16878,74.83,65.86,40.84
531944,74.84,65.86,40.85
261523,74.83,65.86,40.85
110899,74.83,65.86,40.85
296260,74.83,65.86,40.85
118523,74.83,65.86,40.85
503473,74.84,65.86,40.85
367075,74.83,65.86,40.85
72758,74.83,65.86,40.84
806026,74.85,65.86,40.86
901535,74.85,65.86,40.86
867214,74.85,65.86,40.86
922177,74.85,65.86,40.86
931873,74.85,65.86,40.86
944409,74.84,65.86,40.86
942406,74.85,65.86,40.86
951226,74.84,65.86,40.86
667835,74.85,65.86,40.85
852210,74.85,65.86,40.85
426387,74.85,65.86,40.85
718465,74.85,65.86,40.85
909528,74.85,65.86,40.85
930653,74.84,65.86,40.85
849947,74.85,65.86,40.85
896917,74.84,65.86,40.85
816488,74.83,65.86,40.85
938896,74.84,65.86,40.85
939983,74.84,65.86,40.85
933748,74.83,65.86,40.85
910170,74.83,65.86,40.85
660898,74.83,65.86,40.85
499708,74.83,65.86,40.85
747345,74.83,65.86,40.85
597763,74.83,65.86,40.85
913174,74.84,65.86,40.85
913389,74.84,65.86,40.85
894388,74.83,65.86,40.85
826576,74.83,65.86,40.85
927346,74.83,65.86,40.86
955054,74.84,65.86,40.86
956104,74.84,65.86,40.86
954485,74.83,65.86,40.86
947996,74.83,65.86,40.86
898750,74.83,65.86,40.86
949655,74.84,65.86,40.86
950759,74.84,65.86,40.86
947755,74.83,65.86,40.86
936680,74.83,65.86,40.86
428,74.83,65.86,40.83
374,74.84,65.87,40.83
508,74.83,65.87,40.83
598,74.83,65.87,40.83
587,74.83,65.86,40.83
661,74.83,65.87,40.83
603,74.83,65.86,40.84
598,74.83,65.87,40.84
651,74.83,65.87,40.83
496,74.82,65.87,40.84
531,74.82,65.86,40.84
509,74.82,65.87,40.84
575,74.82,65.87,40.84
696596,74.82,65.87,40.88
333789,74.82,65.87,40.88
214818,74.82,65.87,40.88
833363,74.82,65.87,40.88
563219,74.82,65.87,40.88
458775,74.82,65.87,40.88
804069,74.83,65.86,40.86
385316,74.83,65.86,40.85
659115,74.83,65.86,40.85
694,74.83,65.86,40.84
2355,74.83,65.86,40.84
19255,74.83,65.86,40.85
127247,74.83,65.86,40.85
303861,74.82,65.87,40.87
378143,74.82,65.87,40.87
55331,74.82,65.87,40.87
84283,74.82,65.87,40.87
6826,74.82,65.87,40.87
12722,74.82,65.87,40.87
64,74.82,65.87,40.87
88,74.82,65.87,40.87
496,74.82,65.87,40.87
912,74.82,65.87,40.87
138927,74.82,65.87,40.87
113043,74.82,65.87,40.87
29847,74.82,65.87,40.87
20320,74.82,65.87,40.87
151,74.82,65.87,40.87
114,74.82,65.87,40.87
2424,74.82,65.87,40.87
1538,74.82,65.87,40.87
137434,74.82,65.86,40.88
226748,74.82,65.86,40.88
41416,74.82,65.87,40.88
91964,74.82,65.87,40.88
411442,74.82,65.86,40.88
321082,74.82,65.86,40.88
153984,74.82,65.87,40.88
227855,74.82,65.87,40.88
78,74.82,65.87,40.88
119,74.82,65.87,40.88
5147,74.82,65.87,40.88
515,74.82,65.87,40.88
16080,74.82,65.87,40.88
1486,74.82,65.87,40.88
17666,74.82,65.87,40.88
34547,74.82,65.87,40.88
1719,74.82,65.87,40.88
3554,74.82,65.87,40.88
40,74.82,65.87,40.88
46,74.82,65.87,40.88
144,74.82,65.87,40.88
242,74.82,65.87,40.88
377624,74.82,65.87,40.86
302916,74.82,65.87,40.86
90956,74.82,65.87,40.86
63408,74.82,65.87,40.86
11944,74.82,65.87,40.86
18870,74.82,65.87,40.86
242,74.82,65.87,40.86
266,74.82,65.87,40.86
1438,74.82,65.87,40.86
2149,74.82,65.87,40.86
144201,74.82,65.87,40.86
118792,74.82,65.87,40.86
36160,74.82,65.87,40.86
26537,74.82,65.87,40.86
303,74.82,65.87,40.86
263,74.82,65.87,40.86
3967,74.82,65.87,40.86
2940,74.82,65.87,40.86
160008,74.82,65.87,40.87
171642,74.82,65.87,40.87
39150,74.82,65.87,40.87
46413,74.82,65.87,40.87
173268,74.82,65.87,40.87
163734,74.82,65.87,40.87
48413,74.82,65.87,40.87
44078,74.82,65.87,40.87
205,74.82,65.87,40.87
3523,74.82,65.87,40.87
264,74.82,65.87,40.87
4652,74.82,65.87,40.87
334,74.82,65.87,40.87
328,74.82,65.87,40.87
5258,74.82,65.87,40.87
4914,74.82,65.87,40.87
460558,74.82,65.86,40.86
226117,74.82,65.86,40.86
142956,74.82,65.86,40.86
95397,74.82,65.87,40.86
50117,74.82,65.87,40.86
407474,74.82,65.86,40.86
317271,74.82,65.86,40.86
226523,74.82,65.87,40.86
154085,74.82,65.87,40.86
71253,74.82,65.86,40.85
235641,74.82,65.86,40.85
6928,74.82,65.87,40.85
34202,74.82,65.86,40.85
74493,74.82,65.86,40.85
8867,74.82,65.87,40.85
21432,74.82,65.87,40.85
15990,74.82,65.87,40.86
2398,74.82,65.87,40.86
234,74.82,65.87,40.86
357,74.82,65.87,40.86
205,74.81,65.87,40.86
214,74.81,65.87,40.86
42333,74.82,65.87,40.86
25189,74.82,65.87,40.86
3902,74.82,65.87,40.86
7283,74.82,65.87,40.86
233,74.82,65.87,40.86
251,74.82,65.87,40.86
559,74.82,65.87,40.86
884,74.82,65.87,40.86
281,74.82,65.87,40.85
287,74.82,65.87,40.85
561,74.82,65.87,40.85
8975,74.82,65.87,40.86
1147,74.82,65.87,40.86
465,74.82,65.87,40.85
1705,74.82,65.87,40.85
724,74.82,65.87,40.85
3630,74.82,65.87,40.85
294,74.82,65.87,40.86
328,74.82,65.87,40.85
305,74.82,65.87,40.85
483,74.82,65.86,40.84
444,74.82,65.87,40.84
452,74.82,65.87,40.84
587,74.82,65.87,40.84
435,74.82,65.87,40.84
414,74.82,65.87,40.84
1999,74.82,65.86,40.85
11852,74.82,65.86,40.85
521,74.82,65.87,40.85
1213,74.82,65.87,40.85
399,74.82,65.87,40.85
383,74.82,65.87,40.85
381,74.82,65.87,40.85
325,74.82,65.87,40.85
41,74.87,65.86,40.85
109,74.87,65.86,40.85
16,74.87,65.87,40.85
17,74.87,65.87,40.85
13,74.88,65.87,40.86
14,74.87,65.87,40.86
46,74.87,65.86,40.86
13,74.87,65.87,40.86
45,74.87,65.86,40.86
233,74.87,65.86,40.86
263,74.87,65.86,40.86
15,74.87,65.87,40.85
43,74.87,65.86,40.85
15,74.87,65.87,40.85
44,74.87,65.86,40.85
154,74.87,65.86,40.85
186,74.87,65.86,40.85
8,74.87,65.87,40.88
11,74.87,65.87,40.88
12,74.87,65.87,40.88
8,74.87,65.87,40.88
20,74.87,65.86,40.88
39,74.87,65.86,40.88
9,74.87,65.87,40.87
14,74.87,65.87,40.87
65,74.87,65.86,40.87
9,74.87,65.87,40.87
17,74.87,65.87,40.87
106,74.87,65.86,40.87
10,74.88,65.87,40.87
11,74.88,65.87,40.87
28,74.87,65.86,40.87
35,74.87,65.86,40.87
183,74.87,65.86,40.87
228,74.87,65.86,40.87
12,74.88,65.87,40.86
12,74.88,65.87,40.86
45,74.87,65.86,40.86
274,74.87,65.86,40.86
41,74.87,65.86,40.86
261,74.87,65.86,40.86
99,74.87,65.86,40.85
19,74.87,65.87,40.84
103,74.86,65.86,40.89
13,74.87,65.86,40.89
462,74.86,65.86,40.88
26,74.87,65.86,40.88
2253,74.86,65.86,40.88
93,74.87,65.86,40.88
5,74.86,65.87,40.9
6,74.86,65.87,40.9
5,74.86,65.87,40.89
6,74.86,65.86,40.89
5,74.86,65.87,40.89
8,74.86,65.86,40.89
9,74.87,65.86,40.89
23,74.86,65.86,40.89
5,74.87,65.87,40.89
6,74.87,65.87,40.89
6,74.87,65.87,40.89
5,74.86,65.87,40.9
6,74.86,65.86,40.9
4,74.85,65.87,40.9
5,74.85,65.86,40.9
5,74.86,65.87,40.9
4,74.85,65.87,40.9
5,74.85,65.86,40.9
4,74.85,65.86,40.9
4,74.85,65.87,40.9
4,74.85,65.87,40.9
4,74.85,65.87,40.9
6,74.85,65.86,40.9
7,74.85,65.86,40.9
8,74.85,65.86,40.9
8,74.84,65.86,40.9
6,74.84,65.86,40.9
3,74.84,65.86,40.9
5,74.84,65.86,40.9
4,74.84,65.86,40.9
3,74.84,65.87,40.9
3,74.84,65.87,40.9
3,74.84,65.87,40.9
3,74.84,65.87,40.9
6,74.86,65.87,40.9
7,74.86,65.86,40.9
7,74.86,65.86,40.9
9,74.86,65.86,40.9
15,74.86,65.86,40.9
10,74.86,65.86,40.89
30,74.86,65.86,40.89
50,74.86,65.86,40.89
365,74.86,65.86,40.89
231,74.86,65.86,40.89
3622,74.86,65.86,40.89
1623,74.86,65.86,40.89
27906,74.86,65.86,40.89
38896,74.86,65.86,40.88
299365,74.86,65.86,40.88
8113,74.86,65.86,40.88
123848,74.86,65.86,40.88
383,74.85,65.86,40.89
2376,74.85,65.86,40.89
3954,74.85,65.86,40.89
22155,74.85,65.86,40.89
4748,74.83,65.86,40.89
8494,74.85,65.86,40.89
18312,74.84,65.86,40.89
23865,74.84,65.86,40.89
16558,74.84,65.86,40.89
71753,74.83,65.86,40.89
72741,74.85,65.86,40.89
137616,74.84,65.86,40.89
177214,74.84,65.86,40.89
149698,74.84,65.86,40.89
11,74.85,65.86,40.9
26,74.85,65.86,40.9
41,74.85,65.86,40.9
210,74.85,65.86,40.9
52,74.85,65.86,40.9
84,74.84,65.86,40.9
74,74.84,65.86,40.9
40,74.84,65.86,40.9
667,74.85,65.86,40.9
1434,74.84,65.86,40.9
1593,74.84,65.86,40.9
884,74.84,65.86,40.9
675544,74.85,65.86,40.88
856917,74.85,65.86,40.88
429639,74.85,65.86,40.88
726648,74.85,65.86,40.88
911145,74.85,65.86,40.88
931165,74.84,65.86,40.88
854363,74.85,65.86,40.88
898614,74.84,65.86,40.88
35054,74.85,65.86,40.89
138353,74.85,65.86,40.89
169466,74.85,65.86,40.89
434632,74.85,65.86,40.89
320419,74.85,65.86,40.89
478479,74.84,65.86,40.89
672814,74.85,65.86,40.89
784865,74.84,65.86,40.89
13199,74.83,65.86,40.89
45541,74.83,65.86,40.89
56348,74.83,65.86,40.89
155117,74.83,65.86,40.89
545204,74.84,65.86,40.89
104288,74.83,65.86,40.89
256531,74.83,65.86,40.89
113631,74.83,65.86,40.89
292911,74.83,65.86,40.89
516177,74.84,65.86,40.89
372740,74.83,65.86,40.89
385029,74.83,65.86,40.88
586576,74.83,65.86,40.88
181009,74.83,65.86,40.89
358034,74.83,65.86,40.89
821603,74.84,65.86,40.89
649673,74.83,65.86,40.88
462567,74.83,65.86,40.89
712417,74.83,65.86,40.88
523389,74.83,65.86,40.89
814620,74.84,65.86,40.89
745927,74.83,65.86,40.89
939320,74.84,65.86,40.88
941022,74.84,65.86,40.88
935763,74.83,65.86,40.88
913125,74.83,65.86,40.88
754314,74.83,65.86,40.88
606490,74.83,65.86,40.88
913945,74.84,65.86,40.88
914671,74.84,65.86,40.88
896814,74.83,65.86,40.88
830565,74.83,65.86,40.88
11,74.87,65.86,40.89
8,74.87,65.87,40.89
11,74.87,65.86,40.89
8,74.87,65.87,40.89
7,74.87,65.87,40.88
12,74.87,65.86,40.88
14,74.87,65.86,40.88
8,74.87,65.87,40.88
8,74.87,65.87,40.88
3,74.84,65.87,40.9
3,74.83,65.87,40.9
3,74.83,65.86,40.9
4,74.83,65.86,40.9
4,74.83,65.87,40.9
3,74.83,65.86,40.9
3,74.83,65.87,40.9
11,74.83,65.86,40.9
195,74.83,65.86,40.9
4740,74.83,65.86,40.89
66568,74.83,65.86,40.89
5,74.83,65.86,40.9
4,74.83,65.87,40.9
4,74.83,65.87,40.9
22,74.83,65.86,40.9
3,74.83,65.87,40.9
6,74.83,65.87,40.9
5,74.82,65.87,40.9
5,74.83,65.87,40.89
513,74.83,65.86,40.89
10869,74.83,65.86,40.89
35,74.83,65.86,40.89
644,74.83,65.86,40.89
45290,74.83,65.86,40.89
11699,74.83,65.86,40.89
2149,74.83,65.86,40.89
12335,74.83,65.86,40.89
307872,74.83,65.86,40.88
143105,74.83,65.86,40.89
56955,74.83,65.86,40.89
174996,74.83,65.86,40.88
10479,74.82,65.86,40.89
41817,74.82,65.86,40.88
666074,74.83,65.86,40.88
505149,74.83,65.86,40.88
283207,74.82,65.86,40.88
567961,74.83,65.86,40.88
131138,74.82,65.86,40.88
364574,74.83,65.86,40.88
86921,74.82,65.86,40.88
200376,74.82,65.86,40.88
23962,74.82,65.87,40.88
82448,74.82,65.87,40.88
37670,74.82,65.87,40.88
191943,74.82,65.87,40.88
104679,74.82,65.87,40.88
348057,74.82,65.87,40.88
820710,74.83,65.86,40.88
504614,74.82,65.86,40.88
350608,74.82,65.86,40.88
634700,74.82,65.86,40.88
471330,74.82,65.86,40.88
8,74.82,65.86,40.89
7,74.82,65.87,40.89
34,74.82,65.87,40.89
10,74.82,65.87,40.89
544,74.82,65.87,40.89
8,74.82,65.87,40.89
24,74.82,65.87,40.89
7446,74.82,65.86,40.89
27860,74.82,65.86,40.88
729,74.82,65.87,40.89
4650,74.82,65.87,40.88
115,74.82,65.87,40.89
488,74.82,65.87,40.88
53,74.82,65.87,40.89
2865,74.82,65.87,40.88
22478,74.82,65.86,40.88
63301,74.82,65.86,40.88
3507,74.82,65.87,40.88
13128,74.82,65.87,40.88
19,74.82,65.87,40.89
23,74.82,65.87,40.88
93,74.82,65.87,40.88
39,74.82,65.87,40.88
37,74.82,65.87,40.88
24,74.82,65.87,40.88
402,74.82,65.87,40.88
1328,74.82,65.87,40.88
111,74.82,65.87,40.88
10,74.82,65.87,40.89
6,74.82,65.87,40.89
6,74.82,65.87,40.89
8,74.82,65.87,40.89
18,74.82,65.87,40.88
18,74.82,65.87,40.88
25,74.82,65.87,40.88
11,74.82,65.87,40.89
14,74.82,65.87,40.88
17,74.82,65.87,40.88
40,74.81,65.87,40.87
41,74.81,65.87,40.87
44,74.82,65.87,40.87
51,74.81,65.87,40.87
31,74.81,65.87,40.88
34,74.81,65.87,40.88
73,74.82,65.87,40.87
57,74.82,65.87,40.87
61,74.82,65.87,40.87
104,74.82,65.87,40.86
81,74.81,65.87,40.87
94,74.82,65.87,40.86
133,74.81,65.87,40.86
139,74.81,65.87,40.86
181,74.81,65.87,40.86
173,74.81,65.87,40.86
252,74.82,65.87,40.85
4629,74.87,65.86,40.88
12006,74.87,65.86,40.88
238,74.87,65.86,40.88
640,74.87,65.86,40.88
1401,74.87,65.86,40.87
2577,74.87,65.86,40.87
28,74.86,65.87,40.83
26,74.87,65.87,40.84
123,74.86,65.86,40.84
27,74.86,65.87,40.84
102,74.86,65.86,40.84
25,74.87,65.87,40.84
37,74.86,65.86,40.82
34,74.86,65.87,40.83
34,74.86,65.87,40.83
84,74.86,65.86,40.83
37,74.86,65.87,40.83
106,74.86,65.86,40.83
86,74.85,65.86,40.83
123,74.86,65.86,40.84
221,74.86,65.86,40.84
264,74.86,65.86,40.84
240,74.86,65.86,40.84
522,74.86,65.86,40.84
521,74.86,65.86,40.84
67,74.85,65.86,40.83
38,74.85,65.87,40.83
57,74.85,65.86,40.83
45,74.85,65.87,40.83
58,74.85,65.86,40.83
65,74.84,65.86,40.83
208,74.84,65.86,40.83
103,74.84,65.86,40.83
115,74.84,65.87,40.83
225,74.85,65.86,40.84
190,74.85,65.86,40.84
584,74.85,65.86,40.84
803,74.85,65.86,40.84
358,74.84,65.86,40.84
196,74.85,65.86,40.84
200,74.84,65.86,40.84
241,74.84,65.86,40.84
1678,74.84,65.86,40.84
1361,74.85,65.86,40.84
2071,74.84,65.86,40.84
2268,74.84,65.86,40.84
97,74.85,65.86,40.83
78,74.85,65.86,40.83
141,74.85,65.86,40.83
110,74.85,65.86,40.83
69,74.85,65.86,40.83
84,74.84,65.86,40.83
141,74.84,65.86,40.83
334,74.84,65.86,40.83
88,74.85,65.86,40.83
83,74.84,65.86,40.83
129,74.84,65.86,40.83
418,74.83,65.86,40.83
511,74.83,65.86,40.83
2433,74.83,65.86,40.84
540,74.83,65.86,40.84
502,74.83,65.86,40.84
613,74.83,65.86,40.84
967,74.83,65.86,40.84
671,74.83,65.86,40.84
598,74.83,65.86,40.84
41,74.85,65.86,40.82
50,74.85,65.87,40.82
100,74.84,65.87,40.82
828,74.87,65.86,40.85
1292,74.87,65.86,40.85
1882,74.87,65.86,40.86
2483,74.87,65.86,40.86
522,74.87,65.86,40.85
411696,74.86,65.86,40.87
335292,74.86,65.86,40.87
52835,74.87,65.86,40.87
27137,74.87,65.86,40.87
66487,74.86,65.86,40.88
138047,74.86,65.86,40.88
450332,74.86,65.86,40.87
2217,74.87,65.86,40.87
74711,74.87,65.86,40.87
449861,74.86,65.86,40.87
2745,74.87,65.86,40.87
81093,74.87,65.86,40.87
412779,74.86,65.86,40.86
2945,74.87,65.86,40.86
71275,74.87,65.86,40.86
341801,74.86,65.86,40.86
2820,74.87,65.86,40.86
52407,74.87,65.86,40.86
650183,74.86,65.86,40.86
589193,74.86,65.86,40.86
678159,74.86,65.86,40.87
679331,74.86,65.86,40.87
859156,74.86,65.86,40.87
859815,74.86,65.86,40.87
909119,74.85,65.86,40.87
939560,74.85,65.86,40.87
909490,74.85,65.86,40.87
939637,74.85,65.86,40.87
951436,74.85,65.86,40.87
956701,74.84,65.86,40.87
951509,74.85,65.86,40.87
956810,74.84,65.86,40.87
959198,74.84,65.86,40.87
960218,74.84,65.86,40.87
959273,74.84,65.86,40.87
960234,74.84,65.86,40.87
671635,74.82,65.87,40.87
959964,74.83,65.86,40.87
957424,74.83,65.86,40.87
948717,74.83,65.86,40.87
915520,74.82,65.87,40.87
670565,74.82,65.87,40.87
959911,74.83,65.86,40.87
957293,74.83,65.86,40.87
948517,74.83,65.86,40.87
915272,74.82,65.87,40.87
828895,74.86,65.86,40.86
850267,74.86,65.86,40.86
892350,74.85,65.86,40.86
932168,74.85,65.86,40.86
904190,74.85,65.86,40.86
937315,74.85,65.86,40.86
947741,74.85,65.86,40.86
954623,74.84,65.86,40.86
950420,74.85,65.86,40.86
956231,74.84,65.86,40.86
622140,74.82,65.87,40.86
906518,74.82,65.87,40.86
558885,74.82,65.86,40.86
709179,74.82,65.87,40.86
493485,74.82,65.86,40.86
647503,74.82,65.87,40.86
640696,74.82,65.86,40.86
868796,74.83,65.86,40.86
883971,74.82,65.87,40.86
939717,74.83,65.86,40.86
957675,74.84,65.86,40.86
958678,74.84,65.86,40.86
957785,74.83,65.86,40.86
953463,74.83,65.86,40.86
945861,74.83,65.86,40.86
958856,74.84,65.86,40.86
959820,74.84,65.86,40.86
959315,74.83,65.86,40.86
956148,74.83,65.86,40.86
490467,74.86,65.86,40.88
349805,74.86,65.86,40.88
653217,74.86,65.86,40.87
591915,74.86,65.86,40.87
831632,74.86,65.86,40.87
852025,74.86,65.86,40.87
893747,74.85,65.86,40.87
932356,74.85,65.86,40.87
905138,74.85,65.86,40.87
937489,74.85,65.86,40.87
947399,74.85,65.86,40.87
954170,74.84,65.86,40.87
950204,74.85,65.86,40.87
955916,74.84,65.86,40.87
561195,74.82,65.86,40.87
496955,74.82,65.86,40.87
651694,74.82,65.87,40.87
712283,74.82,65.87,40.87
885376,74.82,65.87,40.87
623947,74.82,65.87,40.87
907250,74.82,65.87,40.87
940818,74.83,65.86,40.87
957370,74.84,65.86,40.87
958664,74.84,65.86,40.87
958145,74.83,65.86,40.87
954231,74.83,65.86,40.87
946479,74.83,65.86,40.87
958645,74.84,65.86,40.87
959782,74.84,65.86,40.87
959485,74.83,65.86,40.87
956562,74.83,65.86,40.87
698516,74.86,65.86,40.88
788427,74.86,65.86,40.88
810851,74.85,65.86,40.88
903101,74.85,65.86,40.88
869463,74.85,65.86,40.88
922573,74.85,65.86,40.88
932036,74.85,65.86,40.88
944223,74.84,65.86,40.88
942084,74.85,65.86,40.88
950773,74.84,65.86,40.88
929089,74.83,65.86,40.88
954803,74.84,65.86,40.88
956267,74.84,65.86,40.88
955190,74.83,65.86,40.88
949271,74.83,65.86,40.88
901489,74.83,65.86,40.88
949642,74.84,65.86,40.88
951287,74.84,65.86,40.88
949014,74.83,65.86,40.88
938677,74.83,65.86,40.88
2277,74.87,65.86,40.85
7276,74.86,65.86,40.85
33948,74.86,65.86,40.85
139036,74.86,65.86,40.85
8560,74.86,65.86,40.85
35743,74.86,65.86,40.85
23,74.87,65.87,40.84
152,74.87,65.86,40.84
316,74.87,65.86,40.85
157,74.87,65.86,40.84
337,74.87,65.86,40.84
344,74.86,65.86,40.84
1264,74.87,65.86,40.85
423,74.87,65.86,40.84
2781,74.86,65.86,40.85
689,74.86,65.86,40.84
1133,74.86,65.86,40.84
1425,74.86,65.86,40.84
2491,74.86,65.86,40.84
6391,74.86,65.86,40.84
13072,74.87,65.86,40.86
91965,74.86,65.86,40.86
20180,74.87,65.86,40.86
153435,74.86,65.86,40.86
489943,74.86,65.86,40.86
784772,74.86,65.86,40.86
355550,74.86,65.86,40.86
693476,74.86,65.86,40.86
4257,74.87,65.86,40.85
19056,74.86,65.86,40.85
7595,74.87,65.86,40.85
46159,74.86,65.86,40.85
211788,74.86,65.86,40.85
532629,74.86,65.86,40.85
99025,74.86,65.86,40.85
320912,74.86,65.86,40.85
357974,74.85,65.86,40.85
589847,74.85,65.86,40.85
126916,74.85,65.86,40.85
290369,74.85,65.86,40.85
727821,74.85,65.86,40.85
786719,74.84,65.86,40.85
447558,74.85,65.86,40.85
536149,74.84,65.86,40.85
2825,74.85,65.86,40.84
7038,74.85,65.86,40.84
21885,74.85,65.86,40.84
66698,74.85,65.86,40.84
21219,74.84,65.86,40.84
17189,74.85,65.86,40.84
29759,74.84,65.86,40.84
32682,74.84,65.86,40.84
152480,74.84,65.86,40.84
140244,74.85,65.86,40.84
199503,74.84,65.86,40.84
208112,74.84,65.86,40.84
25837,74.83,65.86,40.84
8178,74.83,65.86,40.84
2079,74.83,65.86,40.84
14171,74.83,65.86,40.84
419238,74.83,65.86,40.85
798087,74.84,65.86,40.85
765556,74.84,65.86,40.85
662198,74.83,65.86,40.85
65784,74.83,65.86,40.84
125078,74.83,65.86,40.85
549962,74.84,65.86,40.85
481139,74.84,65.86,40.85
153435,74.83,65.86,40.84
322082,74.83,65.86,40.85
90687,74.83,65.86,40.85
301304,74.83,65.86,40.85
851939,74.85,65.86,40.86
903485,74.85,65.86,40.86
885249,74.85,65.86,40.86
919801,74.85,65.86,40.86
924947,74.85,65.86,40.86
934487,74.84,65.86,40.86
935244,74.85,65.86,40.86
942349,74.84,65.86,40.86
777685,74.85,65.86,40.85
869965,74.85,65.86,40.85
614825,74.85,65.86,40.85
787502,74.85,65.86,40.85
905237,74.85,65.86,40.85
919950,74.84,65.86,40.85
858215,74.85,65.86,40.85
886096,74.84,65.86,40.85
850950,74.83,65.86,40.85
924470,74.84,65.86,40.85
920755,74.84,65.86,40.85
903975,74.83,65.86,40.85
718040,74.83,65.86,40.85
893182,74.84,65.86,40.85
882748,74.84,65.86,40.85
842281,74.83,65.86,40.85
760306,74.83,65.86,40.85
574436,74.83,65.86,40.85
922119,74.83,65.86,40.86
944984,74.84,65.86,40.86
944104,74.84,65.86,40.86
938431,74.83,65.86,40.86
900676,74.83,65.86,40.86
937769,74.84,65.86,40.86
936054,74.84,65.86,40.86
927139,74.83,65.86,40.86
844066,74.83,65.86,40.86
399,74.83,65.87,40.82
342,74.84,65.86,40.83
422,74.83,65.86,40.83
501,74.83,65.86,40.83
418,74.83,65.87,40.83
578,74.83,65.86,40.83
672,74.83,65.87,40.83
689,74.83,65.87,40.83
640,74.83,65.86,40.83
623,74.83,65.86,40.84
630,74.83,65.86,40.83
646,74.83,65.87,40.83
674,74.83,65.87,40.83
511,74.82,65.86,40.84
510,74.82,65.87,40.84
554,74.82,65.86,40.84
577,74.82,65.86,40.84
571,74.82,65.87,40.84
568,74.82,65.87,40.84
552,74.82,65.87,40.84
806204,74.83,65.86,40.88
461788,74.82,65.86,40.88
870469,74.83,65.86,40.88
643760,74.82,65.86,40.88
658705,74.82,65.86,40.86
242308,74.82,65.86,40.85
466419,74.82,65.86,40.85
918,74.82,65.86,40.84
2352,74.82,65.86,40.84
13362,74.82,65.86,40.85
78023,74.82,65.86,40.85
85,74.81,65.87,40.87
252696,74.82,65.86,40.87
344152,74.82,65.86,40.87
24831,74.82,65.86,40.87
39278,74.82,65.86,40.87
3563,74.82,65.87,40.87
5846,74.82,65.87,40.87
81,74.81,65.87,40.87
98,74.81,65.87,40.87
377,74.82,65.87,40.87
600,74.82,65.87,40.87
69147,74.82,65.86,40.87
51958,74.82,65.86,40.87
12617,74.82,65.87,40.87
8841,74.82,65.87,40.87
146,74.81,65.87,40.87
115,74.81,65.87,40.87
1337,74.82,65.87,40.87
969,74.82,65.87,40.87
60501,74.82,65.86,40.88
153874,74.82,65.86,40.88
101,74.82,65.87,40.88
2398,74.82,65.87,40.88
9342,74.82,65.86,40.88
17404,74.82,65.86,40.88
1092,74.82,65.87,40.88
2050,74.82,65.87,40.88
41,74.81,65.87,40.88
55,74.81,65.87,40.88
134,74.82,65.87,40.88
199,74.82,65.87,40.88
97,74.81,65.87,40.87
103,74.81,65.87,40.87
123,74.81,65.87,40.87
129,74.81,65.87,40.87
255423,74.82,65.86,40.86
346035,74.82,65.86,40.86
49138,74.82,65.86,40.86
35690,74.82,65.86,40.86
7922,74.82,65.87,40.86
10866,74.82,65.87,40.86
296,74.81,65.87,40.86
298,74.81,65.87,40.86
1341,74.82,65.87,40.86
1642,74.82,65.87,40.86
76817,74.82,65.86,40.86
62306,74.82,65.86,40.86
17364,74.82,65.87,40.86
13986,74.82,65.87,40.86
255,74.81,65.87,40.86
262,74.81,65.87,40.86
2249,74.82,65.87,40.86
1982,74.82,65.87,40.86
387776,74.82,65.86,40.87
388261,74.82,65.86,40.87
82217,74.82,65.86,40.87
91439,74.82,65.86,40.87
16516,74.82,65.87,40.87
19765,74.82,65.87,40.87
93209,74.82,65.86,40.87
88029,74.82,65.86,40.87
21045,74.82,65.87,40.87
20076,74.82,65.87,40.87
217,74.81,65.87,40.87
1813,74.82,65.87,40.87
251,74.81,65.87,40.87
2229,74.82,65.87,40.87
298,74.81,65.87,40.87
2478,74.82,65.87,40.87
263,74.81,65.87,40.87
2487,74.82,65.87,40.87
263998,74.82,65.86,40.86
404688,74.82,65.86,40.86
72351,74.82,65.86,40.86
158177,74.82,65.86,40.86
37761,74.82,65.86,40.85
129330,74.82,65.86,40.85
5088,74.82,65.86,40.85
20659,74.82,65.86,40.85
6414,74.82,65.86,40.86
1184,74.82,65.87,40.86
11350,74.82,65.86,40.86
2155,74.82,65.87,40.86
234,74.81,65.87,40.86
239,74.81,65.87,40.86
345,74.82,65.87,40.86
414,74.82,65.87,40.86
215,74.81,65.87,40.86
26100,74.82,65.86,40.86
16871,74.82,65.86,40.86
3563,74.82,65.87,40.86
5596,74.82,65.87,40.86
247,74.81,65.87,40.86
264,74.81,65.87,40.86
631,74.82,65.87,40.86
870,74.82,65.87,40.86
316,74.82,65.87,40.85
294,74.81,65.87,40.85
534,74.82,65.87,40.85
1479,74.82,65.87,40.85
342,74.82,65.87,40.85
558,74.82,65.86,40.84
457,74.82,65.87,40.84
476,74.82,65.86,40.84
726,74.82,65.86,40.84
467,74.82,65.87,40.84
428,74.82,65.87,40.84
456,74.82,65.87,40.84
2058,74.82,65.86,40.85
8020,74.82,65.86,40.85
629,74.82,65.86,40.85
1236,74.82,65.86,40.85
386,74.81,65.87,40.85
413,74.82,65.87,40.85
326,74.81,65.87,40.85
329,74.81,65.87,40.85
396,74.82,65.87,40.85
15,74.88,65.87,40.85
17,74.88,65.87,40.85
78,74.87,65.86,40.85
63,74.87,65.86,40.85
191,74.87,65.86,40.85
227,74.87,65.86,40.85
56,74.88,65.86,40.86
14,74.88,65.87,40.86
15,74.88,65.87,40.85
105,74.87,65.86,40.86
474,74.87,65.86,40.86
109,74.87,65.86,40.86
507,74.87,65.86,40.86
93,74.87,65.86,40.85
88,74.87,65.86,40.85
325,74.87,65.86,40.85
378,74.87,65.86,40.85
9,74.88,65.87,40.88
9,74.87,65.87,40.88
12,74.87,65.86,40.88
9,74.87,65.87,40.88
15,74.87,65.86,40.88
35,74.87,65.86,40.88
56,74.87,65.86,40.88
10,74.88,65.87,40.87
10,74.88,65.87,40.87
18,74.87,65.86,40.87
90,74.87,65.86,40.87
22,74.87,65.86,40.87
135,74.87,65.86,40.87
39,74.88,65.86,40.87
46,74.88,65.86,40.87
11,74.88,65.87,40.87
69,74.87,65.86,40.87
85,74.87,65.86,40.87
367,74.87,65.86,40.87
444,74.87,65.86,40.87
56,74.88,65.86,40.86
50,74.88,65.86,40.86
13,74.88,65.87,40.86
111,74.87,65.86,40.86
532,74.87,65.86,40.86
100,74.87,65.86,40.86
502,74.87,65.86,40.86
21,74.87,65.87,40.84
18,74.88,65.87,40.84
116,74.87,65.86,40.84
17,74.88,65.87,40.84
6,74.86,65.87,40.9
128,74.87,65.86,40.89
20,74.87,65.86,40.89
384,74.87,65.86,40.88
35,74.87,65.86,40.88
1505,74.87,65.86,40.88
95,74.87,65.86,40.88
6,74.87,65.87,40.9
8,74.86,65.86,40.9
6,74.87,65.87,40.9
7,74.86,65.86,40.9
6,74.87,65.87,40.89
7,74.87,65.86,40.89
7,74.87,65.86,40.89
9,74.86,65.86,40.89
11,74.86,65.86,40.89
13,74.87,65.86,40.89
50,74.87,65.86,40.89
6,74.87,65.87,40.89
6,74.87,65.87,40.89
6,74.86,65.87,40.91
6,74.86,65.87,40.9
4,74.86,65.87,40.9
9,74.86,65.86,40.9
8,74.85,65.86,40.9
6,74.86,65.86,40.91
5,74.85,65.86,40.91
4,74.85,65.87,40.91
8,74.86,65.86,40.9
7,74.85,65.86,40.9
5,74.85,65.87,40.91
7,74.85,65.86,40.9
6,74.85,65.86,40.9
4,74.85,65.87,40.91
10,74.85,65.86,40.9
10,74.85,65.86,40.9
20,74.85,65.86,40.9
21,74.85,65.86,40.9
8,74.85,65.86,40.9
7,74.84,65.86,40.9
27,74.85,65.86,40.9
24,74.84,65.86,40.9
10,74.84,65.86,40.9
6,74.84,65.86,40.9
4,74.84,65.86,40.9
3,74.84,65.86,40.9
3,74.84,65.86,40.9
2,74.84,65.86,40.9
3,74.84,65.87,40.91
12,74.86,65.86,40.9
14,74.86,65.86,40.9
25,74.86,65.86,40.9
22,74.86,65.86,40.9
48,74.86,65.86,40.9
76,74.86,65.86,40.9
20,74.86,65.86,40.89
53,74.86,65.86,40.89
140,74.86,65.86,40.89
480,74.86,65.86,40.89
527,74.86,65.86,40.89
3689,74.86,65.86,40.89
320,74.86,65.86,40.89
1305,74.86,65.86,40.89
2819,74.86,65.86,40.89
27479,74.86,65.86,40.89
17881,74.86,65.86,40.89
125207,74.86,65.86,40.89
4988,74.86,65.86,40.88
20301,74.86,65.86,40.88
197882,74.86,65.86,40.88
535940,74.86,65.86,40.88
79157,74.86,65.86,40.88
314969,74.86,65.86,40.88
2786,74.85,65.86,40.89
10476,74.85,65.86,40.89
22080,74.85,65.86,40.89
75807,74.85,65.86,40.89
20578,74.84,65.86,40.89
25872,74.85,65.86,40.89
40160,74.84,65.86,40.89
38724,74.84,65.86,40.89
156285,74.84,65.86,40.89
152598,74.85,65.86,40.89
216140,74.84,65.86,40.89
222244,74.84,65.86,40.89
49,74.85,65.86,40.9
115,74.85,65.86,40.9
330,74.85,65.86,40.9
1080,74.85,65.86,40.9
61,74.84,65.86,40.9
211,74.85,65.86,40.9
257,74.84,65.86,40.9
147,74.84,65.86,40.9
1175,74.84,65.86,40.9
2504,74.85,65.86,40.9
3551,74.84,65.86,40.9
2712,74.84,65.86,40.9
21527,74.83,65.86,40.89
783445,74.85,65.86,40.88
872615,74.85,65.86,40.88
620403,74.85,65.86,40.88
792106,74.85,65.86,40.88
906250,74.85,65.86,40.88
920457,74.84,65.86,40.88
860457,74.85,65.86,40.88
886881,74.84,65.86,40.88
118466,74.85,65.86,40.89
283566,74.85,65.86,40.89
350554,74.85,65.86,40.89
590712,74.85,65.86,40.89
451555,74.85,65.86,40.89
543486,74.84,65.86,40.89
730985,74.85,65.86,40.89
788337,74.84,65.86,40.89
119167,74.83,65.86,40.89
556118,74.84,65.86,40.89
148082,74.83,65.86,40.89
484813,74.84,65.86,40.89
317824,74.83,65.86,40.89
419017,74.83,65.86,40.89
798893,74.84,65.86,40.89
766414,74.84,65.86,40.89
661303,74.83,65.86,40.89
854124,74.83,65.86,40.88
925241,74.84,65.86,40.88
922309,74.84,65.86,40.88
906402,74.83,65.86,40.88
721618,74.83,65.86,40.88
893813,74.84,65.86,40.88
884190,74.84,65.86,40.88
844604,74.83,65.86,40.88
8,74.87,65.87,40.9
8,74.87,65.87,40.89
16,74.87,65.86,40.89
8,74.87,65.87,40.89
16,74.87,65.86,40.89
8,74.87,65.87,40.89
8,74.87,65.87,40.89
11,74.87,65.86,40.88
12,74.87,65.86,40.88
18,74.87,65.86,40.88
24,74.87,65.86,40.88
8,74.87,65.87,40.88
8,74.87,65.87,40.88
3,74.84,65.87,40.91
4,74.84,65.86,40.9
4,74.83,65.87,40.91
5,74.83,65.86,40.9
4,74.83,65.86,40.9
12,74.83,65.86,40.9
4,74.83,65.86,40.9
3,74.83,65.86,40.9
4,74.83,65.87,40.9
3,74.83,65.87,40.9
4,74.83,65.86,40.9
4,74.83,65.87,40.9
5,74.82,65.87,40.9
90,74.83,65.86,40.9
1320,74.83,65.86,40.9
17,74.83,65.86,40.9
233,74.83,65.86,40.9
3904,74.83,65.86,40.89
54498,74.83,65.86,40.89
7,74.83,65.86,40.9
4,74.83,65.87,40.9
4,74.83,65.86,40.9
34,74.83,65.86,40.9
6,74.82,65.87,40.9
6,74.82,65.86,40.9
6,74.83,65.86,40.9
412,74.83,65.86,40.89
7066,74.83,65.86,40.89
38,74.83,65.86,40.89
616,74.83,65.86,40.89
80357,74.83,65.86,40.89
296804,74.83,65.86,40.89
12835,74.83,65.86,40.89
122729,74.83,65.86,40.89
762023,74.83,65.86,40.88
573803,74.83,65.86,40.88
381225,74.83,65.86,40.88
57516,74.82,65.86,40.88
659371,74.83,65.86,40.88
224249,74.82,65.86,40.88
7,74.82,65.86,40.89
9,74.82,65.86,40.89
7,74.82,65.86,40.89
26,74.82,65.86,40.89
8,74.82,65.87,40.89
296,74.82,65.86,40.89
18,74.82,65.87,40.89
5226,74.82,65.86,40.89
193,74.82,65.87,40.89
1217,74.82,65.86,40.88
10633,74.82,65.86,40.88
12,74.82,65.87,40.89
23,74.82,65.87,40.89
23,74.82,65.87,40.88
47,74.82,65.87,40.88
39,74.82,65.87,40.88
364,74.82,65.87,40.88
11,74.82,65.87,40.89
7,74.82,65.87,40.9
9,74.82,65.87,40.89
7,74.82,65.87,40.89
20,74.82,65.87,40.88
30,74.81,65.87,40.88
13,74.82,65.87,40.89
20,74.81,65.87,40.88
45,74.81,65.87,40.87
54,74.81,65.87,40.87
49,74.81,65.87,40.87
37,74.81,65.87,40.88
78,74.81,65.87,40.87
83,74.81,65.87,40.87
62,74.81,65.87,40.87
65,74.81,65.87,40.87
108,74.81,65.87,40.86
100,74.81,65.87,40.86
142,74.81,65.87,40.86
184,74.81,65.87,40.86
259,74.81,65.87,40.85
3062,74.87,65.86,40.88
7020,74.87,65.86,40.88
237,74.87,65.86,40.88
491,74.87,65.86,40.88
926,74.87,65.86,40.87
1645,74.87,65.86,40.87
111,74.86,65.86,40.83
27,74.87,65.87,40.83
25,74.87,65.87,40.84
164,74.86,65.86,40.84
120,74.87,65.86,40.84
198,74.87,65.86,40.84
30,74.87,65.86,40.83
37,74.86,65.86,40.82
90,74.86,65.86,40.82
41,74.86,65.86,40.82
32,74.87,65.86,40.83
110,74.86,65.86,40.83
37,74.86,65.87,40.83
162,74.86,65.86,40.83
112,74.86,65.86,40.83
182,74.86,65.86,40.83
207,74.85,65.86,40.83
321,74.85,65.86,40.83
263,74.86,65.86,40.84
496,74.86,65.86,40.84
604,74.86,65.86,40.84
1081,74.86,65.86,40.84
536,74.86,65.86,40.84
536,74.85,65.86,40.84
1295,74.86,65.86,40.84
1451,74.85,65.86,40.84
91,74.85,65.86,40.83
44,74.85,65.87,40.83
79,74.85,65.86,40.83
122,74.84,65.86,40.83
213,74.84,65.87,40.83
525,74.85,65.86,40.84
531,74.85,65.86,40.84
1982,74.85,65.86,40.84
2730,74.85,65.86,40.84
501,74.84,65.86,40.84
493,74.84,65.86,40.84
497,74.84,65.86,40.84
4271,74.84,65.86,40.84
4035,74.84,65.86,40.84
4956,74.84,65.86,40.84
144,74.85,65.86,40.83
106,74.85,65.86,40.83
282,74.85,65.86,40.83
198,74.85,65.86,40.83
217,74.84,65.86,40.83
91,74.84,65.86,40.83
110,74.84,65.86,40.83
217,74.84,65.86,40.83
174,74.84,65.86,40.83
141,74.84,65.86,40.83
295,74.84,65.86,40.83
332,74.84,65.86,40.83
537,74.83,65.86,40.83
587,74.83,65.86,40.83
6779,74.84,65.86,40.84
886,74.84,65.86,40.84
3292,74.83,65.86,40.84
808,74.83,65.86,40.84
616,74.83,65.86,40.84
693,74.83,65.86,40.84
707,74.82,65.86,40.84
1249,74.83,65.86,40.84
845,74.83,65.86,40.84
72,74.85,65.86,40.82
68,74.85,65.86,40.82
48,74.85,65.86,40.82
63,74.84,65.87,40.82
118,74.84,65.86,40.82
205,74.84,65.87,40.82
1546,74.87,65.86,40.85
2084,74.87,65.86,40.85
5773,74.87,65.86,40.85
8401,74.87,65.86,40.85
2723,74.87,65.86,40.86
3200,74.87,65.86,40.86
16671,74.87,65.86,40.86
12558,74.87,65.86,40.86
661,74.87,65.86,40.85
1009,74.87,65.86,40.85
2159,74.87,65.86,40.85
3426,74.87,65.86,40.85
2516,74.87,65.86,40.87
3127,74.87,65.86,40.87
3458,74.87,65.86,40.86
3428,74.87,65.86,40.86
261318,74.86,65.86,40.87
207728,74.86,65.86,40.87
23340,74.87,65.86,40.87
12891,74.87,65.86,40.87
444722,74.86,65.86,40.87
508726,74.86,65.86,40.87
34150,74.86,65.86,40.88
235458,74.86,65.86,40.88
80457,74.86,65.86,40.88
348379,74.86,65.86,40.88
17969,74.87,65.86,40.87
22750,74.87,65.86,40.87
291406,74.86,65.86,40.87
29013,74.87,65.86,40.87
293869,74.86,65.86,40.87
35073,74.87,65.86,40.87
537000,74.86,65.86,40.87
536858,74.86,65.86,40.87
20658,74.87,65.86,40.86
21022,74.87,65.86,40.86
267636,74.86,65.86,40.86
32047,74.87,65.86,40.86
218623,74.86,65.86,40.86
28147,74.87,65.86,40.86
446468,74.86,65.86,40.86
507588,74.86,65.86,40.86
771304,74.86,65.86,40.86
736666,74.86,65.86,40.86
786437,74.86,65.86,40.87
787346,74.86,65.86,40.87
877766,74.85,65.86,40.87
878183,74.85,65.86,40.87
913455,74.85,65.86,40.87
934975,74.85,65.86,40.87
913686,74.85,65.86,40.87
935016,74.85,65.86,40.87
944913,74.85,65.86,40.87
949757,74.84,65.86,40.87
944948,74.85,65.86,40.87
949780,74.84,65.86,40.87
951833,74.84,65.86,40.87
951759,74.84,65.86,40.87
951812,74.84,65.86,40.87
951678,74.84,65.86,40.87
810265,74.82,65.86,40.87
948992,74.83,65.86,40.87
940795,74.83,65.86,40.87
916660,74.83,65.86,40.87
809848,74.82,65.86,40.87
948859,74.83,65.86,40.87
940602,74.83,65.86,40.87
916441,74.83,65.86,40.87
859156,74.85,65.86,40.86
872273,74.85,65.86,40.86
901360,74.85,65.86,40.86
928327,74.85,65.86,40.86
909780,74.85,65.86,40.86
932934,74.85,65.86,40.86
940741,74.85,65.86,40.86
946547,74.84,65.86,40.86
943692,74.85,65.86,40.86
948807,74.84,65.86,40.86
788646,74.82,65.86,40.86
910639,74.83,65.86,40.86
768828,74.82,65.86,40.86
746131,74.82,65.86,40.86
881146,74.83,65.86,40.86
896840,74.83,65.86,40.86
932675,74.83,65.86,40.86
948829,74.84,65.86,40.86
948392,74.84,65.86,40.86
944345,74.83,65.86,40.86
938178,74.83,65.86,40.86
950907,74.84,65.86,40.86
950687,74.84,65.86,40.86
947489,74.83,65.86,40.86
676334,74.86,65.86,40.88
567465,74.86,65.86,40.88
773901,74.86,65.86,40.87
740164,74.86,65.86,40.87
860979,74.85,65.86,40.87
873375,74.85,65.86,40.87
902276,74.85,65.86,40.87
928414,74.85,65.86,40.87
910398,74.85,65.86,40.87
933021,74.85,65.86,40.87
940538,74.85,65.86,40.87
946410,74.84,65.86,40.87
943571,74.85,65.86,40.87
948730,74.84,65.86,40.87
747738,74.82,65.86,40.87
897990,74.83,65.86,40.87
789552,74.82,65.86,40.87
911304,74.83,65.86,40.87
933723,74.83,65.86,40.87
948910,74.84,65.86,40.87
948782,74.84,65.86,40.87
945083,74.83,65.86,40.87
938772,74.83,65.86,40.87
950956,74.84,65.86,40.87
950904,74.84,65.86,40.87
947892,74.83,65.86,40.87
787575,74.85,65.86,40.88
837122,74.85,65.86,40.88
854947,74.85,65.86,40.88
904426,74.85,65.86,40.88
886694,74.85,65.86,40.88
920032,74.85,65.86,40.88
925100,74.85,65.86,40.88
934578,74.84,65.86,40.88
935058,74.85,65.86,40.88
942235,74.84,65.86,40.88
882708,74.83,65.86,40.88
846010,74.83,65.86,40.88
923748,74.83,65.86,40.88
945180,74.84,65.86,40.88
944773,74.84,65.86,40.88
939628,74.83,65.86,40.88
903054,74.83,65.86,40.88
938215,74.84,65.86,40.88
937146,74.84,65.86,40.88
928940,74.83,65.86,40.88
8612,74.86,65.86,40.85
29244,74.86,65.86,40.85
10646,74.86,65.86,40.85
110720,74.86,65.86,40.85
290502,74.85,65.86,40.85
33988,74.86,65.86,40.85
110814,74.85,65.86,40.85
512,74.87,65.86,40.84
876,74.86,65.86,40.84
4264,74.86,65.86,40.85
1502,74.86,65.86,40.84
2521,74.86,65.86,40.84
4450,74.86,65.86,40.84
2948,74.86,65.86,40.84
5069,74.85,65.86,40.84
9112,74.86,65.86,40.84
24777,74.85,65.86,40.84
65478,74.86,65.86,40.86
249143,74.86,65.86,40.86
110202,74.86,65.86,40.86
354340,74.86,65.86,40.86
672804,74.86,65.86,40.86
834444,74.85,65.86,40.86
565332,74.86,65.86,40.86
783424,74.85,65.86,40.86
16922,74.86,65.86,40.85
73286,74.86,65.86,40.85
34864,74.86,65.86,40.85
149314,74.86,65.86,40.85
410098,74.86,65.86,40.85
684577,74.85,65.86,40.85
242793,74.86,65.86,40.85
508643,74.85,65.86,40.85
514430,74.85,65.86,40.85
673668,74.85,65.86,40.85
258730,74.85,65.86,40.85
418437,74.85,65.86,40.85
751986,74.84,65.86,40.85
779449,74.84,65.86,40.85
525682,74.84,65.86,40.85
566525,74.84,65.86,40.85
10584,74.85,65.86,40.84
23303,74.85,65.86,40.84
70072,74.85,65.86,40.84
148814,74.85,65.86,40.84
47548,74.84,65.86,40.84
42689,74.84,65.86,40.84
54314,74.84,65.86,40.84
234949,74.84,65.86,40.84
227172,74.84,65.86,40.84
262864,74.84,65.86,40.84
58307,74.84,65.86,40.84
28067,74.83,65.86,40.84
8389,74.83,65.86,40.84
2480,74.83,65.86,40.84
54781,74.83,65.86,40.84
11444,74.83,65.86,40.84
564744,74.83,65.86,40.85
769098,74.84,65.86,40.85
710885,74.83,65.86,40.85
145796,74.83,65.86,40.84
263985,74.83,65.86,40.85
542198,74.84,65.86,40.85
242172,74.84,65.86,40.84
443437,74.83,65.86,40.85
207121,74.83,65.86,40.85
62280,74.83,65.86,40.85
462231,74.83,65.86,40.85
207802,74.83,65.86,40.85
867156,74.85,65.86,40.86
900797,74.85,65.86,40.86
890927,74.85,65.86,40.86
915336,74.85,65.86,40.86
916511,74.84,65.86,40.86
923128,74.84,65.86,40.86
927273,74.84,65.86,40.86
932436,74.84,65.86,40.86
820606,74.85,65.86,40.85
874399,74.85,65.86,40.85
716519,74.85,65.86,40.85
813577,74.85,65.86,40.85
898046,74.84,65.86,40.85
907390,74.84,65.86,40.85
855652,74.84,65.86,40.85
871095,74.84,65.86,40.85
861553,74.83,65.86,40.85
907209,74.84,65.86,40.85
895646,74.83,65.86,40.85
772366,74.83,65.86,40.85
868438,74.84,65.86,40.85
843539,74.83,65.86,40.85
802126,74.83,65.86,40.85
635528,74.83,65.86,40.85
682897,74.83,65.86,40.85
432429,74.83,65.86,40.85
915638,74.83,65.86,40.86
933096,74.84,65.86,40.86
928710,74.83,65.86,40.86
897743,74.83,65.86,40.86
923494,74.84,65.86,40.86
916950,74.83,65.86,40.86
856347,74.83,65.86,40.86
758070,74.83,65.86,40.86
899,74.82,65.86,40.84
384,74.83,65.86,40.82
573,74.83,65.87,40.82
405,74.83,65.86,40.83
518,74.83,65.86,40.83
604,74.83,65.87,40.83
582,74.83,65.86,40.83
644,74.83,65.86,40.83
696,74.83,65.87,40.83
686,74.83,65.86,40.83
678,74.82,65.86,40.84
682,74.83,65.86,40.83
674,74.82,65.87,40.83
671,74.83,65.86,40.83
661,74.83,65.86,40.83
771,74.82,65.86,40.84
641,74.82,65.86,40.84
518,74.82,65.87,40.84
557,74.82,65.86,40.84
516,74.82,65.87,40.84
578,74.82,65.86,40.84
637,74.82,65.86,40.84
597,74.82,65.86,40.84
647,74.82,65.87,40.83
568,74.82,65.87,40.84
520402,74.82,65.86,40.87
598142,74.82,65.86,40.87
659293,74.82,65.86,40.88
259198,74.82,65.86,40.88
769902,74.82,65.86,40.88
404325,74.82,65.86,40.88
632894,74.82,65.86,40.87
632522,74.82,65.86,40.87
597805,74.82,65.86,40.86
520267,74.82,65.86,40.86
611461,74.82,65.86,40.86
477935,74.82,65.86,40.86
143950,74.82,65.86,40.85
306657,74.82,65.86,40.85
1318,74.82,65.86,40.84
2719,74.82,65.86,40.84
9303,74.82,65.86,40.85
44348,74.82,65.86,40.85
68,74.81,65.87,40.87
90,74.81,65.87,40.87
117933,74.82,65.86,40.87
166481,74.82,65.86,40.87
7721,74.82,65.86,40.87
235,74.81,65.87,40.87
13506,74.82,65.86,40.87
539,74.81,65.87,40.87
18498,74.82,65.86,40.88
62670,74.82,65.86,40.88
48,74.81,65.87,40.88
774,74.82,65.86,40.88
3130,74.82,65.86,40.88
103,74.81,65.87,40.88
181,74.81,65.87,40.86
168,74.81,65.87,40.86
111,74.81,65.87,40.87
137,74.81,65.87,40.87
123362,74.82,65.86,40.86
169034,74.82,65.86,40.86
13830,74.82,65.86,40.86
689,74.81,65.87,40.86
18925,74.82,65.86,40.86
939,74.81,65.87,40.86
191311,74.82,65.86,40.87
192021,74.82,65.86,40.87
18769,74.82,65.86,40.87
20986,74.82,65.86,40.87
811,74.81,65.87,40.87
944,74.81,65.87,40.87
141990,74.82,65.86,40.86
233837,74.82,65.86,40.86
31776,74.82,65.86,40.86
73076,74.82,65.86,40.86
20539,74.82,65.86,40.85
66078,74.82,65.86,40.85
3325,74.82,65.86,40.85
10878,74.82,65.86,40.85
3228,74.82,65.86,40.86
221,74.81,65.87,40.86
319,74.81,65.87,40.86
7878,74.82,65.86,40.86
434,74.81,65.87,40.86
307,74.81,65.87,40.85
296,74.81,65.87,40.85
532,74.82,65.86,40.85
1092,74.82,65.86,40.85
292,74.81,65.87,40.85
713,74.82,65.86,40.84
525,74.82,65.86,40.84
990,74.82,65.86,40.84
549,74.82,65.86,40.84
463,74.82,65.86,40.84
474,74.82,65.86,40.84
437,74.81,65.87,40.84
475,74.82,65.87,40.84
2356,74.82,65.86,40.85
6080,74.82,65.86,40.85
794,74.82,65.86,40.85
1280,74.82,65.86,40.85
387,74.81,65.87,40.85
438,74.82,65.86,40.85
348,74.81,65.87,40.85
340,74.81,65.87,40.85
422,74.81,65.86,40.85
48,74.88,65.86,40.85
16,74.88,65.86,40.85
240,74.88,65.86,40.85
15,74.89,65.86,40.85
58,74.88,65.86,40.86
14,74.88,65.87,40.86
58,74.88,65.86,40.85
15,74.88,65.86,40.85
512,74.88,65.86,40.86
401,74.88,65.86,40.85
14,74.89,65.86,40.85
14,74.89,65.86,40.86
25,74.88,65.86,40.88
10,74.88,65.87,40.88
21,74.87,65.86,40.88
91,74.87,65.86,40.88
32,74.87,65.86,40.88
133,74.87,65.86,40.88
29,74.88,65.86,40.87
33,74.88,65.86,40.87
11,74.88,65.87,40.87
42,74.87,65.86,40.87
202,74.87,65.86,40.87
54,74.87,65.86,40.87
273,74.87,65.86,40.87
12,74.88,65.87,40.87
46,74.88,65.86,40.87
448,74.88,65.86,40.87
55,74.88,65.86,40.86
13,74.88,65.87,40.86
538,74.88,65.86,40.86
12,74.89,65.86,40.87
13,74.89,65.86,40.86
55,74.88,65.86,40.84
109,74.87,65.86,40.84
21,74.88,65.86,40.84
150,74.88,65.86,40.84
17,74.88,65.86,40.84
25,74.87,65.86,40.83
7,74.87,65.86,40.91
10,74.86,65.86,40.9
8,74.87,65.87,40.9
220,74.87,65.86,40.89
39,74.87,65.86,40.89
468,74.87,65.86,40.88
59,74.87,65.86,40.88
1164,74.87,65.86,40.88
116,74.87,65.86,40.88
7,74.87,65.87,40.9
9,74.86,65.86,40.9
9,74.87,65.86,40.89
10,74.86,65.86,40.9
8,74.87,65.87,40.89
9,74.87,65.86,40.89
11,74.87,65.86,40.89
16,74.87,65.86,40.89
28,74.87,65.86,40.89
28,74.87,65.86,40.89
122,74.87,65.86,40.89
7,74.87,65.86,40.91
11,74.86,65.86,40.91
6,74.86,65.87,40.91
17,74.86,65.86,40.9
9,74.86,65.86,40.9
14,74.86,65.86,40.9
18,74.85,65.86,40.9
39,74.85,65.86,40.9
7,74.86,65.86,40.91
10,74.86,65.86,40.91
6,74.86,65.86,40.91
5,74.85,65.86,40.92
7,74.85,65.86,40.91
5,74.85,65.86,40.91
6,74.85,65.86,40.91
4,74.84,65.87,40.91
11,74.85,65.86,40.91
4,74.85,65.87,40.91
12,74.85,65.86,40.91
4,74.84,65.87,40.91
22,74.85,65.86,40.9
13,74.85,65.86,40.9
102,74.85,65.86,40.9
71,74.85,65.86,40.9
18,74.84,65.86,40.9
20,74.84,65.86,40.9
149,74.84,65.86,40.9
63,74.84,65.86,40.9
7,74.84,65.86,40.91
3,74.84,65.87,40.91
4,74.84,65.86,40.9
40,74.84,65.86,40.9
9,74.86,65.86,40.9
19,74.86,65.86,40.9
30,74.86,65.86,40.9
77,74.86,65.86,40.9
90,74.86,65.86,40.9
89,74.85,65.86,40.9
333,74.86,65.86,40.9
594,74.85,65.86,40.9
18,74.86,65.86,40.89
92,74.86,65.86,40.89
233,74.86,65.86,40.89
872,74.86,65.86,40.89
1254,74.86,65.86,40.89
3614,74.85,65.86,40.89
4714,74.86,65.86,40.89
21542,74.85,65.86,40.89
812,74.86,65.86,40.89
2886,74.86,65.86,40.89
1936,74.86,65.86,40.89
12346,74.86,65.86,40.89
21707,74.86,65.86,40.89
98267,74.85,65.86,40.89
91781,74.86,65.86,40.89
277788,74.85,65.86,40.89
4362,74.86,65.86,40.88
48941,74.86,65.86,40.88
11581,74.86,65.86,40.88
128287,74.86,65.86,40.88
406484,74.86,65.86,40.88
689611,74.85,65.86,40.88
229728,74.86,65.86,40.88
508805,74.85,65.86,40.88
13517,74.85,65.86,40.89
31802,74.85,65.86,40.89
73760,74.85,65.86,40.89
154786,74.85,65.86,40.89
49345,74.84,65.86,40.89
55670,74.84,65.86,40.89
64342,74.84,65.86,40.89
239873,74.84,65.86,40.89
236431,74.84,65.86,40.89
272812,74.84,65.86,40.89
356,74.85,65.86,40.9
510,74.85,65.86,40.9
2374,74.85,65.86,40.9
4246,74.85,65.86,40.9
249,74.84,65.86,40.9
894,74.84,65.86,40.9
654,74.84,65.86,40.9
3974,74.84,65.86,40.9
7667,74.84,65.86,40.9
7163,74.84,65.86,40.9
402,74.84,65.86,40.9
5223,74.84,65.86,40.9
54620,74.84,65.86,40.89
20024,74.83,65.86,40.89
824134,74.85,65.86,40.88
875945,74.85,65.86,40.88
720377,74.85,65.86,40.88
815964,74.85,65.86,40.88
898718,74.84,65.86,40.88
907947,74.84,65.86,40.88
856507,74.84,65.86,40.88
871316,74.84,65.86,40.88
245592,74.85,65.86,40.89
415407,74.85,65.86,40.89
510691,74.85,65.86,40.89
674657,74.85,65.86,40.89
527996,74.84,65.86,40.89
568784,74.84,65.86,40.89
752790,74.84,65.86,40.89
779176,74.84,65.86,40.89
133434,74.83,65.86,40.89
255683,74.83,65.86,40.89
238273,74.84,65.86,40.89
542810,74.84,65.86,40.89
439486,74.83,65.86,40.89
561885,74.83,65.86,40.89
768550,74.84,65.86,40.89
709607,74.83,65.86,40.89
863909,74.83,65.86,40.88
908271,74.84,65.86,40.88
897481,74.83,65.86,40.88
773843,74.83,65.86,40.88
868974,74.84,65.86,40.88
844764,74.83,65.86,40.88
9,74.87,65.86,40.9
12,74.87,65.86,40.9
9,74.88,65.86,40.9
17,74.87,65.86,40.89
9,74.88,65.87,40.89
9,74.88,65.87,40.89
9,74.88,65.87,40.89
12,74.87,65.86,40.89
17,74.87,65.86,40.89
19,74.87,65.86,40.89
25,74.87,65.86,40.89
10,74.88,65.87,40.88
9,74.88,65.87,40.88
9,74.88,65.87,40.88
16,74.87,65.86,40.88
22,74.87,65.86,40.88
36,74.87,65.86,40.88
54,74.87,65.86,40.88
4,74.84,65.86,40.92
5,74.84,65.86,40.91
4,74.84,65.87,40.91
4,74.83,65.87,40.91
5,74.83,65.86,40.91
4,74.83,65.87,40.91
8,74.83,65.86,40.9
4,74.83,65.86,40.9
27,74.83,65.86,40.9
8,74.83,65.86,40.9
4,74.83,65.87,40.91
4,74.83,65.86,40.9
4,74.83,65.87,40.9
4,74.83,65.86,40.9
5,74.83,65.86,40.9
4,74.83,65.87,40.9
4,74.83,65.87,40.9
5,74.82,65.86,40.9
6,74.82,65.87,40.9
7,74.82,65.87,40.9
167,74.83,65.86,40.9
1449,74.83,65.86,40.9
25,74.83,65.86,40.9
251,74.83,65.86,40.9
3193,74.83,65.86,40.89
40675,74.83,65.86,40.89
10,74.83,65.86,40.9
7,74.82,65.87,40.9
5,74.83,65.86,40.9
52,74.83,65.86,40.9
7,74.82,65.86,40.9
9,74.83,65.86,40.9
381,74.83,65.86,40.89
4238,74.83,65.86,40.89
40,74.82,65.86,40.89
350,74.82,65.86,40.89
194745,74.83,65.86,40.89
456380,74.83,65.86,40.89
682380,74.83,65.86,40.88
803636,74.83,65.86,40.88
48588,74.83,65.86,40.89
197221,74.83,65.86,40.89
5998,74.82,65.86,40.89
67198,74.82,65.86,40.89
633470,74.83,65.86,40.88
425588,74.83,65.86,40.88
23621,74.82,65.86,40.88
230688,74.82,65.86,40.88
116419,74.82,65.86,40.88
460344,74.82,65.86,40.88
7,74.82,65.86,40.9
11,74.82,65.86,40.89
8,74.82,65.86,40.89
25,74.82,65.86,40.89
9,74.82,65.86,40.89
10,74.82,65.86,40.89
144,74.82,65.86,40.89
15,74.82,65.86,40.89
2033,74.82,65.86,40.89
99,74.82,65.86,40.89
451,74.82,65.86,40.88
3241,74.82,65.86,40.88
11,74.82,65.87,40.89
16,74.82,65.87,40.89
20,74.81,65.87,40.88
35,74.81,65.86,40.88
27,74.81,65.87,40.88
138,74.82,65.86,40.88
8,74.82,65.87,40.9
13,74.81,65.87,40.89
11,74.82,65.87,40.89
9,74.82,65.87,40.89
35,74.81,65.87,40.88
25,74.81,65.87,40.88
15,74.81,65.87,40.89
17,74.81,65.87,40.89
24,74.81,65.87,40.88
50,74.81,65.87,40.87
56,74.81,65.87,40.87
40,74.81,65.87,40.88
46,74.81,65.87,40.88
89,74.81,65.87,40.87
70,74.81,65.87,40.87
113,74.81,65.87,40.86
140,74.81,65.87,40.86
195,74.81,65.87,40.86
221,74.81,65.87,40.86
268,74.81,65.87,40.85
2953,74.87,65.86,40.88
5650,74.87,65.86,40.88
397,74.87,65.86,40.88
710,74.87,65.86,40.88
16661,74.87,65.86,40.87
9645,74.87,65.86,40.87
1164,74.87,65.86,40.87
1869,74.87,65.86,40.87
26,74.87,65.86,40.83
135,74.87,65.86,40.83
227,74.87,65.86,40.84
107,74.87,65.86,40.83
30,74.87,65.86,40.83
34,74.87,65.86,40.82
43,74.86,65.86,40.82
47,74.86,65.86,40.82
35,74.87,65.86,40.82
161,74.86,65.86,40.82
125,74.86,65.86,40.82
201,74.86,65.86,40.83
182,74.86,65.86,40.83
381,74.86,65.86,40.83
493,74.86,65.86,40.83
301,74.85,65.86,40.83
776,74.85,65.86,40.83
1140,74.86,65.86,40.84
1183,74.86,65.86,40.84
2828,74.86,65.86,40.84
2272,74.86,65.86,40.84
5796,74.86,65.86,40.84
1662,74.85,65.86,40.84
1163,74.86,65.86,40.84
5554,74.85,65.86,40.84
3377,74.86,65.86,40.84
158,74.85,65.86,40.83
127,74.84,65.86,40.83
238,74.84,65.86,40.83
11961,74.85,65.86,40.84
3681,74.85,65.86,40.84
2002,74.85,65.86,40.84
1468,74.85,65.86,40.84
9572,74.85,65.86,40.84
5973,74.85,65.86,40.84
19918,74.84,65.86,40.84
4621,74.84,65.86,40.84
1745,74.84,65.86,40.84
1502,74.84,65.86,40.84
11155,74.84,65.86,40.84
10005,74.84,65.86,40.84
17731,74.84,65.86,40.84
3107,74.84,65.86,40.84
457,74.85,65.86,40.83
1395,74.85,65.86,40.83
176,74.85,65.86,40.83
181,74.85,65.86,40.83
678,74.85,65.86,40.83
590,74.85,65.86,40.83
260,74.84,65.86,40.83
1246,74.84,65.86,40.83
121,74.84,65.86,40.83
71,74.84,65.86,40.83
439,74.84,65.86,40.83
394,74.84,65.86,40.83
219,74.84,65.86,40.83
675,74.84,65.86,40.83
395,74.83,65.86,40.83
503,74.83,65.86,40.83
616,74.83,65.86,40.83
632,74.83,65.86,40.83
770,74.83,65.86,40.83
721,74.83,65.86,40.83
9362,74.83,65.86,40.84
1388,74.83,65.86,40.84
4728,74.83,65.86,40.84
1512,74.83,65.86,40.84
883,74.83,65.86,40.84
855,74.83,65.86,40.84
1301,74.83,65.86,40.84
1831,74.83,65.86,40.84
1059,74.82,65.86,40.84
1716,74.82,65.86,40.84
101,74.85,65.86,40.82
91,74.84,65.86,40.82
53,74.85,65.86,40.82
73,74.84,65.86,40.82
51,74.86,65.86,40.81
51,74.85,65.86,40.82
211,74.84,65.86,40.82
224,74.84,65.86,40.82
5239,74.87,65.86,40.85
18732,74.87,65.86,40.85
31623,74.87,65.86,40.85
8334,74.87,65.86,40.86
86502,74.87,65.86,40.86
52935,74.87,65.86,40.86
996,74.87,65.86,40.84
2478,74.87,65.86,40.85
6393,74.87,65.86,40.85
11197,74.87,65.86,40.85
8988,74.87,65.86,40.87
9987,74.87,65.86,40.86
20612,74.87,65.86,40.88
47331,74.87,65.86,40.88
210927,74.86,65.86,40.87
624465,74.86,65.86,40.87
668967,74.86,65.86,40.87
104560,74.86,65.85,40.88
163455,74.86,65.85,40.88
440221,74.86,65.86,40.88
155876,74.86,65.86,40.88
550121,74.86,65.86,40.88
235754,74.86,65.86,40.88
253861,74.86,65.86,40.87
687469,74.86,65.86,40.87
686865,74.86,65.86,40.87
222134,74.86,65.86,40.86
622645,74.86,65.86,40.86
666723,74.86,65.86,40.86
758571,74.86,65.86,40.86
730042,74.86,65.86,40.86
822763,74.86,65.86,40.86
802035,74.86,65.86,40.86
771544,74.86,65.86,40.87
770876,74.86,65.86,40.87
831111,74.86,65.86,40.87
831774,74.86,65.86,40.87
884571,74.85,65.86,40.87
884831,74.85,65.86,40.87
913077,74.85,65.86,40.87
929604,74.85,65.86,40.87
913237,74.85,65.86,40.87
929650,74.85,65.86,40.87
937952,74.84,65.86,40.87
941893,74.84,65.86,40.87
937926,74.84,65.86,40.87
941842,74.84,65.86,40.87
942797,74.84,65.86,40.87
940543,74.83,65.86,40.87
942688,74.84,65.86,40.87
940397,74.83,65.86,40.87
858293,74.82,65.86,40.87
933226,74.83,65.86,40.87
914484,74.83,65.86,40.87
858110,74.82,65.86,40.87
933037,74.83,65.86,40.87
914273,74.83,65.86,40.87
870268,74.85,65.86,40.86
880448,74.85,65.86,40.86
903063,74.85,65.86,40.86
923120,74.85,65.86,40.86
910057,74.85,65.86,40.86
927650,74.85,65.86,40.86
933019,74.84,65.86,40.86
937462,74.84,65.86,40.86
936473,74.84,65.86,40.86
940483,74.84,65.86,40.86
847456,74.82,65.86,40.86
909925,74.83,65.86,40.86
819210,74.83,65.86,40.86
821799,74.82,65.86,40.86
883045,74.83,65.86,40.86
899779,74.83,65.86,40.86
925191,74.83,65.86,40.86
938188,74.84,65.86,40.86
935032,74.83,65.86,40.86
930692,74.83,65.86,40.86
941354,74.84,65.86,40.86
938797,74.83,65.86,40.86
684787,74.86,65.86,40.88
600643,74.86,65.86,40.88
769210,74.86,65.86,40.88
699414,74.86,65.86,40.88
733136,74.86,65.86,40.87
760902,74.86,65.86,40.87
824545,74.86,65.86,40.87
804851,74.86,65.86,40.87
871518,74.85,65.86,40.87
881206,74.85,65.86,40.87
903688,74.85,65.86,40.87
923198,74.85,65.86,40.87
910463,74.85,65.86,40.87
927717,74.85,65.86,40.87
933023,74.84,65.86,40.87
937621,74.84,65.86,40.87
936483,74.84,65.86,40.87
940585,74.84,65.86,40.87
822576,74.82,65.86,40.87
900872,74.83,65.86,40.87
847964,74.82,65.86,40.87
910579,74.83,65.86,40.87
926183,74.83,65.86,40.87
938614,74.84,65.86,40.87
935749,74.83,65.86,40.87
931256,74.83,65.86,40.87
941603,74.84,65.86,40.87
939205,74.83,65.86,40.87
822104,74.85,65.86,40.88
855633,74.85,65.86,40.88
868991,74.85,65.86,40.88
901390,74.85,65.86,40.88
891893,74.85,65.86,40.88
915495,74.85,65.86,40.88
820017,74.83,65.86,40.88
758508,74.83,65.86,40.88
916745,74.84,65.86,40.88
923493,74.84,65.86,40.88
927293,74.84,65.86,40.88
932641,74.84,65.86,40.88
884503,74.83,65.86,40.88
858079,74.83,65.86,40.88
917136,74.83,65.86,40.88
933708,74.84,65.86,40.88
929803,74.83,65.86,40.88
899776,74.83,65.86,40.88
924367,74.84,65.86,40.88
918475,74.83,65.86,40.88
17188,74.86,65.85,40.85
29882,74.86,65.85,40.85
91254,74.86,65.86,40.85
28954,74.86,65.86,40.85
36616,74.86,65.86,40.85
14897,74.86,65.86,40.85
197429,74.86,65.86,40.85
94370,74.86,65.86,40.85
442017,74.85,65.86,40.85
236761,74.86,65.86,40.85
231308,74.85,65.86,40.85
100108,74.86,65.86,40.85
4040,74.86,65.86,40.84
6082,74.86,65.86,40.84
14471,74.86,65.86,40.84
36508,74.86,65.86,40.84
14660,74.86,65.86,40.84
19067,74.85,65.86,40.84
9181,74.86,65.86,40.84
73801,74.85,65.86,40.84
29708,74.86,65.86,40.84
194230,74.86,65.85,40.86
140205,74.86,65.85,40.86
444045,74.86,65.86,40.86
181020,74.86,65.86,40.86
549656,74.86,65.86,40.86
253653,74.86,65.86,40.86
681164,74.86,65.86,40.86
598584,74.86,65.86,40.86
853839,74.85,65.86,40.86
765578,74.86,65.86,40.86
819425,74.85,65.86,40.86
695496,74.86,65.86,40.86
90129,74.86,65.85,40.85
53401,74.86,65.85,40.85
187541,74.86,65.86,40.85
58667,74.86,65.86,40.85
313186,74.86,65.86,40.85
110346,74.86,65.86,40.85
480730,74.86,65.86,40.85
335955,74.86,65.86,40.85
759397,74.85,65.86,40.85
579749,74.86,65.86,40.85
636209,74.85,65.86,40.85
414672,74.86,65.86,40.85
558130,74.85,65.86,40.85
352795,74.85,65.86,40.85
715123,74.85,65.86,40.85
615577,74.85,65.86,40.85
506319,74.85,65.86,40.85
388246,74.85,65.86,40.85
734796,74.84,65.86,40.85
554352,74.84,65.86,40.85
764392,74.84,65.86,40.85
758053,74.84,65.86,40.85
572931,74.84,65.86,40.85
567466,74.84,65.86,40.85
153767,74.85,65.86,40.84
46009,74.85,65.86,40.84
57623,74.85,65.86,40.84
31544,74.85,65.86,40.84
241651,74.85,65.86,40.84
152376,74.85,65.86,40.84
318367,74.84,65.86,40.84
104652,74.84,65.86,40.84
81146,74.84,65.86,40.84
77427,74.84,65.86,40.84
300895,74.84,65.86,40.84
299018,74.84,65.86,40.84
316557,74.84,65.86,40.84
101605,74.84,65.86,40.84
65484,74.83,65.86,40.84
28258,74.83,65.86,40.84
129134,74.83,65.86,40.84
9004,74.83,65.86,40.84
3405,74.82,65.86,40.84
44213,74.83,65.86,40.84
10067,74.82,65.86,40.84
741419,74.84,65.86,40.85
559774,74.84,65.86,40.85
644392,74.83,65.86,40.85
731745,74.84,65.86,40.85
239273,74.83,65.86,40.84
398423,74.83,65.86,40.85
519479,74.84,65.86,40.85
568320,74.83,65.86,40.85
340814,74.83,65.86,40.85
156287,74.83,65.86,40.85
41244,74.82,65.86,40.85
361089,74.83,65.86,40.85
137765,74.82,65.86,40.85
862342,74.85,65.86,40.86
835524,74.85,65.86,40.86
895153,74.85,65.86,40.86
871258,74.85,65.86,40.86
909385,74.85,65.86,40.86
891478,74.85,65.86,40.86
901318,74.84,65.86,40.86
887150,74.84,65.86,40.86
909801,74.84,65.86,40.86
906393,74.84,65.86,40.86
921084,74.84,65.86,40.86
918199,74.84,65.86,40.86
795973,74.85,65.86,40.85
704305,74.85,65.86,40.85
873505,74.85,65.86,40.85
838435,74.85,65.86,40.85
820469,74.85,65.86,40.85
762280,74.85,65.86,40.85
867972,74.84,65.86,40.85
817915,74.84,65.86,40.85
893327,74.84,65.86,40.85
889016,74.84,65.86,40.85
851177,74.84,65.86,40.85
845919,74.84,65.86,40.85
875253,74.84,65.86,40.85
825726,74.84,65.86,40.85
863250,74.83,65.86,40.85
886579,74.84,65.86,40.85
793009,74.83,65.86,40.85
836397,74.84,65.86,40.85
818319,74.83,65.86,40.85
731715,74.83,65.86,40.85
722073,74.83,65.86,40.85
488980,74.82,65.86,40.85
575990,74.83,65.86,40.85
303886,74.82,65.86,40.85
906777,74.84,65.86,40.86
893365,74.84,65.86,40.86
908514,74.83,65.86,40.86
918448,74.84,65.86,40.86
891626,74.83,65.86,40.86
905682,74.84,65.86,40.86
880571,74.83,65.86,40.86
858062,74.83,65.86,40.86
725338,74.82,65.86,40.86
798770,74.83,65.86,40.86
633683,74.82,65.86,40.86
513,74.83,65.86,40.82
1229,74.82,65.86,40.84
543,74.83,65.86,40.82
709,74.83,65.86,40.82
590,74.83,65.86,40.83
778,74.82,65.86,40.82
679,74.83,65.86,40.83
740,74.82,65.87,40.83
781,74.82,65.86,40.83
941,74.82,65.86,40.84
568,74.81,65.87,40.84
802,74.82,65.86,40.84
628,74.82,65.86,40.84
577,74.82,65.86,40.84
536,74.81,65.87,40.84
562,74.81,65.87,40.84
638,74.82,65.86,40.84
697,74.82,65.86,40.83
741,74.82,65.86,40.84
652,74.82,65.87,40.83
696062,74.82,65.86,40.87
318446,74.82,65.86,40.87
740284,74.82,65.86,40.87
388159,74.82,65.86,40.87
475407,74.82,65.86,40.88
131606,74.82,65.86,40.88
611442,74.82,65.86,40.88
227695,74.82,65.86,40.88
759525,74.82,65.86,40.87
422362,74.82,65.86,40.87
759373,74.82,65.86,40.87
422391,74.82,65.86,40.87
740061,74.82,65.86,40.86
389078,74.82,65.86,40.86
695959,74.82,65.86,40.86
321372,74.82,65.86,40.86
433504,74.82,65.86,40.86
317153,74.82,65.86,40.86
84190,74.82,65.86,40.85
190235,74.82,65.86,40.85
1889,74.82,65.86,40.84
3664,74.82,65.86,40.84
8177,74.82,65.86,40.85
26717,74.82,65.86,40.85
56,74.81,65.87,40.87
68,74.81,65.87,40.87
39,74.81,65.87,40.88
44,74.81,65.87,40.88
42672,74.81,65.86,40.87
68027,74.81,65.86,40.87
2391,74.81,65.86,40.87
120,74.81,65.86,40.87
4568,74.81,65.86,40.87
214,74.81,65.86,40.87
4738,74.81,65.86,40.88
18353,74.81,65.86,40.88
36,74.81,65.86,40.88
237,74.81,65.86,40.88
890,74.81,65.86,40.88
61,74.81,65.86,40.88
163,74.81,65.87,40.86
132,74.81,65.87,40.86
84,74.81,65.87,40.87
104,74.81,65.87,40.87
53486,74.81,65.86,40.86
73665,74.81,65.86,40.86
5596,74.81,65.86,40.86
373,74.81,65.86,40.86
7317,74.81,65.86,40.86
422,74.81,65.86,40.86
82550,74.81,65.86,40.87
84149,74.81,65.86,40.87
6590,74.81,65.86,40.87
7668,74.81,65.86,40.87
312,74.81,65.86,40.87
390,74.81,65.86,40.87
221,74.81,65.87,40.86
196,74.81,65.87,40.86
72868,74.82,65.86,40.86
127502,74.82,65.86,40.86
14237,74.81,65.86,40.86
31583,74.81,65.86,40.86
13315,74.82,65.86,40.85
34108,74.82,65.86,40.85
2546,74.81,65.86,40.85
6006,74.81,65.86,40.85
1601,74.81,65.86,40.86
269,74.81,65.86,40.86
3407,74.81,65.86,40.86
319,74.81,65.86,40.86
301,74.81,65.87,40.85
305,74.81,65.86,40.85
551,74.81,65.86,40.85
841,74.81,65.86,40.85
284,74.81,65.86,40.85
967,74.82,65.86,40.84
621,74.82,65.86,40.84
1354,74.82,65.86,40.84
686,74.82,65.86,40.84
514,74.82,65.86,40.84
534,74.82,65.86,40.84
445,74.81,65.87,40.84
482,74.81,65.87,40.84
3012,74.82,65.86,40.85
5905,74.82,65.86,40.85
978,74.81,65.86,40.85
1441,74.81,65.86,40.85
390,74.81,65.86,40.85
383,74.81,65.87,40.85
475,74.81,65.86,40.85
347,74.81,65.87,40.85
352,74.81,65.86,40.85
488,74.81,65.86,40.85
16,74.89,65.86,40.85
65,74.88,65.86,40.85
361,74.88,65.86,40.85
57,74.89,65.86,40.85
15,74.89,65.86,40.85
89,74.88,65.86,40.86
78,74.88,65.86,40.85
662,74.88,65.86,40.86
524,74.88,65.86,40.85
59,74.89,65.86,40.85
14,74.89,65.86,40.85
58,74.89,65.86,40.86
14,74.89,65.86,40.86
31,74.88,65.86,40.88
10,74.88,65.87,40.88
165,74.88,65.86,40.88
37,74.88,65.86,40.87
11,74.88,65.87,40.87
300,74.88,65.86,40.87
11,74.89,65.86,40.88
12,74.89,65.86,40.87
88,74.88,65.86,40.87
627,74.88,65.86,40.87
96,74.88,65.86,40.86
705,74.88,65.86,40.86
76,74.89,65.86,40.87
66,74.89,65.86,40.86
12,74.89,65.86,40.87
13,74.89,65.86,40.86
29,74.88,65.86,40.83
32,74.88,65.86,40.82
61,74.88,65.86,40.84
111,74.87,65.86,40.83
21,74.88,65.86,40.84
103,74.87,65.86,40.84
241,74.88,65.86,40.84
17,74.89,65.86,40.84
20,74.88,65.86,40.84
26,74.88,65.86,40.83
17,74.89,65.86,40.84
8,74.87,65.86,40.91
13,74.87,65.86,40.91
9,74.87,65.86,40.91
9,74.87,65.86,40.9
14,74.87,65.86,40.9
36,74.87,65.86,40.89
179,74.87,65.86,40.89
330,74.87,65.86,40.89
62,74.87,65.86,40.89
718,74.87,65.86,40.88
99,74.87,65.86,40.88
1393,74.87,65.86,40.88
203,74.87,65.86,40.88
18,74.87,65.86,40.9
49,74.87,65.86,40.89
8,74.87,65.86,40.92
8,74.86,65.86,40.92
6,74.86,65.86,40.92
5,74.85,65.86,40.92
914,74.87,65.86,40.89
2248,74.87,65.86,40.89
4621,74.87,65.86,40.88
9846,74.87,65.86,40.88
8,74.87,65.86,40.92
8,74.87,65.86,40.91
17,74.86,65.86,40.91
19,74.86,65.86,40.91
31,74.86,65.86,40.9
104,74.86,65.86,40.9
21,74.85,65.86,40.9
175,74.85,65.86,40.9
6,74.85,65.86,40.92
17,74.86,65.86,40.91
12,74.86,65.86,40.91
9,74.85,65.86,40.92
5,74.85,65.86,40.92
9,74.85,65.86,40.91
7,74.84,65.86,40.91
27,74.85,65.86,40.91
25,74.84,65.86,40.91
126,74.85,65.86,40.9
780,74.85,65.86,40.9
7,74.85,65.86,40.9
76,74.85,65.86,40.9
341,74.85,65.86,40.9
553,74.85,65.86,40.9
154,74.84,65.86,40.9
1219,74.84,65.86,40.9
84,74.84,65.86,40.9
175,74.84,65.86,40.9
723,74.84,65.86,40.9
234,74.84,65.86,40.9
8,74.84,65.86,40.91
11,74.83,65.86,40.9
103,74.83,65.86,40.9
105,74.86,65.86,40.9
94,74.86,65.86,40.9
456,74.86,65.86,40.9
555,74.86,65.86,40.9
2726,74.86,65.86,40.9
532,74.85,65.86,40.9
432,74.86,65.86,40.9
3819,74.85,65.86,40.9
2236,74.86,65.86,40.9
835,74.86,65.86,40.89
1506,74.86,65.86,40.89
6128,74.86,65.86,40.89
10503,74.86,65.86,40.89
27975,74.86,65.86,40.89
16311,74.85,65.86,40.89
9157,74.86,65.86,40.89
71026,74.85,65.86,40.89
25891,74.86,65.86,40.89
5868,74.86,65.85,40.89
14217,74.86,65.85,40.89
18734,74.86,65.86,40.89
5807,74.86,65.86,40.89
68874,74.86,65.86,40.89
14190,74.86,65.86,40.89
74543,74.86,65.86,40.89
176516,74.86,65.86,40.89
214182,74.85,65.86,40.89
84238,74.86,65.86,40.89
433998,74.85,65.86,40.89
219300,74.86,65.86,40.89
27314,74.86,65.85,40.88
58937,74.86,65.85,40.88
167879,74.86,65.86,40.88
33489,74.86,65.86,40.88
301654,74.86,65.86,40.88
81862,74.86,65.86,40.88
477416,74.86,65.86,40.88
323588,74.86,65.86,40.88
763311,74.85,65.86,40.88
581566,74.86,65.86,40.88
637660,74.85,65.86,40.88
408804,74.86,65.86,40.88
51508,74.85,65.86,40.89
148562,74.85,65.86,40.89
69655,74.85,65.86,40.89
43406,74.85,65.86,40.89
243920,74.85,65.86,40.89
152792,74.85,65.86,40.89
118191,74.84,65.86,40.89
317217,74.84,65.86,40.89
86256,74.84,65.86,40.89
93796,74.84,65.86,40.89
303423,74.84,65.86,40.89
302610,74.84,65.86,40.89
312130,74.84,65.86,40.89
99659,74.84,65.86,40.89
3771,74.85,65.86,40.9
14381,74.85,65.86,40.9
2041,74.85,65.86,40.9
2549,74.85,65.86,40.9
12721,74.85,65.86,40.9
10807,74.85,65.86,40.9
7550,74.84,65.86,40.9
29493,74.84,65.86,40.9
1226,74.84,65.86,40.9
4127,74.84,65.86,40.9
11274,74.84,65.86,40.9
19420,74.84,65.86,40.9
1804,74.84,65.86,40.9
15357,74.84,65.86,40.9
700,74.83,65.86,40.9
6741,74.83,65.86,40.9
56766,74.83,65.86,40.89
17945,74.83,65.86,40.89
112078,74.83,65.86,40.89
798554,74.85,65.86,40.88
705239,74.85,65.86,40.88
874403,74.85,65.86,40.88
840537,74.85,65.86,40.88
821257,74.85,65.86,40.88
764288,74.85,65.86,40.88
868362,74.84,65.86,40.88
817646,74.84,65.86,40.88
893984,74.84,65.86,40.88
889426,74.84,65.86,40.88
851000,74.84,65.86,40.88
845843,74.84,65.86,40.88
553122,74.85,65.86,40.89
339516,74.85,65.86,40.89
504383,74.85,65.86,40.89
379232,74.85,65.86,40.89
714752,74.85,65.86,40.89
613634,74.85,65.86,40.89
732813,74.84,65.86,40.89
550841,74.84,65.86,40.89
571045,74.84,65.86,40.89
566246,74.84,65.86,40.89
762669,74.84,65.86,40.89
756904,74.84,65.86,40.89
227957,74.83,65.86,40.89
738384,74.84,65.86,40.89
554283,74.84,65.86,40.89
389265,74.83,65.86,40.89
514602,74.84,65.86,40.89
640761,74.83,65.86,40.89
729636,74.84,65.86,40.89
328064,74.83,65.86,40.89
561933,74.83,65.86,40.89
875788,74.84,65.86,40.88
824993,74.84,65.86,40.88
864998,74.83,65.86,40.88
887734,74.84,65.86,40.88
793371,74.83,65.86,40.88
836503,74.84,65.86,40.88
819326,74.83,65.86,40.88
730580,74.83,65.86,40.88
9,74.88,65.86,40.91
9,74.88,65.86,40.91
17,74.87,65.86,40.9
9,74.88,65.86,40.9
9,74.88,65.86,40.9
19,74.87,65.86,40.9
22,74.87,65.86,40.89
9,74.88,65.86,40.9
9,74.88,65.86,40.89
23,74.88,65.86,40.89
10,74.88,65.86,40.89
37,74.88,65.86,40.89
25,74.88,65.86,40.88
10,74.88,65.87,40.88
74,74.88,65.86,40.88
10,74.89,65.86,40.89
11,74.89,65.86,40.88
4,74.84,65.86,40.92
6,74.84,65.86,40.92
4,74.84,65.86,40.92
4,74.84,65.86,40.92
5,74.84,65.86,40.91
4,74.83,65.86,40.91
4,74.83,65.87,40.91
5,74.82,65.86,40.91
6,74.83,65.86,40.91
15,74.83,65.86,40.9
2,74.83,65.86,40.9
66,74.83,65.86,40.9
21,74.83,65.86,40.9
5,74.83,65.86,40.91
5,74.82,65.87,40.91
4,74.82,65.87,40.9
5,74.83,65.86,40.9
6,74.83,65.86,40.9
5,74.83,65.86,40.9
7,74.83,65.86,40.9
7,74.82,65.86,40.9
6,74.82,65.86,40.9
6,74.82,65.87,40.9
8,74.82,65.87,40.9
445,74.83,65.86,40.9
1915,74.83,65.86,40.9
68,74.83,65.86,40.9
390,74.83,65.86,40.9
3189,74.83,65.86,40.89
29265,74.83,65.86,40.89
10,74.83,65.86,40.9
6,74.82,65.86,40.9
7,74.82,65.86,40.9
116,74.83,65.86,40.9
8,74.82,65.86,40.9
14,74.82,65.86,40.9
482,74.82,65.86,40.89
2783,74.82,65.86,40.89
50,74.82,65.86,40.89
236,74.82,65.86,40.89
140046,74.83,65.86,40.89
350957,74.83,65.86,40.89
571808,74.83,65.86,40.88
721515,74.83,65.86,40.88
25582,74.82,65.86,40.89
122124,74.82,65.86,40.89
2354,74.82,65.86,40.89
29967,74.82,65.86,40.89
482376,74.82,65.86,40.88
291255,74.82,65.86,40.88
8188,74.82,65.86,40.88
128259,74.82,65.86,40.88
50979,74.82,65.86,40.88
295960,74.82,65.86,40.88
8,74.82,65.86,40.9
9,74.82,65.86,40.89
14,74.82,65.86,40.89
9,74.82,65.86,40.89
30,74.82,65.86,40.89
10,74.82,65.86,40.89
12,74.82,65.86,40.89
10,74.82,65.86,40.89
116,74.82,65.86,40.89
17,74.82,65.86,40.89
837,74.82,65.86,40.89
63,74.82,65.86,40.89
234,74.81,65.86,40.88
1101,74.81,65.86,40.88
15,74.81,65.86,40.89
17,74.81,65.87,40.89
14,74.82,65.86,40.89
18,74.81,65.86,40.89
23,74.81,65.86,40.88
36,74.81,65.86,40.88
27,74.81,65.86,40.88
72,74.81,65.86,40.88
10,74.82,65.87,40.89
9,74.81,65.87,40.9
12,74.81,65.87,40.89
11,74.82,65.87,40.89
31,74.81,65.87,40.88
17,74.81,65.87,40.89
20,74.81,65.87,40.89
28,74.81,65.87,40.88
54,74.81,65.87,40.87
65,74.81,65.87,40.87
44,74.81,65.87,40.88
51,74.81,65.87,40.88
102,74.81,65.87,40.87
82,74.81,65.87,40.87
127,74.81,65.87,40.86
153,74.81,65.87,40.86
203,74.81,65.87,40.86
233,74.81,65.87,40.86
275,74.81,65.87,40.85
302,74.81,65.87,40.85
2927,74.87,65.86,40.88
6046,74.87,65.86,40.87
240,74.87,65.86,40.83
441,74.87,65.86,40.84
200,74.87,65.85,40.83
33,74.88,65.86,40.82
166,74.87,65.85,40.82
43,74.87,65.86,40.82
159,74.86,65.85,40.82
46,74.86,65.86,40.82
119,74.86,65.86,40.82
815,74.87,65.85,40.83
2034,74.87,65.85,40.84
297,74.87,65.85,40.82
447,74.87,65.85,40.83
283,74.86,65.85,40.82
225,74.85,65.85,40.82
483,74.86,65.85,40.83
466,74.85,65.85,40.83
1269,74.86,65.85,40.83
1814,74.85,65.85,40.83
5153,74.86,65.85,40.84
11858,74.85,65.85,40.84
370,74.85,65.85,40.83
283,74.84,65.85,40.83
439,74.83,65.86,40.83
22592,74.85,65.85,40.84
29723,74.84,65.85,40.84
23780,74.84,65.86,40.84
4398,74.84,65.86,40.84
2188,74.85,65.85,40.83
2098,74.84,65.85,40.83
303,74.84,65.86,40.83
1011,74.84,65.86,40.83
1732,74.83,65.85,40.83
491,74.83,65.85,40.83
467,74.83,65.86,40.83
924,74.83,65.86,40.83
1086,74.83,65.86,40.83
6664,74.83,65.85,40.84
29882,74.83,65.85,40.84
12245,74.83,65.86,40.84
2337,74.83,65.86,40.84
4351,74.83,65.86,40.84
1371,74.82,65.86,40.84
2474,74.82,65.86,40.84
46,74.87,65.86,40.81
51,74.86,65.86,40.81
162,74.85,65.85,40.82
98,74.85,65.86,40.82
149,74.84,65.85,40.82
99,74.84,65.86,40.82
107,74.86,65.85,40.81
175,74.85,65.85,40.82
58,74.85,65.86,40.82
65,74.85,65.86,40.82
109,74.84,65.86,40.82
57,74.85,65.86,40.81
320,74.83,65.86,40.81
230,74.84,65.86,40.82
343,74.83,65.86,40.82
390,74.83,65.86,40.82
4605,74.87,65.85,40.85
41276,74.87,65.85,40.85
6697,74.87,65.85,40.86
83586,74.87,65.85,40.86
1342,74.87,65.85,40.84
6036,74.87,65.85,40.84
2602,74.87,65.85,40.85
17058,74.87,65.85,40.85
6809,74.87,65.85,40.87
136606,74.87,65.85,40.87
7643,74.87,65.85,40.86
124462,74.87,65.85,40.86
45946,74.87,65.85,40.88
103781,74.87,65.85,40.87
530409,74.86,65.85,40.87
410665,74.86,65.85,40.88
569621,74.86,65.85,40.87
532715,74.86,65.85,40.86
820276,74.85,65.85,40.86
833793,74.85,65.85,40.87
886258,74.85,65.86,40.87
886442,74.85,65.86,40.87
923256,74.85,65.86,40.87
910384,74.85,65.86,40.87
923315,74.85,65.86,40.87
910512,74.85,65.86,40.87
915366,74.84,65.86,40.87
915288,74.84,65.86,40.87
932516,74.84,65.86,40.87
929994,74.84,65.86,40.87
932398,74.84,65.86,40.87
929901,74.84,65.86,40.87
920216,74.84,65.86,40.87
920338,74.84,65.86,40.87
925604,74.83,65.86,40.87
931206,74.84,65.86,40.87
925422,74.83,65.86,40.87
931064,74.84,65.86,40.87
904014,74.83,65.86,40.87
904198,74.83,65.86,40.87
809267,74.82,65.86,40.87
809187,74.82,65.86,40.87
872951,74.83,65.86,40.87
909971,74.83,65.86,40.87
872791,74.83,65.86,40.87
909774,74.83,65.86,40.87
874420,74.85,65.86,40.86
882989,74.85,65.86,40.86
916586,74.85,65.86,40.86
901312,74.85,65.86,40.86
921328,74.85,65.86,40.86
907811,74.85,65.86,40.86
913271,74.84,65.86,40.86
908359,74.84,65.86,40.86
926786,74.84,65.86,40.86
924155,74.84,65.86,40.86
930715,74.84,65.86,40.86
928217,74.84,65.86,40.86
798002,74.82,65.86,40.86
773677,74.82,65.86,40.86
865863,74.83,65.86,40.86
906114,74.83,65.86,40.86
837937,74.83,65.86,40.86
849204,74.83,65.86,40.86
897452,74.83,65.86,40.86
918135,74.84,65.86,40.86
913448,74.84,65.86,40.86
900846,74.83,65.86,40.86
892915,74.83,65.86,40.86
917342,74.83,65.86,40.86
924851,74.84,65.86,40.86
923124,74.83,65.86,40.86
929203,74.84,65.86,40.86
770370,74.85,65.85,40.88
821790,74.85,65.85,40.87
875291,74.85,65.86,40.87
883498,74.85,65.86,40.87
916728,74.85,65.86,40.87
901763,74.85,65.86,40.87
921405,74.85,65.86,40.87
908063,74.85,65.86,40.87
908546,74.84,65.86,40.87
913398,74.84,65.86,40.87
927242,74.84,65.86,40.87
924371,74.84,65.86,40.87
931018,74.84,65.86,40.87
928376,74.84,65.86,40.87
798109,74.82,65.86,40.87
773638,74.82,65.86,40.87
849946,74.83,65.86,40.87
898485,74.83,65.86,40.87
866360,74.83,65.86,40.87
906733,74.83,65.86,40.87
914023,74.84,65.86,40.87
918527,74.84,65.86,40.87
901406,74.83,65.86,40.87
893832,74.83,65.86,40.87
918262,74.83,65.86,40.87
925543,74.84,65.86,40.87
923668,74.83,65.86,40.87
929629,74.84,65.86,40.87
724977,74.82,65.86,40.88
631895,74.82,65.86,40.88
837282,74.85,65.86,40.88
863561,74.85,65.86,40.88
895591,74.85,65.86,40.88
872435,74.85,65.86,40.88
909561,74.85,65.86,40.88
892118,74.85,65.86,40.88
838831,74.83,65.86,40.88
799398,74.83,65.86,40.88
887435,74.84,65.86,40.88
901482,74.84,65.86,40.88
910437,74.84,65.86,40.88
906682,74.84,65.86,40.88
921623,74.84,65.86,40.88
918373,74.84,65.86,40.88
894051,74.84,65.86,40.88
907457,74.84,65.86,40.88
881825,74.83,65.86,40.88
859396,74.83,65.86,40.88
909846,74.83,65.86,40.88
919378,74.84,65.86,40.88
893274,74.83,65.86,40.88
906812,74.84,65.86,40.88
95450,74.86,65.85,40.85
331727,74.85,65.85,40.85
23951,74.86,65.85,40.84
87539,74.85,65.85,40.84
419157,74.86,65.85,40.86
767943,74.85,65.85,40.86
243936,74.86,65.85,40.85
619065,74.85,65.85,40.85
578400,74.85,65.85,40.85
656845,74.84,65.85,40.85
204094,74.85,65.85,40.84
267130,74.84,65.85,40.84
313432,74.84,65.86,40.84
116239,74.84,65.86,40.84
122167,74.83,65.85,40.84
296300,74.83,65.85,40.84
222083,74.83,65.86,40.84
67861,74.83,65.86,40.84
29973,74.83,65.86,40.84
109123,74.83,65.86,40.84
30421,74.83,65.85,40.84
92574,74.83,65.85,40.84
5415,74.82,65.86,40.84
10234,74.82,65.86,40.84
11910,74.82,65.86,40.84
35986,74.82,65.86,40.84
577090,74.83,65.86,40.85
486876,74.83,65.86,40.85
283513,74.83,65.86,40.85
404230,74.83,65.85,40.85
227950,74.83,65.85,40.85
30891,74.82,65.86,40.85
116035,74.82,65.86,40.85
89442,74.82,65.86,40.85
271475,74.82,65.86,40.85
863720,74.85,65.85,40.86
886134,74.84,65.85,40.86
795917,74.85,65.85,40.85
835860,74.84,65.85,40.85
807368,74.83,65.86,40.85
763530,74.83,65.86,40.85
658736,74.83,65.86,40.85
694189,74.83,65.85,40.85
572117,74.83,65.85,40.85
350683,74.82,65.86,40.85
618377,74.82,65.86,40.85
206071,74.82,65.86,40.85
459549,74.82,65.86,40.85
874557,74.83,65.86,40.86
846114,74.83,65.86,40.86
815209,74.83,65.86,40.86
798810,74.83,65.85,40.86
758389,74.83,65.85,40.86
775422,74.82,65.86,40.86
593121,74.82,65.86,40.86
489088,74.82,65.86,40.86
716731,74.82,65.86,40.86
625,74.83,65.86,40.81
501,74.83,65.86,40.82
678,74.83,65.86,40.82
1694,74.82,65.86,40.84
3070,74.82,65.86,40.84
1158,74.82,65.86,40.84
1661,74.82,65.86,40.84
717,74.83,65.86,40.82
745,74.83,65.86,40.83
791,74.82,65.86,40.82
803,74.82,65.86,40.82
733,74.82,65.87,40.83
776,74.82,65.86,40.83
1004,74.82,65.86,40.83
881,74.82,65.86,40.84
701,74.81,65.86,40.84
1009,74.82,65.86,40.84
742,74.81,65.86,40.84
665,74.81,65.86,40.84
646,74.81,65.86,40.84
569,74.81,65.87,40.84
639,74.81,65.87,40.83
719,74.82,65.87,40.83
657,74.81,65.87,40.83
786,74.82,65.86,40.83
522995,74.82,65.86,40.87
175333,74.82,65.86,40.87
582040,74.82,65.86,40.87
224005,74.82,65.86,40.87
310069,74.82,65.86,40.88
57764,74.82,65.86,40.88
430334,74.82,65.86,40.88
115571,74.82,65.86,40.88
609803,74.82,65.86,40.87
249717,74.82,65.86,40.87
609794,74.82,65.86,40.87
250720,74.82,65.86,40.87
582449,74.82,65.86,40.86
227660,74.82,65.86,40.86
524420,74.82,65.86,40.86
183140,74.82,65.86,40.86
453894,74.82,65.86,40.86
357381,74.82,65.86,40.86
286314,74.82,65.86,40.86
198693,74.82,65.86,40.86
246190,74.82,65.86,40.85
138832,74.82,65.86,40.85
51536,74.82,65.86,40.85
115913,74.82,65.86,40.85
6158,74.82,65.86,40.84
12747,74.82,65.86,40.84
2488,74.82,65.86,40.84
4841,74.82,65.86,40.84
64264,74.82,65.86,40.85
27211,74.82,65.86,40.85
9385,74.82,65.86,40.85
21038,74.82,65.86,40.85
64,74.81,65.86,40.87
75,74.81,65.86,40.87
45,74.81,65.86,40.88
51,74.81,65.86,40.88
11587,74.81,65.86,40.87
21533,74.81,65.86,40.87
729,74.81,65.86,40.87
89,74.81,65.86,40.87
1389,74.81,65.86,40.87
127,74.81,65.86,40.87
1528,74.81,65.86,40.88
4601,74.81,65.86,40.88
40,74.81,65.86,40.88
127,74.81,65.86,40.88
305,74.81,65.86,40.88
54,74.81,65.86,40.88
162,74.81,65.86,40.86
136,74.81,65.86,40.86
92,74.81,65.86,40.87
108,74.81,65.86,40.87
21427,74.81,65.86,40.86
28606,74.81,65.86,40.86
2224,74.81,65.86,40.86
271,74.81,65.86,40.86
2649,74.81,65.86,40.86
263,74.81,65.86,40.86
29136,74.81,65.86,40.87
31621,74.81,65.86,40.87
2122,74.81,65.86,40.87
2609,74.81,65.86,40.87
182,74.81,65.86,40.87
228,74.81,65.86,40.87
226,74.81,65.86,40.86
194,74.81,65.86,40.86
300,74.81,65.86,40.85
273,74.81,65.86,40.85
38199,74.81,65.86,40.86
65581,74.81,65.86,40.86
7250,74.81,65.86,40.86
13649,74.81,65.86,40.86
12341,74.81,65.86,40.85
22367,74.81,65.86,40.85
2467,74.81,65.86,40.85
4416,74.81,65.86,40.85
1055,74.81,65.86,40.86
270,74.81,65.86,40.86
1619,74.81,65.86,40.86
276,74.81,65.86,40.86
307,74.81,65.86,40.85
595,74.81,65.86,40.85
760,74.81,65.86,40.85
298,74.81,65.86,40.85
358,74.81,65.87,40.85
380,74.81,65.87,40.85
1302,74.82,65.86,40.84
751,74.81,65.86,40.84
1789,74.82,65.86,40.84
872,74.81,65.86,40.84
587,74.81,65.86,40.84
557,74.81,65.86,40.84
467,74.81,65.87,40.84
3893,74.81,65.86,40.85
6663,74.81,65.86,40.85
1161,74.81,65.86,40.85
1694,74.81,65.86,40.85
386,74.81,65.86,40.85
380,74.81,65.87,40.85
529,74.81,65.86,40.85
364,74.81,65.86,40.85
559,74.81,65.86,40.85
126,74.89,65.85,40.85
537,74.88,65.85,40.85
96,74.89,65.85,40.85
16,74.9,65.86,40.85
17,74.9,65.86,40.84
171,74.89,65.85,40.86
156,74.89,65.85,40.85
844,74.88,65.85,40.86
692,74.88,65.85,40.85
14,74.9,65.86,40.85
96,74.89,65.85,40.85
93,74.89,65.85,40.86
13,74.9,65.86,40.86
14,74.9,65.86,40.85
50,74.88,65.86,40.88
294,74.88,65.86,40.88
69,74.88,65.86,40.87
463,74.88,65.86,40.87
70,74.89,65.86,40.88
85,74.89,65.86,40.87
12,74.9,65.86,40.87
194,74.89,65.85,40.87
953,74.88,65.85,40.87
189,74.89,65.85,40.86
943,74.88,65.85,40.86
103,74.89,65.85,40.87
92,74.89,65.85,40.86
12,74.9,65.86,40.87
12,74.9,65.86,40.86
35,74.88,65.86,40.82
28,74.88,65.86,40.83
193,74.88,65.85,40.83
32,74.88,65.86,40.82
191,74.88,65.85,40.82
27,74.88,65.86,40.83
23,74.89,65.86,40.83
109,74.89,65.85,40.84
72,74.88,65.86,40.84
188,74.88,65.85,40.83
403,74.88,65.85,40.84
181,74.88,65.85,40.84
20,74.89,65.86,40.84
23,74.88,65.86,40.83
99,74.89,65.85,40.84
19,74.89,65.86,40.84
68,74.86,65.86,40.8
55,74.87,65.86,40.8
9,74.88,65.86,40.91
21,74.87,65.85,40.91
21,74.87,65.86,40.91
25,74.87,65.86,40.9
324,74.87,65.86,40.89
972,74.87,65.86,40.88
38,74.87,65.86,40.9
89,74.87,65.86,40.89
9,74.87,65.86,40.92
20,74.87,65.85,40.91
15,74.86,65.86,40.91
19,74.86,65.85,40.91
8,74.86,65.86,40.92
8,74.87,65.86,40.92
6,74.85,65.86,40.92
6,74.85,65.86,40.93
6,74.85,65.86,40.93
10,74.85,65.85,40.92
5,74.85,65.86,40.92
4628,74.87,65.85,40.89
15201,74.87,65.85,40.88
174,74.87,65.85,40.9
825,74.87,65.85,40.89
27,74.87,65.85,40.92
32,74.87,65.85,40.91
42,74.87,65.85,40.91
71,74.87,65.85,40.9
43,74.86,65.85,40.91
72,74.85,65.85,40.91
157,74.86,65.85,40.9
630,74.85,65.85,40.9
18,74.85,65.85,40.92
30,74.86,65.85,40.91
22,74.85,65.85,40.91
11,74.85,65.85,40.92
16,74.85,65.85,40.91
12,74.84,65.85,40.91
98,74.85,65.85,40.91
79,74.84,65.85,40.91
1581,74.85,65.85,40.9
1624,74.84,65.85,40.9
417,74.84,65.86,40.9
21,74.83,65.86,40.91
766,74.83,65.85,40.9
47,74.83,65.85,40.9
33,74.83,65.86,40.9
325,74.83,65.86,40.9
1216,74.86,65.85,40.9
8166,74.85,65.85,40.9
10716,74.86,65.85,40.89
74280,74.85,65.85,40.89
67745,74.86,65.85,40.89
315204,74.85,65.85,40.89
221475,74.86,65.85,40.88
618408,74.85,65.85,40.88
202012,74.85,65.85,40.89
266152,74.84,65.85,40.89
302374,74.84,65.86,40.89
108200,74.84,65.86,40.89
24803,74.85,65.85,40.9
31982,74.84,65.85,40.9
2885,74.84,65.86,40.9
19831,74.84,65.86,40.9
24271,74.83,65.85,40.9
4960,74.83,65.85,40.9
1749,74.83,65.86,40.9
10055,74.83,65.86,40.9
110548,74.83,65.85,40.89
281763,74.83,65.85,40.89
206352,74.83,65.86,40.89
56816,74.83,65.86,40.89
19083,74.83,65.86,40.89
90271,74.83,65.86,40.89
796183,74.85,65.85,40.88
835122,74.84,65.85,40.88
573248,74.85,65.85,40.89
651938,74.84,65.85,40.89
569017,74.83,65.86,40.89
267456,74.83,65.86,40.89
477167,74.83,65.86,40.89
806552,74.83,65.86,40.88
763192,74.83,65.86,40.88
655171,74.83,65.86,40.88
25,74.88,65.85,40.91
9,74.88,65.86,40.92
9,74.88,65.86,40.91
24,74.88,65.85,40.91
9,74.88,65.86,40.91
27,74.88,65.85,40.9
10,74.88,65.86,40.9
9,74.89,65.86,40.9
22,74.88,65.86,40.9
26,74.88,65.86,40.89
35,74.88,65.85,40.9
53,74.88,65.86,40.89
10,74.89,65.86,40.9
10,74.89,65.86,40.89
10,74.89,65.86,40.89
10,74.89,65.86,40.89
30,74.88,65.86,40.89
89,74.88,65.86,40.89
39,74.88,65.86,40.88
165,74.88,65.86,40.88
62,74.89,65.86,40.89
66,74.89,65.86,40.88
10,74.89,65.86,40.88
5,74.84,65.86,40.93
7,74.84,65.86,40.92
4,74.84,65.86,40.92
8,74.84,65.85,40.92
4,74.83,65.86,40.92
5,74.84,65.86,40.91
8,74.83,65.86,40.91
5,74.83,65.86,40.91
4,74.83,65.86,40.92
4,74.83,65.86,40.91
5,74.82,65.86,40.91
5,74.82,65.86,40.91
9,74.83,65.86,40.91
55,74.83,65.86,40.9
5,74.82,65.87,40.91
6,74.82,65.86,40.91
8,74.82,65.86,40.9
7,74.82,65.87,40.91
8,74.82,65.86,40.9
7,74.82,65.86,40.9
8,74.82,65.87,40.9
1066,74.83,65.86,40.9
18551,74.83,65.85,40.89
73416,74.83,65.85,40.89
4429,74.82,65.86,40.89
22368,74.82,65.86,40.89
24,74.82,65.86,40.9
8,74.82,65.86,40.9
7,74.82,65.86,40.9
127,74.82,65.86,40.9
12,74.82,65.86,40.9
18,74.82,65.86,40.9
704,74.82,65.86,40.89
2986,74.82,65.86,40.89
56,74.82,65.86,40.89
249,74.82,65.86,40.89
209392,74.83,65.85,40.89
391151,74.83,65.85,40.89
96764,74.82,65.86,40.89
256803,74.82,65.86,40.89
691794,74.83,65.85,40.88
565453,74.83,65.85,40.88
450667,74.82,65.86,40.88
614689,74.82,65.86,40.88
14722,74.82,65.86,40.89
69915,74.82,65.86,40.89
1222,74.82,65.86,40.89
12030,74.82,65.86,40.89
340297,74.82,65.86,40.88
189682,74.82,65.86,40.88
3195,74.82,65.86,40.88
66363,74.82,65.86,40.88
18754,74.82,65.86,40.88
176382,74.82,65.86,40.88
8,74.81,65.86,40.9
10,74.82,65.86,40.9
14,74.82,65.86,40.9
10,74.81,65.86,40.9
10,74.81,65.86,40.9
11,74.81,65.86,40.9
21,74.82,65.86,40.89
10,74.81,65.86,40.89
44,74.82,65.86,40.89
15,74.81,65.86,40.89
13,74.81,65.86,40.89
15,74.81,65.86,40.89
32,74.81,65.86,40.88
36,74.81,65.86,40.88
176,74.82,65.86,40.89
27,74.81,65.86,40.89
615,74.82,65.86,40.89
73,74.81,65.86,40.89
206,74.81,65.86,40.88
651,74.81,65.86,40.88
19,74.81,65.86,40.89
21,74.81,65.86,40.89
21,74.81,65.86,40.89
26,74.81,65.86,40.89
26,74.81,65.86,40.88
41,74.81,65.86,40.88
30,74.81,65.86,40.88
62,74.81,65.86,40.88
11,74.81,65.87,40.9
12,74.81,65.87,40.9
14,74.81,65.87,40.89
13,74.81,65.87,40.89
34,74.81,65.87,40.88
37,74.81,65.87,40.88
23,74.81,65.87,40.89
62,74.81,65.87,40.87
74,74.81,65.87,40.87
50,74.81,65.87,40.88
58,74.81,65.87,40.88
111,74.81,65.87,40.87
93,74.81,65.87,40.87
138,74.81,65.87,40.86
162,74.81,65.87,40.86
209,74.81,65.87,40.86
238,74.81,65.87,40.86
282,74.81,65.87,40.85
316,74.81,65.87,40.85
5431,74.88,65.85,40.86
4065,74.88,65.85,40.85
2787,74.88,65.85,40.85
6175,74.88,65.85,40.86
2464,74.87,65.85,40.88
5915,74.88,65.85,40.87
4634,74.87,65.85,40.87
490,74.87,65.85,40.83
1809,74.88,65.85,40.84
769,74.87,65.85,40.84
389,74.87,65.85,40.83
50,74.87,65.86,40.81
285,74.87,65.85,40.82
43,74.88,65.86,40.82
49,74.86,65.86,40.81
283,74.87,65.85,40.82
238,74.86,65.85,40.82
1661,74.87,65.85,40.83
2528,74.86,65.85,40.83
3095,74.87,65.85,40.84
7648,74.86,65.85,40.84
646,74.87,65.85,40.82
656,74.86,65.85,40.82
989,74.87,65.85,40.83
1171,74.86,65.85,40.83
608,74.86,65.85,40.82
449,74.85,65.85,40.82
1232,74.86,65.85,40.83
1040,74.85,65.85,40.83
3817,74.86,65.85,40.83
4850,74.85,65.85,40.83
17519,74.86,65.85,40.84
35367,74.85,65.85,40.84
709,74.84,65.85,40.83
565,74.84,65.85,40.83
269,74.84,65.85,40.82
287,74.84,65.85,40.82
747,74.83,65.85,40.83
52995,74.84,65.85,40.84
48602,74.84,65.85,40.84
5111,74.84,65.85,40.83
3975,74.84,65.85,40.83
2401,74.83,65.85,40.83
1746,74.82,65.85,40.83
21780,74.83,65.85,40.84
6443,74.82,65.85,40.84
255,74.87,65.85,40.81
187,74.86,65.85,40.81
61,74.86,65.86,40.81
306,74.86,65.85,40.81
425,74.86,65.85,40.82
311,74.85,65.85,40.82
96,74.85,65.85,40.82
135,74.85,65.85,40.82
150,74.84,65.85,40.82
158,74.85,65.85,40.81
62,74.85,65.86,40.81
70,74.85,65.86,40.81
64,74.85,65.86,40.81
89,74.84,65.86,40.81
124,74.84,65.86,40.81
235,74.84,65.86,40.81
204,74.84,65.85,40.82
277,74.84,65.85,40.82
423,74.83,65.86,40.81
354,74.83,65.85,40.81
367,74.83,65.86,40.82
583,74.83,65.85,40.82
29508,74.87,65.85,40.85
165938,74.86,65.85,40.85
50133,74.87,65.85,40.86
278157,74.86,65.85,40.86
6779,74.87,65.85,40.84
25188,74.86,65.85,40.84
14888,74.87,65.85,40.85
74423,74.86,65.85,40.85
67111,74.87,65.85,40.87
387701,74.86,65.85,40.87
67352,74.87,65.85,40.86
360902,74.86,65.85,40.86
23041,74.87,65.85,40.88
259578,74.86,65.85,40.88
46368,74.87,65.85,40.87
351015,74.86,65.85,40.87
710674,74.86,65.85,40.87
633727,74.86,65.85,40.88
731138,74.86,65.85,40.87
709660,74.86,65.85,40.86
835100,74.85,65.85,40.86
843898,74.85,65.85,40.87
716726,74.82,65.86,40.87
716852,74.82,65.86,40.87
891766,74.85,65.85,40.87
907319,74.84,65.85,40.87
901411,74.83,65.86,40.87
855860,74.83,65.86,40.87
700077,74.82,65.86,40.86
662017,74.82,65.86,40.86
885860,74.85,65.85,40.86
902763,74.84,65.85,40.86
895620,74.83,65.86,40.86
844083,74.83,65.86,40.86
803945,74.85,65.85,40.88
835771,74.85,65.85,40.87
699617,74.82,65.86,40.87
660814,74.82,65.86,40.87
886030,74.85,65.85,40.87
902908,74.84,65.85,40.87
896135,74.83,65.86,40.87
844421,74.83,65.86,40.87
591032,74.82,65.86,40.88
775168,74.82,65.86,40.88
484453,74.82,65.86,40.88
715472,74.82,65.86,40.88
864150,74.85,65.85,40.88
798610,74.83,65.85,40.88
757356,74.83,65.85,40.88
846910,74.83,65.86,40.88
815705,74.83,65.86,40.88
886268,74.84,65.85,40.88
875225,74.83,65.86,40.88
254507,74.86,65.85,40.85
502139,74.85,65.85,40.85
84794,74.86,65.85,40.84
203442,74.85,65.85,40.84
633625,74.86,65.85,40.86
803287,74.85,65.85,40.86
476208,74.86,65.85,40.85
714442,74.85,65.85,40.85
629595,74.84,65.85,40.85
626687,74.84,65.85,40.85
309653,74.84,65.85,40.84
298371,74.84,65.85,40.84
165364,74.83,65.85,40.84
39392,74.82,65.85,40.84
481612,74.83,65.85,40.85
181744,74.82,65.85,40.85
850362,74.84,65.85,40.86
853833,74.84,65.85,40.86
793028,74.84,65.85,40.85
795636,74.84,65.85,40.85
721491,74.83,65.85,40.85
435266,74.82,65.85,40.85
814595,74.83,65.85,40.86
631393,74.82,65.85,40.86
83,74.85,65.86,40.8
97,74.85,65.86,40.79
94,74.85,65.86,40.8
626,74.83,65.85,40.81
767,74.82,65.86,40.81
668,74.83,65.86,40.82
788,74.82,65.86,40.82
841,74.82,65.86,40.82
2384,74.82,65.85,40.84
888,74.82,65.85,40.82
1015,74.82,65.85,40.83
813,74.82,65.86,40.82
889,74.82,65.86,40.82
1372,74.82,65.85,40.83
878,74.82,65.86,40.83
1004,74.81,65.86,40.84
675,74.81,65.86,40.84
561,74.81,65.87,40.84
804,74.81,65.86,40.82
768,74.81,65.86,40.83
659,74.81,65.86,40.83
801,74.82,65.86,40.83
735,74.81,65.86,40.83
899,74.81,65.86,40.83
573198,74.82,65.86,40.87
525737,74.82,65.86,40.87
83401,74.81,65.86,40.87
356759,74.82,65.86,40.87
114153,74.81,65.86,40.87
412433,74.82,65.86,40.87
449566,74.82,65.86,40.88
350074,74.82,65.86,40.88
21460,74.81,65.86,40.88
187495,74.82,65.86,40.88
49201,74.81,65.86,40.88
278958,74.82,65.86,40.88
595101,74.82,65.86,40.87
595404,74.82,65.86,40.87
132384,74.81,65.86,40.87
440160,74.82,65.86,40.87
134563,74.81,65.86,40.87
440609,74.82,65.86,40.87
574266,74.82,65.86,40.86
527965,74.82,65.86,40.86
121313,74.81,65.86,40.86
414452,74.82,65.86,40.86
96473,74.81,65.86,40.86
360877,74.82,65.86,40.86
188267,74.82,65.85,40.86
84046,74.82,65.85,40.85
6551,74.82,65.85,40.84
23770,74.82,65.85,40.85
77,74.81,65.86,40.87
87,74.81,65.86,40.87
54,74.81,65.86,40.88
60,74.81,65.86,40.88
53361,74.81,65.86,40.87
34539,74.81,65.86,40.87
4527,74.81,65.86,40.87
7843,74.81,65.86,40.87
515,74.81,65.86,40.87
104,74.81,65.86,40.87
778,74.81,65.86,40.87
136,74.81,65.86,40.87
9934,74.81,65.86,40.88
21707,74.81,65.86,40.88
1082,74.81,65.86,40.88
2264,74.81,65.86,40.88
51,74.81,65.86,40.88
159,74.81,65.86,40.88
257,74.81,65.86,40.88
65,74.81,65.86,40.88
177,74.81,65.86,40.86
156,74.81,65.86,40.86
110,74.81,65.86,40.87
124,74.81,65.86,40.87
62870,74.81,65.86,40.86
50522,74.81,65.86,40.86
10703,74.81,65.86,40.86
12734,74.81,65.86,40.86
1493,74.81,65.86,40.86
281,74.81,65.86,40.86
1527,74.81,65.86,40.86
266,74.81,65.86,40.86
68960,74.81,65.86,40.87
64957,74.81,65.86,40.87
11138,74.81,65.86,40.87
13028,74.81,65.86,40.87
1139,74.81,65.86,40.87
1387,74.81,65.86,40.87
188,74.81,65.86,40.87
221,74.81,65.86,40.87
237,74.81,65.86,40.86
212,74.81,65.86,40.86
316,74.81,65.86,40.85
282,74.81,65.86,40.85
24494,74.81,65.86,40.86
37269,74.81,65.86,40.86
5614,74.81,65.86,40.86
8132,74.81,65.86,40.86
10090,74.81,65.86,40.85
16724,74.81,65.86,40.85
2568,74.81,65.86,40.85
4017,74.81,65.86,40.85
1049,74.81,65.86,40.86
289,74.81,65.86,40.86
1275,74.81,65.86,40.86
292,74.81,65.86,40.86
321,74.81,65.86,40.85
696,74.81,65.86,40.85
826,74.81,65.86,40.85
314,74.81,65.86,40.85
403,74.81,65.86,40.85
382,74.81,65.86,40.85
382,74.8,65.87,40.85
442,74.8,65.87,40.84
1420,74.81,65.86,40.84
463,74.81,65.87,40.84
563,74.81,65.86,40.84
3647,74.81,65.86,40.85
6086,74.81,65.86,40.85
1270,74.81,65.86,40.85
1857,74.81,65.86,40.85
386,74.81,65.86,40.85
588,74.81,65.86,40.85
390,74.81,65.86,40.85
639,74.81,65.86,40.85
270,74.83,65.86,40.8
231,74.89,65.85,40.85
829,74.88,65.85,40.85
15,74.9,65.86,40.85
149,74.9,65.85,40.84
150,74.9,65.85,40.85
276,74.89,65.85,40.86
258,74.89,65.85,40.85
1104,74.88,65.85,40.86
980,74.88,65.85,40.85
14,74.9,65.86,40.85
79,74.9,65.85,40.86
94,74.9,65.85,40.85
160,74.9,65.85,40.86
160,74.9,65.85,40.85
8,74.91,65.86,40.87
9,74.91,65.86,40.87
131,74.89,65.85,40.88
622,74.88,65.85,40.88
171,74.89,65.85,40.87
849,74.88,65.85,40.87
10,74.9,65.86,40.88
100,74.89,65.85,40.87
347,74.89,65.85,40.87
1299,74.88,65.85,40.87
304,74.89,65.85,40.86
1199,74.88,65.85,40.86
12,74.9,65.86,40.86
48,74.9,65.85,40.87
76,74.9,65.85,40.86
125,74.9,65.85,40.87
143,74.9,65.85,40.86
37,74.89,65.86,40.81
247,74.88,65.85,40.82
34,74.89,65.86,40.82
25,74.9,65.86,40.82
28,74.89,65.86,40.83
290,74.88,65.85,40.82
186,74.88,65.85,40.83
297,74.88,65.85,40.83
22,74.9,65.86,40.83
159,74.89,65.85,40.83
196,74.89,65.85,40.84
683,74.88,65.85,40.84
23,74.89,65.86,40.83
171,74.88,65.85,40.83
125,74.88,65.85,40.84
364,74.88,65.85,40.83
375,74.88,65.85,40.84
18,74.9,65.86,40.84
124,74.89,65.85,40.84
65,74.87,65.86,40.8
228,74.86,65.85,40.8
53,74.88,65.86,40.8
240,74.87,65.84,40.8
9,74.88,65.86,40.92
35,74.87,65.85,40.91
41,74.87,65.85,40.91
58,74.87,65.85,40.9
475,74.87,65.85,40.89
1132,74.87,65.85,40.88
95,74.87,65.85,40.9
198,74.87,65.85,40.89
9,74.87,65.86,40.93
10,74.87,65.86,40.92
33,74.87,65.85,40.92
29,74.87,65.85,40.92
8,74.86,65.86,40.92
28,74.86,65.85,40.92
18,74.85,65.85,40.92
6,74.85,65.86,40.92
18,74.85,65.85,40.92
6,74.85,65.86,40.93
12,74.85,65.85,40.92
6,74.84,65.86,40.93
12,74.85,65.85,40.92
5,74.84,65.86,40.92
3853,74.87,65.85,40.89
42784,74.86,65.85,40.89
10487,74.87,65.85,40.88
137957,74.86,65.85,40.88
455,74.87,65.85,40.9
1342,74.86,65.85,40.9
1225,74.87,65.85,40.89
8159,74.86,65.85,40.89
54,74.87,65.85,40.92
49,74.86,65.85,40.92
73,74.87,65.85,40.91
68,74.86,65.85,40.91
102,74.87,65.85,40.91
110,74.86,65.85,40.91
196,74.87,65.85,40.9
308,74.86,65.85,40.9
156,74.86,65.85,40.91
273,74.85,65.85,40.91
987,74.86,65.85,40.9
2762,74.85,65.85,40.9
41,74.86,65.85,40.92
28,74.85,65.85,40.92
67,74.86,65.85,40.91
56,74.85,65.85,40.91
16,74.84,65.85,40.92
35,74.84,65.85,40.91
21,74.84,65.85,40.91
258,74.84,65.85,40.91
147,74.84,65.85,40.91
3991,74.84,65.85,40.9
2586,74.84,65.85,40.9
45,74.83,65.85,40.91
630,74.83,65.85,40.9
8428,74.86,65.85,40.9
30665,74.85,65.85,40.9
61910,74.86,65.85,40.89
187292,74.85,65.85,40.89
231279,74.86,65.85,40.89
491225,74.85,65.85,40.89
468381,74.86,65.85,40.88
713618,74.85,65.85,40.88
298839,74.84,65.85,40.89
285014,74.84,65.85,40.89
54444,74.84,65.85,40.9
44870,74.84,65.85,40.9
13034,74.83,65.85,40.9
149824,74.83,65.85,40.89
791579,74.84,65.85,40.88
793582,74.84,65.85,40.88
622220,74.84,65.85,40.89
617634,74.84,65.85,40.89
468269,74.83,65.85,40.89
717884,74.83,65.85,40.88
8,74.89,65.86,40.93
9,74.89,65.86,40.92
7,74.9,65.86,40.92
9,74.88,65.86,40.93
31,74.88,65.85,40.92
38,74.88,65.85,40.91
9,74.89,65.86,40.91
7,74.9,65.86,40.91
10,74.89,65.86,40.91
40,74.88,65.85,40.9
42,74.88,65.85,40.91
59,74.88,65.85,40.9
8,74.9,65.86,40.9
46,74.89,65.85,40.9
11,74.89,65.86,40.9
11,74.89,65.86,40.89
35,74.88,65.85,40.9
53,74.89,65.85,40.89
88,74.88,65.85,40.9
140,74.88,65.85,40.89
8,74.9,65.86,40.89
59,74.89,65.85,40.89
59,74.89,65.85,40.89
257,74.88,65.85,40.89
99,74.89,65.85,40.88
402,74.88,65.85,40.88
9,74.9,65.86,40.88
80,74.89,65.85,40.88
9,74.84,65.85,40.92
5,74.84,65.86,40.93
4,74.83,65.86,40.92
8,74.84,65.85,40.92
4,74.84,65.86,40.92
12,74.84,65.85,40.92
12,74.83,65.85,40.91
7,74.83,65.86,40.92
5,74.83,65.86,40.91
6,74.83,65.86,40.91
4,74.83,65.86,40.92
5,74.82,65.86,40.92
6,74.82,65.86,40.91
6,74.82,65.86,40.91
13,74.82,65.85,40.91
63,74.82,65.85,40.9
7,74.82,65.86,40.91
11,74.82,65.86,40.9
8,74.81,65.86,40.91
7,74.82,65.86,40.91
8,74.81,65.86,40.91
9,74.81,65.87,40.9
8,74.82,65.86,40.9
1033,74.82,65.85,40.9
21482,74.82,65.85,40.89
50,74.82,65.86,40.9
514,74.82,65.86,40.89
2493,74.82,65.86,40.89
37,74.82,65.86,40.89
262,74.82,65.86,40.89
162955,74.82,65.85,40.89
425322,74.82,65.85,40.88
9875,74.82,65.86,40.89
41159,74.82,65.86,40.89
1044,74.82,65.86,40.89
6600,74.82,65.86,40.89
233477,74.82,65.86,40.88
119735,74.82,65.86,40.88
2994,74.81,65.86,40.88
33652,74.82,65.86,40.88
9182,74.81,65.86,40.88
100336,74.82,65.86,40.88
14,74.81,65.86,40.9
13,74.81,65.86,40.9
35,74.81,65.86,40.89
17,74.81,65.86,40.89
31,74.81,65.86,40.89
38,74.81,65.86,40.88
42,74.81,65.86,40.88
240,74.81,65.86,40.89
1883,74.81,65.86,40.88
5379,74.81,65.86,40.88
201,74.81,65.86,40.88
484,74.81,65.86,40.88
28,74.81,65.86,40.89
29,74.81,65.86,40.88
55,74.81,65.86,40.88
35,74.81,65.86,40.88
77,74.81,65.86,40.88
13,74.81,65.87,40.9
16,74.81,65.87,40.89
11,74.81,65.87,40.9
37,74.81,65.87,40.88
42,74.81,65.87,40.88
31,74.81,65.87,40.89
71,74.81,65.87,40.87
82,74.81,65.87,40.87
63,74.8,65.87,40.88
120,74.81,65.87,40.87
103,74.81,65.87,40.87
148,74.81,65.87,40.86
170,74.81,65.87,40.86
232,74.8,65.87,40.86
304,74.8,65.87,40.85
5293,74.88,65.84,40.86
31106,74.87,65.85,40.86
4382,74.88,65.84,40.85
21567,74.87,65.85,40.85
8039,74.87,65.85,40.84
3513,74.88,65.84,40.85
13460,74.87,65.85,40.85
35106,74.87,65.85,40.87
5920,74.88,65.84,40.86
37088,74.87,65.85,40.86
6186,74.88,65.84,40.87
3037,74.88,65.85,40.88
4690,74.88,65.85,40.87
27321,74.87,65.85,40.87
16976,74.87,65.85,40.88
44,74.88,65.86,40.8
2597,74.88,65.84,40.84
1048,74.88,65.85,40.83
1411,74.88,65.85,40.84
3090,74.87,65.85,40.83
4702,74.87,65.85,40.84
510,74.88,65.85,40.82
752,74.88,65.85,40.83
1199,74.87,65.85,40.82
1821,74.87,65.85,40.83
289,74.87,65.85,40.81
56,74.87,65.86,40.8
419,74.87,65.85,40.82
339,74.86,65.85,40.81
514,74.86,65.85,40.82
652,74.86,65.85,40.81
946,74.86,65.85,40.82
4736,74.87,65.85,40.83
7182,74.86,65.85,40.83
10550,74.87,65.85,40.84
23119,74.86,65.85,40.84
1376,74.87,65.85,40.82
1452,74.86,65.85,40.82
2556,74.87,65.85,40.83
2965,74.86,65.85,40.83
1300,74.85,65.85,40.82
755,74.85,65.85,40.82
2985,74.85,65.85,40.83
2048,74.85,65.85,40.83
9570,74.85,65.85,40.83
10858,74.85,65.85,40.83
46090,74.85,65.85,40.84
77435,74.85,65.85,40.84
1340,74.84,65.85,40.83
1066,74.83,65.85,40.83
478,74.84,65.85,40.82
508,74.83,65.85,40.82
1241,74.83,65.85,40.83
87930,74.84,65.85,40.84
60284,74.83,65.85,40.84
10198,74.84,65.85,40.83
6626,74.83,65.85,40.83
3704,74.83,65.85,40.83
2407,74.82,65.85,40.83
22984,74.83,65.85,40.84
6667,74.82,65.85,40.84
305,74.86,65.85,40.81
73,74.85,65.86,40.8
508,74.85,65.85,40.81
820,74.85,65.85,40.82
507,74.85,65.85,40.82
158,74.85,65.85,40.81
235,74.85,65.85,40.81
141,74.85,65.85,40.81
165,74.84,65.85,40.81
340,74.85,65.85,40.81
183,74.84,65.85,40.81
85,74.85,65.86,40.81
281,74.84,65.85,40.81
292,74.83,65.86,40.81
359,74.84,65.85,40.82
405,74.83,65.85,40.81
449,74.83,65.85,40.82
482,74.83,65.85,40.81
852,74.83,65.85,40.82
534,74.83,65.85,40.82
114735,74.87,65.85,40.85
355577,74.86,65.85,40.85
182375,74.87,65.85,40.86
492406,74.86,65.85,40.86
24694,74.87,65.85,40.84
77581,74.86,65.85,40.84
58425,74.87,65.85,40.85
195735,74.86,65.85,40.85
250236,74.87,65.85,40.87
594223,74.86,65.85,40.87
235204,74.87,65.85,40.86
570188,74.86,65.85,40.86
158849,74.87,65.85,40.88
486361,74.86,65.85,40.88
221768,74.87,65.85,40.87
568637,74.86,65.85,40.87
770890,74.85,65.85,40.87
726826,74.85,65.85,40.88
781966,74.85,65.85,40.87
769649,74.85,65.85,40.86
830608,74.85,65.85,40.86
837696,74.85,65.85,40.87
742625,74.82,65.85,40.87
876181,74.84,65.85,40.87
879696,74.84,65.85,40.87
853698,74.83,65.85,40.87
720493,74.82,65.85,40.86
870715,74.84,65.85,40.86
874179,74.84,65.85,40.86
845432,74.83,65.85,40.86
804778,74.85,65.85,40.88
830781,74.85,65.85,40.87
719386,74.82,65.85,40.87
870630,74.84,65.85,40.87
874313,74.84,65.85,40.87
845617,74.83,65.85,40.87
627966,74.82,65.85,40.88
849888,74.84,65.85,40.88
853553,74.84,65.85,40.88
814145,74.83,65.85,40.88
422982,74.85,65.85,40.85
587183,74.85,65.85,40.85
189163,74.85,65.85,40.84
316342,74.85,65.85,40.84
727016,74.85,65.85,40.86
806323,74.85,65.85,40.86
623017,74.85,65.85,40.85
741430,74.85,65.85,40.85
631342,74.84,65.85,40.85
570098,74.83,65.85,40.85
361202,74.84,65.85,40.84
282778,74.83,65.85,40.84
127455,74.83,65.85,40.84
27839,74.82,65.85,40.84
362657,74.83,65.85,40.85
109439,74.82,65.85,40.85
826052,74.84,65.85,40.86
808408,74.83,65.85,40.86
770709,74.84,65.85,40.85
739966,74.83,65.85,40.85
593537,74.83,65.85,40.85
266143,74.82,65.85,40.85
717863,74.83,65.85,40.86
423775,74.82,65.85,40.86
61,74.88,65.85,40.79
76,74.87,65.86,40.79
87,74.86,65.86,40.78
112,74.85,65.85,40.78
321,74.85,65.84,40.8
283,74.85,65.84,40.79
129,74.85,65.86,40.79
156,74.84,65.86,40.79
199,74.85,65.85,40.8
148,74.84,65.86,40.8
768,74.82,65.86,40.81
792,74.82,65.85,40.81
834,74.82,65.86,40.81
846,74.82,65.85,40.82
895,74.82,65.85,40.82
862,74.82,65.86,40.82
871,74.82,65.86,40.81
2663,74.81,65.85,40.84
1141,74.82,65.85,40.82
1423,74.82,65.85,40.83
1017,74.82,65.85,40.82
1714,74.81,65.85,40.83
1080,74.82,65.85,40.83
522,74.8,65.86,40.84
1132,74.81,65.85,40.84
557,74.8,65.86,40.84
672,74.81,65.86,40.84
942,74.81,65.86,40.82
822,74.81,65.86,40.82
651,74.8,65.86,40.83
802,74.81,65.86,40.83
728,74.81,65.86,40.83
739,74.81,65.86,40.83
910,74.81,65.86,40.83
1037,74.81,65.85,40.83
415953,74.82,65.85,40.88
513672,74.82,65.85,40.87
276707,74.82,65.85,40.87
176489,74.82,65.85,40.88
516757,74.82,65.85,40.86
546435,74.82,65.85,40.87
316178,74.82,65.85,40.87
282230,74.82,65.85,40.86
89862,74.81,65.85,40.86
40886,74.81,65.85,40.85
5570,74.81,65.85,40.84
15067,74.81,65.85,40.85
82,74.8,65.86,40.87
58,74.8,65.86,40.88
8881,74.81,65.85,40.87
394,74.81,65.86,40.87
3705,74.81,65.85,40.88
169,74.81,65.86,40.88
157,74.8,65.86,40.86
115,74.8,65.86,40.87
14808,74.81,65.85,40.86
790,74.81,65.86,40.86
14051,74.81,65.85,40.87
651,74.81,65.86,40.87
202,74.8,65.86,40.86
267,74.8,65.86,40.85
10714,74.81,65.85,40.86
5583,74.81,65.85,40.85
692,74.81,65.86,40.86
547,74.81,65.86,40.85
364,74.8,65.86,40.85
460,74.8,65.86,40.84
374,74.8,65.86,40.85
455,74.8,65.86,40.84
1473,74.81,65.85,40.84
561,74.81,65.86,40.84
2601,74.81,65.85,40.85
528,74.81,65.86,40.85
350,74.83,65.85,40.8
463,74.83,65.86,40.8
13,74.91,65.86,40.85
11,74.91,65.86,40.86
360,74.89,65.85,40.84
1105,74.89,65.84,40.84
410,74.89,65.85,40.85
1284,74.89,65.84,40.85
157,74.9,65.85,40.85
450,74.89,65.85,40.86
446,74.89,65.85,40.85
1549,74.89,65.84,40.86
1476,74.89,65.84,40.85
161,74.9,65.85,40.86
58,74.91,65.85,40.87
7,74.91,65.86,40.87
56,74.91,65.85,40.87
9,74.91,65.86,40.86
122,74.9,65.85,40.87
798,74.89,65.85,40.87
449,74.89,65.85,40.87
1545,74.89,65.84,40.87
451,74.89,65.85,40.86
1566,74.89,65.84,40.86
154,74.9,65.85,40.86
221,74.89,65.84,40.81
35,74.9,65.86,40.81
30,74.91,65.85,40.81
29,74.9,65.86,40.81
253,74.89,65.84,40.82
25,74.91,65.86,40.82
176,74.9,65.84,40.82
15,74.91,65.86,40.84
18,74.91,65.86,40.83
20,74.91,65.86,40.83
157,74.9,65.84,40.83
346,74.89,65.85,40.83
17,74.91,65.86,40.83
146,74.9,65.84,40.84
471,74.89,65.85,40.84
43,74.89,65.85,40.8
36,74.91,65.85,40.8
50,74.89,65.85,40.79
47,74.89,65.86,40.79
330,74.88,65.84,40.8
354,74.87,65.84,40.8
9,74.88,65.86,40.93
8,74.86,65.86,40.93
42,74.88,65.85,40.92
64,74.88,65.85,40.91
84,74.87,65.85,40.92
132,74.87,65.85,40.91
78,74.88,65.85,40.91
136,74.88,65.85,40.9
207,74.87,65.85,40.91
402,74.87,65.85,40.9
940,74.88,65.85,40.89
1826,74.88,65.85,40.88
4636,74.87,65.85,40.89
9696,74.87,65.85,40.88
208,74.88,65.85,40.9
454,74.88,65.85,40.89
910,74.87,65.85,40.9
2046,74.87,65.85,40.89
37,74.87,65.84,40.93
9,74.87,65.86,40.94
49,74.87,65.85,40.92
44,74.86,65.85,40.92
26,74.85,65.85,40.92
20,74.85,65.85,40.93
6,74.85,65.86,40.93
41,74.85,65.85,40.92
27,74.85,65.85,40.93
15,74.84,65.85,40.93
16,74.84,65.85,40.92
26649,74.87,65.85,40.89
163238,74.86,65.85,40.89
81313,74.87,65.85,40.88
338111,74.86,65.85,40.88
2636,74.87,65.85,40.9
8383,74.86,65.85,40.9
8010,74.87,65.85,40.89
47810,74.86,65.85,40.89
94,74.87,65.85,40.92
77,74.86,65.85,40.92
167,74.87,65.85,40.91
156,74.86,65.85,40.91
296,74.87,65.85,40.91
370,74.86,65.85,40.91
914,74.87,65.85,40.9
1610,74.86,65.85,40.9
796,74.85,65.85,40.91
836,74.85,65.85,40.91
4901,74.85,65.85,40.9
7685,74.85,65.85,40.9
75,74.85,65.85,40.92
36,74.85,65.85,40.92
240,74.85,65.85,40.91
148,74.85,65.85,40.91
24,74.84,65.85,40.92
71,74.84,65.85,40.91
37,74.83,65.85,40.91
540,74.84,65.85,40.91
222,74.83,65.85,40.91
7396,74.84,65.85,40.9
3207,74.83,65.85,40.9
58,74.83,65.85,40.91
550,74.83,65.85,40.9
33012,74.85,65.85,40.9
69897,74.85,65.85,40.9
161503,74.85,65.85,40.89
296293,74.85,65.85,40.89
406066,74.85,65.85,40.89
576129,74.85,65.85,40.89
619901,74.85,65.85,40.88
739641,74.85,65.85,40.88
344307,74.84,65.85,40.89
263397,74.83,65.85,40.89
80527,74.84,65.85,40.9
48655,74.83,65.85,40.9
9458,74.83,65.85,40.9
103925,74.83,65.85,40.89
767884,74.84,65.85,40.88
735650,74.83,65.85,40.88
620861,74.84,65.85,40.89
556898,74.83,65.85,40.89
344072,74.83,65.85,40.89
585367,74.83,65.85,40.88
35,74.89,65.84,40.93
7,74.89,65.86,40.93
8,74.9,65.86,40.92
44,74.89,65.84,40.92
5,74.91,65.85,40.92
33,74.9,65.84,40.92
85,74.88,65.84,40.92
6,74.91,65.86,40.9
9,74.9,65.86,40.92
57,74.89,65.85,40.91
6,74.91,65.86,40.91
40,74.9,65.84,40.91
6,74.91,65.86,40.91
52,74.9,65.84,40.9
85,74.89,65.85,40.9
6,74.91,65.86,40.89
7,74.91,65.86,40.88
65,74.9,65.84,40.89
180,74.89,65.85,40.89
88,74.9,65.85,40.88
449,74.89,65.85,40.88
5,74.83,65.86,40.93
12,74.84,65.85,40.93
5,74.83,65.86,40.93
4,74.83,65.86,40.92
7,74.83,65.85,40.92
12,74.84,65.85,40.92
20,74.83,65.85,40.92
19,74.83,65.85,40.91
10,74.83,65.85,40.92
5,74.83,65.86,40.93
9,74.82,65.85,40.91
7,74.83,65.86,40.92
6,74.82,65.85,40.91
5,74.83,65.86,40.92
5,74.82,65.86,40.92
5,74.82,65.86,40.92
13,74.82,65.85,40.91
8,74.82,65.85,40.91
19,74.82,65.85,40.91
59,74.82,65.85,40.9
10,74.82,65.85,40.91
15,74.82,65.85,40.9
9,74.81,65.86,40.91
9,74.81,65.86,40.91
11,74.81,65.86,40.9
10,74.81,65.86,40.91
9,74.81,65.86,40.91
10,74.81,65.86,40.9
557,74.82,65.85,40.9
9181,74.82,65.85,40.89
47,74.82,65.85,40.9
498,74.82,65.85,40.89
86585,74.82,65.85,40.89
250690,74.82,65.85,40.88
6616,74.82,65.85,40.89
65705,74.82,65.85,40.88
19,74.81,65.85,40.9
16,74.81,65.86,40.9
37,74.81,65.85,40.89
21,74.81,65.86,40.89
33,74.8,65.86,40.89
43,74.8,65.86,40.88
144,74.81,65.85,40.89
1006,74.81,65.85,40.88
32,74.81,65.86,40.89
69,74.81,65.86,40.88
5,74.91,65.85,40.93
417,74.83,65.86,40.79
16,74.8,65.87,40.9
27,74.8,65.86,40.89
21,74.8,65.87,40.89
11,74.81,65.86,40.91
13,74.81,65.86,40.9
46,74.8,65.87,40.88
34,74.8,65.87,40.89
75,74.8,65.87,40.88
89,74.8,65.87,40.87
126,74.8,65.87,40.87
233,74.8,65.87,40.86
172,74.8,65.87,40.86
298,74.8,65.87,40.85
5914,74.88,65.84,40.86
5324,74.88,65.84,40.85
20834,74.88,65.84,40.86
18828,74.88,65.84,40.85
123015,74.87,65.84,40.86
24092,74.88,65.84,40.86
82775,74.87,65.84,40.85
20213,74.88,65.84,40.85
3594,74.88,65.84,40.84
4540,74.88,65.84,40.85
11243,74.88,65.84,40.84
14409,74.88,65.84,40.85
26978,74.87,65.84,40.84
10740,74.88,65.84,40.84
48576,74.87,65.84,40.85
14634,74.88,65.84,40.85
6097,74.88,65.84,40.87
6170,74.88,65.84,40.86
21198,74.88,65.84,40.87
23528,74.88,65.84,40.86
160817,74.87,65.84,40.87
24584,74.88,65.84,40.87
153733,74.87,65.84,40.86
27251,74.88,65.84,40.86
10945,74.88,65.84,40.87
141103,74.87,65.84,40.87
97203,74.87,65.84,40.88
417,74.88,65.84,40.81
797,74.88,65.84,40.82
3894,74.88,65.84,40.84
8274,74.87,65.84,40.83
15041,74.87,65.84,40.84
1750,74.88,65.84,40.83
2535,74.87,65.84,40.82
4726,74.87,65.84,40.83
566,74.87,65.84,40.81
1346,74.87,65.84,40.82
1087,74.86,65.84,40.81
2014,74.86,65.84,40.82
18551,74.87,65.84,40.83
34631,74.87,65.84,40.84
18793,74.86,65.84,40.83
12529,74.86,65.84,40.83
56770,74.86,65.84,40.84
28883,74.86,65.84,40.84
5079,74.87,65.84,40.82
9581,74.87,65.84,40.83
3587,74.86,65.84,40.82
3003,74.86,65.84,40.82
7927,74.86,65.84,40.83
6179,74.86,65.84,40.83
6063,74.85,65.84,40.82
13811,74.85,65.84,40.83
1502,74.84,65.84,40.82
2097,74.85,65.84,40.82
4593,74.84,65.84,40.83
6024,74.85,65.84,40.83
113021,74.85,65.84,40.84
36490,74.85,65.84,40.83
22926,74.84,65.84,40.83
20267,74.85,65.84,40.83
128851,74.84,65.84,40.84
98167,74.85,65.84,40.84
2537,74.84,65.84,40.82
7578,74.84,65.84,40.83
2426,74.84,65.84,40.83
1848,74.83,65.85,40.83
820,74.84,65.84,40.82
864,74.83,65.85,40.82
1940,74.82,65.85,40.83
37549,74.84,65.84,40.83
166762,74.84,65.84,40.84
112526,74.84,65.84,40.84
62636,74.83,65.85,40.84
16889,74.84,65.84,40.83
9357,74.83,65.85,40.83
4808,74.82,65.85,40.83
3075,74.82,65.85,40.83
20764,74.82,65.85,40.84
6661,74.82,65.85,40.84
545,74.85,65.84,40.81
1680,74.85,65.84,40.81
3189,74.85,65.84,40.82
727,74.85,65.84,40.81
991,74.84,65.84,40.82
1401,74.85,65.84,40.82
538,74.84,65.84,40.81
243,74.85,65.85,40.81
146,74.84,65.86,40.8
292,74.84,65.85,40.81
370,74.83,65.85,40.81
551,74.82,65.86,40.8
1377,74.84,65.84,40.82
769,74.84,65.84,40.81
424,74.84,65.84,40.81
552,74.84,65.84,40.82
616,74.83,65.85,40.81
697,74.83,65.85,40.82
682,74.83,65.85,40.81
1243,74.82,65.85,40.82
755,74.83,65.85,40.82
272403,74.87,65.84,40.86
198492,74.87,65.84,40.85
520011,74.86,65.84,40.85
264465,74.86,65.84,40.85
629451,74.86,65.84,40.86
367687,74.86,65.84,40.86
123840,74.87,65.84,40.85
67458,74.87,65.84,40.84
172403,74.86,65.84,40.84
70681,74.86,65.84,40.84
347821,74.86,65.84,40.85
152609,74.86,65.84,40.85
336079,74.87,65.84,40.87
320826,74.87,65.84,40.86
696118,74.86,65.84,40.87
454278,74.86,65.84,40.87
680073,74.86,65.84,40.86
433494,74.86,65.84,40.86
310936,74.87,65.84,40.87
251132,74.87,65.84,40.88
624919,74.86,65.84,40.88
355020,74.86,65.84,40.88
681699,74.86,65.84,40.87
427624,74.86,65.84,40.87
725703,74.85,65.84,40.87
684537,74.85,65.84,40.88
783792,74.85,65.84,40.87
750568,74.85,65.84,40.88
734547,74.85,65.84,40.87
723214,74.85,65.84,40.86
791633,74.85,65.84,40.87
782504,74.85,65.84,40.86
814753,74.84,65.84,40.86
821660,74.84,65.84,40.87
781532,74.83,65.85,40.87
853276,74.84,65.85,40.87
841175,74.83,65.85,40.87
768869,74.83,65.85,40.86
847209,74.84,65.85,40.86
834087,74.83,65.85,40.86
654481,74.82,65.85,40.86
672816,74.82,65.85,40.87
789137,74.84,65.84,40.88
815245,74.84,65.84,40.87
768011,74.83,65.85,40.87
847251,74.84,65.85,40.87
834091,74.83,65.85,40.87
714801,74.83,65.85,40.88
824495,74.84,65.85,40.88
807079,74.83,65.85,40.88
581422,74.82,65.85,40.88
652005,74.82,65.85,40.87
470898,74.85,65.84,40.85
282889,74.85,65.84,40.84
613646,74.84,65.84,40.85
531856,74.85,65.84,40.85
387761,74.84,65.84,40.84
307306,74.85,65.84,40.84
692444,74.85,65.84,40.86
609748,74.85,65.84,40.85
793812,74.84,65.84,40.86
755051,74.85,65.84,40.86
735417,74.84,65.84,40.85
680759,74.85,65.84,40.85
408611,74.84,65.84,40.84
607988,74.84,65.84,40.85
603606,74.84,65.84,40.85
490936,74.83,65.85,40.85
365213,74.84,65.84,40.84
242502,74.83,65.85,40.84
91139,74.82,65.85,40.84
19898,74.82,65.85,40.84
254453,74.82,65.85,40.85
63609,74.82,65.85,40.85
713261,74.84,65.84,40.85
768632,74.84,65.84,40.86
791498,74.84,65.84,40.86
745982,74.83,65.85,40.86
733990,74.84,65.84,40.85
664283,74.83,65.85,40.85
448997,74.82,65.85,40.85
150835,74.82,65.85,40.85
587067,74.82,65.85,40.86
252798,74.82,65.85,40.86
320,74.88,65.84,40.79
313,74.87,65.84,40.79
59,74.89,65.85,40.79
92,74.87,65.85,40.78
71,74.87,65.85,40.78
109,74.86,65.85,40.78
125,74.86,65.85,40.77
457,74.86,65.84,40.79
649,74.86,65.84,40.8
166,74.85,65.85,40.77
302,74.85,65.84,40.78
146,74.85,65.85,40.78
521,74.85,65.84,40.8
400,74.85,65.84,40.79
284,74.84,65.84,40.79
261,74.83,65.86,40.79
289,74.84,65.84,40.8
276,74.83,65.86,40.79
853,74.82,65.85,40.81
906,74.81,65.86,40.81
955,74.82,65.85,40.81
1030,74.82,65.85,40.82
901,74.81,65.86,40.81
983,74.82,65.85,40.81
1017,74.82,65.85,40.82
915,74.81,65.86,40.82
2814,74.81,65.85,40.84
1486,74.82,65.85,40.82
1927,74.82,65.85,40.83
1201,74.81,65.85,40.82
2006,74.81,65.85,40.83
1362,74.81,65.85,40.83
568,74.8,65.86,40.84
533,74.8,65.86,40.84
597,74.8,65.86,40.83
1180,74.81,65.85,40.84
666,74.8,65.85,40.84
1058,74.81,65.85,40.82
823,74.8,65.86,40.82
638,74.8,65.86,40.83
797,74.8,65.85,40.83
750,74.8,65.86,40.83
901,74.81,65.86,40.83
1139,74.81,65.85,40.83
1027,74.81,65.85,40.83
800,74.8,65.86,40.82
239358,74.82,65.85,40.88
318057,74.82,65.85,40.87
128594,74.81,65.85,40.87
73879,74.81,65.85,40.88
323611,74.82,65.85,40.86
347568,74.82,65.85,40.87
151574,74.81,65.85,40.87
135415,74.81,65.85,40.86
42083,74.81,65.85,40.86
21415,74.81,65.85,40.85
4625,74.81,65.85,40.84
9617,74.81,65.85,40.85
84,74.8,65.86,40.87
64,74.8,65.86,40.88
3928,74.81,65.85,40.87
256,74.8,65.85,40.87
1746,74.81,65.85,40.88
136,74.8,65.85,40.88
142,74.8,65.86,40.86
111,74.8,65.86,40.87
6586,74.81,65.85,40.86
458,74.8,65.85,40.86
5823,74.81,65.85,40.87
371,74.8,65.85,40.87
239,74.79,65.86,40.86
182,74.8,65.86,40.86
240,74.8,65.86,40.85
5250,74.81,65.85,40.86
3085,74.81,65.85,40.85
450,74.8,65.85,40.86
419,74.8,65.85,40.85
339,74.8,65.86,40.85
453,74.8,65.86,40.84
361,74.79,65.86,40.85
439,74.79,65.86,40.84
1317,74.81,65.85,40.84
559,74.8,65.85,40.84
1818,74.81,65.85,40.85
465,74.8,65.85,40.85
545,74.83,65.84,40.79
568,74.83,65.84,40.8
692,74.82,65.86,40.79
88,74.91,65.84,40.85
12,74.92,65.85,40.85
11,74.93,65.85,40.85
72,74.91,65.84,40.86
10,74.92,65.86,40.86
10,74.93,65.85,40.86
247,74.91,65.84,40.85
1126,74.89,65.84,40.85
240,74.91,65.84,40.86
1348,74.89,65.84,40.86
54,74.91,65.84,40.87
7,74.92,65.86,40.87
7,74.93,65.85,40.87
60,74.91,65.84,40.87
9,74.92,65.86,40.86
8,74.93,65.85,40.86
178,74.91,65.84,40.87
1039,74.89,65.84,40.87
224,74.91,65.84,40.86
1323,74.89,65.84,40.86
20,74.92,65.85,40.82
28,74.92,65.85,40.81
214,74.91,65.84,40.81
276,74.89,65.84,40.81
23,74.92,65.85,40.81
196,74.91,65.84,40.82
347,74.89,65.84,40.82
105,74.91,65.84,40.84
15,74.92,65.85,40.84
13,74.93,65.85,40.84
123,74.91,65.84,40.83
17,74.92,65.85,40.83
204,74.91,65.84,40.83
535,74.89,65.84,40.83
221,74.91,65.84,40.84
801,74.89,65.84,40.84
41,74.92,65.85,40.78
16,74.95,65.84,40.79
262,74.91,65.83,40.8
41,74.9,65.85,40.8
275,74.89,65.84,40.8
309,74.89,65.83,40.79
36,74.92,65.85,40.79
49,74.9,65.85,40.79
481,74.89,65.83,40.8
623,74.87,65.83,40.8
54,74.88,65.84,40.93
8,74.88,65.86,40.94
8,74.87,65.86,40.94
30,74.86,65.85,40.93
8,74.86,65.86,40.94
7,74.85,65.86,40.94
182,74.88,65.84,40.91
154,74.87,65.84,40.92
299,74.87,65.84,40.91
468,74.88,65.84,40.9
490,74.87,65.84,40.91
1466,74.87,65.84,40.9
5432,74.88,65.84,40.88
20688,74.87,65.84,40.89
51582,74.87,65.84,40.88
1615,74.88,65.84,40.89
3679,74.87,65.84,40.9
9583,74.87,65.84,40.89
56,74.87,65.84,40.93
119,74.87,65.84,40.92
104,74.85,65.84,40.92
22,74.85,65.85,40.93
6,74.84,65.86,40.94
74,74.84,65.84,40.92
35,74.84,65.84,40.93
21,74.84,65.85,40.93
25,74.84,65.85,40.92
166927,74.87,65.84,40.88
83610,74.87,65.84,40.89
325418,74.86,65.84,40.89
113899,74.86,65.84,40.89
512064,74.86,65.84,40.88
236842,74.86,65.84,40.88
16883,74.87,65.84,40.9
38575,74.87,65.84,40.89
33229,74.86,65.84,40.9
15037,74.86,65.84,40.9
136079,74.86,65.84,40.89
41072,74.86,65.84,40.89
302,74.87,65.84,40.92
786,74.87,65.84,40.91
130,74.86,65.84,40.92
172,74.86,65.84,40.92
500,74.86,65.84,40.91
537,74.86,65.84,40.91
1906,74.87,65.84,40.91
5808,74.87,65.84,40.9
1506,74.86,65.84,40.91
1348,74.86,65.84,40.91
7287,74.86,65.84,40.9
4709,74.86,65.84,40.9
6676,74.85,65.84,40.91
22930,74.85,65.84,40.9
1803,74.84,65.84,40.91
4204,74.85,65.84,40.91
15273,74.84,65.84,40.9
17233,74.85,65.84,40.9
350,74.85,65.84,40.92
1593,74.85,65.84,40.91
14,74.84,65.84,40.92
171,74.85,65.84,40.92
360,74.84,65.84,40.91
994,74.85,65.84,40.91
561,74.84,65.84,40.91
81,74.84,65.84,40.92
42,74.84,65.84,40.92
129,74.84,65.84,40.91
63,74.83,65.85,40.91
30,74.82,65.85,40.91
24330,74.84,65.84,40.9
3173,74.84,65.84,40.91
930,74.84,65.84,40.91
301,74.83,65.85,40.91
10777,74.84,65.84,40.9
3235,74.83,65.85,40.9
72,74.82,65.85,40.91
421,74.82,65.85,40.9
246275,74.85,65.84,40.89
88323,74.85,65.84,40.9
113753,74.84,65.84,40.9
82325,74.85,65.84,40.9
362282,74.84,65.84,40.89
275278,74.85,65.84,40.89
609052,74.85,65.84,40.88
450239,74.85,65.84,40.89
599716,74.84,65.84,40.89
518119,74.85,65.84,40.89
735172,74.84,65.84,40.88
679446,74.85,65.84,40.88
383759,74.84,65.84,40.89
143698,74.84,65.84,40.9
343840,74.84,65.84,40.89
217139,74.83,65.85,40.89
94568,74.84,65.84,40.9
43121,74.83,65.85,40.9
5417,74.82,65.85,40.9
64133,74.82,65.85,40.89
589221,74.84,65.84,40.89
711794,74.84,65.84,40.88
728974,74.84,65.84,40.88
656565,74.83,65.85,40.88
589672,74.84,65.84,40.89
472835,74.83,65.85,40.89
230729,74.82,65.85,40.89
436289,74.82,65.85,40.88
7,74.89,65.85,40.94
7,74.89,65.85,40.94
4,74.92,65.85,40.92
6,74.9,65.85,40.94
43,74.89,65.84,40.93
28,74.91,65.83,40.93
4,74.92,65.85,40.93
33,74.91,65.84,40.92
55,74.89,65.84,40.92
90,74.89,65.83,40.93
158,74.89,65.83,40.92
266,74.87,65.83,40.92
4,74.92,65.85,40.91
31,74.91,65.84,40.9
4,74.92,65.85,40.9
41,74.91,65.84,40.91
83,74.89,65.84,40.91
56,74.91,65.84,40.9
152,74.89,65.84,40.9
38,74.91,65.84,40.89
5,74.93,65.85,40.89
5,74.92,65.85,40.89
43,74.91,65.84,40.88
6,74.92,65.85,40.88
5,74.93,65.85,40.88
89,74.91,65.84,40.89
312,74.89,65.84,40.89
126,74.91,65.84,40.88
624,74.89,65.84,40.88
14,74.83,65.85,40.93
5,74.83,65.86,40.93
15,74.83,65.85,40.93
18,74.83,65.85,40.92
29,74.83,65.85,40.92
5,74.83,65.86,40.93
9,74.83,65.85,40.93
10,74.83,65.85,40.92
15,74.83,65.85,40.92
18,74.82,65.85,40.92
5,74.82,65.86,40.93
8,74.82,65.85,40.92
7,74.83,65.85,40.92
8,74.82,65.85,40.92
10,74.82,65.85,40.92
5,74.82,65.86,40.92
6,74.81,65.86,40.92
8,74.81,65.86,40.92
20,74.82,65.85,40.91
12,74.81,65.85,40.91
28,74.82,65.85,40.91
68,74.82,65.85,40.9
13,74.81,65.85,40.91
22,74.81,65.85,40.9
10,74.8,65.86,40.91
11,74.81,65.85,40.91
13,74.81,65.86,40.91
14,74.81,65.86,40.9
12,74.81,65.85,40.91
14,74.81,65.85,40.9
334,74.82,65.85,40.9
3321,74.82,65.85,40.89
46,74.81,65.85,40.9
243,74.81,65.85,40.89
35479,74.82,65.85,40.89
128140,74.82,65.85,40.88
2352,74.81,65.85,40.89
20087,74.81,65.85,40.88
27,74.81,65.85,40.9
21,74.8,65.85,40.9
55,74.81,65.85,40.89
27,74.8,65.85,40.89
39,74.8,65.86,40.89
50,74.8,65.86,40.88
139,74.81,65.85,40.89
518,74.81,65.85,40.88
39,74.8,65.85,40.89
69,74.8,65.85,40.88
4,74.92,65.85,40.93
604,74.82,65.86,40.79
865,74.81,65.86,40.8
25,74.8,65.86,40.9
20,74.8,65.86,40.9
30,74.8,65.86,40.89
28,74.8,65.87,40.89
13,74.8,65.86,40.91
15,74.8,65.86,40.9
56,74.8,65.87,40.88
42,74.8,65.86,40.89
82,74.79,65.86,40.88
103,74.8,65.87,40.87
141,74.8,65.87,40.87
183,74.8,65.87,40.86
223,74.79,65.86,40.86
289,74.79,65.86,40.85
11,74.8,65.86,40.91
10,74.8,65.86,40.92
11369,74.89,65.83,40.86
116175,74.87,65.83,40.86
8275,74.89,65.83,40.85
60373,74.87,65.83,40.85
11778,74.89,65.83,40.86
149743,74.87,65.83,40.86
8926,74.89,65.83,40.87
119184,74.87,65.83,40.87
662,74.89,65.83,40.81
1080,74.87,65.83,40.81
1193,74.89,65.83,40.82
2690,74.87,65.83,40.82
4760,74.89,65.83,40.84
23780,74.87,65.83,40.84
2386,74.89,65.83,40.83
7970,74.87,65.83,40.83
1413,74.86,65.84,40.81
4312,74.86,65.84,40.82
78244,74.86,65.84,40.84
16951,74.86,65.84,40.83
17248,74.85,65.84,40.83
138657,74.85,65.84,40.84
3540,74.84,65.84,40.82
10681,74.84,65.84,40.83
3931,74.83,65.84,40.83
3048,74.83,65.84,40.83
1332,74.83,65.84,40.82
1451,74.83,65.84,40.82
2927,74.82,65.84,40.83
49781,74.84,65.84,40.83
186721,74.84,65.84,40.84
121045,74.83,65.84,40.84
57290,74.83,65.84,40.84
23180,74.83,65.84,40.83
11549,74.83,65.84,40.83
6050,74.82,65.84,40.83
3886,74.81,65.84,40.83
18222,74.82,65.84,40.84
7077,74.81,65.84,40.84
1048,74.85,65.84,40.81
3360,74.85,65.84,40.82
361,74.84,65.84,40.81
666,74.83,65.85,40.81
1799,74.84,65.84,40.82
940,74.84,65.84,40.81
603,74.83,65.84,40.81
823,74.83,65.84,40.82
1790,74.82,65.84,40.82
882,74.83,65.84,40.81
1073,74.83,65.84,40.82
896,74.82,65.85,40.81
1040,74.82,65.85,40.82
477983,74.86,65.84,40.86
260165,74.86,65.84,40.85
571670,74.86,65.84,40.86
537309,74.86,65.84,40.87
732608,74.85,65.84,40.87
750758,74.85,65.84,40.86
789332,74.84,65.84,40.86
796009,74.84,65.84,40.87
787798,74.83,65.85,40.87
821449,74.84,65.84,40.87
779044,74.83,65.85,40.86
814803,74.84,65.84,40.86
704569,74.83,65.84,40.86
715220,74.83,65.84,40.87
499777,74.82,65.84,40.86
521076,74.82,65.84,40.87
762219,74.84,65.84,40.88
789561,74.84,65.84,40.87
778310,74.83,65.85,40.87
814652,74.84,65.84,40.87
742352,74.83,65.85,40.88
788450,74.84,65.84,40.88
701809,74.83,65.84,40.87
657032,74.83,65.84,40.88
419862,74.82,65.84,40.88
495617,74.82,65.84,40.87
482675,74.85,65.84,40.85
697051,74.85,65.84,40.86
403253,74.84,65.84,40.84
579637,74.84,65.84,40.85
555135,74.83,65.84,40.85
395890,74.83,65.84,40.85
340082,74.83,65.84,40.84
192675,74.83,65.84,40.84
63135,74.82,65.84,40.84
15388,74.81,65.84,40.84
168828,74.82,65.84,40.85
38344,74.81,65.84,40.85
679347,74.84,65.84,40.85
733502,74.84,65.84,40.86
745091,74.83,65.84,40.86
663193,74.83,65.84,40.86
683724,74.83,65.84,40.85
566276,74.83,65.84,40.85
310404,74.82,65.84,40.85
83969,74.81,65.84,40.85
428908,74.82,65.84,40.86
143267,74.81,65.84,40.86
86,74.89,65.85,40.76
337,74.87,65.84,40.78
456,74.89,65.83,40.79
478,74.87,65.83,40.79
74,74.89,65.85,40.77
94,74.87,65.85,40.78
116,74.87,65.85,40.77
102,74.87,65.85,40.77
488,74.86,65.83,40.78
130,74.85,65.85,40.77
900,74.87,65.83,40.79
1336,74.87,65.83,40.8
528,74.86,65.83,40.77
142,74.87,65.85,40.76
155,74.85,65.85,40.77
813,74.85,65.83,40.79
1238,74.85,65.83,40.8
193,74.84,65.85,40.76
482,74.85,65.83,40.77
221,74.84,65.85,40.77
434,74.85,65.83,40.78
207,74.84,65.85,40.78
270,74.83,65.85,40.78
869,74.84,65.83,40.8
648,74.84,65.83,40.79
460,74.83,65.84,40.79
503,74.83,65.84,40.8
1120,74.81,65.85,40.81
967,74.8,65.86,40.8
1274,74.81,65.85,40.82
1171,74.81,65.85,40.82
936,74.8,65.86,40.82
2933,74.8,65.84,40.84
2210,74.8,65.84,40.83
1873,74.81,65.84,40.82
2498,74.81,65.84,40.83
1407,74.81,65.85,40.82
1641,74.81,65.85,40.83
673,74.8,65.85,40.83
578,74.8,65.85,40.84
513,74.79,65.86,40.84
602,74.79,65.86,40.83
1186,74.8,65.85,40.84
683,74.8,65.85,40.84
1198,74.8,65.85,40.83
787,74.8,65.85,40.83
797,74.8,65.86,40.82
1019,74.8,65.85,40.82
961,74.8,65.85,40.83
1149,74.81,65.85,40.82
1158,74.81,65.85,40.83
131179,74.81,65.84,40.88
185749,74.81,65.84,40.87
53462,74.81,65.85,40.87
27055,74.81,65.85,40.88
191535,74.81,65.84,40.86
206121,74.81,65.84,40.87
66172,74.81,65.85,40.87
61557,74.81,65.85,40.86
24633,74.8,65.84,40.86
12214,74.8,65.84,40.85
3985,74.8,65.84,40.84
6618,74.8,65.84,40.85
107,74.79,65.86,40.87
89,74.79,65.86,40.88
96,74.8,65.86,40.87
75,74.8,65.86,40.88
2971,74.8,65.85,40.87
234,74.8,65.85,40.87
1551,74.8,65.85,40.88
137,74.8,65.85,40.88
169,74.79,65.86,40.86
137,74.79,65.86,40.87
153,74.8,65.86,40.86
124,74.8,65.86,40.87
4565,74.8,65.85,40.86
366,74.8,65.85,40.86
3748,74.8,65.85,40.87
298,74.8,65.85,40.87
206,74.79,65.86,40.86
191,74.8,65.86,40.86
235,74.8,65.86,40.85
3061,74.8,65.85,40.86
1803,74.8,65.85,40.85
357,74.8,65.85,40.86
351,74.8,65.85,40.85
333,74.8,65.86,40.85
434,74.8,65.85,40.84
344,74.79,65.86,40.85
416,74.79,65.86,40.84
1146,74.8,65.85,40.84
528,74.8,65.85,40.84
1290,74.8,65.85,40.85
422,74.8,65.85,40.85
804,74.82,65.84,40.79
913,74.82,65.84,40.8
1034,74.81,65.84,40.8
12,74.96,65.84,40.78
11,74.96,65.84,40.79
9,74.95,65.85,40.85
100,74.93,65.83,40.85
106,74.92,65.84,40.85
86,74.93,65.83,40.86
92,74.92,65.84,40.86
348,74.91,65.83,40.85
1302,74.9,65.83,40.85
343,74.91,65.83,40.86
1497,74.9,65.83,40.86
8944,74.89,65.83,40.86
7008,74.89,65.83,40.85
6,74.95,65.85,40.87
66,74.93,65.83,40.87
64,74.92,65.84,40.87
77,74.93,65.83,40.86
79,74.92,65.84,40.86
250,74.91,65.83,40.87
1147,74.9,65.83,40.87
309,74.91,65.83,40.86
1446,74.9,65.83,40.86
7123,74.89,65.83,40.87
9036,74.89,65.83,40.86
151,74.92,65.83,40.82
14,74.95,65.85,40.81
20,74.93,65.85,40.82
24,74.93,65.85,40.81
252,74.91,65.83,40.81
398,74.9,65.83,40.81
254,74.91,65.83,40.82
504,74.9,65.83,40.82
1025,74.89,65.83,40.81
1597,74.89,65.83,40.82
14,74.93,65.85,40.83
116,74.92,65.84,40.84
12,74.95,65.85,40.83
104,74.93,65.83,40.84
133,74.92,65.83,40.83
16,74.93,65.85,40.83
294,74.91,65.83,40.83
710,74.9,65.83,40.83
324,74.91,65.83,40.84
996,74.9,65.83,40.84
2711,74.89,65.83,40.83
4591,74.89,65.83,40.84
78,74.9,65.84,40.74
34,74.93,65.84,40.76
71,74.91,65.84,40.75
30,74.93,65.84,40.77
315,74.92,65.82,40.78
58,74.91,65.85,40.77
111,74.95,65.82,40.8
25,74.94,65.85,40.79
298,74.92,65.82,40.79
46,74.91,65.85,40.79
380,74.9,65.83,40.79
376,74.9,65.83,40.8
689,74.89,65.83,40.79
808,74.89,65.83,40.8
1110,74.88,65.83,40.8
6,74.89,65.85,40.95
125,74.87,65.83,40.93
43,74.88,65.84,40.94
46,74.87,65.84,40.94
8,74.87,65.86,40.94
8,74.88,65.85,40.95
8,74.87,65.85,40.95
8,74.86,65.86,40.95
27,74.86,65.84,40.94
44,74.85,65.84,40.93
7,74.85,65.86,40.94
6,74.84,65.86,40.94
325,74.89,65.83,40.91
770,74.87,65.83,40.91
765,74.89,65.83,40.9
3066,74.87,65.83,40.9
4821,74.89,65.83,40.88
51715,74.87,65.83,40.88
2012,74.89,65.83,40.89
14443,74.87,65.83,40.89
129,74.86,65.84,40.93
335,74.86,65.84,40.92
264,74.85,65.84,40.92
30,74.84,65.84,40.93
102,74.84,65.84,40.92
56,74.84,65.84,40.93
30,74.84,65.84,40.93
40,74.84,65.84,40.92
356787,74.86,65.84,40.88
113706,74.86,65.84,40.89
1668,74.86,65.84,40.91
14820,74.86,65.84,40.9
33316,74.85,65.84,40.9
2437,74.85,65.84,40.91
948,74.84,65.84,40.91
130,74.84,65.84,40.92
63,74.83,65.84,40.92
29,74.83,65.84,40.92
248,74.83,65.84,40.91
114,74.83,65.84,40.91
46,74.82,65.84,40.91
32662,74.84,65.84,40.9
5077,74.84,65.84,40.91
1404,74.83,65.84,40.91
436,74.83,65.84,40.91
13045,74.83,65.84,40.9
3044,74.83,65.84,40.9
88,74.82,65.84,40.91
384,74.82,65.84,40.9
271603,74.85,65.84,40.89
605159,74.85,65.84,40.88
372850,74.84,65.84,40.89
158113,74.84,65.84,40.9
314183,74.83,65.84,40.89
162589,74.83,65.84,40.89
94655,74.83,65.84,40.9
32013,74.83,65.84,40.9
3096,74.82,65.84,40.9
34552,74.82,65.84,40.89
559336,74.84,65.84,40.89
673273,74.84,65.84,40.88
675288,74.83,65.84,40.88
555987,74.83,65.84,40.88
537659,74.83,65.84,40.89
372830,74.83,65.84,40.89
139570,74.82,65.84,40.89
292140,74.82,65.84,40.88
36,74.89,65.84,40.94
6,74.9,65.85,40.94
6,74.9,65.85,40.95
6,74.89,65.85,40.95
57,74.89,65.83,40.94
20,74.92,65.83,40.92
3,74.93,65.85,40.92
3,74.93,65.85,40.93
2,74.95,65.85,40.93
28,74.91,65.83,40.93
47,74.9,65.83,40.93
33,74.91,65.83,40.92
74,74.9,65.83,40.92
128,74.89,65.83,40.93
231,74.89,65.83,40.92
227,74.88,65.83,40.93
305,74.87,65.83,40.93
484,74.88,65.83,40.92
785,74.87,65.83,40.92
24,74.92,65.83,40.91
3,74.93,65.85,40.91
31,74.92,65.84,40.9
4,74.93,65.85,40.9
2,74.95,65.85,40.91
50,74.91,65.83,40.91
126,74.9,65.83,40.91
74,74.91,65.83,40.9
229,74.9,65.83,40.9
1032,74.89,65.83,40.9
476,74.89,65.83,40.91
4,74.95,65.85,40.89
38,74.93,65.83,40.89
4,74.93,65.85,40.9
38,74.92,65.84,40.89
49,74.93,65.83,40.88
49,74.92,65.84,40.88
121,74.91,65.83,40.89
421,74.9,65.83,40.89
179,74.91,65.83,40.88
737,74.9,65.83,40.88
2212,74.89,65.83,40.89
4338,74.89,65.83,40.88
5,74.83,65.86,40.94
17,74.83,65.84,40.93
23,74.83,65.85,40.92
23,74.82,65.84,40.92
9,74.82,65.85,40.93
5,74.81,65.86,40.93
6,74.81,65.86,40.92
10,74.81,65.85,40.92
10,74.82,65.85,40.92
15,74.82,65.85,40.92
10,74.81,65.85,40.92
8,74.81,65.86,40.92
21,74.81,65.84,40.92
30,74.81,65.84,40.91
13,74.81,65.85,40.92
17,74.81,65.85,40.91
45,74.81,65.84,40.91
108,74.81,65.84,40.9
17,74.81,65.85,40.91
36,74.81,65.85,40.9
12,74.81,65.85,40.92
13,74.8,65.85,40.91
14,74.81,65.85,40.91
16,74.8,65.85,40.91
18,74.8,65.85,40.9
17,74.81,65.85,40.91
21,74.81,65.85,40.9
446,74.81,65.84,40.9
1787,74.81,65.84,40.89
68,74.81,65.85,40.9
236,74.81,65.85,40.89
13092,74.81,65.84,40.89
63634,74.81,65.84,40.88
1328,74.81,65.85,40.89
7086,74.81,65.85,40.88
37,74.8,65.85,40.9
25,74.8,65.85,40.9
98,74.8,65.85,40.89
35,74.8,65.85,40.89
48,74.8,65.85,40.89
59,74.8,65.86,40.88
183,74.8,65.85,40.89
520,74.8,65.85,40.88
48,74.8,65.85,40.89
77,74.8,65.85,40.88
3,74.92,65.85,40.95
787,74.81,65.85,40.78
532,74.82,65.85,40.78
962,74.8,65.86,40.8
992,74.8,65.86,40.81
924,74.8,65.85,40.79
29,74.8,65.85,40.9
26,74.8,65.86,40.9
36,74.8,65.85,40.89
32,74.8,65.86,40.89
17,74.8,65.86,40.91
66,74.79,65.86,40.88
51,74.79,65.86,40.89
93,74.79,65.86,40.88
114,74.79,65.86,40.87
149,74.79,65.86,40.87
187,74.79,65.86,40.86
718,74.79,65.86,40.83
230,74.79,65.86,40.86
276,74.79,65.86,40.85
13,74.8,65.86,40.91
4,75.13,65.97,40.36
69203,74.88,65.83,40.86
327254,74.87,65.83,40.86
43126,74.88,65.83,40.85
191671,74.87,65.83,40.85
79195,74.88,65.83,40.86
394554,74.87,65.83,40.86
60041,74.88,65.83,40.87
362315,74.87,65.83,40.87
1790,74.88,65.83,40.81
2737,74.87,65.83,40.81
3834,74.88,65.83,40.82
7692,74.87,65.83,40.82
21506,74.88,65.83,40.84
78004,74.87,65.83,40.84
9269,74.88,65.83,40.83
24796,74.87,65.83,40.83
2796,74.85,65.83,40.81
8745,74.85,65.83,40.82
162709,74.85,65.83,40.84
36462,74.85,65.83,40.83
29510,74.84,65.83,40.83
190626,74.84,65.83,40.84
4905,74.83,65.83,40.82
14691,74.83,65.83,40.83
5413,74.82,65.84,40.83
6060,74.83,65.84,40.83
2491,74.82,65.84,40.82
2031,74.83,65.84,40.82
3531,74.82,65.84,40.82
7371,74.82,65.84,40.83
2398,74.81,65.84,40.82
4199,74.81,65.84,40.83
60127,74.83,65.83,40.83
187238,74.83,65.83,40.84
49235,74.82,65.84,40.84
117031,74.83,65.84,40.84
15169,74.82,65.84,40.83
27619,74.83,65.84,40.83
43736,74.82,65.84,40.84
17389,74.82,65.84,40.83
4895,74.81,65.84,40.83
7621,74.81,65.84,40.83
8036,74.81,65.84,40.84
17425,74.81,65.84,40.84
1615,74.84,65.83,40.81
5125,74.84,65.83,40.82
665,74.83,65.84,40.81
1100,74.82,65.84,40.81
2488,74.83,65.83,40.82
1273,74.83,65.83,40.81
840,74.83,65.84,40.81
1322,74.83,65.84,40.82
1628,74.82,65.84,40.82
595685,74.85,65.83,40.86
415070,74.85,65.83,40.85
652631,74.85,65.83,40.86
631544,74.85,65.83,40.87
689329,74.84,65.83,40.87
707076,74.84,65.83,40.86
744826,74.83,65.84,40.86
604990,74.82,65.84,40.86
619417,74.82,65.84,40.87
502008,74.82,65.84,40.87
485722,74.82,65.84,40.86
348075,74.81,65.84,40.86
366275,74.81,65.84,40.87
724769,74.83,65.84,40.87
602130,74.82,65.84,40.87
545599,74.82,65.84,40.88
423004,74.82,65.84,40.88
482547,74.82,65.84,40.87
279593,74.81,65.84,40.88
343353,74.81,65.84,40.87
493780,74.84,65.83,40.85
661285,74.84,65.83,40.86
374618,74.83,65.83,40.84
538226,74.83,65.83,40.85
300211,74.82,65.84,40.85
488882,74.83,65.84,40.85
146910,74.82,65.84,40.84
299116,74.83,65.84,40.84
221526,74.82,65.84,40.85
109856,74.82,65.84,40.84
14718,74.81,65.84,40.84
44519,74.81,65.84,40.84
26536,74.81,65.84,40.85
110296,74.81,65.84,40.85
632965,74.83,65.83,40.85
689447,74.83,65.83,40.86
552604,74.82,65.84,40.86
687453,74.83,65.84,40.86
451576,74.82,65.84,40.85
617212,74.83,65.84,40.85
431182,74.82,65.84,40.86
339015,74.82,65.84,40.85
48817,74.81,65.84,40.85
202580,74.81,65.84,40.85
78903,74.81,65.84,40.86
290547,74.81,65.84,40.86
138,74.88,65.84,40.74
616,74.89,65.82,40.76
123,74.88,65.85,40.75
570,74.89,65.83,40.77
96,74.88,65.85,40.77
540,74.87,65.83,40.78
798,74.88,65.83,40.79
770,74.87,65.83,40.77
816,74.87,65.83,40.78
720,74.85,65.83,40.78
1705,74.87,65.82,40.79
1686,74.86,65.82,40.79
2473,74.87,65.82,40.8
2656,74.86,65.82,40.8
230,74.85,65.84,40.74
775,74.87,65.82,40.76
734,74.85,65.83,40.77
215,74.85,65.85,40.75
1372,74.84,65.82,40.79
2030,74.84,65.82,40.8
1050,74.84,65.82,40.77
1179,74.84,65.82,40.78
379,74.82,65.85,40.77
667,74.84,65.83,40.77
315,74.83,65.85,40.77
609,74.84,65.83,40.78
390,74.82,65.85,40.78
472,74.83,65.83,40.78
1410,74.83,65.82,40.8
1094,74.83,65.82,40.79
779,74.82,65.83,40.79
914,74.82,65.83,40.8
1369,74.8,65.84,40.81
1632,74.8,65.84,40.82
870,74.79,65.86,40.82
1277,74.8,65.84,40.81
936,74.79,65.86,40.81
1258,74.8,65.85,40.82
4774,74.8,65.84,40.83
7493,74.8,65.84,40.84
2174,74.8,65.84,40.83
2820,74.8,65.84,40.84
2252,74.8,65.84,40.83
681,74.79,65.85,40.83
555,74.79,65.85,40.84
509,74.78,65.86,40.84
866,74.79,65.85,40.83
1201,74.8,65.84,40.83
782,74.79,65.85,40.83
1182,74.8,65.84,40.84
679,74.79,65.85,40.84
1137,74.8,65.85,40.83
35467,74.8,65.84,40.87
55861,74.8,65.84,40.86
48790,74.8,65.84,40.86
30707,74.8,65.84,40.85
13835,74.8,65.84,40.86
7545,74.8,65.84,40.85
11938,74.8,65.84,40.84
19486,74.8,65.84,40.85
3436,74.8,65.84,40.84
4987,74.8,65.84,40.85
107,74.79,65.85,40.87
90,74.79,65.85,40.88
107,74.79,65.85,40.87
89,74.79,65.85,40.88
1607,74.8,65.84,40.87
187,74.79,65.85,40.87
831,74.8,65.84,40.88
127,74.79,65.85,40.88
160,74.79,65.85,40.86
135,74.79,65.85,40.87
162,74.79,65.85,40.86
139,74.79,65.85,40.87
2365,74.8,65.84,40.86
301,74.79,65.85,40.86
1925,74.8,65.84,40.87
253,74.79,65.85,40.87
200,74.79,65.85,40.86
235,74.79,65.85,40.85
205,74.79,65.85,40.86
241,74.79,65.85,40.85
1809,74.8,65.84,40.86
1306,74.8,65.84,40.85
328,74.79,65.85,40.86
342,74.79,65.85,40.85
405,74.79,65.85,40.84
322,74.79,65.85,40.85
346,74.78,65.86,40.85
1072,74.8,65.84,40.84
489,74.79,65.85,40.84
1119,74.8,65.84,40.85
408,74.79,65.85,40.85
761,74.82,65.83,40.78
1194,74.8,65.84,40.79
1150,74.81,65.83,40.79
1317,74.81,65.83,40.8
1251,74.8,65.84,40.8
58,74.92,65.83,40.72
113,74.89,65.84,40.71
6,74.97,65.84,40.83
8,74.96,65.84,40.81
3,74.97,65.84,40.87
5,74.97,65.84,40.85
23,74.94,65.83,40.73
7,74.97,65.83,40.74
21,74.95,65.84,40.75
7,74.97,65.83,40.75
18,74.95,65.84,40.77
6,74.97,65.83,40.77
77,74.96,65.8,40.78
5,74.98,65.84,40.79
75,74.96,65.81,40.79
84,74.95,65.82,40.85
157,74.93,65.83,40.85
143,74.93,65.83,40.86
490,74.92,65.82,40.85
1457,74.91,65.82,40.85
479,74.92,65.82,40.86
1589,74.91,65.82,40.86
7137,74.9,65.82,40.86
42505,74.89,65.82,40.86
6045,74.9,65.82,40.85
30545,74.89,65.82,40.85
68,74.95,65.82,40.87
100,74.93,65.83,40.87
123,74.93,65.83,40.86
357,74.92,65.82,40.87
1212,74.91,65.82,40.87
428,74.92,65.82,40.86
1507,74.91,65.82,40.86
5816,74.9,65.82,40.87
36106,74.89,65.82,40.87
7090,74.9,65.82,40.86
45290,74.89,65.82,40.86
104,74.95,65.82,40.81
20,74.94,65.85,40.81
187,74.93,65.83,40.81
159,74.93,65.83,40.82
329,74.92,65.82,40.81
560,74.91,65.82,40.81
362,74.92,65.82,40.82
728,74.91,65.82,40.82
1505,74.9,65.82,40.81
2737,74.89,65.82,40.81
2107,74.9,65.82,40.82
4879,74.89,65.82,40.82
97,74.95,65.82,40.83
157,74.93,65.83,40.83
152,74.93,65.83,40.84
425,74.92,65.82,40.83
940,74.91,65.82,40.83
462,74.92,65.82,40.84
1206,74.91,65.82,40.84
3114,74.9,65.82,40.83
9470,74.89,65.82,40.83
4484,74.9,65.82,40.84
18140,74.89,65.82,40.84
34,74.93,65.83,40.73
54,74.92,65.84,40.73
538,74.9,65.81,40.74
104,74.89,65.84,40.73
238,74.93,65.81,40.76
46,74.92,65.84,40.75
546,74.9,65.81,40.75
235,74.93,65.81,40.77
613,74.91,65.82,40.77
262,74.93,65.81,40.79
862,74.91,65.82,40.79
1377,74.89,65.82,40.79
1922,74.89,65.82,40.8
2970,74.88,65.81,40.79
4227,74.88,65.81,40.8
5,75.12,65.87,40.36
2,74.97,65.84,40.89
46,74.89,65.83,40.95
5,74.89,65.85,40.96
74,74.87,65.83,40.94
37,74.88,65.84,40.95
156,74.87,65.83,40.94
40,74.87,65.84,40.95
77,74.86,65.84,40.94
8,74.87,65.85,40.95
8,74.86,65.85,40.95
88,74.85,65.84,40.93
37,74.85,65.84,40.94
25,74.84,65.84,40.94
6,74.85,65.86,40.94
7,74.85,65.86,40.95
5,74.83,65.86,40.94
6,74.84,65.86,40.95
1238,74.88,65.83,40.91
2921,74.87,65.83,40.91
3672,74.88,65.83,40.9
15673,74.87,65.83,40.9
31118,74.88,65.83,40.88
235286,74.87,65.83,40.88
12067,74.88,65.83,40.89
84070,74.87,65.83,40.89
276,74.85,65.83,40.93
854,74.85,65.83,40.92
511,74.84,65.83,40.92
172,74.84,65.83,40.93
52,74.83,65.84,40.93
104,74.83,65.84,40.92
506058,74.85,65.83,40.88
242087,74.85,65.83,40.89
5271,74.85,65.83,40.91
45845,74.85,65.83,40.9
54676,74.84,65.83,40.9
4320,74.84,65.83,40.91
1619,74.83,65.83,40.91
273,74.83,65.83,40.92
15,74.82,65.84,40.92
91,74.83,65.84,40.92
225,74.82,65.84,40.91
622,74.83,65.84,40.91
42,74.82,65.84,40.92
271,74.82,65.84,40.91
27,74.81,65.84,40.92
66,74.81,65.84,40.91
38189,74.83,65.83,40.9
8343,74.83,65.83,40.91
663,74.82,65.84,40.91
2800,74.83,65.84,40.91
3212,74.82,65.84,40.9
15754,74.83,65.84,40.9
668,74.82,65.84,40.91
3175,74.82,65.84,40.9
65,74.81,65.84,40.91
492,74.81,65.84,40.9
311834,74.84,65.83,40.89
582059,74.84,65.83,40.88
343296,74.83,65.83,40.89
155093,74.83,65.83,40.9
112213,74.82,65.84,40.89
266874,74.83,65.84,40.89
22471,74.82,65.84,40.9
85561,74.83,65.84,40.9
77025,74.82,65.84,40.89
16259,74.82,65.84,40.9
2432,74.81,65.84,40.9
17268,74.81,65.84,40.89
511272,74.83,65.83,40.89
625037,74.83,65.83,40.88
435846,74.82,65.84,40.88
609506,74.83,65.84,40.88
276835,74.82,65.84,40.89
467128,74.83,65.84,40.89
323643,74.82,65.84,40.88
193987,74.82,65.84,40.89
76847,74.81,65.84,40.89
183604,74.81,65.84,40.88
23,74.92,65.82,40.95
5,74.91,65.85,40.95
30,74.9,65.83,40.95
39,74.9,65.83,40.94
50,74.89,65.83,40.95
79,74.89,65.83,40.94
128,74.88,65.83,40.94
272,74.87,65.82,40.94
12,74.95,65.82,40.92
2,74.94,65.85,40.93
14,74.93,65.83,40.93
20,74.93,65.83,40.92
28,74.92,65.82,40.93
58,74.91,65.83,40.93
40,74.92,65.82,40.92
94,74.91,65.82,40.92
159,74.9,65.82,40.93
331,74.89,65.82,40.93
284,74.9,65.82,40.92
714,74.89,65.82,40.92
548,74.87,65.82,40.93
665,74.86,65.82,40.93
1390,74.87,65.82,40.92
1907,74.86,65.82,40.92
23,74.95,65.82,40.91
23,74.93,65.83,40.91
34,74.93,65.83,40.9
69,74.92,65.82,40.91
161,74.91,65.82,40.91
106,74.92,65.82,40.9
289,74.91,65.82,40.9
1190,74.9,65.82,40.9
4304,74.89,65.82,40.9
588,74.9,65.82,40.91
1769,74.89,65.82,40.91
44,74.95,65.82,40.89
43,74.93,65.83,40.89
73,74.93,65.83,40.88
180,74.92,65.82,40.89
508,74.91,65.82,40.89
254,74.92,65.82,40.88
833,74.91,65.82,40.88
2305,74.9,65.82,40.89
10341,74.89,65.82,40.89
3945,74.9,65.82,40.88
22021,74.89,65.82,40.88
5,74.83,65.86,40.95
5,74.82,65.86,40.94
16,74.83,65.84,40.94
5,74.81,65.86,40.94
28,74.82,65.84,40.93
41,74.82,65.84,40.92
6,74.8,65.86,40.93
12,74.81,65.84,40.93
14,74.81,65.85,40.92
11,74.81,65.85,40.92
10,74.8,65.86,40.92
33,74.8,65.84,40.91
84,74.8,65.84,40.9
28,74.79,65.85,40.9
17,74.8,65.85,40.91
24,74.8,65.85,40.9
641,74.8,65.84,40.89
5208,74.8,65.84,40.88
41,74.8,65.84,40.9
31,74.79,65.85,40.9
95,74.8,65.84,40.89
41,74.79,65.85,40.89
71,74.79,65.85,40.88
57,74.79,65.85,40.89
68,74.79,65.85,40.88
83,74.8,65.84,40.89
344,74.8,65.84,40.88
53,74.79,65.85,40.89
78,74.79,65.85,40.88
2,74.92,65.85,40.96
3,74.91,65.85,40.97
711,74.81,65.85,40.78
628,74.81,65.85,40.77
1024,74.8,65.86,40.79
1020,74.79,65.86,40.81
1008,74.8,65.85,40.79
35,74.79,65.85,40.9
30,74.8,65.86,40.9
43,74.79,65.85,40.89
38,74.79,65.86,40.89
26,74.79,65.86,40.9
76,74.79,65.86,40.88
60,74.79,65.86,40.89
99,74.79,65.86,40.88
124,74.79,65.86,40.87
155,74.79,65.86,40.87
187,74.79,65.86,40.86
714,74.79,65.86,40.83
237,74.78,65.86,40.86
8,74.8,65.86,40.93
16,74.79,65.86,40.92
2,75.13,65.85,40.39
2,75.08,66.03,40.36
63,75.07,65.92,40.36
9,75.08,65.9,40.29
4,75.02,65.85,40.24
204,74.86,65.84,40.71
216903,74.87,65.82,40.86
483474,74.86,65.82,40.86
138007,74.87,65.82,40.85
339111,74.86,65.82,40.85
255561,74.87,65.82,40.86
538721,74.86,65.82,40.86
230000,74.87,65.82,40.87
514242,74.86,65.82,40.87
4513,74.87,65.82,40.81
5684,74.86,65.82,40.81
10551,74.87,65.82,40.82
16114,74.86,65.82,40.82
67897,74.87,65.82,40.84
161637,74.86,65.82,40.84
27451,74.87,65.82,40.83
54033,74.86,65.82,40.83
4295,74.84,65.82,40.81
13676,74.84,65.82,40.82
235505,74.84,65.82,40.84
60282,74.84,65.82,40.83
38567,74.83,65.82,40.83
190162,74.83,65.82,40.84
13598,74.82,65.83,40.83
5996,74.81,65.83,40.83
97018,74.82,65.83,40.84
21874,74.81,65.83,40.84
2361,74.83,65.82,40.81
7135,74.83,65.82,40.82
1272,74.82,65.83,40.81
1666,74.81,65.83,40.81
2765,74.82,65.83,40.82
2615,74.81,65.83,40.82
610104,74.84,65.82,40.86
474519,74.84,65.82,40.85
650947,74.84,65.82,40.86
633687,74.84,65.82,40.87
615973,74.83,65.82,40.87
634909,74.83,65.82,40.86
623141,74.82,65.83,40.86
251448,74.81,65.83,40.86
596985,74.82,65.83,40.87
220001,74.81,65.83,40.87
438190,74.83,65.82,40.85
588198,74.83,65.82,40.86
341635,74.82,65.83,40.85
81773,74.81,65.83,40.85
550668,74.82,65.83,40.86
188248,74.81,65.83,40.86
860,74.88,65.81,40.74
186,74.86,65.84,40.73
938,74.88,65.82,40.75
1173,74.88,65.82,40.77
1181,74.86,65.82,40.77
1480,74.86,65.82,40.78
1903,74.85,65.82,40.77
2331,74.85,65.82,40.78
3250,74.86,65.81,40.79
2882,74.85,65.82,40.79
5307,74.86,65.81,40.8
4580,74.85,65.82,40.8
302,74.84,65.85,40.75
1189,74.85,65.81,40.74
334,74.84,65.84,40.73
1208,74.85,65.82,40.75
382,74.82,65.85,40.75
2208,74.84,65.82,40.79
3140,74.84,65.82,40.8
1579,74.84,65.82,40.77
1852,74.84,65.82,40.78
473,74.82,65.85,40.77
713,74.82,65.83,40.77
924,74.83,65.82,40.77
966,74.83,65.82,40.78
721,74.82,65.83,40.78
2253,74.82,65.82,40.8
1751,74.82,65.82,40.79
1260,74.82,65.83,40.79
1531,74.82,65.83,40.8
1608,74.8,65.83,40.81
1845,74.8,65.83,40.82
1039,74.78,65.84,40.82
851,74.78,65.86,40.82
1345,74.79,65.84,40.81
1242,74.79,65.84,40.82
3358,74.8,65.83,40.84
2290,74.8,65.83,40.83
509,74.79,65.85,40.84
429,74.77,65.86,40.84
811,74.79,65.85,40.83
896,74.79,65.84,40.84
1113,74.79,65.84,40.83
5884,74.8,65.83,40.87
11368,74.8,65.83,40.86
10206,74.8,65.83,40.86
5951,74.8,65.83,40.85
99,74.78,65.85,40.87
325,74.79,65.84,40.87
141,74.78,65.85,40.86
624,74.79,65.84,40.86
192,74.78,65.85,40.86
684,74.79,65.84,40.86
316,74.77,65.86,40.84
290,74.78,65.85,40.85
685,74.79,65.84,40.85
1052,74.81,65.83,40.78
1022,74.81,65.83,40.77
1405,74.8,65.83,40.79
1563,74.8,65.83,40.79
1789,74.8,65.83,40.8
1475,74.8,65.83,40.8
1376,74.79,65.84,40.8
2,75.13,65.85,40.46
5,74.98,65.82,40.71
115,74.89,65.83,40.7
36,74.93,65.83,40.71
397,74.92,65.79,40.72
77,74.91,65.83,40.71
762,74.89,65.8,40.72
145,74.88,65.84,40.71
2,74.98,65.84,40.83
2,74.99,65.84,40.81
60,74.96,65.81,40.83
4,74.98,65.84,40.81
64,74.96,65.81,40.81
2,74.98,65.84,40.85
37,74.96,65.81,40.87
51,74.96,65.81,40.85
145,74.94,65.79,40.74
12,74.96,65.83,40.73
4,74.99,65.83,40.73
35,74.97,65.79,40.74
12,74.96,65.83,40.75
150,74.95,65.8,40.75
3,74.99,65.83,40.75
40,74.97,65.79,40.75
2,75,65.83,40.79
3,74.99,65.83,40.77
40,74.97,65.79,40.77
170,74.95,65.8,40.77
39,74.97,65.8,40.79
230,74.95,65.8,40.79
427,74.93,65.82,40.85
1730,74.91,65.82,40.85
1795,74.91,65.82,40.86
6473,74.91,65.81,40.86
5911,74.91,65.81,40.85
28561,74.89,65.81,40.86
142621,74.88,65.81,40.86
22602,74.89,65.81,40.85
99046,74.88,65.81,40.85
348,74.93,65.82,40.87
1387,74.91,65.82,40.87
1674,74.91,65.82,40.86
6355,74.91,65.81,40.86
5391,74.91,65.81,40.87
24433,74.89,65.81,40.87
143143,74.88,65.81,40.87
29399,74.89,65.81,40.86
162192,74.88,65.81,40.86
313,74.93,65.82,40.81
805,74.91,65.82,40.81
1017,74.91,65.82,40.82
2072,74.91,65.81,40.81
2717,74.91,65.81,40.82
3967,74.89,65.81,40.81
7048,74.88,65.81,40.81
6158,74.89,65.81,40.82
13184,74.88,65.81,40.82
396,74.93,65.82,40.83
1270,74.91,65.82,40.83
1511,74.91,65.82,40.84
3735,74.91,65.81,40.83
4753,74.91,65.81,40.84
9737,74.89,65.81,40.83
27414,74.88,65.81,40.83
15588,74.89,65.81,40.84
56238,74.88,65.81,40.84
308,74.93,65.79,40.73
448,74.93,65.79,40.75
407,74.92,65.8,40.73
856,74.89,65.8,40.73
472,74.92,65.8,40.75
1236,74.89,65.8,40.75
699,74.93,65.79,40.77
1108,74.93,65.79,40.79
727,74.92,65.8,40.77
2117,74.89,65.81,40.77
1193,74.92,65.8,40.79
4185,74.89,65.81,40.79
5846,74.87,65.81,40.79
9702,74.87,65.81,40.8
40,75.07,65.85,40.36
14,74.92,65.82,40.96
2,74.96,65.81,40.95
5,74.96,65.81,40.93
11,74.96,65.81,40.91
22,74.96,65.81,40.89
81,74.88,65.83,40.95
37,74.89,65.83,40.96
6,74.88,65.85,40.97
151,74.87,65.82,40.95
307,74.86,65.82,40.94
93,74.87,65.83,40.95
56,74.87,65.83,40.95
147,74.85,65.83,40.94
58,74.86,65.83,40.95
7,74.87,65.85,40.96
56,74.85,65.84,40.94
33,74.85,65.84,40.95
36,74.83,65.84,40.94
24,74.84,65.84,40.95
101,74.84,65.83,40.94
6,74.85,65.85,40.95
6,74.83,65.86,40.95
4131,74.87,65.82,40.91
8256,74.86,65.82,40.91
14854,74.87,65.82,40.9
48960,74.86,65.82,40.9
148413,74.87,65.82,40.88
399995,74.86,65.82,40.88
57533,74.87,65.82,40.89
195605,74.86,65.82,40.89
504,74.84,65.82,40.93
1638,74.84,65.82,40.92
252,74.84,65.82,40.94
784,74.83,65.82,40.92
274,74.83,65.82,40.93
89,74.82,65.83,40.93
183,74.82,65.83,40.92
538180,74.84,65.82,40.88
319796,74.84,65.82,40.89
10427,74.84,65.82,40.91
81394,74.84,65.82,40.9
59220,74.83,65.82,40.9
5746,74.83,65.82,40.91
1219,74.82,65.83,40.91
141,74.81,65.83,40.91
18516,74.82,65.83,40.9
914,74.81,65.83,40.9
280765,74.83,65.82,40.89
508494,74.83,65.82,40.88
172430,74.82,65.83,40.89
12098,74.81,65.83,40.89
443401,74.82,65.83,40.88
107455,74.81,65.83,40.88
29,74.91,65.82,40.97
13,74.93,65.81,40.95
62,74.91,65.82,40.95
103,74.89,65.82,40.95
185,74.89,65.82,40.94
214,74.88,65.81,40.95
405,74.88,65.81,40.94
566,74.86,65.81,40.94
572,74.85,65.82,40.94
28,74.93,65.82,40.93
64,74.91,65.82,40.93
114,74.91,65.82,40.92
181,74.91,65.81,40.93
330,74.91,65.81,40.92
417,74.89,65.81,40.93
814,74.88,65.81,40.93
904,74.89,65.81,40.92
2102,74.88,65.81,40.92
1227,74.86,65.81,40.93
1289,74.85,65.82,40.93
3420,74.86,65.81,40.92
3878,74.85,65.82,40.92
81,74.93,65.82,40.91
198,74.91,65.82,40.91
359,74.91,65.82,40.9
698,74.91,65.81,40.91
1290,74.91,65.81,40.9
4734,74.89,65.81,40.9
14814,74.88,65.81,40.9
2146,74.89,65.81,40.91
5651,74.88,65.81,40.91
195,74.93,65.82,40.89
635,74.91,65.82,40.89
979,74.91,65.82,40.88
2475,74.91,65.81,40.89
3888,74.91,65.81,40.88
9181,74.89,65.81,40.89
40757,74.88,65.81,40.89
16592,74.89,65.81,40.88
93075,74.88,65.81,40.88
13,74.91,65.81,40.98
15,74.83,65.84,40.95
5,74.82,65.85,40.95
21,74.82,65.84,40.94
11,74.81,65.84,40.94
5,74.8,65.86,40.94
44,74.81,65.83,40.93
69,74.81,65.83,40.92
16,74.8,65.84,40.93
23,74.8,65.84,40.92
13,74.8,65.84,40.93
14,74.8,65.85,40.92
12,74.79,65.86,40.92
50,74.8,65.83,40.91
91,74.8,65.83,40.9
25,74.78,65.85,40.91
33,74.79,65.85,40.9
23,74.79,65.84,40.91
34,74.79,65.84,40.9
292,74.8,65.83,40.89
1671,74.8,65.83,40.88
58,74.79,65.84,40.89
71,74.78,65.85,40.88
127,74.79,65.84,40.88
2,74.91,65.84,40.99
4,74.88,65.85,40.99
413,74.82,65.84,40.74
950,74.8,65.85,40.77
1059,74.79,65.86,40.8
1028,74.78,65.86,40.8
974,74.78,65.86,40.81
1084,74.79,65.85,40.78
48,74.79,65.85,40.89
37,74.79,65.86,40.9
46,74.79,65.86,40.89
31,74.78,65.86,40.9
81,74.78,65.86,40.88
121,74.78,65.86,40.87
170,74.78,65.86,40.86
624,74.78,65.86,40.83
209,74.77,65.86,40.86
260,74.77,65.86,40.85
10,74.79,65.86,40.93
22,74.78,65.86,40.91
78,75.07,65.85,40.39
5,75.03,65.98,40.36
96,75.02,65.88,40.36
3,74.92,65.97,40.24
4,75.03,65.96,40.29
5,74.97,65.91,40.24
25,75.02,65.85,40.29
9,74.96,65.8,40.24
1240,74.86,65.8,40.72
212,74.86,65.83,40.7
286,74.85,65.84,40.71
163,74.88,65.83,40.69
360,74.84,65.84,40.72
371221,74.86,65.81,40.86
544934,74.85,65.82,40.86
267915,74.86,65.81,40.85
428375,74.85,65.82,40.85
414962,74.86,65.81,40.86
581078,74.85,65.82,40.86
390637,74.86,65.81,40.87
562218,74.85,65.82,40.87
9912,74.86,65.81,40.81
9296,74.85,65.82,40.81
23466,74.86,65.81,40.82
26645,74.85,65.82,40.82
146438,74.86,65.81,40.84
243960,74.85,65.82,40.84
62082,74.86,65.81,40.83
90211,74.85,65.82,40.83
5814,74.84,65.82,40.81
18259,74.84,65.82,40.82
260432,74.84,65.82,40.84
78631,74.84,65.82,40.83
41128,74.82,65.82,40.83
161803,74.82,65.82,40.84
16449,74.82,65.83,40.83
6014,74.8,65.83,40.83
75590,74.82,65.83,40.84
15775,74.8,65.83,40.84
3473,74.82,65.82,40.81
9273,74.82,65.82,40.82
2142,74.82,65.83,40.81
2189,74.8,65.83,40.81
4471,74.82,65.83,40.82
3169,74.8,65.83,40.82
575925,74.84,65.82,40.86
464198,74.84,65.82,40.85
611068,74.84,65.82,40.86
593984,74.84,65.82,40.87
510918,74.82,65.82,40.87
533487,74.82,65.82,40.86
441619,74.82,65.83,40.86
114993,74.8,65.83,40.86
411636,74.82,65.83,40.87
92685,74.8,65.83,40.87
353021,74.82,65.82,40.85
488580,74.82,65.82,40.86
226112,74.82,65.83,40.85
43989,74.8,65.83,40.85
378718,74.82,65.83,40.86
90018,74.8,65.83,40.86
1353,74.86,65.81,40.73
2005,74.86,65.81,40.75
3544,74.86,65.81,40.77
2837,74.84,65.81,40.77
3745,74.84,65.81,40.78
9918,74.86,65.8,40.79
16075,74.86,65.8,40.8
4910,74.84,65.81,40.79
5590,74.86,65.81,40.79
7702,74.84,65.81,40.8
9417,74.86,65.81,40.8
2013,74.84,65.81,40.75
1727,74.84,65.81,40.73
1330,74.82,65.81,40.74
1209,74.82,65.82,40.76
625,74.81,65.85,40.75
10257,74.84,65.8,40.8
6792,74.84,65.8,40.79
3071,74.83,65.81,40.79
4496,74.83,65.81,40.8
3905,74.84,65.8,40.77
5084,74.84,65.8,40.78
2228,74.83,65.81,40.77
2682,74.83,65.81,40.78
1351,74.82,65.82,40.77
1550,74.82,65.82,40.78
990,74.82,65.83,40.77
1106,74.82,65.83,40.78
3721,74.82,65.81,40.8
2712,74.82,65.81,40.79
1874,74.81,65.82,40.79
2314,74.81,65.82,40.8
1789,74.79,65.83,40.81
1903,74.79,65.83,40.82
976,74.78,65.84,40.82
765,74.77,65.85,40.82
1168,74.78,65.84,40.81
1352,74.78,65.84,40.81
1217,74.78,65.84,40.82
2059,74.79,65.83,40.84
1982,74.79,65.83,40.83
390,74.77,65.86,40.83
424,74.78,65.84,40.84
672,74.78,65.84,40.83
666,74.78,65.84,40.84
967,74.78,65.84,40.83
124,74.77,65.85,40.87
162,74.77,65.85,40.86
207,74.77,65.85,40.86
250,74.77,65.85,40.85
1648,74.79,65.83,40.87
2836,74.79,65.83,40.86
3086,74.79,65.83,40.86
2341,74.79,65.83,40.85
117,74.78,65.84,40.87
211,74.78,65.84,40.87
156,74.78,65.84,40.86
308,74.78,65.84,40.86
204,74.78,65.84,40.86
371,74.78,65.84,40.86
278,74.78,65.84,40.85
443,74.78,65.84,40.85
1584,74.8,65.82,40.77
1934,74.8,65.82,40.79
2190,74.8,65.82,40.8
1591,74.79,65.83,40.79
1693,74.79,65.83,40.8
1512,74.78,65.83,40.79
1458,74.78,65.83,40.8
145,75.06,65.84,40.46
12,74.96,65.82,40.63
2,75.02,65.77,40.7
4,74.98,65.82,40.63
19,74.98,65.77,40.71
15,74.96,65.82,40.7
54,74.92,65.83,40.69
17,74.96,65.82,40.67
86,74.9,65.83,40.69
754,74.89,65.79,40.7
274,74.93,65.79,40.71
39,74.93,65.83,40.7
657,74.9,65.79,40.71
1281,74.88,65.79,40.71
13,74.98,65.8,40.83
14,74.99,65.8,40.82
40,74.97,65.8,40.83
351,74.95,65.8,40.83
40,74.97,65.8,40.81
296,74.95,65.8,40.81
7,74.99,65.8,40.87
10,74.99,65.8,40.85
22,74.97,65.8,40.87
266,74.95,65.8,40.87
32,74.97,65.8,40.85
348,74.95,65.8,40.85
19,74.98,65.78,40.73
80,74.96,65.78,40.73
20,74.99,65.78,40.75
99,74.96,65.79,40.75
8,75,65.79,40.79
22,74.99,65.78,40.77
132,74.96,65.79,40.77
24,74.99,65.78,40.79
174,74.96,65.79,40.79
2561,74.93,65.79,40.85
2163,74.93,65.79,40.87
3622,74.92,65.8,40.85
22014,74.9,65.8,40.86
19025,74.9,65.8,40.85
64669,74.89,65.8,40.86
54096,74.89,65.8,40.85
277077,74.87,65.81,40.86
93655,74.88,65.81,40.86
208675,74.87,65.81,40.85
71771,74.88,65.81,40.85
3250,74.92,65.8,40.87
22145,74.9,65.8,40.86
18918,74.9,65.8,40.87
68532,74.89,65.8,40.86
58136,74.89,65.8,40.87
283813,74.87,65.81,40.87
88082,74.88,65.81,40.87
305795,74.87,65.81,40.86
101865,74.88,65.81,40.86
1692,74.93,65.79,40.81
2292,74.93,65.79,40.83
1958,74.92,65.8,40.81
5244,74.9,65.8,40.81
7535,74.9,65.8,40.82
11955,74.89,65.8,40.81
17402,74.89,65.8,40.82
16579,74.87,65.81,40.81
10309,74.88,65.81,40.81
30780,74.87,65.81,40.82
16124,74.88,65.81,40.82
2921,74.92,65.8,40.83
10644,74.9,65.8,40.83
14706,74.9,65.8,40.84
38500,74.89,65.8,40.84
26878,74.89,65.8,40.83
64025,74.87,65.81,40.83
27688,74.88,65.81,40.83
126988,74.87,65.81,40.84
46015,74.88,65.81,40.84
262,74.94,65.77,40.73
381,74.94,65.77,40.75
563,74.94,65.77,40.77
815,74.94,65.77,40.79
986,74.92,65.78,40.73
1614,74.92,65.78,40.75
944,74.9,65.79,40.73
1901,74.88,65.79,40.73
1522,74.9,65.79,40.75
3280,74.88,65.79,40.75
2759,74.92,65.78,40.77
4846,74.92,65.78,40.79
2764,74.9,65.79,40.77
6657,74.88,65.79,40.77
5413,74.9,65.79,40.79
16329,74.88,65.79,40.79
5,75.07,65.79,40.29
2,75.01,65.74,40.24
21,75.07,65.79,40.37
3,74.93,65.81,40.98
7,74.93,65.81,40.97
7,74.95,65.8,40.95
3,74.97,65.8,40.93
21,74.95,65.8,40.93
2,74.99,65.8,40.91
4,74.99,65.8,40.89
7,74.97,65.8,40.91
62,74.95,65.8,40.91
14,74.97,65.8,40.89
150,74.95,65.8,40.89
270,74.86,65.81,40.95
71,74.88,65.82,40.97
4,74.85,65.85,40.99
163,74.86,65.82,40.95
58,74.87,65.83,40.96
7,74.85,65.85,40.97
93,74.85,65.83,40.95
255,74.85,65.82,40.95
141,74.84,65.82,40.95
60,74.82,65.83,40.94
161,74.83,65.82,40.94
65,74.84,65.83,40.95
45,74.85,65.84,40.95
31,74.83,65.84,40.95
6,74.84,65.85,40.96
5,74.82,65.85,40.96
11333,74.86,65.81,40.91
17939,74.85,65.82,40.91
46737,74.86,65.81,40.9
93899,74.85,65.82,40.9
297768,74.86,65.81,40.88
473704,74.85,65.82,40.88
150162,74.86,65.81,40.89
290403,74.85,65.82,40.89
768,74.84,65.82,40.93
2582,74.84,65.82,40.92
411,74.84,65.82,40.94
245,74.82,65.82,40.94
90,74.82,65.83,40.94
1088,74.82,65.82,40.92
389,74.82,65.82,40.93
132,74.82,65.83,40.93
257,74.82,65.83,40.92
510628,74.84,65.82,40.88
328006,74.84,65.82,40.89
15898,74.84,65.82,40.91
101845,74.84,65.82,40.9
50380,74.82,65.82,40.9
6078,74.82,65.82,40.91
1042,74.82,65.83,40.91
172,74.8,65.83,40.91
11325,74.82,65.83,40.9
533,74.8,65.83,40.9
215325,74.82,65.82,40.89
407977,74.82,65.82,40.88
101850,74.82,65.83,40.89
3930,74.8,65.83,40.89
285437,74.82,65.83,40.88
33959,74.8,65.83,40.88
7,74.92,65.8,40.99
21,74.92,65.8,40.97
92,74.89,65.81,40.97
133,74.93,65.79,40.93
39,74.93,65.79,40.95
60,74.92,65.8,40.95
312,74.89,65.81,40.95
384,74.87,65.81,40.95
905,74.87,65.81,40.94
673,74.86,65.8,40.95
1675,74.86,65.8,40.94
458,74.86,65.81,40.95
1052,74.84,65.81,40.94
1180,74.86,65.81,40.94
191,74.92,65.8,40.93
442,74.9,65.8,40.93
1008,74.9,65.8,40.92
1149,74.89,65.8,40.93
2825,74.89,65.8,40.92
1908,74.87,65.81,40.93
1078,74.88,65.81,40.93
5327,74.87,65.81,40.92
2769,74.88,65.81,40.92
3899,74.86,65.8,40.93
10490,74.86,65.8,40.92
2252,74.84,65.81,40.93
2636,74.86,65.81,40.93
7014,74.84,65.81,40.92
7709,74.86,65.81,40.92
457,74.93,65.79,40.91
1253,74.93,65.79,40.89
680,74.92,65.8,40.91
2229,74.9,65.8,40.91
4646,74.9,65.8,40.9
7003,74.89,65.8,40.91
13877,74.89,65.8,40.9
43617,74.87,65.81,40.9
15476,74.88,65.81,40.9
14889,74.87,65.81,40.91
7428,74.88,65.81,40.91
1905,74.92,65.8,40.89
8566,74.9,65.8,40.89
14042,74.9,65.8,40.88
43682,74.89,65.8,40.88
26248,74.89,65.8,40.89
113912,74.87,65.81,40.89
32068,74.88,65.81,40.89
214077,74.87,65.81,40.88
60157,74.88,65.81,40.88
33,74.88,65.82,40.99
6,74.9,65.81,41
28,74.89,65.81,40.99
19,74.82,65.84,40.95
5,74.81,65.85,40.95
5,74.81,65.85,40.95
32,74.81,65.83,40.94
6,74.8,65.85,40.94
14,74.81,65.84,40.94
64,74.8,65.83,40.93
102,74.8,65.83,40.92
25,74.8,65.83,40.93
34,74.8,65.83,40.92
16,74.79,65.84,40.93
15,74.78,65.86,40.93
19,74.79,65.84,40.92
70,74.79,65.83,40.91
121,74.79,65.83,40.9
30,74.78,65.84,40.91
42,74.78,65.84,40.9
33,74.78,65.84,40.91
49,74.78,65.84,40.9
243,74.79,65.83,40.89
643,74.79,65.83,40.88
77,74.78,65.84,40.89
84,74.78,65.84,40.88
128,74.78,65.84,40.88
2,74.89,65.84,40.99
2,74.88,65.84,41
4,74.86,65.85,40.99
3,74.85,65.84,41
590,74.81,65.84,40.73
835,74.8,65.85,40.76
1166,74.78,65.85,40.77
1089,74.78,65.85,40.8
1130,74.78,65.85,40.79
954,74.77,65.85,40.81
60,74.78,65.84,40.89
41,74.78,65.86,40.9
52,74.78,65.86,40.89
98,74.77,65.85,40.88
87,74.77,65.86,40.89
123,74.77,65.86,40.87
159,74.77,65.86,40.86
326,74.76,65.86,40.84
517,74.77,65.86,40.83
195,74.76,65.86,40.86
254,74.76,65.86,40.85
9,74.79,65.85,40.94
13,74.78,65.85,40.93
20,74.78,65.86,40.92
48,74.77,65.86,40.91
27,74.78,65.86,40.91
208,75.02,65.85,40.39
64,74.96,65.86,40.36
9,74.97,65.93,40.36
266,75.02,65.84,40.46
7,74.92,65.97,40.29
9,74.86,65.92,40.24
16,74.97,65.91,40.29
12,74.91,65.86,40.24
152,75.02,65.81,40.37
38,74.96,65.8,40.29
13,74.9,65.75,40.24
1936,74.85,65.8,40.71
1274,74.86,65.8,40.7
1103,74.88,65.79,40.7
196,74.88,65.83,40.67
314,74.85,65.83,40.69
420,74.83,65.83,40.69
542,74.82,65.83,40.69
493,74.82,65.84,40.71
1708,74.84,65.8,40.72
382,74.85,65.82,40.64
382325,74.86,65.8,40.86
308949,74.86,65.8,40.85
542719,74.84,65.81,40.86
464629,74.86,65.81,40.86
450772,74.84,65.81,40.85
370245,74.86,65.81,40.85
408237,74.86,65.8,40.86
387649,74.86,65.8,40.87
570611,74.84,65.81,40.86
497355,74.86,65.81,40.86
552773,74.84,65.81,40.87
476693,74.86,65.81,40.87
55591,74.86,65.8,40.82
28582,74.86,65.8,40.81
14097,74.84,65.81,40.81
17033,74.86,65.81,40.81
37872,74.84,65.81,40.82
41440,74.86,65.81,40.82
207594,74.86,65.8,40.84
115552,74.86,65.8,40.83
289256,74.84,65.81,40.84
230826,74.86,65.81,40.84
124586,74.84,65.81,40.83
109633,74.86,65.81,40.83
46661,74.84,65.8,40.82
18388,74.84,65.8,40.81
7106,74.83,65.81,40.81
21651,74.83,65.81,40.82
295241,74.84,65.8,40.84
141901,74.84,65.8,40.83
245772,74.83,65.81,40.84
86609,74.83,65.81,40.83
39750,74.82,65.81,40.83
125043,74.82,65.81,40.84
16063,74.81,65.82,40.83
5333,74.8,65.82,40.83
53911,74.81,65.82,40.84
9887,74.8,65.82,40.84
5626,74.82,65.81,40.81
12353,74.82,65.81,40.82
3170,74.81,65.82,40.81
2607,74.8,65.82,40.81
5899,74.81,65.82,40.82
3518,74.8,65.82,40.82
513001,74.84,65.8,40.86
431212,74.84,65.8,40.85
520259,74.83,65.81,40.86
416926,74.83,65.81,40.85
516344,74.84,65.8,40.87
534758,74.84,65.8,40.86
549914,74.83,65.81,40.86
530783,74.83,65.81,40.87
380410,74.82,65.81,40.87
404027,74.82,65.81,40.86
272732,74.81,65.82,40.86
39637,74.8,65.82,40.86
245782,74.81,65.82,40.87
25071,74.8,65.82,40.87
261233,74.82,65.81,40.85
362880,74.82,65.81,40.86
138658,74.81,65.82,40.85
20003,74.8,65.82,40.85
230505,74.81,65.82,40.86
35443,74.8,65.82,40.86
2662,74.85,65.8,40.73
4307,74.85,65.8,40.75
8032,74.85,65.8,40.77
19399,74.85,65.8,40.79
3502,74.82,65.8,40.75
2783,74.82,65.8,40.73
1802,74.81,65.81,40.73
1774,74.81,65.81,40.75
8975,74.82,65.8,40.79
4968,74.82,65.8,40.77
2128,74.81,65.81,40.77
4876,74.81,65.81,40.8
3535,74.81,65.81,40.79
2412,74.8,65.81,40.79
3039,74.8,65.81,40.8
325,74.76,65.84,40.84
1868,74.78,65.82,40.81
1863,74.78,65.82,40.82
702,74.76,65.85,40.81
842,74.77,65.84,40.82
1107,74.77,65.83,40.81
1344,74.78,65.83,40.81
1127,74.78,65.83,40.82
879,74.76,65.85,40.81
1368,74.78,65.82,40.84
1624,74.78,65.82,40.83
377,74.77,65.84,40.84
551,74.77,65.84,40.83
533,74.78,65.83,40.84
791,74.78,65.83,40.83
134,74.76,65.84,40.87
165,74.76,65.84,40.86
208,74.76,65.84,40.86
260,74.76,65.84,40.85
814,74.78,65.82,40.87
1143,74.78,65.82,40.86
1267,74.78,65.82,40.86
1181,74.78,65.82,40.85
137,74.77,65.84,40.87
218,74.78,65.83,40.87
173,74.77,65.84,40.86
272,74.78,65.83,40.86
217,74.77,65.84,40.86
320,74.78,65.83,40.86
275,74.77,65.84,40.85
377,74.78,65.83,40.85
1508,74.8,65.82,40.76
1986,74.78,65.81,40.77
1708,74.77,65.82,40.78
2175,74.78,65.82,40.79
1529,74.77,65.83,40.79
9,75.06,65.84,40.54
30,75.07,65.79,40.45
39,75.01,65.84,40.52
4,74.99,65.83,40.58
34,74.93,65.83,40.58
87,74.9,65.82,40.63
11,74.96,65.83,40.59
31,74.96,65.76,40.62
37,74.93,65.82,40.63
201,75.02,65.81,40.45
3,75.01,65.75,40.66
5,74.98,65.82,40.66
6,75.01,65.76,40.71
11,74.98,65.74,40.63
45,74.93,65.82,40.65
133,74.96,65.77,40.71
639,74.92,65.78,40.71
85,74.96,65.76,40.67
431,74.92,65.78,40.69
261,74.93,65.78,40.7
100,74.9,65.82,40.66
581,74.9,65.79,40.7
1781,74.9,65.76,40.71
1166,74.9,65.76,40.69
1119,74.89,65.78,40.69
1599,74.89,65.78,40.71
2898,74.86,65.78,40.71
198,74.87,65.82,40.62
2,75.04,65.78,40.82
6,75,65.79,40.83
7,75,65.79,40.81
27,74.99,65.78,40.83
240,74.96,65.79,40.83
27,74.99,65.78,40.81
216,74.96,65.79,40.81
3,75,65.79,40.87
5,75,65.79,40.85
18,74.99,65.78,40.87
149,74.96,65.79,40.87
25,74.99,65.78,40.85
213,74.96,65.79,40.85
9,75.01,65.76,40.74
44,74.97,65.77,40.73
65,74.97,65.77,40.75
185,74.96,65.76,40.73
263,74.96,65.76,40.75
14,75.01,65.77,40.78
86,74.97,65.77,40.77
106,74.97,65.77,40.79
385,74.96,65.76,40.77
504,74.96,65.76,40.79
1134,74.94,65.77,40.81
1407,74.94,65.77,40.83
1428,74.94,65.77,40.85
1098,74.94,65.77,40.87
15668,74.92,65.78,40.85
14451,74.92,65.78,40.87
26288,74.9,65.79,40.85
205832,74.88,65.79,40.85
25565,74.9,65.79,40.87
228937,74.88,65.79,40.87
8294,74.92,65.78,40.81
12686,74.92,65.78,40.83
10627,74.9,65.79,40.81
44911,74.88,65.79,40.81
18755,74.9,65.79,40.83
113845,74.88,65.79,40.83
894,74.93,65.76,40.73
1432,74.93,65.76,40.75
2266,74.93,65.76,40.77
3514,74.93,65.76,40.79
3058,74.9,65.76,40.73
5312,74.9,65.76,40.75
2623,74.89,65.78,40.73
4524,74.86,65.78,40.73
4612,74.89,65.78,40.75
7804,74.86,65.78,40.75
9407,74.9,65.76,40.77
17304,74.9,65.76,40.79
8802,74.89,65.78,40.77
15400,74.86,65.78,40.77
18697,74.89,65.78,40.79
36164,74.86,65.78,40.79
9,75.01,65.74,40.29
5,74.95,65.7,40.25
26,75.01,65.74,40.37
2,75.04,65.74,40.7
5,75.01,65.71,40.63
3,75.04,65.74,40.74
5,75.04,65.74,40.78
3,74.92,65.8,41.01
3,74.95,65.8,40.97
3,74.93,65.79,40.99
12,74.93,65.79,40.97
4,74.96,65.79,40.95
2,74.99,65.78,40.93
13,74.96,65.79,40.93
2,75,65.79,40.89
5,74.99,65.78,40.91
37,74.96,65.79,40.91
10,74.99,65.78,40.89
86,74.96,65.79,40.89
198,74.86,65.81,40.97
41,74.85,65.82,40.99
4,74.84,65.85,40.99
404,74.84,65.81,40.95
209,74.84,65.82,40.95
89,74.85,65.82,40.97
3,74.82,65.85,40.99
97,74.83,65.82,40.95
46,74.84,65.83,40.96
5,74.82,65.85,40.97
42,74.82,65.83,40.95
130,74.82,65.82,40.95
56,74.82,65.83,40.95
33001,74.86,65.8,40.91
91185,74.86,65.8,40.9
30833,74.84,65.81,40.91
27371,74.86,65.81,40.91
131143,74.84,65.81,40.9
95998,74.86,65.81,40.9
319286,74.86,65.8,40.88
204212,74.86,65.8,40.89
481813,74.84,65.81,40.88
396451,74.86,65.81,40.88
330382,74.84,65.81,40.89
249387,74.86,65.81,40.89
3242,74.84,65.8,40.93
10118,74.84,65.8,40.92
1122,74.83,65.81,40.93
4246,74.83,65.81,40.92
603,74.84,65.8,40.95
1503,74.84,65.8,40.94
284,74.83,65.81,40.95
653,74.83,65.81,40.94
387,74.82,65.81,40.94
130,74.81,65.82,40.94
1612,74.82,65.81,40.92
488,74.82,65.81,40.93
172,74.81,65.82,40.93
362,74.81,65.82,40.92
456133,74.84,65.8,40.88
322671,74.84,65.8,40.89
453072,74.83,65.81,40.88
293819,74.83,65.81,40.89
146555,74.84,65.8,40.9
42007,74.84,65.8,40.91
20508,74.83,65.81,40.91
102947,74.83,65.81,40.9
34736,74.82,65.81,40.9
5993,74.82,65.81,40.91
832,74.81,65.82,40.91
212,74.8,65.82,40.91
5384,74.81,65.82,40.9
505,74.8,65.82,40.9
146413,74.82,65.81,40.89
290132,74.82,65.81,40.88
48336,74.81,65.82,40.89
1800,74.8,65.82,40.89
156087,74.81,65.82,40.88
7798,74.8,65.82,40.88
23,74.9,65.79,40.99
82,74.9,65.79,40.97
323,74.88,65.79,40.97
244,74.94,65.77,40.91
616,74.94,65.77,40.89
21,74.94,65.77,40.95
74,74.94,65.77,40.93
828,74.92,65.78,40.93
197,74.92,65.78,40.95
299,74.9,65.79,40.95
1323,74.88,65.79,40.95
2337,74.85,65.8,40.95
1224,74.9,65.79,40.93
7049,74.88,65.79,40.93
16072,74.85,65.8,40.93
3224,74.92,65.78,40.91
8988,74.92,65.78,40.89
5174,74.9,65.79,40.91
41456,74.88,65.79,40.91
15672,74.9,65.79,40.89
145459,74.88,65.79,40.89
16,74.88,65.81,41
63,74.86,65.81,40.99
87,74.88,65.79,40.99
11,74.89,65.8,41.01
20,74.85,65.81,41
2,74.82,65.84,41
12,74.8,65.84,40.95
24,74.81,65.83,40.95
5,74.8,65.85,40.95
5,74.81,65.85,40.96
15,74.79,65.84,40.94
6,74.79,65.85,40.95
48,74.8,65.83,40.94
19,74.8,65.83,40.94
87,74.8,65.82,40.93
141,74.8,65.82,40.92
37,74.79,65.83,40.93
51,74.79,65.83,40.92
24,74.78,65.84,40.92
22,74.78,65.83,40.93
26,74.78,65.84,40.92
94,74.78,65.82,40.91
172,74.78,65.82,40.9
41,74.77,65.84,40.91
55,74.77,65.84,40.9
49,74.78,65.83,40.91
71,74.78,65.83,40.9
306,74.78,65.82,40.89
566,74.78,65.82,40.88
75,74.77,65.84,40.89
107,74.78,65.83,40.89
102,74.77,65.84,40.88
158,74.78,65.83,40.88
2,74.86,65.84,41.01
2,74.84,65.84,41.01
586,74.81,65.84,40.72
846,74.79,65.84,40.73
1123,74.78,65.84,40.75
1255,74.77,65.85,40.77
1106,74.77,65.85,40.79
61,74.76,65.84,40.9
80,74.76,65.84,40.89
65,74.77,65.86,40.89
104,74.76,65.84,40.88
98,74.77,65.86,40.88
558,74.76,65.85,40.82
122,74.76,65.86,40.87
151,74.76,65.86,40.86
312,74.76,65.85,40.84
413,74.76,65.85,40.83
181,74.75,65.86,40.86
230,74.76,65.85,40.85
9,74.78,65.85,40.95
11,74.78,65.85,40.94
15,74.77,65.85,40.93
18,74.77,65.85,40.93
23,74.77,65.85,40.92
59,74.76,65.86,40.9
35,74.77,65.85,40.91
2,74.87,66.03,40.29
157,74.96,65.85,40.39
18,74.91,65.88,40.36
4,74.86,65.94,40.36
2,74.76,66.03,40.24
4,74.81,65.98,40.24
332,74.96,65.85,40.46
2,74.86,65.93,40.21
2,74.91,65.86,40.21
3,74.9,65.75,40.21
18,74.86,65.92,40.29
17,74.8,65.87,40.24
18,74.85,65.81,40.24
30,74.91,65.86,40.29
138,74.96,65.79,40.37
42,74.9,65.75,40.29
15,74.84,65.7,40.24
300,74.85,65.82,40.61
3646,74.83,65.78,40.71
1163,74.88,65.78,40.68
2005,74.86,65.78,40.69
1760,74.85,65.79,40.7
2846,74.83,65.78,40.69
440,74.85,65.83,40.66
935,74.79,65.82,40.64
1953,74.81,65.8,40.72
2531,74.82,65.79,40.7
724,74.81,65.83,40.69
2433,74.82,65.8,40.71
1622,74.85,65.76,40.64
661,74.82,65.82,40.64
433210,74.85,65.8,40.85
474014,74.85,65.8,40.87
68195,74.85,65.8,40.81
237512,74.85,65.8,40.83
32372,74.82,65.8,40.81
171074,74.82,65.8,40.83
35859,74.81,65.81,40.83
92618,74.81,65.81,40.84
5199,74.79,65.81,40.83
14078,74.8,65.81,40.83
6931,74.79,65.81,40.84
36494,74.8,65.81,40.84
7303,74.81,65.81,40.81
14401,74.81,65.81,40.82
2986,74.79,65.81,40.81
3921,74.8,65.81,40.81
3879,74.79,65.81,40.82
6853,74.8,65.81,40.82
373234,74.82,65.8,40.85
421946,74.82,65.8,40.87
257938,74.81,65.81,40.87
279623,74.81,65.81,40.86
11652,74.79,65.81,40.86
149186,74.8,65.81,40.86
7598,74.79,65.81,40.87
126880,74.8,65.81,40.87
179296,74.81,65.81,40.85
250330,74.81,65.81,40.86
9683,74.79,65.81,40.85
79953,74.8,65.81,40.85
12055,74.79,65.81,40.86
129179,74.8,65.81,40.86
5146,74.83,65.78,40.73
7567,74.83,65.78,40.75
12169,74.83,65.78,40.77
26311,74.83,65.78,40.79
5204,74.81,65.79,40.75
4424,74.81,65.79,40.73
2448,74.79,65.8,40.73
2674,74.79,65.8,40.75
10357,74.81,65.79,40.79
6423,74.81,65.79,40.77
3171,74.79,65.8,40.77
4305,74.79,65.8,40.79
576,74.76,65.83,40.82
323,74.76,65.84,40.84
417,74.76,65.83,40.83
2829,74.78,65.81,40.81
3400,74.78,65.81,40.82
1754,74.77,65.82,40.81
1602,74.77,65.82,40.82
775,74.75,65.85,40.8
955,74.76,65.83,40.81
1223,74.77,65.82,40.81
716,74.76,65.83,40.82
983,74.77,65.82,40.82
4646,74.78,65.81,40.84
3682,74.78,65.81,40.83
1018,74.77,65.82,40.84
1192,74.77,65.82,40.83
356,74.76,65.83,40.84
472,74.76,65.83,40.83
494,74.77,65.82,40.84
660,74.77,65.82,40.83
144,74.76,65.84,40.87
171,74.76,65.84,40.86
204,74.76,65.84,40.86
250,74.76,65.84,40.85
4810,74.78,65.81,40.87
6531,74.78,65.81,40.86
731,74.77,65.82,40.87
955,74.77,65.82,40.86
6631,74.78,65.81,40.86
5759,74.78,65.81,40.85
1059,74.77,65.82,40.86
1022,74.77,65.82,40.85
165,74.76,65.83,40.87
275,74.77,65.82,40.87
195,74.76,65.83,40.86
326,74.77,65.82,40.86
230,74.76,65.83,40.86
369,74.77,65.82,40.86
271,74.76,65.83,40.85
402,74.77,65.82,40.85
1980,74.78,65.81,40.74
1954,74.78,65.81,40.75
2370,74.77,65.8,40.77
1808,74.76,65.81,40.77
2190,74.77,65.8,40.79
1369,74.75,65.82,40.79
3,75.07,65.78,40.53
6,74.98,65.74,40.59
2,75.01,65.71,40.59
26,75.01,65.74,40.45
41,75.01,65.8,40.51
3,74.99,65.78,40.57
64,74.96,65.84,40.53
42,74.93,65.79,40.58
74,74.9,65.83,40.59
302,74.9,65.77,40.62
15,74.96,65.77,40.58
155,74.93,65.75,40.63
176,74.96,65.79,40.45
25,74.98,65.74,40.66
50,74.98,65.74,40.7
65,74.95,65.72,40.63
377,74.93,65.75,40.66
857,74.93,65.75,40.7
708,74.9,65.77,40.67
4998,74.89,65.75,40.71
2851,74.89,65.75,40.69
2503,74.87,65.77,40.69
4012,74.85,65.77,40.69
4056,74.87,65.77,40.71
5977,74.85,65.77,40.71
586,74.9,65.72,40.63
929,74.87,65.75,40.63
4,75.04,65.74,40.86
5,75.04,65.74,40.82
16,75.01,65.77,40.82
138,74.97,65.77,40.83
127,74.97,65.77,40.81
759,74.96,65.76,40.83
667,74.96,65.76,40.81
13,75.01,65.77,40.86
90,74.97,65.77,40.87
129,74.97,65.77,40.85
540,74.96,65.76,40.87
735,74.96,65.76,40.85
95,74.98,65.74,40.74
637,74.94,65.75,40.73
996,74.94,65.75,40.75
168,74.98,65.74,40.78
1530,74.94,65.75,40.77
2133,74.94,65.75,40.79
5202,74.93,65.76,40.81
6992,74.93,65.76,40.83
7830,74.93,65.76,40.85
6689,74.93,65.76,40.87
70541,74.9,65.76,40.85
67743,74.9,65.76,40.87
125789,74.89,65.78,40.85
335540,74.86,65.78,40.85
130725,74.89,65.78,40.87
356896,74.86,65.78,40.87
32133,74.9,65.76,40.81
53327,74.9,65.76,40.83
41269,74.89,65.78,40.81
93652,74.86,65.78,40.81
82365,74.89,65.78,40.83
214335,74.86,65.78,40.83
2236,74.93,65.73,40.73
3478,74.93,65.73,40.75
3065,74.91,65.75,40.73
4960,74.91,65.75,40.75
5938,74.93,65.73,40.77
8244,74.93,65.73,40.79
8557,74.91,65.75,40.77
13317,74.91,65.75,40.79
8558,74.89,65.75,40.73
14704,74.89,65.75,40.75
6724,74.87,65.77,40.73
9023,74.85,65.77,40.73
11745,74.87,65.77,40.75
14428,74.85,65.77,40.75
26305,74.89,65.75,40.77
47354,74.89,65.75,40.79
22084,74.87,65.77,40.77
25631,74.85,65.77,40.77
45885,74.87,65.77,40.79
54808,74.85,65.77,40.79
12,74.95,65.69,40.29
7,74.88,65.65,40.25
2,74.89,65.64,40.22
24,74.95,65.69,40.37
10,75.01,65.71,40.66
2,75.06,65.71,40.7
19,75.01,65.71,40.7
2,75.06,65.65,40.59
3,75.06,65.65,40.63
2,75.03,65.68,40.59
4,75.03,65.68,40.63
31,74.98,65.69,40.63
3,75.06,65.71,40.74
33,75.01,65.71,40.74
3,75.06,65.71,40.78
49,75.01,65.71,40.78
2,75.06,65.71,40.86
3,75.06,65.71,40.82
7,74.9,65.79,41.01
2,74.94,65.77,40.99
13,74.92,65.78,40.99
7,74.94,65.77,40.97
51,74.92,65.78,40.97
2,75.04,65.74,40.9
2,74.97,65.77,40.95
9,74.97,65.77,40.93
15,74.96,65.76,40.95
47,74.96,65.76,40.93
5,75.01,65.77,40.9
23,74.97,65.77,40.91
50,74.97,65.77,40.89
146,74.96,65.76,40.91
312,74.96,65.76,40.89
535,74.85,65.8,40.97
61,74.84,65.81,40.99
182,74.84,65.81,40.97
31,74.82,65.82,40.98
3,74.81,65.84,40.99
184,74.82,65.81,40.95
82,74.81,65.82,40.95
55,74.82,65.82,40.97
114437,74.85,65.8,40.91
355397,74.85,65.8,40.89
7336,74.82,65.8,40.93
1234,74.82,65.8,40.95
475,74.81,65.81,40.94
243,74.81,65.81,40.95
107,74.8,65.81,40.95
173,74.8,65.81,40.94
1824,74.81,65.81,40.92
623,74.81,65.81,40.93
204,74.8,65.81,40.93
451,74.8,65.81,40.92
297684,74.82,65.8,40.89
73413,74.82,65.8,40.91
21237,74.81,65.81,40.9
5163,74.81,65.81,40.91
270,74.79,65.81,40.91
773,74.8,65.81,40.91
816,74.79,65.81,40.9
3197,74.8,65.81,40.9
86664,74.81,65.81,40.89
188569,74.81,65.81,40.88
2434,74.79,65.81,40.89
17731,74.8,65.81,40.89
4878,74.79,65.81,40.88
72678,74.8,65.81,40.88
19,74.89,65.78,41.01
72,74.89,65.78,40.99
799,74.86,65.78,40.97
299,74.89,65.78,40.97
1745,74.93,65.76,40.91
4257,74.93,65.76,40.89
111,74.93,65.76,40.95
469,74.93,65.76,40.93
4385,74.9,65.76,40.93
963,74.9,65.76,40.95
1284,74.89,65.78,40.95
3684,74.86,65.78,40.95
4172,74.83,65.78,40.95
6084,74.89,65.78,40.93
20829,74.86,65.78,40.93
23158,74.83,65.78,40.93
16664,74.9,65.76,40.91
43442,74.9,65.76,40.89
26530,74.89,65.78,40.91
103159,74.86,65.78,40.91
82972,74.89,65.78,40.89
268403,74.86,65.78,40.89
150,74.85,65.8,40.99
23,74.86,65.81,41.01
202,74.86,65.78,40.99
5,74.89,65.8,41.02
24,74.88,65.79,41.01
16,74.82,65.81,41
24,74.84,65.81,41.01
2,74.81,65.84,41.01
37,74.8,65.83,40.95
17,74.8,65.83,40.95
25,74.81,65.83,40.96
5,74.8,65.85,40.97
19,74.78,65.83,40.95
21,74.78,65.83,40.94
21,74.79,65.83,40.95
48,74.8,65.82,40.95
68,74.8,65.82,40.94
29,74.79,65.83,40.94
122,74.79,65.81,40.93
221,74.79,65.81,40.92
53,74.78,65.82,40.93
73,74.78,65.82,40.92
26,74.77,65.83,40.93
31,74.77,65.83,40.92
31,74.78,65.83,40.93
37,74.78,65.83,40.92
274,74.78,65.81,40.91
794,74.78,65.81,40.9
125,74.77,65.82,40.91
209,74.77,65.82,40.9
57,74.76,65.83,40.91
73,74.76,65.83,40.9
77,74.77,65.82,40.91
104,74.77,65.82,40.9
1856,74.78,65.81,40.89
3718,74.78,65.81,40.88
318,74.77,65.82,40.89
540,74.77,65.82,40.88
99,74.76,65.83,40.89
151,74.77,65.82,40.89
126,74.76,65.83,40.88
201,74.77,65.82,40.88
5,74.89,65.78,41.03
2,74.9,65.79,41.03
818,74.79,65.83,40.7
816,74.79,65.84,40.71
1026,74.78,65.84,40.74
1337,74.76,65.84,40.75
1300,74.75,65.84,40.77
993,74.75,65.85,40.79
73,74.76,65.84,40.9
95,74.76,65.84,40.89
76,74.76,65.86,40.89
116,74.76,65.84,40.88
97,74.76,65.86,40.88
511,74.74,65.85,40.81
119,74.75,65.86,40.87
145,74.75,65.86,40.86
303,74.74,65.85,40.83
183,74.74,65.85,40.85
4,74.8,65.85,40.98
13,74.77,65.85,40.95
22,74.76,65.85,40.93
29,74.76,65.85,40.92
62,74.76,65.85,40.9
44,74.76,65.85,40.91
8,74.81,65.98,40.29
133,74.91,65.85,40.39
39,74.85,65.86,40.36
16,74.8,65.89,40.36
2,74.76,66.03,40.29
4,74.75,65.95,40.36
5,74.7,65.99,40.24
11,74.75,65.93,40.24
405,74.91,65.85,40.46
4,74.8,65.87,40.21
4,74.85,65.81,40.21
4,74.84,65.7,40.21
35,74.8,65.87,40.29
27,74.74,65.82,40.24
23,74.79,65.76,40.24
130,74.91,65.82,40.37
48,74.85,65.81,40.29
114,74.9,65.75,40.37
39,74.84,65.7,40.29
20,74.78,65.65,40.24
559,74.82,65.82,40.62
828,74.85,65.76,40.61
767,74.79,65.82,40.62
332,74.91,65.82,40.45
311,74.91,65.84,40.52
314,74.84,65.83,40.59
160,74.88,65.83,40.58
661,74.82,65.82,40.65
5141,74.82,65.77,40.69
6791,74.82,65.77,40.71
2234,74.85,65.77,40.67
930,74.8,65.82,40.67
4265,74.79,65.76,40.64
1084,74.78,65.82,40.64
2594,74.79,65.8,40.71
3505,74.81,65.78,40.69
3854,74.81,65.78,40.71
2881,74.79,65.79,40.7
3280,74.82,65.75,40.64
1044,74.77,65.82,40.63
395871,74.83,65.78,40.85
424740,74.83,65.78,40.87
85795,74.83,65.78,40.81
248475,74.83,65.78,40.83
31263,74.81,65.79,40.81
115353,74.81,65.79,40.83
32221,74.79,65.8,40.83
9388,74.79,65.8,40.81
231106,74.81,65.79,40.85
255621,74.81,65.79,40.87
96552,74.79,65.8,40.87
84835,74.79,65.8,40.85
8584,74.82,65.77,40.73
11080,74.82,65.77,40.75
14994,74.82,65.77,40.77
28367,74.82,65.77,40.79
6768,74.79,65.77,40.75
6332,74.79,65.77,40.73
3526,74.78,65.79,40.73
3724,74.78,65.79,40.75
9942,74.79,65.77,40.79
7364,74.79,65.77,40.77
3866,74.78,65.79,40.77
4227,74.78,65.79,40.79
494,74.74,65.82,40.82
308,74.74,65.83,40.83
1710,74.77,65.8,40.81
793,74.75,65.82,40.81
1454,74.77,65.8,40.83
440,74.75,65.82,40.83
159,74.74,65.83,40.87
205,74.74,65.83,40.85
2107,74.77,65.8,40.87
2278,74.77,65.8,40.85
300,74.75,65.82,40.87
344,74.75,65.82,40.85
2008,74.75,65.81,40.76
2536,74.77,65.8,40.73
2406,74.77,65.8,40.75
2604,74.75,65.79,40.77
1766,74.74,65.8,40.77
1962,74.75,65.79,40.79
1158,74.74,65.81,40.79
3,74.83,65.61,40.22
6,75.01,65.74,40.53
28,74.95,65.72,40.59
13,74.98,65.69,40.59
27,74.95,65.69,40.45
55,74.96,65.79,40.52
66,74.93,65.75,40.59
121,74.9,65.77,40.58
231,74.9,65.72,40.59
389,74.87,65.75,40.59
150,74.9,65.75,40.45
158,74.95,65.72,40.66
386,74.95,65.72,40.7
116,74.92,65.69,40.59
294,74.92,65.69,40.63
1704,74.9,65.72,40.66
5406,74.9,65.72,40.7
2134,74.87,65.75,40.67
9742,74.87,65.74,40.71
5897,74.87,65.74,40.69
7837,74.83,65.76,40.69
5309,74.86,65.75,40.69
11500,74.83,65.76,40.71
8444,74.86,65.75,40.71
1994,74.87,65.7,40.63
2642,74.84,65.73,40.63
47,75.01,65.71,40.86
59,75.01,65.71,40.82
235,74.98,65.74,40.82
3337,74.94,65.75,40.83
2848,74.94,65.75,40.81
204,74.98,65.74,40.86
2765,74.94,65.75,40.87
3419,74.94,65.75,40.85
903,74.95,65.72,40.74
1848,74.95,65.72,40.78
14487,74.93,65.73,40.83
12502,74.93,65.73,40.81
21738,74.91,65.75,40.81
29107,74.91,65.75,40.83
13809,74.93,65.73,40.87
16665,74.93,65.73,40.85
34898,74.91,65.75,40.85
30755,74.91,65.75,40.87
162184,74.89,65.75,40.85
158788,74.89,65.75,40.87
240474,74.87,65.77,40.85
366465,74.85,65.77,40.85
246931,74.87,65.77,40.87
380457,74.85,65.77,40.87
82947,74.89,65.75,40.81
128765,74.89,65.75,40.83
95625,74.87,65.77,40.81
130221,74.85,65.77,40.81
172988,74.87,65.77,40.83
264542,74.85,65.77,40.83
15884,74.9,65.72,40.74
42324,74.9,65.72,40.78
16606,74.87,65.74,40.73
27551,74.87,65.74,40.75
16238,74.83,65.76,40.73
13516,74.86,65.75,40.73
22574,74.83,65.76,40.75
22566,74.86,65.75,40.75
49687,74.87,65.74,40.77
86288,74.87,65.74,40.79
33096,74.83,65.76,40.77
41055,74.86,65.75,40.77
63265,74.83,65.76,40.79
78965,74.86,65.75,40.79
2,75,65.63,40.37
10,74.83,65.62,40.25
12,74.89,65.64,40.3
35,74.89,65.64,40.37
5,75,65.63,40.45
2,75.09,65.68,40.74
2,75.09,65.68,40.78
5,75.06,65.65,40.66
7,75.06,65.65,40.7
7,75.03,65.68,40.66
66,74.98,65.69,40.66
12,75.03,65.68,40.7
136,74.98,65.69,40.7
8,75.03,65.63,40.59
15,75.03,65.63,40.63
11,75,65.66,40.59
68,74.95,65.66,40.59
23,75,65.66,40.63
152,74.95,65.66,40.63
9,75.06,65.65,40.74
10,75.06,65.65,40.78
18,75.03,65.68,40.74
259,74.98,65.69,40.74
22,75.03,65.68,40.78
423,74.98,65.69,40.78
18,75.03,65.68,40.86
22,75.03,65.68,40.82
2,75.09,65.68,40.82
8,75.06,65.65,40.86
10,75.06,65.65,40.82
4,74.92,65.78,41.01
4,74.9,65.76,41.03
12,74.9,65.76,41.01
5,74.96,65.76,40.97
6,74.93,65.76,40.99
45,74.9,65.76,40.99
32,74.93,65.76,40.97
222,74.9,65.76,40.97
21,75.01,65.71,40.9
6,75.01,65.71,40.94
14,74.98,65.74,40.94
64,74.94,65.75,40.95
271,74.94,65.75,40.93
79,74.98,65.74,40.9
859,74.94,65.75,40.91
1799,74.94,65.75,40.89
2,75.06,65.65,40.94
5,75.06,65.65,40.9
4,75.03,65.68,40.94
10,75.03,65.68,40.9
286,74.83,65.78,40.99
991,74.83,65.78,40.97
113,74.82,65.8,40.99
355,74.82,65.8,40.97
35,74.81,65.81,40.99
91,74.81,65.81,40.97
124635,74.83,65.78,40.91
331032,74.83,65.78,40.89
6082,74.81,65.79,40.93
1573,74.81,65.79,40.95
341,74.79,65.8,40.95
885,74.79,65.8,40.93
170974,74.81,65.79,40.89
42866,74.81,65.79,40.91
4851,74.79,65.8,40.91
43063,74.79,65.8,40.89
49,74.87,65.77,41.01
420,74.85,65.77,40.99
188,74.87,65.77,40.99
1699,74.85,65.77,40.97
882,74.87,65.77,40.97
5276,74.93,65.73,40.91
9929,74.93,65.73,40.89
10466,74.91,65.75,40.91
20942,74.91,65.75,40.89
311,74.93,65.73,40.95
1600,74.93,65.73,40.93
637,74.91,65.75,40.95
2795,74.91,65.75,40.93
15617,74.89,65.75,40.93
3827,74.89,65.75,40.95
5905,74.82,65.77,40.95
4082,74.87,65.77,40.95
7494,74.85,65.77,40.95
23334,74.82,65.77,40.93
19530,74.87,65.77,40.93
35957,74.85,65.77,40.93
53513,74.89,65.75,40.91
117544,74.89,65.75,40.89
77235,74.87,65.77,40.91
140911,74.85,65.77,40.91
184772,74.87,65.77,40.89
303208,74.85,65.77,40.89
42,74.85,65.8,41.01
10,74.86,65.8,41.02
55,74.86,65.78,41.01
7,74.88,65.79,41.03
122,74.85,65.77,41.01
85,74.83,65.78,41.01
17,74.81,65.81,41
11,74.84,65.8,41.02
35,74.82,65.8,41.01
2,74.79,65.84,41.01
3,74.78,65.84,41
18,74.8,65.82,40.98
5,74.78,65.85,40.97
30,74.8,65.82,40.97
31,74.77,65.82,40.95
70,74.78,65.81,40.95
151,74.78,65.81,40.93
259,74.78,65.81,40.92
73,74.77,65.82,40.93
102,74.77,65.82,40.92
35,74.76,65.83,40.93
45,74.76,65.83,40.92
43,74.77,65.82,40.93
57,74.77,65.82,40.92
383,74.77,65.8,40.91
120,74.75,65.82,40.91
937,74.77,65.8,40.89
196,74.75,65.82,40.89
11,74.87,65.77,41.03
1055,74.78,65.83,40.69
1063,74.78,65.83,40.71
1314,74.77,65.84,40.73
1306,74.74,65.83,40.62
1422,74.75,65.84,40.76
1224,74.73,65.84,40.77
720,74.73,65.81,40.8
898,74.73,65.84,40.79
88,74.74,65.83,40.91
122,74.74,65.83,40.89
80,74.76,65.85,40.89
99,74.76,65.85,40.88
426,74.73,65.84,40.81
127,74.74,65.85,40.87
240,74.73,65.85,40.83
160,74.72,65.85,40.85
4,74.78,65.84,40.99
9,74.77,65.85,40.96
19,74.75,65.85,40.95
31,74.75,65.85,40.93
62,74.74,65.85,40.91
2,74.65,66.04,40.24
22,74.75,65.93,40.29
65,74.74,65.86,40.36
151,74.84,65.85,40.39
9,74.7,65.99,40.29
28,74.69,65.9,40.36
2,74.7,66,40.21
15,74.64,65.94,40.24
3,74.75,65.93,40.21
24,74.69,65.88,40.24
492,74.84,65.85,40.46
7,74.74,65.82,40.21
6,74.79,65.76,40.21
6,74.78,65.65,40.21
65,74.74,65.82,40.29
37,74.68,65.77,40.24
30,74.73,65.71,40.24
61,74.79,65.76,40.29
171,74.85,65.8,40.37
120,74.84,65.7,40.37
49,74.78,65.65,40.29
33,74.72,65.63,40.25
281,74.91,65.81,40.51
170,74.88,65.79,40.58
2217,74.82,65.75,40.62
450,74.82,65.82,40.6
452,74.85,65.77,40.58
1982,74.79,65.77,40.61
698,74.79,65.83,40.59
410,74.85,65.8,40.45
720,74.85,65.84,40.53
1261,74.74,65.83,40.59
1683,74.71,65.84,40.58
5146,74.82,65.76,40.67
12372,74.82,65.74,40.69
16932,74.82,65.74,40.71
8223,74.8,65.76,40.69
10382,74.8,65.76,40.71
5059,74.78,65.76,40.64
4603,74.79,65.77,40.67
1280,74.76,65.82,40.66
5242,74.79,65.77,40.69
5907,74.79,65.77,40.71
3712,74.78,65.78,40.7
3442,74.78,65.79,40.71
5736,74.79,65.73,40.63
4010,74.76,65.76,40.62
2734,74.77,65.8,40.72
2985,74.74,65.78,40.62
322825,74.82,65.77,40.85
340007,74.82,65.77,40.87
81631,74.82,65.77,40.81
208021,74.82,65.77,40.83
22101,74.79,65.77,40.81
65734,74.79,65.77,40.83
13153,74.78,65.79,40.83
5670,74.78,65.79,40.81
121105,74.79,65.77,40.85
126293,74.79,65.77,40.87
27138,74.78,65.79,40.87
29480,74.78,65.79,40.85
27595,74.82,65.74,40.75
22435,74.82,65.74,40.73
11878,74.8,65.76,40.73
13657,74.8,65.76,40.75
60358,74.82,65.74,40.79
35756,74.82,65.74,40.77
15719,74.8,65.76,40.77
25786,74.8,65.76,40.79
8417,74.78,65.76,40.75
8377,74.78,65.76,40.73
4878,74.76,65.77,40.73
4657,74.76,65.77,40.75
8935,74.78,65.76,40.79
8041,74.78,65.76,40.77
4217,74.76,65.77,40.77
3647,74.76,65.77,40.79
436,74.73,65.81,40.81
269,74.73,65.82,40.83
1118,74.75,65.79,40.81
628,74.74,65.81,40.81
743,74.75,65.79,40.83
354,74.74,65.8,40.83
175,74.73,65.82,40.87
201,74.73,65.82,40.85
882,74.75,65.79,40.87
901,74.75,65.79,40.85
284,74.74,65.8,40.87
298,74.74,65.8,40.85
2524,74.74,65.8,40.74
2227,74.74,65.8,40.75
3257,74.75,65.79,40.73
2959,74.75,65.79,40.75
2611,74.74,65.78,40.77
1636,74.72,65.79,40.77
1684,74.74,65.78,40.79
990,74.72,65.79,40.79
3,74.83,65.57,40.23
31,74.95,65.69,40.53
109,74.89,65.64,40.45
728,74.87,65.7,40.59
128,74.9,65.75,40.53
1074,74.84,65.73,40.59
288,74.84,65.7,40.45
809,74.92,65.69,40.66
2282,74.92,65.69,40.7
437,74.89,65.67,40.59
1120,74.89,65.67,40.63
5843,74.87,65.7,40.66
17208,74.87,65.7,40.7
6895,74.84,65.73,40.66
17552,74.84,65.73,40.7
2263,74.84,65.67,40.59
5814,74.84,65.67,40.63
2887,74.81,65.7,40.59
6728,74.81,65.7,40.63
469,74.98,65.69,40.86
550,74.98,65.69,40.82
2852,74.95,65.72,40.82
2748,74.95,65.72,40.86
6033,74.92,65.69,40.74
13723,74.92,65.69,40.78
87966,74.9,65.72,40.82
107117,74.9,65.72,40.86
237836,74.87,65.74,40.85
234599,74.87,65.74,40.87
339736,74.83,65.76,40.85
309211,74.86,65.75,40.85
347700,74.83,65.76,40.87
311463,74.86,65.75,40.87
138948,74.87,65.74,40.81
199219,74.87,65.74,40.83
141549,74.83,65.76,40.81
149516,74.86,65.75,40.81
257812,74.83,65.76,40.83
240917,74.86,65.75,40.83
46027,74.87,65.7,40.74
101864,74.87,65.7,40.78
43097,74.84,65.73,40.74
102336,74.84,65.73,40.78
7,74.94,65.58,40.37
3,74.94,65.58,40.3
19,74.83,65.59,40.3
2,74.99,65.52,40.37
5,74.93,65.5,40.32
97,74.83,65.59,40.37
5,75.05,65.57,40.53
10,74.99,65.52,40.45
33,74.94,65.58,40.45
13,75,65.63,40.53
4,75.11,65.62,40.76
3,75.11,65.62,40.68
13,75.05,65.57,40.61
23,75.03,65.63,40.66
32,75.03,65.63,40.7
42,75,65.66,40.66
344,74.95,65.66,40.66
69,75,65.66,40.7
772,74.95,65.66,40.7
42,75,65.6,40.59
70,75,65.6,40.63
275,74.92,65.64,40.59
66,74.97,65.63,40.59
609,74.92,65.64,40.63
118,74.97,65.63,40.63
38,75.03,65.63,40.74
44,75.03,65.63,40.78
105,75,65.66,40.74
1623,74.95,65.66,40.74
134,75,65.66,40.78
2927,74.95,65.66,40.78
125,75,65.66,40.86
151,75,65.66,40.82
4,75.11,65.62,40.84
32,75.03,65.63,40.86
43,75.03,65.63,40.82
3,75.1,65.51,40.61
2,75.04,65.46,40.45
2,75.11,65.62,40.92
4,74.93,65.75,41.02
9,74.89,65.75,41.03
48,74.89,65.75,41.01
2,74.98,65.74,40.98
4,74.94,65.75,40.99
22,74.94,65.75,40.97
10,74.93,65.73,40.99
126,74.93,65.73,40.97
163,74.89,65.75,40.99
886,74.89,65.75,40.97
19,74.91,65.75,40.99
181,74.91,65.75,40.97
208,74.98,65.69,40.9
56,74.98,65.69,40.94
192,74.95,65.72,40.94
1134,74.95,65.72,40.9
7,75.03,65.63,40.94
22,75.03,65.63,40.9
28,75,65.66,40.94
67,75,65.66,40.9
534,74.82,65.77,40.99
1736,74.82,65.77,40.97
197,74.81,65.79,40.99
571,74.81,65.79,40.97
52,74.79,65.8,40.99
142,74.79,65.8,40.97
100953,74.82,65.77,40.91
261674,74.82,65.77,40.89
20105,74.8,65.76,40.93
7097,74.8,65.76,40.95
4587,74.79,65.77,40.93
2028,74.79,65.77,40.95
500,74.78,65.79,40.95
907,74.78,65.79,40.93
76364,74.79,65.77,40.89
18345,74.79,65.77,40.91
2312,74.78,65.79,40.91
9713,74.78,65.79,40.89
18,74.87,65.74,41.03
124,74.87,65.74,41.01
18,74.86,65.75,41.03
132,74.86,65.75,41.01
1012,74.83,65.76,40.99
373,74.86,65.75,40.99
3742,74.83,65.76,40.97
2126,74.86,65.75,40.97
366,74.87,65.74,40.99
2033,74.87,65.74,40.97
60713,74.9,65.72,40.9
8274,74.9,65.72,40.94
32718,74.87,65.74,40.93
8569,74.87,65.74,40.95
13980,74.83,65.76,40.95
9295,74.86,65.75,40.95
45941,74.83,65.76,40.93
39104,74.86,65.75,40.93
48262,74.82,65.74,40.93
17919,74.82,65.74,40.95
103355,74.87,65.74,40.91
185803,74.87,65.74,40.89
145849,74.83,65.76,40.91
130081,74.86,65.75,40.91
281243,74.83,65.76,40.89
248324,74.86,65.75,40.89
2,74.88,65.79,41.05
14,74.86,65.78,41.03
13,74.85,65.79,41.03
320,74.83,65.76,41.01
29,74.85,65.77,41.03
170,74.82,65.77,41.01
23,74.83,65.78,41.03
61,74.81,65.79,41.01
8,74.81,65.8,41.02
18,74.79,65.8,41.01
12,74.82,65.8,41.02
11,74.78,65.81,41
3,74.77,65.84,41.01
23,74.77,65.82,40.96
19,74.78,65.81,40.99
35,74.78,65.81,40.97
67,74.74,65.82,40.92
49,74.75,65.81,40.95
122,74.77,65.8,40.95
212,74.77,65.8,40.93
76,74.75,65.82,40.93
494,74.75,65.79,40.91
191,74.74,65.8,40.91
668,74.75,65.79,40.89
243,74.74,65.8,40.89
4,74.87,65.75,41.06
2,74.77,65.83,41.02
2017,74.68,65.83,40.62
1295,74.76,65.83,40.69
1221,74.77,65.83,40.72
1558,74.75,65.83,40.73
1741,74.71,65.82,40.63
1552,74.74,65.82,40.67
1508,74.74,65.84,40.75
1602,74.74,65.83,40.74
1051,74.71,65.8,40.78
1147,74.72,65.84,40.77
663,74.71,65.8,40.79
669,74.73,65.84,40.79
120,74.73,65.82,40.91
149,74.73,65.82,40.89
92,74.74,65.85,40.89
321,74.71,65.84,40.81
123,74.72,65.85,40.87
197,74.71,65.84,40.83
149,74.71,65.84,40.85
4,74.76,65.84,40.99
11,74.76,65.84,40.97
25,74.74,65.84,40.95
45,74.74,65.85,40.93
68,74.73,65.85,40.91
3,74.59,66.02,40.21
3,74.65,66.04,40.3
2,74.59,66.01,40.36
7,74.59,66,40.24
50,74.69,65.88,40.29
252,74.74,65.85,40.39
30,74.64,65.94,40.29
159,74.64,65.87,40.36
6,74.64,65.96,40.36
5,74.64,65.95,40.21
37,74.58,65.89,40.24
6,74.69,65.88,40.21
41,74.63,65.83,40.24
716,74.74,65.85,40.46
291,74.74,65.8,40.37
10,74.68,65.77,40.21
12,74.72,65.62,40.22
8,74.73,65.71,40.21
19,74.72,65.58,40.23
80,74.63,65.73,40.25
113,74.68,65.77,40.29
61,74.68,65.67,40.25
87,74.73,65.71,40.29
228,74.79,65.76,40.37
244,74.78,65.65,40.37
134,74.72,65.6,40.3
512,74.85,65.79,40.52
1146,74.82,65.76,40.59
1044,74.79,65.84,40.55
1139,74.79,65.78,40.58
2833,74.79,65.73,40.59
2327,74.76,65.76,40.59
594,74.79,65.76,40.45
2148,74.71,65.8,40.58
1992,74.74,65.78,40.58
1345,74.74,65.84,40.53
2068,74.68,65.83,40.59
827,74.74,65.8,40.45
10951,74.79,65.73,40.66
17848,74.79,65.73,40.7
6508,74.76,65.76,40.67
7460,74.76,65.76,40.7
11068,74.76,65.71,40.63
7147,74.73,65.74,40.63
5076,74.74,65.77,40.67
4439,74.74,65.78,40.71
2438,74.65,65.83,40.6
3725,74.68,65.78,40.62
4633,74.71,65.76,40.62
290784,74.82,65.74,40.87
285731,74.82,65.74,40.85
226175,74.8,65.76,40.85
234706,74.8,65.76,40.87
220658,74.82,65.74,40.83
127681,74.82,65.74,40.81
65134,74.8,65.76,40.81
150036,74.8,65.76,40.83
12116,74.78,65.76,40.81
27784,74.78,65.76,40.83
3915,74.76,65.77,40.83
2713,74.76,65.77,40.81
48100,74.78,65.76,40.85
45354,74.78,65.76,40.87
5841,74.76,65.77,40.87
6439,74.76,65.77,40.85
21891,74.79,65.73,40.74
31550,74.79,65.73,40.78
9200,74.76,65.75,40.75
9674,74.76,65.75,40.73
5803,74.75,65.76,40.73
5167,74.75,65.76,40.75
7448,74.76,65.75,40.79
7766,74.76,65.75,40.77
4109,74.75,65.76,40.77
2971,74.75,65.76,40.79
377,74.71,65.8,40.81
255,74.71,65.81,40.83
897,74.74,65.78,40.81
522,74.72,65.79,40.81
682,74.74,65.78,40.83
355,74.72,65.79,40.83
208,74.71,65.81,40.87
218,74.71,65.81,40.85
845,74.74,65.78,40.87
785,74.74,65.78,40.85
367,74.72,65.79,40.87
350,74.72,65.79,40.85
2776,74.73,65.79,40.73
2286,74.72,65.79,40.75
3827,74.74,65.78,40.73
3333,74.74,65.78,40.75
2493,74.72,65.76,40.77
1555,74.71,65.78,40.77
1493,74.72,65.76,40.79
853,74.71,65.78,40.79
9,74.77,65.54,40.23
328,74.89,65.64,40.53
528,74.83,65.59,40.45
666,74.84,65.7,40.53
1048,74.78,65.65,40.45
3116,74.89,65.67,40.66
8863,74.89,65.67,40.7
1094,74.89,65.61,40.59
2202,74.89,65.61,40.63
1673,74.86,65.64,40.59
3822,74.86,65.64,40.63
15331,74.84,65.67,40.66
38555,74.84,65.67,40.7
15575,74.81,65.7,40.66
32361,74.81,65.7,40.7
6869,74.81,65.65,40.59
15360,74.81,65.65,40.63
7049,74.78,65.68,40.59
14544,74.78,65.68,40.63
3919,74.95,65.66,40.86
4241,74.95,65.66,40.82
23933,74.92,65.69,40.82
26243,74.92,65.69,40.86
23648,74.89,65.67,40.74
52754,74.89,65.67,40.78
169332,74.87,65.7,40.82
194053,74.87,65.7,40.86
287868,74.84,65.73,40.86
216093,74.84,65.73,40.82
80831,74.84,65.67,40.74
136101,74.84,65.67,40.78
58078,74.81,65.7,40.74
99754,74.81,65.7,40.78
31,74.88,65.53,40.37
8,74.88,65.54,40.31
65,74.77,65.54,40.3
10,74.8,65.47,40.25
11,74.93,65.47,40.37
3,74.87,65.42,40.26
297,74.72,65.5,40.32
359,74.77,65.54,40.37
35,74.99,65.52,40.53
49,74.93,65.47,40.45
169,74.88,65.53,40.45
145,74.94,65.58,40.53
40,75.05,65.57,40.76
102,74.99,65.52,40.61
27,75.05,65.57,40.68
101,75,65.6,40.66
149,75,65.6,40.7
1380,74.92,65.64,40.66
223,74.97,65.63,40.66
3145,74.92,65.64,40.7
360,74.97,65.63,40.7
496,74.94,65.58,40.61
146,75,65.6,40.74
197,75,65.6,40.78
7243,74.92,65.64,40.74
619,74.97,65.63,40.74
13794,74.92,65.64,40.78
806,74.97,65.63,40.78
127,75,65.6,40.86
180,75,65.6,40.82
861,74.97,65.63,40.86
1014,74.97,65.63,40.82
39,75.05,65.57,40.84
6,75.1,65.51,40.68
9,75.1,65.51,40.76
3,75.09,65.4,40.61
8,75.04,65.46,40.53
20,75.04,65.46,40.61
3,75.03,65.35,40.45
6,74.98,65.41,40.39
14,74.98,65.41,40.45
2,75.02,65.36,40.4
7,74.92,65.3,40.29
15,74.9,65.12,40.33
16,75,65.21,40.47
17,75.05,65.57,40.92
2,74.98,65.69,41.02
13,74.98,65.69,40.98
3,74.95,65.72,41.02
56,74.9,65.72,41.02
24,74.95,65.72,40.98
707,74.9,65.72,40.98
1669,74.95,65.66,40.9
396,74.95,65.66,40.94
1838,74.92,65.69,40.94
11477,74.92,65.69,40.9
2,75.03,65.63,41.02
5,75.03,65.63,40.98
2,75,65.66,41.02
10,75,65.66,40.98
2,75,65.6,40.94
99,75,65.6,40.9
171,74.97,65.63,40.94
423,74.97,65.63,40.9
5,74.9,65.72,41.06
498,74.82,65.74,41.01
283,74.8,65.76,41.01
5083,74.82,65.74,40.97
1587,74.82,65.74,40.99
845,74.8,65.76,40.99
2460,74.8,65.76,40.97
112,74.79,65.77,41.01
31,74.78,65.79,41.01
330,74.79,65.77,40.99
874,74.79,65.77,40.97
90,74.78,65.79,40.99
235,74.78,65.79,40.97
235146,74.82,65.74,40.89
127203,74.82,65.74,40.91
69235,74.8,65.76,40.91
175634,74.8,65.76,40.89
19058,74.79,65.75,40.93
8177,74.79,65.75,40.95
4659,74.78,65.76,40.93
2646,74.78,65.76,40.95
780,74.76,65.77,40.95
1222,74.76,65.77,40.93
24721,74.78,65.76,40.89
9648,74.78,65.76,40.91
1771,74.76,65.77,40.91
3305,74.76,65.77,40.89
372,74.84,65.73,41.02
4287,74.84,65.73,40.98
127742,74.87,65.7,40.9
26584,74.87,65.7,40.94
43811,74.84,65.73,40.94
46536,74.8,65.73,40.93
20161,74.8,65.73,40.95
197794,74.84,65.73,40.9
70,74.83,65.76,41.03
5,74.85,65.78,41.05
48,74.82,65.77,41.03
138,74.82,65.74,41.03
86,74.8,65.76,41.03
5,74.82,65.79,41.04
19,74.81,65.78,41.03
9,74.8,65.8,41.02
33,74.79,65.77,41.03
12,74.78,65.79,41.03
35,74.84,65.73,41.06
3,74.75,65.84,41.01
13,74.77,65.8,41.01
30,74.76,65.81,40.97
19,74.75,65.81,40.98
25,74.77,65.8,40.99
58,74.77,65.8,40.97
74,74.73,65.81,40.94
92,74.73,65.81,40.93
83,74.74,65.8,40.95
227,74.75,65.79,40.95
362,74.75,65.79,40.93
133,74.74,65.8,40.93
771,74.74,65.78,40.91
320,74.72,65.79,40.91
851,74.74,65.78,40.89
360,74.72,65.79,40.89
8,74.77,65.79,41.02
2,74.75,65.83,41.03
2465,74.65,65.82,40.63
2017,74.7,65.82,40.66
1684,74.74,65.83,40.7
1490,74.72,65.83,40.75
1672,74.72,65.83,40.73
1016,74.7,65.79,40.77
878,74.71,65.84,40.77
576,74.7,65.79,40.79
581,74.71,65.84,40.79
173,74.71,65.81,40.91
192,74.71,65.81,40.89
96,74.72,65.85,40.89
241,74.69,65.84,40.81
123,74.7,65.84,40.87
172,74.69,65.84,40.83
147,74.69,65.84,40.85
7,74.76,65.84,40.98
16,74.74,65.84,40.97
37,74.73,65.84,40.94
48,74.73,65.84,40.93
75,74.71,65.84,40.91
6,74.74,65.84,41
3,74.84,65.73,41.1
12,74.59,66,40.3
16,74.54,65.97,40.36
7,74.53,65.96,40.21
3,74.5,66.02,40.36
5,74.54,66.05,40.3
23,74.53,65.95,40.24
3,74.54,66.04,40.24
4,74.48,66.02,40.21
123,74.63,65.83,40.3
516,74.64,65.85,40.39
93,74.58,65.89,40.3
58,74.59,65.91,40.36
10,74.58,65.89,40.21
93,74.53,65.85,40.25
10,74.63,65.83,40.21
94,74.58,65.79,40.25
1256,74.63,65.85,40.46
2559,74.63,65.83,40.58
548,74.68,65.77,40.37
27,74.62,65.72,40.22
23,74.67,65.66,40.22
128,74.66,65.55,40.24
294,74.62,65.72,40.3
237,74.67,65.66,40.3
443,74.73,65.71,40.37
805,74.72,65.6,40.37
561,74.67,65.56,40.31
1058,74.79,65.76,40.53
6068,74.76,65.71,40.59
4670,74.73,65.74,40.59
1506,74.73,65.71,40.45
2014,74.68,65.84,40.54
2933,74.68,65.79,40.58
1430,74.74,65.8,40.52
3395,74.71,65.77,40.59
1637,74.68,65.77,40.45
17576,74.76,65.71,40.66
21580,74.76,65.71,40.7
9424,74.73,65.74,40.66
9501,74.73,65.74,40.7
17438,74.73,65.68,40.63
11203,74.73,65.68,40.59
8187,74.7,65.71,40.59
10754,74.7,65.71,40.63
6055,74.71,65.76,40.66
5076,74.71,65.76,40.7
4195,74.65,65.77,40.59
5636,74.68,65.74,40.59
4916,74.65,65.76,40.62
6532,74.68,65.74,40.63
146926,74.79,65.73,40.86
91195,74.79,65.73,40.82
7179,74.76,65.75,40.81
10792,74.76,65.75,40.83
1908,74.75,65.76,40.83
1835,74.75,65.76,40.81
15982,74.76,65.75,40.85
14586,74.76,65.75,40.87
2408,74.75,65.76,40.87
2412,74.75,65.76,40.85
19535,74.76,65.71,40.74
18251,74.76,65.71,40.78
7317,74.73,65.74,40.74
4107,74.73,65.74,40.78
345,74.7,65.79,40.81
270,74.7,65.79,40.83
962,74.72,65.76,40.81
495,74.71,65.78,40.81
968,74.72,65.76,40.83
430,74.71,65.78,40.83
199,74.69,65.8,40.87
206,74.68,65.8,40.85
271,74.7,65.8,40.87
263,74.7,65.8,40.85
1336,74.72,65.76,40.87
1233,74.72,65.76,40.85
543,74.71,65.78,40.87
490,74.71,65.78,40.85
3182,74.71,65.77,40.74
2138,74.71,65.75,40.77
1343,74.69,65.77,40.77
1310,74.71,65.75,40.79
785,74.69,65.77,40.79
77,74.71,65.49,40.25
2798,74.83,65.59,40.53
1876,74.77,65.54,40.45
3629,74.72,65.6,40.45
3804,74.78,65.65,40.53
9746,74.89,65.61,40.7
4740,74.89,65.61,40.66
9846,74.86,65.64,40.66
25474,74.86,65.64,40.7
11845,74.83,65.59,40.61
32999,74.81,65.65,40.66
61582,74.81,65.65,40.7
27578,74.78,65.68,40.66
42692,74.78,65.68,40.7
13788,74.78,65.62,40.59
26775,74.78,65.62,40.63
13860,74.75,65.65,40.59
24368,74.75,65.65,40.63
19572,74.92,65.64,40.86
21507,74.92,65.64,40.82
85650,74.89,65.67,40.82
87954,74.89,65.67,40.86
45264,74.89,65.61,40.78
24288,74.89,65.61,40.74
59882,74.86,65.64,40.74
105210,74.86,65.64,40.78
191704,74.84,65.67,40.82
211264,74.84,65.67,40.86
225359,74.81,65.7,40.86
178113,74.81,65.7,40.82
95376,74.81,65.65,40.74
133384,74.81,65.65,40.78
54025,74.78,65.68,40.74
72240,74.78,65.68,40.78
50,74.76,65.41,40.26
114,74.82,65.48,40.37
41,74.81,65.49,40.32
16,74.81,65.37,40.27
40,74.87,65.42,40.37
1037,74.71,65.49,40.37
179,74.93,65.47,40.53
160,74.87,65.42,40.45
597,74.82,65.48,40.45
762,74.88,65.53,40.53
384,74.99,65.52,40.76
500,74.93,65.47,40.61
226,74.99,65.52,40.68
2636,74.88,65.53,40.61
1378,74.94,65.58,40.68
3223,74.94,65.58,40.76
4494,74.94,65.58,40.84
2,75.15,65.45,40.84
4,75.1,65.51,40.92
8,75.1,65.51,40.84
423,74.99,65.52,40.84
6,75.09,65.4,40.68
8,75.09,65.4,40.76
39,75.04,65.46,40.68
58,75.04,65.46,40.76
2,75.12,65.06,40.72
13,75.03,65.35,40.61
3,75.03,65.35,40.53
42,74.98,65.41,40.53
96,74.98,65.41,40.61
10,74.89,65.05,40.35
14,75.02,65.19,40.57
89,74.8,65.2,40.31
91,74.9,65.14,40.48
56,74.91,65.31,40.44
157,74.99,65.52,40.92
5,75.05,65.57,41
16,74.95,65.66,41.02
84,74.95,65.66,40.98
27,74.92,65.69,41.02
276,74.87,65.7,41.02
232,74.92,65.69,40.98
2956,74.87,65.7,40.98
8380,74.92,65.64,40.9
1891,74.92,65.64,40.94
8844,74.89,65.67,40.94
47797,74.89,65.67,40.9
5,75,65.6,41.02
26,75,65.6,40.98
13,74.97,65.63,41.02
55,74.97,65.63,40.98
1178,74.94,65.58,40.92
3,74.95,65.66,41.06
3,74.87,65.7,41.09
3,74.92,65.69,41.06
27,74.87,65.7,41.06
4,75,65.6,41.06
5,74.97,65.63,41.06
770,74.8,65.73,41.01
445,74.79,65.75,41.01
6532,74.8,65.73,40.97
2218,74.8,65.73,40.99
1213,74.79,65.75,40.99
3262,74.79,65.75,40.97
201,74.78,65.76,41.01
66,74.76,65.77,41.01
533,74.78,65.76,40.99
1288,74.78,65.76,40.97
172,74.76,65.77,40.99
407,74.76,65.77,40.97
90898,74.79,65.73,40.9
42841,74.79,65.72,40.93
21186,74.79,65.72,40.95
18592,74.77,65.73,40.93
9043,74.77,65.73,40.95
5381,74.76,65.75,40.93
3461,74.76,65.75,40.95
1169,74.75,65.76,40.95
1727,74.75,65.76,40.93
12640,74.76,65.75,40.89
8515,74.76,65.75,40.91
1891,74.75,65.76,40.91
2322,74.75,65.76,40.89
775,74.81,65.7,41.02
6837,74.81,65.7,40.98
150148,74.84,65.67,40.9
43189,74.84,65.67,40.94
51476,74.81,65.7,40.94
162299,74.81,65.7,40.9
3,74.82,65.75,41.09
3,74.79,65.77,41.08
3,74.76,65.77,41.1
218,74.8,65.73,41.03
19,74.82,65.76,41.05
142,74.79,65.75,41.03
8,74.79,65.78,41.05
67,74.78,65.76,41.03
25,74.76,65.78,41.03
11,74.81,65.7,41.09
92,74.81,65.7,41.06
3,74.73,65.83,41.03
18,74.74,65.8,41
21,74.75,65.79,41.01
50,74.74,65.8,40.97
27,74.74,65.8,40.99
48,74.75,65.79,40.99
114,74.75,65.79,40.97
123,74.71,65.8,40.95
155,74.71,65.8,40.93
155,74.72,65.79,40.95
445,74.74,65.78,40.95
646,74.74,65.78,40.93
246,74.72,65.79,40.93
1352,74.72,65.76,40.91
525,74.71,65.78,40.91
1459,74.72,65.76,40.89
562,74.71,65.78,40.89
12,74.75,65.79,41.02
3650,74.65,65.77,40.67
2,74.31,66.43,40.47
2,74.74,65.82,41.05
2627,74.63,65.82,40.63
2296,74.66,65.82,40.66
2017,74.7,65.82,40.7
1540,74.68,65.78,40.75
1605,74.7,65.83,40.74
866,74.68,65.78,40.77
763,74.7,65.83,40.77
526,74.68,65.78,40.79
428,74.69,65.83,40.79
245,74.7,65.8,40.91
261,74.7,65.8,40.89
167,74.68,65.8,40.9
181,74.69,65.8,40.89
100,74.71,65.84,40.89
194,74.67,65.83,40.81
124,74.69,65.84,40.87
159,74.67,65.83,40.83
138,74.69,65.84,40.85
9,74.74,65.84,40.99
20,74.72,65.84,40.97
42,74.71,65.84,40.95
55,74.71,65.84,40.93
80,74.69,65.84,40.91
5,74.73,65.83,41.02
7,74.72,65.83,41.01
52,74.53,65.95,40.3
34,74.5,65.95,40.36
21,74.47,65.9,40.21
2,74.52,66.06,40.35
5,74.44,66.11,40.39
5,74.47,66.02,40.39
9,74.48,66.02,40.34
9,74.47,65.97,40.36
20,74.48,66.01,40.29
2,74.43,66.09,40.28
3,74.49,66.07,40.32
71,74.47,65.9,40.24
11,74.48,66.01,40.24
13,74.42,65.97,40.21
8,74.32,66.08,40.25
3,74.88,64.86,40.39
2,74.98,64.8,40.64
7,74.99,64.98,40.6
646,74.63,65.81,40.37
313,74.57,65.78,40.3
1030,74.53,65.85,40.39
283,74.52,65.84,40.29
388,74.53,65.87,40.36
26,74.52,65.84,40.21
28,74.57,65.78,40.22
2159,74.63,65.84,40.53
1724,74.63,65.81,40.45
1952,74.53,65.85,40.46
3695,74.63,65.79,40.58
2719,74.61,65.83,40.6
2669,74.6,65.82,40.63
1410,74.62,65.72,40.37
373,74.61,65.52,40.25
195,74.56,65.67,40.23
160,74.61,65.61,40.24
977,74.57,65.67,40.31
818,74.62,65.61,40.31
1239,74.67,65.66,40.37
2115,74.66,65.55,40.37
1647,74.61,65.53,40.33
3755,74.73,65.71,40.53
4346,74.67,65.66,40.45
3064,74.68,65.77,40.53
3979,74.62,65.72,40.45
21952,74.73,65.68,40.66
20453,74.73,65.68,40.7
11403,74.7,65.71,40.66
9202,74.7,65.71,40.7
21928,74.7,65.66,40.63
17457,74.7,65.66,40.59
12021,74.67,65.69,40.59
13097,74.67,65.69,40.63
4590,74.66,65.76,40.66
6252,74.68,65.74,40.66
2979,74.66,65.76,40.71
4561,74.68,65.74,40.7
5477,74.62,65.75,40.59
7976,74.65,65.72,40.59
5051,74.62,65.75,40.63
7717,74.65,65.72,40.63
63643,74.76,65.71,40.86
40711,74.76,65.71,40.82
4418,74.73,65.74,40.82
6560,74.73,65.74,40.86
13880,74.73,65.68,40.74
8876,74.73,65.68,40.78
5670,74.7,65.71,40.74
2822,74.7,65.71,40.78
250,74.67,65.79,40.83
364,74.68,65.78,40.81
324,74.68,65.78,40.83
1029,74.71,65.75,40.81
549,74.69,65.77,40.81
1111,74.71,65.75,40.83
550,74.69,65.77,40.83
263,74.67,65.79,40.87
260,74.67,65.79,40.85
390,74.68,65.78,40.87
363,74.68,65.78,40.85
1586,74.71,65.75,40.87
1443,74.71,65.75,40.85
727,74.69,65.77,40.87
654,74.69,65.77,40.85
2665,74.68,65.74,40.74
1253,74.68,65.74,40.78
942,74.6,65.49,40.27
508,74.65,65.44,40.27
7825,74.77,65.54,40.53
4303,74.71,65.49,40.45
7915,74.66,65.55,40.45
12167,74.72,65.6,40.53
26199,74.77,65.54,40.61
42540,74.83,65.59,40.68
47620,74.78,65.62,40.66
68680,74.78,65.62,40.7
36739,74.75,65.65,40.66
42609,74.75,65.65,40.7
30177,74.72,65.6,40.61
56816,74.89,65.61,40.86
63201,74.89,65.61,40.82
141533,74.86,65.64,40.82
142025,74.86,65.64,40.86
97529,74.83,65.59,40.76
171822,74.81,65.65,40.82
187894,74.81,65.65,40.86
150122,74.78,65.68,40.86
119717,74.78,65.68,40.82
83251,74.78,65.62,40.74
105784,74.78,65.62,40.78
38569,74.75,65.65,40.74
40429,74.75,65.65,40.78
514,74.69,65.32,40.29
100,74.81,65.37,40.38
2590,74.65,65.44,40.38
366,74.76,65.43,40.37
512,74.87,65.42,40.53
333,74.81,65.37,40.45
1362,74.76,65.43,40.45
2178,74.82,65.48,40.53
1825,74.93,65.47,40.76
1170,74.87,65.42,40.61
1091,74.93,65.47,40.68
6421,74.82,65.48,40.61
7705,74.88,65.53,40.68
18718,74.88,65.53,40.76
24477,74.88,65.53,40.84
389,74.68,65.14,40.33
36,74.78,64.98,40.37
7,74.99,65.52,41.07
9,75.09,65.4,40.84
4,75.09,65.4,40.92
27,75.04,65.46,40.92
58,75.04,65.46,40.84
1929,74.93,65.47,40.84
11,75.03,65.35,40.68
19,75.03,65.35,40.76
180,74.98,65.41,40.68
243,74.98,65.41,40.76
6,75,64.96,40.72
26,75.02,65.18,40.72
59,74.9,65.09,40.57
390,74.8,65.23,40.46
160,74.92,65.3,40.57
580,74.93,65.47,40.92
36,74.99,65.52,41
72,74.92,65.64,41.02
407,74.92,65.64,40.98
141,74.89,65.67,41.02
658,74.84,65.67,41.02
1194,74.89,65.67,40.98
5901,74.84,65.67,40.98
25683,74.89,65.61,40.9
5560,74.89,65.61,40.94
20322,74.86,65.64,40.94
85392,74.86,65.64,40.9
4954,74.88,65.53,40.92
160,74.94,65.58,41
3,74.92,65.64,41.09
18,74.92,65.64,41.06
2,74.89,65.67,41.09
8,74.84,65.67,41.09
19,74.89,65.67,41.06
84,74.84,65.67,41.06
20,74.94,65.58,41.07
984,74.79,65.72,41.01
318,74.79,65.72,41.03
210,74.77,65.73,41.03
640,74.77,65.73,41.01
7323,74.79,65.72,40.97
2699,74.79,65.72,40.99
1542,74.77,65.73,40.99
4009,74.77,65.73,40.97
117,74.76,65.75,41.03
55,74.75,65.76,41.03
332,74.76,65.75,41.01
147,74.75,65.76,41.01
812,74.76,65.75,40.99
1796,74.76,65.75,40.97
328,74.75,65.76,40.99
714,74.75,65.76,40.97
47713,74.76,65.71,40.9
21525,74.76,65.71,40.94
4552,74.73,65.74,40.94
6529,74.73,65.74,40.9
1260,74.78,65.68,41.02
8318,74.78,65.68,40.98
142183,74.81,65.65,40.9
55604,74.81,65.65,40.94
49698,74.78,65.68,40.94
118992,74.78,65.68,40.9
8,74.79,65.73,41.09
3,74.73,65.77,41.1
6,74.77,65.75,41.09
54,74.79,65.73,41.06
21,74.76,65.76,41.05
30,74.78,65.68,41.09
202,74.78,65.68,41.06
567,74.56,65,40.38
23,74.72,65.78,41.02
23,74.74,65.78,41.03
36,74.73,65.79,41
51,74.74,65.78,41.01
90,74.71,65.8,40.96
56,74.72,65.79,40.99
99,74.72,65.79,40.97
120,74.74,65.78,40.99
252,74.74,65.78,40.97
251,74.69,65.79,40.94
815,74.71,65.77,40.94
1678,74.71,65.75,40.91
702,74.69,65.77,40.91
1806,74.71,65.75,40.89
755,74.69,65.77,40.89
13,74.74,65.77,41.05
6,74.71,65.77,41.09
20,74.7,65.77,41.06
2575,74.62,65.77,40.67
2864,74.65,65.77,40.7
3,74.26,66.39,40.47
2,74.48,66.09,40.39
4,74.46,66.13,40.39
4,74.46,66.11,40.4
2,74.33,66.4,40.48
3,74.36,66.41,40.42
4,74.46,66.02,40.45
2,74.71,65.82,41.06
2431,74.57,65.83,40.62
2162,74.6,65.82,40.66
2255,74.63,65.82,40.67
1481,74.66,65.76,40.74
1819,74.66,65.82,40.7
1134,74.69,65.83,40.75
621,74.66,65.76,40.78
562,74.68,65.83,40.77
321,74.68,65.83,40.79
2660,74.58,65.84,40.59
333,74.68,65.78,40.91
383,74.68,65.78,40.89
219,74.67,65.79,40.91
89,74.69,65.84,40.91
251,74.67,65.79,40.89
104,74.69,65.84,40.89
154,74.65,65.82,40.82
126,74.67,65.83,40.87
138,74.67,65.83,40.85
28,74.71,65.84,40.96
14,74.72,65.83,40.99
58,74.68,65.83,40.94
7,74.7,65.82,41.02
2,74.84,65.67,41.13
2,74.76,65.74,41.12
6,74.78,65.68,41.13
2,74.94,65.58,41.15
92,74.39,65.91,40.25
162,74.42,65.88,40.25
521,74.47,65.9,40.39
193,74.47,65.9,40.29
152,74.49,65.91,40.36
44,74.42,65.88,40.22
31,74.39,65.93,40.21
207,74.46,65.9,40.45
4,74.46,66.07,40.47
5,74.41,66.1,40.4
3,74.45,66.12,40.43
2,74.42,66.09,40.36
4,74.45,66.09,40.41
3,74.47,66.09,40.39
2,74.46,66.06,40.34
8,74.32,66.11,40.42
8,74.44,66.01,40.37
72,74.47,65.97,40.39
3,74.4,66.09,40.4
5,74.44,66.01,40.43
3,74.47,66.05,40.44
91,74.42,65.96,40.29
6,74.43,66.04,40.24
12,74.43,66.05,40.3
40,74.42,65.96,40.24
68,74.3,66.04,40.29
43,74.32,66.02,40.22
22,74.22,66.08,40.23
19,74.3,66.07,40.36
3,74.4,66.07,40.52
13,74.26,66.08,40.43
719,73.9,66.06,40.26
1543,73.72,66.05,40.31
994,74.44,64.94,40.41
3,74.75,64.66,40.42
67,74.66,64.88,40.4
4,74.74,64.58,40.69
160,74.67,64.91,40.62
15,74.88,64.89,40.62
1284,74.57,65.78,40.37
885,74.51,65.73,40.3
761,74.46,65.79,40.3
599,74.5,65.85,40.34
1252,74.52,65.82,40.37
143,74.46,65.79,40.23
167,74.51,65.73,40.23
2681,74.58,65.84,40.55
2954,74.63,65.8,40.52
3092,74.57,65.78,40.45
2479,74.54,65.84,40.53
2211,74.48,65.85,40.47
2619,74.52,65.81,40.45
2149,74.6,65.77,40.67
3115,74.57,65.79,40.62
3548,74.57,65.8,40.58
4260,74.6,65.77,40.59
3838,74.59,65.77,40.62
3240,74.56,65.67,40.37
828,74.52,65.6,40.25
2729,74.53,65.61,40.32
3059,74.61,65.61,40.37
4630,74.6,65.5,40.38
1374,74.54,65.53,40.26
8992,74.61,65.61,40.45
10432,74.67,65.66,40.53
7436,74.56,65.67,40.45
6732,74.62,65.72,40.53
21727,74.7,65.66,40.66
16604,74.7,65.66,40.7
11058,74.67,65.69,40.66
7382,74.67,65.69,40.7
23178,74.67,65.63,40.63
21595,74.67,65.63,40.59
14440,74.64,65.66,40.59
13438,74.64,65.66,40.63
3666,74.62,65.74,40.66
5984,74.65,65.72,40.66
2154,74.62,65.74,40.7
3832,74.65,65.72,40.7
6109,74.59,65.72,40.59
9274,74.62,65.69,40.59
4817,74.59,65.72,40.63
7723,74.62,65.69,40.63
28402,74.73,65.68,40.86
16023,74.73,65.68,40.82
3385,74.7,65.71,40.82
5674,74.7,65.71,40.86
9835,74.7,65.66,40.74
7272,74.7,65.66,40.78
4223,74.67,65.69,40.74
2806,74.67,65.69,40.78
423,74.65,65.77,40.82
1058,74.68,65.74,40.82
496,74.65,65.77,40.86
1486,74.68,65.74,40.86
2184,74.65,65.72,40.74
1430,74.65,65.72,40.78
2694,74.54,65.45,40.28
1641,74.59,65.39,40.29
14643,74.71,65.49,40.53
8145,74.65,65.44,40.45
5725,74.6,65.4,40.4
13474,74.6,65.5,40.45
20752,74.66,65.55,40.53
38902,74.71,65.49,40.61
63761,74.77,65.54,40.68
34881,74.66,65.55,40.61
46084,74.72,65.6,40.68
97477,74.77,65.54,40.76
126465,74.83,65.59,40.84
135193,74.78,65.62,40.82
150573,74.78,65.62,40.86
93052,74.75,65.65,40.86
68616,74.75,65.65,40.82
47032,74.72,65.6,40.76
1945,74.58,65.22,40.33
2329,74.7,65.33,40.44
931,74.81,65.37,40.53
4231,74.76,65.43,40.53
3587,74.87,65.42,40.76
2472,74.87,65.42,40.68
2313,74.81,65.37,40.61
11353,74.76,65.43,40.61
16974,74.82,65.48,40.68
35325,74.82,65.48,40.76
38036,74.82,65.48,40.84
271,74.68,65.07,40.35
1321,74.68,65.16,40.48
111,74.78,64.99,40.59
12,74.88,64.86,40.72
2,75.04,65.46,41.07
26,74.93,65.47,41.07
8,75.04,65.46,41
24,75.03,65.35,40.84
3,75.03,65.35,40.92
101,74.98,65.41,40.92
3564,74.87,65.42,40.84
230,74.98,65.41,40.84
3,75,64.96,40.88
17,75.02,65.18,40.88
81,74.9,65.08,40.72
617,74.8,65.2,40.57
372,74.92,65.3,40.72
1022,74.87,65.42,40.92
130,74.93,65.47,41
109,74.89,65.61,41.02
1278,74.89,65.61,40.98
1390,74.81,65.65,41.02
300,74.86,65.64,41.02
9193,74.81,65.65,40.98
3067,74.86,65.64,40.98
49909,74.83,65.59,40.92
7302,74.82,65.48,40.92
626,74.88,65.53,41
59,74.89,65.61,41.06
40,74.81,65.65,41.09
267,74.81,65.65,41.06
72,74.86,65.64,41.06
86,74.88,65.53,41.07
876,74.76,65.71,41.02
4792,74.76,65.71,40.98
396,74.73,65.74,41.02
1707,74.73,65.74,40.98
30723,74.73,65.68,40.9
20155,74.73,65.68,40.94
5707,74.7,65.71,40.94
6888,74.7,65.71,40.9
11234,74.78,65.62,40.98
1975,74.78,65.62,41.02
1717,74.75,65.65,41.02
9197,74.75,65.65,40.98
121032,74.78,65.62,40.9
58546,74.78,65.62,40.94
46247,74.75,65.65,40.94
89203,74.75,65.65,40.9
22,74.76,65.71,41.09
14,74.73,65.74,41.09
144,74.76,65.71,41.06
74,74.73,65.74,41.06
84,74.78,65.62,41.09
431,74.78,65.62,41.06
62,74.75,65.65,41.09
337,74.75,65.65,41.06
1159,74.57,65.02,40.6
3397,74.46,65.12,40.37
79,74.69,65.78,41.01
113,74.71,65.76,41.02
147,74.69,65.78,40.97
356,74.71,65.77,40.98
412,74.65,65.77,40.94
1362,74.68,65.74,40.94
1680,74.68,65.74,40.9
15,74.71,65.75,41.08
41,74.71,65.76,41.05
6,74.68,65.77,41.1
17,74.67,65.77,41.07
1181,74.62,65.74,40.74
779,74.62,65.74,40.78
1594,74.62,65.77,40.7
4,74.38,66.13,40.46
3,74.29,66.36,40.48
5,74.38,66.14,40.41
4,74.28,66.36,40.42
4,74.44,66.18,40.4
3,74.47,66.12,40.44
4,74.48,66.12,40.4
3,74.43,66.17,40.45
3,74.42,66.34,40.41
2,74.39,66.33,40.47
3,74.38,66.07,40.58
3,74.45,66.07,40.53
7,74.25,66.17,40.43
9,74.18,66.19,40.43
3,74.38,66.13,40.53
2,74.38,66.34,40.52
2,74.36,66.13,40.6
6,74.46,65.97,40.46
2,74.68,65.83,41.06
1685,74.55,65.83,40.63
1326,74.58,65.82,40.67
1317,74.62,65.83,40.7
935,74.65,65.82,40.74
283,74.65,65.82,40.78
1525,74.53,65.83,40.6
501,74.65,65.77,40.9
90,74.67,65.83,40.91
107,74.67,65.83,40.89
138,74.62,65.82,40.81
132,74.64,65.83,40.86
28,74.69,65.83,40.98
71,74.65,65.82,40.94
15,74.69,65.82,41.01
5,74.93,65.47,41.15
4,74.89,65.61,41.13
11,74.81,65.65,41.13
3,74.86,65.64,41.13
11,74.88,65.53,41.15
4,74.76,65.71,41.13
3,74.73,65.73,41.13
23,74.78,65.62,41.13
14,74.75,65.65,41.13
2,74.68,65.76,41.13
2,74.81,65.65,41.17
6,74.78,65.62,41.17
3,74.75,65.65,41.17
368,74.36,65.91,40.3
566,74.41,65.85,40.3
637,74.44,65.89,40.37
420,74.47,65.88,40.34
128,74.4,65.84,40.23
78,74.35,65.92,40.22
224,74.43,65.89,40.43
1731,74.46,65.87,40.47
35,74.2,66.07,40.43
56,74.19,66.07,40.41
61,74.41,65.96,40.45
7,74.34,66.07,40.47
4,74.42,66.08,40.45
5,74.43,66.04,40.43
4,74.43,66.05,40.37
152,74.41,65.96,40.37
101,74.29,66.03,40.37
131,74.22,66.02,40.29
113,74.34,65.99,40.3
305,74.22,65.96,40.25
51,74.17,66.07,40.31
20,74.27,66.04,40.48
9,74.37,66.02,40.53
5,74.35,66.02,40.6
274,73.99,66.06,40.3
1912,73.87,65.93,40.3
1629,73.9,65.92,40.39
749,73.84,66.05,40.35
426,73.86,66.08,40.43
2007,73.72,65.89,40.47
2881,73.74,65.85,40.33
4276,74.34,65.02,40.4
12942,74.23,65.14,40.39
643,74.44,64.86,40.42
1729,74.44,64.96,40.63
72,74.54,64.78,40.43
136,74.66,64.88,40.72
8,74.75,64.67,40.83
2770,74.51,65.73,40.37
2166,74.43,65.72,40.32
2142,74.46,65.79,40.37
689,74.42,65.71,40.25
5317,74.51,65.73,40.45
4392,74.57,65.78,40.53
844,74.48,65.84,40.54
3354,74.52,65.81,40.52
3578,74.46,65.79,40.45
2492,74.52,65.8,40.59
1564,74.58,65.77,40.68
2676,74.59,65.76,40.66
2251,74.54,65.78,40.62
3271,74.54,65.78,40.59
4390,74.57,65.75,40.59
3264,74.57,65.75,40.63
3019,74.44,65.57,40.27
5963,74.5,65.62,40.37
3341,74.49,65.51,40.28
8865,74.55,65.46,40.39
6057,74.55,65.56,40.37
13829,74.55,65.56,40.45
16381,74.61,65.61,40.53
10571,74.5,65.62,40.45
9484,74.56,65.67,40.53
18750,74.67,65.63,40.66
13303,74.67,65.63,40.7
9333,74.64,65.66,40.66
5894,74.64,65.66,40.7
17751,74.61,65.61,40.61
2955,74.59,65.72,40.67
5197,74.62,65.69,40.66
1723,74.59,65.72,40.7
3266,74.62,65.69,40.7
6399,74.56,65.67,40.61
20439,74.7,65.66,40.86
11255,74.7,65.66,40.82
3789,74.67,65.69,40.82
6347,74.67,65.69,40.86
8365,74.67,65.63,40.74
7813,74.67,65.63,40.78
3735,74.64,65.66,40.74
3395,74.64,65.66,40.78
672,74.62,65.75,40.82
1609,74.65,65.72,40.82
793,74.62,65.75,40.86
2164,74.65,65.72,40.86
1200,74.59,65.72,40.74
2183,74.62,65.69,40.74
1053,74.59,65.72,40.78
1954,74.62,65.69,40.78
6777,74.47,65.34,40.32
23042,74.65,65.44,40.53
12240,74.59,65.39,40.45
17844,74.54,65.45,40.45
27248,74.6,65.5,40.53
48618,74.65,65.44,40.61
69977,74.71,65.49,40.68
34145,74.6,65.5,40.61
34279,74.66,65.55,40.68
86626,74.71,65.49,40.76
111352,74.77,65.54,40.84
31994,74.66,65.55,40.76
76452,74.72,65.6,40.84
5604,74.59,65.25,40.47
5576,74.81,65.37,40.84
8676,74.7,65.32,40.57
6292,74.81,65.37,40.76
4706,74.81,65.37,40.68
27104,74.76,65.43,40.68
45334,74.76,65.43,40.76
40556,74.76,65.43,40.84
916,74.68,65.11,40.58
122,74.78,64.98,40.72
6,74.88,64.86,40.88
5,75.03,65.35,41
53,74.87,65.42,41.07
6,74.98,65.41,41.07
29,74.98,65.41,41
3,75.02,65.18,41.04
38,74.9,65.08,40.88
1074,74.8,65.2,40.72
246,74.92,65.3,40.88
233,74.87,65.42,41
1512,74.81,65.37,40.92
3685,74.83,65.59,41
46533,74.77,65.54,40.92
1060,74.82,65.48,41
7990,74.76,65.43,40.92
240,74.83,65.59,41.07
170,74.82,65.48,41.07
1195,74.73,65.68,41.02
5375,74.73,65.68,40.98
621,74.7,65.71,41.02
2274,74.7,65.71,40.98
27654,74.7,65.66,40.9
21403,74.7,65.66,40.94
6809,74.67,65.69,40.94
8167,74.67,65.69,40.9
10663,74.75,65.6,40.98
2394,74.75,65.6,41.02
2035,74.72,65.63,41.02
9605,74.72,65.63,40.98
64977,74.72,65.6,40.92
45,74.73,65.68,41.09
27,74.7,65.71,41.09
242,74.73,65.68,41.06
138,74.7,65.71,41.06
142,74.75,65.6,41.09
611,74.75,65.6,41.06
105,74.72,65.63,41.09
479,74.72,65.63,41.06
67,74.66,64.88,40.88
1148,74.56,65,40.72
9766,74.46,65.13,40.59
10955,74.35,65.24,40.36
125,74.66,65.76,41.01
219,74.68,65.74,41.02
241,74.66,65.76,40.98
664,74.68,65.74,40.98
593,74.62,65.75,40.94
784,74.62,65.75,40.9
1970,74.65,65.72,40.94
2418,74.65,65.72,40.9
60,74.66,65.75,41.05
20,74.68,65.73,41.09
65,74.68,65.74,41.05
6,74.64,65.76,41.1
27,74.65,65.77,41.05
753,74.61,65.77,40.74
554,74.61,65.77,40.77
739,74.57,65.77,40.71
265,74.61,65.77,40.95
69,74.65,65.77,41.02
23,74.1,66.13,40.42
3,74.44,66.02,40.55
3,74.38,66.02,40.62
4,74.34,66.25,40.42
3,74.35,66.24,40.47
2,74.41,66.18,40.51
3,74.47,66.18,40.45
3,74.46,66.3,40.43
2,74.45,66.13,40.54
2,74.44,66.08,40.58
2,74.39,66.13,40.62
19,74.16,66.16,40.49
5,74.27,66.14,40.48
5,74.32,66.08,40.53
3,74.32,66.08,40.61
2,74.32,66.24,40.56
6,74.39,65.96,40.61
6,74.45,65.97,40.53
4,74.66,65.83,41.05
909,74.55,65.82,40.66
467,74.57,65.83,40.7
482,74.62,65.82,40.74
142,74.61,65.82,40.78
151,74.49,65.83,40.61
108,74.64,65.83,40.9
129,74.6,65.82,40.83
124,74.61,65.82,40.86
70,74.62,65.82,40.94
33,74.65,65.82,40.98
13,74.66,65.82,41.02
11,74.87,65.42,41.15
18,74.83,65.59,41.15
25,74.82,65.48,41.15
2,74.73,65.68,41.17
2,74.7,65.7,41.17
9,74.73,65.68,41.13
6,74.7,65.71,41.13
43,74.75,65.6,41.13
27,74.72,65.63,41.13
7,74.68,65.73,41.12
2,74.65,65.75,41.13
11,74.75,65.6,41.17
6,74.72,65.63,41.17
3,74.82,65.48,41.23
741,74.36,65.91,40.37
666,74.24,65.85,40.25
1086,74.33,65.84,40.31
1440,74.41,65.85,40.37
389,74.32,65.84,40.24
1947,74.41,65.85,40.45
146,74.45,65.88,40.54
19,74.4,65.96,40.52
674,74.36,65.91,40.45
33,74.4,65.86,40.62
10,74.38,65.96,40.59
19,74.26,66.03,40.53
153,74.19,66.01,40.49
68,74.11,66.07,40.39
270,74.18,66,40.47
227,74.04,66.07,40.27
369,74.15,65.97,40.26
374,74.15,66,40.37
561,74.25,65.92,40.32
162,74.33,65.99,40.41
66,74.31,65.97,40.53
3,74.34,66.02,40.67
17,74.31,65.97,40.61
11,74.26,66.03,40.61
137,73.97,66.11,40.43
205,73.99,66.07,40.37
1030,73.98,65.95,40.41
2938,73.95,65.8,40.31
2384,73.91,65.82,40.48
2223,73.83,65.92,40.31
1371,73.84,65.92,40.48
739,73.86,65.96,40.56
630,73.8,66.07,40.43
1694,73.74,65.74,40.59
4273,73.84,65.66,40.35
13372,74.13,65.26,40.39
9009,74.36,65.04,40.63
28941,74.25,65.16,40.62
7229,74.11,64.93,40.4
962,74.44,64.9,40.73
141,74.54,64.79,40.74
51,74.54,64.78,40.88
439,74.44,64.9,40.88
2540,74.39,65.63,40.27
4916,74.45,65.68,40.37
1964,74.34,65.69,40.27
3577,74.4,65.74,40.37
7220,74.45,65.68,40.45
5323,74.51,65.73,40.53
4875,74.4,65.74,40.45
2824,74.46,65.78,40.53
681,74.47,65.77,40.6
1216,74.54,65.77,40.66
1026,74.56,65.75,40.7
1773,74.57,65.75,40.66
2089,74.51,65.73,40.61
436,74.6,65.76,40.83
473,74.6,65.76,40.86
858,74.57,65.74,40.74
812,74.57,65.74,40.78
7262,74.37,65.46,40.31
9433,74.45,65.57,40.38
10723,74.5,65.51,40.39
16987,74.49,65.51,40.45
18872,74.55,65.56,40.53
12474,74.44,65.57,40.45
10004,74.5,65.62,40.53
13728,74.55,65.56,40.61
9212,74.61,65.61,40.68
5084,74.5,65.62,40.61
2808,74.56,65.67,40.68
21930,74.67,65.63,40.86
13035,74.67,65.63,40.82
5014,74.64,65.66,40.82
8141,74.64,65.66,40.86
7604,74.61,65.61,40.76
1124,74.59,65.72,40.82
2498,74.62,65.69,40.82
1260,74.59,65.72,40.86
3176,74.62,65.69,40.86
2478,74.56,65.67,40.76
19568,74.49,65.36,40.46
27589,74.59,65.39,40.53
29979,74.54,65.45,40.53
46458,74.59,65.39,40.61
68540,74.65,65.44,40.68
31348,74.54,65.45,40.61
25833,74.6,65.5,40.68
77972,74.65,65.44,40.76
92547,74.71,65.49,40.84
28157,74.6,65.5,40.76
56920,74.66,65.55,40.84
10040,74.58,65.23,40.57
5104,74.75,65.32,40.84
21836,74.7,65.32,40.72
35858,74.7,65.38,40.84
1245,74.68,65.1,40.72
60,74.78,64.98,40.88
88,74.81,65.37,41.07
7,74.9,65.08,41.04
32,74.92,65.3,41.04
409,74.8,65.2,40.88
1559,74.75,65.32,40.92
381,74.81,65.37,41
7498,74.7,65.38,40.92
1327,74.76,65.43,41
36718,74.71,65.49,40.92
4718,74.77,65.54,41
247,74.76,65.43,41.07
433,74.77,65.54,41.07
1446,74.7,65.66,41.02
5688,74.7,65.66,40.98
808,74.67,65.69,41.02
2686,74.67,65.69,40.98
29587,74.67,65.63,40.9
22248,74.67,65.63,40.94
7765,74.64,65.66,40.94
10209,74.64,65.66,40.9
11022,74.72,65.57,40.98
2534,74.72,65.57,41.02
2166,74.69,65.6,41.02
10445,74.69,65.6,40.98
48432,74.66,65.55,40.92
74,74.7,65.66,41.09
47,74.67,65.69,41.09
346,74.7,65.66,41.06
207,74.67,65.69,41.06
171,74.72,65.57,41.09
734,74.72,65.57,41.06
127,74.69,65.6,41.09
607,74.69,65.6,41.06
13,74.66,64.88,41.04
527,74.56,65,40.88
6378,74.17,65.54,40.32
11151,74.46,65.12,40.72
10252,74.25,65.36,40.35
31103,74.36,65.25,40.58
434,74.6,65.76,40.93
470,74.6,65.76,40.9
160,74.62,65.74,41.01
340,74.65,65.72,41.02
342,74.62,65.74,40.98
967,74.65,65.72,40.98
812,74.59,65.72,40.94
1176,74.59,65.72,40.9
2657,74.62,65.69,40.94
3455,74.62,65.69,40.9
68,74.63,65.74,41.05
28,74.62,65.73,41.08
27,74.65,65.71,41.09
100,74.65,65.72,41.06
9,74.63,65.76,41.09
23,74.62,65.77,41.06
281,74.51,65.77,40.71
514,74.57,65.77,40.74
517,74.57,65.77,40.78
160,74.47,65.77,40.69
289,74.6,65.77,40.94
566,74.56,65.76,40.82
520,74.56,65.77,40.86
152,74.61,65.77,40.98
63,74.62,65.77,41.02
107,74.08,66.07,40.51
2,74.38,66.08,40.64
2,74.38,66.02,40.68
2,74.44,66.03,40.61
3,74.46,66.24,40.44
2,74.45,66.18,40.51
2,74.45,66.34,40.51
2,74.44,66.13,40.6
7,74.22,66.14,40.57
2,74.31,66.08,40.68
8,74.39,65.92,40.62
8,74.44,65.93,40.55
3,74.44,65.98,40.6
21,74.44,65.88,40.61
3,74.63,65.83,41.05
59,74.53,65.83,40.7
120,74.58,65.83,40.74
66,74.58,65.82,40.78
32,74.45,65.82,40.63
44,74.5,65.82,40.67
90,74.61,65.82,40.93
111,74.61,65.82,40.9
108,74.58,65.82,40.82
98,74.58,65.82,40.86
28,74.62,65.82,40.98
14,74.62,65.83,41.02
3,74.81,65.37,41.23
2,74.92,65.3,41.19
19,74.81,65.37,41.15
7,74.76,65.43,41.23
43,74.76,65.43,41.15
45,74.77,65.54,41.15
4,74.7,65.66,41.17
3,74.67,65.69,41.17
17,74.7,65.66,41.13
11,74.67,65.69,41.13
16,74.72,65.57,41.17
61,74.72,65.57,41.13
10,74.69,65.6,41.17
43,74.69,65.6,41.13
9,74.65,65.71,41.13
3,74.65,65.7,41.16
2,74.62,65.75,41.14
2,74.72,65.6,41.23
5,74.77,65.54,41.23
1714,74.24,65.83,40.33
1717,74.3,65.86,40.37
1196,74.24,65.81,40.26
1388,74.29,65.75,40.26
2593,74.35,65.8,40.37
3200,74.35,65.8,40.45
616,74.4,65.84,40.52
1883,74.3,65.86,40.45
168,74.36,65.91,40.53
12,74.39,65.86,40.68
97,74.38,65.85,40.6
31,74.35,65.91,40.6
346,74.2,65.96,40.52
101,74.2,65.99,40.54
395,74.11,65.99,40.47
1503,74.07,65.9,40.28
849,74.04,65.96,40.37
1241,74.2,65.91,40.42
478,74.25,65.92,40.53
129,74.25,65.92,40.61
4,74.31,65.97,40.68
61,74.2,65.98,40.61
4,74.26,66.03,40.69
313,73.97,66.01,40.54
1807,73.98,65.87,40.48
689,74,65.96,40.48
4754,74.06,65.63,40.32
6100,73.94,65.51,40.37
2989,73.98,65.74,40.47
1405,73.87,65.81,40.57
784,73.88,65.88,40.63
931,73.8,65.95,40.56
739,73.73,65.74,40.72
2,74.66,64.88,41.19
9497,74.03,65.38,40.38
19705,74.15,65.28,40.61
6084,73.77,65.51,40.4
1559,73.84,65.63,40.59
11391,73.9,65.18,40.42
6871,74.07,64.89,40.68
7225,74.34,65.02,40.73
23709,74.24,65.14,40.72
381,74.32,64.71,40.86
16,74.54,64.78,41.04
97,74.44,64.9,41.04
2585,74.34,65.02,40.88
15,74.44,64.9,41.19
5327,74.27,65.58,40.3
7444,74.39,65.63,40.38
5416,74.34,65.69,40.38
8396,74.39,65.63,40.45
5292,74.45,65.68,40.53
5851,74.34,65.69,40.45
2954,74.4,65.74,40.53
293,74.46,65.76,40.67
711,74.4,65.74,40.61
1945,74.45,65.68,40.61
856,74.51,65.73,40.68
841,74.57,65.74,40.82
817,74.57,65.74,40.86
1008,74.51,65.72,40.76
15890,74.39,65.48,40.45
18775,74.49,65.51,40.53
9264,74.44,65.57,40.53
11289,74.49,65.51,40.61
7991,74.55,65.56,40.68
4815,74.44,65.57,40.61
3031,74.5,65.62,40.68
10193,74.55,65.56,40.76
15890,74.61,65.61,40.84
3677,74.5,65.62,40.76
3482,74.56,65.67,40.84
33133,74.48,65.34,40.57
58218,74.59,65.39,40.68
23051,74.54,65.45,40.68
68320,74.59,65.39,40.76
76687,74.65,65.44,40.84
31721,74.54,65.45,40.76
48978,74.6,65.5,40.84
16642,74.58,65.22,40.72
5760,74.69,65.27,40.84
25692,74.64,65.33,40.84
11,74.78,64.98,41.04
554,74.68,65.1,40.88
111,74.75,65.32,41.07
60,74.8,65.2,41.04
422,74.75,65.32,41
1651,74.69,65.27,40.92
6498,74.64,65.33,40.92
1415,74.7,65.38,41
26548,74.65,65.44,40.92
4609,74.71,65.49,41
299,74.7,65.38,41.07
554,74.71,65.49,41.07
1590,74.67,65.63,41.02
5922,74.67,65.63,40.98
916,74.64,65.66,41.02
3063,74.64,65.66,40.98
19251,74.61,65.61,40.92
35468,74.6,65.5,40.92
6052,74.66,65.55,41
94,74.67,65.63,41.09
59,74.64,65.66,41.09
440,74.67,65.63,41.06
284,74.64,65.66,41.06
612,74.66,65.55,41.07
104,74.56,65,41.04
4254,74.46,65.12,40.88
8925,74.24,65.14,40.88
7635,74.14,65.46,40.35
4964,74.17,65.55,40.47
33705,74.36,65.24,40.72
16465,74.26,65.37,40.58
534,74.57,65.74,40.94
725,74.57,65.74,40.9
202,74.59,65.72,41.02
466,74.62,65.69,41.02
470,74.59,65.72,40.98
1262,74.62,65.69,40.98
3634,74.56,65.67,40.92
29,74.59,65.71,41.09
91,74.59,65.72,41.05
39,74.62,65.69,41.09
150,74.62,65.69,41.06
9,74.6,65.76,41.09
24,74.59,65.76,41.06
163,74.42,65.77,40.7
372,74.51,65.77,40.76
264,74.57,65.77,40.94
432,74.56,65.77,40.9
443,74.51,65.77,40.84
143,74.57,65.77,40.98
67,74.58,65.77,41.02
60,74.1,66.04,40.59
2,74.29,65.96,40.76
2,74.26,66.03,40.76
2,74.45,66.25,40.58
2,74.21,66.14,40.72
33,74.44,65.83,40.63
4,74.38,65.92,40.69
3,74.44,65.89,40.67
2,74.44,65.94,40.61
4,74.6,65.83,41.06
16,74.46,65.83,40.69
31,74.53,65.83,40.76
64,74.58,65.83,40.94
83,74.58,65.82,40.9
55,74.54,65.83,40.84
22,74.58,65.83,40.98
13,74.59,65.83,41.02
5,74.75,65.32,41.23
6,74.8,65.2,41.19
26,74.75,65.32,41.15
10,74.7,65.38,41.23
9,74.71,65.49,41.23
59,74.7,65.38,41.15
74,74.71,65.49,41.15
8,74.66,65.55,41.23
5,74.67,65.63,41.17
4,74.64,65.66,41.17
28,74.67,65.63,41.13
19,74.64,65.66,41.13
71,74.66,65.55,41.15
3,74.62,65.69,41.17
17,74.59,65.71,41.12
13,74.62,65.69,41.13
4,74.6,65.75,41.13
2,74.62,65.68,41.21
3230,74.17,65.71,40.29
3988,74.29,65.75,40.38
2879,74.24,65.81,40.37
4302,74.29,65.75,40.45
1250,74.35,65.8,40.53
3108,74.24,65.81,40.45
793,74.3,65.86,40.53
43,74.38,65.81,40.7
33,74.36,65.85,40.66
263,74.35,65.8,40.61
185,74.3,65.86,40.61
11,74.34,65.9,40.68
4,74.32,65.9,40.74
2565,74.08,65.83,40.44
1187,74.19,65.87,40.53
716,74.14,65.92,40.53
480,74.19,65.87,40.61
23,74.25,65.92,40.68
261,74.14,65.93,40.6
15,74.2,65.98,40.68
1128,73.99,65.87,40.55
309,73.99,65.95,40.62
5817,74.03,65.56,40.34
3539,74.08,65.63,40.47
6993,73.67,65.39,40.43
2588,73.94,65.51,40.6
1571,73.96,65.72,40.57
384,73.86,65.84,40.72
133,73.73,65.74,40.88
677,73.84,65.62,40.72
14,74.56,65,41.19
9983,73.9,65.1,40.68
2882,73.78,65.51,40.63
17947,74.13,65.26,40.72
6636,74.05,65.4,40.6
41,74.31,64.69,41.11
6321,74.12,64.94,40.84
502,74.34,65.02,41.04
52,74.34,65.02,41.19
7652,74.29,65.6,40.44
4905,74.39,65.63,40.53
3059,74.34,65.69,40.53
1133,74.34,65.69,40.61
433,74.4,65.73,40.68
2291,74.39,65.63,40.61
1160,74.45,65.68,40.69
659,74.4,65.71,40.76
1335,74.45,65.68,40.76
1206,74.51,65.72,40.84
13172,74.37,65.46,40.56
8396,74.49,65.51,40.68
3734,74.44,65.57,40.68
14055,74.49,65.51,40.76
19503,74.55,65.56,40.84
5332,74.44,65.57,40.76
5196,74.5,65.62,40.84
42858,74.48,65.34,40.72
62372,74.59,65.39,40.84
48270,74.54,65.45,40.84
92,74.68,65.1,41.04
6843,74.58,65.22,40.88
105,74.69,65.27,41.07
517,74.69,65.27,41
1363,74.64,65.33,41
19294,74.59,65.39,40.92
4007,74.65,65.44,41
295,74.64,65.33,41.07
610,74.65,65.44,41.07
25970,74.54,65.45,40.92
5243,74.6,65.5,41
18900,74.55,65.56,40.92
3401,74.61,65.61,41
710,74.6,65.5,41.07
412,74.61,65.61,41.07
1238,74.24,65.14,41.04
603,74.46,65.12,41.04
9456,74.14,65.26,40.88
15668,74.36,65.24,40.88
7156,74.04,65.38,40.72
4599,74.16,65.48,40.57
16369,74.26,65.36,40.72
325,74.57,65.74,40.98
179,74.57,65.73,41.01
1015,74.51,65.71,40.92
5042,74.5,65.62,40.92
1130,74.56,65.67,41
96,74.57,65.73,41.04
186,74.56,65.67,41.07
14,74.57,65.75,41.1
36,74.58,65.76,41.05
262,74.43,65.77,40.77
315,74.43,65.76,40.84
325,74.51,65.76,40.92
135,74.52,65.76,41
11,74.09,66.04,40.72
3,74.2,65.98,40.76
5,74.25,65.92,40.76
9,74.44,65.86,40.69
40,74.38,65.82,40.76
2,74.36,65.92,40.75
2,74.58,65.83,41.1
5,74.59,65.83,41.05
19,74.48,65.84,40.77
33,74.49,65.83,40.84
43,74.54,65.83,40.92
16,74.55,65.83,41
11,74.68,65.1,41.19
5,74.69,65.27,41.23
34,74.69,65.27,41.15
11,74.64,65.33,41.23
15,74.65,65.44,41.23
70,74.64,65.33,41.15
100,74.65,65.44,41.15
15,74.6,65.5,41.23
5,74.61,65.61,41.23
107,74.6,65.5,41.15
46,74.61,65.61,41.15
28,74.56,65.66,41.15
4,74.56,65.74,41.16
4,74.56,65.65,41.23
4392,74.18,65.71,40.44
2178,74.29,65.75,40.53
1813,74.24,65.81,40.53
786,74.29,65.75,40.61
92,74.34,65.79,40.68
655,74.24,65.81,40.61
35,74.3,65.86,40.68
65,74.32,65.79,40.75
9,74.29,65.86,40.76
1347,74.07,65.82,40.57
98,74.19,65.87,40.68
53,74.14,65.93,40.68
11,74.14,65.93,40.76
20,74.19,65.87,40.76
106,73.97,65.94,40.72
2049,74.06,65.6,40.57
2334,73.71,65.42,40.82
2107,73.94,65.5,40.72
418,73.96,65.72,40.72
39,73.85,65.84,40.88
332,73.84,65.62,40.88
69,74.46,65.12,41.19
469,74.11,64.93,41.11
7696,73.92,65.18,40.82
141,74.24,65.14,41.19
3585,74.27,65.58,40.56
1816,74.39,65.63,40.68
724,74.34,65.69,40.68
863,74.35,65.68,40.76
775,74.4,65.71,40.84
480,74.31,65.7,40.76
2065,74.39,65.63,40.76
1464,74.45,65.68,40.84
12093,74.38,65.46,40.72
23141,74.49,65.51,40.84
7364,74.44,65.57,40.84
662,74.58,65.22,41.04
26550,74.48,65.34,40.88
3285,74.59,65.39,41
526,74.59,65.39,41.07
4307,74.54,65.45,41
16603,74.49,65.51,40.92
3461,74.55,65.56,41
652,74.54,65.45,41.07
540,74.55,65.56,41.07
593,74.41,65.71,40.92
1248,74.14,65.26,41.04
1620,74.36,65.24,41.04
4722,74.04,65.38,40.88
4554,74.16,65.48,40.72
12297,74.26,65.36,40.88
430,74.51,65.71,40.99
1172,74.45,65.68,40.92
5928,74.44,65.57,40.92
1496,74.5,65.62,41
130,74.52,65.7,41.07
288,74.5,65.62,41.07
36,74.53,65.75,41.07
192,74.38,65.77,40.78
285,74.39,65.76,40.85
110,74.47,65.75,41.01
235,74.44,65.76,40.92
46,74.36,65.82,40.83
5,74.46,65.88,40.76
4,74.55,65.83,41.07
11,74.46,65.84,40.78
22,74.46,65.84,40.85
11,74.51,65.83,41.01
27,74.5,65.84,40.92
2,74.64,65.33,41.31
2,74.65,65.44,41.31
2,74.6,65.5,41.31
6,74.46,65.12,41.35
56,74.58,65.22,41.19
13,74.59,65.39,41.23
117,74.59,65.39,41.15
15,74.54,65.45,41.23
11,74.55,65.56,41.23
134,74.54,65.45,41.15
80,74.55,65.56,41.15
47,74.5,65.62,41.15
34,74.51,65.69,41.13
9,74.53,65.74,41.14
7,74.5,65.62,41.23
1769,74.18,65.7,40.57
303,74.29,65.75,40.68
156,74.24,65.81,40.68
202,74.29,65.75,40.76
70,74.31,65.79,40.82
45,74.24,65.81,40.76
6,74.28,65.85,40.84
183,74.07,65.82,40.72
9,73.97,65.94,40.88
3,74.14,65.93,40.84
9,74.19,65.87,40.84
1256,74.06,65.6,40.72
1390,73.94,65.5,40.88
130,73.84,65.62,41.04
182,73.96,65.72,40.88
157,74.36,65.24,41.19
603,73.91,65.17,41.11
152,74.14,65.26,41.19
2640,74.28,65.58,40.72
498,74.31,65.7,40.84
893,74.35,65.68,40.84
2226,74.39,65.63,40.84
1985,74.48,65.34,41.04
14060,74.38,65.46,40.88
3115,74.49,65.51,41
549,74.49,65.51,41.07
622,74.35,65.68,40.92
291,74.4,65.7,40.99
866,74.04,65.38,41.04
1440,74.26,65.36,41.04
4366,74.16,65.48,40.88
1624,74.44,65.57,41
1695,74.39,65.63,40.92
489,74.45,65.67,41
307,74.44,65.57,41.08
137,74.45,65.67,41.07
35,74.47,65.74,41.08
229,74.37,65.77,40.84
203,74.39,65.75,40.92
113,74.44,65.75,40.99
106,74.37,65.79,40.85
118,74.4,65.69,41.06
347,74.31,65.7,40.92
5,74.19,65.87,40.92
3,74.27,65.85,40.92
3,74.35,65.88,40.84
3,74.45,65.88,40.83
3,74.51,65.83,41.08
16,74.46,65.84,40.84
21,74.47,65.84,40.92
10,74.49,65.83,40.99
8,74.45,65.86,40.85
4,74.58,65.22,41.35
3,74.59,65.39,41.31
3,74.54,65.45,41.31
14,74.36,65.24,41.35
131,74.48,65.34,41.19
12,74.49,65.51,41.23
106,74.49,65.51,41.15
70,74.44,65.57,41.15
31,74.45,65.66,41.15
7,74.44,65.57,41.23
9,74.47,65.73,41.15
6,74.45,65.65,41.22
663,74.18,65.7,40.72
33,74.24,65.81,40.84
199,74.29,65.75,40.84
18,74.24,65.81,40.92
142,74.28,65.74,40.92
54,74.07,65.82,40.88
385,73.94,65.5,41.04
63,73.96,65.72,41.04
938,74.06,65.6,40.88
109,74.04,65.38,41.19
155,74.26,65.36,41.19
783,74.16,65.47,41.04
1482,74.38,65.46,41.04
2785,74.28,65.58,40.88
623,74.39,65.63,41
299,74.35,65.67,41
153,74.39,65.63,41.08
44,74.43,65.74,41.06
174,74.37,65.76,40.92
96,74.39,65.75,41
74,74.36,65.8,40.92
235,74.3,65.69,40.99
103,74.34,65.67,41.07
2,74.27,65.85,40.99
6,74.34,65.87,40.92
3,74.49,65.83,41.06
17,74.45,65.84,40.92
9,74.47,65.83,41
8,74.45,65.87,40.92
14,74.26,65.36,41.35
8,74.48,65.34,41.35
2,74.49,65.51,41.31
112,74.38,65.46,41.19
38,74.39,65.63,41.15
39,74.34,65.66,41.14
7,74.43,65.72,41.17
6,74.39,65.62,41.23
2,74.44,65.57,41.31
2,74.48,65.72,41.23
19,74.07,65.82,41.04
14,74.24,65.81,41
537,74.18,65.69,40.89
80,74.28,65.74,40.99
280,74.06,65.6,41.04
100,74.16,65.48,41.19
601,74.28,65.58,41.04
87,74.36,65.75,41
33,74.39,65.74,41.08
37,74.35,65.8,41
30,74.27,65.74,41.07
4,74.24,65.81,41.07
4,74.34,65.87,41
7,74.45,65.84,41
2,74.47,65.83,41.08
3,74.45,65.87,41
7,74.38,65.46,41.35
65,74.29,65.57,41.19
11,74.39,65.72,41.15
2,74.39,65.61,41.3
48,74.06,65.6,41.19
180,74.18,65.7,41.04
71,74.22,65.61,41.18
18,74.35,65.73,41.1
14,74.34,65.78,41.07
15,74.26,65.74,41.13
4,74.23,65.8,41.15
2,74.33,65.86,41.08
7,74.35,65.7,41.22
5,74.28,65.56,41.35
12,74.33,65.72,41.17
23,74.17,65.7,41.19
5,74.33,65.79,41.14
5,74.31,65.76,41.22
2,46.36,85.88,56.58
2,46.38,85.68,56.58
2,43.25,86.29,55.64
2,43.26,87.1,56.33
2,43.08,87.13,56.29
3,43.25,93.81,58.15
2,42.87,88.04,56.24
3,43.25,94.71,58.77
2,43.25,93.81,58.77
2,43.25,94.71,59.39
2,43.25,93.81,59.39
2,43.25,93.41,58.15
3,43.25,94.3,58.15
2,43.05,93.81,58.15
2,42.59,87.65,56.26
2,42.65,88.53,56.27
2,42.72,89.41,56.27
2,43.25,96.93,58.77
3,43.25,96.05,58.77
3,43.25,95.23,58.77
2,43.25,94.3,58.77
2,43.05,94.71,58.77
2,43.05,93.81,58.77
2,43.25,96.94,59.39
2,43.25,96.06,59.39
2,43.25,95.24,59.39
2,43.25,94.71,60.01
2,43.25,94.3,59.39
2,43.05,94.71,59.39
2,43.25,97.75,59.39
2,43.05,93.41,58.15
3,43.05,94.3,58.15
2,42.85,93.83,58.15
2,42.88,94.72,58.15
2,42.2,88.13,56.27
2,42.28,89.01,56.9
2,42.35,89.89,56.9
2,42.45,90.77,56.9
2,42.28,89.01,56.27
3,42.35,89.89,56.27
3,42.46,90.77,56.27
2,43.05,96.93,58.77
2,43.05,96.05,58.77
2,43.05,95.23,58.77
2,42.88,94.72,58.77
2,43.05,94.3,58.77
2,42.85,93.83,58.77
2,43.25,96.94,60.01
2,43.05,96.94,59.39
2,43.25,96.06,60.01
2,43.05,96.06,59.39
2,43.05,95.24,59.39
2,43.25,95.24,60.01
2,43.25,94.3,60.01
2,42.88,94.72,59.4
2,43.05,94.3,59.39
2,43.25,95.24,60.6
2,41.8,88.61,55.65
2,43.25,96.06,60.6
2,43.25,96.94,60.6
2,43.25,97.75,60.01
2,42.63,93.41,58.15
2,42.73,95.16,58.15
2,42.69,94.3,58.15
2,41.88,89.49,56.9
2,41.95,90.37,56.9
2,41.88,89.49,56.27
3,41.95,90.37,56.27
2,42.79,96.94,58.77
2,42.77,96.06,58.77
2,42.73,95.16,58.77
2,42.69,94.3,58.77
2,42.77,96.07,59.4
2,43.05,96.06,60.02
2,42.73,95.16,59.4
2,43.05,95.24,60.02
2,41.95,90.37,57.52
2,42.03,91.25,57.52
2,42.26,93.89,58.15
2,42.34,94.77,58.15
2,41.55,90.85,56.9
2,41.47,89.97,56.27
2,41.55,90.85,56.27
2,42.49,96.53,58.77
2,42.44,95.65,58.77
2,41.55,90.85,57.52
2,41.86,94.37,57.52
13,66.19,82.48,40.67
5,66.19,81.67,40.66
5,66.19,81.67,41.25
6,66.2,81.67,41.98
8,66.19,82.47,41.25
9,66.14,81.76,40.73
13,66.14,82.38,40.74
5,65.99,82.92,40.75
2,66.11,83.53,40.64
6,66.04,83,40.44
9,66.13,82.63,40.66
14,66.13,82.05,40.42
10,66,81.71,40.43
6,65.91,82.95,40.58
13,66.11,82.06,40.52
9,65.92,81.77,40.54
3,66.19,82.47,41.98
9,66.15,81.78,41.27
6,66.16,81.78,41.92
3,66.22,82.05,42.34
2,66.01,81.7,41.22
6,65.86,81.84,40.78
6,66.13,82.63,41.26
9,66.14,82.36,41.26
11,66.03,82.55,40.73
11,65.74,82.1,40.88
12,66.12,82.06,40.76
6,65.84,82.9,40.81
7,65.84,83.46,40.45
13,65.73,82.55,40.44
3,65.65,81.57,40.44
2,65.75,84.35,40.65
4,65.71,83.43,40.64
12,65.67,82.53,40.59
3,65.59,81.6,40.59
3,66.14,82.36,41.91
5,66.01,81.74,41.8
10,66.12,82.07,41.27
5,66.19,82.06,41.87
3,66.21,82.06,42.23
6,65.83,81.9,41.24
3,65.58,81.64,40.82
7,66.01,82.55,41.27
9,65.75,82.13,41.27
11,65.68,82.5,40.81
2,65.64,83.38,40.85
2,65.64,84.31,40.87
7,65.5,83.93,40.46
13,65.33,83.03,40.45
8,65.23,82.12,40.45
5,65.4,83.91,40.66
11,65.29,83.02,40.64
8,65.21,82.12,40.62
5,65.84,82.06,41.87
7,65.21,82.11,40.84
2,65.57,81.65,41.27
10,65.28,83,40.86
8,65.65,82.52,41.27
2,65.34,83.89,40.87
2,65.79,85.78,40.56
3,65.2,85.45,40.46
7,65.04,84.44,40.46
13,64.9,83.51,40.46
10,64.8,82.61,40.46
2,65.09,85.3,40.65
4,64.98,84.4,40.66
10,64.88,83.49,40.66
10,64.79,82.61,40.65
2,65.57,81.66,41.89
3,65.64,82.52,41.89
9,64.79,82.6,40.86
5,65.19,82.13,41.27
8,64.86,83.49,40.87
6,65.26,83.01,41.27
2,65.77,85.78,41.73
2,65.77,85.78,41.03
4,65.23,85.78,40.57
5,64.76,85.71,40.46
7,64.63,85,40.46
13,64.5,84.01,40.46
12,64.39,83.09,40.46
5,64.31,82.2,40.46
2,65.1,85.58,40.75
3,64.66,85.52,40.65
4,64.57,84.91,40.66
9,64.47,83.98,40.66
10,64.39,83.09,40.66
5,64.31,82.2,40.66
3,65.19,82.13,41.9
2,65.28,83.01,41.9
4,64.31,82.2,40.87
9,64.38,83.08,40.87
6,64.79,82.6,41.27
6,64.46,83.96,40.87
4,64.86,83.49,41.27
2,64.6,85.4,40.87
3,65.17,85.78,41.77
4,65.19,85.78,41.06
5,64.77,85.78,40.57
6,64.24,85.5,40.46
12,64.09,84.52,40.46
12,63.99,83.59,40.46
8,63.91,82.69,40.46
3,63.43,82.28,40.46
2,65.08,85.58,41.19
3,64.67,85.58,40.75
4,64.18,85.35,40.65
8,64.07,84.47,40.66
10,63.99,83.57,40.66
7,63.91,82.68,40.66
2,63.43,82.28,40.66
3,64.79,82.6,41.9
2,63.43,82.28,40.87
6,63.9,82.68,40.87
4,64.31,82.2,41.27
9,63.98,83.56,40.87
6,64.38,83.08,41.27
5,64.06,84.44,40.87
3,64.46,83.96,41.27
3,64.14,85.25,40.87
3,65.18,85.78,42.43
4,64.72,85.78,41.77
5,64.74,85.78,41.05
7,64.17,85.78,40.56
12,63.7,85.14,40.46
12,63.59,84.09,40.46
9,63.51,83.17,40.46
12,63.28,85.57,40.46
4,63.02,82.77,40.46
2,64.66,85.58,41.19
5,64.1,85.58,40.75
9,63.25,85.4,40.66
8,63.67,85.03,40.66
10,63.58,84.06,40.66
8,63.5,83.17,40.66
4,63.02,82.76,40.66
2,64.31,82.2,41.9
2,64.38,83.08,41.9
7,63.29,85.27,40.85
4,63.02,82.76,40.87
3,63.43,82.28,41.27
7,63.5,83.16,40.87
5,63.9,82.68,41.27
8,63.58,84.04,40.87
5,63.98,83.56,41.27
5,63.66,84.95,40.87
2,64.06,84.44,41.27
2,65.18,85.78,43.09
4,64.71,85.78,42.44
6,64.14,85.78,41.76
11,63.46,85.78,40.53
7,64.16,85.78,41.04
12,63.19,84.64,40.46
10,63.1,83.67,40.46
12,62.79,85.23,40.46
6,62.62,83.26,40.46
2,46.17,115.93,44.4
2,46.73,115.93,43.77
2,64.09,85.58,41.84
8,63.42,85.58,40.72
3,64.1,85.58,41.18
10,62.78,85.09,40.66
10,63.18,84.56,40.66
9,63.1,83.65,40.66
5,62.62,83.25,40.66
2,63.43,82.28,41.9
3,63.9,82.68,41.9
2,63.98,83.56,41.9
8,62.77,84.95,40.85
4,63.23,85.3,41.24
5,62.62,83.24,40.87
4,63.02,82.76,41.27
8,63.1,83.64,40.87
6,63.5,83.16,41.27
8,63.18,84.52,40.87
5,63.58,84.04,41.27
2,63.66,84.95,41.27
2,63.24,85.29,41.9
3,64.71,85.78,43.1
4,64.13,85.78,43.09
5,64.13,85.78,42.44
8,63.29,85.78,41.74
12,62.37,85.61,40.46
10,63.28,85.78,40.97
9,62.27,84.27,40.46
11,61.9,85.14,40.46
2,46.16,115.93,43.77
2,46.56,115.74,43.77
2,64.09,85.58,43.12
2,64.09,85.58,42.49
5,63.27,85.58,41.84
11,62.36,85.43,40.67
7,63.25,85.58,41.13
9,62.35,85.25,40.84
8,62.28,84.2,40.66
9,61.9,85.02,40.67
2,62.14,82.84,40.87
2,63.02,82.76,41.9
2,63.5,83.16,41.9
7,62.38,84.15,40.85
5,62.78,85.02,41.25
2,62.62,83.24,41.9
5,62.62,83.24,41.27
2,63.1,83.64,41.9
6,63.1,83.64,41.27
5,63.18,84.52,41.27
2,62.78,85.01,41.9
2,63.24,85.29,42.52
2,64.3,85.78,44.06
6,63.28,85.78,43.08
7,63.28,85.78,42.42
11,62.39,85.78,41.26
3,61.29,83.42,40.46
10,61.24,85.28,40.46
2,46.16,115.93,43.14
2,45.51,115.93,43.77
2,46.07,115.73,43.77
2,46.56,115.74,43.14
3,63.26,85.58,43.12
4,63.26,85.58,42.48
8,62.39,85.58,41.4
8,62.01,84.95,40.84
6,62.37,85.32,41.52
3,61.31,83.39,40.66
9,61.29,85.14,40.66
3,61.44,83.21,40.84
2,62.14,82.84,41.27
4,62.26,84.16,41.56
4,63.26,85.78,44.04
7,62.38,85.78,42.73
10,61.37,85.78,41.26
6,60.4,84.43,40.46
10,60.48,85.68,40.46
2,45.05,115.93,43.77
2,44,115.93,43.76
2,46.17,115.93,42.5
3,45.5,115.93,43.14
2,46.07,115.73,43.14
2,45.49,115.73,43.77
2,46.57,115.74,42.52
2,45.05,115.93,41.1
2,45.52,115.93,41.1
2,63.25,85.58,44.06
4,62.39,85.58,42.79
8,61.4,85.58,41.41
9,60.57,85.49,40.65
2,62.38,85.32,42.83
5,60.45,84.34,40.65
6,61.45,85,41.51
2,61.3,83.37,41.53
7,60.61,85.37,41.49
3,59.44,83.82,40.46
4,62.39,85.78,44.05
7,61.37,85.78,42.72
10,60.49,85.78,41.25
8,59.53,85.28,40.46
8,58.86,85.1,40.45
7,57.75,85.01,40.44
2,47.12,112.08,53.92
3,45.05,115.93,43.14
3,43.99,115.93,43.13
2,44.5,115.93,43.77
2,45.06,115.73,43.77
2,43.66,115.93,43.76
3,45.05,115.93,42.5
3,43.98,115.93,42.49
3,45.51,115.93,42.5
2,46.08,115.73,42.51
3,45.49,115.73,43.14
2,45.98,115.51,43.15
2,46.3,115.25,42.52
2,45.05,115.93,41.84
2,43.97,115.93,41.82
2,45.52,115.93,41.84
2,46.08,115.73,41.88
2,44.53,115.74,40.76
2,44.48,115.93,41.11
2,45.05,115.53,40.87
2,45.06,115.73,41.2
2,44.16,115.56,40.85
2,44.09,115.74,41.2
2,45.49,115.73,41.2
2,45.48,115.32,40.86
2,44.6,115.43,40.63
2,44.99,114.98,40.65
2,62.4,85.58,44.07
5,61.41,85.58,42.79
8,60.58,85.58,41.4
7,59.64,85.13,40.65
7,58.99,84.96,40.62
3,59.48,83.77,40.65
4,60.48,84.3,41.47
2,61.45,84.99,42.83
7,59.01,84.89,40.77
6,59.73,85.05,41.47
4,60.61,85.37,42.83
6,58.53,84.47,40.45
4,61.38,85.78,44.03
8,60.5,85.78,42.72
9,59.42,85.78,41.25
8,58.61,85.38,40.53
6,57.85,84.87,40.6
6,57.92,84.78,40.83
7,57.78,85.15,40.59
6,57.29,84.77,40.45
3,57.72,83.75,40.46
2,47.41,112.22,50.5
2,47.11,112.48,50.64
2,47.18,112.02,50.5
2,46.93,112.3,53.77
2,46.82,111.78,50.5
2,46.76,111.83,53.91
2,46.37,112.17,53.91
3,44.5,115.93,43.14
3,45.06,115.73,43.14
3,43.66,115.93,43.13
3,44.1,115.73,43.14
2,43.53,115.65,43.16
3,44.49,115.93,42.49
4,45.06,115.73,42.51
2,43.65,115.93,42.48
3,44.1,115.73,42.51
3,45.49,115.73,42.51
2,45.98,115.51,42.52
2,43.53,115.65,42.5
3,44.48,115.93,41.84
3,45.06,115.73,41.88
2,43.65,115.93,41.8
2,44.09,115.74,41.86
2,45.49,115.73,41.88
2,45.98,115.51,41.9
2,44.56,115.37,40.85
2,44.54,115.73,41.21
2,45.05,115.53,41.27
2,44.16,115.56,41.27
2,45.47,115.32,41.27
2,44.99,114.95,40.87
2,44.06,115.09,40.6
2,44.51,114.55,40.64
2,44.51,114.57,40.45
5,58.6,84.37,40.62
2,61.42,85.58,44.06
6,60.58,85.58,42.79
8,59.56,85.58,41.4
7,58.77,85.22,40.69
6,58.53,84.5,40.8
5,59.14,84.81,41.57
3,59.76,85.08,42.83
7,58.36,85.15,40.59
5,60.51,85.78,44.03
7,59.42,85.78,42.7
8,58.62,85.49,41.31
5,57.93,84.76,41.89
6,57.93,84.77,41.26
7,57.89,84.99,40.74
5,57.37,84.64,40.63
6,57.42,84.57,40.85
3,57.76,83.69,40.65
6,57.79,85.14,41.75
6,57.78,85.14,41.08
6,57.27,85.14,40.58
6,56.88,85.05,40.45
4,56.87,84.35,40.46
3,56.42,83.9,40.46
2,46.94,112.3,50.64
2,46.94,112.3,53.26
2,46.43,112.29,53.79
2,46.39,112.15,50.5
2,46.49,112.01,53.73
2,46.34,111.42,53.9
2,45.95,111.96,53.9
3,44.55,115.73,43.14
2,45.05,115.53,43.15
3,43.83,115.73,43.14
3,44.16,115.56,43.15
4,43.72,115.5,43.15
3,43.53,115.23,43.24
4,44.55,115.73,42.51
4,45.05,115.53,42.52
3,43.83,115.73,42.5
4,44.16,115.56,42.52
2,45.47,115.32,42.52
3,43.72,115.5,42.51
2,43.53,115.22,42.55
3,44.54,115.73,41.87
3,45.05,115.53,41.9
2,43.83,115.73,41.86
3,44.16,115.56,41.9
2,45.47,115.32,41.9
2,44.12,115.02,40.83
2,44.59,115.37,41.27
2,44.99,114.95,41.27
2,44.5,114.55,40.85
2,43.72,115.12,41.23
2,43.52,114.93,41.2
2,43.84,114.62,40.55
2,44.02,114.11,40.61
2,43.8,114.66,40.43
2,43.44,113.78,40.65
7,52.61,90.48,40.58
3,57.67,83.84,40.83
7,58.49,85.01,40.72
3,60.58,85.58,44.06
6,59.56,85.58,42.78
7,58.79,85.32,41.44
4,58.66,84.33,41.53
4,57.93,84.76,42.52
3,59.18,84.79,42.83
3,57.93,84.77,43.15
5,57.79,85.14,42.41
7,58.37,85.15,41.41
2,60.51,85.78,45.33
5,59.42,85.78,44.02
7,58.62,85.49,42.71
5,57.78,85.14,43.06
6,57.9,84.97,41.84
4,57.42,84.55,41.89
6,57.89,84.98,41.2
5,57.42,84.55,41.27
6,57.36,84.97,40.74
6,56.96,84.88,40.63
4,56.91,84.24,40.65
6,57.01,84.78,40.85
4,56.94,84.18,40.86
3,56.46,83.78,40.87
3,56.44,83.82,40.66
5,57.27,85.13,41.75
6,57.27,85.14,41.08
6,56.89,85.14,40.58
5,56.44,84.87,40.46
2,55.96,83.45,40.46
4,55.99,84.51,40.46
5,57.27,85.13,42.4
2,55.98,83.38,40.87
2,46.94,112.3,51.16
2,46.44,112.29,50.63
2,46.55,112.12,53.64
2,46.44,112.29,53.29
3,45.92,112.28,53.84
2,45.91,111.92,50.51
2,46.05,111.81,53.71
2,45.9,110.97,53.9
3,45.64,111.94,53.9
3,44.59,115.37,43.15
4,43.96,115.45,43.14
5,43.52,114.98,43.21
4,43.71,115.12,43.18
4,44.59,115.37,42.52
3,43.96,115.45,42.52
3,43.52,114.63,43.38
2,44.99,114.95,42.52
5,43.49,114.08,43.12
5,43.71,115.12,42.53
5,43.51,114.93,42.64
2,43.25,116.48,41.18
3,44.59,115.37,41.9
2,43.96,115.45,41.9
2,44.99,114.95,41.9
3,43.72,115.11,41.89
4,43.52,114.92,41.9
2,43.65,114.83,40.74
2,43.42,114.75,40.68
2,43.84,114.64,40.78
3,44.13,115.02,41.27
2,44.51,114.55,41.27
2,44.01,114.15,40.83
3,43.68,114.8,41.25
4,43.41,114.76,41.21
2,43.44,113.78,41.22
3,43.48,113.91,40.75
2,43.52,114,40.57
3,43.56,114.45,40.54
2,43.5,113.91,40.44
2,43.59,114.46,40.43
3,43.31,113.78,40.65
10,51.71,90.48,40.57
3,53.53,90.48,41.84
8,52.6,90.48,41.1
2,53.53,90.48,41.11
7,52.61,90.28,40.76
9,52.12,90.48,40.57
10,51.7,90.39,40.46
4,53.01,90.48,40.58
7,52.59,90.35,40.46
2,57.79,83.65,41.54
2,57.42,84.55,42.52
5,57.89,84.97,42.48
6,58.5,85.01,41.51
4,59.56,85.58,44.06
6,58.79,85.32,42.78
2,58.64,84.34,42.83
2,57.42,84.55,43.15
4,57.89,84.98,43.11
2,57.92,84.77,43.77
6,58.37,85.15,42.73
3,59.42,85.78,45.32
6,58.62,85.49,44.02
4,57.27,85.13,43.05
4,57.78,85.14,43.71
5,57.35,84.94,41.84
4,57,84.75,41.89
2,56.94,84.18,41.9
6,57.36,84.96,41.21
5,57.01,84.76,41.26
3,56.94,84.18,41.27
2,56.46,83.78,41.27
6,56.98,84.96,40.74
5,56.5,84.7,40.65
5,56.55,84.61,40.86
4,56.05,84.3,40.87
2,55.97,83.4,40.66
4,56.03,84.38,40.66
5,56.89,85.13,41.73
5,56.89,85.13,41.04
6,56.32,85.13,40.57
2,55.5,83.01,40.46
3,55.55,83.98,40.46
5,55.56,84.92,40.46
2,57.01,84.75,43.15
4,57.35,84.94,42.47
3,57,84.75,42.52
4,56.9,85.13,43.05
4,56.9,85.13,42.4
3,55.58,83.85,40.87
2,46.55,112.12,50.77
2,46.44,112.29,51.13
3,45.85,112.28,50.62
2,46.04,112.09,53.66
2,45.89,112.28,53.36
3,45.44,112.2,50.51
2,45.48,111.49,50.51
2,45.74,111.78,53.7
3,45.44,112.21,53.9
2,45.44,111.53,53.9
2,43.25,119.11,43.78
2,43.25,118.15,43.14
3,43.25,117.34,42.51
4,43.25,117.34,43.14
2,42.8,116.48,40.79
5,43.68,114.86,43.12
3,44.13,115.02,43.14
5,44.13,115.02,42.52
3,43.67,114.57,43.28
7,43.44,114.53,43.12
3,43.44,113.91,43.12
4,43.6,114.13,42.99
6,43.67,114.8,42.58
6,43.41,114.76,42.67
2,43.05,117.34,41.89
3,43.25,116.47,41.87
2,43.05,116.47,41.24
3,43.25,115.7,41.2
4,44.13,115.02,41.89
2,44.51,114.55,41.9
2,43.44,113.78,41.9
4,43.68,114.8,41.9
5,43.41,114.76,41.9
3,43.44,114.65,40.75
2,43.3,114.75,40.74
2,42.71,116.5,40.64
3,43.53,114.45,40.77
3,43.87,114.62,41.27
2,44.03,114.14,41.27
3,43.54,114.05,40.8
3,43.29,114.77,41.19
4,43.43,114.63,41.25
3,43.44,113.78,42.68
2,43.48,113.92,41.25
4,43.31,113.78,41.21
3,43.23,113.91,40.75
3,43.25,115.2,41.2
2,43.33,114.2,40.55
2,43.41,114.15,40.43
2,43.06,115.68,40.68
3,43.27,113.68,40.63
11,51.14,90.48,40.57
10,51.71,90.48,41.07
9,51.71,90.28,40.75
13,50.34,90.48,40.57
9,52.61,90.48,41.84
5,53.53,90.48,42.5
8,53.01,90.48,41.84
10,52.12,90.48,41.08
6,53.01,90.48,41.11
7,52.6,90.28,41.2
6,52.59,90.07,40.87
9,52.12,90.28,40.75
9,51.7,90.21,40.66
3,53.01,90.28,40.76
6,52.59,90.18,40.65
12,50.33,90.26,40.46
10,51.24,90.2,40.46
8,52.12,90.11,40.46
5,58.49,85.01,42.79
2,59.56,85.58,45.33
4,58.79,85.32,44.06
3,57.36,84.95,43.11
3,57.89,84.98,43.75
4,58.62,85.49,45.33
4,58.37,85.15,44.04
3,57.27,85.14,43.7
3,57.78,85.15,44.36
3,56.91,85.13,43.7
5,56.97,84.93,41.83
3,56.55,84.59,41.9
2,56.06,84.29,41.9
5,56.97,84.95,41.18
4,56.55,84.6,41.27
3,56.06,84.29,41.27
6,56.39,84.94,40.75
5,55.63,84.64,40.87
3,55.57,83.9,40.66
5,55.6,84.75,40.66
5,56.36,85.13,41.72
5,56.34,85.13,41.03
5,55.57,85.13,40.56
2,55.09,83.52,40.46
2,54.62,83.09,40.46
5,54.75,84.94,40.46
4,55.15,84.55,40.46
3,56.98,84.93,43.11
4,56.97,84.93,42.48
2,56.55,84.59,42.52
3,56.37,85.13,43.05
4,56.36,85.13,42.39
2,55.58,83.85,41.27
2,55.1,83.45,40.87
4,55.18,84.34,40.87
2,53.31,83.23,40.46
15,49.47,90.48,40.57
14,49.46,90.31,40.46
2,45.96,112.09,50.78
2,45.92,112.28,51.13
3,45.47,112.28,50.64
2,45.95,112.28,52.56
3,45.5,112.28,53.4
2,45.55,112.02,50.7
3,45.01,112.01,50.51
2,45.01,111.02,50.51
2,45.55,112.02,53.7
3,45,112.02,53.9
2,44.99,111.04,53.9
3,43.25,119.1,44.4
3,43.25,118.15,43.77
2,43.25,118.7,43.76
2,43.05,119.11,43.77
3,43.05,118.15,43.14
5,43.25,117.34,43.77
3,43.05,117.34,42.52
4,43.25,116.47,42.52
4,43.05,117.34,43.14
5,43.25,116.46,43.15
2,42.8,117.35,41.9
2,42.51,116.94,41.27
2,42.76,116.48,41.25
2,42.55,116.01,40.85
5,43.25,115.69,42.54
6,43.25,115.68,43.17
6,43.25,115.17,43.2
3,43.87,114.61,43.14
5,43.87,114.63,42.54
7,43.38,114.24,43.12
7,43.5,114.46,42.99
3,43.49,114.01,42.99
7,43.29,114.73,43.12
6,43.44,114.63,42.6
6,43.29,114.76,42.69
5,43.25,115.18,42.57
3,43.05,116.46,41.89
4,43.25,115.7,41.89
3,43.05,115.66,41.24
5,43.31,113.78,41.9
4,43.87,114.62,41.89
2,43.49,113.92,41.89
4,43.25,115.19,41.9
5,43.29,114.76,41.9
5,43.44,114.63,41.9
3,43.19,114.65,40.8
2,43.27,114.82,40.65
2,42.43,116.08,40.7
2,42.77,115.56,40.78
3,43.28,114.24,40.78
4,43.55,114.42,41.27
3,43.54,114.05,41.27
3,43.26,114.91,41.22
3,43.07,115.11,41.24
4,43.18,114.63,41.24
3,43.48,113.91,42.6
6,43.31,113.78,42.64
5,43.27,113.69,41.9
4,43.23,113.92,41.25
4,43.27,113.69,41.21
3,43.13,113.8,40.73
7,43.3,114.21,43.12
7,43.26,114.17,43.35
7,43.3,113.78,43.08
2,43.1,115.07,40.65
2,43.25,115.11,40.54
3,43.16,114.17,40.46
2,43.27,114.16,40.35
3,43.26,113.19,40.6
3,43.08,113.39,40.48
2,43.26,113.36,40.31
17,48.61,90.34,40.46
17,48.63,90.48,40.57
2,54.35,90.48,43.14
7,53.53,90.48,43.14
10,51.14,90.28,40.75
12,51.15,90.48,41.07
11,51.71,90.48,41.81
10,51.71,90.28,41.19
9,51.7,90.09,40.87
13,50.35,90.48,41.07
12,50.34,90.28,40.75
10,52.6,90.48,42.49
11,52.12,90.48,41.82
8,52.61,90.28,41.87
10,53.01,90.48,43.14
9,53.01,90.48,42.5
2,53.53,90.28,42.51
5,53.01,90.28,41.88
9,52.12,90.28,41.2
6,52.59,90.07,41.27
4,53.01,90.28,41.21
7,52.11,89.89,40.87
10,50.33,90.09,40.66
9,51.24,90.04,40.66
8,52.12,89.97,40.66
11,49.88,89.91,40.46
9,50.76,89.83,40.46
7,51.65,89.66,40.46
3,52.54,89.54,40.46
2,58.79,85.32,45.33
3,58.5,85.01,44.06
3,57.36,84.96,43.74
3,57.88,84.99,44.38
2,58.62,85.49,46.64
2,56.91,85.13,44.35
3,58.37,85.15,45.33
3,57.78,85.15,45
3,57.28,85.14,44.35
2,56.98,84.94,43.74
2,56.36,85.13,44.35
2,56.37,85.13,43.7
4,56.42,84.93,41.83
3,55.64,84.64,41.9
5,56.4,84.93,41.18
4,55.64,84.64,41.27
5,55.62,84.93,40.75
4,54.82,84.64,40.85
2,55.1,83.48,40.66
4,54.76,84.77,40.66
4,55.16,84.42,40.66
4,55.59,85.13,41.7
5,54.89,85.13,40.53
5,55.59,85.13,41
3,54.27,84.11,40.46
2,56.42,84.93,43.11
3,56.42,84.93,42.47
3,55.6,85.13,43.05
3,55.6,85.13,42.38
2,55.18,84.34,41.9
3,55.18,84.34,41.27
2,54.4,83.84,40.84
3,52.52,83.94,40.46
2,53.31,83.19,40.66
13,48.99,89.99,40.46
15,49.47,90.48,41.06
14,49.47,90.28,40.75
12,49.46,90.12,40.66
2,45.95,112.28,51.88
2,45.56,112.09,50.79
3,45.54,112.28,51.16
4,44.93,112.28,50.63
2,45.58,112.08,53.28
3,45.56,112.28,52.56
3,44.94,112.28,53.4
2,45.11,111.85,50.71
3,44.53,111.63,50.51
2,45.1,111.86,53.7
3,44.53,111.64,53.9
2,43.05,119.99,44.4
2,43.25,120.51,45.02
2,43.25,119.99,45.02
2,43.25,119.58,44.4
7,43.25,115.15,43.81
8,43.25,114.19,43.84
3,43.25,118.69,44.39
4,43.25,118.15,44.39
3,43.05,119.1,44.4
4,43.25,119.1,45.02
5,43.25,117.34,44.4
4,43.05,118.15,43.77
2,42.85,119.12,43.77
3,43.05,118.7,43.76
2,42.63,118.71,43.15
3,42.82,118.18,43.15
2,42.82,118.18,42.52
2,42.55,117.82,41.9
2,42.13,117.42,41.32
6,43.25,116.46,44.4
5,43.05,117.34,43.77
6,43.25,116.46,43.77
6,43.25,115.66,43.79
4,42.8,117.35,43.15
3,42.8,117.35,42.52
4,43.05,116.46,42.52
5,43.05,116.46,43.15
3,42.5,116.94,41.9
3,42.06,116.54,41.32
3,42.77,116.47,41.89
3,42.45,116.06,41.27
3,42.18,115.64,40.94
5,43.05,115.66,42.53
6,43.05,115.65,43.16
7,43.26,114.76,43.39
7,43.26,114.91,43.13
6,43.06,115.11,43.15
6,43.37,114.25,42.99
5,43.55,114.42,42.55
3,43.53,114.06,42.57
7,43.18,114.61,42.99
6,43.19,114.63,42.62
6,43.27,114.89,42.59
6,43.07,115.1,42.54
4,43.05,115.66,41.89
3,42.74,115.57,41.27
5,43.23,113.92,41.9
4,43.55,114.42,41.9
3,43.54,114.05,41.89
4,43.26,114.9,41.9
4,43.06,115.11,41.9
5,43.18,114.63,41.9
2,42.06,116.54,40.83
2,42.95,115.05,40.68
2,43.15,114.75,40.74
3,42.98,114.24,40.71
3,42.16,115.65,40.75
3,42.43,115.17,40.85
2,42.68,115.6,40.61
3,42.9,115.08,41.26
4,43.07,114.51,41.27
4,43.18,114.24,41.27
4,43.11,114.78,41.25
4,42.9,114.07,41.27
6,43.23,113.91,42.57
6,43.27,113.69,42.61
5,43.12,113.82,41.89
5,43.25,113.21,41.89
4,43.12,113.82,41.25
3,43.26,113.21,41.22
3,43.08,113.25,40.71
7,43.21,114.23,42.99
8,43.26,113.68,43.38
7,43.1,114.18,43.25
7,43.26,113.71,43.06
7,43.2,113.91,42.96
5,42.86,113.35,41.27
4,42.75,113.13,40.83
2,41.66,116.14,40.41
2,41.95,115.67,40.38
3,43.1,113.74,40.46
2,43.26,113.71,40.3
2,43.05,114.25,40.33
3,43.25,112.44,40.56
3,42.85,113.03,40.36
17,48.11,90.08,40.46
19,48.12,90.48,40.57
15,48.61,90.15,40.66
16,48.64,90.28,40.75
18,48.63,90.48,41.06
20,47.71,90.48,40.57
23,46.78,90.39,40.46
20,47.69,90.36,40.46
4,54.35,90.48,43.77
4,53.53,90.28,43.14
8,53.53,90.48,43.77
9,49.4,89.44,40.46
8,51.24,89.94,40.87
10,51.15,90.28,41.19
13,51.15,90.48,41.8
12,51.71,90.48,42.48
10,51.71,90.28,41.86
9,51.7,90.09,41.27
15,50.35,90.48,41.8
12,50.35,90.28,41.19
10,50.33,89.99,40.87
10,52.61,90.48,43.13
11,52.12,90.48,42.49
9,52.6,90.28,42.51
10,52.12,90.28,41.87
7,52.59,90.07,41.9
9,53.01,90.48,43.77
8,53.01,90.28,43.14
3,53.5,90.04,43.15
7,53.01,90.28,42.51
3,53,89.83,41.9
7,52.11,89.89,41.27
2,53,89.83,41.27
7,51.64,89.52,40.87
4,52.52,89.45,40.87
10,49.88,89.78,40.66
8,50.75,89.71,40.66
7,51.64,89.58,40.66
4,52.53,89.48,40.66
7,50.28,89.32,40.46
6,51.17,89.21,40.46
6,52.06,89.08,40.46
2,58.5,85.01,45.33
2,57.88,84.99,45.01
2,57.36,84.96,44.38
2,56.91,85.13,45
2,57.78,85.15,45.65
2,57.28,85.14,45
2,56.36,85.13,44.99
2,56.42,84.93,43.74
2,55.6,85.13,44.35
2,55.6,85.13,43.7
4,55.63,84.93,41.82
3,54.76,84.66,41.9
5,54.91,84.93,40.72
5,55.62,84.93,41.17
4,54.75,84.67,41.24
3,54.26,84.02,40.66
4,53.5,84.81,40.46
4,54.77,85.13,41.69
4,54.75,85.13,40.95
2,51.57,83.38,40.46
2,55.63,84.93,43.11
3,55.63,84.93,42.47
2,54.77,85.13,43.05
3,54.77,85.13,42.38
2,54.25,83.97,41.54
4,52.61,84.55,40.46
2,52.49,83.87,40.66
4,51.84,84.87,40.45
12,48.51,89.53,40.46
12,49,89.84,40.66
17,49.46,90.48,41.79
14,49.47,90.28,41.19
11,49.46,90.01,40.87
3,45.57,112.28,51.88
3,44.03,112.05,53.9
4,44.02,112.05,50.51
3,45.02,112.09,50.79
4,44.04,112.28,50.61
4,44.99,112.28,51.14
3,45.03,112.08,53.28
4,45.02,112.28,52.55
4,44.05,112.28,53.41
2,44.62,111.52,50.7
2,44.03,111.1,50.51
2,43.95,110.16,50.51
2,44.62,111.53,53.7
2,44.03,111.11,53.9
2,43.68,110.71,50.51
2,43.53,110.18,50.59
2,43.66,109.76,50.51
2,43.26,122.22,46.43
2,43.25,121.31,45.66
2,42.88,120,44.4
2,43.05,120.52,45.02
3,43.05,119.99,45.02
2,43.05,119.58,44.4
3,43.25,120.51,45.65
3,43.25,119.98,45.63
3,43.25,119.58,45.02
7,43.25,115.64,44.4
7,43.25,115.12,44.41
8,43.25,114.21,44.42
8,43.25,114.71,44.42
7,43.25,114.74,43.83
7,43.05,115.13,43.79
8,43.25,113.75,43.87
8,43.06,114.2,43.8
4,43.25,118.69,45.02
3,42.85,119.11,44.4
4,43.05,118.69,44.4
5,43.25,118.15,45.02
4,43.05,118.15,44.4
4,43.05,119.1,45.02
4,43.25,119.1,45.64
5,43.25,118.69,45.64
5,43.25,118.15,45.64
6,43.25,117.33,45.02
5,43.05,117.34,44.4
6,43.25,116.46,45.02
2,41.77,117.9,41.4
4,42.82,118.18,43.77
3,42.63,118.7,43.77
3,42.18,118.3,43.15
2,42.18,118.3,42.52
3,42.55,117.82,43.15
2,42.55,117.82,42.52
2,42.1,117.42,41.9
3,41.7,117.02,41.41
5,42.8,117.35,43.77
6,43.05,116.46,44.4
6,43.05,116.46,43.77
7,43.05,115.64,43.78
5,42.5,116.94,43.15
4,42.5,116.94,42.52
4,42.77,116.47,42.52
5,42.77,116.47,43.15
4,42.02,116.54,41.9
4,41.61,116.12,41.41
4,42.45,116.06,41.9
4,41.97,115.65,41.31
5,42.74,115.57,42.52
6,42.74,115.57,43.15
7,42.9,115.1,43.12
7,43.08,114.7,43.31
7,43.1,114.81,43.04
6,42.9,115.08,42.53
6,43.07,114.5,42.57
6,43.12,114.77,42.54
6,43.19,114.24,42.55
4,42.74,115.57,41.9
4,42.36,115.18,41.28
5,42.9,115.09,41.89
5,43.06,114.51,41.89
5,43.18,114.24,41.89
5,43.11,114.78,41.9
5,42.9,114.07,41.89
2,41.67,117.02,40.97
3,41.57,116.14,40.96
3,41.86,115.67,40.84
4,42.11,114.76,40.93
4,42.71,113.84,40.79
3,42.32,115.19,40.69
3,42.77,114.69,40.75
4,42.42,113.4,40.91
4,42.73,114.69,41.27
5,42.63,113.82,41.26
9,43.25,113.21,43.82
8,43.25,113.21,43.22
6,43.12,113.81,42.55
6,43.26,113.22,42.57
5,43.08,113.28,41.89
5,43.25,112.42,41.88
4,43.08,113.28,41.25
4,43.25,112.42,41.2
4,43.05,112.45,40.69
7,42.91,114.22,43.13
7,43.1,114.18,42.89
8,43.09,113.76,43.3
7,43.11,113.83,42.96
6,42.9,114.07,42.52
5,42.57,112.94,41.28
6,42.86,113.35,41.89
5,42.36,112.52,40.96
4,42.59,112.98,40.69
4,42.82,112.47,40.81
5,43.25,109.34,41.17
2,41.25,115.73,40.43
2,41.53,115.26,40.4
2,42.14,114.77,40.38
2,42.79,114.7,40.36
3,42.78,113.82,40.36
3,42.5,113.41,40.37
2,41.83,114.8,40.39
4,43.25,111.6,40.53
4,42.49,112.53,40.37
4,43.03,112.47,40.36
5,43.25,110.72,40.51
6,43.05,109.34,40.68
6,43.25,109.34,40.54
23,46.79,90.48,40.57
15,47.63,89.61,40.46
14,48.11,89.92,40.66
17,48.13,90.28,40.75
19,48.12,90.48,41.06
14,48.61,90.04,40.87
16,48.63,90.28,41.19
19,48.61,90.48,41.8
21,47.71,90.48,41.07
22,47.21,90.48,40.57
19,47.72,90.28,40.75
21,46.81,90.21,40.66
18,47.7,90.18,40.66
23,46.31,90.19,40.46
20,47.21,90.14,40.46
2,54.35,90.28,43.77
5,54.35,90.48,44.39
2,55.23,90.48,45.02
6,53.53,90.28,43.77
8,53.53,90.48,44.39
8,49.4,89.34,40.66
7,48.92,88.98,40.46
5,49.8,88.88,40.46
9,49.88,89.69,40.87
8,50.76,89.64,40.87
9,51.25,89.94,41.27
11,51.15,90.28,41.86
13,51.15,90.48,42.48
11,51.71,90.48,43.13
10,51.71,90.28,42.51
9,51.7,90.09,41.9
15,50.35,90.48,42.47
12,50.35,90.28,41.86
10,50.34,89.99,41.27
9,52.6,90.48,43.77
11,52.12,90.48,43.13
9,52.61,90.28,43.14
10,52.12,90.28,42.51
8,52.59,90.07,42.52
8,52.11,89.89,41.9
9,53.01,90.48,44.39
8,53.01,90.28,43.77
5,53.5,90.04,43.77
2,53.88,89.75,43.77
5,53,89.83,43.15
2,53.4,89.37,43.15
4,53,89.83,42.52
2,52.92,88.97,41.9
5,52.52,89.45,41.9
7,51.64,89.52,41.27
4,52.52,89.45,41.27
2,52.36,87.68,40.87
2,52.44,88.56,40.87
6,51.16,89.12,40.87
5,52.04,89.04,40.87
7,50.28,89.24,40.66
6,51.16,89.15,40.66
5,52.05,89.06,40.66
2,52.46,88.56,40.66
2,51.99,86.64,40.46
5,50.69,88.77,40.46
5,51.58,88.67,40.46
4,51.99,88.15,40.46
3,50.21,88.35,40.46
2,57.36,84.97,45.01
2,54.76,85.13,43.7
4,53.47,84.66,40.65
3,54.77,84.93,41.82
4,54.75,84.93,41.12
4,53.52,85.13,41.25
3,51.6,85.14,40.54
3,50.85,84.33,40.45
3,50.97,85.15,40.54
2,51.55,83.34,40.66
2,54.77,84.93,43.11
2,54.77,84.93,42.47
2,53.5,85.13,42.71
2,53.43,84.56,41.49
3,52.57,84.43,40.65
2,52.46,83.68,40.82
4,51.76,84.72,40.63
9,48.04,89.07,40.46
10,48.52,89.42,40.66
11,49,89.74,40.87
18,49.47,90.48,42.47
14,49.47,90.28,41.86
11,49.46,90.01,41.27
3,43.36,121.28,47.57
4,45.03,112.28,51.88
3,43.71,111.68,53.9
3,44.17,111.9,53.71
3,44.17,111.89,50.7
4,43.7,111.68,50.51
4,44.19,112.09,50.78
2,45.05,112.08,51.22
4,43.53,111.73,50.59
5,44.07,112.28,51.12
2,45.06,112.08,52.53
4,44.19,112.09,53.29
4,43.53,111.7,53.43
5,44.08,112.29,52.56
2,43.68,110.72,53.9
3,43.53,110.68,50.62
2,43.53,110.73,53.43
2,43.53,109.8,50.63
2,43.52,110.05,52.75
3,43.53,109.2,52.58
4,43.25,114.21,53.76
3,43.25,114.21,54.39
6,43.25,114.21,52.51
5,43.25,114.21,53.14
2,43.52,112.09,55.03
3,43.46,111.62,54.94
2,43.45,110.53,55.82
2,43.45,110.52,54.94
3,43.26,121.33,46.39
2,43.09,122.21,46.48
2,43.05,121.33,45.64
2,42.43,120.94,45.02
2,41.93,120.54,44.4
2,41.85,119.66,43.77
2,42.25,119.18,43.77
3,42.68,119.58,44.4
3,42.88,120,45.02
2,42.73,120.45,45.02
2,42.33,120.06,44.4
3,43.05,120.52,45.64
4,43.05,119.99,45.64
3,43.05,119.58,45.02
4,43.26,120.23,46.51
4,43.25,119.58,45.64
7,43.25,115.64,45.02
7,43.05,115.64,44.4
8,43.25,115.12,45.02
8,43.05,115.12,44.4
8,43.25,114.71,45.03
9,43.25,114.22,45.65
9,43.25,114.22,45.03
9,43.25,113.8,44.42
9,43.05,114.22,44.41
9,43.25,113.24,44.41
8,43.05,114.71,44.4
7,42.88,115.12,43.77
8,43.05,114.72,43.8
8,42.86,114.23,43.76
8,43.06,113.79,43.82
4,42.85,119.11,45.02
5,43.05,118.69,45.02
4,42.63,118.7,44.4
5,43.05,118.15,45.02
5,42.82,118.18,44.4
5,43.05,119.1,45.64
5,43.05,118.69,45.64
5,43.25,118.59,46.59
6,43.05,118.15,45.64
6,43.25,117.33,45.64
6,43.05,117.34,45.02
6,42.8,117.35,44.4
7,43.25,116.46,45.65
7,43.05,116.46,45.02
3,41.78,118.78,43.15
2,41.78,118.78,42.52
2,41.69,117.9,41.89
2,41.43,117.48,41.48
2,41.37,119.26,43.15
2,40.91,118.86,41.91
2,41.39,117.49,41.07
4,42.55,117.82,43.77
4,42.18,118.3,43.77
4,41.7,117.9,43.15
3,41.7,117.9,42.52
4,42.1,117.42,43.15
3,42.1,117.42,42.52
3,41.62,117.02,41.89
3,41.35,116.6,41.5
6,42.5,116.94,43.77
7,42.77,116.47,44.4
6,42.77,116.47,43.77
7,42.74,115.57,43.77
5,42.02,116.54,43.15
5,42.02,116.54,42.52
5,42.45,116.06,42.52
6,42.45,116.06,43.15
4,41.54,116.14,41.89
4,41.27,115.72,41.46
5,41.95,115.66,41.9
4,41.53,115.25,41.38
6,42.35,115.18,42.52
7,42.35,115.18,43.15
7,42.72,114.69,43.14
6,42.73,114.69,42.52
5,42.35,115.18,41.9
4,41.9,114.78,41.31
5,42.73,114.69,41.9
6,42.64,113.82,41.89
3,41.31,116.61,41.08
4,41.21,115.73,41.05
4,41.46,115.26,40.94
3,42.06,114.77,40.75
4,42.38,114.33,40.85
2,42.61,114.71,40.59
4,42.57,113.77,40.65
4,42.39,113.39,40.73
5,42.28,114.29,41.27
5,42.21,113.43,41.29
4,41.76,114.8,40.83
9,43.05,113.25,43.79
9,43.25,112.43,43.79
8,43.07,113.27,43.17
8,43.25,112.43,43.16
7,43.08,113.29,42.54
7,43.25,112.42,42.53
6,43.05,112.44,41.89
5,43.25,111.57,41.85
4,43.25,111.57,41.16
5,43.05,112.44,41.24
4,43.05,111.6,40.68
5,42.8,112.47,41.27
4,43.25,110.7,41.13
5,43.05,110.73,40.67
8,42.66,113.83,43.14
7,42.64,113.82,42.52
8,42.85,113.34,43.14
6,42.15,112.54,41.32
7,42.86,113.35,42.52
6,42.56,112.94,41.9
5,43.25,110.7,41.84
5,43.25,109.34,41.86
5,42.35,112.53,40.76
5,42.61,112.09,40.86
4,42.78,112.48,40.63
4,43.25,109.9,41.15
5,43.25,108.94,41.2
6,43.05,109.34,41.23
7,42.86,109.35,40.79
2,41.06,116.63,40.47
2,40.95,115.75,40.46
2,41.14,114.85,40.43
4,42.17,112.55,40.39
4,42.17,113.43,40.38
3,42.37,114.3,40.38
3,41.43,114.38,40.41
6,43.25,108.45,40.56
4,42.99,111.61,40.37
4,42.74,112.06,40.36
6,43.05,109.92,40.67
5,42.96,110.71,40.37
5,43.25,109.92,40.52
6,43.05,108.93,40.69
6,43.08,109.36,40.38
6,43.25,108.93,40.55
5,41.78,112.14,40.41
24,46.81,90.48,41.08
21,46.82,90.28,40.75
25,46.29,90.48,40.57
22,45.84,89.76,40.46
26,45.86,90.42,40.46
12,47.15,89.14,40.46
12,47.63,89.5,40.66
13,48.11,89.82,40.87
17,48.13,90.28,41.19
21,48.13,90.48,41.68
13,48.61,90.04,41.27
17,48.61,90.28,41.86
20,48.58,90.48,42.47
22,47.75,90.48,41.81
22,47.22,90.48,41.08
19,47.72,90.28,41.19
19,46.82,90.09,40.87
20,47.23,90.28,40.75
16,47.71,90.06,40.87
21,46.34,90.03,40.66
18,46.74,89.69,40.46
18,47.22,89.98,40.66
9,46.67,88.69,40.46
15,46.26,89.21,40.46
2,51.28,80.21,50.3
2,50.68,81.08,50.33
2,51.14,81.05,50.33
2,51.1,81.5,50.35
2,50.95,81.48,50.34
2,51.12,81.41,50.34
2,50.92,81.26,50.34
3,54.35,90.28,44.4
6,54.35,90.48,45.02
3,55.23,90.48,45.65
7,53.53,90.28,44.39
8,53.53,90.48,45.02
8,52.61,90.48,44.39
7,49.4,89.27,40.87
6,48.92,88.91,40.66
5,49.8,88.83,40.66
5,48.45,88.54,40.46
4,49.33,88.45,40.46
6,50.28,89.2,40.87
9,49.88,89.69,41.27
8,50.76,89.64,41.27
9,51.25,89.94,41.9
11,51.15,90.28,42.5
12,51.15,90.48,43.13
10,51.71,90.48,43.76
9,51.7,90.09,42.52
10,51.71,90.28,43.14
14,50.35,90.48,43.12
12,50.35,90.28,42.5
10,50.34,89.99,41.9
10,52.12,90.48,43.76
9,52.6,90.28,43.77
9,52.12,90.28,43.14
8,52.59,90.07,43.15
7,51.64,89.52,41.9
8,52.11,89.89,42.52
2,54.34,90.02,44.4
2,54.09,88.44,45.61
2,53.87,88.38,45.75
2,53.86,87.88,45.66
2,53.87,88.28,45.54
7,53.01,90.48,45.02
8,53.01,90.28,44.39
6,53.5,90.04,44.4
2,53.87,88.29,45.02
2,53.72,88.4,44.5
2,53.58,88.67,44.24
2,53.8,88.93,44.4
2,54.03,88.6,45.02
3,53.88,89.75,44.4
2,54.28,89.25,45.02
2,53.68,87.96,45.02
6,53,89.83,43.77
3,53.4,89.37,43.77
2,53.49,88.06,44.38
2,53.42,87.09,44.4
2,53.28,88.49,43.77
6,52.52,89.45,43.15
3,52.92,88.97,43.15
2,52.92,88.97,42.52
5,52.52,89.45,42.52
2,52.84,88.09,43.15
2,52.84,88.09,42.52
3,52.44,88.56,41.9
3,52.44,88.56,41.27
6,52.04,89.04,41.9
6,51.16,89.12,41.27
5,52.04,89.04,41.27
2,52.36,87.68,41.9
2,52.36,87.68,41.27
2,51.28,85.9,40.45
2,52.02,86.93,40.84
5,50.68,88.72,40.87
4,51.96,88.16,40.87
5,51.56,88.64,40.87
2,51.92,86.72,40.66
5,50.68,88.74,40.66
5,51.57,88.65,40.66
4,51.97,88.16,40.66
4,50.21,88.33,40.66
3,49.74,87.94,40.46
4,51.07,87.79,40.46
2,50.4,85.39,40.54
2,50.59,86.1,40.45
2,50.32,85.27,40.6
3,50.29,84.87,40.44
3,53.49,84.94,41.4
3,51.5,84.98,40.7
3,50.63,85.15,40.59
3,51.88,85.14,41.31
3,49.87,83.83,40.45
2,49.78,83.21,40.46
3,50.79,84.24,40.63
3,50.86,85,40.68
2,53.47,84.93,42.79
3,51.47,84.71,40.79
2,52.5,84.07,41.51
3,45.62,86.93,40.46
5,47.08,88.19,40.46
6,47.56,88.62,40.46
7,48.04,88.99,40.66
9,48.52,89.35,40.87
10,48.99,89.74,41.27
17,49.47,90.48,43.12
14,49.47,90.28,42.5
12,49.46,90.01,41.9
2,45.53,86.04,40.46
2,45.43,85.16,40.46
2,43.25,114.21,55.02
2,43.25,113.28,55.02
2,43.43,125.17,51.98
4,43.3,121.28,47.93
3,43.29,121.38,46.94
4,43.29,121.39,48.82
3,43.33,121.41,47.61
2,43.26,122.19,49.3
2,43.43,119.46,51.85
2,43.4,120.34,51.84
2,43.39,122.2,51.84
2,43.9,108.84,51.27
2,43.9,108.84,52.52
3,43.53,108.83,52.56
2,43.52,106.75,55.87
2,45.06,112.08,51.89
6,44.1,112.28,51.85
2,43.87,111.56,53.71
2,44.26,111.8,53.2
2,44.27,111.79,50.89
3,43.87,111.57,50.7
3,43.72,111.6,50.78
4,44.2,112.09,51.21
5,43.52,111.73,51.05
3,43.72,111.59,53.3
4,44.19,112.11,52.54
5,43.52,111.71,52.65
2,43.71,110.65,50.79
2,43.51,110.61,51.07
3,43.52,110.61,52.65
2,43.7,110.11,52.66
2,43.73,109.24,52.54
2,43.9,109.76,52.48
2,44.09,109.26,51.89
3,43.53,109.18,51.89
3,43.53,109.67,52.61
3,43.55,116.32,52.08
2,43.43,117.62,51.85
5,43.36,116.21,51.96
6,43.25,114.21,51.25
6,43.25,114.21,51.88
6,43.25,114.21,50.63
3,43.25,113.27,54.39
4,43.25,113.26,53.77
5,43.25,113.26,53.15
6,43.25,113.27,52.53
4,43.25,115.06,53.74
3,43.26,115.85,54.02
2,43.25,115.05,54.37
4,43.25,114.67,53.75
4,43.25,113.81,53.77
3,43.05,114.22,53.77
3,43.25,114.67,54.38
3,43.25,113.81,54.39
2,43.05,114.22,54.39
5,43.27,115.91,52.3
6,43.25,115.06,52.48
5,43.26,115.84,53.05
5,43.25,115.06,53.11
6,43.25,114.67,52.49
6,43.25,113.81,52.52
5,43.05,114.22,52.52
5,43.25,114.67,53.12
5,43.25,113.81,53.14
4,43.05,114.22,53.14
2,43.44,111.81,55.56
2,43.44,111.81,55.12
2,43.54,111.52,55.06
3,43.38,111.19,54.94
2,43.26,112.54,55
3,43.27,111.16,54.8
3,43.3,110.65,54.94
2,43.36,110.19,55.82
2,43.52,110.57,55.7
2,43.39,109.93,55.53
3,43.36,110.19,54.94
2,43.52,110.57,55.06
2,43.38,109.93,55.1
4,43.28,121.15,47.95
4,43.26,120.23,47.85
7,43.25,114.21,50.01
6,43.25,118.63,47.82
2,42.84,122.23,46.6
3,43.09,121.35,46.45
2,42.77,121.35,45.65
2,42.49,121.82,45.65
3,42.43,120.94,45.65
3,41.93,120.54,45.02
2,42.01,121.42,45.65
2,41.45,120.14,43.77
3,41.45,120.14,44.4
3,41.85,119.66,44.4
3,42.25,119.18,44.4
3,41.37,119.26,43.77
4,41.78,118.78,43.77
4,42.68,119.58,45.02
4,42.88,120,45.65
3,42.73,120.45,45.65
3,42.33,120.06,45.02
4,43.07,120.33,46.59
4,43.25,119.54,46.36
4,43.05,119.58,45.64
10,43.25,112.45,44.4
8,43.25,115.64,45.65
8,43.05,115.64,45.02
8,42.74,115.57,44.4
9,43.25,114.22,46.89
9,43.25,114.22,46.27
8,43.25,114.85,45.65
8,43.05,115.12,45.02
8,42.88,115.12,44.4
9,43.05,114.71,45.02
9,43.25,113.81,45.65
9,43.05,114.22,45.65
9,43.25,113.81,45.03
9,43.05,114.22,45.02
9,42.86,114.23,44.4
9,43.05,113.81,44.41
10,43.25,113.26,45.65
10,43.25,113.25,45.03
10,43.05,113.25,44.4
8,42.69,114.7,44.4
8,42.69,114.7,43.77
9,42.65,113.82,43.77
9,42.84,113.31,43.76
5,42.85,119.11,45.65
6,42.82,118.18,45.65
6,42.63,118.7,45.65
5,42.63,118.7,45.02
5,42.18,118.3,44.4
5,42.82,118.18,45.02
5,42.55,117.82,44.4
6,42.5,116.94,44.4
6,43.05,118.6,46.59
7,43.25,116.89,46.58
7,43.05,117.33,45.64
6,42.8,117.35,45.02
7,43.05,116.46,45.65
7,42.77,116.47,45.02
2,41.31,118.37,41.9
4,41.3,118.38,43.15
3,41.3,118.38,42.52
3,41.23,117.5,41.89
2,40.57,120.21,43.15
3,40.9,118.85,43.15
2,40.97,119.73,43.15
3,40.48,118.46,42.01
2,40.9,118.85,42.52
2,41.09,117.51,41.17
2,40.42,118.45,41.36
5,42.1,117.42,43.77
5,41.7,117.9,43.77
5,41.22,117.5,43.15
4,41.22,117.5,42.52
5,41.62,117.02,43.15
4,41.62,117.02,42.52
4,41.15,116.61,41.89
6,42.02,116.54,43.77
7,42.45,116.06,44.4
8,42.35,115.18,44.4
7,42.45,116.06,43.77
8,42.35,115.18,43.77
6,41.54,116.14,43.15
5,41.54,116.14,42.52
6,41.95,115.66,42.52
6,41.95,115.66,43.15
5,41.07,115.73,41.88
5,41.45,115.26,41.88
5,41.19,114.84,41.45
6,41.87,114.78,42.52
7,41.87,114.78,43.15
8,42.27,114.3,43.15
7,42.27,114.3,42.52
5,41.87,114.78,41.9
5,41.46,114.38,41.39
6,42.27,114.3,41.9
6,42.19,113.42,41.9
3,41.01,116.63,41.18
4,40.92,115.75,41.15
4,41.12,114.84,41.04
5,42.05,112.55,40.85
5,42.08,113.42,40.81
4,42.23,114.29,40.71
6,41.79,113.02,41.39
5,41.82,113.91,41.33
4,41.39,114.38,40.95
9,43.25,109.34,42.51
12,43.25,109.34,43.14
5,43.25,108.45,41.21
7,43.05,108.45,40.69
6,43.25,107.55,41.23
3,43.51,106.65,41.69
10,43.25,111.57,43.77
10,43.05,112.45,43.78
9,43.05,112.44,43.15
9,43.25,111.57,43.14
10,43.25,110.69,43.14
7,43.05,112.44,42.52
7,43.25,111.57,42.51
8,43.25,110.7,42.5
6,42.8,112.47,41.9
6,43.05,111.57,41.88
5,43.05,111.57,41.23
5,42.8,111.6,40.79
6,42.51,112.05,41.27
5,43.05,110.7,41.22
6,42.79,110.71,40.8
8,42.19,113.42,43.15
7,42.19,113.42,42.52
9,42.56,112.94,43.15
7,41.71,112.13,41.42
7,42.12,112.54,41.9
7,42.56,112.94,42.52
6,43.05,110.7,41.88
5,43.25,109.9,41.86
5,43.25,108.94,41.87
7,43.05,109.34,41.88
8,43.25,109.9,42.5
8,43.28,106.35,41.13
8,43.28,106.17,41.23
5,42.72,111.61,40.64
6,42.67,110.72,40.66
5,42.5,112.06,40.7
6,43.05,109.9,41.23
6,42.76,109.82,40.81
7,42.86,109.35,41.27
6,43.05,108.94,41.24
7,42.71,108.94,40.83
6,41.68,112.14,40.97
2,40.8,117.09,40.5
2,40.7,116.21,40.49
3,40.6,115.33,40.49
3,40.85,114.87,40.46
3,41.07,113.96,40.44
4,41.82,113.01,40.4
3,41.86,113.9,40.39
4,41.46,112.6,40.44
7,43.04,108.47,40.38
7,43.25,108.04,40.57
8,43.08,107.53,40.68
7,43.26,107.54,40.57
7,43.04,107.56,40.35
8,43.14,106.24,40.66
8,43.27,106.25,40.57
8,43.27,105.36,40.57
5,42.81,111.17,40.36
6,42.75,110.29,40.37
5,42.23,111.66,40.38
6,42.92,109.82,40.38
6,42.86,108.94,40.4
5,41.41,111.72,40.44
25,46.82,90.48,41.82
22,46.82,90.28,41.2
25,46.31,90.48,41.09
23,46.32,90.28,40.75
26,45.87,90.48,40.58
24,45.9,90.23,40.65
19,45.86,89.65,40.66
2,45.11,86.5,40.46
3,45.22,87.4,40.46
19,45.38,89.28,40.46
26,45.4,90.24,40.46
10,47.16,89.07,40.66
11,47.64,89.43,40.87
18,48.14,90.28,41.75
13,48.11,89.82,41.27
14,48.59,90.04,41.9
20,48.58,90.48,43.12
23,47.78,90.48,42.47
17,48.58,90.28,42.5
24,47.23,90.48,41.81
20,47.76,90.28,41.87
19,46.82,90.09,41.27
20,47.23,90.28,41.2
16,47.71,90.06,41.27
19,46.35,89.93,40.87
15,46.75,89.57,40.66
16,47.23,89.88,40.87
6,45.32,88.32,40.46
6,46.2,88.25,40.46
7,46.68,88.65,40.66
11,45.79,88.75,40.46
12,46.27,89.14,40.66
4,45.72,87.83,40.46
2,51.27,80.22,50.11
2,50.79,79.82,50.3
2,50.87,80.65,50.31
2,50.32,81.44,50.35
3,50.43,80.97,50.33
3,50.48,81.33,50.34
2,50.68,81.14,50.21
2,51.35,80.94,50.17
2,51.38,81.28,50.25
2,51.13,81.1,50.2
2,50.94,81.51,50.35
2,51.08,81.57,50.3
2,50.74,81.43,50.34
2,50.78,81.51,50.35
2,50.94,81.58,50.23
2,51.1,81.48,50.26
2,50.91,81.33,50.22
2,46.03,86.45,40.46
2,55.61,90.48,46.59
6,54.35,90.48,45.65
4,54.35,90.28,45.02
2,55.23,90.28,45.65
6,53.53,90.48,45.65
7,53.53,90.28,45.02
7,52.6,90.48,45.02
9,52.12,90.48,44.39
8,52.61,90.28,44.39
9,51.71,90.48,44.39
3,47.49,87.69,40.46
4,50.2,88.32,40.87
2,49.27,87.52,40.46
4,47.97,88.11,40.46
7,49.4,89.27,41.27
6,48.92,88.87,40.87
5,49.8,88.8,40.87
5,48.44,88.5,40.66
4,49.32,88.42,40.66
3,48.86,88.03,40.46
11,50.35,90.48,44.39
6,50.28,89.2,41.27
9,49.88,89.69,41.9
8,50.76,89.64,41.9
9,51.25,89.94,42.52
10,51.15,90.28,43.14
11,51.15,90.48,43.76
9,51.7,90.09,43.15
8,51.71,90.28,43.77
13,50.35,90.48,43.76
11,50.35,90.28,43.14
9,50.34,89.99,42.52
6,51.16,89.12,41.9
8,52.12,90.28,43.77
8,52.59,90.07,43.77
7,51.64,89.52,42.52
8,52.11,89.89,43.15
2,45.94,85.57,40.46
2,54.19,88.45,46.59
2,54.26,88.61,45.74
6,53.06,90.48,45.54
2,54.76,89.7,45.65
3,54.34,90.02,45.02
2,53.97,88.59,45.61
2,54.28,89.27,45.64
2,53.86,87.99,46.59
3,53.73,88.51,45.75
2,53.69,87.99,45.65
3,53.72,88.4,45.54
7,53.01,90.28,45.02
6,53.5,90.04,45.02
6,53,89.83,44.4
2,53.72,88.41,45.02
3,53.3,88.5,44.4
4,53.4,89.37,44.4
3,53.8,88.93,45.02
4,53.88,89.75,45.02
2,53.65,87.53,45.02
2,53.48,88.04,45.02
2,53.42,87.09,45.02
6,52.52,89.45,43.77
4,52.92,88.97,43.77
2,53.22,87.61,44.39
2,53.14,86.73,44.4
3,52.84,88.09,43.77
2,53.22,87.61,43.77
6,52.04,89.04,43.15
4,52.44,88.56,43.15
4,52.44,88.56,42.52
6,52.04,89.04,42.52
3,52.36,87.68,43.15
3,52.36,87.68,42.52
2,52.77,87.21,43.15
2,52.69,86.08,42.83
2,51.35,85.4,42.68
4,51.96,88.16,41.9
4,51.96,88.16,41.27
5,51.56,88.64,41.9
5,50.68,88.72,41.27
5,51.56,88.64,41.27
2,51.17,86.03,40.63
3,51.85,86.76,41.54
2,51.22,85.57,41.37
2,50.45,85.39,41.32
4,51.05,87.9,40.85
2,50.33,86.19,40.78
3,49.73,87.92,40.66
4,51.05,87.8,40.66
2,50.27,85.52,40.68
2,50.5,86.19,40.61
2,50.22,85.67,40.44
2,50.14,86.96,40.46
2,49.79,85.23,40.44
2,47.09,83.27,40.46
3,49.34,84.43,40.45
2,50.18,85.27,40.73
2,50.32,85.27,41.42
3,50.18,84.76,40.59
3,50.5,85.01,40.73
3,51.79,84.97,41.44
2,50.65,85.15,41.4
2,49.83,83.78,40.64
3,50.6,84.35,40.81
2,51.67,84.64,41.51
4,46.6,87.76,40.46
3,45.64,86.94,40.66
3,46.11,87.35,40.46
4,47.08,88.16,40.66
7,49.4,89.27,41.9
6,47.56,88.57,40.66
7,48.04,88.95,40.87
9,48.52,89.35,41.27
11,48.99,89.74,41.9
15,49.47,90.48,43.76
13,49.47,90.28,43.14
11,49.46,90.01,42.52
13,49.47,90.48,44.39
2,45.55,86.05,40.66
2,45,85.62,40.46
2,45.47,85.17,40.66
2,51.27,80.24,49.85
2,50.31,79.43,50.3
2,43.25,113.81,55.02
2,43.05,113.27,55.02
2,43.3,124.87,51.99
2,43.26,123.89,51.35
2,43.25,123.94,50.47
2,43.23,122.92,48.69
2,43.25,123.15,49.46
2,43.06,123.98,48.92
4,43.25,122.15,51.36
3,43.25,122.18,50.31
3,43.18,121.5,47.07
4,43.21,121.41,47.91
4,43.19,121.51,48.69
4,43.26,121.31,49.33
2,43.4,122.2,47.87
3,43.1,122.19,49.23
4,43.25,120.19,49.16
6,43.25,118.64,49.06
3,43.47,119.47,51.98
4,43.37,118.61,51.85
2,43.54,121.26,51.98
3,43.41,120.4,51.98
4,43.3,120.58,51.84
3,43.59,119.44,52.1
2,43.41,116.18,54.02
2,44.58,124.62,52.81
2,44.03,124.83,52.14
2,43.43,123.87,51.97
3,43.32,123.08,51.85
4,43.29,121.33,51.83
3,43.38,122.15,51.97
2,44.3,122.91,52.65
2,43.71,125.71,52.83
2,43.52,106.64,50.5
2,43.52,106.6,50.48
3,43.9,108.84,51.9
2,43.73,108.84,51.21
2,44.05,108.4,51.27
3,43.73,108.84,52.53
4,43.53,108.82,51.88
3,43.53,108.31,51.13
2,43.53,107.47,50.65
3,43.53,108.31,52.55
5,43.51,106.49,50.5
3,43.5,106.35,50.48
2,43.5,106.33,55.93
2,43.68,106.66,55.84
2,43.53,106.93,55.55
2,43.51,106.41,55.78
2,43.5,105.79,55.97
5,44.21,112.1,51.87
6,43.51,112.06,51.85
4,44.25,111.81,51.9
2,43.97,111.5,53.21
3,44.24,111.82,52.52
3,44.27,111.79,51.27
2,43.98,111.5,50.89
4,43.7,111.6,51.19
6,43.47,111.58,51.44
4,43.68,111.6,52.56
6,43.47,111.58,52.32
2,43.67,110.63,51.2
4,43.46,110.55,51.44
3,43.68,110.63,52.55
5,43.45,110.55,52.32
2,43.87,109.76,51.88
3,43.72,109.22,51.9
2,43.71,109.74,52.54
2,43.51,109.65,51.89
7,43.25,113.28,51.89
7,43.25,113.28,51.26
7,43.25,113.27,50.02
7,43.25,113.27,50.63
5,43.39,116.19,52.8
4,43.6,117.67,52.11
2,43.64,116.53,52.14
2,43.78,116.34,52.46
2,43.78,116.35,53.11
3,43.47,117.67,51.98
5,43.29,116.33,52.05
5,43.36,116.81,51.85
6,43.25,115.07,51.22
6,43.26,115.91,51.72
6,43.25,115.06,51.84
6,43.25,114.67,51.24
7,43.25,113.81,51.26
6,43.05,114.22,51.26
6,43.25,114.67,51.87
6,43.25,113.81,51.89
6,43.05,114.22,51.89
6,43.25,115.08,50.61
6,43.25,114.68,50.62
7,43.25,113.81,50.64
7,43.05,114.22,50.64
3,43.25,112.5,54.36
4,43.25,112.46,53.77
5,43.25,112.47,53.16
6,43.25,112.52,52.56
6,43.27,111.17,52.54
3,43.05,113.27,54.39
4,43.05,113.26,53.77
5,43.05,113.26,53.15
6,43.05,113.26,52.52
3,43.28,116.08,54.01
4,43.25,115.45,53.73
3,43.05,115.09,53.76
2,43.1,115.95,54.06
2,43.25,115.45,54.36
2,43.05,115.09,54.39
3,43.05,114.7,53.76
3,42.86,114.23,53.77
3,43.05,113.81,53.77
2,43.05,114.69,54.39
2,42.86,114.23,54.4
2,43.05,113.81,54.39
5,43.28,116.1,52.79
5,43.25,115.45,52.44
5,43.11,116.01,52.4
5,43.05,115.1,52.5
5,43.25,115.45,53.09
4,43.11,115.95,53.11
4,43.05,115.09,53.13
5,43.05,114.69,52.51
5,42.86,114.23,52.52
5,43.05,113.81,52.52
4,43.05,114.69,53.14
4,42.86,114.23,53.15
4,43.05,113.81,53.14
2,43.68,111.4,55.46
2,43.49,111.69,55.51
2,43.36,111.14,55.7
2,43.67,111.4,55.24
2,43.32,111.81,55.12
2,43.49,111.69,55.19
3,43.3,111.68,54.94
2,43.36,111.15,55.06
3,43.27,111.59,54.74
2,43.08,112.51,55.02
2,43.27,111.99,55.06
2,43.2,110.67,55.7
3,43.27,110.76,54.74
3,43.12,111.13,54.91
3,43.2,110.67,55.06
2,43.27,110.12,55.97
2,43.64,110.6,55.46
2,43.33,110.28,55.7
2,43.4,110.05,55.49
3,43.27,109.87,55.56
3,43.28,110.24,54.72
3,43.28,110.03,54.83
3,43.33,110.28,55.06
2,43.61,110.61,55.23
2,43.38,110.05,55.17
3,43.27,109.87,55.13
2,43.12,123.34,47.87
4,43.13,121.25,47.87
5,43.09,120.32,47.83
9,43.25,112.46,48.77
8,43.25,112.46,49.39
9,43.25,112.46,48.14
10,43.25,113.26,46.27
10,43.25,113.26,46.89
10,43.25,112.46,47.52
8,43.25,114.22,48.77
8,43.25,113.26,48.77
7,43.25,114.22,49.39
8,43.25,113.26,49.39
7,43.25,114.83,50
7,43.25,113.81,50.01
7,43.05,114.22,50.02
9,43.25,114.22,47.52
9,43.25,113.26,47.52
8,43.25,114.22,48.14
9,43.25,113.26,48.14
6,43.25,116.89,49.05
6,43.05,118.64,47.83
7,43.25,116.89,47.82
2,41.61,121.9,45.65
2,41.2,122.38,45.65
2,41.53,121.02,45.02
2,41.05,120.62,44.4
4,41.45,120.14,45.02
4,42.39,121.39,46.58
4,41.93,120.54,45.65
3,41.53,121.02,45.65
5,41.45,120.14,45.65
3,40.57,120.21,43.77
3,40.97,119.73,43.77
4,40.97,119.73,44.4
4,41.85,119.66,45.02
4,41.37,119.26,44.4
5,42.25,119.18,45.02
5,41.78,118.78,44.4
4,40.9,118.85,43.77
5,41.3,118.38,43.77
5,42.76,120.4,46.63
5,43.05,119.56,46.37
4,42.33,120.06,45.65
4,42.68,119.58,45.65
5,42.25,119.18,45.65
5,41.85,119.66,45.65
11,43.25,109.9,43.14
11,43.25,112.45,45.65
11,43.25,112.45,45.02
10,43.05,112.45,44.4
11,43.25,111.57,44.4
11,43.25,110.69,43.77
8,43.25,115.23,46.58
8,43.05,115.64,45.65
8,42.74,115.57,45.02
9,43.25,113.81,46.9
9,43.05,114.22,46.9
9,43.25,113.81,46.27
9,43.05,114.22,46.27
9,43.05,114.85,45.65
8,42.88,115.12,45.02
9,42.69,114.7,45.02
10,42.86,114.23,45.65
10,43.05,113.81,45.65
9,42.86,114.23,45.02
10,43.05,113.81,45.02
9,42.64,113.82,44.4
10,43.05,113.26,45.65
10,42.83,113.3,44.4
10,43.05,113.26,45.02
9,42.27,114.3,44.4
8,42.27,114.3,43.77
9,42.19,113.42,43.77
10,42.56,112.94,43.77
6,42.69,118.65,46.6
7,42.55,117.82,45.65
6,42.18,118.3,45.65
6,42.18,118.3,45.02
6,41.7,117.9,44.4
7,42.02,116.54,44.4
6,42.55,117.82,45.02
7,42.5,116.94,45.02
6,42.1,117.42,44.4
7,43.05,116.89,46.58
7,42.8,117.35,45.65
7,42.5,116.94,45.65
8,42.77,116.47,45.65
8,42.45,116.06,45.02
9,42.35,115.18,45.02
4,40.14,118.03,42.09
3,40.85,117.98,41.95
5,40.82,117.97,43.15
4,40.82,117.97,42.52
4,40.77,117.09,41.97
2,39.84,119.19,42.08
2,40.09,119.81,42.52
3,40.09,119.81,43.15
4,40.42,118.45,43.15
3,40.49,119.33,43.15
3,40.4,118.45,42.5
2,40.49,119.33,42.52
2,39.68,119.13,41.48
3,40.75,117.1,41.28
2,40.83,117.98,41.25
3,40.07,118.04,41.49
6,41.62,117.02,43.77
6,41.22,117.5,43.77
6,40.74,117.09,43.15
5,40.74,117.09,42.52
6,41.14,116.61,43.15
5,41.14,116.61,42.52
5,40.69,116.2,41.96
8,41.54,116.14,44.4
7,41.54,116.14,43.77
8,41.95,115.66,44.4
9,41.87,114.78,44.4
7,41.95,115.66,43.77
8,41.87,114.78,43.77
7,41.07,115.73,43.15
6,41.07,115.73,42.52
6,41.47,115.26,42.52
7,41.47,115.26,43.15
6,40.61,115.33,41.94
6,40.99,114.85,41.87
7,41.39,114.37,42.52
8,41.39,114.37,43.15
8,41.79,113.9,43.15
7,41.79,113.9,42.52
6,41.38,114.38,41.88
6,41.12,113.96,41.48
7,41.44,112.59,41.48
7,41.7,113.02,41.88
6,41.79,113.9,41.9
4,40.67,116.21,41.26
5,40.58,115.33,41.24
5,40.83,114.87,41.14
6,41.4,113.55,41.45
5,41.05,113.96,41.07
5,41.74,113.01,40.94
4,41.79,113.89,40.85
6,41.4,112.6,41.06
13,43.25,109.34,43.77
9,43.25,108.94,42.51
10,43.05,109.34,42.52
13,43.25,108.94,43.14
12,43.05,109.34,43.14
5,43.25,108.45,41.88
5,43.25,108.04,41.22
7,43.05,108.45,41.25
7,42.84,108.46,40.8
7,43.05,108.04,40.69
13,43.25,108.45,43.14
10,43.25,108.45,42.52
8,42.85,107.55,40.79
5,43.25,107.55,41.89
8,43.07,107.54,41.26
7,43.27,106.85,41.22
11,43.25,107.54,42.53
2,43.64,106.58,41.7
5,43.39,106.37,41.77
7,43.37,106.17,42.12
5,43.37,106.18,41.42
8,43.28,106.45,41.83
10,43.28,106.28,42.23
4,43.45,105.84,42.12
9,43.31,105.84,42.12
5,43.31,105.86,41.42
5,43.45,105.83,41.42
9,43.28,105.27,41.16
9,43.12,105.37,40.67
15,43.25,107.53,43.15
11,43.05,111.57,43.77
10,42.8,112.47,43.77
9,42.8,112.47,43.15
7,42.8,112.47,42.52
9,43.05,111.57,43.14
10,43.05,110.69,43.14
8,43.05,111.57,42.52
9,43.05,110.7,42.51
7,42.51,112.06,41.9
7,42.78,111.59,41.89
6,42.77,111.59,41.25
6,42.66,111.17,40.82
6,42.07,111.66,41.32
7,42.75,110.71,41.9
6,42.74,110.71,41.26
6,42.62,110.28,40.84
9,41.72,113.02,43.15
8,41.72,113.02,42.52
9,42.12,112.54,43.15
7,41.37,111.72,41.5
8,41.63,112.14,41.89
8,42.12,112.54,42.52
6,43.05,109.9,41.88
8,42.86,109.35,41.9
7,43.05,108.94,41.89
9,43.05,109.9,42.51
8,42.8,107.57,40.61
9,43.16,106.3,41.2
9,43.17,106.12,41.31
9,43.28,105.85,41.14
9,43.01,106.24,40.74
5,42.59,111.17,40.68
6,42.53,110.29,40.7
6,42.08,111.66,40.83
6,42.62,109.84,40.68
7,42.56,108.96,40.71
7,42.7,109.81,41.26
7,42.51,109.4,40.88
8,42.65,108.94,41.27
8,42.44,108.52,40.92
7,41.34,111.72,41.08
14,43.26,106.33,42.5
2,43.42,104.92,41.42
8,43.42,104.91,42.12
8,43.26,104.45,40.57
2,40.28,116.69,40.53
2,39.79,116.29,40.56
2,40.21,115.81,40.52
3,40.12,114.93,40.52
3,40.52,114.45,40.49
3,40.79,113.99,40.47
4,41.14,112.62,40.47
4,41.35,113.49,40.43
7,42.81,108.08,40.38
8,43.13,106.78,40.66
7,43.27,106.79,40.56
7,42.71,107.18,40.36
7,43.15,106.24,40.32
8,43.14,105.82,40.65
8,43.27,105.83,40.55
8,43.12,105.36,40.34
8,43.26,104.94,40.55
5,42.51,111.19,40.37
6,42.42,110.31,40.37
5,41.71,111.25,40.42
6,42.67,109.41,40.38
7,42.59,108.53,40.4
5,41.09,111.75,40.47
27,43.25,94.71,40.53
26,46.82,90.48,42.48
23,46.83,90.28,41.86
26,46.33,90.48,41.82
2,44.56,86.08,40.46
23,46.33,90.28,41.2
27,45.89,90.48,41.09
2,45.15,86.53,40.66
23,45.93,90.11,40.87
18,45.88,89.58,40.87
24,45.91,90.28,40.76
27,45.3,90.48,40.58
4,45.24,87.41,40.66
24,45.45,90.07,40.65
15,45.39,89.22,40.66
3,44.7,86.97,40.46
5,44.83,87.89,40.46
13,44.92,88.82,40.46
26,44.94,89.87,40.46
17,48.58,90.48,44.39
9,47.16,89.03,40.87
11,47.64,89.43,41.27
13,48.11,89.81,41.89
19,48.58,90.48,43.76
14,48.58,90.04,42.52
27,46.82,90.48,43.13
16,48.58,90.28,43.14
23,47.79,90.48,43.12
25,47.23,90.48,42.48
20,47.79,90.28,42.5
21,46.82,90.09,41.9
21,47.24,90.28,41.86
17,47.73,90.06,41.9
19,46.35,89.93,41.27
14,46.76,89.51,40.87
16,47.23,89.88,41.27
6,45.32,88.31,40.66
5,46.2,88.23,40.66
7,46.68,88.63,40.87
9,45.8,88.72,40.66
11,46.28,89.1,40.87
4,45.72,87.82,40.66
2,50.79,79.83,50.1
2,50.87,80.68,50.14
3,50.49,81.34,50.26
3,50.45,81.02,50.18
3,50.32,81.45,50.29
3,50.19,81.63,50.83
3,50.23,81.62,50.56
2,50.38,80.27,50.3
3,50.41,80.83,50.31
3,50.18,81.52,50.34
3,50.21,81.13,50.33
2,49.9,79.89,50.3
3,50.47,81.12,50.09
3,50.68,81.21,50.1
2,51.33,80.8,50.14
2,51.33,81.01,50.07
2,51.36,81.36,50.13
2,51.14,81.17,50.08
2,50.87,80.73,49.87
2,50.77,81.5,50.24
3,50.49,81.44,50.19
2,50.8,81.6,50.28
2,50.98,81.73,50.07
2,51.17,81.57,50.12
2,50.92,81.38,50.1
2,51.41,85.15,49.34
2,51.32,85.07,49.97
2,50.91,85.16,49.86
2,46.52,86.87,40.46
2,46.04,86.46,40.66
2,46.44,85.98,40.46
3,47,87.28,40.46
5,53.93,90.48,46.59
2,55.61,90.28,46.58
5,54.35,90.28,45.65
6,53.53,90.28,45.65
5,52.67,90.48,45.67
5,52.12,90.48,45.65
7,52.12,90.48,45.02
7,52.6,90.28,45.02
10,51.15,90.48,44.39
8,52.12,90.28,44.39
7,52.59,90.07,44.4
5,51.71,90.48,45.65
8,51.71,90.48,45.02
8,51.71,90.28,44.39
9,50.35,90.48,45.65
10,50.35,90.48,45.02
2,48.35,87.16,40.46
3,47.48,87.68,40.66
4,50.2,88.32,41.27
3,49.72,87.92,40.87
3,49.25,87.52,40.66
4,47.96,88.08,40.66
6,48.92,88.87,41.27
5,49.8,88.8,41.27
5,48.44,88.47,40.87
4,49.32,88.39,40.87
3,48.85,88.01,40.66
9,50.35,90.28,44.39
6,50.28,89.2,41.9
8,49.88,89.69,42.52
8,50.76,89.64,42.52
8,51.25,89.94,43.15
9,51.15,90.28,43.77
8,51.7,90.09,43.77
10,50.35,90.28,43.77
8,50.34,89.99,43.15
5,50.68,88.72,41.9
6,51.16,89.12,42.52
7,51.64,89.52,43.15
7,52.11,89.89,43.77
4,50.2,88.32,41.9
5,49.8,88.8,41.9
2,45.96,85.58,40.66
2,46.35,85.1,40.46
2,46.27,84.22,40.46
2,46.85,85.5,40.46
2,46.68,83.74,40.46
2,53.65,87.09,45.66
2,54.08,88.6,46.59
2,54.21,88.74,45.8
5,53.06,90.28,45.54
2,54.72,89.33,46.58
6,53.5,90.04,45.65
4,54.34,90.02,45.65
3,53.81,88.93,45.65
4,53.88,89.75,45.65
2,53.7,88.1,46.58
3,53.58,88.67,45.8
2,53.42,87.15,45.66
2,53.66,87.58,45.54
3,53.49,88.06,45.66
3,53.3,88.5,45.64
6,52.52,89.45,44.4
6,53,89.83,45.02
3,52.84,88.09,44.4
5,52.92,88.97,44.4
3,53.31,88.5,45.02
5,53.4,89.37,45.02
2,53.14,86.73,45.65
2,53.22,87.61,45.02
2,53.14,86.73,45.02
6,52.04,89.04,43.77
5,52.44,88.56,43.77
3,52.36,87.68,44.4
2,52.77,87.21,44.4
3,52.36,87.68,43.77
2,52.69,86.08,44.08
2,52.77,87.21,43.77
2,51.36,85.4,43.99
5,51.56,88.64,43.15
4,51.96,88.16,43.15
4,51.96,88.16,42.52
5,51.56,88.64,42.52
3,51.85,86.77,42.83
2,51.2,85.58,42.77
2,50.46,85.39,42.74
4,51.04,87.79,41.56
2,50.88,86.12,41.47
2,50.31,85.53,41.44
3,49.99,86.96,40.84
2,50.03,85.84,40.79
2,50.11,85.77,40.59
3,50.11,86.99,40.65
2,49.7,85.24,40.6
2,49.19,86.15,40.45
2,47.9,85.41,40.46
2,48.03,83.63,40.46
2,47.1,83.27,40.66
2,48.73,84.44,40.46
2,49.29,84.41,40.63
2,49.77,85.24,40.79
2,50.18,85.27,41.52
3,50.15,84.71,40.82
2,50.53,85.01,41.51
2,49.82,83.91,40.81
2,50.74,84.18,41.53
4,46.6,87.75,40.66
3,45.64,86.94,40.87
3,46.12,87.34,40.66
4,47.08,88.15,40.87
5,48.92,88.87,41.9
6,49.4,89.27,42.52
5,47.56,88.55,40.87
7,48.04,88.95,41.27
8,48.52,89.35,41.9
10,48.99,89.74,42.52
11,49.47,90.28,43.77
10,49.46,90.01,43.15
15,48.58,90.48,45.02
12,49.47,90.48,45.02
10,49.47,90.28,44.39
14,48.58,90.48,45.65
12,49.47,90.48,45.65
2,45.57,86.06,40.87
2,45.06,85.65,40.66
2,45.49,85.18,40.87
2,51.27,80.24,49.4
2,50.79,79.84,49.84
2,50.31,79.43,50.1
2,43.05,113.81,55.02
2,42.83,113.3,55.02
2,42.91,126.66,52.83
2,43.51,104.9,55.97
2,43.5,103.5,55.97
2,43.2,124.92,52.14
2,43.11,124.86,51.42
3,43.09,123.94,51.45
2,43.26,123.12,51.3
2,43.09,124.78,50.29
2,43.25,123.23,50.28
3,43.05,123.97,50.52
2,42.88,123.97,48.79
3,43.08,123.12,49.4
2,43.09,123.49,49.02
2,43.02,122.73,47.86
2,42.61,124.94,49.07
4,43.25,121.36,51.3
4,43.09,122.2,51.42
4,43.25,121.35,50.31
4,43.05,122.19,50.32
4,43.26,120.28,51.33
4,43.25,120.23,50.29
4,42.84,122.22,49.1
4,42.95,121.75,47.89
5,43.08,121.37,49.25
5,43.06,120.25,49.12
5,43.25,118.65,50.25
6,43.05,118.66,49.08
4,43.34,118.63,51.98
5,43.26,118.63,51.32
2,44.21,121.25,52.73
3,43.54,120.39,52.09
5,43.21,120.65,51.97
3,44.02,119.45,52.79
4,43.47,118.63,52.09
2,43.28,116.33,54.06
2,44.58,124.6,54
3,43.69,123.85,52.77
2,43.4,124.1,52.11
3,43.24,123.09,51.98
4,43.19,121.33,51.96
2,44.44,122.95,54.12
3,43.42,122.14,52.7
2,43.71,125.71,54.08
3,42.76,124.9,52.83
7,43.5,106.53,50.57
4,43.52,106.81,50.55
5,43.69,106.77,50.67
7,43.5,106.67,50.61
5,43.66,106.62,50.64
4,43.69,106.61,50.65
7,43.5,106.74,50.76
2,44.02,107.11,50.7
2,44.01,107.48,50.89
2,43.81,106.82,50.68
4,43.73,108.84,51.89
2,44.05,108.4,51.9
4,43.73,108.32,51.22
4,43.72,107.48,50.79
3,43.73,108.32,52.53
8,43.5,106.65,50.84
5,43.52,106.94,50.7
5,43.53,108.31,51.88
5,43.53,107.54,51.16
3,43.53,107.53,52.56
7,43.49,106.37,50.51
5,43.62,106.46,50.61
8,43.49,106.4,50.55
8,43.49,106.51,50.79
3,43.59,106.34,50.57
3,43.49,106.24,50.49
3,43.25,109.28,55.68
3,43.25,109.3,55
2,43.25,109.32,56.92
2,43.25,109.29,56.32
2,43.65,106.22,55.84
2,43.71,106.88,55.54
2,43.64,106.3,55.69
2,43.51,106.61,55.46
2,43.65,105.77,55.87
2,43.46,105.83,55.82
3,43.38,106.17,54.94
3,43.39,106.31,55.12
6,43.66,111.92,51.87
7,43.44,111.82,51.88
7,43.26,112.55,51.89
7,43.25,112.55,51.21
8,43.25,112.47,50.01
7,43.25,112.5,50.61
4,43.94,111.6,51.89
3,43.93,111.52,52.49
2,43.94,111.5,51.3
7,43.54,111.49,51.56
7,43.37,111.19,51.44
6,43.54,111.49,52.2
6,43.37,111.2,52.32
8,43.27,111.15,51.17
2,43.93,110.59,51.74
2,43.9,110.62,52.46
2,44.19,111.02,51.89
6,43.52,110.59,51.56
8,43.36,110.19,51.44
5,43.52,110.59,52.2
5,43.36,110.19,52.32
2,43.67,109.73,51.89
6,43.39,109.93,51.88
8,43.26,111.14,50.69
6,43.05,113.27,51.89
7,43.05,113.27,51.27
8,43.05,113.26,50.02
7,43.05,113.27,50.64
2,43.9,117.71,52.82
4,43.42,116.87,52.1
2,43.76,116.57,53.14
2,43.78,116.56,52.51
5,43.27,116.33,52.81
5,43.26,116.87,51.3
5,43.33,116.91,51.98
6,43.25,115.58,51.17
6,43.05,115.1,51.25
6,43.26,115.45,51.79
5,43.11,116.01,51.83
6,43.06,115.1,51.87
6,43.05,114.69,51.26
6,42.86,114.23,51.27
7,43.05,113.81,51.27
6,43.05,114.69,51.89
6,42.86,114.23,51.9
6,43.05,113.81,51.89
6,43.25,115.58,50.58
6,43.05,115.1,50.63
6,43.25,115.61,49.98
6,43.25,116.86,50.24
7,43.05,114.7,50.64
7,42.86,114.23,50.65
7,43.05,113.81,50.64
3,43.07,112.48,54.38
4,43.26,111.6,54.32
4,43.05,112.46,53.77
4,43.25,111.59,53.76
5,43.05,112.46,53.15
5,43.25,111.59,53.19
6,43.07,112.49,52.54
6,43.26,111.68,52.63
4,43.25,110.75,54.29
3,43.27,110.19,54.41
4,43.25,110.69,53.76
5,43.25,110.73,53.2
6,43.26,110.73,52.66
6,43.11,111.14,52.44
6,43.26,110.15,52.6
6,43.25,110.23,53.1
3,42.83,113.3,54.39
3,42.83,113.3,53.77
4,42.83,113.3,53.15
5,42.83,113.3,52.52
2,43.13,116.2,54.05
3,43.07,115.52,53.75
3,42.88,115.12,53.77
2,42.96,116.02,54.07
2,43.07,115.52,54.38
2,42.88,115.12,54.4
3,42.69,114.7,53.77
3,42.64,113.82,53.77
2,42.69,114.7,54.4
2,42.64,113.82,54.4
4,43.13,116.22,52.88
5,42.97,116.06,52.46
5,43.07,115.51,52.49
5,42.88,115.13,52.52
4,42.97,116.01,53.15
4,43.07,115.51,53.12
4,42.88,115.12,53.15
5,42.69,114.7,52.52
5,42.64,113.82,52.52
4,42.69,114.7,53.15
4,42.64,113.82,53.15
2,42.84,112.47,55.01
2,43.33,111.12,55.48
2,43.25,111.69,55.51
2,43.34,111.12,55.23
2,43.25,111.69,55.19
2,43.21,111.57,55.06
3,43.13,111.54,54.83
2,43.13,111.91,55.1
2,43.25,109.78,56.4
2,43.05,110.69,55.45
2,43,111.12,55.07
2,43.05,110.69,55.25
3,43.13,110.77,54.84
2,43.26,109.65,55.71
2,43.12,110.19,55.86
2,43.27,110.32,55.47
2,43.13,109.99,55.53
3,43.15,110.28,54.8
3,43.15,110.1,54.92
3,43.27,109.67,55.02
2,43.25,110.32,55.23
3,43.14,109.98,55.17
7,43.46,105,51.24
7,43.41,104.83,51.24
2,41.8,124.1,47.83
2,42.5,123.16,47.84
5,42.4,121.39,47.84
5,42.78,120.41,47.84
9,43.05,112.46,48.77
9,43.25,111.58,48.77
8,43.05,112.46,49.39
8,43.25,111.58,49.39
10,43.05,112.46,48.15
10,43.25,111.58,48.15
10,43.05,113.26,46.27
11,43.25,112.45,46.27
10,43.05,113.26,46.89
10,43.25,112.46,46.9
10,43.05,112.46,47.52
11,43.25,111.58,47.52
10,43.25,110.7,48.15
10,43.25,110.7,48.77
9,43.25,110.7,49.39
7,43.25,115.22,49.07
8,43.25,113.81,48.77
8,43.05,114.22,48.77
9,43.05,113.26,48.77
7,43.25,113.81,49.39
8,43.05,114.22,49.39
8,43.05,113.26,49.39
7,43.05,114.84,50.01
7,42.86,114.23,50.02
7,43.05,113.81,50.02
8,43.25,115.23,47.83
9,43.25,113.81,47.52
9,43.05,114.22,47.52
10,43.05,113.26,47.52
9,43.25,113.81,48.14
9,43.05,114.22,48.14
9,43.05,113.26,48.14
6,42.69,118.68,47.83
7,43.05,116.9,49.07
7,43.05,116.89,47.83
2,40.84,123.3,46.58
3,41.64,122.34,46.58
3,41.13,121.5,45.65
3,40.72,121.97,45.65
2,40.72,121.97,45.02
2,41.13,121.5,45.02
2,40.25,121.57,44.4
4,41.05,120.62,45.65
2,40.65,121.09,44.4
3,41.05,120.62,45.02
3,40.57,120.21,44.4
2,39.77,121.17,43.77
2,40.17,120.69,43.77
5,40.97,119.73,45.02
5,41.49,120.58,46.58
5,40.97,119.73,45.65
4,40.09,119.81,44.4
4,40.09,119.81,43.77
4,40.49,119.33,43.77
5,40.49,119.33,44.4
5,41.37,119.26,45.02
5,40.9,118.85,44.4
5,41.78,118.78,45.02
5,41.3,118.38,44.4
5,40.42,118.45,43.77
6,40.82,117.97,43.77
6,42.24,119.62,46.57
6,41.78,118.78,45.65
6,41.37,119.26,45.65
11,42.8,112.47,44.4
13,43.25,109.9,43.77
11,43.05,109.9,43.14
11,43.05,112.45,45.65
12,43.25,111.57,45.65
11,43.05,112.45,45.02
12,43.25,111.57,45.02
11,43.05,111.57,44.4
12,43.25,110.7,44.39
12,43.05,110.69,43.77
14,43.25,109.34,44.39
9,43.05,115.23,46.58
8,42.74,115.57,45.65
9,42.86,114.23,46.9
10,43.05,113.81,46.9
10,42.86,114.23,46.27
10,43.05,113.81,46.27
9,42.7,114.73,45.65
10,42.27,114.3,45.02
9,42.35,115.18,45.65
10,42.64,113.82,45.65
10,42.64,113.82,45.02
10,42.19,113.42,44.4
10,42.83,113.3,45.65
10,42.83,113.3,45.02
10,42.56,112.94,44.4
10,42.83,113.3,46.27
10,42.83,113.3,46.89
10,41.79,113.9,44.4
9,41.79,113.9,43.77
10,41.72,113.02,43.77
10,42.12,112.54,43.77
7,42.11,117.86,46.58
7,42.1,117.42,45.65
7,41.7,117.9,45.65
7,41.22,117.5,44.4
6,41.7,117.9,45.02
7,41.62,117.02,44.4
8,42.02,116.54,45.02
7,42.1,117.42,45.02
8,42.64,116.92,46.58
8,42.02,116.54,45.65
8,42.45,116.06,45.65
9,41.95,115.66,45.65
8,41.54,116.14,45.65
8,41.54,116.14,45.02
8,41.95,115.66,45.02
9,41.87,114.78,45.02
5,39.94,118.05,43.15
4,39.93,118.05,42.49
4,40.4,117.57,42.05
5,40.34,117.57,43.15
5,40.33,117.57,42.51
5,40.32,116.68,42.05
2,39.29,120.77,43.15
2,39.29,120.76,42.49
2,39.35,119.8,42.12
2,39.68,120.29,42.51
2,39.69,120.29,43.15
4,39.57,118.97,42.81
2,39.25,119.78,41.52
3,39.32,118.63,41.56
3,39.77,118.07,41.55
4,40.26,116.69,41.41
3,40.34,117.57,41.41
7,40.74,117.09,44.4
7,41.14,116.61,44.4
7,41.14,116.61,43.77
7,40.74,117.09,43.77
6,40.26,116.69,43.15
6,40.25,116.69,42.51
7,40.66,116.21,43.15
6,39.86,116.22,42.1
6,40.66,116.21,42.52
6,40.23,115.8,42.03
8,41.07,115.73,44.4
8,41.07,115.73,43.77
9,41.47,115.26,44.4
9,41.39,114.37,44.4
8,41.47,115.26,43.77
9,41.39,114.37,43.77
7,40.59,115.33,43.15
7,40.59,115.33,42.52
7,40.99,114.85,42.52
8,40.99,114.85,43.15
6,40.16,114.93,42.03
7,40.54,114.45,41.95
8,40.91,113.97,42.52
9,40.91,113.97,43.15
9,41.31,113.49,43.15
8,41.31,113.49,42.52
7,40.92,113.98,41.89
8,41.24,112.61,41.89
7,41.31,113.49,41.88
5,39.78,116.29,41.49
5,40.2,115.81,41.37
5,40.12,114.93,41.37
5,40.51,114.45,41.24
5,40.78,113.99,41.16
6,41.09,112.62,41.17
5,41.31,113.49,41.03
15,43.25,108.93,44.39
14,43.25,108.93,43.77
14,43.05,109.34,43.77
15,43.25,108.45,44.4
15,43.25,108.45,43.77
10,42.86,109.35,42.52
10,43.05,108.93,42.52
12,42.86,109.35,43.15
13,43.05,108.93,43.14
4,43.25,108.04,41.88
7,43.05,108.45,41.89
8,42.83,108.46,41.27
7,43.05,108.04,41.25
8,42.68,108.06,40.85
14,43.25,108.04,43.15
14,43.05,108.45,43.14
11,43.25,108.04,42.52
11,43.05,108.45,42.52
9,42.83,107.56,41.26
9,42.64,107.17,40.85
8,43.05,107.53,41.89
7,43.26,106.85,41.9
9,43.11,106.81,41.26
13,43.05,107.53,42.53
13,43.25,106.79,42.59
6,43.39,106.27,41.77
7,43.35,106.1,42.02
7,43.35,106.11,41.52
10,43.16,106.36,41.84
12,43.16,106.21,42.15
12,43.28,105.88,42.24
4,43.5,105.8,42.02
8,43.37,105.31,42.12
11,43.23,105.81,42.02
9,43.24,105.83,41.52
5,43.51,105.8,41.52
2,43.36,105.33,41.42
10,43.27,104.89,41.05
10,43.16,105.3,41.23
9,43.11,104.95,40.66
9,42.96,105.38,40.75
17,43.25,107.52,44.4
16,43.25,107.52,43.77
15,43.05,107.53,43.15
16,43.25,106.71,43.16
11,42.78,111.59,43.77
10,42.51,112.06,43.77
9,42.51,112.06,43.15
8,42.51,112.06,42.52
10,42.78,111.59,43.15
11,42.75,110.71,43.15
8,42.78,111.59,42.52
9,42.75,110.71,42.52
8,42.04,111.66,41.9
7,42.46,111.18,41.9
6,42.46,111.18,41.25
7,41.65,111.26,41.43
8,42.41,110.3,41.9
7,42.41,110.3,41.26
10,41.24,112.61,43.15
9,41.24,112.61,42.52
10,41.64,112.13,43.15
8,41.17,111.73,41.9
9,41.64,112.13,42.52
8,42.71,109.81,41.9
9,42.65,108.94,41.9
10,42.71,109.81,42.52
8,42.55,108.02,40.71
9,42.87,106.68,40.77
9,42.51,107.18,40.69
10,43.03,106.23,41.29
10,43.17,105.83,41.2
9,42.85,105.82,40.76
6,42.35,111.19,40.74
7,42.27,110.31,40.76
7,41.61,111.26,40.98
7,42.45,109.41,40.73
8,42.39,108.53,40.77
8,42.3,109.42,41.28
9,42.23,108.54,41.3
7,41.04,111.75,41.19
16,43.26,105.86,42.64
14,43.1,106.28,42.43
17,43.25,105.82,43.17
16,43.27,105.27,42.53
9,43.46,105,41.52
6,43.46,104.98,42.02
8,43.39,104.75,41.77
14,43.28,105.23,42.22
10,43.27,104.44,41.2
9,43.11,104.46,40.68
8,43.08,104.47,40.36
8,43.26,104.04,40.58
2,38.62,118.16,40.58
2,39.42,117.21,40.58
3,39.56,115.43,40.56
3,39.63,114.53,40.56
4,40.05,114.05,40.53
5,40.81,112.21,40.5
4,40.45,113.57,40.51
4,40.85,113.09,40.48
7,42.48,107.65,40.37
8,42.37,106.77,40.37
7,42.99,106.69,40.35
8,42.92,105.82,40.36
8,42.89,104.94,40.37
6,42.14,110.78,40.38
6,42.08,109.9,40.39
5,41.35,110.85,40.45
6,42.37,109.43,40.37
7,42.27,108.56,40.38
5,40.32,111.81,40.53
5,40.75,111.33,40.5
26,43.25,95.25,40.52
15,43.25,94.71,41.17
28,43.25,94.31,40.54
29,43.1,94.72,40.37
26,43.05,94.71,40.68
24,43.25,96.92,40.52
25,43.25,96.07,40.52
24,46.83,90.28,42.5
28,46.33,90.48,42.49
24,46.34,90.28,41.87
28,45.91,90.48,41.83
2,44.64,86.11,40.66
25,45.92,90.28,41.2
28,45.34,90.48,41.1
23,45.93,90.11,41.27
17,45.88,89.58,41.27
2,45.17,86.54,40.87
3,44.74,87,40.65
4,45.24,87.42,40.87
23,45.48,89.97,40.87
14,45.4,89.18,40.87
26,45.37,90.28,40.76
30,44.39,90.48,40.6
5,44.84,87.89,40.66
11,44.92,88.8,40.66
24,44.97,89.75,40.66
29,42.95,95.17,40.38
28,43.26,93.8,40.57
31,42.89,94.3,40.39
4,44.3,87.43,40.45
30,44.43,90.29,40.45
8,44.47,88.38,40.46
24,44.52,89.37,40.46
24,46.82,90.48,44.39
20,47.78,90.48,44.39
22,47.78,90.48,43.76
26,46.82,90.48,43.76
12,48.58,90.28,44.39
9,47.16,89.03,41.27
11,47.64,89.43,41.9
13,48.11,89.79,42.52
12,48.58,90.04,43.15
14,48.58,90.28,43.77
28,46.33,90.48,43.13
25,47.24,90.48,43.12
24,46.83,90.28,43.14
19,47.79,90.28,43.14
21,46.82,90.09,42.52
22,47.24,90.28,42.5
17,47.75,90.06,42.52
20,46.35,89.93,41.9
14,46.76,89.51,41.27
17,47.23,89.88,41.9
6,45.32,88.3,40.87
5,46.2,88.22,40.87
7,46.68,88.63,41.27
9,45.8,88.7,40.87
11,46.28,89.1,41.27
4,45.72,87.82,40.87
2,50.39,80.32,49.85
3,50.32,81.24,50.13
2,50.28,81.72,50.52
2,50.38,80.3,50.11
3,50.43,80.87,50.15
3,50.2,81.59,50.25
3,50.23,81.18,50.21
2,49.91,79.91,50.1
4,49.97,81.64,50.88
4,49.95,81.64,50.62
3,50.2,81.62,50.39
4,49.97,81.59,50.33
3,49.96,80.71,50.31
3,49.98,81.32,50.33
4,49.77,81.5,50.33
2,49.5,80.34,50.3
2,50.39,80.32,49.4
2,50.1,81.95,50.8
3,50.1,81.94,50.49
3,50.26,81.22,49.9
3,50.49,81.41,49.87
3,50.45,80.99,49.89
3,50.68,81.18,49.88
3,53.9,90.48,47.85
2,53.7,88.06,47.86
2,50.24,85.24,50.4
2,51.6,81.54,49.86
2,51.37,81.34,49.86
2,51.57,81.1,49.87
2,51.13,81.13,49.87
2,51.32,80.9,49.88
2,50.87,80.72,49.4
2,51.27,80.24,48.77
2,51.44,82.22,49.86
2,51.2,82.02,49.86
2,51.64,81.98,49.86
2,51.4,81.78,49.86
4,50.09,81.81,50.07
3,50.3,81.78,50.23
3,50.31,81.64,50.14
2,50.7,81.59,50.11
2,50.73,81.61,49.86
2,50.96,81.82,49.86
2,51.16,81.58,49.86
2,50.91,81.38,49.88
2,51.49,82.88,50.02
2,51.9,82.4,49.4
2,51.18,84.24,50.65
2,51.53,83.76,50.06
2,50.7,83.84,50.65
2,51.1,83.36,50.02
2,51.37,85.13,48.69
2,51.33,84.99,49.38
2,50.95,85.15,49.27
2,51.29,84.92,50.07
2,50.77,84.68,50.62
2,50.47,85.08,50.39
2,50.54,85.16,49.88
2,50.83,85.04,49.92
2,47.37,86.35,40.46
2,46.52,86.86,40.66
2,46.05,86.46,40.87
2,46.44,85.98,40.66
3,47,87.27,40.66
4,53.93,90.28,46.59
4,52.67,90.28,45.67
7,51.15,90.48,45.33
4,52.12,90.28,45.65
6,52.12,90.28,45.02
6,52.59,90.07,45.02
8,51.15,90.28,44.39
6,52.11,89.89,44.4
5,51.71,90.28,45.65
7,51.7,90.09,44.4
6,51.71,90.28,45.02
7,50.35,90.28,45.65
8,50.35,90.28,45.02
2,48.33,87.15,40.66
3,47.48,87.67,40.87
3,49.72,87.92,41.27
3,49.24,87.51,40.87
4,47.96,88.07,40.87
4,48.44,88.47,41.27
4,49.32,88.39,41.27
3,48.84,87.99,40.87
7,50.34,89.99,44.4
6,50.28,89.2,42.52
7,49.88,89.69,43.15
7,50.76,89.64,43.15
7,50.34,89.99,43.77
7,51.25,89.94,43.77
5,50.68,88.72,42.52
6,51.16,89.12,43.15
6,51.64,89.52,43.77
3,49.72,87.92,41.9
4,50.2,88.32,42.52
4,49.32,88.39,41.9
4,49.8,88.8,42.52
2,47.22,84.58,40.46
2,45.97,85.58,40.87
2,46.36,85.1,40.66
2,46.28,84.22,40.66
2,46.85,85.5,40.66
2,46.69,83.74,40.66
3,53.83,88.93,46.58
5,53,89.82,45.64
4,53.9,89.88,46.59
4,53.4,89.37,45.65
2,53.21,87.62,45.64
3,53.35,88.41,46.58
5,52.04,89.04,44.4
5,52.44,88.56,44.4
4,52.52,89.45,45.65
3,52.84,88.09,45.65
4,52.92,88.97,45.65
5,52.52,89.45,45.02
3,52.84,88.09,45.02
5,52.92,88.97,45.02
3,52.36,87.68,45.65
2,52.77,87.21,45.65
3,52.36,87.68,45.02
2,52.77,87.21,45.02
2,50.48,85.39,43.99
4,51.56,88.64,44.4
5,51.56,88.64,43.77
4,51.96,88.16,44.4
4,51.96,88.16,43.77
2,51.22,85.58,44.05
3,51.85,86.76,44.08
4,51.04,87.8,42.83
3,50.86,86.13,42.83
2,50.33,85.53,42.82
3,50.1,87,41.56
2,50.05,85.83,41.54
2,49.31,86.3,40.82
2,48.51,85.34,40.46
2,49.14,86.18,40.64
2,47.89,85.41,40.66
2,48.02,83.63,40.66
2,48.69,84.45,40.65
2,49.41,84.39,40.79
2,49.67,85.25,41.54
2,50.18,85.27,42.79
2,50.15,84.7,41.58
4,46.6,87.74,40.87
3,45.64,86.94,41.27
3,46.12,87.34,40.87
26,45.9,90.48,45.02
17,47.78,90.48,45.65
22,45.89,90.48,45.65
20,46.81,90.48,45.65
23,46.82,90.48,45.02
19,47.78,90.48,45.02
21,45.33,90.48,45.65
4,47.08,88.15,41.27
4,48.44,88.47,41.9
4,48.92,88.87,42.52
5,49.4,89.27,43.15
5,47.56,88.55,41.27
6,48.04,88.95,41.9
7,48.52,89.35,42.52
8,48.99,89.74,43.15
8,49.46,90.01,43.77
10,48.58,90.28,45.02
7,49.46,90.01,44.4
9,49.47,90.28,45.02
4,48.58,90.48,46.92
12,48.58,90.48,46.28
10,48.58,90.28,45.65
8,49.47,90.48,46.28
9,49.47,90.28,45.65
2,45.57,86.06,41.27
2,45.09,85.66,40.87
2,45.49,85.18,41.27
2,50.79,79.84,48.77
2,49.91,79.91,49.4
2,50.79,79.84,49.4
2,50.31,79.43,49.84
2,50.59,81.66,53.2
2,50.46,81.66,52.69
2,50.3,84.32,51.27
2,42.56,112.94,55.02
2,42.11,127.62,52.83
2,43.06,128.42,54.08
2,42.91,126.66,54.08
2,42.11,127.62,54.08
3,41.95,125.86,52.83
2,43.52,99.17,54.92
2,43.53,105.77,55.06
3,43.36,105.38,54.94
2,43.45,104.89,55.82
2,43.65,104.89,55.86
2,43.51,104.06,55.96
2,43.49,103.5,55.82
3,42.6,124.91,51.58
4,42.9,123.98,51.64
3,43.09,123.14,51.4
2,42.61,124.94,50.34
3,42.87,124,50.65
3,43.05,123.24,50.29
3,42.5,123.14,49.09
3,41.84,124.1,49.1
3,41.95,125.86,51.58
2,41.95,125.86,50.33
2,40.19,126.01,49.08
2,40.99,125.06,49.08
2,41.15,126.82,51.58
2,41.15,126.82,50.33
4,42.86,122.23,51.59
4,43.08,121.36,51.36
4,42.8,122.21,50.33
5,43.05,121.36,50.32
5,43.09,120.27,51.42
5,43.05,120.25,50.32
5,42.39,121.4,49.1
5,42.76,120.37,49.08
6,43.06,118.67,50.3
6,42.69,118.69,49.08
5,43.11,118.65,51.43
3,43.22,120.35,52.7
3,43.09,118.66,52.78
2,43.1,118.66,54.08
2,43.07,117.04,54.08
2,43.71,123.87,54
3,42.68,123.17,52.78
2,43.37,122.09,53.91
2,43.2,120.4,53.99
4,42.61,121.29,52.73
2,42.76,124.9,54.08
3,41.8,124.15,52.8
6,43.62,106.47,50.67
3,43.9,106.79,50.81
6,43.68,106.79,50.7
4,43.77,106.61,50.74
7,43.62,106.71,50.82
7,43.63,106.63,50.71
2,44.01,107.49,51.27
7,43.61,106.61,50.87
6,43.68,106.92,50.81
4,43.73,108.32,51.89
5,43.72,107.51,51.24
2,43.73,107.52,52.54
5,43.53,107.54,51.9
3,43.53,106.71,52.61
7,43.51,106.82,51.21
7,43.42,105.29,51.24
7,43.44,105.77,51.24
3,43.78,106.42,50.73
5,43.6,106.29,50.62
6,43.6,106.31,50.64
7,43.59,106.44,50.83
8,43.49,106.4,51.09
8,43.49,106.39,50.77
2,43.59,106.21,50.59
6,43.44,106.24,50.52
4,43.25,109.33,54.37
4,43.25,109.33,53.77
6,43.25,109.32,52.55
5,43.25,109.34,53.16
3,43.25,108.89,55.66
2,43.06,109.33,55.66
3,43.25,108.9,55.02
3,43.07,109.34,55.01
3,43.25,108.44,55.65
3,43.25,108.44,55.02
2,43.25,108.92,56.91
2,43.25,108.9,56.29
2,43.05,109.33,56.29
2,43.25,108.44,56.91
2,43.25,108.44,56.28
2,43.88,105.72,55.69
2,43.39,106.32,55.55
2,43.67,106.51,55.45
2,43.53,105.75,55.7
2,43.38,106.17,55.82
2,43.36,105.38,55.82
3,43.25,107.55,55.66
2,43.27,106.42,55.62
2,43.27,106.36,56
3,43.25,107.55,55.01
3,43.37,106.06,55.06
3,43.3,105.95,54.94
3,43.27,106.4,55.04
3,43.39,106.19,55.19
2,43.25,107.53,56.9
2,43.25,107.54,56.28
2,43.26,106.35,56.24
7,43.33,111.82,51.88
7,43.5,111.69,51.88
6,43.31,111.69,52.32
8,43.31,111.69,51.44
7,43.08,112.5,51.89
7,43.27,111.99,51.87
7,43.06,112.5,51.25
8,43.26,111.78,51.16
8,43.05,112.47,50.02
8,43.25,111.59,50.01
8,43.05,112.48,50.63
8,43.25,111.65,50.58
5,43.68,111.38,51.88
7,43.35,111.15,51.56
8,43.3,110.65,51.44
6,43.35,111.15,52.2
5,43.3,110.65,52.32
9,43.27,110.69,51.16
8,43.14,111.13,51.26
9,43.27,110.15,51.16
5,43.68,110.6,51.91
8,43.33,110.28,51.56
5,43.33,110.28,52.2
6,43.39,110.05,51.88
8,43.27,109.86,51.88
9,43.26,110.7,50.56
8,43.1,111.13,50.72
9,43.26,110.22,50.69
9,43.25,110.7,50.01
6,42.83,113.3,51.9
7,42.83,113.3,51.27
7,42.83,113.3,50.02
7,42.83,113.3,50.64
4,43.08,117.04,52.79
5,43.11,116.92,51.4
6,43.07,115.64,51.23
6,42.89,115.13,51.28
5,42.97,116.05,51.9
6,43.08,115.52,51.86
6,42.89,115.13,51.88
6,42.69,114.7,51.27
6,42.64,113.82,51.27
6,42.69,114.7,51.89
6,42.64,113.82,51.9
6,43.05,115.62,50.62
6,42.88,115.12,50.65
7,43.05,115.63,50
6,43.06,116.88,50.29
6,42.69,114.7,50.65
7,42.64,113.82,50.65
3,42.83,112.47,54.4
4,42.8,112.47,53.77
3,43.08,111.58,54.36
4,43.05,111.58,53.77
5,42.81,112.47,53.14
6,42.83,112.47,52.52
5,43.05,111.58,53.16
6,43.1,111.64,52.56
3,43.08,110.75,54.34
4,43.26,109.82,54.29
3,43.11,110.21,54.46
4,43.05,110.69,53.77
4,43.25,109.89,53.77
5,43.06,110.73,53.17
6,42.99,111.13,52.33
6,43.1,110.74,52.58
6,43.26,109.75,52.63
6,43.11,110.21,52.52
5,43.25,109.86,53.21
5,43.06,110.25,53.06
2,42.19,113.42,54.4
3,42.19,113.42,53.77
2,42.56,112.94,54.4
3,42.56,112.94,53.77
4,42.19,113.42,53.15
5,42.19,113.42,52.52
4,42.56,112.94,53.15
5,42.56,112.94,52.52
2,42.6,116.61,54.08
3,42.75,115.59,53.77
2,42.75,115.59,54.39
3,42.35,115.18,53.77
3,42.27,114.3,53.77
2,42.35,115.18,54.4
2,42.27,114.3,54.4
4,42.6,116.62,52.81
5,42.75,115.59,52.52
4,42.75,115.59,53.14
4,42.35,115.18,52.52
5,42.27,114.3,52.52
4,42.35,115.18,53.15
4,42.27,114.3,53.15
2,42.54,112.06,55.02
2,43.02,111.43,55.46
2,42.84,111.52,54.93
2,42.85,111.74,55.16
2,43.03,111.44,55.25
2,43.07,109.83,56.34
2,42.78,110.7,55.66
3,42.79,110.7,55.01
2,42.96,110.24,55.76
2,42.97,110.13,55.48
2,43.1,109.74,55.67
3,42.98,110.11,55.22
3,42.98,110.24,54.93
3,43.12,109.74,55.04
7,43.49,105.81,51.31
6,43.53,105.04,51.17
4,43.49,105.65,51.38
5,43.49,105.08,51.27
3,43.52,105.83,52.65
8,43.34,105.05,51.23
7,43.42,104.89,51.16
7,43.4,104.71,51.11
2,43.49,105.01,51.36
3,40.84,123.3,47.83
4,41.64,122.34,47.83
2,39.23,125.21,47.83
3,40.04,124.25,47.83
5,41.49,120.58,47.83
6,42.21,119.62,47.83
10,43.25,109.34,48.77
10,43.25,109.34,49.39
11,43.25,109.34,48.15
9,42.8,112.47,48.77
8,42.8,112.47,49.4
9,43.05,111.58,48.77
9,43.05,111.58,49.39
10,42.8,112.47,48.15
10,43.05,111.58,48.15
10,42.8,112.47,47.52
11,43.25,109.9,48.15
11,43.05,112.45,46.27
12,43.25,111.57,46.27
11,43.05,112.46,46.9
11,43.25,111.58,46.9
11,43.05,111.58,47.52
11,43.25,110.7,47.52
11,43.05,110.7,48.15
12,43.25,109.34,47.52
10,43.05,110.7,48.77
10,43.25,109.9,48.77
9,43.05,110.7,49.39
9,43.25,109.9,49.39
7,43.05,115.23,49.08
8,42.86,114.23,48.77
8,43.05,113.81,48.77
8,42.83,113.3,48.77
8,42.86,114.23,49.4
8,43.05,113.81,49.39
8,42.83,113.3,49.39
7,42.7,114.73,50.02
7,42.64,113.82,50.02
8,43.05,115.23,47.83
9,42.86,114.23,47.52
9,43.05,113.81,47.52
10,42.83,113.3,47.52
9,42.86,114.23,48.15
9,43.05,113.81,48.14
9,42.83,113.3,48.14
9,42.56,112.94,48.77
8,42.56,112.94,49.4
10,42.56,112.94,47.52
9,42.56,112.94,48.15
7,42.11,117.86,47.83
7,42.64,116.93,49.08
7,42.64,116.92,47.83
3,39.88,122.49,46.58
4,40.69,121.53,46.58
2,39.88,122.49,45.33
2,38.92,121.69,44.08
3,40.25,121.57,45.65
4,40.65,121.09,45.65
3,40.25,121.57,45.02
3,40.65,121.09,45.02
3,39.77,121.17,44.4
5,40.57,120.21,45.65
3,40.17,120.69,44.4
4,40.57,120.21,45.02
3,39.29,120.77,44.4
3,39.29,120.77,43.77
4,39.69,120.29,44.4
3,39.69,120.29,43.77
3,39.08,123.45,46.58
2,39.08,123.45,45.33
2,38.28,124.41,46.58
5,40.09,119.81,45.65
5,40.09,119.81,45.02
6,40.49,119.33,45.65
5,40.49,119.33,45.02
5,40.53,119.77,46.58
5,39.57,118.97,44.08
6,41.3,118.38,45.65
6,40.9,118.85,45.65
6,40.42,118.45,44.4
6,40.9,118.85,45.02
6,40.82,117.97,44.4
6,41.3,118.38,45.02
6,39.94,118.05,44.4
6,39.94,118.05,43.77
6,40.34,117.57,44.4
6,40.34,117.57,43.77
6,41.34,118.82,46.58
15,43.25,108.45,46.27
14,43.25,108.45,46.9
16,43.25,108.45,45.65
16,43.25,108.45,45.02
16,43.25,107.52,46.27
15,43.25,107.53,46.89
17,43.25,107.52,45.65
17,43.25,107.52,45.02
11,42.8,112.47,45.65
11,42.51,112.06,44.4
11,42.8,112.47,45.02
12,42.78,111.59,44.4
13,43.25,109.9,44.39
13,43.05,109.9,43.77
12,42.71,109.8,43.15
12,43.05,111.57,45.65
13,43.25,110.7,45.65
12,43.05,111.57,45.02
13,43.25,110.7,45.02
12,42.75,110.71,43.77
12,43.05,110.7,44.39
15,43.25,109.34,45.65
15,43.25,109.34,45.02
14,43.05,109.34,44.39
15,43.25,108.93,45.65
15,43.25,108.93,45.02
10,41.79,113.9,45.02
9,42.57,115.12,46.58
10,42.64,113.82,46.9
10,42.27,114.3,45.65
10,42.64,113.82,46.27
9,41.87,114.78,45.65
10,41.79,113.9,45.65
10,42.19,113.42,45.65
10,42.19,113.42,45.02
11,41.72,113.02,44.4
11,42.56,112.94,45.65
11,42.12,112.54,44.4
11,42.56,112.94,45.02
10,42.19,113.42,46.27
10,42.19,113.42,46.9
11,42.56,112.94,46.27
10,42.56,112.94,46.9
10,41.31,113.49,44.4
10,41.31,113.49,43.77
11,41.24,112.61,43.77
11,41.64,112.13,43.77
7,41.18,117.05,46.58
7,41.18,117.05,45.33
8,42,116.1,46.58
9,41.47,115.26,45.65
8,41.07,115.73,45.65
8,41.07,115.73,45.02
9,41.39,114.37,45.65
9,41.47,115.26,45.02
9,41.39,114.37,45.02
6,39.43,117.21,42.8
3,38.77,119.93,42.81
5,38.62,118.17,42.82
2,38.64,119.96,41.57
2,38.12,122.65,44.08
3,37.97,120.89,42.82
2,37.96,120.88,41.58
4,38.62,118.17,41.58
4,39.41,117.21,41.55
7,40.22,116.25,44.08
7,39.78,116.29,43.15
6,39.78,116.3,42.5
7,40.19,115.81,43.15
6,39.7,115.42,42.11
6,40.19,115.81,42.52
8,40.59,115.33,44.4
8,40.59,115.33,43.77
10,40.91,113.97,44.4
9,40.99,114.85,44.4
9,40.91,113.97,43.77
9,40.99,114.85,43.77
8,40.11,114.93,43.15
7,40.11,114.93,42.52
8,40.51,114.45,42.52
8,40.51,114.45,43.15
7,39.7,114.52,42.1
7,40.09,114.06,42.05
8,40.43,113.57,42.52
9,40.43,113.57,43.15
9,40.83,113.09,43.15
9,40.83,113.09,42.52
7,40.48,113.58,41.99
8,40.79,112.21,41.98
8,40.86,113.1,41.94
5,39.55,115.42,41.5
6,39.62,114.53,41.48
6,40.04,114.05,41.4
7,40.76,112.21,41.29
6,40.44,113.57,41.32
6,40.83,113.09,41.23
15,43.05,108.93,44.39
14,42.86,109.35,43.77
14,43.05,108.93,43.77
16,43.25,108.04,44.4
16,43.05,108.45,44.4
15,43.25,108.04,43.77
15,43.05,108.45,43.77
11,42.65,108.94,42.52
13,42.65,108.94,43.15
9,42.83,108.46,41.9
7,43.05,108.04,41.89
9,42.61,108.06,41.28
9,42.37,107.64,40.94
14,42.83,108.46,43.15
14,43.05,108.04,43.15
12,42.83,108.46,42.52
12,43.05,108.04,42.52
10,42.81,107.56,41.89
10,42.55,107.18,41.27
10,42.3,106.76,40.94
13,42.81,107.56,42.52
9,43.09,106.81,41.9
10,42.84,106.68,41.26
14,43.06,106.75,42.55
12,43.03,106.2,42.07
11,43.02,106.26,41.8
7,43.31,106.07,41.77
13,43.16,105.85,42.15
6,43.55,105.05,41.76
8,43.34,105.34,42.02
4,43.62,105.77,41.75
10,43.08,105.81,41.72
8,43.34,105.36,41.52
10,43.14,104.93,41.11
11,43,105.34,41.31
10,42.79,104.94,40.79
15,42.81,107.55,43.15
17,43.05,107.52,44.4
18,43.25,106.69,44.4
16,43.05,107.52,43.77
17,43.25,106.7,43.77
16,43.05,106.7,43.15
19,43.25,105.82,43.78
11,42.46,111.18,43.77
11,42.04,111.66,43.77
10,42.04,111.66,43.15
9,42.04,111.66,42.52
10,42.46,111.18,43.15
11,42.41,110.29,43.15
9,42.46,111.18,42.52
10,42.41,110.3,42.52
8,41.56,111.26,41.89
8,41.96,110.78,41.9
8,41.31,110.84,41.53
7,42,110.78,41.34
9,41.89,109.9,41.9
8,41.92,109.9,41.35
10,40.76,112.21,43.15
9,40.76,112.21,42.52
9,40.32,111.79,42.06
11,41.16,111.73,43.15
9,40.71,111.33,41.97
10,41.16,111.73,42.52
9,42.29,109.42,41.9
13,42.29,109.42,43.15
10,42.21,108.54,41.9
11,42.29,109.42,42.52
9,42.35,107.65,40.75
9,42.26,106.77,40.76
10,42.57,106.33,40.84
8,42.76,106.71,40.59
9,42.68,105.84,40.63
10,42.62,104.96,40.66
11,42.81,105.82,41.26
10,42.58,105.4,40.83
7,42,110.78,40.85
7,41.93,109.9,40.87
7,41.28,110.85,41.11
7,42.21,109.43,40.78
8,42.14,108.55,40.82
9,41.86,109.02,41.38
10,41.18,109.08,41.58
10,41.81,108.14,41.4
8,40.29,111.81,41.4
8,40.7,111.33,41.28
20,43.25,105.81,44.4
20,43.25,105.01,43.78
14,42.98,106.25,42.34
16,43.08,105.84,42.59
17,43.05,105.82,43.16
19,43.25,105.01,43.17
17,43.26,104.96,42.7
16,43.12,105.28,42.47
21,43.25,104.46,43.77
8,43.39,104.85,41.77
13,43.27,104.54,41.69
14,43.18,105.26,42.14
13,43.26,104.41,42.01
10,43.25,104.02,41.25
11,43.12,104.49,41.25
10,42.93,104.48,40.77
9,43.09,104.04,40.68
19,43.25,104.46,43.16
17,43.26,104.47,42.55
8,43.26,103.54,40.58
9,42.84,104.06,40.38
28,42.81,95.66,40.36
25,43.03,96.93,40.36
27,42.99,96.08,40.37
2,37.8,119.12,40.59
3,37.65,117.36,40.59
3,38.46,116.4,40.59
3,38.97,115.48,40.58
4,39.45,113.7,40.57
5,39.13,112.78,40.58
4,39.93,112.73,40.55
7,42.15,107.67,40.39
8,42.04,106.79,40.39
8,42.61,106.3,40.37
8,42.67,105.41,40.37
8,42.61,104.53,40.38
5,41.04,110.87,40.48
6,41.63,110.38,40.42
6,41.55,109.49,40.43
7,41.21,109.09,40.46
7,41.98,109.01,40.39
7,41.85,108.14,40.41
7,41.46,107.72,40.44
7,40.89,109.12,40.49
5,39.89,111,40.56
16,43.25,94.71,41.87
17,43.25,95.24,41.16
25,43.05,95.25,40.67
14,43.25,94.32,41.2
15,43.05,94.71,41.23
26,42.88,94.72,40.79
26,43.06,94.31,40.68
22,43.25,97.76,40.5
17,43.25,96.93,41.13
17,43.25,96.05,41.15
24,43.25,97.38,40.43
22,43.05,96.92,40.67
24,43.05,96.07,40.68
10,43.25,93.83,41.22
26,43.08,93.8,40.68
29,45.92,90.48,43.13
25,46.34,90.28,42.51
29,45.92,90.48,42.49
24,45.93,90.11,41.9
18,45.88,89.58,41.9
26,45.93,90.28,41.87
29,45.37,90.48,41.84
2,43.51,86.82,40.61
2,44.69,86.14,40.87
2,44.21,86.57,40.64
2,43.78,86.94,40.44
31,44.47,90.48,41.14
27,45.39,90.28,41.2
23,45.48,89.97,41.27
14,45.4,89.18,41.27
4,45.24,87.42,41.27
2,45.17,86.54,41.27
3,44.76,87.02,40.86
4,44.35,87.47,40.63
5,44.84,87.9,40.87
11,44.92,88.78,40.87
22,44.99,89.68,40.87
30,44.5,90.3,40.76
32,43.73,90.49,40.62
34,43.51,90.43,40.61
10,44.45,88.38,40.65
22,44.52,89.3,40.66
29,44.52,90.12,40.64
32,43.69,90.35,40.44
27,42.66,95.2,40.66
29,42.6,94.31,40.69
30,42.71,94.76,40.38
31,43.07,93.81,40.37
28,43.26,93.42,40.59
32,42.6,93.88,40.38
29,43.27,92.92,40.57
11,43.96,87.91,40.45
24,44.11,88.9,40.46
31,44.06,89.92,40.45
18,44.4,90.48,45.66
26,46.32,90.48,44.39
23,47.23,90.48,44.39
19,46.83,90.28,44.39
15,47.79,90.28,44.39
24,47.23,90.48,43.76
17,47.79,90.28,43.77
28,46.33,90.48,43.76
22,46.83,90.28,43.77
8,48.58,90.04,44.4
8,47.16,89.03,41.9
10,47.64,89.43,42.52
11,48.11,89.79,43.15
10,48.58,90.04,43.77
26,46.34,90.28,43.14
21,46.82,90.09,43.15
22,47.24,90.28,43.14
16,47.75,90.06,43.15
21,46.35,89.93,42.52
14,46.76,89.51,41.9
17,47.23,89.88,42.52
6,45.32,88.3,41.27
5,46.2,88.22,41.27
6,46.68,88.63,41.9
8,45.8,88.7,41.27
11,46.28,89.1,41.9
4,45.72,87.82,41.27
28,45.91,90.48,44.39
27,45.34,90.48,45.02
29,45.91,90.48,43.76
2,50.11,82,51.89
3,50,81.66,51.95
2,50.1,81.98,51.24
3,49.99,81.65,51.31
2,49.91,79.91,49.84
3,49.99,80.81,49.87
4,50.06,81.48,50.11
3,50.03,81.79,50.83
3,50,81.79,50.54
3,50.23,81.7,50.32
4,50.03,81.7,50.22
3,49.97,80.76,50.13
3,50.02,81.4,50.2
4,49.82,81.61,50.19
2,49.5,80.37,50.1
4,49.59,81.66,50.77
4,49.91,81.64,50.41
4,49.57,81.6,50.33
3,49.54,81.13,50.31
2,49.09,80.78,50.3
3,50.3,84.32,50.65
2,49.51,80.39,49.4
2,49.91,79.91,48.77
2,50.31,79.43,48.15
2,49.91,79.91,46.9
2,50.79,79.84,47.52
3,49.99,80.79,49.4
2,50.39,80.32,48.77
2,50.79,79.84,48.15
4,49.66,82.2,50.64
4,50.08,81.93,50.19
4,49.85,81.7,50.07
4,50.08,81.89,49.86
4,49.84,81.69,49.86
4,50.07,81.45,49.9
3,50.3,81.63,49.89
3,50.47,81.2,49.4
2,53.9,90.28,47.84
2,53.83,88.93,47.83
2,53.88,89.88,47.83
2,53.35,88.39,47.84
2,50.09,85.22,50.51
2,50.22,85.22,49.97
2,51.27,80.24,47.52
2,51.82,81.52,49.4
2,51.35,81.12,49.4
2,51.75,80.64,48.77
2,50.87,80.72,48.77
2,51.27,80.24,48.15
2,51.02,82.48,50.02
2,51.42,82,49.4
2,50.54,82.07,50.02
3,50.94,81.6,49.4
2,50.22,83.44,50.65
3,50.62,82.96,50.02
3,49.74,83.03,50.65
4,50.14,82.56,50.02
2,51.98,83.28,49.4
2,51.5,82.88,49.4
2,51.9,82.4,48.77
2,51.65,84.61,49.4
2,51.18,84.24,50.02
2,51.58,83.76,49.4
3,50.7,83.84,50.02
3,51.1,83.36,49.4
2,51.28,84.95,48.74
2,50.97,85.14,48.68
2,51.27,84.83,49.46
2,50.52,85.16,49.27
3,50.85,84.99,49.34
2,50.38,84.92,50.53
3,50.44,85.05,49.96
3,50.77,84.69,50.03
2,47.37,86.35,40.66
2,46.53,86.86,40.87
2,46.05,86.46,41.27
2,46.45,85.98,40.87
3,47,87.27,40.87
4,52.64,90.07,45.66
6,51.25,89.94,44.4
5,51.64,89.52,44.4
6,51.15,90.28,45.33
4,51.7,90.09,45.65
5,51.7,90.09,45.02
3,52.11,89.89,45.65
5,52.11,89.89,45.02
4,50.34,89.99,45.65
6,50.34,89.99,45.02
3,47.48,87.67,41.27
3,49.24,87.51,41.27
2,48.33,87.25,40.85
4,47.96,88.07,41.27
3,48.84,87.99,41.27
2,49.24,87.51,41.9
3,48.84,87.99,41.9
5,49.88,89.69,44.4
5,50.76,89.64,44.4
5,50.28,89.2,43.15
6,49.88,89.69,43.77
6,50.76,89.64,43.77
4,51.16,89.12,44.4
4,50.68,88.72,43.15
5,51.16,89.12,43.77
3,49.72,87.92,42.52
3,50.2,88.32,43.15
3,49.32,88.39,42.52
4,49.8,88.8,43.15
2,47.22,84.59,40.66
2,45.97,85.58,41.27
2,46.37,85.1,40.87
2,46.85,85.5,40.87
2,45.97,85.58,41.9
2,45.89,84.7,41.9
2,52.76,87.67,46.58
3,52.96,89.37,46.58
2,50.48,85.39,45.25
2,51.22,85.58,45.31
2,51.85,86.76,45.33
3,52,88.6,45.33
2,50.35,85.53,44.05
2,50.87,86.13,44.08
3,51.04,87.8,44.08
3,50.09,87,42.83
2,50.06,85.83,42.85
2,49.12,86.18,41.53
2,48.47,85.36,40.65
2,47.73,85.43,40.82
2,50.39,80.32,46.9
2,50.87,80.72,46.9
2,50.32,85.27,45.26
2,50.18,85.27,44.05
2,47.86,83.49,40.84
2,49.68,85.25,42.83
2,48.96,84.44,41.5
4,46.6,87.74,41.27
3,45.64,86.94,41.9
3,46.12,87.34,41.27
3,46.05,86.46,41.9
14,47.78,90.48,46.29
9,45.88,90.48,46.29
13,46.81,90.48,46.29
5,46.81,90.48,46.93
8,47.78,90.48,46.93
5,45.31,90.48,46.29
25,46.32,90.48,45.02
21,45.92,90.28,45.02
19,47.23,90.48,45.65
11,47.78,90.28,45.65
21,46.31,90.48,45.65
15,45.92,90.28,45.65
14,46.83,90.28,45.65
21,47.23,90.48,45.02
17,46.83,90.28,45.02
13,47.79,90.28,45.02
14,45.38,90.28,45.65
4,47.08,88.15,41.9
3,47.48,87.67,41.9
3,47.96,88.07,41.9
3,48.44,88.47,42.52
4,48.92,88.87,43.15
4,49.4,89.27,43.77
5,47.56,88.55,41.9
5,48.04,88.95,42.52
6,48.52,89.35,43.15
7,48.99,89.74,43.77
4,49.4,89.27,44.4
6,48.99,89.74,44.4
7,48.58,90.04,45.02
7,49.46,90.01,45.02
2,48.58,90.28,46.9
7,48.58,90.04,45.65
9,48.58,90.28,46.27
6,49.46,90.01,45.65
6,49.47,90.28,46.27
2,45.57,86.06,41.9
2,45.09,85.66,41.27
2,45.49,85.18,41.9
2,50.31,79.43,48.77
2,50.31,79.43,49.4
2,50.09,82.03,53.15
2,50.05,81.66,53.18
2,50.1,82.02,52.5
3,50.01,81.66,52.59
3,49.82,83.91,51.27
2,50.3,84.32,51.9
3,49.89,84.79,51.27
2,50.09,82.03,53.77
2,50.08,81.66,53.78
2,43.25,104.46,58.15
2,43.25,104.46,57.53
2,43.25,97.75,58.77
2,42.12,112.54,55.02
2,41.15,126.82,52.83
2,43.87,127.47,55.33
2,43.06,128.42,55.33
2,42.11,127.62,55.33
2,42.91,126.66,55.33
2,41.95,125.86,54.08
2,41.15,126.82,54.08
2,40.19,126.01,52.83
3,40.99,125.06,52.83
4,43.51,98.88,55.09
3,43.51,98.88,55.6
2,43.25,105.38,56.84
2,43.26,105.39,56.36
2,43.27,105.38,55.96
2,43.29,104.93,55.82
3,43.27,105.37,54.76
2,43.62,105.72,55.24
3,43.33,105.35,55.06
3,43.29,104.93,54.94
2,43.25,104.45,56.92
2,43.26,104.42,56.35
2,43.51,104.88,55.7
2,43.35,104.47,55.82
3,43.34,104.46,54.94
2,43.51,104.86,55.06
2,43.64,104.06,55.85
2,43.42,103.97,55.82
2,43.42,103,55.82
2,43.28,104.39,55.95
3,43.27,104.39,54.77
2,43.25,99.59,57.52
2,43.25,98.69,57.53
2,43.25,98.69,58.15
2,43.25,97.75,58.15
4,41.8,124.1,51.58
4,42.51,123.15,51.59
4,41.84,124.1,50.32
4,42.49,123.14,50.34
4,41.64,122.34,49.08
4,40.84,123.3,49.08
2,40.19,126.01,51.58
2,40.19,126.01,50.33
3,40.99,125.06,51.58
3,40.99,125.06,50.33
2,39.23,125.21,49.08
3,40.04,124.25,49.08
2,38.43,126.17,49.08
4,42.45,121.39,51.63
5,42.38,121.38,50.33
5,42.82,120.36,51.56
5,42.75,120.34,50.34
5,41.49,120.58,49.08
6,42.21,119.62,49.08
6,42.7,118.69,50.34
6,42.11,117.86,49.08
5,42.74,118.68,51.55
2,41.49,120.56,52.87
2,42.26,119.66,54.05
3,42.27,119.64,52.83
3,42.15,117.86,52.81
2,42.14,117.86,54.08
2,42.62,123.09,53.96
3,41.63,122.35,52.84
2,42.53,121.33,53.98
2,41.8,124.13,54.08
2,40.84,123.31,52.82
9,43.25,109.28,51.23
8,43.25,109.28,51.89
10,43.25,109.32,50.62
10,43.25,109.33,50.01
2,44.01,107.49,51.9
3,43.86,106.82,50.89
5,43.73,106.61,50.87
3,43.8,106.39,50.85
7,43.49,106.4,51.3
7,43.49,106.41,51.42
7,43.49,106.23,51.33
4,43.73,107.51,51.89
2,43.71,106.65,52.54
6,43.66,106.78,51.26
5,43.51,106.73,51.94
6,43.49,106.37,51.58
8,43.29,106.4,51.07
8,43.35,105.56,51.24
4,43.44,105.81,50.52
2,43.57,106,50.62
7,43.45,105.31,51.17
6,43.42,105.28,50.52
8,43.38,106.13,51.25
7,43.48,105.76,51.17
4,43.69,106.22,50.84
7,43.58,106.32,51.08
7,43.59,106.3,50.81
8,43.39,106.33,51.12
9,43.43,106.33,50.76
7,43.5,106.15,50.62
10,43.36,106.08,50.52
9,43.31,105.32,51.24
5,43.41,104.71,50.76
10,43.34,105.02,50.52
4,43.25,108.92,54.39
3,43.07,109.35,54.39
4,43.25,108.93,53.77
4,43.05,109.34,53.77
4,43.25,108.44,54.39
4,43.25,108.45,53.77
6,43.25,108.91,52.53
6,43.07,109.35,52.53
5,43.25,108.93,53.15
5,43.06,109.35,53.15
5,43.25,108.45,53.15
6,43.25,108.44,52.52
4,43.25,107.54,54.38
4,43.25,107.53,53.77
5,43.25,107.53,53.15
6,43.25,107.54,52.53
5,43.27,106.37,52.53
2,42.88,109.37,55.65
2,43.05,108.92,55.65
3,42.89,109.38,55
3,43.05,108.92,55.02
3,43.25,108.04,55.65
2,43.05,108.44,55.65
3,43.25,108.04,55.02
3,43.05,108.45,55.02
2,42.87,109.36,56.26
2,43.05,108.92,56.28
2,43.25,108.04,56.9
2,43.05,108.45,56.9
2,43.25,108.04,56.27
2,43.05,108.44,56.27
2,43.39,106.18,55.51
2,43.64,105.72,55.47
2,43.36,106.06,55.7
2,43.3,105.95,55.82
2,43.33,105.35,55.7
2,43.05,107.53,55.65
2,43.26,106.86,55.67
2,43.13,106.32,55.59
2,43.27,105.98,55.96
2,43.13,106.26,55.91
3,43.05,107.53,55.02
3,43.25,106.83,54.97
3,43.36,106,55.23
3,43.2,105.87,55.06
4,43.27,106,54.74
3,43.12,106.3,55.08
2,43.25,105.87,56.94
2,43.05,107.53,56.28
2,43.25,106.78,56.34
2,43.26,105.94,56.39
2,43.09,106.29,56.18
6,42.83,112.47,51.89
7,42.82,112.47,51.27
6,43.22,111.58,52.2
7,43.26,111.69,51.88
7,43.22,111.58,51.56
7,43.13,111.89,51.88
8,43.11,111.72,51.24
8,42.8,112.47,50.02
7,42.81,112.47,50.65
8,43.05,111.58,50.01
8,43.07,111.63,50.61
7,43.3,111.13,51.88
8,43.2,110.67,51.56
6,43.2,110.67,52.2
8,43,111.13,51.31
8,43.14,110.7,51.24
9,43.25,109.67,51.17
8,43.13,110.2,51.25
8,43.26,109.64,51.87
7,43.27,110.32,51.88
8,43.14,109.97,51.88
8,42.97,111.13,50.8
9,43.08,110.7,50.58
10,43.25,109.81,50.58
9,43.09,110.24,50.72
9,43.05,110.7,50.02
9,43.25,109.89,50.01
5,42.19,113.42,51.9
6,42.19,113.42,51.27
6,42.56,112.94,51.9
7,42.56,112.94,51.27
7,42.19,113.42,50.02
6,42.19,113.42,50.65
7,42.56,112.94,50.02
7,42.56,112.94,50.65
5,42.69,116.9,51.56
6,42.76,115.59,51.28
5,42.76,115.59,51.89
6,42.35,115.18,51.27
6,42.27,114.3,51.27
5,42.35,115.18,51.9
5,42.27,114.3,51.9
6,42.65,116.93,50.34
6,42.74,115.57,50.65
7,42.74,115.57,50.02
6,42.35,115.18,50.02
6,42.35,115.18,50.65
6,42.27,114.3,50.65
3,42.53,112.06,54.4
4,42.51,112.06,53.77
3,42.81,111.59,54.4
4,42.78,111.59,53.77
5,42.52,112.06,53.14
5,42.53,112.06,52.52
5,42.79,111.59,53.14
6,42.83,111.57,52.49
3,42.78,110.69,54.41
4,42.75,110.71,53.77
3,42.97,110.23,54.55
4,43.08,109.84,54.32
4,43.05,109.89,53.77
5,42.76,110.69,53.14
6,42.79,110.69,52.5
6,43.09,109.8,52.57
6,42.95,110.25,52.44
5,42.91,110.26,52.99
5,43.06,109.88,53.18
2,41.79,113.9,54.4
2,41.79,113.9,53.77
3,41.79,113.9,53.15
4,41.79,113.9,52.52
2,41.72,113.02,54.4
2,41.72,113.02,53.77
2,42.12,112.54,54.4
3,42.12,112.54,53.77
3,41.72,113.02,53.15
4,41.72,113.02,52.52
4,42.12,112.54,53.15
5,42.12,112.54,52.52
2,41.98,116.1,54.08
2,41.87,114.78,53.77
2,41.39,114.37,53.77
3,41.98,116.1,52.83
4,41.87,114.78,52.52
3,41.87,114.78,53.15
3,41.39,114.37,52.52
3,41.39,114.37,53.15
2,42.04,111.66,55.02
2,42.46,111.18,55.01
2,42.72,109.82,56.26
2,42.36,110.3,55.65
2,42.36,110.3,55.02
2,42.73,109.82,55.65
3,42.74,109.82,55.02
12,43.28,105.05,50.41
6,43.44,105.79,51.42
5,43.57,105.79,51.28
3,43.62,105.08,51.03
3,43.57,105.64,51.42
4,43.49,105.32,51.36
4,43.57,105.11,51.22
2,43.68,105.79,52.55
5,43.46,105.84,52.32
11,43.29,105.08,51.36
11,43.29,104.99,51.27
9,43.3,105.09,51.16
7,43.43,104.93,51.04
12,43.3,104.72,51.06
7,43.41,104.8,51.06
12,43.29,104.69,51.06
11,43.29,104.73,51.26
12,43.28,104.56,50.75
13,43.27,104.58,50.43
12,43.29,104.56,51.1
4,43.45,104.89,52.32
4,43.42,104.87,51.42
11,43.29,104.64,51.34
2,43.49,103.5,52.32
4,39.88,122.49,47.83
4,40.69,121.53,47.83
2,38.28,124.41,47.83
3,39.08,123.45,47.83
2,37.47,125.36,49.08
2,37.47,125.36,47.83
5,40.53,119.77,47.83
6,41.34,118.82,47.83
10,43.25,108.93,48.77
11,43.05,109.34,48.77
10,43.25,108.93,49.39
10,43.05,109.34,49.39
11,43.25,108.45,49.39
11,43.25,108.45,48.77
13,43.25,108.93,47.52
11,43.25,108.93,48.15
11,43.05,109.34,48.15
13,43.25,108.45,47.52
12,43.25,108.45,48.15
11,43.25,107.53,48.77
11,43.25,107.53,49.39
14,43.25,107.53,47.52
12,43.25,107.53,48.14
9,42.51,112.06,48.77
8,42.51,112.06,49.4
9,42.78,111.59,48.77
9,42.78,111.59,49.4
10,42.51,112.06,48.15
10,42.78,111.59,48.15
11,42.8,112.47,46.27
10,42.51,112.06,47.52
11,42.8,112.47,46.9
11,42.78,111.59,47.52
12,43.25,109.9,47.52
11,43.05,109.9,48.15
12,43.05,111.57,46.27
12,43.25,110.7,46.27
11,43.05,111.58,46.9
12,43.25,110.7,46.9
11,42.75,110.71,48.15
11,43.05,110.7,47.52
14,43.25,109.34,46.27
13,43.25,109.34,46.9
12,43.05,109.34,47.52
15,43.25,108.93,46.27
14,43.25,108.93,46.9
10,42.75,110.71,48.77
9,42.75,110.71,49.4
10,43.05,109.9,48.77
10,43.05,109.9,49.39
7,42.27,114.3,50.02
7,42.57,115.12,49.08
8,42.64,113.82,48.77
8,42.64,113.82,49.4
8,42.19,113.42,48.77
7,42.19,113.42,49.4
8,42.57,115.12,47.83
9,42.64,113.82,47.52
9,42.64,113.82,48.15
9,42.19,113.42,47.52
9,42.19,113.42,48.15
8,42.12,112.54,48.77
8,42.12,112.54,49.4
10,42.12,112.54,47.52
9,42.12,112.54,48.15
6,41.18,117.05,47.83
6,42,116.1,49.08
7,42.01,116.1,47.83
14,43.25,104.46,48.14
14,43.25,104.46,48.76
14,43.25,104.45,49.37
10,42.57,104.07,40.69
26,42.58,95.65,40.68
25,42.71,96.09,40.64
23,42.77,96.94,40.62
3,38.92,121.69,46.58
4,39.73,120.73,46.58
3,38.92,121.69,45.33
3,37.97,120.89,44.08
4,39.73,120.73,45.33
4,38.77,119.93,44.08
3,38.12,122.65,46.58
3,38.12,122.65,45.33
2,37.32,123.6,46.58
2,37.32,123.6,45.33
5,39.57,118.97,45.33
4,39.57,118.97,46.58
5,38.62,118.17,44.08
6,40.38,118.01,45.33
6,39.42,117.21,44.08
6,40.38,118.01,46.58
16,43.25,108.04,46.27
15,43.05,108.45,46.27
15,43.25,108.04,46.9
14,43.05,108.45,46.9
16,43.25,108.04,45.65
15,43.05,108.45,45.65
16,43.25,108.04,45.02
16,43.05,108.45,45.02
16,43.05,107.52,46.27
17,43.25,106.69,46.27
15,43.05,107.53,46.89
16,43.25,106.7,46.9
17,43.05,107.52,45.65
18,43.25,106.69,45.65
17,43.05,107.52,45.02
18,43.25,106.69,45.02
12,42.51,112.06,45.65
12,42.04,111.66,44.4
12,42.51,112.06,45.02
12,42.78,111.59,45.65
12,42.46,111.18,44.4
12,42.78,111.59,45.02
14,43.25,109.9,45.33
13,42.41,110.29,43.77
13,43.05,109.9,44.4
13,42.71,109.8,43.77
13,43.05,110.7,45.65
13,42.75,110.71,44.39
13,43.05,110.7,45.02
14,43.05,109.34,45.65
15,43.05,109.34,45.02
14,42.86,109.35,44.4
15,43.05,108.93,45.65
14,42.29,109.42,43.77
15,43.05,108.93,45.02
10,41.31,113.49,45.02
9,41.83,114.34,46.58
10,41.31,113.49,45.65
10,41.72,113.02,45.65
11,41.24,112.61,44.4
11,41.72,113.02,45.02
11,42.12,112.54,45.65
11,41.64,112.13,44.4
11,42.12,112.54,45.02
10,41.72,113.02,46.27
9,41.72,113.02,46.9
11,42.12,112.54,46.27
10,42.12,112.54,46.9
9,40.43,113.57,44.4
9,40.43,113.57,43.77
10,40.83,113.09,44.4
10,40.83,113.09,43.77
11,40.76,112.21,43.77
11,41.16,111.73,43.77
6,40.22,116.25,46.58
7,40.22,116.25,45.33
8,41.03,115.29,46.58
8,40.99,114.85,45.65
8,40.59,115.33,45.65
8,40.59,115.33,45.02
9,40.91,113.97,45.65
9,40.91,113.97,45.02
9,40.99,114.85,45.02
6,38.46,116.41,42.82
4,37.81,119.12,42.82
5,37.66,117.36,42.82
3,37.81,119.12,41.58
2,36.36,122.8,44.08
2,36.36,122.8,42.82
3,37.16,121.84,44.08
2,37.16,121.84,42.82
3,37.01,120.08,42.82
3,37,120.08,41.58
2,35.56,123.76,44.08
5,37.65,117.36,41.59
5,38.46,116.41,41.59
7,39.27,115.45,44.08
7,39.26,115.44,42.81
8,40.07,114.49,44.08
8,39.63,114.53,43.15
8,39.62,114.53,42.51
8,39.57,113.7,42.13
8,40.03,114.05,42.52
8,40.03,114.05,43.15
9,39.91,112.73,42.83
8,40.11,112.74,42.09
6,38.97,115.48,41.57
7,39.45,113.7,41.53
8,39.13,112.78,41.58
7,39.92,112.73,41.47
15,42.65,108.94,44.4
14,42.65,108.94,43.77
16,42.83,108.46,44.4
16,43.05,108.04,44.4
15,42.83,108.46,43.77
15,43.05,108.04,43.77
12,42.21,108.54,42.52
14,42.21,108.54,43.15
10,42.6,108.06,41.9
10,42.17,107.66,41.31
14,42.6,108.06,43.15
12,42.6,108.06,42.52
12,42.52,107.18,41.89
11,42.09,106.78,41.32
14,42.52,107.18,42.52
11,42.82,106.68,41.89
11,42.47,106.29,41.27
14,42.8,106.69,42.51
13,42.8,105.82,41.92
9,43.27,105.35,41.76
13,43,105.31,42
11,42.52,104.52,40.86
11,42.75,104.94,41.26
16,42.81,107.55,43.77
16,42.52,107.18,43.15
17,42.81,107.55,44.4
18,43.05,106.69,44.4
17,43.05,106.69,43.77
16,42.78,106.71,43.15
19,43.05,105.81,43.77
12,41.96,110.78,43.77
13,41.89,109.9,43.77
12,41.56,111.25,43.77
11,41.56,111.25,43.15
10,41.56,111.25,42.52
11,41.96,110.78,43.15
12,41.89,109.9,43.15
10,41.96,110.78,42.52
11,41.89,109.9,42.52
9,41.1,110.86,41.91
9,41.49,110.37,41.9
8,41.57,110.37,41.45
10,41.42,109.49,41.9
9,41.5,109.5,41.47
10,40.05,111.04,42.08
11,40.28,111.81,43.15
10,40.28,111.81,42.52
11,40.68,111.33,43.15
10,40.68,111.33,42.52
10,41.81,109.01,41.9
11,40.96,109.1,41.94
13,41.81,109.01,43.15
11,41.73,108.14,41.89
11,41.47,107.72,41.5
12,41.81,109.01,42.52
9,42.05,107.67,40.85
10,41.96,106.79,40.85
9,42.43,106.3,40.7
10,42.5,105.4,40.69
10,42.44,104.52,40.72
11,42.39,105.42,41.25
8,40.98,110.87,41.21
7,41.53,110.38,41.01
8,41.46,109.49,41.03
10,41.45,108.65,41.5
9,41.15,109.09,41.15
8,41.85,109.01,40.9
9,41.76,108.14,40.95
10,41.42,107.72,41.08
9,40.84,109.12,41.26
8,39.86,111,41.48
18,43.25,105.81,46.27
17,43.25,105.82,46.9
19,43.25,105.81,45.65
19,43.05,105.81,44.4
20,43.25,105.81,45.02
21,43.25,105.01,44.4
16,43.25,104.46,47.52
22,43.25,104.46,44.4
20,43.05,105.01,43.77
17,42.76,105.83,43.15
15,42.79,105.82,42.5
19,43.05,105.02,43.16
16,42.98,105.3,42.36
17,43.1,104.98,42.66
21,43.25,104.06,43.77
21,43.05,104.46,43.77
22,43.25,103.57,43.77
13,43.15,104.62,41.7
14,43.11,104.47,41.99
13,43.25,104.01,41.9
10,43.25,103.53,41.22
9,43.09,103.54,40.69
10,43.25,102.66,41.18
11,42.94,104.52,41.27
11,43.07,104.04,41.28
10,42.74,104.06,40.81
13,43.25,103.55,41.89
13,43.25,102.63,41.87
20,43.25,104.05,43.15
19,43.05,104.46,43.15
18,43.25,104.02,42.54
17,43.09,104.5,42.52
21,43.25,103.57,43.15
18,43.25,103.56,42.53
22,43.25,102.63,43.14
19,43.25,102.63,42.51
24,43.25,102.63,43.77
19,43.25,99.1,40.48
13,43.25,100.96,40.5
10,43.25,101.83,40.51
10,43.07,102.7,40.68
8,43.25,102.7,40.55
8,43.26,103.15,40.47
9,43.05,103.58,40.37
9,42.55,103.65,40.39
29,42.51,95.67,40.36
24,42.8,97.44,40.38
26,42.75,96.54,40.36
2,36.82,118.31,40.59
2,35.97,119.25,40.58
3,36.67,116.55,40.59
4,37.49,115.6,40.59
4,38.3,114.64,40.58
4,38.85,113.68,40.58
5,38.96,111.92,40.58
8,41.74,107.26,40.41
8,41.66,106.38,40.41
8,42.1,105.9,40.39
8,42.38,105.43,40.37
9,42.3,104.55,40.37
6,40.62,110.01,40.51
7,41.15,107.75,40.47
7,41.45,108.61,40.44
7,40.5,108.69,40.54
6,39.27,110.82,40.58
16,43.25,96.93,41.83
17,43.25,96.05,41.85
33,43.25,94.71,43.14
26,43.25,94.71,42.52
17,43.25,95.24,41.86
14,43.25,94.31,41.88
17,43.05,94.71,41.89
17,43.05,95.24,41.23
26,42.77,95.17,40.8
19,42.88,94.72,41.27
13,43.06,94.31,41.25
28,42.74,94.29,40.82
22,43.25,98.28,40.48
16,43.25,97.75,41.81
17,43.25,97.75,41.1
21,43.05,97.76,40.67
23,43.03,97.81,40.39
18,43.05,96.93,41.22
18,43.05,96.05,41.22
22,43.05,97.38,40.6
22,42.81,96.94,40.8
24,42.8,96.08,40.79
25,42.65,95.65,40.82
33,43.03,92.94,40.35
11,43.25,93.83,41.89
6,43.25,93.44,41.24
10,43.06,93.82,41.25
29,42.88,93.81,40.77
27,43.09,93.41,40.69
14,43.71,90.48,45.65
27,45.93,90.28,43.14
31,45.37,90.48,43.14
3,43.26,93.16,41.35
26,43.25,93.83,42.53
25,45.93,90.11,42.52
19,45.88,89.58,42.52
27,45.93,90.28,42.51
30,45.38,90.48,42.49
7,43.27,92.89,41.1
3,45.17,86.54,41.9
4,45.24,87.42,41.9
24,45.48,89.97,41.9
15,45.4,89.18,41.9
28,45.4,90.28,41.87
32,44.48,90.48,41.85
28,43.12,92.91,40.66
2,44.69,86.14,41.27
2,43.52,86.83,41.14
21,43.42,87.18,40.62
3,43.67,86.94,40.74
2,44.26,86.62,40.86
3,43.89,87.03,40.61
27,43.51,87.48,40.44
33,43.76,90.49,41.15
35,43.51,90.43,41.15
30,44.54,90.29,41.22
23,45,89.68,41.27
11,44.92,88.78,41.27
6,44.84,87.9,41.27
3,44.76,87.02,41.27
5,44.35,87.49,40.85
15,43.97,87.96,40.62
10,44.43,88.38,40.86
21,44.52,89.26,40.87
29,44.56,90.02,40.86
33,43.87,90.32,40.75
34,43.66,90.28,40.74
35,43.43,90.36,40.63
25,44.07,88.87,40.64
31,44.1,89.81,40.63
33,43.82,90.21,40.6
31,43.56,90.17,40.44
29,42.5,94.76,40.71
31,42.41,93.89,40.73
30,42.14,95.25,40.38
31,42.41,94.79,40.37
33,42.8,93.42,40.38
32,42.29,93.91,40.37
32,43.27,92.08,40.56
35,42.71,92.53,40.39
30,43.67,88.42,40.44
34,43.74,89.41,40.45
29,44.43,90.48,45.03
11,44.52,90.28,45.65
21,46.34,90.28,44.39
14,46.82,90.09,44.4
17,47.24,90.28,44.39
10,47.75,90.06,44.4
20,47.24,90.28,43.77
12,47.75,90.06,43.77
24,46.34,90.28,43.77
18,46.82,90.09,43.77
7,48.11,89.79,44.4
8,47.16,89.03,42.52
9,47.64,89.43,43.15
8,48.11,89.79,43.77
21,46.35,89.93,43.15
15,47.23,89.88,43.15
14,46.76,89.51,42.52
7,45.32,88.3,41.9
5,46.2,88.22,41.9
6,46.68,88.63,42.52
8,45.8,88.7,41.9
11,46.28,89.1,42.52
5,45.72,87.82,41.9
30,45.35,90.48,44.4
23,45.93,90.28,44.39
22,45.39,90.28,45.02
31,45.36,90.48,43.77
26,45.93,90.28,43.77
25,45.93,90.11,43.15
19,45.88,89.58,43.15
3,50.07,81.84,51.92
3,49.66,82.21,51.9
4,49.62,81.66,51.93
2,49.74,83.03,51.9
3,50.05,81.82,51.29
2,49.74,83.03,51.27
4,49.67,82.21,51.27
4,49.59,81.66,51.33
5,49.34,83.51,51.27
2,49.51,85.9,50.74
2,49.51,80.39,49.85
4,49.59,81.28,49.88
4,49.62,81.83,50.7
4,49.96,81.76,50.3
4,49.61,81.73,50.19
3,49.56,81.22,50.14
5,49.16,82.02,50.6
2,49.1,80.84,50.11
4,49.11,81.66,50.76
4,49.59,81.64,50.42
4,49.16,81.47,50.32
2,48.69,81.21,50.31
6,49.34,83.51,50.65
4,49.82,83.91,50.65
2,49.94,85.59,50.56
3,49.77,85.52,50.66
4,49.9,84.8,50.64
4,50.3,84.32,50.02
2,49.91,79.91,47.52
2,49.11,80.87,49.4
2,49.51,80.39,48.77
2,49.91,79.91,48.15
2,49.43,79.51,48.15
2,49.43,79.51,47.52
2,49.51,80.39,46.9
2,49.03,79.99,46.9
2,48.15,80.07,46.9
2,50.39,80.32,47.52
4,49.59,81.27,49.4
3,49.99,80.79,48.77
2,50.39,80.32,48.15
6,49.26,82.63,50.65
5,49.67,82.2,50.05
5,49.65,81.94,49.85
4,50.06,81.67,49.4
3,50.47,81.2,48.77
2,52.95,89.36,47.83
2,52.76,87.66,47.83
3,50.09,85.22,50.03
2,50.21,85.2,49.35
2,50.87,80.72,47.52
2,51.82,81.52,48.77
2,51.35,81.12,48.77
2,51.75,80.64,48.15
2,50.87,80.72,48.15
3,51.02,82.48,49.4
3,51.42,82,48.77
4,50.54,82.08,49.4
3,50.94,81.6,48.77
4,50.22,83.44,50.02
4,50.62,82.96,49.4
6,49.74,83.03,50.02
5,50.14,82.56,49.4
2,51.98,83.28,48.77
3,51.5,82.88,48.77
2,51.65,84.59,48.77
3,51.18,84.24,49.4
2,51.58,83.76,48.77
4,50.7,83.84,49.4
3,51.1,83.36,48.77
2,51.22,84.78,48.77
2,50.52,85.15,48.66
2,50.86,84.98,48.73
3,50.37,84.91,50.04
3,50.41,85.03,49.35
3,50.77,84.66,49.4
3,46.53,86.86,41.27
2,46.45,85.98,41.27
3,47,87.27,41.27
2,47.27,86.36,40.85
2,46.45,85.98,41.9
3,49.88,89.69,45.65
5,49.88,89.69,45.02
3,51.18,89.53,45.33
2,49.24,87.51,42.52
2,48.32,87.14,41.56
2,48.84,87.99,42.52
2,49.24,87.51,43.15
2,48.84,87.99,43.15
2,49.72,87.92,43.15
2,49.32,88.39,43.15
3,50.24,88.76,44.08
2,46.37,85.1,41.27
2,46.85,85.5,41.27
2,47.11,84.59,40.85
2,46.37,85.1,41.9
3,45.97,85.58,42.52
2,45.89,84.7,42.52
2,46.85,85.5,41.9
2,51.85,86.76,46.58
2,52,88.6,46.58
2,50.35,85.53,45.3
2,50.87,86.13,45.33
2,51.04,87.8,45.33
2,50.08,85.83,44.08
3,50.09,87,44.08
2,49.13,86.19,42.83
2,48.18,85.39,41.51
2,50.47,81.2,46.9
2,49.99,80.79,46.9
2,50.47,81.2,46.27
2,49.99,80.79,46.27
2,51.38,81.56,46.58
2,50.18,85.27,45.31
2,49.68,85.25,44.08
4,46.6,87.74,41.9
4,45.64,86.94,42.52
4,46.12,87.34,41.9
3,47,87.27,41.9
3,46.53,86.86,41.9
4,46.05,86.46,42.52
14,47.22,90.48,46.29
9,47.78,90.28,46.28
11,46.31,90.48,46.29
4,45.92,90.28,46.28
8,46.82,90.28,46.28
3,46.31,90.48,46.93
6,47.22,90.48,46.93
3,46.82,90.28,46.91
6,47.78,90.28,46.91
2,45.38,90.28,46.28
15,45.93,90.11,45.02
19,46.34,90.28,45.02
13,47.24,90.28,45.65
8,47.75,90.06,45.65
10,45.93,90.11,45.65
15,46.33,90.28,45.65
9,46.82,90.09,45.65
12,46.82,90.09,45.02
15,47.24,90.28,45.02
9,47.75,90.06,45.02
6,45.48,89.97,45.65
4,47.08,88.15,42.52
3,47.48,87.67,42.52
3,47.96,88.07,42.52
3,48.44,88.47,43.15
3,48.92,88.87,43.77
4,47.56,88.55,42.52
4,48.04,88.95,43.15
5,48.52,89.35,43.77
2,48.92,88.87,44.4
3,49.4,89.27,45.02
6,48.11,89.79,45.02
4,48.52,89.35,44.4
5,48.99,89.74,45.02
2,49.4,89.27,45.65
5,48.11,89.79,45.65
5,48.99,89.74,45.65
6,48.58,90.04,46.27
3,49.46,90.01,46.27
3,45.57,86.06,42.52
2,45.09,85.66,41.9
4,45.97,85.58,43.15
2,45.89,84.7,43.15
2,45.49,85.18,42.52
2,44.24,85.74,41.9
2,50.07,81.86,53.16
2,49.66,82.21,53.15
3,49.65,81.66,53.17
3,50.06,81.86,52.54
3,49.66,82.21,52.52
3,49.63,81.66,52.56
2,49.82,83.91,51.9
5,49.41,84.39,51.27
2,49.86,85.49,51.27
3,49.89,84.79,51.9
4,49.49,85.25,51.27
2,49.49,85.9,51.4
2,49.68,81.66,54.4
2,50.08,81.86,53.77
2,49.66,82.21,53.77
2,49.67,81.66,53.78
2,43.25,105.01,57.53
2,43.25,104.06,58.15
2,43.25,104.06,57.53
2,43.05,104.46,57.52
2,43.25,103.57,58.15
2,43.25,102.64,58.15
2,43.25,103.57,57.53
2,43.25,102.63,57.53
2,43.25,98.28,58.77
2,43.05,97.75,58.77
2,43.25,101.81,58.15
2,43.25,101.81,57.52
2,43.25,100.93,58.15
2,43.25,100.93,57.52
2,40.99,125.06,54.08
2,40.04,124.25,52.83
3,43.48,98.81,55.55
2,43.49,98.76,55.82
4,43.48,98.81,55.12
3,43.64,98.77,55.14
2,43.64,98.77,55.57
2,43.25,97.75,57.53
2,43.25,96.93,58.15
3,43.25,96.05,58.15
3,43.25,94.71,58.15
4,43.26,105.37,54.39
5,43.26,105.36,53.09
5,43.27,105.36,52.61
4,43.26,104.43,54.33
5,43.25,104.46,53.76
5,43.26,104.42,53.15
5,43.27,104.39,52.61
2,43.25,104.98,56.95
2,43.07,105.37,56.81
2,43.26,104.96,56.39
2,43.1,105.38,56.3
2,43.13,105.36,55.85
2,43.27,104.97,55.97
2,43.18,104.92,55.7
3,43.14,105.35,54.86
3,43.27,104.94,54.76
3,43.29,105.34,55.23
3,43.18,104.92,55.06
2,43.25,104.04,56.94
2,43.06,104.45,56.9
2,43.11,104.42,56.29
2,43.26,104.02,56.46
3,43.25,103.52,56.92
3,43.25,102.65,56.92
3,43.26,103.53,56.36
3,43.26,102.63,56.35
2,43.61,104.87,55.47
2,43.32,104.47,55.7
3,43.3,104.46,55.06
2,43.58,104.86,55.24
2,43.46,103.97,55.7
2,43.33,103.53,55.82
2,43.35,102.43,55.56
2,43.44,103.06,55.7
2,43.32,102.64,55.82
2,43.15,104.39,55.85
2,43.28,103.54,55.96
3,43.27,102.69,55.95
4,43.27,102.26,55.6
3,43.14,104.39,54.87
3,43.27,103.55,54.76
2,43.46,103.97,55.06
3,43.33,103.53,54.94
2,43.35,102.43,55.12
4,43.32,102.64,54.94
4,43.27,102.68,54.76
4,43.27,102.26,55.05
4,43.26,101.73,55.66
4,43.25,101.73,54.99
3,43.25,101.8,56.91
4,43.25,101.76,56.31
4,43.25,100.92,55.65
5,43.25,99.55,55.67
5,43.25,100.92,55.01
6,43.25,99.55,54.97
3,43.25,100.93,56.9
2,43.25,99.59,56.9
4,43.25,100.92,56.27
3,43.25,99.54,56.26
2,43.25,98.71,56.92
2,43.26,98.74,56.32
2,43.25,100.12,58.15
2,43.25,99.18,58.15
2,43.05,99.59,58.15
2,43.25,100.12,57.52
2,43.25,99.18,57.52
2,43.05,99.59,57.52
2,43.25,98.29,57.53
2,43.05,98.69,57.52
2,43.25,98.28,58.15
2,43.05,98.69,58.15
2,43.05,97.75,58.15
3,40.84,123.3,51.58
4,41.72,122.3,51.67
4,40.84,123.3,50.33
4,41.64,122.34,50.33
4,40.69,121.53,49.08
3,39.88,122.49,49.08
2,39.23,125.21,51.58
2,39.23,125.21,50.33
2,40.04,124.25,51.58
3,40.04,124.25,50.33
2,38.28,124.41,49.08
3,39.08,123.45,49.08
4,41.56,120.58,51.65
4,41.49,120.58,50.33
4,42.25,119.65,51.6
5,42.22,119.62,50.34
4,40.53,119.77,49.08
5,41.34,118.82,49.08
5,42.12,117.86,50.34
5,41.18,117.05,49.08
4,42.13,117.86,51.57
2,40.79,121.51,52.9
2,40.53,119.77,52.83
2,41.34,118.82,52.83
2,41.18,117.05,52.83
2,41.65,122.38,54.03
9,43.25,108.9,51.25
8,43.05,109.32,51.26
8,43.25,108.9,51.89
7,43.06,109.33,51.9
9,43.25,108.44,51.27
8,43.25,108.44,51.9
10,43.25,108.92,50.63
9,43.05,109.33,50.64
10,43.25,108.93,50.02
10,43.05,109.34,50.02
10,43.25,108.44,50.64
11,43.25,108.45,50.02
7,43.25,107.55,51.9
2,43.91,106.59,51.27
7,43.58,106.31,51.32
6,43.59,106.34,51.48
8,43.38,106.13,51.41
6,43.56,106.16,51.33
6,43.39,106.32,51.92
4,43.67,106.7,51.9
6,43.59,106.28,51.63
6,43.28,106.43,51.92
5,43.38,106.17,52.32
9,43.25,107.55,51.27
8,43.28,106.47,51.17
8,43.28,106.47,51.43
8,43.29,106.25,51.33
8,43.31,105.83,51.24
9,43.29,105.58,51.36
9,43.29,105.57,51.27
10,43.29,105.35,51.36
9,43.29,105.34,51.27
11,43.25,107.54,50.64
10,43.28,106.43,50.76
9,43.18,106.32,51.03
8,43.32,105.55,51.17
11,43.35,105.56,50.52
5,43.48,105.78,50.62
2,43.71,105.96,50.85
6,43.48,105.32,51.04
4,43.45,105.31,50.62
8,43.37,106.08,51.17
5,43.69,106.23,51.06
5,43.57,105.73,51.03
6,43.54,106.11,50.82
8,43.39,106.25,51.07
10,43.33,106.33,50.75
7,43.47,106.23,50.79
11,43.31,106.26,50.52
9,43.34,106.02,50.62
12,43.31,105.87,50.52
9,43.24,105.34,51.17
12,43.3,105.32,50.52
5,43.45,104.95,50.82
12,43.3,104.71,50.75
6,43.43,104.81,50.8
9,43.29,105.08,50.62
12,43.3,104.77,50.52
13,43.28,105.36,50.37
11,43.25,107.54,50.01
12,43.27,106.32,50.39
3,42.88,109.37,54.42
4,43.05,108.93,54.39
4,42.86,109.35,53.77
4,43.05,108.93,53.77
4,43.25,108.04,54.39
4,43.05,108.45,54.39
4,43.25,108.04,53.77
4,43.05,108.45,53.77
6,42.89,109.38,52.53
6,43.05,108.93,52.52
5,42.88,109.37,53.12
5,43.05,108.93,53.15
5,43.25,108.04,53.15
5,43.05,108.45,53.15
6,43.25,108.04,52.52
6,43.05,108.45,52.52
4,43.05,107.53,54.39
4,43.25,106.77,54.33
4,43.26,105.91,54.29
4,43.05,107.53,53.77
4,43.25,106.72,53.76
4,43.25,105.83,53.75
5,43.05,107.53,53.15
5,43.25,106.72,53.17
5,43.25,105.87,53.21
6,43.05,107.53,52.52
5,43.25,106.8,52.6
5,43.27,105.96,52.63
6,43.12,106.29,52.45
2,42.65,108.94,55.65
3,42.65,108.94,55.02
2,42.83,108.46,55.65
2,43.05,108.04,55.65
3,42.83,108.46,55.02
3,43.05,108.04,55.02
2,42.65,108.94,56.27
2,42.83,108.46,56.27
2,43.05,108.04,56.27
2,42.81,107.55,55.65
3,42.81,107.55,55.02
2,43.36,106,55.48
2,43.29,105.34,55.48
2,43.2,105.87,55.7
2,43.08,106.8,55.65
2,43,106.26,55.57
2,43,106.24,55.85
2,43.14,105.91,55.86
3,43.07,106.77,55
3,43,106.24,55.17
3,43.08,105.84,55.25
3,43.13,105.94,54.84
2,42.81,107.55,56.27
2,43.06,105.86,56.92
2,43.06,106.74,56.31
2,42.97,106.26,56.09
2,43.09,105.91,56.33
6,42.53,112.06,51.89
7,42.52,112.06,51.27
7,42.81,111.64,51.89
7,43.03,111.41,51.88
7,42.83,111.57,51.28
8,42.51,112.06,50.02
7,42.51,112.06,50.65
8,42.78,111.59,50.02
8,42.8,111.57,50.66
7,42.83,110.7,51.89
8,42.8,110.7,51.28
8,43.08,109.74,51.23
8,42.97,110.25,51.3
7,43.1,109.72,51.88
7,42.95,110.17,51.89
9,42.75,110.71,50.02
8,42.78,110.7,50.66
9,43.06,109.83,50.61
8,42.95,110.26,50.8
9,43.05,109.9,50.01
5,41.79,113.9,51.9
5,41.79,113.9,51.27
6,41.79,113.9,50.02
6,41.79,113.9,50.65
5,41.72,113.02,51.9
5,41.72,113.02,51.27
6,42.12,112.54,51.9
6,42.12,112.54,51.27
6,41.72,113.02,50.02
6,41.72,113.02,50.65
7,42.12,112.54,50.02
7,42.12,112.54,50.65
5,41.99,116.1,51.58
5,41.87,114.78,51.27
5,41.87,114.78,51.9
5,41.39,114.37,51.27
4,41.39,114.37,51.9
6,42.01,116.1,50.33
6,41.87,114.78,50.02
6,41.87,114.78,50.65
6,41.39,114.37,50.02
5,41.39,114.37,50.65
2,42.04,111.66,54.4
3,42.04,111.66,53.77
3,42.46,111.18,54.4
4,42.46,111.18,53.77
4,42.04,111.66,53.15
5,42.04,111.66,52.52
5,42.46,111.18,53.15
5,42.45,111.18,52.52
3,42.39,110.3,54.39
4,42.41,110.29,53.77
3,42.73,109.82,54.41
4,42.71,109.8,53.77
5,42.39,110.3,53.15
6,42.36,110.3,52.52
6,42.73,109.82,52.52
5,42.72,109.81,53.14
2,41.31,113.49,53.77
3,41.31,113.49,53.15
3,41.31,113.49,52.52
2,41.24,112.61,54.4
2,41.24,112.61,53.77
2,41.64,112.13,54.4
3,41.64,112.13,53.77
3,41.24,112.61,53.15
3,41.24,112.61,52.52
3,41.64,112.13,53.15
4,41.64,112.13,52.52
2,41.03,115.29,52.83
3,40.91,113.97,52.52
2,40.91,113.97,53.15
2,41.56,111.25,55.02
2,41.96,110.78,55.02
2,42.29,109.42,56.27
2,41.89,109.9,55.65
2,41.89,109.9,55.02
2,42.29,109.42,55.65
3,42.29,109.42,55.02
13,43.26,105.34,50.03
12,43.29,104.67,50.73
13,43.27,104.81,50.34
11,43.15,105.1,50.5
8,43.37,105.42,51.42
5,43.48,105.76,51.49
3,43.57,105.32,51.39
4,43.53,105.77,52.2
4,43.36,105.38,52.32
10,43.21,105.09,51.39
10,43.21,105.03,51.22
10,43.25,105.1,51.04
11,43.22,104.8,51.02
11,43.2,104.78,51.03
11,43.21,104.77,51.23
13,43.25,104.41,49.96
12,43.16,104.64,50.79
13,43.27,104.31,50.74
13,43.26,104.36,50.4
12,43.13,104.66,50.5
11,43.19,104.61,51.1
12,43.28,104.4,51.02
12,43.28,104.25,51.3
12,43.28,104.23,51.05
4,43.51,104.88,52.2
4,43.35,104.47,52.32
5,43.45,104.87,51.5
10,43.2,104.67,51.39
9,43.35,104.42,51.43
3,43.43,103.96,51.44
3,43.42,103.96,52.32
4,43.42,103,51.44
2,43.59,103.51,52.2
2,43.42,102.99,52.32
3,38.92,121.69,47.83
4,39.73,120.73,47.83
2,37.32,123.6,47.83
2,38.12,122.65,47.83
3,39.57,118.97,47.83
5,40.38,118.01,47.83
11,42.86,109.35,48.77
11,43.05,108.93,48.77
10,42.86,109.35,49.4
11,43.05,108.93,49.39
11,43.25,108.04,49.39
11,43.05,108.45,49.39
11,43.25,108.04,48.77
11,43.05,108.45,48.77
13,43.05,108.93,47.52
11,42.86,109.35,48.15
12,43.05,108.93,48.15
13,43.25,108.04,47.52
13,43.05,108.45,47.52
12,43.25,108.04,48.15
12,43.05,108.45,48.15
12,43.05,107.53,48.77
12,43.25,106.7,48.77
13,43.25,105.82,48.77
12,43.05,107.53,49.39
12,43.25,106.7,49.39
13,43.25,105.82,49.38
14,43.05,107.53,47.52
14,43.25,106.7,47.52
15,43.25,105.82,47.52
13,43.05,107.53,48.14
12,43.25,106.7,48.14
13,43.25,105.82,48.14
9,42.04,111.66,48.77
8,42.04,111.66,49.4
9,42.46,111.18,48.77
9,42.46,111.18,49.4
9,42.04,111.66,48.15
10,42.46,111.18,48.15
11,42.51,112.06,46.27
10,42.04,111.66,47.52
11,42.51,112.06,46.9
12,42.78,111.59,46.27
11,42.46,111.18,47.52
11,42.78,111.59,46.9
13,43.25,109.9,46.58
11,42.41,110.3,48.15
12,43.05,109.9,47.52
11,42.71,109.81,48.15
12,43.05,110.7,46.27
11,42.75,110.71,47.52
12,43.05,110.7,46.9
14,43.05,109.34,46.27
13,43.05,109.34,46.9
12,42.86,109.35,47.52
14,43.05,108.93,46.27
14,43.05,108.93,46.9
10,42.41,110.3,48.77
9,42.41,110.3,49.4
10,42.71,109.81,48.77
10,42.71,109.81,49.4
7,41.83,114.34,49.08
8,41.72,113.02,48.77
7,41.72,113.02,49.4
8,41.83,114.34,47.83
9,41.72,113.02,47.52
8,41.72,113.02,48.15
7,41.24,112.61,48.77
6,41.24,112.61,49.4
8,41.64,112.13,48.77
7,41.64,112.13,49.4
8,41.24,112.61,47.52
8,41.24,112.61,48.15
9,41.64,112.13,47.52
9,41.64,112.13,48.15
5,40.22,116.25,47.83
5,41.03,115.29,49.08
6,41.03,115.29,47.83
16,43.25,105.01,47.52
14,43.25,105.01,48.14
14,43.25,105.01,48.76
14,43.25,105,49.37
15,43.25,104.06,48.14
15,43.05,104.46,48.14
15,43.25,103.57,48.14
14,43.25,104.05,48.77
14,43.05,104.46,48.77
14,43.25,104.04,49.38
14,43.05,104.46,49.39
15,43.25,103.57,48.77
16,43.25,102.64,48.77
14,43.25,103.56,49.39
15,43.25,102.64,49.39
16,43.25,102.64,48.14
16,43.25,101.82,48.77
16,43.25,101.82,49.39
17,43.25,100.94,48.77
18,43.25,99.59,48.77
16,43.25,100.94,49.39
17,43.25,99.59,49.39
11,42.39,103.65,40.75
27,42.33,95.67,40.74
22,42.53,97.37,40.7
24,42.5,96.54,40.69
3,37.97,120.89,46.58
3,38.77,119.93,46.58
3,37.97,120.89,45.33
3,37.01,120.08,44.08
4,38.77,119.93,45.33
4,37.81,119.12,44.08
2,36.36,122.8,46.58
2,37.16,121.84,46.58
2,36.36,122.8,45.33
3,37.16,121.84,45.33
2,35.63,124.64,45.96
4,38.62,118.17,45.33
3,38.62,118.17,46.58
4,37.66,117.36,44.08
5,39.42,117.21,45.33
5,38.46,116.41,44.08
4,39.42,117.21,46.58
15,42.83,108.46,46.27
15,43.05,108.04,46.27
14,42.83,108.46,46.9
14,43.05,108.04,46.9
15,42.83,108.46,45.65
16,43.05,108.04,45.65
16,42.83,108.46,45.02
16,43.05,108.04,45.02
16,42.81,107.55,46.27
15,42.81,107.56,46.89
17,43.05,106.69,46.27
16,43.05,106.7,46.9
17,42.81,107.55,45.02
16,42.81,107.55,45.65
18,43.05,106.69,45.65
18,43.05,106.69,45.02
12,42.04,111.66,45.65
12,41.56,111.25,44.4
12,42.04,111.66,45.02
12,42.46,111.18,45.65
13,41.96,110.78,44.4
13,42.46,111.18,45.02
13,42.75,110.71,45.65
13,42.41,110.3,44.4
13,42.75,110.71,45.02
14,43.05,109.9,45.33
14,42.86,109.35,45.65
14,42.71,109.81,44.4
15,42.86,109.35,45.02
14,41.89,109.9,44.4
15,42.65,108.94,45.65
14,42.29,109.42,44.4
14,41.81,109.01,43.77
15,42.65,108.94,45.02
9,40.83,113.09,45.65
10,40.83,113.09,45.02
8,40.43,113.57,45.65
9,40.43,113.57,45.02
8,40.87,113.53,46.58
11,40.76,112.21,44.4
10,41.24,112.61,45.65
11,41.24,112.61,45.02
11,41.64,112.13,45.65
12,41.16,111.73,44.4
11,41.64,112.13,45.02
10,41.24,112.61,46.27
9,41.24,112.61,46.9
11,41.64,112.13,46.27
10,41.64,112.13,46.9
9,39.92,112.73,44.08
11,40.28,111.81,44.4
11,40.28,111.81,43.77
12,40.68,111.33,44.4
12,40.68,111.33,43.77
4,39.27,115.45,46.58
6,39.27,115.45,45.33
6,40.07,114.49,46.58
7,40.07,114.49,45.33
5,37.51,115.6,42.82
4,36.86,118.32,42.82
4,36.7,116.56,42.82
4,36.84,118.32,41.58
3,35.4,122,44.08
2,35.4,122,42.82
3,36.21,121.04,44.08
3,36.21,121.04,42.82
4,36.05,119.28,42.82
2,35.35,121.97,41.58
2,36.18,121.03,41.58
3,36.02,119.27,41.58
2,33.85,123.03,43.42
5,36.69,116.56,41.58
6,37.5,115.6,41.58
5,38.31,114.64,44.08
7,38.31,114.64,42.81
7,39.11,113.69,44.08
8,39.11,113.69,42.81
9,38.96,111.93,42.81
6,38.3,114.65,41.57
7,38.85,113.68,41.56
8,38.96,111.93,41.57
15,42.21,108.54,44.4
15,42.21,108.54,43.77
16,42.6,108.06,44.4
15,42.6,108.06,43.77
13,41.73,108.13,42.52
14,41.73,108.13,43.15
11,42.13,107.66,41.9
11,41.73,107.25,41.41
15,42.13,107.66,43.15
13,42.13,107.66,42.52
13,42.06,106.77,41.9
12,41.66,106.37,41.41
15,42.06,106.77,42.52
13,42.46,106.3,41.9
12,42.01,105.9,41.32
15,42.46,106.3,42.52
14,42.38,105.42,41.9
14,42.75,104.94,41.89
12,42.31,104.54,41.27
17,42.52,107.18,43.77
16,42.06,106.77,43.15
17,42.52,107.18,44.4
18,42.78,106.71,44.4
17,42.78,106.71,43.77
17,42.47,106.29,43.15
19,42.76,105.83,43.77
12,41.08,110.85,44.4
13,41.48,110.37,44.4
14,41.41,109.49,43.77
13,41.48,110.37,43.77
12,41.08,110.85,43.77
11,41.08,110.85,43.15
10,41.08,110.85,42.52
13,41.41,109.49,43.15
12,41.48,110.37,43.15
11,41.48,110.37,42.52
12,41.41,109.49,42.52
10,40.72,110.02,41.97
11,39.76,110.97,42.82
14,40.93,109.09,43.77
15,41.33,108.61,43.77
12,40.93,109.09,42.52
13,40.93,109.09,43.15
11,41.35,108.61,41.9
12,40.54,108.71,42.05
14,41.33,108.61,43.15
12,41.26,107.74,41.9
13,41.33,108.61,42.52
10,41.67,107.26,40.97
10,41.6,106.38,40.97
10,41.99,105.9,40.84
10,42.27,105.43,40.75
11,42.18,104.55,40.78
12,41.94,105.02,41.34
9,40.57,110.01,41.32
10,41.11,107.75,41.2
9,41.38,108.61,41.08
10,40.48,108.69,41.41
9,39.26,110.82,41.58
18,43.05,105.81,46.27
19,43.25,105.01,46.27
17,43.05,105.82,46.9
18,43.25,105.01,46.9
19,42.76,105.83,44.4
19,43.05,105.81,45.65
20,43.25,105.01,45.65
19,43.05,105.81,45.02
21,43.05,105.01,44.4
21,43.25,105.01,45.02
20,43.25,104.46,46.27
19,43.25,104.46,46.9
17,43.25,104.06,47.52
16,43.05,104.46,47.52
18,43.25,103.57,47.52
21,43.25,104.46,45.65
22,43.25,104.46,45.02
22,43.25,104.06,44.4
21,43.05,104.46,44.4
23,43.25,103.57,44.4
20,42.72,104.92,43.77
18,42.42,105.41,43.15
16,42.4,105.41,42.53
19,42.72,104.92,43.14
17,42.75,104.94,42.51
21,42.87,104.48,43.77
21,43.05,104.06,43.77
23,43.25,103.16,43.77
22,43.05,103.57,43.77
15,43.25,99.1,41.43
18,43.05,99.1,40.66
11,43.25,101.82,41.14
12,43.25,100.94,41.11
11,43.05,101.83,40.67
14,43.05,100.95,40.67
13,43.25,100.94,41.83
13,43.25,101.81,41.85
14,42.94,104.55,41.89
14,43.05,104.03,41.9
10,43.25,103.15,41.33
11,43.07,103.53,41.25
9,43.08,103.15,40.6
10,42.88,103.56,40.78
11,42.84,102.71,40.79
12,43.06,102.66,41.23
12,42.67,104.06,41.26
11,42.45,103.64,40.89
13,43.25,103.15,41.89
14,43.05,103.56,41.89
14,43.05,102.63,41.89
19,42.87,104.48,43.14
20,43.05,104.05,43.15
17,42.91,104.52,42.48
18,43.05,104.04,42.53
21,43.25,103.16,43.15
21,43.05,103.57,43.15
19,43.25,103.16,42.52
18,43.05,103.57,42.52
22,43.05,102.63,43.14
23,43.25,101.81,43.14
19,43.05,102.63,42.52
20,43.25,101.81,42.5
24,43.25,102.64,44.39
19,43.25,102.64,47.52
24,43.05,102.63,43.77
25,43.25,101.81,43.77
24,43.25,100.94,43.13
21,43.25,100.93,42.49
17,43.25,100.15,40.49
20,42.94,99.14,40.37
15,42.98,100.97,40.37
12,43,101.84,40.36
10,43.02,102.7,40.38
10,42.79,103.17,40.4
10,42.23,103.67,40.38
28,42.25,96.14,40.38
22,42.73,98.3,40.38
26,42.52,97.01,40.36
3,35.82,117.49,40.58
2,35.1,120.16,40.58
2,34.92,118.41,40.58
4,35.64,115.73,40.58
4,36.5,114.79,40.59
5,37.33,113.84,40.59
5,38.14,112.88,40.59
6,37.99,111.12,40.59
8,41.37,106.85,40.44
8,41.3,105.97,40.45
8,41.59,105.49,40.42
9,42.02,105.02,40.39
10,41.91,104.13,40.4
6,40.09,109.32,40.56
8,40.79,107.33,40.51
7,40.9,108.22,40.5
7,40.17,108.31,40.57
6,38.81,110.17,40.58
19,43.25,98.69,48.77
18,43.25,98.69,49.39
34,43.25,93.82,43.15
20,43.25,99.59,48.15
21,43.25,98.69,48.15
26,43.25,96.93,42.49
18,43.05,96.93,41.87
26,43.25,96.05,42.51
19,43.05,96.05,41.88
29,41.72,95.73,40.41
33,43.25,94.71,44.4
34,43.25,94.71,43.77
32,43.25,95.23,43.14
33,43.25,94.3,43.15
33,43.05,94.71,43.14
27,43.25,95.24,42.51
26,43.25,94.31,42.52
27,43.05,94.71,42.52
18,43.05,95.23,41.88
19,42.88,94.72,41.9
16,43.05,94.3,41.89
22,42.72,95.16,41.26
27,42.55,94.76,40.86
24,42.69,94.3,41.26
30,42.47,93.88,40.87
25,43.25,99.1,42.8
25,43.25,97.75,42.48
16,43.25,98.28,41.43
20,43.05,98.28,40.66
18,43.05,97.75,41.86
17,43.05,97.75,41.21
20,42.83,97.79,40.8
19,42.79,96.95,41.27
21,42.76,96.07,41.25
21,42.62,97.42,40.85
22,42.6,96.57,40.85
23,42.44,95.65,41.25
31,42.9,92.92,40.74
9,43.25,93.46,41.89
11,43.05,93.82,41.89
21,42.87,93.83,41.25
8,43.06,93.42,41.27
31,42.71,93.41,40.8
28,43.75,90.48,45.04
6,43.89,90.29,45.65
29,45.4,90.28,43.14
33,44.47,90.48,43.14
6,43.1,93.1,41.4
27,43.05,93.82,42.52
26,43.25,93.45,42.55
2,43.26,93.09,41.88
4,45.17,86.54,42.52
5,45.24,87.42,42.52
26,45.48,89.97,42.52
16,45.4,89.18,42.52
29,45.4,90.28,42.51
33,44.48,90.48,42.5
10,43.13,92.85,41.16
17,43.28,92.06,41.14
2,43.98,86.21,41.9
2,44.69,86.14,41.9
2,43.52,86.85,41.84
4,44.76,87.02,41.9
6,44.84,87.9,41.9
12,44.92,88.78,41.9
24,45,89.68,41.9
31,44.55,90.29,41.88
34,43.76,90.49,41.84
33,43.13,92.08,40.66
19,43.41,91.55,41.75
35,43.28,91.48,41.27
35,43.27,91.26,40.56
35,43.51,90.43,41.85
39,43.3,87.18,40.62
40,43.29,87.27,40.44
2,44.28,86.62,41.27
3,43.68,86.94,41.22
21,43.42,87.18,41.14
24,43.46,87.32,40.74
3,43.95,87.12,40.83
38,43.36,87.92,40.44
28,43.49,87.58,40.58
33,43.89,90.31,41.22
35,43.66,90.28,41.22
36,43.43,90.36,41.17
29,44.58,90.01,41.27
21,44.52,89.26,41.27
11,44.44,88.38,41.27
5,44.36,87.5,41.27
17,43.94,87.97,40.84
32,43.6,88.44,40.6
26,44.03,88.85,40.86
30,44.1,89.75,40.85
33,43.89,90.1,40.83
35,43.48,90.23,40.74
35,43.34,90.36,40.56
34,43.68,89.36,40.61
35,43.59,90.07,40.58
36,43.4,89.91,40.44
29,41.98,95.25,40.85
29,42.25,94.79,40.77
32,42.52,93.43,40.68
32,42.16,93.91,40.79
34,42.46,92.55,40.7
30,41.6,94.85,40.42
31,42.03,94.37,40.39
34,42.48,93,40.39
33,41.9,93.49,40.39
35,42.41,92.13,40.4
35,43,92.09,40.36
39,43.26,87.37,40.34
40,43.26,87.98,40.35
38,43.44,88.95,40.44
40,43.26,88.92,40.35
36,43.27,90.71,40.55
38,43.27,89.89,40.34
37,42.95,91.17,40.35
33,44.45,90.48,44.39
23,44.54,90.29,45.02
5,44.58,90.01,45.65
19,43.53,90.21,45.1
33,44.46,90.48,43.77
13,46.35,89.93,44.4
5,47.64,89.43,44.4
6,47.16,89.03,43.15
6,47.64,89.43,43.77
9,47.23,89.88,44.4
12,47.23,89.88,43.77
13,46.76,89.51,43.15
18,46.35,89.93,43.77
7,45.32,88.3,42.52
5,46.2,88.22,42.52
5,46.68,88.63,43.15
8,45.8,88.7,42.52
10,46.28,89.1,43.15
5,45.72,87.82,42.52
26,45.39,90.28,44.4
19,45.93,90.11,44.4
11,45.48,89.97,45.02
29,45.39,90.28,43.77
23,45.93,90.11,43.77
26,45.48,89.97,43.15
15,45.88,89.58,43.77
16,45.4,89.18,43.15
6,45.24,87.42,43.15
6,45.17,86.54,43.15
39,43.26,86.9,40.45
39,43.27,86.98,40.68
3,49.65,81.87,51.91
4,49.26,82.63,51.9
4,49.2,82.05,51.9
4,49.17,81.66,51.92
4,49.34,83.51,51.9
6,48.86,83.11,51.9
4,49.63,81.86,51.3
5,49.26,82.63,51.27
5,49.2,82.05,51.27
4,49.16,81.66,51.33
7,48.86,83.11,51.27
7,48.94,83.99,51.27
4,48.75,81.66,50.88
3,49.6,85.77,50.69
4,49.04,85.89,50.75
2,49.11,80.87,49.85
5,49.18,81.74,49.89
6,48.78,82.26,50.64
5,49.13,81.83,50.67
5,49.63,81.79,50.31
4,49.18,81.58,50.17
6,49.16,82,50.13
2,48.7,81.3,50.13
2,48.28,81.5,50.32
4,49.08,81.64,50.42
8,48.86,83.11,50.65
5,48.9,85.9,50.4
8,48.94,83.99,50.65
8,49.34,83.51,50.02
3,48.96,86.08,50.33
6,49.41,84.39,50.65
6,49.82,83.91,50.02
4,50.3,84.32,49.4
2,49.88,85.57,50.01
4,49.49,85.26,50.63
4,49.9,84.8,50.02
2,48.6,86.42,50.31
2,49.51,80.39,47.52
3,48.7,81.35,49.4
2,49.11,80.87,48.77
2,49.51,80.39,48.15
2,49.03,79.99,48.15
2,49.03,79.99,47.52
2,48.15,80.07,47.52
3,49.11,80.87,46.9
2,49.11,80.87,46.27
2,48.63,80.47,46.9
2,47.75,80.55,46.9
2,48.63,80.47,46.27
2,47.75,80.55,46.27
3,50.47,81.2,47.52
3,49.99,80.79,47.52
5,49.18,81.75,49.4
4,49.59,81.27,48.77
3,49.99,80.79,48.15
7,49.26,82.63,50.02
6,49.66,82.15,49.4
4,50.06,81.67,48.77
3,50.47,81.2,48.15
3,50.07,85.2,49.4
2,50.19,85.19,48.73
3,51.02,82.48,48.77
4,50.54,82.08,48.77
2,51.38,81.56,47.83
5,50.22,83.44,49.4
4,50.62,82.96,48.77
7,49.74,83.03,49.4
5,50.14,82.56,48.77
3,51.18,84.24,48.77
4,50.7,83.84,48.77
2,51.54,83.32,47.83
4,50.3,84.32,48.77
2,50.85,84.98,47.82
3,50.34,84.89,49.4
3,50.4,85.01,48.73
3,50.77,84.66,48.77
3,46.45,85.98,42.52
2,47.38,86.35,41.56
4,46.45,85.98,43.15
2,48.32,87.15,42.83
2,49.28,87.95,44.08
2,46.37,85.1,42.52
2,46.85,85.5,42.52
2,47.22,84.58,41.56
3,46.85,85.5,43.15
3,46.37,85.1,43.15
2,46.29,84.22,43.15
2,50.87,86.13,46.58
2,50.08,85.83,45.33
2,50.09,87,45.33
2,48.17,85.39,42.83
2,49.13,86.19,44.08
3,50.06,81.67,46.9
3,49.59,81.27,46.9
2,50.06,81.67,46.27
2,49.59,81.27,46.27
2,50.73,84.24,46.58
2,50.58,82.52,46.58
3,45,89.68,45.65
4,46.6,87.74,42.52
6,45.64,86.94,43.15
4,46.12,87.34,42.52
3,47,87.27,42.52
3,46.53,86.86,42.52
5,46.05,86.46,43.15
6,47.75,90.06,46.27
8,47.23,90.28,46.28
3,45.93,90.11,46.27
6,46.33,90.28,46.28
5,46.82,90.09,46.27
2,46.33,90.28,46.91
2,46.82,90.09,46.9
4,47.23,90.28,46.91
4,47.75,90.06,46.9
2,45.48,89.97,46.27
5,45.88,89.58,45.02
3,45.88,89.58,45.65
9,46.35,89.93,45.02
6,47.23,89.88,45.65
6,46.35,89.93,45.65
7,47.23,89.88,45.02
3,47.08,88.15,43.15
3,47.48,87.67,43.15
2,47.96,88.07,43.15
2,48.44,88.47,43.77
3,47.56,88.55,43.15
3,48.04,88.95,43.77
2,48.44,88.47,44.4
2,48.92,88.87,45.02
4,47.64,89.43,45.02
3,48.04,88.95,44.4
3,48.52,89.35,45.02
3,47.64,89.43,45.65
2,48.52,89.35,45.65
4,48.11,89.79,46.27
2,48.99,89.74,46.27
2,46.22,83.34,44.4
4,43.53,86.19,42.5
7,45.97,85.58,43.77
4,45.89,84.7,43.77
2,45.82,83.82,43.77
5,45.57,86.06,43.15
2,44.61,85.26,41.9
3,45.09,85.66,42.52
4,45.49,85.18,43.15
2,45.41,84.3,43.15
2,45.01,84.78,42.52
3,44.24,85.74,42.52
39,43.25,86.26,40.52
3,49.66,81.86,53.15
3,49.26,82.63,53.15
3,49.2,82.05,53.15
4,48.86,83.11,53.15
3,49.18,81.66,53.15
3,49.66,81.87,52.53
3,49.26,82.63,52.52
4,49.2,82.05,52.52
5,48.86,83.11,52.52
4,49.17,81.66,52.53
2,49.82,83.91,52.52
2,49.34,83.51,53.15
3,49.34,83.51,52.52
2,49.89,84.79,52.52
4,49.41,84.39,51.9
6,49.01,84.87,51.27
2,49.61,85.76,51.32
2,49.86,85.49,51.89
5,49.14,85.51,51.27
4,49.49,85.25,51.89
5,49.03,85.89,51.38
2,49.49,85.9,52.05
6,48.46,83.59,52.52
2,49.2,82.05,54.4
2,49.19,81.66,54.4
2,48.78,81.66,55.02
5,48.46,83.59,53.15
2,49.26,82.63,54.4
2,49.67,81.86,53.77
2,49.26,82.63,53.77
2,49.2,82.05,53.77
3,48.86,83.11,53.77
3,49.18,81.66,53.77
2,49.34,83.51,53.77
2,49.98,85.47,53.13
2,49.89,84.79,53.15
2,49.98,85.88,53.24
2,42.87,104.48,57.52
2,43.05,104.06,57.52
2,43.25,103.16,58.15
2,43.05,103.57,58.15
2,43.05,102.64,58.14
2,43.25,103.16,57.53
2,43.05,103.57,57.52
2,43.05,102.63,57.52
2,42.82,97.78,58.77
2,43.05,101.81,58.15
2,43.05,101.81,57.52
2,43.05,100.93,58.15
2,43.05,100.93,57.52
4,43.27,99,55.63
3,43.36,98.81,55.56
2,43.33,98.66,55.82
5,43.36,98.81,55.12
5,43.33,98.66,54.94
6,43.27,99.01,55.04
2,43.58,98.69,55.5
2,43.42,98.31,55.82
2,43.58,98.69,55.19
2,43.42,98.31,54.94
2,43.27,98.62,55.95
7,43.27,98.65,54.75
2,43.26,97.81,56.37
2,43.25,97.75,56.93
2,43.05,97.75,57.52
2,43.25,96.93,57.53
2,43.05,96.93,58.15
3,43.25,96.05,57.53
2,43.05,96.05,58.15
3,43.25,95.23,58.15
3,43.05,94.71,58.15
3,43.25,94.7,57.52
4,43.39,96.45,54.94
3,43.25,93.81,57.52
2,43.25,92.86,57.52
4,43.26,105,54.27
3,43.1,105.36,54.45
5,43.25,105.02,53.75
5,43.26,104.98,53.23
5,43.1,105.35,53.07
5,43.27,104.93,52.62
6,43.14,105.34,52.53
4,43.1,104.43,54.38
4,43.26,104.04,54.22
4,43.25,104.05,53.75
4,43.05,104.46,53.77
4,43.25,103.52,53.77
4,43.25,102.65,53.77
4,43.26,103.53,54.32
4,43.26,102.64,54.33
5,43.09,104.42,53.13
5,43.25,104.04,53.27
6,43.14,104.39,52.52
5,43.27,103.55,52.6
6,43.27,102.61,52.61
5,43.26,103.57,53.16
5,43.25,102.64,53.17
2,42.92,105.37,56.74
2,43.05,104.98,56.92
2,42.94,105.38,56.24
2,43.08,104.96,56.33
2,42.97,105.36,55.69
2,43.13,104.96,55.87
2,43.03,104.95,55.44
3,42.98,105.35,54.98
3,43.04,104.93,55.26
3,43.15,104.94,54.86
2,42.88,104.47,56.88
2,43.05,104.04,56.92
2,42.93,104.44,56.22
2,43.09,104.02,56.41
2,43.06,103.53,56.89
3,43.25,103.15,57.02
2,43.06,102.66,56.9
2,43.11,103.54,56.3
3,43.1,102.66,56.3
2,42.95,104.44,55.72
2,43.23,104.46,55.48
3,42.95,104.44,54.98
3,43.23,104.45,55.24
2,43.55,103.99,55.48
2,43.27,103.55,55.7
2,43.49,103.09,55.48
3,43.3,102.55,55.51
3,43.25,102.74,55.7
2,43.15,103.56,55.85
3,43.14,102.74,55.86
3,43.13,102.36,55.58
3,43.14,103.57,54.86
2,43.53,103.98,55.23
3,43.27,103.55,55.06
3,43.25,102.74,55.06
3,43.3,102.55,55.19
3,43.14,102.74,54.85
4,43.12,102.35,55.09
4,43.25,101.79,53.16
5,43.25,101.74,52.57
4,43.25,101.76,54.36
4,43.25,101.8,53.77
4,43.25,100.93,53.15
4,43.25,99.6,53.16
4,43.25,100.92,52.53
5,43.25,100.93,54.39
6,43.25,99.54,54.39
4,43.25,100.93,53.77
5,43.25,99.6,53.77
4,43.08,101.77,55.64
4,43.07,101.77,55.01
3,43.05,101.81,56.9
3,43.07,101.79,56.29
4,43.05,100.93,55.65
5,43.25,100.13,55.65
4,43.07,99.53,55.67
5,43.26,99.26,55.54
4,43.05,100.93,55.02
5,43.25,100.14,55.01
5,43.08,99.52,54.99
6,43.26,99.26,55.11
3,43.05,100.93,56.9
3,43.25,100.13,56.9
2,43.25,99.19,56.91
3,43.05,99.59,56.9
3,43.05,100.93,56.27
4,43.25,100.13,56.27
3,43.07,99.53,56.25
2,43.26,99.2,56.41
2,43.25,98.29,56.93
3,43.05,98.7,56.9
3,43.09,98.71,56.28
2,43.25,98.31,56.46
2,43.05,100.12,58.15
2,42.87,99.6,58.15
2,43.05,99.18,58.15
2,43.05,100.12,57.52
2,42.87,99.6,57.52
2,43.05,99.18,57.52
2,42.85,98.71,57.52
2,43.05,98.28,57.52
2,42.85,98.71,58.15
2,43.05,98.28,58.15
2,42.82,97.78,58.15
2,39.88,122.49,51.58
3,40.76,121.52,51.65
3,39.88,122.49,50.33
4,40.69,121.53,50.33
3,39.73,120.73,49.08
2,38.92,121.69,49.08
2,39.08,123.45,50.33
2,38.12,122.65,49.08
3,40.53,119.77,51.58
3,40.53,119.77,50.33
4,41.34,118.82,51.58
4,41.34,118.82,50.33
3,39.57,118.97,49.08
4,40.38,118.01,49.08
4,41.18,117.05,50.33
4,40.22,116.25,49.08
4,41.18,117.05,51.58
8,42.86,109.36,51.27
8,43.05,108.92,51.26
7,42.87,109.37,51.9
7,43.05,108.92,51.89
9,43.25,108.04,51.27
9,43.05,108.45,51.27
7,43.25,108.04,51.9
7,43.05,108.45,51.9
9,42.86,109.35,50.65
9,43.05,108.93,50.64
10,42.86,109.35,50.02
10,43.05,108.93,50.02
10,43.25,108.04,50.64
10,43.05,108.45,50.64
11,43.25,108.04,50.02
10,43.05,108.45,50.02
7,43.05,107.53,51.9
7,43.26,106.86,51.92
2,43.93,106.59,51.87
4,43.67,106.18,51.34
7,43.37,106.08,51.49
6,43.39,106.22,51.9
7,43.16,106.34,51.9
5,43.3,105.95,52.32
5,43.36,106.06,52.2
9,43.05,107.53,51.27
9,43.26,106.88,51.26
9,43.16,106.38,51.14
8,43.16,106.39,51.47
9,43.19,106.18,51.33
9,43.25,105.81,51.17
9,43.29,105.84,51.33
9,43.21,105.56,51.39
9,43.22,105.56,51.22
10,43.21,105.35,51.39
10,43.21,105.34,51.22
11,43.26,106.73,50.74
10,43.05,107.53,50.64
11,43.25,106.92,50.51
10,43.16,106.34,50.79
9,43.09,106.19,51
9,43.29,105.56,51.04
10,43.31,105.56,50.62
5,43.52,105.76,50.82
5,43.47,105.32,50.82
8,43.37,106.05,51.04
8,43.32,105.99,50.82
11,43.24,106.17,50.62
10,43.27,106.23,50.79
11,43.23,105.83,50.62
12,43.28,105.91,50.36
10,43.13,105.36,51.02
11,43.22,105.34,50.62
9,43.24,105.11,50.82
12,43.22,104.81,50.79
12,43.21,104.86,50.62
12,43.15,105.37,50.45
11,43.05,107.53,50.02
12,43.25,106.75,49.98
13,43.26,105.9,49.94
11,43.13,106.25,50.47
3,42.65,108.94,54.4
4,42.65,108.94,53.77
3,42.83,108.46,54.4
4,43.05,108.04,54.39
4,42.83,108.46,53.77
4,43.05,108.04,53.77
6,42.65,108.94,52.52
5,42.65,108.94,53.15
5,42.83,108.46,53.15
5,43.05,108.04,53.15
6,42.83,108.46,52.52
6,43.05,108.04,52.52
3,42.81,107.55,54.4
4,42.81,107.56,53.77
4,43.06,106.73,54.37
4,43.08,105.88,54.34
4,43.05,106.7,53.76
4,43.05,105.82,53.76
5,42.81,107.56,53.14
6,42.81,107.55,52.52
5,43.06,106.71,53.16
5,43.07,105.85,53.19
6,43.08,106.75,52.56
6,43.01,106.25,52.35
6,43.13,105.91,52.56
2,42.21,108.54,55.65
3,42.21,108.54,55.02
2,42.6,108.06,55.65
3,42.6,108.06,55.02
2,42.21,108.54,56.27
2,42.6,108.06,56.27
2,42.52,107.18,55.65
3,42.52,107.18,55.02
2,42.82,106.68,55.65
2,43.05,105.84,55.45
2,42.79,105.82,55.67
3,42.81,106.7,55.03
3,42.81,105.82,55.01
2,42.52,107.18,56.27
2,42.8,106.69,56.26
2,42.79,105.81,56.26
6,42.04,111.66,51.9
6,42.04,111.66,51.27
6,42.44,111.18,51.9
7,42.44,111.18,51.27
7,42.04,111.66,50.02
7,42.04,111.66,50.65
8,42.46,111.18,50.02
8,42.45,111.18,50.64
6,42.36,110.3,51.9
7,42.36,110.3,51.27
8,42.72,109.82,51.27
7,42.73,109.82,51.9
8,42.41,110.3,50.02
8,42.39,110.3,50.64
8,42.71,109.82,50.65
9,42.71,109.81,50.02
4,41.31,113.49,51.9
5,41.31,113.49,51.27
6,41.31,113.49,50.02
5,41.31,113.49,50.65
4,41.24,112.61,51.9
5,41.24,112.61,51.27
5,41.64,112.13,51.9
6,41.64,112.13,51.27
6,41.24,112.61,50.02
5,41.24,112.61,50.65
7,41.64,112.13,50.02
6,41.64,112.13,50.65
4,41.03,115.29,51.58
4,40.91,113.97,51.27
3,40.91,113.97,51.9
5,41.03,115.29,50.33
5,40.91,113.97,50.02
4,40.91,113.97,50.65
2,41.56,111.25,54.4
3,41.56,111.25,53.77
3,41.96,110.78,54.4
3,41.96,110.78,53.77
3,41.56,111.25,53.15
4,41.56,111.25,52.52
4,41.96,110.78,53.15
5,41.96,110.78,52.52
3,41.89,109.9,54.4
3,41.89,109.9,53.77
3,42.29,109.42,54.4
4,42.29,109.42,53.77
4,41.89,109.9,53.15
5,41.89,109.9,52.52
5,42.29,109.42,52.52
5,42.29,109.42,53.15
2,40.83,113.09,53.77
2,40.43,113.57,52.52
2,40.43,113.57,53.15
2,40.83,113.09,53.15
3,40.83,113.09,52.52
2,40.76,112.21,53.77
2,41.16,111.73,54.4
2,41.16,111.73,53.77
2,40.76,112.21,53.15
3,40.76,112.21,52.52
3,41.16,111.73,53.15
3,41.16,111.73,52.52
2,41.48,110.37,55.02
2,41.41,109.49,55.02
2,41.81,109.01,55.65
2,41.81,109.01,55.02
13,43.25,104.93,49.91
12,43.1,105.35,50.08
12,43.18,104.77,50.77
11,43.07,105.13,50.59
12,43.14,104.87,50.43
8,43.35,105.4,51.49
3,43.73,105.73,51.85
5,43.33,105.35,52.2
5,43.29,104.93,52.32
10,43.12,105.11,51.41
10,43.11,105.09,51.16
11,43.11,104.94,51
11,43.08,104.84,51
10,43.12,104.77,51.23
14,43.25,104.01,49.98
13,43.06,104.45,50
11,43.06,104.69,50.83
12,43.12,104.36,50.77
13,43.25,103.99,50.57
12,43.04,104.7,50.57
12,43.09,104.42,50.45
14,43.25,103.56,50
14,43.25,102.63,50.01
13,43.25,103.51,50.61
13,43.25,102.66,50.61
11,43.09,104.66,51.12
11,43.18,104.44,51.05
12,43.26,103.98,51.11
11,43.17,104.26,51.38
11,43.15,104.26,51.1
3,43.66,104.87,51.85
10,43.09,104.69,51.43
5,43.32,104.47,52.2
8,43.32,104.44,51.52
10,43.28,104.03,51.44
12,43.26,103.51,51.16
12,43.26,102.63,51.17
4,43.48,103.95,51.55
10,43.33,103.6,51.44
4,43.46,103.97,52.2
3,43.33,103.53,52.32
6,43.35,102.43,51.88
4,43.44,103.06,51.56
11,43.32,102.65,51.44
3,43.44,103.05,52.2
3,43.32,102.64,52.32
10,43.27,102.26,51.89
15,43.25,101.81,50.01
14,43.25,101.79,50.62
12,43.25,101.75,51.23
8,43.25,101.74,51.9
14,43.25,100.93,50.64
15,43.25,99.59,50.64
15,43.25,100.94,50.02
16,43.25,99.59,50.02
7,43.25,100.92,51.9
2,43.25,99.64,51.9
11,43.25,100.93,51.27
8,43.25,99.61,51.24
15,43.26,98.68,50.63
16,43.25,98.7,50.01
6,43.27,98.71,51.18
2,37.97,120.89,47.83
2,38.77,119.93,47.83
2,38.62,118.17,47.83
3,39.42,117.21,47.83
11,42.65,108.94,48.77
10,42.65,108.94,49.4
11,42.83,108.46,49.4
11,43.05,108.04,49.39
11,42.83,108.46,48.77
12,43.05,108.04,48.77
12,42.65,108.94,47.52
12,42.65,108.94,48.15
13,42.83,108.46,47.52
13,43.05,108.04,47.52
12,42.83,108.46,48.15
12,43.05,108.04,48.15
11,42.81,107.56,49.39
12,42.81,107.56,48.77
13,43.05,106.7,48.77
13,43.05,105.82,48.77
12,43.05,106.7,49.39
13,43.05,105.81,49.39
14,42.81,107.56,47.52
13,42.81,107.56,48.14
14,43.05,106.7,47.52
15,43.05,105.82,47.52
13,43.05,106.7,48.15
14,43.05,105.82,48.14
8,41.56,111.25,48.77
7,41.56,111.25,49.4
9,41.96,110.78,48.77
8,41.96,110.78,49.4
9,41.56,111.25,48.15
10,41.96,110.78,48.15
10,41.56,111.25,47.52
11,42.04,111.66,46.27
11,42.04,111.66,46.9
12,42.46,111.18,46.27
11,41.96,110.78,47.52
11,42.46,111.18,46.9
10,41.89,109.9,48.15
11,42.29,109.42,48.15
12,42.75,110.71,46.27
11,42.41,110.3,47.52
12,42.75,110.71,46.9
13,43.05,109.9,46.58
14,42.86,109.35,46.27
13,42.86,109.35,46.9
12,42.71,109.81,47.52
11,41.89,109.9,47.52
14,42.65,108.94,46.27
12,42.29,109.42,47.52
13,42.65,108.94,46.9
9,41.89,109.9,48.77
8,41.89,109.9,49.4
10,42.29,109.42,48.77
9,42.29,109.42,49.4
5,40.87,113.53,49.08
7,40.87,113.53,47.83
6,40.76,112.21,48.77
5,40.76,112.21,49.4
7,41.16,111.73,48.77
6,41.16,111.73,49.4
7,40.76,112.21,47.52
7,40.76,112.21,48.15
9,41.16,111.73,47.52
8,41.16,111.73,48.15
3,39.27,115.45,47.83
4,40.07,114.49,49.08
5,40.07,114.49,47.83
16,43.05,105.01,47.52
14,43.05,105.01,48.15
14,43.05,105.01,48.77
13,43.05,105.01,49.39
15,42.87,104.48,48.15
15,43.05,104.06,48.14
16,43.25,103.16,48.14
16,43.05,103.57,48.14
14,42.87,104.48,48.77
15,43.05,104.06,48.77
14,42.87,104.48,49.4
14,43.05,104.05,49.39
15,43.25,103.16,48.77
15,43.05,103.57,48.77
16,43.05,102.64,48.77
15,43.25,103.16,49.39
14,43.05,103.57,49.39
15,43.05,102.64,49.39
18,43.25,100.94,48.15
17,43.05,102.64,48.14
17,43.25,101.82,48.15
16,43.05,101.82,48.77
15,43.05,101.82,49.39
20,43.25,99.18,48.15
17,43.05,100.94,48.77
17,43.25,100.13,48.77
18,43.25,99.18,48.77
18,43.05,99.59,48.77
16,43.05,100.94,49.4
17,43.25,100.13,49.4
17,43.25,99.18,49.39
17,43.05,99.59,49.39
19,42.64,99.16,40.66
15,42.7,100.97,40.65
13,42.73,101.85,40.64
11,42.51,103.19,40.72
12,42.12,103.67,40.81
26,42.07,96.14,40.81
21,42.45,98.33,40.72
23,42.34,97.01,40.73
2,37.81,119.12,46.58
2,37.01,120.08,45.33
3,36.05,119.28,44.08
3,37.81,119.12,45.33
3,36.86,118.32,44.08
2,35.4,122,45.33
2,36.21,121.04,45.33
3,37.66,117.36,45.33
2,37.66,117.36,46.58
3,36.7,116.56,44.08
4,38.46,116.41,45.33
4,37.51,115.6,44.08
3,38.46,116.41,46.58
15,42.6,108.06,46.27
14,42.6,108.06,46.9
16,42.6,108.06,45.65
16,42.6,108.06,45.02
16,42.52,107.18,46.27
15,42.52,107.18,46.9
17,42.78,106.71,46.27
15,42.78,106.71,46.9
17,42.52,107.18,45.02
17,42.52,107.18,45.65
17,42.78,106.71,45.65
18,42.78,106.71,45.02
12,41.52,110.81,45.33
14,42.3,109.87,45.33
14,41.41,109.49,44.4
15,42.21,108.54,45.65
15,41.81,109.01,44.4
15,42.21,108.54,45.02
14,40.93,109.09,44.4
15,41.33,108.61,44.4
8,39.92,112.73,45.33
7,39.92,112.73,46.58
11,40.72,111.77,45.33
9,40.72,111.77,46.58
8,38.96,111.93,44.08
11,39.76,110.97,44.08
2,38.31,114.64,46.58
4,38.31,114.64,45.33
4,39.11,113.69,46.58
6,39.11,113.69,45.33
4,36.55,114.8,42.82
4,35.9,117.52,42.82
4,35.74,115.76,42.82
4,35.87,117.51,41.58
2,34.45,121.19,44.08
2,34.45,121.19,42.82
3,35.25,120.24,44.08
3,35.25,120.24,42.82
3,35.09,118.47,42.82
2,34.3,121.13,41.57
3,35.19,120.21,41.58
3,35.03,118.45,41.58
2,33.09,121.41,43.3
5,35.7,115.75,41.58
5,36.53,114.8,41.58
4,37.35,113.84,44.08
6,37.35,113.84,42.82
6,38.15,112.88,44.08
8,38.15,112.88,42.82
9,38,111.12,42.82
6,37.34,113.84,41.58
7,38.15,112.88,41.58
9,38,111.12,41.58
16,41.73,108.13,44.4
15,41.73,108.13,43.77
16,42.13,107.66,44.4
16,42.13,107.66,43.77
14,41.25,107.73,42.52
15,41.25,107.73,43.15
12,41.65,107.25,41.89
12,41.4,106.84,41.5
16,41.65,107.25,43.15
14,41.65,107.25,42.52
13,41.58,106.37,41.89
12,41.33,105.96,41.52
15,41.58,106.37,42.52
13,41.98,105.89,41.9
12,41.59,105.5,41.44
16,41.98,105.89,42.52
14,41.9,105.01,41.9
14,42.3,104.54,41.9
13,41.88,104.14,41.36
17,42.06,106.77,43.77
17,41.58,106.37,43.15
18,42.06,106.77,44.4
18,42.47,106.29,44.4
18,42.47,106.29,43.77
17,41.98,105.89,43.15
19,42.42,105.41,43.77
13,40.57,110.01,44.08
12,40.56,110.01,42.83
11,40.17,109.27,42.1
11,38.81,110.17,42.82
14,40.45,108.69,43.77
15,40.85,108.21,43.77
13,40.45,108.69,42.52
14,40.45,108.69,43.15
12,40.22,108.29,42.15
12,40.9,108.22,41.97
14,40.85,108.21,43.15
13,40.81,107.33,41.99
13,40.85,108.21,42.52
10,41.34,106.85,41.09
11,41.27,105.97,41.1
11,41.53,105.49,41
13,41.53,104.65,41.46
11,41.91,105.01,40.87
12,41.82,104.13,40.92
10,40.07,109.32,41.5
11,40.78,107.33,41.31
10,40.86,108.22,41.29
11,40.16,108.31,41.54
9,38.81,110.17,41.58
17,42.76,105.83,46.27
16,42.76,105.83,46.9
19,43.05,105.01,46.27
17,43.05,105.01,46.9
19,42.76,105.83,45.65
19,42.76,105.83,45.02
20,42.42,105.41,44.4
20,43.05,105.01,45.65
21,42.72,104.92,44.4
21,43.05,105.01,45.02
21,43.25,103.57,46.27
20,43.25,103.57,46.9
21,43.25,104.06,46.27
19,43.05,104.46,46.27
19,43.25,104.06,46.9
18,43.05,104.46,46.9
16,42.87,104.48,47.52
17,43.05,104.06,47.52
18,43.25,103.16,47.52
17,43.05,103.57,47.52
22,43.25,103.57,45.65
23,43.25,103.57,45.02
22,43.25,104.06,45.65
21,43.05,104.46,45.65
22,43.25,104.06,45.02
21,43.05,104.46,45.02
21,42.87,104.48,44.4
22,43.05,104.06,44.4
24,43.25,103.16,44.4
23,43.05,103.57,44.4
20,42.3,104.54,43.77
18,41.9,105.01,43.15
17,41.9,105.01,42.52
19,42.3,104.54,43.15
17,42.3,104.54,42.52
21,42.66,104.06,43.77
23,43.05,103.16,43.77
22,42.84,103.59,43.77
13,43.25,100.13,41.44
16,43.05,99.1,41.52
18,42.76,99.13,40.8
16,43.05,100.15,40.66
13,43.05,101.82,41.22
14,43.05,100.94,41.21
13,42.81,101.84,40.79
15,42.79,100.96,40.8
16,43.05,100.94,41.87
15,43.05,101.81,41.88
14,42.67,104.06,41.89
12,43.06,103.15,41.36
12,42.86,103.56,41.25
11,42.68,103.18,40.83
13,42.63,102.34,40.85
13,42.82,102.69,41.26
13,42.25,103.66,41.29
14,43.05,103.16,41.9
15,42.84,103.58,41.89
15,42.82,102.67,41.89
20,42.66,104.06,43.14
18,42.67,104.06,42.52
21,43.05,103.16,43.15
21,42.84,103.59,43.15
19,43.05,103.16,42.52
18,42.84,103.59,42.52
22,42.81,102.67,43.15
20,42.81,102.67,42.52
23,43.05,101.81,43.14
20,43.05,101.81,42.51
24,43.25,102.64,45.65
24,43.25,102.64,45.02
24,43.05,102.64,44.39
25,43.25,101.81,44.39
23,43.25,102.64,46.27
21,43.25,102.64,46.9
18,43.05,102.64,47.52
20,43.25,101.81,47.52
23,42.81,102.67,43.77
27,43.25,100.94,44.39
25,43.05,101.81,43.77
26,43.25,100.94,43.76
19,43.25,100.13,48.15
21,43.25,100.93,47.52
24,43.25,100.13,42.8
24,43.05,100.94,43.14
22,43.05,100.94,42.51
30,41.34,95.32,40.45
17,42.83,100.11,40.36
14,42.83,101.4,40.36
12,42.74,102.32,40.39
11,42.51,102.76,40.4
11,41.86,103.25,40.41
23,42.16,98.36,40.38
26,42.22,97.03,40.37
27,41.82,96.61,40.4
28,41.44,96.2,40.44
2,33.35,117.45,40.57
3,34.74,116.66,40.58
4,34.55,114.91,40.58
5,35.45,113.98,40.58
5,36.31,113.03,40.58
6,37.15,112.08,40.58
7,36.99,110.32,40.58
8,41.06,106.87,40.48
8,40.99,105.99,40.48
10,41.55,103.72,40.43
9,41.24,105.09,40.46
9,41.5,104.61,40.43
7,39.47,109.18,40.58
7,39.87,108.33,40.59
8,40.31,106.93,40.55
7,40.42,107.82,40.55
7,37.83,109.36,40.59
19,43.25,98.28,48.77
19,43.05,98.69,48.77
18,43.25,98.28,49.39
17,43.05,98.69,49.39
20,43.25,97.75,48.77
18,43.25,97.75,49.39
34,43.25,93.81,44.4
35,43.25,93.82,43.77
34,43.25,93.42,43.16
34,43.05,93.82,43.15
20,43.05,99.59,48.15
20,43.05,98.69,48.15
24,43.25,99.18,47.52
23,43.25,99.59,47.52
22,43.25,98.28,48.14
24,43.25,98.69,47.52
22,43.25,97.75,48.14
33,43.25,94.71,45.65
33,43.25,94.71,45.02
28,43.25,99.05,44.09
29,43.25,97.75,43.13
31,43.25,96.93,43.13
21,42.79,96.94,41.9
27,43.05,96.93,42.51
31,43.25,96.05,43.14
21,42.77,96.06,41.9
27,43.05,96.05,42.51
28,41.6,95.73,40.97
34,43.25,94.3,44.4
33,43.25,95.23,44.39
34,43.05,94.71,44.4
34,43.25,94.3,43.77
33,43.25,95.23,43.77
34,43.05,94.71,43.77
33,43.05,95.23,43.14
33,42.88,94.72,43.15
34,43.05,94.3,43.15
27,43.05,95.23,42.52
29,42.88,94.72,42.52
27,43.05,94.3,42.52
21,42.73,95.16,41.9
21,42.69,94.3,41.9
27,42.35,94.78,41.27
30,42.27,93.89,41.27
24,42.44,95.65,41.9
28,41.97,95.25,41.34
27,43.25,98.28,42.79
26,43.05,99.1,42.82
26,43.05,97.75,42.5
17,43.05,98.28,41.52
20,42.82,97.78,41.9
20,42.61,98.3,40.85
18,42.82,97.78,41.27
20,42.55,97.42,41.27
22,42.33,97,40.93
21,42.49,96.53,41.26
25,42.04,96.14,41.31
22,42.54,97.41,41.9
26,42.91,92.86,41.19
23,42.87,92.99,41.44
34,42.67,92.54,40.81
16,42.85,93.83,41.9
3,43.05,93.43,41.89
28,42.63,93.41,41.26
33,42.4,93,40.87
31,42.85,93.83,42.52
35,43.25,92.86,44.4
36,43.25,92.86,43.78
35,43.52,90.42,44.45
34,43.75,90.48,44.4
33,43.52,90.2,44.81
23,43.89,90.3,45.03
2,43.93,90.06,45.61
36,43.51,90.43,43.81
35,43.74,90.49,43.77
35,43.25,92.88,43.17
36,43.51,90.43,43.15
32,44.55,90.29,43.14
35,43.74,90.49,43.14
2,43.98,86.21,42.52
3,44.69,86.14,42.52
3,43.52,86.86,42.51
27,43.05,93.42,42.53
27,43.26,92.92,42.58
5,44.76,87.02,42.52
7,44.84,87.9,42.52
13,44.92,88.78,42.52
25,45,89.68,42.52
36,43.51,90.43,42.51
32,44.55,90.29,42.51
35,43.75,90.49,42.5
34,42.9,92.08,40.76
21,43.16,92.08,41.21
5,43.32,91.93,41.52
7,43.33,91.92,42.01
6,43.29,92.19,42.2
2,44.29,86.62,41.9
3,43.69,86.95,41.87
21,43.42,87.18,41.84
6,44.36,87.5,41.9
12,44.44,88.38,41.9
22,44.52,89.26,41.9
30,44.58,90.01,41.9
34,43.89,90.31,41.87
23,43.4,91.64,41.76
35,43.17,91.54,41.33
36,43.13,91.26,40.65
36,43.29,91.45,41.77
35,43.27,91.13,41.21
35,43.28,91.78,42.27
35,43.66,90.28,41.88
36,43.43,90.36,41.86
40,43.3,87.18,41.14
41,43.18,87.4,40.57
40,43.2,87.32,40.74
41,43.11,87.43,40.5
4,43.97,87.12,41.27
23,43.46,87.32,41.23
38,43.27,87.99,40.58
28,43.48,87.63,40.81
41,43.11,88.01,40.5
36,43.3,90.36,41.17
36,43.27,90.75,41.12
33,43.9,90.1,41.27
36,43.47,90.23,41.23
31,44.11,89.73,41.27
25,44.04,88.86,41.27
17,43.96,87.98,41.27
33,43.54,88.44,40.82
40,43.11,88.92,40.5
38,43.32,88.94,40.59
40,43.31,89.46,40.44
34,43.62,89.34,40.83
35,43.6,90.01,40.81
37,43.29,90.24,40.68
36,43.3,90.36,40.64
37,43.34,89.83,40.58
35,43.29,90.33,40.44
37,43.14,90.69,40.65
39,43.13,89.85,40.49
30,41.51,94.85,41.01
31,41.9,94.37,40.88
33,42.32,93.01,40.73
33,41.79,93.49,40.89
35,42.27,92.12,40.77
37,42.72,91.2,40.61
30,41.25,94.44,40.46
31,41.5,93.97,40.43
34,42.17,93.03,40.38
32,41.39,93.09,40.43
34,42.09,92.15,40.38
36,42.66,91.68,40.38
41,43.09,87.4,40.36
40,43.26,87.57,40.31
41,43.05,88.05,40.37
41,43.26,88.49,40.33
41,43.07,88.94,40.36
40,43.26,89.43,40.34
37,43.14,90.7,40.32
36,43.27,90.45,40.56
39,43.1,89.84,40.34
37,43.27,90.25,40.32
38,42.67,90.76,40.37
30,44.54,90.29,44.39
14,44.58,90.01,45.02
15,43.68,90.07,45.04
32,44.54,90.29,43.77
10,45.88,89.58,44.4
6,45.32,88.3,43.15
4,46.2,88.22,43.15
5,46.72,89.07,44.08
7,45.8,88.7,43.15
4,45.72,87.82,43.15
18,45.48,89.97,44.4
7,45,89.68,45.02
24,45.48,89.97,43.77
26,45,89.68,43.15
13,45.4,89.18,43.77
5,45.24,87.42,43.77
11,45.17,86.54,43.77
13,44.92,88.78,43.15
7,44.84,87.9,43.15
6,44.76,87.02,43.15
5,44.69,86.14,43.15
5,43.52,86.87,43.17
40,43.26,86.88,41.15
42,43,87.12,40.39
41,43.09,86.96,40.6
41,43.12,87.09,40.79
4,49.18,81.86,51.91
5,48.78,82.26,51.9
4,48.77,81.66,51.93
6,48.94,83.99,51.9
7,48.38,82.71,51.9
7,48.46,83.59,51.9
5,49.17,81.86,51.29
6,48.78,82.26,51.27
4,48.76,81.66,51.34
8,48.38,82.71,51.27
9,48.46,83.59,51.27
8,48.53,84.47,51.27
5,48.76,81.84,50.8
3,48.25,81.65,50.79
5,49.12,85.73,50.68
6,48.52,85.89,50.83
3,48.71,81.38,49.87
7,48.78,82.25,50.01
6,48.29,82.04,50.62
9,48.38,82.71,50.65
3,48.29,81.62,50.17
5,49.11,81.79,50.29
3,48.28,81.64,50.42
11,48.46,83.59,50.65
10,48.86,83.11,50.02
6,48.52,85.9,50.43
5,48.96,85.77,50.31
5,49.13,85.53,50.61
5,48.54,85.94,50.33
10,48.53,84.47,50.65
9,48.94,83.99,50.02
8,49.34,83.51,49.4
3,49.03,85.95,50.22
7,49.01,84.87,50.65
7,49.41,84.39,50.02
4,50.01,84.67,49.4
6,49.82,83.91,49.4
2,49.87,85.58,49.4
4,49.49,85.27,50.01
4,49.8,84.9,49.4
5,48.12,86.11,50.32
3,48.66,86.31,50.15
2,48.23,86.85,50.3
2,47.85,87.29,50.3
2,47.27,80.14,46.9
3,49.11,80.87,47.52
5,48.3,81.83,49.4
3,48.7,81.35,48.77
3,49.11,80.87,48.15
2,47.75,80.55,48.15
2,48.23,80.95,48.77
2,48.63,80.47,48.15
2,48.63,80.47,47.52
2,47.75,80.55,47.52
3,48.7,81.35,46.9
2,48.7,81.35,46.27
3,48.23,80.95,46.9
3,47.35,81.03,46.9
2,48.23,80.95,46.27
2,47.35,81.03,46.27
4,50.06,81.67,47.52
4,49.59,81.27,47.52
7,48.78,82.23,49.4
5,49.18,81.75,48.77
4,49.59,81.27,48.15
8,49.26,82.63,49.4
6,49.66,82.15,48.77
4,50.06,81.67,48.15
2,49.86,85.58,48.77
3,50.06,85.19,48.77
5,50.22,83.44,48.77
7,49.74,83.03,48.77
4,50.58,82.52,47.83
4,49.79,84.9,48.77
6,49.82,83.91,48.77
4,50,84.66,48.77
2,50.39,85.01,47.8
3,50.33,84.87,48.77
3,50.73,84.24,47.83
8,49.34,83.51,48.77
3,47.37,86.35,42.83
6,46.45,85.98,43.77
2,48.32,87.15,44.08
10,46.45,85.98,44.4
3,46.29,84.22,43.77
5,46.37,85.1,43.77
4,46.85,85.5,43.77
2,46.7,83.74,43.77
7,46.85,85.5,44.4
3,46.7,83.74,44.4
4,46.29,84.22,44.4
2,48.17,85.39,44.08
3,49.66,82.15,46.9
4,49.18,81.75,46.9
2,49.66,82.15,46.27
2,49.18,81.75,46.27
2,49.68,85.25,46.58
2,50.06,84.69,46.58
3,49.78,83.47,46.58
2,48.97,84.43,45.33
8,46.37,85.1,44.4
3,45.4,89.18,45.02
2,45.4,89.18,45.65
8,45.64,86.94,43.77
4,46.6,87.74,43.15
5,46.12,87.34,43.15
3,47,87.27,43.15
4,46.53,86.86,43.15
8,46.05,86.46,43.77
3,45.24,87.42,45.02
9,45.64,86.94,44.4
2,45.88,89.58,46.27
4,47.23,89.88,46.27
3,46.35,89.93,46.27
2,47.23,89.88,46.9
2,46.72,89.07,45.33
2,47.52,88.11,44.08
2,48.04,88.95,45.02
2,47.64,89.43,46.27
11,46.05,86.46,44.4
12,45.97,85.58,44.4
2,45.24,87.42,45.65
8,45.89,84.7,44.4
2,46.94,81.5,46.27
2,46.54,81.98,45.65
2,46.14,82.46,45.02
4,46.22,83.34,45.02
4,45.82,83.82,44.4
2,45.74,82.94,44.4
3,43.73,86.21,42.51
6,43.98,86.21,43.15
6,43.53,86.22,43.13
10,45.57,86.06,43.77
8,45.49,85.18,43.77
4,45.41,84.3,43.77
2,45.34,83.42,43.77
2,43.69,84.91,42.38
5,45.09,85.66,43.15
3,44.61,85.26,42.52
4,45.01,84.78,43.15
2,44.93,83.9,43.15
2,44.53,84.38,42.52
2,43.71,85.4,42.5
8,44.24,85.74,43.15
3,43.93,85.35,42.54
3,43.52,85.54,42.99
2,43.52,83.87,42.95
2,43.69,84.49,42.49
6,43.51,84.58,42.81
40,43.25,86.2,41.16
41,43.07,86.29,40.67
39,43.25,85.42,40.54
41,43.02,86.32,40.36
41,42.98,85.42,40.37
38,43.25,84.63,40.56
37,43.25,84.06,40.56
40,42.94,84.53,40.38
3,49.18,81.86,53.15
4,48.78,82.26,53.15
5,48.38,82.71,53.15
3,48.77,81.66,53.15
6,47.98,83.19,53.15
4,49.18,81.86,52.53
4,48.78,82.26,52.52
6,48.38,82.71,52.52
4,48.77,81.66,52.53
3,49.41,84.39,53.15
3,49.41,84.39,52.52
6,48.06,84.07,53.15
4,48.94,83.99,53.15
5,48.94,83.99,52.52
2,49.96,85.51,52.5
3,49.49,85.25,52.52
3,49.49,85.25,53.15
5,49.01,84.87,51.9
7,48.61,85.31,51.27
5,49.12,85.71,51.31
2,49.61,85.76,51.95
4,49.14,85.51,51.9
3,49.46,85.88,53.33
6,48.51,85.88,51.38
5,49.03,85.89,52.02
7,47.98,83.19,52.52
7,48.06,84.07,52.52
2,49.19,81.86,54.4
2,48.78,82.26,54.4
2,48.78,81.66,54.4
2,48.26,82.08,55.02
2,48.22,81.66,55.02
4,48.46,83.59,53.77
2,48.86,83.11,54.4
3,48.38,82.71,54.4
2,47.9,82.35,55.02
2,47.1,83.27,56.27
2,49.88,85.88,55.37
2,49.18,81.86,53.77
3,48.78,82.26,53.77
4,48.38,82.71,53.77
3,48.78,81.66,53.77
2,49.41,84.39,54.4
2,48.94,83.99,54.4
2,49.41,84.39,53.77
3,48.94,83.99,53.77
2,50,85.7,53.18
2,49.93,85.11,54.08
2,49.92,85.88,54.13
4,47.98,83.19,53.77
5,48.06,84.07,53.77
2,42.66,104.06,57.52
2,43.05,103.16,58.15
2,42.81,102.67,58.14
2,42.84,103.59,57.52
2,43.05,103.16,57.52
2,42.81,102.67,57.52
2,42.79,101.83,58.15
2,42.79,101.83,57.52
2,42.76,100.95,58.15
2,42.76,100.95,57.52
4,43.45,95.11,52.32
7,43.26,98.72,54.34
6,43.25,98.71,53.76
4,43.13,98.92,55.61
3,43.28,98.56,55.7
3,43.34,98.69,55.51
4,43.33,98.69,55.19
5,43.27,98.56,55.06
5,43.14,98.92,55.08
4,43.25,98.68,53.17
2,43.45,98.25,55.7
2,43.32,97.87,55.82
3,43.45,98.24,55.06
7,43.32,97.86,54.94
3,43.14,98.57,55.86
2,43.27,97.88,55.97
6,43.14,98.6,54.84
7,43.27,97.86,54.75
3,43.4,97.35,54.94
7,43.31,96.94,54.94
2,42.82,97.78,57.52
3,43.08,97.79,56.31
2,43.25,96.92,56.38
3,43.05,97.74,56.9
2,43.25,96.93,56.93
2,43.05,96.93,57.52
2,42.79,96.94,58.15
2,42.77,96.06,58.15
3,43.25,96.04,56.93
3,43.05,95.23,58.15
3,43.05,96.05,57.52
3,43.25,95.23,57.53
4,43.25,94.69,56.92
3,43.25,94.3,57.52
3,43.05,94.71,57.52
2,43.3,96.02,55.82
2,43.27,96.47,55.93
2,43.25,96.06,56.39
8,43.28,96.46,54.76
3,43.38,96.45,55.06
7,43.3,96.02,54.94
3,43.26,95.54,56.29
4,43.37,95.47,54.94
4,43.25,94.66,56.33
4,43.25,93.81,56.9
3,43.25,93.4,57.52
3,43.05,93.81,57.52
3,43.25,92.86,56.9
2,43.05,92.86,57.52
3,42.96,105.35,54.55
4,43.09,104.99,54.32
4,43.05,105.02,53.76
5,42.96,105.35,52.99
5,43.08,104.98,53.21
6,42.98,105.35,52.48
6,43.14,104.93,52.54
3,42.92,104.45,54.45
4,43.08,104.04,54.26
4,42.87,104.47,53.78
4,43.05,104.05,53.76
4,43.05,103.53,53.78
4,43.25,103.14,53.66
4,43.06,102.66,53.78
4,43.1,103.54,54.37
4,43.1,102.67,54.37
6,42.93,104.42,52.44
5,42.91,104.44,53.08
5,43.07,104.04,53.26
6,43.14,103.56,52.52
7,43.11,102.65,52.53
5,43.09,103.57,53.14
5,43.25,103.14,53.28
5,43.07,102.65,53.15
2,42.72,104.93,56.89
2,42.74,104.94,56.26
2,42.74,104.94,55.66
3,42.75,104.94,55.01
2,42.67,104.06,56.89
2,42.68,104.06,56.27
2,42.85,103.56,56.87
2,43.06,103.15,57.01
2,42.83,102.69,56.88
2,42.9,103.57,56.23
3,42.87,102.71,56.25
2,42.69,104.06,55.64
3,42.68,104.06,55.03
3,42.92,103.59,55.72
3,43.16,103.57,55.47
3,43.11,102.83,55.47
3,42.89,102.75,55.77
3,42.89,102.55,55.52
3,42.92,103.59,54.99
3,43.18,103.57,55.24
3,43.12,102.83,55.24
3,42.89,102.75,54.94
3,42.9,102.53,55.17
5,43.05,101.8,53.15
6,43.06,101.78,52.54
4,43.07,101.79,54.38
4,43.05,101.81,53.77
5,43.05,100.93,53.15
4,43.25,100.13,53.15
4,43.25,99.21,53.18
5,43.05,99.59,53.15
5,43.05,100.93,52.52
2,43.25,100.14,52.53
3,43.05,99.6,52.53
5,43.05,100.93,54.39
5,43.25,100.13,54.39
6,43.07,99.52,54.41
6,43.26,99.19,54.24
5,43.05,100.93,53.77
5,43.25,100.13,53.77
5,43.25,99.19,53.76
6,43.05,99.59,53.77
3,42.82,101.82,55.65
4,42.82,101.83,55.02
2,42.79,101.83,56.9
3,42.81,101.83,56.26
4,42.76,100.95,55.65
4,42.76,100.95,55.02
4,43.05,100.13,55.65
4,42.9,99.54,55.68
4,43.1,99.21,55.53
5,43.05,100.13,55.02
5,42.9,99.53,54.98
5,43.1,99.2,55.12
3,42.76,100.95,56.9
3,42.76,100.95,56.27
3,43.05,100.12,56.9
3,42.87,99.6,56.9
3,43.05,99.19,56.9
3,43.05,100.12,56.27
3,42.9,99.54,56.23
3,43.08,99.18,56.39
3,42.85,98.71,56.89
3,43.05,98.29,56.91
3,42.89,98.71,56.22
3,43.07,98.29,56.41
2,42.72,100.04,58.15
2,42.67,99.18,58.15
2,42.72,100.04,57.52
2,42.67,99.18,57.52
2,42.62,98.3,57.52
2,42.62,98.3,58.15
2,42.54,97.41,58.15
2,39.73,120.73,51.58
2,39.73,120.73,50.33
2,38.77,119.93,49.08
2,39.57,118.97,50.33
2,40.38,118.01,51.58
3,40.38,118.01,50.33
2,39.42,117.21,49.08
3,40.22,116.25,50.33
2,39.27,115.45,49.08
2,40.22,116.25,51.58
8,42.65,108.94,51.27
7,42.65,108.94,51.9
8,42.83,108.46,51.27
9,43.05,108.04,51.27
7,42.83,108.46,51.9
7,43.05,108.04,51.9
9,42.65,108.94,50.65
10,42.65,108.94,50.02
9,42.83,108.46,50.65
10,43.05,108.04,50.64
10,42.83,108.46,50.02
11,43.05,108.04,50.02
7,42.81,107.55,51.9
8,42.81,107.55,51.27
7,43.09,106.81,51.91
7,43.03,106.24,51.83
6,43.35,106.03,51.81
6,43.2,105.87,52.2
9,43.09,106.82,51.27
9,43.05,106.2,51.28
9,43.14,105.81,51.02
9,43.13,105.57,51.41
10,43.14,105.57,51.17
9,43.22,105.82,51.33
9,43.02,105.36,51.42
10,43.01,105.36,51.13
10,42.81,107.56,50.65
11,42.81,107.56,50.02
10,43.06,106.89,50.53
10,43.09,106.67,50.74
10,43.03,106.23,50.81
10,43.1,105.82,50.85
9,43.28,105.56,50.82
10,43.18,106.12,50.82
11,43.15,105.87,50.44
10,43.04,105.36,50.81
11,43.08,105,50.81
11,43,105.36,50.51
11,43.05,106.73,50
11,43,106.23,50.54
12,43.08,105.89,49.98
3,42.21,108.54,54.4
4,42.21,108.54,53.77
3,42.6,108.06,54.4
4,42.6,108.06,53.77
5,42.21,108.54,52.52
4,42.21,108.54,53.15
5,42.6,108.06,53.15
6,42.6,108.06,52.52
3,42.52,107.18,54.4
4,42.52,107.18,53.77
3,42.8,106.71,54.4
3,42.78,105.81,54.41
4,42.78,106.71,53.77
4,42.76,105.83,53.77
5,42.52,107.18,53.15
6,42.52,107.18,52.52
5,42.8,106.71,53.15
5,42.78,105.8,53.14
6,42.82,106.68,52.52
6,42.82,105.81,52.5
2,41.73,108.13,55.65
2,41.73,108.13,55.02
2,42.13,107.66,55.65
3,42.13,107.66,55.02
2,42.13,107.66,56.27
2,42.06,106.77,55.65
2,42.06,106.77,55.02
2,42.46,106.3,55.65
2,42.38,105.42,55.65
3,42.48,106.3,55.01
3,42.38,105.42,55.02
2,42.06,106.77,56.27
2,42.46,106.3,56.27
2,42.38,105.42,56.27
5,41.56,111.25,51.9
6,41.56,111.25,51.27
6,41.96,110.78,51.9
6,41.96,110.78,51.27
7,41.56,111.25,50.02
6,41.56,111.25,50.65
8,41.96,110.78,50.02
7,41.96,110.78,50.65
6,41.89,109.9,51.9
6,41.89,109.9,51.27
7,42.29,109.42,51.27
6,42.29,109.42,51.9
8,41.89,109.9,50.02
7,41.89,109.9,50.65
8,42.29,109.42,50.65
9,42.29,109.42,50.02
3,40.43,113.57,51.27
3,40.43,113.57,51.9
3,40.83,113.09,51.9
4,40.83,113.09,51.27
4,40.43,113.57,50.02
3,40.43,113.57,50.65
5,40.83,113.09,50.02
4,40.83,113.09,50.65
3,40.76,112.21,51.9
4,40.76,112.21,51.27
4,41.16,111.73,51.9
5,41.16,111.73,51.27
5,40.76,112.21,50.02
4,40.76,112.21,50.65
6,41.16,111.73,50.02
5,41.16,111.73,50.65
2,40.07,114.49,51.58
3,40.07,114.49,50.33
2,41.08,110.85,54.4
2,41.08,110.85,53.77
2,41.48,110.37,54.4
3,41.48,110.37,53.77
3,41.08,110.85,53.15
3,41.08,110.85,52.52
3,41.48,110.37,53.15
4,41.48,110.37,52.52
2,41.41,109.49,54.4
3,41.41,109.49,53.77
3,41.81,109.01,54.4
3,41.81,109.01,53.77
3,41.41,109.49,53.15
4,41.41,109.49,52.52
5,41.81,109.01,52.52
4,41.81,109.01,53.15
2,40.68,111.33,53.77
2,40.28,111.81,53.15
2,40.28,111.81,52.52
2,40.68,111.33,53.15
3,40.68,111.33,52.52
2,41.33,108.61,55.02
12,42.96,105.36,50.18
13,43.07,104.96,49.96
11,42.97,104.89,50.8
11,42.97,104.92,50.51
6,43.26,105.35,51.84
6,43.18,104.92,52.2
9,42.98,104.91,51.43
10,42.98,104.91,51.12
12,42.88,104.48,50.04
13,43.05,104.04,50
11,42.94,104.47,50.81
12,42.91,104.49,50.49
12,43.06,104.02,50.61
14,43.25,103.16,50
13,43.05,103.56,50.01
14,43.05,102.64,50.02
12,43.06,103.53,50.64
13,43.25,103.15,50.5
13,43.07,102.67,50.64
10,42.93,104.47,51.44
10,42.95,104.48,51.11
11,43.11,104,51.18
10,43.03,104.28,51.46
11,43.04,104.27,51.13
7,43.18,104.46,51.86
10,43.18,104.03,51.55
11,43.1,103.52,51.24
11,43.11,102.67,51.25
3,43.59,103.99,51.87
9,43.27,103.58,51.56
5,43.27,103.55,52.2
3,43.52,103.09,51.88
10,43.25,102.74,51.56
6,43.25,102.74,52.2
7,43.3,102.55,51.88
9,43.13,102.36,51.89
14,43.05,101.82,50.02
13,43.06,101.8,50.63
12,43.07,101.78,51.25
9,43.07,101.78,51.9
13,43.05,100.94,50.64
14,43.25,100.13,50.64
15,43.25,99.2,50.6
14,43.05,99.58,50.65
15,43.05,100.94,50.02
16,43.25,100.13,50.02
16,43.25,99.18,50.01
15,43.05,99.59,50.02
8,43.05,100.93,51.9
5,43.25,100.14,51.9
3,43.05,99.61,51.9
11,43.05,100.93,51.27
9,43.25,100.14,51.26
7,43.25,99.27,51.23
11,43.05,99.59,51.26
14,43.08,98.67,50.65
16,43.25,98.28,50.51
17,43.25,98.29,50.01
16,43.05,98.69,50.02
11,43.12,98.66,51.25
10,43.27,97.84,51.16
13,43.27,96.47,51.23
17,43.25,97.75,50.01
16,43.26,97.79,50.6
2,38.46,116.41,47.83
11,42.21,108.54,48.77
10,42.21,108.54,49.4
11,42.6,108.06,49.4
11,42.6,108.06,48.77
12,42.21,108.54,47.52
12,42.21,108.54,48.15
13,42.6,108.06,47.52
12,42.6,108.06,48.15
11,42.52,107.18,49.4
12,42.52,107.18,48.77
13,42.78,106.71,48.77
13,42.76,105.83,48.77
12,42.78,106.71,49.4
12,42.76,105.83,49.4
14,42.52,107.18,47.52
13,42.52,107.18,48.15
14,42.78,106.71,47.52
15,42.76,105.83,47.52
13,42.78,106.71,48.15
14,42.76,105.83,48.15
7,41.08,110.85,48.77
6,41.08,110.85,49.4
8,41.48,110.37,48.77
7,41.48,110.37,49.4
9,41.08,110.85,47.52
8,41.08,110.85,48.15
10,41.48,110.37,47.52
9,41.48,110.37,48.15
11,41.52,110.81,46.58
9,41.41,109.49,48.15
11,41.81,109.01,48.15
13,42.3,109.87,46.58
10,41.41,109.49,47.52
14,42.21,108.54,46.27
12,41.81,109.01,47.52
13,42.21,108.54,46.9
8,41.41,109.49,48.77
7,41.41,109.49,49.4
10,41.81,109.01,48.77
9,41.81,109.01,49.4
4,39.92,112.73,49.08
5,39.92,112.73,47.83
5,40.28,111.81,48.77
4,40.28,111.81,49.4
6,40.68,111.33,48.77
5,40.68,111.33,49.4
6,40.28,111.81,47.52
6,40.28,111.81,48.15
8,40.68,111.33,47.52
7,40.68,111.33,48.15
2,38.31,114.64,47.83
2,39.11,113.69,49.08
3,39.11,113.69,47.83
16,42.72,104.92,47.52
15,42.72,104.92,48.15
14,42.72,104.92,48.77
13,42.72,104.92,49.4
15,42.66,104.06,48.15
16,42.84,103.59,48.15
16,43.05,103.16,48.14
14,42.66,104.06,48.77
13,42.66,104.06,49.4
15,42.84,103.59,48.77
15,43.05,103.16,48.77
16,42.81,102.67,48.77
14,42.84,103.59,49.4
15,43.05,103.16,49.39
15,42.81,102.67,49.39
17,42.81,102.67,48.14
18,43.05,100.94,48.15
17,43.05,101.82,48.15
16,42.79,101.83,48.77
15,42.79,101.83,49.4
20,43.05,99.18,48.15
17,42.76,100.95,48.77
16,42.76,100.95,49.4
18,43.05,100.13,48.77
18,42.87,99.6,48.77
18,43.05,99.18,48.77
16,43.05,100.13,49.4
17,42.87,99.6,49.4
17,43.05,99.18,49.39
29,41.26,95.32,41.1
17,42.56,100.08,40.69
14,42.61,101.4,40.68
13,42.49,102.25,40.73
13,42.33,102.76,40.78
13,41.77,103.26,40.95
22,41.97,98.36,40.84
24,42.05,97.03,40.81
26,41.67,96.61,40.94
28,41.33,96.2,41.06
2,36.05,119.28,45.33
2,35.09,118.47,44.08
2,35.9,117.52,44.08
2,36.86,118.32,45.33
2,34.45,121.19,45.33
2,35.25,120.24,45.33
2,35.74,115.76,44.08
2,37.51,115.6,45.33
3,36.55,114.8,44.08
14,41.73,108.13,46.27
13,41.73,108.13,46.9
15,42.13,107.66,46.27
14,42.13,107.66,46.9
15,41.73,108.13,45.65
16,41.73,108.13,45.02
16,42.13,107.66,45.65
16,42.13,107.66,45.02
16,42.06,106.77,46.27
15,42.06,106.77,46.9
17,42.47,106.29,46.27
16,42.47,106.3,46.9
17,42.06,106.77,45.02
17,42.06,106.77,45.65
18,42.47,106.29,45.65
18,42.47,106.29,45.02
12,40.57,110.01,45.33
14,40.45,108.69,44.4
14,41.37,109.05,45.33
15,40.85,108.21,44.4
6,38.96,111.93,45.33
4,38.96,111.93,46.58
9,39.76,110.97,45.33
7,39.76,110.97,46.58
6,38,111.12,44.08
9,38.8,110.16,44.08
2,37.35,113.84,45.33
2,38.15,112.88,46.58
4,38.15,112.88,45.33
3,35.59,114,42.82
3,34.09,117.65,42.81
2,34.14,117.67,44.08
2,34.94,116.71,44.08
3,34.94,116.71,42.82
3,34.79,114.95,42.82
3,33.76,117.56,41.55
4,34.86,116.69,41.58
2,33.74,119.49,43.44
2,33.35,119.35,41.54
4,34.69,114.94,41.57
5,35.54,113.99,41.58
3,36.39,113.04,44.08
4,36.39,113.04,42.82
4,37.2,112.08,44.08
6,37.2,112.08,42.82
7,37.04,110.32,42.82
6,36.36,113.03,41.58
7,37.18,112.08,41.58
8,37.02,110.32,41.58
16,41.25,107.73,44.4
16,41.25,107.73,43.77
17,41.65,107.25,44.4
17,41.65,107.25,43.77
14,40.77,107.33,42.52
15,40.77,107.33,43.15
13,41.19,106.85,41.91
16,41.18,106.85,43.15
15,41.18,106.85,42.52
14,41.11,105.98,41.91
16,41.1,105.97,42.52
14,41.5,105.49,41.9
13,41.26,105.08,41.55
16,41.5,105.49,42.52
15,41.43,104.61,41.89
14,41.55,103.71,41.46
15,41.81,104.13,41.88
18,41.58,106.37,43.77
17,41.1,105.97,43.15
18,41.58,106.37,44.4
19,41.98,105.89,44.4
18,41.98,105.89,43.77
18,41.5,105.49,43.15
20,41.9,105.01,43.77
12,39.61,109.21,44.08
10,37.85,109.36,42.82
12,39.61,109.21,42.82
14,39.97,108.29,44.4
14,39.97,108.29,43.77
15,40.37,107.81,44.4
15,40.37,107.81,43.77
14,39.97,108.29,43.15
13,39.98,108.31,42.52
13,40.47,107.81,42.09
15,40.37,107.81,43.15
14,40.37,106.92,42.08
14,40.39,107.82,42.52
11,41.04,106.87,41.21
11,40.97,105.99,41.21
13,41.5,103.72,41.05
12,41.21,105.09,41.13
12,41.45,104.61,41.04
10,39.46,109.18,41.58
11,39.86,108.33,41.58
12,40.3,106.93,41.45
11,40.41,107.82,41.46
10,37.84,109.36,41.58
18,42.42,105.41,46.27
16,42.42,105.41,46.9
18,42.72,104.92,46.27
17,42.72,104.92,46.9
19,42.42,105.41,45.65
19,42.42,105.41,45.02
20,41.9,105.01,44.4
20,42.72,104.92,45.65
21,42.3,104.54,44.4
20,42.72,104.92,45.02
22,43.25,103.16,46.27
21,43.05,103.57,46.27
21,43.25,103.16,46.9
19,43.05,103.57,46.9
19,42.87,104.48,46.27
20,43.05,104.06,46.27
18,42.87,104.48,46.9
19,43.05,104.06,46.9
17,42.66,104.06,47.52
17,42.84,103.59,47.52
18,43.05,103.16,47.52
23,43.25,103.16,45.65
22,43.05,103.57,45.65
24,43.25,103.16,45.02
23,43.05,103.57,45.02
20,42.87,104.48,45.65
21,43.05,104.06,45.65
21,42.87,104.48,45.02
22,43.05,104.06,45.02
22,42.66,104.06,44.4
23,43.05,103.16,44.4
23,42.84,103.59,44.4
21,41.83,104.13,43.77
19,41.42,104.61,43.15
17,41.42,104.61,42.52
20,41.83,104.13,43.15
18,41.83,104.13,42.52
22,42.23,103.65,43.77
23,42.61,103.18,43.77
15,43.05,100.13,41.53
18,42.71,99.14,41.57
17,42.7,100.11,40.82
14,42.78,101.83,41.25
14,42.68,101.4,40.82
15,42.75,100.95,41.25
17,42.76,100.95,41.9
16,42.79,101.83,41.9
15,42.23,103.65,41.9
13,42.39,102.76,40.93
13,42.61,103.18,41.28
14,42.54,102.29,41.27
14,41.82,103.26,41.4
15,42.61,103.18,41.89
16,42.53,102.3,41.9
20,42.23,103.65,43.15
18,42.23,103.65,42.52
21,42.61,103.18,43.15
19,42.61,103.18,42.52
22,42.53,102.3,43.15
20,42.53,102.3,42.52
23,42.79,101.83,43.15
21,42.79,101.83,42.52
25,43.25,101.82,45.33
23,43.05,102.64,45.65
24,42.81,102.67,44.39
24,43.05,102.64,45.02
25,43.05,101.81,44.4
23,43.25,101.82,46.58
22,43.05,102.64,46.27
18,42.81,102.67,47.52
20,43.05,102.64,46.9
19,43.05,101.81,47.52
24,42.53,102.3,43.77
25,42.79,101.83,43.77
26,43.25,100.91,45.35
27,43.25,100.13,44.08
26,43.05,100.94,44.39
26,43.05,100.94,43.77
19,43.05,100.13,48.15
22,43.25,100.13,47.52
24,43.25,100.91,46.57
20,43.05,100.93,47.52
24,42.76,100.95,43.15
22,42.76,100.95,42.52
24,43.05,100.13,42.82
29,41.02,95.35,40.48
19,42.27,100.12,40.38
15,42.53,101.43,40.37
14,42.24,101.9,40.38
12,42.18,102.79,40.38
12,41.51,102.84,40.44
21,41.56,99.3,40.43
25,41.4,97.52,40.44
28,41.11,96.22,40.47
28,40.74,95.81,40.5
2,32.6,115.72,40.57
3,33.06,114.07,40.57
4,34.34,113.16,40.58
5,35.24,112.22,40.58
6,36.12,111.27,40.58
7,35.97,109.51,40.58
8,40.71,106.45,40.51
9,40.64,105.57,40.51
8,39.97,106.5,40.57
10,41.26,103.75,40.46
9,40.93,105.11,40.49
10,40.98,104.22,40.48
7,38.65,108.4,40.59
7,39.49,107.46,40.58
8,36.84,108.56,40.59
23,43.25,94.71,48.77
21,43.25,94.7,49.39
19,42.85,98.71,48.77
19,43.05,98.28,48.77
17,42.85,98.71,49.4
18,43.05,98.28,49.39
20,43.05,97.75,48.77
20,43.25,96.94,48.77
21,43.25,96.06,48.77
18,43.05,97.75,49.39
19,43.25,96.94,49.39
20,43.25,96.05,49.39
23,43.25,96.94,48.14
30,43.25,94.71,46.9
32,43.25,94.71,46.27
34,43.25,93.81,45.65
34,43.25,92.86,45.65
34,43.25,93.81,45.02
34,43.25,92.86,45.03
31,43.25,93.81,46.9
33,43.25,93.81,46.27
34,43.25,93.41,44.4
34,43.05,93.81,44.4
35,43.25,93.41,43.77
35,43.05,93.81,43.77
35,42.85,93.83,43.15
35,43.05,93.41,43.15
19,42.87,99.6,48.15
20,42.85,98.71,48.15
22,43.05,99.18,47.52
22,43.05,99.59,47.52
21,43.05,98.28,48.15
23,43.05,98.69,47.52
27,43.25,99.05,46.57
25,43.25,98.28,47.52
25,43.25,97.75,47.52
21,43.05,97.75,48.14
26,43.25,96.94,47.52
28,43.25,99,45.33
33,43.25,94.3,45.65
32,43.25,95.23,45.65
32,43.05,94.71,45.65
33,43.25,94.3,45.02
32,43.25,95.23,45.02
33,43.05,94.71,45.02
29,43.05,99.05,44.09
29,43.25,98.27,43.86
31,43.25,97.34,44.08
29,43.05,97.75,43.14
23,42.49,96.53,41.9
27,42.79,96.94,42.52
31,43.05,96.93,43.14
32,43.25,96.05,44.39
32,43.25,96.05,43.77
28,42.77,96.06,42.52
32,43.05,96.05,43.14
28,41.61,95.73,41.42
26,42.01,96.13,41.9
34,43.05,94.3,44.4
33,43.05,95.23,44.4
34,42.88,94.72,44.4
35,43.05,94.3,43.77
34,43.05,95.23,43.77
34,42.88,94.72,43.77
30,42.44,95.65,42.52
33,42.73,95.16,43.15
34,42.69,94.3,43.15
30,42.73,95.16,42.52
31,42.68,94.3,42.52
25,42.34,94.77,41.9
28,42.26,93.89,41.9
30,41.9,94.37,41.36
33,41.82,93.49,41.37
28,41.94,95.25,41.9
30,41.54,94.86,41.46
26,42.71,99.14,42.83
27,43.05,98.28,42.82
27,42.82,97.78,42.52
27,42.54,97.41,42.52
21,42.22,98.34,41.61
26,41.68,96.61,41.39
24,42.09,97.01,41.9
22,42.11,97.02,41.3
27,41.6,96.61,41.88
28,41.34,96.19,41.48
30,41.28,95.31,41.52
16,42.89,92.92,41.87
18,42.98,92.68,42.1
3,43.15,92.59,41.77
33,42.6,92.53,41.27
35,42.34,92.12,40.91
36,42.66,91.69,40.82
22,42.64,93.41,41.9
33,42.19,93.01,41.27
33,42.64,93.41,42.52
35,43.05,92.86,44.4
35,43.25,92.07,44.41
36,43.43,90.36,44.47
34,43.46,90.19,44.82
36,43.05,92.86,43.77
36,43.25,92.06,43.78
32,43.66,90.1,44.7
35,43.66,90.28,44.4
33,43.89,90.32,44.39
16,43.9,90.06,44.99
37,43.43,90.36,43.84
36,43.66,90.28,43.78
35,43.88,90.32,43.77
36,43.05,92.87,43.15
36,43.25,92.06,43.18
31,44.58,90.02,43.15
37,43.43,90.36,43.17
36,43.66,90.28,43.15
35,43.88,90.32,43.14
3,44.29,86.62,42.52
4,43.69,86.95,42.52
22,43.42,87.18,42.51
27,43.08,92.89,42.55
36,43.26,92.02,42.65
7,44.36,87.5,42.52
14,44.44,88.38,42.52
24,44.52,89.26,42.52
31,44.58,90.02,42.52
37,43.43,90.36,42.52
36,43.66,90.28,42.52
34,43.88,90.32,42.51
32,42.91,92.05,41.28
10,43.3,91.94,41.77
10,43.18,92.19,42.11
36,43.07,91.58,41.42
37,42.88,91.18,40.76
40,43.3,87.18,41.84
4,43.97,87.12,41.9
24,43.46,87.32,41.87
18,43.96,87.98,41.9
26,44.04,88.86,41.9
31,44.11,89.74,41.9
34,43.9,90.1,41.9
36,43.19,91.51,41.77
36,43.13,91.13,41.25
33,43.16,91.82,42.18
36,43.27,91.01,41.81
37,43.26,91.16,42.2
36,43.47,90.23,41.88
37,43.3,90.36,41.86
41,43.2,87.32,41.23
42,42.95,87.45,40.64
42,43.07,87.48,40.81
41,43.1,87.61,40.48
28,43.48,87.63,41.27
41,43.1,88.51,40.49
42,42.89,88.05,40.75
38,43.17,88.04,40.82
36,43.27,90.53,41.24
37,43.21,90.23,41.24
37,43.11,90.7,41.16
36,43.6,90.01,41.27
34,43.64,89.34,41.27
32,43.56,88.45,41.27
41,42.92,88.94,40.74
38,43.2,88.93,40.82
39,43.18,89.42,40.57
40,43.11,89.41,40.49
37,43.26,89.79,40.81
37,43.21,90.24,40.75
38,43.18,90.21,40.56
37,43.15,90.37,40.66
37,43,90.69,40.73
39,42.95,89.83,40.69
38,43.14,90.2,40.45
31,41.18,94.44,41.14
31,41.43,93.97,41.04
33,42.06,93.03,40.79
32,41.34,93.09,41.05
35,42,92.15,40.82
36,42.46,91.61,40.71
38,42.53,90.75,40.69
29,40.93,94.47,40.48
31,41.16,93.57,40.46
31,41.06,92.69,40.46
33,41.8,92.61,40.4
34,41.71,91.73,40.41
36,42.12,91.26,40.39
43,42.76,86.8,40.39
43,42.79,87.65,40.4
41,42.84,88.53,40.39
40,42.87,89.41,40.38
39,42.97,90.08,40.37
38,42.83,90.38,40.38
37,42.36,90.79,40.38
26,44.58,90.02,44.39
6,44.14,89.73,45
5,43.67,89.45,45.05
32,43.45,89.41,44.84
31,44.58,90.02,43.77
7,45.4,89.18,44.4
4,45.76,88.26,44.08
4,45.24,87.42,44.4
14,45.17,86.54,44.4
2,44.92,88.78,45.02
2,44.84,87.9,45.02
3,44.76,87.02,45.02
3,43.52,87.87,45.18
16,45,89.68,44.4
2,44.53,89.25,45.03
2,43.68,88.87,45.08
32,43.5,88.89,44.82
2,43.52,88.44,45.13
24,45,89.68,43.77
25,44.52,89.26,43.15
11,44.9,88.78,43.78
6,44.84,87.9,43.77
8,44.76,87.02,43.77
15,44.69,86.14,43.77
5,43.52,86.87,43.84
15,44.44,88.38,43.15
8,44.36,87.5,43.15
6,44.29,86.62,43.15
6,43.69,86.96,43.15
23,43.42,87.18,43.19
41,43.26,86.88,41.84
42,43.11,86.98,41.23
43,42.87,87.16,40.79
44,42.5,86.37,40.36
5,48.26,82.08,51.9
5,48.77,81.86,51.91
4,48.21,81.66,51.93
7,48.53,84.47,51.9
6,47.9,82.35,51.9
9,47.98,83.19,51.9
9,48.06,84.07,51.9
5,48.77,81.86,51.3
6,48.26,82.07,51.27
4,48.22,81.66,51.35
6,48.12,85.88,51.38
7,47.9,82.34,51.27
10,47.98,83.19,51.27
11,48.06,84.07,51.27
7,48.19,85.51,51.26
9,48.13,84.95,51.27
5,48.26,81.82,50.69
2,47.41,81.65,50.81
12,47.98,83.19,50.65
7,48.58,85.71,50.74
7,48.12,85.89,50.79
2,46.56,87.85,50.3
7,48.13,85.9,50.42
6,48.32,82.02,50.14
4,48.3,81.8,49.88
10,48.38,82.71,50.02
8,47.9,82.31,49.4
3,47.82,81.43,49.4
8,47.9,82.33,50.64
4,48.29,81.78,50.29
2,47.42,81.64,50.43
7,47.67,85.96,50.32
8,48.2,85.55,50.61
2,47.82,81.44,49.88
3,47.43,81.65,50.18
2,47.35,81.03,48.77
12,48.06,84.07,50.65
12,48.46,83.59,50.02
10,48.86,83.11,49.4
13,47.98,83.19,50.02
10,48.38,82.71,49.4
10,48.13,84.95,50.65
5,49.08,85.53,50.19
6,48.59,85.76,50.31
7,48.61,85.32,50.64
6,48.6,85.8,50.2
10,48.53,84.47,50.02
10,48.94,83.99,49.4
4,49.49,85.27,48.77
4,49.1,85.76,49.93
4,49.49,85.27,49.4
7,49.01,84.87,50.02
7,49.41,84.39,49.4
6,48.18,85.98,50.17
5,47.75,86.48,50.31
3,48.69,86.22,49.88
3,48.27,86.76,50.11
2,47.87,87.23,50.1
4,47.36,86.93,50.31
2,44.1,83.97,42.52
2,46.87,80.62,46.9
3,46.94,81.5,46.9
2,47.35,81.03,48.15
4,48.7,81.35,47.52
5,48.3,81.83,48.77
4,48.7,81.35,48.15
3,47.82,81.43,48.77
3,48.23,80.95,48.15
3,48.23,80.95,47.52
2,47.35,81.03,47.52
6,47.42,81.91,48.77
13,47.5,82.79,49.4
8,47.9,82.31,48.77
4,47.86,81.87,46.58
3,47.06,82.82,45.33
5,49.66,82.15,47.52
5,49.18,81.75,47.52
7,48.78,82.23,48.77
5,49.18,81.75,48.15
8,49.26,82.63,48.77
6,49.66,82.15,48.15
10,48.86,83.11,48.77
10,48.38,82.71,48.77
2,49.57,86.15,48.77
2,49.17,86.63,48.77
9,48.94,83.99,48.77
7,49.41,84.39,48.77
3,49.68,85.25,47.83
3,50.06,84.69,47.83
5,49.78,83.47,47.83
4,47.37,86.35,44.08
2,48.32,87.15,45.33
11,46.45,85.98,45.02
9,46.85,85.5,45.02
5,46.7,83.74,45.02
3,47.21,84.59,44.08
7,46.29,84.22,45.02
2,49.13,86.19,46.58
3,48.17,85.39,45.33
3,48.97,84.43,46.58
4,48.82,82.67,46.58
3,48.02,83.63,45.33
7,46.7,83.74,45.65
12,46.37,85.1,45.02
2,45.76,88.26,45.33
5,46.56,87.3,44.08
6,45.64,86.94,45.02
2,47.52,88.11,45.33
2,43.53,86.97,45.13
16,45.57,86.06,44.4
11,46.05,86.46,45.02
15,45.49,85.18,44.4
16,45.97,85.58,45.02
4,45.64,86.94,45.65
9,45.17,86.54,45.02
2,44.46,83.5,43.15
8,45.41,84.3,44.4
12,45.89,84.7,45.02
2,46.46,81.1,46.27
3,46.54,81.98,46.27
3,46.14,82.46,45.65
10,46.29,84.22,45.65
5,46.22,83.34,45.65
2,45.74,82.94,45.02
6,45.82,83.82,45.02
3,45.34,83.42,44.4
3,43.53,86.22,44.44
15,43.98,86.21,43.77
6,43.73,86.22,43.14
6,43.53,86.22,43.79
13,45.09,85.66,43.77
10,45.01,84.78,43.77
4,44.93,83.9,43.77
23,44.24,85.74,43.77
2,43.7,83.6,43.15
2,43.52,83.61,43.77
8,44.61,85.26,43.15
3,44.14,84.86,42.52
5,44.53,84.38,43.15
3,43.89,84.48,42.55
8,43.69,85.47,43.05
22,43.51,85.38,43.25
16,43.91,85.33,43.14
4,43.68,83.93,43
12,43.51,84.08,43.11
16,43.64,84.57,42.91
33,43.44,84.52,42.94
43,42.81,86.32,40.8
40,43.25,86.22,41.85
41,43.06,86.25,41.23
39,43.25,85.4,41.17
41,43.05,85.43,40.68
43,42.76,86.32,40.62
42,42.69,85.44,40.65
43,42.74,85.9,40.36
42,42.78,85,40.37
39,43.25,84.61,41.2
39,43.05,84.63,40.69
38,43.25,84.05,41.21
37,43.25,83.65,40.55
39,43.05,84.06,40.69
38,43.08,84.07,40.38
41,42.63,84.55,40.67
39,42.71,84.12,40.38
39,42.89,83.65,40.39
37,43.25,83.16,40.55
3,48.78,81.86,53.15
4,48.26,82.08,53.15
5,47.9,82.35,53.15
3,48.22,81.66,53.15
6,47.5,82.79,53.15
7,47.58,83.67,53.15
4,48.78,81.86,52.52
5,48.26,82.08,52.52
5,47.9,82.35,52.52
4,48.22,81.66,52.53
7,47.65,84.55,53.15
4,49.01,84.87,53.15
4,49.01,84.87,52.52
5,48.53,84.47,53.15
6,48.53,84.47,52.52
2,49.94,85.74,52.57
3,49.49,85.69,53.28
4,49.13,85.5,52.78
6,48.57,85.68,51.31
4,49.12,85.71,51.94
6,48.61,85.31,51.9
4,49.08,85.88,52.92
6,48.51,85.88,51.99
7,47.5,82.79,52.52
8,47.58,83.67,52.52
8,47.65,84.55,52.52
2,47.43,82.1,55.64
2,47.02,82.4,55.65
2,48.78,81.86,54.4
3,48.26,82.08,54.4
3,47.9,82.35,54.4
2,48.22,81.66,54.4
4,47.5,82.79,54.4
2,48.22,81.86,55.02
2,47.43,82.1,55.02
2,47.41,81.66,55.02
2,47.02,82.4,55.02
2,47.5,82.79,55.65
3,48.46,83.59,54.4
2,48.86,83.11,55.02
3,47.98,83.19,54.4
2,48.38,82.71,55.02
3,47.5,82.79,55.02
4,48.06,84.07,54.4
4,47.58,83.67,54.4
2,47.1,83.27,55.65
2,46.7,83.74,56.27
2,46.29,84.22,56.9
3,47.1,83.27,55.02
2,48.98,84.47,55.35
3,49.08,85.5,55.02
2,49.85,85.68,55.36
2,48.14,85.21,56.58
3,49.1,85.88,55.14
2,48.16,85.88,56.58
3,48.78,81.86,53.77
3,48.26,82.08,53.77
4,47.9,82.35,53.77
3,48.22,81.66,53.77
3,49.01,84.87,54.4
3,48.53,84.47,54.4
3,49.01,84.87,53.77
4,48.53,84.47,53.77
2,49.9,85.68,54.1
3,49.09,85.48,54.09
4,49.1,85.88,54.12
5,47.5,82.79,53.77
5,47.58,83.67,53.77
6,47.65,84.55,53.77
2,42.61,103.18,57.52
2,42.53,102.3,57.52
2,42.48,101.41,57.52
2,42.43,100.53,57.52
2,43.42,94.93,51.88
5,43.37,95.47,51.44
2,43.54,95.97,52.2
4,43.52,95.21,52.2
3,43.37,95.47,52.32
6,43.09,98.69,54.38
7,43.25,98.3,54.21
6,43.25,98.3,53.75
6,43.05,98.7,53.77
4,42.93,98.61,55.8
4,42.92,98.79,55.58
4,43.18,98.49,55.48
5,42.92,98.79,55.14
5,42.93,98.64,54.89
4,43.18,98.49,55.23
6,43.07,98.66,53.15
4,43.25,98.29,53.28
5,43.26,97.79,53.19
3,43.11,98.66,52.53
3,43.27,96.48,52.53
7,43.25,97.76,53.75
8,43.25,97.8,54.31
2,43.5,98.21,55.48
3,43.25,97.84,55.7
2,43.5,98.2,55.23
6,43.25,97.84,55.06
3,43.13,97.85,55.86
2,43.27,96.96,55.98
2,43.42,97.34,55.7
2,43.31,96.94,55.82
3,43.41,97.34,55.06
6,43.12,97.84,54.85
8,43.27,97.02,54.76
6,43.23,96.94,55.06
3,42.82,97.78,56.89
2,42.54,97.41,57.52
3,42.86,97.81,56.25
3,43.08,96.92,56.32
3,43.05,96.93,56.91
2,42.79,96.94,57.52
2,42.49,96.53,58.15
8,43.27,96.47,54.4
2,42.44,95.65,58.15
2,42.77,96.06,57.52
3,43.05,96.05,56.91
4,43.25,95.22,56.92
3,43.05,95.23,57.52
4,43.25,94.28,56.91
3,43.05,94.7,56.9
3,42.88,94.72,57.52
3,43.05,94.3,57.52
2,43.38,96.45,55.7
2,43.27,96.07,55.99
3,43.21,96.04,55.7
3,43.13,96.47,55.82
3,43.07,96.07,56.33
7,43.28,96.04,54.77
6,43.15,96.47,54.86
3,43.38,96.46,55.23
6,43.21,96.04,55.06
2,43.27,95.5,55.96
4,43.26,95.15,56.39
4,43.09,95.56,56.22
3,43.3,94.93,55.56
3,43.29,95.03,55.82
2,43.34,95.54,55.7
7,43.27,95.52,54.77
6,43.29,95.03,54.94
4,43.34,95.53,55.06
4,43.3,94.93,55.12
5,43.26,94.61,55.69
4,43.25,94.26,56.3
4,43.06,94.7,56.28
4,43.25,93.8,56.28
3,43.25,93.4,56.9
3,43.05,93.81,56.9
3,42.85,93.83,57.52
2,43.05,93.41,57.52
3,43.25,92.87,56.28
2,43.05,92.86,56.9
2,42.83,92.9,57.52
6,43.27,94.61,54.97
3,42.75,104.93,54.41
4,42.72,104.92,53.77
5,42.74,104.94,53.13
6,42.75,104.92,52.48
3,42.67,104.06,54.4
4,42.67,104.06,53.77
4,42.85,103.56,53.79
4,43.05,103.15,53.67
4,42.82,102.69,53.79
3,42.89,103.57,54.43
4,42.87,102.71,54.41
6,42.68,104.08,52.47
5,42.67,104.06,53.14
6,42.92,103.61,52.45
7,42.88,102.71,52.49
5,42.88,103.59,53.09
5,43.07,103.15,53.27
5,42.84,102.69,53.12
2,42.3,104.54,56.9
2,42.3,104.54,56.27
2,42.3,104.54,55.65
3,42.3,104.54,55.02
2,42.23,103.65,56.9
2,42.23,103.65,56.27
2,42.61,103.18,56.89
2,42.53,102.3,56.9
2,42.62,103.18,56.26
3,42.55,102.29,56.26
2,42.23,103.65,55.65
3,42.23,103.65,55.02
3,42.63,103.18,55.65
3,42.56,102.29,55.65
3,42.63,103.18,55.02
3,42.56,102.29,55.02
5,42.8,101.83,53.14
6,42.81,101.83,52.52
4,42.81,101.83,54.4
4,42.79,101.83,53.77
5,42.76,100.95,53.15
6,42.76,100.95,52.52
5,43.05,100.13,53.15
6,42.87,99.6,53.15
5,43.05,99.19,53.16
4,43.05,100.13,52.52
6,42.87,99.6,52.52
3,43.06,99.23,52.55
4,42.76,100.95,54.4
5,42.76,100.95,53.77
5,43.05,100.13,54.39
5,42.9,99.54,54.43
6,43.08,99.17,54.26
5,43.05,100.12,53.77
6,42.87,99.6,53.77
6,43.05,99.18,53.77
3,42.48,101.41,55.65
3,42.48,101.41,55.02
2,42.48,101.41,56.9
3,42.48,101.41,56.27
3,42.43,100.53,55.65
4,42.43,100.53,55.02
4,42.72,100.04,55.65
4,42.69,99.18,55.64
4,42.72,100.04,55.02
5,42.7,99.17,55.02
2,42.43,100.53,56.9
3,42.43,100.53,56.27
2,42.72,100.04,56.9
2,42.68,99.18,56.89
3,42.72,100.04,56.27
3,42.69,99.18,56.27
2,42.62,98.3,56.89
3,42.63,98.3,56.27
2,42.32,99.65,57.52
2,42.24,98.77,57.52
2,42.17,97.89,57.52
3,43.52,90.85,50.64
17,43.26,95.58,50.68
16,43.27,95.52,51.17
19,43.25,94.69,50
18,43.25,94.67,50.6
14,43.26,94.6,51.9
16,43.25,94.62,51.19
2,39.42,117.21,50.33
2,39.27,115.45,50.33
7,42.21,108.54,51.27
6,42.21,108.54,51.9
8,42.6,108.06,51.27
7,42.6,108.06,51.9
8,42.21,108.54,50.65
9,42.21,108.54,50.02
9,42.6,108.06,50.65
10,42.6,108.06,50.02
7,42.52,107.18,51.9
8,42.52,107.18,51.27
7,42.82,106.68,51.89
7,42.85,105.82,51.88
9,42.82,106.68,51.27
9,42.83,105.82,51.27
9,42.8,105.16,51.43
10,42.8,105.16,51.11
9,42.52,107.18,50.65
10,42.52,107.18,50.02
10,42.81,106.68,50.65
10,42.81,105.82,50.63
10,42.8,105.16,50.8
11,42.8,105.16,50.49
11,42.79,106.7,50.03
11,42.79,105.81,50.04
3,41.73,108.13,54.4
3,41.73,108.13,53.77
3,42.13,107.66,54.4
4,42.13,107.66,53.77
4,41.73,108.13,52.52
4,41.73,108.13,53.15
4,42.13,107.66,53.15
5,42.13,107.66,52.52
3,42.06,106.77,54.4
3,42.06,106.77,53.77
3,42.48,106.3,54.4
3,42.4,105.41,54.39
4,42.47,106.29,53.77
4,42.42,105.41,53.77
4,42.06,106.77,53.15
5,42.06,106.77,52.52
5,42.48,106.29,53.15
5,42.4,105.41,53.15
6,42.48,106.29,52.53
6,42.38,105.4,52.5
2,41.25,107.73,55.02
2,41.65,107.25,55.65
2,41.65,107.25,55.02
2,41.58,106.37,55.65
2,41.58,106.37,55.02
2,41.98,105.89,55.65
2,41.9,105.01,55.65
2,41.98,105.89,55.02
2,41.9,105.01,55.02
2,41.98,105.89,56.27
2,41.9,105.01,56.27
4,41.08,110.85,51.9
5,41.08,110.85,51.27
5,41.48,110.37,51.9
5,41.48,110.37,51.27
6,41.08,110.85,50.02
5,41.08,110.85,50.65
7,41.48,110.37,50.02
6,41.48,110.37,50.65
5,41.41,109.49,51.9
5,41.41,109.49,51.27
6,41.81,109.01,51.27
5,41.81,109.01,51.9
7,41.41,109.49,50.02
6,41.41,109.49,50.65
7,41.81,109.01,50.65
8,41.81,109.01,50.02
2,39.92,112.73,51.58
3,39.92,112.73,50.33
2,40.28,111.81,51.9
3,40.28,111.81,51.27
3,40.68,111.33,51.9
4,40.68,111.33,51.27
4,40.28,111.81,50.02
3,40.28,111.81,50.65
5,40.68,111.33,50.02
4,40.68,111.33,50.65
2,39.11,113.69,50.33
2,40.6,110.45,53.77
2,41.01,109.97,54.4
2,41.01,109.97,53.77
2,40.6,110.45,53.15
3,40.6,110.45,52.52
3,41.01,109.97,53.15
3,41.01,109.97,52.52
2,40.93,109.09,54.4
2,40.93,109.09,53.77
2,41.33,108.61,54.4
3,41.33,108.61,53.77
3,40.93,109.09,53.15
3,40.93,109.09,52.52
4,41.33,108.61,52.52
3,41.33,108.61,53.15
12,42.73,104.93,50.03
10,42.56,104.96,50.8
10,42.56,104.96,50.49
10,42.76,104.72,50.8
11,42.77,104.72,50.48
8,42.77,104.93,51.86
8,42.56,104.96,51.43
9,42.56,104.96,51.11
9,42.76,104.7,51.44
10,42.76,104.72,51.11
12,42.66,104.06,50.02
11,42.67,104.06,50.65
13,42.84,103.59,50.02
14,43.05,103.16,50.01
13,42.81,102.67,50.02
12,42.85,103.56,50.67
13,43.06,103.16,50.53
12,42.84,102.7,50.67
9,42.7,104.08,51.33
8,42.78,104.08,51.89
10,42.9,103.58,51.34
11,42.88,102.71,51.29
7,43.11,103.6,51.88
8,43.12,102.83,51.88
9,42.86,102.62,51.89
14,42.79,101.83,50.02
13,42.8,101.83,50.65
11,42.81,101.83,51.27
9,42.81,101.83,51.9
14,42.76,100.95,50.02
13,42.76,100.95,50.65
14,43.05,100.13,50.64
14,42.88,99.59,50.66
14,43.07,99.19,50.62
15,43.05,100.13,50.02
15,42.87,99.6,50.02
16,43.05,99.18,50.02
9,42.76,100.95,51.9
11,42.76,100.95,51.27
6,43.05,100.13,51.9
6,42.87,99.6,51.9
2,43.07,99.25,51.9
11,43.05,100.13,51.27
12,42.88,99.59,51.26
11,43.08,99.22,51.26
6,42.91,98.72,51.89
2,43.19,98.48,51.88
12,42.92,98.66,51.29
14,42.88,98.68,50.68
15,43.07,98.28,50.52
16,42.85,98.71,50.02
16,43.05,98.29,50.02
3,43.25,97.81,51.56
2,43.43,97.34,51.56
4,43.36,96.45,51.56
8,43.3,96.02,51.44
2,43.36,96.45,52.2
2,43.3,96.02,52.32
12,43.14,97.82,51.24
14,43.27,96.94,51.13
16,43.27,96.1,51.13
13,43.12,96.47,51.33
17,43.05,97.75,50.02
18,43.25,96.94,50
18,43.25,96.05,50
15,43.09,97.78,50.62
16,43.25,96.91,50.58
17,43.25,96.09,50.57
10,41.73,108.13,48.77
9,41.73,108.13,49.4
10,42.13,107.66,49.4
11,42.13,107.66,48.77
12,41.73,108.13,47.52
11,41.73,108.13,48.15
13,42.13,107.66,47.52
12,42.13,107.66,48.15
10,42.06,106.77,49.4
11,42.06,106.77,48.77
13,42.47,106.3,48.77
13,42.42,105.41,48.77
12,42.47,106.29,49.4
12,42.42,105.41,49.4
14,42.06,106.77,47.52
13,42.06,106.77,48.15
14,42.47,106.3,47.52
15,42.42,105.41,47.52
13,42.47,106.3,48.15
14,42.42,105.41,48.15
6,40.6,110.45,48.77
5,40.6,110.45,49.4
7,41.01,109.97,48.77
6,41.01,109.97,49.4
8,40.6,110.45,47.52
7,40.6,110.45,48.15
9,41.01,109.97,47.52
8,41.01,109.97,48.15
10,40.57,110.01,46.58
9,40.93,109.09,47.52
8,40.93,109.09,48.15
11,41.33,108.61,47.52
10,41.33,108.61,48.15
12,41.37,109.05,46.58
7,40.93,109.09,48.77
6,40.93,109.09,49.4
9,41.33,108.61,48.77
7,41.33,108.61,49.4
2,38.96,111.93,49.08
3,38.96,111.93,47.83
4,39.76,110.97,49.08
5,39.76,110.97,47.83
2,38.15,112.88,47.83
16,42.3,104.54,47.52
15,42.3,104.54,48.15
14,42.3,104.54,48.77
12,42.3,104.54,49.4
15,42.23,103.65,48.15
16,42.61,103.18,48.15
14,42.23,103.65,48.77
13,42.23,103.65,49.4
15,42.61,103.18,48.77
16,42.53,102.3,48.77
14,42.61,103.18,49.4
14,42.53,102.3,49.4
17,42.53,102.3,48.15
18,42.76,100.95,48.15
17,42.79,101.83,48.15
16,42.48,101.41,48.77
15,42.48,101.41,49.4
20,42.67,99.18,48.15
17,42.43,100.53,48.77
15,42.43,100.53,49.4
17,42.72,100.04,48.77
18,42.67,99.18,48.77
16,42.72,100.04,49.4
17,42.67,99.18,49.4
29,40.95,95.35,41.2
18,42.09,100.12,40.84
15,42.36,101.43,40.75
15,42.1,101.89,40.85
13,42.07,102.79,40.84
14,41.44,102.84,41.08
21,41.4,99.3,41.04
25,41.25,97.52,41.08
28,41.02,96.22,41.18
28,40.68,95.81,41.29
2,34.79,114.95,44.08
2,35.59,114,44.08
14,41.25,107.73,46.27
12,41.25,107.73,46.9
15,41.65,107.25,46.27
14,41.65,107.25,46.9
15,41.25,107.73,45.65
15,41.25,107.73,45.02
16,41.65,107.25,45.65
16,41.65,107.25,45.02
15,41.58,106.37,46.27
14,41.58,106.37,46.9
17,41.98,105.89,46.27
15,41.98,105.89,46.9
17,41.58,106.37,45.02
17,41.58,106.37,45.65
18,41.98,105.89,45.65
18,41.98,105.89,45.02
10,39.61,109.21,45.33
13,40.41,108.25,45.33
4,38,111.12,45.33
3,38,111.12,46.58
7,38.8,110.16,45.33
5,38.8,110.16,46.58
4,37.04,110.32,44.08
7,37.85,109.36,44.08
2,37.2,112.08,45.33
2,33.83,114.15,42.82
3,34.63,113.19,42.82
2,33.6,116.01,43.47
3,33.2,115.83,41.54
3,33.52,114.12,41.54
4,34.52,113.18,41.57
2,35.44,112.23,44.08
3,35.44,112.23,42.82
3,36.24,111.28,44.08
5,36.24,111.28,42.82
5,36.09,109.52,42.82
5,35.36,112.23,41.58
7,36.2,111.27,41.58
7,36.04,109.51,41.58
16,40.77,107.33,44.4
16,40.77,107.33,43.77
17,41.18,106.85,44.4
17,41.18,106.85,43.77
15,40.3,106.93,42.52
16,40.3,106.93,43.15
14,40.73,106.45,41.99
14,40.04,106.5,42.14
16,40.7,106.45,43.15
15,40.7,106.45,42.52
15,40.66,105.57,42
16,40.62,105.57,42.52
15,41.05,105.1,41.93
17,41.02,105.09,42.52
16,40.97,104.22,41.94
16,41.36,103.74,41.88
18,41.1,105.97,43.77
17,40.62,105.57,43.15
18,41.1,105.97,44.4
19,41.5,105.49,44.4
19,41.5,105.49,43.77
18,41.02,105.09,43.15
20,41.42,104.61,43.77
11,38.65,108.4,44.08
8,36.89,108.56,42.82
12,38.65,108.4,42.82
14,39.45,107.45,44.08
14,39.47,107.45,42.8
11,40.7,106.45,41.31
12,40.63,105.57,41.32
12,39.97,106.5,41.53
13,41.22,103.75,41.15
12,40.91,105.11,41.24
13,40.95,104.22,41.23
11,38.65,108.4,41.59
12,39.48,107.46,41.57
9,36.87,108.56,41.58
17,41.9,105.01,46.27
16,41.9,105.01,46.9
18,42.3,104.54,46.27
17,42.3,104.54,46.9
18,41.9,105.01,45.65
19,41.9,105.01,45.02
20,41.42,104.61,44.4
20,42.3,104.54,45.65
21,41.83,104.13,44.4
20,42.3,104.54,45.02
21,43.05,103.16,46.27
20,42.84,103.59,46.27
20,43.05,103.16,46.9
19,42.84,103.59,46.9
19,42.66,104.06,46.27
16,42.23,103.65,47.52
18,42.66,104.06,46.9
17,42.61,103.18,47.52
22,43.05,103.16,45.65
21,42.84,103.59,45.65
23,43.05,103.16,45.02
22,42.84,103.59,45.02
21,42.66,104.06,45.65
22,42.23,103.65,44.4
21,42.66,104.06,45.02
23,42.61,103.18,44.4
21,41.35,103.73,43.77
19,40.94,104.21,43.15
18,40.94,104.21,42.52
20,41.35,103.73,43.15
18,41.35,103.73,42.52
22,41.75,103.25,43.77
23,42.15,102.77,43.77
18,42.34,100.11,41.6
17,42.48,101.41,41.9
15,42.48,101.42,41.25
16,41.74,103.25,41.89
15,41.49,102.84,41.5
14,42.18,102.78,41.31
15,42.11,101.9,41.33
16,42.15,102.77,41.9
17,42.07,101.89,41.9
21,41.75,103.25,43.15
19,41.75,103.25,42.52
22,42.15,102.77,43.15
20,42.15,102.77,42.52
23,42.07,101.89,43.15
21,42.07,101.89,42.52
24,42.48,101.41,43.15
22,42.48,101.41,42.52
24,42.53,102.3,44.4
23,42.81,102.67,45.65
23,42.81,102.67,45.02
24,43.05,101.82,45.33
25,42.79,101.83,44.4
18,42.53,102.3,47.52
21,42.81,102.67,46.27
20,42.81,102.67,46.9
22,43.05,101.82,46.58
19,42.79,101.83,47.52
24,42.07,101.89,44.4
25,42.48,101.41,44.4
24,42.07,101.89,43.77
25,42.48,101.41,43.77
27,43.25,100.1,45.31
26,43.05,100.91,45.35
26,42.76,100.95,44.4
26,42.76,100.95,43.77
27,43.05,100.13,44.08
25,43.25,100.1,46.6
19,42.72,100.04,48.15
21,43.05,100.13,47.52
20,42.76,100.95,47.52
23,43.05,100.91,46.57
25,42.32,100.11,42.83
22,41.47,99.28,41.77
28,40.65,94.93,40.5
12,41.19,102.87,40.47
16,41.67,101.06,40.43
13,41.81,102.37,40.42
19,40.67,100.26,40.51
23,40.56,98.48,40.51
26,40.36,96.73,40.52
26,40.22,95.4,40.54
3,32.36,112.39,40.57
5,33.83,110.52,40.58
7,34.91,108.71,40.58
8,39.68,106.53,40.58
9,40.15,105.17,40.55
8,40.22,106.05,40.55
11,40.91,103.33,40.5
9,40.58,104.69,40.52
11,40.51,103.81,40.53
9,39.82,104.76,40.57
8,37.67,107.6,40.59
8,38.49,106.64,40.59
8,35.81,107.75,40.58
33,43.25,92.86,46.27
31,43.25,92.86,46.9
27,43.25,96.06,47.52
28,43.25,94.71,47.52
24,43.25,96.06,48.14
26,43.25,94.71,48.14
22,43.25,95.24,48.77
20,43.25,95.23,49.39
29,43.25,93.81,47.52
26,43.25,93.81,48.15
23,43.25,94.3,48.77
22,43.05,94.71,48.77
21,43.25,94.3,49.39
20,43.05,94.71,49.39
24,43.25,93.81,48.77
21,43.25,93.81,49.39
19,42.62,98.3,48.77
17,42.62,98.3,49.4
19,42.82,97.78,48.77
18,42.82,97.78,49.39
20,43.05,96.94,48.77
21,43.05,96.06,48.77
19,43.05,96.94,49.39
19,43.05,96.05,49.39
22,43.05,96.94,48.15
35,43.25,92.07,45.66
35,43.25,92.07,45.04
30,43.25,95.24,46.9
32,43.25,95.23,46.27
30,43.25,94.3,46.9
28,43.05,94.71,46.9
32,43.25,94.3,46.27
31,43.05,94.71,46.27
34,43.25,93.41,45.65
33,43.05,93.81,45.65
33,43.05,92.86,45.65
34,43.25,93.41,45.02
34,43.05,93.81,45.02
35,43.05,92.86,45.02
31,43.25,93.41,46.9
29,43.05,93.81,46.9
33,43.25,93.41,46.27
31,43.05,93.81,46.27
34,42.85,93.83,44.4
35,43.05,93.41,44.4
35,42.85,93.83,43.77
36,43.05,93.41,43.77
35,42.63,93.41,43.15
21,42.87,99.6,47.52
20,42.62,98.3,48.15
22,42.85,98.71,47.52
21,42.67,99.18,47.52
25,43.05,99.05,46.57
27,43.25,98.27,46.79
23,43.05,98.28,47.52
29,43.25,97.34,46.57
21,42.82,97.78,48.14
24,43.05,97.75,47.52
24,43.05,96.94,47.52
31,43.25,96.05,46.27
29,43.25,96.06,46.9
28,43.05,99,45.33
30,43.25,97.37,45.33
32,43.25,96.05,45.64
32,43.25,96.05,45.02
32,43.05,94.3,45.65
32,43.05,95.23,45.65
32,42.88,94.72,45.65
33,43.05,94.3,45.02
32,43.05,95.23,45.02
33,42.88,94.72,45.02
28,42.71,99.1,44.1
29,43.05,98.27,43.87
29,42.82,97.78,43.15
31,43.05,97.34,44.09
30,42.54,97.41,43.15
28,42.49,96.53,42.52
31,42.79,96.94,43.15
32,43.05,96.05,44.39
32,42.77,96.06,43.15
33,43.05,96.05,43.77
29,41.53,95.73,41.89
30,42.01,96.13,42.52
33,42.73,95.16,44.4
34,42.69,94.3,44.4
32,42.44,95.65,43.15
33,42.73,95.16,43.77
34,42.69,94.3,43.77
31,41.94,95.25,42.52
33,42.34,94.77,43.15
34,42.26,93.89,43.15
31,42.34,94.77,42.52
33,42.26,93.89,42.52
30,41.86,94.37,41.9
33,41.78,93.49,41.9
33,41.4,93.08,41.48
32,41.47,93.97,41.48
30,41.46,94.85,41.9
31,41.22,94.44,41.56
27,42.19,98.33,42.83
28,42.09,97.01,42.52
29,41.61,96.61,42.52
25,41.34,97.53,41.8
28,41.14,96.21,41.89
29,40.68,95.81,41.98
30,41.07,95.33,41.91
35,42.83,92.9,44.4
36,42.83,92.9,43.77
36,42.83,92.9,43.14
32,42.86,92.9,42.51
31,42.62,92.53,41.89
35,42.13,92.14,41.29
36,42.53,91.65,41.26
33,42.18,93.01,41.9
34,41.75,92.61,41.37
35,42.18,93.01,42.52
36,43.05,92.06,44.4
36,43.25,91.26,44.45
35,43.33,90.36,44.61
36,43.48,90.23,44.38
34,43.55,90.08,44.69
34,43.36,89.94,44.84
37,43.05,92.05,43.78
37,43.25,91.25,43.8
37,43.3,90.36,43.84
32,43.86,90.07,44.38
37,43.47,90.23,43.8
35,43.9,90.11,43.77
37,43.05,92.05,43.16
37,43.25,91.22,43.17
37,43.3,90.36,43.17
37,43.47,90.23,43.15
33,44.11,89.74,43.15
35,43.9,90.11,43.14
40,43.3,87.18,42.51
5,43.97,87.12,42.52
25,43.46,87.32,42.52
36,43.09,92.03,42.58
37,43.25,91.16,42.59
37,43.3,90.36,42.52
19,43.96,87.98,42.52
27,44.04,88.86,42.52
37,43.47,90.23,42.52
32,44.11,89.74,42.52
34,43.9,90.11,42.52
30,42.93,92.01,41.88
37,42.83,91.18,41.25
38,42.63,90.75,40.82
41,43.2,87.32,41.87
28,43.48,87.63,41.9
32,43.56,88.45,41.9
35,43.64,89.34,41.9
36,43.6,90.01,41.89
37,43.12,91.01,41.81
37,43.11,91.17,42.16
37,43.26,90.58,41.88
38,43.21,90.23,41.88
42,43.07,87.48,41.26
43,42.68,87.65,40.83
39,43.08,88.05,41.27
42,42.74,88.53,40.82
38,43.04,90.06,41.27
38,43.12,90.43,41.29
38,42.99,90.69,41.11
38,43.23,89.78,41.27
39,43.16,88.93,41.27
40,42.81,89.42,40.8
39,42.87,90.06,40.65
38,42.83,90.36,40.78
39,42.96,90.04,40.83
29,40.88,94.47,41.23
31,41.11,93.56,41.15
31,41.03,92.69,41.16
33,41.71,92.61,40.9
34,41.64,91.73,40.95
36,42.02,91.25,40.84
45,42.5,86.73,40.7
43,42.49,87.66,40.72
42,42.56,88.55,40.71
40,42.6,89.43,40.69
38,42.62,90.38,40.67
37,42.27,90.78,40.76
27,40.56,94.05,40.52
29,40.84,93.59,40.49
29,40.75,92.71,40.49
32,41.29,92.21,40.44
27,40.38,92.29,40.52
33,41.34,91.32,40.44
35,41.6,90.85,40.42
44,42.53,87.24,40.4
42,42.58,88.12,40.39
41,42.61,89,40.39
39,42.62,89.89,40.39
37,42.01,90.37,40.39
5,43.52,90.23,50.63
2,43.71,89.34,50.5
8,43.51,89.79,50.6
4,43.87,89.36,44.98
26,44.14,89.71,44.39
37,43.34,88.97,44.82
34,43.51,89.36,44.7
32,44.12,89.74,43.77
5,44.91,88.78,44.4
4,44.84,87.9,44.4
6,44.76,87.02,44.4
10,43.98,86.21,44.39
21,44.69,86.14,44.4
2,44.35,87.5,45.03
3,44.29,86.62,45.02
3,43.52,86.87,44.48
4,43.68,87.91,45.08
34,43.49,87.88,44.82
12,43.51,87.43,45.05
14,44.53,89.25,44.41
2,44.05,88.84,45.01
31,43.61,88.88,44.68
6,43.67,88.44,45.03
37,43.42,88.41,44.82
24,44.53,89.25,43.77
28,44.04,88.86,43.15
15,44.43,88.38,43.78
8,44.36,87.5,43.77
11,44.29,86.62,43.77
7,43.69,86.96,43.79
24,43.42,87.18,43.87
20,43.96,87.98,43.15
7,43.97,87.12,43.15
26,43.46,87.32,43.16
41,43.3,87.18,43.19
41,43.26,86.88,42.51
42,43.1,86.98,41.88
43,42.86,87.17,41.27
44,42.61,86.77,40.85
45,42.31,86.36,40.74
46,42.2,86.39,40.38
5,48.22,81.86,51.91
3,47.41,81.66,51.95
7,48.19,85.5,51.9
8,48.13,84.95,51.9
6,48.13,85.88,51.98
6,47.43,82.1,51.89
9,47.5,82.79,51.9
10,47.58,83.67,51.9
10,47.65,84.55,51.9
5,48.22,81.86,51.3
3,47.41,81.66,51.37
7,48.17,85.68,51.31
6,47.63,85.88,51.4
6,47.44,82.09,51.26
10,47.5,82.79,51.27
12,47.58,83.67,51.27
11,47.65,84.55,51.27
8,47.73,85.36,51.26
2,46.55,81.65,50.83
4,47.42,81.82,50.71
11,47.5,82.79,50.65
14,47.58,83.67,50.65
7,48.18,85.72,50.69
7,47.66,85.89,50.83
2,47.47,87.7,50.1
3,46.96,87.38,50.3
2,46.58,87.78,50.1
2,46.06,87.46,50.3
7,48.19,85.76,50.3
7,47.66,85.9,50.43
6,47.27,86.15,50.32
6,47.44,82.06,50.64
8,47.9,82.31,50.02
6,47.42,81.91,49.4
4,47.43,81.78,50.3
2,46.6,81.64,50.43
2,46.94,81.41,50.16
4,46.87,86.56,50.31
7,47.72,85.83,50.19
8,48.2,85.57,50.16
9,47.73,85.38,50.64
4,47.42,81.84,49.88
13,47.5,82.79,50.02
3,46.94,81.5,49.4
11,47.02,82.38,49.4
4,46.94,81.5,48.77
12,47.65,84.55,50.65
14,48.06,84.07,50.02
13,48.46,83.59,49.4
17,47.1,83.27,49.4
16,47.58,83.67,50.02
14,47.98,83.19,49.4
10,48.53,84.47,48.77
10,48.13,84.95,50.02
11,48.53,84.47,49.4
6,48.64,85.51,49.84
7,48.6,85.3,50.07
4,49.09,85.75,48.77
7,49.01,84.87,48.77
4,49.09,85.75,49.4
7,49.01,84.87,49.4
3,48.69,86.23,48.77
6,48.21,85.84,49.89
5,47.79,86.38,50.14
4,48.69,86.23,49.4
3,48.28,86.7,49.85
2,47.88,87.19,49.85
4,47.39,86.84,50.12
2,47.48,87.67,49.4
4,46.94,81.5,48.15
4,44.08,83.98,43.15
3,43.51,83.87,44.58
2,46.46,81.1,46.9
2,46.87,80.62,47.52
4,46.54,81.98,46.9
3,46.94,81.5,47.52
17,47.1,83.27,48.77
11,47.02,82.38,48.77
13,47.5,82.79,48.77
6,47.86,81.87,47.83
6,47.06,82.82,46.58
12,48.46,83.59,48.77
13,47.98,83.19,48.77
7,48.82,82.67,47.83
10,46.85,85.5,45.65
2,49.13,86.19,47.83
6,48.97,84.43,47.83
2,48.32,87.15,46.58
5,47.37,86.35,45.33
11,46.45,85.98,45.65
4,48.17,85.39,46.58
6,48.02,83.63,46.58
9,46.7,83.74,46.27
7,47.21,84.59,45.33
12,46.7,83.74,46.9
13,46.37,85.1,45.65
2,47.48,87.67,48.77
2,46.6,87.74,49.4
4,46.56,87.3,45.33
3,43.71,87.03,45.06
15,45.97,85.58,45.65
8,46.05,86.46,45.65
22,45.09,85.66,44.4
16,45.57,86.06,45.02
18,45.01,84.78,44.4
19,45.49,85.18,45.02
3,45.64,86.94,46.27
4,45.17,86.54,45.65
3,43.98,86.21,45.02
11,44.69,86.14,45.02
26,44.24,85.74,44.4
15,45.89,84.7,45.65
3,44.46,83.5,43.77
6,44.93,83.9,44.4
11,45.41,84.3,45.02
2,46.06,81.58,46.27
4,46.14,82.46,46.27
12,46.29,84.22,46.27
7,46.22,83.34,46.27
2,45.66,82.06,45.65
3,45.74,82.94,45.65
8,45.82,83.82,45.65
2,45.26,82.54,45.02
4,45.34,83.42,45.02
2,44.86,83.02,44.4
2,43.87,83.61,43.19
2,43.52,83.57,44.4
7,43.73,86.22,44.41
23,43.52,85.5,44.45
18,43.51,84.08,44.47
38,43.45,84.52,44.82
14,43.73,86.22,43.78
28,43.52,85.51,43.76
30,43.91,85.33,43.77
20,44.61,85.26,43.77
12,44.53,84.38,43.77
3,43.68,83.66,43.78
21,43.5,84.06,43.76
17,43.86,84.33,43.26
14,43.85,84.53,43
15,44.14,84.86,43.15
41,43.39,85.11,43.15
29,43.66,85.29,43.31
16,43.64,84.18,43.17
38,43.41,84.23,43.15
36,43.49,84.56,43.06
40,43.36,84.8,42.94
41,43.25,86.24,42.49
43,42.79,86.3,41.27
43,42.58,85.93,40.85
42,43.06,86.26,41.88
40,43.25,85.41,41.85
41,43.05,85.41,41.23
42,42.79,85.42,40.79
44,42.48,85.9,40.7
42,42.54,85,40.69
44,42.24,85.5,40.38
42,42.51,85.03,40.36
41,43.28,85.22,43.11
40,43.27,84.93,42.81
40,43.26,85.01,42.51
40,43.25,84.62,41.85
40,43.05,84.61,41.24
40,42.76,84.53,40.81
39,43.25,84.04,41.87
38,43.25,83.65,41.2
39,43.05,84.06,41.25
39,42.87,84.07,40.79
38,43.05,83.65,40.69
39,42.47,84.12,40.72
38,42.58,83.67,40.71
39,42.43,84.15,40.37
36,42.65,83.24,40.39
33,43.25,78.24,40.58
34,43.25,79.18,40.55
38,43.25,83.16,41.2
37,43.25,82.75,40.55
38,43.05,83.16,40.69
38,43.05,83.18,40.39
36,42.86,82.79,40.38
30,43.27,76.07,40.57
4,48.22,81.86,53.15
4,47.43,82.1,53.15
3,47.41,81.66,53.16
5,47.02,82.4,53.15
7,47.1,83.27,53.15
8,47.17,84.15,53.15
7,47.25,85.06,53.15
4,48.22,81.86,52.53
5,47.43,82.1,52.52
3,47.42,81.66,52.54
4,49.13,85.7,52.85
6,48.57,85.68,51.93
6,48.19,85.19,52.84
5,48.02,85.88,52.9
6,47.02,82.4,52.52
9,47.1,83.27,52.52
9,47.17,84.15,52.52
8,47.25,85.06,52.52
2,46.56,82.13,55.65
2,46.62,82.86,55.65
2,46.22,83.34,56.27
2,46.29,84.22,56.27
2,48.22,81.86,54.4
3,47.43,82.1,54.4
3,47.41,81.66,54.4
3,47.02,82.4,54.4
4,47.1,83.27,54.4
2,47.42,81.86,55.02
2,46.52,81.66,55.02
2,46.55,82.13,55.02
3,46.62,82.86,55.02
5,47.65,84.55,54.4
5,47.17,84.15,54.4
2,48.02,83.63,55.33
3,46.7,83.74,55.65
2,47.21,84.62,56.58
2,45.89,84.7,56.9
5,47.25,85.06,54.4
4,46.7,83.74,55.02
3,48.17,85.2,55.32
3,49.09,85.68,55.13
2,48.16,85.68,56.58
3,48.12,85.88,55.35
3,48.22,81.86,53.77
4,47.43,82.1,53.77
3,47.41,81.66,53.78
3,49.11,85.68,54.1
4,48.18,85.19,54.09
4,48.06,85.88,54.11
4,47.02,82.4,53.77
5,47.1,83.27,53.77
6,47.17,84.15,53.77
6,47.25,85.06,53.77
2,42.15,102.77,57.52
2,42.07,101.89,57.52
2,43.25,92.09,56.31
10,43.26,95.59,53.08
14,43.31,94.93,51.88
4,43.46,95.05,51.88
15,43.29,95.02,51.44
10,43.29,95.02,52.32
7,43.34,95.54,51.56
6,43.34,95.53,52.2
8,43.27,95.53,52.59
10,43.26,94.68,53.15
12,43.26,94.63,52.6
6,42.89,98.7,54.44
7,43.07,98.28,54.26
6,42.85,98.71,53.77
7,43.05,98.29,53.76
4,42.64,98.3,55.64
5,42.64,98.29,55.03
7,42.87,98.67,53.12
6,43.07,98.28,53.27
6,42.91,98.65,52.48
7,43.08,97.78,53.16
7,43.25,96.94,53.2
9,43.25,96.08,53.2
4,43.13,97.81,52.54
2,43.27,96.96,52.64
6,43.27,96.08,52.64
8,43.13,96.48,52.44
7,43.05,97.75,53.76
8,43.25,96.93,53.75
7,43.07,97.78,54.36
8,43.26,96.97,54.3
4,43.14,97.82,55.47
5,43.16,97.82,55.24
4,42.89,97.83,55.69
3,43.13,96.96,55.87
2,43.44,97.34,55.48
3,43.23,96.94,55.7
3,43.44,97.34,55.23
5,42.89,97.81,55.01
5,43.13,96.95,55.24
7,43.13,97.02,54.86
2,42.54,97.41,56.89
2,42.09,97.01,57.52
3,42.56,97.41,56.26
3,42.83,96.94,56.26
3,42.8,96.94,56.89
2,42.49,96.53,57.52
8,43.26,96.04,54.28
7,43.11,96.47,54.45
8,43.26,95.58,54.4
9,43.25,96.04,53.75
3,42.77,96.06,56.9
2,42.44,95.65,57.52
3,43.05,95.23,56.91
3,42.73,95.16,57.52
3,42.88,94.72,56.9
3,43.05,94.29,56.9
3,42.69,94.3,57.52
4,43.02,96.48,55.67
3,43.37,96.46,55.48
4,43.09,96.04,55.46
3,43.12,96.08,55.88
3,42.79,96.05,56.26
6,43.02,96.48,54.96
5,43.09,96.04,55.25
6,43.15,96.05,54.86
5,43.27,94.86,55.58
4,43.27,95.05,55.96
4,43.13,95.55,55.85
4,42.96,95.58,56.11
4,43.08,95.18,56.34
3,43.3,95.58,55.48
4,43.2,95.14,55.7
4,43.22,95.05,55.51
6,43.14,95.56,54.86
6,43.27,95.14,54.81
6,43.27,95.03,54.7
4,43.3,95.57,55.23
5,43.2,95.13,55.06
5,43.22,95.05,55.19
5,43.27,94.86,55.14
4,43.1,94.68,55.66
5,43.25,94.21,55.68
4,42.9,94.73,56.24
4,43.05,94.28,56.28
5,43.25,93.79,55.65
4,43.25,93.4,56.27
4,43.05,93.81,56.27
3,42.85,93.83,56.9
3,43.05,93.4,56.9
2,42.63,93.41,57.52
4,43.25,92.87,55.65
3,43.05,92.86,56.27
3,42.83,92.9,56.9
7,43.26,94.66,54.35
5,43.12,94.67,55
5,43.25,94.19,55.01
8,43.25,94.7,53.76
5,43.25,93.79,55.02
3,42.3,104.54,54.4
4,42.3,104.54,53.77
4,42.3,104.54,53.15
5,42.31,104.53,52.49
3,42.23,103.65,54.4
4,42.23,103.65,53.77
4,42.6,103.18,53.77
4,42.53,102.3,53.77
3,42.61,103.18,54.4
4,42.55,102.29,54.4
5,42.24,103.69,52.48
4,42.23,103.65,53.15
6,42.63,103.2,52.48
6,42.55,102.29,52.52
5,42.62,103.18,53.14
5,42.54,102.3,53.14
2,41.83,104.13,56.27
2,41.83,104.13,55.65
2,41.83,104.13,55.02
2,41.75,103.25,56.27
2,42.15,102.77,56.9
2,42.07,101.89,56.9
2,42.15,102.77,56.27
2,42.07,101.89,56.27
2,41.75,103.25,55.65
2,41.75,103.25,55.02
2,42.15,102.77,55.65
2,42.07,101.89,55.65
3,42.15,102.77,55.02
3,42.07,101.89,55.02
5,42.48,101.41,53.15
6,42.48,101.41,52.52
4,42.48,101.41,54.4
4,42.48,101.41,53.77
5,42.43,100.53,53.15
6,42.43,100.53,52.52
6,42.72,100.04,53.15
6,42.68,99.18,53.14
7,42.72,100.04,52.52
7,42.68,99.17,52.52
4,42.43,100.53,54.4
5,42.43,100.53,53.77
5,42.72,100.04,54.4
5,42.69,99.17,54.4
5,42.72,100.04,53.77
6,42.67,99.18,53.77
2,42,101.01,55.65
3,42,101.01,55.02
2,42,101.01,56.9
2,42,101.01,56.27
2,41.92,100.13,55.65
3,41.92,100.13,55.02
3,42.32,99.65,55.65
3,42.24,98.77,55.65
4,42.32,99.65,55.02
4,42.24,98.77,55.02
2,41.92,100.13,56.9
2,41.92,100.13,56.27
2,42.32,99.65,56.9
2,42.24,98.77,56.9
3,42.32,99.65,56.27
3,42.24,98.77,56.27
2,42.17,97.89,56.9
2,42.17,97.89,56.27
2,43.7,90.85,50.8
4,43.49,90.95,51.04
19,43.25,95.23,50
17,43.25,95.15,50.57
16,43.1,95.59,50.72
16,43.27,95.03,51.14
15,43.14,95.56,51.25
15,43.27,94.85,51.88
19,43.25,94.29,50.01
19,43.05,94.7,50.01
18,43.25,94.27,50.62
17,43.05,94.69,50.63
20,43.25,93.81,50.02
18,43.25,93.8,50.64
14,43.25,94.21,51.9
13,43.09,94.68,51.89
16,43.25,94.23,51.23
15,43.07,94.69,51.25
16,43.25,93.79,51.26
14,43.25,93.78,51.9
6,41.73,108.13,51.27
5,41.73,108.13,51.9
7,42.13,107.66,51.27
6,42.13,107.66,51.9
7,41.73,108.13,50.65
8,41.73,108.13,50.02
8,42.13,107.66,50.65
9,42.13,107.66,50.02
6,42.06,106.77,51.9
7,42.06,106.77,51.27
7,42.46,106.3,51.9
7,42.38,105.41,51.89
8,42.46,106.3,51.27
8,42.38,105.42,51.27
8,42.06,106.77,50.65
9,42.06,106.77,50.02
9,42.46,106.3,50.65
9,42.38,105.42,50.65
10,42.46,106.3,50.02
11,42.4,105.41,50.01
2,41.25,107.73,54.4
3,41.25,107.73,53.77
3,41.65,107.25,54.4
3,41.65,107.25,53.77
3,41.25,107.73,52.52
3,41.25,107.73,53.15
4,41.65,107.25,53.15
4,41.65,107.25,52.52
2,41.58,106.37,54.4
3,41.58,106.37,53.77
3,41.98,105.89,54.4
3,41.9,105.01,54.4
3,41.98,105.89,53.77
3,41.9,105.01,53.77
3,41.58,106.37,53.15
4,41.58,106.37,52.52
4,41.98,105.89,53.15
4,41.9,105.01,53.15
5,41.98,105.89,52.52
5,41.91,105.01,52.51
2,41.18,106.85,55.02
2,41.1,105.97,55.02
2,41.5,105.49,55.65
2,41.5,105.49,55.02
2,41.42,104.61,55.02
3,40.6,110.45,51.9
3,40.6,110.45,51.27
4,41.01,109.97,51.9
4,41.01,109.97,51.27
5,40.6,110.45,50.02
4,40.6,110.45,50.65
6,41.01,109.97,50.02
5,41.01,109.97,50.65
4,40.93,109.09,51.9
4,40.93,109.09,51.27
5,41.33,108.61,51.27
4,41.33,108.61,51.9
5,40.93,109.09,50.02
5,40.93,109.09,50.65
6,41.33,108.61,50.65
7,41.33,108.61,50.02
2,39.76,110.97,51.58
3,39.76,110.97,50.33
2,40.53,109.57,53.77
2,40.12,110.05,53.15
2,40.12,110.05,52.52
2,40.53,109.57,53.15
2,40.53,109.57,52.52
2,40.45,108.69,53.77
2,40.85,108.21,54.4
2,40.85,108.21,53.77
2,40.45,108.69,53.15
2,40.45,108.69,52.52
3,40.85,108.21,52.52
2,40.85,108.21,53.15
11,42.3,104.54,50.02
10,42.3,104.54,50.65
7,42.28,104.6,51.88
8,42.32,104.54,51.32
11,42.23,103.65,50.02
10,42.23,103.65,50.65
13,42.61,103.18,50.02
13,42.53,102.3,50.02
11,42.61,103.18,50.65
12,42.54,102.3,50.65
8,42.25,103.71,51.35
6,42.2,103.65,51.91
10,42.62,103.21,51.31
10,42.56,102.29,51.27
8,42.62,103.19,51.89
8,42.55,102.29,51.9
13,42.48,101.41,50.02
12,42.48,101.41,50.65
10,42.48,101.41,51.27
8,42.48,101.41,51.9
14,42.43,100.53,50.02
12,42.43,100.53,50.65
13,42.72,100.04,50.65
14,42.68,99.18,50.65
15,42.72,100.04,50.02
15,42.67,99.18,50.02
8,42.43,100.53,51.9
10,42.43,100.53,51.27
8,42.72,100.04,51.9
8,42.69,99.17,51.9
11,42.72,100.04,51.27
12,42.69,99.17,51.27
9,42.64,98.29,51.89
12,42.64,98.29,51.28
14,42.63,98.29,50.65
15,42.62,98.3,50.02
6,43.05,97.81,51.88
13,42.91,97.82,51.29
3,43.23,96.96,52.2
7,43.23,96.96,51.56
5,43.33,96.46,51.88
11,43.21,96.04,51.56
7,43.21,96.04,52.2
14,43.12,96.94,51.22
13,43.01,96.48,51.45
15,43.12,96.11,51.22
15,42.87,97.8,50.67
16,42.82,97.78,50.03
17,43.05,96.94,50.02
18,43.05,96.05,50.01
16,43.07,96.91,50.61
16,43.07,96.09,50.6
9,41.25,107.73,48.77
7,41.25,107.73,49.4
9,41.65,107.25,49.4
10,41.65,107.25,48.77
11,41.25,107.73,47.52
10,41.25,107.73,48.15
12,41.65,107.25,47.52
11,41.65,107.25,48.15
9,41.58,106.37,49.4
10,41.58,106.37,48.77
12,41.98,105.89,48.77
12,41.9,105.01,48.77
11,41.98,105.89,49.4
11,41.9,105.01,49.4
13,41.58,106.37,47.52
12,41.58,106.37,48.15
14,41.98,105.89,47.52
15,41.9,105.01,47.52
13,41.98,105.89,48.15
14,41.9,105.01,48.15
5,40.12,110.05,48.77
4,40.12,110.05,49.4
6,40.53,109.57,48.77
5,40.53,109.57,49.4
7,40.12,110.05,47.52
6,40.12,110.05,48.15
8,40.53,109.57,47.52
7,40.53,109.57,48.15
7,39.61,109.21,46.58
8,40.45,108.69,47.52
7,40.45,108.69,48.15
10,40.85,108.21,47.52
8,40.85,108.21,48.15
10,40.41,108.25,46.58
6,40.45,108.69,48.77
5,40.45,108.69,49.4
7,40.85,108.21,48.77
6,40.85,108.21,49.4
2,38,111.12,47.83
2,38.8,110.16,49.08
3,38.8,110.16,47.83
15,41.83,104.13,47.52
14,41.83,104.13,48.15
13,41.83,104.13,48.77
11,41.83,104.13,49.4
14,41.75,103.25,48.15
16,42.15,102.77,48.15
13,41.75,103.25,48.77
11,41.75,103.25,49.4
14,42.15,102.77,48.77
15,42.07,101.89,48.77
13,42.15,102.77,49.4
13,42.07,101.89,49.4
18,42.07,101.89,47.52
16,42.07,101.89,48.15
19,42.48,101.41,47.52
18,42.43,100.53,48.15
17,42.48,101.41,48.15
15,42,101.01,48.77
13,42,101.01,49.4
18,42.32,99.65,48.15
19,42.24,98.77,48.15
15,41.92,100.13,48.77
14,41.92,100.13,49.4
17,42.32,99.65,48.77
17,42.24,98.77,48.77
15,42.32,99.65,49.4
16,42.24,98.77,49.4
28,40.6,94.93,41.3
15,41.14,102.87,41.19
17,41.53,101.06,41.05
14,41.71,102.37,40.98
20,40.6,100.26,41.32
24,40.46,98.48,41.33
26,40.3,96.72,41.36
27,40.18,95.4,41.42
13,40.77,107.33,46.27
11,40.77,107.33,46.9
14,41.18,106.85,46.27
13,41.18,106.85,46.9
14,40.77,107.33,45.65
15,40.77,107.33,45.02
15,41.18,106.85,45.65
16,41.18,106.85,45.02
15,41.1,105.97,46.27
14,41.1,105.97,46.9
16,41.5,105.49,46.27
15,41.5,105.49,46.9
17,41.1,105.97,45.02
16,41.1,105.97,45.65
17,41.5,105.49,45.65
18,41.5,105.49,45.02
8,38.65,108.4,45.33
11,39.45,107.45,45.33
3,37.04,110.32,45.33
2,37.04,110.32,46.58
5,37.85,109.36,45.33
3,37.85,109.36,46.58
3,36.09,109.52,44.08
5,36.89,108.56,44.08
2,36.24,111.28,45.33
2,32.33,115.91,43.05
2,33.48,112.41,43.44
3,33.03,112.41,41.54
2,34.5,110.55,43.45
4,35.13,108.71,42.82
5,34.24,110.54,41.56
6,35.04,108.71,41.58
16,40.26,106.49,44.08
16,39.82,106.53,43.15
15,39.82,106.52,42.51
14,40.29,106.04,42.08
17,40.22,106.05,43.15
16,40.22,106.05,42.51
15,40.21,105.17,42.09
17,40.14,105.17,42.51
16,40.59,104.69,42.02
16,39.88,104.75,42.14
17,40.54,104.69,42.52
17,40.52,103.81,42.04
17,40.9,103.33,41.96
17,40.14,105.17,43.15
18,40.62,105.57,43.77
18,40.62,105.57,44.4
18,40.54,104.69,43.15
19,41.02,105.09,44.4
20,40.94,104.21,43.77
19,41.02,105.09,43.77
8,37.69,107.6,44.08
6,35.93,107.75,42.82
11,37.69,107.6,42.82
12,38.5,106.64,44.08
14,38.5,106.64,42.82
12,39.68,106.53,41.58
13,40.14,105.17,41.46
12,40.21,106.05,41.44
14,40.88,103.33,41.27
13,40.56,104.69,41.35
14,40.49,103.81,41.37
14,39.81,104.76,41.53
11,37.68,107.6,41.58
12,38.49,106.64,41.59
8,35.89,107.75,41.58
17,41.42,104.61,46.27
15,41.42,104.61,46.9
18,41.83,104.13,46.27
17,41.83,104.13,46.9
20,40.94,104.21,44.4
18,41.42,104.61,45.65
19,41.42,104.61,45.02
19,41.83,104.13,45.65
21,41.35,103.73,44.4
20,41.83,104.13,45.02
16,41.75,103.25,47.52
19,42.23,103.65,46.27
18,42.23,103.65,46.9
20,42.61,103.18,46.27
17,42.15,102.77,47.52
19,42.61,103.18,46.9
21,42.23,103.65,45.65
22,41.75,103.25,44.4
21,42.23,103.65,45.02
22,42.61,103.18,45.65
23,42.15,102.77,44.4
23,42.61,103.18,45.02
20,40.47,103.81,43.77
19,40.47,103.81,44.4
21,40.87,103.33,44.4
21,40.87,103.33,43.77
19,40.47,103.81,43.15
18,40.47,103.81,42.52
20,40.87,103.33,43.15
19,40.87,103.33,42.52
22,41.27,102.85,44.4
23,41.67,102.37,44.4
22,41.27,102.85,43.77
23,41.67,102.37,43.77
17,41.28,102.86,41.9
18,41.64,101.05,41.77
16,41.76,102.37,41.42
17,41.67,102.37,41.89
21,41.27,102.85,43.15
20,41.27,102.85,42.52
22,41.67,102.37,43.15
20,41.67,102.37,42.52
23,41.56,101.05,42.83
22,40.74,100.22,41.96
23,42.42,101.85,45.33
21,42.42,101.85,46.58
25,41.56,101.05,44.08
25,42.76,100.93,45.35
27,43.05,100.1,45.32
27,42.32,100.11,44.08
20,42.43,100.53,47.52
22,42.76,100.93,46.57
24,43.05,100.1,46.6
21,42.72,100.04,47.52
20,42.32,99.65,47.52
26,41.4,99.29,42.83
25,40.6,98.5,41.97
25,39.86,94.99,40.56
26,40.13,94.52,40.54
15,40.8,102.01,40.51
17,40.16,101.14,40.56
21,40.01,99.42,40.55
24,39.86,97.66,40.56
25,39.83,96.03,40.56
2,31.34,112.34,42.34
4,32.19,108.99,40.57
6,33.65,107.9,40.58
8,39.29,105.69,40.58
9,39.52,104.79,40.58
12,40.05,103.01,40.56
10,40.08,104.29,40.55
12,39.45,102.82,40.58
8,36.67,106.8,40.58
9,37.51,105.84,40.59
7,34.72,106.95,40.58
29,43.25,92.86,47.52
27,43.25,92.86,48.14
24,43.25,92.86,48.77
22,43.25,92.86,49.39
32,43.05,92.86,46.27
34,43.25,92.06,46.28
30,43.05,92.86,46.89
32,43.25,92.06,46.9
25,43.05,96.06,47.52
28,43.25,95.24,47.52
28,43.25,94.3,47.52
26,43.05,94.71,47.52
26,43.25,94.3,48.14
23,43.05,96.06,48.15
25,43.25,95.24,48.15
24,43.05,94.71,48.14
22,43.05,95.24,48.77
20,43.05,95.24,49.39
29,43.25,93.41,47.52
27,43.05,93.81,47.52
26,43.25,93.41,48.15
25,43.05,93.81,48.15
22,42.88,94.72,48.77
22,43.05,94.3,48.77
20,42.88,94.72,49.4
20,43.05,94.3,49.39
24,43.25,93.41,48.77
23,43.05,93.81,48.77
22,43.25,93.4,49.39
21,43.05,93.81,49.39
17,42.17,97.89,48.77
16,42.17,97.89,49.4
19,42.17,97.89,48.15
19,42.54,97.42,48.77
17,42.54,97.42,49.4
20,42.79,96.95,48.77
20,42.77,96.07,48.77
18,42.79,96.95,49.4
19,42.77,96.07,49.4
21,42.54,97.42,48.15
22,42.79,96.95,48.15
34,43.05,92.05,45.65
36,43.25,91.21,45.69
36,43.25,89.88,45.74
35,43.05,92.06,45.03
36,43.25,91.25,45.09
37,43.26,89.95,45.12
28,43.05,95.24,46.9
30,43.05,95.23,46.27
28,42.88,94.72,46.9
29,43.05,94.3,46.9
30,42.88,94.72,46.27
31,43.05,94.3,46.27
32,42.85,93.83,45.65
33,43.05,93.41,45.65
33,42.83,92.9,45.65
33,42.85,93.83,45.02
34,43.05,93.41,45.02
34,42.83,92.9,45.02
28,42.85,93.83,46.9
29,43.05,93.41,46.9
31,42.85,93.83,46.27
31,43.05,93.41,46.27
33,42.26,93.89,44.4
34,42.26,93.89,43.77
34,42.63,93.41,44.4
35,42.63,93.41,43.77
35,42.18,93.01,43.15
21,42.24,98.77,47.52
24,42.71,99.1,46.57
26,43.05,98.27,46.79
22,42.62,98.3,47.52
21,42.17,97.89,47.52
27,42.71,99.07,45.33
27,43.05,97.34,46.57
23,42.82,97.78,47.52
23,42.54,97.42,47.52
24,42.79,96.95,47.52
29,43.05,96.05,46.27
28,43.05,96.06,46.9
30,43.05,97.37,45.33
31,43.05,96.05,45.65
32,43.05,96.05,45.02
31,42.73,95.16,45.65
31,42.69,94.3,45.65
32,42.73,95.16,45.02
33,42.69,94.3,45.02
29,42.17,98.33,44.07
30,42.09,97.01,43.15
30,42.66,97.38,44.09
31,42.49,96.53,43.15
32,42.77,96.06,44.4
33,42.77,96.06,43.77
30,41.61,96.61,43.15
30,41.53,95.73,42.52
31,42.01,96.13,43.15
32,42.44,95.65,44.4
33,42.34,94.77,44.4
32,41.94,95.25,43.15
33,42.44,95.65,43.77
33,42.34,94.77,43.77
32,41.46,94.85,43.15
31,41.46,94.85,42.52
33,41.86,94.37,43.15
33,41.78,93.49,43.15
32,41.86,94.37,42.52
33,41.78,93.49,42.52
31,41.07,92.68,41.58
32,41.32,93.09,41.91
31,41.15,93.56,41.58
32,41.39,93.97,41.91
30,41,94.45,41.93
28,41.25,97.53,42.83
29,41.13,96.21,42.52
27,40.45,96.72,42
29,40.65,95.81,42.52
27,40.23,95.4,42.06
30,41.05,95.33,42.52
29,40.61,94.93,41.99
35,42.55,92.53,44.4
36,42.55,92.53,43.77
36,42.8,92.06,44.4
37,42.8,92.06,43.77
36,42.56,92.53,43.14
35,42.58,92.53,42.51
36,42.11,92.13,41.9
35,41.7,91.73,41.4
37,42.81,92.07,43.14
36,42.85,92.06,42.52
37,42.52,91.65,41.9
36,42.06,91.26,41.32
33,41.34,92.24,41.49
34,41.7,92.61,41.9
34,41.7,92.61,42.52
36,43.06,91.21,44.41
36,43.26,90.63,44.49
36,43.29,90.36,44.4
36,43.26,90.23,44.5
35,43.57,90.03,44.34
37,43.27,89.47,44.82
35,43.33,89.85,44.7
37,43.06,91.21,43.78
37,43.26,90.63,43.83
38,43.21,90.23,43.79
36,43.6,90.01,43.77
38,43.05,91.19,43.15
38,43.26,90.61,43.17
38,43.21,90.23,43.15
35,43.64,89.34,43.15
36,43.6,90.01,43.15
41,43.2,87.32,42.52
29,43.48,87.63,42.52
38,43.06,91.17,42.56
37,43.26,90.59,42.53
38,43.21,90.23,42.52
33,43.56,88.45,42.52
35,43.64,89.34,42.52
36,43.6,90.01,42.52
38,42.85,91.2,41.89
38,42.44,90.77,41.26
44,42.35,87.23,40.92
42,43.07,87.48,41.89
39,43.08,88.05,41.9
39,43.16,88.93,41.9
38,43.23,89.78,41.9
39,43.04,90.05,41.9
38,43.1,90.49,41.89
43,42.42,88.11,40.9
43,42.6,87.65,41.27
41,42.49,88.99,40.89
42,42.68,88.53,41.27
40,42.75,89.41,41.27
39,42.78,90.29,41.25
39,42.56,89.87,40.86
27,40.53,94.05,41.33
29,40.81,93.59,41.26
28,40.73,92.71,41.26
32,41.25,92.21,41.07
26,40.37,92.29,41.35
33,41.3,91.32,41.07
34,41.55,90.85,40.99
44,42.32,87.24,40.76
43,42.37,88.12,40.75
41,42.43,89,40.75
39,42.46,89.86,40.73
37,41.94,90.37,40.86
25,40.01,93.2,40.54
30,40.78,91.81,40.49
23,39.87,91.88,40.55
31,41.03,91.34,40.47
34,41.25,90.44,40.45
45,42.25,87.27,40.37
42,42.29,88.14,40.37
40,42.3,89.02,40.38
38,42.3,89.91,40.38
36,41.51,89.97,40.42
2,44.1,89.74,50.88
2,43.51,89.39,52.64
4,43.69,90.22,50.78
4,43.79,89.32,50.64
7,43.65,89.78,50.73
7,43.51,90.27,51.08
9,43.52,89.46,50.67
3,43.51,88.88,52.67
9,43.49,89.25,51.37
2,43.48,88.49,50.52
37,43.25,88.93,45.75
38,43.27,88.91,45.15
37,43.28,88.95,44.69
32,43.67,89.32,44.36
35,43.65,89.33,43.77
10,44.43,88.37,44.4
6,44.36,87.5,44.4
7,44.29,86.62,44.39
3,44.01,87.98,44.99
2,43.98,87.11,45
5,43.69,86.95,44.41
25,43.42,87.18,44.52
29,43.59,87.95,44.69
12,43.67,87.52,44.94
36,43.41,87.47,44.82
21,44.03,88.84,44.4
6,43.84,88.43,44.94
36,43.45,88.44,44.69
38,43.32,87.93,44.82
29,44.04,88.84,43.77
33,43.56,88.45,43.15
22,43.96,87.98,43.77
8,43.97,87.12,43.77
26,43.46,87.32,43.81
41,43.3,87.18,43.87
29,43.48,87.63,43.15
41,43.2,87.32,43.16
41,43.26,86.89,43.17
41,43.25,86.27,43.14
42,43.1,86.99,42.52
43,42.86,87.17,41.89
44,42.53,86.77,41.28
45,42.29,86.36,40.94
46,42.02,86.39,40.83
45,41.88,86.85,40.4
47,41.82,85.97,40.41
2,43.52,87.85,52.68
5,47.42,81.86,51.91
3,46.52,81.66,51.97
7,48.17,85.68,51.93
8,47.74,85.35,51.9
6,47.61,85.88,51.97
7,47.02,82.4,51.9
10,47.1,83.27,51.9
11,47.17,84.15,51.9
9,47.25,85.06,51.9
4,47.42,81.86,51.31
2,46.52,81.66,51.39
7,47.67,85.69,51.33
6,47.25,85.88,51.29
8,47.02,82.39,51.27
12,47.1,83.27,51.27
12,47.17,84.15,51.27
10,47.25,85.04,51.28
8,47.3,85.56,51.11
2,46.05,81.64,50.73
4,46.57,81.81,50.73
9,47.02,82.38,50.64
14,47.1,83.27,50.65
14,47.17,84.15,50.65
8,47.7,85.72,50.73
6,47.26,85.89,50.8
2,46.03,81.64,50.43
2,47.48,87.67,49.84
3,46.99,87.31,50.11
2,46.46,87.01,50.3
2,46.6,87.74,49.84
2,46.1,87.39,50.1
8,47.71,85.76,50.3
6,47.31,86.03,50.17
7,47.26,85.9,50.42
5,46.77,85.98,50.32
6,47.43,82.06,50.12
4,46.62,81.78,50.3
3,46.94,81.51,49.89
3,46.54,81.67,50.18
5,46.9,86.45,50.15
3,46.38,86.21,50.32
8,47.73,85.58,49.85
11,47.25,85.03,50.65
8,47.31,85.58,50.61
9,47.73,85.36,50.07
16,47.1,83.27,50.02
10,47.02,82.37,50.02
2,46.46,81.1,49.4
8,46.54,81.98,49.4
16,46.62,82.86,49.4
2,46.12,87.34,49.4
2,46.46,81.1,48.77
8,46.54,81.98,48.77
16,46.62,82.86,48.77
19,46.7,83.74,49.4
14,48.06,84.07,48.77
16,47.58,83.67,48.77
13,47.65,84.55,50.02
14,48.06,84.07,49.4
16,47.17,84.15,50.02
16,47.58,83.67,49.4
20,46.7,83.74,48.77
8,48.17,85.39,49.08
3,48.29,86.71,48.77
5,47.81,86.3,49.87
3,48.29,86.71,49.4
2,47.88,87.19,48.77
2,47.88,87.19,49.4
4,47.4,86.78,49.86
3,47,87.27,49.4
7,47.33,85.91,49.89
2,46.46,81.1,48.15
7,46.54,81.98,48.15
10,44.08,83.98,43.77
9,43.66,83.94,44.54
2,43.53,83.88,45.09
2,46.06,81.58,46.9
2,46.46,81.1,47.52
5,46.14,82.46,46.9
5,46.54,81.98,47.52
11,47.06,82.82,47.83
10,46.22,83.34,46.9
16,46.29,84.22,46.9
20,46.7,83.74,48.15
11,48.02,83.63,47.83
17,46.7,83.74,47.52
10,46.85,85.5,46.27
7,48.17,85.39,47.83
2,48.32,87.15,47.83
5,47.37,86.35,46.58
8,46.45,85.98,46.27
10,47.21,84.59,46.58
14,46.37,85.1,46.27
3,47,87.27,48.77
2,46.12,87.34,48.77
2,46.6,87.74,48.77
2,46.56,87.3,46.58
2,45.64,86.94,46.9
2,43.73,86.22,45.04
2,43.53,85.5,45.08
4,43.52,85.02,45.2
19,44.53,84.38,44.4
12,45.97,85.58,46.27
5,46.05,86.46,46.27
18,45.49,85.18,45.65
11,45.57,86.06,45.65
28,44.61,85.26,44.4
20,45.09,85.66,45.02
21,45.01,84.78,45.02
2,45.17,86.54,46.27
5,44.69,86.14,45.65
31,43.91,85.34,44.38
12,44.24,85.74,45.02
19,43.52,84.52,45.08
16,45.89,84.7,46.27
13,45.41,84.3,45.65
4,44.46,83.5,44.4
8,44.93,83.9,45.02
2,45.66,82.06,46.27
5,45.74,82.94,46.27
10,45.82,83.82,46.27
2,45.26,82.54,45.65
5,45.34,83.42,45.65
2,44.86,83.02,45.02
3,43.85,83.65,43.77
3,43.7,83.62,44.39
40,43.39,85.11,44.47
29,43.68,85.43,44.4
27,43.64,84.18,44.42
38,43.41,84.23,44.48
38,43.5,84.56,44.7
38,43.36,84.8,44.82
40,43.27,85.22,44.48
41,43.39,85.11,43.75
32,43.68,85.42,43.77
29,43.86,84.36,43.77
29,44.13,84.86,43.77
27,43.63,84.16,43.77
39,43.41,84.23,43.75
41,43.28,85.22,43.75
40,43.39,84.99,43.24
36,43.61,84.6,43.3
40,43.29,84.23,43.16
38,43.43,84.35,43.24
40,43.32,84.77,43.06
39,43.28,84.35,42.94
41,43.26,85.62,43.09
42,43.06,86.28,42.51
40,43.25,85.51,42.43
43,42.79,86.3,41.89
44,42.47,85.89,41.27
41,43.05,85.41,41.88
42,42.74,85.43,41.25
42,42.62,85,40.84
45,42.05,85.5,40.82
43,42.31,85.03,40.74
45,41.74,85.09,40.42
41,42.15,84.61,40.38
41,43.15,85.13,43.17
41,43.13,84.89,42.91
40,43.27,84.47,42.81
39,43.28,84.19,43.23
40,43.26,84.58,42.39
41,43.1,84.98,42.57
40,43.05,84.62,41.88
41,42.71,84.52,41.26
40,42.51,84.11,40.87
39,43.27,83.94,43.07
39,43.26,84,42.46
39,43.25,83.63,41.87
40,43.06,84.05,41.89
40,42.86,84.07,41.27
39,43.05,83.65,41.24
38,42.72,83.66,40.83
39,42.24,84.14,40.77
35,42.42,83.24,40.75
35,42.06,83.73,40.4
34,42.37,83.27,40.37
32,43.26,77.87,40.47
32,43.26,77.42,40.57
31,43.26,76.61,40.55
38,43.25,83.16,41.87
32,43.25,78.25,41.21
33,43.25,78.78,40.56
31,43.05,78.29,40.37
31,43.07,78.23,40.69
37,43.25,82.25,40.54
33,43.25,79.18,41.18
34,43.25,79.73,40.52
33,43.09,79.19,40.37
32,43.05,79.18,40.68
37,43.25,82.75,41.19
38,43.05,83.16,41.24
38,42.84,83.18,40.79
37,43.05,82.75,40.68
35,42.57,82.73,40.69
29,43.01,76.53,40.35
35,43.25,80.55,40.51
36,43.25,81.43,40.52
36,43.05,82.28,40.36
34,42.6,82.36,40.36
32,42.93,79.64,40.38
31,42.87,78.77,40.39
29,42.79,77.89,40.4
8,43.42,76.69,42.12
5,43.42,76.73,41.42
29,43.13,76.08,40.67
16,43.28,76.01,41.16
29,43.27,75.16,40.58
29,43.16,76.07,40.33
29,43.27,75.65,40.57
4,47.41,81.86,53.15
3,46.52,81.66,53.17
5,46.82,85.88,53.17
4,46.55,82.13,53.15
6,46.62,82.86,53.15
8,46.7,83.74,53.15
7,46.77,84.62,53.15
6,46.83,85.39,53.15
4,47.42,81.86,52.53
3,46.52,81.66,52.56
6,48.05,85.68,52.86
5,46.81,85.88,52.56
5,46.55,82.13,52.52
8,46.62,82.86,52.52
9,46.7,83.74,52.52
8,46.77,84.62,52.52
7,46.83,85.39,52.52
2,46.54,81.86,55.65
2,46.14,82.45,55.65
2,46.22,83.34,55.65
3,46.29,84.22,55.65
2,45.82,83.82,56.27
2,45.89,84.7,56.27
3,47.41,81.86,54.4
2,46.52,81.66,54.4
4,46.82,85.88,54.4
3,46.55,82.13,54.4
4,46.62,82.86,54.4
5,46.7,83.74,54.4
5,46.77,84.62,54.4
2,46.53,81.86,55.02
2,45.61,81.66,55.03
2,46.14,82.45,55.02
3,46.22,83.34,55.02
5,46.83,85.39,54.4
4,47.21,84.61,55.33
2,46.39,85.26,56.58
4,46.29,84.22,55.02
3,48.12,85.68,55.35
3,46.36,85.88,55.34
2,45.02,85.88,55.65
3,47.41,81.86,53.77
3,46.52,81.66,53.78
4,48.07,85.68,54.1
5,46.82,85.88,53.78
4,46.55,82.13,53.77
5,46.62,82.86,53.77
6,46.7,83.74,53.77
6,46.77,84.62,53.77
6,46.83,85.39,53.77
5,43.25,92.87,55.02
3,43.25,92.12,55.67
2,43.05,92.07,56.29
2,43.37,90.78,54.94
3,43.36,89.83,54.94
11,43.25,95.2,53.2
10,43.08,95.6,53.06
14,43.19,95.13,51.56
14,43.22,95.05,51.88
13,43.19,95.13,52.2
12,43.27,95.09,52.62
8,43.28,95.57,51.88
10,43.12,95.56,52.51
10,43.25,94.25,53.17
9,43.08,94.7,53.14
12,43.25,94.2,52.55
11,43.1,94.68,52.54
12,43.25,93.79,52.54
9,43.25,93.8,53.15
6,42.63,98.29,54.4
6,42.62,98.3,53.77
3,42.17,97.89,55.65
4,42.17,97.89,55.02
7,42.63,98.29,53.14
8,42.64,98.29,52.51
7,42.86,97.81,53.12
7,42.91,97.82,52.49
8,43.07,96.94,53.18
9,43.07,96.08,53.18
7,43.12,96.96,52.55
9,43.02,96.49,52.33
9,43.12,96.09,52.56
6,42.85,97.81,54.41
7,42.82,97.78,53.77
8,43.05,96.93,53.76
7,43.08,96.97,54.35
4,42.57,97.41,55.65
5,42.57,97.41,55.02
4,42.85,96.94,55.68
4,43.1,96.94,55.46
5,42.86,96.93,55.01
2,42.09,97.01,56.9
2,42.09,97.01,56.27
3,42.5,96.53,56.27
2,42.49,96.53,56.9
7,43,96.48,54.55
7,43.09,96.05,54.32
8,43.26,95.19,54.29
7,43.1,95.6,54.46
8,43.05,96.05,53.76
9,43.25,95.23,53.75
3,42.44,95.65,56.9
2,42.34,94.77,57.52
3,42.73,95.16,56.9
2,42.26,93.89,57.52
3,42.69,94.3,56.9
4,42.81,96.05,55.66
3,42.43,95.65,56.27
5,42.83,96.06,55
5,43.14,94.97,55.55
4,42.98,95.59,55.71
4,43.13,95.12,55.87
4,42.76,95.17,56.26
5,42.97,95.32,55.45
5,42.99,95.6,54.97
6,43.13,95.2,54.91
6,43.13,95.09,54.76
5,42.99,95.31,55.26
5,43.14,94.97,55.17
4,42.93,94.73,55.62
4,43.06,94.25,55.67
3,42.69,94.3,56.27
5,43.25,93.4,55.65
4,43.05,93.8,55.65
4,42.85,93.83,56.27
4,43.05,93.4,56.27
3,42.63,93.41,56.9
2,42.18,93.01,57.52
4,43.05,92.86,55.65
3,42.83,92.9,56.27
2,42.55,92.53,56.9
2,42.11,92.13,57.52
6,43.25,94.24,54.35
6,43.09,94.7,54.39
5,42.95,94.72,55.02
5,43.07,94.23,55.01
8,43.25,94.28,53.76
8,43.05,94.71,53.77
7,43.25,93.8,53.76
6,43.25,93.8,54.38
5,43.25,93.4,55.02
5,43.05,93.8,55.02
3,41.83,104.13,54.4
3,41.83,104.13,53.77
4,41.83,104.13,53.15
4,41.87,104.14,52.49
2,41.75,103.25,54.4
3,41.75,103.25,53.77
3,42.15,102.77,53.77
4,42.07,101.89,53.77
3,42.15,102.77,54.4
3,42.07,101.89,54.4
4,41.75,103.25,52.52
3,41.75,103.25,53.15
5,42.15,102.77,52.52
5,42.07,101.89,52.52
4,42.15,102.77,53.15
4,42.07,101.89,53.15
2,41.35,103.73,55.02
2,41.67,102.37,56.27
2,41.59,101.49,56.27
2,41.27,102.85,55.02
2,41.67,102.37,55.65
2,41.59,101.49,55.65
2,41.67,102.37,55.02
2,41.59,101.49,55.02
4,42,101.01,53.15
5,42,101.01,52.52
3,42,101.01,54.4
4,42,101.01,53.77
5,41.92,100.13,53.15
6,41.92,100.13,52.52
6,42.32,99.65,53.15
6,42.24,98.77,53.15
7,42.32,99.65,52.52
7,42.24,98.77,52.52
3,41.92,100.13,54.4
4,41.92,100.13,53.77
4,42.32,99.65,54.4
4,42.24,98.77,54.4
5,42.32,99.65,53.77
5,42.24,98.77,53.77
2,41.52,100.61,55.65
2,41.52,100.61,55.02
2,41.52,100.61,56.27
2,41.44,99.73,55.65
2,41.44,99.73,55.02
2,41.84,99.25,55.65
2,41.76,98.37,55.65
3,41.84,99.25,55.02
2,41.76,98.37,55.02
2,41.84,99.25,56.9
2,41.76,98.37,56.9
2,41.84,99.25,56.27
2,41.76,98.37,56.27
2,41.69,97.49,56.27
20,43.25,92.86,50.02
18,43.25,92.86,50.65
12,43.25,92.86,51.91
16,43.25,92.86,51.28
2,43.43,91.3,51.27
2,43.29,91.6,51.95
2,43.35,91.41,51.52
4,43.4,91.16,51.44
3,43.63,90.93,51.14
5,43.44,90.95,51.42
2,43.91,90.2,50.88
8,43.45,90.24,51.44
3,43.45,90.27,52.32
18,43.05,95.23,50.01
16,42.97,95.6,50.8
17,43.07,95.18,50.6
14,42.99,95.59,51.3
15,43.11,95.09,51.22
14,43.14,94.96,51.88
18,42.88,94.72,50.02
19,43.05,94.3,50.02
16,42.88,94.72,50.66
17,43.05,94.29,50.63
20,43.25,93.4,50.02
19,43.05,93.81,50.02
18,43.25,93.4,50.64
17,43.05,93.81,50.64
13,42.92,94.73,51.9
13,43.06,94.26,51.89
15,42.9,94.73,51.3
15,43.05,94.27,51.26
16,43.25,93.4,51.27
15,43.05,93.8,51.27
14,43.25,93.4,51.9
13,43.05,93.8,51.9
5,41.25,107.73,51.27
4,41.25,107.73,51.9
6,41.65,107.25,51.27
5,41.65,107.25,51.9
5,41.25,107.73,50.65
6,41.25,107.73,50.02
7,41.65,107.25,50.65
8,41.65,107.25,50.02
5,41.58,106.37,51.9
5,41.58,106.37,51.27
6,41.98,105.89,51.9
5,41.9,105.01,51.88
7,41.98,105.89,51.27
7,41.9,105.01,51.27
6,41.58,106.37,50.65
8,41.58,106.37,50.02
8,41.98,105.89,50.65
8,41.9,105.01,50.65
9,41.98,105.89,50.02
9,41.9,105.01,50.02
2,40.77,107.33,54.4
2,40.77,107.33,53.77
2,41.18,106.85,54.4
2,41.18,106.85,53.77
3,40.77,107.33,52.52
2,40.77,107.33,53.15
3,41.18,106.85,53.15
3,41.18,106.85,52.52
2,41.1,105.97,54.4
2,41.1,105.97,53.77
2,41.5,105.49,54.4
2,41.42,104.61,54.4
3,41.5,105.49,53.77
2,41.42,104.61,53.77
2,41.1,105.97,53.15
3,41.1,105.97,52.52
3,41.5,105.49,53.15
3,41.42,104.61,53.15
4,41.5,105.49,52.52
3,41.42,104.61,52.52
2,40.12,110.05,51.9
3,40.12,110.05,51.27
3,40.53,109.57,51.9
3,40.53,109.57,51.27
3,40.12,110.05,50.02
3,40.12,110.05,50.65
4,40.53,109.57,50.02
4,40.53,109.57,50.65
3,40.45,108.69,51.9
3,40.45,108.69,51.27
4,40.85,108.21,51.27
3,40.85,108.21,51.9
4,40.45,108.69,50.02
3,40.45,108.69,50.65
4,40.85,108.21,50.65
5,40.85,108.21,50.02
2,40.37,107.81,53.77
2,39.97,108.29,52.52
2,40.37,107.81,52.52
2,40.37,107.81,53.15
9,41.83,104.13,50.02
8,41.83,104.13,50.65
5,41.81,104.15,51.92
6,41.87,104.15,51.34
9,41.75,103.25,50.02
8,41.75,103.25,50.65
11,42.15,102.77,50.02
12,42.07,101.89,50.02
10,42.15,102.77,50.65
10,42.07,101.89,50.65
6,41.75,103.25,51.27
5,41.75,103.25,51.9
8,42.15,102.77,51.27
8,42.07,101.89,51.27
7,42.15,102.77,51.9
7,42.07,101.89,51.9
12,42,101.01,50.02
10,42,101.01,50.65
8,42,101.01,51.27
7,42,101.01,51.9
12,41.92,100.13,50.02
10,41.92,100.13,50.65
12,42.32,99.65,50.65
12,42.24,98.77,50.65
14,42.32,99.65,50.02
14,42.24,98.77,50.02
7,41.92,100.13,51.9
9,41.92,100.13,51.27
8,42.32,99.65,51.9
9,42.24,98.77,51.9
11,42.32,99.65,51.27
11,42.24,98.77,51.27
9,42.17,97.89,51.9
11,42.17,97.89,51.27
12,42.17,97.89,50.65
14,42.17,97.89,50.02
10,42.58,97.41,51.89
13,42.59,97.41,51.28
9,42.97,96.93,51.89
11,42.88,96.06,51.89
13,42.87,96.93,51.29
14,42.83,96.05,51.29
14,42.56,97.41,50.65
16,42.54,97.41,50.02
17,42.8,96.95,50.02
17,42.77,96.07,50.02
15,42.82,96.94,50.66
16,42.79,96.04,50.66
7,40.77,107.33,48.77
6,40.77,107.33,49.4
7,41.18,106.85,49.4
9,41.18,106.85,48.77
10,40.77,107.33,47.52
9,40.77,107.33,48.15
11,41.18,106.85,47.52
10,41.18,106.85,48.15
7,41.1,105.97,49.4
9,41.1,105.97,48.77
10,41.5,105.49,48.77
11,41.42,104.61,48.77
9,41.5,105.49,49.4
9,41.42,104.61,49.4
12,41.1,105.97,47.52
10,41.1,105.97,48.15
14,41.5,105.49,47.52
14,41.42,104.61,47.52
12,41.5,105.49,48.15
12,41.42,104.61,48.15
3,39.61,109.21,49.08
5,39.61,109.21,47.83
5,38.65,108.4,46.58
7,39.97,108.29,47.52
6,39.97,108.29,48.15
8,40.37,107.81,47.52
7,40.37,107.81,48.15
8,39.45,107.45,46.58
5,39.97,108.29,48.77
4,39.97,108.29,49.4
6,40.37,107.81,48.77
5,40.37,107.81,49.4
2,37.85,109.36,47.83
14,41.35,103.73,47.52
13,41.35,103.73,48.15
11,41.35,103.73,48.77
9,41.35,103.73,49.4
15,41.27,102.85,47.52
13,41.27,102.85,48.15
16,41.67,102.37,47.52
15,41.67,102.37,48.15
11,41.27,102.85,48.77
9,41.27,102.85,49.4
13,41.67,102.37,48.77
13,41.59,101.49,48.77
11,41.67,102.37,49.4
12,41.59,101.49,49.4
17,41.59,101.49,47.52
15,41.59,101.49,48.15
19,41.92,100.13,47.52
18,42,101.01,47.52
17,41.92,100.13,48.15
17,42,101.01,48.15
13,41.52,100.61,48.77
12,41.52,100.61,49.4
19,41.76,98.37,47.52
17,41.84,99.25,48.15
18,41.76,98.37,48.15
14,41.44,99.73,48.77
12,41.44,99.73,49.4
16,41.84,99.25,48.77
16,41.76,98.37,48.77
14,41.84,99.25,49.4
14,41.76,98.37,49.4
25,39.84,94.99,41.49
26,40.1,94.53,41.43
17,40.75,102.01,41.31
19,40.12,101.14,41.48
22,39.95,99.42,41.48
25,39.81,97.66,41.49
26,39.8,96.03,41.49
11,40.26,106.49,46.58
14,40.26,106.49,45.33
14,40.62,105.57,46.27
12,40.62,105.57,46.9
15,41.02,105.09,46.27
14,41.02,105.09,46.9
17,40.62,105.57,45.02
16,40.62,105.57,45.65
17,41.02,105.09,45.65
18,41.02,105.09,45.02
5,37.69,107.6,45.33
8,38.5,106.64,45.33
2,36.09,109.52,45.33
3,36.89,108.56,45.33
2,36.89,108.56,46.58
2,35.13,108.71,44.08
3,35.93,107.75,44.08
2,32.32,112.42,43.02
2,33.38,109.06,43.45
3,34.17,107.91,42.82
4,32.9,109.02,41.53
5,33.97,107.91,41.56
15,39.3,105.69,44.08
16,39.31,105.68,42.81
17,39.66,104.77,42.5
18,39.66,104.77,43.15
16,40.14,104.29,42.1
19,40.06,104.29,43.15
18,40.06,104.29,42.52
18,40.23,103.06,42.08
18,40.1,104.73,44.08
6,36.73,106.8,44.08
5,34.97,106.95,42.82
10,36.73,106.8,42.82
10,37.54,105.84,44.08
13,37.54,105.84,42.82
13,39.29,105.69,41.56
14,39.52,104.79,41.58
16,40.04,103.02,41.48
14,40.07,104.29,41.47
16,39.44,102.82,41.57
11,36.71,106.8,41.58
12,37.53,105.84,41.58
7,34.88,106.95,41.57
15,40.91,103.77,46.58
19,40.91,103.77,45.33
18,41.71,102.81,46.58
21,41.71,102.81,45.33
20,39.95,102.97,44.08
20,39.95,102.97,42.82
22,40.75,102.01,44.08
18,40.92,102.01,41.95
21,40.76,102.01,42.83
21,40.25,101.14,42.08
24,40.59,100.25,42.82
24,40.07,99.41,42.08
23,41.56,101.05,45.33
19,41.56,101.05,46.58
24,40.6,100.25,44.08
25,42.32,100.1,45.33
26,41.4,99.29,44.08
19,41.84,99.25,47.52
22,42.32,100.1,46.58
26,40.44,98.49,42.83
26,39.93,97.65,42.1
24,39.56,95.01,40.58
24,39.69,94.03,40.57
17,39.57,101.27,40.58
21,39.39,99.47,40.58
23,39.25,97.72,40.58
23,39.2,95.89,40.58
2,31.34,109.15,42.35
5,32.2,107.13,40.57
9,38.33,104.88,40.59
10,39.15,103.93,40.58
14,39.02,102.17,40.58
8,35.64,105.99,40.58
9,36.51,105.04,40.58
6,33.17,106.15,40.57
27,43.05,92.86,47.52
30,43.25,92.06,47.52
25,43.05,92.86,48.14
27,43.25,92.06,48.15
23,43.05,92.86,48.77
25,43.25,92.06,48.77
21,43.05,92.86,49.39
23,43.25,92.06,49.39
31,42.83,92.9,46.27
29,42.83,92.9,46.89
26,43.25,91.17,48.77
23,43.25,91.17,49.39
24,43.25,89.84,49.39
26,43.25,89.83,48.77
30,43.25,91.18,47.52
28,43.25,91.18,48.15
31,43.25,89.83,47.53
29,43.25,89.83,48.15
35,43.25,88.94,46.33
32,43.05,92.05,46.27
34,43.25,91.19,46.29
35,43.25,89.86,46.33
33,43.25,88.94,46.92
30,43.05,92.06,46.9
32,43.25,91.18,46.9
33,43.25,89.84,46.92
24,42.77,96.07,47.52
22,42.77,96.07,48.15
26,43.05,95.24,47.52
26,42.88,94.72,47.52
27,43.05,94.3,47.52
24,43.05,94.3,48.15
24,42.88,94.72,48.15
24,43.05,95.24,48.15
21,42.73,95.16,48.77
19,42.73,95.16,49.4
26,42.85,93.83,47.52
27,43.05,93.41,47.52
25,43.05,93.41,48.15
24,42.85,93.83,48.15
22,42.69,94.3,48.77
20,42.69,94.3,49.4
22,42.85,93.83,48.77
23,43.05,93.41,48.77
20,42.85,93.83,49.4
21,43.05,93.41,49.39
16,41.69,97.49,48.77
14,41.69,97.49,49.4
18,41.69,97.49,48.15
18,42.09,97.01,48.77
16,42.09,97.01,49.4
19,42.49,96.53,48.77
20,42.44,95.65,48.77
18,42.49,96.53,49.4
18,42.44,95.65,49.4
20,42.09,97.01,48.15
21,42.49,96.53,48.15
33,42.8,92.06,45.65
35,42.8,92.06,45.02
37,43.25,89.46,45.77
35,43.05,91.18,45.66
36,43.25,90.42,45.73
36,43.06,89.85,45.67
36,43.06,91.2,45.05
37,43.26,90.53,45.15
38,43.26,89.48,45.17
37,43.1,89.88,45.03
27,42.73,95.16,46.9
29,42.73,95.16,46.27
28,42.69,94.3,46.9
30,42.69,94.3,46.27
30,42.26,93.89,45.65
32,42.26,93.89,45.02
32,42.63,93.41,45.65
32,42.55,92.53,45.65
33,42.63,93.41,45.02
34,42.55,92.53,45.02
28,42.63,93.41,46.9
30,42.63,93.41,46.27
32,41.86,94.37,44.4
33,41.86,94.37,43.77
32,41.78,93.49,44.4
33,41.78,93.49,43.77
34,42.18,93.01,44.4
34,41.7,92.61,43.15
35,42.18,93.01,43.77
23,42.17,98.33,46.59
19,41.69,97.49,47.52
27,42.15,98.33,45.33
26,42.66,97.38,46.57
21,42.09,97.01,47.52
29,42.77,96.06,46.27
27,42.77,96.07,46.9
23,42.49,96.53,47.52
28,42.44,95.65,46.27
26,42.44,95.65,46.9
29,42.66,97.4,45.33
30,42.77,96.06,45.65
31,42.77,96.06,45.02
30,42.44,95.65,45.65
30,42.34,94.77,45.65
31,42.44,95.65,45.02
32,42.34,94.77,45.02
28,41.25,97.53,44.08
30,41.13,96.21,43.15
31,41.53,95.73,43.15
30,42.05,96.57,44.08
31,41.94,95.25,44.4
32,41.94,95.25,43.77
28,40.65,95.81,43.15
30,41.46,94.85,44.4
30,41.05,95.33,43.15
31,41.46,94.85,43.77
30,40.98,94.45,43.15
30,40.98,94.45,42.52
32,41.3,93.09,43.15
32,41.38,93.97,43.15
32,41.3,93.09,42.52
32,41.38,93.97,42.52
28,40.55,94.05,42.01
30,40.86,92.69,41.94
30,40.93,93.57,41.94
27,40.28,96.73,42.82
26,39.89,95.98,42.09
27,40.17,95.4,42.51
26,39.9,94.98,42.1
28,40.58,94.93,42.52
26,40.16,94.53,42.07
34,42.11,92.13,44.4
35,42.11,92.13,43.77
35,42.5,91.65,44.4
36,42.5,91.65,43.77
36,42.11,92.13,43.15
36,42.11,92.13,42.52
34,41.62,91.73,41.88
33,41.36,91.31,41.49
37,42.5,91.65,43.14
37,42.52,91.65,42.52
36,42.03,91.25,41.9
35,41.62,90.85,41.43
32,41.24,92.2,41.9
26,40.39,92.29,42.02
32,41.23,92.21,42.52
36,42.79,91.19,44.39
37,42.78,91.19,43.77
37,43.11,90.53,44.41
37,43.19,90.23,44.31
36,43.25,89.8,44.35
37,43.16,89.42,44.69
38,43.04,90.05,43.77
38,43.1,90.52,43.79
38,43.23,89.78,43.77
38,42.78,91.19,43.14
38,42.79,91.18,42.52
39,43.04,90.05,43.15
38,43.09,90.51,43.15
39,43.16,88.93,43.15
38,43.23,89.78,43.15
42,43.07,87.48,42.52
39,43.08,88.05,42.52
39,43.04,90.05,42.52
38,43.09,90.51,42.52
39,43.16,88.93,42.52
38,43.23,89.78,42.52
38,42.46,90.77,41.9
38,41.98,90.37,41.34
44,42.14,87.25,41.3
43,42.6,87.65,41.9
42,42.68,88.53,41.9
40,42.76,89.41,41.9
39,42.78,90.28,41.9
43,42.22,88.13,41.29
41,42.29,89.01,41.29
39,42.36,89.89,41.27
24,40,93.21,41.44
29,40.75,91.81,41.25
22,39.86,91.88,41.47
31,41,91.34,41.18
33,41.23,90.44,41.1
45,42.07,87.27,40.81
42,42.13,88.14,40.81
40,42.17,89.02,40.81
39,42.21,89.9,40.78
35,41.47,89.97,41.01
21,39.24,93.28,40.59
21,39.54,92.45,40.57
27,40.28,91.4,40.53
21,39.54,91.47,40.57
30,40.69,90.93,40.5
32,40.95,90.46,40.48
43,41.95,87.73,40.4
41,41.94,88.61,40.4
38,41.97,89.49,40.39
36,41.2,89.56,40.45
41,41.2,87.79,40.46
4,43.63,88.67,50.58
5,43.59,88.72,50.6
4,43.45,88.75,50.53
10,43.51,89.11,50.65
4,43.59,88.9,50.58
6,43.8,89.3,50.85
2,43.67,89.4,52.55
5,43.45,89.31,52.33
9,43.42,89.36,51.42
5,43.65,90.26,51.19
9,43.62,89.38,50.77
11,43.49,89.5,51.11
2,43.66,88.88,52.59
6,43.5,88.87,52.32
3,43.51,88.44,52.62
3,43.59,88.45,50.59
2,43.75,88.43,50.62
7,43.58,89.23,51.41
10,43.48,88.6,51.32
2,43.51,87.44,52.55
3,43.44,88.24,50.52
3,44.03,88.94,50.86
3,44.01,88.67,50.8
5,43.57,88.46,50.62
11,43.42,88.48,51.25
14,43.37,88.53,50.52
2,43.59,88.24,50.59
29,43.25,88.94,48.15
31,43.25,88.94,47.53
24,43.25,88.95,49.37
26,43.25,88.94,48.76
37,43.25,88.49,45.78
36,43.07,88.93,45.68
38,43.12,88.9,45.03
38,43.26,88.47,45.27
36,43.25,87.95,46.32
38,43.15,88.93,44.35
38,43.16,88.93,43.77
37,43.25,87.93,45.74
19,43.97,87.98,44.38
11,43.8,87.56,44.82
5,43.97,87.12,44.39
28,43.46,87.32,44.41
40,43.3,87.18,44.52
39,43.26,87.94,45.15
34,43.43,87.58,44.69
40,43.29,87.27,44.82
34,43.55,88.45,44.35
38,43.25,88,44.69
34,43.56,88.45,43.77
39,43.08,88.05,43.15
40,43.26,86.89,44.49
40,43.25,86.27,44.45
30,43.48,87.63,43.77
41,43.2,87.32,43.81
41,43.26,86.9,43.84
42,43.07,87.48,43.14
42,43.09,86.99,43.15
41,43.25,86.28,43.79
42,43.06,86.3,43.14
45,41.71,86.85,41.39
43,42.86,87.17,42.52
44,42.52,86.77,41.89
45,42.08,86.38,41.31
45,41.71,86.85,40.93
47,41.65,85.97,40.96
43,41.46,87.33,40.44
47,41.52,86.44,40.43
48,41.45,85.56,40.44
5,43.49,87.9,52.32
4,43.51,87.51,52.33
2,45.62,81.66,51.99
4,46.53,81.86,51.92
7,47.64,85.68,51.92
5,46.8,85.88,51.97
6,46.55,82.13,51.9
9,46.62,82.86,51.9
11,46.7,83.74,51.9
10,46.77,84.62,51.9
7,46.83,85.39,51.9
2,45.66,81.66,51.41
4,46.54,81.85,51.32
7,47.28,85.7,51.21
5,46.77,85.88,51.4
6,46.56,82.11,51.27
11,46.62,82.86,51.27
13,46.7,83.74,51.27
11,46.77,84.62,51.27
8,46.85,85.41,51.26
2,45.65,81.65,50.84
4,46.07,81.8,50.62
7,46.54,82.08,50.64
13,46.62,82.86,50.65
15,46.7,83.74,50.65
13,46.77,84.62,50.65
8,47.29,85.73,50.69
5,46.72,85.89,50.83
2,45.61,81.64,50.43
4,46.06,81.78,50.3
2,46.05,81.48,50.17
3,47,87.26,49.85
3,46.5,86.92,50.12
2,46.12,87.34,49.84
8,47.3,85.76,50.3
7,46.81,85.85,50.19
5,46.67,85.9,50.43
8,46.53,82.1,50.1
6,46.55,81.89,49.87
5,46.93,86.38,49.88
2,45.86,86.01,50.32
4,46.42,86.09,50.17
8,46.86,85.43,50.64
9,47.31,85.6,50.17
12,47.25,85.03,50.02
15,46.77,84.62,50.02
17,46.7,83.74,50.02
15,46.62,82.86,50.02
34,43.25,87.97,46.91
5,46.06,81.58,49.4
14,46.14,82.46,49.4
3,46.53,86.86,49.4
19,46.22,83.34,49.4
19,46.29,84.22,49.4
2,45.64,86.94,49.4
5,46.06,81.58,48.77
14,46.14,82.46,48.77
20,46.22,83.34,48.77
21,46.29,84.22,48.77
9,46.84,85.63,49.86
15,47.21,84.59,49.08
6,47.37,86.35,49.08
3,46.53,86.86,48.77
2,45.64,86.94,48.77
4,46.06,81.58,48.15
12,46.14,82.46,48.15
20,46.22,83.34,48.15
22,46.29,84.22,48.15
2,45.64,86.94,48.15
15,44.08,83.98,44.4
5,43.71,83.93,45.06
2,43.52,83.95,45.54
3,45.66,82.06,46.9
3,46.06,81.58,47.52
9,45.74,82.94,46.9
9,46.14,82.46,47.52
16,45.82,83.82,46.9
16,46.22,83.34,47.52
20,45.89,84.7,46.9
20,46.29,84.22,47.52
10,46.85,85.5,46.9
5,47.37,86.35,47.83
8,46.45,85.98,46.9
15,46.37,85.1,46.9
15,47.21,84.59,47.83
13,45.97,85.58,46.9
2,46.56,87.3,47.83
4,46.05,86.46,46.9
2,45.64,86.94,47.52
2,45.17,86.54,46.9
7,43.71,85.42,45.03
5,43.53,85.5,45.61
34,44.14,84.86,44.39
8,43.53,85,45.51
25,43.69,84.93,45.14
20,44.53,84.38,45.02
17,45.49,85.18,46.27
7,45.57,86.06,46.27
19,45.01,84.78,45.65
14,45.09,85.66,45.65
24,44.61,85.26,45.02
3,44.69,86.14,46.27
7,44.23,85.74,45.65
13,43.93,85.34,44.99
33,43.87,84.38,44.38
25,43.68,84.5,45.02
8,43.52,84.55,45.59
2,44.05,83.11,44.4
15,45.41,84.3,46.27
9,44.93,83.9,45.65
4,44.46,83.5,45.02
3,45.26,82.54,46.27
7,45.34,83.42,46.27
3,44.86,83.02,45.65
4,43.87,83.62,44.37
3,43.72,83.56,45.01
38,43.27,84.97,45.08
40,43.39,84.99,44.4
39,43.61,84.61,44.36
39,43.3,84.23,44.48
39,43.44,84.35,44.4
39,43.32,84.76,44.7
38,43.29,84.35,44.82
40,43.26,85.62,44.46
40,43.14,85.12,44.42
40,43.39,84.99,43.76
38,43.61,84.61,43.77
39,43.3,84.23,43.75
39,43.44,84.35,43.77
41,43.26,85.63,43.76
41,43.15,85.12,43.76
38,43.28,84.18,44.49
39,43.28,84.18,43.74
38,43.27,83.91,44.45
39,43.27,83.9,43.75
43,42.79,86.31,42.52
40,43.27,84.75,43.3
40,43.17,84.44,43.06
41,43.19,84.35,43.25
42,43.11,85.58,43.12
41,43.07,85.48,42.47
43,42.46,85.89,41.9
45,42,85.49,41.32
42,42.75,85.42,41.9
43,42.42,85.01,41.25
45,41.59,85.09,41
42,41.97,84.61,40.86
45,41.46,84.75,40.45
40,41.71,84.22,40.43
41,42.98,85.01,43.25
41,42.97,84.91,42.99
40,43.14,84.52,42.91
40,43.15,84.31,43.3
41,42.95,84.97,42.68
40,43.08,84.59,42.44
41,42.71,84.52,41.9
40,42.3,84.13,41.27
40,43.13,84.02,43.12
39,43.26,83.53,43.12
39,43.25,83.58,42.48
40,43.1,84.03,42.5
40,42.87,84.06,41.91
39,43.05,83.64,41.88
39,42.66,83.65,41.27
36,42.45,83.23,40.91
36,41.88,83.73,40.91
34,42.18,83.27,40.8
31,41.7,83.32,40.43
31,41.99,82.85,40.4
33,43.25,79.18,41.87
32,43.25,78.29,41.89
32,43.25,77.89,41.34
31,43.08,77.87,40.6
31,43.26,77.46,41.19
30,43.02,77.41,40.38
30,43.08,77.4,40.68
16,43.39,76.96,41.77
8,43.32,76.58,42.12
2,43.32,76.58,41.42
31,43.27,76.8,41.09
20,43.28,76.48,41.23
30,43.11,76.6,40.66
38,43.25,83.13,43.13
38,43.25,83.15,42.51
38,43.25,82.75,41.87
38,43.05,83.16,41.89
33,43.25,78.78,41.21
31,43.06,78.24,41.24
32,43.06,78.78,40.68
30,42.87,78.26,40.79
37,43.25,82.23,41.17
37,43.05,82.25,40.68
34,43.25,79.73,41.16
32,43.05,79.18,41.24
33,43.05,79.74,40.67
31,42.87,79.19,40.79
35,43.25,80.53,41.14
34,43.05,80.55,40.67
36,43.25,81.41,41.15
35,43.05,81.43,40.67
38,42.84,83.18,41.27
37,43.05,82.75,41.24
36,42.68,82.77,40.84
36,43.25,81.41,41.86
37,43.25,82.23,41.86
35,43.25,80.53,41.86
34,43.25,79.72,41.86
27,42.77,76.55,40.6
35,42.8,82.29,40.62
32,42.4,82.36,40.73
30,42.64,79.67,40.68
28,42.59,78.79,40.72
27,42.51,77.9,40.73
26,42.49,77.48,40.4
27,42.73,77.03,40.39
26,42.65,76.13,40.36
35,43.03,81.44,40.36
33,42.97,80.54,40.37
34,42.81,81.9,40.36
31,42.31,82.39,40.37
32,42.77,80.12,40.37
30,42.68,79.24,40.39
28,42.58,78.36,40.39
10,43.46,76.63,42.02
2,43.39,76.02,42.12
10,43.45,76.67,41.52
28,43,76.08,40.76
19,43.16,76.04,41.24
28,43.12,75.66,40.66
3,43.39,75.67,41.77
15,43.27,75.56,41.15
8,43.28,75.99,42.22
13,43.27,75.16,41.24
28,43.27,74.76,40.58
28,43.13,75.19,40.33
27,43.12,75.17,40.67
27,42.96,75.65,40.35
28,43.27,74.29,40.58
26,42.89,74.77,40.36
4,46.53,81.86,53.15
2,45.6,81.66,53.18
6,46.83,85.68,53.15
5,45.91,85.88,53.17
5,46.14,82.45,53.15
7,46.22,83.34,53.15
7,46.29,84.22,53.15
7,46.37,85.11,53.15
4,46.53,81.86,52.54
2,45.6,81.66,52.58
6,46.83,85.68,52.54
5,45.9,85.88,52.57
6,46.14,82.45,52.52
8,46.22,83.34,52.52
9,46.29,84.22,52.52
7,46.37,85.11,52.52
2,45.67,82.16,55.65
2,45.74,82.94,55.65
3,45.82,83.82,55.65
3,45.89,84.7,55.65
2,45.41,84.3,56.27
2,45.49,85.16,56.27
3,46.53,81.86,54.4
2,45.61,81.66,54.41
5,46.84,85.68,54.4
4,45.91,85.88,54.4
3,46.14,82.45,54.4
4,46.22,83.34,54.4
5,46.29,84.22,54.4
5,46.37,85.11,54.4
2,45.64,81.86,55.02
2,45.67,82.16,55.02
3,45.74,82.94,55.02
3,45.82,83.82,55.02
4,45.89,84.7,55.02
4,46.39,85.26,55.33
2,45.03,85.88,55.02
3,46.38,85.68,55.33
2,45.1,85.68,55.65
3,46.53,81.86,53.77
2,45.6,81.66,53.79
5,46.84,85.68,53.78
5,45.91,85.88,53.78
4,46.14,82.45,53.77
6,46.22,83.34,53.77
6,46.29,84.22,53.77
6,46.37,85.11,53.77
7,43.25,92.86,53.15
9,43.25,92.86,52.53
4,43.28,91.6,52.53
6,43.25,92.86,53.77
5,43.25,92.87,54.39
5,43.05,92.86,55.02
5,43.25,92.13,54.99
4,43.06,92.08,55.65
3,42.81,92.06,56.27
2,43.32,91.31,55.12
4,43.31,91.22,54.94
5,43.27,91.24,54.74
4,43.26,91.55,55.04
2,43.1,91.45,55.62
6,43.27,90.76,54.77
2,43.35,90.72,55.06
5,43.3,90.31,54.94
6,43.27,89.81,54.76
3,43.33,89.82,55.06
6,43.28,89.39,54.94
10,42.94,95.61,52.99
10,43.07,95.22,53.18
11,42.98,95.59,52.45
13,42.98,95.35,51.89
12,43.12,95.15,52.54
9,42.91,94.71,53.1
9,43.06,94.27,53.17
11,42.93,94.72,52.52
11,43.06,94.24,52.53
11,43.25,93.4,52.53
11,43.05,93.8,52.53
8,43.25,93.4,53.15
9,43.05,93.81,53.15
4,42.17,97.89,54.4
5,42.17,97.89,53.77
2,41.69,97.49,55.65
2,41.69,97.49,55.02
6,42.17,97.89,53.15
8,42.17,97.89,52.52
8,42.55,97.41,53.14
9,42.58,97.41,52.51
8,42.82,96.95,53.14
9,42.79,96.05,53.13
9,42.87,96.93,52.49
10,42.83,96.06,52.5
6,42.55,97.41,54.4
7,42.54,97.41,53.77
7,42.8,96.95,53.77
6,42.83,96.93,54.41
3,42.09,97.01,55.65
3,42.09,97.01,55.02
4,42.5,96.53,55.65
4,42.49,96.53,55.02
2,42.01,96.13,56.27
2,42.01,96.13,56.9
7,42.77,96.06,53.77
6,42.81,96.06,54.41
6,42.97,95.61,54.55
7,43.09,95.22,54.33
8,43.05,95.24,53.76
2,41.94,95.25,56.9
2,41.78,93.49,57.52
2,42.34,94.77,56.9
3,42.26,93.89,56.9
2,41.94,95.25,56.27
3,42.41,95.65,55.65
4,42.41,95.65,55.02
4,42.76,95.03,55.53
4,42.77,95.25,55.76
3,42.34,94.77,56.27
5,42.77,95.23,54.94
5,42.77,95.01,55.17
4,42.69,94.3,55.64
3,42.26,93.89,56.27
4,42.85,93.83,55.65
4,43.05,93.4,55.65
3,42.63,93.41,56.27
2,42.18,93.01,56.9
2,41.7,92.61,57.52
4,42.83,92.9,55.65
3,42.55,92.53,56.27
2,41.63,91.73,57.52
2,42.11,92.13,56.9
6,42.92,94.73,54.44
6,43.06,94.26,54.37
5,42.7,94.3,55.02
7,42.88,94.72,53.78
7,43.05,94.29,53.77
6,43.25,93.4,53.77
7,43.05,93.81,53.77
5,43.25,93.4,54.39
6,43.05,93.81,54.39
5,42.85,93.83,55.02
5,43.05,93.4,55.02
2,41.35,103.73,54.4
2,41.35,103.73,53.77
3,41.35,103.73,53.15
3,41.35,103.73,52.52
2,41.27,102.85,54.4
2,41.27,102.85,53.77
3,41.67,102.37,53.77
3,41.59,101.49,53.77
2,41.67,102.37,54.4
2,41.59,101.49,54.4
3,41.27,102.85,52.52
2,41.27,102.85,53.15
4,41.67,102.37,52.52
4,41.59,101.49,52.52
3,41.67,102.37,53.15
3,41.59,101.49,53.15
3,41.52,100.61,53.15
4,41.52,100.61,52.52
2,41.52,100.61,54.4
3,41.52,100.61,53.77
3,41.44,99.73,53.15
4,41.44,99.73,52.52
5,41.84,99.25,53.15
4,41.76,98.37,53.15
6,41.84,99.25,52.52
6,41.76,98.37,52.52
2,41.44,99.73,54.4
3,41.44,99.73,53.77
3,41.84,99.25,54.4
3,41.76,98.37,54.4
4,41.84,99.25,53.77
4,41.76,98.37,53.77
2,41.36,98.85,55.02
19,43.05,92.86,50.02
21,43.25,92.06,50.02
17,43.05,92.86,50.64
18,43.25,92.08,50.62
12,43.05,92.86,51.9
9,43.26,92.17,51.95
15,43.05,92.86,51.27
16,43.26,92.12,51.26
7,43.21,91.61,51.94
8,43.31,91.44,51.51
13,43.32,91.2,51.42
13,43.3,91.07,51.41
15,43.24,91.62,51.34
16,43.23,91.49,51.14
16,43.27,91.19,51.11
16,43.28,90.7,51.16
3,43.4,91.27,51.49
3,43.38,90.76,52.32
5,43.5,90.94,51.5
11,43.37,90.66,51.43
15,43.27,89.78,51.17
2,43.87,90.21,51.29
7,43.51,90.23,51.55
12,43.36,89.83,51.43
4,43.52,90.25,52.19
4,43.36,89.83,52.33
19,43.26,91.21,50.59
21,43.25,91.18,50.01
18,43.26,90.72,50.69
21,43.25,89.85,49.99
18,43.25,89.83,50.61
18,42.73,95.16,50.02
16,42.75,95.17,50.65
14,42.77,95.18,51.28
12,42.75,95.13,51.89
18,42.69,94.3,50.02
16,42.69,94.3,50.65
19,42.85,93.83,50.02
19,43.05,93.4,50.02
17,42.85,93.83,50.65
17,43.05,93.4,50.64
12,42.69,94.3,51.9
14,42.69,94.3,51.27
15,42.85,93.83,51.27
15,43.05,93.4,51.27
12,42.85,93.83,51.9
13,43.05,93.4,51.9
3,40.77,107.33,51.27
3,40.77,107.33,51.9
4,41.18,106.85,51.27
4,41.18,106.85,51.9
4,40.77,107.33,50.65
5,40.77,107.33,50.02
5,41.18,106.85,50.65
6,41.18,106.85,50.02
3,41.1,105.97,51.9
4,41.1,105.97,51.27
4,41.5,105.49,51.9
4,41.42,104.61,51.9
5,41.5,105.49,51.27
5,41.42,104.61,51.27
5,41.1,105.97,50.65
6,41.1,105.97,50.02
6,41.5,105.49,50.65
6,41.42,104.61,50.65
7,41.5,105.49,50.02
7,41.42,104.61,50.02
2,40.26,106.49,52.83
2,40.62,105.57,53.77
2,41.02,105.09,54.4
2,40.94,104.21,53.77
2,41.02,105.09,53.77
2,40.62,105.57,53.15
2,40.62,105.57,52.52
2,40.94,104.21,53.15
2,41.02,105.09,53.15
2,40.94,104.21,52.52
3,41.02,105.09,52.52
2,39.61,109.21,51.58
2,39.61,109.21,50.33
2,39.97,108.29,51.9
2,39.97,108.29,51.27
3,40.37,107.81,51.27
2,40.37,107.81,51.9
3,39.97,108.29,50.02
3,39.97,108.29,50.65
3,40.37,107.81,50.65
4,40.37,107.81,50.02
7,41.35,103.73,50.02
6,41.35,103.73,50.65
4,41.35,103.73,51.9
5,41.35,103.73,51.27
7,41.27,102.85,50.02
6,41.27,102.85,50.65
10,41.67,102.37,50.02
10,41.59,101.49,50.02
8,41.67,102.37,50.65
8,41.59,101.49,50.65
5,41.27,102.85,51.27
4,41.27,102.85,51.9
6,41.67,102.37,51.27
6,41.59,101.49,51.27
5,41.67,102.37,51.9
5,41.59,101.49,51.9
10,41.52,100.61,50.02
8,41.52,100.61,50.65
6,41.52,100.61,51.27
5,41.52,100.61,51.9
10,41.44,99.73,50.02
8,41.44,99.73,50.65
10,41.84,99.25,50.65
10,41.76,98.37,50.65
12,41.84,99.25,50.02
12,41.76,98.37,50.02
5,41.44,99.73,51.9
6,41.44,99.73,51.27
7,41.84,99.25,51.9
7,41.76,98.37,51.9
9,41.84,99.25,51.27
8,41.76,98.37,51.27
7,41.69,97.49,51.9
8,41.69,97.49,51.27
10,41.69,97.49,50.65
12,41.69,97.49,50.02
9,42.09,97.01,51.9
10,42.09,97.01,51.27
11,42.49,96.53,51.9
11,42.41,95.65,51.9
13,42.49,96.53,51.27
12,42.41,95.65,51.27
12,42.09,97.01,50.65
14,42.09,97.01,50.02
16,42.49,96.53,50.02
16,42.44,95.65,50.02
14,42.49,96.53,50.65
14,42.43,95.65,50.64
5,40.26,106.49,49.08
8,40.26,106.49,47.83
6,40.62,105.57,49.4
7,40.62,105.57,48.77
9,40.94,104.21,48.77
9,41.02,105.09,48.77
7,40.94,104.21,49.4
7,41.02,105.09,49.4
10,40.62,105.57,47.52
9,40.62,105.57,48.15
13,40.94,104.21,47.52
12,41.02,105.09,47.52
11,40.94,104.21,48.15
11,41.02,105.09,48.15
2,38.65,108.4,49.08
3,38.65,108.4,47.83
3,37.69,107.6,46.58
5,39.45,107.45,47.83
5,38.5,106.64,46.58
3,39.45,107.45,49.08
11,40.47,103.81,47.52
9,40.47,103.81,48.15
13,40.87,103.33,47.52
11,40.87,103.33,48.15
7,40.47,103.81,48.77
5,40.47,103.81,49.4
9,40.87,103.33,48.77
7,40.87,103.33,49.4
13,40.79,102.45,47.52
11,40.79,102.45,48.15
15,41.19,101.97,47.52
13,41.19,101.97,48.15
9,40.79,102.45,48.77
7,40.79,102.45,49.4
11,41.19,101.97,48.77
11,41.12,101.09,48.77
9,41.19,101.97,49.4
9,41.12,101.09,49.4
15,41.12,101.09,47.52
13,41.12,101.09,48.15
17,41.44,99.73,47.52
17,41.52,100.61,47.52
16,41.44,99.73,48.15
15,41.52,100.61,48.15
11,41.04,100.21,48.77
9,41.04,100.21,49.4
15,40.96,99.33,47.52
13,40.96,99.33,48.15
17,41.36,98.85,47.52
17,41.29,97.97,47.52
16,41.36,98.85,48.15
15,41.29,97.97,48.15
11,40.96,99.33,48.77
9,40.96,99.33,49.4
13,41.36,98.85,48.77
13,41.29,97.97,48.77
12,41.36,98.85,49.4
11,41.29,97.97,49.4
24,39.54,95.01,41.55
24,39.68,94.04,41.53
19,39.54,101.27,41.56
22,39.36,99.47,41.57
24,39.22,97.72,41.56
23,39.18,95.89,41.55
8,39.3,105.69,46.58
12,39.3,105.69,45.33
12,40.1,104.73,46.58
16,40.1,104.73,45.33
3,36.73,106.8,45.33
6,37.54,105.84,45.33
2,35.93,107.75,45.33
2,34.17,107.91,44.08
3,34.97,106.95,44.08
2,32.32,109.18,43.02
3,33.36,107.13,42.82
5,32.89,107.13,41.53
13,38.34,104.88,44.08
16,38.34,104.88,42.82
18,39.15,103.92,42.81
17,39.15,103.92,44.08
2,33.95,106.15,44.08
4,35.78,105.99,44.08
4,33.95,106.15,42.82
8,35.78,105.99,42.82
7,36.58,105.04,44.08
11,36.58,105.04,42.82
13,38.34,104.88,41.59
15,39.14,103.93,41.57
17,39.02,102.17,41.57
10,35.73,105.99,41.58
12,36.55,105.04,41.58
6,33.64,106.15,41.54
13,39.95,102.97,46.58
17,39.95,102.97,45.33
16,40.75,102.01,46.58
20,40.75,102.01,45.33
18,38.99,102.16,44.08
20,39.01,102.17,42.81
21,39.79,101.21,44.08
22,39.8,101.22,42.8
24,39.64,99.45,42.82
21,40.6,100.25,45.33
17,40.6,100.25,46.58
22,39.64,99.44,44.08
24,41.4,99.29,45.33
25,40.44,98.49,44.08
20,41.4,99.29,46.58
25,39.49,97.68,42.81
21,39.06,94.19,40.58
18,38.84,100.4,40.58
21,38.72,98.64,40.58
21,38.55,96.88,40.58
19,38.37,95.12,40.59
2,31.34,106.94,43.23
3,31.34,106.94,41.46
9,37.35,104.08,40.59
15,38.02,101.36,40.59
11,38.17,103.12,40.59
5,32.01,105.3,40.57
8,34.5,105.19,40.58
9,35.46,104.23,40.58
25,42.83,92.9,48.14
27,42.83,92.9,47.52
28,43.05,92.06,47.52
26,43.05,92.06,48.15
21,42.83,92.9,49.39
23,42.83,92.9,48.77
24,43.05,92.06,48.77
22,43.05,92.06,49.39
30,42.55,92.53,46.27
28,42.55,92.53,46.9
32,42.8,92.06,46.27
30,42.8,92.07,46.9
24,43.05,91.17,48.77
26,43.25,90.35,48.77
22,43.05,91.17,49.39
24,43.25,90.35,49.39
24,43.25,89.43,49.38
22,43.05,89.83,49.39
26,43.25,89.42,48.77
25,43.05,89.83,48.77
29,43.05,91.18,47.52
31,43.25,90.35,47.53
26,43.05,91.17,48.15
28,43.25,90.35,48.15
31,43.25,89.42,47.53
30,43.05,89.83,47.52
29,43.25,89.42,48.15
27,43.05,89.83,48.15
35,43.25,88.52,46.33
35,43.25,89.44,46.33
35,43.05,88.94,46.29
33,43.05,91.17,46.28
35,43.25,90.37,46.31
34,43.05,89.84,46.29
34,43.25,88.53,46.92
33,43.25,89.43,46.92
32,43.05,88.94,46.91
31,43.05,91.18,46.9
33,43.25,90.36,46.92
32,43.05,89.83,46.91
24,42.44,95.65,47.52
22,42.44,95.65,48.15
25,42.73,95.16,47.52
25,42.69,94.3,47.52
23,42.69,94.3,48.15
23,42.73,95.16,48.15
20,42.34,94.77,48.77
18,42.34,94.77,49.4
26,42.63,93.41,47.52
24,42.63,93.41,48.15
20,42.26,93.89,48.77
18,42.26,93.89,49.4
22,42.63,93.41,48.77
20,42.63,93.41,49.4
13,41.21,97.09,48.77
11,41.21,97.09,49.4
17,41.21,97.09,47.52
15,41.21,97.09,48.15
16,41.61,96.61,48.77
14,41.61,96.61,49.4
18,42.01,96.13,48.77
18,41.94,95.25,48.77
16,42.01,96.13,49.4
16,41.94,95.25,49.4
19,41.61,96.61,47.52
18,41.61,96.61,48.15
21,42.01,96.13,47.52
20,42.01,96.13,48.15
33,42.5,91.65,45.65
34,42.5,91.65,45.02
34,42.78,91.18,45.65
35,42.79,91.19,45.02
36,43.06,89.44,45.7
35,42.9,89.83,45.62
35,43.05,90.38,45.68
36,43.08,90.45,45.07
37,43.1,89.43,45.08
37,42.95,89.84,44.94
30,41.86,94.37,45.02
26,42.34,94.77,46.9
28,42.34,94.77,46.27
26,42.26,93.89,46.9
28,42.26,93.89,46.27
28,41.86,94.37,45.65
28,41.78,93.49,45.65
30,41.78,93.49,45.02
31,42.18,93.01,45.65
31,42.11,92.13,45.65
32,42.18,93.01,45.02
32,42.11,92.13,45.02
26,42.18,93.01,46.9
29,42.18,93.01,46.27
30,41.38,93.97,44.4
31,41.38,93.97,43.77
29,41.3,93.09,44.4
31,41.3,93.09,43.77
32,41.7,92.61,44.4
31,41.23,92.21,43.15
33,41.7,92.61,43.77
20,41.25,97.53,46.58
25,41.25,97.53,45.33
24,42.05,96.57,46.58
26,41.94,95.25,46.27
24,41.94,95.25,46.9
28,42.05,96.57,45.33
28,41.94,95.25,45.65
30,41.94,95.25,45.02
26,41.46,94.85,45.65
28,41.46,94.85,45.02
25,40.29,96.73,44.08
28,41.09,95.77,44.08
26,40.17,95.41,43.15
27,40.98,94.45,44.4
28,40.58,94.93,43.15
29,40.98,94.45,43.77
27,40.5,94.05,43.15
28,40.5,94.05,42.52
29,40.82,92.69,43.15
29,40.9,93.57,43.15
29,40.82,92.69,42.52
30,40.9,93.57,42.52
26,40.18,93.19,42.06
24,39.34,95.93,42.8
24,39.7,95,43.15
25,39.69,95,42.49
24,39.78,94.05,42.12
25,40.1,94.52,43.15
26,40.09,94.52,42.51
32,41.63,91.73,44.4
33,41.63,91.73,43.77
34,42.03,91.25,44.4
35,42.03,91.25,43.77
34,41.63,91.73,43.15
34,41.63,91.73,42.52
32,41.16,91.33,41.89
36,42.03,91.25,43.15
34,41.29,90.43,41.51
36,42.03,91.25,42.52
35,41.55,90.85,41.89
26,40.35,92.28,42.52
29,40.78,91.81,41.95
23,39.93,91.89,42.1
28,40.75,91.81,42.52
36,42.46,90.77,44.39
37,42.46,90.77,43.77
37,42.91,89.87,44.54
38,42.95,90.03,44.24
37,42.78,90.33,44.37
37,42.76,90.04,44.6
38,42.75,89.41,44.38
39,42.76,89.41,43.77
38,42.78,90.29,43.77
38,42.45,90.77,43.15
38,42.45,90.77,42.52
41,42.68,88.53,43.15
39,42.78,90.29,43.15
40,42.76,89.41,43.15
43,42.6,87.65,42.52
41,42.68,88.53,42.52
39,42.78,90.29,42.52
40,42.76,89.41,42.52
37,41.95,90.37,41.9
36,41.55,89.97,41.45
44,42.12,87.25,41.9
43,41.77,87.73,41.38
42,42.2,88.13,41.9
41,42.28,89.01,41.9
39,42.35,89.89,41.9
41,41.85,88.6,41.37
39,41.91,89.49,41.36
20,39.23,93.28,41.58
21,39.53,92.45,41.53
25,40.27,91.4,41.39
19,39.53,91.47,41.54
29,40.67,90.93,41.28
31,40.93,90.46,41.2
43,41.79,87.73,40.91
40,41.82,88.62,40.92
38,41.88,89.49,40.89
35,41.17,89.56,41.12
41,41.09,87.79,41.15
16,38.9,92.39,40.58
18,39.24,91.5,40.58
23,39.79,91,40.56
27,40.2,90.52,40.53
31,40.61,90.05,40.5
34,40.9,89.58,40.48
41,41.49,88.21,40.43
38,41.49,89.09,40.43
41,40.87,87.82,40.5
4,43.34,88.92,54.94
6,43.27,88.87,54.76
6,43.7,88.68,50.69
5,43.87,88.67,50.88
15,43.35,88.87,50.53
9,43.51,88.69,50.63
13,43.41,89.1,50.73
10,43.59,88.99,50.72
17,43.28,89.19,50.66
20,43.27,88.89,50.36
21,43.25,88.96,49.95
5,43.79,89.32,51.28
5,43.51,89.32,52.21
6,43.34,88.93,52.32
8,43.46,89.36,51.52
11,43.36,88.93,51.41
13,43.41,89.11,51.07
9,43.6,89.46,51.16
12,43.36,88.85,51.25
14,43.28,89.22,51.14
5,43.61,88.88,52.21
2,43.66,88.46,52.53
6,43.42,88.43,52.32
12,43.29,88.87,51.34
9,43.42,88.49,51.4
4,43.81,88.43,50.78
8,43.56,88.42,51.36
8,43.48,87.98,51.28
2,43.66,87.51,52.46
3,43.51,87.36,52.33
8,43.48,87.97,51.24
8,43.49,88.24,50.62
16,43.36,88,50.52
7,43.73,88.43,50.86
3,44.02,88.84,51.26
11,43.45,88.41,51.16
10,43.36,88.06,51.25
14,43.35,88.49,50.62
18,43.31,88.27,50.52
4,43.69,88.23,50.68
4,43.56,87.99,50.62
4,43.43,87.71,50.52
29,43.25,88.53,48.15
28,43.05,88.94,48.15
31,43.25,88.53,47.53
30,43.05,88.94,47.52
24,43.25,88.53,49.36
22,43.05,88.94,49.39
26,43.25,88.53,48.76
25,43.05,88.94,48.77
36,42.88,88.94,45.62
37,43.06,88.51,45.71
38,42.93,88.92,44.96
38,43.1,88.49,45.16
35,43.05,87.96,46.29
36,43.25,87.16,46.29
39,42.66,88.53,44.38
40,42.68,88.53,43.77
37,43.06,87.96,45.68
38,43.25,87.12,45.71
38,43.25,86.31,45.66
32,43.49,87.63,44.35
40,43.2,87.32,44.41
39,43.11,87.99,45.04
40,43.18,87.39,44.69
39,43.26,87.07,45.12
39,43.25,86.28,45.07
39,43.07,88.05,44.36
39,43.08,88.05,43.77
42,42.6,87.65,43.15
41,43.1,86.98,44.41
41,43.06,86.29,44.42
41,43.07,87.48,43.77
42,43.09,86.99,43.8
42,42.85,87.17,43.14
42,43.06,86.3,43.78
42,42.79,86.31,43.14
43,41.36,87.36,41.49
45,41.63,86.85,41.88
46,41.37,86.43,41.47
43,42.52,86.77,42.52
45,42.05,86.37,41.9
47,41.64,85.97,41.41
43,41.33,87.33,41.07
46,41.38,86.44,41.05
48,41.32,85.56,41.08
44,40.91,86.93,40.49
47,41.19,86.46,40.46
49,41.13,85.58,40.48
5,43.59,87.96,52.2
4,43.64,87.61,52.21
5,43.42,87.61,52.32
19,43.28,88.28,50.37
2,45.1,81.66,51.89
4,45.66,81.86,51.94
6,46.83,85.68,51.92
5,45.9,85.88,51.97
7,46.14,82.45,51.9
10,46.22,83.34,51.9
10,46.29,84.22,51.9
8,46.37,85.11,51.9
2,45.09,81.66,51.39
4,45.7,81.84,51.33
6,46.8,85.69,51.33
4,45.89,85.88,51.39
9,46.14,82.44,51.27
12,46.22,83.34,51.27
12,46.29,84.22,51.27
8,46.37,85.12,51.27
4,45.68,81.8,50.74
6,46.09,81.92,50.49
10,46.14,82.44,50.65
15,46.22,83.34,50.65
14,46.29,84.22,50.65
9,46.37,85.13,50.64
7,46.75,85.73,50.72
3,45.89,85.89,50.83
2,45.09,81.64,50.43
6,46.08,81.92,50.19
4,45.64,81.78,50.3
4,46.06,81.58,49.9
4,45.63,81.7,50.19
3,46.53,86.86,49.86
2,46.02,86.53,50.13
7,46.71,85.76,50.3
2,45.86,85.9,50.43
12,46.14,82.46,50.02
6,46.45,85.99,49.89
4,45.92,85.88,50.18
9,46.86,85.42,50.09
11,46.37,85.13,50.03
16,46.29,84.22,50.02
17,46.22,83.34,50.02
23,43.25,87.97,49.37
26,43.25,87.97,48.77
29,43.25,87.98,48.14
33,43.05,87.97,46.9
32,43.25,87.97,47.52
34,43.25,87.18,46.9
36,43.25,86.33,46.25
2,45.58,81.18,49.4
10,45.66,82.06,49.4
18,45.74,82.94,49.4
3,46.05,86.46,49.4
20,45.82,83.82,49.4
17,45.89,84.7,49.4
3,45.58,81.18,48.77
11,45.66,82.06,48.77
20,45.74,82.94,48.77
22,45.82,83.82,48.77
20,45.89,84.7,48.77
11,46.41,85.54,49.08
3,46.05,86.46,48.77
2,45.58,81.18,48.15
10,45.66,82.06,48.15
19,45.74,82.94,48.15
23,45.82,83.82,48.15
23,45.89,84.7,48.15
4,46.05,86.46,48.15
2,45.58,81.18,47.52
2,45.18,81.66,46.9
12,44.09,83.97,45.02
10,43.51,84.01,45.86
4,43.7,83.96,45.59
7,45.26,82.54,46.9
6,45.66,82.06,47.52
16,45.34,83.42,46.9
15,45.74,82.94,47.52
22,45.41,84.3,46.9
22,45.82,83.82,47.52
20,45.49,85.18,46.9
23,45.89,84.7,47.52
13,46.41,85.54,47.83
6,45.57,86.06,46.9
4,46.05,86.46,47.52
2,45.17,86.54,47.52
3,44.69,86.14,46.9
9,43.71,85.42,45.63
19,43.52,85.5,46.17
38,43.26,85.04,45.58
17,43.7,84.93,45.53
27,44.14,84.86,45.01
15,44.53,84.38,45.65
21,45.01,84.78,46.27
12,45.09,85.66,46.27
17,44.61,85.26,45.65
9,44.23,85.73,46.27
12,43.94,85.34,45.66
27,43.87,84.47,44.96
13,43.69,84.51,45.63
22,43.51,84.62,45.87
2,44.05,83.11,45.02
14,44.93,83.9,46.27
5,44.46,83.5,45.65
7,43.51,82.99,45.85
2,43.7,83.03,45.56
2,44.29,81.74,46.27
2,44.78,82.14,46.27
6,44.86,83.02,46.27
2,44.36,82.62,45.64
4,43.9,83.57,45
3,43.7,83.55,45.62
29,43.5,84.04,45.94
11,43.51,83.55,45.86
38,43.25,85.61,45.6
39,43.25,85.6,45.09
38,43.26,84.43,45.11
39,43.12,84.93,45.01
37,43.25,83.96,45.07
40,43.28,84.74,44.36
39,43.2,84.35,44.4
39,43.18,84.44,44.7
41,43.1,85.56,44.42
40,42.97,84.97,44.38
40,43.28,84.74,43.77
40,43.2,84.35,43.76
41,43.11,85.58,43.77
41,42.97,84.98,43.77
39,43.15,84.3,44.42
40,43.15,84.3,43.76
38,43.25,83.53,44.42
38,43.12,83.99,44.41
38,43.26,83.52,43.76
39,43.13,83.98,43.76
6,43.52,81.96,46.8
27,43.49,83,45.94
4,43.51,82.56,45.85
6,43.52,81.98,46.15
43,42.46,85.89,42.52
42,42.8,85.41,43.15
41,42.9,84.65,43.35
42,42.78,85.41,42.54
44,41.97,85.49,41.9
45,41.58,85.1,41.44
43,42.41,85.01,41.9
42,41.94,84.61,41.35
45,41.33,84.75,41.12
41,41.56,84.22,41.03
45,41.11,84.67,40.49
40,41.37,84.16,40.47
41,42.73,84.58,43.04
41,42.74,84.35,43.28
41,42.74,84.53,42.53
40,42.29,84.13,41.9
37,41.87,83.73,41.37
40,42.94,84.07,43.14
39,43.08,83.57,43.14
40,42.92,84.07,42.56
39,43.07,83.6,42.49
39,42.66,83.65,41.9
35,42.24,83.25,41.29
32,41.54,83.32,41.04
29,41.81,82.85,40.93
30,41.36,83.34,40.46
23,41.62,82.44,40.43
37,43.25,83.11,44.38
38,43.25,83.12,43.76
34,43.25,79.18,43.14
34,43.25,79.18,42.51
33,43.25,78.77,41.88
32,43.05,79.18,41.89
33,43.25,78.29,42.52
32,43.25,77.9,41.9
31,43.05,78.29,41.89
31,43.06,77.87,41.36
28,42.68,77.89,40.83
32,43.26,77.44,41.91
30,43.08,77.41,41.24
29,42.86,77.41,40.78
25,43.28,76.66,42.22
31,43.28,77.04,41.84
15,43.4,76.86,41.77
14,43.26,76.54,42.02
9,43.26,76.54,41.52
22,43.18,76.45,41.31
30,43.13,76.76,41.17
28,42.86,76.51,40.78
38,43.25,82.74,43.14
38,43.05,83.15,43.14
38,43.25,82.75,42.51
38,43.05,83.16,42.51
37,43.25,82.23,43.14
36,43.25,81.4,43.14
36,43.25,81.41,42.51
37,43.25,82.23,42.51
38,42.84,83.18,41.9
37,43.05,82.75,41.88
32,43.05,78.78,41.25
30,42.85,78.27,41.25
30,42.73,78.77,40.83
36,43.05,82.24,41.23
36,42.82,82.27,40.8
33,43.05,79.73,41.23
31,42.87,79.19,41.27
31,42.76,79.65,40.81
34,43.05,80.53,41.22
32,42.79,80.54,40.8
34,42.8,81.43,40.8
35,43.05,81.41,41.22
36,42.61,82.77,41.27
32,42.38,82.36,40.93
35,43.05,81.41,41.88
36,43.05,82.24,41.88
35,43.25,80.53,42.51
34,43.05,80.53,41.88
34,43.25,79.72,42.51
33,43.05,79.72,41.88
24,42.33,77.48,40.77
26,42.5,76.97,40.7
25,42.46,76.13,40.69
33,42.76,81.44,40.63
31,42.69,80.55,40.65
32,42.55,81.9,40.68
29,42.11,82.39,40.82
30,42.55,80.12,40.69
28,42.48,79.23,40.74
27,42.41,78.36,40.76
19,42.17,77.5,40.38
24,42.41,76.6,40.37
24,42.33,75.72,40.37
32,42.73,81.01,40.36
31,42.52,81.48,40.36
25,41.91,81.97,40.4
28,42.46,80.14,40.37
26,42.38,79.26,40.37
24,42.26,78.38,40.38
9,43.57,76.54,41.75
5,43.38,76.07,42.02
3,43.39,76.09,41.52
23,43.04,76.07,41.32
26,42.84,75.65,40.77
5,43.38,75.77,41.77
17,43.14,75.61,41.2
16,43.18,76.03,42.14
25,43.27,76.05,42.5
4,43.27,75.63,42.25
4,43.27,75.44,41.92
10,43.26,75.16,41.81
13,43.26,74.76,41.27
16,43.12,75.18,41.26
26,42.97,75.19,40.74
27,43.12,74.77,40.67
15,43.27,74.25,41.25
26,43.12,74.28,40.67
26,42.72,75.66,40.61
24,42.63,74.78,40.64
25,42.57,75.25,40.37
26,43.09,74.29,40.34
27,43.27,73.89,40.58
24,42.6,74.36,40.38
27,43.27,73.38,40.57
2,44.72,81.66,53.19
3,45.64,81.86,53.16
4,45.67,82.16,53.15
5,45.03,85.88,53.18
6,45.94,85.68,53.15
6,45.74,82.94,53.15
6,45.82,83.82,53.15
6,45.89,84.7,53.15
6,45.95,85.42,53.15
4,43.96,85.88,53.18
2,44.71,81.66,52.59
3,45.63,81.86,52.54
5,45.67,82.16,52.52
5,45.03,85.88,52.57
6,45.94,85.68,52.54
7,45.74,82.94,52.52
8,45.82,83.82,52.52
7,45.89,84.7,52.52
6,45.95,85.42,52.52
5,43.96,85.88,52.58
2,45.26,82.5,55.65
2,45.34,83.42,55.65
2,45.41,84.3,55.65
2,45.49,85.16,55.65
2,44.73,81.66,54.41
2,45.64,81.86,54.4
3,45.67,82.16,54.4
3,45.03,85.88,54.4
4,45.94,85.68,54.4
3,45.74,82.94,54.4
4,45.82,83.82,54.4
4,45.89,84.7,54.4
4,45.95,85.42,54.4
2,44.81,81.86,55.02
2,45.26,82.5,55.02
3,45.34,83.42,55.02
3,45.41,84.3,55.02
3,45.49,85.16,55.02
3,45.1,85.68,55.02
2,45.11,85.45,55.65
2,44.73,81.66,53.8
3,45.64,81.86,53.78
3,45.67,82.16,53.77
4,45.03,85.88,53.79
5,45.94,85.68,53.77
4,45.74,82.94,53.77
5,45.82,83.82,53.77
5,45.89,84.7,53.77
5,45.95,85.42,53.77
2,43.96,85.88,53.79
8,43.05,92.86,53.15
6,43.25,92.07,53.18
10,43.05,92.86,52.52
6,43.26,92.12,52.58
4,43.28,91.23,52.7
6,43.17,91.59,52.49
5,43.25,91.22,53.21
5,43.26,90.73,53.1
4,43.27,90.75,52.62
6,43.25,89.81,53.17
6,43.27,89.81,52.62
6,43.05,92.86,53.77
5,43.25,92.06,53.77
5,42.83,92.9,55.02
6,43.05,92.86,54.39
5,43.25,92.1,54.36
5,43.06,92.09,55.01
4,42.81,92.06,55.65
2,42.03,91.25,56.9
2,42.51,91.65,56.27
5,43.25,91.18,53.76
6,43.25,89.83,53.76
5,43.25,91.24,54.32
3,43.25,91.19,55.19
4,43.22,91.11,55.06
5,43.11,91.18,54.83
5,43.11,91.47,55.09
3,42.81,91.28,55.55
2,43.04,90.97,55.46
6,43.26,90.73,54.4
5,43.13,90.71,54.86
6,43.28,90.32,54.76
2,43.32,90.68,55.23
5,43.2,90.29,55.06
3,43.06,90.29,55.45
6,43.26,89.83,54.33
5,43.15,89.81,54.86
6,43.27,89.39,54.75
3,43.27,89.81,55.23
5,43.18,89.39,55.06
9,42.75,95.17,53.13
11,42.78,95.17,52.51
8,42.69,94.3,53.14
10,42.7,94.3,52.52
10,42.85,93.83,52.52
10,43.05,93.4,52.52
8,42.85,93.83,53.15
8,43.05,93.4,53.15
3,41.69,97.49,54.4
3,41.69,97.49,53.77
4,41.69,97.49,53.15
5,41.69,97.49,52.52
6,42.09,97.01,53.15
7,42.09,97.01,52.52
8,42.5,96.53,53.14
8,42.43,95.65,53.15
9,42.5,96.53,52.53
9,42.41,95.65,52.52
4,42.09,97.01,54.4
5,42.09,97.01,53.77
6,42.49,96.53,53.77
5,42.49,96.53,54.39
2,41.61,96.61,55.65
2,41.61,96.61,55.02
2,42.01,96.13,55.65
3,42.01,96.13,55.02
6,42.44,95.65,53.77
5,42.43,95.65,54.39
6,42.76,95.17,54.41
7,42.74,95.16,53.77
2,41.86,94.37,56.9
2,41.78,93.49,56.9
2,41.94,95.25,55.65
3,41.94,95.25,55.02
2,41.86,94.37,56.27
3,42.34,94.77,55.65
4,42.34,94.77,55.02
3,42.26,93.89,55.65
2,41.78,93.49,56.27
4,42.63,93.41,55.65
3,42.18,93.01,56.27
2,41.7,92.61,56.9
4,42.55,92.53,55.65
2,41.63,91.73,56.9
3,42.11,92.13,56.27
4,42.26,93.89,55.02
5,42.69,94.3,54.4
7,42.69,94.3,53.77
7,42.85,93.83,53.77
7,43.05,93.4,53.77
6,42.85,93.83,54.4
6,43.05,93.4,54.39
4,42.63,93.41,55.02
2,40.87,103.33,53.77
2,40.47,103.81,52.52
2,40.87,103.33,53.15
2,40.87,103.33,52.52
2,41.19,101.97,53.77
2,41.12,101.09,53.77
2,41.19,101.97,54.4
2,41.12,101.09,54.4
2,40.79,102.45,52.52
2,40.79,102.45,53.15
3,41.19,101.97,52.52
3,41.12,101.09,52.52
2,41.19,101.97,53.15
2,41.12,101.09,53.15
2,41.04,100.21,53.15
3,41.04,100.21,52.52
2,41.04,100.21,53.77
2,40.96,99.33,53.15
2,40.96,99.33,52.52
3,41.36,98.85,53.15
3,41.29,97.97,53.15
4,41.36,98.85,52.52
3,41.29,97.97,52.52
2,41.36,98.85,54.4
2,41.29,97.97,54.4
2,41.36,98.85,53.77
2,41.29,97.97,53.77
17,42.83,92.9,50.64
19,42.83,92.9,50.02
20,43.05,92.06,50.02
17,43.07,92.08,50.63
12,42.83,92.9,51.9
14,42.83,92.9,51.27
11,43.1,92.15,51.92
15,43.09,92.12,51.25
9,43.16,91.47,51.84
5,43.29,91.09,52.25
12,43.25,91.04,51.48
14,43.13,91.52,51.38
15,43.16,91.16,51.13
16,43.27,90.28,51.13
15,43.15,90.7,51.24
4,43.35,90.67,52.21
5,43.3,90.3,52.32
10,43.34,90.66,51.54
14,43.29,90.28,51.44
14,43.13,89.77,51.25
15,43.28,89.44,51.07
3,43.72,90.22,51.87
11,43.33,89.84,51.55
6,43.33,89.81,52.2
6,43.29,89.39,52.34
18,43.09,91.21,50.6
20,43.05,91.17,50.02
21,43.25,90.36,50
19,43.25,90.32,50.57
17,43.1,90.72,50.72
21,43.25,89.47,49.96
20,43.05,89.84,50.01
18,43.26,89.49,50.55
17,43.07,89.82,50.64
16,42.34,94.77,50.02
14,42.34,94.77,50.65
12,42.34,94.77,51.27
10,42.34,94.77,51.9
16,42.26,93.89,50.02
14,42.26,93.89,50.65
18,42.63,93.41,50.02
16,42.63,93.41,50.65
10,42.26,93.89,51.9
12,42.26,93.89,51.27
14,42.63,93.41,51.27
12,42.63,93.41,51.9
2,40.26,106.49,51.58
3,40.26,106.49,50.33
2,40.62,105.57,51.9
3,40.62,105.57,51.27
3,40.94,104.21,51.9
3,41.02,105.09,51.9
3,40.94,104.21,51.27
4,41.02,105.09,51.27
3,40.62,105.57,50.65
4,40.62,105.57,50.02
4,40.94,104.21,50.65
5,41.02,105.09,50.65
5,40.94,104.21,50.02
6,41.02,105.09,50.02
2,39.45,107.45,50.33
4,40.47,103.81,50.02
3,40.47,103.81,50.65
5,40.87,103.33,50.02
4,40.87,103.33,50.65
2,40.47,103.81,51.27
2,40.47,103.81,51.9
3,40.87,103.33,51.9
3,40.87,103.33,51.27
5,40.79,102.45,50.02
4,40.79,102.45,50.65
7,41.19,101.97,50.02
7,41.12,101.09,50.02
6,41.19,101.97,50.65
6,41.12,101.09,50.65
3,40.79,102.45,51.27
2,40.79,102.45,51.9
4,41.19,101.97,51.27
4,41.12,101.09,51.27
3,41.19,101.97,51.9
3,41.12,101.09,51.9
7,41.04,100.21,50.02
6,41.04,100.21,50.65
4,41.04,100.21,51.27
3,41.04,100.21,51.9
7,40.96,99.33,50.02
6,40.96,99.33,50.65
8,41.36,98.85,50.65
8,41.29,97.97,50.65
10,41.36,98.85,50.02
9,41.29,97.97,50.02
3,40.96,99.33,51.9
4,40.96,99.33,51.27
5,41.36,98.85,51.9
4,41.29,97.97,51.9
6,41.36,98.85,51.27
6,41.29,97.97,51.27
4,41.21,97.09,51.9
5,41.21,97.09,51.27
7,41.21,97.09,50.65
9,41.21,97.09,50.02
6,41.61,96.61,51.9
8,41.61,96.61,51.27
8,42.01,96.13,51.9
8,41.94,95.25,51.9
10,42.01,96.13,51.27
10,41.94,95.25,51.27
10,41.61,96.61,50.65
12,41.61,96.61,50.02
14,42.01,96.13,50.02
14,41.94,95.25,50.02
12,42.01,96.13,50.65
12,41.94,95.25,50.65
3,39.3,105.69,49.08
5,39.3,105.69,47.83
5,40.1,104.73,49.08
8,40.1,104.73,47.83
2,37.69,107.6,47.83
2,36.73,106.8,46.58
3,38.5,106.64,47.83
3,37.54,105.84,46.58
2,38.5,106.64,49.08
8,39.95,102.97,47.83
5,39.95,102.97,49.08
11,40.31,102.05,47.52
9,40.31,102.05,48.15
13,40.71,101.57,47.52
11,40.71,101.57,48.15
7,40.31,102.05,48.77
5,40.31,102.05,49.4
9,40.64,100.69,48.77
9,40.71,101.57,48.77
7,40.64,100.69,49.4
7,40.71,101.57,49.4
12,40.6,100.25,47.83
5,40.16,100.29,49.4
7,40.16,100.29,48.77
9,40.56,99.81,48.77
7,40.56,99.81,49.4
13,40.48,98.93,47.52
11,40.48,98.93,48.15
15,40.88,98.45,47.52
15,40.81,97.57,47.52
13,40.88,98.45,48.15
13,40.81,97.57,48.15
9,40.48,98.93,48.77
7,40.48,98.93,49.4
11,40.88,98.45,48.77
11,40.81,97.57,48.77
9,40.88,98.45,49.4
9,40.81,97.57,49.4
21,39.05,94.19,41.58
20,38.83,100.4,41.58
22,38.7,98.64,41.58
22,38.54,96.88,41.57
20,38.37,95.12,41.58
5,38.34,104.88,46.58
9,38.34,104.88,45.33
9,39.15,103.92,46.58
13,39.15,103.92,45.33
2,35.78,105.99,45.33
4,36.58,105.04,45.33
2,32.32,106.95,43.75
3,32.32,106.95,42.29
11,37.38,104.08,44.08
15,37.38,104.08,42.82
17,38.19,103.12,42.82
15,38.19,103.12,44.08
3,33.28,105.31,43.45
3,34.82,105.19,44.08
6,34.82,105.19,42.82
6,35.62,104.23,44.08
9,35.62,104.23,42.82
14,37.37,104.08,41.58
18,38.03,101.36,41.58
15,38.18,103.12,41.58
5,32.76,105.3,41.53
8,34.7,105.19,41.57
11,35.56,104.23,41.58
9,38.99,102.16,46.58
14,38.99,102.16,45.33
13,39.79,101.21,46.58
17,39.79,101.21,45.33
16,38.03,101.36,44.08
19,38.03,101.36,42.82
19,38.84,100.4,44.08
21,38.83,100.4,42.82
22,38.68,98.64,42.82
18,39.64,99.44,45.33
13,39.64,99.44,46.58
19,38.68,98.64,44.08
21,40.44,98.49,45.33
22,39.49,97.68,44.08
16,40.44,98.49,46.58
22,38.54,96.88,42.81
14,38.22,93.36,40.59
13,37.39,94.32,40.59
19,37.86,99.6,40.58
20,37.71,97.84,40.58
18,37.55,96.08,40.59
3,31.34,105.32,42.34
10,36.33,103.28,40.58
15,37,100.56,40.58
12,37.18,102.32,40.59
7,33.01,103.52,40.57
24,42.55,92.53,48.15
26,42.55,92.53,47.52
27,42.8,92.07,47.52
25,42.8,92.07,48.15
20,42.55,92.53,49.4
22,42.55,92.53,48.77
23,42.8,92.07,48.77
21,42.8,92.07,49.4
29,42.11,92.13,46.27
27,42.11,92.13,46.9
31,42.5,91.65,46.27
29,42.5,91.65,46.9
21,42.77,91.19,49.4
24,42.77,91.19,48.77
25,43.05,90.35,48.77
22,43.05,90.35,49.39
22,42.88,89.84,49.4
22,43.05,89.43,49.39
24,42.88,89.84,48.77
25,43.05,89.42,48.77
26,42.77,91.19,48.15
28,42.77,91.19,47.52
29,43.05,90.35,47.52
27,43.05,90.35,48.15
29,42.88,89.84,47.52
30,43.05,89.42,47.52
27,42.88,89.84,48.15
27,43.05,89.42,48.15
32,42.77,91.18,46.27
30,42.77,91.19,46.9
35,43.05,88.52,46.29
34,42.86,88.95,46.27
34,43.05,89.43,46.29
34,42.88,89.84,46.27
34,43.05,90.36,46.29
33,43.05,88.53,46.9
32,42.86,88.95,46.9
32,43.05,89.42,46.91
31,42.88,89.84,46.9
32,43.05,90.35,46.9
22,41.94,95.25,47.52
20,41.94,95.25,48.15
24,42.34,94.77,47.52
24,42.26,93.89,47.52
22,42.26,93.89,48.15
22,42.34,94.77,48.15
18,41.86,94.37,48.77
16,41.86,94.37,49.4
24,42.18,93.01,47.52
22,42.18,93.01,48.15
18,41.78,93.49,48.77
16,41.78,93.49,49.4
20,42.18,93.01,48.77
18,42.18,93.01,49.4
10,40.73,96.69,48.77
9,40.73,96.69,49.4
14,40.73,96.69,47.52
12,40.73,96.69,48.15
13,41.13,96.21,48.77
11,41.13,96.21,49.4
15,41.53,95.73,48.77
15,41.46,94.85,48.77
14,41.53,95.73,49.4
13,41.46,94.85,49.4
17,41.13,96.21,47.52
15,41.13,96.21,48.15
19,41.53,95.73,47.52
17,41.53,95.73,48.15
31,42.03,91.25,45.65
33,42.03,91.25,45.02
33,42.45,90.77,45.65
35,42.46,90.77,45.02
35,42.71,89.41,45.64
35,42.75,90.28,45.64
36,42.77,90.34,45.02
37,42.79,90.03,44.92
37,42.73,89.41,45
28,41.38,93.97,45.02
23,41.46,94.85,46.27
21,41.46,94.85,46.9
24,41.86,94.37,46.9
26,41.86,94.37,46.27
24,41.78,93.49,46.9
26,41.78,93.49,46.27
26,41.38,93.97,45.65
26,41.3,93.09,45.65
28,41.3,93.09,45.02
28,41.7,92.61,45.65
28,41.63,91.73,45.65
30,41.7,92.61,45.02
30,41.63,91.73,45.02
21,41.3,93.09,46.9
24,41.3,93.09,46.27
24,41.7,92.61,46.9
26,41.7,92.61,46.27
24,40.5,94.05,44.4
26,40.5,94.05,43.77
27,40.9,93.57,44.4
28,40.9,93.57,43.77
26,40.82,92.69,44.4
28,40.82,92.69,43.77
25,40.35,92.28,43.15
29,41.23,92.21,44.4
28,40.75,91.81,43.15
30,41.23,92.21,43.77
16,40.29,96.73,46.58
21,40.29,96.73,45.33
20,41.09,95.77,46.58
24,41.09,95.77,45.33
23,40.98,94.45,45.65
25,40.98,94.45,45.02
21,39.33,95.92,44.08
24,40.14,94.96,44.08
24,39.98,93.2,42.83
21,39.62,92.42,42.13
20,38.37,95.12,42.82
21,39.18,94.16,42.82
29,41.15,91.33,44.4
30,41.15,91.33,43.77
32,41.55,90.85,44.4
33,41.55,90.85,43.77
31,41.15,91.33,43.15
31,41.15,91.33,42.52
29,40.7,90.93,41.97
34,41.55,90.85,43.15
32,41.08,90.45,41.9
34,41.55,90.85,42.52
22,39.86,91.88,42.51
20,39.61,91.46,42.15
25,40.3,91.41,42.05
25,40.27,91.4,42.52
35,41.95,90.37,44.4
36,41.95,90.37,43.77
38,42.28,89.01,44.4
37,42.35,89.89,44.39
39,42.28,89.01,43.77
38,42.35,89.89,43.77
37,41.95,90.37,43.15
37,41.95,90.37,42.52
41,42.2,88.13,43.15
40,42.28,89.01,43.15
39,42.35,89.89,43.15
43,42.12,87.25,42.52
42,42.2,88.13,42.52
41,42.28,89.01,42.52
39,42.35,89.89,42.52
36,41.47,89.97,41.89
35,41.22,89.55,41.54
41,41.43,88.16,41.48
43,41.72,87.73,41.9
41,41.78,88.61,41.88
39,41.88,89.49,41.9
38,41.5,89.13,41.47
40,41.09,87.78,41.58
16,38.9,92.39,41.58
17,39.24,91.5,41.58
21,39.79,91,41.5
25,40.19,90.52,41.4
29,40.59,90.05,41.29
33,40.87,89.58,41.21
40,41.38,88.21,41.06
37,41.42,89.09,41.05
39,40.78,87.82,41.27
10,38.05,91.6,40.59
15,38.87,90.64,40.58
25,39.74,89.71,40.56
35,40.53,88.72,40.51
41,40.49,87.41,40.53
7,43.26,88.88,53.17
7,43.27,88.86,52.62
7,43.25,88.92,53.76
6,43.26,88.89,54.32
4,43.29,88.93,55.06
2,42.93,88.94,55.71
2,43.2,88.93,55.47
5,43.33,87.93,54.94
5,43.14,88.88,54.86
6,43.28,87.98,54.77
2,43.26,87.05,55.66
15,43.31,88.79,50.63
13,43.41,88.96,50.8
10,43.58,88.67,50.83
16,43.15,89.12,50.69
18,43.14,88.84,50.44
20,43.27,88.55,50.31
21,43.25,88.54,49.9
20,43.07,88.94,50
5,43.64,89.33,51.86
7,43.28,88.95,52.2
10,43.34,88.94,51.49
13,43.41,88.98,51.05
12,43.33,88.81,51.17
14,43.18,89.18,51.16
2,43.99,88.84,51.87
2,43.82,88.45,52.46
6,43.45,88.44,52.2
6,43.33,87.94,52.32
12,43.22,88.88,51.34
10,43.3,88.1,51.34
8,43.46,88.4,51.5
9,43.34,87.95,51.41
6,43.74,88.41,51.31
2,43.96,88.2,50.86
5,43.48,87.54,51.33
6,43.55,87.95,51.31
8,43.42,87.67,51.25
2,43.99,87.94,51.89
2,43.79,87.56,52.32
2,43.64,87.46,52.23
2,43.58,87.41,50.9
8,43.55,87.98,51.14
6,43.4,87.6,51.43
10,43.53,88.23,50.81
15,43.33,88.02,50.62
18,43.3,87.77,50.52
19,43.27,88.04,50.31
11,43.48,88.44,51.03
11,43.32,88.02,51.14
13,43.34,88.47,50.82
16,43.23,88.27,50.62
19,43.28,87.81,50.38
6,43.69,87.98,50.84
2,43.79,87.99,50.76
8,43.47,87.76,50.62
18,43.34,87.53,50.52
27,42.86,88.95,48.15
28,43.05,88.53,48.15
30,42.86,88.95,47.52
30,43.05,88.53,47.52
22,42.86,88.95,49.4
22,43.05,88.53,49.38
24,42.86,88.95,48.77
25,43.05,88.53,48.77
36,42.65,88.53,45.64
38,42.67,88.53,45.01
33,42.83,88.01,46.9
35,42.83,88.01,46.27
36,43.05,87.16,46.28
39,42.2,88.13,44.4
40,42.2,88.13,43.77
37,42.85,88.02,45.63
38,42.89,88.05,44.97
38,43.05,87.15,45.67
38,43.05,86.3,45.65
41,43.08,87.48,44.35
39,43.08,87.13,45.04
39,43.05,86.28,45.04
40,42.6,87.65,44.38
41,42.6,87.65,43.77
43,42.12,87.25,43.15
41,42.85,87.16,44.38
41,42.79,86.31,44.4
42,42.85,87.17,43.77
43,42.52,86.77,43.14
42,42.79,86.32,43.77
43,42.47,85.89,43.14
42,41.25,87.32,41.9
44,41.64,86.85,42.52
45,41.17,86.45,41.88
44,42.05,86.37,42.52
46,41.56,85.97,41.89
47,41.31,85.55,41.51
42,40.81,86.93,41.25
46,41.07,86.46,41.16
49,41.01,85.58,41.21
42,39.95,87.01,40.56
44,40.4,86.52,40.53
48,40.83,86.04,40.5
50,40.76,85.16,40.51
6,43.44,87.7,52.2
2,43.61,87.42,51.83
6,43.38,87.42,51.94
9,43.28,87.55,51.33
9,43.37,87.43,51.14
12,43.36,87.41,50.76
17,43.15,88.27,50.46
21,43.26,87.99,49.93
18,43.28,87.52,50.38
2,44.67,81.66,52.01
3,45.17,81.86,51.83
6,45.66,82.16,51.89
4,45.03,85.88,51.98
6,45.94,85.68,51.92
9,45.74,82.94,51.9
10,45.82,83.82,51.9
9,45.89,84.7,51.9
7,45.95,85.42,51.9
4,43.97,85.88,51.99
3,45.16,81.84,51.31
7,45.65,82.14,51.27
3,45,85.88,51.39
5,45.93,85.69,51.32
11,45.74,82.94,51.27
12,45.82,83.82,51.27
10,45.89,84.7,51.27
6,45.95,85.43,51.27
3,44.02,85.88,51.4
3,45.15,81.8,50.71
7,45.66,82.12,50.64
13,45.74,82.94,50.65
14,45.82,83.82,50.65
11,45.89,84.7,50.65
6,45.95,85.47,50.64
4,45.93,85.73,50.72
3,45.15,81.78,50.3
2,45.59,81.19,49.88
2,45.15,81.53,50.17
9,45.66,82.15,50.09
7,45.66,81.94,49.86
2,46.05,86.45,49.87
4,45.91,85.76,50.31
16,45.74,82.94,50.02
6,45.96,85.67,49.88
7,45.96,85.46,50.11
13,45.89,84.7,50.02
17,45.82,83.82,50.02
22,43.05,87.97,49.39
23,43.25,87.16,49.38
25,43.05,87.97,48.77
26,43.25,87.18,48.77
28,43.05,87.97,48.14
29,43.25,87.19,48.14
30,43.05,87.97,47.52
33,43.05,87.17,46.9
32,43.25,87.19,47.52
34,43.25,86.35,46.87
36,43.05,86.31,46.26
37,43.25,85.63,46.18
2,44.7,81.26,49.4
5,45.18,81.66,49.4
16,45.26,82.54,49.4
19,45.34,83.42,49.4
3,45.57,86.06,49.4
18,45.41,84.3,49.4
11,45.49,85.18,49.4
2,43.97,81.32,48.77
3,44.7,81.26,48.77
6,45.18,81.66,48.77
18,45.26,82.54,48.77
22,45.34,83.42,48.77
22,45.41,84.3,48.77
15,45.49,85.18,48.77
4,45.57,86.06,48.77
2,43.52,81.92,48.77
20,43.52,85.52,46.81
2,43.98,81.32,48.14
2,44.7,81.26,48.15
6,45.18,81.66,48.15
18,45.26,82.54,48.15
24,45.34,83.42,48.15
25,45.41,84.3,48.15
19,45.49,85.18,48.15
5,45.57,86.06,48.15
2,44.69,86.14,48.15
4,44.29,81.74,46.9
2,43.97,81.32,47.52
2,44.7,81.26,47.52
4,45.18,81.66,47.52
6,44.78,82.14,46.9
21,43.66,84,45.98
8,44.09,83.97,45.65
16,44.86,83.02,46.9
13,45.26,82.54,47.52
24,44.93,83.9,46.9
22,45.34,83.42,47.52
26,45.01,84.78,46.9
25,45.41,84.3,47.52
14,45.09,85.66,46.9
21,45.49,85.18,47.52
6,45.57,86.06,47.52
3,44.69,86.14,47.52
11,44.23,85.73,46.89
37,43.36,84.94,45.94
37,43.39,85.11,46.19
21,43.69,85.41,46.23
37,43.27,85.22,46.16
38,43.27,85.04,45.87
38,43.26,84.56,45.57
38,43.1,84.97,45.62
23,44.53,84.38,46.27
22,43.91,85.32,46.27
20,44.61,85.26,46.27
19,44.15,84.86,45.65
15,43.89,84.47,45.68
29,43.65,84.55,45.99
36,43.45,84.57,45.94
37,43.26,83.99,45.58
3,43.52,81.93,48.11
5,43.52,81.95,47.46
33,43.25,78.29,43.15
14,44.46,83.5,46.27
14,43.65,83.06,45.98
3,44.03,83.1,45.65
7,43.98,82.23,46.27
3,43.82,82.67,45.8
6,44.38,82.62,46.27
5,43.87,83.56,45.69
32,43.62,84.01,46.07
20,43.65,83.57,45.98
35,43.42,83.54,45.94
38,43.07,85.54,45.63
39,43.07,85.54,45.05
39,42.96,84.92,44.96
38,43.11,84.46,45.05
37,43.25,83.56,45.02
38,43.08,84.03,45.03
41,42.79,85.4,44.39
40,42.92,84.7,44.37
42,42.8,85.41,43.77
41,42.92,84.69,43.77
40,42.71,84.47,44.39
41,42.72,84.47,43.77
39,42.93,84.06,44.37
38,43.07,83.58,44.41
39,42.94,84.05,43.77
38,43.08,83.56,43.76
37,43.25,83.06,45
13,43.68,82.06,46.86
27,43.51,82.36,46.76
26,43.6,83.07,46.07
11,43.65,82.67,45.97
8,43.69,82.07,46.22
32,43.42,82.64,45.94
27,43.51,82.36,46.14
36,43.26,83.04,45.53
35,43.25,80.52,43.14
34,43.25,79.72,43.14
34,43.25,79.18,43.77
44,41.97,85.49,42.52
43,42.37,85.01,43.15
43,42.39,85.01,42.51
45,41.5,85.09,41.9
45,41.3,84.72,41.54
43,41.89,84.61,41.9
42,41.56,84.24,41.46
45,41,84.67,41.25
41,41.25,84.16,41.18
45,40.66,84.28,40.53
37,41.08,83.81,40.5
41,42.29,84.13,43.15
41,42.29,84.13,42.52
38,41.8,83.73,41.88
33,41.53,83.31,41.46
39,42.67,83.65,43.14
39,42.67,83.65,42.52
36,42.22,83.25,41.9
30,41.8,82.85,41.38
32,41.23,83.34,41.16
23,41.47,82.44,41.05
25,41,82.93,40.49
21,41.29,82.46,40.46
37,43.25,82.72,44.38
37,43.05,83.14,44.39
37,43.25,82.73,43.76
38,43.05,83.15,43.77
36,43.25,82.21,44.38
37,43.25,82.22,43.76
36,43.25,81.4,43.76
33,43.25,78.77,43.14
33,43.05,79.18,43.14
33,43.25,78.77,42.52
33,43.05,79.18,42.52
32,42.87,79.19,41.9
32,43.05,78.77,41.89
27,42.46,78.35,40.91
32,43.25,77.89,42.53
32,43.05,78.29,42.52
31,42.84,78.3,41.89
31,43.05,77.88,41.9
28,42.61,77.89,41.28
26,42.39,77.47,40.92
32,43.25,77.4,42.57
31,43.09,77.4,41.91
29,42.85,77.4,41.27
27,42.63,77.01,40.84
31,43.26,76.59,42.62
14,43.22,76.52,41.77
26,43.17,76.63,42.14
30,43.16,76.96,41.85
28,42.88,76.52,41.28
26,42.57,76.12,40.85
38,42.84,83.18,43.15
37,43.05,82.75,43.14
38,42.84,83.18,42.52
37,43.05,82.75,42.52
37,43.05,82.23,43.14
36,43.05,81.4,43.14
35,43.05,81.41,42.51
37,43.05,82.24,42.52
36,42.6,82.77,41.9
29,42.53,79.23,40.89
30,42.68,78.77,41.27
36,42.81,82.27,41.27
33,42.61,81.9,40.86
30,42.63,80.11,40.84
31,42.71,79.64,41.26
32,42.75,80.54,41.25
31,42.59,81.04,40.86
34,42.79,81.42,41.27
31,42.17,82.37,41.3
34,42.79,81.42,41.9
36,42.81,82.27,41.89
34,43.05,80.53,42.51
33,42.76,80.54,41.9
33,43.05,79.72,42.52
32,42.72,79.64,41.9
23,42.06,77.5,40.84
24,42.29,76.6,40.74
23,42.21,75.72,40.76
30,42.48,81.01,40.7
29,42.33,81.48,40.75
23,41.74,81.97,40.94
27,42.29,80.14,40.76
26,42.23,79.26,40.79
25,42.14,78.38,40.84
19,41.85,77.97,40.41
16,41.77,77.09,40.41
18,42.09,76.62,40.38
20,42.01,75.74,40.39
26,42.21,80.61,40.38
27,42.21,81.5,40.38
20,41.53,81.56,40.44
18,41.33,79.79,40.45
25,42.1,79.73,40.39
23,41.97,78.84,40.4
21,41.58,78.43,40.44
9,43.37,76.09,41.76
21,43.04,76.07,42.02
24,42.83,75.65,41.28
24,42.52,75.28,40.86
20,43.28,73.53,41.11
25,43.06,73.41,40.35
20,43.29,73.13,41.2
25,43.13,73.37,40.66
27,43.13,76.07,42.43
8,43.12,75.5,41.91
12,43.13,75.7,42.17
24,43.25,75.55,42.6
9,43.25,74.78,41.93
6,43.09,75.2,41.81
21,42.97,75.2,41.27
15,43.09,74.76,41.28
25,42.8,74.77,40.78
12,43.26,74.26,41.87
16,43.12,74.24,41.27
20,43.27,73.9,41.06
25,42.94,74.29,40.74
26,43.12,73.88,40.67
24,42.39,75.25,40.71
23,42.44,74.36,40.7
21,42.04,74.85,40.39
25,42.83,73.89,40.37
22,42.31,74.38,40.37
22,42.75,73.01,40.4
26,43.27,72.54,40.56
2,44.81,81.86,53.16
4,45.26,82.5,53.15
5,44.44,85.88,53.18
5,45.1,85.68,53.16
5,45.34,83.42,53.15
6,45.41,84.3,53.15
6,45.49,85.16,53.15
2,43.59,85.88,53.18
4,44.12,85.68,53.16
2,44.8,81.86,52.55
5,45.26,82.5,52.52
5,44.44,85.88,52.58
6,45.1,85.68,52.54
7,45.34,83.42,52.52
7,45.41,84.3,52.52
6,45.49,85.16,52.52
5,43.59,85.88,52.58
5,44.12,85.68,52.54
2,44.86,83.02,55.65
2,44.93,83.9,55.65
2,45.01,84.78,55.65
2,44.81,81.86,54.4
3,45.26,82.5,54.4
2,44.45,85.88,54.4
3,45.1,85.68,54.4
3,45.34,83.42,54.4
4,45.41,84.3,54.4
4,45.49,85.16,54.4
2,44.77,82.2,55.02
2,44.86,83.02,55.02
2,44.93,83.9,55.02
3,45.01,84.78,55.02
3,45.11,85.45,55.02
2,44.81,81.86,53.78
3,45.26,82.5,53.77
4,44.44,85.88,53.79
4,45.1,85.68,53.78
4,45.34,83.42,53.77
5,45.41,84.3,53.77
5,45.49,85.16,53.77
3,44.12,85.68,53.78
10,42.83,92.9,52.52
8,42.83,92.9,53.15
7,43.06,92.06,53.16
8,43.08,92.1,52.55
8,43.08,91.55,52.39
7,43.15,91.2,52.65
7,43.07,91.21,53.18
6,43.25,90.32,53.21
7,43.09,90.72,53.07
6,43.27,90.3,52.64
7,43.14,90.72,52.54
7,43.25,89.41,53.21
7,43.07,89.81,53.15
6,43.27,89.39,52.65
8,43.12,89.8,52.53
6,42.83,92.9,53.77
6,43.05,92.05,53.77
5,42.83,92.9,54.39
4,42.55,92.53,55.02
5,43.06,92.08,54.38
5,42.82,92.07,55.02
3,42.03,91.25,56.27
4,42.51,91.65,55.65
6,43.05,91.17,53.77
6,43.25,90.36,53.76
6,43.25,89.41,53.75
6,43.06,89.83,53.77
5,43.07,91.21,54.36
5,42.82,91.3,55.15
5,42.82,91.1,54.92
4,43.05,90.98,55.25
3,42.45,90.77,55.66
6,43.26,90.35,54.28
5,43.09,90.71,54.46
5,42.99,90.7,54.98
4,43.06,90.29,55.25
5,43.15,90.31,54.86
3,42.78,90.29,55.66
6,43.26,89.4,54.28
6,43.11,89.82,54.38
5,42.97,89.82,54.97
4,42.98,89.41,55.42
4,43.04,89.4,55.26
5,43.14,89.39,54.85
3,42.71,89.41,55.66
7,42.34,94.77,53.15
8,42.34,94.77,52.52
6,42.26,93.89,53.15
8,42.26,93.89,52.52
9,42.63,93.41,52.52
8,42.63,93.41,53.15
2,41.21,97.09,53.77
2,41.21,97.09,53.15
3,41.21,97.09,52.52
4,41.61,96.61,53.15
5,41.61,96.61,52.52
6,42.01,96.13,53.15
5,41.94,95.25,53.15
7,42.01,96.13,52.52
6,41.94,95.25,52.52
2,41.61,96.61,54.4
3,41.61,96.61,53.77
4,42.01,96.13,53.77
4,42.01,96.13,54.4
2,41.53,95.73,55.02
4,41.94,95.25,53.77
3,41.94,95.25,54.4
5,42.34,94.77,54.4
6,42.34,94.77,53.77
2,41.86,94.37,55.65
3,41.86,94.37,55.02
2,41.78,93.49,55.65
3,42.18,93.01,55.65
2,41.7,92.61,56.27
2,41.23,92.21,56.9
3,42.11,92.13,55.65
2,41.63,91.73,56.27
2,41.78,93.49,55.02
4,42.26,93.89,54.4
5,42.26,93.89,53.77
6,42.63,93.41,53.77
3,42.18,93.01,55.02
5,42.63,93.41,54.4
2,40.64,100.69,52.52
2,40.71,101.57,52.52
2,40.88,98.45,53.15
2,40.88,98.45,52.52
2,40.81,97.57,52.52
16,42.55,92.53,50.65
18,42.55,92.53,50.02
19,42.8,92.07,50.02
17,42.82,92.07,50.64
11,42.55,92.53,51.9
13,42.55,92.53,51.27
11,42.86,92.03,51.9
14,42.85,92.04,51.28
10,43.01,91.17,51.85
14,42.87,91.17,51.28
14,42.99,90.72,51.32
15,43.12,90.28,51.22
8,43.31,90.71,51.87
7,43.2,90.29,52.2
12,43.2,90.28,51.56
13,42.97,89.79,51.32
14,43.15,89.42,51.12
9,43.23,89.81,51.87
8,43.18,89.4,52.21
17,42.81,91.17,50.66
19,42.78,91.19,50.02
20,43.05,90.35,50.01
16,42.97,90.72,50.8
17,43.07,90.31,50.6
19,42.88,89.84,50.02
20,43.05,89.45,49.99
16,42.91,89.82,50.69
17,43.09,89.46,50.58
14,41.86,94.37,50.02
12,41.86,94.37,50.65
9,41.86,94.37,51.27
7,41.86,94.37,51.9
14,41.78,93.49,50.02
12,41.78,93.49,50.65
16,42.18,93.01,50.02
14,42.18,93.01,50.65
7,41.78,93.49,51.9
9,41.78,93.49,51.27
12,42.18,93.01,51.27
9,42.18,93.01,51.9
2,39.3,105.69,50.33
2,40.1,104.73,51.58
3,40.1,104.73,50.33
2,39.95,102.97,50.33
4,40.31,102.05,50.02
3,40.31,102.05,50.65
5,40.64,100.69,50.02
5,40.71,101.57,50.02
4,40.64,100.69,50.65
4,40.71,101.57,50.65
2,40.31,102.05,51.27
2,40.31,102.05,51.9
3,40.64,100.69,51.27
3,40.71,101.57,51.27
2,40.64,100.69,51.9
2,40.71,101.57,51.9
3,40.16,100.29,50.65
4,40.16,100.29,50.02
5,40.56,99.81,50.02
4,40.56,99.81,50.65
2,40.16,100.29,51.27
3,40.56,99.81,51.27
2,40.56,99.81,51.9
5,40.48,98.93,50.02
4,40.48,98.93,50.65
5,40.88,98.45,50.65
5,40.81,97.57,50.65
7,40.88,98.45,50.02
7,40.81,97.57,50.02
2,40.48,98.93,51.9
2,40.48,98.93,51.27
3,40.88,98.45,51.9
2,40.81,97.57,51.9
4,40.88,98.45,51.27
4,40.81,97.57,51.27
2,40.73,96.69,51.9
3,40.73,96.69,51.27
5,40.73,96.69,50.65
7,40.73,96.69,50.02
4,41.13,96.21,51.9
5,41.13,96.21,51.27
5,41.53,95.73,51.9
5,41.46,94.85,51.9
7,41.53,95.73,51.27
7,41.46,94.85,51.27
7,41.13,96.21,50.65
9,41.13,96.21,50.02
11,41.53,95.73,50.02
11,41.46,94.85,50.02
9,41.53,95.73,50.65
9,41.46,94.85,50.65
2,38.34,104.88,49.08
3,38.34,104.88,47.83
3,39.15,103.92,49.08
5,39.15,103.92,47.83
2,35.78,105.99,46.58
2,36.58,105.04,46.58
2,37.54,105.84,47.83
5,38.99,102.16,47.83
3,38.99,102.16,49.08
8,39.79,101.21,47.83
5,39.79,101.21,49.08
8,39.64,99.44,47.83
5,39.64,99.44,49.08
10,40,98.53,47.52
8,40,98.53,48.15
12,40.33,97.17,47.52
12,40.41,98.05,47.52
10,40.33,97.17,48.15
10,40.41,98.05,48.15
7,40,98.53,48.77
5,40,98.53,49.4
8,40.33,97.17,48.77
8,40.41,98.05,48.77
7,40.33,97.17,49.4
7,40.41,98.05,49.4
15,38.22,93.36,41.59
15,37.41,94.32,41.58
20,37.87,99.6,41.58
21,37.72,97.84,41.58
19,37.56,96.08,41.58
4,37.38,104.08,46.58
6,37.38,104.08,45.33
6,38.19,103.12,46.58
10,38.19,103.12,45.33
2,34.82,105.19,45.33
2,35.62,104.23,46.58
3,35.62,104.23,45.33
3,32.32,105.32,43.02
9,36.43,103.27,44.08
13,36.43,103.27,42.82
16,37.23,102.32,42.82
12,37.23,102.32,44.08
5,33.97,103.5,43.45
13,36.39,103.27,41.58
18,37.05,100.56,41.58
15,37.21,102.32,41.58
8,33.59,103.51,41.55
6,38.03,101.36,46.58
10,38.03,101.36,45.33
9,38.84,100.4,46.58
14,38.84,100.4,45.33
14,37.08,100.56,44.08
18,37.08,100.56,42.82
16,37.88,99.6,44.08
20,37.88,99.6,42.82
20,37.73,97.84,42.82
14,38.68,98.64,45.33
9,38.68,98.64,46.58
16,37.73,97.84,44.08
17,39.49,97.68,45.33
18,38.53,96.88,44.08
12,39.49,97.68,46.58
19,37.57,96.08,42.82
8,37.23,92.56,40.59
14,36.56,95.27,40.59
8,36.4,93.52,40.58
14,35.97,99.75,40.58
17,36.85,98.8,40.58
17,36.7,97.04,40.58
15,35.67,96.23,40.58
3,31.34,103.49,42.34
5,31.75,101.82,40.57
11,34.97,101.6,40.58
23,42.11,92.13,48.15
25,42.11,92.13,47.52
27,42.5,91.65,47.52
25,42.5,91.65,48.15
19,42.11,92.13,49.4
21,42.11,92.13,48.77
23,42.5,91.65,48.77
20,42.5,91.65,49.4
26,41.63,91.73,46.27
24,41.63,91.73,46.9
29,42.03,91.25,46.27
27,42.03,91.25,46.9
21,42.45,90.77,49.4
23,42.45,90.77,48.77
24,42.74,90.28,48.77
22,42.74,90.28,49.4
22,42.7,89.41,49.4
24,42.7,89.41,48.77
25,42.45,90.77,48.15
27,42.45,90.77,47.52
29,42.74,90.28,47.52
26,42.74,90.28,48.15
29,42.7,89.41,47.52
27,42.7,89.41,48.15
31,42.45,90.77,46.27
29,42.45,90.77,46.9
34,42.65,88.53,46.27
33,42.7,89.41,46.27
33,42.74,90.28,46.27
32,42.65,88.53,46.9
31,42.7,89.41,46.9
31,42.74,90.28,46.9
19,41.46,94.85,47.52
17,41.46,94.85,48.15
22,41.86,94.37,47.52
22,41.78,93.49,47.52
20,41.78,93.49,48.15
20,41.86,94.37,48.15
15,41.38,93.97,48.77
13,41.38,93.97,49.4
19,41.3,93.09,47.52
17,41.3,93.09,48.15
22,41.7,92.61,47.52
20,41.7,92.61,48.15
15,41.3,93.09,48.77
13,41.3,93.09,49.4
18,41.7,92.61,48.77
16,41.7,92.61,49.4
6,39.85,96.76,49.4
7,39.85,96.76,48.77
8,40.25,96.29,48.77
7,40.25,96.29,49.4
8,39.85,96.76,48.15
10,39.85,96.76,47.52
12,40.25,96.29,47.52
10,40.25,96.29,48.15
10,40.65,95.81,48.77
9,40.65,95.81,49.4
12,40.98,94.45,48.77
13,41.05,95.33,48.77
11,40.98,94.45,49.4
11,41.05,95.33,49.4
14,40.65,95.81,47.52
12,40.65,95.81,48.15
16,41.05,95.33,47.52
15,41.05,95.33,48.15
28,41.55,90.85,45.65
30,41.55,90.85,45.02
31,41.95,90.37,45.65
33,41.95,90.37,45.02
34,42.28,89.01,45.65
34,42.35,89.89,45.65
36,42.28,89.01,45.02
35,42.35,89.89,45.02
20,40.5,94.05,45.65
22,40.5,94.05,45.02
23,40.9,93.57,45.65
25,40.9,93.57,45.02
19,40.94,94.01,46.58
22,40.82,92.69,45.65
24,40.82,92.69,45.02
25,41.23,92.21,45.65
25,41.15,91.33,45.65
27,41.23,92.21,45.02
27,41.15,91.33,45.02
18,40.82,92.69,46.9
20,40.82,92.69,46.27
21,41.23,92.21,46.9
23,41.23,92.21,46.27
22,39.98,93.2,44.08
22,40.35,92.28,44.4
24,40.35,92.28,43.77
21,39.87,91.88,43.15
25,40.75,91.81,44.4
24,40.27,91.4,43.15
27,40.75,91.81,43.77
11,39.33,95.92,46.58
16,39.33,95.92,45.33
15,40.14,94.96,46.58
19,40.14,94.96,45.33
17,38.37,95.12,44.08
19,39.18,94.16,44.08
17,39.02,92.4,42.82
15,37.42,94.32,42.82
16,38.22,93.36,42.82
25,40.67,90.93,44.4
26,40.67,90.93,43.77
29,41.07,90.45,44.4
30,41.07,90.45,43.77
27,40.67,90.93,43.15
25,40.23,90.52,42.06
28,40.67,90.93,42.52
31,41.07,90.45,43.15
29,40.62,90.04,41.98
31,41.07,90.45,42.52
18,39.39,91.48,43.15
18,39.39,91.49,42.5
22,39.86,91,42.12
20,39.79,91,43.15
21,39.79,91,42.52
32,41.47,89.97,44.4
33,41.47,89.97,43.77
37,41.8,88.61,44.4
35,41.88,89.49,44.4
38,41.8,88.61,43.77
37,41.88,89.49,43.77
34,41.47,89.97,43.15
35,41.47,89.97,42.52
41,41.72,87.73,43.15
40,41.8,88.61,43.15
38,41.88,89.49,43.15
42,41.72,87.73,42.52
40,41.8,88.61,42.52
38,41.88,89.49,42.52
33,41.01,89.57,41.92
40,41.33,88.21,41.89
37,41.4,89.08,41.89
39,40.88,87.8,41.95
10,38.06,91.6,41.59
14,38.87,90.64,41.57
22,39.73,89.71,41.48
33,40.48,88.72,41.33
39,40.42,87.41,41.38
5,37.06,90.8,40.59
9,37.89,89.84,40.59
19,39.14,89.5,40.58
35,39.87,87.9,40.56
7,43.08,88.89,53.14
7,43.25,88.5,53.29
7,43.26,87.98,53.18
8,43.13,88.87,52.53
7,43.27,87.97,52.61
7,43.25,88.51,53.75
6,43.05,88.93,53.77
5,43.1,88.9,54.37
6,43.26,88.49,54.21
5,42.94,88.91,54.99
3,43.21,88.93,55.24
3,42.66,88.53,55.63
7,43.25,87.95,53.76
4,43.26,88,55.06
2,43.16,88.06,55.47
2,42.9,88.07,55.7
6,43.26,87.98,54.31
4,43.26,87.01,55.06
5,43.15,88.02,54.86
5,43.27,87.21,54.74
3,43.11,87.12,55.65
3,43.25,86.29,55.01
15,42.95,89,50.77
17,42.95,88.85,50.52
14,43.24,88.74,50.83
18,43.13,88.52,50.39
19,42.88,88.94,50.05
20,43.07,88.53,49.95
9,43.17,88.96,51.85
12,43.02,88.9,51.36
13,42.98,89.05,51.13
13,43.23,88.73,51.05
6,43.58,88.43,51.85
7,43.26,88.01,52.2
9,43.36,88.01,51.51
10,43.23,88,51.31
6,43.49,87.72,51.91
6,43.65,87.96,50.99
8,43.4,87.71,51.17
3,43.99,87.91,51.28
3,43.77,87.48,51.81
2,43.66,87.65,50.81
2,43.76,87.51,50.89
7,43.4,87.74,51.5
4,43.57,87.35,51.46
6,43.54,87.65,51.37
4,43.57,87.33,51.02
13,43.29,88.02,50.8
16,43.22,87.82,50.62
17,43.13,88.05,50.39
14,43.09,88.25,50.84
12,43.21,88.01,51.01
17,43.16,87.84,50.46
8,43.52,87.77,50.78
16,43.3,87.61,50.62
16,43.01,88.28,50.53
27,42.65,88.53,48.15
29,42.65,88.53,47.52
21,42.65,88.53,49.4
24,42.65,88.53,48.77
21,42.83,88.01,49.4
24,42.83,88.01,48.77
27,42.83,88.01,48.14
30,42.83,88.01,47.52
35,42.2,88.13,45.65
37,42.2,88.13,45.02
32,42.56,87.65,46.9
35,42.56,87.65,46.27
33,42.81,87.18,46.9
35,42.81,87.18,46.27
38,41.72,87.73,44.4
40,41.72,87.73,43.77
37,42.57,87.65,45.64
39,42.59,87.65,45
37,42.81,87.18,45.64
38,42.78,86.3,45.64
39,42.84,87.19,44.99
39,42.79,86.3,45.02
40,42.12,87.25,44.4
42,42.12,87.25,43.77
43,41.64,86.85,43.15
41,42.52,86.77,44.4
41,42.47,85.89,44.39
42,42.51,86.77,43.77
44,42.05,86.37,43.15
42,42.47,85.89,43.77
44,41.97,85.49,43.15
41,41.24,87.33,43.15
42,41.24,87.33,42.52
42,40.8,86.93,41.96
44,41.17,86.45,42.52
46,40.71,86.05,41.97
45,41.57,85.97,42.52
47,41.1,85.57,41.91
39,39.9,87.01,41.48
42,40.32,86.52,41.38
47,40.73,86.04,41.28
49,40.66,85.16,41.33
45,39.72,86.14,40.56
49,40.32,85.64,40.53
52,40.22,84.76,40.55
6,43.4,87.55,51.85
12,43.27,87.02,51.91
9,43.33,87.51,51.07
8,43.23,87.6,51.37
14,43.26,86.99,51.24
13,43.33,87.51,50.78
17,43.26,87.03,50.63
19,43.08,88,49.98
17,43.18,87.58,50.46
20,43.26,87.13,49.97
3,44.77,81.86,51.95
4,45.21,82.01,51.74
7,45.26,82.52,51.9
4,44.45,85.88,51.99
5,45.1,85.68,51.93
8,45.34,83.42,51.9
8,45.41,84.3,51.9
7,45.49,85.16,51.9
5,43.59,85.88,52
5,44.12,85.68,51.93
3,44.73,81.84,51.34
5,45.2,82,51.23
8,45.26,82.54,51.27
3,44.47,85.88,51.5
3,45.07,85.69,51.31
10,45.34,83.42,51.27
10,45.41,84.3,51.27
7,45.49,85.17,51.27
4,43.59,85.88,51.41
3,44.16,85.69,51.31
3,44.73,81.8,50.73
5,45.2,81.96,50.62
10,45.26,82.54,50.65
13,45.34,83.42,50.65
12,45.41,84.3,50.65
7,45.49,85.18,50.64
2,44.17,81.78,50.3
6,45.19,81.95,50.17
3,44.73,81.78,50.3
4,45.18,81.65,49.89
3,44.72,81.72,50.19
2,43.65,81.91,49.85
3,44.28,81.73,49.89
13,45.26,82.54,50.02
2,43.51,85.64,50.41
2,45.56,86.06,49.89
16,45.34,83.42,50.02
15,45.41,84.3,50.02
8,45.49,85.2,50.02
21,43.05,87.16,49.39
22,43.25,86.32,49.39
24,43.05,87.18,48.77
25,43.25,86.35,48.76
28,43.05,87.18,48.14
29,43.25,86.36,48.13
31,43.05,87.17,47.52
34,43.05,86.31,46.88
32,43.25,86.35,47.5
35,43.26,85.65,46.82
36,42.78,86.3,46.27
37,43.08,85.56,46.24
7,43.51,85.56,49.45
10,43.52,85.55,48.78
5,44.27,81.74,49.4
11,44.78,82.14,49.4
17,44.86,83.02,49.4
18,44.93,83.9,49.4
15,45.01,84.78,49.4
4,45.09,85.66,49.4
7,44.29,81.74,48.77
14,44.78,82.14,48.77
21,44.86,83.02,48.77
22,44.93,83.9,48.77
20,45.01,84.78,48.77
7,45.09,85.66,48.77
3,44.23,85.73,48.77
6,43.68,82.04,48.77
8,43.51,82.35,48.74
4,43.66,82.04,49.41
5,43.51,82.34,49.39
13,43.52,85.53,48.13
17,43.52,85.52,47.47
37,43.29,84.64,45.94
35,43.27,85.23,46.79
35,43.39,85.11,46.78
23,43.69,85.42,46.86
7,44.29,81.74,48.14
14,44.78,82.14,48.15
23,44.86,83.02,48.15
25,44.93,83.9,48.15
24,45.01,84.78,48.15
10,45.09,85.66,48.15
6,44.24,85.73,48.15
14,43.98,82.23,46.9
6,44.28,81.74,47.52
11,44.78,82.14,47.52
16,44.38,82.62,46.9
24,44.1,83.97,46.24
26,44.46,83.5,46.9
22,44.86,83.02,47.52
29,44.53,84.38,46.9
27,44.93,83.9,47.52
24,44.61,85.26,46.9
27,45.01,84.78,47.52
13,45.09,85.66,47.52
24,43.91,85.32,46.89
10,44.23,85.73,47.52
37,43.32,84.82,46.07
36,43.39,84.98,46.3
37,43.12,85.1,46.26
37,43.12,84.93,45.98
37,43.27,84.64,45.87
38,42.94,84.94,45.66
38,43.1,84.53,45.61
28,44.14,84.86,46.27
30,43.88,84.47,46.15
36,43.51,84.49,46.07
36,43.34,84.11,45.94
37,43.27,84,45.87
37,43.09,84,45.64
37,43.25,83.58,45.46
10,43.68,82.05,48.14
13,43.51,82.35,48.08
13,43.68,82.05,47.5
19,43.51,82.35,47.43
33,43.25,78.28,43.77
33,43.25,77.88,43.15
32,43.05,78.28,43.15
32,43.25,77.36,43.16
31,43.25,76.53,43.17
24,43.81,82.62,46.36
16,44.05,83.1,46.23
11,43.81,82.7,46.06
29,43.8,83.08,46.43
32,43.84,83.99,46.44
23,43.85,83.56,46.15
34,43.46,83.56,46.07
35,43.33,83.01,45.94
35,43.27,83.01,45.86
38,42.77,85.4,45.65
39,42.77,85.39,45.02
39,42.74,84.53,45
38,42.9,84.08,44.99
37,43.05,83.61,45.02
41,42.37,85.01,44.4
42,42.37,85.01,43.77
40,42.29,84.13,44.4
41,42.29,84.13,43.77
38,42.67,83.65,44.39
39,42.67,83.65,43.77
37,43.05,83.1,45.02
36,43.25,82.69,44.87
28,43.65,82.49,46.84
30,43.39,82.43,46.74
31,43.45,82.75,46.07
25,43.65,82.48,46.25
33,43.39,82.43,46.17
36,43.09,83.1,45.61
35,43.26,82.16,45.53
36,43.25,82.2,44.97
35,43.25,81.39,44.38
35,43.25,80.52,43.77
34,43.05,80.53,43.14
33,43.25,78.77,43.77
34,43.05,79.72,43.14
34,43.25,79.72,43.77
33,43.25,79.18,44.39
33,43.05,79.18,43.77
45,41.49,85.09,42.52
43,41.89,84.61,43.15
43,41.89,84.61,42.52
45,41.04,84.69,41.94
42,41.41,84.2,41.89
45,40.57,84.28,41.39
40,40.97,83.81,41.27
38,40.13,83.46,40.55
40,41.81,83.73,43.15
39,41.81,83.73,42.52
34,41.34,83.33,41.88
38,42.22,83.25,43.15
37,42.22,83.25,42.52
31,41.73,82.85,41.88
24,41.46,82.43,41.47
27,40.9,82.93,41.27
22,41.16,82.46,41.16
18,40.5,82.52,40.53
16,40.93,82.05,40.49
37,42.84,83.18,44.4
37,43.05,82.74,44.39
38,42.84,83.18,43.77
37,43.05,82.75,43.77
36,43.05,82.22,44.39
36,43.05,82.23,43.77
35,43.05,81.4,43.77
33,42.87,79.19,43.15
33,43.05,78.77,43.14
32,42.87,79.19,42.52
32,43.05,78.77,42.52
31,42.67,78.77,41.9
27,42.26,78.37,41.3
31,42.84,78.3,42.52
32,43.05,77.88,42.52
30,42.62,77.89,41.89
26,42.18,77.49,41.31
31,43.06,77.37,42.54
30,42.86,77.39,41.9
27,42.57,77.01,41.29
25,42.31,76.59,40.93
30,43.09,76.58,42.58
27,42.9,76.53,41.89
26,42.49,76.13,41.28
24,42.24,75.71,40.95
37,42.6,82.77,43.15
37,42.6,82.77,42.52
36,42.81,82.27,43.15
35,42.79,81.42,43.15
35,42.79,81.42,42.52
36,42.81,82.27,42.52
32,42.14,82.37,41.9
28,42.33,79.25,41.28
29,42.3,81.47,40.96
33,42.53,81.89,41.28
29,42.42,80.13,41.26
31,42.48,81,41.27
25,41.73,81.97,41.4
32,42.47,81.01,41.9
33,42.52,81.89,41.9
33,42.76,80.54,42.52
31,42.42,80.13,41.9
32,42.72,79.64,42.52
29,42.31,79.25,41.9
25,41.9,78.86,41.39
22,41.77,77.97,40.96
21,41.69,77.09,40.95
22,41.99,76.62,40.83
22,41.92,75.74,40.85
25,42.04,80.61,40.84
25,42.03,81.5,40.84
18,41.4,81.56,41.06
18,41.24,79.79,41.11
24,41.95,79.72,40.87
23,41.86,78.84,40.94
21,41.51,78.43,41.07
16,41.48,77.55,40.44
16,41.39,76.68,40.43
17,41.69,76.21,40.41
19,41.62,75.33,40.41
21,41.68,80.21,40.42
17,41.2,81.58,40.47
22,41.8,81.09,40.41
16,41.01,79.82,40.48
21,41.57,79.32,40.43
19,41.26,78.46,40.47
30,43.25,75.63,43.17
27,43.01,76.09,42.34
21,42.83,75.66,41.88
24,42.41,75.24,41.27
17,43.28,73.68,41.62
16,43.28,73.64,41.89
9,43.36,73.51,41.77
14,43.33,73.27,41.4
18,43.15,73.49,41.18
23,42.93,73.39,40.75
14,43.27,73.68,42.13
4,43.29,73.25,42.2
16,43.17,73.12,41.3
18,43.28,72.47,41.16
24,43.14,72.54,40.65
23,43.02,72.57,40.36
28,43.25,74.83,43.16
25,43.07,75.59,42.56
22,43.25,74.82,42.55
15,42.96,75.22,41.74
9,43.06,74.79,41.92
21,42.74,74.77,41.25
23,42.52,74.35,40.83
28,43.25,74.31,43.16
21,43.25,74.32,42.54
14,43.26,73.96,42.03
12,43.08,74.24,41.87
19,42.94,74.25,41.27
18,43.13,73.88,41.09
23,42.76,73.89,40.78
22,41.94,74.85,40.85
22,42.58,73.91,40.66
22,42.21,74.38,40.75
19,42.52,73.03,40.72
18,43.26,71.58,41.22
16,41.53,74.44,40.42
20,42.52,73.48,40.39
17,41.95,73.97,40.39
18,42.44,72.59,40.41
19,42.69,72.13,40.41
23,43.12,71.64,40.67
24,43.27,71.63,40.58
2,43.52,85.52,53.16
5,43.52,85.52,52.55
2,44.32,82.05,53.15
3,44.77,82.2,53.15
4,44.86,83.02,53.15
5,44.56,85.68,53.16
5,45.11,85.45,53.15
4,44.93,83.9,53.15
5,45.01,84.78,53.15
3,43.78,85.68,53.16
4,44.2,85.47,53.15
2,44.32,82.05,52.52
3,44.77,82.2,52.52
5,44.86,83.02,52.52
5,44.56,85.68,52.54
6,45.11,85.45,52.52
6,44.93,83.9,52.52
6,45.01,84.78,52.52
5,43.78,85.68,52.54
5,44.2,85.47,52.52
2,44.53,84.38,55.65
2,44.32,82.05,54.4
2,44.77,82.2,54.4
2,44.86,83.02,54.4
2,44.56,85.68,54.4
3,45.11,85.45,54.4
3,44.93,83.9,54.4
3,45.01,84.78,54.4
2,44.2,85.47,54.4
2,44.46,83.5,55.02
2,44.53,84.38,55.02
2,44.61,85.24,55.02
2,44.32,82.05,53.77
2,44.77,82.2,53.77
3,44.86,83.02,53.77
4,44.56,85.68,53.78
4,45.11,85.45,53.77
4,44.93,83.9,53.77
4,45.01,84.78,53.77
3,44.2,85.47,53.77
9,42.55,92.53,52.52
7,42.55,92.53,53.15
7,42.81,92.06,53.14
9,42.84,92.03,52.51
8,42.91,91.18,52.49
7,42.8,91.17,53.13
7,42.96,90.72,52.99
7,43.07,90.32,53.18
8,43.02,90.74,52.44
8,43.12,90.28,52.56
7,42.91,89.82,53.1
7,43.07,89.41,53.19
8,42.96,89.82,52.47
8,43.13,89.4,52.56
6,42.55,92.53,53.77
6,42.8,92.06,53.77
5,42.55,92.53,54.4
3,42.11,92.13,55.02
5,42.81,92.07,54.4
4,42.52,91.65,55.02
3,42.03,91.25,55.65
6,42.77,91.18,53.77
6,43.05,90.36,53.76
6,42.89,89.84,53.79
6,43.05,89.41,53.76
5,42.8,91.17,54.41
4,42.43,90.77,55.02
3,41.95,90.37,55.65
5,42.96,90.7,54.55
6,43.09,90.34,54.33
5,42.79,90.29,55.01
3,42.35,89.89,55.65
5,42.94,89.83,54.44
6,43.09,89.4,54.33
3,42.28,89.01,55.65
4,42.73,89.41,55.01
4,41.86,94.37,53.15
6,41.86,94.37,52.52
4,41.78,93.49,53.15
5,41.78,93.49,52.52
7,42.18,93.01,52.52
6,42.18,93.01,53.15
2,41.13,96.21,53.15
2,41.13,96.21,52.52
3,41.53,95.73,53.15
3,41.46,94.85,53.15
4,41.53,95.73,52.52
4,41.46,94.85,52.52
2,41.53,95.73,53.77
2,41.53,95.73,54.4
2,41.46,94.85,53.77
2,41.46,94.85,54.4
3,41.86,94.37,54.4
4,41.86,94.37,53.77
2,41.7,92.61,55.65
2,41.63,91.73,55.65
3,41.78,93.49,54.4
3,41.78,93.49,53.77
5,42.18,93.01,53.77
2,41.7,92.61,55.02
4,42.18,93.01,54.4
14,42.11,92.13,50.65
16,42.11,92.13,50.02
18,42.5,91.65,50.02
16,42.52,91.65,50.64
9,42.11,92.13,51.9
11,42.11,92.13,51.27
10,42.53,91.64,51.88
13,42.54,91.63,51.28
10,42.44,90.74,51.87
12,42.42,90.76,51.27
13,42.78,90.3,51.29
10,42.82,90.3,51.88
13,42.73,89.41,51.28
10,42.76,89.44,51.9
15,42.44,90.77,50.64
18,42.45,90.77,50.02
19,42.74,90.28,50.02
16,42.76,90.29,50.66
19,42.7,89.41,50.02
16,42.72,89.41,50.65
11,41.38,93.97,50.02
9,41.38,93.97,50.65
7,41.38,93.97,51.27
5,41.38,93.97,51.9
11,41.3,93.09,50.02
9,41.3,93.09,50.65
14,41.7,92.61,50.02
11,41.7,92.61,50.65
5,41.3,93.09,51.9
7,41.3,93.09,51.27
9,41.7,92.61,51.27
7,41.7,92.61,51.9
2,39.79,101.21,50.33
3,39.64,99.44,50.33
4,40,98.53,50.02
3,40,98.53,50.65
4,40.33,97.17,50.65
4,40.41,98.05,50.65
5,40.33,97.17,50.02
5,40.41,98.05,50.02
2,40,98.53,51.27
2,40.33,97.17,51.27
2,40.41,98.05,51.27
2,39.85,96.76,51.27
2,40.25,96.29,51.27
4,39.85,96.76,50.02
3,39.85,96.76,50.65
4,40.25,96.29,50.65
5,40.25,96.29,50.02
2,40.65,95.81,51.9
3,40.65,95.81,51.27
3,40.98,94.45,51.9
3,41.05,95.33,51.9
5,40.98,94.45,51.27
5,41.05,95.33,51.27
5,40.65,95.81,50.65
7,40.65,95.81,50.02
9,40.98,94.45,50.02
9,41.05,95.33,50.02
7,40.98,94.45,50.65
7,41.05,95.33,50.65
2,37.38,104.08,47.83
2,38.19,103.12,49.08
3,38.19,103.12,47.83
3,38.03,101.36,47.83
2,38.03,101.36,49.08
5,38.84,100.4,47.83
3,38.84,100.4,49.08
5,38.68,98.64,47.83
4,38.68,98.64,49.08
8,39.49,97.68,47.83
5,39.49,97.68,49.08
9,37.25,92.56,41.58
15,36.59,95.27,41.58
10,36.44,93.51,41.58
17,36.06,99.75,41.58
19,36.89,98.8,41.58
18,36.74,97.03,41.58
16,35.76,96.23,41.58
3,36.43,103.27,46.58
5,36.43,103.27,45.33
4,37.23,102.32,46.58
7,37.23,102.32,45.33
2,33.97,103.5,45.96
3,32.32,103.5,43.02
5,33.17,101.83,43.45
10,35.39,101.59,43.45
7,32.61,101.83,41.54
13,35.23,101.6,41.57
4,37.08,100.56,46.58
7,37.08,100.56,45.33
6,37.88,99.6,46.58
11,37.88,99.6,45.33
16,36.12,99.75,42.82
12,36.12,99.75,44.08
14,36.92,98.8,44.08
18,36.92,98.8,42.82
18,36.77,97.03,42.82
10,37.73,97.84,45.33
6,37.73,97.84,46.58
14,36.77,97.03,44.08
13,38.53,96.88,45.33
15,37.57,96.08,44.08
8,38.53,96.88,46.58
16,35.81,96.23,42.82
16,36.61,95.27,42.82
4,36.22,91.76,40.58
10,35.51,94.48,40.58
5,35.33,92.72,40.58
13,34.32,98.08,40.58
12,34.58,95.43,40.58
3,31.34,101.87,42.33
7,32.66,100.04,40.57
21,41.63,91.73,48.15
22,41.63,91.73,47.52
25,42.03,91.25,47.52
23,42.03,91.25,48.15
16,41.63,91.73,49.4
18,41.63,91.73,48.77
21,42.03,91.25,48.77
19,42.03,91.25,49.4
23,41.15,91.33,46.27
21,41.15,91.33,46.9
27,41.55,90.85,46.27
25,41.55,90.85,46.9
19,41.95,90.37,49.4
21,41.95,90.37,48.77
23,42.35,89.89,48.77
21,42.35,89.89,49.4
20,42.28,89.01,49.4
23,42.28,89.01,48.77
24,41.95,90.37,48.15
26,41.95,90.37,47.52
28,42.35,89.89,47.52
25,42.35,89.89,48.15
28,42.28,89.01,47.52
26,42.28,89.01,48.15
29,41.95,90.37,46.27
27,41.95,90.37,46.9
33,42.2,88.13,46.27
32,42.28,89.01,46.27
32,42.35,89.89,46.27
31,42.2,88.13,46.9
30,42.28,89.01,46.9
30,42.35,89.89,46.9
15,40.94,94.01,47.83
10,40.5,94.05,48.77
9,40.5,94.05,49.4
12,40.9,93.57,48.77
11,40.9,93.57,49.4
16,40.82,92.69,47.52
14,40.82,92.69,48.15
19,41.23,92.21,47.52
17,41.23,92.21,48.15
12,40.82,92.69,48.77
11,40.82,92.69,49.4
15,41.23,92.21,48.77
14,41.23,92.21,49.4
6,39.33,95.92,49.08
7,39.33,95.92,47.83
8,40.14,94.96,49.08
11,40.14,94.96,47.83
25,41.07,90.45,45.65
27,41.07,90.45,45.02
29,41.47,89.97,45.65
30,41.47,89.97,45.02
33,41.8,88.61,45.65
32,41.88,89.49,45.65
35,41.8,88.61,45.02
34,41.88,89.49,45.02
17,39.98,93.2,45.33
13,39.98,93.2,46.58
18,40.35,92.28,45.65
20,40.35,92.28,45.02
21,40.67,90.93,45.65
22,40.75,91.81,45.65
23,40.67,90.93,45.02
24,40.75,91.81,45.02
14,40.35,92.28,46.9
16,40.35,92.28,46.27
17,40.75,91.81,46.9
19,40.75,91.81,46.27
15,39.02,92.4,44.08
19,39.83,91.44,44.08
7,38.37,95.12,46.58
11,38.37,95.12,45.33
9,39.18,94.16,46.58
14,39.18,94.16,45.33
12,37.42,94.32,44.08
13,38.22,93.36,44.08
11,38.07,91.6,42.82
11,36.46,93.51,42.82
10,37.26,92.55,42.82
21,40.19,90.52,44.4
22,40.19,90.52,43.77
25,40.59,90.04,44.4
26,40.59,90.04,43.77
24,39.94,89.75,42.08
23,40.19,90.52,43.15
24,40.19,90.52,42.52
27,40.59,90.04,43.15
28,40.59,90.04,42.52
14,38.88,90.64,42.81
29,40.99,89.57,44.4
30,40.99,89.57,43.77
35,41.32,88.21,44.4
33,41.4,89.09,44.4
37,41.32,88.21,43.77
35,41.4,89.09,43.77
31,40.99,89.57,43.15
32,40.99,89.57,42.52
38,41.32,88.21,43.15
36,41.4,89.09,43.15
39,41.32,88.21,42.52
37,41.4,89.09,42.52
38,40.84,87.81,42.52
37,40.84,87.81,43.15
33,40.63,88.74,41.97
38,40.42,87.41,42.04
4,37.09,90.8,41.58
7,37.9,89.84,41.58
16,39.13,89.5,41.56
31,39.83,87.9,41.49
2,36.02,90.01,40.58
4,36.89,89.05,40.58
17,38.72,88.88,40.58
28,39.25,87.95,40.57
7,42.89,88.91,53.1
7,43.07,88.51,53.27
8,42.95,88.93,52.51
7,43.08,87.99,53.16
8,43.25,87.14,53.18
8,43.13,88.02,52.53
9,43.26,87.06,52.59
6,43.25,86.31,53.16
7,43.25,86.3,52.54
6,42.86,88.94,53.78
6,43.05,88.51,53.76
5,42.91,88.92,54.44
5,43.09,88.5,54.25
4,42.67,88.53,55.02
2,42.2,88.13,55.65
6,43.05,87.96,53.76
6,43.25,87.15,53.76
4,42.92,88.07,54.98
4,43.17,88.05,55.24
2,42.61,87.65,55.65
5,43.1,88,54.36
5,43.26,87.12,54.34
4,43.13,87.28,54.81
2,42.87,87.18,55.65
4,43.11,87.06,55.09
4,43.25,86.31,54.38
2,43.06,86.29,55.02
5,43.25,86.32,53.77
15,42.68,88.54,50.65
18,42.66,88.53,50.02
9,42.69,88.62,51.95
11,42.68,88.54,51.37
9,43.11,88.04,51.9
10,42.89,88.06,51.46
6,43.67,87.52,51.17
16,42.87,88.07,50.5
14,42.76,88.11,50.88
14,42.98,87.85,50.85
16,43.01,87.81,50.51
13,43.26,87.62,50.79
18,42.87,88.02,50.04
16,43.09,87.61,50.5
26,42.2,88.13,48.15
28,42.2,88.13,47.52
20,42.2,88.13,49.4
23,42.2,88.13,48.77
20,42.57,87.65,49.4
24,42.56,87.65,48.77
20,42.81,87.18,49.4
24,42.81,87.19,48.77
27,42.56,87.65,48.15
29,42.56,87.65,47.52
27,42.81,87.19,48.15
30,42.81,87.18,47.52
34,41.72,87.73,45.65
36,41.72,87.73,45.02
32,42.12,87.25,46.9
34,42.12,87.25,46.27
33,42.51,86.77,46.9
35,42.51,86.77,46.27
35,40.84,87.81,43.77
33,40.84,87.81,44.4
37,41.24,87.33,44.4
39,41.24,87.33,43.77
36,42.12,87.25,45.65
38,42.12,87.25,45.02
37,42.51,86.77,45.64
38,42.46,85.89,45.65
39,42.52,86.77,45.02
40,42.46,85.89,45.02
40,41.64,86.85,44.4
42,41.64,86.85,43.77
43,41.17,86.45,43.15
41,42.05,86.37,44.4
42,41.97,85.49,44.4
44,41.49,85.09,43.15
43,42.05,86.37,43.77
44,41.57,85.97,43.15
43,41.97,85.49,43.77
37,39.94,86.98,42.11
40,40.76,86.92,43.15
41,40.76,86.92,42.52
42,40.32,86.51,42.05
44,39.1,86.19,40.58
45,40.69,86.04,42.52
46,40.23,85.65,42.07
46,41.09,85.57,42.52
48,40.65,85.17,42.01
42,39.68,86.14,41.49
47,40.25,85.64,41.4
50,40.16,84.76,41.45
50,39.8,85.24,40.56
53,39.73,84.25,40.57
10,43.12,87.1,51.92
9,43.25,86.29,51.91
11,43.11,87.04,51.34
12,43.25,86.29,51.27
15,43.1,87.07,50.69
15,43.25,86.3,50.63
18,43.08,87.15,50
18,43.25,86.31,50.01
6,43.52,85.52,51.95
6,43.52,85.52,51.35
2,44.32,82.04,51.89
4,44.78,82.2,51.89
6,44.86,83.02,51.9
5,44.56,85.68,51.93
6,45.11,85.45,51.9
7,44.93,83.9,51.9
7,45.01,84.78,51.9
6,43.78,85.68,51.93
6,44.2,85.47,51.9
3,44.31,82.02,51.25
5,44.78,82.19,51.27
8,44.86,83.02,51.27
3,44.57,85.69,51.42
5,45.09,85.46,51.25
9,44.93,83.9,51.27
8,45.01,84.78,51.27
5,43.77,85.69,51.33
4,44.22,85.48,51.25
5,43.51,85.52,50.76
2,43.65,85.7,49.92
8,43.51,85.41,50.08
3,44.29,81.99,50.62
6,44.78,82.17,50.64
11,44.86,83.02,50.65
11,44.93,83.9,50.65
10,45.01,84.78,50.65
3,45.07,85.49,50.63
2,43.76,81.83,50
4,44.28,81.98,50.16
2,43.51,82.34,50.04
3,43.64,82.17,50.04
5,43.92,82.02,49.82
8,44.78,82.2,50.07
7,44.78,81.98,49.84
14,44.86,83.02,50.02
4,43.65,85.51,50.33
2,43.85,85.54,49.84
2,45.08,85.72,49.88
3,45.07,85.49,50.12
14,44.93,83.9,50.02
11,45.01,84.78,50.02
20,43.05,86.3,49.39
20,43.26,85.63,49.39
24,43.05,86.32,48.77
24,43.26,85.65,48.76
33,42.78,86.3,46.9
27,43.05,86.32,48.14
28,43.26,85.66,48.12
31,43.05,86.31,47.51
34,43.08,85.56,46.87
31,43.26,85.65,47.47
36,42.46,85.89,46.27
36,42.77,85.39,46.27
19,43.27,85.22,49.38
19,43.39,85.11,49.39
8,43.66,85.43,49.41
23,43.27,85.23,48.75
23,43.39,85.11,48.75
11,43.68,85.43,48.77
9,43.96,82.23,49.39
14,44.38,82.62,49.4
16,44.46,83.5,49.4
17,44.53,84.38,49.4
8,43.89,85.33,49.4
8,44.61,85.26,49.4
13,43.97,82.23,48.77
18,44.38,82.62,48.77
20,44.46,83.5,48.77
21,44.53,84.38,48.77
13,44.61,85.26,48.77
12,43.91,85.33,48.77
12,43.64,82.48,48.76
16,43.39,82.43,48.73
8,43.64,82.47,49.39
11,43.39,82.43,49.37
27,43.27,85.23,48.11
28,43.39,85.11,48.11
16,43.69,85.42,48.14
31,43.27,85.23,47.46
32,43.39,85.11,47.45
20,43.69,85.42,47.5
37,43.17,84.56,46.07
34,43.13,85.1,46.85
34,43.39,84.98,46.85
16,43.98,82.23,48.14
21,44.38,82.62,48.15
24,44.46,83.5,48.15
25,44.53,84.38,48.15
18,44.61,85.26,48.15
16,43.91,85.32,48.15
28,43.81,82.64,46.9
17,43.97,82.23,47.52
22,44.38,82.62,47.52
28,43.98,83.09,46.9
31,44.05,83.97,46.9
27,44.46,83.5,47.52
31,44.14,84.86,46.9
29,44.53,84.38,47.52
22,44.61,85.26,47.52
21,43.91,85.32,47.52
37,42.96,84.9,46.05
36,42.95,84.98,46.34
36,43.28,84.76,46.37
37,43.12,84.57,45.98
38,42.73,84.53,45.65
35,43.62,84.46,46.38
36,43.29,84.08,46.07
36,43.12,83.99,45.99
37,42.9,84.04,45.69
37,43.07,83.61,45.51
17,43.65,82.48,48.12
21,43.39,82.43,48.08
23,43.65,82.48,47.49
26,43.39,82.43,47.42
32,43.25,78.28,44.4
31,43.25,77.88,44.4
32,43.25,77.88,43.77
32,43.05,78.28,43.77
32,42.84,78.3,43.15
32,43.05,77.88,43.15
31,43.25,77.34,44.4
32,43.25,77.35,43.77
31,43.05,77.35,43.15
31,43.25,76.52,43.78
30,43.05,76.53,43.16
31,43.5,82.81,46.36
33,43.54,83.57,46.37
34,43.26,83.09,46.07
35,43.13,83.09,45.99
34,43.27,82.42,45.84
38,42.37,85.01,45.65
40,42.37,85.01,45.02
39,42.29,84.13,45.02
38,42.66,83.65,45.02
42,41.89,84.61,44.4
43,41.89,84.61,43.77
40,41.81,83.73,44.4
40,41.81,83.73,43.77
38,42.22,83.25,44.4
38,42.22,83.25,43.77
36,42.88,83.16,45.68
37,42.84,83.15,45.04
36,43.05,82.72,44.9
30,43.39,82.57,46.83
29,43.26,82.06,46.77
32,43.39,82.57,46.29
33,43.26,82.04,46.13
34,43.08,82.24,45.6
34,43.25,81.33,45.57
36,43.05,82.24,45.01
35,43.25,81.37,44.98
35,43.05,81.4,44.39
34,43.25,80.52,44.39
34,42.76,80.54,43.15
34,43.05,80.52,43.77
32,43.25,79.17,45.02
32,43.25,78.77,44.39
32,43.05,78.77,43.77
33,42.72,79.64,43.15
33,43.05,79.72,43.77
34,43.25,79.72,44.39
32,42.87,79.19,43.77
32,43.05,79.18,44.39
45,41.01,84.68,42.52
43,41.41,84.21,43.15
43,41.41,84.21,42.52
45,40.56,84.29,42.06
41,40.96,83.8,41.97
41,40.07,83.46,41.46
32,39.5,82.7,40.57
38,41.34,83.33,43.15
37,41.34,83.33,42.52
30,40.88,82.92,41.97
35,41.74,82.85,43.15
34,41.74,82.85,42.52
25,41.26,82.45,41.88
22,40.42,82.52,41.38
17,40.82,82.05,41.27
13,39.99,81.71,40.55
37,42.6,82.77,44.4
37,42.6,82.77,43.77
36,42.81,82.27,44.4
36,42.81,82.27,43.77
35,42.79,81.42,43.77
32,42.67,78.77,43.15
31,42.67,78.77,42.52
28,42.23,78.37,41.9
25,41.82,77.95,41.4
30,42.61,77.89,42.52
28,42.16,77.49,41.9
24,41.75,77.08,41.4
31,42.83,77.38,42.52
29,42.57,77.01,41.9
25,42.11,76.61,41.31
29,42.84,76.52,42.5
27,42.48,76.13,41.9
25,42.03,75.73,41.32
35,42.14,82.37,43.15
34,42.14,82.37,42.52
34,42.47,81.01,43.15
35,42.52,81.89,43.15
33,42.47,81.01,42.52
34,42.52,81.89,42.52
26,41.65,81.97,41.89
26,41.94,79.73,41.35
20,41.39,81.55,41.48
26,42.02,80.61,41.33
28,42.09,81.49,41.32
28,41.99,80.61,41.9
29,42.06,81.49,41.9
20,41.25,79.79,41.53
32,42.42,80.13,42.52
27,41.91,79.73,41.9
23,41.53,79.37,41.47
31,42.31,79.25,42.52
26,41.82,78.85,41.88
23,41.56,78.43,41.48
20,41.43,77.55,41.06
20,41.35,76.68,41.05
21,41.61,76.21,40.95
21,41.55,75.33,40.98
20,41.56,80.21,40.99
16,41.09,81.58,41.17
21,41.66,81.09,40.97
16,40.93,79.82,41.22
21,41.48,79.32,41.04
20,41.21,78.46,41.17
14,41.16,77.58,40.47
15,41.1,76.7,40.46
17,41.32,75.8,40.44
16,41.24,74.91,40.45
13,40.76,80.73,40.5
15,40.64,79.4,40.51
17,41.02,78.93,40.49
15,40.91,78.04,40.5
30,43.25,75.64,43.77
29,43.05,75.64,43.15
30,43.25,76.52,44.4
29,43.25,75.64,44.4
29,43.25,74.83,43.77
29,43.25,74.3,43.77
27,42.79,75.67,42.51
23,42.42,75.25,41.9
23,41.96,74.85,41.33
25,43.25,73.41,43.17
14,43.14,73.55,41.87
15,43.15,73.63,41.67
3,43.33,73.29,42.01
10,43.3,73.27,41.52
7,43.37,73.44,41.79
18,42.96,73.4,41.28
21,42.71,73.02,40.82
14,43.13,73.61,42.08
18,43.26,73.41,42.59
7,43.18,73.21,42.13
2,43.28,72.57,41.52
17,43.15,72.49,41.23
22,42.92,72.55,40.75
28,43.05,74.83,43.15
23,43.05,74.83,42.53
18,42.73,74.77,41.89
22,42.33,74.37,41.25
27,43.25,73.91,43.17
27,43.05,74.3,43.15
21,43.25,73.96,42.58
22,43.05,74.31,42.53
14,42.91,74.25,41.84
14,43.1,73.91,42.01
19,42.7,73.89,41.25
20,42.46,73.47,40.87
5,43.26,71.62,41.9
20,41.47,74.44,41
20,42.38,73.47,40.73
19,41.85,73.96,40.86
16,42.31,72.6,40.77
17,42.45,72.14,40.72
20,42.88,71.67,40.76
17,43.09,71.61,41.26
19,43.25,70.77,41.25
11,41.17,74.03,40.45
14,42.21,73.5,40.38
10,41.42,73.56,40.42
12,42.12,72.62,40.38
17,42.39,71.72,40.41
20,42.99,71.66,40.37
19,43.09,70.79,40.68
21,43.26,70.79,40.58
3,43.27,85.22,53.15
3,43.39,85.11,53.15
3,43.69,85.35,53.15
4,43.27,85.22,52.52
4,43.39,85.11,52.52
5,43.69,85.35,52.53
2,44.38,82.62,53.15
3,44.46,83.5,53.15
4,44.53,84.38,53.15
4,43.92,85.27,53.15
5,44.61,85.24,53.15
3,44.38,82.62,52.52
4,44.46,83.5,52.52
5,44.53,84.38,52.52
5,43.92,85.27,52.52
6,44.61,85.24,52.52
2,43.27,85.22,53.77
2,44.38,82.62,54.4
2,44.46,83.5,54.4
3,44.53,84.38,54.4
3,44.61,85.24,54.4
2,44.05,83.97,55.02
2,44.38,82.62,53.77
2,44.46,83.5,53.77
3,44.53,84.38,53.77
2,43.92,85.27,53.77
4,44.61,85.24,53.77
7,42.11,92.13,52.52
5,42.11,92.13,53.15
7,42.51,91.65,53.14
8,42.54,91.63,52.49
8,42.48,90.78,52.47
6,42.44,90.77,53.15
7,42.76,90.29,53.14
8,42.79,90.32,52.48
7,42.71,89.41,53.14
8,42.75,89.45,52.53
4,42.11,92.13,53.77
6,42.5,91.65,53.77
4,42.11,92.13,54.4
2,41.63,91.73,55.02
5,42.51,91.65,54.4
3,42.03,91.25,55.02
2,41.55,90.85,55.65
5,42.45,90.77,53.77
6,42.74,90.28,53.77
5,42.7,89.41,53.77
5,42.44,90.77,54.39
2,41.47,89.97,55.65
3,41.95,90.37,55.02
5,42.78,90.29,54.41
2,41.88,89.49,55.65
4,42.35,89.89,55.02
5,42.72,89.41,54.4
3,42.28,89.01,55.02
2,41.38,93.97,53.15
3,41.38,93.97,52.52
2,41.3,93.09,53.15
3,41.3,93.09,52.52
5,41.7,92.61,52.52
4,41.7,92.61,53.15
2,40.98,94.45,52.52
2,41.05,95.33,52.52
2,41.38,93.97,54.4
2,41.38,93.97,53.77
2,41.3,93.09,53.77
3,41.7,92.61,53.77
2,41.7,92.61,54.4
11,41.63,91.73,50.65
14,41.63,91.73,50.02
16,42.03,91.25,50.02
13,42.03,91.25,50.65
6,41.63,91.73,51.9
9,41.63,91.73,51.27
8,42.06,91.24,51.88
11,42.04,91.24,51.28
8,41.95,90.37,51.9
10,41.95,90.37,51.27
11,42.35,89.88,51.28
9,42.35,89.9,51.91
10,42.28,89.02,51.29
8,42.29,89.02,51.93
13,41.95,90.37,50.65
16,41.95,90.37,50.02
18,42.35,89.89,50.02
15,42.35,89.89,50.65
17,42.28,89.01,50.02
14,42.28,89.01,50.65
6,40.5,94.05,50.65
7,40.5,94.05,50.02
9,40.9,93.57,50.02
7,40.9,93.57,50.65
2,40.5,94.05,51.9
4,40.5,94.05,51.27
5,40.9,93.57,51.27
3,40.9,93.57,51.9
9,40.82,92.69,50.02
8,40.82,92.69,50.65
11,41.23,92.21,50.02
9,41.23,92.21,50.65
3,40.82,92.69,51.9
5,40.82,92.69,51.27
6,41.23,92.21,51.27
4,41.23,92.21,51.9
2,38.68,98.64,50.33
3,39.49,97.68,50.33
4,39.33,95.92,50.33
2,40.14,94.96,51.58
5,40.14,94.96,50.33
2,36.43,103.27,47.83
2,37.23,102.32,47.83
3,37.08,100.56,47.83
2,37.08,100.56,49.08
4,37.88,99.6,47.83
3,37.88,99.6,49.08
4,37.73,97.84,47.83
3,37.73,97.84,49.08
5,38.53,96.88,47.83
4,38.53,96.88,49.08
4,36.27,91.75,41.58
12,35.6,94.47,41.58
6,35.44,92.71,41.58
15,34.71,98.07,41.56
14,34.75,95.43,41.57
2,33.17,101.83,45.96
3,35.39,101.59,45.96
8,33.77,100.03,43.45
4,32.32,101.87,43.01
10,33.33,100.03,41.55
6,36.12,99.75,45.33
4,36.12,99.75,46.58
4,36.92,98.8,46.58
8,36.92,98.8,45.33
13,34.96,98.07,43.45
8,36.77,97.03,45.33
4,36.77,97.03,46.58
12,35.81,96.23,44.08
9,37.57,96.08,45.33
12,36.61,95.27,44.08
5,37.57,96.08,46.58
14,34.85,95.43,42.82
13,35.66,94.47,42.82
2,35.13,90.97,40.58
10,33.08,94.65,40.57
9,34.4,93.68,40.58
5,34.13,91.94,40.58
9,32.49,96.36,40.57
4,31.34,99.71,42.3
18,41.15,91.33,48.15
19,41.15,91.33,47.52
23,41.55,90.85,47.52
21,41.55,90.85,48.15
14,41.15,91.33,49.4
16,41.15,91.33,48.77
19,41.55,90.85,48.77
17,41.55,90.85,49.4
19,40.67,90.93,46.27
17,40.67,90.93,46.9
23,41.07,90.45,46.27
22,41.07,90.45,46.9
17,41.47,89.97,49.4
20,41.47,89.97,48.77
22,41.88,89.49,48.77
19,41.88,89.49,49.4
20,41.8,88.61,49.4
22,41.8,88.61,48.77
22,41.47,89.97,48.15
24,41.47,89.97,47.52
26,41.88,89.49,47.52
24,41.88,89.49,48.15
27,41.8,88.61,47.52
25,41.8,88.61,48.15
27,41.47,89.97,46.27
25,41.47,89.97,46.9
32,41.72,87.73,46.27
31,41.8,88.61,46.27
30,41.88,89.49,46.27
30,41.72,87.73,46.9
29,41.8,88.61,46.9
28,41.88,89.49,46.9
10,39.98,93.2,47.83
8,39.98,93.2,49.08
12,40.35,92.28,47.52
11,40.35,92.28,48.15
15,40.75,91.81,47.52
14,40.75,91.81,48.15
10,40.35,92.28,48.77
9,40.35,92.28,49.4
13,40.75,91.81,48.77
11,40.75,91.81,49.4
5,38.37,95.12,49.08
5,38.37,95.12,47.83
6,39.18,94.16,49.08
7,39.18,94.16,47.83
17,40.19,90.52,45.65
19,40.19,90.52,45.02
21,40.59,90.04,45.65
23,40.59,90.04,45.02
26,40.99,89.57,45.65
27,40.99,89.57,45.02
31,41.32,88.21,45.65
30,41.4,89.09,45.65
33,41.32,88.21,45.02
31,41.4,89.09,45.02
11,39.02,92.4,45.33
7,39.02,92.4,46.58
15,39.83,91.44,45.33
11,39.83,91.44,46.58
9,38.07,91.6,44.08
12,38.87,90.64,44.08
5,37.42,94.32,46.58
8,37.42,94.32,45.33
5,38.22,93.36,46.58
9,38.22,93.36,45.33
9,36.46,93.51,44.08
9,37.26,92.55,44.08
5,37.11,90.79,42.82
8,35.5,92.71,42.82
6,36.31,91.75,42.82
18,39.67,89.68,44.08
7,37.91,89.84,42.82
20,39.67,89.68,42.81
27,40.48,88.72,44.08
30,40.47,88.73,42.82
30,39.96,87.89,42.1
36,40.36,87.4,42.52
35,40.36,87.4,43.15
2,36.1,90,41.58
3,36.93,89.04,41.58
14,38.72,88.88,41.56
23,39.23,87.95,41.54
2,35.84,88.26,40.58
12,37.73,88.08,40.58
27,38.56,87.12,40.58
6,42.65,88.53,53.14
7,42.67,88.56,52.51
6,42.87,88.04,53.12
8,42.92,88.06,52.48
6,43.06,87.15,53.16
8,43.08,87.12,52.53
4,43.05,86.3,53.15
4,43.25,85.63,53.15
6,43.05,86.29,52.53
6,43.25,85.63,52.52
5,42.65,88.53,53.77
4,42.66,88.53,54.4
2,42.2,88.13,55.02
5,42.83,88.01,53.77
5,43.05,87.16,53.77
4,42.89,88.04,54.43
3,42.61,87.65,55.02
4,43.08,87.15,54.37
3,42.87,87.19,55.02
2,42.8,86.3,55.02
3,43.06,86.29,54.39
2,43.25,85.62,54.39
4,43.05,86.3,53.77
3,43.25,85.62,53.77
12,42.18,88.15,50.64
16,42.2,88.13,50.02
6,42.11,88.14,51.96
9,42.12,88.15,51.35
8,42.61,87.66,52.01
10,42.59,87.68,51.41
9,42.91,87.2,51.99
10,42.93,87.2,51.51
14,42.61,87.65,50.68
17,42.58,87.65,50.03
14,42.92,87.18,50.62
17,42.84,87.19,50.04
25,41.72,87.73,48.15
28,41.72,87.73,47.52
19,41.72,87.73,49.4
23,41.72,87.73,48.77
19,42.12,87.25,49.4
23,42.12,87.25,48.77
19,42.51,86.77,49.4
23,42.51,86.77,48.77
26,42.12,87.25,48.15
29,42.12,87.25,47.52
26,42.51,86.77,48.15
30,42.51,86.77,47.52
29,41.24,87.33,46.9
31,41.24,87.33,46.27
31,40.84,87.81,45.02
29,40.84,87.81,45.65
33,41.24,87.33,45.65
35,41.24,87.33,45.02
31,41.64,86.85,46.9
33,41.64,86.85,46.27
32,42.05,86.37,46.9
35,42.05,86.37,46.27
33,40.36,87.4,43.77
31,40.36,87.4,44.4
36,40.76,86.92,44.4
38,40.76,86.92,43.77
35,41.64,86.85,45.65
37,41.64,86.85,45.02
37,42.05,86.37,45.65
38,41.97,85.49,45.65
39,42.05,86.37,45.02
40,41.97,85.49,45.02
40,41.17,86.45,44.4
42,41.17,86.45,43.77
44,40.69,86.04,43.15
42,41.49,85.09,44.4
42,41.57,85.97,44.4
45,41.01,84.68,43.15
45,41.09,85.57,43.15
43,41.49,85.09,43.77
43,41.57,85.97,43.77
35,39.88,87,42.51
33,39.88,87,43.15
41,39.8,86.13,42.1
39,40.28,86.52,43.15
40,40.28,86.52,42.52
39,39.08,86.19,41.56
46,38.41,85.37,40.58
45,40.21,85.64,42.52
47,39.82,85.3,42.1
47,40.61,85.16,42.52
48,40.19,84.77,42.09
48,39.75,85.24,41.49
49,39.69,84.24,41.52
52,39.12,84.49,40.58
7,43.05,86.26,51.93
8,43.25,85.62,51.9
10,43.05,86.27,51.34
10,43.25,85.62,51.27
13,43.04,86.31,50.69
13,43.25,85.62,50.64
16,43.05,86.3,50.02
16,43.25,85.62,50.02
6,43.27,85.22,51.9
6,43.39,85.11,51.89
6,43.69,85.35,51.92
8,43.27,85.21,51.27
8,43.39,85.11,51.27
6,43.68,85.36,51.3
2,43.39,82.43,51.89
2,43.65,82.48,51.9
2,44,82.27,51.89
4,44.38,82.62,51.9
5,44.46,83.5,51.9
6,44.53,84.38,51.9
6,43.92,85.27,51.89
6,44.61,85.24,51.9
4,43.39,82.43,51.27
3,43.65,82.48,51.27
3,43.99,82.26,51.26
6,44.38,82.62,51.27
7,44.46,83.5,51.27
8,44.53,84.38,51.27
6,43.91,85.28,51.26
6,44.61,85.23,51.27
11,43.27,85.21,50.65
11,43.39,85.11,50.67
6,43.66,85.38,50.7
15,43.27,85.21,50.03
15,43.39,85.11,50.04
8,43.64,85.28,50.04
5,43.39,82.43,50.67
3,43.64,82.48,50.67
4,43.97,82.24,50.64
8,44.38,82.62,50.65
9,44.46,83.5,50.65
10,44.53,84.38,50.65
5,43.89,85.31,50.64
5,44.61,85.23,50.64
8,43.39,82.43,50.04
5,43.64,82.47,50.04
6,43.96,82.27,50.05
10,44.38,82.62,50.02
12,44.46,83.5,50.02
13,44.53,84.38,50.02
6,43.88,85.29,50.06
6,44.61,85.25,50.02
19,42.78,86.3,49.4
23,42.78,86.31,48.77
18,43.08,85.56,49.39
22,43.08,85.57,48.76
26,42.78,86.31,48.15
33,42.46,85.89,46.9
30,42.78,86.3,47.52
26,43.08,85.57,48.14
33,42.77,85.39,46.9
30,43.08,85.57,47.5
36,41.97,85.49,46.27
36,42.37,85.01,46.27
17,43.12,85.1,49.39
17,43.39,84.98,49.39
21,43.13,85.1,48.76
21,43.39,84.98,48.76
11,43.81,82.63,49.4
13,43.98,83.09,49.4
15,44.05,83.97,49.4
14,44.14,84.86,49.4
15,43.81,82.63,48.77
17,43.98,83.09,48.77
19,44.05,83.97,48.77
19,44.14,84.86,48.77
16,43.27,82.05,48.74
15,43.39,82.57,48.76
12,43.27,82.05,49.37
11,43.39,82.57,49.39
25,43.13,85.1,48.13
26,43.39,84.98,48.13
30,43.13,85.1,47.5
30,43.39,84.98,47.5
35,42.96,84.54,46.43
33,42.96,84.97,46.9
33,43.28,84.76,46.89
20,43.81,82.64,48.15
22,43.98,83.09,48.15
24,44.05,83.97,48.15
24,44.14,84.86,48.15
30,43.49,82.81,46.89
25,43.81,82.64,47.52
31,43.58,83.57,46.9
27,43.98,83.09,47.52
33,43.66,84.46,46.9
28,44.05,83.97,47.52
28,44.14,84.86,47.52
36,42.71,84.53,46.23
38,42.29,84.13,45.65
35,43.2,84.05,46.38
36,42.92,84.03,46.15
37,42.66,83.65,45.65
12,43.25,81.27,49.38
20,43.39,82.57,48.12
20,43.27,82.05,48.09
16,43.25,81.28,48.75
25,43.39,82.57,47.49
25,43.26,82.05,47.44
30,43.25,79.17,45.64
31,43.25,78.28,45.02
31,43.05,78.28,44.4
30,43.25,77.88,45.02
30,43.25,77.34,45.02
30,43.05,77.88,44.4
31,42.84,78.3,43.77
31,43.05,77.88,43.77
31,42.61,77.89,43.15
30,43.05,77.34,44.4
31,43.05,77.35,43.77
31,42.82,77.38,43.14
30,43.05,76.52,43.77
30,42.79,76.54,43.14
33,43.13,83.14,46.38
34,42.89,83.17,46.15
34,43.12,82.54,45.95
39,41.89,84.61,45.65
40,41.89,84.61,45.02
39,41.81,83.73,45.02
37,42.22,83.25,45.02
42,41.41,84.21,44.4
43,41.41,84.21,43.77
40,41.34,83.33,44.4
39,41.34,83.33,43.77
37,41.74,82.85,44.4
36,41.74,82.85,43.77
35,42.6,82.77,45.65
36,42.59,82.77,45.02
34,42.85,82.3,45.66
35,42.82,82.28,45.03
28,43.1,82.16,46.84
29,43.25,81.3,46.83
32,43.1,82.15,46.22
32,43.25,81.31,46.2
35,42.79,81.42,44.4
31,43.25,79.71,45.63
33,43.06,81.37,45.62
32,43.25,80.5,45.62
34,43.05,81.39,45.01
34,43.25,80.51,45
32,42.42,80.13,43.15
34,42.76,80.54,43.77
34,43.05,80.52,44.39
31,43.25,78.77,45.02
33,43.25,79.71,45.01
31,43.05,79.18,45.02
31,43.05,78.77,44.39
31,42.31,79.25,43.15
31,42.67,78.77,43.77
33,42.72,79.64,43.77
33,43.05,79.72,44.39
32,42.87,79.19,44.4
45,40.53,84.28,43.15
45,40.54,84.29,42.53
43,40.93,83.8,43.15
43,40.93,83.8,42.52
42,40.19,83.44,42.09
37,39.47,82.7,41.54
39,38.87,82.66,40.58
36,40.86,82.92,43.15
34,40.86,82.92,42.52
24,40.41,82.52,42.05
32,41.26,82.44,43.15
29,41.26,82.44,42.52
20,40.81,82.04,41.97
15,39.94,81.71,41.45
13,39.35,81.51,40.58
36,42.14,82.37,44.4
35,42.14,82.37,43.77
35,42.52,81.89,44.4
34,42.47,81.01,43.77
35,42.52,81.89,43.77
30,42.23,78.37,43.15
30,42.23,78.37,42.52
26,41.75,77.97,41.89
23,41.48,77.55,41.48
29,42.16,77.49,42.52
25,41.67,77.09,41.88
22,41.4,76.67,41.47
29,42.55,77.01,42.51
27,42.08,76.61,41.9
23,41.67,76.2,41.4
28,42.48,76.13,42.52
26,42,75.73,41.9
23,41.61,75.33,41.42
31,41.66,81.97,43.15
29,41.66,81.97,42.52
31,41.99,80.61,43.15
33,42.06,81.49,43.15
30,41.99,80.61,42.52
31,42.06,81.49,42.52
21,41.19,81.57,41.89
22,41.58,80.21,41.44
23,41.66,81.08,41.42
23,41.5,80.21,41.89
24,41.58,81.09,41.89
19,41.05,79.81,41.92
28,41.83,78.85,43.15
29,41.91,79.73,42.52
23,41.43,79.32,41.89
28,41.83,78.85,42.52
23,41.36,78.45,41.88
19,41.13,77.58,41.17
19,41.07,76.7,41.15
20,41.28,75.8,41.06
20,41.21,74.91,41.1
13,40.67,80.73,41.28
14,40.58,79.4,41.33
18,40.97,78.93,41.24
18,40.88,78.04,41.27
14,40.83,77.16,40.49
15,40.75,76.28,40.49
15,41.01,75.82,40.47
14,40.93,74.94,40.48
10,39.74,79.93,40.56
12,40.11,79,40.55
13,40.51,78.52,40.53
13,40.42,77.64,40.53
29,43.05,75.64,43.77
29,42.77,75.66,43.14
29,43.05,76.52,44.4
29,43.25,76.52,45.02
28,43.05,75.64,44.4
28,43.25,75.64,45.02
29,43.25,74.83,44.4
28,43.25,74.3,44.4
27,43.25,73.41,43.77
28,43.25,73.41,44.4
28,43.05,74.83,43.77
28,43.25,73.89,44.4
28,43.25,73.89,43.77
28,43.05,74.3,43.77
26,42.43,75.24,42.52
24,41.92,74.84,41.9
22,41.53,74.43,41.44
19,43.26,72.99,42.77
24,43.25,73,43.17
25,43.05,73.41,43.15
11,43.04,73.19,41.98
15,42.92,73.45,41.87
6,43.26,73.24,41.76
18,42.66,73.01,41.28
17,42.39,72.59,40.91
22,43.25,72.45,43.16
19,43.1,73.38,42.54
12,43.26,72.48,42.59
3,43.16,72.58,42.14
4,43.16,72.64,41.76
2,43.14,72.21,41.82
17,42.92,72.54,41.28
19,42.67,72.12,40.82
27,42.73,74.75,43.15
25,42.73,74.75,42.52
21,42.33,74.37,41.9
21,41.88,73.97,41.34
27,42.87,74.31,43.15
26,43.05,73.9,43.15
24,42.87,74.31,42.52
22,43.06,73.93,42.55
17,42.7,73.89,41.89
19,42.26,73.49,41.27
16,42.84,71.66,41.27
18,43.25,71.63,43.16
10,43.25,71.63,42.55
6,43.08,71.65,41.9
10,43.25,70.77,41.9
17,43.27,69.51,41.13
18,41.13,74.03,41.11
18,42.12,73.49,40.79
17,41.38,73.56,41.02
15,42.05,72.62,40.82
15,42.26,71.71,40.78
17,42.63,71.29,40.84
12,42.72,70.79,40.63
17,43.07,70.77,41.27
18,43.25,70.03,41.21
16,42.83,70.78,40.77
10,40.86,74.06,40.48
8,41.1,73.16,40.46
11,41.84,73.08,40.4
9,41.74,72.2,40.41
12,42.07,71.74,40.39
16,42.68,71.27,40.39
15,43.08,69.99,40.68
11,42.97,70.78,40.36
17,43.26,70,40.57
5,42.75,70.36,40.36
13,43.26,69.42,40.57
8,43.1,69.43,40.36
2,43.12,85.1,53.15
3,43.39,84.98,53.15
3,43.12,85.1,52.52
3,43.39,84.98,52.52
2,43.27,82.04,53.15
2,43.98,83.09,53.15
3,44.05,83.97,53.15
4,44.14,84.86,53.15
2,43.27,82.04,52.52
2,43.39,82.57,52.52
2,43.82,82.64,52.52
3,43.98,83.09,52.52
4,44.05,83.97,52.52
5,44.14,84.86,52.52
2,43.12,85.09,53.77
2,43.39,84.98,53.77
2,44.05,83.97,54.4
2,44.14,84.86,54.4
2,43.98,83.09,53.77
2,44.05,83.97,53.77
3,44.14,84.86,53.77
4,41.63,91.73,52.52
3,41.63,91.73,53.15
5,42.03,91.25,53.15
7,42.09,91.24,52.47
6,41.95,90.37,52.52
4,41.95,90.37,53.15
6,42.35,89.89,53.15
7,42.35,89.89,52.52
5,42.28,89.01,53.15
6,42.28,89.03,52.53
2,41.63,91.73,53.77
4,42.03,91.25,53.77
2,41.63,91.73,54.4
3,42.03,91.25,54.4
2,41.55,90.85,55.02
3,41.95,90.37,53.77
5,42.35,89.89,53.77
4,42.28,89.01,53.77
3,41.95,90.37,54.4
2,41.88,89.49,55.02
4,42.35,89.89,54.4
3,42.28,89.01,54.4
2,41.8,88.61,55.02
2,40.9,93.57,52.52
2,40.82,92.69,52.52
3,41.23,92.21,52.52
2,41.23,92.21,53.15
9,41.15,91.33,50.65
12,41.15,91.33,50.02
14,41.55,90.85,50.02
11,41.55,90.85,50.65
4,41.15,91.33,51.9
7,41.15,91.33,51.27
6,41.55,90.85,51.9
8,41.55,90.85,51.27
5,41.47,89.97,51.9
8,41.47,89.97,51.27
9,41.89,89.49,51.29
7,41.87,89.49,51.91
8,41.8,88.61,51.27
6,41.8,88.61,51.9
11,41.47,89.97,50.65
14,41.47,89.97,50.02
16,41.88,89.49,50.02
12,41.88,89.49,50.65
16,41.8,88.61,50.02
12,41.8,88.61,50.65
6,39.98,93.2,50.33
3,39.98,93.2,51.58
8,40.35,92.28,50.02
7,40.35,92.28,50.65
10,40.75,91.81,50.02
8,40.75,91.81,50.65
2,40.35,92.28,51.9
4,40.35,92.28,51.27
5,40.75,91.81,51.27
3,40.75,91.81,51.9
2,37.73,97.84,50.33
3,38.53,96.88,50.33
4,38.37,95.12,50.33
2,39.18,94.16,51.58
5,39.18,94.16,50.33
2,33.17,101.83,48.46
2,35.39,101.59,48.46
2,36.12,99.75,49.08
3,36.12,99.75,47.83
3,36.92,98.8,47.83
2,36.92,98.8,49.08
3,36.77,97.03,47.83
3,36.77,97.03,49.08
4,37.57,96.08,47.83
4,37.57,96.08,49.08
2,35.26,90.96,41.58
12,33.56,94.63,41.54
9,34.59,93.67,41.57
5,34.38,91.92,41.56
12,33.16,96.37,41.54
2,33.77,100.04,45.96
6,32.32,99.7,43
4,34.96,98.08,45.96
12,33.61,96.4,43.45
7,35.81,96.23,45.33
4,35.81,96.23,46.58
12,34.85,95.43,44.08
11,35.66,94.47,44.08
7,36.61,95.27,45.33
4,36.61,95.27,46.58
9,34.7,93.67,44.08
11,33.87,94.63,44.08
12,33.87,94.62,42.82
10,34.7,93.67,42.82
6,32.72,91.17,40.57
3,33.85,90.21,40.58
8,32.39,92.99,40.57
2,31.34,99.72,45.41
6,31.34,96.51,42.26
14,40.67,90.93,48.15
16,40.67,90.93,47.52
20,41.07,90.45,47.52
18,41.07,90.45,48.15
12,40.67,90.93,49.4
13,40.67,90.93,48.77
16,41.07,90.45,48.77
15,41.07,90.45,49.4
15,40.19,90.52,46.27
14,40.19,90.52,46.9
19,40.59,90.04,46.27
18,40.59,90.04,46.9
16,40.99,89.57,49.4
18,40.99,89.57,48.77
21,41.4,89.09,48.77
18,41.4,89.09,49.4
19,41.32,88.21,49.4
22,41.32,88.21,48.77
19,40.99,89.57,48.15
21,40.99,89.57,47.52
24,41.4,89.09,47.52
23,41.4,89.09,48.15
26,41.32,88.21,47.52
24,41.32,88.21,48.15
24,40.99,89.57,46.27
22,40.99,89.57,46.9
29,41.32,88.21,46.27
28,41.4,89.09,46.27
28,41.32,88.21,46.9
26,41.4,89.09,46.9
28,40.84,87.81,46.27
26,40.84,87.81,46.9
6,39.02,92.4,47.83
7,39.02,92.4,49.08
9,39.83,91.44,47.83
9,39.83,91.44,49.08
4,37.42,94.32,49.08
4,37.42,94.32,47.83
5,38.22,93.36,49.08
5,38.22,93.36,47.83
15,39.67,89.68,45.33
24,40.48,88.72,45.33
6,38.07,91.6,45.33
4,38.07,91.6,46.58
9,38.87,90.64,45.33
6,38.87,90.64,46.58
5,37.11,90.79,44.08
6,37.91,89.84,44.08
4,36.46,93.51,46.58
6,36.46,93.51,45.33
4,37.26,92.55,46.58
6,37.26,92.55,45.33
7,35.5,92.71,44.08
6,36.31,91.75,44.08
2,36.15,89.99,42.82
6,34.54,91.9,42.82
3,35.35,90.95,42.82
10,38.72,88.88,44.08
3,36.96,89.03,42.82
13,38.72,88.88,42.81
20,39.52,87.92,44.08
23,39.52,87.93,42.8
2,35.94,88.24,41.58
9,37.75,88.08,41.58
21,38.56,87.12,41.57
3,33.58,88.5,40.58
2,34.71,87.51,40.58
9,36.72,87.29,40.58
24,37.58,86.33,40.59
4,42.2,88.13,53.15
5,42.2,88.13,52.52
5,42.58,87.65,53.14
6,42.61,87.65,52.51
5,42.82,87.18,53.14
7,42.85,87.19,52.5
4,42.78,86.3,53.15
5,42.78,86.3,52.52
3,43.07,85.55,53.15
4,43.07,85.55,52.52
3,42.2,88.13,53.77
3,42.2,88.13,54.4
4,42.56,87.65,53.77
4,42.81,87.18,53.77
3,42.59,87.65,54.4
2,42.12,87.25,55.02
3,42.85,87.18,54.41
2,42.53,86.77,55.02
2,42.79,86.3,54.4
3,42.78,86.3,53.77
2,43.07,85.55,54.39
3,43.07,85.55,53.77
11,41.72,87.73,50.65
15,41.72,87.73,50.02
5,41.72,87.73,51.9
7,41.72,87.73,51.27
5,42.09,87.26,51.95
8,42.22,87.24,51.34
6,42.49,86.75,51.97
8,42.56,86.8,51.44
11,42.19,87.23,50.67
15,42.12,87.25,50.02
12,42.55,86.74,50.68
15,42.51,86.77,50.02
25,41.24,87.33,48.15
27,41.24,87.33,47.52
19,41.24,87.33,49.4
22,41.24,87.33,48.77
19,41.64,86.85,49.4
22,41.64,86.85,48.77
18,42.05,86.37,49.4
22,42.05,86.37,48.77
25,41.64,86.85,48.15
28,41.64,86.85,47.52
25,42.05,86.37,48.15
29,42.05,86.37,47.52
28,40.76,86.92,46.9
30,40.76,86.92,46.27
29,40.36,87.4,45.02
27,40.36,87.4,45.65
32,40.76,86.92,45.65
33,40.76,86.92,45.02
31,41.17,86.45,46.9
33,41.17,86.45,46.27
32,41.57,85.97,46.9
35,41.57,85.97,46.27
31,39.88,87,43.77
29,39.88,87,44.4
35,40.28,86.52,44.4
37,40.28,86.52,43.77
35,41.17,86.45,45.65
37,41.17,86.45,45.02
38,41.49,85.09,45.65
37,41.57,85.97,45.65
40,41.49,85.09,45.02
39,41.57,85.97,45.02
44,40.21,85.64,43.15
40,40.69,86.04,44.4
42,40.69,86.04,43.77
43,41.01,84.68,44.4
42,41.09,85.57,44.4
46,40.61,85.16,43.15
44,41.01,84.68,43.77
44,41.09,85.57,43.77
36,39.36,86.16,42.81
41,38.41,85.36,41.57
49,37.41,84.58,40.58
46,39.72,85.24,42.5
45,39.73,85.24,43.15
46,40.13,84.76,43.15
47,40.12,84.77,42.51
48,39.78,84.27,42.14
50,39.1,84.49,41.56
55,38.28,83.62,40.58
6,42.78,86.27,51.94
8,42.79,86.29,51.37
6,43.07,85.55,51.9
8,43.07,85.55,51.27
11,42.79,86.32,50.71
15,42.78,86.3,50.02
11,43.07,85.55,50.65
14,43.07,85.55,50.02
4,43.12,85.1,51.9
5,43.39,84.98,51.89
6,43.12,85.09,51.27
7,43.39,84.98,51.27
3,43.27,82.04,51.89
3,43.39,82.57,51.89
3,43.82,82.64,51.9
4,43.98,83.09,51.9
5,44.05,83.97,51.9
6,44.14,84.86,51.89
4,43.27,82.04,51.27
4,43.39,82.57,51.27
4,43.82,82.64,51.27
5,43.98,83.09,51.27
6,44.05,83.97,51.27
7,44.14,84.86,51.27
9,43.12,85.09,50.66
9,43.39,84.98,50.67
12,43.12,85.09,50.03
13,43.39,84.98,50.04
6,43.27,82.04,50.65
5,43.39,82.57,50.67
5,43.81,82.63,50.65
7,43.98,83.09,50.65
9,44.05,83.97,50.65
9,44.14,84.86,50.65
8,43.27,82.05,50.02
8,43.39,82.57,50.04
8,43.81,82.63,50.03
10,43.98,83.09,50.02
12,44.05,83.97,50.02
11,44.14,84.86,50.03
4,43.25,81.27,51.27
3,43.25,81.26,51.89
8,43.25,81.27,50.01
6,43.25,81.27,50.64
17,42.46,85.89,49.39
21,42.46,85.89,48.77
16,42.78,85.4,49.39
21,42.78,85.4,48.77
25,42.46,85.89,48.15
33,41.97,85.49,46.9
29,42.46,85.89,47.52
25,42.78,85.4,48.15
33,42.37,85.01,46.9
29,42.78,85.39,47.52
36,41.49,85.09,46.27
36,41.89,84.61,46.27
15,42.96,84.96,49.39
15,43.29,84.76,49.4
20,42.96,84.97,48.77
20,43.29,84.76,48.77
11,43.49,82.81,49.4
13,43.58,83.57,49.4
15,43.66,84.46,49.4
15,43.49,82.81,48.77
17,43.58,83.57,48.77
19,43.66,84.46,48.77
14,43.12,82.16,48.76
10,43.12,82.16,49.39
24,42.96,84.97,48.15
25,43.29,84.76,48.15
29,42.96,84.96,47.52
29,43.29,84.76,47.52
33,42.77,84.53,46.9
20,43.49,82.81,48.15
22,43.58,83.57,48.15
24,43.66,84.46,48.15
30,43.1,83.14,46.89
26,43.49,82.81,47.52
32,43.17,84.05,46.9
27,43.58,83.57,47.52
29,43.66,84.46,47.52
36,42.29,84.13,46.27
38,41.81,83.73,45.65
35,42.67,83.65,46.28
36,42.22,83.25,45.65
10,43.07,81.35,49.39
12,43.25,80.46,49.39
16,43.25,80.46,48.76
18,43.11,82.16,48.12
21,43.25,81.29,48.11
14,43.07,81.35,48.76
23,43.11,82.16,47.49
25,43.25,81.29,47.47
29,43.05,79.18,45.64
27,43.25,79.55,46.58
30,43.25,78.77,45.64
29,42.23,78.37,43.77
29,43.25,78.28,45.64
30,42.84,78.3,44.4
29,43.05,78.28,45.02
28,43.25,77.88,45.64
28,43.25,77.34,45.64
29,43.05,77.88,45.02
28,43.05,77.34,45.02
29,42.61,77.89,44.4
30,42.61,77.89,43.77
29,42.16,77.49,43.15
29,42.82,77.38,44.4
30,42.82,77.38,43.77
29,42.53,77.01,43.15
29,42.79,76.54,43.77
28,42.48,76.13,43.14
33,42.61,82.76,46.27
28,42.87,82.27,46.89
32,42.87,82.28,46.26
39,41.41,84.21,45.65
41,41.41,84.21,45.02
39,41.34,83.33,45.02
37,41.74,82.85,45.02
44,40.53,84.28,43.77
43,40.53,84.28,44.4
43,40.93,83.8,44.4
43,40.93,83.8,43.77
39,40.86,82.92,44.4
38,40.86,82.92,43.77
36,41.26,82.44,44.4
34,41.26,82.44,43.77
35,42.14,82.37,45.65
36,42.14,82.37,45.02
33,42.54,81.89,45.65
35,42.53,81.89,45.02
29,43.25,80.5,46.54
27,43.06,81.37,46.87
31,43.06,81.37,46.24
33,42.8,81.42,45.65
34,42.47,81.01,44.4
34,42.79,81.42,45.02
30,43.05,79.72,45.64
31,43.05,80.52,45.64
33,43.05,80.52,45.01
30,41.91,79.73,43.15
32,42.42,80.13,43.77
33,42.76,80.54,44.4
30,43.05,78.77,45.02
32,43.05,79.72,45.02
30,42.87,79.19,45.02
31,42.31,79.25,43.77
32,42.72,79.64,44.4
30,42.67,78.77,44.4
28,42.23,78.37,44.4
44,40.03,83.45,42.84
37,39.57,82.66,42.15
41,38.86,82.65,41.58
37,38.09,81.85,40.59
32,40.38,82.52,43.15
29,40.38,82.52,42.52
17,40.11,81.76,42.06
27,40.78,82.04,43.15
24,40.78,82.04,42.52
16,39.32,81.51,41.55
11,38.92,80.89,40.58
34,41.66,81.97,44.4
33,41.66,81.97,43.77
34,42.06,81.49,44.4
32,41.99,80.61,43.77
33,42.06,81.49,43.77
28,41.83,78.85,43.77
27,41.75,77.97,43.15
27,41.75,77.97,42.52
23,41.28,77.56,41.89
26,41.68,77.08,42.52
23,41.21,76.68,41.88
28,42.08,76.61,42.52
25,41.59,76.21,41.88
22,41.33,75.79,41.48
27,42,75.73,42.52
24,41.52,75.32,41.89
22,41.26,74.9,41.52
27,41.18,81.56,43.15
24,41.18,81.56,42.52
27,41.51,80.21,43.15
29,41.58,81.09,43.15
25,41.51,80.21,42.52
27,41.58,81.09,42.52
17,40.81,80.72,41.93
23,41.03,79.8,43.15
21,41.03,79.8,42.52
16,40.59,79.41,42.01
26,41.43,79.32,43.15
25,41.35,78.44,43.15
25,41.43,79.32,42.52
20,40.98,78.93,41.94
25,41.35,78.44,42.52
21,40.9,78.04,41.97
18,40.8,77.16,41.25
19,40.72,76.28,41.25
19,40.98,75.82,41.17
19,40.91,74.94,41.21
10,39.71,79.93,41.48
13,40.08,79,41.46
16,40.48,78.52,41.39
17,40.4,77.64,41.38
12,39.92,77.24,40.55
13,40.36,76.76,40.52
13,40.26,75.88,40.52
13,40.67,75.4,40.5
11,40.59,74.52,40.51
10,39.17,79.18,40.58
11,39.66,78.19,40.57
2,43.25,81.26,53.15
2,43.25,81.26,52.52
28,42.77,75.66,43.77
27,42.43,75.24,43.15
28,42.79,76.54,44.4
27,42.77,75.66,44.4
27,43.05,76.52,45.02
27,43.25,76.52,45.65
26,43.05,75.64,45.02
27,43.05,74.83,44.4
26,43.25,75.64,45.65
28,43.25,74.83,45.02
27,43.25,74.3,45.02
27,43.05,74.3,44.4
27,43.25,73.41,45.02
25,43.25,73.41,45.65
27,43.25,73.89,45.02
27,43.25,73,43.77
27,43.05,73.41,43.77
27,43.25,73,44.4
27,43.05,73.41,44.4
27,43.25,72.46,44.4
25,43.25,72.45,43.77
27,42.73,74.75,43.77
27,43.05,73.89,44.4
27,42.87,74.31,43.77
27,43.05,73.89,43.77
25,43.25,71.64,44.4
23,43.25,71.64,43.77
25,41.92,74.84,42.52
23,41.45,74.44,41.9
20,41.19,74.03,41.52
20,42.91,73.38,42.48
19,43.09,72.98,42.74
25,42.85,73.42,43.14
24,43.05,72.99,43.16
15,42.67,73.01,41.89
17,42.19,72.6,41.29
21,43.05,72.45,43.15
13,43.1,72.5,42.56
8,42.92,72.6,42.04
7,42.91,72.4,41.77
16,42.58,72.13,41.27
15,42.33,71.71,40.92
26,42.33,74.37,43.15
25,42.33,74.37,42.52
22,41.85,73.96,41.9
19,41.45,73.57,41.46
26,42.68,73.89,43.15
23,42.69,73.89,42.52
19,42.25,73.49,41.9
18,41.81,73.09,41.38
13,43.25,70.04,41.91
13,43.27,69.65,42.07
16,43.28,69.61,41.72
8,43.38,69.49,41.95
2,43.35,69.32,42.12
10,43.38,69.49,41.6
10,43.35,69.33,41.42
10,42.92,69.41,40.78
9,42.82,71.68,41.9
15,42.52,71.24,41.27
17,43.05,71.64,43.15
14,43.25,70.77,43.15
10,43.06,71.65,42.53
8,43.25,70.77,42.53
10,43.05,70.77,41.9
15,42.78,70.78,41.25
12,42.66,70.35,40.82
11,43.09,69.41,40.68
15,43.12,69.46,41.21
2,43.42,68.96,41.42
15,43.28,69.22,41.22
2,43.46,68.95,42.02
7,43.28,69.32,42.22
17,40.83,74.06,41.22
15,41.07,73.16,41.14
16,41.78,73.08,40.91
13,41.68,72.21,40.95
13,41.99,71.74,40.84
14,42.46,71.2,40.72
8,42.56,70.36,40.68
16,43.07,69.99,41.25
11,42.8,69.89,40.79
9,40.51,73.64,40.51
8,40.79,73.18,40.49
8,41.34,72.68,40.44
6,41.4,71.79,40.44
6,41.71,71.32,40.42
5,42.15,70.85,40.38
6,42.93,69.89,40.37
3,42.43,70.38,40.37
7,43.26,68.99,40.54
4,42.89,69.01,40.39
2,42.96,84.96,53.15
2,43.29,84.76,53.15
3,42.96,84.96,52.52
3,43.29,84.76,52.52
2,43.58,83.57,53.15
2,43.66,84.46,53.15
2,43.12,82.16,52.52
2,43.49,82.81,52.52
2,43.58,83.57,52.52
3,43.66,84.46,52.52
2,43.29,84.76,53.77
2,43.66,84.46,54.4
2,43.66,84.46,53.77
2,41.15,91.33,52.52
3,41.55,90.85,53.15
4,41.55,90.85,52.52
3,41.47,89.97,52.52
2,41.47,89.97,53.15
3,41.88,89.49,53.15
5,41.88,89.49,52.52
3,41.8,88.61,53.15
4,41.8,88.61,52.52
2,41.55,90.85,53.77
2,41.55,90.85,54.4
3,41.88,89.49,53.77
2,41.8,88.61,53.77
2,41.88,89.49,54.4
2,41.8,88.61,54.4
8,40.67,90.93,50.65
10,40.67,90.93,50.02
12,41.07,90.45,50.02
10,41.07,90.45,50.65
3,40.67,90.93,51.9
5,40.67,90.93,51.27
4,41.07,90.45,51.9
6,41.07,90.45,51.27
4,40.99,89.57,51.9
7,40.99,89.57,51.27
7,41.4,89.09,51.27
5,41.4,89.09,51.9
7,41.32,88.21,51.27
4,41.32,88.21,51.9
10,40.99,89.57,50.65
13,40.99,89.57,50.02
14,41.4,89.09,50.02
11,41.4,89.09,50.65
14,41.32,88.21,50.02
11,41.32,88.21,50.65
6,39.02,92.4,50.33
2,39.02,92.4,51.58
7,39.83,91.44,50.33
3,39.83,91.44,51.58
2,36.92,98.8,50.33
2,36.77,97.03,50.33
3,37.57,96.08,50.33
2,37.42,94.32,51.58
4,37.42,94.32,50.33
2,38.22,93.36,51.58
5,38.22,93.36,50.33
2,33.77,100.04,48.46
2,32.35,101.86,48.32
2,34.96,98.08,48.46
3,35.81,96.23,47.83
3,35.81,96.23,49.08
4,36.61,95.27,47.83
3,36.61,95.27,49.08
6,33.29,91.13,41.54
2,34.18,90.17,41.56
9,33.05,92.95,41.53
5,33.61,96.42,45.96
2,32.34,99.71,45.75
9,32.33,96.48,42.99
6,34.76,94.55,45.96
9,33.5,92.93,43.45
5,32.18,89.63,40.57
3,31.34,96.54,45.33
7,31.34,93.07,42.17
11,40.19,90.52,48.15
12,40.19,90.52,47.52
16,40.59,90.04,47.52
15,40.59,90.04,48.15
11,40.19,90.52,49.4
11,40.19,90.52,48.77
14,40.59,90.04,48.77
13,40.59,90.04,49.4
12,39.67,89.68,46.58
14,40.52,89.16,49.4
15,40.52,89.16,48.77
19,40.92,88.69,48.77
17,40.92,88.69,49.4
18,40.84,87.81,49.4
21,40.84,87.81,48.77
17,40.52,89.16,48.15
18,40.52,89.16,47.52
22,40.92,88.69,47.52
21,40.92,88.69,48.15
25,40.84,87.81,47.52
23,40.84,87.81,48.15
21,40.48,88.72,46.58
26,40.36,87.4,46.27
24,40.36,87.4,46.9
4,38.07,91.6,47.83
5,38.07,91.6,49.08
5,38.87,90.64,47.83
7,38.87,90.64,49.08
3,36.46,93.51,49.08
3,36.46,93.51,47.83
4,37.26,92.55,49.08
4,37.26,92.55,47.83
8,38.72,88.88,45.33
17,39.52,87.92,45.33
4,37.11,90.79,45.33
3,37.11,90.79,46.58
4,37.91,89.84,45.33
3,37.91,89.84,46.58
3,36.15,89.99,44.08
3,36.96,89.03,44.08
6,35.5,92.71,45.33
5,35.5,92.71,46.58
4,36.31,91.75,46.58
4,36.31,91.75,45.33
6,34.54,91.9,44.08
4,35.35,90.95,44.08
3,34.39,90.14,44.08
5,33.67,91.1,42.82
6,33.67,91.1,44.08
2,34.39,90.14,42.82
5,37.76,88.07,44.08
2,36,88.23,42.82
7,37.76,88.07,42.82
14,38.56,87.12,44.08
17,38.56,87.12,42.81
2,33.98,88.43,41.56
2,34.91,87.46,41.57
6,36.77,87.28,41.58
17,37.59,86.32,41.58
4,32.2,87.81,40.57
3,33.31,86.84,40.58
8,35.67,86.52,40.58
23,36.56,85.55,40.58
2,41.72,87.73,53.15
3,41.72,87.73,52.52
3,42.12,87.25,53.15
4,42.12,87.25,52.52
3,42.51,86.77,53.15
5,42.51,86.77,52.52
2,42.46,85.89,53.15
3,42.46,85.89,52.52
2,42.77,85.39,53.15
3,42.77,85.39,52.52
2,42.12,87.25,53.77
3,42.51,86.77,53.77
2,42.12,87.25,54.4
2,42.53,86.77,54.4
2,42.46,85.89,53.77
2,42.77,85.39,53.77
10,41.24,87.33,50.65
14,41.24,87.33,50.02
3,41.24,87.33,51.9
6,41.24,87.33,51.27
4,41.64,86.85,51.9
6,41.64,86.85,51.27
4,42.05,86.37,51.9
6,42.05,86.37,51.27
9,41.64,86.85,50.65
13,41.64,86.85,50.02
9,42.05,86.37,50.65
13,42.05,86.37,50.02
24,40.76,86.92,48.15
26,40.76,86.92,47.52
19,40.76,86.92,49.4
22,40.76,86.92,48.77
19,41.17,86.45,49.4
22,41.17,86.45,48.77
17,41.57,85.97,49.4
21,41.57,85.97,48.77
25,41.17,86.45,48.15
28,41.17,86.45,47.52
25,41.57,85.97,48.15
29,41.57,85.97,47.52
23,39.88,87,46.9
24,39.88,87,46.27
27,40.28,86.52,46.9
29,40.28,86.52,46.27
27,39.88,87,45.02
25,39.88,87,45.65
30,40.28,86.52,45.65
32,40.28,86.52,45.02
30,40.69,86.04,46.9
32,40.69,86.04,46.27
32,41.09,85.57,46.9
34,41.09,85.57,46.27
32,39.37,86.16,44.08
34,40.69,86.04,45.65
36,40.69,86.04,45.02
38,41.01,84.68,45.65
37,41.09,85.57,45.65
40,41.01,84.68,45.02
39,41.09,85.57,45.02
42,40.17,85.2,44.08
35,38.41,85.36,42.82
43,37.43,84.56,41.58
51,36.38,83.81,40.58
47,39.22,84.42,42.81
52,38.29,83.62,41.58
57,37.24,82.83,40.58
16,43.25,79.68,48.76
11,43.25,79.68,49.39
15,43.25,79.16,48.77
11,43.25,79.15,49.39
4,42.46,85.89,51.89
6,42.46,85.89,51.27
4,42.77,85.39,51.9
6,42.77,85.4,51.27
9,42.46,85.89,50.65
12,42.46,85.89,50.02
9,42.77,85.4,50.65
12,42.77,85.39,50.02
4,42.96,84.96,51.9
4,43.29,84.76,51.89
5,42.95,84.96,51.27
6,43.29,84.76,51.27
2,43.12,82.16,51.89
3,43.49,82.81,51.9
3,43.58,83.57,51.9
4,43.66,84.46,51.89
3,43.11,82.16,51.27
4,43.49,82.81,51.27
5,43.58,83.57,51.27
6,43.66,84.46,51.27
8,42.95,84.96,50.65
8,43.28,84.76,50.66
11,42.96,84.96,50.03
11,43.29,84.76,50.03
5,43.11,82.16,50.66
6,43.49,82.81,50.66
7,43.58,83.57,50.65
8,43.66,84.45,50.65
7,43.12,82.17,50.03
8,43.49,82.81,50.03
9,43.58,83.57,50.02
12,43.66,84.46,50.03
3,43.07,81.35,51.27
4,43.25,80.45,51.27
2,43.07,81.34,51.89
3,43.25,80.45,51.89
7,43.07,81.35,50.02
8,43.25,80.45,50.01
5,43.07,81.35,50.64
6,43.25,80.45,50.64
21,43.25,79.54,47.82
15,41.97,85.49,49.4
20,41.97,85.49,48.77
14,42.37,85.01,49.4
19,42.37,85.01,48.77
24,41.97,85.49,48.15
33,41.49,85.09,46.9
29,41.97,85.49,47.52
24,42.37,85.01,48.15
33,41.89,84.61,46.9
29,42.37,85.01,47.52
36,41.01,84.68,46.27
36,41.41,84.21,46.27
13,42.77,84.53,49.4
18,42.77,84.53,48.77
11,43.1,83.14,49.4
13,43.17,84.05,49.4
15,43.1,83.14,48.77
17,43.17,84.05,48.77
13,42.88,82.27,48.77
9,42.88,82.27,49.39
23,42.77,84.53,48.15
32,42.29,84.13,46.9
28,42.77,84.53,47.52
20,43.1,83.14,48.15
22,43.17,84.05,48.15
29,42.62,82.75,46.89
31,42.7,83.65,46.9
25,43.1,83.14,47.52
27,43.17,84.05,47.52
36,41.81,83.73,46.27
38,41.34,83.33,45.65
34,42.22,83.25,46.27
36,41.74,82.85,45.65
17,42.88,82.27,48.14
22,42.87,82.27,47.52
9,42.81,81.42,49.39
9,43.05,80.5,49.39
22,43.25,80.49,47.82
13,43.05,80.5,48.76
12,42.81,81.42,48.77
18,43.07,81.36,48.13
23,43.06,81.36,47.5
28,42.87,79.19,45.65
25,43.05,79.56,46.59
26,43.25,78.76,46.58
28,43.05,78.77,45.64
27,41.75,77.97,43.77
25,43.25,77.75,46.58
28,42.84,78.3,45.02
27,43.05,78.28,45.64
26,43.05,77.88,45.64
25,43.05,77.34,45.65
27,42.61,77.89,45.02
27,42.82,77.38,45.02
26,42.16,77.49,44.4
28,42.16,77.49,43.77
26,41.68,77.08,43.15
27,42.53,77.01,44.4
26,42.48,76.13,44.4
29,42.53,77.01,43.77
28,42.08,76.61,43.15
28,42.48,76.13,43.77
26,42,75.73,43.15
28,42.14,82.37,46.9
32,42.14,82.37,46.27
26,42.53,81.89,46.9
30,42.54,81.89,46.27
41,40.53,84.28,45.02
39,40.53,84.28,45.65
39,40.93,83.8,45.65
41,40.93,83.8,45.02
39,40.86,82.92,45.02
37,41.26,82.44,45.02
44,40.02,83.44,44.08
38,40.38,82.52,44.4
35,40.38,82.52,43.77
34,40.78,82.04,44.4
31,40.78,82.04,43.77
34,41.66,81.97,45.65
35,41.66,81.97,45.02
32,42.06,81.49,45.65
34,42.06,81.49,45.02
26,42.8,81.42,46.9
30,42.8,81.42,46.27
27,43.05,80.53,46.56
31,42.47,81.01,45.65
32,41.99,80.61,44.4
33,42.47,81.01,45.02
30,42.76,80.54,45.65
28,42.72,79.64,45.65
32,42.76,80.54,45.02
30,41.91,79.73,43.77
32,42.42,80.13,44.4
31,42.72,79.64,45.02
30,42.31,79.25,44.4
28,42.67,78.77,45.02
27,41.83,78.85,44.4
26,42.23,78.37,45.02
25,41.75,77.97,44.4
44,39.07,82.65,42.82
40,38.1,81.84,41.58
43,37.09,81.07,40.58
23,39.86,81.67,42.81
13,38.9,80.88,41.56
12,37.93,80.09,40.59
32,41.18,81.56,44.4
30,41.18,81.56,43.77
32,41.58,81.09,44.4
28,41.51,80.21,43.77
31,41.58,81.09,43.77
25,41.03,79.8,43.77
27,41.43,79.32,43.77
25,41.35,78.44,43.77
24,41.28,77.56,43.15
24,41.28,77.56,42.52
21,40.82,77.16,41.95
24,41.2,76.68,42.52
21,40.75,76.28,41.95
26,41.6,76.2,42.52
23,41.13,75.81,41.89
25,41.52,75.32,42.52
22,41.06,74.92,41.91
21,40.65,80.73,42.81
11,39.91,79.83,42.08
18,40.55,79.4,43.15
17,40.55,79.4,42.52
14,40.1,79.01,42.1
22,40.95,78.92,43.15
22,40.87,78.04,43.15
19,40.43,77.63,42.05
21,40.95,78.92,42.52
18,40.51,78.52,42.05
22,40.87,78.04,42.52
16,39.91,77.24,41.47
17,40.34,76.76,41.36
18,40.24,75.88,41.37
19,40.64,75.4,41.28
18,40.57,74.52,41.31
11,39.15,79.18,41.56
14,39.65,78.19,41.52
12,39.69,76.38,40.56
11,39.77,75.48,40.55
11,40.18,75,40.53
9,40.1,74.12,40.54
10,38.55,79.09,40.59
11,39.05,78.01,40.58
2,43.25,80.45,53.14
2,43.07,81.34,52.52
2,43.25,80.45,52.52
27,42.43,75.24,43.77
25,41.92,74.84,43.15
25,42.79,76.54,45.02
25,42.43,75.24,44.4
24,42.77,75.66,45.02
24,43.05,76.52,45.65
23,43.25,76.09,46.58
26,42.73,74.75,44.4
23,43.05,75.64,45.65
25,43.05,74.83,45.02
26,43.25,74.83,45.65
25,43.25,74.3,45.65
25,43.05,74.3,45.02
26,42.87,74.31,44.4
19,43.25,72.46,46.89
21,43.25,73.4,46.58
22,43.25,72.46,46.27
25,43.25,73.89,45.65
27,43.25,73,45.02
25,43.05,73.41,45.02
25,43.25,73,45.65
22,43.05,73.41,45.65
25,43.25,72.46,45.65
26,43.25,72.46,45.02
25,43.05,73.89,45.02
26,42.85,73.42,43.77
26,43.05,73,43.77
26,42.85,73.42,44.4
26,43.05,73,44.4
26,43.05,72.46,44.4
25,43.05,72.46,43.77
26,42.33,74.37,43.77
24,42.33,74.37,44.4
25,42.68,73.89,44.4
26,42.68,73.89,43.77
23,43.25,71.64,46.27
19,43.25,71.65,46.9
25,43.25,71.64,45.65
26,43.25,71.64,45.02
24,43.05,71.64,44.4
22,43.25,70.76,44.4
22,43.05,71.64,43.77
19,43.25,70.77,43.77
24,41.45,74.44,42.52
21,40.98,74.04,41.92
20,42.65,73.01,42.52
24,42.63,73.01,43.14
16,42.17,72.61,41.9
15,41.76,72.2,41.39
22,42.82,72.49,43.14
15,42.88,72.54,42.5
11,42.57,72.14,41.89
15,42.12,71.73,41.31
24,41.85,73.96,43.15
24,41.85,73.96,42.52
20,41.37,73.56,41.9
18,41.13,73.15,41.56
24,42.25,73.49,43.15
22,42.25,73.49,42.52
19,41.77,73.08,41.9
17,41.41,72.72,41.5
10,43.25,69.95,43.16
8,43.25,69.43,43.16
8,43.25,70,42.57
12,43.07,70,41.9
8,43.26,69.4,42.56
12,43.12,69.58,42.02
15,43.15,69.53,41.73
7,43.32,69.25,42.02
9,43.37,69.39,41.9
10,43.32,69.26,41.52
10,43.36,69.39,41.65
13,42.97,69.36,41.31
6,42.76,69.01,40.82
17,42.8,71.66,43.14
12,42.81,71.68,42.51
11,42.5,71.25,41.89
12,42.05,70.85,41.33
12,43.05,70.77,43.15
9,43.05,70.77,42.52
11,42.77,70.78,41.9
12,42.45,70.37,41.25
2,43.46,68.94,41.52
14,43.17,69.18,41.31
7,43.08,68.98,40.67
14,43.27,68.97,41.02
2,43.55,68.93,41.75
10,43.16,69.28,42.15
16,40.49,73.64,41.32
15,40.78,73.18,41.25
14,41.32,72.68,41.08
11,41.37,71.79,41.09
10,41.64,71.33,40.98
9,42.03,70.85,40.84
5,42.6,69.03,40.69
8,42.66,69.91,40.66
7,42.29,70.38,40.76
12,42.75,69.88,41.26
7,42.55,69.47,40.86
4,42.89,68.49,40.8
9,39.61,73.72,40.56
8,40.02,73.24,40.54
7,40.44,72.76,40.52
7,40.84,72.29,40.5
6,41.09,71.82,40.48
5,41.35,70.91,40.45
4,41.63,70.44,40.42
3,42.69,69.48,40.38
3,42.07,69.97,40.39
4,43.26,68.47,40.58
6,42.63,68.61,40.39
4,43.07,68.54,40.38
2,42.77,84.53,52.52
2,43.17,84.05,52.52
2,41.07,90.45,52.52
2,40.99,89.57,52.52
3,41.4,89.09,52.52
2,41.32,88.21,52.52
8,40.19,90.52,50.65
10,40.19,90.52,50.02
11,40.59,90.04,50.02
9,40.59,90.04,50.65
3,40.19,90.52,51.9
5,40.19,90.52,51.27
3,40.59,90.04,51.9
6,40.59,90.04,51.27
3,40.52,89.16,51.9
6,40.52,89.16,51.27
6,40.92,88.69,51.27
4,40.92,88.69,51.9
6,40.84,87.81,51.27
3,40.84,87.81,51.9
9,40.52,89.16,50.65
12,40.52,89.16,50.02
13,40.92,88.69,50.02
10,40.92,88.69,50.65
14,40.84,87.81,50.02
10,40.84,87.81,50.65
6,38.07,91.6,50.33
3,38.07,91.6,51.58
7,38.87,90.64,50.33
3,38.87,90.64,51.58
2,34.96,98.08,50.96
3,35.81,96.23,50.33
2,35.81,96.23,51.58
3,36.61,95.27,50.33
2,36.61,95.27,51.58
3,36.46,93.51,51.58
4,36.46,93.51,50.33
3,37.26,92.55,51.58
5,37.26,92.55,50.33
2,33.61,96.42,48.46
2,32.35,99.71,48.31
3,34.75,94.55,48.46
5,32.91,89.54,41.54
7,33.5,92.91,45.96
5,32.34,96.5,45.72
9,32.33,92.99,42.96
5,31.34,93.1,45.19
6,31.34,89.86,42.09
5,31.35,87.85,41.33
6,31.35,87.89,42.8
10,39.67,89.68,47.83
10,39.67,89.68,49.08
6,38.72,88.88,46.58
13,40.04,88.76,49.4
14,40.04,88.76,48.77
17,40.44,88.28,48.77
16,40.44,88.28,49.4
18,40.36,87.4,49.4
20,40.36,87.4,48.77
14,40.04,88.76,48.15
15,40.04,88.76,47.52
20,40.44,88.28,47.52
19,40.44,88.28,48.15
23,40.36,87.4,47.52
22,40.36,87.4,48.15
14,39.52,87.92,46.58
3,37.11,90.79,47.83
4,37.11,90.79,49.08
4,37.91,89.84,47.83
5,37.91,89.84,49.08
3,35.5,92.71,47.83
3,35.5,92.71,49.08
4,36.31,91.75,49.08
3,36.31,91.75,47.83
4,37.76,88.07,45.33
11,38.56,87.12,45.33
4,36.15,89.99,45.33
4,36.15,89.99,46.58
3,36.96,89.03,45.33
3,36.96,89.03,46.58
2,35.19,89.19,44.08
2,36,88.23,44.08
5,34.54,91.02,45.95
2,34.24,88.38,42.82
4,33.39,89.48,43.45
3,36.8,87.27,44.08
4,36.8,87.27,42.82
9,37.6,86.31,44.08
12,37.6,86.31,42.82
3,32.92,87.67,41.54
2,33.78,86.71,41.55
5,35.78,86.49,41.58
14,36.61,85.52,41.58
3,31.98,86.23,40.57
9,34.49,85.8,40.58
25,35.51,84.79,40.58
2,41.24,87.33,52.52
2,41.64,86.85,52.52
2,42.05,86.37,53.15
3,42.05,86.37,52.52
2,42.37,85.01,52.52
10,40.76,86.92,50.65
14,40.76,86.92,50.02
3,40.76,86.92,51.9
5,40.76,86.92,51.27
3,41.17,86.45,51.9
5,41.17,86.45,51.27
3,41.57,85.97,51.9
5,41.57,85.97,51.27
9,41.17,86.45,50.65
13,41.17,86.45,50.02
7,41.57,85.97,50.65
12,41.57,85.97,50.02
23,39.88,87,47.52
22,39.88,87,48.15
24,40.28,86.52,48.15
25,40.28,86.52,47.52
17,39.88,87,49.4
20,39.88,87,48.77
19,40.28,86.52,49.4
22,40.28,86.52,48.77
19,40.69,86.04,49.4
22,40.69,86.04,48.77
17,41.09,85.57,49.4
21,41.09,85.57,48.77
25,40.69,86.04,48.15
28,40.69,86.04,47.52
25,41.09,85.57,48.15
29,41.09,85.57,47.52
24,39.37,86.16,46.58
27,39.37,86.16,45.33
32,40.17,85.2,46.58
30,38.41,85.36,44.08
36,40.17,85.2,45.33
43,39.21,84.4,44.08
36,37.45,84.55,42.82
45,36.45,83.77,41.58
53,35.33,83.07,40.58
49,38.27,83.6,42.82
54,37.28,82.8,41.58
60,36.22,82.07,40.58
3,43.25,79.69,51.89
4,43.25,79.69,51.27
3,43.25,79.16,51.89
4,43.25,79.16,51.27
5,43.25,79.69,50.64
8,43.25,79.68,50.02
5,43.25,79.16,50.64
7,43.25,79.16,50.02
12,43.05,79.71,48.77
9,43.05,79.71,49.39
15,43.25,78.76,48.77
12,43.05,79.17,48.77
10,43.25,78.76,49.39
8,43.05,79.17,49.39
14,43.25,78.28,48.77
9,43.25,78.28,49.39
2,41.97,85.49,51.9
4,41.97,85.49,51.27
3,42.37,85.01,51.9
4,42.37,85.01,51.27
6,41.97,85.49,50.65
10,41.97,85.49,50.02
6,42.37,85.01,50.65
9,42.37,85.01,50.02
3,42.77,84.53,51.9
4,42.77,84.53,51.27
2,42.88,82.27,51.9
2,43.1,83.14,51.9
3,43.17,84.05,51.9
3,42.88,82.27,51.27
3,43.1,83.14,51.27
4,43.17,84.05,51.27
2,42.54,81.89,51.27
6,42.77,84.53,50.65
9,42.77,84.53,50.02
4,42.88,82.27,50.65
5,43.1,83.14,50.65
6,43.17,84.05,50.65
6,42.88,82.27,50.03
7,43.1,83.14,50.03
9,43.17,84.05,50.02
5,42.55,81.89,50.02
3,42.54,81.89,50.64
2,42.81,81.42,51.27
2,42.81,81.42,51.9
3,43.05,80.5,51.27
2,43.05,80.5,51.89
6,42.81,81.42,50.02
4,42.81,81.42,50.64
6,43.05,80.5,50.02
4,43.05,80.5,50.64
18,43.05,79.55,47.82
20,43.25,78.76,47.83
19,43.25,77.75,47.83
14,41.49,85.09,49.4
19,41.49,85.09,48.77
13,41.89,84.61,49.4
18,41.89,84.61,48.77
33,41.01,84.68,46.9
24,41.49,85.09,48.15
28,41.49,85.09,47.52
23,41.89,84.61,48.15
33,41.41,84.21,46.9
28,41.89,84.61,47.52
33,40.53,84.28,46.9
36,40.53,84.28,46.27
33,40.93,83.8,46.9
37,40.93,83.8,46.27
12,42.29,84.13,49.4
16,42.29,84.13,48.77
9,42.62,82.75,49.4
11,42.7,83.65,49.4
13,42.62,82.75,48.77
15,42.7,83.65,48.77
12,42.14,82.37,48.77
8,42.14,82.37,49.4
11,42.55,81.89,48.77
8,42.55,81.89,49.4
22,42.29,84.13,48.15
32,41.81,83.73,46.9
27,42.29,84.13,47.52
18,42.62,82.75,48.15
21,42.7,83.65,48.15
31,42.22,83.25,46.9
23,42.62,82.75,47.52
26,42.7,83.65,47.52
38,40.86,82.92,45.65
32,41.34,83.33,46.9
31,41.74,82.85,46.9
35,41.34,83.33,46.27
36,41.26,82.44,45.65
34,41.74,82.85,46.27
17,42.14,82.37,48.15
22,42.14,82.37,47.52
16,42.54,81.89,48.15
21,42.54,81.89,47.52
7,42.47,81.01,49.39
8,42.76,80.54,49.4
10,42.47,81.01,48.77
11,42.76,80.54,48.77
16,42.81,81.43,48.15
21,42.8,81.42,47.52
19,43.05,80.53,47.84
24,42.73,79.61,46.59
24,43.05,78.77,46.58
26,42.67,78.77,45.65
23,42.23,78.37,45.65
22,41.28,77.56,44.4
24,41.28,77.56,43.77
22,43.05,77.75,46.58
26,42.84,78.3,45.65
24,42.61,77.89,45.65
24,42.82,77.38,45.65
23,42.16,77.49,45.02
25,42.53,77.01,45.02
23,42.48,76.13,45.02
23,41.68,77.08,44.4
25,41.68,77.08,43.77
23,41.2,76.68,43.15
24,42.08,76.61,44.4
23,42,75.73,44.4
26,42.08,76.61,43.77
25,41.6,76.2,43.15
25,42,75.73,43.77
24,41.52,75.32,43.15
28,41.62,81.53,46.58
41,40.02,83.44,45.33
38,40.38,82.52,45.65
38,40.38,82.52,45.02
36,40.78,82.04,45.65
36,40.78,82.04,45.02
44,39.06,82.64,44.08
31,39.86,81.68,44.08
34,41.18,81.56,45.65
34,41.18,81.56,45.02
32,41.58,81.09,45.65
32,41.58,81.09,45.02
25,42.37,80.57,46.58
29,41.51,80.21,44.4
29,41.99,80.61,45.65
31,41.99,80.61,45.02
26,42.31,79.25,45.65
29,42.42,80.13,45.65
31,42.42,80.13,45.02
29,41.91,79.73,44.4
28,42.31,79.25,45.02
26,41.03,79.8,44.4
23,41.83,78.85,45.65
27,41.43,79.32,44.4
26,41.83,78.85,45.02
24,41.35,78.44,44.4
22,41.75,77.97,45.02
44,38.1,81.83,42.82
43,37.12,81.04,41.58
52,36.07,80.31,40.58
19,38.91,80.88,42.8
14,37.94,80.08,41.58
15,36.94,79.3,40.59
27,40.66,80.72,44.08
21,40.55,79.4,43.77
22,40.87,78.04,44.4
23,40.95,78.92,43.77
22,40.87,78.04,43.77
22,40.8,77.16,43.15
22,40.8,77.16,42.52
18,39.98,77.22,42.1
20,40.36,76.76,42.03
22,40.72,76.28,42.52
20,40.27,75.88,42.04
23,41.12,75.8,42.52
21,40.67,75.41,41.97
23,41.04,74.92,42.52
21,40.6,74.52,41.99
13,39.71,79.93,42.81
11,39.27,79.14,42.16
15,40.07,79,43.15
14,40.07,79,42.52
15,39.83,78.23,42.13
19,40.39,77.64,43.15
19,40.47,78.52,43.15
19,40.39,77.64,42.52
18,40.47,78.52,42.52
16,39.68,76.38,41.49
17,39.76,75.48,41.47
18,40.17,75,41.39
16,40.09,74.12,41.41
11,38.55,79.09,41.58
13,39.04,78.01,41.58
12,39.1,76.43,40.58
10,39.54,74.62,40.56
10,37.78,78.32,40.59
11,38.59,77.36,40.58
2,43.25,79.69,52.52
2,43.25,79.16,52.52
2,43.25,79.69,53.15
2,43.25,79.16,53.14
2,43.05,80.5,52.52
2,43.25,72.46,48.76
11,43.25,72.46,47.52
6,43.25,72.46,48.14
16,43.25,76.09,47.83
10,43.25,73.39,47.83
2,43.25,71.65,48.77
11,43.25,71.65,47.52
5,43.25,71.65,48.14
22,41.92,74.84,44.4
24,41.92,74.84,43.77
23,41.45,74.44,43.15
22,42.79,76.54,45.65
20,42.48,76.13,45.65
21,42.77,75.66,45.65
22,42.43,75.24,45.02
19,43.05,76.09,46.58
21,43.25,74.42,46.59
23,42.73,74.75,45.02
22,43.05,74.83,45.65
22,43.05,74.3,45.65
24,42.87,74.31,45.02
19,43.25,73,46.89
14,43.05,72.46,46.89
16,43.05,73.4,46.58
22,43.25,73,46.27
18,43.05,72.46,46.27
22,43.05,73.89,45.65
24,42.85,73.42,45.02
25,43.05,73,45.02
20,42.85,73.42,45.65
22,43.05,73,45.65
23,43.05,72.46,45.65
25,43.05,72.46,45.02
21,42.33,74.37,45.02
23,42.68,73.89,45.02
25,42.63,73.01,43.77
25,42.63,73.01,44.4
25,42.82,72.49,44.4
24,42.82,72.49,43.77
23,41.85,73.96,43.77
21,41.85,73.96,44.4
23,42.25,73.49,44.4
25,42.25,73.49,43.77
19,43.05,71.64,46.27
23,43.25,70.77,46.27
15,43.05,71.65,46.9
20,43.25,70.77,46.89
23,43.05,71.64,45.65
24,43.25,70.76,45.64
24,43.05,71.64,45.02
24,43.25,70.76,45.02
18,43.25,69.94,44.4
15,43.25,69.42,44.4
14,43.25,69.95,43.77
11,43.25,69.42,43.77
23,42.8,71.66,44.4
21,42.8,71.66,43.77
21,43.05,70.76,44.4
17,43.05,70.76,43.77
22,40.97,74.04,42.52
19,40.52,73.64,42
19,42.17,72.61,42.52
22,42.17,72.61,43.15
16,41.69,72.2,41.89
13,41.43,71.78,41.5
20,42.55,72.13,43.14
15,42.56,72.13,42.52
13,42.1,71.72,41.9
12,41.7,71.33,41.42
22,41.37,73.56,43.15
22,41.37,73.56,42.52
19,40.92,73.17,41.93
23,41.77,73.08,43.15
21,41.77,73.08,42.52
18,41.31,72.68,41.91
9,43.05,69.95,43.15
7,43.25,69.02,43.17
8,43.05,69.42,43.15
9,43.06,69.97,42.54
11,42.75,69.87,41.9
8,43.1,69.37,42.52
8,43.26,69.01,42.7
11,42.97,69.36,41.99
13,43,69.37,41.7
8,43.27,69.2,41.88
9,43.25,69.19,41.68
9,42.72,69.01,41.27
5,42.49,68.59,40.88
15,42.49,71.25,43.15
11,42.49,71.25,42.52
11,42.02,70.84,41.9
8,41.62,70.45,41.45
12,42.77,70.78,43.14
9,42.77,70.78,42.52
10,42.44,70.36,41.9
8,41.98,69.96,41.35
12,43.12,68.96,41.1
4,43.08,68.47,40.7
3,43.28,68.07,41.41
7,43.27,68.49,41.12
6,43.25,68.52,43.16
5,43.26,68.5,42.57
2,43.17,68.55,42.14
15,39.61,73.72,41.49
15,40.01,73.24,41.43
14,40.43,72.76,41.36
13,40.82,72.29,41.28
11,41.07,71.82,41.21
8,41.31,70.91,41.11
6,41.56,70.44,41.01
5,42.43,68.61,40.74
6,42.49,69.47,40.71
5,41.96,69.97,40.87
8,42.35,69.49,41.27
6,42.71,68.12,40.82
6,42.95,68.5,41.31
7,42.54,68.15,40.7
9,39.51,72.95,40.57
10,40,71.95,40.56
8,40.75,71.4,40.51
7,41.04,70.94,40.48
7,41.3,70.04,40.46
9,42.32,68.64,40.37
3,42.38,69.51,40.37
7,41.58,69.57,40.43
5,43.09,68.12,40.6
5,43.26,68.12,40.47
7,42.83,68.15,40.39
2,40.92,88.69,52.52
9,39.67,89.68,50.33
4,39.67,89.68,51.58
3,40.04,88.76,51.9
6,40.04,88.76,51.27
6,40.44,88.28,51.27
3,40.44,88.28,51.9
6,40.36,87.4,51.27
3,40.36,87.4,51.9
9,40.04,88.76,50.65
11,40.04,88.76,50.02
12,40.44,88.28,50.02
10,40.44,88.28,50.65
14,40.36,87.4,50.02
10,40.36,87.4,50.65
6,37.11,90.79,50.33
4,37.11,90.79,51.58
7,37.91,89.84,50.33
4,37.91,89.84,51.58
2,33.61,96.42,50.96
2,32.35,99.72,50.79
3,34.75,94.55,50.96
4,35.5,92.71,50.33
3,35.5,92.71,51.58
3,36.31,91.75,51.58
4,36.31,91.75,50.33
4,33.49,92.9,48.47
2,32.35,96.52,48.29
7,32.34,93.01,45.67
6,32.34,89.73,42.93
5,32.34,87.67,42.26
5,32.34,87.68,43.6
3,31.34,93.2,47.89
5,31.34,89.87,45.05
5,31.34,88,44.48
5,31.35,86.38,42.03
6,38.72,88.88,47.83
8,38.72,88.88,49.08
4,37.76,88.07,46.58
13,39.52,87.92,49.08
14,39.52,87.92,47.83
10,38.56,87.12,46.58
3,36.15,89.99,47.83
4,36.15,89.99,49.08
3,36.96,89.03,47.83
4,36.96,89.03,49.08
3,34.53,91.03,48.47
3,36.8,87.27,45.33
7,37.6,86.31,45.33
5,33.38,89.44,46.01
4,35.19,89.19,46.58
4,35.19,89.19,45.33
3,36,88.23,45.33
3,36,88.23,46.58
2,34.24,88.38,44.08
2,35.04,87.43,44.08
3,33.4,87.58,44.08
3,33.4,87.58,42.82
3,34.08,86.62,44.08
2,35.84,86.47,44.08
2,34.08,86.62,42.82
3,35.84,86.47,42.82
7,36.65,85.51,44.08
9,36.65,85.51,42.82
4,31.35,84.59,42
3,32.78,86.01,41.55
6,34.73,85.72,41.57
14,35.62,84.74,41.58
19,33.1,84.31,40.57
10,39.88,87,50.65
13,39.88,87,50.02
9,40.28,86.52,50.65
13,40.28,86.52,50.02
3,39.88,87,51.9
6,39.88,87,51.27
3,40.28,86.52,51.9
5,40.28,86.52,51.27
2,40.69,86.04,51.9
5,40.69,86.04,51.27
2,41.09,85.57,51.9
4,41.09,85.57,51.27
8,40.69,86.04,50.65
13,40.69,86.04,50.02
7,41.09,85.57,50.65
11,41.09,85.57,50.02
23,39.37,86.16,47.83
19,39.37,86.16,49.08
20,40.17,85.2,49.08
27,40.17,85.2,47.83
23,38.41,85.36,46.58
26,38.41,85.36,45.33
32,39.21,84.4,46.58
31,37.45,84.55,44.08
36,39.21,84.4,45.33
45,38.25,83.6,44.08
37,36.49,83.75,42.82
47,35.46,82.99,41.58
54,34.08,82.39,40.58
51,37.3,82.79,42.82
56,36.29,82.02,41.58
63,35.16,81.33,40.58
2,43.05,79.71,51.9
3,43.05,79.71,51.27
3,43.25,78.76,51.89
2,43.05,79.17,51.89
3,43.25,78.76,51.27
3,43.05,79.17,51.27
4,43.05,79.71,50.64
6,43.05,79.71,50.02
5,43.25,78.76,50.64
4,43.05,79.17,50.64
7,43.25,78.76,50.02
6,43.05,79.17,50.02
10,42.72,79.64,48.77
7,42.72,79.64,49.4
10,42.87,79.19,48.77
11,43.05,78.76,48.77
7,42.87,79.19,49.4
8,43.05,78.76,49.39
2,43.25,78.28,51.89
3,43.25,78.28,51.27
4,43.25,78.28,50.64
6,43.25,78.28,50.02
13,43.25,77.87,48.77
10,43.05,78.28,48.77
9,43.25,77.87,49.39
7,43.05,78.28,49.39
12,43.25,77.35,48.77
8,43.25,77.35,49.39
7,43.25,76.09,49.08
2,41.49,85.09,51.9
3,41.49,85.09,51.27
2,41.89,84.61,51.9
3,41.89,84.61,51.27
5,41.49,85.09,50.65
9,41.49,85.09,50.02
5,41.89,84.61,50.65
8,41.89,84.61,50.02
2,42.29,84.13,51.9
3,42.29,84.13,51.27
2,42.7,83.65,51.9
2,42.62,82.75,51.27
3,42.7,83.65,51.27
5,42.29,84.13,50.65
7,42.29,84.13,50.02
4,42.62,82.75,50.65
4,42.7,83.65,50.65
6,42.62,82.75,50.03
7,42.7,83.65,50.02
5,42.14,82.37,50.02
3,42.14,82.37,50.65
4,42.06,81.49,50.02
2,42.06,81.49,50.65
2,42.47,81.01,51.27
2,42.76,80.54,51.27
2,42.76,80.54,51.89
4,42.47,81.01,50.02
3,42.47,81.01,50.65
5,42.76,80.54,50.02
4,42.76,80.54,50.65
16,42.73,79.61,47.82
16,43.05,78.77,47.83
15,43.05,77.75,47.83
15,40.97,84.24,49.08
26,40.97,84.24,47.83
35,40.02,83.44,46.58
12,41.78,83.29,49.08
8,41.62,81.53,49.08
23,41.78,83.29,47.83
33,40.82,82.48,46.58
17,41.62,81.53,47.83
8,41.99,80.61,48.77
5,41.99,80.61,49.4
9,42.42,80.13,48.77
6,42.42,80.13,49.4
16,42.37,80.57,47.83
19,41.28,77.56,45.02
19,42.25,78.81,46.58
19,41.75,77.97,45.65
16,41.28,77.56,45.65
19,40.8,77.16,44.4
21,40.8,77.16,43.77
19,42.68,77.81,46.58
20,42.16,77.49,45.65
21,42.53,77.01,45.65
16,41.68,77.08,45.65
18,42.08,76.61,45.65
20,41.68,77.08,45.02
21,42.08,76.61,45.02
19,42,75.73,45.02
19,41.2,76.68,44.4
22,41.2,76.68,43.77
21,40.72,76.28,43.15
20,41.6,76.2,44.4
19,41.52,75.32,44.4
21,41.04,74.92,43.15
23,41.6,76.2,43.77
22,41.12,75.8,43.15
22,41.52,75.32,43.77
28,40.66,80.72,46.58
41,39.06,82.64,45.33
36,39.86,81.68,45.33
45,38.1,81.83,44.08
28,38.9,80.88,44.08
31,40.66,80.72,45.33
21,41.47,79.76,46.58
27,41.47,79.76,45.33
23,40.55,79.4,44.4
20,41.35,78.44,45.65
24,40.95,78.92,44.4
23,41.35,78.44,45.02
18,40.87,78.04,45.65
21,40.87,78.04,45.02
46,37.14,81.03,42.82
49,36.14,80.26,41.58
62,35.04,79.57,40.58
19,37.95,80.07,42.82
17,36.97,79.28,41.58
24,35.94,78.54,40.58
20,39.71,79.92,44.08
20,40.07,79,44.4
18,40.07,79,43.77
19,40.39,77.64,44.4
22,40.47,78.52,44.4
19,40.39,77.64,43.77
20,40.47,78.52,43.77
18,39.91,77.24,42.51
18,39.92,77.24,43.15
19,40.32,76.76,43.15
20,40.32,76.76,42.52
18,39.83,76.37,42.1
20,40.24,75.88,42.52
19,39.83,75.48,42.1
19,40.12,74.12,42.07
21,40.64,75.4,42.52
20,40.19,75,42.06
21,40.57,74.52,42.52
12,38.75,79.12,42.82
15,39.55,78.16,42.82
16,39.1,76.43,41.56
16,39.54,74.62,41.5
12,37.79,78.32,41.58
14,38.59,77.36,41.58
11,38.44,75.6,40.58
10,38.95,74.67,40.58
11,36.8,77.54,40.59
11,37.63,76.56,40.59
2,43.25,78.76,52.52
2,43.25,78.28,52.52
3,43.25,73.39,49.07
3,43.25,73,48.76
2,43.05,72.46,48.77
4,43.25,74.41,49.07
12,43.25,73,47.52
8,43.05,72.46,47.52
7,43.25,73,48.14
4,43.05,72.46,48.14
11,43.05,76.09,47.83
12,43.25,74.41,47.83
7,43.05,73.39,47.83
8,43.05,71.65,47.52
12,43.25,70.77,47.52
4,43.05,71.65,48.14
4,43.25,70.77,48.14
18,41.92,74.84,45.02
19,40.57,74.52,43.15
18,41.45,74.44,44.4
21,41.45,74.44,43.77
21,40.97,74.04,43.15
15,42.63,76.11,46.58
15,42,75.73,45.65
18,42.43,75.24,45.65
14,41.92,74.84,45.65
20,42.73,74.75,45.65
16,43.05,74.42,46.59
21,42.87,74.31,45.65
14,43.05,73,46.9
11,42.82,72.5,46.89
13,42.85,73.41,46.57
18,43.05,73,46.27
15,42.82,72.49,46.27
17,42.33,74.37,45.65
19,42.68,73.89,45.65
23,42.63,73.01,45.02
19,42.63,73.01,45.65
21,42.82,72.49,45.65
24,42.82,72.49,45.02
17,41.85,73.96,45.02
20,42.25,73.49,45.02
23,42.17,72.61,43.77
23,42.17,72.61,44.4
24,42.55,72.13,44.4
23,42.55,72.13,43.77
21,41.37,73.56,43.77
18,41.37,73.56,44.4
21,41.77,73.08,44.4
23,41.77,73.08,43.77
23,43.25,69.95,46.27
21,43.25,69.95,46.89
23,43.25,69.42,46.27
21,43.25,69.42,46.89
11,42.8,71.66,46.9
16,42.8,71.66,46.27
21,43.05,70.77,46.27
16,43.05,70.77,46.89
23,43.25,69.95,45.65
21,43.25,69.94,45.02
19,43.25,69.42,45.02
22,43.25,69.42,45.64
21,42.8,71.66,45.65
23,42.8,71.66,45.02
23,43.05,70.76,45.64
23,43.05,70.76,45.02
17,43.05,69.94,44.4
13,43.25,69.01,44.4
14,43.05,69.42,44.4
12,43.05,69.95,43.77
9,43.25,69.01,43.77
10,43.05,69.42,43.77
22,42.49,71.25,44.4
19,42.49,71.25,43.77
20,42.77,70.78,44.4
17,42.77,70.78,43.77
10,43.25,68.53,44.4
7,43.25,68.53,43.77
20,40.49,73.64,42.52
17,39.68,73.72,42.12
18,40.04,73.25,42.08
18,41.69,72.2,42.52
20,41.69,72.2,43.15
14,41.23,71.8,41.91
18,42.1,71.72,43.15
15,42.1,71.72,42.52
12,41.62,71.32,41.9
10,41.36,70.9,41.52
20,40.89,73.16,43.15
20,40.89,73.16,42.52
17,40.46,72.77,42.03
21,41.29,72.68,43.15
20,41.29,72.68,42.52
16,40.85,72.29,41.97
9,42.73,69.88,43.15
7,42.88,69.43,43.14
7,43.05,69.02,43.16
8,42.74,69.87,42.52
8,42.34,69.48,41.9
8,42.93,69.38,42.46
8,43.09,69.01,42.66
8,42.73,69.01,41.89
6,42.28,68.61,41.28
13,42.02,70.84,43.15
11,42.02,70.84,42.52
9,41.54,70.44,41.9
7,41.3,70.03,41.55
10,42.44,70.36,43.15
9,42.44,70.36,42.52
8,41.94,69.96,41.9
6,41.56,69.56,41.47
2,43.17,68.15,41.48
7,43.14,68.51,41.2
4,43.26,67.6,41.21
2,43.26,67.6,41.89
5,43.25,68.11,43.16
6,43.05,68.52,43.15
4,43.25,68.07,42.67
4,43.11,68.51,42.53
2,42.98,68.54,41.88
5,42.64,68.13,41.27
14,39.5,72.95,41.54
11,39.99,71.95,41.48
10,40.74,71.4,41.32
8,41.01,70.94,41.22
7,41.25,70.04,41.13
6,42.18,68.63,40.79
5,42.24,69.5,40.77
6,41.5,69.57,41.04
6,41.91,69.08,41.37
9,42.42,67.71,40.9
8,42.88,67.65,40.78
5,42.88,67.67,41.27
10,42.36,67.73,40.75
10,38.9,72.85,40.58
12,39.39,71.78,40.58
15,40.26,71,40.54
13,40.69,70.52,40.51
10,40.98,70.06,40.49
12,41.25,69.16,40.46
16,41.92,68.23,40.4
6,42.02,69.09,40.39
7,43.1,67.64,40.69
6,43.26,67.66,40.58
14,42.55,67.76,40.39
9,43.03,67.68,40.37
18,42.24,67.78,40.38
25,41.54,67.82,40.42
87,47.82,66.03,40.48
2,33.46,92.9,53.47
2,32.3,96.44,53.15
2,31.34,93.31,52.7
8,38.72,88.88,50.33
4,38.72,88.88,51.58
5,39.52,87.92,51.58
10,39.52,87.92,50.33
6,36.15,89.99,50.33
4,36.15,89.99,51.58
7,36.96,89.03,50.33
5,36.96,89.03,51.58
3,33.49,92.9,50.95
2,32.35,96.54,50.77
4,34.53,91.02,50.95
3,32.33,93.05,48.24
6,32.32,89.67,45.64
5,32.32,87.75,45.15
4,32.35,86.1,42.91
2,31.34,93.26,50.38
3,31.32,89.91,47.72
5,31.34,86.62,44.93
4,37.76,88.07,47.83
6,37.76,88.07,49.08
3,36.8,87.27,46.58
10,38.56,87.12,49.08
10,38.56,87.12,47.83
7,37.6,86.31,46.58
3,33.31,89.38,48.49
3,35.19,89.19,49.08
3,35.19,89.19,47.83
3,36,88.23,47.83
4,36,88.23,49.08
3,35.84,86.47,45.33
6,36.65,85.51,45.33
4,34.26,87.5,45.95
4,31.34,84.69,44.74
3,33.3,85.87,43.45
3,34.89,85.66,44.08
3,34.89,85.66,42.82
6,35.69,84.71,44.08
8,35.69,84.71,42.82
3,32.35,84.21,42.9
3,31.34,83.03,42.02
11,33.65,84.1,41.55
31,31.8,82.9,40.56
12,39.37,86.16,50.33
4,39.37,86.16,51.58
3,40.17,85.2,51.58
10,40.17,85.2,50.33
22,38.41,85.36,47.83
19,38.41,85.36,49.08
21,39.21,84.4,49.08
27,39.21,84.4,47.83
22,37.45,84.55,46.58
26,37.45,84.55,45.33
32,38.25,83.6,46.58
32,36.49,83.75,44.08
37,38.25,83.6,45.33
47,37.3,82.79,44.08
60,32.95,80.97,40.55
39,35.54,82.95,42.82
49,34.38,82.24,41.56
53,36.34,81.99,42.82
58,35.3,81.24,41.58
11,31.31,81.43,42.01
57,31.26,79.62,40.7
73,31.78,79.66,40.49
2,42.72,79.64,51.27
2,42.87,79.19,51.9
2,43.05,78.77,51.89
2,42.87,79.19,51.27
2,43.05,78.77,51.27
3,42.72,79.64,50.65
5,42.72,79.64,50.02
3,42.87,79.19,50.65
3,43.05,78.77,50.64
5,42.87,79.19,50.02
5,43.05,78.76,50.02
7,42.31,79.25,48.77
4,42.31,79.25,49.4
8,42.67,78.77,48.77
6,42.67,78.77,49.4
2,43.25,77.88,51.89
3,43.25,77.88,51.27
2,43.05,78.28,51.27
2,43.25,77.36,51.89
2,43.25,77.36,51.26
4,43.25,77.88,50.64
3,43.05,78.28,50.64
6,43.25,77.87,50.02
5,43.05,78.28,50.02
3,43.25,77.36,50.64
5,43.25,77.36,50.01
9,42.84,78.3,48.77
9,43.05,77.87,48.77
6,42.84,78.3,49.4
6,43.05,77.87,49.39
9,43.05,77.35,48.77
6,43.05,77.35,49.39
3,43.25,76.13,50.3
5,43.05,76.09,49.08
2,40.97,84.24,51.58
6,40.97,84.24,50.33
4,41.78,83.29,50.33
4,41.66,81.97,50.02
2,41.66,81.97,50.65
3,41.18,81.56,50.02
2,41.18,81.56,50.65
3,41.58,81.09,50.02
3,41.99,80.61,50.02
2,41.99,80.61,50.65
4,42.42,80.13,50.02
2,42.42,80.13,50.65
11,42.25,78.81,47.83
12,42.68,77.82,47.83
16,40.02,83.44,49.08
26,40.02,83.44,47.83
35,39.06,82.64,46.58
12,40.82,82.48,49.08
8,40.66,80.72,49.08
23,40.82,82.48,47.83
33,39.86,81.68,46.58
17,40.66,80.72,47.83
5,41.47,79.76,49.08
11,41.47,79.76,47.83
17,40.8,77.16,45.02
13,41.31,78,46.58
14,40.8,77.16,45.65
18,39.92,77.24,43.77
17,39.92,77.24,44.4
17,40.32,76.76,44.4
18,40.32,76.76,43.77
14,42.1,77.05,46.58
13,41.2,76.68,45.65
14,41.6,76.2,45.65
16,41.2,76.68,45.02
12,41.52,75.32,45.65
17,41.6,76.2,45.02
15,41.52,75.32,45.02
19,40.24,75.88,43.15
16,40.72,76.28,44.4
19,40.72,76.28,43.77
16,41.04,74.92,44.4
17,41.12,75.8,44.4
20,40.64,75.4,43.15
19,41.04,74.92,43.77
20,41.12,75.8,43.77
27,39.71,79.92,46.58
41,38.1,81.83,45.33
35,38.9,80.88,45.33
45,37.14,81.03,44.08
27,37.95,80.07,44.08
28,39.71,79.92,45.33
19,40.51,78.96,46.58
23,40.51,78.96,45.33
16,40.39,77.64,45.65
18,40.39,77.64,45.02
48,36.18,80.23,42.82
57,35.16,79.48,41.58
74,33.93,78.9,40.57
22,36.99,79.27,42.82
23,36,78.49,41.58
41,34.92,77.79,40.58
16,38.75,79.12,44.08
17,39.55,78.16,44.08
17,39.4,76.4,42.81
19,39.76,75.48,42.51
17,39.76,75.48,43.15
18,40.16,75,43.15
18,39.68,74.61,42.11
19,40.09,74.12,42.52
20,40.16,75,42.52
13,37.79,78.31,42.82
14,38.59,77.35,42.82
15,38.44,75.6,41.58
16,38.95,74.67,41.57
12,36.82,77.52,41.58
14,37.63,76.55,41.59
10,37.48,74.8,40.59
10,38.29,73.84,40.58
11,35.81,76.76,40.58
10,36.66,75.77,40.59
2,43.05,73.39,49.08
8,42.63,76.12,47.83
2,43.05,73,48.77
2,43.05,74.41,49.08
8,43.05,73,47.52
6,42.82,72.5,47.52
5,43.05,73,48.14
3,42.82,72.5,48.14
8,43.05,74.41,47.83
5,42.85,73.41,47.83
14,43.25,69.97,47.5
5,43.25,70.01,48.13
7,43.26,69.46,48.09
16,43.25,69.44,47.5
3,42.8,71.66,48.15
6,42.8,71.66,47.52
8,43.05,70.77,47.52
3,43.05,70.77,48.14
14,41.45,74.44,45.02
13,40.57,74.52,44.4
16,40.57,74.52,43.77
17,40.09,74.12,43.15
15,40.97,74.04,44.4
19,40.49,73.64,43.15
18,40.97,74.04,43.77
10,41.99,75.28,46.58
10,41.45,74.44,45.65
9,42.55,72.13,46.9
14,42.55,72.13,46.27
12,42.56,74.31,46.58
13,41.85,73.96,45.65
9,42.63,73.01,46.9
16,42.25,73.49,45.65
13,42.63,73.01,46.27
7,42.17,72.61,46.9
11,42.17,72.61,46.27
20,42.17,72.61,45.02
16,42.17,72.61,45.65
19,42.55,72.13,45.65
22,42.55,72.13,45.02
14,41.37,73.56,45.02
10,41.37,73.56,45.65
12,41.77,73.08,45.65
17,41.77,73.08,45.02
21,41.69,72.2,43.77
21,41.69,72.2,44.4
22,42.1,71.72,44.4
21,42.1,71.72,43.77
18,40.89,73.16,43.77
15,40.89,73.16,44.4
18,41.29,72.68,44.4
20,41.29,72.68,43.77
21,43.05,69.95,46.27
18,43.05,69.95,46.89
22,43.25,69.01,46.27
21,43.05,69.42,46.27
21,43.25,69.01,46.88
19,43.05,69.42,46.89
10,42.49,71.25,46.9
15,42.49,71.25,46.27
18,42.77,70.78,46.27
13,42.77,70.78,46.9
22,43.05,69.95,45.65
20,43.05,69.94,45.02
17,43.25,69.01,45.02
18,43.05,69.42,45.02
20,43.25,69.01,45.64
21,43.05,69.42,45.64
20,42.49,71.25,45.65
22,42.49,71.25,45.02
21,42.77,70.78,45.64
22,42.77,70.78,45.02
16,42.73,69.87,44.4
13,42.88,69.43,44.4
11,43.05,69.01,44.4
11,42.73,69.88,43.77
9,42.88,69.43,43.77
8,43.05,69.01,43.77
20,42.02,70.84,44.4
17,42.02,70.84,43.77
18,42.44,70.36,44.4
14,42.44,70.36,43.77
20,43.25,68.53,46.27
21,43.25,68.52,46.88
14,43.25,68.53,45.02
18,43.25,68.53,45.64
9,43.25,68.13,44.4
10,43.05,68.53,44.4
7,43.25,68.12,43.77
7,43.05,68.53,43.77
17,39.61,73.72,42.51
16,39.61,73.72,43.15
17,40.01,73.24,43.15
18,40.01,73.24,42.52
16,39.61,72.93,42.14
16,41.21,71.8,42.52
18,41.21,71.8,43.15
13,40.77,71.4,42
16,41.62,71.32,43.15
14,41.62,71.32,42.52
10,41.15,70.92,41.92
18,40.41,72.76,43.15
19,40.41,72.76,42.52
14,40.17,71.99,42.09
19,40.81,72.28,43.15
18,40.81,72.28,42.52
7,42.34,69.48,43.15
6,42.69,69.01,43.14
7,42.34,69.48,42.52
6,41.86,69.08,41.9
7,42.72,69.01,42.51
5,42.27,68.6,41.9
8,41.84,68.2,41.36
12,41.54,70.44,43.15
10,41.54,70.44,42.52
8,41.09,70.05,41.93
9,41.94,69.96,43.15
8,41.23,69.15,41.58
8,41.94,69.96,42.52
6,41.47,69.56,41.9
4,43.1,67.63,41.25
9,43.25,66.84,41.21
5,43.25,67.58,43.15
4,43.25,67.58,42.54
3,43.09,67.62,41.89
6,43.25,66.83,41.87
5,43.05,68.11,43.16
6,42.86,68.54,43.14
4,43.07,68.1,42.64
4,42.92,68.54,42.47
3,42.64,68.13,41.89
8,42.21,67.73,41.29
4,42.87,67.66,41.89
13,38.9,72.85,41.58
12,39.39,71.78,41.57
9,40.25,71,41.44
8,40.67,70.52,41.32
8,40.95,70.06,41.24
9,41.2,69.16,41.15
8,41.5,68.71,41.48
10,41.8,68.22,40.91
6,41.9,69.09,40.89
11,42.65,67.25,40.83
15,42.48,67.27,40.73
9,42.57,67.25,41.27
35,42.34,66.83,40.91
12,42.1,67.76,40.8
16,41.46,67.81,41.02
15,38.13,72.07,40.59
19,38.93,71.12,40.58
23,40.04,70.14,40.55
17,40.63,69.64,40.52
16,40.93,69.19,40.5
14,41.5,68.7,40.43
12,43.26,66.89,40.56
18,42.75,67.31,40.41
24,43.09,66.83,40.67
48,42.46,66.91,40.4
29,41.84,67.38,40.4
27,41.24,67.84,40.46
78,48.74,66.03,41.05
88,48.22,66.03,40.48
63,48.74,66.03,41.75
139,48.21,65.64,40.4
86,46.94,66.03,40.49
78,47.81,66.03,41.06
77,46.93,66.03,41.08
87,47.34,66.03,40.49
120,47.8,65.84,40.39
123,47.81,65.83,40.66
63,47.81,66.03,41.77
64,46.93,66.03,41.78
129,47.34,65.68,40.39
3,32.31,93.08,53.16
2,31.32,90.05,52.62
2,31.25,86.79,54.93
8,37.76,88.07,50.33
5,37.76,88.07,51.58
5,38.56,87.12,51.58
10,38.56,87.12,50.33
5,35.19,89.19,51.58
5,35.19,89.19,50.33
7,36,88.23,50.33
5,36,88.23,51.58
4,33.28,89.37,50.95
2,32.33,93.08,50.75
4,32.26,89.63,48.19
5,32.31,86.28,45.61
2,31.31,90.01,50.22
3,31.3,86.76,47.55
4,36.8,87.27,47.83
5,36.8,87.27,49.08
3,35.84,86.47,46.58
9,37.6,86.31,49.08
6,36.65,85.51,46.58
8,37.6,86.31,47.83
3,34.27,87.5,48.48
3,31.31,84.86,46.97
4,33.26,85.97,46.05
3,34.89,85.66,45.33
6,35.69,84.71,46.58
3,34.89,85.66,46.58
5,35.69,84.71,45.33
3,32.31,84.25,45.47
3,31.33,83.11,44.8
5,34.01,83.97,43.45
10,32.3,82.56,42.89
20,32.62,82.52,41.51
12,38.41,85.36,50.33
5,38.41,85.36,51.58
4,39.21,84.4,51.58
10,39.21,84.4,50.33
22,37.45,84.55,47.83
18,37.45,84.55,49.08
21,38.25,83.6,49.08
27,38.25,83.6,47.83
23,36.49,83.75,46.58
27,36.49,83.75,45.33
32,37.3,82.79,46.58
34,35.54,82.95,44.08
48,36.34,81.99,44.08
38,37.3,82.79,45.33
4,31.3,81.45,44.82
49,35.38,81.18,44.08
43,34.58,82.14,42.82
37,34.58,82.14,44.08
55,35.38,81.18,42.82
58,33.44,80.67,41.47
31,32.17,80.89,42.82
42,31.27,79.91,42.2
70,32,78.99,41.42
64,31.25,78.93,40.81
73,32.38,79.15,41.25
84,32.56,78.32,40.52
3,42.31,79.25,50.02
2,42.67,78.77,50.65
4,42.67,78.77,50.02
5,41.83,78.85,48.77
2,41.83,78.85,49.4
6,42.23,78.37,48.77
3,42.23,78.37,49.4
2,42.84,78.3,51.27
2,43.05,77.88,51.27
3,42.84,78.3,50.65
3,43.05,77.88,50.64
4,42.84,78.3,50.02
4,43.05,77.88,50.02
2,43.05,77.35,50.64
4,43.05,77.35,50.02
7,42.61,77.89,48.77
5,42.61,77.89,49.4
7,42.82,77.38,48.77
5,42.82,77.38,49.4
2,43.05,76.11,50.32
3,42.63,76.11,49.08
2,40.02,83.44,51.58
5,40.02,83.44,50.33
3,40.82,82.48,50.33
2,40.66,80.72,50.33
6,41.31,78,47.83
7,42.1,77.05,47.83
16,39.06,82.64,49.08
26,39.06,82.64,47.83
35,38.1,81.83,46.58
13,39.86,81.68,49.08
8,39.71,79.92,49.08
23,39.86,81.68,47.83
33,38.9,80.88,46.58
17,39.71,79.92,47.83
4,40.51,78.96,49.08
10,40.51,78.96,47.83
17,39.92,77.24,45.02
15,39.92,77.24,45.65
13,40.32,76.76,45.65
15,40.32,76.76,45.02
10,40.36,77.2,46.58
15,39.4,76.4,44.08
8,41.16,76.24,46.58
11,40.72,76.28,45.65
11,41.12,75.8,45.65
14,40.72,76.28,45.02
9,41.04,74.92,45.65
12,41.04,74.92,45.02
14,41.12,75.8,45.02
15,40.2,75.44,44.08
25,38.75,79.12,46.58
41,37.14,81.03,45.33
34,37.95,80.07,45.33
46,36.18,80.23,44.08
28,36.99,79.27,44.08
23,38.75,79.12,45.33
18,39.55,78.16,46.58
20,39.55,78.16,45.33
52,35.23,79.42,42.82
69,34.15,78.72,41.53
62,33.85,77.14,40.58
46,31.25,78.95,42.43
27,36.03,78.47,42.82
33,35.02,77.71,41.58
15,37.79,78.31,44.08
15,38.6,77.35,44.08
15,38.44,75.59,42.82
16,39.24,74.64,42.81
14,36.83,77.51,42.82
14,37.64,76.55,42.82
14,37.48,74.79,41.59
14,38.29,73.84,41.58
13,35.85,76.73,41.58
13,36.67,75.76,41.58
11,36.51,74,40.59
13,37.33,73.03,40.59
14,34.81,76,40.58
11,35.68,74.98,40.59
4,41.99,75.28,47.83
2,42.55,72.13,48.15
5,42.55,72.13,47.52
5,42.57,74.3,47.83
5,42.63,73.01,47.52
3,42.63,73.01,48.15
4,42.17,72.61,47.52
2,42.17,72.61,48.15
4,43.27,69.14,48.38
11,43.06,69.97,47.51
4,43.07,69.99,48.14
11,43.26,69.05,47.99
5,43.1,69.42,48.13
18,43.25,69.02,47.47
13,43.06,69.43,47.52
2,42.49,71.25,48.15
5,42.49,71.25,47.52
6,42.77,70.78,47.52
2,42.77,70.78,48.15
9,43.27,68.62,48.37
13,43.26,68.48,48.05
19,43.25,68.52,47.47
7,40.57,74.52,45.65
10,40.57,74.52,45.02
8,40.97,74.04,45.65
11,40.97,74.04,45.02
13,40.05,73.68,44.08
5,41.01,74.48,46.58
7,42.1,71.72,46.9
11,42.1,71.72,46.27
7,41.81,73.52,46.58
5,41.69,72.2,46.9
8,41.69,72.2,46.27
18,41.69,72.2,45.02
13,41.69,72.2,45.65
16,42.1,71.72,45.65
20,42.1,71.72,45.02
11,40.89,73.16,45.02
7,40.89,73.16,45.65
10,41.29,72.68,45.65
14,41.29,72.68,45.02
19,41.21,71.8,43.77
18,41.21,71.8,44.4
20,41.62,71.32,44.4
19,41.62,71.32,43.77
16,40.41,72.76,43.77
13,40.41,72.76,44.4
16,40.81,72.28,44.4
18,40.81,72.28,43.77
19,42.73,69.88,46.27
15,42.73,69.88,46.9
20,42.88,69.43,46.27
21,43.05,69.01,46.27
17,42.88,69.43,46.9
19,43.05,69.01,46.89
8,42.02,70.84,46.9
13,42.02,70.84,46.27
17,42.44,70.36,46.27
11,42.44,70.36,46.9
21,42.73,69.88,45.65
19,42.73,69.87,45.02
18,42.88,69.43,45.02
16,43.05,69.01,45.02
20,42.88,69.43,45.65
19,43.05,69.01,45.64
18,42.02,70.84,45.65
20,42.02,70.84,45.02
20,42.44,70.36,45.65
20,42.44,70.36,45.02
13,42.34,69.48,44.4
11,42.69,69.01,44.4
9,42.34,69.48,43.77
8,42.69,69.01,43.77
17,41.54,70.44,44.4
15,41.54,70.44,43.77
16,41.94,69.96,44.4
12,41.94,69.96,43.77
19,43.25,68.12,46.27
19,43.05,68.53,46.27
20,43.25,68.12,46.88
19,43.05,68.53,46.89
12,43.25,68.13,45.02
14,43.05,68.53,45.02
16,43.25,68.13,45.64
17,43.05,68.53,45.64
8,43.25,67.59,44.39
6,43.25,67.59,43.77
9,43.05,68.12,44.4
9,42.85,68.54,44.4
7,43.05,68.12,43.77
7,42.85,68.54,43.77
15,39.09,72.88,42.82
14,40.74,71.4,42.52
16,40.74,71.4,43.15
11,40.31,70.99,42.07
14,41.14,70.92,43.15
12,41.14,70.92,42.52
9,40.7,70.52,42
16,39.89,71.91,42.82
7,41.86,69.08,43.15
6,42.27,68.6,43.15
6,41.86,69.08,42.52
8,41.4,68.68,41.89
5,42.27,68.6,42.52
7,41.77,68.2,41.88
13,41.51,67.79,41.44
10,41.06,70.04,43.15
9,41.06,70.04,42.52
9,40.63,69.64,42.03
8,41.46,69.56,43.15
8,41.02,69.17,41.94
7,41.46,69.56,42.52
50,43.26,66.27,41.17
17,43.07,66.79,41.25
75,43.41,66.05,41.14
6,43.05,67.57,43.15
7,43.25,66.85,43.14
41,43.26,66.26,41.84
61,43.41,66.05,41.83
5,43.06,67.6,42.52
7,43.25,66.84,42.51
14,43.06,66.79,41.89
6,42.64,68.13,43.14
7,42.83,67.61,43.14
5,42.64,68.13,42.52
7,42.19,67.72,41.9
17,41.77,67.32,41.37
8,42.56,67.25,41.89
5,42.85,67.64,42.5
13,38.13,72.07,41.59
12,38.93,71.12,41.57
12,40.02,70.14,41.48
11,40.6,69.64,41.36
11,40.89,69.18,41.27
9,41.43,68.69,41.06
19,42.85,66.78,40.76
49,42.28,66.86,40.76
13,42.82,66.78,41.27
73,42.59,66.37,40.84
33,42.13,66.84,41.29
21,41.73,67.35,40.92
18,41.18,67.83,41.13
32,37.17,71.27,40.59
37,37.98,70.31,40.59
26,39.44,70.19,40.58
30,40.12,69.24,40.55
26,40.56,68.77,40.53
23,40.97,68.3,40.49
74,43.11,66.17,40.65
57,43.26,66.28,40.53
19,43,66.86,40.38
83,43.4,66.05,40.52
60,42.67,66.49,40.39
45,42.15,66.94,40.38
70,41.45,66.97,40.43
54,40.89,67.43,40.49
31,48.74,66.03,43.09
30,49.55,66.03,43.08
46,48.74,66.03,42.43
45,49.55,66.03,42.42
78,48.22,66.03,41.06
129,48.74,65.83,41.19
124,48.21,65.83,40.66
63,48.22,66.03,41.76
113,48.74,65.83,41.84
214,48.18,65.33,40.72
151,47.75,65.46,40.39
162,48.63,65.4,40.4
32,47.81,66.03,43.1
47,47.81,66.03,42.44
33,46.92,66.03,43.11
48,46.93,66.03,42.45
112,46.92,65.87,40.38
120,46.92,65.83,40.66
85,46.4,66.03,40.48
84,44.79,66.03,40.49
106,43.27,65.91,40.64
150,43.43,65.53,40.4
82,43.95,66.04,40.5
60,43.97,66.04,41.81
73,43.98,66.04,41.11
63,44.78,66.03,41.8
77,44.79,66.03,41.08
77,47.33,66.03,41.07
126,47.81,65.83,41.19
77,46.4,66.03,41.08
123,46.92,65.83,41.2
121,47.32,65.83,40.66
184,47.79,65.63,40.79
63,47.33,66.03,41.77
111,47.81,65.83,41.85
64,46.4,66.03,41.79
108,46.92,65.83,41.85
199,47.31,65.37,40.7
118,46.47,65.74,40.38
102,44.75,65.82,40.36
171,43.85,65.29,40.39
138,46.88,65.51,40.38
2,33.29,89.37,53.46
2,35.19,89.19,52.83
2,36,88.23,52.83
4,32.24,89.68,53.14
3,31.26,86.73,52.28
2,29.76,85.03,54.87
8,36.8,87.27,50.33
6,36.8,87.27,51.58
6,37.6,86.31,51.58
10,37.6,86.31,50.33
6,34.24,87.5,50.96
3,32.23,89.66,50.69
3,32.18,86.31,48.14
4,31.27,86.85,49.84
3,33.13,85.95,48.56
6,35.77,85.59,48.46
3,32.2,84.35,47.64
2,31.29,83.42,47.46
5,33.99,83.97,45.96
5,32.26,82.61,45.53
14,33.14,82.25,43.43
12,37.45,84.55,50.33
6,37.45,84.55,51.58
5,38.25,83.6,51.58
11,38.25,83.6,50.33
22,36.49,83.75,47.83
18,36.49,83.75,49.08
21,37.3,82.79,49.08
26,37.3,82.79,47.83
5,31.29,81.45,47.37
32,35.46,82.07,45.96
19,32.15,80.9,45.53
28,31.27,79.91,44.92
50,33.69,80.43,43.38
51,32.03,79.29,42.92
45,30.78,78.73,42.4
74,32.75,78.68,41.92
78,31.93,78.27,41.49
59,30.78,78.73,40.79
34,29.16,78.68,40.7
81,32.93,77.99,41.36
74,33.09,76.14,40.58
88,31.83,77.44,40.52
2,42.23,78.37,50.02
2,41.31,78,49.08
2,42.61,77.89,50.65
3,42.61,77.89,50.02
2,42.82,77.38,50.65
3,42.82,77.38,50.02
3,42.1,77.05,49.08
2,39.06,82.64,51.58
6,39.06,82.64,50.33
4,39.86,81.68,50.33
2,39.71,79.92,50.33
5,40.36,77.2,47.83
3,41.16,76.24,47.83
17,38.1,81.83,49.08
25,38.1,81.83,47.83
35,37.14,81.03,46.58
9,38.75,79.12,49.08
13,38.9,80.88,49.08
32,37.95,80.07,46.58
23,38.9,80.88,47.83
17,38.75,79.12,47.83
4,39.55,78.16,49.08
10,39.55,78.16,47.83
12,39.4,76.4,45.33
9,39.4,76.4,46.58
12,38.44,75.59,44.08
5,40.2,75.44,46.58
9,40.2,75.44,45.33
11,39.24,74.64,44.08
31,31.25,78.95,44.99
21,37.79,78.31,46.58
30,36.99,79.27,46.58
41,36.18,80.23,45.33
35,36.18,80.23,46.58
34,36.99,79.27,45.33
47,35.23,79.42,44.08
31,36.03,78.47,44.08
20,37.79,78.31,45.33
15,38.6,77.35,46.58
16,38.6,77.35,45.33
58,34.26,78.62,42.79
50,34.27,78.62,44.08
58,31.93,78.29,43.08
34,35.07,77.66,42.82
50,33.98,77.02,41.58
33,35.07,77.66,44.08
14,36.83,77.51,44.08
13,37.64,76.55,44.08
13,37.48,74.79,42.82
14,38.29,73.83,42.82
14,35.88,76.71,42.82
13,36.68,75.75,42.82
13,36.52,73.99,41.58
13,37.33,73.03,41.59
15,34.88,75.94,41.58
12,35.71,74.96,41.58
22,35.55,73.2,40.59
27,36.37,72.23,40.59
42,33.83,75.23,40.58
23,34.71,74.19,40.58
2,41.01,74.48,47.83
2,42.1,71.72,48.15
3,42.1,71.72,47.52
2,41.81,73.52,47.83
2,41.69,72.2,47.52
3,43.14,69.04,48.48
8,42.74,69.87,47.52
3,42.75,69.87,48.15
4,42.93,69.41,48.18
8,43.09,69.01,48.06
10,42.89,69.43,47.54
15,43.05,69.01,47.5
4,42.02,70.84,47.52
5,42.44,70.36,47.52
2,42.44,70.36,48.15
5,43.25,68,49.6
5,43.14,68.6,48.48
17,43.25,68.05,47.95
10,43.08,68.49,48.12
19,43.25,68.1,47.48
16,43.05,68.52,47.5
6,40.05,73.68,45.33
10,39.09,72.87,44.08
2,40.05,73.68,46.58
4,41.21,71.8,46.9
6,41.21,71.8,46.27
5,41.62,71.32,46.9
9,41.62,71.32,46.27
4,40.85,72.72,46.58
15,41.21,71.8,45.02
11,41.21,71.8,45.65
14,41.62,71.32,45.65
18,41.62,71.32,45.02
9,40.41,72.76,45.02
6,40.41,72.76,45.65
8,40.81,72.28,45.65
12,40.81,72.28,45.02
17,40.74,71.4,43.77
16,40.74,71.4,44.4
18,41.14,70.92,44.4
17,41.14,70.92,43.77
14,39.89,71.92,44.08
17,42.34,69.48,46.27
13,42.34,69.48,46.9
19,42.69,69.01,46.27
16,42.69,69.01,46.9
6,41.54,70.44,46.9
11,41.54,70.44,46.27
15,41.94,69.96,46.27
9,41.94,69.96,46.9
19,42.34,69.48,45.65
17,42.34,69.48,45.02
15,42.69,69.01,45.02
18,42.69,69.01,45.65
16,41.54,70.44,45.65
18,41.54,70.44,45.02
18,41.94,69.96,45.65
18,41.94,69.96,45.02
12,41.86,69.08,44.4
10,42.27,68.6,44.4
9,41.86,69.08,43.77
7,42.27,68.6,43.77
16,41.06,70.04,44.4
13,41.06,70.04,43.77
14,41.46,69.56,44.4
11,41.46,69.56,43.77
17,43.25,67.59,46.27
18,43.25,67.59,46.89
18,43.05,68.12,46.27
19,42.85,68.54,46.27
19,43.05,68.12,46.89
18,42.85,68.54,46.9
11,43.25,67.6,45.02
14,43.25,67.6,45.64
12,43.05,68.12,45.02
14,42.85,68.54,45.02
16,43.05,68.12,45.65
17,42.85,68.54,45.65
9,43.05,67.58,44.39
9,43.25,66.87,44.39
7,43.05,67.58,43.77
8,43.25,66.86,43.77
9,42.64,68.13,44.4
7,42.64,68.13,43.77
9,42.83,67.61,44.4
7,42.83,67.61,43.77
14,46.92,66.03,44.38
13,47.81,66.03,44.38
22,46.92,66.03,43.75
21,47.81,66.03,43.74
12,48.74,66.03,44.37
12,49.55,66.03,44.36
20,48.74,66.03,43.73
19,49.55,66.03,43.72
13,38.13,72.07,42.82
13,40.25,71,42.51
15,40.26,71,43.15
11,40.17,70.14,42.09
13,40.66,70.52,43.15
11,40.66,70.52,42.52
13,38.94,71.11,42.81
8,41.39,68.68,43.15
8,41.79,68.2,43.15
8,41.39,68.68,42.52
12,40.94,68.28,41.94
7,41.79,68.2,42.52
13,41.31,67.8,41.87
10,40.58,69.64,43.15
9,40.58,69.64,42.52
13,40.17,69.24,42.1
9,40.98,69.16,43.15
13,40.56,68.76,42.04
8,40.98,69.16,42.52
66,43.1,66.16,41.23
104,43.28,65.91,41.22
11,43.06,66.8,43.14
26,43.26,66.26,43.13
35,43.41,66.05,43.13
33,43.26,66.26,42.49
47,43.41,66.05,42.49
57,43.1,66.15,41.88
93,43.28,65.91,41.87
13,43.06,66.79,42.52
11,42.82,66.78,41.89
8,42.19,67.72,43.15
9,42.56,67.25,43.15
8,42.19,67.72,42.52
15,41.7,67.32,41.88
53,41.43,66.91,41.44
26,42.11,66.84,41.9
8,42.56,67.25,42.52
17,37.17,71.27,41.59
19,37.98,70.31,41.59
13,39.44,70.19,41.55
17,40.11,69.24,41.47
16,40.53,68.76,41.38
15,40.92,68.29,41.24
166,43.05,65.69,40.77
120,42.84,65.95,40.78
78,42.45,66.35,40.7
41,42.02,66.89,40.81
128,42.31,65.99,40.92
68,42.52,66.37,41.27
90,41.69,66.44,41.38
64,41.39,66.93,41.03
38,40.84,67.41,41.24
205,43.32,65.27,40.7
83,36.21,70.47,40.59
97,37.02,69.51,40.59
43,38.78,69.36,40.58
63,39.32,68.44,40.58
55,39.91,68.39,40.56
44,40.48,67.89,40.53
102,42.94,66.04,40.37
130,43.12,65.78,40.38
105,42.41,66.13,40.37
86,41.73,66.52,40.4
74,41.15,66.98,40.46
98,40.39,67.02,40.53
173,42.97,65.3,40.4
32,48.21,66.03,43.09
57,48.74,65.83,43.12
57,49.55,65.83,43.12
47,48.22,66.03,42.43
84,48.74,65.83,42.49
85,49.55,65.83,42.48
127,48.21,65.83,41.19
207,48.7,65.6,41.27
215,48.19,65.47,40.84
112,48.21,65.83,41.84
171,48.7,65.6,41.9
221,47.74,65.21,40.74
239,48.62,65.16,40.76
197,48.6,65.14,40.37
194,47.72,65.19,40.37
33,47.33,66.03,43.1
57,47.8,65.83,43.13
47,47.33,66.03,42.44
83,47.8,65.83,42.49
33,46.39,66.03,43.11
56,46.91,65.83,43.13
47,46.39,66.03,42.46
82,46.91,65.83,42.49
36,44.76,66.03,43.12
34,43.96,66.04,43.13
48,44.77,66.03,42.47
45,43.96,66.04,42.48
173,46.9,65.65,40.79
85,45.62,66.03,40.49
118,46.37,65.83,40.66
113,44.71,65.83,40.66
110,43.84,65.87,40.65
122,43.88,65.8,40.38
185,43.32,65.46,40.81
97,43.86,65.87,41.86
109,43.87,65.87,41.21
71,45.62,66.03,41.42
102,44.71,65.84,41.86
113,44.71,65.84,41.2
124,47.32,65.83,41.19
194,47.79,65.63,41.27
123,46.38,65.83,41.2
182,46.9,65.65,41.27
200,47.31,65.5,40.82
109,47.32,65.83,41.85
158,47.79,65.63,41.9
106,46.38,65.83,41.86
149,46.9,65.65,41.9
177,46.42,65.44,40.66
226,43.76,65.09,40.74
155,44.66,65.55,40.62
205,46.86,65.27,40.71
189,43.84,64.99,40.37
145,44.29,65.55,40.38
122,45.56,65.62,40.36
192,45.67,65.12,40.37
180,46.86,65.25,40.36
217,47.27,64.92,40.38
3,43.25,68.08,50.61
4,43.25,68.06,50.08
2,26.32,85.04,56.77
2,26.21,84.98,54.9
2,22.9,84.99,55.27
2,34.25,87.5,53.45
4,32.02,86.15,52.9
4,29.78,85.03,52.01
2,27.62,84.98,54.71
2,30.35,84.27,55.55
4,29.6,84.62,50.42
6,33.03,85.88,50.87
8,35.77,85.59,50.96
4,32.06,86.31,50.45
4,31.24,83.6,49.5
7,33.97,83.98,48.46
7,32.14,82.86,48.13
9,33.11,82.27,46
13,36.49,83.75,50.33
7,36.49,83.75,51.58
6,37.3,82.79,51.58
11,37.3,82.79,50.33
8,31.25,81.5,49.43
22,35.46,82.07,48.46
14,32.1,80.88,48.02
20,31.27,79.93,47.44
34,33.71,80.44,45.96
33,32.02,79.29,45.57
57,32.77,78.84,43.39
31,28.57,78.67,42.16
42,28.75,77.77,40.53
30,30.79,78.73,44.96
58,31.45,78.03,43.06
78,32.92,77.87,42.01
80,31.45,78.03,41.48
60,29.81,77.88,41.5
59,33.23,76.01,41.58
86,32.2,77.04,41.36
94,30.87,75.97,40.55
3,38.1,81.83,51.58
7,38.1,81.83,50.33
5,38.9,80.88,50.33
3,38.75,79.12,50.33
4,39.4,76.4,47.83
2,40.2,75.44,47.83
20,31.25,78.95,47.47
9,37.79,78.31,49.08
19,37.07,80.15,48.46
16,37.79,78.31,47.83
4,38.6,77.35,49.08
10,38.6,77.35,47.83
10,38.44,75.59,45.33
7,38.44,75.59,46.58
9,37.48,74.79,44.08
4,39.24,74.64,46.58
7,39.24,74.64,45.33
9,38.29,73.83,44.08
36,31.93,78.29,45.6
18,36.83,77.51,46.58
34,35.15,78.54,45.96
17,36.83,77.51,45.33
12,37.64,76.55,46.58
12,37.64,76.55,45.33
49,33.6,77.36,43.45
13,35.88,76.71,44.08
11,36.68,75.75,44.08
12,36.53,73.99,42.82
12,37.33,73.03,42.82
15,34.92,75.9,42.82
12,35.72,74.94,42.82
15,35.56,73.19,41.58
16,36.37,72.23,41.59
29,33.91,75.15,41.58
16,34.74,74.16,41.58
59,34.59,72.4,40.59
73,35.4,71.43,40.59
102,32.82,73.53,40.58
2,41.21,71.8,47.52
2,41.62,71.32,47.52
7,42.34,69.48,47.52
3,42.34,69.48,48.15
4,42.71,69.01,48.15
11,42.69,69.01,47.52
3,41.54,70.44,47.52
4,41.94,69.96,47.52
2,41.94,69.96,48.15
8,43.25,67.55,49.45
12,43.26,67.58,48.77
17,43.25,67.55,48.1
19,43.25,67.56,47.5
14,43.07,68.09,48
7,42.89,68.52,48.19
17,43.05,68.11,47.5
14,42.85,68.54,47.52
4,39.09,72.87,45.33
9,38.13,72.07,44.08
3,40.74,71.4,46.9
5,40.74,71.4,46.27
4,41.14,70.92,46.9
8,41.14,70.92,46.27
2,39.89,71.92,46.58
13,40.74,71.4,45.02
9,40.74,71.4,45.65
12,41.14,70.92,45.65
16,41.14,70.92,45.02
7,39.89,71.92,45.33
16,40.26,71,43.77
15,40.26,71,44.4
16,40.66,70.52,44.4
15,40.66,70.52,43.77
12,38.94,71.11,44.08
16,41.86,69.08,46.27
12,41.86,69.08,46.9
17,42.27,68.6,46.27
15,42.27,68.6,46.9
6,41.06,70.04,46.9
10,41.06,70.04,46.27
13,41.46,69.56,46.27
9,41.46,69.56,46.9
17,41.86,69.08,45.65
15,41.86,69.08,45.02
14,42.27,68.6,45.02
16,42.27,68.6,45.65
14,41.06,70.04,45.65
16,41.06,70.04,45.02
16,41.46,69.56,45.65
16,41.46,69.56,45.02
11,41.39,68.68,44.4
10,41.79,68.2,44.4
9,41.39,68.68,43.77
9,41.79,68.2,43.77
14,40.58,69.64,44.4
12,40.58,69.64,43.77
13,40.98,69.16,44.4
11,40.98,69.16,43.77
16,43.05,67.58,46.27
15,43.25,66.87,46.27
18,43.05,67.58,46.89
16,43.25,66.86,46.89
17,42.64,68.13,46.27
17,42.64,68.13,46.9
16,42.83,67.61,46.27
17,42.83,67.61,46.89
11,43.05,67.58,45.02
11,43.25,66.86,45.02
14,43.05,67.58,45.64
13,43.25,66.87,45.64
12,42.64,68.13,45.02
11,42.83,67.61,45.02
15,42.64,68.13,45.65
14,42.83,67.61,45.64
10,43.07,66.81,44.4
14,43.26,66.27,44.39
17,43.4,66.05,44.39
11,43.07,66.81,43.77
19,43.27,66.27,43.76
24,43.4,66.05,43.76
10,42.19,67.72,44.4
9,42.19,67.72,43.77
10,42.56,67.25,44.4
9,42.56,67.25,43.77
3,46.92,66.03,46.26
3,47.8,66.03,46.26
17,43.95,66.04,44.39
24,43.95,66.04,43.76
6,46.92,66.03,45.64
5,47.8,66.03,45.64
9,46.92,66.03,45.01
8,47.81,66.03,45.01
4,48.74,66.03,45.63
7,48.74,66.03,45
4,49.55,66.03,45.63
6,49.55,66.03,45
17,44.75,66.03,44.39
25,44.75,66.03,43.76
15,46.38,66.03,44.39
22,46.39,66.03,43.75
14,47.32,66.03,44.38
23,46.91,65.83,44.39
13,48.21,66.03,44.37
23,47.8,65.83,44.39
21,47.32,66.03,43.75
35,46.91,65.83,43.76
20,48.21,66.03,43.74
35,47.8,65.83,43.76
22,48.74,65.83,44.39
20,49.55,65.83,44.38
34,48.74,65.83,43.76
33,49.55,65.83,43.75
13,37.18,71.27,42.82
14,37.98,70.31,42.82
12,39.74,70.16,42.8
10,40.91,68.28,43.15
11,41.31,67.8,43.15
11,40.91,68.28,42.52
20,40.48,67.87,42.04
12,41.31,67.8,42.52
28,40.86,67.4,41.95
19,40.03,68.37,42.11
11,40.1,69.24,43.15
12,40.1,69.24,42.51
11,40.5,68.76,43.15
11,40.5,68.76,42.52
125,42.81,65.92,41.27
172,43.04,65.67,41.27
10,42.82,66.78,43.15
35,43.11,66.15,43.14
53,43.28,65.91,43.14
46,43.11,66.15,42.51
70,43.28,65.91,42.51
107,42.81,65.92,41.89
148,43.04,65.67,41.9
11,42.82,66.78,42.52
58,42.52,66.36,41.89
12,41.71,67.32,43.15
18,42.11,66.84,43.15
13,41.71,67.32,42.52
47,41.24,66.92,41.87
77,41.62,66.44,41.88
22,42.11,66.84,42.52
37,36.22,70.47,41.59
53,37.02,69.51,41.59
21,38.78,69.36,41.57
33,39.31,68.44,41.56
32,39.9,68.39,41.5
28,40.45,67.88,41.38
120,42.73,65.96,40.63
177,42.57,65.55,40.91
122,42.3,66.05,40.73
94,41.64,66.47,40.93
140,41.36,66.02,41.48
134,42.06,65.97,41.31
64,41.1,66.95,41.14
86,40.36,67.01,41.39
216,42.87,65.16,40.77
137,35.25,69.67,40.59
148,36.06,68.71,40.59
112,37.83,68.55,40.59
131,38.65,67.6,40.59
80,39.98,67.49,40.56
153,42.28,65.57,40.38
147,42.62,65.61,40.4
136,41.36,66.09,40.44
117,42.08,66.04,40.38
154,39.87,66.46,40.56
117,40.8,66.56,40.49
142,41.07,66.1,40.46
202,42.94,65,40.38
57,48.21,65.83,43.13
81,48.7,65.6,43.15
84,49.54,65.57,43.15
84,48.21,65.83,42.49
120,48.7,65.6,42.52
126,49.54,65.57,42.52
231,47.74,65.24,40.89
228,48.2,65.41,41.27
245,49.08,65.33,41.28
249,48.62,65.18,40.92
188,48.2,65.4,41.9
203,49.08,65.32,41.9
276,48.6,64.93,40.81
268,47.71,64.98,40.79
262,48.1,64.35,40.44
56,47.32,65.83,43.13
76,47.79,65.63,43.15
82,47.32,65.83,42.49
112,47.79,65.63,42.52
41,45.6,66.03,42.79
55,46.38,65.83,43.13
73,46.9,65.65,43.15
79,46.38,65.83,42.5
106,46.9,65.65,42.52
56,44.7,65.83,43.14
54,43.86,65.86,43.14
75,44.71,65.84,42.5
72,43.86,65.87,42.51
206,42.86,65.23,40.91
188,43.31,65.39,41.26
187,46.44,65.55,40.8
115,45.57,65.83,40.67
162,43.32,65.4,41.9
172,44.65,65.59,40.8
212,43.73,65.15,40.89
164,43.76,65.65,40.77
146,43.78,65.64,41.9
168,43.78,65.64,41.27
111,45.58,65.83,41.52
147,44.66,65.58,41.9
171,44.66,65.58,41.27
215,47.32,65.45,41.26
215,46.86,65.31,40.86
207,46.45,65.5,41.26
176,47.32,65.45,41.9
166,46.45,65.5,41.9
231,43.75,64.85,40.78
213,44.27,65.29,40.69
198,45.48,65.32,40.68
249,45.6,64.9,40.81
250,46.84,65.04,40.76
266,47.25,64.71,40.87
222,43.35,64.68,40.39
238,46.38,64.5,40.42
215,44.67,64.63,40.4
3,43.25,68.03,51.07
4,43.25,67.57,50.63
6,43.25,67.56,50.04
3,26.1,84.94,52
3,26.06,84.76,50.5
2,24.34,84.97,54.71
2,26.57,84.09,55.62
2,21.09,85,54.88
3,27.49,84.97,52.02
4,27.23,84.04,50.47
3,32.97,85.76,53.32
4,30.39,84.26,52.74
2,28.07,84.11,55.42
5,30.19,83.84,51.2
4,28.38,83.71,50.44
4,30.52,83.42,50.4
8,34,83.96,50.89
6,31.97,82.97,50.17
11,32.98,82.43,48.61
5,31.07,81.63,50.38
2,36.49,83.75,52.83
10,35.46,82.07,50.96
10,31.98,80.87,50.1
12,31.25,79.93,49.56
20,33.68,80.45,48.46
19,32.01,79.3,48.08
36,32.77,78.84,45.97
21,25.54,78.61,41.97
23,25.43,78.1,40.57
23,28.61,78.67,44.84
43,29.21,77.83,42.95
65,29.27,77.11,41.39
45,27.15,76.49,40.57
19,30.8,78.73,47.46
35,31.45,78.03,45.58
73,30.06,76.92,42
53,32.75,76.51,43.45
79,32.21,77.11,41.99
90,31.14,75.62,41.47
105,29.13,74.05,40.58
13,31.25,78.88,49.25
5,37.07,80.15,50.96
3,37.79,78.31,50.33
4,38.44,75.59,47.83
19,31.93,78.29,48.09
9,36.83,77.51,49.08
18,35.15,78.54,48.46
14,36.83,77.51,47.83
5,37.64,76.55,49.08
9,37.64,76.55,47.83
7,37.48,74.79,45.33
5,37.48,74.79,46.58
7,36.53,73.99,44.08
3,38.29,73.83,46.58
5,38.29,73.83,45.33
7,37.33,73.03,44.08
32,33.6,77.36,45.96
14,35.88,76.71,45.33
15,35.88,76.71,46.58
9,36.68,75.75,46.58
10,36.68,75.75,45.33
14,34.92,75.9,44.08
9,35.72,74.94,44.08
12,35.57,73.18,42.82
13,36.37,72.23,42.82
18,33.96,75.1,44.08
9,34.77,74.14,44.08
22,33.96,75.1,42.82
13,34.77,74.14,42.82
27,34.6,72.39,41.58
30,35.41,71.43,41.59
66,32.89,73.46,41.58
118,33.63,71.61,40.59
129,34.44,70.63,40.59
143,30.92,71.93,40.58
2,47.8,66.03,46.88
2,41.14,70.92,47.52
2,42.27,68.6,48.77
7,41.86,69.08,47.52
3,41.86,69.08,48.15
5,42.27,68.6,48.15
10,42.27,68.6,47.52
2,41.06,70.04,47.52
4,41.46,69.56,47.52
4,43.06,67.58,49.41
13,43.25,66.83,49.4
8,43.08,67.62,48.77
15,43.25,66.83,48.77
3,42.64,68.13,48.77
5,42.84,67.64,49.38
8,42.86,67.67,48.77
15,43.06,67.59,48.13
16,43.25,66.84,48.13
17,43.05,67.57,47.51
17,43.25,66.85,47.52
9,42.64,68.13,48.14
14,42.64,68.13,47.52
12,42.84,67.64,48.16
16,42.83,67.61,47.52
2,46.92,66.03,46.88
3,38.13,72.07,45.33
9,37.18,71.27,44.08
2,40.26,71,46.9
4,40.26,71,46.27
3,40.66,70.52,46.9
7,40.66,70.52,46.27
2,38.94,71.11,46.58
12,40.26,71,45.02
8,40.26,71,45.65
11,40.66,70.52,45.65
15,40.66,70.52,45.02
6,38.94,71.11,45.33
11,37.98,70.31,44.08
13,39.74,70.16,44.08
14,41.39,68.68,46.27
11,41.39,68.68,46.9
15,41.79,68.2,46.27
14,41.79,68.2,46.9
5,40.58,69.64,46.9
9,40.58,69.64,46.27
12,40.98,69.16,46.27
8,40.98,69.16,46.9
15,41.39,68.68,45.65
14,41.39,68.68,45.02
13,41.79,68.2,45.02
15,41.79,68.2,45.65
13,40.58,69.64,45.65
14,40.58,69.64,45.02
14,40.98,69.16,45.65
15,40.98,69.16,45.02
11,40.91,68.28,44.4
11,41.31,67.8,44.4
10,40.91,68.28,43.77
11,41.31,67.8,43.77
13,40.1,69.24,44.4
12,40.1,69.24,43.77
12,40.5,68.76,44.4
11,40.5,68.76,43.77
13,43.07,66.81,46.27
8,43.26,66.27,46.27
5,43.41,66.05,46.27
14,43.06,66.81,46.9
7,43.26,66.27,46.9
3,43.41,66.05,46.9
15,42.19,67.72,46.27
15,42.19,67.72,46.9
14,42.56,67.25,46.27
15,42.56,67.25,46.9
11,43.06,66.8,45.02
11,43.26,66.27,45.02
11,43.41,66.05,45.02
12,43.06,66.81,45.64
9,43.26,66.27,45.64
8,43.41,66.05,45.64
12,42.19,67.72,45.02
11,42.56,67.25,45.02
14,42.19,67.72,45.65
13,42.56,67.25,45.65
10,42.82,66.78,44.4
18,43.11,66.16,44.4
24,43.28,65.91,44.39
10,42.82,66.78,43.77
25,43.11,66.16,43.77
35,43.28,65.91,43.77
11,41.71,67.32,44.4
11,41.71,67.32,43.77
12,42.11,66.84,44.4
14,42.11,66.84,43.77
5,43.96,66.04,46.27
3,43.95,66.04,46.89
5,44.75,66.03,46.27
3,44.75,66.03,46.89
2,46.38,66.03,46.89
4,46.39,66.03,46.26
3,47.32,66.03,46.26
5,46.91,65.83,46.27
2,48.21,66.03,46.26
4,47.8,65.83,46.27
2,48.74,66.03,46.26
2,49.55,66.03,46.25
8,43.96,66.04,45.64
11,43.96,66.04,45.02
24,43.86,65.86,44.39
35,43.86,65.86,43.77
7,44.75,66.03,45.64
11,44.75,66.03,45.02
6,46.39,66.03,45.64
9,46.38,66.03,45.01
5,47.32,66.03,45.64
9,46.91,65.83,45.64
5,48.21,66.03,45.63
8,47.8,65.83,45.64
8,47.32,66.03,45.01
14,46.91,65.83,45.02
7,48.21,66.03,45.01
13,47.8,65.83,45.02
7,48.74,65.83,45.64
12,48.74,65.83,45.01
6,49.55,65.83,45.64
3,50.44,66.03,45.62
11,49.55,65.83,45.01
5,50.43,66.03,45
19,45.59,66.03,44.07
25,44.7,65.83,44.39
36,44.7,65.83,43.77
23,46.37,65.83,44.39
34,46.38,65.83,43.76
29,46.9,65.65,44.4
23,47.32,65.83,44.39
29,47.79,65.63,44.4
22,48.21,65.83,44.39
43,46.9,65.65,43.77
35,47.32,65.83,43.76
44,47.79,65.63,43.77
34,48.21,65.83,43.76
29,48.7,65.6,44.4
28,49.54,65.57,44.4
45,48.7,65.6,43.77
46,49.54,65.57,43.77
20,36.22,70.46,42.82
23,37.02,69.51,42.82
15,38.79,69.35,42.81
14,40.43,67.88,43.15
17,40.83,67.4,43.15
17,40.43,67.88,42.52
36,40.05,67.53,42.11
22,40.83,67.4,42.52
62,40.43,66.99,42.03
17,39.59,68.4,42.81
178,42.44,65.5,41.29
34,42.52,66.36,43.15
55,42.81,65.93,43.14
69,43.04,65.67,43.15
76,42.81,65.92,42.52
99,43.04,65.67,42.52
153,42.44,65.48,41.9
44,42.52,66.36,42.52
117,42.03,65.96,41.9
25,41.23,66.92,43.15
40,41.63,66.44,43.15
35,41.23,66.92,42.52
93,40.79,66.52,41.95
126,41.17,66.05,41.89
56,41.63,66.44,42.52
85,35.26,69.66,41.59
102,36.06,68.7,41.59
76,37.83,68.55,41.59
102,38.64,67.6,41.58
57,39.97,67.49,41.49
181,42.21,65.51,40.8
179,42.47,65.5,40.76
148,41.31,66.05,41.06
138,41.98,65.97,40.83
169,41.64,65.61,41.43
137,39.85,66.46,41.49
119,40.77,66.54,41.25
152,41.03,66.07,41.16
226,42.86,64.9,40.82
162,34.3,68.87,40.59
166,35.1,67.91,40.59
160,36.87,67.75,40.59
173,37.67,66.79,40.59
153,39.3,66.72,40.58
170,41.61,65.62,40.42
199,42.01,65.15,40.41
191,40.24,65.71,40.53
226,42.43,64.69,40.41
245,42.84,64.24,40.44
94,49.96,65.27,43.15
266,49.49,64.89,41.3
225,49.48,64.87,41.9
323,48.89,63.42,40.5
87,48.2,65.4,43.15
91,49.08,65.32,43.15
128,48.2,65.4,42.52
136,49.08,65.32,42.52
246,47.72,65.04,41.28
265,49.01,64.51,41.38
228,49,64.47,41.9
207,47.72,65.02,41.9
216,48.6,64.94,41.9
257,48.6,64.97,41.3
263,48.09,64.16,41.06
296,47.15,63.51,40.5
83,47.32,65.45,43.15
121,47.32,65.45,42.52
80,46.45,65.5,43.15
115,46.45,65.5,42.52
67,45.57,65.83,42.82
72,43.31,65.39,43.14
105,43.32,65.4,42.52
71,44.66,65.57,43.14
70,43.78,65.63,43.14
102,44.66,65.58,42.52
100,43.78,65.64,42.52
172,42.84,65.01,41.9
201,42.85,65.02,41.3
191,45.47,65.45,40.83
179,43.72,64.93,41.9
206,43.71,64.94,41.28
196,44.18,65.39,40.84
169,44.2,65.32,41.9
195,44.19,65.32,41.27
212,47.24,64.62,41.9
247,47.24,64.66,41.36
196,46.84,65.1,41.9
235,46.84,65.1,41.26
196,45.53,65.17,41.59
229,43.27,64.56,40.88
247,46.35,64.29,41
229,44.6,64.43,40.94
274,45.43,63.64,40.49
262,43.68,63.72,40.47
2,43.26,68.4,51.16
3,43.25,67.57,51.2
2,43.05,67.57,50.64
9,43.25,66.86,50.63
2,43.05,67.57,50.03
11,43.25,66.85,50.03
2,42.83,67.61,50.65
3,42.83,67.61,50.02
2,15.93,82.7,50.39
2,17.78,85.01,52.19
2,17.75,84.26,50.44
3,24.2,84.94,52.04
3,26.51,83.95,52.86
4,26.47,83.78,51.49
3,24.41,84.13,50.5
2,21.14,84.97,52.09
3,21.09,84.23,50.49
3,15.98,82.35,51.06
4,25.89,83.13,50.48
4,27.98,84.04,52.84
5,27.71,83.14,51.38
3,33.88,83.96,53.36
4,30.6,83.4,53.25
6,30.47,83.17,51.79
6,28.91,82.87,51.28
6,31.16,82.71,51.11
4,29.1,82.02,50.42
4,25.82,81.84,50.45
7,30.36,80.07,50.39
8,32.83,82.42,50.88
8,31.74,80.95,51.06
11,30.55,78.73,49.8
16,28.67,78.68,47.38
10,33.66,80.45,50.94
10,31.96,79.28,50.21
19,32.76,78.85,48.46
14,30.95,78.73,49.24
16,25.58,78.61,44.73
9,21.86,78.59,44.69
6,19.86,78.59,41.95
15,23.38,78.59,41.96
24,26.13,77.65,42.87
30,25.99,77.19,41.54
13,23.48,77.12,40.58
26,29.23,77.85,45.54
51,29.63,76.72,43.42
55,27.54,75.9,41.52
11,25.41,74.79,40.58
18,31.46,78.03,48.09
29,32.75,76.51,45.95
58,31.3,75.52,43.37
94,29.3,73.84,41.56
32,27.28,72.41,40.58
2,38.44,75.59,49.08
10,31.93,78.21,49.9
2,36.83,77.51,51.58
6,35.15,78.54,50.96
4,36.83,77.51,50.33
2,37.64,76.55,50.33
4,37.48,74.79,47.83
15,33.6,77.36,48.46
12,35.88,76.71,47.83
9,35.88,76.71,49.08
5,36.68,75.75,49.08
8,36.68,75.75,47.83
5,36.53,73.99,45.33
4,36.53,73.99,46.58
7,35.57,73.18,44.08
2,37.33,73.03,46.58
3,37.33,73.03,45.33
7,36.37,72.23,44.08
11,34.84,75.02,45.96
17,34.61,72.38,42.82
18,35.41,71.42,42.82
34,32.93,73.41,43.45
62,33.64,71.59,41.58
72,34.45,70.62,41.59
115,30.98,71.85,41.58
57,29.01,70.32,40.58
154,32.59,69.93,40.59
2,47.32,66.03,46.88
3,47.8,65.83,46.89
2,41.79,68.2,49.4
3,41.79,68.2,48.77
7,41.39,68.68,47.52
3,41.39,68.68,48.15
6,41.79,68.2,48.15
10,41.79,68.2,47.52
2,40.58,69.64,47.52
4,40.98,69.16,47.52
2,40.98,69.16,48.15
10,43.06,66.79,49.39
4,43.26,66.26,49.39
12,43.06,66.8,48.77
5,43.26,66.26,48.77
3,42.19,67.72,49.4
6,42.19,67.72,48.77
8,42.56,67.25,49.4
10,42.56,67.25,48.77
14,43.06,66.8,48.14
6,43.26,66.26,48.14
14,43.06,66.8,47.52
6,43.26,66.27,47.52
2,43.41,66.05,47.52
10,42.19,67.72,48.15
13,42.19,67.72,47.52
13,42.56,67.25,48.15
14,42.56,67.25,47.52
3,46.91,65.83,46.89
2,43.96,66.04,47.52
2,44.76,66.03,47.52
4,37.18,71.27,45.33
12,36.22,70.46,44.08
2,37.98,70.31,46.58
4,39.74,70.16,46.58
7,37.98,70.31,45.33
10,39.74,70.16,45.33
14,37.02,69.51,44.08
12,38.78,69.35,44.08
13,40.91,68.28,46.27
11,40.91,68.28,46.9
13,41.31,67.8,46.27
12,41.31,67.8,46.9
6,40.1,69.24,46.9
9,40.1,69.24,46.27
11,40.5,68.76,46.27
8,40.5,68.76,46.9
13,40.91,68.28,45.65
13,40.91,68.28,45.02
12,41.31,67.8,45.02
13,41.31,67.8,45.65
12,40.1,69.24,45.65
13,40.1,69.24,45.02
13,40.5,68.76,45.65
13,40.5,68.76,45.02
12,40.43,67.88,44.4
12,40.83,67.4,44.4
12,40.43,67.88,43.77
14,40.83,67.4,43.77
13,39.59,68.4,44.08
13,42.82,66.78,46.27
8,43.11,66.16,46.27
7,43.28,65.91,46.27
14,42.82,66.78,46.9
6,43.11,66.16,46.9
5,43.28,65.91,46.9
13,41.71,67.32,46.27
13,41.71,67.32,46.9
12,42.11,66.84,46.27
13,42.11,66.84,46.9
11,42.82,66.78,45.02
13,43.1,66.16,45.02
16,43.28,65.91,45.02
12,42.82,66.78,45.65
10,43.11,66.16,45.64
11,43.28,65.91,45.64
12,41.71,67.32,45.02
12,42.11,66.84,45.02
13,41.71,67.32,45.65
12,42.11,66.84,45.65
18,42.52,66.36,44.39
25,42.81,65.93,44.4
29,43.03,65.67,44.39
24,42.53,66.36,43.77
35,42.81,65.93,43.77
43,43.03,65.67,43.77
14,41.23,66.92,44.4
18,41.23,66.92,43.77
19,41.63,66.44,44.4
27,41.63,66.44,43.77
7,43.86,65.86,46.27
5,43.86,65.86,46.89
3,45.6,66.03,46.58
7,44.7,65.83,46.27
4,44.7,65.83,46.89
3,46.37,65.83,46.89
5,46.38,65.83,46.27
6,46.9,65.65,46.27
5,47.32,65.83,46.27
5,47.79,65.63,46.27
4,48.21,65.83,46.27
2,48.21,65.83,46.89
2,48.74,65.83,46.89
4,48.74,65.83,46.26
3,49.55,65.83,46.26
2,49.55,65.83,46.89
3,50.43,65.83,46.26
11,43.86,65.86,45.64
16,43.86,65.86,45.02
29,43.31,65.39,44.4
43,43.31,65.39,43.77
29,43.78,65.63,44.4
43,43.78,65.63,43.77
8,45.59,66.03,45.33
11,44.7,65.83,45.64
16,44.7,65.83,45.02
9,46.37,65.83,45.64
14,46.37,65.83,45.02
11,46.9,65.65,45.65
8,47.32,65.83,45.64
10,47.79,65.63,45.65
8,48.21,65.83,45.64
16,46.9,65.65,45.02
13,47.32,65.83,45.02
16,47.79,65.63,45.02
12,48.21,65.83,45.01
9,48.7,65.6,45.65
15,48.7,65.6,45.02
9,49.54,65.57,45.65
15,49.54,65.57,45.02
5,50.43,65.83,45.64
10,50.43,65.83,45.01
30,45.57,65.83,44.08
29,44.66,65.57,44.4
44,44.66,65.57,43.77
31,46.45,65.5,44.4
45,46.45,65.5,43.77
31,47.32,65.45,44.4
31,48.2,65.4,44.4
47,47.32,65.45,43.77
48,48.2,65.4,43.77
30,49.08,65.32,44.4
29,49.96,65.27,44.4
48,49.08,65.32,43.77
50,49.96,65.27,43.77
38,35.26,69.66,42.82
44,36.06,68.7,42.82
31,37.82,68.55,42.82
106,39.97,66.48,42.09
21,39.95,67.48,43.15
31,40.35,67,43.15
33,39.95,67.47,42.5
48,40.34,67,42.51
45,38.64,67.59,42.82
193,42.02,65.12,41.39
57,42.03,65.96,43.15
69,42.44,65.48,43.15
100,42.44,65.48,42.52
167,41.95,65.08,41.88
81,42.03,65.96,42.52
151,41.55,65.55,41.88
45,40.75,66.52,43.15
59,41.15,66.04,43.15
66,40.75,66.52,42.52
139,40.44,65.76,42
85,41.15,66.04,42.52
121,34.3,68.86,41.59
125,35.11,67.9,41.59
120,36.87,67.75,41.59
135,37.67,66.79,41.59
130,39.29,66.71,41.56
186,41.56,65.58,41.01
210,41.95,65.1,40.95
170,40.22,65.7,41.39
219,42.38,64.62,40.97
207,42.79,64.16,41.06
153,33.34,68.07,40.59
150,34.15,67.11,40.59
169,35.91,66.95,40.59
171,36.71,66,40.59
185,38.47,65.84,40.58
193,39.27,64.89,40.58
220,41.02,64.73,40.5
233,41.85,63.79,40.5
340,49.7,62.81,40.53
93,49.48,64.87,43.15
141,49.48,64.87,42.52
240,49.85,64.03,41.79
207,48.88,63.22,41.3
319,47.95,62.85,40.54
86,49,64.47,43.15
133,49,64.47,42.52
90,47.72,65.02,43.15
91,48.6,64.94,43.15
133,47.72,65.02,42.52
136,48.6,64.94,42.52
225,48.09,64.18,41.79
196,47.14,63.35,41.29
297,46.22,62.97,40.54
171,42.36,64.6,41.89
198,42.39,64.68,41.41
70,42.84,65.01,43.15
102,42.84,65.01,42.52
83,47.24,64.62,43.15
87,46.84,65.1,43.15
127,47.24,64.62,42.52
127,46.84,65.1,42.52
97,45.52,65.15,42.83
72,43.72,64.93,43.15
108,43.72,64.93,42.52
75,44.2,65.31,43.14
110,44.2,65.32,42.52
168,42.76,64.13,41.9
189,42.82,64.22,41.48
177,43.24,64.53,41.9
202,43.25,64.56,41.36
212,46.32,64.33,41.75
197,44.55,64.48,41.69
222,42.71,63.19,40.53
187,45.39,63.49,41.25
173,43.63,63.62,41.2
278,44.48,63.09,40.53
2,43.26,67.57,51.81
2,43.06,67.59,51.25
7,43.25,66.86,51.24
2,42.85,67.64,51.28
2,43.27,66.27,51.26
6,43.07,66.81,50.64
3,43.27,66.27,50.64
8,43.07,66.8,50.02
3,43.27,66.27,50.02
5,42.56,67.25,50.65
2,42.19,67.72,50.02
6,42.56,67.25,50.02
2,16.96,81.27,50.38
2,17.83,84.18,52.84
3,17.81,83.51,51.27
3,19.33,82.9,50.46
3,26.72,83.18,53.38
3,24.5,83.94,52.89
5,24.74,83.19,51.47
3,22.6,82.84,50.49
2,21.29,84.03,52.86
3,21.25,83.34,51.45
2,15.72,81.5,51.68
3,17.2,81.14,51
9,28.86,79.23,50.39
6,26.29,82.24,51.4
3,28.42,82.5,53.31
4,31.97,82.37,53.33
6,29.46,82.41,51.89
7,31.52,82.03,51.79
7,29.66,81.24,51.2
6,26.2,81.02,51.31
5,24.09,80.72,50.44
8,27.38,80.45,50.41
6,32.45,80.49,51.93
7,30.98,79.38,51.08
7,31.19,78.04,50.46
10,28.63,78.71,49.47
7,22.16,78.63,47.39
11,25.53,78.64,47.35
14,29.26,77.89,48.04
2,33.54,80.46,53.46
8,32.73,78.82,50.85
9,31.61,78.04,49.9
3,18.08,78.67,47.42
2,17.85,78.6,44.64
6,20.03,78.62,47.15
12,23.47,78.6,44.69
14,26.13,77.66,45.49
7,19.78,78.59,44.66
4,22.37,77.6,45.48
4,20.59,77.6,42.87
23,26.35,76.64,43.43
10,23.95,77.6,42.88
8,23.96,76.33,41.57
2,20.48,76.73,41.57
4,21.59,75.41,40.58
26,29.63,76.74,45.96
35,27.8,75.55,43.42
13,25.7,74.33,41.57
13,32.75,76.51,48.46
27,31.31,75.49,45.96
50,29.4,73.72,43.44
27,27.41,72.23,41.58
2,25.35,70.8,40.58
2,37.48,74.79,49.08
6,33.63,77.33,50.95
5,35.88,76.71,50.33
3,35.88,76.71,51.58
2,36.68,75.75,51.58
3,36.68,75.75,50.33
3,36.53,73.99,47.83
8,34.84,75.02,48.46
4,35.57,73.18,45.33
3,35.57,73.18,46.58
11,34.61,72.38,44.08
2,36.37,72.23,46.58
11,35.41,71.42,44.08
3,36.37,72.23,45.33
17,32.93,73.41,45.96
32,33.65,71.58,42.82
20,33.65,71.58,44.08
19,34.46,70.62,44.08
34,34.46,70.62,42.82
52,31.01,71.81,43.45
41,29.06,70.25,41.58
115,32.61,69.91,41.59
5,27.08,68.74,40.58
68,30.67,68.34,40.59
2,35.88,76.71,52.83
3,47.32,65.83,46.89
3,47.79,65.63,46.9
2,40.91,68.28,49.4
3,40.91,68.28,48.77
4,41.31,67.8,49.4
6,41.31,67.8,48.77
8,40.91,68.28,47.52
5,40.91,68.28,48.15
8,41.31,67.8,48.15
10,41.31,67.8,47.52
3,40.1,69.24,47.52
5,40.5,68.76,47.52
3,40.5,68.76,48.15
11,42.82,66.78,49.4
3,43.11,66.15,49.39
12,42.82,66.78,48.77
3,43.11,66.15,48.77
7,41.71,67.32,49.4
8,41.71,67.32,48.77
8,42.11,66.84,49.4
10,42.11,66.84,48.77
13,42.82,66.78,48.15
14,42.81,66.78,47.52
4,43.11,66.15,48.14
2,43.28,65.91,48.14
5,43.1,66.16,47.52
3,43.28,65.91,47.52
10,41.71,67.32,48.15
12,41.71,67.32,47.52
11,42.11,66.84,48.15
12,42.11,66.84,47.52
4,46.9,65.65,46.9
3,43.86,65.87,47.52
3,44.7,65.83,47.52
2,43.86,65.87,48.14
2,44.7,65.83,48.14
7,36.22,70.46,45.33
21,35.26,69.66,44.08
4,36.22,70.46,46.58
6,37.02,69.51,46.58
5,38.78,69.35,46.58
9,37.02,69.51,45.33
10,38.78,69.35,45.33
22,36.06,68.7,44.08
17,37.82,68.55,44.08
11,40.43,67.88,46.27
10,40.43,67.88,46.9
12,40.83,67.4,46.27
11,40.83,67.4,46.9
9,39.59,68.4,46.58
12,40.43,67.88,45.65
12,40.43,67.88,45.02
12,40.83,67.4,45.02
12,40.83,67.4,45.65
11,39.59,68.4,45.33
13,39.95,67.48,44.4
16,40.35,67,44.4
16,39.95,67.48,43.77
22,40.35,67,43.77
21,38.63,67.59,44.08
10,42.52,66.37,46.27
8,42.81,65.93,46.27
8,43.03,65.67,46.27
9,42.52,66.37,46.89
6,42.81,65.93,46.9
5,43.03,65.67,46.89
12,41.23,66.92,46.27
11,41.23,66.92,46.9
10,41.63,66.44,46.27
9,41.63,66.44,46.9
13,42.52,66.36,45.02
16,42.81,65.92,45.02
18,43.04,65.67,45.02
11,42.52,66.37,45.65
12,42.81,65.93,45.65
13,43.03,65.67,45.65
13,41.23,66.92,45.02
14,41.63,66.44,45.02
12,41.23,66.92,45.65
12,41.63,66.44,45.65
25,42.03,65.96,44.4
29,42.44,65.48,44.4
36,42.03,65.96,43.77
41,42.44,65.48,43.77
21,40.75,66.52,44.4
29,40.75,66.52,43.77
26,41.15,66.04,44.4
37,41.15,66.04,43.77
27,42.84,65.01,44.4
40,42.84,65.01,43.77
8,43.31,65.39,46.27
5,43.31,65.39,46.9
8,43.78,65.63,46.27
5,43.78,65.63,46.9
5,45.57,65.83,46.58
7,44.66,65.57,46.27
5,44.66,65.57,46.9
4,46.45,65.5,46.9
6,46.45,65.5,46.27
6,47.32,65.45,46.27
5,48.2,65.4,46.27
3,48.2,65.4,46.9
3,48.7,65.6,46.9
5,48.7,65.6,46.27
4,49.54,65.58,46.27
2,49.54,65.58,46.9
2,49.96,65.27,46.9
4,49.96,65.27,46.27
2,50.42,65.55,46.9
4,50.42,65.55,46.27
18,43.31,65.39,45.02
12,43.31,65.39,45.65
12,43.78,65.63,45.65
18,43.78,65.63,45.02
27,43.72,64.93,44.4
43,43.72,64.93,43.77
29,44.2,65.31,44.4
45,44.2,65.31,43.77
12,45.57,65.83,45.33
12,44.66,65.57,45.65
18,44.66,65.57,45.02
12,46.45,65.5,45.65
17,46.45,65.5,45.02
11,47.32,65.45,45.65
10,48.2,65.4,45.65
17,47.32,65.45,45.02
17,48.2,65.4,45.02
9,49.08,65.32,45.65
16,49.08,65.32,45.02
9,49.96,65.27,45.65
15,49.96,65.27,45.02
8,50.42,65.55,45.64
14,50.42,65.55,45.02
32,46.84,65.1,44.4
48,46.84,65.1,43.77
38,45.52,65.16,44.08
28,47.24,64.62,44.4
45,47.24,64.62,43.77
31,47.72,65.02,44.4
30,48.6,64.94,44.4
48,47.72,65.02,43.77
48,48.6,64.94,43.77
27,49,64.47,44.4
45,49,64.47,43.77
29,49.48,64.87,44.4
48,49.48,64.87,43.77
55,34.3,68.86,42.82
57,35.11,67.9,42.82
53,36.87,67.75,42.82
62,37.67,66.79,42.82
63,39.43,66.64,42.8
67,41.56,65.56,43.15
67,41.96,65.08,43.15
97,41.96,65.08,42.52
162,41.2,64.82,41.9
96,41.56,65.56,42.52
78,40.23,65.67,42.8
110,33.34,68.06,41.59
99,34.15,67.1,41.59
127,35.91,66.95,41.59
119,36.71,65.99,41.59
143,38.47,65.83,41.58
136,39.27,64.88,41.55
182,41,64.71,41.29
147,41.83,63.75,41.3
58,32.3,66.41,40.59
137,34.95,66.16,40.59
116,35.75,65.21,40.59
162,37.52,65.04,40.59
131,38.32,64.1,40.59
173,40.07,63.94,40.57
109,40.88,62.99,40.57
135,49.7,62.6,41.4
130,49.65,62.21,40.55
97,49.84,63.95,42.83
189,48.91,63.29,41.95
119,47.89,62.25,40.56
128,47.95,62.7,41.43
94,48.08,64.1,42.83
178,47.11,63.44,41.94
118,46.16,62.35,40.57
123,46.2,62.84,41.42
60,42.36,64.6,43.15
91,42.36,64.6,42.52
147,41.97,63.92,41.91
51,42.76,64.12,43.15
81,42.76,64.12,42.52
63,43.24,64.53,43.15
96,43.24,64.53,42.52
91,46.32,64.26,42.83
84,44.56,64.41,42.83
162,43.62,63.76,41.86
171,45.37,63.59,41.91
97,42.68,63.13,41.39
72,42.63,62.59,40.56
106,44.41,62.48,40.57
118,44.45,62.99,41.4
5,43.25,66.85,51.85
4,43.07,66.81,51.26
4,42.56,67.25,51.27
2,40.91,68.28,51.27
3,41.31,67.8,51.27
2,40.91,68.28,50.65
2,40.91,68.28,50.02
3,41.31,67.8,50.65
4,41.31,67.8,50.02
4,41.71,67.32,51.27
3,42.11,66.84,51.27
8,42.83,66.78,50.65
9,42.82,66.78,50.02
2,43.11,66.16,50.02
5,41.71,67.32,50.65
5,42.11,66.84,50.65
6,41.71,67.32,50.02
6,42.11,66.84,50.02
2,17.75,80.42,50.4
2,33.24,76.94,53.46
3,19.44,82.18,51.33
4,20.78,80.19,50.42
2,21.32,82.82,53.37
3,24.93,82.6,53.39
4,22.84,82,51.44
2,18.09,80.32,51.03
6,29.39,78.53,51.08
5,20.81,78.71,49.5
3,26.5,81.09,53.34
3,30,80.77,53.41
6,30.24,80.72,51.89
5,26.42,80.21,51.91
4,24.38,79.96,51.26
7,25.6,79.34,50.39
6,27.84,79.68,51.17
5,31.54,78.84,51.86
5,31.53,77.54,51.01
8,25.5,78.7,49.47
7,29.16,78,50.15
2,22.56,77.73,48.1
8,26.01,77.77,48.05
9,23.62,78.62,46.89
11,29.63,76.79,48.47
2,31.63,78.85,53.46
5,32.74,76.49,50.96
2,20.49,77.72,47.88
12,26.33,76.66,45.97
7,23.99,77.61,45.47
2,22.62,76.7,45.96
3,20.37,77.61,45.45
5,24.27,75.83,43.45
2,20.89,76.16,43.45
2,22.06,74.75,41.56
15,27.79,75.56,45.96
8,25.88,74.03,43.45
11,31.31,75.49,48.46
19,29.4,73.72,45.96
13,27.49,72.12,43.45
2,25.49,70.62,41.58
2,36.53,73.99,49.08
4,34.84,75.02,50.96
3,35.57,73.18,47.83
3,35.57,73.18,49.08
9,32.93,73.41,48.46
18,31.01,71.81,45.96
9,34.53,71.5,45.96
17,29.1,70.2,43.45
45,32.62,69.89,43.45
3,27.14,68.65,41.58
44,30.69,68.31,41.59
7,28.74,66.76,40.59
2,34.84,75.02,53.46
5,30.38,64.84,40.59
4,47.32,65.45,46.9
3,36.22,70.46,47.83
3,36.22,70.46,49.08
4,37.02,69.51,49.08
4,37.02,69.51,47.83
2,38.78,69.35,47.83
5,40.43,67.88,49.4
5,40.43,67.88,48.77
7,40.83,67.4,49.4
8,40.83,67.4,48.77
4,39.59,68.4,49.08
8,40.43,67.88,47.52
7,40.43,67.88,48.15
9,40.83,67.4,48.15
10,40.83,67.4,47.52
5,39.59,68.4,47.83
4,42.52,66.36,49.4
6,42.52,66.36,48.77
2,42.81,65.92,48.77
7,41.23,66.92,49.4
8,41.23,66.92,48.77
4,41.63,66.44,49.4
6,41.63,66.44,48.77
7,42.52,66.36,48.15
8,42.52,66.37,47.52
3,42.81,65.92,48.14
2,43.04,65.67,48.15
4,42.81,65.93,47.52
3,43.04,65.67,47.52
10,41.23,66.92,48.15
11,41.23,66.92,47.52
7,41.63,66.44,48.15
8,41.63,66.44,47.52
2,46.48,65.52,47.84
2,45.55,65.83,47.82
3,43.78,65.63,47.52
3,44.66,65.57,47.52
2,43.78,65.64,48.15
2,44.66,65.57,48.15
2,43.32,65.4,48.15
3,43.31,65.4,47.52
28,34.3,68.86,44.08
14,35.26,69.66,45.33
10,35.26,69.66,46.58
11,36.06,68.7,46.58
9,37.82,68.55,46.58
26,35.11,67.9,44.08
15,36.06,68.7,45.33
12,37.82,68.55,45.33
24,36.87,67.75,44.08
11,39.95,67.48,46.27
10,39.95,67.48,46.9
11,40.35,67,46.27
11,40.35,67,46.9
10,38.63,67.59,46.58
12,39.95,67.48,45.65
12,39.95,67.48,45.02
14,40.35,67,45.02
12,40.35,67,45.65
14,38.63,67.59,45.33
26,37.67,66.79,44.08
26,39.43,66.63,44.08
9,42.03,65.96,46.27
8,42.44,65.48,46.27
7,42.03,65.96,46.9
5,42.44,65.48,46.9
11,40.75,66.52,46.27
10,40.75,66.52,46.9
9,41.15,66.04,46.27
7,41.15,66.04,46.9
17,42.03,65.96,45.02
18,42.44,65.48,45.02
12,42.03,65.96,45.65
12,42.44,65.48,45.65
15,40.75,66.52,45.02
17,41.15,66.04,45.02
13,40.75,66.52,45.65
13,41.15,66.04,45.65
28,41.56,65.56,44.4
27,41.96,65.08,44.4
40,41.56,65.56,43.77
39,41.96,65.08,43.77
29,40.24,65.68,44.08
7,42.84,65.01,46.27
4,42.84,65.01,46.9
16,42.84,65.01,45.02
11,42.84,65.01,45.65
23,42.36,64.6,44.4
34,42.36,64.6,43.77
18,42.76,64.12,44.4
29,42.76,64.12,43.77
23,43.24,64.53,44.4
36,43.24,64.53,43.77
7,43.72,64.93,46.27
4,43.72,64.93,46.9
7,44.2,65.31,46.27
5,44.2,65.31,46.9
4,46.84,65.1,46.9
6,46.84,65.1,46.27
5,45.52,65.16,46.58
3,47.24,64.62,46.9
5,47.24,64.62,46.27
5,47.72,65.02,46.27
3,47.72,65.02,46.9
3,49.04,64.89,46.58
2,50.81,64.77,46.58
17,43.72,64.93,45.02
11,43.72,64.93,45.65
12,44.2,65.31,45.65
18,44.2,65.31,45.02
31,44.56,64.41,44.08
11,46.84,65.1,45.65
17,46.84,65.1,45.02
14,45.52,65.16,45.33
9,47.24,64.62,45.65
16,47.24,64.62,45.02
10,47.72,65.02,45.65
10,48.6,64.94,45.65
17,47.72,65.02,45.02
16,48.6,64.94,45.02
8,49,64.47,45.65
14,49,64.47,45.02
8,49.48,64.87,45.65
15,49.48,64.87,45.02
10,50.8,64.77,45.33
32,46.32,64.26,44.08
32,48.08,64.1,44.08
31,49.84,63.95,44.08
49,33.35,68.05,42.82
23,33.35,68.05,44.08
19,34.15,67.1,44.08
44,34.15,67.1,42.82
57,35.91,66.94,42.82
53,36.71,65.98,42.82
65,38.48,65.83,42.82
58,39.28,64.88,42.8
74,41.02,64.71,42.78
33,32.31,66.38,41.59
83,34.95,66.15,41.59
61,35.76,65.19,41.59
99,37.52,65.03,41.59
66,38.32,64.08,41.59
100,40.07,63.92,41.52
47,40.87,62.96,41.52
34,33.91,64.51,40.59
81,36.56,64.26,40.59
42,37.36,63.32,40.59
75,39.13,63.16,40.59
25,39.93,62.23,40.59
20,41.7,62.07,40.58
111,49.72,62.62,41.99
31,49.65,62,41.45
42,48.71,61.63,40.56
117,47.96,62.77,42.03
64,48.88,63.13,42.8
41,46.96,61.72,40.58
28,47.89,62.11,41.49
111,46.2,62.92,42.02
61,47.12,63.29,42.81
45,45.22,61.83,40.58
25,46.14,62.25,41.53
51,41.82,63.75,42.78
103,42.68,63.25,41.98
54,43.6,63.6,42.81
105,44.44,63.09,42
60,45.36,63.44,42.82
21,42.62,62.53,41.5
40,43.47,61.96,40.57
24,44.39,62.4,41.52
8,49.49,60.95,40.55
8,42.5,61.17,40.58
2,37.18,71.27,52.83
2,37.18,71.27,54.08
2,37.98,70.31,52.83
2,37.98,70.31,54.08
2,40.91,68.28,51.9
3,41.31,67.8,51.9
3,43.08,66.8,51.88
6,42.83,66.78,51.27
3,42.56,67.25,51.89
3,41.71,67.32,51.9
2,42.11,66.84,51.9
4,40.43,67.88,51.27
4,40.83,67.4,51.27
4,40.43,67.88,50.65
4,40.43,67.88,50.02
5,40.83,67.4,50.65
6,40.83,67.4,50.02
2,42.53,66.36,51.27
2,41.23,66.92,51.27
2,42.53,66.36,50.65
3,42.53,66.36,50.02
3,41.23,66.92,50.65
2,41.63,66.44,50.65
5,41.23,66.92,50.02
3,41.63,66.44,50.02
2,22.98,81.45,53.36
2,21.21,79.75,51.16
3,29.65,77.85,51.89
2,28.11,79.19,53.41
2,24.8,79.12,51.89
4,28.1,78.94,51.87
4,25.95,78.64,51.09
4,29.67,76.83,50.92
4,25.89,77.96,50.15
5,26.21,76.77,48.55
4,24.07,77.69,47.61
6,27.79,75.6,48.47
4,31.32,75.41,50.93
2,24.27,75.83,45.96
3,25.88,74.03,45.96
6,29.4,73.72,48.46
4,27.49,72.12,45.96
2,36.45,73.11,50.96
4,32.93,73.41,50.96
6,31.01,71.81,48.46
6,34.53,71.5,48.46
5,29.1,70.2,45.96
14,32.62,69.89,45.96
16,30.7,68.29,43.45
3,28.77,66.71,41.59
2,38.78,69.35,51.58
2,38.78,69.35,50.33
3,39.59,68.4,51.58
3,39.59,68.4,50.33
4,36.22,70.46,50.33
3,36.22,70.46,51.58
3,37.02,69.51,51.58
4,37.02,69.51,50.33
2,30.39,64.79,41.59
2,31.99,62.95,40.59
8,35.26,69.66,47.83
6,35.26,69.66,49.08
6,36.06,68.7,49.08
5,37.82,68.55,49.08
8,36.06,68.7,47.83
6,37.82,68.55,47.83
6,39.95,67.48,49.4
7,39.95,67.48,48.77
6,40.35,67,49.4
7,40.35,67,48.77
5,38.63,67.59,49.08
9,39.95,67.48,47.52
8,39.95,67.48,48.15
9,40.35,67,48.15
10,40.35,67,47.52
8,38.63,67.59,47.83
2,42.03,65.96,48.77
4,40.75,66.52,49.4
5,40.75,66.52,48.77
2,41.15,66.04,49.4
3,41.15,66.04,48.77
4,42.03,65.96,48.15
5,42.03,65.96,47.52
2,42.44,65.48,48.15
3,42.44,65.48,47.52
7,40.75,66.52,48.15
8,40.75,66.52,47.52
4,41.15,66.04,48.15
5,41.15,66.04,47.52
3,44.19,65.31,47.52
2,44.2,65.31,48.15
2,45.52,65.15,47.83
2,42.84,65.01,48.15
3,42.84,65.01,47.52
2,43.72,64.93,47.52
10,34.23,67.98,45.96
10,36.87,67.75,46.58
25,35.91,66.94,44.08
15,36.87,67.75,45.33
9,37.67,66.79,46.58
10,39.43,66.63,46.58
20,36.71,65.98,44.08
14,37.67,66.79,45.33
25,38.47,65.83,44.08
14,39.43,66.63,45.33
8,41.56,65.56,46.27
7,41.96,65.08,46.27
6,41.56,65.56,46.9
5,41.96,65.08,46.9
7,40.24,65.68,46.58
17,41.56,65.56,45.02
16,41.96,65.08,45.02
12,41.56,65.56,45.65
11,41.96,65.08,45.65
14,40.24,65.68,45.33
21,39.28,64.87,44.08
26,41.04,64.72,44.08
5,42.36,64.6,46.27
3,42.36,64.6,46.9
4,42.76,64.12,46.27
2,42.76,64.12,46.9
5,43.24,64.53,46.27
3,43.24,64.53,46.9
13,42.36,64.6,45.02
9,42.36,64.6,45.65
11,42.76,64.12,45.02
7,42.76,64.12,45.65
14,43.24,64.53,45.02
9,43.24,64.53,45.65
16,41.84,63.76,44.08
19,43.6,63.61,44.08
4,44.56,64.41,46.58
3,46.32,64.26,46.58
3,48.08,64.1,46.58
2,49.84,63.95,46.58
11,44.56,64.41,45.33
20,45.36,63.45,44.08
11,46.32,64.26,45.33
10,48.08,64.1,45.33
9,49.84,63.95,45.33
20,47.13,63.3,44.08
19,48.89,63.15,44.08
11,32.31,66.37,43.45
15,34.95,66.14,44.08
36,34.95,66.14,42.82
9,35.76,65.18,44.08
24,35.76,65.18,42.82
42,37.52,65.03,42.82
26,38.32,64.07,42.82
40,40.09,63.92,42.77
18,40.89,62.96,42.78
16,33.92,64.48,41.59
38,36.56,64.24,41.59
16,37.36,63.29,41.59
31,39.12,63.13,41.59
8,39.93,62.18,41.59
6,41.69,62.02,41.55
9,35.52,62.64,40.58
15,38.17,62.39,40.58
2,38.98,61.47,40.57
2,40.74,61.32,40.59
25,49.68,62.17,42.74
13,48.72,61.46,41.51
5,47.76,60.83,40.55
6,46.01,60.92,40.59
12,46.96,61.6,41.55
26,47.93,62.33,42.76
8,44.26,61.04,40.58
12,45.22,61.74,41.56
25,46.17,62.49,42.79
20,42.64,62.8,42.76
12,43.45,61.88,41.54
24,44.4,62.64,42.78
3,49.5,60.76,41.52
3,42.49,61.09,41.58
2,36.22,70.46,52.83
2,38.78,69.35,52.83
3,40.43,67.88,51.9
2,40.83,67.4,51.9
2,39.59,68.4,52.83
5,42.83,66.78,51.89
2,42.12,67.28,52.83
2,39.95,67.48,51.9
3,39.95,67.48,51.27
4,39.95,67.48,50.65
5,39.95,67.48,50.02
3,40.35,67,50.65
4,40.35,67,50.02
2,40.75,66.52,50.02
2,26.17,77.95,51.88
2,26.17,76.92,50.9
2,27.8,75.64,50.96
4,34.53,71.5,50.96
5,32.62,69.89,48.46
4,30.7,68.29,45.96
2,37.82,68.55,51.58
4,37.82,68.55,50.33
3,38.63,67.59,50.33
5,35.26,69.66,50.33
2,35.26,69.66,51.58
3,36.06,68.7,50.33
3,34.23,67.98,48.46
5,36.87,67.75,49.08
7,36.87,67.75,47.83
3,37.67,66.79,49.08
4,39.43,66.63,49.08
6,37.67,66.79,47.83
7,39.43,66.63,47.83
2,41.56,65.56,48.15
4,41.56,65.56,47.52
2,41.96,65.08,48.15
3,41.96,65.08,47.52
4,40.24,65.68,47.83
2,42.36,64.6,47.52
2,43.24,64.53,47.52
2,32.31,66.37,45.96
6,35.83,66.06,45.96
6,38.47,65.83,46.58
16,37.52,65.03,44.08
12,38.47,65.83,45.33
4,39.28,64.87,46.58
4,41.04,64.72,46.58
8,38.32,64.07,44.08
8,39.28,64.87,45.33
13,40.08,63.92,44.08
10,41.04,64.72,45.33
6,40.88,62.96,44.08
2,41.84,63.76,46.58
2,43.6,63.61,46.58
6,41.84,63.76,45.33
7,43.6,63.61,45.33
7,42.65,62.8,44.08
8,44.41,62.65,44.08
2,45.36,63.45,46.58
2,47.13,63.3,46.58
8,46.17,62.5,44.08
6,45.36,63.45,45.33
6,47.13,63.3,45.33
5,48.89,63.15,45.33
8,47.93,62.34,44.08
7,49.69,62.19,44.08
4,33.92,64.45,43.45
6,36.56,64.22,44.08
14,36.56,64.22,42.82
2,37.36,63.27,44.08
5,37.36,63.27,42.82
11,39.12,63.11,42.82
2,39.93,62.15,42.82
3,41.69,62,42.79
3,35.52,62.58,41.57
5,38.17,62.34,41.58
4,48.73,61.38,42.76
2,47.77,60.68,41.54
2,46.01,60.8,41.58
4,46.97,61.54,42.8
4,45.21,61.69,42.81
3,44.25,60.94,41.58
4,43.45,61.85,42.79
2,39.43,66.63,50.33
2,36.87,67.75,50.33
3,38.47,65.83,47.83
2,37.44,64.15,45.96
2,40.08,63.92,46.58
4,39.12,63.11,44.08
5,40.08,63.92,45.33
2,42.65,62.8,45.33
2,44.41,62.65,45.33
2,45.21,61.69,44.08
2,46.17,62.5,45.33
2,47.93,62.34,45.33
10,68.01,85.55,40.46
13,67.03,85.59,40.46
11,67.83,85.78,40.53
13,66.99,85.78,40.56
13,66.43,85.78,40.52
8,68.07,85.4,40.65
11,67.17,85.43,40.65
6,68.5,85.12,40.46
10,67.54,85.19,40.46
13,66.61,85.3,40.46
10,68.01,85.78,41.75
11,68.02,85.78,40.98
9,67.92,85.58,40.72
11,66.95,85.78,41.73
11,67.14,85.58,40.75
12,66.95,85.78,41.02
3,72.18,84.87,40.46
5,72.35,85.5,40.53
7,68.06,85.28,40.85
9,67.23,85.32,40.87
12,66.63,85.58,40.72
13,66.38,85.26,40.58
5,68.52,85.03,40.66
8,67.61,85.08,40.65
11,66.77,85.17,40.65
3,71.8,84.37,40.46
3,71.39,85.28,40.46
6,69.36,85.33,40.46
3,68.93,84.51,40.46
6,68.02,84.6,40.46
11,66.99,84.71,40.46
13,66.6,84.3,40.46
9,68.02,85.78,42.43
11,72.35,85.55,42.68
13,71.37,85.78,42.7
10,72.35,84.81,43.7
7,68.12,85.3,42.52
12,72.35,82.48,50.15
13,72.29,82.49,50.3
14,72.35,84.85,49.65
14,72.35,84.84,48.97
16,72.35,85.56,50.15
17,71.47,85.33,50.3
11,72.35,84.81,44.36
7,67.2,85.32,42.52
10,66.96,85.78,42.41
8,67.2,85.32,41.9
6,72.35,85.56,41.28
6,71.33,85.78,41.24
8,69.4,85.78,41.28
9,68.08,85.58,41.84
9,68.1,85.58,41.13
7,68.12,85.3,41.9
7,68.13,85.3,41.24
8,67.2,85.32,41.27
9,72.35,84.82,43.04
8,72.35,84.82,42.38
6,67.66,85.02,42.52
8,72.35,83.84,43.73
10,67.1,85.58,41.83
9,66.38,85.25,41.78
10,67.1,85.58,41.17
11,66.38,85.25,41.07
3,72,84.74,40.66
4,72.35,84.86,40.56
4,71.89,84.65,40.87
5,72.15,85.32,40.72
4,68.53,84.91,40.85
7,67.66,85.02,40.87
9,66.88,85.07,40.87
11,66.57,85.13,40.75
13,66.38,84.3,40.62
3,71.67,84.28,40.66
3,71.27,85.13,40.66
5,69.36,85.2,40.65
3,68.94,84.48,40.66
5,68.04,84.56,40.66
9,67.1,84.65,40.65
11,66.75,84.24,40.65
3,72.15,83.9,40.46
2,71.23,83.9,40.46
3,70.29,84.56,40.46
3,69.35,84.01,40.46
4,68.45,84.08,40.46
9,67.52,84.17,40.46
12,66.96,83.79,40.46
8,68.09,85.58,42.49
12,69.44,85.78,42.75
11,68.03,85.78,43.09
9,66.96,85.78,43.07
6,66.38,85.24,43.09
18,71.38,85.78,50.15
19,69.42,85.4,50.3
11,72.35,82.48,49.64
11,72.35,82.05,50.15
12,72.07,82.05,50.3
7,66.87,85.06,43.15
8,67.2,85.32,43.15
10,68.12,85.3,43.15
8,67.66,85.02,43.15
7,71.89,84.64,42.52
11,72.15,85.37,42.77
13,72.35,85.55,44.01
13,71.25,85.58,42.78
16,71.37,85.78,44.02
9,72.15,84.7,43.74
8,71.89,84.64,43.15
6,68.54,84.96,42.52
11,72.35,83.04,49.64
13,72.35,83.9,49.65
12,72.35,83.88,48.95
14,72.35,84.4,50.15
12,72.35,83.05,50.15
12,72.15,82.43,49.96
12,72.09,82.44,50.1
13,72.12,82.97,50.3
14,72.02,84.43,50.3
13,71.67,82.55,50.3
14,72.35,84.84,48.29
13,72.35,84.84,47.63
16,72.35,85.56,49.33
13,72.15,84.71,49.49
12,72.15,84.71,48.85
16,72.15,85.37,49.96
16,71.33,85.15,50.1
18,70.36,84.65,50.3
12,72.35,84.82,45.67
10,72.15,84.7,44.38
8,72.35,83.84,44.37
12,72.35,84.81,45.01
6,66.87,85.06,42.52
9,67.1,85.58,42.48
8,66.38,85.24,42.45
6,66.38,84.24,43.14
6,72.35,84.82,41.7
6,67.66,85.02,41.9
7,66.87,85.06,41.9
5,72.35,84.84,41.01
4,71.89,84.64,41.27
5,71.89,84.64,41.9
6,72.15,85.38,41.44
7,71.21,85.58,41.39
7,69.41,85.58,41.42
6,68.54,84.96,41.9
5,68.54,84.98,41.25
6,67.66,85.02,41.27
8,66.87,85.06,41.27
6,67.17,84.61,43.15
9,72.15,84.7,43.11
7,72.35,83.84,43.07
6,71.58,84.23,43.15
8,72.15,84.7,42.46
6,72.35,83.85,42.41
6,71.58,84.23,42.52
5,68.94,84.46,42.52
5,68.06,84.54,42.52
5,67.17,84.61,42.52
6,72.35,82.99,43.74
7,72.15,83.78,43.75
6,71.87,83.76,43.77
5,66.85,84.2,43.15
8,66.58,85.13,41.85
6,66.38,84.26,41.87
10,66.58,85.13,41.19
10,66.38,84.29,41.16
4,72.15,84.72,40.75
3,72.35,83.89,40.56
3,71.58,84.23,40.87
4,71.28,84.89,40.84
4,69.33,84.95,40.83
3,68.94,84.46,40.87
4,68.06,84.54,40.87
7,67.17,84.61,40.87
13,66.38,83.59,40.62
11,66.57,84.25,40.77
9,66.85,84.2,40.87
11,66.37,83.13,40.8
13,66.37,83.17,40.61
3,71.98,83.82,40.66
2,71.15,83.86,40.66
3,70.26,84.47,40.66
3,69.34,83.99,40.66
3,68.46,84.07,40.66
7,67.56,84.15,40.66
9,67.06,83.76,40.66
2,71.74,83.44,40.46
2,70.69,83.46,40.46
2,69.76,83.52,40.46
3,68.86,83.6,40.46
7,67.96,83.67,40.46
13,66.58,83.45,40.46
14,66.41,83.13,40.45
10,67.46,83.27,40.46
12,69.45,85.58,42.8
11,68.09,85.58,43.12
9,67.11,85.58,43.12
6,66.58,85.13,43.13
18,71.25,85.58,49.96
18,69.42,85.22,50.1
18,69.44,85.78,44.05
19,68.02,85.78,43.74
19,66.96,85.78,43.72
12,66.38,85.25,43.74
6,66.38,84.24,43.77
18,71.37,85.78,49.31
21,69.44,85.78,50.15
20,67.42,85.46,50.3
18,68.39,84.76,50.3
11,72.35,81.54,50.15
11,72.26,81.55,50.3
10,72.35,82.47,48.94
10,72.35,82.05,49.64
10,72.15,82.43,49.49
11,72.15,82.02,49.96
12,71.89,82.01,50.1
11,71.58,81.62,50.3
10,72.35,83.02,48.94
12,66.87,85.06,43.77
9,67.17,84.61,43.77
6,66.85,84.2,43.77
13,72.35,84.84,46.97
13,72.35,84.84,46.32
16,67.2,85.32,43.77
10,68.54,84.96,43.15
16,68.12,85.3,43.77
7,68.06,84.54,43.15
14,67.66,85.02,43.77
15,72.35,85.55,45.33
17,71.37,85.78,45.33
8,68.94,84.46,43.15
9,71.25,85.04,42.83
9,71.89,84.64,43.77
9,71.89,84.64,44.39
13,72.15,85.37,44.06
15,71.25,85.58,44.06
9,69.42,85.11,42.83
7,71.58,84.23,44.4
7,71.58,84.23,43.77
11,72.35,83.87,48.27
11,72.35,83.86,47.61
11,72.15,82.97,49.49
12,72.15,83.8,49.49
11,72.15,83.8,48.84
14,72.15,84.27,49.96
11,71.97,82.41,49.84
12,72.15,82.98,49.96
13,71.94,82.91,50.1
14,71.84,84.3,50.1
15,71.29,83.54,50.3
12,71.52,82.5,50.1
12,71.13,82.12,50.3
16,72.35,85.56,47.98
12,72.15,84.71,48.2
11,72.15,84.71,47.56
11,71.89,84.64,49.4
15,72.15,85.37,49.18
10,71.89,84.64,48.77
15,71.25,85.04,49.84
16,70.3,84.51,50.1
16,69.29,83.69,50.3
17,69.42,85.11,49.84
11,72.15,84.7,45.65
10,72.35,83.85,45.66
7,72.15,83.78,44.39
10,72.15,84.7,45.02
7,72.35,82.99,44.38
9,72.35,83.84,45.02
6,71.87,83.76,44.4
5,66.85,84.2,42.52
7,66.58,85.13,42.49
5,66.38,84.25,42.51
5,66.58,84.23,43.14
4,66.38,83.36,43.16
6,72.15,84.7,41.82
5,72.35,83.86,41.73
4,71.58,84.23,41.9
4,68.94,84.46,41.9
4,68.06,84.54,41.9
5,67.17,84.61,41.9
4,72.15,84.71,41.17
4,72.35,83.87,41.02
4,71.58,84.23,41.27
5,71.22,85.05,41.53
6,69.4,85.12,41.54
3,68.94,84.46,41.27
4,68.06,84.54,41.27
6,67.17,84.61,41.27
5,67.58,84.13,43.15
6,68.46,84.06,43.15
6,72.35,82.99,43.09
6,72.15,83.78,43.12
5,71.87,83.76,43.15
6,71.1,83.83,43.15
5,72.35,82.99,42.44
5,72.15,83.78,42.48
5,71.87,83.76,42.52
5,71.1,83.83,42.52
4,69.34,83.98,42.52
4,68.46,84.06,42.52
5,67.58,84.13,42.52
6,72.35,82.43,44.39
5,72.35,82.43,43.75
5,72.15,82.95,43.76
4,71.53,83.35,43.77
4,67.12,83.73,43.15
5,66.85,84.2,41.9
4,67.12,83.73,42.52
6,66.85,84.2,41.27
5,66.58,84.23,41.89
4,66.38,83.39,41.91
8,66.58,84.25,41.23
8,66.38,83.41,41.2
3,72.35,83.03,40.57
3,72.15,83.81,40.75
3,71.87,83.76,40.87
2,71.1,83.83,40.87
3,70.24,84.3,40.85
3,69.34,83.98,40.87
3,68.46,84.06,40.87
5,67.58,84.13,40.87
11,66.57,83.54,40.76
7,67.12,83.73,40.87
11,66.54,83.08,40.85
12,66.35,82.71,40.72
12,66.54,83.1,40.72
13,66.35,82.85,40.53
12,66.29,82.48,40.66
2,71.61,83.38,40.66
2,70.65,83.44,40.66
2,69.75,83.51,40.66
2,68.86,83.59,40.66
5,67.97,83.66,40.66
11,66.73,83.39,40.65
12,66.58,83.04,40.63
8,67.49,83.26,40.66
2,72.1,82.95,40.46
2,69.27,83.11,40.46
5,68.38,83.18,40.46
8,67.9,82.78,40.46
12,66.92,82.92,40.45
17,69.44,85.58,44.07
18,68.09,85.58,43.76
18,67.1,85.58,43.75
12,66.58,85.13,43.76
6,66.58,84.23,43.77
17,71.25,85.58,49.17
20,69.44,85.58,49.96
18,67.63,85.16,49.84
19,67.55,85.28,50.1
16,68.46,84.61,50.1
18,69.44,85.78,45.34
19,68.01,85.78,44.38
20,66.95,85.78,44.37
17,66.38,85.25,44.38
4,66.38,83.35,43.78
6,66.38,84.25,44.39
3,66.38,82.54,43.78
17,71.37,85.78,47.97
20,69.44,85.78,49.3
19,66.72,84.85,50.3
21,67.43,85.78,50.15
17,67.33,83.86,50.3
9,72.35,80.56,50.14
9,72.23,80.6,50.3
10,72.35,81.54,49.64
10,72.35,81.11,50.15
11,72.15,81.52,49.96
11,72.07,81.53,50.1
10,72.01,81.12,50.3
8,72.35,82.46,48.25
9,72.35,82.04,48.93
9,72.15,82.43,48.83
10,72.15,82.01,49.49
10,71.97,82.41,49.4
10,71.78,81.99,49.84
10,71.44,81.6,50.1
10,71.04,81.2,50.3
7,72.35,82.45,47.59
9,72.35,83.01,48.26
9,72.15,82.97,48.84
11,70.58,81.7,50.3
8,72.35,83,47.6
10,72.35,83.86,46.96
10,72.35,83.86,46.31
14,66.87,85.06,44.4
6,67.58,84.13,43.77
9,67.17,84.61,44.4
4,67.12,83.73,43.77
5,66.85,84.2,44.4
16,72.35,85.55,46.65
17,71.37,85.78,46.65
11,72.15,84.71,46.92
10,72.15,84.71,46.29
4,67.98,83.66,43.77
3,67.5,83.25,43.77
15,67.2,85.32,44.4
13,68.54,84.96,43.77
15,68.12,85.3,44.4
10,68.06,84.54,43.77
12,67.66,85.02,44.4
15,71.25,85.58,45.33
14,72.15,85.37,45.33
9,71.89,84.64,45.02
9,71.89,84.64,45.64
7,71.58,84.23,45.02
6,69.34,83.98,43.15
9,68.94,84.46,43.77
7,70.26,84.42,42.83
3,70.62,83.42,43.77
6,71.1,83.83,44.4
6,71.1,83.83,43.77
13,69.42,85.11,44.08
11,71.25,85.04,44.08
7,68.46,84.06,43.77
9,72.15,83.79,48.19
8,72.15,83.79,47.55
10,71.58,84.23,49.4
9,71.58,84.23,48.77
9,71.83,82.86,49.4
10,71.87,83.76,49.4
9,71.87,83.76,48.77
12,71.83,82.86,49.84
13,71.73,84.21,49.84
14,71.17,83.45,50.1
13,70.18,82.66,50.3
10,71.43,82.47,49.84
10,71.02,82.09,50.1
8,71.89,84.64,48.15
14,72.15,85.37,47.89
8,71.89,84.64,47.52
12,71.25,85.04,49.08
14,70.26,84.42,49.84
13,69.3,83.6,50.1
14,68.22,82.83,50.3
15,69.42,85.11,49.08
14,68.5,84.52,49.84
6,72.2,79.69,50.3
7,72.35,79.68,50.14
8,72.35,82.99,45.66
8,72.15,83.79,45.65
5,72.15,82.96,44.39
7,72.35,82.98,45.02
8,72.15,83.78,45.02
5,71.53,83.35,44.4
6,71.87,83.76,45.02
7,72.35,82.43,45.66
6,72.35,82.43,45.02
5,66.58,84.23,42.52
4,66.38,83.38,42.55
3,66.58,83.35,43.15
4,66.38,82.56,43.19
14,66.59,82.53,40.43
14,66.43,82.24,40.42
4,72.35,83,41.76
4,72.15,83.79,41.83
4,71.87,83.76,41.9
4,71.1,83.83,41.9
3,69.34,83.98,41.9
4,68.46,84.06,41.9
4,67.58,84.13,41.9
3,72.35,83.01,41.04
3,72.15,83.79,41.17
3,71.87,83.76,41.27
3,71.1,83.83,41.27
4,70.25,84.43,41.56
3,69.34,83.98,41.27
3,68.46,84.06,41.27
4,67.58,84.13,41.27
4,67.98,83.66,43.15
4,68.86,83.58,43.15
5,72.35,82.44,43.1
4,69.74,83.5,43.15
4,70.62,83.42,43.15
4,72.15,82.96,43.13
4,71.53,83.35,43.15
4,72.35,82.44,42.45
4,72.15,82.96,42.49
4,71.53,83.35,42.52
4,70.62,83.42,42.52
3,69.74,83.5,42.52
3,68.86,83.58,42.52
4,67.98,83.66,42.52
5,72.35,82.01,44.39
5,72.15,82.41,44.39
5,72.35,82.02,43.75
4,72.15,82.41,43.76
2,71.03,82.95,43.77
4,71.83,82.86,43.77
3,67.5,83.25,43.15
3,66.82,83.32,43.15
3,67.5,83.25,42.52
4,67.12,83.73,41.9
3,66.82,83.32,42.52
5,67.12,83.73,41.27
4,66.58,83.35,41.9
3,66.37,82.75,41.95
3,66.3,82.47,41.97
2,66.32,82.28,42.34
7,66.57,83.37,41.23
8,66.36,82.75,41.25
8,66.3,82.47,41.25
2,72.35,82.47,40.57
2,72.15,82.97,40.75
2,71.53,83.35,40.87
2,70.62,83.42,40.87
2,69.74,83.5,40.87
2,68.86,83.58,40.87
4,67.98,83.66,40.87
9,66.84,83.38,40.85
6,67.5,83.25,40.87
10,66.71,83.05,40.86
13,66.48,82.77,40.62
12,66.47,82.63,40.78
13,66.35,82.38,40.73
2,71.93,82.9,40.66
2,70.16,83.03,40.66
2,69.27,83.1,40.66
3,68.38,83.18,40.66
6,67.9,82.78,40.66
11,66.99,82.88,40.62
2,72.28,82.48,40.46
2,71.6,82.51,40.46
3,68.79,82.7,40.46
6,68.3,82.3,40.46
11,67.42,82.38,40.45
16,69.44,85.58,45.33
17,68.09,85.58,44.39
18,67.1,85.58,44.39
15,66.58,85.13,44.39
3,66.58,83.34,43.77
6,66.58,84.23,44.39
2,66.58,82.54,43.77
16,71.25,85.58,47.88
19,69.44,85.58,49.17
17,67.63,85.16,49.08
14,67.01,84.61,49.84
17,66.9,84.7,50.1
21,67.56,85.58,49.96
13,67.47,83.76,50.1
18,69.44,85.78,46.63
20,67.44,85.78,45.34
17,66.38,85.25,45.02
5,66.38,84.26,45.02
4,66.38,83.34,44.4
3,66.38,81.97,43.79
3,66.38,82.54,44.4
19,69.43,85.78,47.94
21,67.43,85.78,49.31
20,66.38,84.85,50.15
15,66.67,83,50.3
8,72.35,80.55,49.63
8,72.35,80.16,50.2
9,72.15,80.57,49.96
9,72.04,80.61,50.1
8,71.93,80.2,50.3
8,72.35,81.53,48.93
9,72.35,81.11,49.64
9,72.15,81.52,49.49
10,72.15,81.1,49.96
10,71.95,81.52,49.84
10,71.83,81.11,50.1
9,71.49,80.7,50.3
7,72.35,82.44,46.94
7,72.35,82.44,46.3
8,72.35,82.99,46.95
8,72.35,82.99,46.3
7,72.35,82.03,48.25
7,72.15,82.42,48.19
9,72.15,82.01,48.83
8,71.97,82.41,48.77
9,71.78,81.99,49.4
8,71.35,81.59,49.84
8,70.93,81.19,50.1
8,70.49,80.79,50.3
6,72.35,82.03,47.59
6,72.15,82.42,47.55
8,72.15,82.96,48.19
8,71.83,82.86,48.77
9,70.51,81.68,50.1
10,70.04,81.28,50.3
7,72.15,82.96,47.55
4,69.95,80.37,50.3
8,69.51,80.87,50.3
3,66.82,83.32,43.77
2,66.8,82.49,43.77
2,67.06,82.85,43.77
3,70.62,83.42,44.4
7,71.58,84.23,45.65
8,72.15,83.79,46.92
7,71.87,83.76,45.65
8,72.15,83.79,46.28
12,66.87,85.06,45.02
5,67.58,84.13,44.4
7,67.17,84.61,45.02
4,67.12,83.73,44.4
5,66.85,84.2,45.02
8,71.89,84.64,46.9
16,71.25,85.58,46.61
14,72.15,85.37,46.61
8,71.89,84.64,46.27
3,68.38,83.18,43.77
5,67.98,83.66,44.4
2,67.91,82.78,43.77
4,67.5,83.25,44.4
11,68.54,84.96,44.4
14,67.66,85.17,45.33
8,68.06,84.54,44.4
12,69.42,85.11,45.33
10,71.25,85.04,45.33
5,71.1,83.83,45.02
3,69.26,83.1,43.77
6,69.34,83.98,43.77
8,68.94,84.46,44.4
3,69.74,83.5,43.77
8,70.26,84.42,44.08
5,68.86,83.58,43.77
6,68.46,84.06,44.4
6,71.58,84.23,48.15
6,71.58,84.23,47.52
7,71.87,83.76,48.15
6,71.87,83.76,47.52
9,68.55,80.95,50.3
9,71.1,83.83,49.4
7,71.1,83.83,48.77
8,71.43,82.47,49.4
9,71.53,83.35,49.4
7,71.53,83.35,48.77
11,69.11,81.82,50.3
7,70.95,82.07,49.84
11,71.09,83.39,49.84
11,70.14,82.61,50.1
10,68.1,81.44,50.3
8,71.25,85.04,47.83
12,69.42,85.11,47.83
12,67.22,81.99,50.3
9,70.26,84.42,49.08
9,69.3,83.54,49.84
10,68.3,82.77,50.1
11,68.5,84.52,49.08
8,67.56,83.7,49.84
10,67.56,81.03,50.3
7,68.02,80.53,50.3
2,71.85,79.27,50.3
6,72.01,79.72,50.1
6,72.15,79.72,49.96
2,72.35,78.77,50.14
6,72.35,79.7,49.63
6,72.15,82.95,45.65
2,71.03,82.95,44.4
4,71.83,82.86,44.4
6,72.15,82.95,45.02
5,71.53,83.35,45.02
6,72.35,82.01,45.66
5,72.15,82.41,45.65
5,72.35,82.01,45.02
5,72.15,82.41,45.02
3,66.58,83.35,42.53
3,66.37,82.52,42.61
2,66.58,82.54,43.16
4,66.38,81.97,43.2
13,66.66,82.49,40.57
14,66.45,82.21,40.53
13,66.93,81.97,40.44
14,66.41,81.82,40.42
4,72.35,82.45,41.77
3,72.15,82.96,41.84
3,71.53,83.35,41.9
3,70.62,83.42,41.9
3,69.74,83.5,41.9
3,68.86,83.58,41.9
3,67.98,83.66,41.9
3,72.35,82.46,41.05
3,72.15,82.96,41.18
2,71.53,83.35,41.27
2,70.62,83.42,41.27
2,69.74,83.5,41.27
2,68.86,83.58,41.27
3,67.98,83.66,41.27
3,68.38,83.18,43.15
3,69.26,83.1,43.15
4,72.35,82.02,43.11
4,72.15,82.41,43.13
2,70.15,83.02,43.15
3,71.03,82.95,43.15
4,71.83,82.86,43.15
4,72.35,82.02,42.45
3,72.15,82.42,42.49
3,71.83,82.86,42.52
3,71.03,82.95,42.52
2,70.15,83.02,42.52
2,69.26,83.1,42.52
3,68.38,83.18,42.52
4,72.35,81.52,44.39
4,72.15,82,44.39
4,71.97,82.41,44.4
2,68.79,82.7,43.77
4,72.35,81.52,43.76
4,72.15,82,43.76
3,71.97,82.41,43.77
2,71.43,82.47,43.77
2,68.31,82.3,43.77
2,67.91,82.78,43.15
2,67.06,82.85,43.15
2,66.8,82.49,43.15
2,67.91,82.78,42.52
3,67.5,83.25,41.9
2,67.06,82.85,42.52
3,66.82,83.32,41.9
4,67.5,83.25,41.27
6,66.81,83.32,41.26
2,66.53,82.66,41.91
2,66.4,82.22,42.22
2,66.36,82.36,41.91
7,66.51,82.67,41.27
8,66.36,82.36,41.26
2,72.35,82.05,40.57
2,72.15,82.43,40.75
2,71.83,82.86,40.87
2,71.03,82.95,40.87
2,70.15,83.02,40.87
2,69.26,83.1,40.87
3,68.38,83.18,40.87
5,67.9,82.78,40.87
9,67.03,82.83,40.84
12,66.7,82.46,40.8
13,66.46,82.2,40.77
2,72.09,82.44,40.66
2,68.79,82.7,40.66
5,68.31,82.3,40.66
10,67.43,82.38,40.63
2,72.02,82.04,40.46
2,69.19,82.22,40.46
3,68.71,81.82,40.46
9,67.82,81.89,40.46
15,69.44,85.58,46.6
17,67.56,85.58,45.34
14,66.58,85.13,45.02
5,66.58,84.23,45.02
3,66.58,83.34,44.4
2,66.58,81.98,43.78
2,66.58,82.54,44.4
16,69.44,85.58,47.87
17,67.63,85.16,47.83
12,67.01,84.61,49.08
20,67.56,85.58,49.17
17,66.58,84.71,49.96
12,66.85,82.93,50.1
3,66.38,81.56,43.79
19,67.43,85.78,46.64
18,66.38,85.26,45.66
10,66.38,84.26,45.65
4,66.38,83.35,45.02
3,66.38,81.98,44.4
3,66.38,82.54,45.02
20,67.43,85.78,47.95
19,66.38,84.83,49.29
17,66.38,83.02,50.14
7,72.35,80.56,48.92
8,72.15,80.56,49.49
8,72.15,80.19,50.01
8,71.92,80.61,49.84
7,71.76,80.22,50.1
3,71.4,79.78,50.3
7,72.35,81.53,48.24
8,72.35,81.11,48.93
8,72.15,81.52,48.83
9,72.15,81.1,49.49
9,71.95,81.52,49.4
8,71.73,81.11,49.84
8,71.36,80.7,50.1
5,70.94,80.29,50.3
5,72.35,81.53,47.59
8,67.02,80.61,50.3
3,67.49,80.12,50.3
5,66.59,80.2,50.3
11,66.61,81.25,50.3
6,72.35,82.02,46.94
5,72.15,82.42,46.91
6,72.35,82.02,46.29
5,72.15,82.41,46.28
6,72.15,82.96,46.91
6,72.15,82.96,46.28
7,72.15,82.01,48.18
7,71.97,82.41,48.15
7,71.78,81.99,48.77
6,71.35,81.59,49.4
5,70.87,81.19,49.84
6,70.43,80.78,50.1
5,72.15,82.01,47.55
5,71.97,82.41,47.52
6,71.83,82.86,48.15
6,71.43,82.47,48.77
5,70.47,81.66,49.84
7,70.01,81.27,50.1
4,71.83,82.86,47.52
3,69.93,80.38,50.1
6,69.51,80.86,50.1
4,68.99,80.45,50.3
3,66.82,83.32,44.4
2,66.8,82.49,44.4
2,67.43,82.37,43.77
3,67.06,82.85,44.4
6,71.58,84.23,46.9
3,70.62,83.42,45.02
5,71.1,83.83,45.65
6,71.58,84.23,46.27
6,71.87,83.76,46.9
5,71.53,83.35,45.65
6,71.87,83.76,46.27
13,66.87,85.06,45.65
10,67.17,84.61,45.65
7,67.58,84.13,45.02
8,66.85,84.2,45.65
5,67.12,83.73,45.02
8,71.25,85.04,46.58
12,69.42,85.11,46.58
15,67.63,85.17,46.59
5,68.38,83.18,44.4
7,67.98,83.66,45.02
4,67.91,82.78,44.4
6,67.5,83.25,45.02
3,69.26,83.1,44.4
6,69.34,83.98,44.4
3,69.74,83.5,44.4
7,70.26,84.42,45.33
6,68.86,83.58,44.4
9,68.5,84.52,45.33
5,71.1,83.83,48.15
4,71.1,83.83,47.52
5,71.53,83.35,48.15
4,71.53,83.35,47.52
7,68.6,80.94,50.1
5,70.95,82.07,49.4
7,70.62,83.42,49.4
5,70.62,83.42,48.77
7,71.03,82.95,49.4
5,71.03,82.95,48.77
7,70.11,82.58,49.84
8,69.13,81.79,50.1
8,68.18,81.43,50.1
6,70.26,84.42,47.83
10,68.5,84.52,47.83
9,67.36,81.96,50.1
3,69.3,83.54,49.08
5,68.35,82.74,49.84
4,67.56,83.7,49.08
7,66.96,82.88,49.84
8,67.68,81.02,50.1
6,68.1,80.53,50.1
2,66.38,79.28,50.13
5,71.9,79.76,49.84
2,72.15,78.83,49.96
6,72.15,79.73,49.49
3,72.35,78.78,49.62
5,72.35,79.71,48.92
4,68.79,82.7,44.4
4,71.83,82.86,45.65
2,71.43,82.47,44.4
2,71.03,82.95,45.02
4,71.83,82.86,45.02
3,68.31,82.3,44.4
5,72.35,81.52,45.66
5,72.15,82,45.65
4,71.97,82.41,45.65
5,72.35,81.52,45.02
4,72.15,82,45.02
4,71.97,82.41,45.02
2,66.55,82.5,42.54
3,66.33,81.76,42.34
3,66.37,81.95,42.74
2,66.58,81.97,43.17
3,66.38,81.54,43.19
3,66.38,81.07,43.78
13,66.44,81.89,40.76
13,66.95,81.97,40.58
14,66.43,81.86,40.52
13,66.3,81.67,40.66
12,67.33,81.47,40.45
14,66.54,81.53,40.43
3,72.35,82.03,41.77
3,72.15,82.42,41.85
3,71.83,82.86,41.9
2,71.03,82.95,41.9
2,70.15,83.02,41.9
2,69.26,83.1,41.9
2,68.38,83.18,41.9
3,72.35,82.04,41.05
2,72.15,82.42,41.18
2,71.83,82.86,41.27
2,71.03,82.95,41.27
2,70.15,83.02,41.27
2,69.26,83.1,41.27
2,68.38,83.18,41.27
2,68.79,82.7,43.15
4,72.35,81.53,43.11
2,69.67,82.62,43.15
3,72.15,82,43.13
3,71.97,82.41,43.15
2,71.43,82.47,43.15
4,72.35,81.53,42.46
3,72.15,82,42.49
3,71.97,82.41,42.52
2,71.43,82.47,42.52
2,69.67,82.62,42.52
2,68.79,82.7,42.52
4,72.35,81.11,44.39
3,72.15,81.51,44.39
2,71.78,81.99,44.4
4,72.35,81.11,43.76
3,72.15,81.51,43.77
2,71.78,81.99,43.77
2,67.83,81.89,43.77
2,67.91,82.78,41.9
2,67.06,82.85,41.9
3,67.91,82.78,41.27
6,67.05,82.85,41.26
3,66.74,82.46,41.89
3,66.49,82.18,41.87
8,66.73,82.47,41.27
9,66.48,82.18,41.27
2,72.35,81.56,40.57
2,72.15,82.01,40.75
2,71.97,82.41,40.87
2,68.79,82.7,40.87
4,68.31,82.3,40.87
9,67.41,82.37,40.84
12,66.93,81.97,40.81
3,68.71,81.82,40.66
8,67.83,81.89,40.65
2,72.23,81.57,40.46
7,68.22,81.41,40.46
18,67.56,85.58,46.6
15,66.58,85.13,45.65
8,66.58,84.23,45.65
4,66.58,83.34,45.02
2,66.58,81.98,44.4
3,66.58,82.54,45.02
14,67.01,84.61,47.83
19,67.56,85.58,47.88
16,66.58,84.7,49.16
10,66.58,82.96,49.96
2,66.38,81.08,44.4
2,66.38,81.57,44.4
18,66.38,84.8,46.62
6,66.38,83.35,45.65
3,66.38,81.98,45.02
5,66.38,82.54,45.65
19,66.38,84.81,47.93
7,66.38,82.98,49.26
12,66.38,81.32,50.14
7,66.38,80.14,50.14
5,72.35,80.56,48.24
7,72.15,80.56,48.83
7,71.92,80.6,49.39
6,71.65,80.23,49.85
3,71.27,79.81,50.1
6,72.35,81.11,48.24
6,72.15,81.52,48.18
8,72.15,81.1,48.83
8,71.95,81.52,48.77
7,71.73,81.11,49.4
6,71.27,80.71,49.84
4,70.85,80.3,50.1
4,72.35,80.55,47.58
5,72.35,81.52,46.93
5,72.35,81.11,47.58
4,72.15,81.51,47.54
5,72.35,81.52,46.29
7,67.18,80.61,50.1
2,67.6,80.13,50.1
5,66.77,80.21,50.1
9,66.79,81.23,50.1
5,72.15,82,46.91
4,71.97,82.41,46.9
5,72.15,82,46.28
4,71.97,82.41,46.27
4,71.83,82.86,46.9
4,71.83,82.86,46.27
6,71.78,81.99,48.15
5,71.35,81.59,48.77
3,70.87,81.19,49.4
4,70.39,80.78,49.84
4,71.78,81.99,47.52
5,71.43,82.47,48.15
4,70.95,82.07,48.77
2,70.47,81.66,49.4
5,69.99,81.26,49.84
3,71.43,82.47,47.52
4,69.51,80.86,49.84
3,69.02,80.46,50.1
4,66.82,83.32,45.02
2,66.98,81.97,44.4
4,66.8,82.49,45.02
3,67.43,82.37,44.4
5,67.06,82.85,45.02
4,71.1,83.83,46.9
2,70.62,83.42,45.65
4,71.1,83.83,46.27
4,71.53,83.35,46.9
2,71.03,82.95,45.65
4,71.53,83.35,46.27
9,67.58,84.13,45.65
14,67.01,84.61,46.58
8,67.12,83.73,45.65
6,70.26,84.42,46.58
10,68.5,84.52,46.58
7,68.38,83.18,45.02
9,67.98,83.66,45.65
6,67.91,82.78,45.02
8,67.5,83.25,45.65
5,69.3,83.54,45.33
3,70.62,83.42,48.15
3,70.62,83.42,47.52
4,71.03,82.95,48.15
3,71.03,82.95,47.52
5,68.63,80.94,49.84
2,70.11,82.58,49.08
4,69.15,81.78,49.84
4,68.23,81.42,49.84
2,69.3,83.54,47.83
10,67.56,83.7,47.83
4,66.96,82.87,49.08
6,67.45,81.94,49.84
5,67.75,81.01,49.84
4,68.15,80.54,49.84
5,71.9,79.76,49.4
2,72.15,78.83,49.48
5,72.15,79.74,48.83
3,72.35,78.8,48.91
4,72.35,79.73,48.23
3,72.35,79.73,47.58
3,67.83,81.89,44.4
2,67.35,81.49,44.4
2,69.19,82.22,44.4
5,68.79,82.7,45.02
2,71.43,82.47,45.65
2,71.43,82.47,45.02
2,68.71,81.82,44.4
5,68.31,82.3,45.02
4,72.35,80.56,45.66
3,72.35,80.56,45.03
4,72.35,81.11,45.66
4,72.15,81.51,45.65
3,71.78,81.99,45.65
4,72.35,81.11,45.02
4,72.15,81.51,45.02
3,71.78,81.99,45.02
2,66.38,80.67,44.4
6,66.47,81.9,41.84
7,66.31,81.67,41.96
3,66.42,81.84,42.22
3,66.37,81.54,42.6
2,66.58,81.56,43.16
3,66.38,81.06,43.17
2,66.38,80.67,43.78
3,72.35,79.74,45.66
3,72.35,79.75,45.03
3,72.35,80.57,44.39
3,72.35,80.57,43.77
11,66.46,81.91,41.26
11,66.31,81.67,41.23
13,66.35,81.76,40.73
13,66.67,81.6,40.77
11,67.35,81.48,40.62
14,66.61,81.56,40.54
10,67.72,81.01,40.46
14,66.35,81.41,40.65
14,66.75,81.03,40.45
3,72.35,81.54,41.78
3,72.15,82.01,41.85
2,71.97,82.41,41.9
2,71.43,82.47,41.9
2,69.67,82.62,41.9
2,68.79,82.7,41.9
2,72.35,81.55,41.05
2,72.15,82.01,41.19
2,71.97,82.41,41.27
2,71.43,82.47,41.27
3,72.35,81.12,43.12
3,72.15,81.51,43.13
2,71.78,81.99,43.15
3,72.35,81.12,42.46
3,72.15,81.52,42.5
2,71.78,81.99,42.52
3,72.15,81.1,44.39
2,71.95,81.52,44.4
2,72.15,81.1,43.77
2,71.95,81.52,43.77
2,67.43,82.37,41.9
3,68.31,82.3,41.27
6,67.43,82.37,41.27
4,66.96,81.97,41.88
9,66.95,81.97,41.27
2,72.35,81.16,40.57
2,72.15,81.53,40.75
2,68.71,81.82,40.87
8,67.82,81.89,40.86
11,67.33,81.51,40.84
6,68.23,81.42,40.66
4,68.63,80.94,40.46
7,68.14,80.53,40.46
16,66.58,84.69,46.6
6,66.58,83.34,45.65
2,66.58,81.98,45.02
5,66.58,82.54,45.65
17,66.58,84.69,47.87
5,66.58,82.93,49.15
8,66.58,81.3,49.96
5,66.58,80.15,49.96
2,66.38,81.08,45.02
2,66.38,81.57,45.02
12,66.38,82.96,46.6
4,66.38,81.98,45.65
13,66.38,82.94,47.88
6,66.38,81.3,49.25
4,66.38,80.15,49.58
5,72.15,80.56,48.18
6,71.92,80.6,48.77
5,71.65,80.23,49.4
2,71.2,79.83,49.84
6,72.15,81.1,48.18
6,71.95,81.52,48.15
6,71.73,81.11,48.77
4,71.27,80.71,49.4
3,70.79,80.3,49.84
4,72.35,80.55,46.93
4,72.15,80.55,47.54
4,72.35,80.56,46.29
4,72.35,81.1,46.93
4,72.15,81.51,46.91
4,72.15,81.1,47.54
4,71.95,81.52,47.52
5,72.35,81.1,46.29
4,72.15,81.51,46.28
6,67.27,80.61,49.84
2,67.67,80.13,49.84
4,66.89,80.22,49.84
7,66.91,81.21,49.84
3,71.78,81.99,46.9
2,71.78,81.99,46.27
2,71.43,82.47,46.9
2,71.43,82.47,46.27
5,71.35,81.59,48.15
3,70.87,81.19,48.77
2,70.39,80.78,49.4
4,71.35,81.59,47.52
3,70.95,82.07,48.15
2,69.99,81.26,49.4
2,70.95,82.07,47.52
7,66.82,83.32,45.65
3,66.98,81.97,45.02
6,66.8,82.49,45.65
5,67.43,82.37,45.02
7,67.06,82.85,45.65
2,70.62,83.42,46.9
2,70.62,83.42,46.27
2,71.03,82.95,46.9
2,71.03,82.95,46.27
4,69.3,83.54,46.58
8,68.38,83.18,45.65
12,67.55,83.7,46.58
7,67.91,82.78,45.65
6,68.79,82.7,45.65
2,68.63,80.94,49.4
2,68.23,81.42,49.4
4,68.35,82.74,47.83
11,66.96,82.87,47.83
2,67.45,81.93,49.08
3,67.75,81.01,49.4
6,68.31,82.3,45.65
2,71.59,79.35,49.4
4,71.9,79.76,48.77
3,72.15,78.84,48.82
4,72.15,79.74,48.18
2,72.35,78.83,47.91
2,72.35,77.84,46.61
3,72.35,79.73,46.93
3,72.15,79.74,47.54
3,72.35,79.74,46.29
2,68.23,81.42,44.4
4,67.83,81.89,45.02
3,67.35,81.49,45.02
3,69.19,82.22,45.02
3,68.71,81.82,45.02
3,72.15,80.56,45.65
3,72.15,80.56,45.02
3,72.15,81.1,45.65
3,71.95,81.52,45.65
3,72.15,81.1,45.02
3,71.95,81.52,45.02
6,66.39,81.78,41.9
6,66.69,81.62,41.89
7,66.36,81.42,41.96
2,66.54,81.59,42.53
4,66.38,81.02,42.57
3,66.38,80.66,43.15
2,66.38,80.16,43.77
2,72.15,79.75,45.65
2,72.15,79.75,45.02
2,72.15,80.56,44.39
2,72.15,80.56,43.77
2,72.35,78.88,45.35
2,72.35,79.76,44.4
2,72.35,79.77,43.78
3,72.35,80.58,43.13
3,72.35,80.59,42.48
2,72.35,80.63,40.57
11,66.37,81.78,41.25
11,66.69,81.61,41.27
11,66.36,81.42,41.23
9,67.74,81.01,40.66
13,66.48,81.5,40.74
12,66.9,81.12,40.83
13,66.85,81.05,40.62
13,67.15,80.6,40.46
14,66.45,80.62,40.46
13,66.37,80.97,40.64
11,67.62,80.13,40.46
3,72.35,81.13,41.78
2,72.15,81.52,41.85
2,71.78,81.99,41.9
2,72.35,81.15,41.05
2,72.15,81.52,41.19
2,71.78,81.99,41.27
2,72.15,81.11,43.13
2,71.95,81.52,43.15
2,72.15,81.11,42.5
2,71.95,81.52,42.52
2,67.83,81.89,41.9
6,67.83,81.89,41.27
5,67.35,81.49,41.9
9,67.35,81.49,41.27
2,72.15,81.12,40.75
5,68.23,81.42,40.87
9,67.75,81.02,40.87
3,68.63,80.94,40.66
6,68.15,80.53,40.66
4,68.54,80.06,40.46
7,68.05,79.65,40.46
2,66.58,81.08,45.02
2,66.58,81.57,45.02
12,66.58,82.95,46.6
4,66.58,81.98,45.65
12,66.58,82.92,47.85
4,66.58,81.29,49.15
3,66.58,80.16,49.47
10,66.38,82,46.38
3,66.38,81.08,45.65
4,66.38,81.57,45.65
10,66.38,81.29,47.88
2,66.38,80.15,48.86
5,71.92,80.6,48.14
5,71.65,80.23,48.77
2,71.2,79.83,49.4
5,71.73,81.11,48.15
4,71.27,80.71,48.77
3,72.15,80.56,46.91
4,71.92,80.59,47.52
3,72.15,80.56,46.28
3,72.15,81.1,46.91
3,71.95,81.52,46.9
4,71.73,81.11,47.52
3,72.15,81.1,46.28
3,71.95,81.52,46.27
3,67.27,80.61,49.4
2,66.89,80.22,49.4
4,66.91,81.21,49.08
2,66.77,81.56,45.02
2,66.93,81.09,45.02
2,66.75,80.67,45.02
2,71.35,81.59,46.9
2,70.95,82.07,46.9
3,70.87,81.19,48.15
2,70.87,81.19,47.52
7,67.43,82.37,45.65
12,66.96,82.9,46.59
6,66.98,81.97,45.65
3,69.19,82.22,45.65
8,68.35,82.74,46.58
7,67.45,81.93,47.83
4,68.71,81.82,45.65
6,67.83,81.89,45.65
5,67.35,81.49,45.65
4,66.38,79.33,48.18
4,71.9,79.76,48.15
2,71.59,79.35,48.77
2,72.35,78.86,46.61
2,72.15,78.86,47.87
2,72.15,79.74,46.91
3,71.9,79.76,47.52
2,72.15,79.74,46.28
3,66.38,80.67,45.65
3,68.23,81.42,45.02
3,67.75,81.01,45.02
2,69.11,81.34,45.65
2,71.92,80.59,45.65
2,71.92,80.6,45.02
2,71.73,81.11,45.65
2,71.73,81.11,45.02
6,66.51,81.51,41.91
7,66.92,81.09,41.9
8,66.38,80.98,41.92
2,66.58,81.05,42.54
4,66.38,80.64,42.54
3,66.38,80.15,43.15
2,66.38,79.33,43.77
2,72.15,78.89,45.34
2,72.15,79.76,44.4
2,72.15,80.56,43.14
2,72.35,78.91,44.11
2,72.35,79.78,43.15
2,72.35,80.6,41.8
2,72.35,79.8,42.51
2,72.15,80.57,42.5
2,72.35,80.61,41.07
11,66.51,81.51,41.25
11,66.92,81.09,41.27
11,66.38,80.97,41.2
11,67.27,80.61,40.87
12,67.23,80.61,40.66
12,66.74,80.67,40.87
13,66.63,80.65,40.65
13,66.54,81.02,40.76
10,67.65,80.13,40.66
14,66.65,80.2,40.46
13,66.38,80.63,40.61
13,67.01,79.73,40.46
2,72.15,81.11,41.85
2,71.95,81.52,41.9
2,72.15,81.12,41.19
2,71.95,81.52,41.27
4,68.23,81.42,41.27
4,67.75,81.01,41.9
8,67.75,81.01,41.27
3,68.63,80.94,40.87
6,68.15,80.54,40.87
10,67.67,80.13,40.87
3,68.55,80.06,40.66
6,68.06,79.65,40.66
3,68.46,79.18,40.46
11,67.52,79.25,40.46
9,66.58,81.99,46.38
3,66.58,81.08,45.65
4,66.58,81.57,45.65
9,66.58,81.29,47.85
9,66.38,80.15,47.87
11,66.38,81.23,46.61
4,71.65,80.23,48.15
2,71.2,79.83,48.77
4,71.27,80.71,48.15
3,71.92,80.59,46.9
3,71.65,80.23,47.52
2,71.92,80.59,46.27
3,71.27,80.71,47.52
3,71.73,81.11,46.9
2,71.73,81.11,46.27
4,66.85,79.32,48.15
9,66.91,81.21,47.83
5,66.77,81.56,45.65
2,67.27,80.61,45.02
5,66.93,81.09,45.65
2,66.89,80.22,45.02
4,66.75,80.67,45.65
2,70.87,81.19,46.9
3,69.15,81.78,46.58
5,68.23,81.42,45.65
4,67.75,81.01,45.65
4,68.19,80.98,47.83
10,67.43,81.93,46.57
10,66.38,79.33,47.53
9,66.85,79.32,47.52
3,66.58,79.33,48.16
4,66.38,78.44,48.17
2,72.15,78.89,46.59
2,71.9,79.76,46.9
2,71.9,79.76,46.27
3,66.58,80.67,45.65
2,66.38,80.16,45.65
3,68.63,80.94,45.65
3,68.15,80.54,45.65
2,68.63,80.94,45.02
2,68.15,80.54,45.02
7,67.27,80.61,41.9
8,66.75,80.67,41.9
8,66.57,81.03,41.9
8,66.38,80.63,41.9
6,67.67,80.13,41.9
2,66.58,80.66,42.53
4,66.38,80.14,42.52
2,66.38,79.33,43.14
2,72.15,79.76,43.15
2,72.35,78.98,42.89
2,72.35,79.81,41.84
2,72.15,80.57,41.86
2,72.15,79.77,42.52
2,72.35,79.82,41.03
11,67.27,80.61,41.27
11,66.74,80.67,41.27
11,66.57,81.03,41.24
11,66.38,80.62,41.16
12,66.89,80.22,40.87
13,66.79,80.21,40.66
13,66.57,80.66,40.77
12,67.11,79.73,40.66
13,66.38,80.14,40.6
14,66.59,79.31,40.46
2,68.63,80.94,41.27
3,68.15,80.54,41.9
5,68.15,80.54,41.27
9,67.67,80.13,41.27
3,68.55,80.06,40.87
6,68.08,79.66,40.87
12,67.18,79.73,40.87
2,68.47,79.18,40.66
10,67.57,79.25,40.66
7,67.96,78.77,40.46
14,66.94,78.85,40.46
8,66.58,80.15,47.85
10,66.58,81.22,46.6
9,66.38,80.15,46.59
3,71.65,80.23,46.9
2,71.65,80.23,46.27
2,71.27,80.71,46.9
2,67.13,78.85,48.15
5,67.27,80.61,45.65
6,67.28,80.16,47.83
10,66.9,81.17,46.6
5,66.89,80.22,45.65
7,68.19,80.98,46.58
4,67.67,80.13,45.65
5,67.18,79.73,45.65
10,66.38,79.33,46.9
9,66.85,79.32,46.9
9,66.58,79.33,47.53
8,66.38,78.45,47.53
7,67.13,78.85,47.52
2,66.58,78.45,48.15
2,66.38,77.62,48.16
3,66.58,80.16,45.65
2,66.38,79.33,45.65
5,66.85,79.32,45.64
8,66.89,80.22,41.9
8,66.58,80.66,41.9
8,66.38,80.14,41.87
4,68.08,79.66,41.9
8,67.18,79.73,41.9
2,66.58,80.15,42.52
3,66.38,79.33,42.5
2,66.85,79.32,42.52
11,66.89,80.22,41.27
11,66.58,80.66,41.23
11,66.38,80.13,41.14
12,66.58,80.15,40.76
13,66.75,79.32,40.66
12,66.38,79.33,40.58
2,68.55,80.06,41.27
6,68.08,79.66,41.27
11,67.18,79.73,41.27
2,68.48,79.18,40.87
10,67.6,79.25,40.87
13,66.85,79.32,40.87
5,67.99,78.77,40.66
13,67.06,78.85,40.66
2,68.39,78.29,40.46
12,67.42,78.37,40.46
15,66.55,78.45,40.46
8,66.58,80.15,46.59
5,66.38,79.33,46.27
2,68.08,79.66,45.65
2,69,80.02,46.58
4,67.6,79.25,45.65
3,68.04,79.21,47.83
9,67.28,80.16,46.58
8,66.85,79.32,46.27
9,66.58,79.33,46.9
8,66.38,78.45,46.9
9,67.13,78.85,46.9
6,66.58,78.45,47.52
6,66.38,77.63,47.53
7,66.83,78.44,47.52
5,67.52,78.37,47.52
3,66.58,79.33,45.64
2,66.38,78.45,45.65
2,68,78.77,45.65
5,67.13,78.85,45.65
8,66.58,80.15,41.89
7,66.38,79.33,41.85
7,67.6,79.25,41.9
9,66.85,79.32,41.9
2,66.58,79.33,42.51
3,66.38,78.45,42.5
2,67.13,78.85,42.52
11,66.58,80.15,41.22
10,66.38,79.33,41.11
12,66.58,79.33,40.76
11,66.38,78.45,40.58
2,68.48,79.18,41.27
9,67.6,79.25,41.27
12,66.85,79.32,41.27
6,68,78.77,40.87
12,67.13,78.85,40.87
10,67.48,78.37,40.66
14,66.72,78.45,40.66
7,67.9,77.88,40.46
14,66.9,77.97,40.46
6,66.58,79.33,46.27
5,66.38,78.45,46.27
6,68.04,79.21,46.58
8,67.13,78.85,46.27
8,66.58,78.45,46.9
8,66.38,77.63,46.9
2,68.4,78.3,46.9
8,66.83,78.44,46.9
8,67.52,78.37,46.9
3,66.38,77.06,47.53
4,66.58,77.64,47.52
5,67.07,77.97,47.52
2,67.92,77.89,47.52
3,66.58,78.46,45.65
2,66.38,77.64,45.65
5,67.52,78.37,45.65
5,66.83,78.44,45.65
8,66.58,79.33,41.88
6,66.38,78.45,41.84
4,68,78.77,41.9
9,67.13,78.85,41.9
2,66.58,78.46,42.51
2,66.38,77.63,42.51
2,66.83,78.44,42.52
11,66.58,79.33,41.21
9,66.38,78.45,41.11
12,66.58,78.46,40.76
11,66.38,77.66,40.57
15,66.54,77.58,40.46
6,68,78.77,41.27
11,67.13,78.85,41.27
11,67.52,78.37,40.87
13,66.83,78.45,40.87
5,67.91,77.89,40.66
13,67.01,77.97,40.66
13,67.39,77.48,40.46
6,66.58,78.46,46.27
5,66.38,77.64,46.27
2,68.4,78.3,46.27
8,66.83,78.44,46.27
8,67.52,78.37,46.27
6,66.38,77.06,46.89
6,66.58,77.64,46.9
8,67.07,77.97,46.9
5,67.92,77.89,46.9
4,66.8,77.61,47.52
2,66.58,77.08,47.52
3,67.44,77.49,47.52
2,66.38,77.07,45.64
3,66.58,77.64,45.65
3,67.92,77.89,45.65
5,67.07,77.97,45.65
2,66.38,76.62,45.64
2,66.8,77.61,45.02
5,66.37,76.54,46.89
7,66.58,78.45,41.88
5,66.38,77.64,41.86
8,67.52,78.37,41.9
9,66.83,78.44,41.9
2,66.38,77.06,42.52
3,66.58,77.64,42.52
3,67.07,77.97,42.52
16,66.53,76.98,40.45
11,66.39,76.83,40.45
16,66.79,77.23,40.46
10,66.38,77.02,40.56
10,66.58,78.45,41.21
8,66.38,77.62,41.09
15,66.69,77.58,40.64
12,66.58,77.66,40.74
10,67.52,78.37,41.27
12,66.83,78.44,41.27
6,67.92,77.89,40.87
13,67.07,77.97,40.87
11,67.42,77.49,40.66
6,67.85,76.96,40.46
16,67.11,77.03,40.46
16,66.79,76.8,40.47
11,66.42,76.55,40.44
10,66.37,76.57,40.6
5,66.38,77.07,46.27
6,66.58,77.64,46.27
8,67.07,77.97,46.27
6,67.92,77.89,46.27
7,66.8,77.61,46.9
5,66.58,77.08,46.89
7,67.44,77.49,46.9
3,66.99,77.09,47.52
5,66.37,76.55,46.28
5,66.8,77.61,45.65
3,66.58,77.09,45.64
6,67.44,77.49,45.65
3,66.58,76.66,45.65
2,66.36,76.12,47.08
2,66.99,77.09,45.02
2,66.78,76.68,45.02
2,67.79,75.95,44.94
4,66.56,76.6,46.89
3,66.91,75.89,44.98
4,66.35,76.04,46.78
3,66.89,75.93,47.08
4,66.38,77.07,41.87
6,66.58,77.64,41.88
5,67.92,77.89,41.9
9,67.07,77.97,41.9
3,66.8,77.61,42.52
2,66.58,77.08,42.52
2,67.44,77.49,42.52
3,66.38,76.62,41.88
15,66.66,77.04,40.65
12,66.55,76.87,40.63
15,66.88,77.28,40.65
8,66.39,77.07,41.08
11,66.58,77.05,40.73
14,66.8,77.61,40.86
10,66.58,77.65,41.21
6,67.92,77.89,41.27
12,67.07,77.97,41.27
7,66.38,76.61,41.14
15,66.59,76.61,40.45
12,67.44,77.49,40.87
5,67.85,76.99,40.66
14,67.15,77.06,40.66
15,66.88,76.85,40.66
14,67.38,76.54,40.45
11,66.57,76.6,40.6
13,66.43,76.22,40.43
13,66.59,76.31,40.43
13,66.54,76.16,40.43
10,66.56,76.62,40.75
10,66.36,76.14,40.64
8,66.8,77.61,46.27
6,66.58,77.09,46.27
8,67.44,77.49,46.27
2,68.32,77.42,46.27
4,67.84,77.01,46.9
7,66.99,77.09,46.9
2,67.36,76.62,47.51
3,67.73,76.32,46.91
5,66.56,76.61,46.28
3,66.36,76.09,46.2
5,67.8,75.95,45.6
5,66.78,76.68,45.65
6,67.71,76.32,45.65
4,67.84,77.01,45.65
6,66.99,77.09,45.65
3,66.52,76.25,45.65
2,66.52,76.23,47.08
5,66.75,76.63,46.86
2,67.36,76.61,45.03
2,66.93,76.34,44.97
3,66.72,76.28,45.21
2,67.72,76.12,44.99
8,67.44,75.82,45.1
20,74.1,75.68,43.76
4,66.94,75.95,45.09
2,66.59,76.04,45.14
5,66.49,76.14,46.78
4,66.92,76.06,47.02
5,67.15,75.8,44.99
3,66.64,75.87,45.1
4,66.47,75.93,46.79
8,66.91,75.89,46.89
9,66.8,77.61,41.9
6,66.58,77.09,41.88
9,67.44,77.49,41.9
4,66.99,77.09,42.52
5,66.58,76.66,41.89
3,66.36,76.16,41.88
2,67.14,75.94,42.55
14,66.97,77.31,40.86
12,66.8,77.6,41.26
9,66.58,77.08,41.19
14,66.78,77.09,40.85
11,67.44,77.49,41.27
7,67.72,75.94,40.75
9,66.57,76.65,41.23
6,66.36,76.15,41.2
14,66.7,76.65,40.62
17,66.84,76.4,40.44
14,66.62,76.07,40.43
21,74.1,75.68,43.13
18,74.1,75.68,42.49
7,67.84,77,40.87
15,67.18,77.08,40.87
15,66.94,76.88,40.86
12,67.37,76.59,40.63
20,67.19,76.21,40.44
23,67.47,75.93,40.6
12,66.75,76.65,40.83
11,66.66,76.35,40.55
11,66.54,76.29,40.56
12,66.61,76.22,40.54
9,66.5,76.23,40.74
9,66.49,75.93,40.65
13,74.14,75.68,40.6
3,67.74,76.11,46.96
7,67.79,75.95,46.35
7,66.75,76.63,46.3
8,67.71,76.31,46.3
6,67.84,77.01,46.27
6,67.36,76.6,46.91
8,66.99,77.09,46.27
4,66.5,76.19,46.2
3,66.5,75.93,46.31
12,67.44,75.82,45.58
7,67.73,76.11,45.63
7,67.35,76.59,45.65
5,66.82,76.34,45.65
3,66.6,76.04,45.63
3,66.64,75.87,45.58
5,66.72,76.27,46.69
5,66.93,76.32,46.94
19,74.11,75.68,44.4
11,67.54,75.71,45.59
8,67.51,75.71,45.14
8,67.5,75.69,45.06
6,66.99,76.07,45.26
8,67.33,75.82,45.19
11,68.09,75.68,49.53
11,68.13,75.68,48.81
16,69.02,75.68,49.53
18,69.04,75.68,48.81
15,69,75.68,50.11
12,68.04,75.68,50.11
10,67.45,75.68,50.11
19,69.98,75.68,50.1
22,70.83,75.68,50.12
31,73.2,75.68,50.14
19,74.19,75.68,50.14
30,72.63,75.68,50.14
26,71.74,75.68,50.13
15,68.97,75.59,50.3
12,68.02,75.62,50.3
9,67.53,75.44,50.3
17,69.93,75.57,50.3
20,70.83,75.54,50.3
30,73.2,75.63,50.3
28,74.19,75.6,50.3
27,72.71,75.46,50.3
24,71.74,75.5,50.3
23,74.54,75.68,43.76
30,74.7,75.2,43.77
19,73.53,75.68,43.77
21,74,75.48,43.77
17,73.09,75.68,43.77
6,67.12,75.78,45.1
4,66.75,75.91,45.19
5,66.59,76.05,46.75
8,66.94,75.95,46.78
5,67.27,75.7,44.84
4,66.79,75.74,44.99
3,66.64,75.75,45.1
4,66.64,75.87,46.81
9,67.15,75.8,46.89
7,66.58,75.5,50.3
7,66.71,75.68,50.11
9,67.52,75.68,49.53
9,67.56,75.68,48.82
12,74.1,75.68,41.83
11,74.1,75.68,41.12
3,66.77,76.67,42.52
6,67.84,77.01,41.9
10,66.99,77.09,41.9
4,67.36,76.62,42.5
7,66.77,76.67,41.89
3,67.7,76.14,42.55
9,67.81,75.95,41.95
4,66.52,76.25,41.89
2,66.49,75.93,41.93
5,67.14,76.08,42.46
7,66.91,75.89,42.34
7,67.84,76.11,40.69
3,67.71,76.35,42.5
11,66.77,76.68,41.26
6,67.84,77.01,41.27
13,66.99,77.09,41.26
12,67.64,76.08,40.81
9,67.81,75.95,41.24
7,66.51,76.24,41.24
5,66.49,75.93,41.23
16,66.88,76.42,40.61
13,66.69,76.14,40.54
19,74.11,75.55,40.46
17,66.84,75.98,40.43
20,67.1,76.1,40.43
23,74.54,75.68,43.13
23,74.54,75.68,42.48
28,74.7,75.2,43.15
28,74.7,75.22,42.52
19,73.52,75.68,43.13
23,74,75.48,43.14
15,73.52,75.68,42.49
22,74,75.48,42.51
16,73.08,75.68,43.13
14,73.08,75.68,42.49
5,67.25,75.69,43.09
6,67.31,75.7,42.61
16,67.36,76.59,40.84
19,67.16,76.26,40.59
23,67.36,76.04,40.68
24,67.44,75.82,40.66
14,66.88,76.42,40.83
11,66.7,76.24,40.79
10,66.6,76.04,40.73
10,66.64,75.87,40.66
24,67.54,75.71,40.69
24,67.58,75.71,40.48
8,73.13,75.68,40.57
11,73.59,75.68,40.59
16,74.54,75.68,40.59
21,74.71,75.29,40.61
14,74.01,75.49,40.76
24,74.73,74.71,40.65
14,67.44,75.82,46.43
8,67.72,76.1,46.32
9,67.35,76.58,46.28
7,66.82,76.33,46.27
4,66.6,76.04,46.28
4,66.64,75.87,46.34
8,67.01,76.09,45.65
12,67.33,75.82,45.62
4,66.75,75.92,45.62
3,66.64,75.76,45.58
15,67.51,75.69,46.84
8,66.95,76.05,46.66
14,67.53,75.71,46.38
17,73.09,75.68,44.4
18,73.54,75.68,44.4
33,74.7,75.2,44.4
24,74.54,75.68,44.39
20,74.12,75.68,45.02
20,74,75.48,44.4
12,67.87,75.69,45.61
12,67.43,75.58,45.63
12,68.22,75.68,45.63
12,69.06,75.68,45.64
10,67.4,75.59,45.23
8,67.75,75.69,44.91
9,67.42,75.56,45.14
7,67.11,75.75,45.25
9,68.21,75.68,44.98
13,69.06,75.68,45.02
17,70,75.68,45.02
8,70.8,75.68,45.02
4,66.96,75.1,50.3
12,68.15,75.68,48.16
14,68.15,75.68,47.53
17,69.05,75.68,48.16
12,69.05,75.68,47.53
13,68.52,75.68,49.54
10,68.13,75.48,49.45
15,68.55,75.68,48.81
12,68.15,75.48,48.79
18,69.44,75.68,49.53
14,69.04,75.48,49.45
22,70,75.68,49.53
25,70.82,75.68,49.54
20,70.81,75.68,48.82
21,70,75.68,48.81
22,69.45,75.68,48.81
19,69.05,75.48,48.79
35,73.17,75.68,49.61
41,74.17,75.68,48.92
32,74.17,75.68,49.62
32,72.61,75.68,49.59
29,71.73,75.68,49.57
16,69.43,75.68,50.11
13,68.48,75.68,50.11
12,69.03,75.48,49.95
8,68.11,75.49,49.95
7,67.56,75.49,49.95
20,70.36,75.68,50.17
17,69.98,75.49,49.94
22,70.82,75.48,49.95
33,73.65,75.68,50.14
32,73.1,75.48,49.96
16,74.7,75.28,50.14
12,74.56,75.68,50.14
30,74.03,75.48,49.96
30,72.56,75.48,49.96
26,71.7,75.48,49.95
11,69.01,75.4,50.1
8,68.1,75.43,50.1
5,67.63,75.27,50.11
15,69.94,75.38,50.1
19,70.82,75.35,50.1
30,73.09,75.44,50.1
32,74.02,75.41,50.1
28,72.63,75.29,50.1
24,71.69,75.32,50.1
14,69.41,75.34,50.3
12,68.48,75.38,50.3
6,67.99,74.96,50.3
20,71.25,75.19,50.3
16,70.33,75.27,50.3
10,74.51,75.38,50.3
31,73.67,75.41,50.3
29,73.14,75.01,50.3
24,72.19,75.13,50.3
22,74.37,75.48,43.77
26,74.5,75.09,43.77
34,74.7,74.32,43.78
22,73.48,75.48,43.77
23,73.92,75.29,43.77
7,68.18,75.68,44.37
15,69.06,75.68,44.39
19,70,75.68,44.39
8,70.8,75.68,44.39
15,72.54,75.68,44.39
11,71.69,75.68,44.39
8,68.16,75.68,43.77
21,69.05,75.68,43.77
22,70,75.68,43.77
8,70.8,75.68,43.77
14,72.54,75.68,43.77
20,73.06,75.48,43.77
10,71.69,75.68,43.77
6,67.64,75.68,44.34
4,66.79,75.69,44.35
6,67.62,75.68,43.76
4,66.79,75.68,43.77
2,74.39,66.48,40.42
3,74.29,66.57,40.42
2,74.4,66.65,40.42
2,74.39,67,40.41
7,67.25,75.55,44.94
6,66.86,75.65,45.1
5,66.75,75.69,45.19
5,66.75,75.91,46.71
10,67.12,75.78,46.78
4,66.82,75.7,44.79
3,66.48,75.71,45.1
3,66.49,75.71,45.61
4,66.64,75.75,46.8
5,66.79,75.74,46.89
13,67.27,75.7,47.06
4,66.76,75.31,50.1
5,66.87,75.49,49.95
8,67.59,75.48,49.44
9,67.6,75.48,48.79
9,67.59,75.68,48.18
10,67.6,75.69,47.6
3,66.38,75.38,50.11
6,66.74,75.68,49.55
5,66.76,75.68,48.83
21,74.53,75.68,41.81
15,74.53,75.68,41.09
23,74.7,75.29,41.16
26,74.7,75.24,41.86
25,74.71,74.74,41.12
12,73.53,75.68,41.83
15,74,75.48,41.87
10,73.54,75.68,41.11
11,74,75.48,41.21
12,73.08,75.68,41.83
9,73.11,75.68,41.09
11,67.35,76.59,41.89
8,66.82,76.34,41.89
3,66.9,76.34,42.5
22,67.44,75.82,41.98
10,67.73,76.11,41.91
4,66.6,76.04,41.9
5,66.64,75.87,41.98
7,66.94,75.96,42.23
7,67.15,75.8,42.34
22,67.54,75.71,41.98
10,67.71,76.32,41.89
13,67.64,76.29,40.82
13,67.35,76.6,41.27
11,66.82,76.34,41.27
24,67.44,75.82,41.25
11,67.74,76.11,41.25
6,66.6,76.04,41.26
7,66.64,75.87,41.25
24,67.54,75.71,41.25
15,74,75.4,40.65
16,66.88,75.99,40.54
19,67.08,76.14,40.57
23,74.43,75.27,40.45
24,74.62,74.73,40.43
11,73.54,75.33,40.46
8,73.11,75.59,40.46
21,67.1,75.74,40.43
23,67.35,75.54,40.43
23,74.37,75.48,43.14
23,74.37,75.48,42.5
25,74.5,75.09,43.14
32,74.7,74.34,43.17
26,74.5,75.09,42.52
27,74.7,74.42,42.6
23,73.47,75.48,43.14
26,73.92,75.29,43.15
19,73.47,75.48,42.51
24,73.92,75.29,42.52
11,68.17,75.68,43.16
25,69.05,75.68,43.15
24,70,75.68,43.14
9,70.8,75.68,43.14
13,72.54,75.68,43.13
20,73.05,75.48,43.14
9,71.69,75.68,43.13
21,68.2,75.68,42.56
28,69.06,75.68,42.52
25,70,75.68,42.5
9,70.81,75.68,42.49
12,72.54,75.68,42.49
18,73.05,75.48,42.51
8,71.69,75.68,42.49
7,67.68,75.68,43.19
4,66.76,75.69,43.18
8,67.26,75.52,43.06
4,66.63,75.7,42.63
5,66.94,75.7,42.54
14,67.82,75.69,42.6
9,67.29,75.56,42.53
22,67.33,75.82,40.74
19,67.19,76.24,40.83
17,67.07,76.15,40.8
15,66.91,75.99,40.79
12,66.64,75.76,40.66
12,66.75,75.91,40.74
10,66.49,75.71,40.65
25,67.82,75.7,40.78
23,67.44,75.59,40.76
24,67.87,75.7,40.54
24,67.49,75.59,40.59
24,68.17,75.69,40.65
25,68.3,75.68,40.56
25,68.19,75.69,40.81
27,69.08,75.68,40.6
30,70,75.68,40.58
16,70.82,75.68,40.58
7,72.57,75.68,40.57
9,73.07,75.48,40.75
6,71.7,75.68,40.57
11,73.5,75.49,40.76
13,73.92,75.29,40.87
15,74.37,75.49,40.76
20,74.54,75.17,40.75
2,74.83,73.47,40.65
7,74.74,74.37,40.67
15,74.6,74.62,40.74
6,74.14,66.49,40.42
10,67.01,76.09,46.29
14,67.33,75.82,46.37
5,66.75,75.92,46.29
4,66.64,75.76,46.34
9,67.1,75.75,45.64
5,66.75,75.69,45.62
7,66.94,75.51,45.27
16,67.71,75.69,46.99
14,67.42,75.56,46.76
10,67.05,75.73,46.67
15,68.18,75.68,46.94
14,67.87,75.69,46.31
14,67.43,75.58,46.33
13,68.22,75.68,46.29
12,69.06,75.68,46.9
12,69.06,75.68,46.27
15,70,75.68,45.65
8,70.8,75.68,45.65
11,71.69,75.68,45.02
15,72.54,75.68,45.02
37,74.7,74.33,44.4
16,73.09,75.68,45.02
19,73.05,75.48,44.4
21,74.13,75.68,45.65
17,73.54,75.68,45.02
20,73.48,75.48,44.4
28,74.5,75.09,44.4
37,74.7,75.21,45.02
22,74.37,75.48,44.39
27,74.54,75.68,45.02
21,73.92,75.29,44.4
19,74,75.48,45.02
13,67.79,75.52,45.63
12,67.29,75.43,45.65
11,68.6,75.68,45.64
13,68.18,75.48,45.64
16,69.46,75.68,45.64
14,69.06,75.48,45.64
9,67.23,75.43,45.06
11,67.3,75.43,45.24
10,67.71,75.5,44.96
10,68.59,75.68,45
11,68.18,75.48,45.01
18,69.46,75.68,45.02
15,69.05,75.48,45.02
19,70,75.48,45.02
10,70.8,75.48,45.02
4,66.88,75.2,49.84
2,67.1,74.96,50.11
16,68.56,75.68,48.16
13,68.15,75.48,48.15
15,68.58,75.68,47.53
15,68.14,75.5,47.52
12,70,75.68,48.16
15,69.46,75.68,48.16
18,69.05,75.48,48.15
10,70,75.68,47.53
11,69.46,75.68,47.53
13,69.05,75.48,47.52
9,70.81,75.68,47.53
11,70.81,75.68,48.17
20,71.71,75.68,48.84
26,72.59,75.68,48.87
38,74.15,75.68,48.13
7,67.7,75.17,49.39
12,68.55,75.48,49.45
9,68.15,75.31,49.4
10,67.7,75.17,48.77
15,68.56,75.48,48.79
12,68.15,75.31,48.77
17,69.45,75.48,49.45
13,69.04,75.28,49.4
21,70,75.48,49.45
24,70.81,75.48,49.45
19,70.81,75.48,48.79
20,70,75.48,48.79
21,69.46,75.48,48.79
19,69.04,75.28,48.77
35,73.46,75.68,48.9
37,73.62,75.68,49.61
32,73.09,75.48,49.48
40,74.7,75.27,48.93
41,74.56,75.68,48.94
39,74.02,75.48,48.83
28,74.7,75.27,49.63
24,74.56,75.68,49.64
36,74.02,75.48,49.48
30,72.55,75.48,49.47
27,71.7,75.48,49.46
13,69.45,75.48,49.95
10,69.04,75.28,49.84
10,68.53,75.48,49.95
7,68.15,75.31,49.84
5,67.7,75.17,49.84
18,70.36,75.49,50
15,69.95,75.26,49.84
20,70.8,75.23,49.84
31,73.03,75.32,49.84
34,73.52,75.48,49.96
21,74.7,74.44,50.14
22,74.5,75.13,49.96
34,73.92,75.29,49.84
22,74.37,75.48,49.96
29,72.58,75.17,49.84
25,71.67,75.21,49.84
11,69.44,75.17,50.1
8,68.54,75.22,50.1
3,68.05,74.85,50.1
20,71.23,75.03,50.1
15,70.33,75.1,50.1
23,74.32,75.21,50.1
32,73.54,75.24,50.1
29,73.04,74.88,50.1
25,72.13,74.98,50.1
11,69.84,74.83,50.3
8,68.92,74.88,50.3
3,68.42,74.41,50.3
18,71.68,74.64,50.3
14,70.76,74.74,50.3
8,70.26,74.28,50.3
24,74.04,74.43,50.3
18,72.11,74.09,50.3
23,72.62,74.55,50.3
3,66.37,75.34,44.39
3,66.38,75.34,43.77
36,74.7,73.77,43.78
24,74.21,75.09,43.77
29,74.5,74.31,43.77
29,73.45,75.13,43.77
9,68.58,75.68,44.38
10,68.16,75.48,44.39
22,69.46,75.68,44.39
17,69.05,75.48,44.39
21,70,75.48,44.39
10,70.8,75.48,44.39
17,72.53,75.48,44.39
13,71.69,75.48,44.39
12,68.57,75.68,43.77
11,68.16,75.48,43.77
26,69.46,75.68,43.77
22,69.05,75.48,43.77
23,70,75.48,43.77
10,70.8,75.48,43.77
17,72.53,75.48,43.77
22,73.03,75.32,43.77
13,71.69,75.48,43.77
8,67.64,75.48,44.37
5,66.89,75.51,44.37
8,67.62,75.48,43.77
6,66.9,75.48,43.77
2,74.32,66.48,40.47
5,74.2,66.37,40.42
3,74.25,66.58,40.49
4,74.17,66.69,40.42
2,74.32,66.76,40.41
2,74.35,66.69,40.48
3,74.37,67.21,40.42
2,74.61,67.3,40.42
4,74.23,67.12,40.42
2,74.33,66.95,40.41
3,74.35,67.05,40.49
2,74.42,66.98,40.48
2,74.37,66.87,40.47
2,74.44,67.11,40.5
2,74.41,66.98,40.55
6,66.88,75.56,44.86
4,66.59,75.59,45.14
4,66.6,75.6,45.63
6,66.75,75.69,46.71
7,66.86,75.65,46.77
12,67.25,75.55,46.96
2,66.37,75.27,44.87
2,66.36,75.35,45.16
2,66.36,75.3,45.64
3,66.5,75.71,46.31
3,66.47,75.71,46.8
6,66.81,75.7,47.11
10,67.61,75.48,48.16
12,67.6,75.5,47.56
2,66.57,75.22,49.95
5,66.88,75.49,49.46
4,66.88,75.2,49.4
6,66.89,75.49,48.79
6,66.88,75.2,48.77
5,66.78,75.68,48.18
5,66.79,75.69,47.58
3,66.38,75.37,49.54
3,66.38,75.34,48.83
19,74.37,75.49,41.86
14,74.37,75.49,41.2
19,74.52,75.15,41.24
21,74.5,75.1,41.88
13,74.71,74.55,41.96
11,74.72,74.48,41.31
13,74.55,74.66,41.16
16,73.47,75.48,41.87
18,73.92,75.29,41.9
10,73.48,75.48,41.21
12,73.92,75.29,41.27
26,68.22,75.68,41.91
28,69.06,75.68,41.87
27,70,75.68,41.85
10,70.81,75.68,41.83
10,72.54,75.68,41.82
15,73.05,75.48,41.87
7,71.7,75.68,41.82
26,68.22,75.68,41.22
28,69.07,75.68,41.15
29,70.01,75.68,41.11
13,70.81,75.68,41.1
7,72.56,75.68,41.08
9,73.06,75.48,41.2
6,71.7,75.68,41.08
11,67.01,76.09,41.87
19,67.33,75.82,41.91
6,66.75,75.92,41.91
5,66.64,75.76,41.98
6,66.79,75.74,42.34
9,67.12,75.78,42.22
5,66.49,75.71,41.93
25,67.87,75.69,41.95
20,67.43,75.58,41.92
22,67.33,75.82,41.26
10,67.69,76.31,41.25
15,67.02,76.1,41.26
8,66.75,75.92,41.26
7,66.64,75.76,41.25
6,66.49,75.71,41.23
25,67.86,75.69,41.26
23,67.44,75.58,41.26
20,74.3,75.15,40.63
21,74.52,74.65,40.57
10,73.49,75.21,40.65
9,73.06,75.43,40.65
20,67.1,75.75,40.54
22,67.31,75.47,40.56
8,73.93,74.79,40.46
4,74.3,74.29,40.44
6,73,74.88,40.46
7,72.63,75.4,40.46
6,71.69,75.48,40.46
14,70.81,75.52,40.46
35,69.96,75.55,40.46
29,69.07,75.58,40.46
26,68.24,75.6,40.46
18,66.62,75.34,40.44
20,66.96,75.48,40.43
26,67.76,75.34,40.45
34,74.7,73.76,43.16
18,74.72,73.71,42.59
3,66.38,75.33,43.15
4,66.37,75.32,42.52
25,74.21,75.09,43.15
26,74.21,75.09,42.52
28,74.5,74.32,43.16
22,74.53,74.35,42.55
31,73.45,75.13,43.15
28,73.45,75.13,42.52
19,68.57,75.68,43.15
14,68.16,75.48,43.15
28,69.46,75.68,43.14
27,69.05,75.48,43.15
26,70,75.48,43.14
10,70.8,75.48,43.14
17,72.52,75.48,43.14
24,73.03,75.32,43.15
12,71.69,75.48,43.14
25,68.59,75.68,42.53
22,68.17,75.48,42.53
29,69.46,75.68,42.51
30,69.05,75.48,42.52
28,70,75.48,42.51
10,70.8,75.48,42.51
15,72.52,75.48,42.51
22,73.03,75.32,42.52
11,71.69,75.48,42.51
10,67.68,75.49,43.17
6,66.86,75.51,43.17
9,67.27,75.38,42.99
6,66.73,75.56,42.58
8,66.98,75.57,42.44
16,67.77,75.51,42.55
12,67.27,75.41,42.46
12,66.36,75.33,40.63
19,67.1,75.76,40.79
14,66.75,75.69,40.74
12,66.6,75.6,40.73
25,67.76,75.56,40.83
25,67.79,75.55,40.66
22,67.3,75.44,40.8
26,68.64,75.68,40.62
27,68.11,75.52,40.75
28,68.24,75.49,40.71
26,68.47,75.68,40.81
27,68.15,75.51,40.86
29,69.47,75.68,40.59
32,69.06,75.49,40.76
37,69.99,75.48,40.76
31,70.37,75.68,40.54
15,70.81,75.48,40.76
7,72.54,75.48,40.75
8,73.03,75.32,40.87
6,71.69,75.48,40.75
8,73.45,75.13,40.87
18,74.23,75.05,40.85
29,74.73,73.38,40.65
3,74.64,74.28,40.74
13,74.45,74.59,40.8
5,74.51,73.65,40.43
7,74.04,66.61,40.42
4,74.13,66.49,40.5
10,74.01,66.41,40.43
11,67.11,75.75,46.31
6,66.75,75.69,46.29
9,66.92,75.54,46.64
9,67,75.46,45.65
7,66.8,75.26,45.65
8,66.89,75.26,44.97
6,66.71,75.29,45.21
39,74.7,73.77,44.4
14,67.31,75.42,46.67
13,67.23,75.43,46.82
15,67.67,75.53,46.94
13,68.59,75.68,46.91
15,68.15,75.5,46.92
15,67.79,75.52,46.28
13,67.29,75.43,46.28
12,68.6,75.68,46.28
14,68.18,75.48,46.28
12,69.46,75.68,46.9
13,69.05,75.48,46.9
14,69.46,75.68,46.27
14,69.05,75.48,46.27
11,70,75.68,46.9
13,70,75.68,46.27
16,70,75.48,45.65
8,70.81,75.68,46.9
8,70.81,75.68,46.27
9,70.8,75.48,45.65
11,71.69,75.68,45.65
13,71.69,75.48,45.02
16,72.53,75.48,45.02
14,72.55,75.68,45.65
31,74.5,74.31,44.4
40,74.7,74.34,45.02
26,74.13,75.68,46.4
18,73.41,75.68,45.65
21,73.03,75.32,44.4
18,73.05,75.48,45.02
41,74.7,75.24,45.65
32,74.55,75.68,45.66
19,74.01,75.48,45.65
18,73.48,75.48,45.02
24,73.45,75.13,44.4
23,74.21,75.09,44.4
19,73.92,75.29,45.02
31,74.5,75.09,45.02
24,74.37,75.48,45.02
14,67.68,75.19,45.64
13,68.58,75.48,45.64
14,68.15,75.31,45.65
16,69.04,75.28,45.65
17,69.46,75.48,45.64
13,67.68,75.19,45.02
12,68.57,75.48,45.01
13,68.15,75.31,45.02
17,69.04,75.28,45.02
20,69.46,75.48,45.02
20,69.96,75.26,45.02
11,70.79,75.23,45.02
5,67.19,74.88,49.4
8,67.19,74.88,48.77
3,67.19,74.87,49.84
2,66.86,74.43,49.84
13,67.7,75.17,48.15
17,68.56,75.48,48.15
15,68.15,75.31,48.15
15,67.7,75.19,47.51
16,68.57,75.48,47.53
16,68.13,75.33,47.49
13,70,75.48,48.15
16,69.46,75.48,48.15
18,69.04,75.28,48.15
11,70,75.48,47.52
12,69.46,75.48,47.52
14,69.04,75.28,47.52
10,71.7,75.68,47.54
9,70.8,75.48,47.52
12,71.71,75.68,48.18
11,70.8,75.48,48.15
19,71.7,75.48,48.8
25,73.09,75.68,47.88
23,72.54,75.48,48.81
45,74.7,75.27,47.92
42,74.47,75.68,47.84
34,74,75.48,48.08
7,68.09,74.77,49.4
10,68.57,75.12,49.4
14,68.09,74.77,48.77
16,68.57,75.12,48.77
16,69.45,75.07,49.4
20,69.96,75.26,49.4
23,70.79,75.23,49.4
18,70.79,75.23,48.77
20,69.96,75.26,48.77
21,69.45,75.07,48.77
31,73.37,75.48,48.82
35,74.7,74.42,49.28
31,73.03,75.32,49.4
36,73.51,75.48,49.48
41,74.5,75.12,48.83
37,73.92,75.29,48.77
41,74.37,75.48,48.83
32,74.5,75.12,49.49
32,74.37,75.48,49.49
37,73.92,75.29,49.4
29,72.58,75.17,49.4
25,71.67,75.21,49.4
10,69.45,75.07,49.84
7,68.57,75.12,49.84
4,68.09,74.77,49.84
20,74.7,73.14,50.14
22,71.21,74.94,49.84
16,70.33,74.99,49.85
26,74.5,74.36,49.96
31,74.21,75.1,49.84
33,73.45,75.13,49.84
30,72.97,74.79,49.84
26,72.09,74.88,49.84
9,69.85,74.7,50.1
5,68.95,74.77,50.1
2,68.47,74.34,50.1
19,71.64,74.53,50.1
14,70.74,74.62,50.1
8,70.26,74.2,50.1
29,73.88,74.34,50.1
19,72.05,74.03,50.1
24,72.54,74.45,50.1
4,69.31,73.89,50.3
17,74.46,73.24,50.3
23,73.02,73.52,50.3
10,71.13,73.72,50.3
4,66.56,75.22,44.39
2,66.38,74.52,44.39
5,66.58,75.21,43.77
2,66.38,74.52,43.77
40,74.7,73.35,44.4
42,74.7,72.84,44.4
38,74.7,73.35,43.78
32,74.5,73.77,43.77
40,74.7,72.85,43.77
42,74.7,71.85,43.77
27,73.88,74.71,43.77
28,74.18,74.22,43.77
32,72.97,74.79,44.4
37,72.97,74.79,43.77
12,68.57,75.48,44.39
12,68.15,75.31,44.4
19,69.04,75.28,44.4
23,69.46,75.48,44.39
22,69.96,75.26,44.4
11,70.79,75.23,44.4
16,71.67,75.21,44.4
22,72.58,75.17,44.4
15,68.57,75.48,43.77
13,68.15,75.31,43.77
24,69.04,75.28,43.77
27,69.46,75.48,43.77
25,69.96,75.26,43.77
11,70.79,75.23,43.77
17,71.67,75.21,43.77
22,72.58,75.17,43.77
12,67.7,75.17,44.39
7,66.86,75.23,44.41
12,67.7,75.17,43.77
7,66.88,75.2,43.77
5,74.19,66.38,40.49
9,74.12,66.3,40.42
3,74.21,66.9,40.42
5,74.06,66.82,40.42
2,74.26,66.58,40.57
4,74.15,66.7,40.5
2,74.28,66.79,40.48
6,74,66.93,40.43
5,74.1,67.02,40.42
43,74.6,71.49,43.77
2,74.33,67.23,40.52
4,74.13,67.36,40.43
2,74.42,67.48,40.43
3,74.21,67.13,40.52
3,74.29,66.99,40.49
2,74.32,67.07,40.59
2,74.32,66.9,40.57
2,74.38,66.95,40.56
4,66.54,75.18,44.87
4,66.52,75.26,45.17
4,66.52,75.22,45.64
5,66.6,75.6,46.28
5,66.59,75.59,46.76
8,66.87,75.56,47.04
2,66.38,74.5,45.02
2,66.38,74.49,45.65
2,66.37,75.31,46.27
3,66.36,75.36,46.74
3,66.37,75.27,47.04
6,66.9,75.48,48.16
7,66.88,75.2,48.15
7,66.89,75.51,47.55
8,66.86,75.23,47.5
3,66.57,75.22,49.45
4,66.86,74.44,49.4
4,66.57,75.21,48.79
7,66.86,74.44,48.77
3,66.38,75.33,48.17
3,66.37,75.32,47.54
2,66.38,74.52,48.81
23,74.73,73.36,41.98
29,74.72,73.39,41.24
4,66.36,75.31,41.88
7,66.36,75.3,41.19
23,74.21,75.09,41.9
20,74.22,75.07,41.26
8,74.55,74.46,41.91
5,74.58,74.39,41.32
10,74.42,74.62,41.11
17,73.45,75.13,41.9
8,73.45,75.13,41.27
27,68.6,75.68,41.89
28,68.18,75.48,41.9
29,69.46,75.68,41.86
32,69.06,75.48,41.89
32,70,75.48,41.88
10,70.8,75.48,41.87
12,72.53,75.48,41.87
17,73.03,75.32,41.9
8,71.69,75.48,41.87
27,68.61,75.68,41.19
29,68.18,75.49,41.25
29,69.47,75.68,41.13
32,69.06,75.48,41.22
35,70,75.48,41.21
11,70.8,75.48,41.2
7,72.53,75.48,41.2
9,73.03,75.32,41.27
6,71.69,75.48,41.2
13,67.1,75.75,41.87
7,66.86,75.65,42.22
7,66.75,75.69,41.91
6,66.6,75.6,41.9
25,67.79,75.52,41.91
17,67.28,75.43,41.88
17,67.1,75.75,41.27
10,66.75,75.69,41.26
9,66.6,75.6,41.26
26,67.79,75.53,41.27
20,67.29,75.43,41.27
8,73.88,74.74,40.64
4,74.24,74.26,40.59
6,72.98,74.82,40.66
7,72.6,75.26,40.65
6,71.68,75.31,40.66
15,70.81,75.35,40.66
41,69.95,75.37,40.66
33,69.05,75.4,40.66
28,68.17,75.42,40.65
17,66.73,75.27,40.59
19,66.99,75.47,40.56
26,67.72,75.25,40.63
5,73.4,74.34,40.46
6,73.8,73.84,40.46
5,72.5,74.43,40.46
6,72.11,75.05,40.46
5,71.22,75.14,40.46
46,70.34,75.22,40.46
38,69.47,75.3,40.46
31,68.62,75.34,40.46
32,68.12,74.87,40.46
23,67.07,74.89,40.45
21,66.62,74.48,40.46
36,74.7,73.33,43.19
31,74.51,73.76,43.15
33,74.71,73.28,42.69
14,74.57,73.71,42.53
37,74.7,72.85,43.16
41,74.7,71.86,43.14
42,74.6,71.49,43.14
35,74.71,72.86,42.55
39,74.7,71.86,42.5
40,74.6,71.49,42.5
7,74.48,71.03,42.48
5,66.56,75.21,43.15
3,66.38,74.51,43.14
5,66.53,75.22,42.52
3,66.38,74.5,42.51
30,73.88,74.71,43.15
31,73.88,74.71,42.52
29,74.18,74.22,43.14
24,74.21,74.22,42.5
38,72.97,74.79,43.15
35,72.97,74.79,42.52
20,68.57,75.48,43.15
16,68.15,75.31,43.15
29,69.04,75.28,43.15
30,69.46,75.48,43.14
28,69.96,75.26,43.15
11,70.79,75.23,43.15
16,71.67,75.21,43.15
23,72.58,75.17,43.15
27,68.57,75.48,42.52
23,68.15,75.31,42.52
33,69.04,75.28,42.52
32,69.46,75.48,42.52
33,69.96,75.26,42.52
10,70.79,75.23,42.52
14,71.67,75.21,42.52
22,72.58,75.17,42.52
14,67.69,75.18,43.14
8,66.88,75.23,43.12
18,67.68,75.19,42.52
9,66.86,75.27,42.5
12,66.51,75.25,40.75
15,66.38,74.51,40.62
17,66.99,75.47,40.8
16,66.79,75.28,40.82
26,67.66,75.22,40.84
29,68.1,75.36,40.89
30,68.15,75.3,40.84
30,68.61,75.49,40.76
29,68.44,75.48,40.89
35,69.46,75.48,40.76
36,69.04,75.28,40.87
44,69.96,75.26,40.87
39,70.36,75.48,40.72
13,70.8,75.23,40.87
6,71.67,75.21,40.87
6,72.58,75.17,40.87
5,72.97,74.79,40.87
6,73.87,74.71,40.86
30,74.71,73.13,40.65
18,74.6,73.49,40.74
2,74.27,74.23,40.81
31,74.7,72.73,40.65
31,74.7,71.82,40.59
31,74.61,71.49,40.61
24,74.48,71.06,40.62
6,74.44,73.68,40.57
17,74.29,73.27,40.45
28,74.57,72.73,40.46
27,74.55,71.79,40.45
25,74.37,71.12,40.44
18,74.59,70.76,40.59
13,74.49,70.4,40.45
10,74.7,70.33,40.58
5,74.03,66.6,40.53
7,73.97,66.72,40.43
10,73.95,66.52,40.43
3,74.14,66.48,40.59
6,74.01,66.39,40.53
20,73.93,66.33,40.43
9,66.88,75.27,46.93
7,66.7,75.3,46.69
10,67,75.46,46.27
8,66.8,75.26,46.27
10,66.86,74.44,45.65
10,66.86,74.44,45.02
13,67.19,74.85,45.65
12,67.19,74.87,45.01
43,74.7,71.85,44.39
35,74.5,73.77,44.4
41,74.7,73.77,45.02
42,74.7,73.35,45.02
43,74.7,72.83,45.02
16,67.68,75.2,46.9
14,68.58,75.48,46.9
15,68.13,75.33,46.93
15,67.68,75.19,46.27
13,68.58,75.48,46.27
15,68.15,75.31,46.27
14,69.46,75.48,46.9
14,69.04,75.28,46.9
15,69.46,75.48,46.27
15,69.04,75.28,46.27
13,70,75.48,46.9
18,69.96,75.26,45.65
14,70,75.48,46.27
11,70.79,75.23,45.65
9,70.8,75.48,46.9
10,71.7,75.68,46.9
9,70.8,75.48,46.27
11,71.7,75.68,46.27
15,71.67,75.21,45.02
12,71.69,75.48,45.65
19,73.07,75.68,46.61
20,72.58,75.17,45.02
15,72.53,75.48,45.65
42,74.7,74.38,45.66
28,74.18,74.22,44.4
34,74.5,74.32,45.02
43,74.7,75.26,46.61
39,74.47,75.68,46.69
23,74,75.48,46.38
17,73.35,75.48,45.65
19,73.03,75.32,45.02
19,73.92,75.29,45.65
35,74.5,75.1,45.65
28,74.37,75.48,45.65
25,73.88,74.71,44.4
20,73.45,75.13,45.02
25,74.21,75.09,45.02
25,72.97,74.79,45.02
17,68.09,74.77,45.65
15,68.57,75.12,45.65
21,69.45,75.07,45.65
17,68.09,74.77,45.02
15,68.57,75.12,45.02
24,69.45,75.07,45.02
16,70.33,74.99,45.02
14,71.21,74.94,45.02
11,67.19,74.88,48.15
12,67.19,74.88,47.52
4,67.14,73.97,49.4
9,67.14,73.97,48.77
5,67.61,74.37,49.4
11,67.61,74.37,48.77
2,67.61,74.37,49.84
2,67.14,73.97,49.84
15,74.7,71.89,50.15
17,74.49,71.82,50.31
16,74.6,71.49,50.12
18,68.09,74.77,48.15
19,68.57,75.12,48.15
17,68.09,74.77,47.52
16,68.57,75.12,47.52
14,69.96,75.26,48.15
16,69.45,75.07,48.15
13,69.96,75.26,47.52
14,69.45,75.07,47.52
12,70.79,75.23,48.15
10,70.79,75.23,47.52
10,71.69,75.48,47.53
12,71.69,75.48,48.16
18,71.67,75.21,48.77
22,73.01,75.48,47.84
22,72.58,75.17,48.77
43,74.7,74.42,47.91
42,74.5,75.11,47.86
39,74.3,75.48,47.79
31,73.91,75.31,48.15
7,68.49,74.29,49.4
11,68.97,74.7,49.4
17,68.49,74.29,48.77
20,68.97,74.7,48.77
33,74.7,73.12,49.27
17,69.85,74.62,49.4
21,70.33,74.99,49.4
23,71.21,74.94,49.4
18,71.21,74.94,48.77
19,70.33,74.99,48.77
20,69.85,74.62,48.77
37,74.5,74.35,49.16
40,74.21,75.09,48.77
31,73.43,75.14,48.77
34,73.45,75.13,49.4
37,74.21,75.09,49.4
26,72.97,74.79,48.77
30,72.97,74.79,49.4
26,72.09,74.88,49.4
10,69.85,74.62,49.84
6,68.97,74.7,49.84
3,68.49,74.29,49.84
23,74.51,73.18,49.96
21,71.61,74.47,49.84
10,70.26,74.14,49.84
16,70.73,74.54,49.84
32,73.78,74.29,49.84
21,72.02,73.99,49.84
26,72.5,74.39,49.84
3,69.33,73.82,50.1
23,74.28,73.26,50.11
24,72.92,73.49,50.1
11,71.11,73.66,50.1
3,70.14,72.87,50.3
11,71.98,72.69,50.3
22,73.83,72.46,50.31
5,66.58,74.48,44.39
5,66.58,74.48,43.77
37,74.5,73.36,44.4
42,74.7,72.39,44.39
39,74.5,72.86,44.4
34,74.5,73.36,43.77
30,74.32,73.78,43.77
41,74.7,72.4,43.77
37,74.5,72.86,43.77
41,74.51,71.97,43.77
33,73.38,74.31,44.4
39,73.38,74.31,43.77
32,73.78,73.83,44.4
34,73.78,73.83,43.77
39,72.5,74.39,44.4
44,72.5,74.39,43.77
16,68.57,75.12,44.4
27,69.45,75.07,44.4
17,70.33,74.99,44.4
15,71.21,74.94,44.4
26,72.09,74.88,44.4
19,68.57,75.12,43.77
31,69.45,75.07,43.77
19,70.33,74.99,43.77
15,71.21,74.94,43.77
28,72.09,74.88,43.77
10,66.86,74.44,44.39
11,66.86,74.44,43.77
17,68.09,74.77,44.4
11,67.19,74.88,44.39
18,68.09,74.77,43.77
12,67.19,74.88,43.77
43,74.6,71.49,44.4
3,74.24,66.36,40.57
8,74.1,66.28,40.5
24,73.99,66.24,40.42
3,74.18,66.92,40.51
4,74.05,66.82,40.53
2,74.16,66.7,40.59
2,74.27,66.8,40.58
5,73.93,66.94,40.44
3,73.99,66.93,40.55
4,73.99,67.18,40.43
3,74.08,67.03,40.54
42,74.44,71.65,43.77
42,74.48,71.38,43.77
3,73.93,67.61,40.45
2,74.11,67.37,40.55
2,74.29,67.81,40.45
2,74.54,67.64,40.44
2,74.36,67.49,40.55
11,74.48,71.03,43.12
2,74.19,67.14,40.61
2,74.27,67,40.59
4,66.58,74.47,45.02
5,66.58,74.47,45.65
4,66.52,75.23,46.27
5,66.52,75.27,46.73
5,66.54,75.19,47.03
2,66.38,74.5,46.27
2,66.38,74.5,46.9
5,66.57,75.21,48.15
9,66.86,74.44,48.15
5,66.56,75.21,47.53
11,66.86,74.44,47.52
2,66.58,74.49,49.45
4,66.58,74.48,48.79
3,66.38,74.5,48.16
3,66.38,74.49,47.52
30,74.72,73.18,41.82
14,74.61,73.46,41.93
31,74.71,73.16,41.23
15,74.6,73.49,41.26
33,74.71,72.84,41.92
38,74.7,71.85,41.84
39,74.6,71.49,41.83
7,74.48,71.03,41.82
32,74.7,72.79,41.21
35,74.7,71.84,41.12
36,74.6,71.49,41.12
18,74.48,71.03,41.14
6,66.52,75.22,41.89
4,66.38,74.5,41.87
9,66.52,75.22,41.24
9,66.38,74.5,41.16
12,73.88,74.71,41.9
6,73.87,74.71,41.27
5,74.23,74.22,41.89
2,74.23,74.22,41.27
15,72.97,74.79,41.9
6,72.97,74.79,41.27
30,68.58,75.48,41.89
29,68.15,75.31,41.9
35,69.04,75.28,41.9
34,69.46,75.48,41.88
38,69.96,75.26,41.9
10,70.79,75.23,41.9
9,71.67,75.21,41.9
14,72.58,75.17,41.9
31,68.58,75.48,41.24
30,68.14,75.32,41.26
37,69.04,75.28,41.27
35,69.46,75.48,41.22
42,69.96,75.26,41.27
11,70.79,75.23,41.27
6,71.67,75.21,41.27
6,72.58,75.17,41.27
12,67,75.46,41.87
10,66.8,75.26,41.89
24,67.68,75.19,41.9
14,67,75.46,41.27
13,66.8,75.26,41.27
26,67.68,75.2,41.27
5,73.38,74.32,40.66
7,73.78,73.84,40.64
5,72.5,74.41,40.66
6,72.1,74.95,40.66
6,71.21,75.01,40.66
50,70.33,75.08,40.66
43,69.46,75.16,40.66
33,68.59,75.21,40.66
33,68.1,74.81,40.66
23,67.14,74.86,40.64
20,66.76,74.45,40.65
7,72.9,73.92,40.46
11,73.32,73.43,40.46
5,72.02,74.02,40.46
5,71.62,74.56,40.46
35,70.74,74.67,40.46
61,69.86,74.76,40.46
43,68.99,74.83,40.46
42,68.5,74.34,40.46
30,67.58,74.39,40.46
26,66.98,73.99,40.46
33,74.51,73.34,43.17
31,74.34,73.76,43.12
27,74.56,73.31,42.65
14,74.4,73.72,42.45
39,74.7,72.4,43.15
36,74.5,72.87,43.15
40,74.51,71.98,43.14
41,74.48,71.38,43.13
41,74.44,71.65,43.14
37,74.7,72.4,42.52
32,74.53,72.9,42.53
38,74.51,71.97,42.51
40,74.48,71.38,42.5
40,74.44,71.65,42.51
13,74.35,70.99,42.5
5,66.58,74.47,43.14
2,66.38,73.59,43.14
2,66.38,73.58,42.5
6,66.58,74.47,42.52
43,73.38,74.31,43.15
38,73.38,74.31,42.52
36,73.78,73.83,43.15
32,73.78,73.83,42.52
44,72.5,74.39,43.15
36,72.5,74.39,42.52
24,68.57,75.12,43.15
35,69.45,75.07,43.15
20,70.33,74.99,43.15
13,71.21,74.94,43.15
27,72.09,74.88,43.15
30,68.57,75.12,42.52
39,69.45,75.07,42.52
23,70.33,74.99,42.52
11,71.21,74.94,42.52
23,72.09,74.88,42.52
11,66.86,74.44,43.15
12,66.86,74.44,42.52
21,68.09,74.77,43.15
12,67.19,74.86,43.15
27,68.09,74.77,42.52
15,67.19,74.85,42.52
18,66.38,73.6,40.6
15,66.57,74.48,40.77
19,66.86,74.44,40.87
22,67.19,74.87,40.85
34,68.09,74.77,40.87
35,68.57,75.12,40.87
46,69.45,75.07,40.87
50,70.33,74.99,40.87
6,71.21,74.94,40.87
6,72.09,74.88,40.87
5,72.5,74.39,40.87
4,73.38,74.31,40.87
28,74.55,73.23,40.76
5,74.41,73.71,40.81
7,73.79,73.83,40.86
32,74.7,72.31,40.63
29,74.52,72.82,40.78
32,74.51,71.95,40.75
29,74.51,71.48,40.56
33,74.45,71.65,40.75
21,74.48,70.81,40.55
31,74.48,71.38,40.62
24,74.35,71.04,40.74
18,74.2,73.31,40.63
28,74.41,72.83,40.65
31,74.39,71.92,40.63
25,74.25,71.11,40.58
19,73.78,72.91,40.46
27,74.27,71.7,40.45
26,74.28,72.35,40.46
19,74.07,70.78,40.45
26,74.1,71.47,40.45
2,74.6,70.76,41.08
17,74.43,70.6,40.74
13,74.34,70.29,40.62
7,74.07,69.92,40.46
3,74.7,70.31,41.08
11,74.51,70.21,40.75
2,74.44,69.42,40.46
2,73.72,67.85,40.46
3,74.05,66.6,40.61
4,73.97,66.72,40.54
5,73.95,66.51,40.55
7,73.83,66.85,40.44
8,73.9,66.73,40.43
11,73.88,66.53,40.44
3,74.03,66.38,40.61
11,73.93,66.3,40.55
31,73.86,66.35,40.44
10,66.86,74.44,46.9
10,66.86,74.44,46.27
13,67.19,74.87,46.9
13,67.19,74.85,46.27
14,67.14,73.97,45.65
14,67.14,73.97,45.02
18,67.61,74.37,45.65
18,67.61,74.37,45.02
42,74.51,71.97,44.39
43,74.7,71.83,45.02
43,74.6,71.49,45.02
32,74.32,73.78,44.4
37,74.5,73.77,45.02
38,74.5,73.35,45.02
40,74.5,72.85,45.02
43,74.7,73.78,45.65
43,74.7,73.35,45.65
43,74.7,72.36,45.03
43,74.7,72.81,45.65
17,68.09,74.77,46.9
15,68.57,75.12,46.9
17,68.09,74.77,46.27
15,68.57,75.12,46.27
16,69.45,75.07,46.9
18,69.45,75.07,46.27
14,69.96,75.26,46.9
15,70.33,74.99,45.65
16,69.96,75.26,46.27
10,70.79,75.23,46.9
13,71.21,74.94,45.65
11,70.79,75.23,46.27
23,72.09,74.88,45.02
10,71.69,75.48,46.9
11,71.69,75.48,46.27
14,71.67,75.21,45.65
17,72.58,75.17,45.65
17,73,75.48,46.6
43,74.7,74.41,46.61
37,74.5,74.33,45.65
30,74.18,74.22,45.02
21,73.91,75.31,46.27
39,74.5,75.11,46.6
33,74.29,75.48,46.67
18,73.43,75.14,45.65
28,74.21,75.09,45.64
24,73.88,74.71,45.02
32,72.5,74.39,45.02
27,73.38,74.31,45.02
20,72.97,74.79,45.65
30,73.78,73.83,45.02
20,68.49,74.29,45.65
20,68.97,74.7,45.65
22,69.85,74.62,45.65
21,68.49,74.29,45.02
21,68.97,74.7,45.02
25,69.85,74.62,45.02
16,70.73,74.54,45.02
24,71.61,74.47,45.02
32,72.02,73.99,45.02
3,66.83,73.56,49.4
6,66.83,73.56,48.77
13,67.14,73.97,48.15
14,67.14,73.97,47.52
16,67.61,74.37,48.15
18,67.61,74.37,47.52
4,67.54,73.49,49.4
12,67.54,73.49,48.77
5,68.02,73.89,49.4
15,68.02,73.89,48.77
2,68.02,73.89,49.84
27,74.7,71.88,49.28
24,74.6,71.49,49.25
19,74.51,72.04,49.97
21,74.33,71.95,50.14
18,74.2,71.36,50.32
20,74.43,71.65,49.97
15,74.48,71.15,50.1
20,68.49,74.29,48.15
19,68.97,74.7,48.15
18,68.49,74.29,47.52
16,68.97,74.7,47.52
41,74.7,73.12,47.91
14,70.33,74.99,48.15
16,69.85,74.62,48.15
13,70.33,74.99,47.52
15,69.85,74.62,47.52
11,71.67,75.21,47.52
12,71.67,75.21,48.15
12,71.21,74.94,48.15
11,71.21,74.94,47.52
20,72.09,74.88,48.77
40,74.5,74.34,47.86
20,73.01,75.02,47.84
38,74.2,75.12,47.84
8,68.9,73.82,49.4
12,69.37,74.22,49.4
20,68.9,73.82,48.77
21,69.37,74.22,48.77
35,74.51,73.16,49.15
20,71.61,74.47,48.77
18,70.26,74.14,49.4
21,70.73,74.54,49.4
23,71.61,74.47,49.4
19,70.73,74.54,48.77
20,70.26,74.14,48.77
35,73.78,74.28,49.08
22,72.02,73.99,48.77
24,72.02,73.99,49.4
23,72.5,74.39,48.77
26,72.5,74.39,49.4
5,69.34,73.78,49.84
28,74.17,73.26,49.85
25,72.86,73.47,49.85
14,71.1,73.62,49.84
4,70.14,72.84,50.1
12,71.93,72.67,50.1
24,73.7,72.51,50.12
3,70.97,71.88,50.3
14,72.81,71.69,50.31
4,74.7,69.91,50.14
12,74.6,70.76,50.13
12,74.33,69.89,50.31
3,66.58,73.58,44.39
4,66.58,73.58,43.77
34,74.13,73.36,44.4
41,74.5,72.43,44.39
37,74.3,72.89,44.4
34,74.13,73.36,43.77
39,74.5,72.44,43.77
36,74.3,72.89,43.77
41,74.27,71.98,43.77
42,72.9,73.91,44.4
47,72.9,73.91,43.77
41,73.3,73.43,44.4
45,73.3,73.43,43.77
37,72.02,73.99,44.4
41,72.02,73.99,43.77
24,68.97,74.7,44.4
28,69.85,74.62,44.4
16,70.73,74.54,44.4
28,71.61,74.47,44.4
28,68.97,74.7,43.77
31,69.85,74.62,43.77
16,70.73,74.54,43.77
30,71.61,74.47,43.77
15,67.14,73.97,44.4
16,67.14,73.97,43.77
23,68.49,74.29,44.4
19,67.61,74.37,44.4
27,68.49,74.29,43.77
20,67.61,74.37,43.77
43,74.44,71.65,44.4
43,74.48,71.38,44.4
5,74.12,66.26,40.59
35,73.99,66.19,40.53
126,73.91,66.18,40.43
2,74.18,66.92,40.6
2,74.07,66.82,40.61
4,73.66,67.41,40.45
2,74.01,66.94,40.63
4,73.83,67.15,40.44
2,73.92,66.94,40.58
2,73.98,67.19,40.56
2,74.09,67.04,40.62
43,74.35,71.48,43.77
17,74.48,71.03,43.76
19,74.35,70.99,43.14
3,66.58,73.58,45.02
3,66.58,73.58,45.65
5,66.58,74.47,46.27
5,66.58,74.47,46.9
5,66.58,74.47,48.15
6,66.58,74.47,47.52
3,66.58,73.58,48.79
2,66.38,73.58,48.16
2,66.38,73.58,47.52
25,74.56,73.26,41.79
5,74.41,73.67,41.9
28,74.54,73.24,41.26
4,74.41,73.71,41.26
35,74.7,72.4,41.88
29,74.53,72.89,41.91
37,74.51,71.97,41.88
38,74.48,71.38,41.84
38,74.44,71.65,41.87
12,74.35,70.99,41.87
34,74.7,72.37,41.17
29,74.5,72.84,41.25
35,74.51,71.97,41.21
36,74.48,71.38,41.15
36,74.44,71.65,41.21
21,74.35,70.99,41.22
4,66.38,73.58,41.85
7,66.58,74.47,41.89
11,66.38,73.58,41.13
11,66.58,74.47,41.23
23,66.58,73.58,40.46
12,73.38,74.31,41.9
4,73.38,74.31,41.27
10,73.78,73.83,41.9
6,73.78,73.83,41.27
14,72.5,74.39,41.9
6,72.5,74.39,41.27
34,68.57,75.12,41.9
43,69.45,75.07,41.9
28,70.33,74.99,41.9
8,71.21,74.94,41.9
12,72.09,74.88,41.9
36,68.57,75.12,41.27
46,69.45,75.07,41.27
39,70.33,74.99,41.27
7,71.21,74.94,41.27
6,72.09,74.88,41.27
13,66.86,74.44,41.9
16,66.86,74.44,41.27
34,68.09,74.77,41.9
18,67.19,74.85,41.9
35,68.09,74.77,41.27
20,67.19,74.85,41.27
7,72.9,73.92,40.66
12,73.31,73.43,40.66
5,72.02,74,40.66
5,71.62,74.5,40.66
31,70.74,74.59,40.66
64,69.86,74.67,40.66
46,68.98,74.75,40.66
44,68.5,74.31,40.66
30,67.6,74.38,40.66
25,67.08,73.98,40.66
7,72.42,73.52,40.46
11,72.83,73.03,40.46
6,71.54,73.61,40.46
11,71.14,74.12,40.46
80,70.26,74.21,40.46
60,69.38,74.28,40.46
56,68.89,73.85,40.46
38,67.99,73.91,40.46
34,67.47,73.5,40.46
35,74.14,73.36,43.14
26,74.16,73.35,42.52
38,74.5,72.44,43.15
36,74.31,72.89,43.14
40,74.27,71.98,43.15
42,74.35,71.48,43.14
27,74.18,71.03,43.15
36,74.5,72.44,42.52
30,74.34,72.93,42.5
39,74.27,71.98,42.52
40,74.35,71.48,42.51
20,74.18,71.03,42.52
4,66.58,73.58,43.14
2,66.38,72.76,42.49
5,66.58,73.58,42.51
47,72.9,73.91,43.15
42,72.9,73.91,42.52
46,73.3,73.43,43.15
41,73.3,73.43,42.52
40,72.02,73.99,43.15
30,72.02,73.99,42.52
34,68.97,74.7,43.15
36,69.85,74.62,43.15
15,70.73,74.54,43.15
27,71.61,74.47,43.15
41,68.97,74.7,42.52
43,69.85,74.62,42.52
14,70.73,74.54,42.52
20,71.61,74.47,42.52
17,67.14,73.97,43.15
18,67.14,73.97,42.52
33,68.49,74.29,43.15
22,67.61,74.37,43.15
42,68.49,74.29,42.52
26,67.61,74.37,42.52
20,66.38,72.77,40.58
18,66.57,73.59,40.76
25,67.14,73.97,40.87
30,67.61,74.37,40.87
46,68.49,74.29,40.87
48,68.97,74.7,40.87
65,69.85,74.62,40.87
25,70.73,74.54,40.87
5,71.61,74.47,40.87
6,72.02,73.99,40.87
7,72.9,73.91,40.87
12,73.3,73.43,40.87
16,74.17,73.37,40.85
31,74.51,72.4,40.77
27,74.31,72.9,40.86
32,74.37,71.62,40.68
32,74.27,71.98,40.85
20,74.35,70.69,40.68
25,74.18,71.07,40.82
33,74.35,71.48,40.73
21,73.73,72.94,40.66
30,74.16,71.8,40.61
28,74.16,72.43,40.65
20,73.97,70.74,40.61
30,74.01,71.51,40.61
17,73.26,72.53,40.46
13,73.56,70.36,40.46
22,73.65,71.19,40.45
22,73.73,72.01,40.46
7,74.44,70.59,41.2
13,74.21,70.24,40.84
9,73.96,69.86,40.64
5,73.47,69.46,40.46
5,74.51,70.19,41.19
3,74.51,69.44,40.76
3,74.28,69.37,40.65
2,73.51,68.09,40.46
3,73.47,67.65,40.46
7,73.62,66.98,40.45
6,73.42,67.21,40.46
3,73.97,66.5,40.63
2,73.98,66.72,40.62
2,73.83,66.84,40.6
3,73.89,66.73,40.57
4,73.88,66.51,40.58
9,73.71,66.76,40.45
10,73.81,66.64,40.44
15,73.79,66.45,40.44
6,73.95,66.28,40.63
20,73.85,66.31,40.58
61,73.67,66.38,40.45
104,73.77,66.28,40.44
4,74.7,68.94,50.13
6,74.64,68.95,50.3
8,66.83,73.56,45.65
8,66.83,73.56,45.02
14,67.14,73.97,46.9
14,67.14,73.97,46.27
17,67.61,74.37,46.9
17,67.61,74.37,46.27
21,67.54,73.49,45.65
22,67.54,73.49,45.02
22,68.02,73.89,45.65
24,68.02,73.89,45.02
42,74.27,71.98,44.4
43,74.51,71.97,45.02
43,74.7,71.81,45.65
43,74.6,71.49,45.66
43,74.48,71.38,45.02
43,74.44,71.65,45.02
38,74.3,72.89,45.02
34,74.32,73.78,45.02
35,74.13,73.36,45.02
38,74.5,73.77,45.65
40,74.5,73.35,45.65
42,74.5,72.43,45.02
41,74.5,72.85,45.65
43,74.7,73.18,46.63
43,74.7,72.33,45.65
18,68.49,74.29,46.9
16,68.97,74.7,46.9
19,68.49,74.29,46.27
18,68.97,74.7,46.27
17,69.85,74.62,46.9
20,69.85,74.62,46.27
13,70.33,74.99,46.9
15,70.73,74.54,45.65
14,70.33,74.99,46.27
20,71.61,74.47,45.65
11,71.21,74.94,46.9
12,71.21,74.94,46.27
11,71.67,75.21,46.9
12,71.67,75.21,46.27
19,72.09,74.88,45.65
17,73.01,75.02,46.57
39,74.5,74.34,46.59
31,74.18,74.22,45.65
34,74.2,75.12,46.57
25,73.88,74.71,45.65
35,72.9,73.91,45.02
24,72.5,74.39,45.65
24,73.38,74.31,45.65
35,73.3,73.43,45.02
29,73.78,73.83,45.65
25,72.02,73.99,45.65
25,68.9,73.82,45.65
25,69.37,74.22,45.65
21,70.26,74.14,45.65
28,68.9,73.82,45.02
28,69.37,74.22,45.02
22,70.26,74.14,45.02
20,71.14,74.06,45.02
26,71.54,73.59,45.02
36,72.42,73.51,45.02
39,72.82,73.03,45.02
9,66.83,73.56,48.15
10,66.83,73.56,47.52
3,67.09,73.09,49.4
8,67.09,73.09,48.77
18,67.54,73.49,48.15
19,67.54,73.49,47.52
20,68.02,73.89,48.15
20,68.02,73.89,47.52
5,67.94,73.01,49.4
14,67.94,73.01,48.77
6,68.42,73.41,49.4
17,68.42,73.41,48.77
2,68.38,72.97,49.84
14,73.56,69.5,50.31
17,73.63,70.77,50.31
15,74.48,70.81,50.17
7,74.7,70.34,49.63
15,74.6,70.76,49.61
19,74.6,70.76,48.93
37,74.7,71.87,47.92
35,74.6,71.49,47.91
26,74.48,71.12,49.22
31,74.51,72.02,49.16
30,74.44,71.65,49.15
25,74.2,72,49.87
21,74.07,71.41,50.16
19,74.35,71.17,49.97
20,68.9,73.82,48.15
19,69.37,74.22,48.15
19,68.9,73.82,47.52
17,69.37,74.22,47.52
41,74.5,73.15,47.86
14,70.73,74.54,48.15
17,70.26,74.14,48.15
13,70.73,74.54,47.52
16,70.26,74.14,47.52
15,72.06,74.44,47.83
33,73.77,74.32,47.82
10,69.3,73.34,49.4
14,69.78,73.74,49.4
21,69.3,73.34,48.77
21,69.78,73.74,48.77
36,74.17,73.25,49.08
28,72.86,73.47,49.08
21,71.1,73.62,49.08
6,70.14,72.82,49.84
14,71.9,72.67,49.85
26,73.61,72.5,49.86
4,70.95,71.87,50.1
14,72.73,71.71,50.12
4,71.8,70.91,50.3
9,74.7,70.34,48.93
5,74.7,69.52,49.6
12,74.51,69.8,49.96
17,74.43,70.6,49.98
15,74.17,69.8,50.13
12,74.02,69,50.3
3,72.09,69.11,50.3
11,73.03,69.05,50.3
8,66.83,73.56,44.4
2,66.58,72.76,44.39
9,66.83,73.56,43.77
2,66.58,72.76,43.77
39,73.7,72.95,44.4
42,74.07,71.86,44.4
40,74.08,72.47,44.4
40,73.7,72.95,43.77
42,74.07,71.86,43.77
39,74.08,72.47,43.77
43,73.97,71.54,43.77
42,72.42,73.51,44.4
46,72.42,73.51,43.77
44,72.82,73.03,44.4
48,72.82,73.03,43.77
30,71.54,73.59,44.4
31,71.54,73.59,43.77
32,69.37,74.22,44.4
23,70.26,74.14,44.4
21,71.14,74.06,44.4
38,69.37,74.22,43.77
24,70.26,74.14,43.77
21,71.14,74.06,43.77
24,67.54,73.49,44.4
27,67.54,73.49,43.77
33,68.9,73.82,44.4
26,68.02,73.89,44.4
39,68.9,73.82,43.77
30,68.02,73.89,43.77
43,74.35,71.48,44.4
25,74.48,71.03,44.39
32,74.48,71.03,45.03
2,74.11,66.26,40.72
25,74.01,66.16,40.61
208,73.91,66.1,40.55
135,73.84,66.19,40.44
2,73.83,67.16,40.6
35,74.18,71.03,43.77
27,74.35,70.99,43.77
2,74.6,70.76,43.75
3,74.44,70.59,43.13
3,74.7,70.31,43.11
6,74.22,70.22,42.52
2,74.7,69.46,42.5
2,66.58,72.76,45.02
2,66.58,72.76,45.65
4,66.58,73.58,46.27
4,66.58,73.58,46.9
4,66.58,73.58,48.15
5,66.58,73.58,47.52
2,66.58,72.76,48.79
2,66.81,72.72,49.4
4,66.81,72.72,48.77
13,74.16,73.36,41.9
15,74.15,73.36,41.27
34,74.5,72.44,41.89
27,74.33,72.92,41.92
38,74.27,71.98,41.9
38,74.35,71.48,41.88
4,74.22,70.22,41.9
18,74.18,71.03,41.9
33,74.5,72.43,41.23
28,74.3,72.89,41.27
35,74.27,71.98,41.27
36,74.35,71.48,41.23
23,74.18,71.03,41.27
4,66.38,72.76,41.83
13,66.38,72.76,41.09
7,66.58,73.58,41.88
12,66.58,73.58,41.22
23,66.73,73.57,40.65
28,66.9,73.1,40.46
25,66.53,72.73,40.46
16,72.9,73.91,41.9
7,72.9,73.91,41.27
20,73.3,73.43,41.9
12,73.3,73.43,41.27
14,72.02,73.99,41.9
6,72.02,73.99,41.27
47,68.97,74.7,41.9
51,69.85,74.62,41.9
14,70.73,74.54,41.9
10,71.61,74.47,41.9
49,68.97,74.7,41.27
60,69.85,74.62,41.27
17,70.73,74.54,41.27
6,71.61,74.47,41.27
19,67.14,73.97,41.9
22,67.14,73.97,41.27
48,68.49,74.29,41.9
28,67.61,74.37,41.9
49,68.49,74.29,41.27
30,67.61,74.37,41.27
8,72.42,73.51,40.66
12,72.82,73.03,40.66
7,71.54,73.59,40.66
10,71.14,74.08,40.66
79,70.26,74.17,40.66
63,69.38,74.24,40.66
59,68.89,73.83,40.66
40,68.01,73.9,40.66
34,67.51,73.49,40.66
7,71.94,73.11,40.46
8,72.35,72.63,40.46
80,71.06,73.2,40.46
86,70.66,73.7,40.46
83,69.78,73.78,40.46
78,69.29,73.36,40.46
51,68.4,73.42,40.46
45,67.89,73.02,40.46
41,73.7,72.95,43.15
38,73.7,72.95,42.52
41,74.07,71.86,43.15
39,74.08,72.47,43.15
32,73.91,70.7,43.15
42,73.97,71.54,43.15
40,74.07,71.86,42.52
38,74.08,72.47,42.52
23,73.91,70.7,42.52
40,73.97,71.54,42.52
10,66.83,73.56,43.15
3,66.58,72.76,43.14
4,66.58,72.76,42.51
11,66.83,73.56,42.52
45,72.42,73.51,43.15
37,72.42,73.51,42.52
47,72.82,73.03,43.15
42,72.82,73.03,42.52
27,71.54,73.59,43.15
18,71.54,73.59,42.52
45,69.37,74.22,43.15
26,70.26,74.14,43.15
18,71.14,74.06,43.15
53,69.37,74.22,42.52
31,70.26,74.14,42.52
13,71.14,74.06,42.52
29,67.54,73.49,43.15
31,67.54,73.49,42.52
47,68.9,73.82,43.15
35,68.02,73.89,43.15
55,68.9,73.82,42.52
41,68.02,73.89,42.52
21,66.38,72.22,40.57
20,66.58,72.77,40.76
22,66.83,73.56,40.87
35,67.54,73.49,40.87
41,68.02,73.89,40.87
61,68.9,73.82,40.87
65,69.37,74.22,40.87
75,70.26,74.14,40.87
10,71.14,74.06,40.87
7,71.54,73.59,40.87
8,72.42,73.51,40.87
12,72.82,73.03,40.87
20,73.7,72.95,40.87
32,74.09,71.85,40.83
28,74.08,72.47,40.86
21,73.94,70.71,40.83
33,73.99,71.53,40.83
19,73.24,72.54,40.66
17,73.5,70.33,40.65
27,73.58,71.19,40.64
26,73.66,72.05,40.65
9,73.04,69.93,40.46
13,72.77,72.14,40.46
17,73.12,70.8,40.46
19,73.2,71.65,40.46
7,72.53,69.52,40.46
9,74.22,70.22,41.27
9,73.89,69.84,40.86
6,73.42,69.44,40.66
3,72.93,69.04,40.46
3,74.19,69.34,40.87
2,73.84,68.96,40.66
2,73.26,67.89,40.46
3,73.02,67.69,40.46
4,73.22,67.45,40.46
2,73.62,66.97,40.64
13,73.38,66.8,40.46
9,73.18,67.03,40.46
2,73.71,66.75,40.63
3,73.81,66.63,40.6
5,73.79,66.42,40.6
20,73.58,66.58,40.46
5,73.9,66.28,40.73
22,73.67,66.33,40.62
89,73.77,66.22,40.59
315,73.55,66.32,40.45
499,73.66,66.22,40.44
4,74.7,68.92,49.58
3,74.7,68.47,50.13
11,74.5,68.91,49.96
11,74.45,68.92,50.1
6,74.42,68.47,50.3
10,66.83,73.56,46.9
9,66.83,73.56,46.27
12,67.09,73.09,45.65
12,67.09,73.09,45.02
5,66.81,72.72,45.65
5,66.81,72.72,45.02
19,67.54,73.49,46.9
20,67.54,73.49,46.27
19,68.02,73.89,46.9
20,68.02,73.89,46.27
27,67.94,73.01,45.65
30,67.94,73.01,45.02
26,68.42,73.41,45.65
30,68.42,73.41,45.02
41,74.7,71.84,46.64
42,74.27,71.98,45.02
43,74.51,71.96,45.65
41,74.6,71.49,46.62
6,74.6,70.76,45.67
36,74.48,71.03,45.66
43,74.44,71.65,45.65
42,74.48,71.38,45.66
42,74.07,71.86,45.02
43,74.35,71.48,45.02
43,73.97,71.54,44.4
40,74.08,72.47,45.02
39,74.3,72.88,45.65
36,74.32,73.78,45.65
37,73.7,72.95,45.02
36,74.13,73.36,45.65
43,74.7,72.3,46.4
41,74.5,73.21,46.61
42,74.51,72.42,45.65
20,68.9,73.82,46.9
19,69.37,74.22,46.9
22,68.9,73.82,46.27
22,69.37,74.22,46.27
18,71.14,74.06,45.65
18,70.26,74.14,46.9
19,70.26,74.14,46.27
14,70.73,74.54,46.9
14,70.73,74.54,46.27
16,72.06,74.44,46.58
28,72.9,73.91,45.65
31,73.3,73.43,45.65
29,73.77,74.32,46.59
22,71.54,73.59,45.65
30,72.42,73.51,45.65
33,72.82,73.03,45.65
29,69.3,73.34,45.65
26,69.78,73.74,45.65
20,70.66,73.66,45.65
33,69.3,73.34,45.02
30,69.78,73.74,45.02
20,70.66,73.66,45.02
21,71.06,73.18,45.65
21,71.06,73.18,45.02
31,71.94,73.11,45.02
36,72.34,72.63,45.02
39,73.22,72.55,45.02
41,73.62,72.07,45.02
12,67.09,73.09,48.15
14,67.09,73.09,47.52
4,67.46,72.61,49.4
10,67.46,72.61,48.77
21,67.94,73.01,48.15
23,67.94,73.01,47.52
22,68.42,73.41,48.15
21,68.42,73.41,47.52
6,68.34,72.53,49.4
17,68.34,72.53,48.77
8,68.82,72.94,49.4
20,68.82,72.94,48.77
3,69.18,72.02,49.84
9,72.63,69.98,50.3
14,73.46,69.45,50.12
18,73.53,70.75,50.15
19,74.35,70.69,50.04
18,74.51,70.2,49.48
21,74.44,70.59,49.47
22,74.6,70.76,48.26
26,74.44,70.59,48.83
35,74.48,71.12,47.91
39,74.51,72.02,47.87
38,74.44,71.65,47.86
33,74.2,72,49.09
24,74.02,71.39,49.89
29,74.35,71.12,49.13
21,69.3,73.34,48.15
19,69.78,73.74,48.15
20,69.3,73.34,47.52
18,69.78,73.74,47.52
39,74.17,73.25,47.83
18,71.1,73.62,47.83
24,72.86,73.47,47.83
18,70.14,72.82,49.08
22,71.9,72.67,49.08
32,73.61,72.51,49.08
6,70.94,71.86,49.84
16,72.72,71.71,49.86
4,71.76,70.91,50.11
23,74.6,70.76,47.61
10,74.7,70.33,48.26
22,74.51,70.2,48.83
8,74.7,69.5,48.89
15,74.5,69.45,49.48
18,74.05,69.8,49.87
14,73.88,68.97,50.11
3,72.05,69.11,50.1
11,72.96,69.04,50.11
12,73.46,68.55,50.3
7,72.51,68.62,50.3
12,67.09,73.09,44.4
5,66.81,72.72,44.4
13,67.09,73.09,43.77
6,66.81,72.72,43.77
43,73.22,72.55,44.4
42,73.62,72.07,44.4
45,73.22,72.55,43.77
44,73.55,71.19,43.77
43,73.62,72.07,43.77
36,71.94,73.11,44.4
39,71.94,73.11,43.77
42,72.34,72.63,44.4
46,72.34,72.63,43.77
22,71.06,73.18,44.4
21,71.06,73.18,43.77
33,69.78,73.74,44.4
21,70.66,73.66,44.4
38,69.78,73.74,43.77
20,70.66,73.66,43.77
34,67.94,73.01,44.4
38,67.94,73.01,43.77
38,69.3,73.34,44.4
34,68.42,73.41,44.4
45,69.3,73.34,43.77
41,68.42,73.41,43.77
40,74.18,71.03,44.4
35,74.35,70.99,44.39
3,74.6,70.76,44.39
11,74.7,70.32,45.66
39,74.35,70.99,45.02
5,74.6,70.76,45.03
8,73.99,66.16,40.72
205,73.93,66.06,40.63
545,73.76,66.13,40.44
184,73.84,66.11,40.57
38,73.91,70.7,43.77
6,74.44,70.59,43.76
6,74.7,70.31,43.75
15,74.22,70.22,43.15
5,74.51,70.19,43.13
5,74.7,69.47,43.13
14,73.89,69.83,42.52
4,74.5,69.43,42.51
2,74.7,68.88,42.5
2,66.58,72.76,46.27
3,66.58,72.76,46.9
3,66.58,72.76,48.15
3,66.58,72.76,47.52
6,66.81,72.72,48.15
7,66.81,72.72,47.52
2,67.01,72.21,49.4
4,67.01,72.21,48.77
28,73.7,72.95,41.9
21,73.7,72.95,41.27
6,73.89,69.83,41.9
38,74.07,71.86,41.9
35,74.08,72.47,41.9
19,73.91,70.7,41.9
39,73.97,71.54,41.9
35,74.07,71.86,41.27
31,74.08,72.47,41.27
21,73.91,70.7,41.27
36,73.97,71.54,41.27
5,66.38,72.22,41.81
6,66.58,72.76,41.87
14,66.38,72.22,41.08
14,66.58,72.76,41.2
12,66.83,73.56,41.9
17,66.83,73.56,41.27
28,67.01,73.09,40.66
25,66.7,72.73,40.65
38,67.34,72.61,40.46
31,66.78,72.21,40.46
19,72.42,73.51,41.9
9,72.42,73.51,41.27
25,72.82,73.03,41.9
14,72.82,73.03,41.27
11,71.54,73.59,41.9
8,71.54,73.59,41.27
60,69.37,74.22,41.9
41,70.26,74.14,41.9
10,71.14,74.06,41.9
65,69.37,74.22,41.27
58,70.26,74.14,41.27
9,71.14,74.06,41.27
31,67.54,73.49,41.9
34,67.54,73.49,41.27
61,68.9,73.82,41.9
43,68.02,73.89,41.9
64,68.9,73.82,41.27
44,68.02,73.89,41.27
8,71.94,73.11,40.66
9,72.34,72.63,40.66
75,71.06,73.19,40.66
79,70.66,73.68,40.66
84,69.78,73.75,40.66
80,69.3,73.34,40.66
53,68.41,73.42,40.66
47,67.92,73.01,40.66
78,71.46,72.71,40.46
46,71.87,72.23,40.46
102,70.15,72.85,40.46
69,68.8,72.94,40.46
62,68.3,72.54,40.46
46,73.22,72.55,43.15
44,73.22,72.55,42.52
37,73.47,70.31,43.15
42,73.55,71.19,43.15
43,73.62,72.07,43.15
30,73.47,70.31,42.52
40,73.55,71.19,42.52
42,73.62,72.07,42.52
14,67.09,73.09,43.15
2,66.58,72.22,43.14
6,66.81,72.72,43.15
3,66.58,72.22,42.51
8,66.81,72.72,42.52
16,67.09,73.09,42.52
35,71.94,73.11,43.15
24,71.94,73.11,42.52
44,72.34,72.63,43.15
33,72.34,72.63,42.52
21,71.06,73.18,43.15
19,71.06,73.18,42.52
43,69.78,73.74,43.15
20,70.66,73.66,43.15
52,69.78,73.74,42.52
21,70.66,73.66,42.52
42,67.94,73.01,43.15
45,67.94,73.01,42.52
52,69.3,73.34,43.15
48,68.42,73.41,43.15
61,69.3,73.34,42.52
55,68.42,73.41,42.52
22,66.38,71.81,40.57
21,66.58,72.22,40.75
24,66.81,72.73,40.87
28,67.09,73.09,40.87
49,67.94,73.01,40.87
55,68.42,73.41,40.87
79,69.3,73.34,40.87
83,69.78,73.74,40.87
70,70.66,73.66,40.87
67,71.06,73.18,40.87
8,71.94,73.11,40.87
9,72.34,72.63,40.87
19,73.22,72.55,40.87
18,73.48,70.31,40.86
30,73.56,71.19,40.85
28,73.63,72.07,40.86
14,73.01,69.92,40.66
15,72.75,72.15,40.66
22,73.09,70.79,40.66
23,73.17,71.66,40.66
11,72.52,69.51,40.66
26,66.48,71.8,40.46
12,72.62,70.4,40.46
10,72.28,71.75,40.46
15,72.7,71.27,40.46
8,72.12,69.99,40.46
4,72.04,69.11,40.46
2,72.44,68.63,40.46
7,73.89,69.83,41.27
7,73.39,69.43,40.87
4,72.92,69.03,40.66
2,73.79,68.95,40.87
2,72.84,68.15,40.46
4,72.78,67.5,40.46
6,72.98,67.26,40.46
3,73.38,66.78,40.66
31,73.14,66.64,40.46
2,73.18,67.02,40.66
14,72.94,66.86,40.46
2,73.8,66.4,40.75
5,73.58,66.55,40.64
211,73.34,66.43,40.46
6,73.68,66.3,40.76
3,73.77,66.18,40.88
32,73.78,66.18,40.74
153,73.55,66.24,40.63
460,73.66,66.13,40.6
1039,73.43,66.25,40.45
1331,73.53,66.15,40.44
2785,73.32,66.05,40.35
1647,73.63,66.05,40.37
2,70.6,67.81,50.3
6,74.7,68.91,48.87
2,74.7,68.47,49.57
13,74.5,68.9,49.47
9,74.5,68.48,49.96
14,74.33,68.9,49.84
10,74.25,68.47,50.1
6,73.91,68.03,50.3
13,67.09,73.09,46.9
7,66.81,72.72,46.9
12,67.09,73.09,46.27
6,66.81,72.72,46.27
18,67.46,72.61,45.65
18,67.46,72.61,45.02
6,67.01,72.21,45.65
7,67.01,72.21,45.02
23,67.94,73.01,46.9
24,67.94,73.01,46.27
21,68.42,73.41,46.9
23,68.42,73.41,46.27
31,68.34,72.53,45.65
35,68.34,72.53,45.02
31,68.82,72.94,45.65
36,68.82,72.94,45.02
39,74.48,71.12,46.62
42,74.51,71.99,46.62
42,74.27,71.99,45.65
42,74.44,71.65,46.6
11,74.6,70.76,46.31
27,74.44,70.59,45.65
40,74.35,70.99,45.65
42,74.18,71.03,45.02
42,74.07,71.86,45.65
43,74.35,71.48,45.65
44,73.55,71.19,44.4
43,73.97,71.54,45.02
42,74.51,72.39,46.38
36,73.7,72.95,45.65
40,74.08,72.47,45.65
38,74.17,73.28,46.6
37,73.22,72.55,45.65
40,73.62,72.07,45.65
22,69.3,73.34,46.9
21,69.78,73.74,46.9
25,69.3,73.34,46.27
24,69.78,73.74,46.27
28,71.94,73.11,45.65
33,72.34,72.63,45.65
18,71.1,73.62,46.58
25,72.86,73.47,46.58
26,71.46,72.7,45.65
28,70.14,72.82,45.33
27,71.46,72.7,45.02
30,71.86,72.23,45.65
32,71.86,72.23,45.02
42,72.74,72.15,45.02
43,73.14,71.67,45.02
16,74.6,70.76,46.96
11,74.7,70.32,47.6
16,67.46,72.61,48.15
19,67.46,72.61,47.52
2,67.38,71.73,49.4
5,67.38,71.73,48.77
4,67.86,72.13,49.4
12,67.86,72.13,48.77
23,68.34,72.53,48.15
25,68.34,72.53,47.52
23,68.82,72.94,48.15
22,68.82,72.94,47.52
14,69.18,72.02,49.08
3,69.99,71.06,49.84
8,72.57,69.96,50.12
2,71.63,69.58,49.84
14,73.39,69.44,49.86
24,74.22,70.22,49.4
19,73.5,70.74,49.89
22,73.9,69.83,49.4
30,74.44,70.59,48.19
29,74.22,70.22,48.77
39,74.2,71.99,47.83
31,74.02,71.37,49.08
37,74.35,71.12,47.86
22,70.14,72.82,47.83
24,71.9,72.67,47.83
35,73.61,72.51,47.83
17,70.94,71.86,49.08
23,72.7,71.71,49.09
5,71.73,70.91,49.85
32,74.44,70.59,47.55
25,74.51,70.2,48.19
11,74.7,69.49,48.22
20,74.5,69.44,48.82
27,73.89,69.83,48.77
20,74.19,69.34,49.4
15,73.79,68.95,49.85
3,72.03,69.11,49.84
10,72.91,69.03,49.85
12,73.37,68.55,50.1
7,72.46,68.62,50.1
11,72.93,68.11,50.3
6,72,68.18,50.3
5,74.42,67.98,50.1
11,74.7,70.32,46.3
5,74.5,67.96,49.95
19,67.46,72.61,44.4
6,67.01,72.21,44.4
20,67.46,72.61,43.77
7,67.01,72.21,43.77
46,72.74,72.15,44.4
45,73.14,71.67,44.4
48,72.74,72.15,43.77
44,73.07,70.79,43.77
46,73.14,71.67,43.77
28,71.46,72.7,44.4
28,71.46,72.7,43.77
36,71.86,72.23,44.4
39,71.86,72.23,43.77
33,70.14,72.82,44.08
40,68.34,72.53,44.4
44,68.34,72.53,43.77
42,68.82,72.94,44.4
49,68.82,72.94,43.77
44,73.07,70.79,44.4
42,73.91,70.7,44.4
13,74.44,70.59,44.39
8,74.7,70.32,44.39
24,74.51,70.19,45.65
14,74.7,69.48,45.65
10,74.7,70.32,45.03
22,74.44,70.59,45.02
1258,73.64,66.08,40.44
693,73.76,66.02,40.58
81,73.88,66.06,40.72
1942,73.63,65.9,40.52
6,73.87,66.06,40.88
41,73.47,70.31,43.77
25,74.22,70.22,43.77
10,74.51,70.19,43.76
7,74.7,69.47,43.76
25,73.89,69.83,43.15
10,74.5,69.43,43.14
4,74.7,68.9,43.14
23,73.39,69.43,42.52
3,73.98,68.49,41.74
3,74.17,68.25,41.74
2,74.32,68.46,41.74
9,74.19,69.34,42.52
2,74.33,68.87,41.89
3,74.5,68.45,42.05
6,74.5,68.87,42.51
2,74.3,68.02,41.74
2,74.5,68,42.05
2,74.27,67.24,41.73
2,66.58,72.22,46.9
2,66.58,72.22,47.52
2,66.78,71.8,45.02
2,66.78,71.8,45.65
7,67.01,72.21,48.15
9,67.01,72.21,47.52
15,66.38,71.81,41.06
5,66.38,71.81,41.8
35,73.22,72.55,41.9
23,73.22,72.55,41.27
13,73.39,69.43,41.9
23,73.47,70.31,41.9
37,73.55,71.19,41.9
39,73.62,72.07,41.9
20,73.47,70.31,41.27
34,73.55,71.19,41.27
32,73.62,72.07,41.27
6,66.58,72.22,41.86
11,66.81,72.72,41.9
15,66.58,72.22,41.2
19,66.81,72.72,41.27
18,67.09,73.09,41.9
24,67.09,73.09,41.27
39,67.42,72.61,40.66
30,66.92,72.21,40.66
54,67.79,72.13,40.46
44,67.23,71.73,40.46
14,71.94,73.11,41.9
9,71.94,73.11,41.27
19,72.34,72.63,41.9
11,72.34,72.63,41.27
25,71.06,73.18,41.9
42,71.06,73.18,41.27
63,69.78,73.74,41.9
27,70.66,73.66,41.9
75,69.78,73.74,41.27
46,70.66,73.66,41.27
46,67.94,73.01,41.9
50,67.94,73.01,41.27
68,69.3,73.34,41.9
57,68.42,73.41,41.9
74,69.3,73.34,41.27
59,68.42,73.41,41.27
73,71.46,72.71,40.66
52,71.86,72.23,40.66
102,70.15,72.84,40.66
71,68.81,72.94,40.66
64,68.33,72.53,40.66
95,70.97,71.89,40.46
102,69.17,72.05,40.46
2,66.78,71.8,44.4
2,66.58,71.81,42.5
2,66.78,71.8,43.77
47,72.74,72.15,43.15
43,72.74,72.15,42.52
39,72.99,69.91,43.15
43,73.07,70.79,43.15
45,73.14,71.67,43.15
34,72.99,69.91,42.52
40,73.07,70.79,42.52
43,73.14,71.67,42.52
21,67.46,72.61,43.15
8,67.01,72.21,43.15
11,67.01,72.21,42.52
25,67.46,72.61,42.52
25,71.46,72.7,43.15
23,71.46,72.7,42.52
35,71.86,72.23,43.15
27,71.86,72.23,42.52
43,70.14,72.82,42.83
49,68.34,72.53,43.15
53,68.34,72.53,42.52
55,68.82,72.94,43.15
61,68.82,72.94,42.52
33,72.51,69.51,42.52
23,66.38,71.32,40.57
22,66.58,71.81,40.75
31,67.01,72.21,40.87
40,67.46,72.61,40.87
65,68.34,72.53,40.87
71,68.82,72.94,40.87
24,66.38,70.97,40.53
94,70.15,72.94,40.85
66,71.46,72.7,40.87
54,71.86,72.23,40.87
16,72.74,72.15,40.87
16,72.99,69.91,40.87
26,73.07,70.79,40.87
26,73.15,71.67,40.87
14,72.51,69.51,40.87
26,66.67,71.8,40.66
18,72.6,70.39,40.66
14,72.27,71.75,40.66
20,72.68,71.27,40.66
14,72.12,69.99,40.66
8,72.03,69.11,40.66
35,66.7,71.32,40.46
30,66.45,70.9,40.46
8,71.78,70.91,40.46
6,71.64,69.59,40.46
5,71.15,69.19,40.46
4,71.55,68.71,40.46
3,71.96,68.24,40.46
3,72.44,68.63,40.66
7,73.39,69.43,41.27
5,72.91,69.03,40.87
7,72.54,67.31,40.46
8,72.74,67.08,40.46
5,72.36,67.76,40.46
3,73.5,68.09,41.43
2,73.7,67.85,41.43
5,73.79,68.95,41.9
7,73.14,66.6,40.66
334,72.9,66.48,40.46
3,72.94,66.83,40.66
31,72.7,66.69,40.46
55,73.34,66.37,40.65
1539,73.1,66.28,40.45
6,73.55,66.2,40.88
54,73.56,66.19,40.76
20,73.65,66.08,40.88
216,73.66,66.07,40.74
751,73.43,66.15,40.62
1298,73.53,66.03,40.59
2195,73.3,66.13,40.44
2550,73.32,65.89,40.51
3220,73.07,66.04,40.33
3371,73.3,65.92,40.33
2399,73.51,66.04,40.31
2,70.6,67.87,50.1
2,71.01,67.27,50.3
8,74.7,68.91,48.2
3,74.7,68.47,48.85
17,74.5,68.9,48.81
10,74.5,68.47,49.46
17,74.33,68.9,49.4
13,74.14,68.47,49.84
9,73.79,68.06,50.1
3,73.36,67.58,50.3
11,74.7,70.32,46.95
19,67.46,72.61,46.9
9,67.01,72.21,46.9
18,67.46,72.61,46.27
7,67.01,72.21,46.27
22,67.86,72.13,45.65
23,67.86,72.13,45.02
10,67.38,71.73,45.65
11,67.38,71.73,45.02
25,68.34,72.53,46.9
28,68.34,72.53,46.27
24,68.82,72.94,46.9
27,68.82,72.94,46.27
34,69.18,72.02,45.33
41,74.21,71.97,46.61
40,74.35,71.12,46.59
31,74.44,70.59,46.28
38,74.22,70.22,45.65
42,73.91,70.7,45.02
42,74.18,71.03,45.65
43,73.55,71.19,45.02
42,73.97,71.54,45.65
38,72.74,72.15,45.65
40,73.14,71.67,45.65
36,73.63,72.51,46.57
23,70.14,72.82,46.58
26,71.9,72.67,46.58
27,70.94,71.86,45.33
37,72.26,71.75,45.65
41,72.26,71.75,45.02
43,72.67,71.27,45.02
39,72.67,71.27,45.65
43,73.07,70.79,45.02
31,74.44,70.59,46.92
13,74.7,69.48,47.56
27,74.51,70.19,47.55
10,67.38,71.73,48.15
21,67.86,72.13,48.15
24,67.86,72.13,47.52
13,67.38,71.73,47.52
7,68.22,71.21,49.08
26,69.18,72.02,47.83
11,69.99,71.06,49.08
4,71.63,69.58,49.4
17,73.39,69.43,49.4
9,72.56,69.94,49.86
33,74.22,70.22,48.15
38,74.02,71.37,47.83
26,73.46,70.74,49.09
25,70.94,71.86,47.83
29,72.7,71.71,47.83
14,71.74,70.91,49.08
36,74.22,70.22,47.52
24,74.5,69.44,48.17
32,73.89,69.83,48.15
25,74.19,69.34,48.77
7,71.63,69.58,48.77
21,73.39,69.43,48.77
18,73.79,68.95,49.4
5,72.03,69.11,49.4
12,72.91,69.03,49.4
12,73.32,68.55,49.84
6,72.43,68.63,49.84
10,72.87,68.13,50.1
5,71.97,68.21,50.1
7,72.42,67.66,50.3
5,71.51,67.74,50.3
9,74.3,68.01,49.84
3,74.19,67.55,50.11
26,74.51,70.19,46.28
15,74.7,69.47,46.28
6,74.5,67.97,49.46
2,74.5,67.53,49.95
24,67.86,72.13,44.4
11,67.38,71.73,44.4
26,67.86,72.13,43.77
12,67.38,71.73,43.77
44,72.26,71.75,44.4
46,72.67,71.27,44.4
45,72.26,71.75,43.77
43,72.59,70.39,43.77
46,72.67,71.27,43.77
27,70.94,71.86,44.08
40,69.18,72.02,44.08
43,72.59,70.39,44.4
43,73.47,70.31,44.4
32,74.22,70.22,44.39
16,74.51,70.19,44.39
9,74.7,69.47,44.39
10,74.7,68.91,45.64
26,74.5,69.44,45.65
12,74.7,69.48,45.02
20,74.51,70.19,45.02
40,73.89,69.83,45.65
36,74.22,70.22,45.02
42,73.47,70.31,45.02
1400,73.64,65.95,40.58
385,73.76,65.96,40.73
2523,73.51,65.88,40.48
1719,73.63,65.8,40.62
38,73.75,65.96,40.88
3,74.07,65.82,41.19
2,73.62,66.97,41.43
2,73.66,67.41,41.43
39,72.11,69.99,43.77
42,72.99,69.91,43.77
33,73.89,69.83,43.77
16,74.5,69.43,43.77
7,74.7,68.9,43.76
3,74.11,67.37,41.74
38,72.51,69.51,43.15
4,73.9,67.61,41.74
27,72.91,69.03,42.52
5,73.74,68.29,41.74
4,73.94,68.05,41.74
3,74.14,67.81,41.74
2,74.3,67.57,41.73
33,73.39,69.43,43.15
20,74.19,69.34,43.15
12,74.5,68.89,43.14
3,74.7,68.47,43.14
17,73.79,68.95,42.52
8,73.98,68.49,42.05
6,74.2,68.69,42.05
7,74.17,68.25,42.05
5,74.32,68.46,42.05
8,74.33,68.88,42.51
6,74.5,68.47,42.52
5,74.3,68.02,42.05
3,74.5,67.99,42.36
2,74.16,67.12,41.74
3,74.27,67.23,42.05
2,66.94,71.3,45.02
3,66.78,71.8,46.9
2,66.94,71.3,45.65
3,66.78,71.8,46.27
2,66.92,71.37,47.83
17,72.91,69.03,41.9
18,66.38,70.9,41
16,66.38,71.32,41.06
16,66.58,71.81,41.19
6,66.38,71.16,41.79
6,66.58,71.81,41.86
31,72.74,72.15,41.9
19,72.74,72.15,41.27
27,72.99,69.91,41.9
36,73.07,70.79,41.9
39,73.14,71.67,41.9
20,72.99,69.91,41.27
31,73.07,70.79,41.27
31,73.14,71.67,41.27
16,67.01,72.21,41.9
25,67.01,72.21,41.27
29,67.46,72.61,41.9
36,67.46,72.61,41.27
55,67.83,72.13,40.66
44,67.32,71.73,40.66
80,68.13,71.22,40.46
29,71.46,72.7,41.9
47,71.46,72.7,41.27
30,71.86,72.23,41.9
44,71.86,72.23,41.27
67,70.14,72.82,41.56
59,68.34,72.53,41.9
65,68.34,72.53,41.27
66,68.82,72.94,41.9
71,68.82,72.94,41.27
153,69.99,71.1,40.46
89,70.97,71.89,40.66
105,69.19,72.05,40.66
2,66.94,71.3,44.4
2,66.58,71.16,42.5
5,66.78,71.8,42.52
2,66.94,71.3,43.77
3,66.78,71.8,43.15
45,72.26,71.75,43.15
38,72.26,71.75,42.52
42,72.59,70.39,43.15
45,72.67,71.27,43.15
39,72.59,70.39,42.52
43,72.67,71.27,42.52
39,72.11,69.99,43.15
36,72.11,69.99,42.52
28,67.86,72.13,43.15
13,67.38,71.73,43.15
19,67.38,71.73,42.52
34,67.86,72.13,42.52
31,70.94,71.86,42.83
51,69.18,72.02,42.83
27,72.51,69.51,41.9
30,72.03,69.11,42.52
19,72.51,69.51,41.27
23,66.58,71.32,40.75
26,66.78,71.8,40.87
46,67.38,71.73,40.87
56,67.86,72.13,40.87
88,69.06,72.2,40.84
24,66.58,70.97,40.72
71,71.12,72.01,40.84
18,72.26,71.75,40.87
22,72.59,70.39,40.87
23,72.67,71.27,40.87
17,72.11,69.99,40.87
11,72.03,69.11,40.87
33,66.85,71.33,40.66
28,66.64,70.91,40.66
12,71.77,70.91,40.66
9,71.63,69.59,40.66
8,71.15,69.19,40.66
6,71.55,68.71,40.66
60,66.58,69.53,40.46
61,67.1,70.39,40.46
130,70.8,70.12,40.46
22,70.67,68.8,40.46
7,71.07,68.33,40.46
9,71.48,67.86,40.46
3,71.96,68.23,40.66
5,72.43,68.63,40.87
8,72.91,69.03,41.27
3,73.32,68.55,41.27
2,72.84,68.15,40.87
2,72.54,67.29,40.66
2,72.74,67.06,40.66
2,72.36,67.75,40.66
13,72.3,67.12,40.46
15,72.5,66.9,40.46
12,71.88,67.39,40.46
2,73.02,67.69,41.11
4,73.26,67.89,41.43
7,73.5,68.09,41.74
3,73.42,67.21,41.43
3,73.46,67.65,41.43
6,73.7,67.85,41.74
11,73.32,68.55,41.9
73,72.9,66.41,40.65
1188,72.66,66.32,40.45
7,72.7,66.64,40.66
194,72.46,66.53,40.46
8,73.34,66.32,40.86
3233,72.86,66.05,40.35
890,73.1,66.19,40.62
2447,72.86,66.15,40.44
3076,72.61,66.04,40.33
42,73.43,66.1,40.88
313,73.43,66.09,40.76
117,73.53,65.98,40.88
744,73.53,65.97,40.74
2753,73.08,66.07,40.44
1820,73.3,66.01,40.59
2815,73.07,65.88,40.49
2231,73.31,65.76,40.61
3559,73.07,65.9,40.34
3635,73.53,65.79,40.35
88,48.73,66.03,40.48
2,70.6,67.9,49.84
2,70.52,67.04,49.84
3,71,67.36,50.1
9,74.7,68.91,47.55
4,74.7,68.48,48.18
21,74.5,68.9,48.17
13,74.5,68.48,48.8
21,74.33,68.9,48.77
15,74.14,68.47,49.4
11,73.72,68.07,49.84
7,73.28,67.64,50.1
15,74.7,69.48,46.92
27,74.51,70.19,46.91
24,67.86,72.13,46.9
13,67.38,71.73,46.9
24,67.86,72.13,46.27
12,67.38,71.73,46.27
19,68.22,71.21,45.33
26,69.99,71.06,45.33
29,69.18,72.02,46.58
38,74.22,70.22,46.27
42,73.91,70.7,45.65
42,73.55,71.19,45.65
41,74.02,71.37,46.59
27,70.94,71.86,46.58
35,72.7,71.71,46.58
37,71.75,70.91,45.33
41,72.59,70.39,45.02
41,73.07,70.79,45.65
41,73.47,70.31,45.65
38,74.22,70.22,46.89
27,74.5,69.44,47.54
21,68.22,71.21,47.83
4,69.03,70.26,49.08
26,69.99,71.06,47.83
6,70.79,70.1,49.08
24,71.75,70.91,47.83
34,73.47,70.74,47.83
14,72.54,69.95,49.09
35,73.89,69.83,47.52
29,74.19,69.34,48.15
14,71.63,69.58,48.15
26,73.39,69.43,48.15
22,73.79,68.95,48.77
4,71.15,69.18,48.77
8,72.03,69.11,48.77
16,72.91,69.03,48.77
14,73.32,68.55,49.4
2,71.55,68.7,49.4
7,72.43,68.63,49.4
10,72.84,68.15,49.84
4,71.96,68.22,49.84
8,72.38,67.71,50.1
5,71.49,67.79,50.1
2,71.92,67.19,50.3
39,73.89,69.83,46.27
11,74.3,68.01,49.4
6,74.09,67.59,49.84
28,74.5,69.43,46.28
11,74.7,68.91,46.27
9,74.5,67.98,48.79
3,74.5,67.54,49.45
21,68.22,71.21,44.08
28,69.99,71.06,44.08
40,71.75,70.91,44.08
39,72.11,69.99,44.4
42,72.99,69.91,44.4
38,73.89,69.83,44.4
20,74.5,69.43,44.39
8,74.7,68.9,44.39
9,74.7,68.9,45.01
6,74.7,68.47,45.63
24,74.5,68.89,45.64
36,74.19,69.34,45.65
23,74.5,69.44,45.02
38,73.39,69.43,45.65
40,73.89,69.83,45.02
29,71.63,69.58,45.65
36,72.11,69.99,45.02
41,72.99,69.91,45.02
5,73.85,65.84,41.04
1998,73.54,65.7,40.61
170,73.63,65.86,40.88
933,73.64,65.85,40.73
2,74.16,65.69,41.35
14,73.96,65.72,41.19
6,74.2,65.59,41.34
2,73.38,66.77,41.43
2,74.04,66.94,41.74
34,71.63,69.58,43.77
5,73.62,66.97,41.74
33,72.03,69.11,43.15
27,72.43,68.63,42.52
6,73.66,67.41,41.74
4,73.86,67.17,41.74
39,72.51,69.51,43.77
38,73.39,69.43,43.77
28,74.19,69.34,43.77
17,74.5,68.89,43.77
4,74.7,68.47,43.76
5,74.12,67.37,42.05
34,72.91,69.03,43.15
8,73.9,67.61,42.05
12,73.5,68.09,42.05
10,73.7,67.85,42.05
22,73.32,68.55,42.52
10,73.74,68.29,42.05
9,73.94,68.05,42.05
6,74.14,67.81,42.05
4,74.29,67.58,42.05
27,73.79,68.95,43.15
17,74.33,68.9,43.15
10,74.5,68.48,43.14
13,74.14,68.47,42.52
8,74.3,68.02,42.36
5,74.5,67.99,42.67
4,74.16,67.12,42.05
4,74.27,67.23,42.36
2,74.09,66.72,41.73
2,74.29,67.01,42.36
2,74.41,67.11,42.67
2,67.31,70.4,45.33
3,66.94,71.3,46.9
3,66.94,71.3,46.27
2,67.31,70.4,47.83
2,70.12,67.5,49.84
50,66.38,69.4,40.53
19,72.43,68.63,41.9
24,66.38,69.56,41
5,66.38,69.54,41.77
14,66.38,70.37,41.29
18,66.58,70.91,41.14
17,66.58,71.32,41.19
19,66.78,71.8,41.27
7,66.58,71.16,41.85
9,66.78,71.8,41.9
28,72.26,71.75,41.9
23,72.26,71.75,41.27
34,72.59,70.39,41.9
37,72.67,71.27,41.9
27,72.59,70.39,41.27
29,72.67,71.27,41.27
31,72.11,69.99,41.9
23,72.11,69.99,41.27
29,67.38,71.73,41.9
40,67.38,71.73,41.27
44,67.86,72.13,41.9
53,67.86,72.13,41.27
156,68.98,70.28,40.46
82,68.18,71.22,40.66
153,69.99,71.1,40.66
47,70.95,71.87,41.54
72,69.2,72.02,41.54
6,66.94,71.3,42.52
2,67.31,70.4,44.08
4,66.94,71.3,43.15
34,71.63,69.58,43.15
36,71.75,70.91,42.83
32,71.63,69.58,42.52
33,69.99,71.06,42.83
29,68.22,71.21,42.83
29,71.15,69.18,43.15
27,71.15,69.18,42.52
25,72.03,69.11,41.9
26,71.55,68.7,42.52
16,72.03,69.11,41.27
34,66.95,71.33,40.87
30,66.76,70.93,40.85
72,68.08,71.38,40.84
13,71.86,70.9,40.85
12,71.63,69.58,40.87
11,71.15,69.18,40.87
8,71.55,68.7,40.87
52,66.75,69.54,40.66
58,67.22,70.39,40.66
105,70.8,70.12,40.66
20,70.67,68.79,40.66
6,71.08,68.31,40.66
72,66.91,69.08,40.46
67,66.54,68.66,40.46
115,67.96,69.46,40.46
282,69.82,69.31,40.46
199,70.19,68.41,40.46
30,70.59,67.95,40.46
26,71,67.49,40.46
4,71.48,67.84,40.66
5,71.96,68.22,40.87
10,72.43,68.63,41.27
5,72.84,68.15,41.27
2,72.54,67.29,40.87
3,72.36,67.75,40.87
3,72.3,67.1,40.66
4,72.5,66.87,40.66
4,71.88,67.36,40.66
13,72.06,66.95,40.46
26,72.26,66.73,40.46
37,71.4,67.04,40.46
3,72.78,67.49,41.11
5,73.02,67.69,41.43
8,73.26,67.89,41.74
2,72.98,67.25,41.11
4,73.18,67.01,41.43
4,73.22,67.45,41.43
6,73.42,67.21,41.74
7,73.46,67.65,41.74
14,72.84,68.15,41.9
2,72.94,66.81,41.11
9,72.9,66.36,40.86
551,72.66,66.23,40.62
1775,72.42,66.17,40.44
2795,72.41,66.05,40.37
2,72.7,66.61,40.87
45,72.46,66.45,40.64
523,72.22,66.36,40.45
2,73.58,66.53,41.43
3,73.82,66.73,41.74
2,73.99,66.49,41.74
2,73.67,66.3,41.5
3,73.43,66.1,41.04
6,73.53,65.98,41.04
2745,72.86,65.89,40.51
3544,72.85,65.94,40.33
159,73.1,66.12,40.83
2670,72.63,66.08,40.44
1757,72.86,66.03,40.59
2558,72.61,65.89,40.49
3197,72.62,65.89,40.34
2243,73.08,65.94,40.57
489,73.31,65.88,40.81
2479,73.07,65.74,40.6
3998,73.06,65.75,40.37
4552,73.47,65.62,40.4
124,48.73,65.83,40.66
128,48.69,65.81,40.39
89,49.11,66.03,40.41
3,70.52,67.04,49.4
4,71,67.42,49.84
2,70.89,66.75,49.84
2,68.43,68.53,45.02
11,74.7,68.91,46.91
5,74.7,68.48,47.54
23,74.5,68.9,47.53
17,74.5,68.48,48.16
25,74.33,68.9,48.15
19,74.14,68.47,48.77
14,73.72,68.07,49.4
10,73.24,67.67,49.84
3,72.79,67.2,50.1
28,74.5,69.44,46.91
6,68.91,68.93,45.02
7,68.91,68.93,45.65
16,69.03,70.26,45.33
22,68.22,71.21,46.58
28,70.79,70.1,45.33
28,69.99,71.06,46.58
31,71.75,70.91,46.58
34,72.11,69.99,45.65
38,72.59,70.39,45.65
39,73.47,70.74,46.58
38,72.99,69.91,45.65
34,72.51,69.51,45.65
37,73.89,69.83,46.9
32,74.19,69.34,47.52
20,69.03,70.26,47.83
3,68.91,68.93,48.15
2,69.83,69.3,49.08
20,70.79,70.1,47.83
19,71.63,69.58,47.52
24,72.55,69.95,47.83
30,73.39,69.43,47.52
26,73.79,68.95,48.15
10,71.15,69.18,48.15
13,72.03,69.11,48.15
20,72.91,69.03,48.15
17,73.32,68.55,48.77
4,71.55,68.7,48.77
10,72.43,68.63,48.77
11,72.84,68.15,49.4
5,71.96,68.22,49.4
8,72.36,67.75,49.84
4,71.48,67.82,49.84
4,71.9,67.28,50.1
26,71.63,69.58,46.27
36,73.39,69.43,46.27
36,74.19,69.34,46.27
24,71.15,69.18,45.65
4,73.64,67.15,49.84
14,74.3,68.01,48.77
9,74.09,67.59,49.4
25,74.5,68.89,46.27
6,74.7,68.48,46.27
11,74.5,67.98,48.15
5,74.5,67.55,48.79
2,74.7,67.97,47.53
19,69.03,70.26,44.08
30,70.79,70.1,44.08
25,71.15,69.18,45.02
33,71.63,69.58,44.4
38,72.51,69.51,44.4
40,73.39,69.43,44.4
33,74.19,69.34,44.4
20,74.5,68.89,44.39
4,74.7,68.46,44.38
2,74.7,67.96,45.62
5,74.7,68.46,45
23,74.5,68.89,45.02
20,74.5,68.48,45.64
31,74.33,68.9,45.65
36,73.79,68.95,45.65
35,74.19,69.34,45.02
34,72.91,69.03,45.65
39,73.39,69.43,45.02
31,71.63,69.58,45.02
28,72.03,69.11,45.65
37,72.51,69.51,45.02
4,72.94,66.81,41.43
3,73.14,66.57,41.43
4,73.73,65.74,41.19
8,73.63,65.86,41.04
17,73.73,65.74,41.04
710,73.51,65.65,40.8
2,73.96,65.72,41.35
5,74.06,65.6,41.35
22,73.84,65.62,41.19
61,73.94,65.5,41.19
10,74.16,65.48,41.35
29,71.15,69.18,43.77
5,73.38,66.77,41.74
23,71.96,68.22,42.52
28,71.55,68.7,43.15
4,74.04,66.94,42.05
34,72.03,69.11,43.77
10,73.42,67.21,42.05
7,73.62,66.97,42.05
31,72.43,68.63,43.15
13,73.26,67.89,42.05
11,73.46,67.65,42.05
22,72.84,68.15,42.52
9,73.66,67.41,42.05
6,73.86,67.17,42.05
5,73.82,66.73,42.05
37,72.91,69.03,43.77
33,73.79,68.95,43.77
23,74.33,68.9,43.77
13,74.5,68.47,43.77
7,74.12,67.37,42.36
29,73.32,68.55,43.15
11,73.9,67.61,42.36
16,73.72,68.07,42.52
10,74.14,67.81,42.36
2,74.5,67.5,42.67
6,74.29,67.58,42.36
21,74.14,68.48,43.15
6,74.5,67.98,43.14
10,74.3,68.02,42.68
5,74.16,67.12,42.36
6,74.27,67.23,42.68
3,74.09,66.71,42.06
3,73.99,66.49,42.05
2,74.23,66.68,42.37
3,74.41,67.11,42.99
2,74.26,66.85,42.36
3,74.29,67.01,42.68
2,74.21,66.48,42.36
3,68.07,69.45,45.33
3,67.31,70.4,46.58
3,68.07,69.45,47.83
6,68.91,68.93,47.52
2,69.31,68.46,48.15
2,70.05,66.78,49.4
2,70.12,67.5,49.4
2,68.43,68.53,45.65
6,69.31,68.46,45.65
43,66.58,69.41,40.72
54,66.38,68.67,40.57
18,71.96,68.22,41.9
31,66.38,68.66,41.05
24,66.58,69.58,41.14
2,66.86,69.55,42.52
8,66.38,68.65,41.76
5,66.58,69.56,41.85
15,66.58,70.37,41.42
13,66.94,71.3,41.9
25,66.94,71.29,41.27
21,71.75,70.91,41.56
26,71.63,69.58,41.9
18,71.63,69.58,41.27
172,69.01,70.28,40.66
66,69.99,71.08,41.48
66,68.22,71.21,41.54
14,71.15,69.18,41.27
6,67.31,70.4,42.83
4,68.07,69.45,44.08
10,68.91,68.93,43.77
31,69.03,70.26,42.83
26,70.79,70.1,42.83
24,70.67,68.78,43.15
22,71.15,69.18,41.9
23,70.67,68.78,42.52
19,70.19,68.38,43.15
21,71.08,68.3,42.52
21,71.55,68.7,41.9
14,71.55,68.7,41.27
47,66.89,69.49,40.85
56,67.29,70.43,40.83
73,70.93,69.95,40.84
18,70.67,68.78,40.87
7,71.08,68.3,40.87
70,67.06,69.08,40.66
64,66.72,68.67,40.65
130,68.03,69.45,40.66
273,69.83,69.3,40.66
147,70.19,68.39,40.66
21,70.6,67.92,40.66
102,67.38,68.62,40.46
82,66.85,68.21,40.46
297,68.82,68.54,40.46
436,69.7,68.03,40.46
82,70.11,67.58,40.46
80,70.52,67.13,40.46
10,71,67.45,40.66
5,71.48,67.82,40.87
10,71.96,68.22,41.27
3,72.54,67.29,41.11
2,72.74,67.05,41.11
6,72.36,67.75,41.27
2,72.3,67.09,40.87
2,72.5,66.85,40.87
3,71.88,67.34,40.87
4,72.06,66.91,40.66
7,72.26,66.68,40.66
13,71.4,66.98,40.66
145,70.92,66.69,40.45
117,71.8,66.6,40.45
14,73.02,67.69,42.05
6,72.78,67.49,41.43
9,73.02,67.69,41.74
12,73.22,67.45,42.05
5,72.98,67.25,41.43
7,73.18,67.01,41.74
8,73.22,67.45,41.74
6,72.54,67.29,41.43
5,72.74,67.05,41.43
14,72.36,67.75,41.9
2,72.7,66.61,41.11
85,72.66,66.16,40.84
1958,72.16,66.09,40.44
1228,72.42,66.05,40.59
2547,72.18,66.05,40.34
2168,72.41,65.9,40.52
7,72.46,66.4,40.85
252,72.22,66.26,40.62
936,71.98,66.21,40.44
2,73.34,66.33,41.43
3,73.58,66.53,41.74
2,73.55,66.2,41.5
2,73.78,66.29,41.74
2,73.43,66.1,41.5
4,73.1,66.13,41.11
23,73.3,65.89,41.11
3279,72.65,65.75,40.39
2007,72.63,65.95,40.57
555,72.86,65.91,40.8
1919,72.6,65.74,40.61
3042,72.35,65.82,40.37
526,73.06,65.69,40.8
1548,73.06,65.58,40.64
4223,72.82,65.59,40.39
5378,73.27,65.54,40.39
3582,72.4,65.63,40.4
8214,73.47,65.24,40.42
8349,73.23,65.12,40.38
195,48.7,65.61,40.8
124,49.11,65.83,40.6
89,49.57,66.03,40.48
119,49.56,65.82,40.36
90,51.79,66.03,40.47
90,52.68,66.03,40.47
147,49.07,65.61,40.39
3,70.19,68.38,48.15
2,70.6,67.9,48.77
3,70.52,67.04,48.77
4,71,67.42,49.4
3,70.9,66.75,49.4
3,71.4,66.96,49.84
2,71.39,66.51,49.43
4,68.43,68.53,43.77
3,68.43,68.53,44.4
3,68.84,68.05,45.02
8,68.91,68.93,44.4
7,69.31,68.46,45.02
11,69.31,68.46,43.77
6,74.7,68.48,46.9
25,74.5,68.9,46.9
19,74.5,68.48,47.53
28,74.33,68.9,47.52
22,74.14,68.47,48.15
17,73.72,68.07,48.77
11,73.24,67.67,49.4
7,72.76,67.27,49.84
35,74.19,69.34,46.9
14,69.83,69.3,45.33
7,68.91,68.93,46.27
21,69.03,70.26,46.58
26,70.79,70.1,46.58
23,71.63,69.58,46.9
32,72.55,69.95,46.58
33,73.39,69.43,46.9
30,73.79,68.95,47.52
12,69.83,69.3,47.83
15,71.15,69.18,47.52
17,72.03,69.11,47.52
24,72.91,69.03,47.52
21,73.32,68.55,48.15
6,70.67,68.78,48.15
8,71.55,68.7,48.15
14,72.43,68.63,48.15
13,72.84,68.15,48.77
2,71.08,68.3,48.77
6,71.96,68.22,48.77
8,72.36,67.75,49.4
4,71.48,67.82,49.4
6,71.88,67.34,49.84
16,70.67,68.78,45.65
2,73.16,66.85,49.85
22,71.15,69.18,46.27
25,72.03,69.11,46.27
31,72.91,69.03,46.27
35,73.79,68.95,46.27
31,74.33,68.9,46.27
22,71.55,68.7,45.65
7,73.64,67.15,49.4
17,74.3,68.01,48.15
12,74.09,67.59,48.77
4,74.28,67.06,49.4
21,74.5,68.48,46.27
2,74.7,67.97,46.26
13,74.5,67.99,47.52
6,74.5,67.56,48.15
2,74.5,66.93,48.79
2,73.26,66.51,49.42
2,74.7,67.98,46.89
12,70.19,68.38,45.02
18,69.83,69.3,44.08
19,70.67,68.78,45.02
27,71.15,69.18,44.4
24,71.55,68.7,45.02
33,72.03,69.11,44.4
37,72.91,69.03,44.4
36,73.79,68.95,44.4
28,74.33,68.9,44.4
16,74.5,68.47,44.39
2,74.7,67.93,44.98
14,74.5,67.98,45.63
19,74.5,68.47,45.01
30,74.33,68.9,45.02
30,74.14,68.47,45.65
32,73.32,68.55,45.65
36,73.79,68.95,45.02
27,72.43,68.63,45.65
36,72.91,69.03,45.02
31,72.03,69.11,45.02
17,70.19,68.38,43.77
23,70.67,68.78,43.77
4,72.7,66.61,41.43
7,72.94,66.81,41.74
3,72.9,66.37,41.43
5,73.14,66.57,41.74
19,71.48,67.82,42.52
22,71.08,68.3,43.15
16,70.6,67.9,43.15
2,73.73,65.74,41.35
716,73.27,65.47,40.85
110,73.51,65.65,41.11
5,73.84,65.62,41.35
9,73.94,65.5,41.35
2188,73.48,65.24,40.87
312,73.71,65.41,41.11
16,74.04,65.38,41.35
20,74.14,65.26,41.35
8,74.34,65.02,41.35
17,74.24,65.14,41.35
27,71.55,68.7,43.77
9,73.18,67.01,42.05
7,73.38,66.77,42.05
20,72.36,67.75,42.52
26,71.96,68.22,43.15
5,73.58,66.53,42.05
2,73.87,66.06,41.82
2,73.99,66.16,41.82
4,73.78,66.29,42.05
6,74.04,66.94,42.36
32,72.43,68.63,43.77
12,73.42,67.21,42.36
9,73.62,66.97,42.36
27,72.84,68.15,43.15
17,73.24,67.67,42.52
12,73.66,67.41,42.36
9,73.86,67.17,42.36
7,73.82,66.73,42.36
33,73.32,68.55,43.77
26,74.14,68.47,43.77
8,74.5,67.97,43.76
23,73.72,68.07,43.15
14,73.9,67.61,42.68
9,74.12,67.37,42.68
2,74.5,67.5,43.14
8,74.29,67.58,42.68
12,74.14,67.81,42.68
14,74.3,68.01,43.15
2,74.5,67.19,43.3
7,74.27,67.23,42.99
6,74.16,67.12,42.68
4,74.1,66.71,42.37
5,73.99,66.49,42.36
2,74.06,66.26,42.05
4,74.24,66.68,42.68
3,74.41,67.11,43.3
4,74.29,67,42.99
3,74.27,66.86,42.67
2,74.21,66.27,42.36
4,74.22,66.47,42.67
2,74.41,66.45,42.98
15,74.51,64.45,40.4
4,68.07,69.45,46.58
7,68.91,68.93,46.9
2,68.43,68.53,47.52
4,69.31,68.46,47.52
2,70.05,66.78,48.77
2,70.12,67.5,48.77
2,68.43,68.53,46.27
6,69.31,68.46,46.27
2,68.84,68.05,45.65
5,69.72,67.98,45.65
64,66.37,67.77,40.58
51,66.57,68.68,40.75
70,66.52,67.79,40.45
43,66.37,67.77,41.06
17,66.37,67.74,41.74
2,66.36,67.05,42.34
2,66.4,66.92,42.39
13,71,67.42,42.52
15,71.48,67.82,41.9
28,66.86,69.56,41.24
31,66.57,68.68,41.18
7,66.86,69.55,41.9
3,67.15,69.09,42.52
2,67.55,68.61,43.15
2,66.84,68.68,42.52
9,66.58,68.68,41.84
34,67.31,70.39,41.54
98,69.02,70.27,41.49
14,70.67,68.78,41.27
31,70.79,70.12,41.53
8,68.43,68.53,43.15
11,68.07,69.45,42.83
15,68.91,68.93,43.15
23,69.83,69.3,42.83
14,69.31,68.46,43.15
17,70.67,68.78,41.9
19,70.19,68.38,42.52
8,68.84,68.05,43.15
13,69.72,67.98,43.15
17,70.6,67.9,42.52
18,71.08,68.3,41.9
11,71.08,68.3,41.27
65,67.15,69.09,40.87
57,66.83,68.67,40.86
122,67.91,69.32,40.84
233,69.97,69.14,40.84
100,70.19,68.38,40.87
17,70.6,67.9,40.87
117,67.49,68.61,40.66
87,67,68.21,40.65
324,68.86,68.51,40.66
329,69.71,68,40.66
57,70.11,67.53,40.66
189,67.8,67.77,40.45
593,69.21,67.66,40.46
276,69.62,67.21,40.45
218,70.03,66.77,40.45
40,70.52,67.06,40.65
8,71,67.42,40.87
9,71.48,67.82,41.27
4,72.3,67.09,41.11
3,72.5,66.85,41.11
6,71.88,67.34,41.27
3,72.06,66.88,40.87
2,72.26,66.64,40.86
7,71.4,66.94,40.86
1775,71.32,66.05,40.35
67,70.92,66.6,40.63
57,71.8,66.52,40.64
389,70.44,66.35,40.44
488,71.33,66.3,40.44
1036,70.4,66.05,40.37
7,72.3,67.09,41.43
6,72.5,66.85,41.43
10,72.76,67.27,41.9
12,71.88,67.34,41.9
2,72.46,66.41,41.11
3,72.66,66.17,41.11
1511,72.16,65.96,40.58
267,72.42,65.96,40.81
2185,71.74,66.05,40.34
2111,72.18,65.89,40.5
1787,72.41,65.8,40.62
2811,72.19,65.88,40.35
36,72.22,66.2,40.83
1321,71.76,66.11,40.44
690,71.98,66.09,40.59
5,73.34,66.33,42.05
3,73.54,66.09,42.05
2,73.1,66.13,41.43
4,73.34,66.33,41.74
3,73.3,65.89,41.43
2,73.54,66.09,41.74
4,72.46,66.41,41.43
3,72.66,66.17,41.43
24,72.86,65.93,41.11
75,73.06,65.69,41.11
1664,72.37,65.67,40.62
501,72.63,65.72,40.8
408,72.83,65.51,40.85
1278,72.85,65.44,40.7
2160,73.23,65.42,40.69
1136,72.38,65.45,40.7
4360,73.42,65.17,40.74
3708,73.23,65.09,40.75
2650,73.9,64.77,40.9
2673,71.73,65.69,40.37
4792,72.59,65.4,40.4
6387,73.03,65.33,40.38
3888,72.14,65.4,40.38
10279,73.66,64.98,40.41
8576,73.22,64.96,40.38
520,74.31,64.7,40.41
37,74.28,64.33,40.39
5631,73.87,64.73,40.39
63,49.55,66.03,41.73
233,49.08,65.41,40.85
90,51.24,66.03,40.47
79,49.55,66.03,41.04
129,49.57,65.83,40.66
90,50.43,66.03,40.47
213,49.55,65.55,40.62
142,49.96,65.56,40.36
121,50.41,65.8,40.37
134,51.32,65.75,40.38
60,51.79,66.03,41.71
78,51.79,66.03,41.02
90,52.19,66.03,40.47
134,51.79,65.83,40.66
124,51.78,65.87,40.38
77,52.68,66.03,41.02
136,52.68,65.83,40.66
58,52.68,66.03,41.71
132,52.66,65.85,40.38
89,53.09,66.03,40.47
158,51.73,65.54,40.37
146,52.2,65.7,40.39
231,49.13,65.32,40.7
154,49.51,65.35,40.36
10,70.19,68.38,45.65
6,70.19,68.38,47.52
3,70.6,67.9,48.15
4,70.52,67.04,48.15
4,71,67.42,48.77
3,70.9,66.75,48.77
5,71.4,66.96,49.4
2,71.81,66.72,49.84
2,70.86,66.51,48.78
2,71.8,66.51,49.43
2,71.39,66.51,48.78
4,68.84,68.05,43.77
3,68.84,68.05,44.4
3,69.24,67.58,45.02
4568,73.7,65,40.88
8,69.31,68.46,44.4
6,69.72,67.98,45.02
8,70.12,67.5,43.15
9,69.72,67.98,43.77
3,72.28,66.9,49.84
2,72.29,66.51,49.43
21,74.5,68.48,46.9
31,74.33,68.9,46.9
26,74.14,68.47,47.52
20,73.72,68.07,48.15
13,73.24,67.67,48.77
9,72.76,67.27,49.4
33,73.79,68.95,46.9
15,69.83,69.3,46.58
19,71.15,69.18,46.9
22,72.03,69.11,46.9
28,72.91,69.03,46.9
25,73.32,68.55,47.52
10,70.67,68.78,47.52
12,71.55,68.7,47.52
17,72.43,68.63,47.52
16,72.84,68.15,48.15
4,71.08,68.3,48.15
9,71.96,68.22,48.15
10,72.36,67.75,48.77
5,71.48,67.82,48.77
7,71.88,67.34,49.4
2,72.7,66.7,49.84
14,70.67,68.78,46.27
15,71.08,68.3,45.65
2,72.7,66.51,49.42
5,73.15,66.85,49.4
19,71.55,68.7,46.27
24,72.43,68.63,46.27
31,73.32,68.55,46.27
30,74.14,68.47,46.27
20,71.96,68.22,45.65
9,73.64,67.15,48.77
3,74.02,66.81,49.4
19,74.3,68.01,47.52
14,74.09,67.59,48.15
6,74.28,67.06,48.77
15,74.5,67.99,46.27
14,74.5,67.99,46.89
8,74.5,67.57,47.52
2,74.5,66.94,48.15
3,73.26,66.51,48.78
15,70.19,68.38,44.4
11,70.6,67.9,45.02
21,70.67,68.78,44.4
18,71.08,68.3,45.02
26,71.55,68.7,44.4
23,71.96,68.22,45.02
31,72.43,68.63,44.4
34,73.32,68.55,44.4
28,74.14,68.47,44.4
10,74.5,67.97,44.38
12,74.5,67.97,45
7,74.51,67.57,45.63
22,74.3,68.01,45.65
28,73.72,68.07,45.65
30,74.14,68.47,45.02
26,72.84,68.15,45.65
34,73.32,68.55,45.02
30,72.43,68.63,45.02
2,74.45,66.93,44.57
14,70.6,67.9,43.77
21,71.08,68.3,43.77
6,72.7,66.61,41.74
9,72.94,66.81,42.05
5,72.9,66.37,41.74
7,73.14,66.57,42.05
15,71.88,67.34,42.52
19,71.48,67.82,43.15
11,71,67.42,43.15
17,74.52,64.49,40.89
618,73.06,65.3,40.91
201,73.27,65.45,41.11
9,73.51,65.65,41.43
1264,73.24,65.12,40.93
430,73.46,65.2,41.11
17,73.71,65.41,41.43
25,73.91,65.17,41.43
411,73.87,64.73,41.11
18,74.11,64.93,41.43
24,74.28,64.37,40.94
17,74.27,64.18,40.39
25,71.96,68.22,43.77
12,73.18,67.01,42.36
9,73.38,66.77,42.36
15,72.76,67.27,42.52
22,72.36,67.75,43.15
7,73.58,66.53,42.36
2,73.97,66.05,42.05
2,74.22,66.09,42.36
2,74.41,66.14,42.67
5,73.78,66.29,42.36
8,74.04,66.93,42.68
29,72.84,68.15,43.77
14,73.42,67.21,42.68
11,73.62,66.97,42.68
22,73.24,67.67,43.15
14,73.66,67.41,42.68
11,73.86,67.17,42.68
9,73.82,66.73,42.68
27,73.72,68.07,43.77
3,74.5,67.5,43.75
17,74.3,68.01,43.77
2,74.5,67.21,43.78
14,74.09,67.59,43.14
8,74.27,67.23,43.3
8,74.16,67.11,42.99
6,74.11,66.71,42.68
4,74.06,66.26,42.37
6,73.99,66.49,42.68
5,74.25,66.68,42.99
4,74.4,67.11,43.75
5,74.29,67,43.3
4,74.27,66.86,42.99
2,74.42,66.61,43.29
5,74.22,66.47,42.99
3,74.21,66.26,42.68
2,74.41,66.44,43.29
2,74.41,66.26,42.99
15,74.5,64.42,40.73
2,68.43,68.53,46.9
5,69.31,68.46,46.9
2,68.84,68.05,47.52
3,69.72,67.98,47.52
2,70.05,66.78,48.15
3,70.12,67.5,48.15
2,69.64,67.09,48.77
2,68.84,68.05,46.27
4,69.72,67.98,46.27
2,69.24,67.58,45.65
4,70.12,67.5,45.65
6,73.34,66.33,42.36
3,73.54,66.09,42.36
9,71.4,66.94,42.52
50,66.36,67.1,41.18
71,66.72,67.35,40.44
71,66.68,67.8,40.62
62,66.54,67.8,40.74
42,66.55,67.8,41.19
16,66.55,67.79,41.84
45,66.38,66.91,41.59
2,66.52,67.18,42.44
2,66.54,67.05,42.49
3,66.43,66.75,42.4
2,66.44,66.47,42.45
107,67.02,66.85,40.44
7,70.52,67.02,42.52
13,71,67.42,41.9
43,67.15,69.09,41.27
38,66.83,68.68,41.27
14,67.15,69.09,41.9
5,67.55,68.61,42.52
3,67.96,68.13,43.15
2,67.1,68.21,42.52
11,66.84,68.68,41.89
42,70.19,68.38,41.27
70,68.08,69.46,41.54
15,68.43,68.53,42.52
23,68.91,68.93,42.52
20,69.31,68.46,42.52
95,69.82,69.31,41.54
18,70.19,68.38,41.9
13,68.84,68.05,42.52
15,69.72,67.98,42.52
3,68.36,67.65,43.15
5,69.24,67.58,43.15
12,70.12,67.5,42.52
15,70.6,67.9,41.9
12,70.6,67.9,41.27
108,67.55,68.61,40.87
84,67.08,68.2,40.86
300,68.86,68.39,40.85
222,69.72,67.98,40.87
41,70.12,67.49,40.87
236,67.88,67.73,40.64
491,69.23,67.61,40.65
189,69.63,67.14,40.64
638,68.66,66.89,40.45
528,69.54,66.41,40.44
126,70.04,66.68,40.62
24,70.52,67.01,40.86
8,71,67.42,41.27
6,72.06,66.88,41.43
4,72.06,66.88,41.11
5,72.26,66.65,41.43
3,72.26,66.65,41.11
6,71.4,66.94,41.27
1043,69.94,66.05,40.34
606,69.95,66.16,40.44
29,70.91,66.53,40.84
16,71.8,66.45,40.85
1343,70.8,66.05,40.34
1791,71.3,65.91,40.35
1163,71.32,65.89,40.5
195,70.44,66.23,40.59
733,70.85,66.13,40.44
232,71.33,66.18,40.6
538,70.4,65.9,40.52
10,71.4,66.94,41.9
9,72.28,66.87,41.9
4,72.22,66.21,41.11
13,72.42,65.97,41.11
865,71.76,65.98,40.58
1636,71.74,65.89,40.5
1766,72.19,65.73,40.61
119,71.98,66.01,40.82
323,72.18,65.77,40.81
4,73.1,66.13,42.05
4,72.86,65.93,41.43
3,73.1,66.13,41.74
10,73.06,65.69,41.43
6,72.46,66.41,41.74
5,72.66,66.17,41.74
3,72.22,66.21,41.43
3,72.42,65.97,41.43
56,72.62,65.73,41.11
121,72.83,65.48,41.11
375,72.38,65.54,40.83
353,72.57,65.34,40.9
1004,71.71,65.41,40.67
1168,72.59,65.28,40.75
2031,73.03,65.26,40.73
1018,72.15,65.25,40.73
6661,73.65,64.94,40.74
3692,73.22,64.94,40.78
424,74.27,64.66,40.71
30,74.28,64.33,40.76
303,74.1,64.54,40.92
4042,73.86,64.72,40.73
2405,71.26,65.5,40.37
1063,69.94,65.81,40.35
1514,70.84,65.74,40.36
5238,72.11,65.06,40.38
6726,72.79,65.11,40.38
8976,73.42,64.77,40.39
8026,72.99,64.85,40.38
570,74.07,64.5,40.39
4280,73.63,64.53,40.39
61,51.26,66.03,41.72
79,51.26,66.03,41.02
115,49.55,65.83,41.83
62,50.44,66.03,41.72
258,49.51,65.1,40.93
209,49.55,65.59,40.8
133,51.24,65.83,40.66
131,49.55,65.83,41.18
79,50.44,66.03,41.02
131,50.42,65.83,40.66
245,49.96,65.29,40.68
207,50.41,65.52,40.62
221,51.29,65.44,40.65
150,50.7,65.52,40.36
26,51.79,66.03,43.07
41,51.79,66.03,42.4
59,52.19,66.03,41.71
114,51.79,65.83,41.83
77,52.19,66.03,41.02
136,51.79,65.83,41.18
206,51.78,65.66,40.78
135,52.19,65.83,40.66
24,52.68,66.03,43.06
39,52.68,66.03,42.4
76,53.09,66.03,41.02
136,52.68,65.83,41.18
218,52.66,65.64,40.79
136,53.09,65.83,40.66
57,53.09,66.03,41.71
113,52.68,65.83,41.83
56,53.63,66.03,41.71
74,53.63,66.03,41.02
255,51.73,65.28,40.69
247,52.18,65.38,40.67
88,53.61,66.03,40.47
159,53.08,65.66,40.4
198,51.7,65.29,40.36
174,52.61,65.48,40.38
249,49.5,65.13,40.73
235,49.01,64.8,40.39
206,49.48,65.07,40.37
87,54.45,66.03,40.47
54,54.43,66.03,41.71
72,54.43,66.03,41.02
85,56.66,66.03,40.47
85,57.56,66.03,40.47
84,58.49,66.03,40.48
88,61.05,66.03,40.48
91,62.43,66.03,40.49
7,70.19,68.38,46.9
9,70.19,68.38,46.27
9,70.6,67.9,45.65
5,70.6,67.9,47.52
2,70.52,67.04,47.52
5,71,67.42,48.15
3,70.9,66.75,48.14
4,71.81,66.72,49.4
5,71.4,66.96,48.77
2,71.79,66.51,48.78
2,71.38,66.51,48.15
3,69.24,67.58,43.77
2,69.64,67.1,43.15
2,69.24,67.58,44.4
2,69.64,67.09,45.02
2,70.05,66.77,45.64
24,74.03,64.05,40.39
619,73.66,64.97,41.1
8,69.72,67.98,44.4
5,70.12,67.5,45.02
3,70.52,67.03,45.64
4,70.52,67.02,43.15
5,70.12,67.5,43.77
6,72.28,66.9,49.4
3,72.28,66.51,48.78
28,74.14,68.47,46.9
22,73.72,68.07,47.52
15,73.24,67.67,48.15
10,72.76,67.27,48.77
28,73.32,68.55,46.9
12,70.67,68.78,46.9
16,71.55,68.7,46.9
21,72.43,68.63,46.9
18,72.84,68.15,47.52
7,71.08,68.3,47.52
12,71.96,68.22,47.52
11,72.36,67.75,48.15
6,71.48,67.82,48.15
7,71.88,67.34,48.77
4,72.7,66.7,49.4
12,71.08,68.3,46.27
14,71.48,67.82,45.65
3,72.69,66.51,48.78
6,73.15,66.85,48.77
18,71.96,68.22,46.27
24,72.84,68.15,46.27
27,73.72,68.07,46.27
22,74.3,68.01,46.27
19,72.36,67.75,45.65
11,73.64,67.17,48.15
4,74.02,66.81,48.77
21,74.3,68.01,46.9
16,74.09,67.59,47.52
7,74.28,67.06,48.15
9,74.5,67.57,46.26
9,74.5,67.57,46.89
3,74.5,66.94,47.52
2,74.1,66.5,48.16
3,73.21,66.51,48.17
13,70.6,67.9,44.4
9,71,67.42,45.02
20,71.08,68.3,44.4
16,71.48,67.82,45.02
24,71.96,68.22,44.4
21,72.36,67.75,45.02
29,72.84,68.15,44.4
28,73.72,68.07,44.4
5,74.5,67.52,44.37
19,74.3,68.01,44.4
3,74.5,67.22,44.36
2,74.52,66.93,45.64
4,74.48,67.09,44.86
3,74.54,67.23,44.98
6,74.51,67.55,44.97
21,74.3,68.01,45.02
19,74.09,67.59,45.64
23,73.24,67.67,45.65
28,73.72,68.07,45.02
28,72.84,68.15,45.02
5,74.4,67.06,45.04
3,74.45,66.85,45.3
5,74.41,67.1,44.35
6,74.33,67.05,44.63
2,74.44,66.85,44.88
8,71,67.42,43.77
18,71.48,67.82,43.77
7,72.46,66.41,42.05
5,72.66,66.17,42.05
8,72.7,66.61,42.05
11,72.94,66.81,42.36
6,72.9,66.37,42.05
8,73.14,66.57,42.36
11,72.28,66.87,42.52
14,71.88,67.34,43.15
5,71.4,66.94,43.15
2,74.51,64.45,41.11
246,73.03,65.25,41.11
19,73.27,65.45,41.43
403,73.23,65.01,41.12
31,73.47,65.21,41.43
35,73.67,64.97,41.43
258,73.64,64.54,41.14
22,73.87,64.73,41.43
41,74.07,64.5,41.12
2,74.28,64.26,41.13
13,74.27,64.18,40.8
22,72.36,67.75,43.77
6,73.34,66.33,42.68
8,73.14,66.57,42.68
11,72.94,66.81,42.68
12,73.18,67.01,42.68
10,73.38,66.77,42.68
17,72.76,67.27,43.15
8,73.58,66.53,42.68
3,73.54,66.09,42.68
2,73.97,66.05,42.36
2,74.41,66.13,42.93
3,74.22,66.09,42.67
6,73.78,66.29,42.68
9,74.04,66.93,42.99
23,73.24,67.67,43.77
14,73.64,67.19,43.15
10,73.82,66.73,42.99
16,74.09,67.59,43.77
9,74.27,67.24,43.79
9,74.16,67.11,43.3
7,74.11,66.71,42.99
7,73.99,66.49,42.99
5,74.06,66.26,42.68
5,74.24,66.67,43.3
5,74.29,67,43.76
5,74.27,66.86,43.3
2,74.42,66.56,43.75
5,74.22,66.46,43.3
4,74.22,66.23,43
3,74.41,66.24,43.29
2,68.84,68.05,46.9
4,69.72,67.98,46.9
2,69.24,67.58,47.52
3,70.12,67.5,47.52
2,69.64,67.09,48.15
2,69.24,67.58,46.27
3,70.12,67.5,46.27
2,69.64,67.09,45.65
91,63.33,66.03,40.5
3,66.44,66.21,42.48
57,66.41,66.51,40.68
3,66.25,66.05,42.51
25,66.4,66.18,41.7
4,73.1,66.13,42.36
4,70.92,66.54,42.52
5,71.8,66.46,42.52
82,66.85,67.36,40.6
47,66.51,67.15,41.3
65,66.77,67.79,40.84
47,66.78,67.8,41.27
19,66.79,67.8,41.89
2,66.79,67.8,42.52
35,66.52,66.99,41.68
43,66.38,66.55,41.4
2,66.67,67.21,42.5
3,66.57,66.82,42.48
3,66.57,66.46,42.5
135,67.09,66.76,40.59
219,67.7,66.4,40.45
416,67.6,66.09,40.35
3,70.04,66.62,42.52
9,70.52,67.02,41.9
4,67.48,67.73,42.52
62,67.55,68.61,41.27
52,67.09,68.21,41.27
24,67.55,68.61,41.9
7,67.96,68.13,42.52
18,67.1,68.21,41.89
3,67.88,67.25,42.52
84,69.72,67.98,41.27
101,68.88,68.5,41.56
19,69.72,67.98,41.9
6,68.36,67.65,42.52
9,69.24,67.58,42.52
2,68.76,67.17,43.15
6,69.64,67.1,42.52
12,70.12,67.5,41.9
20,70.12,67.5,41.27
207,67.91,67.66,40.85
365,69.23,67.57,40.86
124,69.63,67.09,40.85
920,69.1,66.05,40.34
542,68.71,66.82,40.61
780,69.04,66.19,40.44
272,69.56,66.3,40.59
65,70.04,66.61,40.84
12,70.52,67.02,41.27
9,70.92,66.54,41.27
5,71.8,66.46,41.27
553,69.95,65.89,40.5
287,69.96,66.03,40.58
203,70.41,65.78,40.7
73,70.44,66.13,40.82
822,70.8,65.89,40.49
72,71.32,66.06,40.82
425,71.31,65.74,40.68
360,70.85,66,40.58
5,70.92,66.54,41.9
5,71.8,66.46,41.9
3,71.98,66,41.43
7,71.98,66,41.11
4,72.18,65.76,41.43
32,72.18,65.76,41.11
327,71.73,65.63,40.79
8,72.62,65.73,41.43
2,72.86,65.93,41.74
15,72.83,65.49,41.43
2,72.2,65.99,41.9
13,72.39,65.53,41.43
80,72.39,65.53,41.11
24,72.59,65.29,41.43
377,72.14,65.32,40.88
156,72.59,65.29,41.11
750,71.26,65.3,40.69
593,70.82,65.48,40.63
507,69.94,65.56,40.6
1397,72.12,64.98,40.8
1945,72.79,65.06,40.8
4252,73.42,64.76,40.79
2665,72.99,64.82,40.84
356,74.07,64.49,40.75
2058,73.62,64.52,40.8
3462,71.23,65.21,40.37
965,69.47,65.54,40.38
1770,70.36,65.48,40.36
4640,71.65,64.82,40.39
6206,72.52,64.67,40.4
7477,73.19,64.58,40.39
472,73.83,64.29,40.39
3140,73.39,64.33,40.39
32,73.8,63.92,40.4
27,51.26,66.03,43.07
42,51.26,66.03,42.4
44,50.44,66.03,42.41
29,50.44,66.03,43.07
115,51.25,65.83,41.83
137,51.25,65.83,41.18
181,49.54,65.57,41.9
221,49.54,65.57,41.27
116,50.43,65.83,41.83
244,49.96,65.35,40.86
229,51.32,65.55,40.8
227,50.42,65.57,40.8
134,50.44,65.83,41.18
245,50.64,65.24,40.69
243,50.83,64.92,40.38
9,51.79,66.03,44.35
15,51.79,66.03,43.71
8,52.68,66.03,44.35
14,52.68,66.03,43.71
25,52.19,66.03,43.06
52,51.79,65.83,43.12
40,52.19,66.03,42.4
81,51.79,65.83,42.48
266,51.74,65.32,40.84
176,51.78,65.66,41.9
114,52.19,65.83,41.83
230,51.78,65.66,41.27
136,52.19,65.83,41.18
244,52.19,65.51,40.81
23,53.09,66.03,43.06
49,52.68,65.83,43.11
38,53.09,66.03,42.4
78,52.68,65.83,42.47
22,53.63,66.03,43.06
37,53.63,66.03,42.4
231,52.67,65.63,41.27
135,53.09,65.83,41.18
133,53.61,65.83,40.66
264,53.07,65.47,40.82
177,52.67,65.63,41.9
112,53.09,65.83,41.83
108,53.63,65.83,41.83
134,53.63,65.83,41.18
271,53.06,65.33,40.69
309,51.7,65.07,40.72
281,52.6,65.22,40.7
88,53.99,66.03,40.4
141,53.56,65.82,40.39
142,54.44,65.79,40.4
193,53.49,65.42,40.38
271,52.56,64.85,40.38
289,49.01,64.58,40.91
291,49.48,64.85,40.81
293,49.84,64.26,40.44
20,54.43,66.03,43.06
35,54.43,66.03,42.39
134,54.45,65.83,40.66
86,55.3,66.03,40.47
105,54.43,65.83,41.82
50,55.31,66.03,41.7
132,54.43,65.83,41.18
69,55.31,66.03,41.02
84,56.13,66.03,40.47
124,55.29,65.81,40.37
200,55.25,65.32,40.35
63,56.66,66.03,41.01
85,57.07,66.03,40.47
129,56.66,65.83,40.66
119,56.66,65.88,40.38
60,57.56,66.03,41.01
85,57.97,66.03,40.47
128,57.56,65.83,40.66
128,57.55,65.85,40.39
66,56.14,66.03,41.01
46,56.14,66.03,41.7
43,56.66,66.03,41.69
39,57.56,66.03,41.7
123,56.21,65.77,40.37
139,57.08,65.71,40.39
56,58.51,66.03,41.02
126,58.49,65.83,40.66
33,58.51,66.03,41.72
54,59.31,66.03,41.04
87,60.18,66.03,40.48
128,59.33,65.83,40.66
86,59.33,66.03,40.48
152,57.96,65.67,40.39
135,58.44,65.83,40.39
87,58.86,66.03,40.41
29,59.31,66.03,41.74
52,60.2,66.03,41.05
127,60.18,65.83,40.66
52,61.07,66.03,41.06
51,62.43,66.03,41.09
20,62.43,66.03,41.8
127,61.05,65.83,40.66
127,62.44,65.83,40.67
90,61.86,66.03,40.48
129,61.07,65.78,40.37
132,62.43,65.86,40.38
91,62.84,66.03,40.5
87,65.93,66.03,40.54
88,64.23,66.03,40.5
654,67.71,65.73,40.36
6,70.6,67.9,46.9
7,70.6,67.9,46.27
7,71,67.42,45.65
6,71,67.42,47.52
5,71.4,66.96,48.15
4,71.81,66.72,48.77
2,70.9,66.5,45.67
3,71.38,66.51,45.56
2,71.79,66.51,48.15
4792,72.05,64.27,40.43
12,74.03,64.05,40.86
454,73.43,64.78,41.13
141,73.42,64.36,41.2
252,72.79,65.06,41.14
295,73,64.83,41.18
5,70.12,67.5,44.4
4,70.52,67.01,45
3,70.92,66.74,45.65
2,70.52,67.02,43.77
7,72.28,66.9,48.77
3,72.27,66.51,48.16
25,73.72,68.07,46.9
17,73.24,67.67,47.52
11,72.76,67.27,48.15
21,72.84,68.15,46.9
10,71.08,68.3,46.9
15,71.96,68.22,46.9
13,72.36,67.75,47.52
8,71.48,67.82,47.52
8,71.88,67.34,48.15
5,72.7,66.7,48.77
12,71.48,67.82,46.27
11,71.88,67.34,45.65
3,72.27,66.49,45.55
3,72.68,66.51,48.15
7,73.16,66.85,48.14
17,72.36,67.75,46.27
21,73.24,67.67,46.27
19,74.09,67.59,46.27
16,72.76,67.27,45.65
12,73.64,67.19,47.52
5,74,66.8,48.14
18,74.09,67.59,46.9
8,74.28,67.06,47.52
3,74.5,66.95,46.27
4,73.22,66.48,45.59
3,74.5,66.94,46.89
3,73.61,66.5,48.05
2,73.14,66.47,47.6
9,71,67.42,44.4
6,71.4,66.94,45.01
17,71.48,67.82,44.4
13,71.88,67.34,45.02
3,72.27,66.49,45.14
21,72.36,67.75,44.4
16,72.76,67.27,45.02
4,73.22,66.48,45.08
23,73.24,67.67,44.4
18,74.09,67.59,44.4
10,74.28,67.25,44.4
8,74.3,67.08,45.66
10,74.33,67.25,45.06
15,73.64,67.17,45.64
19,74.09,67.59,45.02
23,73.24,67.67,45.02
2,74.06,66.47,45.65
2,74.37,66.61,45.3
6,74.3,66.98,44.97
5,74.3,66.99,44.38
2,74.43,66.54,44.36
3,71.4,66.94,43.77
13,71.88,67.34,43.77
5,72.68,66.39,42.52
8,72.28,66.87,43.15
3,73.1,66.13,42.68
2,71.8,66.46,43.15
45,72.79,65.05,41.43
45,72.99,64.81,41.43
29,73.03,65.25,41.43
36,73.23,65.01,41.43
38,73.43,64.77,41.43
21,73.63,64.53,41.43
26,73.84,64.31,41.16
2,74.07,64.49,41.43
16,72.76,67.27,43.77
4,73.34,66.33,42.99
9,73.16,66.79,43.15
7,73.58,66.53,42.99
3,73.54,66.09,42.99
3,74.23,66.08,42.93
3,73.97,66.05,42.68
5,73.78,66.29,42.99
15,73.64,67.19,43.77
9,73.82,66.73,43.3
8,74.11,66.71,43.3
10,74.04,66.93,43.3
10,74.16,67.11,43.77
6,73.99,66.49,43.3
5,74.07,66.23,43.01
5,74.25,66.62,43.76
3,74.41,66.25,43.65
4,74.23,66.21,43.3
2,70.12,67.5,46.9
2,69.64,67.09,47.52
4,65.72,66.04,42.5
21,63.31,66.03,41.82
52,63.32,66.03,41.11
91,63.73,66.03,40.5
128,63.33,65.83,40.67
144,63.31,65.83,40.39
24,64.21,66.03,41.83
54,64.22,66.03,41.11
135,64.24,65.83,40.67
4,66.57,66.12,42.51
130,66.71,66.06,40.32
80,66.5,66.09,40.56
74,66.54,66.45,40.76
39,65.85,66.06,41.47
139,65.99,65.87,40.66
5,66.36,65.91,42.52
35,66.56,66.07,41.73
51,66.93,67.38,41.41
2,67.02,67.33,42.52
3,66.76,66.91,42.52
47,66.54,66.52,41.47
4,66.95,66.45,42.52
3,67.4,66.85,42.52
277,67.7,66.27,40.59
129,67.09,66.68,40.81
440,67.66,65.92,40.5
915,68.62,66.04,40.31
6,70.04,66.62,41.9
3,68.28,66.77,42.52
2,68.68,66.29,42.52
50,67.92,67.69,41.58
114,69.24,67.58,41.27
16,69.24,67.58,41.9
4,68.76,67.17,42.52
2,69.16,66.69,42.52
8,69.64,67.1,41.9
36,69.64,67.1,41.27
363,68.71,66.7,40.83
675,69.11,65.8,40.38
515,69.11,65.9,40.5
440,69.07,66.06,40.58
98,69.56,66.21,40.82
18,70.04,66.62,41.27
20,70.44,66.14,41.27
18,71.32,66.06,41.27
123,69.96,65.74,40.79
189,70.84,65.69,40.78
4,70.44,66.14,41.9
3,71.32,66.06,41.9
48,71.72,65.57,41.26
354,71.27,65.38,40.83
3,71.72,65.58,41.9
93,72.12,65.12,41.28
965,71.24,65.08,40.75
430,69.53,65.29,40.69
677,70.36,65.25,40.69
1222,71.65,64.71,40.87
1561,72.53,64.63,40.91
2360,73.18,64.56,40.86
204,73.83,64.29,40.82
963,73.38,64.32,40.88
10,73.8,63.92,40.92
3337,70.76,64.95,40.38
792,68.6,65.48,40.37
1757,69.9,65.24,40.36
4175,71.17,64.42,40.42
3572,72.92,64.14,40.42
380,73.59,64.1,40.4
3,73.79,63.78,40.41
9,51.25,66.03,44.36
16,51.26,66.03,43.71
17,50.44,66.03,43.72
11,50.44,66.03,44.36
53,51.25,65.83,43.12
82,51.25,65.83,42.47
85,50.43,65.83,42.48
56,50.43,65.83,43.12
214,49.96,65.27,41.9
256,49.96,65.27,41.27
196,50.42,65.55,41.89
206,51.33,65.51,41.9
253,50.75,65.34,40.84
237,50.42,65.55,41.27
263,51.33,65.5,41.25
318,50.82,64.67,40.84
325,51.6,64.16,40.44
4,51.79,66.03,44.99
5,51.25,66.03,44.99
3,51.25,66.03,45.63
2,51.79,66.03,45.63
8,52.19,66.03,44.35
17,51.79,65.83,44.38
15,52.19,66.03,43.71
28,51.79,65.83,43.75
2,52.68,66.03,45.63
3,52.68,66.03,44.99
7,53.09,66.03,44.36
15,52.68,65.83,44.38
13,53.09,66.03,43.71
26,52.68,65.83,43.75
6,53.63,66.03,44.36
12,53.63,66.03,43.71
79,51.78,65.66,43.15
50,52.19,65.83,43.11
123,51.78,65.66,42.52
80,52.19,65.83,42.47
289,51.72,65.12,41.25
237,51.72,65.12,41.9
286,52.61,65.25,40.86
208,52.2,65.46,41.9
264,52.2,65.46,41.26
75,52.67,65.63,43.15
48,53.09,65.83,43.11
121,52.67,65.63,42.52
77,53.09,65.83,42.47
45,53.63,65.83,43.11
74,53.63,65.83,42.47
281,53.08,65.41,41.26
311,53.5,65.18,40.88
131,53.99,65.83,40.59
230,53.58,65.61,40.8
218,53.07,65.42,41.88
186,53.59,65.61,41.9
242,53.59,65.61,41.27
229,54.43,65.59,40.8
317,53.49,65.16,40.72
353,52.54,64.61,40.85
175,53.96,65.6,40.41
233,53.46,65.17,40.36
174,54.81,65.56,40.39
370,53.36,64.04,40.45
288,49.84,64.03,41.06
351,50.64,63.35,40.5
11,54.43,66.03,43.71
6,54.43,66.03,44.36
42,54.43,65.83,43.11
18,55.31,66.03,43.06
71,54.43,65.83,42.47
33,55.31,66.03,42.39
242,54.42,65.58,41.27
182,54.42,65.58,41.9
132,55.3,65.83,40.66
101,55.31,65.83,41.82
129,55.31,65.83,41.17
130,56.13,65.83,40.66
241,55.29,65.53,40.62
356,55.25,65.08,40.71
259,55.22,65.05,40.36
166,55.71,65.55,40.36
16,56.14,66.03,43.06
15,56.66,66.03,43.05
30,56.14,66.03,42.38
28,56.66,66.03,42.38
25,57.56,66.03,42.39
12,57.56,66.03,43.06
61,57.07,66.03,41.01
121,56.66,65.83,41.17
189,56.66,65.66,40.78
128,57.07,65.83,40.66
58,57.97,66.03,41.01
114,57.56,65.83,41.17
194,57.55,65.64,40.79
128,57.97,65.83,40.66
126,56.14,65.83,41.17
95,56.14,65.83,41.82
41,57.07,66.03,41.69
90,56.66,65.83,41.82
36,57.97,66.03,41.7
81,57.56,65.83,41.82
231,56.18,65.48,40.63
236,57.06,65.39,40.66
172,56.6,65.46,40.37
169,57.49,65.5,40.37
20,58.51,66.03,42.41
107,58.51,65.83,41.18
196,58.46,65.62,40.8
125,58.86,65.83,40.59
71,58.51,65.83,41.83
103,59.31,65.83,41.18
201,59.31,65.6,40.8
264,57.94,65.34,40.68
125,60.17,65.8,40.37
120,59.32,65.84,40.36
185,58.37,65.43,40.38
163,58.82,65.63,40.38
140,60.61,65.65,40.36
17,59.31,66.03,42.43
64,59.31,65.83,41.84
25,60.19,66.03,41.76
22,61.08,66.03,41.78
100,60.19,65.83,41.19
200,60.18,65.58,40.79
2,62.43,66.03,43.11
6,62.43,66.03,42.47
52,62.83,66.03,41.1
20,62.83,66.03,41.81
96,61.08,65.83,41.19
51,61.87,66.03,41.07
91,62.43,65.83,41.2
20,61.87,66.03,41.79
42,62.43,65.83,41.86
204,61.07,65.57,40.8
127,61.86,65.83,40.66
172,62.43,65.65,40.79
128,62.84,65.83,40.67
220,61.06,65.48,40.65
401,67.7,65.44,40.62
152,61.49,65.6,40.36
143,61.96,65.73,40.38
163,62.84,65.68,40.39
219,63.26,65.44,40.38
205,63.72,65.63,40.4
203,65.95,65.75,40.36
87,64.99,66.03,40.48
175,64.21,65.8,40.4
434,66.79,65.58,40.36
4,71,67.42,46.9
5,71,67.42,46.27
5,71.4,66.97,45.64
4,71.81,66.72,48.14
4,71.4,66.96,47.52
3,71.79,66.49,45.68
4299,71.58,64.03,40.45
2935,72.45,63.91,40.46
1023,72.05,64.24,41.04
18,73.62,64.13,41.22
288,73.21,64.6,41.19
22,73.39,64.33,41.42
40,73.19,64.56,41.42
111,72.53,64.67,41.39
2,70.52,67.01,44.39
2,70.92,66.69,44.97
2,72.25,66.47,47.66
7,72.28,66.9,48.14
19,73.24,67.67,46.9
12,72.76,67.27,47.52
15,72.36,67.75,46.9
10,71.48,67.82,46.9
9,71.88,67.34,47.52
5,72.69,66.69,48.14
8,71.88,67.34,46.27
8,72.28,66.9,45.65
3,72.65,66.47,45.67
5,73.6,66.64,47.99
7,73.16,66.83,47.51
14,72.76,67.27,46.27
15,73.64,67.19,46.27
10,74.28,67.07,46.28
9,73.16,66.83,45.66
13,73.64,67.19,46.9
9,74.28,67.06,46.9
5,73.99,66.79,47.51
3,73.15,66.41,46.13
2,74.18,66.48,46.25
3,73.58,66.47,45.73
2,73.58,66.44,47.53
3,71.4,66.95,44.38
4,71.81,66.67,44.94
13,71.88,67.34,44.4
9,72.28,66.89,45.01
2,72.66,66.47,45
16,72.76,67.27,44.4
9,73.16,66.82,44.99
2,73.61,66.45,44.93
15,73.64,67.19,44.4
11,74.17,67.11,44.41
6,74.01,66.78,45.66
10,74.17,67.11,45.02
14,73.64,67.17,45.03
3,74.29,66.63,44.35
2,74.31,66.66,45
5,72.28,66.87,43.77
3,72.68,66.39,43.15
2,73.1,66.13,42.99
2,73.83,64.29,41.43
6,73.16,66.79,43.77
3,73.34,66.33,43.3
5,73.58,66.53,43.3
2,73.54,66.09,43.3
4,73.78,66.29,43.3
3,73.97,66.05,42.99
8,73.96,66.73,43.77
4,74.08,66.22,43.3
4,74.23,66.23,43.66
5,63.32,66.03,42.48
4,64.99,66.03,42.49
4,64.21,66.03,42.49
7,65.81,65.87,42.51
22,63.72,66.03,41.83
42,63.32,65.83,41.87
53,63.72,66.03,41.11
90,63.33,65.83,41.21
172,63.32,65.62,40.79
130,63.74,65.83,40.67
41,64.98,66.03,41.45
147,65.01,65.84,40.65
45,64.23,65.83,41.87
167,64.22,65.6,40.8
89,64.24,65.83,41.21
5,66.72,66.05,42.52
206,66.71,65.9,40.47
124,66.57,65.95,40.65
255,66.01,65.62,40.75
7,66.43,65.76,42.52
61,65.97,65.89,41.52
36,66.71,66.01,41.89
6,67.32,65.97,42.52
3,67.8,66.37,42.52
49,67.11,66.72,41.58
295,67.68,65.61,40.76
268,67.72,66.13,40.81
625,68.64,65.89,40.47
7,67.72,65.49,42.52
2,68.2,65.89,42.52
4,69.56,66.22,41.9
39,68.72,66.73,41.58
26,69.56,66.22,41.27
144,69.1,65.81,40.79
39,69.96,65.74,41.27
45,70.84,65.65,41.25
185,69.49,65.41,40.84
227,70.32,65.37,40.84
7,69.96,65.74,41.9
5,70.84,65.66,41.9
86,71.24,65.19,41.25
6,71.25,65.18,41.9
3,72.13,65.1,41.9
127,71.64,64.74,41.35
983,70.77,64.81,40.82
378,68.58,65.22,40.7
593,69.9,65.08,40.73
1071,71.17,64.34,40.99
805,72.92,64.13,41.01
116,73.59,64.09,40.91
1815,68.53,64.91,40.39
2539,69.87,64.94,40.38
3337,70.29,64.52,40.41
3897,70.7,64.14,40.44
156,73.33,63.67,40.44
17,51.25,65.83,44.38
29,51.25,65.83,43.75
32,50.43,65.83,43.75
19,50.43,65.83,44.38
142,49.96,65.27,42.52
90,50.42,65.55,43.14
89,51.33,65.51,43.15
134,50.42,65.55,42.52
138,51.33,65.51,42.52
257,50.8,64.81,41.62
313,51.57,63.92,41.06
380,52.4,63.25,40.51
2,52.19,66.03,45.63
4,52.19,66.03,44.99
8,51.79,65.83,45.01
8,51.25,65.83,45.01
5,51.25,65.83,45.64
4,51.79,65.83,45.64
23,51.78,65.66,44.4
16,52.19,65.83,44.38
40,51.78,65.66,43.77
27,52.19,65.83,43.75
3,52.68,65.83,45.64
3,53.09,66.03,44.99
6,52.68,65.83,45.01
3,53.63,66.03,45
21,52.67,65.63,44.4
14,53.09,65.83,44.38
37,52.67,65.63,43.77
25,53.09,65.83,43.75
13,53.63,65.83,44.38
24,53.63,65.83,43.75
96,51.72,65.12,43.15
150,51.72,65.12,42.52
89,52.2,65.46,43.15
138,52.2,65.46,42.52
288,52.54,64.65,41.63
88,53.08,65.41,43.15
143,53.06,65.41,42.51
77,53.59,65.61,43.15
125,53.59,65.61,42.52
321,53.47,64.94,41.28
263,53.46,64.94,41.89
282,53.96,65.41,40.83
230,53.96,65.33,41.9
294,53.96,65.33,41.27
291,54.84,65.36,40.85
305,53.94,65.27,40.71
358,53.46,64.93,40.75
311,54.88,65.27,40.69
343,53.34,63.77,41.11
306,54.32,64.81,40.4
415,54.16,63.14,40.51
218,50.64,63.11,41.29
365,51.46,62.74,40.53
21,54.43,65.83,43.75
9,55.31,66.03,43.71
2,54.43,66.03,44.99
11,54.43,65.83,44.38
5,55.31,66.03,44.35
8,56.14,66.03,43.71
7,56.66,66.03,43.7
6,57.56,66.03,43.71
10,58.51,66.03,43.08
8,59.31,66.03,43.09
119,54.42,65.58,42.52
70,54.42,65.58,43.15
38,55.31,65.83,43.11
67,55.31,65.83,42.47
305,54.84,65.28,41.27
233,54.84,65.28,41.9
345,55.25,65.04,40.92
237,55.3,65.57,40.8
184,55.3,65.55,41.9
250,55.3,65.55,41.27
240,56.2,65.54,40.81
413,55.22,64.81,40.79
315,55.71,65.26,40.67
374,56.08,64.66,40.4
34,56.14,65.83,43.11
13,57.07,66.03,43.05
32,56.66,65.83,43.11
62,56.14,65.83,42.47
27,57.07,66.03,42.38
60,56.66,65.83,42.47
23,57.97,66.03,42.4
54,57.56,65.83,42.47
11,57.97,66.03,43.07
27,57.56,65.83,43.11
117,57.07,65.83,41.17
201,56.66,65.66,41.27
232,57.08,65.51,40.81
188,57.55,65.64,41.27
111,57.97,65.83,41.17
243,57.96,65.48,40.82
253,56.21,65.52,41.27
178,56.21,65.52,41.9
86,57.07,65.83,41.82
139,56.66,65.66,41.9
132,57.55,65.64,41.9
77,57.97,65.83,41.82
337,56.6,65.18,40.7
283,57.49,65.23,40.69
305,57,65.03,40.37
246,57.47,65.26,40.35
47,58.51,65.83,42.48
190,58.48,65.61,41.27
262,58.83,65.42,40.84
124,58.48,65.61,41.9
181,59.3,65.59,41.27
268,59.68,65.39,40.85
207,60.17,65.51,40.64
207,59.31,65.57,40.62
332,58.38,65.17,40.72
293,58.89,65.33,40.68
246,60.61,65.39,40.67
157,59.72,65.6,40.36
268,58.35,65.18,40.36
186,59.25,65.4,40.35
214,60.59,65.41,40.35
112,59.3,65.59,41.9
6,60.19,66.03,43.1
4,61.07,66.03,43.1
42,59.31,65.83,42.49
13,60.19,66.03,42.44
56,60.19,65.83,41.84
10,61.07,66.03,42.45
49,61.08,65.83,41.85
192,60.18,65.55,41.24
238,60.61,65.44,40.82
2,62.84,66.03,43.12
5,62.84,66.03,42.47
3,61.87,66.03,43.1
6,62.44,65.83,43.13
7,61.87,66.03,42.46
17,62.44,65.83,42.5
185,61.06,65.53,41.25
243,61.5,65.4,40.84
91,62.84,65.83,41.21
42,62.84,65.83,41.86
95,61.88,65.83,41.19
137,62.43,65.64,41.27
45,61.87,65.83,41.85
65,62.43,65.64,41.9
211,61.96,65.54,40.81
212,62.84,65.49,40.82
255,61.49,65.34,40.69
233,61.94,65.42,40.67
251,62.83,65.35,40.69
325,63.25,65.18,40.72
305,63.7,65.29,40.7
414,66.8,65.34,40.65
327,65.95,65.5,40.6
266,61.47,65.33,40.36
175,62.38,65.51,40.37
407,63.23,65.18,40.36
403,64.25,65.27,40.39
1115,66.77,65.09,40.37
392,65,65.5,40.38
4,71.82,66.7,45.68
3,71.4,66.98,46.27
2,71.82,66.68,47.48
3038,71.55,63.73,40.48
925,71.58,64,41.12
1539,72.43,63.62,40.48
558,72.45,63.9,41.13
171,72.05,64.31,41.48
2,73.59,64.09,41.43
44,72.96,64.2,41.45
2,73.19,64.57,41.74
3,72.53,64.63,41.9
12,72.76,67.27,46.9
7,71.88,67.34,46.9
5,72.28,66.89,47.52
3,72.66,66.64,47.47
5,72.28,66.89,46.28
5,72.67,66.65,45.71
4,73.57,66.6,47.46
6,73.16,66.82,46.91
7,73.16,66.81,46.27
7,73.99,66.79,46.29
6,73.57,66.62,45.8
6,73.99,66.78,46.9
2,73.79,66.42,46.85
2,73.79,66.41,46.64
3,73.54,66.42,46.25
6,72.28,66.88,44.38
5,72.67,66.64,44.93
6,73.16,66.8,44.38
3,73.58,66.59,44.82
5,73.99,66.73,44.4
5,74,66.76,45
3,74.09,66.23,43.61
3,73.97,66.05,43.3
4,63.33,65.83,43.14
4,63.72,66.03,42.48
13,63.33,65.83,42.5
2,65.04,65.83,43.15
2,64.24,65.83,43.14
9,65.04,65.83,42.51
9,64.24,65.83,42.51
13,65.98,65.57,42.52
2,65.98,65.56,43.14
282,63.26,65.21,40.87
62,63.32,65.62,41.9
43,63.73,65.83,41.87
152,63.32,65.62,41.27
88,63.73,65.83,41.21
213,63.72,65.44,40.83
258,64.95,65.38,40.83
78,64.22,65.59,41.9
135,64.22,65.59,41.27
68,65.03,65.84,41.53
2,67.25,65.09,43.15
95,66.02,65.59,41.53
39,66.84,65.85,41.89
329,66.75,65.49,40.78
9,66.84,65.57,42.52
11,67.25,65.09,42.52
1955,67.61,64.36,40.43
61,67.72,65.91,41.56
10,68.13,65.01,42.52
3,68.6,65.41,42.52
5,69.08,65.81,41.9
39,69.08,65.81,41.27
208,68.6,65.41,40.83
70,69.48,65.34,41.27
78,70.37,65.26,41.26
303,69.9,65.09,40.93
13,69.49,65.34,41.9
11,70.37,65.26,41.9
129,70.76,64.81,41.31
17,70.77,64.78,41.9
8,71.65,64.7,41.9
233,71.16,64.38,41.43
747,68.54,64.73,40.84
838,69.87,64.79,40.82
984,70.29,64.41,40.95
1001,70.7,64.07,41.07
31,73.33,63.66,41.07
2683,69.37,64.14,40.45
3451,70.68,63.82,40.47
2436,71.09,63.47,40.5
88,72.85,63.27,40.5
28,50.42,65.55,44.39
26,51.33,65.51,44.4
47,50.42,65.55,43.77
44,51.33,65.51,43.77
117,50.8,64.77,42.83
264,51.58,63.88,41.81
222,52.39,62.98,41.31
385,53.22,62.64,40.53
4,52.19,65.83,45.64
11,51.78,65.66,45.02
7,52.19,65.83,45.01
12,51.33,65.51,45.02
7,51.33,65.51,45.65
6,51.78,65.66,45.65
27,51.72,65.12,44.4
48,51.72,65.12,43.77
25,52.2,65.46,44.4
44,52.2,65.46,43.77
5,52.67,65.63,45.65
3,53.09,65.83,45.64
9,52.67,65.63,45.02
6,53.09,65.83,45.01
2,53.63,65.83,45.64
5,53.63,65.83,45.01
23,53.08,65.41,44.4
41,53.08,65.41,43.77
20,53.59,65.61,44.4
37,53.59,65.61,43.77
2,52.67,65.63,46.27
124,52.56,64.6,42.83
284,53.33,63.71,41.82
97,53.48,64.96,43.15
159,53.45,64.97,42.5
89,53.96,65.33,43.15
145,53.96,65.33,42.52
317,54.32,64.49,41.66
401,54.32,64.48,40.9
226,54.16,62.84,41.33
364,54.99,62.52,40.54
451,55.13,63.91,40.46
196,50.66,63.14,41.94
138,51.46,62.47,41.4
144,51.41,62.12,40.55
33,54.42,65.58,43.77
17,54.42,65.58,44.4
19,55.31,65.83,43.75
4,54.43,65.83,45.01
2,55.31,66.03,44.99
10,55.31,65.83,44.38
4,56.14,66.03,44.35
3,56.66,66.03,44.34
2,54.43,65.83,45.64
16,56.14,65.83,43.75
6,57.07,66.03,43.71
15,56.66,65.83,43.75
2,57.56,66.03,44.35
2,57.97,66.03,44.35
5,57.97,66.03,43.71
13,57.56,65.83,43.75
4,58.51,66.03,43.72
23,58.51,65.83,43.12
3,59.31,66.03,43.73
20,59.31,65.83,43.12
142,54.84,65.28,42.52
85,54.84,65.28,43.15
70,55.3,65.55,43.15
119,55.3,65.55,42.52
358,55.24,64.82,41.29
286,55.24,64.81,41.9
296,55.72,65.32,40.86
237,55.72,65.23,41.9
313,55.72,65.23,41.27
318,56.57,65.24,40.87
458,56.08,64.38,40.91
584,56.88,63.74,40.47
62,56.21,65.52,43.15
30,57.07,65.83,43.11
50,56.66,65.66,43.15
110,56.21,65.52,42.52
57,57.07,65.83,42.47
89,56.66,65.66,42.52
82,57.55,65.64,42.52
51,57.97,65.83,42.47
43,57.55,65.64,43.15
26,57.97,65.83,43.12
265,57.08,65.46,41.26
297,57.5,65.26,40.85
259,57.96,65.42,41.26
327,58.38,65.19,40.88
342,56.61,65.14,41.27
248,56.6,65.13,41.9
180,57.08,65.47,41.9
175,57.96,65.42,41.9
468,57,64.77,40.79
403,57.47,65.02,40.73
469,57.84,64.5,40.41
81,58.48,65.61,42.52
273,58.84,65.34,41.27
358,59.26,65.13,40.92
178,58.84,65.34,41.9
269,59.73,65.29,41.26
317,59.72,65.32,40.68
490,58.35,64.94,40.75
378,59.26,65.17,40.71
410,60.59,65.18,40.72
302,60.12,65.18,40.37
323,59.23,65.13,40.37
402,58.77,64.86,40.38
546,60.52,64.74,40.41
388,61,65.1,40.37
2,60.19,66.03,43.74
166,59.72,65.29,41.9
74,59.3,65.59,42.52
16,60.19,65.83,43.13
11,61.08,65.83,43.13
36,60.19,65.83,42.49
106,60.18,65.56,41.9
28,61.07,65.83,42.49
95,61.06,65.53,41.9
274,60.6,65.24,41.25
5,62.84,65.83,43.14
16,62.84,65.83,42.5
9,61.88,65.83,43.13
12,62.43,65.64,43.15
22,61.88,65.83,42.5
32,62.43,65.64,42.52
145,61.48,65.19,41.9
269,61.48,65.19,41.26
265,62.38,65.28,40.86
199,61.97,65.49,41.26
191,62.84,65.43,41.26
94,61.97,65.49,41.9
81,62.84,65.44,41.9
447,61.47,65.1,40.75
280,62.37,65.25,40.71
554,63.23,64.96,40.76
555,64.29,64.98,40.77
726,66.77,64.87,40.77
521,65.1,65.13,40.72
638,62.32,64.86,40.39
994,64.01,64.68,40.4
1352,65.83,64.6,40.4
2,71.81,66.66,46.29
1103,71.97,63.37,40.52
393,71.55,63.7,41.22
329,71.59,64.05,41.54
223,72.43,63.61,41.22
121,72.46,63.97,41.54
7,72.05,64.23,41.9
2,72.93,64.14,41.89
3,72.68,66.59,46.3
2,72.28,66.87,46.89
2,73.17,66.57,46.7
2,73.67,66.55,46.8
2,73.63,66.59,46.65
4,73.53,66.58,46.31
11,63.32,65.62,43.15
3,63.73,65.83,43.14
31,63.32,65.62,42.52
11,63.73,65.83,42.51
4,65.06,65.57,43.14
3,64.22,65.59,43.15
15,65.06,65.57,42.52
18,64.22,65.59,42.52
19,65.48,65.26,42.52
20,66.36,65.17,42.52
5,65.48,65.25,43.14
3,66.36,65.17,43.15
130,63.24,64.99,41.9
268,63.24,65,41.27
361,64.23,65.05,40.93
88,63.72,65.38,41.9
190,63.72,65.38,41.26
26,66.77,64.69,42.52
5,66.77,64.69,43.15
136,65.05,65.22,41.59
1892,66.66,63.58,40.49
3,67.65,64.61,43.15
117,66.78,65.11,41.57
18,67.65,64.61,42.52
717,67.61,64.17,41.03
2097,68.41,63.36,40.51
12,68.53,64.53,42.52
2,68.53,64.53,43.15
4,69.01,64.93,42.52
2,69.89,64.86,42.52
77,68.56,65,41.6
25,69.89,64.86,41.9
128,69.88,64.88,41.3
224,70.29,64.44,41.4
41,70.29,64.37,41.88
395,70.71,64.11,41.49
25,71.17,64.3,41.89
702,69.38,64.01,41.1
546,70.68,63.77,41.18
289,71.09,63.43,41.3
11,72.85,63.26,41.28
1844,70.17,63.13,40.53
595,71.49,62.98,40.55
59,72.37,62.89,40.55
42,71.9,62.66,40.57
37,50.8,64.77,44.08
103,51.61,63.79,42.83
195,52.39,63.01,41.94
132,53.23,62.34,41.41
136,53.17,62.02,40.55
7,51.72,65.12,45.65
13,51.72,65.12,45.02
6,52.2,65.46,45.65
11,52.2,65.46,45.02
2,51.78,65.35,46.58
36,52.56,64.6,44.08
5,53.08,65.41,45.65
10,53.08,65.41,45.02
4,53.59,65.61,45.65
8,53.59,65.61,45.02
24,53.48,64.96,44.4
45,53.48,64.96,43.77
22,53.96,65.33,44.4
41,53.96,65.33,43.77
2,53.08,65.41,46.27
105,53.37,63.64,42.83
192,54.17,62.84,41.97
144,54.94,61.9,40.55
127,54.32,64.44,42.83
307,55.13,63.57,41.86
121,54.99,62.21,41.43
378,55.13,63.62,41.15
455,55.93,62.99,40.53
50,50.48,61.58,40.55
65,50.64,62.98,42.8
98,51.48,62.47,41.99
30,51.41,61.87,41.46
45,52.24,61.47,40.55
7,54.42,65.58,45.02
3,54.42,65.58,45.65
37,54.84,65.28,43.77
19,54.84,65.28,44.4
16,55.3,65.55,44.4
31,55.3,65.55,43.77
3,57.07,66.03,44.34
3,55.31,65.83,45.01
8,56.14,65.83,44.38
7,56.66,65.83,44.37
27,56.21,65.52,43.77
14,57.07,65.83,43.75
22,56.66,65.66,43.77
6,57.56,65.83,44.38
5,57.97,65.83,44.38
12,57.97,65.83,43.75
19,57.55,65.64,43.77
10,58.51,65.83,43.75
41,58.48,65.61,43.15
8,59.31,65.83,43.75
36,59.3,65.59,43.15
4,58.51,65.83,44.38
3,59.31,65.83,44.38
161,55.24,64.81,42.52
96,55.24,64.81,43.15
83,55.72,65.23,43.15
141,55.72,65.23,42.52
353,56.08,64.35,41.69
428,56.89,63.45,41.2
652,57.72,63.13,40.53
80,56.6,65.13,43.15
60,57.08,65.47,43.15
141,56.6,65.13,42.52
109,57.08,65.47,42.52
102,57.96,65.42,42.52
54,57.96,65.42,43.15
404,57,64.68,41.31
360,57.48,65.06,41.25
310,57,64.65,41.9
256,57.48,65.05,41.9
257,58.36,64.98,41.9
375,58.36,64.98,41.27
531,57.84,64.23,40.96
679,58.66,63.59,40.49
103,58.84,65.34,42.52
455,58.76,64.53,41.35
321,58.76,64.5,41.9
382,59.24,64.92,41.29
257,59.24,64.9,41.9
375,60.12,64.85,41.31
544,60.12,64.93,40.8
542,59.23,64.89,40.79
574,58.77,64.62,40.86
645,60.53,64.48,40.96
597,61,64.86,40.83
624,59.61,64.36,40.44
888,61.37,64.17,40.45
2,60.19,65.83,44.39
6,60.19,65.83,43.76
3,61.08,65.83,43.76
2,63.32,65.62,43.77
2,61.88,65.83,43.76
3,62.43,65.64,43.77
2,63.72,65.38,43.77
244,60.12,64.82,41.9
94,59.72,65.29,42.52
47,59.72,65.29,43.15
35,60.18,65.56,43.15
24,61.06,65.53,43.15
76,60.18,65.56,42.52
60,61.06,65.53,42.52
155,60.6,65.24,41.9
453,60.53,64.42,41.41
307,60.53,64.34,41.89
229,61,64.75,41.9
376,61,64.78,41.33
35,61.48,65.19,43.15
76,61.48,65.19,42.52
24,61.97,65.49,43.15
16,62.84,65.44,43.15
57,61.97,65.49,42.52
43,62.84,65.44,42.52
255,62.33,64.69,41.66
670,62.31,64.61,40.91
796,64.02,64.44,40.92
797,65.83,64.37,40.92
1232,63.12,63.98,40.46
1649,64.88,63.83,40.47
130,71.97,63.36,41.34
30,71.56,63.84,41.92
4,72.45,63.76,41.91
27,63.24,64.99,43.15
60,63.24,64.99,42.52
15,63.72,65.38,43.15
6,64.6,65.3,43.15
39,63.72,65.38,42.52
28,64.6,65.3,42.52
40,65.01,64.84,42.52
32,65.89,64.76,42.52
9,65.01,64.84,43.15
8,65.89,64.76,43.15
225,64.08,64.54,41.68
1836,65.71,63.11,40.53
40,66.29,64.28,42.52
37,67.17,64.21,42.52
11,66.29,64.28,43.15
6,67.17,64.21,43.15
184,65.83,64.38,41.69
638,66.66,63.41,41.26
1863,67.47,62.89,40.55
19,68.05,64.13,42.52
3,68.05,64.13,43.15
139,67.6,64.25,41.75
483,68.41,63.24,41.34
1345,69.24,62.68,40.56
16,68.93,64.05,42.52
2,68.93,64.05,43.15
6,69.41,64.46,42.52
2,70.29,64.38,42.52
102,69.37,64.11,41.8
53,70.69,63.9,41.89
26,71.09,63.45,41.98
279,70.17,63.06,41.39
77,71.49,62.95,41.45
5,72.37,62.87,41.45
3,71.91,62.63,41.52
195,70.86,62.63,40.56
10,71.88,62.38,40.58
30,51.61,63.79,44.08
63,52.41,62.82,42.8
87,53.24,62.32,42.01
31,53.17,61.74,41.45
50,54.01,61.35,40.56
8,52.56,64.6,45.33
28,53.37,63.64,44.08
5,53.48,64.96,45.65
10,53.48,64.96,45.02
4,53.96,65.33,45.65
9,53.96,65.33,45.02
32,54.32,64.44,44.08
61,54.17,62.67,42.8
74,55.01,62.17,42.03
36,54.94,61.61,41.47
55,55.77,61.21,40.56
106,55.13,63.49,42.83
188,55.85,62.73,41.98
224,55.93,62.68,41.38
225,56.73,62.03,40.56
19,50.65,62.99,44.08
7,51.31,60.94,40.54
13,50.49,61.36,41.48
23,51.44,62.02,42.74
13,52.25,61.22,41.48
8,53.11,60.74,40.55
7,54.84,65.28,45.02
3,54.84,65.28,45.65
2,55.3,65.55,45.65
6,55.3,65.55,45.02
40,55.24,64.81,43.77
20,55.24,64.81,44.4
17,55.72,65.23,44.4
35,55.72,65.23,43.77
6,57.07,65.83,44.38
13,56.21,65.52,44.4
3,56.28,65.83,45.01
10,56.66,65.66,44.4
31,56.6,65.13,43.77
25,57.08,65.47,43.77
8,57.55,65.64,44.4
19,58.48,65.61,43.77
14,59.3,65.59,43.77
7,58.48,65.61,44.4
5,59.3,65.59,44.4
10,57.96,65.42,44.4
22,57.96,65.42,43.77
53,58.84,65.34,43.15
129,56.08,64.29,42.83
338,56.89,63.46,41.87
310,57.72,62.83,41.39
440,57.67,62.56,40.56
91,57,64.65,43.15
79,57.48,65.05,43.15
161,57,64.65,42.52
141,57.48,65.05,42.52
130,58.36,64.98,42.52
71,58.36,64.98,43.15
375,57.84,64.2,41.73
436,58.66,63.31,41.26
622,59.45,62.66,40.54
77,58.76,64.5,43.15
146,58.76,64.5,42.52
127,59.24,64.9,42.52
65,59.24,64.9,43.15
371,59.6,64.06,41.8
585,59.62,64.09,41.06
652,61.37,63.92,41.13
869,60.41,63.43,40.5
1126,62.17,63.2,40.52
5,60.18,65.56,44.4
2,61.06,65.53,44.4
13,60.18,65.56,43.77
7,61.06,65.53,43.77
16,59.72,65.29,43.77
6,59.72,65.29,44.4
3,61.48,65.19,44.4
9,61.48,65.19,43.77
2,61.97,65.49,44.4
7,61.97,65.49,43.77
3,62.84,65.44,43.77
5,63.24,64.99,43.77
3,64.12,64.92,43.77
78,60.56,64.79,42.83
337,61.36,63.91,41.85
937,63,62.52,40.56
63,62.33,64.63,42.83
299,63.14,63.76,41.87
709,63.12,63.76,41.16
773,64.88,63.62,41.18
1232,63.92,63.01,40.53
4,71.97,63.39,42.01
4,64.53,64.44,43.77
2,65.41,64.36,43.77
49,64.09,64.48,42.83
59,65.41,64.36,42.52
15,65.41,64.36,43.15
65,65.81,63.88,42.52
18,65.81,63.88,43.15
275,64.9,63.68,41.85
578,65.72,62.94,41.4
1039,65.66,62.52,40.57
49,66.69,63.81,42.52
38,67.57,63.73,42.52
13,66.69,63.81,43.15
7,67.57,63.73,43.15
212,66.63,63.5,41.92
431,67.48,62.76,41.47
831,67.42,62.31,40.58
22,68.45,63.65,42.52
4,68.45,63.65,43.15
139,68.41,63.36,41.99
255,69.24,62.59,41.5
423,69.18,62.11,40.58
14,69.33,63.57,42.52
2,69.33,63.57,43.15
6,69.81,63.98,42.52
45,70.18,63.22,42.02
5,71.49,63.02,42.07
27,70.86,62.58,41.51
6,71.01,62.06,40.58
7,51.61,63.79,45.33
17,52.41,62.84,44.08
20,53.21,61.87,42.74
15,54.01,61.08,41.48
6,54.82,60.55,40.57
6,53.37,63.64,45.33
15,54.17,62.68,44.08
6,54.32,64.44,45.33
24,55.13,63.49,44.08
18,54.97,61.72,42.75
17,55.78,60.93,41.5
3,56.55,60.48,40.57
55,55.94,62.51,42.78
65,56.73,61.73,41.49
43,57.53,61.06,40.57
5,50.65,62.99,45.33
6,51.45,62.03,44.08
4,50.49,61.24,42.76
2,51.32,60.72,41.51
3,52.26,61.08,42.76
2,53.12,60.49,41.51
7,55.24,64.81,45.02
3,55.24,64.81,45.65
2,55.72,65.23,45.65
6,55.72,65.23,45.02
28,56.08,64.29,44.08
11,57.08,65.47,44.4
2,56.24,65.53,45.65
15,56.6,65.13,44.4
4,56.24,65.53,45.02
15,57,64.65,44.4
13,57.48,65.05,44.4
34,57,64.65,43.77
29,57.48,65.05,43.77
16,58.8,64.92,44.08
104,56.89,63.31,42.81
227,57.73,62.81,41.99
141,57.67,62.25,41.49
238,58.49,61.88,40.57
121,57.85,64.14,42.83
322,58.64,63.33,41.92
242,59.45,62.38,41.43
326,60.27,61.98,40.55
103,59.61,63.98,42.83
276,60.41,63.08,41.98
475,60.41,63.16,41.3
492,62.18,62.98,41.35
652,61.22,62.45,40.54
10,60.56,64.79,44.08
6,62.33,64.63,44.08
7,63.65,64.52,43.77
7,64.05,64.04,43.77
88,61.37,63.83,42.83
283,62.17,63.01,42
272,63,62.32,41.48
332,62.94,61.93,40.57
67,63.13,63.67,42.83
237,63.85,62.92,42.02
417,63.92,62.82,41.41
500,64.72,62.05,40.58
5,64.93,63.96,43.77
2,65.81,63.88,43.77
58,64.89,63.51,42.81
247,65.73,62.99,42
71,66.21,63.4,42.52
19,66.21,63.4,43.15
145,65.66,62.36,41.54
338,66.49,61.87,40.58
51,66.61,62.92,42.51
14,66.61,62.93,43.15
162,67.49,62.84,42.08
42,67.09,63.33,42.52
39,67.97,63.25,42.52
13,67.09,63.33,43.15
7,67.97,63.25,43.15
86,67.42,62.19,41.55
128,68.25,61.66,40.58
25,68.37,62.77,42.51
4,68.37,62.77,43.15
74,69.23,62.69,42.1
16,68.85,63.17,42.52
4,68.85,63.17,43.15
39,69.19,62.01,41.56
3,70.01,61.48,40.59
3,70.17,63.05,42.82
3,70.91,62.66,42.1
4,52.41,62.84,45.33
5,53.21,61.88,44.08
3,54.01,60.93,42.75
2,54.82,60.29,41.52
3,54.17,62.68,45.33
4,54.97,61.73,44.08
4,55.13,63.49,45.33
12,55.93,62.53,44.08
3,55.78,60.77,42.76
17,56.73,61.57,42.75
13,57.54,60.78,41.52
2,49.69,62.19,45.33
4,56.08,64.29,45.33
20,56.89,63.33,44.08
21,57.85,64.14,44.08
3,57.04,65.06,45.33
15,59.61,63.98,44.08
53,57.69,62.36,42.76
80,58.5,61.59,41.51
10,59.29,60.9,40.56
95,58.65,63.17,42.82
151,59.6,62.37,42.05
103,60.28,61.72,41.45
57,60.22,61.39,40.56
78,60.41,63.02,42.83
132,61.1,62.24,42.03
89,62.02,61.45,40.57
232,61.23,62.2,41.41
10,61.37,63.83,44.08
6,63.13,63.67,44.08
7,64.45,63.56,43.77
66,62.17,62.86,42.81
138,63.01,62.36,42.08
68,62.95,61.74,41.54
114,63.76,61.28,40.58
44,63.94,62.72,42.81
82,64.72,61.86,41.55
69,65.53,61.12,40.58
4,64.85,63.08,43.77
2,66.21,63.4,43.77
3,65.33,63.48,43.77
36,65.69,62.56,42.79
50,66.49,61.7,41.57
27,67.29,60.96,40.58
17,67.45,62.4,42.8
18,68.25,61.53,41.57
5,69.21,62.25,42.8
2,55.93,62.53,45.33
4,56.73,61.57,44.08
2,57.54,60.61,42.77
2,56.89,63.33,45.33
10,57.69,62.37,44.08
15,58.65,63.18,44.08
2,57.85,64.14,45.33
10,60.41,63.02,44.08
15,58.5,61.42,42.77
3,59.29,60.63,41.52
4,60.11,60.25,40.53
17,62.83,60.79,40.58
47,59.45,62.22,42.8
45,60.3,61.7,42.05
14,60.22,61.13,41.5
22,61.05,60.72,40.54
32,61.23,62.05,42.78
25,62.03,61.23,41.52
6,62.17,62.87,44.08
3,63.93,62.72,44.08
23,62.97,61.91,42.8
30,63.77,61.08,41.57
10,64.59,60.64,40.58
14,64.73,61.77,42.8
16,65.53,60.92,41.57
5,66.35,60.5,40.57
5,66.5,61.6,42.81
5,67.3,60.77,41.57
2,58.5,61.42,44.08
7,59.45,62.22,44.08
4,61.21,62.07,44.08
2,60.12,60,41.5
7,62.84,60.58,41.57
8,60.26,61.26,42.77
8,61.06,60.48,41.5
7,62.01,61.11,42.77
2,62.97,61.91,44.08
3,63.78,60.96,42.81
2,64.6,60.42,41.56
