ppm HF Concentration mole,X (m),Y (m),Z (m)
3150,26.22,79.01,40.49
2271,26.22,79.01,40.49
11504,26.22,79.01,40.53
5397,26.22,79.01,40.49
12345,26.22,79.01,40.49
8910,26.22,79.01,40.49
7199,26.23,79.01,40.49
4754,26.23,79.01,40.49
1609,26.23,79.01,40.49
2939,26.22,79.01,40.53
956,26.21,79.01,40.53
7279,26.21,79.01,40.53
6240,26.21,79.01,40.53
2589,26.22,79.01,40.53
7412,26.22,79.01,40.53
1459,26.21,79.01,40.49
8834,26.21,79.01,40.49
6199,26.22,79.01,40.49
11295,26.22,79.01,40.49
1980,26.22,79.01,40.49
6975,26.22,79.01,40.49
48440,26.22,79.01,40.49
1587,26.22,79.01,40.49
148792,26.22,79.01,40.49
29636,26.22,79.01,40.49
4392,26.22,79.01,40.49
8174,26.22,79.01,40.49
35647,26.22,79.01,40.49
17790,26.22,79.01,40.49
1869,26.22,79.01,40.49
947,26.22,79.01,40.49
1951,26.22,79.01,40.49
23819,26.22,79.01,40.49
4850,26.22,79.01,40.49
6261,26.22,79.01,40.49
2048,26.22,79.01,40.49
2582,26.22,79.01,40.49
477,26.22,79.01,40.49
4358,26.22,79.01,40.53
5325,26.22,79.01,40.53
2039,26.22,79.01,40.53
2143,26.22,79.01,40.53
4659,26.22,79.01,40.53
2294,26.22,79.01,40.53
438684,26.22,79.01,40.53
4998,26.22,79.01,40.53
10824,26.22,79.01,40.53
6870,26.23,79.01,40.53
7013,26.22,79.01,40.53
286866,26.22,79.01,40.49
702778,26.22,79.01,40.49
1000000,26.22,79.01,40.53
998782,26.22,79.01,40.53
11491,26.23,79.01,40.53
9648,26.23,79.01,40.53
8529,26.24,79.01,40.52
999150,26.22,79.01,40.49
1000000,26.22,79.01,40.49
6990,26.23,79.01,40.49
12404,26.23,79.01,40.49
308,26.23,79.01,40.49
99,26.23,79.01,40.49
4735,26.23,79.01,40.49
846350,26.22,79.01,40.49
699270,26.23,79.01,40.49
3332,26.23,79.01,40.49
2100,26.23,79.01,40.49
1086,26.23,79.01,40.49
311863,26.23,79.01,40.49
1556,26.23,79.01,40.49
367,26.23,79.01,40.49
34,26.23,79.01,40.49
37005,26.23,79.01,40.49
1010,26.23,79.01,40.49
847,26.23,79.01,40.49
139,26.23,79.01,40.49
163,26.23,79.01,40.49
683,26.21,79.01,40.53
835,26.21,79.01,40.53
872,26.22,79.01,40.53
1193,26.22,79.01,40.53
1607,26.22,79.01,40.53
52899,26.22,79.01,40.53
2494,26.22,79.01,40.53
500,26.2,79.01,40.52
6249,26.21,79.01,40.52
8789,26.21,79.01,40.52
5407,26.21,79.01,40.52
6670,26.21,79.01,40.52
999011,26.21,79.01,40.52
998918,26.21,79.01,40.52
998466,26.21,79.01,40.52
998772,26.21,79.01,40.52
263,26.21,79.01,40.52
1288,26.21,79.01,40.52
528,26.21,79.01,40.52
2105,26.21,79.01,40.52
6370,26.21,79.01,40.52
3193,26.21,79.01,40.52
672,26.21,79.01,40.53
528,26.21,79.01,40.53
5488,26.21,79.01,40.53
993234,26.21,79.01,40.52
997766,26.21,79.01,40.52
997570,26.22,79.01,40.52
995490,26.22,79.01,40.52
15207,26.21,79.01,40.53
1302,26.21,79.01,40.53
715,26.21,79.01,40.53
2660,26.21,79.01,40.53
596336,26.21,79.01,40.53
6017,26.21,79.01,40.53
877,26.21,79.01,40.53
1937,26.21,79.01,40.53
906035,26.22,79.01,40.53
989880,26.22,79.01,40.53
36754,26.22,79.01,40.53
3409,26.22,79.01,40.53
719720,26.22,79.01,40.53
5459,26.22,79.01,40.53
7100,26.2,79.01,40.51
106,26.2,79.01,40.52
1490,26.2,79.01,40.52
287,26.2,79.01,40.52
999157,26.21,79.01,40.51
999167,26.21,79.01,40.51
999176,26.21,79.01,40.51
999185,26.21,79.01,40.51
10454,26.21,79.01,40.52
999106,26.21,79.01,40.52
999068,26.21,79.01,40.52
999130,26.21,79.01,40.52
999145,26.21,79.01,40.51
15059,26.2,79.01,40.5
7069,26.2,79.01,40.5
999194,26.21,79.01,40.51
999203,26.21,79.01,40.51
999216,26.21,79.01,40.5
999210,26.21,79.01,40.51
10424,26.21,79.01,40.5
999212,26.21,79.01,40.5
999216,26.21,79.01,40.5
999196,26.21,79.01,40.5
999167,26.21,79.01,40.5
1677,26.2,79.01,40.5
6443,26.21,79.01,40.5
1044,26.2,79.01,40.5
8943,26.21,79.01,40.5
342,26.2,79.01,40.5
5560,26.21,79.01,40.5
1214,26.21,79.01,40.49
7892,26.21,79.01,40.49
999118,26.21,79.01,40.5
999040,26.21,79.01,40.5
998916,26.21,79.01,40.5
998669,26.21,79.01,40.49
23,26.21,79.01,40.49
8,26.21,79.01,40.49
280,26.21,79.01,40.49
1385,26.21,79.01,40.49
371,26.21,79.01,40.49
984,26.21,79.01,40.49
7948,26.21,79.01,40.49
1849,26.21,79.01,40.49
1655,26.21,79.01,40.49
101,26.21,79.01,40.49
535,26.21,79.01,40.49
120,26.21,79.01,40.49
8465,26.21,79.01,40.49
996110,26.21,79.01,40.49
998159,26.21,79.01,40.49
42825,26.21,79.01,40.49
1489,26.21,79.01,40.49
399,26.21,79.01,40.49
789,26.21,79.01,40.49
819543,26.21,79.01,40.49
6238,26.21,79.01,40.49
938,26.21,79.01,40.49
2922,26.21,79.01,40.49
989913,26.22,79.01,40.49
993650,26.22,79.01,40.49
605390,26.22,79.01,40.49
4444,26.22,79.01,40.49
813397,26.22,79.01,40.49
4978,26.22,79.01,40.49
1000000,26.22,79.01,40.49
943902,26.22,79.01,40.49
90,26.21,79.01,40.49
761,26.21,79.01,40.49
1315,26.22,79.01,40.49
44738,26.22,79.01,40.49
1838,26.22,79.01,40.49
233965,26.22,79.01,40.49
176204,26.22,79.01,40.49
27438,26.22,79.01,40.49
262,26.22,79.01,40.49
484,26.22,79.01,40.49
95,26.22,79.01,40.49
3170,26.22,79.01,40.49
977666,26.22,79.01,40.49
380720,26.22,79.01,40.49
784682,26.22,79.01,40.49
177423,26.22,79.01,40.49
67062,26.22,79.01,40.49
785,26.22,79.01,40.49
14812,26.22,79.01,40.49
1442,26.22,79.01,40.49
47263,26.22,79.01,40.49
664605,26.22,79.01,40.49
709576,26.22,79.01,40.49
37830,26.22,79.01,40.49
1494,26.22,79.01,40.49
96535,26.22,79.01,40.49
1697,26.22,79.01,40.49
200,26.22,79.01,40.49
333,26.22,79.01,40.49
48,26.22,79.01,40.49
346,26.22,79.01,40.49
18023,26.22,79.01,40.49
287,26.22,79.01,40.49
34,26.22,79.01,40.48
26,26.22,79.01,40.48
1113,26.22,79.01,40.53
1227,26.22,79.01,40.53
2797,26.22,79.01,40.53
63103,26.22,79.01,40.53
210001,26.22,79.01,40.53
3824,26.22,79.01,40.53
1468,26.22,79.01,40.53
1755,26.22,79.01,40.53
28480,26.22,79.01,40.53
1370,26.22,79.01,40.53
1413,26.22,79.01,40.53
24331,26.22,79.01,40.53
1814,26.22,79.01,40.53
309201,26.22,79.01,40.53
1687,26.22,79.01,40.53
1651,26.22,79.01,40.53
29161,26.22,79.01,40.53
2049,26.22,79.01,40.53
353479,26.22,79.01,40.53
2309,26.23,79.01,40.53
3478,26.23,79.01,40.53
384517,26.22,79.01,40.53
2399,26.23,79.01,40.53
89832,26.23,79.01,40.53
3169,26.23,79.01,40.53
3414,26.23,79.01,40.53
3474,26.23,79.01,40.53
2702,26.23,79.01,40.53
997430,26.22,79.01,40.52
996483,26.22,79.01,40.52
993591,26.22,79.01,40.53
995372,26.22,79.01,40.53
887212,26.22,79.01,40.53
978280,26.22,79.01,40.53
996861,26.22,79.01,40.49
996662,26.22,79.01,40.49
1000000,26.22,79.01,40.49
701079,26.22,79.01,40.49
991912,26.22,79.01,40.49
1000000,26.22,79.01,40.49
921659,26.22,79.01,40.49
993318,26.22,79.01,40.49
999328,26.22,79.01,40.51
999323,26.22,79.01,40.52
999317,26.22,79.01,40.52
999307,26.22,79.01,40.52
999336,26.22,79.01,40.51
999331,26.22,79.01,40.51
999340,26.22,79.01,40.51
999347,26.22,79.01,40.51
994956,26.22,79.01,40.53
988247,26.22,79.01,40.53
985599,26.22,79.01,40.53
997932,26.22,79.01,40.53
999074,26.22,79.01,40.52
998740,26.22,79.01,40.52
993861,26.22,79.01,40.53
998044,26.22,79.01,40.53
999290,26.22,79.01,40.52
999262,26.22,79.01,40.52
999140,26.22,79.01,40.52
999221,26.22,79.01,40.52
996971,26.23,79.01,40.53
981718,26.23,79.01,40.53
6573,26.23,79.01,40.53
7428,26.23,79.01,40.53
4321,26.23,79.01,40.53
2923,26.23,79.01,40.53
8534,26.23,79.01,40.53
653424,26.23,79.01,40.53
5302,26.23,79.01,40.53
2086,26.23,79.01,40.53
3001,26.23,79.01,40.53
999899,26.23,79.01,40.52
8650,26.23,79.01,40.53
754337,26.23,79.01,40.52
4822,26.24,79.01,40.53
998289,26.23,79.01,40.52
7497,26.24,79.01,40.52
997843,26.23,79.01,40.52
8989,26.24,79.01,40.52
1715,26.24,79.01,40.53
2305,26.24,79.01,40.52
725384,26.24,79.01,40.52
3982,26.24,79.01,40.52
2643,26.24,79.01,40.52
6757,26.24,79.01,40.52
5838,26.24,79.01,40.52
999354,26.22,79.01,40.51
999363,26.22,79.01,40.51
999372,26.22,79.01,40.51
999382,26.22,79.01,40.5
999392,26.22,79.01,40.5
999401,26.22,79.01,40.5
999407,26.22,79.01,40.5
999409,26.22,79.01,40.5
999406,26.22,79.01,40.5
999395,26.22,79.01,40.5
999375,26.22,79.01,40.5
999332,26.22,79.01,40.49
997241,26.22,79.01,40.49
1000000,26.22,79.01,40.49
999293,26.22,79.01,40.49
999122,26.22,79.01,40.49
995399,26.22,79.01,40.49
988773,26.22,79.01,40.49
998420,26.22,79.01,40.49
997649,26.23,79.01,40.49
996306,26.22,79.01,40.49
992067,26.23,79.01,40.49
996390,26.23,79.01,40.49
980794,26.23,79.01,40.49
989411,26.23,79.01,40.49
776701,26.23,79.01,40.49
4011,26.23,79.01,40.49
8313,26.23,79.01,40.49
3686,26.23,79.01,40.49
4313,26.23,79.01,40.49
867835,26.23,79.01,40.49
1377,26.23,79.01,40.49
2994,26.23,79.01,40.49
996770,26.23,79.01,40.49
6957,26.23,79.01,40.49
2905,26.24,79.01,40.49
7453,26.24,79.01,40.49
998493,26.23,79.01,40.49
5594,26.24,79.01,40.49
2008,26.24,79.01,40.49
6728,26.24,79.01,40.5
5740,26.24,79.01,40.5
5997,26.24,79.01,40.5
5286,26.24,79.01,40.52
13,26.23,79.01,40.48
149,26.23,79.01,40.49
13706,26.23,79.01,40.49
3494,26.23,79.01,40.49
45,26.23,79.01,40.49
613216,26.23,79.01,40.49
395246,26.23,79.01,40.49
1170,26.23,79.01,40.49
89958,26.23,79.01,40.49
48943,26.23,79.01,40.49
449,26.23,79.01,40.49
5,26.23,79.01,40.48
96536,26.23,79.01,40.49
15653,26.23,79.01,40.49
179,26.23,79.01,40.49
1236,26.23,79.01,40.49
19,26.23,79.01,40.49
58623,26.23,79.01,40.49
362,26.23,79.01,40.49
30042,26.23,79.01,40.49
16,26.23,79.01,40.49
6154,26.23,79.01,40.49
63,26.23,79.01,40.49
38,26.23,79.01,40.49
7450,26.23,79.01,40.49
86,26.23,79.01,40.49
12,26.23,79.01,40.49
694,26.21,79.01,40.53
660,26.21,79.01,40.53
783,26.21,79.01,40.53
913,26.21,79.01,40.53
961,26.22,79.01,40.53
1218,26.22,79.01,40.53
1003,26.22,79.01,40.53
1115,26.22,79.01,40.53
813,26.21,79.01,40.53
1032,26.21,79.01,40.53
721,26.21,79.01,40.53
781,26.21,79.01,40.53
853,26.22,79.01,40.53
763,26.21,79.01,40.53
4987,26.21,79.01,40.53
1008,26.21,79.01,40.53
2923,26.22,79.01,40.53
1029,26.22,79.01,40.53
12925,26.22,79.01,40.53
1272,26.22,79.01,40.53
40961,26.22,79.01,40.53
1650,26.22,79.01,40.53
98695,26.22,79.01,40.53
198,26.2,79.01,40.52
188,26.2,79.01,40.52
226,26.2,79.01,40.52
1242,26.21,79.01,40.52
12881,26.2,79.01,40.52
6527,26.21,79.01,40.52
458462,26.21,79.01,40.52
981604,26.21,79.01,40.52
3539,26.21,79.01,40.52
883499,26.21,79.01,40.52
991893,26.21,79.01,40.52
995457,26.21,79.01,40.52
995080,26.21,79.01,40.52
996286,26.21,79.01,40.52
653,26.21,79.01,40.52
1845,26.21,79.01,40.52
596540,26.21,79.01,40.52
352,26.21,79.01,40.52
738,26.21,79.01,40.52
3351,26.21,79.01,40.52
756906,26.21,79.01,40.52
985261,26.21,79.01,40.52
973260,26.21,79.01,40.52
993678,26.21,79.01,40.52
996374,26.21,79.01,40.52
995962,26.21,79.01,40.52
995860,26.21,79.01,40.52
995519,26.21,79.01,40.52
998694,26.22,79.01,40.52
998421,26.22,79.01,40.52
998602,26.22,79.01,40.52
998330,26.22,79.01,40.52
993883,26.21,79.01,40.52
995267,26.21,79.01,40.52
993944,26.21,79.01,40.52
994965,26.21,79.01,40.52
998448,26.22,79.01,40.52
998177,26.22,79.01,40.52
998192,26.22,79.01,40.52
997937,26.22,79.01,40.52
295,26.2,79.01,40.52
259,26.2,79.01,40.52
310,26.21,79.01,40.52
1087,26.21,79.01,40.52
307,26.21,79.01,40.52
555,26.21,79.01,40.52
341,26.21,79.01,40.52
52252,26.21,79.01,40.52
749,26.21,79.01,40.53
15617,26.21,79.01,40.52
3265,26.21,79.01,40.52
44585,26.21,79.01,40.52
835850,26.21,79.01,40.52
1496,26.21,79.01,40.52
167098,26.21,79.01,40.52
528,26.21,79.01,40.53
406,26.21,79.01,40.53
474,26.21,79.01,40.53
13621,26.21,79.01,40.53
587,26.21,79.01,40.53
1146,26.21,79.01,40.53
827,26.21,79.01,40.53
832309,26.21,79.01,40.52
978575,26.21,79.01,40.52
987352,26.21,79.01,40.52
991772,26.21,79.01,40.52
992022,26.22,79.01,40.52
988052,26.22,79.01,40.52
55886,26.21,79.01,40.53
9000,26.21,79.01,40.53
109575,26.21,79.01,40.53
700581,26.21,79.01,40.53
1173,26.21,79.01,40.53
9677,26.21,79.01,40.53
64523,26.21,79.01,40.53
939150,26.22,79.01,40.53
972670,26.22,79.01,40.53
327753,26.22,79.01,40.53
747396,26.22,79.01,40.53
2555,26.2,79.01,40.51
956482,26.2,79.01,40.51
4282,26.2,79.01,40.51
976413,26.2,79.01,40.51
5154,26.2,79.01,40.51
987010,26.2,79.01,40.51
4885,26.2,79.01,40.51
984056,26.2,79.01,40.51
330,26.2,79.01,40.52
485,26.2,79.01,40.51
852,26.2,79.01,40.52
3660,26.2,79.01,40.52
1207,26.2,79.01,40.51
793058,26.2,79.01,40.51
116,26.2,79.01,40.52
153,26.2,79.01,40.52
94,26.2,79.01,40.52
252,26.2,79.01,40.52
172,26.2,79.01,40.52
815,26.2,79.01,40.52
551,26.2,79.01,40.52
4230,26.2,79.01,40.52
151,26.2,79.01,40.52
550,26.2,79.01,40.52
46318,26.2,79.01,40.52
3538,26.2,79.01,40.52
7728,26.2,79.01,40.52
997021,26.21,79.01,40.51
997482,26.21,79.01,40.51
997230,26.21,79.01,40.51
997567,26.21,79.01,40.51
997623,26.21,79.01,40.51
997562,26.21,79.01,40.51
997566,26.21,79.01,40.51
997522,26.21,79.01,40.51
995652,26.21,79.01,40.51
997150,26.21,79.01,40.51
996550,26.21,79.01,40.51
997337,26.21,79.01,40.51
997477,26.21,79.01,40.51
997467,26.21,79.01,40.51
997371,26.21,79.01,40.51
997398,26.21,79.01,40.51
997052,26.21,79.01,40.51
997097,26.21,79.01,40.51
996402,26.21,79.01,40.51
996440,26.21,79.01,40.51
998830,26.22,79.01,40.51
998550,26.22,79.01,40.51
998839,26.22,79.01,40.51
998560,26.22,79.01,40.51
997136,26.21,79.01,40.51
997171,26.21,79.01,40.51
996477,26.21,79.01,40.51
996516,26.21,79.01,40.51
998850,26.22,79.01,40.51
998571,26.22,79.01,40.51
998862,26.22,79.01,40.51
998586,26.22,79.01,40.51
993828,26.21,79.01,40.52
996683,26.21,79.01,40.52
993934,26.21,79.01,40.51
996940,26.21,79.01,40.51
997246,26.21,79.01,40.51
997310,26.21,79.01,40.51
997071,26.21,79.01,40.52
997187,26.21,79.01,40.52
853648,26.21,79.01,40.52
992357,26.21,79.01,40.52
978527,26.21,79.01,40.52
995740,26.21,79.01,40.52
996226,26.21,79.01,40.52
996733,26.21,79.01,40.52
996777,26.21,79.01,40.52
997004,26.21,79.01,40.52
996805,26.21,79.01,40.52
996635,26.21,79.01,40.52
996214,26.21,79.01,40.52
996077,26.21,79.01,40.52
998751,26.22,79.01,40.52
998477,26.22,79.01,40.52
998785,26.22,79.01,40.52
998510,26.22,79.01,40.52
996919,26.21,79.01,40.52
996995,26.21,79.01,40.51
996302,26.21,79.01,40.52
996359,26.21,79.01,40.51
998820,26.22,79.01,40.51
998541,26.22,79.01,40.51
998807,26.22,79.01,40.52
998530,26.22,79.01,40.52
4945,26.2,79.01,40.51
987569,26.2,79.01,40.51
4453,26.2,79.01,40.51
985698,26.2,79.01,40.51
3682,26.2,79.01,40.51
982949,26.2,79.01,40.51
2926,26.2,79.01,40.5
968429,26.2,79.01,40.5
338,26.2,79.01,40.5
307,26.2,79.01,40.5
2332,26.2,79.01,40.5
833143,26.2,79.01,40.5
1503,26.2,79.01,40.5
387659,26.2,79.01,40.5
14429,26.2,79.01,40.5
203,26.2,79.01,40.5
1916,26.2,79.01,40.5
5692,26.2,79.01,40.5
38,26.2,79.01,40.5
3281,26.2,79.01,40.5
997248,26.21,79.01,40.51
997588,26.21,79.01,40.51
997103,26.21,79.01,40.51
997545,26.21,79.01,40.51
997639,26.21,79.01,40.51
997599,26.21,79.01,40.51
997647,26.21,79.01,40.51
997587,26.21,79.01,40.51
996764,26.21,79.01,40.51
997441,26.21,79.01,40.51
995941,26.21,79.01,40.5
997275,26.21,79.01,40.5
997538,26.21,79.01,40.5
997571,26.21,79.01,40.5
997601,26.21,79.01,40.51
997593,26.21,79.01,40.51
997202,26.21,79.01,40.51
997229,26.21,79.01,40.51
996557,26.21,79.01,40.51
996597,26.21,79.01,40.51
998890,26.22,79.01,40.51
998622,26.22,79.01,40.51
998875,26.22,79.01,40.51
998602,26.22,79.01,40.51
997255,26.21,79.01,40.5
997247,26.21,79.01,40.51
996666,26.21,79.01,40.5
996635,26.21,79.01,40.51
998904,26.22,79.01,40.51
998642,26.22,79.01,40.51
998917,26.22,79.01,40.5
998662,26.22,79.01,40.5
978755,26.21,79.01,40.5
996140,26.21,79.01,40.5
926049,26.21,79.01,40.5
992934,26.21,79.01,40.5
997049,26.21,79.01,40.5
997281,26.21,79.01,40.5
996551,26.21,79.01,40.5
997035,26.21,79.01,40.5
994151,26.21,79.01,40.5
997066,26.21,79.01,40.5
988152,26.21,79.01,40.5
996773,26.21,79.01,40.5
997454,26.21,79.01,40.5
997521,26.21,79.01,40.5
997315,26.21,79.01,40.5
997433,26.21,79.01,40.5
997204,26.21,79.01,40.5
997242,26.21,79.01,40.5
996676,26.21,79.01,40.5
996681,26.21,79.01,40.5
998927,26.22,79.01,40.5
998680,26.22,79.01,40.5
998931,26.22,79.01,40.5
998693,26.22,79.01,40.5
997122,26.21,79.01,40.5
996981,26.21,79.01,40.5
996631,26.21,79.01,40.5
996537,26.21,79.01,40.5
998924,26.22,79.01,40.5
998696,26.22,79.01,40.5
998905,26.22,79.01,40.5
998685,26.22,79.01,40.5
282,26.2,79.01,40.5
23,26.2,79.01,40.5
120,26.2,79.01,40.5
12,26.2,79.01,40.49
21,26.2,79.01,40.5
19,26.2,79.01,40.49
39793,26.2,79.01,40.5
98857,26.2,79.01,40.5
6705,26.21,79.01,40.5
570257,26.21,79.01,40.5
976624,26.21,79.01,40.5
3616,26.21,79.01,40.5
941945,26.21,79.01,40.5
995399,26.21,79.01,40.5
996623,26.21,79.01,40.5
993607,26.21,79.01,40.5
995937,26.21,79.01,40.5
384,26.21,79.01,40.5
11067,26.2,79.01,40.5
124,26.21,79.01,40.49
2139,26.21,79.01,40.5
614622,26.21,79.01,40.5
814,26.21,79.01,40.49
26584,26.21,79.01,40.49
3095,26.21,79.01,40.49
853685,26.21,79.01,40.49
989705,26.21,79.01,40.49
984184,26.21,79.01,40.5
994502,26.21,79.01,40.5
996755,26.21,79.01,40.5
996399,26.21,79.01,40.5
996368,26.21,79.01,40.5
996093,26.21,79.01,40.5
998864,26.22,79.01,40.5
998653,26.22,79.01,40.5
998794,26.22,79.01,40.5
998591,26.22,79.01,40.5
995780,26.21,79.01,40.5
994598,26.21,79.01,40.49
995634,26.21,79.01,40.5
994827,26.21,79.01,40.49
998670,26.22,79.01,40.5
998478,26.22,79.01,40.5
998477,26.22,79.01,40.49
998291,26.22,79.01,40.49
2,26.2,79.01,40.49
1082,26.21,79.01,40.49
162,26.21,79.01,40.49
11,26.21,79.01,40.49
9309,26.21,79.01,40.49
269,26.21,79.01,40.49
64,26.21,79.01,40.49
74323,26.21,79.01,40.49
17482,26.21,79.01,40.49
335649,26.21,79.01,40.49
923280,26.21,79.01,40.49
1893,26.21,79.01,40.49
48528,26.21,79.01,40.49
411258,26.21,79.01,40.49
9,26.21,79.01,40.49
2229,26.21,79.01,40.49
106,26.21,79.01,40.49
3,26.21,79.01,40.49
18,26.21,79.01,40.49
26429,26.21,79.01,40.49
103,26.21,79.01,40.49
3313,26.21,79.01,40.49
930760,26.21,79.01,40.49
991374,26.21,79.01,40.49
986915,26.21,79.01,40.49
993110,26.21,79.01,40.49
997123,26.22,79.01,40.49
997167,26.22,79.01,40.49
997979,26.22,79.01,40.49
997914,26.22,79.01,40.49
121177,26.21,79.01,40.49
20180,26.21,79.01,40.49
307419,26.21,79.01,40.49
879387,26.21,79.01,40.49
1039,26.21,79.01,40.49
29248,26.21,79.01,40.49
171586,26.21,79.01,40.49
970384,26.22,79.01,40.49
984148,26.22,79.01,40.49
608256,26.22,79.01,40.49
882360,26.22,79.01,40.49
5,26.21,79.01,40.49
19,26.21,79.01,40.49
5,26.21,79.01,40.49
2496,26.21,79.01,40.49
78,26.21,79.01,40.49
16,26.21,79.01,40.49
271,26.21,79.01,40.49
20126,26.21,79.01,40.49
541,26.21,79.01,40.49
57,26.21,79.01,40.49
122,26.21,79.01,40.49
56588,26.22,79.01,40.49
125334,26.22,79.01,40.49
596484,26.22,79.01,40.49
90398,26.22,79.01,40.49
6712,26.22,79.01,40.49
187,26.22,79.01,40.49
18227,26.22,79.01,40.49
299,26.22,79.01,40.49
21,26.22,79.01,40.49
40,26.22,79.01,40.49
2354,26.22,79.01,40.49
78,26.22,79.01,40.49
15,26.22,79.01,40.48
4,26.21,79.01,40.49
6,26.22,79.01,40.48
3,26.22,79.01,40.48
3,26.22,79.01,40.48
2,26.22,79.01,40.48
663008,26.22,79.01,40.49
213398,26.22,79.01,40.49
747176,26.22,79.01,40.49
201529,26.22,79.01,40.49
617335,26.22,79.01,40.49
33724,26.22,79.01,40.49
75661,26.22,79.01,40.49
693612,26.22,79.01,40.49
688802,26.22,79.01,40.49
97233,26.22,79.01,40.49
129350,26.22,79.01,40.49
158,26.22,79.01,40.49
5318,26.22,79.01,40.49
13410,26.22,79.01,40.49
243,26.22,79.01,40.49
25,26.22,79.01,40.48
28,26.22,79.01,40.48
1311,26.22,79.01,40.49
14461,26.22,79.01,40.49
14843,26.22,79.01,40.49
968,26.22,79.01,40.48
20,26.22,79.01,40.48
652,26.22,79.01,40.48
12,26.23,79.01,40.48
1556,26.22,79.01,40.53
1240,26.22,79.01,40.53
1382,26.22,79.01,40.53
1202,26.22,79.01,40.53
2536,26.22,79.01,40.53
3530,26.22,79.01,40.53
1359,26.22,79.01,40.53
150213,26.22,79.01,40.53
323449,26.22,79.01,40.53
1384,26.22,79.01,40.53
22763,26.22,79.01,40.53
37928,26.22,79.01,40.53
1779,26.22,79.01,40.53
1568,26.22,79.01,40.53
1626,26.22,79.01,40.53
6874,26.22,79.01,40.53
1534,26.22,79.01,40.53
44025,26.22,79.01,40.53
426287,26.22,79.01,40.53
1891,26.22,79.01,40.53
1909,26.23,79.01,40.53
8029,26.22,79.01,40.53
1780,26.23,79.01,40.53
1931,26.23,79.01,40.53
1884,26.23,79.01,40.53
47102,26.22,79.01,40.53
405720,26.22,79.01,40.53
2163,26.23,79.01,40.53
28595,26.23,79.01,40.53
249734,26.23,79.01,40.53
2033,26.23,79.01,40.53
1986,26.23,79.01,40.53
22322,26.23,79.01,40.53
2128,26.23,79.01,40.53
91495,26.23,79.01,40.53
2230,26.23,79.01,40.53
3100,26.23,79.01,40.53
18222,26.23,79.01,40.53
39659,26.23,79.01,40.53
2630,26.23,79.01,40.53
2165,26.23,79.01,40.53
19277,26.23,79.01,40.53
2287,26.23,79.01,40.53
2017,26.23,79.01,40.53
998293,26.22,79.01,40.51
998025,26.22,79.01,40.51
998281,26.22,79.01,40.52
998010,26.22,79.01,40.52
998260,26.22,79.01,40.52
997985,26.22,79.01,40.52
998225,26.22,79.01,40.52
997948,26.22,79.01,40.52
998328,26.22,79.01,40.51
998067,26.22,79.01,40.51
998345,26.22,79.01,40.51
998086,26.22,79.01,40.51
998304,26.22,79.01,40.51
998037,26.22,79.01,40.51
998314,26.22,79.01,40.51
998050,26.22,79.01,40.51
991466,26.22,79.01,40.52
988702,26.22,79.01,40.52
997279,26.22,79.01,40.52
997033,26.22,79.01,40.52
996348,26.22,79.01,40.52
996136,26.22,79.01,40.52
983093,26.22,79.01,40.53
985407,26.22,79.01,40.53
902126,26.22,79.01,40.53
940699,26.22,79.01,40.53
998068,26.22,79.01,40.52
997784,26.22,79.01,40.52
998164,26.22,79.01,40.52
997884,26.22,79.01,40.52
997663,26.22,79.01,40.52
997361,26.22,79.01,40.52
997917,26.22,79.01,40.52
997630,26.22,79.01,40.52
998411,26.22,79.01,40.51
998164,26.22,79.01,40.51
998436,26.22,79.01,40.5
998193,26.22,79.01,40.5
998387,26.22,79.01,40.51
998135,26.22,79.01,40.51
998364,26.22,79.01,40.51
998109,26.22,79.01,40.51
998488,26.22,79.01,40.5
998259,26.22,79.01,40.5
998482,26.22,79.01,40.5
998258,26.22,79.01,40.5
998459,26.22,79.01,40.5
998220,26.22,79.01,40.5
998478,26.22,79.01,40.5
998244,26.22,79.01,40.5
998455,26.22,79.01,40.5
998235,26.22,79.01,40.5
998398,26.22,79.01,40.5
998184,26.22,79.01,40.5
998119,26.22,79.01,40.49
997934,26.22,79.01,40.49
998296,26.22,79.01,40.5
998095,26.22,79.01,40.5
997843,26.22,79.01,40.49
997720,26.22,79.01,40.49
997245,26.22,79.01,40.49
997205,26.22,79.01,40.49
988740,26.22,79.01,40.49
990217,26.22,79.01,40.49
962009,26.22,79.01,40.49
975592,26.22,79.01,40.49
997504,26.22,79.01,40.52
997463,26.22,79.01,40.52
997549,26.22,79.01,40.51
997531,26.22,79.01,40.52
996947,26.22,79.01,40.51
996924,26.22,79.01,40.52
999026,26.22,79.01,40.51
998771,26.23,79.01,40.51
999018,26.22,79.01,40.52
998758,26.23,79.01,40.52
996889,26.22,79.01,40.52
996836,26.22,79.01,40.52
999007,26.22,79.01,40.52
998738,26.23,79.01,40.52
998990,26.22,79.01,40.52
998708,26.23,79.01,40.52
997565,26.22,79.01,40.51
997581,26.22,79.01,40.51
997600,26.22,79.01,40.51
997624,26.22,79.01,40.51
996988,26.22,79.01,40.51
996969,26.22,79.01,40.51
999033,26.22,79.01,40.51
998782,26.23,79.01,40.51
999039,26.22,79.01,40.51
998791,26.23,79.01,40.51
997012,26.22,79.01,40.51
997041,26.22,79.01,40.51
999046,26.22,79.01,40.51
998801,26.23,79.01,40.51
999055,26.22,79.01,40.51
998812,26.23,79.01,40.51
998582,26.23,79.01,40.51
998568,26.23,79.01,40.51
998541,26.23,79.01,40.51
998554,26.23,79.01,40.51
998255,26.23,79.01,40.51
998275,26.23,79.01,40.51
999407,26.23,79.01,40.51
999417,26.23,79.01,40.51
998312,26.23,79.01,40.51
998294,26.23,79.01,40.51
999425,26.23,79.01,40.51
999432,26.23,79.01,40.51
998501,26.23,79.01,40.52
998523,26.23,79.01,40.51
998417,26.23,79.01,40.52
998466,26.23,79.01,40.52
998056,26.23,79.01,40.52
998135,26.23,79.01,40.52
999311,26.23,79.01,40.52
999349,26.23,79.01,40.52
998897,26.23,79.01,40.52
998263,26.24,79.01,40.52
998810,26.23,79.01,40.52
998074,26.24,79.01,40.52
998190,26.23,79.01,40.52
998226,26.23,79.01,40.51
999376,26.23,79.01,40.52
999394,26.23,79.01,40.51
998996,26.23,79.01,40.51
998955,26.23,79.01,40.52
998388,26.24,79.01,40.52
995540,26.22,79.01,40.52
996489,26.22,79.01,40.52
983196,26.22,79.01,40.53
943403,26.22,79.01,40.53
928982,26.22,79.01,40.53
965066,26.23,79.01,40.53
995651,26.22,79.01,40.52
994491,26.22,79.01,40.52
980083,26.22,79.01,40.53
998618,26.22,79.01,40.52
998077,26.23,79.01,40.52
991736,26.23,79.01,40.53
998133,26.22,79.01,40.52
997388,26.23,79.01,40.52
997284,26.22,79.01,40.52
997393,26.22,79.01,40.52
996824,26.22,79.01,40.52
997117,26.22,79.01,40.52
996751,26.22,79.01,40.52
996616,26.22,79.01,40.52
998963,26.22,79.01,40.52
998662,26.23,79.01,40.52
998919,26.22,79.01,40.52
998590,26.23,79.01,40.52
996061,26.22,79.01,40.52
996413,26.22,79.01,40.52
998732,26.22,79.01,40.52
998299,26.23,79.01,40.52
998855,26.22,79.01,40.52
998486,26.23,79.01,40.52
997333,26.23,79.01,40.52
996197,26.23,79.01,40.52
996427,26.23,79.01,40.52
994825,26.23,79.01,40.52
984280,26.23,79.01,40.53
887572,26.23,79.01,40.53
5310,26.23,79.01,40.53
816973,26.23,79.01,40.53
527359,26.23,79.01,40.53
4333,26.23,79.01,40.53
992539,26.23,79.01,40.53
980573,26.23,79.01,40.53
90391,26.23,79.01,40.53
2868,26.23,79.01,40.53
28333,26.23,79.01,40.53
2260,26.23,79.01,40.53
763079,26.23,79.01,40.53
223943,26.23,79.01,40.53
3304,26.23,79.01,40.53
13143,26.23,79.01,40.53
1681,26.24,79.01,40.53
51744,26.23,79.01,40.53
1881,26.24,79.01,40.53
985361,26.23,79.01,40.52
874615,26.23,79.01,40.52
281083,26.23,79.01,40.52
998229,26.23,79.01,40.52
998341,26.23,79.01,40.52
997791,26.23,79.01,40.52
998059,26.23,79.01,40.52
997488,26.23,79.01,40.52
997066,26.23,79.01,40.52
999028,26.23,79.01,40.52
998046,26.23,79.01,40.52
996298,26.24,79.01,40.52
993941,26.23,79.01,40.52
987899,26.23,79.01,40.52
998748,26.23,79.01,40.52
859361,26.23,79.01,40.52
997304,26.23,79.01,40.52
988995,26.24,79.01,40.52
6550,26.24,79.01,40.52
997763,26.23,79.01,40.52
997936,26.23,79.01,40.52
999165,26.23,79.01,40.52
999253,26.23,79.01,40.52
998679,26.23,79.01,40.52
997778,26.24,79.01,40.52
998475,26.23,79.01,40.52
997239,26.24,79.01,40.52
471011,26.24,79.01,40.52
3856,26.24,79.01,40.52
892669,26.24,79.01,40.52
991205,26.24,79.01,40.52
995112,26.24,79.01,40.52
12257,26.24,79.01,40.53
1280,26.24,79.01,40.53
42935,26.24,79.01,40.52
1401,26.24,79.01,40.53
1144,26.24,79.01,40.52
206010,26.24,79.01,40.52
49594,26.24,79.01,40.52
1353,26.24,79.01,40.52
2181,26.24,79.01,40.52
2217,26.24,79.01,40.52
584999,26.24,79.01,40.52
2826,26.24,79.01,40.52
895976,26.24,79.01,40.52
999027,26.23,79.01,40.51
999051,26.23,79.01,40.51
999070,26.23,79.01,40.51
999085,26.23,79.01,40.51
998473,26.24,79.01,40.51
997350,26.24,79.01,40.52
996428,26.24,79.01,40.52
997061,26.24,79.01,40.52
994245,26.24,79.01,40.52
987018,26.24,79.01,40.52
992998,26.24,79.01,40.52
5031,26.24,79.01,40.52
4811,26.24,79.01,40.52
997758,26.22,79.01,40.5
997720,26.22,79.01,40.51
997685,26.22,79.01,40.51
997653,26.22,79.01,40.51
997076,26.22,79.01,40.51
997115,26.22,79.01,40.51
999066,26.22,79.01,40.51
998825,26.23,79.01,40.51
999077,26.22,79.01,40.51
998838,26.23,79.01,40.51
997157,26.22,79.01,40.51
997203,26.22,79.01,40.5
999104,26.22,79.01,40.5
998867,26.23,79.01,40.5
999090,26.22,79.01,40.51
998852,26.23,79.01,40.51
997847,26.22,79.01,40.5
997853,26.22,79.01,40.5
997793,26.22,79.01,40.5
997826,26.22,79.01,40.5
997246,26.22,79.01,40.5
997285,26.22,79.01,40.5
999129,26.22,79.01,40.5
998892,26.23,79.01,40.5
999117,26.22,79.01,40.5
998880,26.23,79.01,40.5
997310,26.22,79.01,40.5
997318,26.22,79.01,40.5
999136,26.22,79.01,40.5
998896,26.23,79.01,40.5
999139,26.22,79.01,40.5
998892,26.23,79.01,40.5
998648,26.23,79.01,40.5
998653,26.23,79.01,40.5
998648,26.23,79.01,40.5
998630,26.23,79.01,40.5
998345,26.23,79.01,40.5
998302,26.23,79.01,40.5
999389,26.23,79.01,40.5
999416,26.23,79.01,40.5
999021,26.23,79.01,40.5
998498,26.24,79.01,40.5
998953,26.23,79.01,40.5
998352,26.24,79.01,40.5
998373,26.23,79.01,40.5
998365,26.23,79.01,40.5
999442,26.23,79.01,40.5
999433,26.23,79.01,40.5
999088,26.23,79.01,40.5
999062,26.23,79.01,40.5
998586,26.24,79.01,40.5
998637,26.23,79.01,40.5
998624,26.23,79.01,40.51
998610,26.23,79.01,40.51
998595,26.23,79.01,40.51
998344,26.23,79.01,40.51
998327,26.23,79.01,40.51
999438,26.23,79.01,40.51
999442,26.23,79.01,40.51
998367,26.23,79.01,40.5
998357,26.23,79.01,40.51
999445,26.23,79.01,40.51
999445,26.23,79.01,40.5
997835,26.22,79.01,40.5
997788,26.22,79.01,40.5
997702,26.22,79.01,40.5
997544,26.22,79.01,40.49
997297,26.22,79.01,40.5
997242,26.22,79.01,40.5
999133,26.22,79.01,40.5
998875,26.23,79.01,40.5
999115,26.22,79.01,40.5
998840,26.23,79.01,40.5
997138,26.22,79.01,40.5
996947,26.22,79.01,40.49
999082,26.22,79.01,40.5
998781,26.23,79.01,40.5
999016,26.22,79.01,40.49
998670,26.23,79.01,40.49
997348,26.22,79.01,40.49
996880,26.22,79.01,40.49
988412,26.22,79.01,40.49
974594,26.22,79.01,40.49
996695,26.22,79.01,40.49
996043,26.22,79.01,40.49
998937,26.22,79.01,40.49
998533,26.23,79.01,40.49
998680,26.22,79.01,40.49
998120,26.23,79.01,40.49
984392,26.22,79.01,40.49
951460,26.22,79.01,40.49
993441,26.23,79.01,40.49
990136,26.23,79.01,40.49
975627,26.23,79.01,40.49
953751,26.23,79.01,40.49
997963,26.23,79.01,40.49
997029,26.23,79.01,40.49
997286,26.23,79.01,40.49
995874,26.23,79.01,40.49
980942,26.23,79.01,40.49
870776,26.23,79.01,40.49
936594,26.23,79.01,40.49
523369,26.23,79.01,40.49
925477,26.23,79.01,40.49
1954,26.23,79.01,40.49
266025,26.23,79.01,40.49
428318,26.23,79.01,40.49
574,26.23,79.01,40.49
56001,26.23,79.01,40.49
440,26.23,79.01,40.49
44416,26.23,79.01,40.49
1677,26.23,79.01,40.49
990759,26.23,79.01,40.49
953800,26.23,79.01,40.49
4094,26.24,79.01,40.49
865307,26.23,79.01,40.49
55816,26.24,79.01,40.49
1487,26.24,79.01,40.49
995029,26.23,79.01,40.49
799854,26.24,79.01,40.49
3467,26.24,79.01,40.49
998592,26.23,79.01,40.5
998525,26.23,79.01,40.5
998420,26.23,79.01,40.5
998236,26.23,79.01,40.49
997925,26.23,79.01,40.5
997620,26.23,79.01,40.49
999172,26.23,79.01,40.5
994920,26.23,79.01,40.49
990261,26.23,79.01,40.49
998949,26.23,79.01,40.49
998373,26.23,79.01,40.5
996740,26.24,79.01,40.5
997623,26.23,79.01,40.49
993123,26.24,79.01,40.49
998228,26.23,79.01,40.5
998111,26.23,79.01,40.5
999277,26.23,79.01,40.5
999345,26.23,79.01,40.5
998852,26.23,79.01,40.5
998103,26.24,79.01,40.5
998691,26.23,79.01,40.5
997623,26.24,79.01,40.5
999095,26.23,79.01,40.51
999101,26.23,79.01,40.51
999102,26.23,79.01,40.51
999098,26.23,79.01,40.5
998638,26.24,79.01,40.5
997753,26.24,79.01,40.5
996935,26.24,79.01,40.5
997507,26.24,79.01,40.5
995085,26.24,79.01,40.5
28046,26.24,79.01,40.5
991705,26.24,79.01,40.5
994765,26.24,79.01,40.5
4369,26.24,79.01,40.5
10196,26.24,79.01,40.5
7259,26.24,79.01,40.5
2282,26.24,79.01,40.49
622947,26.24,79.01,40.49
949974,26.24,79.01,40.5
994110,26.24,79.01,40.5
995909,26.24,79.01,40.5
440,26.24,79.01,40.49
38809,26.24,79.01,40.49
1089,26.24,79.01,40.49
309,26.24,79.01,40.49
991,26.24,79.01,40.49
729456,26.24,79.01,40.5
952895,26.24,79.01,40.5
2534,26.24,79.01,40.5
4143,26.24,79.01,40.5
1012,26.24,79.01,40.5
4458,26.24,79.01,40.5
1897,26.24,79.01,40.52
1542,26.24,79.01,40.52
4629,26.24,79.01,40.52
2,26.23,79.01,40.48
5,26.23,79.01,40.48
327,26.23,79.01,40.48
8272,26.23,79.01,40.49
2165,26.23,79.01,40.49
568005,26.23,79.01,40.49
303736,26.23,79.01,40.49
96197,26.23,79.01,40.49
33501,26.23,79.01,40.49
3,26.23,79.01,40.48
112,26.23,79.01,40.48
3,26.23,79.01,40.48
156836,26.23,79.01,40.49
12523,26.23,79.01,40.49
10,26.23,79.01,40.49
831,26.23,79.01,40.49
64219,26.23,79.01,40.49
19848,26.23,79.01,40.49
420,26.23,79.01,40.49
8,26.23,79.01,40.49
4351,26.23,79.01,40.49
14,26.23,79.01,40.49
1349,26.23,79.01,40.49
38,26.24,79.01,40.49
4260,26.23,79.01,40.49
21,26.24,79.01,40.49
361,26.23,79.01,40.49
7,26.23,79.01,40.49
714,26.21,79.01,40.53
801,26.21,79.01,40.53
686,26.21,79.01,40.53
667,26.21,79.01,40.53
1360,26.22,79.01,40.53
769,26.21,79.01,40.53
724,26.21,79,40.53
801,26.21,79.01,40.53
1022,26.21,79.01,40.53
938,26.21,79.01,40.53
1071,26.21,79.01,40.53
1066,26.21,79.01,40.53
1151,26.22,79.01,40.53
857,26.21,79,40.53
965,26.21,79.01,40.53
971,26.21,79.01,40.53
982,26.22,79.01,40.53
1031,26.22,79.01,40.53
1219,26.22,79.01,40.53
1189,26.22,79.01,40.53
1270,26.22,79.01,40.53
1220,26.22,79.01,40.53
1085,26.22,79.01,40.53
2424,26.22,79.01,40.53
834,26.21,79.01,40.53
2166,26.21,79.01,40.53
836,26.21,79.01,40.53
919,26.21,79.01,40.53
1830,26.22,79.01,40.53
3631,26.21,79.01,40.53
18932,26.21,79.01,40.53
9778,26.22,79.01,40.53
20651,26.22,79.01,40.53
92623,26.22,79.01,40.53
201869,26.22,79.01,40.53
446,26.2,79.01,40.52
205,26.2,79.01,40.52
1225,26.2,79.01,40.52
166,26.2,79.01,40.52
132,26.2,79.01,40.52
100,26.2,79.01,40.52
272,26.2,79.01,40.52
499,26.21,79.01,40.53
421,26.21,79.01,40.53
399,26.2,79.01,40.53
305,26.2,79.01,40.52
267,26.2,79.01,40.52
13657,26.2,79.01,40.52
2772,26.2,79.01,40.52
121738,26.21,79.01,40.52
769563,26.21,79.01,40.52
978622,26.21,79.01,40.52
373849,26.21,79.01,40.52
943522,26.21,79.01,40.52
983416,26.21,79.01,40.52
988104,26.21,79.01,40.52
987529,26.21,79.01,40.52
989804,26.21,79.01,40.52
32070,26.21,79.01,40.52
72943,26.21,79.01,40.52
741339,26.21,79.01,40.52
8278,26.21,79.01,40.52
1343,26.21,79.01,40.52
27940,26.21,79.01,40.52
285444,26.21,79.01,40.52
873865,26.21,79.01,40.52
975694,26.21,79.01,40.52
969839,26.21,79.01,40.52
984747,26.21,79.01,40.52
989419,26.21,79.01,40.52
988282,26.21,79.01,40.52
989158,26.21,79.01,40.52
988312,26.21,79.01,40.52
995334,26.22,79.01,40.52
994467,26.22,79.01,40.52
995036,26.22,79.01,40.52
994167,26.22,79.01,40.52
982547,26.21,79.01,40.52
986352,26.21,79.01,40.52
984489,26.21,79.01,40.52
986929,26.21,79.01,40.52
994547,26.22,79.01,40.52
993677,26.22,79.01,40.52
993734,26.22,79.01,40.52
992886,26.22,79.01,40.52
345,26.2,79,40.52
536,26.2,79,40.52
7717,26.21,79.01,40.52
850,26.21,79,40.52
20411,26.21,79.01,40.52
2129,26.21,79.01,40.52
219041,26.21,79.01,40.52
35116,26.21,79.01,40.52
420829,26.21,79.01,40.52
914190,26.21,79.01,40.52
64767,26.21,79.01,40.52
510093,26.21,79.01,40.52
490,26.21,79.01,40.53
505,26.21,79.01,40.53
708,26.21,79.01,40.53
563,26.21,79.01,40.53
412,26.21,79.01,40.53
4439,26.21,79.01,40.53
40921,26.21,79.01,40.53
3343,26.21,79.01,40.53
761,26.21,79,40.53
1847,26.21,79,40.53
893150,26.21,79.01,40.52
961254,26.21,79.01,40.52
971678,26.21,79.01,40.52
979528,26.21,79.01,40.52
981607,26.22,79.01,40.52
973855,26.22,79.01,40.52
252179,26.21,79.01,40.53
30801,26.21,79.01,40.53
405593,26.21,79.01,40.53
821298,26.21,79.01,40.53
40953,26.21,79.01,40.53
214079,26.21,79.01,40.53
925111,26.22,79.01,40.53
955285,26.22,79.01,40.53
615995,26.22,79.01,40.53
802457,26.22,79.01,40.53
18,26.2,79.01,40.51
26,26.2,79.01,40.51
850,26.2,79.01,40.51
48,26.2,79.01,40.51
1305,26.2,79.01,40.51
246576,26.2,79.01,40.51
973119,26.2,79.01,40.51
471239,26.2,79.01,40.51
980054,26.2,79.01,40.51
13,26.2,79.01,40.51
9,26.2,79.01,40.51
75,26.2,79.01,40.51
1763,26.2,79.01,40.51
70,26.2,79.01,40.51
1974,26.2,79.01,40.51
639098,26.2,79.01,40.51
985128,26.2,79.01,40.51
591916,26.2,79.01,40.51
983569,26.2,79.01,40.51
32,26.2,79.01,40.51
44,26.2,79.01,40.51
54,26.2,79.01,40.52
107,26.2,79.01,40.52
136,26.2,79.01,40.51
13682,26.2,79.01,40.52
19884,26.2,79.01,40.51
15622,26.2,79.01,40.52
827069,26.2,79.01,40.52
39360,26.2,79.01,40.51
944297,26.2,79.01,40.51
62,26.2,79.01,40.52
75,26.2,79.01,40.52
91,26.2,79.01,40.52
83,26.2,79.01,40.52
182,26.2,79,40.52
123,26.2,79.01,40.52
2960,26.2,79.01,40.52
277,26.2,79.01,40.52
8871,26.2,79.01,40.52
8970,26.2,79.01,40.52
2335,26.2,79.01,40.52
1482,26.2,79.01,40.52
13370,26.2,79.01,40.52
572994,26.2,79.01,40.52
23831,26.2,79.01,40.52
987,26.2,79.01,40.52
368147,26.21,79.01,40.52
262492,26.2,79.01,40.52
55688,26.2,79.01,40.52
991656,26.21,79.01,40.51
992109,26.21,79.01,40.51
991970,26.21,79.01,40.51
992309,26.21,79.01,40.51
992766,26.21,79.01,40.51
992755,26.21,79.01,40.51
992634,26.21,79.01,40.51
992656,26.21,79.01,40.51
990152,26.21,79.01,40.51
991382,26.21,79.01,40.51
991061,26.21,79.01,40.51
991784,26.21,79.01,40.51
992440,26.21,79.01,40.51
992527,26.21,79.01,40.51
992196,26.21,79.01,40.51
992368,26.21,79.01,40.51
991266,26.21,79.01,40.51
991385,26.21,79.01,40.51
990489,26.21,79.01,40.51
990579,26.21,79.01,40.51
995777,26.22,79.01,40.51
994901,26.22,79.01,40.51
995810,26.22,79.01,40.51
994934,26.22,79.01,40.51
991489,26.21,79.01,40.51
991585,26.21,79.01,40.51
990668,26.21,79.01,40.51
990764,26.21,79.01,40.51
995847,26.22,79.01,40.51
994975,26.22,79.01,40.51
995890,26.22,79.01,40.51
995026,26.22,79.01,40.51
987616,26.21,79.01,40.52
990155,26.21,79.01,40.52
988983,26.21,79.01,40.51
990890,26.21,79.01,40.51
991878,26.21,79.01,40.51
992158,26.21,79.01,40.51
991425,26.21,79.01,40.52
991870,26.21,79.01,40.52
944604,26.21,79.01,40.52
985460,26.21,79.01,40.52
981200,26.21,79.01,40.52
988673,26.21,79.01,40.52
989572,26.21,79.01,40.52
990812,26.21,79.01,40.52
990714,26.21,79.01,40.52
991445,26.21,79.01,40.52
990601,26.21,79.01,40.52
990140,26.21,79.01,40.52
990032,26.21,79.01,40.52
989696,26.21,79.01,40.52
995519,26.22,79.01,40.52
994656,26.22,79.01,40.52
995631,26.22,79.01,40.52
994765,26.22,79.01,40.52
990908,26.21,79.01,40.52
991114,26.21,79.01,40.51
990247,26.21,79.01,40.52
990386,26.21,79.01,40.51
995743,26.22,79.01,40.51
994870,26.22,79.01,40.51
995700,26.22,79.01,40.52
994832,26.22,79.01,40.52
5,26.2,79.01,40.51
3,26.2,79.01,40.51
35,26.2,79.01,40.51
1324,26.2,79.01,40.51
52,26.2,79.01,40.51
1824,26.2,79.01,40.51
647786,26.2,79.01,40.51
985349,26.2,79.01,40.51
619123,26.2,79.01,40.51
984252,26.2,79.01,40.51
2,26.2,79.01,40.51
18,26.2,79.01,40.5
389,26.2,79.01,40.5
21,26.2,79.01,40.51
645,26.2,79.01,40.51
513301,26.2,79.01,40.51
981973,26.2,79.01,40.51
295636,26.2,79.01,40.5
976556,26.2,79.01,40.5
3,26.2,79.01,40.5
44,26.2,79.01,40.5
27,26.2,79.01,40.5
16586,26.2,79.01,40.5
17535,26.2,79.01,40.5
146971,26.2,79.01,40.5
951814,26.2,79.01,40.5
37402,26.2,79.01,40.5
850484,26.2,79.01,40.5
11,26.2,79.01,40.5
2,26.2,79.01,40.5
12271,26.2,79.01,40.5
748,26.2,79.01,40.5
2365,26.2,79.01,40.5
71457,26.2,79.01,40.5
690816,26.2,79.01,40.5
802,26.2,79.01,40.5
378741,26.2,79.01,40.5
992016,26.21,79.01,40.51
992378,26.21,79.01,40.51
991798,26.21,79.01,40.51
992313,26.21,79.01,40.51
992845,26.21,79.01,40.51
992874,26.21,79.01,40.51
992837,26.21,79.01,40.51
992829,26.21,79.01,40.51
991288,26.21,79.01,40.51
992125,26.21,79.01,40.51
990407,26.21,79.01,40.5
991835,26.21,79.01,40.5
992669,26.21,79.01,40.5
992849,26.21,79.01,40.5
992789,26.21,79.01,40.51
992884,26.21,79.01,40.51
991674,26.21,79.01,40.51
991753,26.21,79.01,40.51
990867,26.21,79.01,40.51
990974,26.21,79.01,40.51
995994,26.22,79.01,40.51
995155,26.22,79.01,40.51
995940,26.22,79.01,40.51
995086,26.22,79.01,40.51
991841,26.21,79.01,40.5
991812,26.21,79.01,40.51
991163,26.21,79.01,40.5
991077,26.21,79.01,40.51
996049,26.22,79.01,40.51
995229,26.22,79.01,40.51
996101,26.22,79.01,40.5
995303,26.22,79.01,40.5
982523,26.21,79.01,40.5
989543,26.21,79.01,40.5
958768,26.21,79.01,40.5
986651,26.21,79.01,40.5
991476,26.21,79.01,40.5
992202,26.21,79.01,40.5
990433,26.21,79.01,40.5
991644,26.21,79.01,40.5
989071,26.21,79.01,40.5
991450,26.21,79.01,40.5
987001,26.21,79.01,40.5
990814,26.21,79.01,40.5
992463,26.21,79.01,40.5
992746,26.21,79.01,40.5
992106,26.21,79.01,40.5
992548,26.21,79.01,40.5
991719,26.21,79.01,40.5
991816,26.21,79.01,40.5
991203,26.21,79.01,40.5
991211,26.21,79.01,40.5
996143,26.22,79.01,40.5
995370,26.22,79.01,40.5
996167,26.22,79.01,40.5
995421,26.22,79.01,40.5
991507,26.21,79.01,40.5
991139,26.21,79.01,40.5
991103,26.21,79.01,40.5
990877,26.21,79.01,40.5
996158,26.22,79.01,40.5
995438,26.22,79.01,40.5
996104,26.22,79.01,40.5
995411,26.22,79.01,40.5
16987,26.2,79.01,40.5
48,26.2,79.01,40.5
382,26.2,79.01,40.5
8312,26.2,79.01,40.5
11,26.2,79.01,40.5
211,26.2,79.01,40.49
805,26.2,79.01,40.5
69378,26.2,79.01,40.5
9709,26.2,79.01,40.5
1591,26.2,79.01,40.49
183212,26.21,79.01,40.5
438836,26.21,79.01,40.5
812270,26.21,79.01,40.5
979239,26.21,79.01,40.5
489530,26.21,79.01,40.5
963000,26.21,79.01,40.5
988611,26.21,79.01,40.5
990746,26.21,79.01,40.5
985527,26.21,79.01,40.5
989279,26.21,79.01,40.5
26626,26.21,79.01,40.5
8782,26.21,79.01,40.49
128793,26.21,79.01,40.5
829391,26.21,79.01,40.5
38277,26.21,79.01,40.49
391950,26.21,79.01,40.49
934614,26.21,79.01,40.49
980296,26.21,79.01,40.49
977893,26.21,79.01,40.5
986540,26.21,79.01,40.5
990534,26.21,79.01,40.5
989574,26.21,79.01,40.5
990466,26.21,79.01,40.5
989785,26.21,79.01,40.5
995981,26.22,79.01,40.5
995310,26.22,79.01,40.5
995761,26.22,79.01,40.5
995112,26.22,79.01,40.5
987956,26.21,79.01,40.5
984999,26.21,79.01,40.49
988644,26.21,79.01,40.5
986670,26.21,79.01,40.49
995375,26.22,79.01,40.5
994757,26.22,79.01,40.5
994735,26.22,79.01,40.49
994158,26.22,79.01,40.49
182,26.2,79,40.49
27,26.2,79,40.49
9974,26.21,79.01,40.49
1089,26.21,79,40.49
24130,26.21,79.01,40.49
4430,26.21,79.01,40.49
338568,26.21,79.01,40.49
59595,26.21,79.01,40.49
647467,26.21,79.01,40.49
948356,26.21,79.01,40.49
141065,26.21,79.01,40.49
705303,26.21,79.01,40.49
489,26.21,79.01,40.49
9034,26.21,79.01,40.49
63,26.21,79.01,40.49
3,26.21,79.01,40.49
1017,26.21,79.01,40.49
74751,26.21,79.01,40.49
9920,26.21,79.01,40.49
939129,26.21,79.01,40.49
978254,26.21,79.01,40.49
972609,26.21,79.01,40.49
982810,26.21,79.01,40.49
990850,26.22,79.01,40.49
990939,26.22,79.01,40.49
993389,26.22,79.01,40.49
993080,26.22,79.01,40.49
403788,26.21,79.01,40.49
64470,26.21,79.01,40.49
635576,26.21,79.01,40.49
897147,26.21,79.01,40.49
89515,26.21,79.01,40.49
404174,26.21,79.01,40.49
954513,26.22,79.01,40.49
970660,26.22,79.01,40.49
770566,26.22,79.01,40.49
885703,26.22,79.01,40.49
121,26.21,79.01,40.49
5,26.21,79.01,40.49
1115,26.21,79.01,40.49
4,26.21,79.01,40.49
131,26.21,79,40.49
7833,26.21,79.01,40.49
847,26.21,79.01,40.49
13327,26.21,79.01,40.49
45276,26.21,79.01,40.49
44,26.21,79.01,40.49
1623,26.21,79.01,40.49
5733,26.22,79.01,40.49
145554,26.22,79.01,40.49
338122,26.22,79.01,40.49
14995,26.22,79.01,40.49
35757,26.22,79.01,40.49
8,26.21,79.01,40.49
536,26.22,79.01,40.49
16,26.22,79.01,40.49
13,26.22,79.01,40.48
1565,26.22,79.01,40.49
4411,26.22,79.01,40.49
91,26.21,79,40.49
359,26.22,79.01,40.48
5,26.22,79.01,40.48
161,26.22,79.01,40.48
3,26.21,79.01,40.49
2,26.21,79.01,40.48
3,26.22,79.01,40.48
2,26.22,79.01,40.48
2,26.22,79.01,40.48
77,26.22,79,40.48
2,26.22,79.01,40.48
71,26.22,79,40.48
59,26.22,79,40.48
592770,26.22,79.01,40.49
672652,26.22,79.01,40.49
93186,26.22,79.01,40.49
135732,26.22,79.01,40.49
682809,26.22,79.01,40.49
655070,26.23,79.01,40.49
196321,26.22,79.01,40.49
189811,26.23,79.01,40.49
11013,26.22,79.01,40.49
16899,26.22,79.01,40.49
17,26.22,79.01,40.48
1059,26.22,79.01,40.48
1266,26.22,79.01,40.48
22675,26.22,79.01,40.49
17548,26.23,79.01,40.49
1220,26.22,79.01,40.48
730,26.23,79,40.48
1453,26.22,79.01,40.53
1653,26.22,79.01,40.53
1502,26.22,79.01,40.53
1411,26.22,79,40.53
1685,26.22,79.01,40.53
1350,26.22,79.01,40.53
1246,26.22,79.01,40.53
1660,26.22,79.01,40.53
1552,26.22,79.01,40.53
4814,26.22,79.01,40.53
6618,26.22,79.01,40.53
323566,26.22,79.01,40.53
463431,26.22,79.01,40.53
39004,26.22,79.01,40.53
66491,26.22,79.01,40.53
1821,26.22,79.01,40.53
1980,26.22,79.01,40.53
1598,26.22,79,40.53
2014,26.23,79.01,40.53
1984,26.22,79.01,40.53
8439,26.22,79.01,40.53
76142,26.22,79.01,40.53
493003,26.22,79.01,40.53
2180,26.23,79,40.53
8813,26.23,79.01,40.53
2021,26.23,79.01,40.53
2078,26.23,79.01,40.53
1953,26.23,79.01,40.53
6356,26.23,79.01,40.53
69992,26.23,79.01,40.53
431452,26.23,79.01,40.53
34785,26.23,79.01,40.53
267421,26.23,79.01,40.53
2085,26.23,79.01,40.53
2114,26.23,79.01,40.53
2129,26.23,79.01,40.53
2031,26.23,79.01,40.53
4234,26.23,79.01,40.53
2064,26.23,79.01,40.53
21124,26.23,79.01,40.53
163076,26.23,79.01,40.53
2132,26.23,79.01,40.53
11862,26.23,79.01,40.53
74308,26.23,79.01,40.53
37443,26.23,79.01,40.53
2135,26.23,79.01,40.53
5496,26.23,79.01,40.53
2140,26.23,79.01,40.53
13629,26.23,79.01,40.53
2155,26.23,79.01,40.53
2054,26.23,79.01,40.53
4233,26.23,79.01,40.53
1832,26.23,79.01,40.53
1728,26.24,79.01,40.53
1330,26.24,79.01,40.53
994394,26.22,79.01,40.51
993834,26.22,79.01,40.51
994358,26.22,79.01,40.52
993797,26.22,79.01,40.52
994292,26.22,79.01,40.52
993731,26.22,79.01,40.52
994187,26.22,79.01,40.52
993626,26.22,79.01,40.52
994501,26.22,79.01,40.51
993945,26.22,79.01,40.51
994554,26.22,79.01,40.51
994003,26.22,79.01,40.51
994426,26.22,79.01,40.51
993867,26.22,79.01,40.51
994458,26.22,79.01,40.51
993900,26.22,79.01,40.51
982234,26.22,79.01,40.52
976938,26.22,79.01,40.52
991319,26.22,79.01,40.52
990873,26.22,79.01,40.52
988823,26.22,79.01,40.52
988613,26.22,79.01,40.52
966568,26.22,79.01,40.53
968490,26.22,79.01,40.53
875827,26.22,79.01,40.53
899179,26.22,79.01,40.53
993705,26.22,79.01,40.52
993147,26.22,79.01,40.52
994000,26.22,79.01,40.52
993441,26.22,79.01,40.52
992476,26.22,79.01,40.52
991931,26.22,79.01,40.52
993241,26.22,79.01,40.52
992690,26.22,79.01,40.52
994781,26.22,79.01,40.51
994255,26.22,79.01,40.51
994868,26.22,79.01,40.5
994355,26.22,79.01,40.5
994697,26.22,79.01,40.51
994161,26.22,79.01,40.51
994620,26.22,79.01,40.51
994075,26.22,79.01,40.51
995051,26.22,79.01,40.5
994579,26.22,79.01,40.5
995042,26.22,79.01,40.5
994585,26.22,79.01,40.5
994948,26.22,79.01,40.5
994447,26.22,79.01,40.5
995016,26.22,79.01,40.5
994529,26.22,79.01,40.5
994962,26.22,79.01,40.5
994522,26.22,79.01,40.5
994794,26.22,79.01,40.5
994377,26.22,79.01,40.5
993982,26.22,79.01,40.49
993663,26.22,79.01,40.49
994494,26.22,79.01,40.5
994114,26.22,79.01,40.5
993182,26.22,79.01,40.49
993007,26.22,79.01,40.49
991541,26.22,79.01,40.49
991719,26.22,79.01,40.49
976575,26.22,79.01,40.49
977793,26.22,79.01,40.49
931431,26.22,79.01,40.49
943075,26.22,79.01,40.49
992423,26.22,79.01,40.52
992301,26.22,79.01,40.52
992542,26.22,79.01,40.51
992499,26.22,79.01,40.52
991695,26.22,79.01,40.51
991636,26.22,79.01,40.52
996385,26.23,79.01,40.51
995550,26.23,79.01,40.51
996349,26.23,79.01,40.52
995492,26.23,79.01,40.52
991538,26.22,79.01,40.52
991383,26.22,79.01,40.52
996296,26.23,79.01,40.52
995403,26.23,79.01,40.52
996220,26.23,79.01,40.52
995275,26.23,79.01,40.52
992578,26.22,79.01,40.51
992615,26.22,79.01,40.51
992665,26.22,79.01,40.51
992732,26.22,79.01,40.51
991788,26.22,79.01,40.51
991744,26.22,79.01,40.51
996414,26.23,79.01,40.51
995598,26.23,79.01,40.51
996441,26.23,79.01,40.51
995635,26.23,79.01,40.51
991845,26.22,79.01,40.51
991918,26.22,79.01,40.51
996470,26.23,79.01,40.51
995676,26.23,79.01,40.51
996503,26.23,79.01,40.51
995717,26.23,79.01,40.51
995234,26.23,79.01,40.51
995186,26.23,79.01,40.51
995083,26.23,79.01,40.51
995137,26.23,79.01,40.51
994396,26.23,79.01,40.51
994475,26.23,79.01,40.51
997738,26.23,79.01,40.51
997009,26.23,79.01,40.51
997776,26.23,79.01,40.51
997074,26.23,79.01,40.51
994605,26.23,79.01,40.51
994544,26.23,79.01,40.51
997807,26.23,79.01,40.51
997126,26.23,79.01,40.51
997834,26.23,79.01,40.51
997167,26.23,79.01,40.51
994925,26.23,79.01,40.52
995015,26.23,79.01,40.51
994599,26.23,79.01,40.52
994792,26.23,79.01,40.52
993663,26.23,79.01,40.52
993952,26.23,79.01,40.52
997392,26.23,79.01,40.52
996424,26.23,79.01,40.52
997529,26.23,79.01,40.52
996656,26.23,79.01,40.52
995340,26.23,79.01,40.52
992472,26.24,79.01,40.52
994899,26.23,79.01,40.52
991370,26.24,79.01,40.52
994153,26.23,79.01,40.52
994292,26.23,79.01,40.51
997623,26.23,79.01,40.52
996814,26.23,79.01,40.52
997689,26.23,79.01,40.51
996925,26.23,79.01,40.51
995837,26.23,79.01,40.51
995633,26.23,79.01,40.52
993135,26.24,79.01,40.52
986658,26.22,79.01,40.52
989149,26.22,79.01,40.52
966408,26.22,79.01,40.53
896409,26.22,79.01,40.53
871129,26.23,79.01,40.53
884854,26.23,79.01,40.53
987659,26.22,79.01,40.52
984795,26.22,79.01,40.52
959865,26.23,79.01,40.53
994578,26.23,79.01,40.52
992544,26.23,79.01,40.52
972769,26.23,79.01,40.53
993079,26.23,79.01,40.52
990188,26.23,79.01,40.52
991750,26.22,79.01,40.52
992089,26.22,79.01,40.52
990359,26.22,79.01,40.52
991224,26.22,79.01,40.52
991126,26.22,79.01,40.52
990725,26.22,79.01,40.52
996100,26.23,79.01,40.52
995080,26.23,79.01,40.52
995915,26.23,79.01,40.52
994789,26.23,79.01,40.52
989112,26.22,79.01,40.52
990107,26.22,79.01,40.52
995177,26.23,79.01,40.52
993640,26.23,79.01,40.52
995640,26.23,79.01,40.52
994350,26.23,79.01,40.52
990421,26.23,79.01,40.52
986844,26.23,79.01,40.52
987080,26.23,79.01,40.52
977440,26.23,79.01,40.52
952807,26.23,79.01,40.53
777939,26.23,79.01,40.53
650499,26.23,79.01,40.53
273273,26.23,79.01,40.53
961524,26.23,79.01,40.53
877726,26.23,79.01,40.53
69157,26.23,79.01,40.53
20669,26.23,79.01,40.53
550011,26.23,79.01,40.53
128546,26.23,79.01,40.53
1441,26.24,79.01,40.53
5189,26.24,79.01,40.53
24404,26.24,79.01,40.53
926025,26.23,79.01,40.52
670295,26.23,79.01,40.52
161134,26.24,79.01,40.52
993891,26.23,79.01,40.52
994312,26.23,79.01,40.52
992234,26.23,79.01,40.52
993243,26.23,79.01,40.52
991606,26.23,79.01,40.52
989986,26.23,79.01,40.52
996396,26.23,79.01,40.52
994620,26.23,79.01,40.52
990818,26.23,79.01,40.52
964227,26.24,79.01,40.52
977808,26.23,79.01,40.52
995558,26.23,79.01,40.52
933781,26.23,79.01,40.52
992987,26.23,79.01,40.52
611969,26.24,79.01,40.52
983890,26.23,79.01,40.52
778292,26.24,79.01,40.52
992601,26.23,79.01,40.52
993235,26.23,79.01,40.52
996881,26.23,79.01,40.52
995531,26.23,79.01,40.52
997188,26.23,79.01,40.52
996076,26.23,79.01,40.52
994207,26.23,79.01,40.52
989412,26.24,79.01,40.52
993061,26.23,79.01,40.52
985933,26.24,79.01,40.52
101670,26.24,79.01,40.52
487742,26.24,79.01,40.52
872485,26.24,79.01,40.52
965992,26.24,79.01,40.52
1097,26.24,79.01,40.53
3289,26.24,79.01,40.53
926,26.24,79.01,40.53
16366,26.24,79.01,40.52
3318,26.24,79.01,40.52
851,26.24,79.01,40.52
102835,26.24,79.01,40.52
869,26.24,79.01,40.52
21839,26.24,79.01,40.52
690,26.24,79.01,40.52
780,26.24,79.01,40.52
44046,26.24,79.01,40.52
1257,26.24,79.01,40.52
200729,26.24,79.01,40.52
532006,26.24,79.01,40.52
58847,26.24,79.01,40.52
27961,26.24,79.01,40.52
995993,26.23,79.01,40.51
996116,26.23,79.01,40.51
996212,26.23,79.01,40.51
996281,26.23,79.01,40.51
998641,26.24,79.01,40.51
998669,26.24,79.01,40.51
993578,26.24,79.01,40.51
998541,26.24,79.01,40.51
998597,26.24,79.01,40.51
997527,26.24,79.01,40.51
995260,26.24,79.01,40.51
988749,26.24,79.01,40.52
983227,26.24,79.01,40.52
987038,26.24,79.01,40.52
968896,26.24,79.01,40.52
919628,26.24,79.01,40.52
976247,26.24,79.01,40.51
1000000,26.24,79.01,40.51
2623,26.24,79.01,40.51
819514,26.24,79.01,40.52
941985,26.24,79.01,40.52
1565,26.24,79.01,40.52
416831,26.24,79.01,40.52
767863,26.24,79.01,40.52
1149,26.24,79.01,40.52
1276,26.24,79.01,40.52
1000000,26.24,79.01,40.51
1000000,26.24,79.01,40.51
997429,26.24,79.01,40.51
3271,26.24,79.01,40.51
999797,26.24,79.01,40.51
3828,26.24,79.01,40.51
993157,26.22,79.01,40.5
993036,26.22,79.01,40.51
992923,26.22,79.01,40.51
992819,26.22,79.01,40.51
992011,26.22,79.01,40.51
992119,26.22,79.01,40.51
996541,26.23,79.01,40.51
995761,26.23,79.01,40.51
996584,26.23,79.01,40.51
995808,26.23,79.01,40.51
992236,26.22,79.01,40.51
992361,26.22,79.01,40.5
996677,26.23,79.01,40.5
995903,26.23,79.01,40.5
996629,26.23,79.01,40.51
995856,26.23,79.01,40.51
993433,26.22,79.01,40.5
993445,26.22,79.01,40.5
993271,26.22,79.01,40.5
993370,26.22,79.01,40.5
992475,26.22,79.01,40.5
992572,26.22,79.01,40.5
996759,26.23,79.01,40.5
995970,26.23,79.01,40.5
996720,26.23,79.01,40.5
995943,26.23,79.01,40.5
992625,26.22,79.01,40.5
992620,26.22,79.01,40.5
996777,26.23,79.01,40.5
995969,26.23,79.01,40.5
996774,26.23,79.01,40.5
995933,26.23,79.01,40.5
995431,26.23,79.01,40.5
995428,26.23,79.01,40.5
995390,26.23,79.01,40.5
995297,26.23,79.01,40.5
994608,26.23,79.01,40.5
994427,26.23,79.01,40.5
997703,26.23,79.01,40.5
996850,26.23,79.01,40.5
997796,26.23,79.01,40.5
997023,26.23,79.01,40.5
995893,26.23,79.01,40.5
993474,26.24,79.01,40.5
995537,26.23,79.01,40.5
992533,26.24,79.01,40.5
994756,26.23,79.01,40.5
994709,26.23,79.01,40.5
997879,26.23,79.01,40.5
997192,26.23,79.01,40.5
997850,26.23,79.01,40.5
997130,26.23,79.01,40.5
996238,26.23,79.01,40.5
996109,26.23,79.01,40.5
994020,26.24,79.01,40.5
995408,26.23,79.01,40.5
995371,26.23,79.01,40.51
995328,26.23,79.01,40.51
995281,26.23,79.01,40.51
994706,26.23,79.01,40.51
994658,26.23,79.01,40.51
997856,26.23,79.01,40.51
997198,26.23,79.01,40.51
997874,26.23,79.01,40.51
997218,26.23,79.01,40.51
994761,26.23,79.01,40.5
994742,26.23,79.01,40.51
997885,26.23,79.01,40.51
997227,26.23,79.01,40.51
997888,26.23,79.01,40.5
997220,26.23,79.01,40.5
993379,26.22,79.01,40.5
993219,26.22,79.01,40.5
992925,26.22,79.01,40.5
992421,26.22,79.01,40.49
992526,26.22,79.01,40.5
992319,26.22,79.01,40.5
996734,26.23,79.01,40.5
995843,26.23,79.01,40.5
996646,26.23,79.01,40.5
995679,26.23,79.01,40.5
991951,26.22,79.01,40.5
991325,26.22,79.01,40.49
996492,26.23,79.01,40.5
995408,26.23,79.01,40.5
996218,26.23,79.01,40.49
994946,26.23,79.01,40.49
991677,26.22,79.01,40.49
990237,26.22,79.01,40.49
973985,26.22,79.01,40.49
931917,26.22,79.01,40.49
990336,26.22,79.01,40.49
988368,26.22,79.01,40.49
995820,26.23,79.01,40.49
994240,26.23,79.01,40.49
994873,26.23,79.01,40.49
992657,26.23,79.01,40.49
967887,26.23,79.01,40.49
911641,26.23,79.01,40.49
979616,26.23,79.01,40.49
969460,26.23,79.01,40.49
928475,26.23,79.01,40.49
873960,26.23,79.01,40.49
992408,26.23,79.01,40.49
989308,26.23,79.01,40.49
989760,26.23,79.01,40.49
983609,26.23,79.01,40.49
939458,26.23,79.01,40.49
738577,26.23,79.01,40.49
851673,26.23,79.01,40.49
424677,26.23,79.01,40.49
761967,26.23,79.01,40.49
172224,26.23,79.01,40.49
266204,26.23,79.01,40.49
35916,26.23,79.01,40.49
20686,26.23,79.01,40.49
146,26.24,79.01,40.49
705,26.24,79.01,40.49
71463,26.23,79.01,40.49
956942,26.23,79.01,40.49
815294,26.23,79.01,40.49
481815,26.23,79.01,40.49
73483,26.24,79.01,40.49
546,26.24,79.01,40.49
939159,26.23,79.01,40.49
402809,26.24,79.01,40.49
995128,26.23,79.01,40.5
994854,26.23,79.01,40.5
994412,26.23,79.01,40.5
993683,26.23,79.01,40.49
992938,26.23,79.01,40.5
991696,26.23,79.01,40.49
996962,26.23,79.01,40.5
995417,26.23,79.01,40.5
981641,26.23,79.01,40.49
996297,26.23,79.01,40.49
955666,26.23,79.01,40.49
993899,26.23,79.01,40.49
992070,26.23,79.01,40.5
976971,26.24,79.01,40.5
987205,26.23,79.01,40.49
872505,26.24,79.01,40.49
994133,26.23,79.01,40.5
993675,26.23,79.01,40.5
997330,26.23,79.01,40.5
996156,26.23,79.01,40.5
997557,26.23,79.01,40.5
996582,26.23,79.01,40.5
994958,26.23,79.01,40.5
990906,26.24,79.01,40.5
993982,26.23,79.01,40.5
988048,26.24,79.01,40.5
996322,26.23,79.01,40.51
996339,26.23,79.01,40.51
996334,26.23,79.01,40.51
996304,26.23,79.01,40.5
998684,26.24,79.01,40.51
998686,26.24,79.01,40.51
998680,26.24,79.01,40.51
994308,26.24,79.01,40.5
998665,26.24,79.01,40.5
997860,26.24,79.01,40.5
995871,26.24,79.01,40.5
990408,26.24,79.01,40.5
984874,26.24,79.01,40.5
988906,26.24,79.01,40.5
1000000,26.24,79.01,40.51
1000000,26.24,79.01,40.51
1000000,26.24,79.01,40.51
3959,26.24,79.01,40.51
1000000,26.24,79.01,40.5
970936,26.24,79.01,40.5
914346,26.24,79.01,40.5
982674,26.24,79.01,40.5
892963,26.24,79.01,40.5
948609,26.24,79.01,40.5
1801,26.24,79.01,40.5
585284,26.24,79.01,40.5
762088,26.24,79.01,40.5
665350,26.24,79.01,40.5
2263,26.24,79.01,40.5
1000000,26.24,79.01,40.5
3947,26.24,79.01,40.5
1267,26.24,79.01,40.5
217590,26.24,79.01,40.49
621022,26.24,79.01,40.5
926981,26.24,79.01,40.5
973264,26.24,79.01,40.5
24,26.24,79.01,40.49
134,26.24,79.01,40.49
22511,26.24,79.01,40.49
39,26.24,79.01,40.49
15567,26.24,79.01,40.49
318,26.24,79.01,40.49
53344,26.24,79.01,40.49
87,26.24,79.01,40.49
139,26.24,79.01,40.49
22677,26.24,79.01,40.49
523,26.24,79.01,40.49
131106,26.24,79.01,40.5
319065,26.24,79.01,40.5
628225,26.24,79.01,40.5
22331,26.24,79.01,40.5
120399,26.24,79.01,40.5
688,26.24,79.01,40.5
1246,26.24,79.01,40.5
506,26.24,79.01,40.5
963,26.24,79.01,40.5
386,26.24,79.01,40.52
496,26.24,79.01,40.52
762,26.24,79.01,40.52
4032,26.24,79.01,40.51
4118,26.24,79.01,40.51
4201,26.24,79.01,40.51
4079,26.24,79.01,40.51
3774,26.24,79.01,40.5
52,26.23,79,40.48
293,26.23,79,40.48
7083,26.23,79,40.49
2799,26.23,79,40.49
517247,26.23,79,40.49
320201,26.23,79,40.49
104361,26.23,79,40.49
42454,26.23,79,40.49
2,26.23,79.01,40.48
131,26.23,79,40.48
2,26.23,79.01,40.48
58,26.23,79.01,40.48
2,26.23,79.01,40.48
2,26.23,79.01,40.48
184484,26.23,79,40.49
18369,26.23,79,40.49
988,26.23,79,40.49
72151,26.23,79,40.49
15762,26.23,79.01,40.49
2,26.23,79.01,40.48
5,26.23,79.01,40.49
297,26.23,79.01,40.49
5413,26.23,79,40.49
4,26.23,79.01,40.49
937,26.23,79.01,40.49
2824,26.23,79.01,40.49
10,26.24,79.01,40.49
866,26.24,79.01,40.49
3,26.23,79.01,40.49
5,26.24,79.01,40.49
246,26.23,79,40.49
4,26.24,79.01,40.49
7,26.24,79.01,40.49
798,26.21,79.01,40.53
692,26.21,79.01,40.53
647,26.21,79,40.53
697,26.21,79,40.53
1152,26.21,79.01,40.53
1306,26.22,79.01,40.53
1469,26.22,79.01,40.53
1355,26.22,79.01,40.53
1247,26.22,79,40.53
1441,26.22,79.01,40.53
703,26.21,79,40.53
807,26.21,79.01,40.53
964,26.21,79.01,40.53
941,26.21,79.01,40.53
714,26.21,79,40.53
1088,26.21,79.01,40.53
935,26.21,79,40.53
1057,26.21,79.01,40.53
959,26.21,79.01,40.53
861,26.21,79,40.53
969,26.21,79,40.53
1159,26.21,79.01,40.53
1157,26.21,79.01,40.53
987,26.21,79,40.53
1211,26.22,79.01,40.53
1021,26.22,79,40.53
870,26.21,79,40.53
908,26.21,79,40.53
1123,26.22,79,40.53
1124,26.22,79,40.53
1329,26.22,79,40.53
2265,26.22,79,40.53
5513,26.22,79,40.53
1342,26.21,79,40.53
14299,26.21,79,40.53
1370,26.21,79.01,40.53
6436,26.22,79.01,40.53
15985,26.21,79.01,40.53
81680,26.22,79.01,40.53
26245,26.22,79,40.53
56271,26.22,79,40.53
225159,26.22,79,40.53
342591,26.22,79,40.53
313,26.2,79,40.52
239,26.2,79.01,40.52
222,26.2,79.01,40.52
169,26.2,79.01,40.52
615,26.2,79.01,40.52
198,26.2,79.01,40.52
156,26.2,79.01,40.52
152,26.2,79,40.52
121,26.2,79.01,40.52
157,26.2,79,40.52
1495,26.2,79,40.52
6753,26.2,79,40.52
313,26.2,79,40.52
341,26.2,79.01,40.52
301,26.2,79.01,40.52
484,26.21,79,40.53
515,26.21,79.01,40.53
498,26.2,79.01,40.53
437,26.21,79.01,40.53
464,26.21,79,40.53
431,26.2,79.01,40.53
441,26.2,79,40.53
325,26.2,79.01,40.53
353,26.2,79,40.52
487,26.2,79,40.52
100374,26.21,79,40.52
27146,26.21,79,40.52
440010,26.21,79.01,40.52
903466,26.21,79.01,40.52
968341,26.21,79.01,40.52
743619,26.21,79.01,40.52
948839,26.21,79.01,40.52
972291,26.21,79.01,40.52
978202,26.21,79.01,40.52
977727,26.21,79.01,40.52
980963,26.21,79.01,40.52
195604,26.21,79.01,40.52
382571,26.21,79.01,40.52
865538,26.21,79.01,40.52
53241,26.21,79.01,40.52
104444,26.21,79.01,40.52
623281,26.21,79.01,40.52
914933,26.21,79.01,40.52
962098,26.21,79.01,40.52
959632,26.21,79.01,40.52
973186,26.21,79.01,40.52
982133,26.21,79.01,40.52
980354,26.21,79.01,40.52
982433,26.22,79.01,40.52
981134,26.22,79.01,40.52
988691,26.22,79.01,40.52
988117,26.22,79.01,40.52
988000,26.22,79.01,40.52
987507,26.22,79.01,40.52
971840,26.21,79.01,40.52
977390,26.21,79.01,40.52
975387,26.22,79.01,40.52
979025,26.22,79.01,40.52
986884,26.22,79.01,40.52
986537,26.22,79.01,40.52
985028,26.22,79.01,40.52
984943,26.22,79.01,40.52
720,26.21,79,40.52
3887,26.21,79,40.52
68992,26.21,79,40.52
9780,26.21,79,40.52
124933,26.21,79,40.52
18256,26.21,79,40.52
507269,26.21,79,40.52
177626,26.21,79,40.52
738005,26.21,79.01,40.52
923043,26.21,79.01,40.52
284492,26.21,79.01,40.52
739562,26.21,79.01,40.52
549,26.21,79,40.53
1156,26.21,79,40.53
563,26.21,79,40.53
2072,26.21,79,40.53
1667,26.21,79,40.53
28322,26.21,79,40.53
750,26.21,79,40.53
1501,26.21,79,40.53
176291,26.21,79,40.53
23584,26.21,79,40.53
1277,26.21,79,40.53
11343,26.21,79,40.53
906008,26.21,79.01,40.52
948524,26.22,79.01,40.52
959096,26.21,79.01,40.52
968421,26.22,79.01,40.52
971956,26.22,79,40.52
961102,26.22,79,40.52
501785,26.21,79,40.53
137069,26.21,79,40.53
665632,26.21,79.01,40.53
849686,26.22,79.01,40.53
172993,26.21,79.01,40.53
464672,26.22,79.01,40.53
915776,26.22,79,40.53
940533,26.22,79,40.53
716450,26.22,79,40.53
809341,26.22,79,40.53
10,26.2,79.01,40.51
7,26.2,79.01,40.51
25,26.2,79.01,40.51
17,26.2,79.01,40.51
253,26.2,79.01,40.51
230,26.2,79.01,40.51
168,26.2,79.01,40.51
38936,26.2,79.01,40.51
181,26.2,79.01,40.51
1038,26.2,79.01,40.51
82914,26.2,79.01,40.51
688537,26.2,79.01,40.51
966850,26.21,79.01,40.51
808561,26.2,79.01,40.51
971435,26.21,79.01,40.51
270,26.2,79.01,40.51
205,26.2,79.01,40.51
1479,26.2,79.01,40.51
145258,26.2,79.01,40.51
1356,26.2,79.01,40.51
178737,26.2,79.01,40.51
876302,26.2,79.01,40.51
975282,26.21,79.01,40.51
858388,26.2,79.01,40.51
974009,26.21,79.01,40.51
48,26.2,79.01,40.52
137,26.2,79.01,40.51
36,26.2,79.01,40.51
91,26.2,79.01,40.52
67,26.2,79.01,40.52
86,26.2,79.01,40.52
2296,26.2,79,40.51
1215,26.2,79,40.52
4275,26.2,79.01,40.52
7673,26.2,79.01,40.51
138472,26.2,79.01,40.52
216400,26.2,79.01,40.51
382728,26.2,79.01,40.52
934264,26.21,79.01,40.52
514241,26.2,79.01,40.51
956682,26.21,79.01,40.51
508,26.2,79,40.52
235,26.2,79,40.52
2368,26.2,79.01,40.52
710,26.2,79.01,40.52
1056,26.2,79,40.52
27135,26.2,79,40.52
3505,26.2,79,40.52
70202,26.2,79.01,40.52
77768,26.2,79,40.52
28132,26.2,79.01,40.52
192285,26.2,79.01,40.52
869028,26.21,79.01,40.52
164670,26.2,79.01,40.52
68478,26.2,79.01,40.52
698478,26.21,79.01,40.52
661964,26.21,79.01,40.52
240594,26.21,79,40.52
982142,26.21,79.01,40.51
984591,26.21,79.01,40.51
982604,26.21,79.01,40.51
984872,26.21,79.01,40.51
985741,26.21,79.01,40.51
985826,26.21,79.01,40.51
985543,26.21,79.01,40.51
985668,26.21,79.01,40.51
980239,26.21,79.01,40.51
983566,26.21,79.01,40.51
981317,26.21,79.01,40.51
984145,26.21,79.01,40.51
985261,26.21,79.01,40.51
985470,26.21,79.01,40.51
984890,26.21,79.01,40.51
985225,26.21,79.01,40.51
984954,26.21,79.01,40.51
985119,26.21,79.01,40.51
984351,26.22,79.01,40.51
984458,26.22,79.01,40.51
989679,26.22,79.01,40.51
988883,26.22,79.01,40.51
989746,26.22,79.01,40.51
988931,26.22,79.01,40.51
985268,26.21,79.01,40.51
985411,26.21,79.01,40.51
984572,26.22,79.01,40.51
984709,26.22,79.01,40.51
989824,26.22,79.01,40.51
988997,26.22,79.01,40.51
989922,26.22,79.01,40.51
989096,26.22,79.01,40.51
976077,26.21,79.01,40.52
981456,26.21,79.01,40.52
978737,26.21,79.01,40.51
982746,26.21,79.01,40.51
984367,26.21,79.01,40.51
984889,26.21,79.01,40.51
983607,26.21,79.01,40.52
984417,26.21,79.01,40.52
952345,26.21,79.01,40.52
975500,26.21,79.01,40.52
969833,26.21,79.01,40.52
979263,26.21,79.01,40.52
980659,26.21,79.01,40.52
982644,26.21,79.01,40.52
982441,26.21,79.01,40.52
983709,26.21,79.01,40.52
983969,26.21,79.01,40.52
983256,26.21,79.01,40.52
983738,26.22,79.01,40.52
983240,26.22,79.01,40.52
989116,26.22,79.01,40.52
988478,26.22,79.01,40.52
989371,26.22,79.01,40.52
988686,26.22,79.01,40.52
984433,26.21,79.01,40.52
984736,26.21,79.01,40.51
984040,26.22,79.01,40.52
984226,26.22,79.01,40.51
989613,26.22,79.01,40.51
988849,26.22,79.01,40.51
989521,26.22,79.01,40.52
988791,26.22,79.01,40.52
4,26.2,79.01,40.51
2,26.2,79.01,40.51
142,26.2,79.01,40.51
97,26.2,79.01,40.51
450,26.2,79.01,40.51
126408,26.2,79.01,40.51
872,26.2,79.01,40.51
174205,26.2,79.01,40.51
878576,26.2,79.01,40.51
975403,26.21,79.01,40.51
865393,26.2,79.01,40.51
974375,26.21,79.01,40.51
65,26.2,79.01,40.51
46,26.2,79.01,40.5
97,26.2,79.01,40.5
342,26.2,79.01,40.5
18309,26.2,79.01,40.5
280,26.2,79.01,40.51
51358,26.2,79.01,40.51
826947,26.2,79.01,40.51
972233,26.21,79.01,40.51
723751,26.2,79.01,40.5
968400,26.21,79.01,40.5
13,26.2,79.01,40.5
24,26.2,79.01,40.5
530,26.2,79,40.5
162,26.2,79,40.5
3457,26.2,79.01,40.5
1670,26.2,79.01,40.5
259807,26.2,79.01,40.5
166678,26.2,79.01,40.5
579019,26.2,79.01,40.5
959560,26.21,79.01,40.5
436737,26.2,79.01,40.5
936920,26.21,79.01,40.5
57,26.2,79,40.5
554,26.2,79.01,40.5
118,26.2,79.01,40.5
70779,26.2,79.01,40.5
13232,26.2,79.01,40.5
246272,26.2,79.01,40.5
897224,26.21,79.01,40.5
205060,26.2,79.01,40.5
63648,26.2,79.01,40.5
746593,26.21,79.01,40.5
982704,26.21,79.01,40.51
984986,26.21,79.01,40.51
982432,26.21,79.01,40.51
984926,26.21,79.01,40.51
985894,26.21,79.01,40.51
986043,26.21,79.01,40.51
985859,26.21,79.01,40.51
985953,26.21,79.01,40.51
981793,26.21,79.01,40.51
984694,26.21,79.01,40.51
980857,26.21,79.01,40.5
984298,26.21,79.01,40.5
985653,26.21,79.01,40.5
986038,26.21,79.01,40.5
985831,26.21,79.01,40.51
986078,26.21,79.01,40.51
985553,26.21,79.01,40.51
985688,26.21,79.01,40.51
984873,26.22,79.01,40.51
985052,26.22,79.01,40.51
990176,26.22,79.01,40.51
989391,26.22,79.01,40.51
990041,26.22,79.01,40.51
989232,26.22,79.01,40.51
985863,26.21,79.01,40.5
985797,26.21,79.01,40.51
985389,26.22,79.01,40.5
985234,26.22,79.01,40.51
990319,26.22,79.01,40.51
989573,26.22,79.01,40.51
990453,26.22,79.01,40.5
989748,26.22,79.01,40.5
972186,26.21,79.01,40.5
980604,26.21,79.01,40.5
957465,26.21,79.01,40.5
977319,26.21,79.01,40.5
983655,26.21,79.01,40.5
984975,26.21,79.01,40.5
982043,26.21,79.01,40.5
984053,26.21,79.01,40.5
979515,26.21,79.01,40.5
983656,26.21,79.01,40.5
977148,26.21,79.01,40.5
982554,26.21,79.01,40.5
985298,26.21,79.01,40.5
985875,26.21,79.01,40.5
984682,26.21,79.01,40.5
985549,26.21,79.01,40.5
985705,26.21,79.01,40.5
985841,26.21,79.01,40.5
985493,26.22,79.01,40.5
985488,26.22,79.01,40.5
990565,26.22,79.01,40.5
989914,26.22,79.01,40.5
990627,26.22,79.01,40.5
990030,26.22,79.01,40.5
985388,26.21,79.01,40.5
984823,26.21,79.01,40.5
985356,26.22,79.01,40.5
985016,26.22,79.01,40.5
990613,26.22,79.01,40.5
990085,26.22,79.01,40.5
990488,26.22,79.01,40.5
990028,26.22,79.01,40.5
27,26.2,79,40.5
60,26.2,79.01,40.5
3148,26.2,79.01,40.5
809,26.2,79.01,40.5
13,26.2,79,40.5
29,26.2,79,40.49
108,26.2,79.01,40.5
81529,26.2,79,40.5
20936,26.2,79,40.5
2888,26.2,79,40.5
390,26.2,79,40.49
4,26.2,79,40.49
31,26.2,79,40.49
13,26.21,79,40.49
93,26.21,79,40.49
4,26.2,79,40.49
4,26.2,79,40.49
281062,26.21,79,40.5
117601,26.21,79,40.5
29459,26.21,79,40.49
512923,26.21,79.01,40.5
747096,26.21,79.01,40.5
915923,26.21,79.01,40.5
971327,26.21,79.01,40.5
824503,26.21,79.01,40.5
958704,26.21,79.01,40.5
979477,26.21,79.01,40.5
982584,26.21,79.01,40.5
975155,26.21,79.01,40.5
980235,26.21,79.01,40.5
242957,26.21,79.01,40.5
70078,26.21,79.01,40.49
484156,26.21,79.01,40.5
911018,26.21,79.01,40.5
162500,26.21,79.01,40.49
741311,26.21,79.01,40.49
941277,26.21,79.01,40.49
968271,26.21,79.01,40.49
966627,26.21,79.01,40.5
976221,26.21,79.01,40.5
983887,26.21,79.01,40.5
982384,26.21,79.01,40.5
984387,26.22,79.01,40.5
983320,26.22,79.01,40.5
990203,26.22,79.01,40.5
989831,26.22,79.01,40.5
989682,26.22,79.01,40.5
989413,26.22,79.01,40.5
979908,26.21,79.01,40.5
975529,26.21,79.01,40.49
981554,26.22,79.01,40.5
978536,26.22,79.01,40.49
988794,26.22,79.01,40.5
988699,26.22,79.01,40.5
987285,26.22,79.01,40.49
987469,26.22,79.01,40.49
3956,26.21,79,40.49
344,26.21,79,40.49
89106,26.21,79,40.49
14848,26.21,79,40.49
173581,26.21,79,40.49
29843,26.21,79,40.49
624367,26.21,79,40.49
250489,26.21,79,40.49
818283,26.21,79.01,40.49
944513,26.21,79.01,40.49
434958,26.21,79.01,40.49
826099,26.21,79.01,40.49
1604,26.21,79,40.49
108,26.21,79,40.49
3879,26.21,79,40.49
48756,26.21,79,40.49
302,26.21,79,40.49
5992,26.21,79,40.49
258573,26.21,79,40.49
49496,26.21,79,40.49
936387,26.21,79.01,40.49
966738,26.21,79.01,40.49
960588,26.22,79.01,40.49
973066,26.22,79.01,40.49
979153,26.22,79.01,40.49
981412,26.22,79.01,40.49
984523,26.22,79.01,40.49
985385,26.22,79.01,40.49
634841,26.21,79,40.49
208602,26.21,79,40.49
781339,26.21,79.01,40.49
902883,26.22,79.01,40.49
285288,26.21,79.01,40.49
632881,26.22,79.01,40.49
943124,26.22,79,40.49
957764,26.22,79,40.49
811548,26.22,79,40.49
881195,26.22,79,40.49
2,26.21,79,40.49
2,26.21,79,40.49
8,26.21,79,40.49
31,26.21,79,40.49
498,26.21,79,40.49
5,26.21,79,40.49
50,26.21,79,40.49
5870,26.21,79,40.49
496,26.21,79,40.49
6,26.21,79,40.49
35311,26.21,79,40.49
3731,26.21,79,40.49
39479,26.21,79.01,40.49
142123,26.22,79.01,40.49
4141,26.21,79.01,40.49
15637,26.22,79.01,40.49
317335,26.22,79,40.49
532297,26.22,79,40.49
45341,26.22,79,40.49
109241,26.22,79,40.49
375,26.21,79,40.49
1340,26.22,79,40.49
944,26.22,79,40.48
4781,26.22,79,40.49
12687,26.22,79,40.49
51,26.21,79,40.49
293,26.21,79,40.49
54,26.21,79,40.48
337,26.22,79,40.48
115,26.22,79,40.48
2,26.21,79.01,40.48
2,26.22,79.01,40.48
66,26.22,79,40.48
9,26.22,79,40.48
7,26.23,79,40.48
11,26.22,79,40.48
110,26.22,79,40.48
110,26.22,79,40.48
98,26.22,79,40.48
652517,26.22,79,40.49
675708,26.22,79,40.49
187802,26.22,79,40.49
242468,26.22,79,40.49
675415,26.22,79,40.49
615619,26.23,79,40.49
269273,26.22,79,40.49
212702,26.23,79,40.49
25272,26.22,79,40.49
37220,26.22,79,40.49
1811,26.22,79,40.48
2506,26.22,79,40.48
38588,26.22,79,40.49
23908,26.23,79,40.49
2099,26.22,79,40.48
1117,26.23,79,40.48
1370,26.22,79,40.53
1594,26.22,79.01,40.53
1770,26.22,79.01,40.53
1521,26.22,79,40.53
1355,26.22,79,40.53
1505,26.22,79,40.53
1693,26.22,79,40.53
2323,26.22,79,40.53
9871,26.22,79,40.53
15700,26.22,79,40.53
467678,26.22,79,40.53
533396,26.22,79,40.53
92417,26.22,79,40.53
128563,26.22,79,40.53
1695,26.22,79,40.53
2056,26.22,79.01,40.53
2004,26.22,79.01,40.53
2102,26.23,79.01,40.53
1700,26.22,79,40.53
2138,26.23,79.01,40.53
2133,26.23,79.01,40.53
2057,26.23,79.01,40.53
1779,26.23,79,40.53
2091,26.23,79.01,40.53
2787,26.22,79,40.53
18281,26.22,79,40.53
132995,26.22,79,40.53
523500,26.22,79,40.53
2813,26.23,79,40.53
15714,26.23,79,40.53
2207,26.23,79,40.53
6865,26.23,79,40.53
106957,26.23,79,40.53
442060,26.23,79,40.53
49038,26.23,79,40.53
305719,26.23,79,40.53
2130,26.23,79.01,40.53
2144,26.23,79,40.53
2159,26.23,79.01,40.53
2148,26.23,79,40.53
4654,26.23,79,40.53
2112,26.23,79.01,40.53
3028,26.23,79.01,40.53
29841,26.23,79,40.53
208636,26.23,79,40.53
12476,26.23,79.01,40.53
91828,26.23,79.01,40.53
36381,26.23,79.01,40.53
2175,26.23,79.01,40.53
2109,26.23,79.01,40.53
3273,26.23,79.01,40.53
2124,26.23,79.01,40.53
6115,26.23,79.01,40.53
10302,26.23,79.01,40.53
2239,26.23,79.01,40.53
1875,26.23,79.01,40.53
3240,26.23,79.01,40.53
2038,26.24,79.01,40.53
1474,26.24,79.01,40.53
1116,26.24,79.01,40.53
1603,26.24,79.01,40.53
938,26.24,79.01,40.53
988074,26.22,79.01,40.51
987290,26.22,79.01,40.51
988038,26.22,79.01,40.52
987259,26.22,79.01,40.52
987963,26.22,79.01,40.52
987190,26.22,79.01,40.52
987779,26.22,79.01,40.52
987011,26.22,79.01,40.52
988176,26.22,79.01,40.51
987371,26.22,79.01,40.51
988276,26.22,79.01,40.51
987473,26.22,79.01,40.51
988087,26.22,79.01,40.51
987293,26.22,79.01,40.51
988119,26.22,79.01,40.51
987318,26.22,79.01,40.51
973261,26.22,79,40.52
965574,26.22,79,40.52
982091,26.22,79.01,40.52
981430,26.22,79.01,40.52
977729,26.22,79.01,40.52
977383,26.22,79.01,40.52
949971,26.22,79,40.53
951037,26.22,79,40.53
855072,26.22,79,40.53
867296,26.22,79,40.53
986878,26.22,79.01,40.52
986115,26.22,79.01,40.52
987452,26.22,79.01,40.52
986687,26.22,79.01,40.52
984489,26.22,79.01,40.52
983737,26.22,79.01,40.52
985980,26.22,79.01,40.52
985219,26.22,79.01,40.52
988817,26.22,79.01,40.51
988054,26.22,79.01,40.51
989024,26.22,79.01,40.5
988281,26.22,79.01,40.5
988604,26.22,79.01,40.51
987823,26.22,79.01,40.51
988425,26.22,79.01,40.51
987630,26.22,79.01,40.51
989492,26.22,79.01,40.5
988816,26.22,79.01,40.5
989481,26.22,79.01,40.5
988826,26.22,79.01,40.5
989232,26.22,79.01,40.5
988510,26.22,79.01,40.5
989388,26.22,79.01,40.5
988688,26.22,79.01,40.5
989343,26.22,79.01,40.5
988711,26.22,79.01,40.5
988994,26.22,79.01,40.5
988390,26.22,79.01,40.5
987355,26.22,79.01,40.49
986864,26.22,79.01,40.49
988398,26.22,79.01,40.5
987835,26.22,79.01,40.5
985694,26.22,79.01,40.49
985351,26.22,79.01,40.49
982681,26.22,79.01,40.49
982745,26.22,79.01,40.49
963504,26.22,79,40.49
962397,26.22,79,40.49
909695,26.22,79,40.49
911422,26.22,79,40.49
986433,26.22,79.01,40.52
986227,26.22,79.01,40.52
986567,26.22,79.01,40.51
986523,26.22,79.01,40.52
985926,26.23,79.01,40.51
985844,26.23,79.01,40.52
990938,26.23,79.01,40.51
990163,26.23,79.01,40.51
990847,26.23,79.01,40.52
990023,26.23,79.01,40.52
985704,26.23,79.01,40.52
985433,26.23,79.01,40.52
990704,26.23,79.01,40.52
989810,26.23,79.01,40.52
990489,26.23,79.01,40.52
989498,26.23,79.01,40.52
986578,26.22,79.01,40.51
986610,26.22,79.01,40.51
986665,26.22,79.01,40.51
986771,26.22,79.01,40.51
986017,26.23,79.01,40.51
985965,26.23,79.01,40.51
991007,26.23,79.01,40.51
990269,26.23,79.01,40.51
991068,26.23,79.01,40.51
990353,26.23,79.01,40.51
986084,26.23,79.01,40.51
986194,26.23,79.01,40.51
991135,26.23,79.01,40.51
990438,26.23,79.01,40.51
991215,26.23,79.01,40.51
990526,26.23,79.01,40.51
989732,26.23,79.01,40.51
989628,26.23,79.01,40.51
989392,26.23,79.01,40.51
989517,26.23,79.01,40.51
988246,26.23,79.01,40.51
988435,26.23,79.01,40.51
992894,26.23,79.01,40.51
991296,26.23,79.01,40.51
993030,26.23,79.01,40.51
991521,26.23,79.01,40.51
988720,26.23,79.01,40.51
988591,26.23,79.01,40.51
993139,26.23,79.01,40.51
991697,26.23,79.01,40.51
993227,26.23,79.01,40.51
991827,26.23,79.01,40.51
989014,26.23,79.01,40.52
989232,26.23,79.01,40.51
988237,26.23,79.01,40.52
988697,26.23,79.01,40.52
986486,26.23,79.01,40.52
987177,26.23,79.01,40.52
991659,26.23,79.01,40.52
989213,26.23,79.01,40.52
992144,26.23,79.01,40.52
990040,26.23,79.01,40.52
986624,26.24,79.01,40.52
979999,26.24,79.01,40.52
985036,26.24,79.01,40.52
975996,26.24,79.01,40.52
987659,26.23,79.01,40.52
987996,26.23,79.01,40.51
992481,26.23,79.01,40.52
990605,26.23,79.01,40.52
992717,26.23,79.01,40.51
991001,26.23,79.01,40.51
988378,26.24,79.01,40.51
987665,26.24,79.01,40.52
982221,26.24,79.01,40.52
975934,26.22,79.01,40.52
980236,26.22,79.01,40.52
946486,26.22,79,40.53
856618,26.22,79,40.53
819973,26.23,79,40.53
811002,26.23,79,40.53
978388,26.23,79.01,40.52
973176,26.23,79.01,40.52
934441,26.23,79,40.53
985622,26.23,79.01,40.52
982679,26.23,79.01,40.52
944295,26.23,79,40.53
981906,26.23,79.01,40.52
977143,26.23,79.01,40.52
985247,26.22,79.01,40.52
985869,26.22,79.01,40.52
982706,26.22,79.01,40.52
984284,26.22,79.01,40.52
984990,26.23,79.01,40.52
984254,26.23,79.01,40.52
990147,26.23,79.01,40.52
989022,26.23,79.01,40.52
989628,26.23,79.01,40.52
988314,26.23,79.01,40.52
981308,26.23,79.01,40.52
983129,26.23,79.01,40.52
987584,26.23,79.01,40.52
985536,26.23,79.01,40.52
988834,26.23,79.01,40.52
987230,26.23,79.01,40.52
978021,26.23,79.01,40.52
969373,26.23,79.01,40.52
967049,26.23,79.01,40.52
936592,26.23,79.01,40.52
908422,26.23,79,40.53
691396,26.23,79,40.53
544925,26.23,79.01,40.53
240102,26.23,79.01,40.53
898911,26.23,79.01,40.53
753495,26.23,79.01,40.53
68867,26.23,79.01,40.53
16839,26.23,79.01,40.53
398158,26.23,79.01,40.53
111755,26.23,79.01,40.53
3265,26.24,79,40.53
18204,26.24,79,40.53
827402,26.23,79.01,40.52
477873,26.23,79.01,40.52
114159,26.24,79,40.52
986544,26.23,79.01,40.52
987555,26.23,79.01,40.52
982499,26.23,79.01,40.52
984987,26.23,79.01,40.52
981553,26.23,79.01,40.52
977512,26.23,79.01,40.52
988080,26.23,79.01,40.52
982514,26.23,79.01,40.52
966550,26.24,79.01,40.52
836179,26.24,79.01,40.52
944794,26.23,79.01,40.52
985015,26.23,79.01,40.52
831521,26.23,79.01,40.52
974912,26.23,79.01,40.52
414717,26.24,79,40.52
910099,26.24,79.01,40.52
498176,26.24,79.01,40.52
983939,26.23,79.01,40.52
985465,26.23,79.01,40.52
989834,26.23,79.01,40.52
985956,26.23,79.01,40.52
990934,26.23,79.01,40.52
987949,26.23,79.01,40.52
982478,26.24,79.01,40.52
967236,26.24,79.01,40.52
977957,26.24,79.01,40.52
942438,26.24,79.01,40.52
46401,26.24,79.01,40.52
265237,26.24,79.01,40.52
610347,26.24,79.01,40.52
850305,26.24,79.01,40.52
2126,26.24,79,40.53
684,26.24,79.01,40.53
1021,26.24,79.01,40.53
11014,26.24,79,40.52
693,26.24,79.01,40.53
1447,26.24,79.01,40.52
70289,26.24,79,40.52
6822,26.24,79.01,40.52
549,26.24,79.01,40.53
534,26.24,79.01,40.52
1313,26.24,79.01,40.52
477,26.24,79.01,40.52
328,26.24,79.01,40.52
453,26.24,79.01,40.52
9440,26.24,79.01,40.52
616,26.24,79.01,40.52
44046,26.24,79.01,40.52
79754,26.24,79.01,40.52
283104,26.24,79.01,40.52
12037,26.24,79.01,40.52
22457,26.24,79.01,40.52
988905,26.24,79.01,40.51
989312,26.24,79.01,40.51
989623,26.24,79.01,40.51
989831,26.24,79.01,40.51
994417,26.24,79.01,40.51
994551,26.24,79.01,40.51
997942,26.24,79.01,40.51
996667,26.24,79.01,40.51
990465,26.24,79.01,40.51
997998,26.24,79.01,40.51
996774,26.24,79.01,40.51
991088,26.24,79.01,40.51
983685,26.24,79.01,40.51
993923,26.24,79.01,40.51
994207,26.24,79.01,40.51
989916,26.24,79.01,40.51
997697,26.24,79.01,40.51
977932,26.24,79.01,40.51
995952,26.24,79.01,40.51
983696,26.24,79.01,40.51
997841,26.24,79.01,40.51
996420,26.24,79.01,40.51
988456,26.24,79.01,40.51
967897,26.24,79.01,40.52
932894,26.24,79.01,40.52
958302,26.24,79.01,40.52
868126,26.24,79.01,40.52
548624,26.24,79.01,40.52
716420,26.24,79.01,40.51
14431,26.24,79.01,40.52
419,26.24,79.01,40.51
194641,26.24,79.01,40.51
525301,26.24,79.01,40.52
747265,26.24,79.01,40.52
102878,26.24,79.01,40.52
367594,26.24,79.01,40.52
39726,26.24,79.01,40.52
89,26.24,79.01,40.52
165,26.24,79.01,40.52
34390,26.24,79.01,40.52
731419,26.24,79.01,40.51
771223,26.24,79.01,40.51
540,26.24,79.01,40.51
478473,26.24,79.01,40.51
1024,26.24,79.01,40.51
644928,26.24,79.01,40.51
987584,26.22,79.01,40.5
987356,26.22,79.01,40.51
987124,26.22,79.01,40.51
986929,26.22,79.01,40.51
986347,26.23,79.01,40.51
986531,26.23,79.01,40.51
991309,26.23,79.01,40.51
990621,26.23,79.01,40.51
991414,26.23,79.01,40.51
990721,26.23,79.01,40.51
986743,26.23,79.01,40.51
986951,26.23,79.01,40.5
991640,26.23,79.01,40.5
990910,26.23,79.01,40.5
991526,26.23,79.01,40.51
990819,26.23,79.01,40.51
988102,26.22,79.01,40.5
988096,26.22,79.01,40.5
987810,26.22,79.01,40.5
987984,26.22,79.01,40.5
987147,26.23,79.01,40.5
987287,26.23,79.01,40.5
991809,26.23,79.01,40.5
990997,26.23,79.01,40.5
991736,26.23,79.01,40.5
990973,26.23,79.01,40.5
987356,26.23,79.01,40.5
987293,26.23,79.01,40.5
991825,26.23,79.01,40.5
990947,26.23,79.01,40.5
991771,26.23,79.01,40.5
990805,26.23,79.01,40.5
990066,26.23,79.01,40.5
990012,26.23,79.01,40.5
989861,26.23,79.01,40.5
989580,26.23,79.01,40.5
988416,26.23,79.01,40.5
987913,26.23,79.01,40.5
992600,26.23,79.01,40.5
990397,26.23,79.01,40.5
992957,26.23,79.01,40.5
991075,26.23,79.01,40.5
988079,26.24,79.01,40.5
982282,26.24,79.01,40.5
986655,26.24,79.01,40.5
978519,26.24,79.01,40.5
988893,26.23,79.01,40.5
988725,26.23,79.01,40.5
993305,26.23,79.01,40.5
991759,26.23,79.01,40.5
993180,26.23,79.01,40.5
991503,26.23,79.01,40.5
989452,26.24,79.01,40.5
988947,26.24,79.01,40.5
984302,26.24,79.01,40.5
990055,26.23,79.01,40.5
989999,26.23,79.01,40.51
989922,26.23,79.01,40.51
989828,26.23,79.01,40.51
988909,26.23,79.01,40.51
988825,26.23,79.01,40.51
993297,26.23,79.01,40.51
991914,26.23,79.01,40.51
993346,26.23,79.01,40.51
991957,26.23,79.01,40.51
988960,26.23,79.01,40.5
988957,26.23,79.01,40.51
993371,26.23,79.01,40.51
991954,26.23,79.01,40.51
993361,26.23,79.01,40.5
991896,26.23,79.01,40.5
987958,26.22,79.01,40.5
987601,26.22,79.01,40.5
986991,26.22,79.01,40.5
985924,26.22,79.01,40.49
987077,26.23,79.01,40.5
986612,26.23,79.01,40.5
991607,26.23,79.01,40.5
990521,26.23,79.01,40.5
991299,26.23,79.01,40.5
990044,26.23,79.01,40.5
985837,26.23,79.01,40.5
984504,26.23,79.01,40.49
990776,26.23,79.01,40.5
989264,26.23,79.01,40.5
989909,26.23,79.01,40.49
987985,26.23,79.01,40.49
984211,26.22,79.01,40.49
981103,26.22,79.01,40.49
956440,26.22,79,40.49
897306,26.22,79,40.49
982296,26.23,79.01,40.49
978163,26.23,79.01,40.49
988479,26.23,79.01,40.49
985781,26.23,79.01,40.49
985727,26.23,79.01,40.49
981474,26.23,79.01,40.49
947329,26.23,79,40.49
871037,26.23,79,40.49
958294,26.23,79,40.49
936800,26.23,79,40.49
874602,26.23,79,40.49
797147,26.23,79,40.49
981580,26.23,79.01,40.49
974037,26.23,79.01,40.49
973851,26.23,79.01,40.49
954739,26.23,79.01,40.49
883337,26.23,79,40.49
631496,26.23,79,40.49
750157,26.23,79,40.49
354568,26.23,79,40.49
584359,26.23,79.01,40.49
149329,26.23,79.01,40.49
206728,26.23,79.01,40.49
34361,26.23,79.01,40.49
45,26.24,79.01,40.49
8337,26.24,79.01,40.49
53687,26.24,79.01,40.49
888359,26.23,79.01,40.49
616032,26.23,79.01,40.49
280049,26.24,79.01,40.49
51984,26.24,79.01,40.49
764623,26.24,79.01,40.49
221881,26.24,79.01,40.49
989106,26.23,79.01,40.5
988355,26.23,79.01,40.5
987153,26.23,79.01,40.5
985169,26.23,79.01,40.49
983947,26.23,79.01,40.5
980570,26.23,79.01,40.49
989749,26.23,79.01,40.5
984654,26.23,79.01,40.5
955985,26.23,79.01,40.49
987132,26.23,79.01,40.49
880835,26.23,79.01,40.49
978320,26.23,79.01,40.49
971802,26.24,79.01,40.5
884429,26.24,79.01,40.5
937324,26.24,79.01,40.49
614368,26.24,79.01,40.49
987125,26.23,79.01,40.5
985905,26.23,79.01,40.5
991177,26.23,79.01,40.5
987648,26.23,79.01,40.5
992043,26.23,79.01,40.5
989338,26.23,79.01,40.5
984358,26.24,79.01,40.5
971099,26.24,79.01,40.5
980433,26.24,79.01,40.5
954317,26.24,79.01,40.5
989937,26.24,79.01,40.51
989952,26.24,79.01,40.51
989882,26.24,79.01,40.51
989731,26.24,79.01,40.5
994608,26.24,79.01,40.51
994603,26.24,79.01,40.51
998015,26.24,79.01,40.51
996787,26.24,79.01,40.51
991090,26.24,79.01,40.51
998001,26.24,79.01,40.51
996728,26.24,79.01,40.51
990527,26.24,79.01,40.51
994548,26.24,79.01,40.51
985375,26.24,79.01,40.5
994456,26.24,79.01,40.5
991197,26.24,79.01,40.5
997913,26.24,79.01,40.5
980749,26.24,79.01,40.5
996296,26.24,79.01,40.5
985928,26.24,79.01,40.5
997962,26.24,79.01,40.51
996573,26.24,79.01,40.51
989104,26.24,79.01,40.51
971761,26.24,79.01,40.5
946591,26.24,79.01,40.5
964268,26.24,79.01,40.5
778105,26.24,79.01,40.51
746161,26.24,79.01,40.51
1294,26.24,79.01,40.51
681247,26.24,79.01,40.51
533143,26.24,79.01,40.5
875209,26.24,79.01,40.5
557994,26.24,79.01,40.5
799926,26.24,79.01,40.5
615037,26.24,79.01,40.5
767724,26.24,79.01,40.5
200551,26.24,79.01,40.5
355828,26.24,79.01,40.5
804,26.24,79.01,40.5
96995,26.24,79.01,40.5
1420,26.24,79.01,40.5
348037,26.24,79.01,40.5
15548,26.24,79.01,40.5
26520,26.24,79.01,40.5
516,26.24,79.01,40.5
122551,26.24,79.01,40.49
375909,26.24,79.01,40.5
711173,26.24,79.01,40.5
886760,26.24,79.01,40.5
8,26.24,79.01,40.49
12,26.24,79.01,40.49
1038,26.24,79.01,40.49
8341,26.24,79.01,40.49
2181,26.24,79.01,40.49
21,26.24,79.01,40.49
5865,26.24,79.01,40.49
30088,26.24,79.01,40.49
15,26.24,79.01,40.49
7396,26.24,79.01,40.49
55,26.24,79.01,40.49
70,26.24,79.01,40.49
153,26.24,79.01,40.49
24669,26.24,79.01,40.49
88162,26.24,79.01,40.5
152569,26.24,79.01,40.5
351914,26.24,79.01,40.5
23532,26.24,79.01,40.5
68795,26.24,79.01,40.5
746,26.24,79.01,40.5
314,26.24,79.01,40.5
129,26.24,79.01,40.5
240,26.24,79.01,40.5
57,26.24,79.01,40.5
159,26.24,79.01,40.5
291,26.24,79.01,40.52
170,26.24,79.01,40.52
117,26.24,79.01,40.52
87,26.24,79.01,40.52
192,26.24,79.01,40.52
52,26.24,79.01,40.51
1194,26.24,79.01,40.51
1236,26.24,79.01,40.51
1306,26.24,79.01,40.51
1346,26.24,79.01,40.51
1145,26.24,79.01,40.5
9,26.23,79,40.48
12,26.23,79,40.48
63,26.23,79,40.48
30,26.23,79,40.48
547,26.23,79,40.48
10212,26.23,79,40.49
4323,26.23,79,40.49
478013,26.23,79,40.49
333233,26.23,79,40.49
115140,26.23,79,40.49
57840,26.23,79,40.49
22,26.23,79,40.48
2,26.23,79.01,40.48
31,26.23,79,40.48
232,26.23,79,40.48
2,26.23,79.01,40.48
2,26.23,79.01,40.48
59,26.23,79,40.48
29,26.23,79,40.48
2,26.23,79.01,40.48
187684,26.23,79,40.49
25227,26.23,79,40.49
1640,26.23,79,40.49
76327,26.23,79,40.49
18887,26.23,79,40.49
18,26.23,79,40.48
2,26.23,79.01,40.48
8050,26.23,79,40.49
293,26.23,79,40.49
3,26.23,79.01,40.49
97,26.23,79,40.49
1361,26.23,79,40.49
3687,26.24,79,40.49
487,26.24,79,40.49
93,26.24,79,40.49
3,26.24,79.01,40.49
45,26.23,79,40.49
311,26.24,79,40.49
4,26.24,79.01,40.49
3,26.24,79.01,40.49
4,26.24,79.01,40.49
219,26.24,79.01,40.49
5,26.24,79.01,40.49
2,26.24,79.01,40.48
1208,26.21,79,40.53
1019,26.21,79.01,40.53
745,26.2,79,40.53
745,26.2,79.01,40.53
711,26.21,79,40.53
636,26.21,79,40.53
696,26.21,79,40.53
1444,26.21,79,40.54
1222,26.21,79.01,40.53
1506,26.21,79,40.54
1048,26.21,79,40.53
1274,26.21,79.01,40.53
1598,26.22,79.01,40.54
1205,26.22,79,40.53
1313,26.22,79.01,40.53
1270,26.21,79.01,40.53
1397,26.22,79.01,40.53
1451,26.22,79.01,40.53
1349,26.22,79,40.53
1555,26.22,79.01,40.54
1220,26.22,79,40.53
1313,26.22,79,40.53
874,26.21,79,40.53
1028,26.21,79.01,40.53
705,26.21,79,40.53
834,26.21,79,40.53
925,26.21,79,40.53
937,26.21,79,40.53
853,26.21,79,40.53
863,26.21,79,40.53
959,26.21,79,40.53
1083,26.21,79,40.53
962,26.21,79,40.53
994,26.21,79,40.53
1057,26.22,79,40.53
1051,26.21,79,40.53
1060,26.21,79,40.53
2337,26.22,79,40.53
1386,26.22,79,40.53
2182,26.22,79,40.53
7141,26.22,79,40.53
16031,26.22,79,40.53
5717,26.21,79,40.53
65410,26.21,79,40.53
6210,26.21,79,40.53
29757,26.22,79,40.53
74936,26.21,79,40.53
211666,26.22,79,40.53
71762,26.22,79,40.53
117125,26.22,79,40.53
355301,26.22,79,40.53
460930,26.22,79,40.53
258,26.2,79.01,40.52
267,26.2,79,40.52
247,26.2,79.01,40.52
308,26.2,79,40.52
216,26.2,79,40.52
426,26.2,79,40.52
150,26.2,79.01,40.52
181,26.2,79.01,40.52
161,26.2,79,40.52
586,26.2,79,40.52
152,26.2,79,40.52
1381,26.2,79,40.52
1211,26.2,79,40.52
13420,26.2,79,40.52
3496,26.2,79,40.52
51331,26.2,79,40.52
350,26.2,79,40.52
330,26.2,79,40.52
362,26.2,79.01,40.52
329,26.2,79.01,40.52
400,26.2,79.01,40.52
502,26.2,79.01,40.53
500,26.21,79,40.53
526,26.2,79.01,40.53
500,26.2,79,40.53
497,26.21,79,40.53
441,26.2,79,40.53
403,26.2,79,40.52
806,26.2,79,40.52
554,26.2,79,40.52
2871,26.2,79,40.52
278060,26.21,79,40.52
122634,26.21,79,40.52
692932,26.21,79,40.52
929458,26.21,79,40.52
961274,26.21,79,40.52
869993,26.21,79,40.52
947044,26.21,79,40.52
964596,26.21,79,40.52
970975,26.21,79,40.52
970552,26.21,79,40.52
974421,26.21,79,40.52
448939,26.21,79,40.52
676825,26.21,79,40.52
909142,26.21,79,40.52
213164,26.21,79,40.52
368696,26.21,79,40.52
794786,26.21,79,40.52
924700,26.21,79,40.52
953585,26.21,79,40.52
953134,26.21,79,40.52
965213,26.21,79,40.52
976118,26.21,79,40.52
973817,26.21,79,40.52
976767,26.22,79,40.52
975046,26.22,79,40.52
982341,26.22,79,40.52
982013,26.22,79,40.52
981290,26.22,79,40.52
981080,26.22,79,40.52
963392,26.21,79,40.52
970123,26.21,79,40.52
967680,26.22,79,40.52
972335,26.22,79,40.52
979657,26.22,79,40.52
979716,26.22,79,40.52
976854,26.22,79,40.52
977269,26.22,79,40.52
640,26.21,79,40.53
1101,26.21,79,40.53
5754,26.21,79,40.52
36464,26.21,79,40.52
209418,26.21,79,40.52
66058,26.21,79,40.52
329745,26.21,79,40.52
111853,26.21,79,40.52
694610,26.21,79,40.52
391184,26.21,79,40.52
833821,26.21,79,40.52
924038,26.21,79,40.52
552413,26.21,79,40.52
818060,26.21,79,40.52
1362,26.21,79,40.53
9942,26.21,79,40.53
1506,26.21,79,40.53
16412,26.21,79,40.53
17187,26.21,79,40.53
125009,26.21,79,40.53
814,26.21,79,40.53
1270,26.21,79,40.53
1351,26.21,79,40.53
8646,26.21,79,40.53
374843,26.21,79,40.53
102828,26.21,79,40.53
5179,26.21,79,40.53
53556,26.21,79,40.53
907998,26.21,79,40.52
938362,26.22,79,40.52
949714,26.21,79,40.52
959296,26.22,79,40.52
963430,26.22,79,40.52
950079,26.22,79,40.52
649442,26.21,79,40.53
298195,26.21,79,40.53
757523,26.21,79,40.53
862267,26.22,79,40.53
369398,26.21,79,40.53
617590,26.22,79,40.53
907334,26.22,79,40.53
926823,26.22,79,40.53
748467,26.22,79,40.53
809461,26.22,79,40.53
13,26.2,79.01,40.51
54,26.2,79,40.51
9,26.2,79.01,40.51
41,26.2,79,40.51
19,26.2,79.01,40.51
68,26.2,79,40.51
66,26.2,79,40.51
32,26.2,79.01,40.51
25,26.2,79.01,40.51
39,26.2,79.01,40.51
1923,26.2,79,40.51
1726,26.2,79,40.51
1748,26.2,79,40.51
1289,26.2,79,40.51
6294,26.2,79,40.51
4073,26.2,79,40.51
13207,26.2,79.01,40.51
331978,26.2,79.01,40.51
21201,26.2,79.01,40.51
439272,26.2,79.01,40.51
885732,26.2,79.01,40.51
961746,26.21,79.01,40.51
909722,26.2,79.01,40.51
964933,26.21,79.01,40.51
8142,26.2,79,40.51
7787,26.2,79,40.51
30608,26.2,79.01,40.51
516911,26.2,79.01,40.51
32586,26.2,79.01,40.51
552820,26.2,79.01,40.51
927526,26.2,79.01,40.51
967927,26.21,79.01,40.51
922016,26.2,79.01,40.51
966892,26.21,79.01,40.51
61,26.2,79.01,40.52
71,26.2,79,40.52
48,26.2,79.01,40.51
69,26.2,79,40.51
110,26.2,79.01,40.52
96,26.2,79,40.52
86,26.2,79.01,40.52
85,26.2,79,40.52
747,26.2,79,40.51
399,26.2,79,40.52
164,26.2,79,40.52
240,26.2,79,40.52
32502,26.2,79,40.51
16833,26.2,79,40.52
47586,26.2,79,40.52
84098,26.2,79,40.51
431793,26.2,79,40.52
553823,26.2,79,40.51
732309,26.2,79.01,40.52
945493,26.21,79.01,40.52
836588,26.2,79.01,40.51
956226,26.21,79.01,40.51
8127,26.2,79,40.52
3410,26.2,79,40.52
25043,26.2,79,40.52
10573,26.2,79,40.52
12189,26.2,79,40.52
128328,26.2,79,40.52
35196,26.2,79,40.52
296706,26.2,79,40.52
251100,26.2,79,40.52
170093,26.2,79,40.52
558374,26.2,79.01,40.52
922244,26.21,79.01,40.52
437128,26.21,79,40.52
344198,26.2,79.01,40.52
838959,26.21,79,40.52
856012,26.21,79.01,40.52
478804,26.21,79,40.52
975247,26.21,79,40.51
978594,26.21,79,40.51
975765,26.21,79,40.51
978911,26.21,79,40.51
980119,26.21,79,40.51
980386,26.21,79,40.51
979893,26.21,79,40.51
980203,26.21,79,40.51
973106,26.21,79,40.51
977370,26.21,79,40.51
974350,26.21,79,40.51
978094,26.21,79,40.51
979580,26.21,79,40.51
979989,26.21,79,40.51
979134,26.21,79,40.51
979704,26.21,79,40.51
979581,26.21,79,40.51
979757,26.21,79,40.51
979084,26.22,79,40.51
979179,26.22,79,40.51
983571,26.22,79,40.51
982774,26.22,79,40.51
983633,26.22,79,40.51
982801,26.22,79,40.51
979908,26.21,79,40.51
980068,26.21,79,40.51
979279,26.22,79,40.51
979430,26.22,79,40.51
983709,26.22,79,40.51
982839,26.22,79,40.51
983842,26.22,79,40.51
982971,26.22,79,40.51
968208,26.21,79,40.52
974659,26.21,79,40.52
971340,26.21,79,40.51
976325,26.21,79,40.51
978510,26.21,79,40.51
979321,26.21,79,40.51
977555,26.21,79,40.52
978732,26.21,79,40.52
951726,26.21,79,40.52
968083,26.21,79,40.52
962678,26.21,79,40.52
972138,26.21,79,40.52
973951,26.21,79,40.52
976506,26.21,79,40.52
976145,26.21,79,40.52
977869,26.21,79,40.52
978437,26.21,79,40.52
977523,26.21,79,40.52
978429,26.22,79,40.52
977782,26.22,79,40.52
982918,26.22,79,40.52
982439,26.22,79,40.52
983288,26.22,79,40.52
982738,26.22,79,40.52
978990,26.21,79,40.52
979355,26.21,79,40.51
978771,26.22,79,40.52
978983,26.22,79,40.51
983543,26.22,79,40.51
982826,26.22,79,40.51
983439,26.22,79,40.52
982777,26.22,79,40.52
5,26.2,79.01,40.51
28,26.2,79,40.51
3,26.2,79.01,40.51
17,26.2,79,40.51
8,26.2,79.01,40.51
5,26.2,79,40.5
10,26.2,79,40.51
3,26.2,79.01,40.5
1235,26.2,79,40.51
723,26.2,79,40.51
375,26.2,79,40.51
169,26.2,79,40.5
5858,26.2,79,40.51
3717,26.2,79,40.51
14249,26.2,79.01,40.51
512068,26.2,79.01,40.51
24912,26.2,79.01,40.51
553089,26.2,79.01,40.51
927923,26.2,79.01,40.51
968040,26.21,79.01,40.51
923310,26.2,79.01,40.51
967237,26.21,79.01,40.51
2176,26.2,79,40.51
1133,26.2,79,40.5
5098,26.2,79.01,40.5
350575,26.2,79.01,40.5
7829,26.2,79.01,40.51
438236,26.2,79.01,40.51
913643,26.2,79.01,40.51
965541,26.21,79.01,40.51
894770,26.2,79.01,40.5
962801,26.21,79.01,40.5
2,26.2,79,40.5
3,26.2,79,40.5
2,26.2,79,40.5
2,26.2,79,40.5
45,26.2,79,40.5
86,26.2,79,40.5
31,26.2,79,40.5
17540,26.2,79,40.5
7639,26.2,79,40.5
86815,26.2,79,40.5
40787,26.2,79,40.5
591022,26.2,79,40.5
472148,26.2,79,40.5
851257,26.2,79.01,40.5
958085,26.21,79.01,40.5
767436,26.2,79.01,40.5
948892,26.21,79.01,40.5
2725,26.2,79,40.5
14685,26.2,79,40.5
3555,26.2,79,40.5
328903,26.2,79,40.5
192168,26.2,79,40.5
613543,26.2,79.01,40.5
931104,26.21,79.01,40.5
495349,26.21,79,40.5
401139,26.2,79.01,40.5
883220,26.21,79.01,40.5
975895,26.21,79,40.51
979046,26.21,79,40.51
975620,26.21,79,40.51
978986,26.21,79,40.51
980306,26.21,79,40.51
980654,26.21,79,40.51
980261,26.21,79,40.51
980539,26.21,79,40.51
974966,26.21,79,40.51
978733,26.21,79,40.51
973936,26.21,79,40.5
978223,26.21,79,40.5
980021,26.21,79,40.5
980670,26.21,79,40.5
980248,26.21,79,40.51
980717,26.21,79,40.51
980244,26.21,79,40.51
980419,26.21,79,40.51
979638,26.22,79,40.51
979869,26.22,79,40.51
984257,26.22,79,40.51
983448,26.22,79,40.51
984037,26.22,79,40.51
983195,26.22,79,40.51
980674,26.21,79,40.5
980581,26.21,79,40.51
980334,26.22,79,40.5
980130,26.22,79,40.51
984526,26.22,79,40.51
983791,26.22,79,40.51
984751,26.22,79,40.5
984069,26.22,79,40.5
965029,26.21,79,40.5
973704,26.21,79,40.5
956223,26.21,79,40.5
970124,26.21,79,40.5
977573,26.21,79,40.5
979378,26.21,79,40.5
975622,26.21,79,40.5
978209,26.21,79,40.5
972427,26.21,79,40.5
977385,26.21,79,40.5
969731,26.21,79,40.5
975949,26.21,79,40.5
979588,26.21,79,40.5
980488,26.21,79,40.5
978805,26.21,79,40.5
980074,26.21,79,40.5
980503,26.21,79,40.5
980675,26.21,79,40.5
980488,26.22,79,40.5
980489,26.22,79,40.5
984977,26.22,79,40.5
984396,26.22,79,40.5
985080,26.22,79,40.5
984568,26.22,79,40.5
980123,26.21,79,40.5
979391,26.21,79,40.5
980331,26.22,79,40.5
979866,26.22,79,40.5
985108,26.22,79,40.5
984722,26.22,79,40.5
984909,26.22,79,40.5
984611,26.22,79,40.5
26,26.2,79,40.5
18,26.2,79,40.5
814,26.2,79,40.5
901,26.2,79,40.5
8,26.2,79,40.5
104,26.2,79,40.5
2,26.2,79,40.49
5,26.2,79,40.49
3,26.2,79,40.5
18,26.2,79,40.5
283662,26.2,79,40.5
24495,26.2,79,40.5
4775,26.2,79,40.5
144988,26.2,79,40.5
768,26.2,79,40.5
50969,26.2,79,40.5
125,26.2,79,40.49
9481,26.2,79,40.49
2,26.2,79,40.49
3,26.2,79,40.49
35,26.2,79,40.49
1092,26.2,79,40.49
5,26.21,79,40.49
18,26.2,79,40.49
95,26.2,79,40.49
22,26.21,79,40.49
531478,26.21,79,40.5
322893,26.21,79,40.5
148632,26.21,79,40.49
747373,26.21,79,40.5
864771,26.21,79,40.5
938595,26.21,79,40.5
964466,26.21,79,40.5
898817,26.21,79,40.5
954087,26.21,79,40.5
972655,26.21,79,40.5
976409,26.21,79,40.5
967804,26.21,79,40.5
973495,26.21,79,40.5
521452,26.21,79,40.5
268093,26.21,79,40.49
754527,26.21,79,40.5
930247,26.21,79,40.5
468020,26.21,79,40.49
859275,26.21,79,40.49
940301,26.21,79,40.49
960174,26.21,79,40.49
959378,26.21,79,40.5
968840,26.21,79,40.5
978211,26.21,79,40.5
976258,26.21,79,40.5
979064,26.22,79,40.5
977634,26.22,79,40.5
984515,26.22,79,40.5
984387,26.22,79,40.5
983693,26.22,79,40.5
983711,26.22,79,40.5
973155,26.21,79,40.5
967775,26.21,79,40.49
975366,26.22,79,40.5
971462,26.22,79,40.49
982387,26.22,79,40.5
982725,26.22,79,40.5
980061,26.22,79,40.49
980799,26.22,79,40.49
43495,26.21,79,40.49
6217,26.21,79,40.49
597,26.21,79,40.49
74,26.21,79,40.49
260034,26.21,79,40.49
86546,26.21,79,40.49
416959,26.21,79,40.49
148603,26.21,79,40.49
770029,26.21,79,40.49
489563,26.21,79,40.49
878318,26.21,79,40.49
940633,26.21,79,40.49
669442,26.21,79,40.49
871733,26.21,79,40.49
15861,26.21,79,40.49
1648,26.21,79,40.49
29447,26.21,79,40.49
171578,26.21,79,40.49
3510,26.21,79,40.49
34807,26.21,79,40.49
480024,26.21,79,40.49
155882,26.21,79,40.49
931666,26.21,79,40.49
957909,26.21,79,40.49
950896,26.22,79,40.49
964883,26.22,79,40.49
968469,26.22,79,40.49
972056,26.22,79,40.49
976166,26.22,79,40.49
977826,26.22,79,40.49
738141,26.21,79,40.49
394972,26.21,79,40.49
829901,26.21,79,40.49
904162,26.22,79,40.49
502944,26.21,79,40.49
725487,26.22,79,40.49
933048,26.22,79,40.49
945372,26.22,79,40.49
825707,26.22,79,40.49
872586,26.22,79,40.49
2,26.21,79,40.49
3,26.21,79,40.49
21,26.21,79,40.49
16,26.21,79,40.49
7,26.21,79,40.49
107,26.21,79,40.49
261,26.21,79,40.49
4274,26.21,79,40.49
14,26.21,79,40.49
350,26.21,79,40.49
29210,26.21,79,40.49
3357,26.21,79,40.49
3,26.21,79,40.49
26,26.21,79,40.49
110399,26.21,79,40.49
16649,26.21,79,40.49
129465,26.21,79,40.49
287896,26.22,79,40.49
16877,26.21,79,40.49
50745,26.22,79,40.49
478094,26.22,79,40.49
617784,26.22,79,40.49
117896,26.22,79,40.49
209613,26.22,79,40.49
1885,26.21,79,40.49
1539,26.21,79,40.49
5461,26.22,79,40.49
1270,26.22,79,40.48
2816,26.22,79,40.48
15965,26.22,79,40.49
33923,26.22,79,40.49
302,26.21,79,40.49
14,26.21,79,40.48
10,26.21,79,40.48
40,26.21,79,40.48
24,26.22,79,40.48
34,26.22,79,40.48
273,26.21,79,40.48
422,26.22,79,40.48
164,26.21,79,40.48
5,26.22,79,40.48
13,26.22,79,40.48
106,26.22,79,40.48
186,26.22,79,40.48
18,26.22,79,40.48
12,26.22,79,40.48
11,26.22,79,40.48
22,26.22,79,40.48
25,26.22,79,40.48
312,26.22,79,40.48
258,26.22,79,40.48
26,26.23,79,40.48
278,26.23,79,40.48
668510,26.22,79,40.49
679038,26.22,79,40.49
277080,26.22,79,40.49
319128,26.22,79,40.49
656213,26.23,79,40.49
577890,26.23,79,40.49
306348,26.23,79,40.49
221900,26.23,79,40.49
54088,26.22,79,40.49
65078,26.22,79,40.49
4716,26.22,79,40.48
5016,26.22,79,40.48
55330,26.23,79,40.49
31542,26.23,79,40.49
3802,26.23,79,40.48
1978,26.23,79,40.48
1443,26.22,79,40.53
1858,26.22,79.01,40.54
1572,26.22,79,40.53
1466,26.22,79,40.53
1723,26.22,79,40.53
3307,26.22,79,40.53
4439,26.22,79,40.53
26033,26.22,79,40.53
33689,26.22,79,40.53
541569,26.22,79,40.53
562598,26.22,79,40.53
166225,26.22,79,40.53
191391,26.22,79,40.53
2293,26.22,79,40.54
1717,26.22,79,40.53
1865,26.22,79,40.53
2166,26.22,79.01,40.54
1888,26.23,79,40.53
1905,26.23,79,40.53
2187,26.23,79.01,40.54
2037,26.23,79,40.53
2165,26.23,79.01,40.53
2137,26.23,79.01,40.54
2004,26.23,79,40.53
1854,26.23,79,40.53
2113,26.23,79.01,40.53
1911,26.23,79,40.53
4735,26.23,79,40.53
32890,26.23,79,40.53
177317,26.23,79,40.53
528414,26.23,79,40.53
4231,26.23,79,40.53
25222,26.23,79,40.53
2545,26.23,79,40.53
10751,26.23,79,40.53
135499,26.23,79,40.53
446358,26.23,79,40.53
73379,26.23,79,40.53
333941,26.23,79,40.53
2231,26.23,79.01,40.54
2179,26.23,79.01,40.53
1973,26.23,79,40.53
2205,26.23,79.01,40.53
2182,26.23,79.01,40.53
2317,26.23,79,40.53
2157,26.23,79,40.53
6570,26.23,79,40.53
3199,26.23,79,40.53
44442,26.23,79,40.53
224339,26.23,79,40.53
15777,26.23,79,40.53
109562,26.23,79,40.53
42063,26.23,79,40.53
2151,26.23,79,40.53
2162,26.23,79.01,40.53
2120,26.23,79.01,40.53
2908,26.23,79.01,40.53
2155,26.23,79.01,40.53
2485,26.23,79.01,40.53
6763,26.23,79,40.53
11757,26.23,79,40.53
2053,26.23,79,40.53
1499,26.24,79.01,40.53
1625,26.24,79.01,40.53
1898,26.23,79.01,40.53
1330,26.24,79.01,40.53
3471,26.24,79,40.53
1706,26.24,79,40.53
1174,26.24,79.01,40.53
963,26.24,79,40.53
1148,26.24,79.01,40.53
1213,26.24,79,40.53
718,26.24,79.01,40.53
982152,26.22,79,40.51
981605,26.22,79,40.51
982135,26.22,79,40.52
981584,26.22,79,40.52
982142,26.22,79,40.52
981581,26.22,79,40.52
981878,26.22,79,40.52
981310,26.22,79,40.52
982070,26.22,79,40.51
981506,26.22,79,40.51
982198,26.22,79,40.51
981629,26.22,79,40.51
982057,26.22,79,40.51
981505,26.22,79,40.51
982059,26.22,79,40.51
981501,26.22,79,40.51
965062,26.22,79,40.52
954938,26.22,79,40.52
973527,26.22,79,40.52
972989,26.22,79,40.52
967101,26.22,79,40.52
966667,26.22,79,40.52
933406,26.22,79,40.53
932214,26.22,79,40.53
837675,26.22,79,40.53
840151,26.22,79,40.53
980630,26.22,79,40.52
980035,26.22,79,40.52
981509,26.22,79,40.52
980921,26.22,79,40.52
977081,26.22,79,40.52
976475,26.22,79,40.52
979378,26.22,79,40.52
978774,26.22,79,40.52
983099,26.22,79,40.51
982537,26.22,79,40.51
983411,26.22,79,40.5
982853,26.22,79,40.5
982712,26.22,79,40.51
982143,26.22,79,40.51
982438,26.22,79,40.51
981868,26.22,79,40.51
984218,26.22,79,40.5
983667,26.22,79,40.5
984161,26.22,79,40.5
983614,26.22,79,40.5
983789,26.22,79,40.5
983233,26.22,79,40.5
984004,26.22,79,40.5
983454,26.22,79,40.5
984013,26.22,79,40.5
983461,26.22,79,40.5
983426,26.22,79,40.5
982882,26.22,79,40.5
980895,26.22,79,40.49
980371,26.22,79,40.49
982588,26.22,79,40.5
982040,26.22,79,40.5
978391,26.22,79,40.49
977869,26.22,79,40.49
973757,26.22,79,40.49
973184,26.22,79,40.49
948820,26.22,79,40.49
945156,26.22,79,40.49
888336,26.22,79,40.49
883050,26.22,79,40.49
981057,26.22,79,40.52
980715,26.22,79,40.52
981183,26.22,79,40.51
981118,26.22,79,40.52
980798,26.23,79,40.51
980651,26.23,79,40.52
985303,26.23,79,40.51
984570,26.23,79,40.51
985155,26.23,79,40.52
984323,26.23,79,40.52
980479,26.23,79,40.52
980013,26.23,79,40.52
984929,26.23,79,40.52
983964,26.23,79,40.52
984546,26.23,79,40.52
983406,26.23,79,40.52
981122,26.22,79,40.51
981143,26.22,79,40.51
981165,26.22,79,40.51
981288,26.22,79,40.51
980879,26.23,79,40.51
980813,26.23,79,40.51
985391,26.23,79,40.51
984734,26.23,79,40.51
985475,26.23,79,40.51
984868,26.23,79,40.51
980934,26.23,79,40.51
981062,26.23,79,40.51
985563,26.23,79,40.51
984990,26.23,79,40.51
985680,26.23,79,40.51
985119,26.23,79,40.51
984375,26.23,79,40.51
984221,26.23,79,40.51
983838,26.23,79,40.51
984052,26.23,79,40.51
982483,26.23,79,40.51
982817,26.23,79,40.51
986664,26.23,79.01,40.51
984247,26.23,79.01,40.51
986959,26.23,79.01,40.51
984735,26.23,79.01,40.51
983260,26.23,79,40.51
983065,26.23,79,40.51
987187,26.23,79.01,40.51
985101,26.23,79.01,40.51
987359,26.23,79.01,40.51
985352,26.23,79.01,40.51
983170,26.23,79,40.52
983564,26.23,79,40.51
981790,26.23,79,40.52
982617,26.23,79,40.52
979299,26.23,79,40.52
980559,26.23,79,40.52
983884,26.23,79.01,40.52
979552,26.23,79.01,40.52
984977,26.23,79.01,40.52
981425,26.23,79.01,40.52
974867,26.24,79,40.52
959757,26.24,79,40.52
971133,26.24,79,40.52
948406,26.24,79,40.52
981421,26.23,79,40.52
982043,26.23,79,40.51
985737,26.23,79.01,40.52
982703,26.23,79.01,40.52
986270,26.23,79.01,40.51
983596,26.23,79.01,40.51
978912,26.24,79,40.51
977265,26.24,79,40.52
965812,26.24,79,40.52
964346,26.22,79,40.52
971485,26.22,79,40.52
923698,26.23,79,40.53
820439,26.23,79,40.53
774023,26.23,79,40.53
747736,26.23,79,40.53
968864,26.23,79,40.52
959715,26.23,79,40.52
905156,26.23,79,40.53
975514,26.23,79,40.52
970887,26.23,79,40.52
908995,26.23,79,40.53
968298,26.23,79,40.52
958885,26.23,79,40.52
979251,26.22,79,40.52
980248,26.22,79,40.52
975332,26.22,79,40.52
977859,26.22,79,40.52
979382,26.23,79,40.52
978182,26.23,79,40.52
983956,26.23,79,40.52
982583,26.23,79,40.52
983016,26.23,79,40.52
981310,26.23,79,40.52
973514,26.23,79,40.52
976495,26.23,79,40.52
979303,26.23,79,40.52
976262,26.23,79,40.52
981593,26.23,79,40.52
979388,26.23,79,40.52
962713,26.23,79,40.52
944972,26.23,79,40.52
937239,26.23,79,40.52
877549,26.23,79,40.52
856095,26.23,79,40.53
612282,26.23,79,40.53
459142,26.23,79,40.53
217357,26.23,79,40.53
824490,26.23,79,40.53
633245,26.23,79,40.53
72108,26.23,79,40.53
16787,26.24,79,40.53
309703,26.23,79,40.53
96313,26.24,79,40.53
2724,26.24,79,40.53
15337,26.24,79,40.53
703690,26.23,79,40.52
343102,26.24,79,40.52
84510,26.24,79,40.52
978770,26.23,79,40.52
980599,26.23,79,40.52
971313,26.23,79,40.52
975990,26.23,79,40.52
970392,26.23,79,40.52
962627,26.23,79,40.52
975740,26.23,79.01,40.52
963227,26.23,79.01,40.52
917772,26.24,79,40.52
622539,26.24,79,40.52
890402,26.23,79,40.52
968068,26.23,79.01,40.52
688619,26.24,79,40.52
938473,26.23,79.01,40.52
281636,26.24,79,40.52
779440,26.24,79,40.52
306833,26.24,79,40.52
974695,26.23,79,40.52
977480,26.23,79,40.52
979764,26.23,79.01,40.52
972037,26.23,79.01,40.52
982250,26.23,79.01,40.52
976688,26.23,79.01,40.52
964785,26.24,79,40.52
922314,26.24,79,40.52
952262,26.24,79,40.52
839656,26.24,79,40.52
34033,26.24,79,40.52
162686,26.24,79,40.52
386086,26.24,79,40.52
640410,26.24,79,40.52
1669,26.24,79,40.53
764,26.24,79,40.53
8730,26.24,79,40.52
991,26.24,79,40.52
51861,26.24,79,40.52
4383,26.24,79,40.52
569,26.24,79,40.53
375,26.24,79.01,40.53
247,26.24,79.01,40.52
343,26.24,79.01,40.52
560,26.24,79.01,40.52
340,26.24,79.01,40.52
643,26.24,79.01,40.52
247,26.24,79.01,40.52
584,26.24,79.01,40.52
218,26.24,79.01,40.52
2368,26.24,79.01,40.52
1368,26.24,79.01,40.52
13438,26.24,79.01,40.52
41552,26.24,79,40.52
154053,26.24,79,40.52
1913,26.24,79.01,40.52
7142,26.24,79.01,40.52
284,26.24,79.01,40.52
435,26.24,79.01,40.52
980109,26.24,79,40.51
981013,26.24,79,40.51
981671,26.24,79,40.51
982077,26.24,79,40.51
986221,26.24,79.01,40.51
986582,26.24,79.01,40.51
991931,26.24,79.01,40.51
986241,26.24,79.01,40.51
931718,26.24,79.01,40.51
992175,26.24,79.01,40.51
986826,26.24,79.01,40.51
939283,26.24,79.01,40.51
969535,26.24,79,40.51
984756,26.24,79.01,40.51
985607,26.24,79.01,40.51
972815,26.24,79.01,40.51
990774,26.24,79.01,40.51
915908,26.24,79.01,40.51
982065,26.24,79.01,40.51
857686,26.24,79.01,40.51
991468,26.24,79.01,40.51
984798,26.24,79.01,40.51
910670,26.24,79.01,40.51
927310,26.24,79,40.52
808637,26.24,79,40.52
891084,26.24,79,40.52
664513,26.24,79,40.52
300325,26.24,79.01,40.52
424787,26.24,79.01,40.51
14072,26.24,79.01,40.52
1070,26.24,79.01,40.51
20859,26.24,79.01,40.51
315072,26.24,79,40.52
503726,26.24,79,40.52
31937,26.24,79.01,40.52
157488,26.24,79.01,40.52
31,26.24,79.01,40.52
1985,26.24,79.01,40.52
14,26.25,79.01,40.52
10387,26.24,79.01,40.52
35533,26.24,79.01,40.51
357188,26.24,79.01,40.51
33645,26.24,79.01,40.51
398201,26.24,79.01,40.51
19358,26.24,79.01,40.51
27,26.25,79.01,40.51
124349,26.24,79.01,40.51
35395,26.24,79.01,40.51
93,26.25,79.01,40.51
267221,26.24,79.01,40.51
982399,26.22,79,40.5
982115,26.22,79,40.51
981760,26.22,79,40.51
981507,26.22,79,40.51
981255,26.23,79,40.51
981471,26.23,79,40.51
985825,26.23,79,40.51
985256,26.23,79,40.51
985989,26.23,79,40.51
985396,26.23,79,40.51
981758,26.23,79,40.51
981983,26.23,79,40.5
986334,26.23,79,40.5
985639,26.23,79,40.5
986166,26.23,79,40.51
985531,26.23,79,40.51
983076,26.22,79,40.5
982961,26.22,79,40.5
982737,26.22,79,40.5
982914,26.22,79,40.5
982237,26.23,79,40.5
982333,26.23,79,40.5
986548,26.23,79,40.5
985668,26.23,79,40.5
986473,26.23,79,40.5
985697,26.23,79,40.5
982386,26.23,79,40.5
982157,26.23,79,40.5
986530,26.23,79,40.5
985518,26.23,79,40.5
986360,26.23,79,40.5
985180,26.23,79,40.5
984684,26.23,79,40.5
984504,26.23,79,40.5
984163,26.23,79,40.5
983565,26.23,79,40.5
982174,26.23,79,40.5
981158,26.23,79,40.5
985475,26.23,79.01,40.5
981470,26.23,79.01,40.5
986365,26.23,79.01,40.5
983133,26.23,79.01,40.5
977259,26.24,79,40.5
964223,26.24,79,40.5
973748,26.24,79,40.5
954277,26.24,79,40.5
983210,26.23,79,40.5
982814,26.23,79,40.5
987285,26.23,79.01,40.5
984857,26.23,79.01,40.5
986940,26.23,79.01,40.5
984204,26.23,79.01,40.5
980681,26.24,79,40.5
979409,26.24,79,40.5
969473,26.24,79,40.5
984733,26.23,79,40.5
984706,26.23,79,40.51
984623,26.23,79,40.51
984508,26.23,79,40.51
983480,26.23,79,40.51
983397,26.23,79,40.51
987478,26.23,79.01,40.51
985491,26.23,79.01,40.51
987545,26.23,79.01,40.51
985523,26.23,79.01,40.51
983414,26.23,79,40.5
983495,26.23,79,40.51
987548,26.23,79.01,40.51
985444,26.23,79.01,40.51
987473,26.23,79.01,40.5
985241,26.23,79.01,40.5
982738,26.22,79,40.5
982054,26.22,79,40.5
981074,26.22,79,40.5
979151,26.22,79,40.49
981780,26.23,79,40.5
980899,26.23,79,40.5
986003,26.23,79,40.5
984603,26.23,79,40.5
985342,26.23,79,40.5
983630,26.23,79,40.5
979615,26.23,79,40.5
977214,26.23,79,40.49
984277,26.23,79,40.5
982098,26.23,79,40.5
982473,26.23,79,40.49
979523,26.23,79,40.49
976204,26.22,79,40.49
970419,26.22,79,40.49
936865,26.23,79,40.49
864734,26.23,79,40.49
973423,26.23,79,40.49
965937,26.23,79,40.49
979422,26.23,79,40.49
975036,26.23,79,40.49
973642,26.23,79,40.49
965883,26.23,79,40.49
923476,26.23,79,40.49
830475,26.23,79,40.49
930691,26.23,79,40.49
895394,26.23,79,40.49
820198,26.23,79,40.49
725226,26.23,79,40.49
967718,26.23,79,40.49
953058,26.23,79,40.49
950566,26.23,79,40.49
910485,26.23,79,40.49
816618,26.23,79,40.49
542420,26.23,79,40.49
642299,26.23,79,40.49
302671,26.23,79,40.49
451352,26.23,79,40.49
136474,26.23,79,40.49
167427,26.24,79,40.49
35789,26.24,79,40.49
5250,26.24,79,40.49
44937,26.24,79,40.49
786594,26.23,79,40.49
458179,26.24,79,40.49
204411,26.24,79,40.49
40722,26.24,79,40.49
550833,26.24,79,40.49
152228,26.24,79,40.49
982638,26.23,79,40.5
981152,26.23,79,40.5
978833,26.23,79,40.5
974885,26.23,79,40.49
973501,26.23,79,40.5
966740,26.23,79,40.49
978472,26.23,79.01,40.5
967211,26.23,79.01,40.5
913154,26.23,79,40.49
971844,26.23,79.01,40.49
763749,26.24,79,40.49
948924,26.23,79.01,40.49
932343,26.24,79,40.5
702331,26.24,79,40.5
834391,26.24,79,40.49
401666,26.24,79,40.49
979639,26.23,79,40.5
977258,26.23,79,40.5
981984,26.23,79.01,40.5
974773,26.23,79.01,40.5
984106,26.23,79.01,40.5
978900,26.23,79.01,40.5
967973,26.24,79,40.5
934149,26.24,79,40.5
957432,26.24,79,40.5
877038,26.24,79,40.5
982235,26.24,79,40.51
982168,26.24,79,40.51
981899,26.24,79,40.51
981437,26.24,79,40.5
986700,26.24,79.01,40.51
986615,26.24,79.01,40.51
992231,26.24,79.01,40.51
986873,26.24,79.01,40.51
940074,26.24,79.01,40.51
992141,26.24,79.01,40.51
986481,26.24,79.01,40.51
934208,26.24,79.01,40.51
986355,26.24,79.01,40.51
972342,26.24,79,40.5
985966,26.24,79.01,40.5
975651,26.24,79.01,40.5
991612,26.24,79.01,40.5
926705,26.24,79.01,40.5
983622,26.24,79.01,40.5
885875,26.24,79.01,40.5
991917,26.24,79.01,40.51
985503,26.24,79.01,40.51
919962,26.24,79.01,40.51
935244,26.24,79,40.5
844034,26.24,79,40.5
905633,26.24,79,40.5
35149,26.24,79.01,40.51
403881,26.24,79.01,40.51
36188,26.24,79.01,40.51
371723,26.24,79.01,40.51
35371,26.24,79.01,40.51
313,26.25,79.01,40.51
31804,26.24,79.01,40.5
309173,26.24,79.01,40.51
212819,26.24,79.01,40.5
682342,26.24,79,40.5
311520,26.24,79.01,40.5
501608,26.24,79.01,40.5
373107,26.24,79,40.5
530364,26.24,79,40.5
88031,26.24,79.01,40.5
175514,26.24,79.01,40.5
143,26.25,79.01,40.5
53670,26.24,79.01,40.5
28820,26.24,79.01,40.5
115590,26.24,79.01,40.5
11683,26.24,79.01,40.5
149,26.24,79.01,40.5
26833,26.24,79.01,40.5
91636,26.24,79,40.49
237785,26.24,79,40.5
472534,26.24,79,40.5
696181,26.24,79,40.5
229,26.24,79.01,40.49
7,26.24,79.01,40.49
821,26.24,79,40.49
6387,26.24,79,40.49
11,26.24,79.01,40.49
837,26.24,79.01,40.49
4715,26.24,79,40.49
24332,26.24,79,40.49
7,26.24,79.01,40.49
6,26.24,79.01,40.49
8,26.24,79.01,40.49
433,26.24,79.01,40.49
2911,26.24,79.01,40.49
12,26.24,79.01,40.49
2340,26.24,79.01,40.49
27,26.24,79.01,40.49
15173,26.24,79.01,40.49
7967,26.24,79.01,40.5
55880,26.24,79.01,40.5
98344,26.24,79,40.5
209561,26.24,79,40.5
13368,26.24,79.01,40.5
37948,26.24,79.01,40.5
1394,26.24,79.01,40.5
4115,26.24,79.01,40.5
21,26.25,79.01,40.52
222,26.25,79.01,40.5
70,26.25,79.01,40.5
96,26.24,79.01,40.5
65,26.24,79.01,40.5
22,26.24,79.01,40.5
48,26.24,79.01,40.5
164,26.24,79.01,40.52
47,26.24,79.01,40.52
28,26.24,79.01,40.52
11,26.25,79.01,40.52
11,26.25,79.01,40.51
161,26.25,79.01,40.51
223,26.25,79.01,40.51
272,26.25,79.01,40.51
302,26.25,79.01,40.51
285,26.25,79.01,40.5
13,26.23,79,40.48
12,26.23,79,40.48
37,26.23,79,40.48
201,26.23,79,40.48
65,26.23,79,40.48
1124,26.23,79,40.48
15499,26.23,79,40.49
7128,26.23,79,40.49
460034,26.23,79,40.49
327387,26.23,79,40.49
133468,26.23,79,40.49
74252,26.23,79,40.49
2,26.23,79.01,40.48
47,26.23,79,40.48
32,26.23,79,40.48
113,26.23,79,40.48
547,26.23,79,40.48
55,26.23,79,40.48
28,26.23,79,40.48
2,26.23,79.01,40.48
182298,26.23,79,40.49
31814,26.23,79,40.49
239,26.23,79,40.48
3013,26.23,79,40.49
77470,26.23,79,40.49
22677,26.23,79,40.49
50,26.23,79,40.48
2,26.23,79.01,40.48
15,26.23,79,40.48
10876,26.23,79,40.49
576,26.23,79,40.49
2269,26.23,79,40.49
97,26.23,79,40.49
12,26.23,79,40.48
5857,26.24,79,40.49
885,26.24,79,40.49
2,26.24,79.01,40.48
115,26.24,79,40.49
44,26.24,79,40.49
706,26.24,79,40.49
52,26.24,79,40.49
3,26.24,79.01,40.49
2,26.24,79.01,40.48
4,26.24,79.01,40.49
4,26.24,79.01,40.49
68,26.24,79,40.49
4,26.24,79.01,40.49
164,26.24,79,40.49
4,26.24,79.01,40.49
2,26.24,79.01,40.48
41,26.24,79,40.48
1794,26.21,79,40.54
1771,26.22,79,40.54
1996,26.22,79,40.54
1492,26.21,79,40.54
1269,26.2,79,40.53
1084,26.21,79,40.53
1256,26.21,79,40.53
1038,26.2,79,40.53
818,26.2,79,40.53
1029,26.2,79,40.53
867,26.21,79,40.53
639,26.2,79,40.53
788,26.2,79.01,40.53
631,26.21,79,40.53
712,26.21,79,40.53
785,26.21,79,40.53
959,26.21,79,40.53
1548,26.21,79,40.53
1288,26.21,79,40.54
1529,26.21,79,40.54
1073,26.21,79,40.53
1275,26.21,79,40.53
1345,26.21,79,40.54
1561,26.21,79,40.54
1109,26.21,79,40.53
1577,26.22,79,40.54
1499,26.22,79,40.54
1774,26.22,79.01,40.54
1382,26.22,79.01,40.53
1232,26.22,79,40.53
1158,26.21,79,40.53
1190,26.22,79,40.53
1287,26.22,79,40.53
1222,26.22,79,40.53
1365,26.22,79,40.53
1455,26.22,79,40.53
1462,26.22,79,40.53
1613,26.22,79,40.53
853,26.21,79,40.53
892,26.21,79,40.53
922,26.21,79,40.53
1012,26.21,79,40.53
1274,26.21,79,40.53
1223,26.21,79,40.53
3519,26.21,79,40.53
1062,26.21,79,40.53
1057,26.22,79,40.53
1558,26.22,79,40.53
2685,26.21,79,40.53
2513,26.22,79,40.53
8601,26.22,79,40.53
3584,26.22,79,40.53
5584,26.22,79,40.53
23487,26.22,79,40.53
38644,26.22,79,40.53
26492,26.21,79,40.53
163241,26.21,79,40.53
28758,26.22,79,40.53
79174,26.22,79,40.53
188089,26.22,79,40.53
344036,26.22,79,40.53
139027,26.22,79,40.53
194659,26.22,79,40.53
454891,26.22,79,40.53
533947,26.22,79,40.53
190,26.19,79,40.52
116,26.19,79,40.51
65,26.19,79,40.51
36,26.19,79,40.51
291,26.19,79,40.52
316,26.2,79,40.52
225,26.2,79,40.52
381,26.2,79,40.52
450,26.2,79,40.52
1340,26.2,79,40.52
2560,26.2,79,40.52
204,26.2,79.01,40.52
141,26.2,79,40.52
176,26.2,79,40.52
177,26.2,79,40.52
464,26.2,79,40.52
6297,26.2,79,40.52
832,26.2,79,40.52
14944,26.2,79,40.52
8613,26.2,79,40.52
69260,26.21,79,40.52
27362,26.2,79,40.52
167665,26.21,79,40.52
645,26.2,79,40.53
548,26.2,79,40.53
476,26.2,79,40.52
311,26.2,79,40.52
390,26.2,79.01,40.52
377,26.2,79,40.52
370,26.2,79,40.52
484,26.2,79,40.52
636,26.2,79,40.52
548,26.2,79,40.53
459,26.2,79,40.53
587,26.2,79,40.53
825,26.21,79,40.53
1324,26.21,79,40.53
1010,26.2,79,40.52
5157,26.21,79,40.52
2838,26.2,79,40.52
20445,26.21,79,40.52
482316,26.21,79,40.52
286163,26.21,79,40.52
810312,26.21,79,40.52
933842,26.21,79,40.52
956197,26.21,79,40.52
900847,26.21,79,40.52
943864,26.21,79,40.52
958517,26.21,79,40.52
965082,26.21,79,40.52
965079,26.21,79,40.52
969143,26.21,79,40.52
655934,26.21,79,40.52
811572,26.21,79,40.52
919317,26.21,79,40.52
428518,26.21,79,40.52
612724,26.21,79,40.52
855803,26.21,79,40.52
924641,26.21,79,40.52
946718,26.21,79,40.52
948080,26.21,79,40.52
958969,26.21,79,40.52
971060,26.22,79,40.52
968191,26.22,79,40.52
971792,26.22,79,40.52
969558,26.22,79,40.52
977032,26.22,79,40.52
976775,26.22,79,40.52
975552,26.22,79,40.52
975434,26.22,79,40.52
956221,26.22,79,40.52
964051,26.22,79,40.52
960718,26.22,79,40.52
966294,26.22,79,40.52
973490,26.22,79,40.52
973606,26.22,79,40.52
969684,26.22,79,40.52
970214,26.22,79,40.52
1731,26.21,79,40.53
7697,26.21,79,40.53
40247,26.21,79,40.52
132038,26.21,79,40.52
393561,26.21,79,40.52
186819,26.21,79,40.52
536133,26.21,79,40.52
273249,26.21,79,40.52
779375,26.21,79,40.52
570217,26.21,79,40.52
866298,26.21,79,40.52
921523,26.21,79,40.52
701788,26.21,79,40.52
848522,26.21,79,40.52
8381,26.21,79,40.53
55279,26.21,79,40.53
10820,26.21,79,40.53
74891,26.21,79,40.53
85580,26.21,79,40.53
281235,26.21,79,40.53
1602,26.21,79,40.53
5428,26.21,79,40.53
7956,26.21,79,40.53
42090,26.21,79,40.53
539775,26.21,79,40.53
237430,26.21,79,40.53
26721,26.21,79,40.53
140290,26.21,79,40.53
905670,26.22,79,40.52
929398,26.22,79,40.52
942398,26.22,79,40.52
951597,26.22,79,40.52
955759,26.22,79,40.52
940068,26.22,79,40.52
721079,26.21,79,40.53
446614,26.21,79,40.53
797126,26.22,79,40.53
866211,26.22,79,40.53
525735,26.22,79,40.53
684173,26.22,79,40.53
899433,26.22,79,40.53
913493,26.22,79,40.53
764485,26.22,79,40.53
805523,26.22,79,40.53
24,26.2,79,40.51
27,26.2,79,40.51
19,26.2,79,40.51
482,26.2,79,40.51
384,26.2,79,40.51
35,26.2,79,40.51
39,26.2,79.01,40.51
55,26.2,79,40.51
44,26.2,79,40.51
408,26.2,79,40.51
463,26.2,79,40.51
37791,26.2,79,40.51
38963,26.2,79,40.51
29983,26.2,79,40.51
19565,26.2,79,40.51
86756,26.2,79,40.51
57311,26.2,79,40.51
143852,26.2,79,40.51
660529,26.2,79,40.51
207007,26.2,79,40.51
731331,26.2,79,40.51
921546,26.21,79,40.51
957822,26.21,79,40.51
931337,26.21,79,40.51
960769,26.21,79,40.51
110648,26.2,79,40.51
121002,26.2,79,40.51
253524,26.2,79,40.51
769855,26.2,79,40.51
275170,26.2,79,40.51
787089,26.2,79,40.51
939237,26.21,79,40.51
963492,26.21,79,40.51
936455,26.21,79,40.51
962500,26.21,79,40.51
72,26.2,79.01,40.51
79,26.2,79,40.52
67,26.2,79,40.51
245,26.2,79,40.52
300,26.2,79,40.51
130,26.2,79.01,40.52
113,26.2,79,40.52
95,26.2,79,40.52
182,26.2,79,40.52
202,26.2,79,40.52
10831,26.2,79,40.51
5469,26.2,79,40.52
1464,26.2,79,40.52
2809,26.2,79,40.52
158795,26.2,79,40.51
104779,26.2,79,40.52
222317,26.2,79,40.52
308982,26.2,79,40.51
684192,26.2,79,40.52
769227,26.2,79,40.51
864508,26.21,79,40.52
945408,26.21,79,40.52
904589,26.21,79,40.51
953541,26.21,79,40.51
62848,26.2,79,40.52
32624,26.2,79,40.52
144477,26.2,79,40.52
78870,26.2,79,40.52
69170,26.2,79,40.52
307606,26.21,79,40.52
140170,26.2,79,40.52
559136,26.2,79,40.52
473830,26.21,79,40.52
406806,26.2,79,40.52
785339,26.21,79,40.52
931709,26.21,79,40.52
667763,26.21,79,40.52
637151,26.21,79,40.52
881491,26.21,79,40.52
902273,26.21,79,40.52
665284,26.21,79,40.52
970649,26.21,79,40.51
974057,26.21,79,40.51
971198,26.21,79,40.51
974403,26.21,79,40.51
975675,26.21,79,40.51
975960,26.21,79,40.51
975427,26.21,79,40.51
975762,26.21,79,40.51
968245,26.21,79,40.51
972678,26.21,79,40.51
969751,26.21,79,40.51
973539,26.21,79,40.51
975110,26.21,79,40.51
975550,26.21,79,40.51
974570,26.21,79,40.51
975205,26.21,79,40.51
975165,26.22,79,40.51
975383,26.22,79,40.51
974804,26.22,79,40.51
974930,26.22,79,40.51
978466,26.22,79,40.51
977771,26.22,79,40.51
978515,26.22,79,40.51
977780,26.22,79,40.51
975525,26.22,79,40.51
975697,26.22,79,40.51
975027,26.22,79,40.51
975185,26.22,79,40.51
978553,26.22,79,40.51
977771,26.22,79,40.51
978696,26.22,79,40.51
977911,26.22,79,40.51
962747,26.21,79,40.52
969627,26.21,79,40.52
966307,26.21,79,40.51
971552,26.21,79,40.51
973914,26.21,79,40.51
974805,26.21,79,40.51
972753,26.21,79,40.52
974072,26.21,79,40.52
948795,26.21,79,40.52
962640,26.21,79,40.52
957899,26.21,79,40.52
967030,26.21,79,40.52
968649,26.21,79,40.52
971455,26.21,79,40.52
971253,26.21,79,40.52
973125,26.21,79,40.52
973843,26.22,79,40.52
972665,26.22,79,40.52
973930,26.22,79,40.52
973044,26.22,79,40.52
977713,26.22,79,40.52
977326,26.22,79,40.52
978243,26.22,79,40.52
977778,26.22,79,40.52
974457,26.22,79,40.52
974939,26.22,79,40.51
974368,26.22,79,40.52
974682,26.22,79,40.51
978507,26.22,79,40.51
977889,26.22,79,40.51
978371,26.22,79,40.52
977811,26.22,79,40.52
17,26.19,79,40.51
8,26.19,79,40.5
3,26.19,79,40.5
13,26.2,79,40.51
12,26.2,79,40.51
8,26.2,79,40.51
287,26.2,79,40.51
178,26.2,79,40.51
6,26.2,79,40.5
3,26.2,79,40.5
5,26.2,79,40.51
70,26.2,79,40.5
109,26.2,79,40.51
32535,26.2,79,40.51
20983,26.2,79,40.51
10748,26.2,79,40.51
5081,26.2,79,40.5
116458,26.2,79,40.51
95393,26.2,79,40.51
246657,26.2,79,40.51
772912,26.2,79,40.51
273090,26.2,79,40.51
788034,26.2,79,40.51
939432,26.21,79,40.51
963620,26.21,79,40.51
937209,26.21,79,40.51
962925,26.21,79,40.51
63110,26.2,79,40.51
33666,26.2,79,40.5
142498,26.2,79,40.5
683841,26.2,79,40.5
200148,26.2,79,40.51
741649,26.2,79,40.51
932980,26.21,79,40.51
961476,26.21,79,40.51
924869,26.21,79,40.5
958962,26.21,79,40.5
2,26.2,79,40.5
3,26.2,79,40.5
31,26.2,79,40.5
47,26.2,79,40.5
19,26.2,79,40.5
22,26.2,79,40.5
1396,26.2,79,40.5
2686,26.2,79,40.5
793,26.2,79,40.5
163150,26.2,79,40.5
109270,26.2,79,40.5
330536,26.2,79,40.5
242483,26.2,79,40.5
787879,26.2,79,40.5
713773,26.2,79,40.5
910502,26.21,79,40.5
955298,26.21,79,40.5
878864,26.21,79,40.5
948451,26.21,79,40.5
58233,26.2,79,40.5
157714,26.2,79,40.5
20354,26.2,79,40.5
78370,26.2,79,40.5
597118,26.2,79,40.5
449422,26.2,79,40.5
813610,26.21,79,40.5
937219,26.21,79,40.5
712097,26.21,79,40.5
691826,26.21,79,40.5
914700,26.21,79,40.5
971335,26.21,79,40.51
974545,26.21,79,40.51
971041,26.21,79,40.51
974457,26.21,79,40.51
975848,26.21,79,40.51
976231,26.21,79,40.51
975825,26.21,79,40.51
976127,26.21,79,40.51
970406,26.21,79,40.51
974196,26.21,79,40.51
969161,26.21,79,40.5
973563,26.21,79,40.5
975485,26.21,79,40.5
976216,26.21,79,40.5
975800,26.21,79,40.51
976315,26.21,79,40.51
975890,26.22,79,40.51
976060,26.22,79,40.51
975411,26.22,79,40.51
975640,26.22,79,40.51
979214,26.22,79,40.51
978493,26.22,79,40.51
978948,26.22,79,40.51
978190,26.22,79,40.51
976310,26.22,79,40.5
976256,26.22,79,40.51
976096,26.22,79,40.5
975922,26.22,79,40.51
979593,26.22,79,40.51
978941,26.22,79,40.51
979859,26.22,79,40.5
979261,26.22,79,40.5
960186,26.21,79,40.5
968699,26.21,79,40.5
952489,26.21,79,40.5
964852,26.21,79,40.5
972765,26.21,79,40.5
974732,26.21,79,40.5
970484,26.21,79,40.5
973303,26.21,79,40.5
967500,26.21,79,40.5
972657,26.21,79,40.5
964418,26.21,79,40.5
970993,26.21,79,40.5
975031,26.21,79,40.5
976034,26.21,79,40.5
974066,26.21,79,40.5
975494,26.21,79,40.5
976047,26.22,79,40.5
976325,26.22,79,40.5
976144,26.22,79,40.5
976237,26.22,79,40.5
980177,26.22,79,40.5
979665,26.22,79,40.5
980264,26.22,79,40.5
979822,26.22,79,40.5
975623,26.22,79,40.5
974661,26.22,79,40.5
975909,26.22,79,40.5
975245,26.22,79,40.5
980324,26.22,79,40.5
979986,26.22,79,40.5
979991,26.22,79,40.5
979750,26.22,79,40.5
23,26.2,79,40.5
411,26.2,79,40.5
210,26.2,79,40.5
16,26.2,79,40.5
5697,26.2,79,40.5
1192,26.2,79,40.5
8,26.2,79,40.5
294,26.2,79,40.5
85,26.2,79,40.49
516226,26.21,79,40.5
150790,26.2,79,40.5
66094,26.2,79,40.5
342712,26.21,79,40.5
17100,26.2,79,40.5
188596,26.21,79,40.5
2704,26.2,79,40.49
76466,26.21,79,40.49
2,26.2,79,40.49
16,26.2,79,40.49
33,26.2,79,40.49
2182,26.21,79,40.49
664,26.2,79,40.49
17965,26.21,79,40.49
204,26.2,79,40.49
15,26.2,79,40.49
80,26.21,79,40.49
371,26.21,79,40.49
709822,26.21,79,40.5
538925,26.21,79,40.5
337530,26.21,79,40.49
842318,26.21,79,40.5
896453,26.21,79,40.5
940582,26.21,79,40.5
959383,26.21,79,40.5
916763,26.21,79,40.5
949845,26.21,79,40.5
967383,26.21,79,40.5
971313,26.21,79,40.5
962007,26.21,79,40.5
967902,26.21,79,40.5
717364,26.21,79,40.5
506675,26.21,79,40.49
855626,26.21,79,40.5
932802,26.21,79,40.5
701391,26.21,79,40.49
890500,26.21,79,40.49
937088,26.21,79,40.49
953600,26.21,79,40.49
953972,26.21,79,40.5
962925,26.21,79,40.5
973311,26.22,79,40.5
970884,26.22,79,40.5
974248,26.22,79,40.5
972405,26.22,79,40.5
979520,26.22,79,40.5
979430,26.22,79,40.5
978340,26.22,79,40.5
978427,26.22,79,40.5
967390,26.22,79,40.5
961096,26.22,79,40.49
969727,26.22,79,40.5
964989,26.22,79,40.49
976737,26.22,79,40.5
977126,26.22,79,40.5
973557,26.22,79,40.49
974399,26.22,79,40.49
157932,26.21,79,40.49
47403,26.21,79,40.49
7984,26.21,79,40.49
1265,26.21,79,40.49
464262,26.21,79,40.49
225569,26.21,79,40.49
621362,26.21,79,40.49
337252,26.21,79,40.49
829182,26.21,79,40.49
654912,26.21,79,40.49
897350,26.21,79,40.49
936090,26.21,79,40.49
777038,26.21,79,40.49
887169,26.21,79,40.49
73906,26.21,79,40.49
13532,26.21,79,40.49
115104,26.21,79,40.49
351113,26.21,79,40.49
22748,26.21,79,40.49
114815,26.21,79,40.49
630446,26.21,79,40.49
308616,26.21,79,40.49
926251,26.22,79,40.49
950914,26.22,79,40.49
942305,26.22,79,40.49
957763,26.22,79,40.49
958953,26.22,79,40.49
962723,26.22,79,40.49
969016,26.22,79,40.49
970655,26.22,79,40.49
787192,26.21,79,40.49
542668,26.21,79,40.49
852440,26.22,79,40.49
902081,26.22,79,40.49
634040,26.22,79,40.49
765591,26.22,79,40.49
923979,26.22,79,40.49
933133,26.22,79,40.49
831653,26.22,79,40.49
861209,26.22,79,40.49
13,26.21,79,40.49
25,26.21,79,40.49
328,26.21,79,40.49
17,26.21,79,40.49
97,26.21,79,40.49
193,26.21,79,40.49
1564,26.21,79,40.49
2648,26.21,79,40.49
22169,26.21,79,40.49
195,26.21,79,40.49
2598,26.21,79,40.49
90711,26.21,79,40.49
15399,26.21,79,40.49
51,26.21,79,40.49
32,26.21,79,40.49
255,26.21,79,40.49
2021,26.21,79,40.49
220952,26.21,79,40.49
51165,26.21,79,40.49
256280,26.22,79,40.49
432294,26.22,79,40.49
52073,26.22,79,40.49
119913,26.22,79,40.49
576402,26.22,79,40.49
651704,26.22,79,40.49
215131,26.22,79,40.49
299429,26.22,79,40.49
9274,26.21,79,40.49
1882,26.22,79,40.48
7208,26.22,79,40.49
18738,26.22,79,40.49
5305,26.22,79,40.48
7755,26.22,79,40.48
42310,26.22,79,40.49
69731,26.22,79,40.49
10,26.21,79,40.48
12,26.21,79,40.48
68,26.21,79,40.48
15,26.21,79,40.48
57,26.21,79,40.48
288,26.21,79,40.48
19,26.21,79,40.48
27,26.22,79,40.48
1803,26.21,79,40.48
969,26.22,79,40.48
237,26.21,79,40.48
2,26.22,79.01,40.48
10,26.22,79,40.48
35,26.22,79,40.48
27,26.22,79,40.48
208,26.22,79,40.48
73,26.22,79,40.48
57,26.22,79,40.48
720,26.22,79,40.48
667,26.22,79,40.48
30,26.22,79,40.48
21,26.22,79,40.48
107,26.22,79,40.48
69,26.22,79,40.48
1247,26.22,79,40.48
726,26.22,79,40.48
113,26.23,79,40.48
1037,26.23,79,40.48
676975,26.22,79,40.49
673436,26.22,79,40.49
350604,26.22,79,40.49
366814,26.22,79,40.49
632526,26.23,79,40.49
550292,26.23,79,40.49
321723,26.23,79,40.49
234176,26.23,79,40.49
92580,26.22,79,40.49
94666,26.22,79,40.49
11840,26.22,79,40.48
9548,26.22,79,40.48
71964,26.23,79,40.49
42563,26.23,79,40.49
7958,26.23,79,40.48
3769,26.23,79,40.48
2,26.22,79,40.48
3,26.22,79,40.48
2226,26.22,79,40.54
2041,26.22,79.01,40.54
1706,26.22,79,40.54
1638,26.22,79,40.53
1784,26.22,79,40.53
2321,26.22,79,40.53
2376,26.22,79,40.53
8953,26.22,79,40.53
9407,26.22,79,40.53
53480,26.22,79,40.53
57912,26.22,79,40.53
575656,26.22,79,40.53
571616,26.22,79,40.53
236849,26.22,79,40.53
243284,26.22,79,40.53
2231,26.23,79,40.54
2201,26.22,79,40.54
2243,26.23,79,40.54
2003,26.22,79,40.54
2159,26.23,79.01,40.54
1958,26.23,79,40.53
2940,26.23,79,40.53
2087,26.23,79,40.54
2216,26.23,79.01,40.54
2063,26.23,79,40.53
2190,26.23,79.01,40.53
1975,26.23,79,40.53
2052,26.23,79,40.53
1945,26.23,79,40.53
9997,26.23,79,40.53
51702,26.23,79,40.53
211027,26.23,79,40.53
524560,26.23,79,40.53
7040,26.23,79,40.53
37121,26.23,79,40.53
3350,26.23,79,40.53
16202,26.23,79,40.53
159426,26.23,79,40.53
443707,26.23,79,40.53
92578,26.23,79,40.53
342680,26.23,79,40.53
2190,26.23,79,40.54
2189,26.23,79,40.54
2192,26.23,79.01,40.53
2126,26.23,79,40.53
2121,26.23,79,40.53
2035,26.23,79,40.53
2081,26.23,79.01,40.53
2961,26.23,79,40.53
2325,26.23,79,40.53
9518,26.23,79,40.53
4048,26.23,79,40.53
54167,26.23,79,40.53
223651,26.23,79,40.53
21391,26.23,79,40.53
116783,26.23,79,40.53
45464,26.23,79,40.53
2162,26.23,79,40.53
2104,26.23,79.01,40.53
2026,26.23,79.01,40.53
2194,26.23,79,40.53
2974,26.23,79,40.53
7978,26.23,79,40.53
2470,26.23,79,40.53
2005,26.23,79.01,40.53
14119,26.23,79,40.53
1498,26.24,79.01,40.53
1722,26.24,79,40.53
2231,26.24,79,40.53
2015,26.23,79,40.53
1487,26.24,79.01,40.53
2312,26.24,79,40.53
1578,26.24,79,40.53
3663,26.24,79,40.53
1590,26.24,79,40.53
1245,26.24,79,40.53
888,26.24,79.01,40.53
790,26.24,79,40.53
871,26.24,79.01,40.53
1242,26.24,79,40.53
1023,26.24,79,40.53
743,26.24,79.01,40.53
523,26.24,79.01,40.53
408,26.24,79.01,40.53
973916,26.22,79,40.51
973735,26.22,79,40.52
977435,26.22,79,40.51
977131,26.22,79,40.51
977373,26.22,79,40.52
977029,26.22,79,40.52
973463,26.22,79,40.52
972794,26.22,79,40.52
977359,26.22,79,40.52
976959,26.22,79,40.52
976929,26.22,79,40.52
976474,26.22,79,40.52
973985,26.22,79,40.51
974125,26.22,79,40.51
977244,26.22,79,40.51
977014,26.22,79,40.51
977375,26.22,79,40.51
977140,26.22,79,40.51
973921,26.22,79,40.51
973962,26.22,79,40.51
977291,26.22,79,40.51
977025,26.22,79,40.51
977283,26.22,79,40.51
977036,26.22,79,40.51
957237,26.22,79,40.52
944225,26.22,79,40.52
965665,26.22,79,40.52
964729,26.22,79,40.52
956175,26.22,79,40.52
954885,26.22,79,40.52
917023,26.22,79,40.53
912465,26.22,79,40.53
820767,26.22,79,40.53
814156,26.22,79,40.53
970088,26.22,79,40.52
971862,26.22,79,40.52
975126,26.22,79,40.52
974537,26.22,79,40.52
976411,26.22,79,40.52
975890,26.22,79,40.52
963364,26.22,79,40.52
967617,26.22,79,40.52
970173,26.22,79,40.52
969388,26.22,79,40.52
973447,26.22,79,40.52
972790,26.22,79,40.52
975067,26.22,79,40.51
975354,26.22,79,40.5
978452,26.22,79,40.51
978129,26.22,79,40.51
978790,26.22,79,40.5
978436,26.22,79,40.5
974390,26.22,79,40.51
974679,26.22,79,40.51
977974,26.22,79,40.51
977689,26.22,79,40.51
977663,26.22,79,40.51
977404,26.22,79,40.51
975246,26.22,79,40.5
975659,26.22,79,40.5
979597,26.22,79,40.5
979125,26.22,79,40.5
979398,26.22,79,40.5
978886,26.22,79,40.5
975698,26.22,79,40.5
975631,26.22,79,40.5
979220,26.22,79,40.5
978824,26.22,79,40.5
979401,26.22,79,40.5
978971,26.22,79,40.5
974608,26.22,79,40.5
973261,26.22,79,40.5
979130,26.22,79,40.5
978569,26.22,79,40.5
978204,26.22,79,40.5
977586,26.22,79,40.5
971407,26.22,79,40.5
967951,26.22,79,40.49
974506,26.22,79,40.49
973673,26.22,79,40.49
977019,26.22,79,40.5
976319,26.22,79,40.5
963183,26.22,79,40.49
953268,26.22,79,40.49
971120,26.22,79,40.49
970033,26.22,79,40.49
964010,26.22,79,40.49
962234,26.22,79,40.49
933637,26.22,79,40.49
927341,26.22,79,40.49
867026,26.22,79,40.49
856462,26.22,79,40.49
971873,26.22,79,40.52
972659,26.22,79,40.52
976477,26.23,79,40.52
975867,26.23,79,40.52
973051,26.22,79,40.52
973328,26.22,79,40.51
976859,26.23,79,40.51
976668,26.23,79,40.52
976583,26.23,79,40.51
976243,26.23,79,40.52
980328,26.23,79,40.51
979582,26.23,79,40.51
980052,26.23,79,40.52
979133,26.23,79,40.52
975889,26.23,79,40.52
975063,26.23,79,40.52
979723,26.23,79,40.52
978572,26.23,79,40.52
979052,26.23,79,40.52
977611,26.23,79,40.52
973429,26.22,79,40.51
973527,26.22,79,40.51
976850,26.23,79,40.51
976917,26.23,79,40.51
973588,26.22,79,40.51
973726,26.22,79,40.51
976947,26.23,79,40.51
977079,26.23,79,40.51
976845,26.23,79,40.51
976690,26.23,79,40.51
980441,26.23,79,40.51
979833,26.23,79,40.51
980577,26.23,79,40.51
980063,26.23,79,40.51
976930,26.23,79,40.51
977073,26.23,79,40.51
980674,26.23,79,40.51
980219,26.23,79,40.51
980813,26.23,79,40.51
980382,26.23,79,40.51
979564,26.23,79,40.51
979357,26.23,79,40.51
978746,26.23,79,40.51
979120,26.23,79,40.51
976818,26.23,79,40.51
977404,26.23,79,40.51
980294,26.23,79,40.51
976443,26.24,79,40.51
980833,26.23,79,40.51
977374,26.24,79,40.51
978060,26.23,79,40.51
977782,26.23,79,40.51
981217,26.23,79,40.51
978028,26.24,79,40.51
981486,26.23,79,40.51
978441,26.24,79,40.51
977602,26.23,79,40.52
978315,26.23,79,40.51
975303,26.23,79,40.52
976728,26.23,79,40.52
971408,26.23,79,40.52
973573,26.23,79,40.52
975135,26.23,79,40.52
967474,26.24,79,40.52
977175,26.23,79,40.52
971043,26.24,79,40.52
958848,26.24,79,40.52
925164,26.24,79,40.52
951131,26.24,79,40.52
895373,26.24,79,40.52
974987,26.23,79,40.52
976090,26.23,79,40.51
978569,26.23,79,40.52
973461,26.24,79,40.52
979576,26.23,79,40.51
975195,26.24,79,40.51
966913,26.24,79,40.51
963601,26.24,79,40.52
939801,26.24,79,40.52
955409,26.22,79,40.52
941762,26.22,79,40.52
950736,26.23,79,40.52
962327,26.23,79,40.52
899346,26.23,79,40.53
786421,26.23,79,40.53
730776,26.23,79,40.53
690100,26.23,79,40.53
958592,26.23,79,40.52
943433,26.23,79,40.52
873304,26.23,79,40.53
964486,26.23,79,40.52
956991,26.23,79,40.52
868787,26.23,79,40.53
951142,26.23,79,40.52
934309,26.23,79,40.52
970812,26.22,79,40.52
968911,26.22,79,40.52
973579,26.23,79,40.52
975127,26.23,79,40.52
961769,26.22,79,40.52
966361,26.22,79,40.52
967729,26.23,79,40.52
971577,26.23,79,40.52
974095,26.23,79,40.52
972192,26.23,79,40.52
978180,26.23,79,40.52
976342,26.23,79,40.52
976620,26.23,79,40.52
974221,26.23,79,40.52
965124,26.23,79,40.52
969776,26.23,79,40.52
970605,26.23,79,40.52
965898,26.23,79,40.52
974457,26.23,79,40.52
971215,26.23,79,40.52
942989,26.23,79,40.52
909036,26.23,79,40.52
896343,26.23,79,40.52
801140,26.23,79,40.52
800107,26.23,79,40.53
546048,26.23,79,40.53
398441,26.23,79,40.53
193788,26.23,79,40.53
745152,26.23,79,40.53
524950,26.23,79,40.53
68483,26.23,79,40.53
15465,26.24,79,40.53
250499,26.23,79,40.53
78543,26.24,79,40.53
2425,26.24,79,40.53
11763,26.24,79,40.53
574669,26.23,79,40.52
253405,26.24,79,40.52
61764,26.24,79,40.52
970373,26.23,79,40.52
973447,26.23,79,40.52
957960,26.23,79,40.52
966047,26.23,79,40.52
956816,26.23,79,40.52
942642,26.23,79,40.52
959830,26.23,79,40.52
933486,26.24,79,40.52
817467,26.24,79,40.52
436217,26.24,79,40.52
810685,26.23,79,40.52
943141,26.23,79,40.52
538678,26.24,79,40.52
874140,26.24,79,40.52
200549,26.24,79,40.52
604050,26.24,79,40.52
198305,26.24,79,40.52
963759,26.23,79,40.52
968471,26.23,79,40.52
967495,26.23,79,40.52
952734,26.24,79,40.52
972153,26.23,79,40.52
962061,26.24,79,40.52
937327,26.24,79,40.52
827007,26.24,79,40.52
905856,26.24,79,40.52
675001,26.24,79,40.52
131055,26.24,79,40.52
301138,26.24,79,40.52
21695,26.24,79,40.52
98530,26.24,79,40.52
243289,26.24,79,40.52
440598,26.24,79,40.52
1253,26.24,79,40.53
599,26.24,79,40.53
5411,26.24,79,40.52
750,26.24,79,40.52
34580,26.24,79,40.52
3019,26.24,79,40.52
214,26.24,79.01,40.53
430,26.24,79,40.53
166,26.24,79.01,40.53
268,26.24,79,40.52
159,26.24,79.01,40.52
400,26.24,79,40.52
253,26.24,79,40.52
418,26.24,79,40.52
137,26.24,79.01,40.52
129,26.24,79.01,40.52
288,26.24,79,40.52
1346,26.24,79,40.52
425,26.24,79.01,40.52
7391,26.24,79,40.52
20914,26.24,79,40.52
81642,26.24,79,40.52
875,26.24,79,40.52
3813,26.24,79,40.52
88,26.24,79,40.52
134,26.24,79,40.52
969319,26.24,79,40.51
971102,26.24,79,40.51
972310,26.24,79,40.51
972999,26.24,79,40.51
975388,26.24,79,40.51
976106,26.24,79,40.51
979528,26.24,79.01,40.51
957034,26.24,79.01,40.51
728437,26.24,79.01,40.51
980227,26.24,79.01,40.51
959422,26.24,79.01,40.51
756517,26.24,79.01,40.51
948396,26.24,79,40.51
972139,26.24,79,40.51
974076,26.24,79,40.51
942347,26.24,79,40.51
975892,26.24,79.01,40.51
769060,26.24,79,40.51
938985,26.24,79.01,40.51
559866,26.24,79.01,40.51
978114,26.24,79.01,40.51
951184,26.24,79.01,40.51
666614,26.24,79.01,40.51
839885,26.24,79,40.52
627084,26.24,79,40.52
758370,26.24,79,40.52
453696,26.24,79,40.52
159208,26.24,79,40.52
241662,26.24,79,40.51
179,26.25,79.01,40.52
5475,26.24,79.01,40.52
303,26.25,79.01,40.51
10283,26.24,79.01,40.51
186181,26.24,79,40.52
317802,26.24,79,40.52
15986,26.24,79,40.52
70409,26.24,79,40.52
18,26.25,79.01,40.52
457,26.24,79.01,40.52
97,26.25,79.01,40.52
2295,26.24,79.01,40.52
11151,26.25,79.01,40.51
159463,26.24,79.01,40.51
15925,26.25,79.01,40.51
197931,26.24,79.01,40.51
5,26.25,79.01,40.51
937,26.25,79.01,40.51
29835,26.24,79.01,40.51
21,26.25,79.01,40.51
5346,26.25,79.01,40.51
91458,26.24,79.01,40.51
974704,26.22,79,40.5
974489,26.22,79,40.51
978124,26.23,79,40.5
977887,26.23,79,40.51
974184,26.22,79,40.51
973945,26.22,79,40.51
977538,26.23,79,40.51
977299,26.23,79,40.51
977256,26.23,79,40.51
977435,26.23,79,40.51
980984,26.23,79,40.51
980536,26.23,79,40.51
981157,26.23,79,40.51
980666,26.23,79,40.51
977685,26.23,79,40.51
977817,26.23,79,40.5
981508,26.23,79,40.5
980831,26.23,79,40.5
981369,26.23,79,40.51
980796,26.23,79,40.51
974766,26.22,79,40.5
974272,26.22,79,40.5
978532,26.23,79,40.5
978182,26.23,79,40.5
974885,26.22,79,40.5
974896,26.22,79,40.5
978419,26.23,79,40.5
978480,26.23,79,40.5
977989,26.23,79,40.5
977908,26.23,79,40.5
981619,26.23,79,40.5
980625,26.23,79,40.5
981652,26.23,79,40.5
980828,26.23,79,40.5
977810,26.23,79,40.5
977265,26.23,79,40.5
981522,26.23,79,40.5
980304,26.23,79,40.5
981099,26.23,79,40.5
979606,26.23,79,40.5
979554,26.23,79,40.5
979100,26.23,79,40.5
978477,26.23,79,40.5
977337,26.23,79,40.5
975455,26.23,79,40.5
973597,26.23,79,40.5
977214,26.23,79,40.5
970095,26.24,79,40.5
978996,26.23,79,40.5
973398,26.24,79,40.5
962479,26.24,79,40.5
933577,26.24,79,40.5
955366,26.24,79,40.5
908809,26.24,79,40.5
977415,26.23,79,40.5
976598,26.23,79,40.5
980897,26.23,79,40.5
976898,26.24,79,40.5
980150,26.23,79,40.5
975529,26.24,79,40.5
969421,26.24,79,40.5
966756,26.24,79,40.5
946078,26.24,79,40.5
979731,26.23,79,40.5
979834,26.23,79,40.51
979792,26.23,79,40.51
979711,26.23,79,40.51
978235,26.23,79,40.51
978211,26.23,79,40.51
981637,26.23,79,40.51
978612,26.24,79,40.51
981672,26.23,79,40.51
978556,26.24,79,40.51
977863,26.23,79,40.5
978151,26.23,79,40.51
981584,26.23,79,40.51
978278,26.24,79,40.51
981340,26.23,79,40.5
977751,26.24,79,40.5
973547,26.22,79,40.5
972084,26.22,79,40.5
977728,26.23,79,40.5
976554,26.23,79,40.5
970080,26.22,79,40.5
966345,26.22,79,40.49
975017,26.23,79,40.5
971895,26.23,79,40.49
976597,26.23,79,40.5
975081,26.23,79,40.5
980494,26.23,79,40.5
978626,26.23,79,40.5
979267,26.23,79,40.5
976876,26.23,79,40.5
973122,26.23,79,40.5
969191,26.23,79,40.49
977517,26.23,79,40.5
974336,26.23,79,40.5
974282,26.23,79,40.49
969779,26.23,79,40.49
961076,26.22,79,40.49
950039,26.22,79,40.49
967457,26.23,79,40.49
957926,26.23,79,40.49
916166,26.23,79,40.49
833151,26.23,79,40.49
963607,26.23,79,40.49
951342,26.23,79,40.49
969101,26.23,79,40.49
962155,26.23,79,40.49
958490,26.23,79,40.49
945311,26.23,79,40.49
896991,26.23,79,40.49
790885,26.23,79,40.49
897937,26.23,79,40.49
847592,26.23,79,40.49
768752,26.23,79,40.49
656892,26.23,79,40.49
949818,26.23,79,40.49
922587,26.23,79,40.49
917819,26.23,79,40.49
848699,26.23,79,40.49
741809,26.23,79,40.49
470340,26.23,79,40.49
544947,26.23,79,40.49
260228,26.23,79,40.49
358046,26.23,79,40.49
121652,26.23,79,40.49
135619,26.24,79,40.49
35077,26.24,79,40.49
6449,26.24,79,40.49
41321,26.24,79,40.49
666128,26.23,79,40.49
346343,26.24,79,40.49
153740,26.24,79,40.49
32696,26.24,79,40.49
388861,26.24,79,40.49
112487,26.24,79,40.49
975802,26.23,79,40.5
973151,26.23,79,40.5
969349,26.23,79,40.5
962252,26.23,79,40.49
960464,26.23,79,40.5
948126,26.23,79,40.49
963532,26.23,79,40.5
940804,26.24,79,40.5
847636,26.23,79,40.49
949670,26.23,79,40.49
624166,26.24,79,40.49
897722,26.24,79,40.49
852099,26.24,79,40.5
515809,26.24,79,40.5
676472,26.24,79,40.49
274766,26.24,79,40.49
971021,26.23,79,40.5
966810,26.23,79,40.5
970404,26.23,79,40.5
956781,26.24,79,40.5
974566,26.23,79,40.5
965102,26.24,79,40.5
943391,26.24,79,40.5
854285,26.24,79,40.5
918448,26.24,79,40.5
732861,26.24,79,40.5
973189,26.24,79,40.51
972921,26.24,79,40.51
972236,26.24,79,40.51
971106,26.24,79,40.5
976276,26.24,79,40.51
975968,26.24,79,40.51
980348,26.24,79.01,40.51
959664,26.24,79.01,40.51
759911,26.24,79.01,40.51
979990,26.24,79.01,40.51
957991,26.24,79.01,40.51
739152,26.24,79.01,40.51
975220,26.24,79,40.51
952888,26.24,79,40.5
974050,26.24,79,40.5
947737,26.24,79,40.5
977776,26.24,79.01,40.5
792340,26.24,79,40.5
945271,26.24,79.01,40.5
621278,26.24,79.01,40.5
979130,26.24,79.01,40.51
953961,26.24,79.01,40.51
695160,26.24,79.01,40.51
853990,26.24,79,40.5
669116,26.24,79,40.5
781645,26.24,79,40.5
18951,26.25,79.01,40.51
204850,26.24,79.01,40.51
20025,26.25,79.01,40.51
186572,26.24,79.01,40.51
53,26.25,79.01,40.51
18658,26.25,79.01,40.51
14441,26.25,79.01,40.5
152334,26.24,79.01,40.51
109083,26.24,79.01,40.5
475385,26.24,79,40.5
183491,26.24,79,40.5
300223,26.24,79,40.5
223497,26.24,79,40.5
339827,26.24,79,40.5
53848,26.24,79,40.5
102673,26.24,79,40.5
4287,26.25,79.01,40.5
39,26.25,79.01,40.5
35199,26.24,79.01,40.5
8997,26.25,79.01,40.5
66059,26.24,79.01,40.5
7155,26.24,79.01,40.5
1903,26.25,79.01,40.5
16259,26.24,79.01,40.5
64959,26.24,79,40.49
157225,26.24,79,40.5
309823,26.24,79,40.5
497403,26.24,79,40.5
6,26.24,79.01,40.49
219,26.24,79,40.49
1522,26.24,79,40.49
6170,26.24,79,40.49
794,26.24,79,40.49
4638,26.24,79,40.49
20493,26.24,79,40.49
157,26.24,79,40.49
6,26.24,79.01,40.49
5,26.24,79.01,40.49
108,26.24,79,40.49
5,26.24,79.01,40.49
543,26.24,79,40.49
281,26.24,79,40.49
2712,26.24,79,40.49
7,26.24,79.01,40.49
10,26.24,79.01,40.49
973,26.24,79.01,40.49
10748,26.24,79,40.49
4318,26.24,79.01,40.5
37614,26.24,79,40.5
62083,26.24,79,40.5
127520,26.24,79,40.5
8748,26.24,79,40.5
24541,26.24,79,40.5
683,26.24,79,40.5
2561,26.24,79,40.5
4,26.25,79.01,40.52
53,26.25,79.01,40.5
26,26.25,79.01,40.5
16,26.25,79.01,40.5
7,26.24,79.01,40.49
6,26.25,79.01,40.5
8,26.25,79.01,40.5
12,26.24,79.01,40.5
10,26.25,79.01,40.5
84,26.24,79.01,40.52
71,26.24,79.01,40.52
13,26.25,79.01,40.52
8,26.25,79.01,40.52
7,26.25,79.01,40.52
5,26.25,79.01,40.51
9,26.25,79.01,40.51
13,26.25,79.01,40.51
16,26.25,79.01,40.51
13,26.25,79.01,40.51
60,26.25,79.01,40.5
19,26.23,79,40.48
217,26.23,79,40.48
28,26.23,79,40.48
739,26.23,79,40.48
344,26.23,79,40.48
3009,26.23,79,40.48
1078,26.23,79,40.48
24789,26.23,79,40.49
11804,26.23,79,40.49
443203,26.23,79,40.49
310413,26.23,79,40.49
153288,26.23,79,40.49
86771,26.23,79,40.49
76,26.23,79,40.48
21,26.23,79,40.48
174074,26.23,79,40.49
40121,26.23,79,40.49
840,26.23,79,40.48
6259,26.23,79,40.49
77127,26.23,79,40.49
26038,26.24,79,40.49
211,26.23,79,40.48
25,26.23,79,40.48
15083,26.23,79,40.49
1139,26.23,79,40.49
3911,26.24,79,40.49
245,26.23,79,40.49
2,26.23,79,40.48
11,26.23,79,40.48
2,26.24,79.01,40.49
8622,26.24,79,40.49
1955,26.24,79,40.49
1906,26.24,79,40.49
274,26.24,79,40.49
2,26.24,79.01,40.48
30,26.24,79,40.48
65,26.24,79,40.48
60,26.24,79,40.49
128,26.24,79,40.49
3,26.24,79.01,40.49
117,26.24,79,40.49
63,26.24,79,40.49
105,26.24,79,40.49
263,26.24,79,40.49
4,26.24,79.01,40.49
12,26.24,79,40.48
3,26.24,79.01,40.49
1434,26.2,79,40.54
1754,26.21,79,40.54
1799,26.21,79,40.54
1915,26.21,79,40.54
2052,26.21,79,40.54
2203,26.22,79,40.54
1766,26.21,79,40.54
1616,26.21,79,40.54
1911,26.22,79,40.54
1638,26.22,79,40.54
1864,26.22,79,40.54
2134,26.22,79,40.54
1360,26.2,79,40.53
1304,26.2,79,40.53
1523,26.2,79,40.54
1300,26.21,79,40.54
1076,26.2,79,40.53
1050,26.21,79,40.53
1138,26.2,79,40.53
890,26.2,79,40.53
1083,26.2,79,40.53
893,26.2,79,40.53
611,26.2,79,40.53
812,26.2,79,40.53
841,26.21,79,40.53
647,26.2,79,40.53
1131,26.21,79,40.53
2514,26.21,79,40.53
10218,26.21,79,40.53
1323,26.21,79,40.54
1061,26.21,79,40.53
1338,26.21,79,40.54
1189,26.21,79,40.53
1435,26.22,79,40.54
1573,26.22,79,40.54
1397,26.22,79,40.53
1188,26.22,79,40.53
2037,26.22,79,40.53
1520,26.22,79,40.53
3148,26.22,79,40.53
1393,26.22,79,40.53
1900,26.22,79,40.53
2147,26.22,79,40.53
4445,26.22,79,40.53
1147,26.21,79,40.53
1764,26.21,79,40.53
5871,26.21,79,40.53
3434,26.21,79,40.53
13902,26.21,79,40.53
2778,26.21,79,40.53
11928,26.21,79,40.53
2016,26.22,79,40.53
1970,26.22,79,40.53
8064,26.22,79,40.53
10195,26.22,79,40.53
9641,26.22,79,40.53
34117,26.22,79,40.53
18469,26.22,79,40.53
68620,26.22,79,40.53
9683,26.22,79,40.53
20639,26.22,79,40.53
53765,26.22,79,40.53
77515,26.22,79,40.53
74107,26.22,79,40.53
284793,26.22,79,40.53
78702,26.22,79,40.53
158246,26.22,79,40.53
317498,26.22,79,40.53
439233,26.22,79,40.53
509862,26.22,79,40.53
244217,26.22,79,40.53
224879,26.22,79,40.53
275099,26.22,79,40.53
521661,26.22,79,40.53
574037,26.22,79,40.53
258,26.19,79,40.52
158,26.19,79,40.52
174,26.19,79,40.51
91,26.19,79,40.51
103,26.19,79,40.51
46,26.19,79,40.51
64,26.19,79,40.51
24,26.19,79,40.51
569,26.19,79,40.52
755,26.19,79,40.53
392,26.19,79,40.52
521,26.19,79,40.52
275,26.19,79,40.52
386,26.19,79,40.52
230,26.19,79,40.52
211,26.2,79,40.52
1015,26.2,79,40.52
8603,26.2,79,40.52
19273,26.2,79,40.52
171,26.2,79,40.52
517,26.2,79,40.52
752,26.2,79,40.52
3324,26.2,79,40.52
5067,26.2,79,40.52
5104,26.2,79,40.52
43043,26.2,79,40.52
8462,26.2,79,40.52
80048,26.2,79,40.52
31435,26.2,79,40.52
65658,26.2,79,40.52
42245,26.2,79,40.52
189901,26.21,79,40.52
100229,26.2,79,40.52
337694,26.21,79,40.52
492,26.2,79,40.53
659,26.2,79,40.53
447,26.2,79,40.53
325,26.2,79,40.52
476,26.2,79,40.52
1403,26.2,79,40.52
3298,26.2,79,40.52
2581,26.21,79,40.53
932,26.2,79,40.53
9436,26.21,79,40.53
5451,26.2,79,40.52
12606,26.2,79,40.52
6064,26.2,79,40.52
34553,26.21,79,40.52
15528,26.2,79,40.52
86742,26.21,79,40.52
349425,26.21,79,40.52
509572,26.21,79,40.52
640630,26.21,79,40.52
468929,26.21,79,40.52
896696,26.21,79,40.52
853782,26.21,79,40.52
934531,26.21,79,40.52
951821,26.21,79,40.52
909904,26.21,79,40.52
939789,26.21,79,40.52
936665,26.21,79,40.52
947701,26.21,79,40.52
953528,26.21,79,40.52
959550,26.21,79,40.52
960470,26.21,79,40.52
964132,26.21,79,40.52
763925,26.21,79,40.52
860674,26.21,79,40.52
920676,26.21,79,40.52
612133,26.21,79,40.52
747713,26.21,79,40.52
875617,26.21,79,40.52
885178,26.21,79,40.52
921601,26.21,79,40.52
922199,26.21,79,40.52
940238,26.21,79,40.52
944357,26.21,79,40.52
953406,26.21,79,40.52
958985,26.22,79,40.52
954177,26.22,79,40.52
966241,26.22,79,40.52
962839,26.22,79,40.52
965782,26.22,79,40.52
947967,26.22,79,40.52
934988,26.22,79,40.52
949794,26.22,79,40.52
958545,26.22,79,40.52
958505,26.22,79,40.52
9993,26.21,79,40.53
31155,26.21,79,40.53
9817,26.21,79,40.53
37612,26.21,79,40.53
97582,26.21,79,40.52
202830,26.21,79,40.52
128895,26.21,79,40.52
278447,26.21,79,40.52
552262,26.21,79,40.52
343002,26.21,79,40.52
669565,26.21,79,40.52
446123,26.21,79,40.52
818285,26.21,79,40.52
681070,26.21,79,40.52
879946,26.21,79,40.52
918095,26.21,79,40.52
771732,26.21,79,40.52
858956,26.21,79,40.52
51657,26.21,79,40.53
156823,26.21,79,40.53
55865,26.21,79,40.53
185837,26.21,79,40.53
210483,26.21,79,40.53
440403,26.21,79,40.53
8074,26.21,79,40.53
30831,26.21,79,40.53
7419,26.21,79,40.53
34946,26.21,79,40.53
34665,26.21,79,40.53
120018,26.21,79,40.53
641173,26.21,79,40.53
378966,26.21,79,40.53
82092,26.21,79,40.53
223712,26.21,79,40.53
75507,26.21,79,40.53
252980,26.21,79,40.53
863562,26.22,79,40.52
915915,26.22,79,40.52
900953,26.22,79,40.52
920735,26.22,79,40.52
937156,26.22,79,40.52
945155,26.22,79,40.52
938447,26.22,79,40.52
912788,26.22,79,40.52
948941,26.22,79,40.52
930164,26.22,79,40.52
760144,26.22,79,40.53
553476,26.22,79,40.53
818059,26.22,79,40.53
868154,26.22,79,40.53
619235,26.22,79,40.53
716095,26.22,79,40.53
867421,26.22,79,40.53
732623,26.22,79,40.53
892334,26.22,79,40.53
901576,26.22,79,40.53
770846,26.22,79,40.53
796621,26.22,79,40.53
130,26.2,79,40.51
9018,26.2,79,40.51
8082,26.2,79,40.51
140,26.2,79,40.51
5880,26.2,79,40.51
7650,26.2,79,40.51
70886,26.2,79,40.51
70343,26.2,79,40.51
163044,26.2,79,40.51
172317,26.2,79,40.51
55343,26.2,79,40.51
42950,26.2,79,40.51
138064,26.2,79,40.51
105681,26.2,79,40.51
271839,26.2,79,40.51
219626,26.2,79,40.51
400384,26.2,79,40.51
816039,26.2,79,40.51
473886,26.2,79,40.51
845396,26.2,79,40.51
873769,26.21,79,40.51
889688,26.21,79,40.51
931690,26.21,79,40.51
954215,26.21,79,40.51
939079,26.21,79,40.51
957189,26.21,79,40.51
310564,26.2,79,40.51
329326,26.2,79,40.51
523041,26.2,79,40.51
859411,26.2,79,40.51
546786,26.2,79,40.51
866693,26.2,79,40.51
900121,26.21,79,40.51
896051,26.21,79,40.51
944124,26.21,79,40.51
959790,26.21,79,40.51
942086,26.21,79,40.51
958840,26.21,79,40.51
142,26.2,79,40.51
2632,26.2,79,40.52
3852,26.2,79,40.51
153,26.2,79,40.52
1177,26.2,79,40.52
1714,26.2,79,40.52
19242,26.2,79,40.52
26739,26.2,79,40.51
68461,26.2,79,40.51
42766,26.2,79,40.52
8527,26.2,79,40.52
11810,26.2,79,40.52
15034,26.2,79,40.52
25155,26.2,79,40.52
371945,26.2,79,40.51
288063,26.2,79,40.52
463248,26.2,79,40.52
559153,26.2,79,40.51
806233,26.21,79,40.52
848708,26.21,79,40.51
898884,26.21,79,40.52
942938,26.21,79,40.52
920295,26.21,79,40.51
950219,26.21,79,40.51
208145,26.2,79,40.52
135622,26.2,79,40.52
351864,26.2,79,40.52
239461,26.2,79,40.52
207055,26.2,79,40.52
127476,26.2,79,40.52
194122,26.2,79,40.52
502981,26.21,79,40.52
311713,26.2,79,40.52
649189,26.21,79,40.52
732405,26.21,79,40.52
625595,26.21,79,40.52
864108,26.21,79,40.52
932795,26.21,79,40.52
785420,26.21,79,40.52
792862,26.21,79,40.52
913183,26.21,79,40.52
746649,26.21,79,40.52
649794,26.21,79,40.52
838395,26.21,79,40.52
765787,26.21,79,40.52
955351,26.21,79,40.51
956244,26.21,79,40.51
966853,26.21,79,40.51
969832,26.21,79,40.51
967429,26.21,79,40.51
970211,26.21,79,40.51
965587,26.21,79,40.51
965985,26.21,79,40.51
971739,26.21,79,40.51
971982,26.21,79,40.51
971460,26.21,79,40.51
971756,26.21,79,40.51
951097,26.21,79,40.51
953818,26.21,79,40.51
964369,26.21,79,40.51
968294,26.21,79,40.51
965990,26.21,79,40.51
969273,26.21,79,40.51
964952,26.21,79,40.51
963923,26.21,79,40.51
971122,26.21,79,40.51
971509,26.21,79,40.51
970477,26.21,79,40.51
971069,26.21,79,40.51
967008,26.22,79,40.51
967527,26.22,79,40.51
971260,26.22,79,40.51
971576,26.22,79,40.51
970982,26.22,79,40.51
967859,26.22,79,40.51
968108,26.22,79,40.51
971747,26.22,79,40.51
971944,26.22,79,40.51
971297,26.22,79,40.51
941525,26.21,79,40.52
947704,26.21,79,40.51
958932,26.21,79,40.52
964992,26.21,79,40.52
962539,26.21,79,40.51
967087,26.21,79,40.51
960448,26.21,79,40.52
962584,26.21,79,40.51
969773,26.21,79,40.51
970586,26.21,79,40.51
968420,26.21,79,40.52
969676,26.21,79,40.52
918802,26.21,79,40.52
934158,26.21,79,40.52
946272,26.21,79,40.52
957761,26.21,79,40.52
954814,26.21,79,40.52
962359,26.21,79,40.52
953243,26.21,79,40.52
957739,26.21,79,40.52
963968,26.21,79,40.52
966619,26.21,79,40.52
966872,26.21,79,40.52
968593,26.21,79,40.52
961774,26.22,79,40.52
963960,26.22,79,40.52
969545,26.22,79,40.52
968055,26.22,79,40.52
969075,26.22,79,40.52
965300,26.22,79,40.52
966355,26.22,79,40.51
970294,26.22,79,40.52
970960,26.22,79,40.51
970450,26.22,79,40.51
33,26.19,79,40.51
12,26.19,79,40.51
19,26.19,79,40.5
4,26.19,79,40.5
9,26.19,79,40.5
2,26.19,79,40.5
4,26.19,79,40.5
86,26.2,79,40.51
6223,26.2,79,40.51
3716,26.2,79,40.51
49,26.2,79,40.5
1254,26.2,79,40.5
2139,26.2,79,40.51
66521,26.2,79,40.51
47289,26.2,79,40.51
166794,26.2,79,40.51
147918,26.2,79,40.51
34584,26.2,79,40.51
19276,26.2,79,40.5
117566,26.2,79,40.51
83295,26.2,79,40.5
325736,26.2,79,40.51
304938,26.2,79,40.51
525485,26.2,79,40.51
861888,26.2,79,40.51
546785,26.2,79,40.51
867329,26.2,79,40.51
897628,26.21,79,40.51
900666,26.21,79,40.51
944232,26.21,79,40.51
959932,26.21,79,40.51
942791,26.21,79,40.51
959292,26.21,79,40.51
261205,26.2,79,40.51
215350,26.2,79,40.5
415430,26.2,79,40.5
826963,26.2,79,40.5
479605,26.2,79,40.51
851042,26.2,79,40.51
879414,26.21,79,40.5
892868,26.21,79,40.51
940172,26.21,79,40.51
957982,26.21,79,40.51
933940,26.21,79,40.5
955466,26.21,79,40.5
21,26.2,79,40.5
499,26.2,79,40.5
846,26.2,79,40.5
7,26.2,79,40.5
289,26.2,79,40.5
363,26.2,79,40.5
16447,26.2,79,40.5
8554,26.2,79,40.5
29201,26.2,79,40.5
55474,26.2,79,40.5
2947,26.2,79,40.5
7082,26.2,79,40.5
16167,26.2,79,40.5
5796,26.2,79,40.5
382738,26.2,79,40.5
302207,26.2,79,40.5
582669,26.2,79,40.5
491296,26.2,79,40.5
858480,26.21,79,40.5
822714,26.21,79,40.5
924262,26.21,79,40.5
952032,26.21,79,40.5
906672,26.21,79,40.5
945783,26.21,79,40.5
220291,26.2,79,40.5
379827,26.2,79,40.5
138638,26.2,79,40.5
261285,26.2,79,40.5
758579,26.21,79,40.5
664390,26.21,79,40.5
878178,26.21,79,40.5
937221,26.21,79,40.5
813070,26.21,79,40.5
821248,26.21,79,40.5
921236,26.21,79,40.5
956399,26.21,79,40.51
955838,26.21,79,40.51
967568,26.21,79,40.51
970356,26.21,79,40.51
967254,26.21,79,40.51
970239,26.21,79,40.51
966135,26.21,79,40.51
966012,26.21,79,40.51
971882,26.21,79,40.51
972224,26.21,79,40.51
971891,26.21,79,40.51
972152,26.21,79,40.51
954667,26.21,79,40.51
952392,26.21,79,40.5
966659,26.21,79,40.51
969947,26.21,79,40.51
965325,26.21,79,40.5
969214,26.21,79,40.5
965660,26.21,79,40.51
964897,26.21,79,40.5
971410,26.21,79,40.5
972096,26.21,79,40.5
971815,26.21,79,40.51
972280,26.21,79,40.51
968276,26.22,79,40.51
968324,26.22,79,40.51
972135,26.22,79,40.51
972266,26.22,79,40.51
971704,26.22,79,40.51
968047,26.22,79,40.5
968296,26.22,79,40.51
972390,26.22,79,40.5
972429,26.22,79,40.51
972105,26.22,79,40.5
937841,26.21,79,40.5
924961,26.21,79,40.5
957013,26.21,79,40.5
964109,26.21,79,40.5
949725,26.21,79,40.5
960130,26.21,79,40.5
959616,26.21,79,40.5
955743,26.21,79,40.5
968453,26.21,79,40.5
970278,26.21,79,40.5
965935,26.21,79,40.5
968594,26.21,79,40.5
949478,26.21,79,40.5
944148,26.21,79,40.5
963760,26.21,79,40.5
968239,26.21,79,40.5
960641,26.21,79,40.5
966433,26.21,79,40.5
963819,26.21,79,40.5
961995,26.21,79,40.5
970917,26.21,79,40.5
971848,26.21,79,40.5
969795,26.21,79,40.5
971156,26.21,79,40.5
966846,26.22,79,40.5
967650,26.22,79,40.5
971905,26.22,79,40.5
972340,26.22,79,40.5
972134,26.22,79,40.5
965750,26.22,79,40.5
963897,26.22,79,40.5
971365,26.22,79,40.5
970142,26.22,79,40.5
971275,26.22,79,40.5
830,26.2,79,40.5
70305,26.2,79,40.5
21386,26.2,79,40.5
129,26.2,79,40.49
5318,26.2,79,40.5
1266,26.2,79,40.49
684575,26.21,79,40.5
213851,26.2,79,40.5
119028,26.2,79,40.5
338458,26.2,79,40.5
207743,26.2,79,40.5
543812,26.21,79,40.5
57369,26.2,79,40.5
19635,26.2,79,40.49
101877,26.2,79,40.5
376268,26.21,79,40.5
35632,26.2,79,40.49
216027,26.21,79,40.49
21,26.2,79,40.49
166,26.2,79,40.49
500,26.2,79,40.49
2645,26.2,79,40.49
8783,26.2,79,40.49
3039,26.2,79,40.49
23194,26.21,79,40.49
10449,26.2,79,40.49
92843,26.21,79,40.49
1211,26.21,79,40.49
257,26.2,79,40.49
5308,26.21,79,40.49
773586,26.21,79,40.5
687352,26.21,79,40.5
797418,26.21,79,40.5
857106,26.21,79,40.5
556398,26.21,79,40.5
392742,26.21,79,40.49
691439,26.21,79,40.5
530732,26.21,79,40.49
874435,26.21,79,40.5
907252,26.21,79,40.5
940030,26.21,79,40.5
955053,26.21,79,40.5
921538,26.21,79,40.5
945514,26.21,79,40.5
950985,26.21,79,40.5
942118,26.21,79,40.5
962889,26.21,79,40.5
966450,26.21,79,40.5
957212,26.21,79,40.5
962609,26.21,79,40.5
806254,26.21,79,40.5
680360,26.21,79,40.49
887359,26.21,79,40.5
931453,26.21,79,40.5
804094,26.21,79,40.49
899065,26.21,79,40.49
903533,26.21,79,40.49
930683,26.21,79,40.5
933567,26.21,79,40.49
947473,26.21,79,40.49
949982,26.21,79,40.5
957578,26.21,79,40.5
957460,26.22,79,40.5
961497,26.22,79,40.5
968607,26.22,79,40.5
965747,26.22,79,40.5
968665,26.22,79,40.5
952324,26.22,79,40.5
942338,26.22,79,40.49
962068,26.22,79,40.5
955071,26.22,79,40.49
962343,26.22,79,40.49
225432,26.21,79,40.49
98474,26.21,79,40.49
324634,26.21,79,40.49
149285,26.21,79,40.49
37786,26.21,79,40.49
13728,26.21,79,40.49
48938,26.21,79,40.49
13660,26.21,79,40.49
618633,26.21,79,40.49
397483,26.21,79,40.49
733971,26.21,79,40.49
520636,26.21,79,40.49
854749,26.21,79,40.49
745083,26.21,79,40.49
904179,26.21,79,40.49
931656,26.21,79,40.49
824806,26.21,79,40.49
890064,26.21,79,40.49
183805,26.21,79,40.49
57717,26.21,79,40.49
254784,26.21,79,40.49
518529,26.21,79,40.49
82666,26.21,79,40.49
238715,26.21,79,40.49
712472,26.21,79,40.49
457441,26.21,79,40.49
928603,26.22,79,40.49
890715,26.22,79,40.49
920370,26.22,79,40.49
945685,26.22,79,40.49
946781,26.22,79,40.49
814133,26.22,79,40.49
633659,26.22,79,40.49
864070,26.22,79,40.49
900516,26.22,79,40.49
701391,26.22,79,40.49
785086,26.22,79,40.49
895400,26.22,79,40.49
792276,26.22,79,40.49
916151,26.22,79,40.49
921835,26.22,79,40.49
829059,26.22,79,40.49
846083,26.22,79,40.49
2,26.22,79,40.48
3,26.22,79,40.48
16,26.2,79,40.49
94,26.21,79,40.49
426,26.21,79,40.49
970,26.21,79,40.49
4294,26.21,79,40.49
984,26.21,79,40.49
3724,26.21,79,40.49
122,26.21,79,40.49
2568,26.21,79,40.49
12795,26.21,79,40.49
16653,26.21,79,40.49
72073,26.21,79,40.49
2390,26.21,79,40.49
13136,26.21,79,40.49
187329,26.21,79,40.49
48575,26.21,79,40.49
704,26.21,79,40.49
332,26.21,79,40.48
504,26.21,79,40.49
1906,26.21,79,40.49
10309,26.21,79,40.49
347537,26.22,79,40.49
118496,26.22,79,40.49
390107,26.22,79,40.49
533578,26.22,79,40.49
121878,26.22,79,40.49
217960,26.22,79,40.49
599865,26.22,79,40.49
314940,26.22,79,40.49
626619,26.22,79,40.49
669303,26.22,79,40.49
314642,26.22,79,40.49
376420,26.22,79,40.49
9839,26.22,79,40.48
31992,26.22,79,40.49
6026,26.22,79,40.48
8033,26.22,79,40.48
26436,26.22,79,40.49
50044,26.22,79,40.49
102365,26.22,79,40.49
30196,26.22,79,40.48
20440,26.22,79,40.48
20167,26.22,79,40.48
87935,26.22,79,40.49
118537,26.22,79,40.49
4,26.21,79,40.48
103,26.21,79,40.48
113,26.21,79,40.48
11,26.21,79,40.48
2023,26.21,79,40.48
118,26.21,79,40.48
9,26.21,79,40.48
34,26.22,79,40.48
55,26.22,79,40.48
733,26.22,79,40.48
133,26.22,79,40.48
1362,26.22,79,40.48
1013,26.22,79,40.48
5234,26.22,79,40.48
601,26.22,79,40.48
282,26.22,79,40.48
3382,26.22,79,40.48
2670,26.22,79,40.48
78,26.22,79,40.48
67,26.23,79,40.48
1473,26.22,79,40.48
7950,26.22,79,40.48
774,26.22,79,40.48
252,26.22,79,40.48
4676,26.22,79,40.48
2354,26.22,79,40.48
1090,26.23,79,40.48
6181,26.23,79,40.48
669,26.23,79,40.48
3569,26.23,79,40.48
682425,26.22,79,40.49
427273,26.22,79,40.49
679851,26.22,79,40.49
661622,26.22,79,40.49
406202,26.22,79,40.49
394908,26.22,79,40.49
650291,26.23,79,40.49
405434,26.23,79,40.49
610013,26.23,79,40.49
527620,26.23,79,40.49
335426,26.23,79,40.49
255412,26.23,79,40.49
172168,26.22,79,40.49
51970,26.22,79,40.48
137277,26.22,79,40.49
126127,26.22,79,40.49
31658,26.22,79,40.48
19209,26.22,79,40.48
155817,26.23,79,40.49
44414,26.23,79,40.48
93283,26.23,79,40.49
60732,26.23,79,40.49
21658,26.23,79,40.48
10649,26.23,79,40.48
3,26.22,79,40.48
4,26.23,79,40.48
2342,26.22,79,40.54
2301,26.22,79,40.54
2124,26.22,79,40.54
1793,26.22,79,40.54
2402,26.22,79,40.53
1863,26.22,79,40.53
2467,26.22,79,40.53
6934,26.22,79,40.53
3943,26.22,79,40.53
6324,26.22,79,40.53
37403,26.22,79,40.53
120056,26.22,79,40.53
18499,26.22,79,40.53
25664,26.22,79,40.53
88771,26.22,79,40.53
89359,26.22,79,40.53
600702,26.22,79,40.53
590823,26.22,79,40.53
570170,26.22,79,40.53
337297,26.22,79,40.53
300941,26.22,79,40.53
286529,26.22,79,40.53
2228,26.23,79,40.54
2214,26.23,79,40.54
2197,26.23,79,40.54
2244,26.23,79,40.54
2163,26.23,79,40.54
2042,26.23,79,40.54
3222,26.23,79,40.53
2220,26.23,79,40.53
9220,26.23,79,40.53
4526,26.23,79,40.53
2204,26.23,79,40.54
2146,26.23,79,40.54
2060,26.23,79,40.53
2038,26.23,79,40.53
2495,26.23,79,40.53
2091,26.23,79,40.53
39784,26.23,79,40.53
117544,26.23,79,40.53
16893,26.23,79,40.53
72669,26.23,79,40.53
567591,26.23,79,40.53
314360,26.23,79,40.53
242868,26.23,79,40.53
516050,26.23,79,40.53
16792,26.23,79,40.53
55013,26.23,79,40.53
6079,26.23,79,40.53
24611,26.23,79,40.53
183010,26.23,79,40.53
433441,26.23,79,40.53
108458,26.23,79,40.53
337435,26.23,79,40.53
1863,26.23,79,40.54
2162,26.23,79,40.54
2362,26.23,79,40.53
1678,26.23,79,40.54
1715,26.23,79.01,40.53
2079,26.23,79,40.53
3588,26.23,79,40.53
2451,26.23,79,40.53
12778,26.23,79,40.53
5133,26.23,79,40.53
63199,26.23,79,40.53
218710,26.23,79,40.53
24770,26.23,79,40.53
119052,26.23,79,40.53
51717,26.23,79,40.53
16391,26.23,79,40.53
1724,26.23,79.01,40.53
2006,26.23,79,40.53
2123,26.23,79,40.53
4536,26.23,79,40.53
2117,26.23,79,40.53
2586,26.23,79,40.53
21290,26.23,79,40.53
54876,26.23,79,40.53
5716,26.24,79,40.53
15649,26.24,79,40.53
1026,26.24,79,40.54
1539,26.24,79,40.53
1049,26.24,79,40.53
1047,26.24,79.01,40.53
2044,26.24,79,40.53
746,26.24,79.01,40.53
2096,26.24,79,40.53
1338,26.24,79,40.53
3605,26.24,79,40.53
1451,26.24,79,40.53
1019,26.24,79,40.53
712,26.24,79.01,40.53
604,26.24,79,40.53
795,26.24,79,40.53
897,26.24,79,40.53
1009,26.24,79,40.53
529,26.24,79.01,40.53
550,26.24,79.01,40.53
439,26.24,79,40.53
228,26.24,79.01,40.53
969924,26.22,79,40.51
968630,26.22,79,40.52
970706,26.22,79,40.51
970423,26.22,79,40.51
942280,26.22,79,40.52
888183,26.22,79,40.53
784578,26.22,79,40.53
901821,26.22,79,40.53
892837,26.22,79,40.53
801845,26.22,79,40.53
787251,26.22,79,40.53
965587,26.22,79,40.52
958738,26.22,79,40.52
971528,26.22,79,40.5
971094,26.22,79,40.51
970934,26.22,79,40.5
971633,26.22,79,40.5
968680,26.22,79,40.5
963214,26.22,79,40.49
950171,26.22,79,40.49
908693,26.22,79,40.49
829901,26.22,79,40.49
919234,26.22,79,40.49
909936,26.22,79,40.49
845175,26.22,79,40.49
829841,26.22,79,40.49
967091,26.23,79,40.52
968884,26.23,79,40.51
972340,26.23,79,40.51
971746,26.23,79,40.52
975906,26.23,79,40.51
974870,26.23,79,40.51
975381,26.23,79,40.52
974069,26.23,79,40.52
970981,26.23,79,40.52
969730,26.23,79,40.52
974779,26.23,79,40.52
973174,26.23,79,40.52
973658,26.23,79,40.52
971588,26.23,79,40.52
969729,26.23,79,40.51
970171,26.23,79,40.51
972992,26.23,79,40.51
972702,26.23,79,40.51
976169,26.23,79,40.51
975307,26.23,79,40.51
976429,26.23,79,40.51
975720,26.23,79,40.51
973187,26.23,79,40.51
973362,26.23,79,40.51
976583,26.23,79,40.51
975954,26.23,79,40.51
976751,26.23,79,40.51
976167,26.23,79,40.51
971370,26.23,79,40.51
971093,26.23,79,40.51
974731,26.23,79,40.51
974451,26.23,79,40.51
970054,26.23,79,40.51
970685,26.23,79,40.51
973450,26.23,79,40.51
974071,26.23,79,40.51
970456,26.23,79,40.51
971445,26.23,79,40.51
973368,26.23,79,40.51
967017,26.24,79,40.51
974338,26.23,79,40.51
968694,26.24,79,40.51
972433,26.23,79,40.51
972027,26.23,79,40.51
974957,26.23,79,40.51
969788,26.24,79,40.51
975370,26.23,79,40.51
970434,26.24,79,40.51
969252,26.23,79,40.51
968047,26.23,79,40.52
971530,26.23,79,40.52
972712,26.23,79,40.51
966548,26.23,79,40.52
964254,26.23,79,40.52
967847,26.23,79,40.52
970116,26.23,79,40.52
961821,26.23,79,40.52
965329,26.23,79,40.52
964485,26.23,79,40.52
951244,26.24,79,40.52
968033,26.23,79,40.52
957600,26.24,79,40.52
935284,26.24,79,40.52
861865,26.24,79,40.52
919313,26.24,79,40.52
798684,26.24,79,40.52
967450,26.23,79,40.52
969299,26.23,79,40.51
970328,26.23,79,40.52
961673,26.24,79,40.52
972141,26.23,79,40.51
964793,26.24,79,40.51
950236,26.24,79,40.51
943978,26.24,79,40.52
894719,26.24,79,40.52
934607,26.23,79,40.52
871925,26.23,79,40.53
759923,26.23,79,40.53
875286,26.23,79,40.53
752454,26.23,79,40.53
689268,26.23,79,40.53
638117,26.23,79,40.53
839027,26.23,79,40.53
826499,26.23,79,40.53
946045,26.23,79,40.52
923801,26.23,79,40.52
951480,26.23,79,40.52
940597,26.23,79,40.52
928886,26.23,79,40.52
902850,26.23,79,40.52
963309,26.23,79,40.52
955052,26.23,79,40.52
968125,26.23,79,40.52
965423,26.23,79,40.52
972303,26.23,79,40.52
969715,26.23,79,40.52
969857,26.23,79,40.52
966360,26.23,79,40.52
955313,26.23,79,40.52
961906,26.23,79,40.52
960563,26.23,79,40.52
953559,26.23,79,40.52
966703,26.23,79,40.52
962130,26.23,79,40.52
919678,26.23,79,40.52
863141,26.23,79,40.52
917029,26.23,79,40.52
858717,26.23,79,40.52
841786,26.23,79,40.52
712327,26.23,79,40.52
746196,26.23,79,40.53
492961,26.23,79,40.53
356814,26.23,79,40.53
176792,26.23,79,40.53
663084,26.23,79,40.53
437202,26.23,79,40.53
156992,26.23,79,40.53
366557,26.23,79,40.53
62350,26.24,79,40.53
13346,26.24,79,40.53
204531,26.24,79,40.53
62160,26.24,79,40.53
2016,26.24,79,40.53
8225,26.24,79,40.53
619356,26.23,79,40.52
460508,26.24,79,40.52
191700,26.24,79,40.52
43062,26.24,79,40.52
143717,26.24,79,40.52
961415,26.23,79,40.52
956660,26.23,79,40.52
960248,26.23,79,40.52
965045,26.23,79,40.52
938078,26.23,79,40.52
950884,26.23,79,40.52
940454,26.23,79,40.52
954134,26.23,79,40.52
939813,26.23,79,40.52
790412,26.23,79,40.52
913903,26.23,79,40.52
937884,26.23,79,40.52
882242,26.24,79,40.52
675953,26.24,79,40.52
708167,26.24,79,40.52
904016,26.23,79,40.52
416227,26.24,79,40.52
773986,26.24,79,40.52
445338,26.24,79,40.52
324888,26.24,79,40.52
949912,26.23,79,40.52
957624,26.23,79,40.52
951442,26.23,79,40.52
923048,26.24,79,40.52
959683,26.23,79,40.52
941755,26.24,79,40.52
889835,26.24,79,40.52
684728,26.24,79,40.52
530975,26.24,79,40.52
821145,26.24,79,40.52
505635,26.24,79,40.52
86267,26.24,79,40.52
210049,26.24,79,40.52
11527,26.24,79,40.52
58557,26.24,79,40.52
156223,26.24,79,40.52
293403,26.24,79,40.52
1159,26.24,79,40.53
460,26.24,79,40.53
3464,26.24,79,40.52
549,26.24,79,40.52
21315,26.24,79,40.52
1702,26.24,79,40.52
194,26.24,79,40.53
283,26.24,79,40.53
96,26.24,79.01,40.53
115,26.24,79.01,40.53
92,26.24,79.01,40.53
185,26.24,79,40.52
288,26.24,79,40.52
172,26.24,79,40.52
300,26.24,79,40.52
59,26.24,79.01,40.52
51,26.24,79.01,40.52
151,26.24,79,40.52
775,26.24,79,40.52
212,26.24,79,40.52
3735,26.24,79,40.52
8677,26.24,79,40.52
39278,26.24,79,40.52
440,26.24,79,40.52
1693,26.24,79,40.52
90,26.24,79,40.52
80,26.24,79,40.52
16,26.25,79,40.52
41,26.25,79,40.52
11,26.25,79,40.52
64,26.25,79,40.52
954645,26.24,79,40.51
957880,26.24,79,40.51
959816,26.24,79,40.51
960904,26.24,79,40.51
960976,26.24,79,40.51
962242,26.24,79,40.51
959696,26.24,79,40.51
881665,26.24,79,40.51
485449,26.24,79,40.51
961313,26.24,79,40.51
890403,26.24,79,40.51
521504,26.24,79,40.51
912919,26.24,79,40.51
954617,26.24,79,40.51
958751,26.24,79,40.51
880563,26.24,79,40.51
950674,26.24,79,40.51
567975,26.24,79,40.51
827766,26.24,79,40.51
330012,26.24,79,40.51
956510,26.24,79,40.51
862356,26.24,79,40.51
417641,26.24,79,40.51
700431,26.24,79,40.52
451257,26.24,79,40.52
591850,26.24,79,40.52
292405,26.24,79,40.52
387076,26.24,79,40.51
77218,26.24,79,40.52
133413,26.24,79,40.51
58,26.25,79,40.52
3165,26.25,79,40.52
135,26.25,79,40.51
7184,26.25,79,40.51
105401,26.24,79,40.52
195358,26.24,79,40.52
6650,26.24,79,40.52
27984,26.24,79,40.52
12,26.25,79,40.52
182,26.25,79,40.52
26,26.25,79,40.52
980,26.25,79,40.52
300323,26.24,79,40.51
334241,26.24,79,40.51
2348,26.25,79,40.51
65005,26.25,79,40.51
4016,26.25,79,40.51
95443,26.25,79,40.51
191920,26.24,79,40.51
249650,26.24,79,40.51
328,26.25,79,40.51
14357,26.25,79,40.51
1073,26.25,79,40.51
32154,26.25,79,40.51
970695,26.23,79,40.5
970493,26.23,79,40.51
973520,26.23,79,40.51
973642,26.23,79,40.51
976914,26.23,79,40.51
976318,26.23,79,40.51
977041,26.23,79,40.51
976386,26.23,79,40.51
973757,26.23,79,40.51
973753,26.23,79,40.5
977206,26.23,79,40.5
976303,26.23,79,40.5
977191,26.23,79,40.51
976441,26.23,79,40.51
969333,26.23,79,40.5
970466,26.23,79,40.5
973692,26.23,79,40.5
973382,26.23,79,40.5
976959,26.23,79,40.5
975623,26.23,79,40.5
977219,26.23,79,40.5
976142,26.23,79,40.5
972932,26.23,79,40.5
972005,26.23,79,40.5
976632,26.23,79,40.5
975015,26.23,79,40.5
975806,26.23,79,40.5
973750,26.23,79,40.5
970606,26.23,79,40.5
969722,26.23,79,40.5
974045,26.23,79,40.5
973170,26.23,79,40.5
968586,26.23,79,40.5
966658,26.23,79,40.5
972076,26.23,79,40.5
970153,26.23,79,40.5
967569,26.23,79,40.5
964437,26.23,79,40.5
967109,26.23,79,40.5
954856,26.24,79,40.5
970318,26.23,79,40.5
960778,26.24,79,40.5
941009,26.24,79,40.5
875738,26.24,79,40.5
926885,26.24,79,40.5
821980,26.24,79,40.5
970829,26.23,79,40.5
969351,26.23,79,40.5
973748,26.23,79,40.5
967002,26.24,79,40.5
972301,26.23,79,40.5
964435,26.24,79,40.5
953838,26.24,79,40.5
948704,26.24,79,40.5
904369,26.24,79,40.5
971418,26.23,79,40.51
971082,26.23,79,40.5
974481,26.23,79,40.5
974809,26.23,79,40.51
971521,26.23,79,40.51
971522,26.23,79,40.51
974888,26.23,79,40.51
974883,26.23,79,40.51
972509,26.23,79,40.51
972595,26.23,79,40.51
975536,26.23,79,40.51
970626,26.24,79,40.51
975470,26.23,79,40.51
970382,26.24,79,40.51
971627,26.23,79,40.5
972262,26.23,79,40.51
975200,26.23,79,40.51
969755,26.24,79,40.51
974605,26.23,79,40.5
968624,26.24,79,40.5
966387,26.23,79,40.5
959431,26.23,79,40.49
970769,26.23,79,40.5
968511,26.23,79,40.5
974773,26.23,79,40.5
972223,26.23,79,40.5
972730,26.23,79,40.5
969310,26.23,79,40.5
965482,26.23,79,40.5
959788,26.23,79,40.49
970023,26.23,79,40.5
965560,26.23,79,40.5
964729,26.23,79,40.49
958009,26.23,79,40.49
942186,26.23,79,40.49
891465,26.23,79,40.49
803569,26.23,79,40.49
895688,26.23,79,40.49
801133,26.23,79,40.49
951671,26.23,79,40.49
933904,26.23,79,40.49
956832,26.23,79,40.49
946810,26.23,79,40.49
939199,26.23,79,40.49
919023,26.23,79,40.49
868391,26.23,79,40.49
751496,26.23,79,40.49
861832,26.23,79,40.49
793987,26.23,79,40.49
719358,26.23,79,40.49
592818,26.23,79,40.49
926717,26.23,79,40.49
885199,26.23,79,40.49
925484,26.23,79,40.49
879612,26.23,79,40.49
872833,26.23,79,40.49
772965,26.23,79,40.49
667648,26.23,79,40.49
413526,26.23,79,40.49
460734,26.23,79,40.49
224708,26.23,79,40.49
288769,26.24,79,40.49
107157,26.24,79,40.49
112438,26.24,79,40.49
36269,26.24,79,40.49
8734,26.24,79,40.49
36075,26.24,79,40.49
688331,26.23,79,40.49
549519,26.24,79,40.49
269010,26.24,79,40.49
117957,26.24,79,40.49
27295,26.24,79,40.49
283496,26.24,79,40.49
84628,26.24,79,40.49
959934,26.23,79,40.5
964211,26.23,79,40.5
967723,26.23,79,40.5
963406,26.23,79,40.5
943051,26.23,79,40.49
954424,26.23,79,40.5
957621,26.23,79,40.5
945532,26.23,79,40.49
944037,26.23,79,40.5
922172,26.23,79,40.49
821030,26.23,79,40.49
943129,26.23,79,40.5
897317,26.24,79,40.5
759443,26.24,79,40.49
916057,26.23,79,40.49
497939,26.24,79,40.49
813526,26.24,79,40.49
729090,26.24,79,40.5
370502,26.24,79,40.5
519698,26.24,79,40.49
196248,26.24,79,40.49
960615,26.23,79,40.5
953524,26.23,79,40.5
955215,26.23,79,40.5
929959,26.24,79,40.5
962712,26.23,79,40.5
946156,26.24,79,40.5
902368,26.24,79,40.5
724217,26.24,79,40.5
848182,26.24,79,40.5
566507,26.24,79,40.5
961151,26.24,79,40.51
960607,26.24,79,40.51
959370,26.24,79,40.51
957070,26.24,79,40.5
962506,26.24,79,40.51
961833,26.24,79,40.51
961586,26.24,79,40.51
891459,26.24,79,40.51
526886,26.24,79,40.51
960660,26.24,79,40.51
884864,26.24,79,40.51
505450,26.24,79,40.51
960448,26.24,79,40.51
919766,26.24,79,40.5
957501,26.24,79,40.5
889986,26.24,79,40.5
954303,26.24,79,40.5
599447,26.24,79,40.5
843642,26.24,79,40.5
392956,26.24,79,40.5
958554,26.24,79,40.51
870945,26.24,79,40.51
459902,26.24,79,40.51
718618,26.24,79,40.5
488284,26.24,79,40.5
615687,26.24,79,40.5
343814,26.24,79,40.51
330529,26.24,79,40.51
5636,26.25,79,40.51
107937,26.25,79,40.51
6603,26.25,79,40.51
102765,26.25,79,40.51
296003,26.24,79,40.51
247268,26.24,79,40.5
6599,26.25,79,40.51
5509,26.25,79,40.5
86252,26.25,79,40.51
64228,26.25,79,40.5
321230,26.24,79,40.5
425154,26.24,79,40.5
117966,26.24,79,40.5
183967,26.24,79,40.5
141436,26.24,79,40.5
221278,26.24,79,40.5
35584,26.24,79,40.5
68353,26.24,79,40.5
11,26.25,79.01,40.5
2228,26.25,79,40.5
23824,26.25,79,40.5
4010,26.25,79,40.5
42036,26.25,79,40.5
366,26.25,79,40.5
4658,26.25,79,40.5
890,26.25,79,40.5
11079,26.25,79,40.5
46649,26.24,79,40.49
107804,26.24,79,40.5
207673,26.24,79,40.5
340862,26.24,79,40.5
601,26.24,79,40.49
3131,26.24,79,40.49
7257,26.24,79,40.49
1415,26.24,79,40.49
5419,26.24,79,40.49
17001,26.24,79,40.49
183,26.24,79,40.49
162,26.24,79,40.49
4,26.24,79.01,40.49
121,26.24,79,40.49
4,26.24,79.01,40.49
865,26.24,79,40.49
330,26.24,79,40.49
2605,26.24,79,40.49
4,26.24,79.01,40.49
4,26.24,79.01,40.49
933,26.24,79,40.49
8412,26.24,79,40.49
2976,26.24,79,40.5
24532,26.24,79,40.5
127,26.24,79,40.49
232,26.24,79,40.5
39591,26.24,79,40.5
80835,26.24,79,40.5
6124,26.24,79,40.5
16184,26.24,79,40.5
64,26.25,79,40.5
577,26.25,79,40.5
159,26.25,79,40.5
1861,26.25,79,40.5
82,26.25,79.01,40.51
156,26.25,79.01,40.51
24,26.25,79.01,40.51
31,26.25,79.01,40.51
244,26.25,79.01,40.51
324,26.25,79.01,40.51
280,26.25,79.01,40.51
6,26.25,79.01,40.5
7,26.25,79.01,40.5
9,26.25,79.01,40.5
7,26.25,79.01,40.5
5,26.25,79.01,40.49
4,26.25,79.01,40.5
6,26.25,79.01,40.5
5,26.25,79.01,40.5
31,26.25,79.01,40.52
21,26.25,79.01,40.52
2,26.25,79.01,40.52
2,26.25,79.01,40.51
3,26.25,79.01,40.51
4,26.25,79.01,40.51
5,26.25,79.01,40.51
7,26.25,79.01,40.5
45,26.23,79,40.48
1146,26.23,79,40.48
25843,26.23,79,40.48
82663,26.23,79,40.49
10016,26.23,79,40.48
3698,26.23,79,40.48
40703,26.23,79,40.49
19866,26.23,79,40.49
508692,26.23,79,40.49
267789,26.23,79,40.49
421022,26.23,79,40.49
291447,26.23,79,40.49
172246,26.23,79,40.49
100637,26.23,79,40.49
318,26.23,79,40.48
27,26.23,79,40.48
273008,26.23,79,40.49
115520,26.23,79,40.49
165111,26.23,79,40.49
54954,26.23,79,40.49
8257,26.23,79,40.48
30613,26.23,79,40.49
2974,26.23,79,40.48
13279,26.23,79,40.49
78566,26.24,79,40.49
30210,26.24,79,40.49
23766,26.24,79,40.49
7139,26.24,79,40.49
714,26.23,79,40.48
55,26.24,79,40.48
2460,26.23,79,40.49
753,26.24,79,40.49
2,26.23,79,40.48
2,26.23,79,40.48
17,26.23,79,40.48
5,26.23,79,40.48
2,26.24,79,40.48
33,26.24,79,40.49
3638,26.24,79,40.49
699,26.24,79,40.49
12093,26.24,79,40.49
4082,26.24,79,40.49
112,26.24,79,40.49
3,26.24,79.01,40.49
98,26.24,79,40.49
182,26.24,79,40.49
242,26.24,79,40.49
596,26.24,79,40.49
3,26.24,79,40.48
2,26.24,79,40.48
10,26.24,79,40.48
2,26.24,79,40.49
66,26.24,79,40.49
2,26.24,79.01,40.49
2049,26.21,79,40.54
1279,26.2,79,40.54
1509,26.2,79,40.54
1801,26.21,79,40.54
1552,26.21,79,40.54
1859,26.2,79,40.54
1596,26.21,79,40.54
1739,26.21,79,40.54
1991,26.21,79,40.54
2044,26.21,79,40.54
2076,26.21,79,40.54
1854,26.21,79,40.54
2096,26.21,79,40.54
2140,26.22,79,40.54
2077,26.22,79,40.54
1521,26.21,79,40.54
1604,26.22,79,40.54
1749,26.22,79,40.54
1943,26.22,79,40.54
988,26.19,79,40.53
1221,26.2,79,40.53
998,26.2,79,40.53
1638,26.2,79,40.54
1462,26.2,79,40.53
1157,26.2,79,40.53
1385,26.2,79,40.53
1047,26.2,79,40.53
1262,26.2,79,40.54
1242,26.21,79,40.54
1004,26.2,79,40.53
1037,26.21,79,40.53
873,26.2,79,40.53
784,26.2,79,40.53
610,26.2,79,40.53
626,26.2,79,40.53
817,26.2,79,40.53
1365,26.21,79,40.53
1336,26.2,79,40.53
11890,26.21,79,40.53
1260,26.21,79,40.54
1276,26.21,79,40.53
1358,26.22,79,40.54
2816,26.22,79,40.53
1421,26.22,79,40.54
1683,26.22,79,40.54
2571,26.22,79,40.53
5953,26.22,79,40.53
6870,26.21,79,40.53
41311,26.22,79,40.53
39939,26.22,79,40.53
87711,26.22,79,40.53
324199,26.22,79,40.53
457804,26.22,79,40.53
343,26.19,79,40.52
196,26.19,79,40.52
117,26.19,79,40.52
254,26.19,79,40.51
125,26.19,79,40.51
87,26.19,79,40.51
156,26.19,79,40.51
74,26.19,79,40.51
62,26.19,79,40.51
109,26.19,79,40.51
45,26.19,79,40.51
42,26.19,79,40.51
369,26.19,79,40.52
682,26.19,79,40.52
845,26.19,79,40.52
534,26.19,79,40.53
871,26.19,79,40.53
501,26.19,79,40.52
232,26.19,79,40.52
641,26.19,79,40.52
411,26.19,79,40.52
500,26.19,79,40.52
297,26.19,79,40.52
160,26.19,79,40.52
553,26.2,79,40.52
347,26.2,79,40.52
627,26.2,79,40.52
20029,26.2,79,40.52
1580,26.2,79,40.52
63783,26.2,79,40.52
224600,26.2,79,40.52
427,26.2,79,40.53
353,26.2,79,40.52
431,26.2,79,40.53
940,26.2,79,40.53
394,26.2,79,40.52
4429,26.2,79,40.52
11330,26.2,79,40.53
72719,26.2,79,40.52
658666,26.21,79,40.52
906614,26.21,79,40.52
942497,26.21,79,40.52
819960,26.21,79,40.52
915186,26.21,79,40.52
952634,26.22,79,40.52
955176,26.22,79,40.52
939225,26.22,79,40.52
945434,26.22,79,40.52
121043,26.21,79,40.53
373076,26.21,79,40.52
651774,26.21,79,40.52
482210,26.21,79,40.52
741220,26.21,79,40.52
580071,26.21,79,40.52
824552,26.21,79,40.52
128140,26.21,79,40.53
286060,26.21,79,40.53
150086,26.21,79,40.53
320704,26.21,79,40.53
352696,26.21,79,40.53
559190,26.21,79,40.53
102565,26.21,79,40.53
432039,26.21,79,40.53
629517,26.21,79,40.53
695496,26.21,79,40.53
491881,26.21,79,40.53
284756,26.22,79,40.53
898300,26.22,79,40.52
919468,26.22,79,40.52
731856,26.22,79,40.53
808862,26.22,79,40.53
1989,26.2,79,40.51
1933,26.2,79,40.51
7025,26.2,79,40.51
7042,26.2,79,40.51
391588,26.2,79,40.51
343544,26.2,79,40.51
637152,26.2,79,40.51
917636,26.21,79,40.51
690193,26.2,79,40.51
925550,26.21,79,40.51
1644,26.2,79,40.51
1053,26.2,79,40.52
5453,26.2,79,40.51
3335,26.2,79,40.52
242685,26.2,79,40.51
143207,26.2,79,40.52
565543,26.2,79,40.51
492098,26.2,79,40.52
657309,26.2,79,40.52
725183,26.2,79,40.51
896214,26.21,79,40.51
398269,26.2,79,40.52
301644,26.2,79,40.52
558902,26.2,79,40.52
443723,26.2,79,40.52
443615,26.2,79,40.52
817646,26.21,79,40.52
843086,26.21,79,40.52
955189,26.21,79,40.51
962449,26.21,79,40.51
952568,26.21,79,40.51
961196,26.21,79,40.51
963559,26.22,79,40.51
963896,26.22,79,40.51
964361,26.22,79,40.51
964581,26.22,79,40.51
946768,26.21,79,40.51
958555,26.21,79,40.51
934823,26.21,79,40.52
953348,26.21,79,40.52
958831,26.22,79,40.52
960064,26.22,79,40.52
961966,26.22,79,40.51
962607,26.22,79,40.51
59,26.19,79,40.51
24,26.19,79,40.51
25,26.19,79,40.51
39,26.19,79,40.5
12,26.19,79,40.5
12,26.19,79,40.5
19,26.19,79,40.5
5,26.19,79,40.5
3,26.19,79,40.5
12,26.19,79,40.5
2,26.19,79,40.5
6,26.19,79,40.5
2,26.19,79,40.49
1469,26.2,79,40.51
843,26.2,79,40.5
5391,26.2,79,40.51
3520,26.2,79,40.5
388867,26.2,79,40.51
340063,26.2,79,40.5
692276,26.2,79,40.51
926165,26.21,79,40.51
645954,26.2,79,40.5
919925,26.21,79,40.5
337,26.2,79,40.5
90,26.2,79,40.5
1971,26.2,79,40.5
715,26.2,79,40.5
243521,26.2,79,40.5
137384,26.2,79,40.5
582302,26.2,79,40.5
514109,26.2,79,40.5
743112,26.2,79,40.5
681166,26.2,79,40.5
901996,26.21,79,40.5
421301,26.2,79,40.5
589320,26.2,79,40.5
321733,26.2,79,40.5
477986,26.2,79,40.5
857242,26.21,79,40.5
955544,26.21,79,40.51
962760,26.21,79,40.51
953672,26.21,79,40.5
962097,26.21,79,40.5
964681,26.22,79,40.51
964883,26.22,79,40.51
964492,26.22,79,40.5
964845,26.22,79,40.5
938549,26.21,79,40.5
955602,26.21,79,40.5
948775,26.21,79,40.5
960046,26.21,79,40.5
963483,26.22,79,40.5
964206,26.22,79,40.5
960983,26.22,79,40.5
962385,26.22,79,40.5
21,26.2,79,40.5
3,26.2,79,40.49
132,26.2,79,40.5
41103,26.2,79,40.5
26,26.2,79,40.49
6697,26.2,79,40.49
470346,26.2,79,40.5
233059,26.2,79,40.49
1318,26.2,79,40.49
96,26.2,79,40.49
64951,26.2,79,40.49
8648,26.2,79,40.49
836523,26.21,79,40.5
700385,26.21,79,40.49
915790,26.21,79,40.5
946503,26.21,79,40.5
849925,26.21,79,40.49
925290,26.21,79,40.49
955742,26.22,79,40.5
958433,26.22,79,40.5
944731,26.22,79,40.49
950322,26.22,79,40.49
409806,26.21,79,40.49
124063,26.21,79,40.49
706831,26.21,79,40.49
541130,26.21,79,40.49
790425,26.21,79,40.49
646412,26.21,79,40.49
857521,26.21,79,40.49
323431,26.21,79,40.49
145997,26.21,79,40.49
410652,26.21,79,40.49
629160,26.21,79,40.49
186929,26.21,79,40.49
382074,26.21,79,40.49
690654,26.21,79,40.49
496349,26.21,79,40.49
755595,26.21,79,40.49
566072,26.21,79,40.49
914841,26.22,79,40.49
930656,26.22,79,40.49
783613,26.22,79,40.49
846694,26.22,79,40.49
3,26.21,79,40.47
4,26.21,79,40.48
2,26.22,79,40.48
2,26.22,79,40.48
7,26.22,79,40.48
881,26.2,79,40.49
51,26.2,79,40.49
18003,26.21,79,40.49
1537,26.21,79,40.49
18572,26.21,79,40.49
52705,26.21,79,40.49
60412,26.21,79,40.49
157387,26.21,79,40.49
17046,26.21,79,40.49
43574,26.21,79,40.49
265700,26.21,79,40.49
105433,26.21,79,40.49
306143,26.21,79,40.49
113324,26.21,79,40.49
928,26.21,79,40.48
4831,26.21,79,40.49
810,26.21,79,40.48
2229,26.21,79,40.48
3917,26.21,79,40.49
10442,26.21,79,40.49
10429,26.21,79,40.48
33201,26.21,79,40.49
9560,26.21,79,40.48
33061,26.21,79,40.49
382357,26.22,79,40.49
535532,26.22,79,40.49
57921,26.22,79,40.49
120131,26.22,79,40.49
74,26.21,79,40.48
132,26.21,79,40.48
932,26.21,79,40.48
35,26.21,79,40.48
116,26.22,79,40.48
233,26.22,79,40.48
3512,26.22,79,40.48
7293,26.22,79,40.48
292,26.22,79,40.48
225,26.23,79,40.48
8583,26.22,79,40.48
6053,26.23,79,40.48
564769,26.22,79,40.49
489220,26.23,79,40.49
149018,26.22,79,40.49
109921,26.23,79,40.49
8,26.22,79,40.48
10,26.23,79,40.48
2280,26.22,79,40.54
2236,26.22,79,40.54
2361,26.22,79,40.54
2177,26.22,79,40.54
2118,26.22,79,40.54
2033,26.22,79,40.54
9682,26.22,79,40.53
111313,26.22,79,40.53
488881,26.22,79,40.53
2236,26.23,79,40.54
2187,26.23,79,40.54
2186,26.23,79,40.54
2187,26.23,79,40.54
2226,26.23,79,40.54
1600,26.23,79,40.54
1761,26.23,79,40.54
2185,26.23,79,40.54
1600,26.23,79,40.54
2269,26.23,79,40.54
9201,26.23,79,40.53
2200,26.23,79,40.54
3771,26.23,79,40.53
88645,26.23,79,40.53
413246,26.23,79,40.53
25031,26.23,79,40.53
68764,26.23,79,40.53
9036,26.23,79,40.53
33315,26.23,79,40.53
197657,26.23,79,40.53
420122,26.23,79,40.53
122895,26.23,79,40.53
326266,26.23,79,40.53
1933,26.23,79,40.54
2564,26.23,79,40.53
1316,26.24,79,40.54
1721,26.23,79,40.54
1825,26.23,79,40.53
13349,26.23,79,40.53
115198,26.23,79,40.53
3618,26.23,79,40.53
21484,26.24,79,40.53
54382,26.24,79,40.53
6196,26.24,79,40.53
16655,26.24,79,40.53
472,26.24,79,40.54
1188,26.24,79,40.54
313,26.24,79,40.54
522,26.24,79,40.53
1209,26.24,79,40.53
339,26.24,79,40.53
1360,26.24,79,40.53
337,26.24,79,40.53
839,26.24,79,40.53
1981,26.24,79,40.53
1152,26.24,79,40.53
3673,26.24,79,40.53
1317,26.24,79,40.53
342,26.24,79.01,40.53
601,26.24,79,40.53
434,26.24,79,40.53
611,26.24,79,40.53
833,26.24,79,40.53
842,26.24,79,40.53
867,26.24,79,40.53
184,26.24,79,40.53
294,26.24,79,40.53
190,26.24,79.01,40.53
961736,26.22,79,40.51
959043,26.22,79,40.52
963868,26.22,79,40.51
963137,26.22,79,40.51
919675,26.22,79,40.52
817453,26.22,79,40.53
953980,26.22,79,40.52
944109,26.22,79,40.52
964058,26.22,79,40.5
964150,26.22,79,40.51
961448,26.22,79,40.5
963347,26.22,79,40.5
957402,26.22,79,40.5
949087,26.22,79,40.49
928972,26.22,79,40.49
848296,26.22,79,40.49
955573,26.23,79,40.52
959077,26.23,79,40.51
966196,26.23,79,40.51
963233,26.23,79,40.52
960969,26.23,79,40.51
961910,26.23,79,40.51
967757,26.23,79,40.51
968538,26.23,79,40.51
963668,26.23,79,40.51
962168,26.23,79,40.51
962049,26.23,79,40.51
963495,26.23,79,40.51
964637,26.24,79,40.51
954750,26.24,79,40.51
966210,26.24,79,40.51
957516,26.24,79,40.51
964978,26.23,79,40.51
964426,26.23,79,40.51
967208,26.24,79,40.51
959110,26.24,79,40.51
967809,26.24,79,40.51
960062,26.24,79,40.51
959112,26.23,79,40.51
953544,26.23,79,40.52
949188,26.23,79,40.52
954322,26.23,79,40.52
950361,26.24,79,40.52
928479,26.24,79,40.52
956113,26.24,79,40.52
939960,26.24,79,40.52
894392,26.24,79,40.52
914139,26.24,79,40.52
896946,26.24,79,40.52
762070,26.24,79,40.52
864939,26.24,79,40.52
669335,26.24,79,40.52
957478,26.23,79,40.52
960175,26.23,79,40.51
959654,26.24,79,40.52
945944,26.24,79,40.52
962591,26.24,79,40.51
951227,26.24,79,40.51
923323,26.24,79,40.52
931512,26.24,79,40.51
924505,26.24,79,40.51
913145,26.24,79,40.52
820476,26.24,79,40.52
902818,26.23,79,40.52
771039,26.23,79,40.53
803763,26.23,79,40.53
648416,26.23,79,40.53
783862,26.23,79,40.53
591337,26.23,79,40.53
908154,26.23,79,40.52
949116,26.23,79,40.52
936300,26.23,79,40.52
957451,26.23,79,40.52
944754,26.23,79,40.52
813962,26.23,79,40.52
480338,26.23,79,40.53
142430,26.24,79,40.53
311886,26.24,79,40.53
56476,26.24,79,40.53
11475,26.24,79,40.53
168424,26.24,79,40.53
48431,26.24,79,40.53
3250,26.24,79,40.53
7996,26.24,79,40.53
534309,26.24,79,40.52
320617,26.24,79,40.52
370073,26.24,79,40.52
145769,26.24,79,40.52
30843,26.24,79,40.52
103520,26.24,79,40.52
942708,26.23,79,40.52
916122,26.23,79,40.52
711546,26.24,79,40.52
600943,26.24,79,40.52
915136,26.23,79,40.52
872788,26.23,79,40.52
903561,26.24,79,40.52
800648,26.24,79,40.52
842302,26.24,79,40.52
653506,26.24,79,40.52
694508,26.24,79,40.52
530715,26.24,79,40.52
238791,26.24,79,40.52
931203,26.23,79,40.52
943237,26.23,79,40.52
928265,26.24,79,40.52
875276,26.24,79,40.52
942979,26.24,79,40.52
912498,26.24,79,40.52
409145,26.24,79,40.52
804601,26.24,79,40.52
866765,26.24,79,40.52
809211,26.24,79,40.52
533241,26.24,79,40.52
701031,26.24,79,40.52
370628,26.24,79,40.52
56897,26.24,79,40.52
150147,26.24,79,40.52
6308,26.24,79,40.52
34696,26.24,79,40.52
404308,26.24,79,40.52
268885,26.24,79,40.52
98177,26.24,79,40.52
196429,26.24,79,40.52
810,26.24,79,40.53
380,26.24,79,40.53
1174,26.24,79,40.53
419,26.24,79,40.53
2434,26.24,79,40.52
338,26.24,79,40.52
12579,26.24,79,40.52
1021,26.24,79,40.52
46,26.25,79.01,40.53
137,26.24,79,40.53
134,26.24,79,40.53
226,26.24,79,40.53
229,26.24,79,40.53
110,26.24,79,40.52
231,26.24,79,40.52
109,26.24,79,40.52
238,26.24,79,40.52
68,26.24,79,40.52
65,26.24,79,40.52
5,26.25,79.01,40.52
88,26.24,79,40.52
529,26.24,79,40.52
138,26.24,79,40.52
2110,26.24,79,40.52
5522,26.24,79,40.52
19402,26.24,79,40.52
389,26.24,79,40.52
960,26.24,79,40.52
53,26.25,79,40.52
48,26.25,79,40.52
3,26.25,79,40.52
36,26.25,79,40.52
45,26.25,79,40.52
936675,26.24,79,40.51
940657,26.24,79,40.51
931543,26.24,79,40.51
936764,26.24,79,40.51
942836,26.24,79,40.51
939688,26.24,79,40.51
944182,26.24,79,40.51
941371,26.24,79,40.51
935805,26.24,79,40.51
938167,26.24,79,40.51
918910,26.24,79,40.51
734275,26.24,79,40.51
922709,26.24,79,40.51
751589,26.24,79,40.51
560737,26.24,79,40.51
582719,26.24,79,40.51
856034,26.24,79,40.51
924305,26.24,79,40.51
932537,26.24,79,40.51
769242,26.24,79,40.51
898535,26.24,79,40.51
647264,26.24,79,40.51
911722,26.24,79,40.51
699127,26.24,79,40.51
461803,26.24,79,40.51
517193,26.24,79,40.51
767548,26.24,79,40.51
719712,26.24,79,40.52
543211,26.24,79,40.52
625659,26.24,79,40.51
536711,26.24,79,40.52
643736,26.24,79,40.52
313311,26.24,79,40.52
435117,26.24,79,40.52
181732,26.24,79,40.52
249773,26.24,79,40.51
29309,26.24,79,40.52
65989,26.24,79,40.51
22,26.25,79,40.52
1132,26.25,79,40.52
64,26.25,79,40.51
3114,26.25,79,40.51
50347,26.24,79,40.52
111021,26.24,79,40.52
2513,26.24,79,40.52
8934,26.24,79,40.52
87,26.25,79,40.52
5,26.25,79,40.52
331,26.25,79,40.52
181499,26.24,79,40.51
205809,26.24,79,40.51
968,26.25,79,40.51
23774,26.25,79,40.51
1700,26.25,79,40.51
38196,26.25,79,40.51
107901,26.24,79,40.51
147683,26.24,79,40.51
169,26.25,79,40.51
6680,26.25,79,40.51
459,26.25,79,40.51
12874,26.25,79,40.51
961889,26.23,79,40.5
962200,26.23,79,40.51
968829,26.23,79,40.51
968650,26.23,79,40.5
958044,26.23,79,40.5
960712,26.23,79,40.5
967736,26.23,79,40.5
965503,26.23,79,40.5
960929,26.23,79,40.5
956212,26.23,79,40.5
957062,26.23,79,40.5
952411,26.23,79,40.5
953778,26.24,79,40.5
933891,26.24,79,40.5
959025,26.24,79,40.5
944359,26.24,79,40.5
902626,26.24,79,40.5
920101,26.24,79,40.5
905506,26.24,79,40.5
780818,26.24,79,40.5
877799,26.24,79,40.5
697404,26.24,79,40.5
962050,26.23,79,40.5
959811,26.23,79,40.5
964604,26.24,79,40.5
954198,26.24,79,40.5
962159,26.24,79,40.5
949720,26.24,79,40.5
935492,26.24,79,40.5
928471,26.24,79,40.5
929612,26.24,79,40.5
919952,26.24,79,40.5
832671,26.24,79,40.5
963186,26.23,79,40.5
963992,26.23,79,40.51
964958,26.23,79,40.51
965161,26.23,79,40.51
967996,26.24,79,40.51
960298,26.24,79,40.51
967773,26.24,79,40.51
959822,26.24,79,40.51
963414,26.23,79,40.5
964436,26.23,79,40.51
967201,26.24,79,40.51
958824,26.24,79,40.51
966098,26.24,79,40.5
956790,26.24,79,40.5
952605,26.23,79,40.5
941302,26.23,79,40.49
960584,26.23,79,40.5
949229,26.23,79,40.49
913241,26.23,79,40.49
807891,26.23,79,40.49
918968,26.23,79,40.49
837550,26.23,79,40.49
711399,26.23,79,40.49
823546,26.23,79,40.49
733368,26.23,79,40.49
669818,26.23,79,40.49
537188,26.23,79,40.49
843149,26.23,79,40.49
673869,26.23,79,40.49
485156,26.23,79,40.49
593716,26.23,79,40.49
366943,26.23,79,40.49
389111,26.24,79,40.49
202225,26.24,79,40.49
238275,26.24,79,40.49
98094,26.24,79,40.49
100830,26.24,79,40.49
41599,26.24,79,40.49
14150,26.24,79,40.49
37245,26.24,79,40.49
602531,26.24,79,40.49
451807,26.24,79,40.49
400798,26.24,79,40.49
220427,26.24,79,40.49
97546,26.24,79,40.49
27432,26.24,79,40.49
217050,26.24,79,40.49
66726,26.24,79,40.49
946279,26.23,79,40.5
922015,26.23,79,40.49
752923,26.24,79,40.49
662096,26.24,79,40.49
921161,26.23,79,40.5
886006,26.23,79,40.49
912512,26.24,79,40.5
829563,26.24,79,40.5
863638,26.24,79,40.49
706064,26.24,79,40.49
740288,26.24,79,40.5
592053,26.24,79,40.49
591718,26.24,79,40.5
269006,26.24,79,40.5
398263,26.24,79,40.49
147842,26.24,79,40.49
946772,26.23,79,40.5
935787,26.23,79,40.5
933732,26.24,79,40.5
888551,26.24,79,40.5
946883,26.24,79,40.5
919740,26.24,79,40.5
827098,26.24,79,40.5
878725,26.24,79,40.5
831419,26.24,79,40.5
575204,26.24,79,40.5
740209,26.24,79,40.5
424305,26.24,79,40.5
944477,26.24,79,40.51
941726,26.24,79,40.51
943812,26.24,79,40.51
940852,26.24,79,40.51
942401,26.24,79,40.51
938904,26.24,79,40.51
939398,26.24,79,40.5
934906,26.24,79,40.5
938487,26.24,79,40.51
937138,26.24,79,40.51
923282,26.24,79,40.51
754304,26.24,79,40.51
920870,26.24,79,40.51
741552,26.24,79,40.51
574432,26.24,79,40.51
588084,26.24,79,40.51
864211,26.24,79,40.5
934935,26.24,79,40.51
928448,26.24,79,40.5
782668,26.24,79,40.5
905047,26.24,79,40.5
670732,26.24,79,40.5
915801,26.24,79,40.51
715441,26.24,79,40.51
542877,26.24,79,40.51
494970,26.24,79,40.5
776351,26.24,79,40.5
732368,26.24,79,40.5
565271,26.24,79,40.5
645827,26.24,79,40.5
662908,26.24,79,40.5
564082,26.24,79,40.5
347056,26.24,79,40.5
458849,26.24,79,40.5
215488,26.24,79,40.51
209676,26.24,79,40.51
2541,26.25,79,40.51
48749,26.25,79,40.51
3152,26.25,79,40.51
51110,26.25,79,40.51
188223,26.24,79,40.51
156829,26.24,79,40.5
3139,26.25,79,40.51
2637,26.25,79,40.5
45583,26.25,79,40.51
35662,26.25,79,40.5
223245,26.24,79,40.5
295007,26.24,79,40.5
78599,26.24,79,40.5
117847,26.24,79,40.5
97540,26.24,79,40.5
152889,26.24,79,40.5
24421,26.24,79,40.5
46393,26.24,79,40.5
1040,26.25,79,40.5
13922,26.25,79,40.5
1971,26.25,79,40.5
23917,26.25,79,40.5
231,26.25,79,40.5
3169,26.25,79,40.5
479,26.25,79,40.5
6933,26.25,79,40.5
116953,26.24,79,40.49
203374,26.24,79,40.5
39512,26.24,79,40.49
78313,26.24,79,40.5
443716,26.24,79,40.5
317115,26.24,79,40.5
144128,26.24,79,40.5
235818,26.24,79,40.5
4127,26.24,79,40.49
26905,26.24,79,40.49
56639,26.24,79,40.49
7696,26.24,79,40.49
17739,26.24,79,40.49
3,26.25,79.01,40.49
208,26.24,79,40.49
299,26.24,79,40.49
1513,26.24,79,40.49
631,26.24,79,40.49
3235,26.24,79,40.49
83,26.24,79,40.49
66,26.24,79,40.49
3,26.25,79.01,40.49
1443,26.24,79,40.49
8130,26.24,79,40.49
2786,26.24,79,40.5
16666,26.24,79,40.5
144,26.25,79,40.49
237,26.25,79,40.5
30879,26.24,79,40.5
55361,26.24,79,40.5
5225,26.24,79,40.5
11847,26.24,79,40.5
43,26.25,79,40.5
4,26.25,79.01,40.5
530,26.25,79,40.5
100,26.25,79,40.5
1324,26.25,79,40.5
10,26.25,79,40.53
2,26.25,79,40.52
3,26.25,79,40.51
29,26.25,79,40.51
46,26.25,79,40.51
7,26.25,79,40.51
16,26.25,79,40.51
69,26.25,79,40.51
95,26.25,79,40.51
116,26.25,79,40.51
125,26.25,79,40.5
5,26.25,79.01,40.5
78,26.25,79,40.5
5,26.25,79.01,40.5
111,26.25,79,40.5
5,26.25,79.01,40.5
4,26.25,79.01,40.5
2,26.25,79,40.49
4,26.25,79.01,40.49
4,26.25,79.01,40.5
4,26.25,79.01,40.5
2,26.25,79.01,40.52
2,26.25,79.01,40.51
2,26.25,79.01,40.51
3,26.25,79.01,40.51
4,26.25,79.01,40.51
4,26.25,79.01,40.51
5,26.25,79.01,40.5
130,26.23,79,40.48
3309,26.23,79,40.48
59791,26.23,79,40.49
331621,26.23,79,40.49
994,26.23,79,40.48
87,26.24,79,40.48
153897,26.23,79,40.49
20504,26.23,79,40.49
31815,26.24,79,40.49
80338,26.24,79,40.49
12299,26.24,79,40.49
36291,26.24,79,40.49
2056,26.24,79,40.49
2,26.23,79,40.48
6,26.23,79,40.48
51,26.23,79,40.48
2,26.23,79,40.48
2,26.23,79,40.48
6,26.24,79,40.48
27,26.24,79,40.49
6154,26.24,79,40.49
257,26.24,79,40.49
433,26.24,79,40.49
4,26.24,79,40.48
4,26.24,79,40.48
2,26.24,79,40.48
6,26.24,79,40.48
19,26.24,79,40.48
2,26.24,79,40.48
2,26.25,79,40.49
10,26.24,79,40.49
2,26.24,79,40.49
2,26.25,79,40.49
34,26.24,79,40.49
2331,26.22,79,40.55
1473,26.19,79,40.53
2041,26.19,79,40.54
2171,26.2,79,40.54
1557,26.2,79,40.54
2038,26.21,79,40.54
1793,26.21,79,40.54
2113,26.2,79,40.54
1881,26.2,79,40.54
1274,26.2,79,40.54
1535,26.21,79,40.54
1605,26.21,79,40.54
1424,26.21,79,40.54
1720,26.21,79,40.54
1715,26.21,79,40.54
1814,26.21,79,40.54
2292,26.21,79,40.54
2318,26.22,79,40.54
1919,26.22,79,40.54
2018,26.22,79,40.54
1480,26.21,79,40.54
1919,26.22,79,40.54
1605,26.22,79,40.54
2052,26.22,79,40.54
1748,26.22,79,40.54
1914,26.22,79,40.54
1276,26.19,79,40.53
710,26.19,79,40.53
848,26.2,79,40.53
649,26.2,79,40.53
1697,26.19,79,40.54
1381,26.2,79,40.54
1649,26.2,79,40.54
1140,26.2,79,40.53
1186,26.2,79,40.54
1049,26.2,79,40.53
992,26.2,79,40.53
1178,26.21,79,40.54
1216,26.21,79,40.54
1054,26.21,79,40.53
1397,26.21,79,40.53
780,26.2,79,40.53
847,26.2,79,40.53
649,26.2,79,40.53
1330,26.2,79,40.53
1500,26.21,79,40.53
6482,26.21,79,40.53
9619,26.21,79,40.53
71905,26.21,79,40.53
1345,26.21,79,40.54
3160,26.21,79,40.53
1768,26.22,79,40.54
9924,26.22,79,40.53
1648,26.22,79,40.54
2182,26.22,79,40.54
8017,26.22,79,40.53
16397,26.22,79,40.53
36089,26.21,79,40.53
110407,26.22,79,40.53
104823,26.22,79,40.53
152951,26.22,79,40.53
445470,26.22,79,40.53
515029,26.22,79,40.53
431,26.19,79,40.52
239,26.19,79,40.52
115,26.19,79,40.52
166,26.19,79,40.51
74,26.19,79,40.51
220,26.19,79,40.51
100,26.19,79,40.51
46,26.19,79,40.51
69,26.19,79,40.51
25,26.19,79,40.51
827,26.19,79,40.52
419,26.19,79,40.52
1135,26.19,79,40.53
663,26.19,79,40.52
546,26.19,79,40.53
1006,26.19,79,40.53
751,26.19,79,40.52
479,26.19,79,40.52
290,26.19,79,40.52
355,26.19,79,40.52
191,26.19,79,40.52
305,26.19,79,40.52
283,26.19,79,40.52
453,26.19,79,40.53
371,26.19,79,40.52
8710,26.2,79,40.52
3081,26.2,79,40.52
8077,26.2,79,40.52
117429,26.2,79,40.52
25203,26.2,79,40.52
247447,26.2,79,40.52
456748,26.21,79,40.52
683,26.2,79,40.53
1168,26.2,79,40.52
744,26.2,79,40.53
6987,26.2,79,40.53
2180,26.2,79,40.52
37047,26.2,79,40.52
72203,26.21,79,40.53
231475,26.21,79,40.52
761945,26.21,79,40.52
907854,26.21,79,40.52
933332,26.22,79,40.52
855503,26.21,79,40.52
909475,26.22,79,40.52
941766,26.22,79,40.52
943186,26.22,79,40.52
926657,26.22,79,40.52
930394,26.22,79,40.52
285331,26.21,79,40.53
563340,26.21,79,40.52
710586,26.21,79,40.52
842970,26.22,79,40.52
234912,26.21,79,40.53
395016,26.21,79,40.53
410574,26.22,79,40.53
643985,26.22,79,40.53
887522,26.22,79,40.52
899512,26.22,79,40.52
757997,26.22,79,40.53
794995,26.22,79,40.53
305,26.19,79,40.52
372,26.19,79,40.51
407,26.19,79,40.51
344,26.19,79,40.51
57826,26.2,79,40.51
68751,26.2,79,40.51
183227,26.2,79,40.51
156074,26.2,79,40.51
642810,26.2,79,40.51
605489,26.2,79,40.51
801617,26.2,79,40.51
919780,26.21,79,40.51
822758,26.2,79,40.51
925507,26.21,79,40.51
38803,26.2,79,40.51
20598,26.2,79,40.52
107217,26.2,79,40.51
58643,26.2,79,40.52
519651,26.2,79,40.51
392754,26.2,79,40.52
757071,26.2,79,40.51
906613,26.21,79,40.51
651860,26.21,79,40.52
642272,26.2,79,40.52
851881,26.21,79,40.52
879431,26.21,79,40.52
947274,26.21,79,40.51
954530,26.22,79,40.51
944746,26.21,79,40.51
953007,26.22,79,40.51
955773,26.22,79,40.51
955913,26.22,79,40.51
956966,26.22,79,40.51
957047,26.22,79,40.51
939439,26.21,79,40.51
949927,26.22,79,40.51
929085,26.21,79,40.52
944146,26.22,79,40.52
949217,26.22,79,40.52
949833,26.22,79,40.52
953468,26.22,79,40.51
953749,26.22,79,40.51
96,26.19,79,40.51
38,26.19,79,40.51
13,26.19,79,40.51
24,26.19,79,40.5
5,26.19,79,40.5
36,26.19,79,40.5
12,26.19,79,40.5
7,26.19,79,40.5
16,26.19,79,40.5
2,26.19,79,40.5
3,26.19,79,40.49
215,26.19,79,40.51
108,26.19,79,40.5
48,26.19,79,40.5
21,26.19,79,40.5
63320,26.2,79,40.51
41531,26.2,79,40.5
183292,26.2,79,40.51
154919,26.2,79,40.5
644915,26.2,79,40.51
612023,26.2,79,40.5
824398,26.2,79,40.51
926135,26.21,79,40.51
807504,26.2,79,40.5
921913,26.21,79,40.5
17045,26.2,79,40.5
4629,26.2,79,40.5
98720,26.2,79,40.5
38392,26.2,79,40.5
531488,26.2,79,40.5
407309,26.2,79,40.5
770605,26.2,79,40.5
910905,26.21,79,40.5
666664,26.2,79,40.5
887758,26.21,79,40.5
947670,26.21,79,40.51
954861,26.22,79,40.51
945952,26.21,79,40.5
953988,26.22,79,40.5
957255,26.22,79,40.51
957324,26.22,79,40.51
956691,26.22,79,40.5
956828,26.22,79,40.5
932799,26.21,79,40.5
946778,26.22,79,40.5
941588,26.21,79,40.5
951626,26.22,79,40.5
955106,26.22,79,40.5
955439,26.22,79,40.5
951729,26.22,79,40.5
952464,26.22,79,40.5
2,26.19,79,40.49
8,26.19,79,40.5
1326,26.2,79,40.5
337,26.2,79,40.49
6696,26.2,79,40.5
257587,26.2,79,40.5
1617,26.2,79,40.49
115192,26.2,79,40.49
678324,26.21,79,40.5
487901,26.21,79,40.49
42,26.2,79,40.49
284,26.2,79,40.49
27669,26.2,79,40.49
18,26.2,79,40.49
3591,26.2,79,40.49
248240,26.21,79,40.49
73383,26.21,79,40.49
864889,26.21,79,40.5
790354,26.21,79,40.49
915425,26.21,79,40.5
937730,26.22,79,40.5
874551,26.21,79,40.49
918934,26.22,79,40.49
945492,26.22,79,40.5
946995,26.22,79,40.5
933199,26.22,79,40.49
936290,26.22,79,40.49
606071,26.21,79,40.49
306511,26.21,79,40.49
754092,26.21,79,40.49
868285,26.22,79,40.49
440226,26.21,79,40.49
699583,26.22,79,40.49
903525,26.22,79,40.49
911719,26.22,79,40.49
799674,26.22,79,40.49
828258,26.22,79,40.49
2,26.21,79,40.47
9,26.22,79,40.47
11,26.22,79,40.47
9,26.21,79,40.48
9,26.22,79,40.48
4,26.22,79,40.48
8,26.22,79,40.48
26,26.22,79,40.48
33,26.22,79,40.48
5,26.2,79,40.49
280,26.2,79,40.49
10782,26.21,79,40.49
884,26.21,79,40.49
22,26.21,79,40.48
86635,26.21,79,40.49
10824,26.21,79,40.49
119711,26.21,79,40.49
331186,26.22,79,40.49
13913,26.21,79,40.49
58953,26.22,79,40.49
506536,26.22,79,40.49
578749,26.22,79,40.49
135372,26.22,79,40.49
197861,26.22,79,40.49
24,26.21,79,40.48
808,26.21,79,40.48
899,26.21,79,40.48
4338,26.22,79,40.48
17,26.21,79,40.48
186,26.22,79,40.48
538,26.22,79,40.48
758,26.22,79,40.48
11489,26.22,79,40.48
17752,26.22,79,40.48
915,26.23,79,40.48
632,26.23,79,40.48
17292,26.23,79,40.48
12153,26.23,79,40.48
561626,26.23,79,40.49
466828,26.23,79,40.49
191076,26.23,79,40.49
136024,26.23,79,40.49
4,26.22,79,40.47
7,26.22,79,40.48
4,26.23,79,40.48
72,26.23,79,40.48
46,26.23,79,40.48
2,26.22,79,40.47
2212,26.22,79,40.55
2189,26.22,79,40.54
2300,26.22,79,40.54
2243,26.22,79,40.54
2214,26.23,79,40.54
2047,26.23,79,40.54
2676,26.23,79,40.54
19279,26.23,79,40.53
152386,26.23,79,40.53
498564,26.23,79,40.53
2113,26.22,79,40.55
1765,26.23,79,40.54
2149,26.23,79,40.54
2242,26.23,79,40.54
2207,26.23,79,40.54
2166,26.23,79,40.54
2093,26.23,79,40.54
1079,26.24,79,40.54
1784,26.23,79,40.54
1346,26.23,79,40.54
1905,26.23,79,40.54
1683,26.23,79,40.54
1238,26.24,79,40.54
2753,26.23,79,40.54
14188,26.23,79,40.53
2190,26.23,79,40.54
5500,26.23,79,40.53
105898,26.23,79,40.53
395475,26.23,79,40.53
45554,26.23,79,40.53
256220,26.23,79,40.53
1776,26.23,79,40.54
2618,26.23,79,40.53
1506,26.24,79,40.54
1577,26.24,79,40.53
15571,26.23,79,40.53
108376,26.23,79,40.53
3748,26.24,79,40.53
22012,26.24,79,40.53
53225,26.24,79,40.53
6301,26.24,79,40.53
16929,26.24,79,40.53
435,26.24,79,40.54
374,26.24,79,40.54
709,26.24,79,40.54
414,26.24,79,40.54
159,26.24,79,40.54
797,26.24,79,40.53
150,26.24,79,40.53
462,26.24,79,40.53
883,26.24,79,40.53
436,26.24,79,40.53
2918,26.24,79,40.53
510,26.24,79,40.53
74,26.24,79,40.53
9,26.25,79,40.53
236,26.24,79,40.53
64,26.24,79,40.53
46,26.25,79,40.53
243,26.24,79,40.53
951659,26.23,79,40.51
947345,26.23,79,40.52
955299,26.23,79,40.51
954071,26.23,79,40.51
892402,26.23,79,40.52
781618,26.23,79,40.53
939998,26.23,79,40.52
925960,26.23,79,40.52
954989,26.23,79,40.5
955578,26.23,79,40.51
950038,26.23,79,40.5
953383,26.23,79,40.5
943886,26.23,79,40.5
931733,26.23,79,40.49
903625,26.23,79,40.49
813053,26.23,79,40.49
940682,26.23,79,40.52
946294,26.23,79,40.51
952815,26.23,79,40.51
947418,26.23,79,40.52
949457,26.23,79,40.51
951041,26.23,79,40.51
955818,26.23,79,40.51
957293,26.23,79,40.51
946138,26.23,79,40.51
943473,26.23,79,40.51
946416,26.24,79,40.51
949753,26.24,79,40.51
937951,26.23,79,40.51
927888,26.23,79,40.52
926022,26.24,79,40.52
800921,26.24,79,40.52
939327,26.24,79,40.51
863529,26.24,79,40.51
862651,26.23,79,40.52
712648,26.23,79,40.53
637617,26.23,79,40.53
851629,26.23,79,40.52
930944,26.23,79,40.52
911614,26.23,79,40.52
937441,26.23,79,40.52
916034,26.23,79,40.52
708508,26.23,79,40.52
388216,26.23,79,40.53
128803,26.24,79,40.53
266181,26.24,79,40.53
50026,26.24,79,40.53
15729,26.24,79,40.53
140530,26.24,79,40.53
42325,26.24,79,40.53
16789,26.24,79,40.53
39846,26.24,79,40.53
3272,26.24,79,40.53
8111,26.24,79,40.53
627823,26.24,79,40.52
454273,26.24,79,40.52
498035,26.24,79,40.52
245315,26.24,79,40.52
300815,26.24,79,40.52
112626,26.24,79,40.52
91041,26.24,79,40.52
192262,26.24,79,40.52
22653,26.24,79,40.52
75385,26.24,79,40.52
907602,26.23,79,40.52
856419,26.23,79,40.52
585357,26.24,79,40.52
796033,26.24,79,40.52
424127,26.24,79,40.52
481364,26.24,79,40.52
335394,26.24,79,40.52
177256,26.24,79,40.52
314099,26.24,79,40.52
894490,26.24,79,40.52
645644,26.24,79,40.52
34484,26.24,79,40.52
152150,26.24,79,40.52
638,26.24,79,40.53
2722,26.24,79,40.52
108,26.24,79,40.53
26,26.25,79,40.53
132,26.24,79,40.52
20,26.25,79,40.52
750,26.24,79,40.52
3996,26.24,79,40.52
12402,26.24,79,40.52
340,26.25,79,40.52
623,26.25,79,40.52
20,26.25,79,40.52
31,26.25,79,40.52
36,26.25,79,40.52
885889,26.24,79,40.51
896300,26.24,79,40.51
407306,26.24,79,40.51
829619,26.24,79,40.51
429426,26.24,79,40.51
315325,26.24,79,40.51
800805,26.24,79,40.51
365780,26.24,79,40.51
475616,26.24,79,40.51
318592,26.24,79,40.52
111223,26.24,79,40.52
164478,26.24,79,40.51
12796,26.25,79,40.52
31833,26.25,79,40.51
18,26.25,79,40.52
583,26.25,79,40.52
49,26.25,79,40.51
1472,26.25,79,40.51
23016,26.24,79,40.52
61919,26.24,79,40.52
1419,26.25,79,40.52
4090,26.25,79,40.52
76,26.25,79,40.52
2,26.25,79,40.52
178,26.25,79,40.52
289425,26.24,79,40.51
309935,26.24,79,40.51
109837,26.25,79,40.51
128114,26.25,79,40.51
401,26.25,79,40.51
8390,26.25,79,40.51
650,26.25,79,40.51
13045,26.25,79,40.51
212853,26.24,79,40.51
254509,26.24,79,40.51
57007,26.25,79,40.51
86802,26.25,79,40.51
121,26.25,79,40.51
2997,26.25,79,40.51
214,26.25,79,40.51
5459,26.25,79,40.51
950465,26.23,79,40.5
951348,26.23,79,40.51
957604,26.23,79,40.51
956817,26.23,79,40.5
943561,26.23,79,40.5
948163,26.23,79,40.5
954618,26.23,79,40.5
950132,26.23,79,40.5
940422,26.23,79,40.5
931481,26.23,79,40.5
930446,26.24,79,40.5
814328,26.24,79,40.5
942390,26.24,79,40.5
870524,26.24,79,40.5
944824,26.23,79,40.5
946557,26.23,79,40.51
950242,26.24,79,40.51
948025,26.24,79,40.5
935040,26.23,79,40.5
917815,26.23,79,40.49
941199,26.23,79,40.5
921927,26.23,79,40.49
876950,26.23,79,40.49
753451,26.23,79,40.49
869861,26.23,79,40.49
695910,26.23,79,40.49
745583,26.23,79,40.49
452545,26.23,79,40.49
336746,26.24,79,40.49
185018,26.24,79,40.49
205392,26.24,79,40.49
96130,26.24,79,40.49
48182,26.24,79,40.49
678042,26.24,79,40.49
522959,26.24,79,40.49
567075,26.24,79,40.49
378132,26.24,79,40.49
183589,26.24,79,40.49
912867,26.23,79,40.5
868633,26.23,79,40.49
819762,26.24,79,40.49
432635,26.24,79,40.49
902069,26.24,79,40.5
677635,26.24,79,40.5
897381,26.24,79,40.51
889608,26.24,79,40.5
425424,26.24,79,40.51
831739,26.24,79,40.51
436925,26.24,79,40.51
397654,26.24,79,40.51
808575,26.24,79,40.5
354754,26.24,79,40.5
499173,26.24,79,40.5
349565,26.24,79,40.5
318692,26.24,79,40.51
310678,26.24,79,40.51
134901,26.25,79,40.51
133227,26.25,79,40.51
1010,26.25,79,40.51
16484,26.25,79,40.51
1290,26.25,79,40.51
19531,26.25,79,40.51
290466,26.24,79,40.51
256637,26.24,79,40.5
120195,26.25,79,40.51
101257,26.25,79,40.5
1361,26.25,79,40.51
1233,26.25,79,40.5
17957,26.25,79,40.51
15571,26.25,79,40.5
164157,26.24,79,40.5
213166,26.24,79,40.5
55127,26.25,79,40.5
77793,26.25,79,40.5
75318,26.24,79,40.5
114677,26.24,79,40.5
21154,26.25,79,40.5
34993,26.25,79,40.5
646,26.25,79,40.5
7406,26.25,79,40.5
914,26.25,79,40.5
10807,26.25,79,40.5
313,26.25,79,40.5
2731,26.25,79,40.5
416,26.25,79,40.5
4323,26.25,79,40.5
82096,26.24,79,40.49
194291,26.24,79,40.5
4433,26.24,79,40.49
23977,26.24,79,40.49
280,26.24,79,40.49
16,26.25,79,40.49
1748,26.24,79,40.49
2,26.25,79,40.49
61,26.25,79,40.49
6697,26.24,79,40.49
186,26.25,79,40.5
26655,26.24,79,40.5
43321,26.24,79,40.5
6328,26.25,79,40.5
11661,26.25,79,40.5
93,26.25,79,40.5
709,26.25,79,40.5
177,26.25,79,40.5
1334,26.25,79,40.5
2,26.25,79,40.52
4,26.25,79,40.51
20,26.25,79,40.51
29,26.25,79,40.51
8,26.25,79,40.51
12,26.25,79,40.51
41,26.25,79,40.51
55,26.25,79,40.51
60,26.25,79,40.51
65,26.25,79,40.5
4,26.25,79.01,40.5
45,26.25,79,40.5
51,26.25,79,40.5
39,26.25,79,40.5
33,26.25,79,40.5
4,26.25,79.01,40.5
2,26.25,79,40.49
2,26.25,79,40.49
19,26.25,79,40.5
19,26.25,79,40.5
3,26.25,79,40.49
3,26.25,79,40.5
2,26.25,79.01,40.51
3,26.25,79.01,40.51
4,26.25,79.01,40.51
4,26.25,79.01,40.5
392,26.23,79,40.48
6419,26.23,79,40.48
73275,26.23,79,40.49
301621,26.23,79,40.49
1841,26.24,79,40.48
201,26.24,79,40.48
132762,26.24,79,40.49
24524,26.24,79,40.49
42067,26.24,79,40.49
4102,26.24,79,40.49
6,26.23,79,40.47
9,26.23,79,40.48
4,26.23,79,40.48
62,26.23,79,40.48
2,26.24,79,40.48
145,26.24,79,40.48
8,26.23,79,40.48
2,26.24,79,40.48
18,26.24,79,40.48
7,26.24,79,40.48
6,26.24,79,40.48
38,26.24,79,40.49
5633,26.24,79,40.49
428,26.24,79,40.49
428,26.24,79,40.49
5,26.24,79,40.48
18,26.24,79,40.48
10,26.24,79,40.48
55,26.24,79,40.48
4,26.24,79,40.48
6,26.25,79,40.49
2,26.25,79,40.49
2,26.25,79,40.48
8,26.24,79,40.49
36,26.24,79,40.49
2,26.25,79,40.49
1956,26.18,79,40.53
1719,26.18,79,40.53
2410,26.2,79,40.55
2413,26.21,79,40.55
2241,26.21,79,40.55
1929,26.22,79,40.55
2333,26.21,79,40.55
2327,26.22,79,40.55
2147,26.22,79,40.55
1848,26.19,79,40.54
1212,26.19,79,40.53
1514,26.19,79,40.53
2326,26.19,79,40.54
2220,26.19,79,40.54
1703,26.19,79,40.54
2175,26.2,79,40.54
2372,26.2,79,40.55
2322,26.2,79,40.54
2300,26.21,79,40.55
1972,26.2,79,40.54
2079,26.2,79,40.54
1213,26.2,79,40.54
1653,26.21,79,40.54
1806,26.2,79,40.54
1448,26.21,79,40.54
1566,26.2,79,40.54
1612,26.21,79,40.54
1372,26.21,79,40.54
1449,26.21,79,40.54
2100,26.21,79,40.54
1660,26.21,79,40.54
2323,26.21,79,40.55
1793,26.21,79,40.54
2221,26.22,79,40.54
1782,26.21,79,40.54
1576,26.21,79,40.54
1913,26.22,79,40.54
1813,26.22,79,40.54
2048,26.22,79,40.54
2098,26.22,79,40.54
1780,26.22,79,40.54
1992,26.22,79,40.54
726,26.19,79,40.53
839,26.2,79,40.53
778,26.2,79,40.53
1178,26.19,79,40.53
1184,26.2,79,40.54
1051,26.2,79,40.53
1163,26.2,79,40.54
1143,26.2,79,40.53
1141,26.2,79,40.54
1145,26.2,79,40.54
1032,26.2,79,40.53
1187,26.2,79,40.53
1241,26.21,79,40.54
1492,26.21,79,40.54
1730,26.21,79,40.53
3990,26.21,79,40.53
1321,26.2,79,40.53
1813,26.2,79,40.53
1015,26.2,79,40.53
1821,26.2,79,40.53
1428,26.2,79,40.53
7663,26.2,79,40.53
6579,26.21,79,40.53
30167,26.21,79,40.53
50056,26.21,79,40.53
183670,26.21,79,40.53
2138,26.21,79,40.54
11429,26.21,79,40.53
3698,26.22,79,40.54
30480,26.22,79,40.53
2638,26.22,79,40.54
3701,26.22,79,40.54
23852,26.22,79,40.53
33883,26.22,79,40.53
102921,26.21,79,40.53
191042,26.22,79,40.53
179822,26.22,79,40.53
207588,26.22,79,40.53
511170,26.22,79,40.53
535283,26.22,79,40.53
1379,26.18,79,40.53
1044,26.18,79,40.52
690,26.18,79,40.52
426,26.18,79,40.51
235,26.18,79,40.51
88,26.18,79,40.5
54,26.18,79,40.5
18,26.18,79,40.49
255,26.19,79,40.52
146,26.19,79,40.52
104,26.19,79,40.51
269,26.19,79,40.52
241,26.19,79,40.51
113,26.19,79,40.51
61,26.19,79,40.51
40,26.19,79,40.51
200,26.19,79,40.51
160,26.19,79,40.51
826,26.19,79,40.53
557,26.19,79,40.53
478,26.19,79,40.52
525,26.19,79,40.53
467,26.19,79,40.52
486,26.19,79,40.52
324,26.19,79,40.52
232,26.19,79,40.52
374,26.19,79,40.52
325,26.19,79,40.52
1518,26.2,79,40.52
2820,26.2,79,40.52
769,26.2,79,40.53
1008,26.2,79,40.52
58391,26.2,79,40.52
24537,26.2,79,40.52
56071,26.2,79,40.52
290880,26.2,79,40.52
126048,26.2,79,40.52
463371,26.2,79,40.52
630835,26.21,79,40.52
3790,26.2,79,40.53
9104,26.2,79,40.52
4390,26.2,79,40.53
41024,26.2,79,40.53
17670,26.2,79,40.52
136281,26.2,79,40.52
196182,26.21,79,40.53
418214,26.21,79,40.52
804854,26.21,79,40.52
904869,26.21,79,40.52
923898,26.22,79,40.52
866189,26.21,79,40.52
900791,26.22,79,40.52
930261,26.22,79,40.52
929698,26.22,79,40.52
912816,26.22,79,40.52
913248,26.22,79,40.52
442808,26.21,79,40.53
676006,26.21,79,40.52
769703,26.21,79,40.52
846430,26.22,79,40.52
364346,26.21,79,40.53
544796,26.21,79,40.53
488576,26.22,79,40.53
699198,26.22,79,40.53
874417,26.22,79,40.52
877938,26.22,79,40.52
763220,26.22,79,40.53
774571,26.22,79,40.53
5241,26.2,79,40.52
8782,26.2,79,40.51
11618,26.2,79,40.51
11478,26.2,79,40.51
213896,26.2,79,40.51
239070,26.2,79,40.51
422154,26.2,79,40.51
384515,26.2,79,40.51
770764,26.2,79,40.51
750364,26.2,79,40.51
858323,26.21,79,40.51
918222,26.21,79,40.51
869209,26.21,79,40.51
922897,26.21,79,40.51
166143,26.2,79,40.51
109358,26.2,79,40.52
309687,26.2,79,40.51
216125,26.2,79,40.52
702313,26.2,79,40.51
610345,26.2,79,40.52
832228,26.21,79,40.51
908653,26.21,79,40.51
761697,26.21,79,40.52
776179,26.21,79,40.52
863328,26.21,79,40.52
889776,26.21,79,40.52
940141,26.21,79,40.51
946779,26.22,79,40.51
937504,26.21,79,40.51
944897,26.22,79,40.51
947156,26.22,79,40.51
946379,26.22,79,40.51
948795,26.22,79,40.51
947967,26.22,79,40.51
932441,26.21,79,40.51
941388,26.22,79,40.51
922564,26.21,79,40.52
934773,26.22,79,40.52
938697,26.22,79,40.52
938013,26.22,79,40.52
944209,26.22,79,40.51
943358,26.22,79,40.51
48,26.19,79,40.51
19,26.19,79,40.51
9,26.19,79,40.5
113,26.19,79,40.51
74,26.19,79,40.5
17,26.19,79,40.5
2,26.19,79,40.5
42,26.19,79,40.5
23,26.19,79,40.5
7,26.19,79,40.5
10,26.19,79,40.5
4,26.19,79,40.49
8236,26.2,79,40.51
4477,26.2,79,40.5
2163,26.2,79,40.5
986,26.2,79,40.5
236969,26.2,79,40.51
206915,26.2,79,40.5
423621,26.2,79,40.51
387402,26.2,79,40.5
772807,26.2,79,40.51
756688,26.2,79,40.5
870390,26.21,79,40.51
923506,26.21,79,40.51
862279,26.21,79,40.5
920195,26.21,79,40.5
155685,26.2,79,40.5
95630,26.2,79,40.5
310565,26.2,79,40.5
214664,26.2,79,40.5
714451,26.2,79,40.5
630060,26.2,79,40.5
840393,26.21,79,40.5
912267,26.21,79,40.5
791378,26.21,79,40.5
896284,26.21,79,40.5
940553,26.21,79,40.51
947123,26.22,79,40.51
938745,26.21,79,40.5
945928,26.22,79,40.5
949099,26.22,79,40.51
948249,26.22,79,40.51
948109,26.22,79,40.5
947346,26.22,79,40.5
926378,26.21,79,40.5
937842,26.22,79,40.5
934699,26.21,79,40.5
943293,26.22,79,40.5
946051,26.22,79,40.5
945264,26.22,79,40.5
941659,26.22,79,40.5
941024,26.22,79,40.5
158,26.2,79,40.49
452,26.2,79,40.5
85,26.2,79,40.49
43071,26.2,79,40.5
11306,26.2,79,40.49
121475,26.2,79,40.5
487824,26.2,79,40.5
45362,26.2,79,40.49
306315,26.2,79,40.49
781527,26.21,79,40.5
664469,26.21,79,40.49
1882,26.2,79,40.49
303,26.2,79,40.49
8341,26.2,79,40.49
136241,26.2,79,40.49
1036,26.2,79,40.49
35761,26.2,79,40.49
452112,26.21,79,40.49
203797,26.21,79,40.49
874131,26.21,79,40.5
826154,26.21,79,40.49
911828,26.21,79,40.5
928788,26.22,79,40.5
881154,26.21,79,40.49
910369,26.22,79,40.49
934615,26.22,79,40.5
934075,26.22,79,40.5
920305,26.22,79,40.49
920103,26.22,79,40.49
713091,26.21,79,40.49
480446,26.21,79,40.49
802424,26.21,79,40.49
868539,26.22,79,40.49
593923,26.21,79,40.49
743837,26.22,79,40.49
890433,26.22,79,40.49
891126,26.22,79,40.49
799057,26.22,79,40.49
805604,26.22,79,40.49
6,26.18,79,40.49
10,26.21,79,40.48
11,26.21,79,40.47
12,26.22,79,40.47
35,26.22,79,40.47
8,26.22,79,40.47
22,26.22,79,40.47
22,26.21,79,40.48
279,26.21,79,40.48
12,26.21,79,40.48
25,26.22,79,40.48
136,26.21,79,40.48
90,26.22,79,40.48
56,26.22,79,40.48
38,26.22,79,40.48
444,26.22,79,40.48
255,26.22,79,40.48
39,26.2,79,40.49
68,26.2,79,40.49
3,26.2,79,40.49
341,26.2,79,40.49
83,26.2,79,40.49
4920,26.2,79,40.49
56037,26.21,79,40.49
7636,26.21,79,40.49
45,26.21,79,40.48
673,26.21,79,40.48
201069,26.21,79,40.49
43387,26.21,79,40.49
263754,26.21,79,40.49
462266,26.22,79,40.49
52685,26.21,79,40.49
134467,26.22,79,40.49
567613,26.22,79,40.49
590751,26.22,79,40.49
221066,26.22,79,40.49
256217,26.22,79,40.49
921,26.21,79,40.48
6317,26.21,79,40.48
5289,26.21,79,40.48
15137,26.22,79,40.48
381,26.21,79,40.48
998,26.22,79,40.48
2611,26.22,79,40.48
2544,26.22,79,40.48
29564,26.22,79,40.48
35420,26.22,79,40.48
3557,26.23,79,40.48
1955,26.23,79,40.48
32480,26.23,79,40.48
21796,26.23,79,40.48
546637,26.23,79,40.49
433649,26.23,79,40.49
223031,26.23,79,40.49
153866,26.23,79,40.49
11,26.22,79,40.47
59,26.23,79,40.48
34,26.23,79,40.48
638,26.23,79,40.48
222,26.23,79,40.48
2,26.22,79,40.47
4,26.22,79,40.47
2222,26.22,79,40.54
2194,26.23,79,40.54
2409,26.23,79,40.54
5036,26.23,79,40.54
32305,26.23,79,40.53
177669,26.23,79,40.53
487530,26.23,79,40.53
1156,26.23,79,40.55
1529,26.23,79,40.55
2146,26.22,79,40.55
1196,26.23,79,40.55
1510,26.23,79,40.55
1967,26.23,79,40.54
2177,26.23,79,40.54
2121,26.23,79,40.54
1116,26.23,79,40.54
1976,26.23,79,40.54
2142,26.23,79,40.54
1804,26.23,79,40.54
1909,26.23,79,40.54
507,26.24,79,40.54
1265,26.24,79,40.54
1560,26.23,79,40.54
1727,26.23,79,40.54
590,26.24,79,40.54
1415,26.24,79,40.54
3501,26.23,79,40.54
19352,26.23,79,40.53
2180,26.23,79,40.54
6663,26.23,79,40.53
112792,26.23,79,40.53
365756,26.23,79,40.53
49400,26.23,79,40.53
232868,26.23,79,40.53
1517,26.24,79,40.54
2472,26.24,79,40.53
1159,26.24,79,40.54
1217,26.24,79,40.53
14875,26.24,79,40.53
92922,26.24,79,40.53
3113,26.24,79,40.53
22762,26.24,79,40.53
193,26.24,79,40.54
241,26.24,79,40.54
607,26.24,79,40.54
523,26.24,79,40.54
214,26.24,79,40.54
159,26.24,79,40.54
553,26.24,79,40.54
273,26.24,79,40.54
39,26.24,79,40.54
636,26.24,79,40.53
297,26.24,79,40.53
655,26.24,79,40.53
325,26.24,79,40.53
1728,26.24,79,40.53
340,26.24,79,40.53
136,26.24,79,40.53
2,26.25,79,40.53
5,26.25,79,40.54
29,26.25,79,40.53
3,26.25,79,40.53
141,26.24,79,40.53
117,26.24,79,40.53
939227,26.23,79,40.51
933081,26.23,79,40.52
944446,26.23,79,40.51
942624,26.23,79,40.51
861835,26.23,79,40.52
742816,26.23,79,40.53
923385,26.23,79,40.52
904026,26.23,79,40.52
943681,26.23,79,40.5
944764,26.23,79,40.51
936174,26.23,79,40.5
941230,26.23,79,40.5
927855,26.23,79,40.5
910869,26.23,79,40.49
875333,26.23,79,40.49
775814,26.23,79,40.49
921668,26.23,79,40.52
929833,26.23,79,40.51
934560,26.23,79,40.51
925926,26.23,79,40.52
934373,26.23,79,40.51
936726,26.23,79,40.51
939400,26.23,79,40.51
941789,26.23,79,40.51
920474,26.24,79,40.51
916241,26.24,79,40.51
909269,26.24,79,40.51
915187,26.24,79,40.51
907429,26.24,79,40.51
890691,26.24,79,40.52
868195,26.24,79,40.52
626270,26.24,79,40.52
896174,26.24,79,40.51
728260,26.24,79,40.51
815921,26.23,79,40.52
652353,26.23,79,40.53
556326,26.23,79,40.53
784461,26.23,79,40.52
908168,26.23,79,40.52
880270,26.23,79,40.52
910186,26.23,79,40.52
875879,26.23,79,40.52
584281,26.24,79,40.52
302113,26.24,79,40.53
122408,26.24,79,40.53
11844,26.24,79,40.53
365396,26.24,79,40.52
69341,26.24,79,40.52
856700,26.24,79,40.52
773830,26.24,79,40.52
651427,26.24,79,40.52
231983,26.24,79,40.52
801789,26.24,79,40.52
451054,26.24,79,40.52
12112,26.24,79,40.52
75804,26.24,79,40.52
316,26.24,79,40.53
1304,26.24,79,40.52
47,26.25,79,40.53
2,26.25,79,40.53
56,26.25,79,40.52
231,26.25,79,40.52
1462,26.25,79,40.52
3,26.25,79,40.52
17,26.25,79,40.52
781641,26.24,79,40.51
802505,26.24,79,40.51
632032,26.24,79,40.51
583999,26.24,79,40.51
289481,26.24,79,40.51
185930,26.24,79,40.52
25974,26.25,79,40.51
378,26.25,79,40.51
5194,26.25,79,40.52
73,26.25,79,40.52
123048,26.25,79,40.51
2061,26.25,79,40.51
75035,26.25,79,40.51
1060,26.25,79,40.51
935561,26.23,79,40.5
937086,26.23,79,40.51
942154,26.23,79,40.51
940603,26.23,79,40.5
925040,26.23,79,40.5
932030,26.23,79,40.5
936755,26.23,79,40.5
929232,26.23,79,40.5
910788,26.24,79,40.5
895627,26.24,79,40.5
875167,26.24,79,40.5
642546,26.24,79,40.5
900690,26.24,79,40.5
736944,26.24,79,40.5
918123,26.24,79,40.5
921062,26.24,79,40.51
915930,26.24,79,40.51
911747,26.24,79,40.5
913022,26.23,79,40.5
888301,26.23,79,40.49
914958,26.23,79,40.5
884679,26.23,79,40.49
834323,26.23,79,40.49
696117,26.23,79,40.49
808482,26.23,79,40.49
610959,26.23,79,40.49
626928,26.24,79,40.49
361832,26.24,79,40.49
176537,26.24,79,40.49
36310,26.24,79,40.49
426054,26.24,79,40.49
124748,26.24,79,40.49
864766,26.24,79,40.5
793103,26.24,79,40.49
676590,26.24,79,40.49
287519,26.24,79,40.49
815507,26.24,79,40.5
485639,26.24,79,40.5
803968,26.24,79,40.51
786465,26.24,79,40.5
637086,26.24,79,40.51
599317,26.24,79,40.5
317211,26.24,79,40.5
213779,26.24,79,40.5
138880,26.25,79,40.51
2977,26.25,79,40.51
121413,26.25,79,40.5
3166,26.25,79,40.5
82091,26.25,79,40.5
41647,26.25,79,40.5
2513,26.25,79,40.5
1505,26.25,79,40.5
50747,26.24,79,40.49
118030,26.24,79,40.5
3021,26.24,79,40.49
15626,26.24,79,40.49
202,26.25,79,40.49
10,26.25,79,40.49
1182,26.25,79,40.49
47,26.25,79,40.49
5222,26.25,79,40.49
184,26.25,79,40.5
16691,26.25,79,40.5
592,26.25,79,40.5
2,26.25,79,40.52
5,26.25,79,40.51
24,26.25,79,40.51
12,26.25,79,40.51
38,26.25,79,40.51
46,26.25,79,40.5
4,26.25,79,40.5
43,26.25,79,40.5
3,26.25,79,40.5
32,26.25,79,40.5
4,26.25,79,40.49
2,26.25,79,40.49
2,26.25,79,40.49
9,26.25,79,40.5
18,26.25,79,40.5
2,26.25,79,40.49
3,26.25,79,40.5
3,26.25,79,40.51
3,26.25,79,40.51
4,26.25,79,40.51
4,26.25,79,40.51
4,26.25,79,40.5
3,26.25,79,40.5
3,26.23,79,40.47
2,26.23,78.99,40.46
1665,26.23,79,40.48
11780,26.23,79,40.48
77849,26.23,79,40.49
264556,26.23,79,40.49
3419,26.24,79,40.48
446,26.24,79,40.48
110921,26.24,79,40.49
24873,26.24,79,40.49
35280,26.24,79,40.49
4723,26.24,79,40.49
8,26.23,79,40.47
3,26.23,79,40.47
38,26.23,79,40.48
369,26.23,79,40.48
9,26.24,79,40.48
443,26.24,79,40.48
30,26.24,79,40.48
60,26.24,79,40.48
6,26.24,79,40.48
5,26.24,79,40.47
10,26.24,79,40.48
7,26.24,79,40.48
11,26.24,79,40.48
95,26.24,79,40.49
4491,26.24,79,40.49
834,26.24,79,40.49
436,26.24,79,40.49
11,26.24,79,40.48
77,26.24,79,40.48
36,26.24,79,40.48
171,26.24,79,40.48
6,26.25,79,40.48
4,26.25,79,40.48
2,26.25,79,40.49
3,26.25,79,40.49
4,26.25,79,40.49
13,26.25,79,40.49
33,26.25,79,40.49
2,26.25,79,40.49
2,26.25,79,40.49
721,26.18,79,40.51
494,26.18,79,40.51
356,26.18,79,40.5
2465,26.2,79,40.55
2335,26.18,79,40.54
2391,26.19,79,40.55
2276,26.18,79,40.54
2284,26.18,79,40.54
2088,26.18,79,40.54
1676,26.18,78.99,40.53
2019,26.18,79,40.54
1843,26.18,79,40.53
1356,26.18,78.99,40.53
2432,26.2,79,40.55
2005,26.21,79,40.56
1569,26.22,79,40.56
2375,26.2,79,40.56
2464,26.2,79,40.55
2371,26.2,79,40.55
2249,26.21,79,40.55
2261,26.2,78.99,40.55
2433,26.2,79,40.55
2306,26.21,78.99,40.55
2373,26.21,79,40.55
2267,26.21,78.99,40.55
1978,26.22,79,40.56
2062,26.22,78.99,40.55
1442,26.22,79,40.56
2311,26.21,78.99,40.55
2236,26.22,78.99,40.55
1243,26.19,78.99,40.54
822,26.19,78.99,40.53
2105,26.19,78.99,40.54
2409,26.19,79,40.55
1781,26.19,78.99,40.54
1510,26.2,78.99,40.54
1993,26.2,78.99,40.54
2384,26.2,79,40.55
2059,26.2,79,40.54
2025,26.21,79,40.54
1552,26.2,79,40.54
1593,26.2,79,40.54
1378,26.2,79,40.54
1558,26.21,78.99,40.54
1414,26.21,78.99,40.54
1587,26.21,78.99,40.54
1691,26.21,78.99,40.54
1610,26.21,78.99,40.54
1741,26.21,78.99,40.54
2125,26.21,79,40.54
2204,26.22,78.99,40.54
1867,26.22,78.99,40.54
2408,26.22,78.99,40.54
1978,26.22,78.99,40.54
2575,26.22,78.99,40.54
1980,26.22,78.99,40.54
2456,26.23,78.99,40.54
2104,26.22,78.99,40.54
3780,26.23,78.99,40.54
1351,26.2,78.99,40.53
1167,26.2,78.99,40.54
1277,26.2,78.99,40.54
2084,26.2,78.99,40.53
1165,26.2,78.99,40.54
1382,26.21,78.99,40.54
1508,26.2,78.99,40.53
2467,26.21,78.99,40.53
2121,26.21,78.99,40.54
3173,26.21,78.99,40.54
6193,26.21,78.99,40.53
13443,26.21,78.99,40.53
4189,26.2,78.99,40.53
9493,26.2,78.99,40.53
2665,26.2,78.99,40.53
7618,26.21,78.99,40.53
7548,26.2,78.99,40.53
35036,26.21,78.99,40.53
28581,26.21,78.99,40.53
88693,26.21,78.99,40.53
139114,26.21,78.99,40.53
311158,26.21,78.99,40.53
6211,26.22,78.99,40.54
36017,26.22,78.99,40.53
8701,26.22,78.99,40.54
64145,26.22,78.99,40.53
5415,26.22,78.99,40.54
14166,26.23,78.99,40.54
49951,26.22,78.99,40.53
59852,26.23,78.99,40.53
189709,26.22,78.99,40.53
533987,26.22,78.99,40.53
270606,26.22,78.99,40.53
253110,26.22,78.99,40.53
249798,26.23,78.99,40.53
542954,26.22,78.99,40.53
535255,26.23,78.99,40.53
1558,26.18,79,40.53
958,26.18,78.99,40.53
1300,26.18,79,40.52
643,26.18,78.99,40.52
969,26.18,79,40.52
394,26.18,78.99,40.52
699,26.18,79,40.51
212,26.18,78.99,40.51
110,26.18,78.99,40.51
170,26.18,79,40.5
48,26.18,78.99,40.5
135,26.18,79,40.5
26,26.18,78.99,40.5
65,26.18,79,40.49
8,26.18,78.99,40.49
242,26.19,78.99,40.52
2437,26.19,78.99,40.52
2847,26.19,78.99,40.51
152,26.19,78.99,40.51
3176,26.19,78.99,40.51
2811,26.19,78.99,40.51
563,26.19,78.99,40.53
993,26.19,78.99,40.53
1230,26.19,78.99,40.52
372,26.19,78.99,40.52
1556,26.19,78.99,40.52
1927,26.19,78.99,40.52
8862,26.2,78.99,40.52
11792,26.2,78.99,40.52
12989,26.2,78.99,40.52
23527,26.2,78.99,40.52
3814,26.2,78.99,40.53
5600,26.2,78.99,40.52
4507,26.2,78.99,40.53
7120,26.2,78.99,40.52
180682,26.2,78.99,40.52
101034,26.2,78.99,40.52
174726,26.2,78.99,40.52
476447,26.21,78.99,40.52
298319,26.2,78.99,40.52
631274,26.21,78.99,40.52
720834,26.21,78.99,40.52
21662,26.2,78.99,40.53
47321,26.2,78.99,40.52
25136,26.2,78.99,40.53
128704,26.21,78.99,40.53
78163,26.2,78.99,40.52
290278,26.21,78.99,40.52
343539,26.21,78.99,40.53
564593,26.21,78.99,40.52
866166,26.21,78.99,40.52
820024,26.21,78.99,40.52
900110,26.21,79,40.52
914134,26.22,79,40.52
865659,26.21,79,40.52
889473,26.22,79,40.52
902762,26.22,78.99,40.52
877005,26.22,78.99,40.52
918065,26.22,78.99,40.52
914665,26.23,78.99,40.52
897420,26.22,78.99,40.52
893444,26.23,78.99,40.52
457428,26.22,78.99,40.53
557091,26.21,78.99,40.53
728662,26.21,78.99,40.52
794528,26.21,79,40.52
842741,26.22,79,40.52
633546,26.21,79,40.53
721918,26.22,79,40.53
836332,26.22,78.99,40.52
725848,26.22,78.99,40.53
860528,26.22,78.99,40.52
855409,26.23,78.99,40.52
754903,26.22,78.99,40.53
747722,26.23,78.99,40.53
18577,26.2,78.99,40.52
22901,26.2,78.99,40.51
44294,26.2,78.99,40.52
70430,26.2,78.99,40.51
31225,26.2,78.99,40.51
32753,26.2,78.99,40.51
97613,26.2,78.99,40.51
109977,26.2,78.99,40.51
408142,26.2,78.99,40.51
437958,26.2,78.99,40.51
616440,26.2,78.99,40.51
586277,26.2,78.99,40.51
820518,26.21,78.99,40.51
808314,26.21,78.99,40.51
875370,26.21,79,40.51
914306,26.21,79,40.51
883306,26.21,79,40.51
918527,26.21,79,40.51
349718,26.2,78.99,40.51
269310,26.2,78.99,40.52
521511,26.2,78.99,40.51
422625,26.2,78.99,40.52
803972,26.21,78.99,40.52
780927,26.21,78.99,40.51
729790,26.21,78.99,40.52
859379,26.21,79,40.51
906450,26.21,79,40.51
826589,26.21,79,40.52
890536,26.21,79,40.52
909113,26.21,78.99,40.51
912997,26.21,78.99,40.51
933055,26.21,79,40.51
938119,26.22,79,40.51
930235,26.21,79,40.51
935940,26.22,79,40.51
927901,26.22,78.99,40.51
925505,26.22,78.99,40.51
937273,26.22,78.99,40.51
934859,26.23,78.99,40.51
939299,26.22,78.99,40.51
937007,26.23,78.99,40.51
902441,26.21,78.99,40.51
888139,26.21,78.99,40.52
925428,26.21,79,40.51
932044,26.22,79,40.51
915309,26.21,79,40.52
924562,26.22,79,40.52
921188,26.22,78.99,40.51
913199,26.22,78.99,40.52
927034,26.22,78.99,40.52
924220,26.23,78.99,40.52
933699,26.22,78.99,40.51
931160,26.23,78.99,40.51
87,26.19,78.99,40.51
2265,26.19,78.99,40.51
1459,26.19,78.99,40.5
40,26.19,78.99,40.5
912,26.19,78.99,40.5
455,26.19,78.99,40.5
10,26.19,78.99,40.5
255,26.19,78.99,40.5
97,26.19,78.99,40.49
30,26.19,78.99,40.49
65,26.19,78.99,40.49
33123,26.2,78.99,40.51
21155,26.2,78.99,40.5
106355,26.2,78.99,40.51
85219,26.2,78.99,40.5
18860,26.2,78.99,40.5
9570,26.2,78.99,40.5
57120,26.2,78.99,40.5
28065,26.2,78.99,40.5
438931,26.2,78.99,40.51
409974,26.2,78.99,40.5
618729,26.2,78.99,40.51
592556,26.2,78.99,40.5
822102,26.21,78.99,40.51
813359,26.21,78.99,40.5
884292,26.21,79,40.51
919087,26.21,79,40.51
878715,26.21,79,40.5
916115,26.21,79,40.5
351694,26.2,78.99,40.5
269527,26.2,78.99,40.5
531418,26.2,78.99,40.5
436182,26.2,78.99,40.5
790566,26.21,78.99,40.5
745917,26.21,78.99,40.5
865460,26.21,79,40.5
909784,26.21,79,40.5
837468,26.21,79,40.5
896488,26.21,79,40.5
913558,26.21,78.99,40.51
910911,26.21,78.99,40.5
933467,26.21,79,40.51
938464,26.22,79,40.51
931538,26.21,79,40.5
937026,26.22,79,40.5
926762,26.22,78.99,40.5
928292,26.22,78.99,40.51
939614,26.22,78.99,40.51
937338,26.23,78.99,40.51
938314,26.22,78.99,40.5
935988,26.23,78.99,40.5
905724,26.21,78.99,40.5
893945,26.21,78.99,40.5
919441,26.21,79,40.5
928109,26.22,79,40.5
927786,26.21,79,40.5
934164,26.22,79,40.5
923645,26.22,78.99,40.5
917187,26.22,78.99,40.5
935807,26.22,78.99,40.5
933350,26.23,78.99,40.5
930440,26.22,78.99,40.5
927648,26.23,78.99,40.5
8051,26.2,78.99,40.5
2995,26.2,78.99,40.49
4649,26.2,78.99,40.49
13872,26.2,78.99,40.5
601,26.2,78.99,40.49
1994,26.2,78.99,40.49
816,26.2,78.99,40.49
2213,26.2,78.99,40.49
177739,26.2,78.99,40.5
86472,26.2,78.99,40.49
310615,26.2,78.99,40.5
656171,26.21,78.99,40.5
175554,26.2,78.99,40.49
505103,26.21,78.99,40.49
819653,26.21,78.99,40.5
748215,26.21,78.99,40.49
28762,26.2,78.99,40.49
6043,26.2,78.99,40.49
67627,26.2,78.99,40.49
307724,26.21,78.99,40.49
14598,26.2,78.99,40.49
127724,26.21,78.99,40.49
601759,26.21,78.99,40.49
367038,26.21,78.99,40.49
876082,26.21,78.99,40.5
838552,26.21,78.99,40.49
907005,26.21,79,40.5
919624,26.22,79,40.5
879557,26.21,79,40.49
899880,26.22,79,40.49
908785,26.22,78.99,40.5
887996,26.22,78.99,40.49
922924,26.22,78.99,40.5
919621,26.23,78.99,40.5
905874,26.22,78.99,40.49
901327,26.23,78.99,40.49
762071,26.21,78.99,40.49
595433,26.21,78.99,40.49
823591,26.21,79,40.49
865092,26.22,79,40.49
675852,26.21,79,40.49
758873,26.22,79,40.49
857424,26.22,78.99,40.49
759173,26.22,78.99,40.49
876654,26.22,78.99,40.49
869656,26.23,78.99,40.49
787414,26.22,78.99,40.49
778297,26.23,78.99,40.49
13,26.18,79,40.48
29,26.18,79,40.49
3,26.18,78.99,40.49
3,26.18,79,40.48
11,26.21,79,40.47
10,26.21,78.99,40.48
30,26.21,78.99,40.48
319,26.21,78.99,40.48
13,26.21,78.99,40.47
68,26.21,78.99,40.47
9,26.21,79,40.47
61,26.21,79,40.47
81,26.22,79,40.47
341,26.21,78.99,40.48
1575,26.21,78.99,40.48
211,26.21,79,40.48
128,26.22,79,40.48
1045,26.21,79,40.48
1072,26.22,79,40.48
1003,26.22,78.99,40.48
4569,26.22,78.99,40.48
516,26.22,78.99,40.48
248,26.23,78.99,40.48
2600,26.22,78.99,40.48
1778,26.23,78.99,40.48
89,26.2,78.99,40.49
2204,26.2,78.99,40.49
563,26.2,78.99,40.49
463,26.2,78.99,40.49
4517,26.21,78.99,40.49
2459,26.2,78.99,40.49
32524,26.21,78.99,40.49
147713,26.21,78.99,40.49
34874,26.21,78.99,40.49
31,26.2,78.99,40.48
174,26.2,78.99,40.48
28,26.2,78.99,40.48
41,26.21,78.99,40.48
110,26.2,78.99,40.48
547,26.21,78.99,40.48
1219,26.21,78.99,40.48
6641,26.21,78.99,40.48
338035,26.21,78.99,40.49
112651,26.21,78.99,40.49
403615,26.21,79,40.49
538587,26.22,79,40.49
127251,26.21,79,40.49
229812,26.22,79,40.49
585235,26.22,78.99,40.49
314031,26.22,78.99,40.49
594929,26.22,78.99,40.49
587466,26.23,78.99,40.49
299629,26.22,78.99,40.49
303740,26.23,78.99,40.49
8060,26.21,78.99,40.48
27619,26.21,78.99,40.48
22846,26.21,79,40.48
41155,26.22,79,40.48
5057,26.21,79,40.48
5435,26.22,79,40.48
86374,26.22,78.99,40.48
24094,26.22,78.99,40.48
13477,26.22,78.99,40.48
9273,26.23,78.99,40.48
62210,26.22,78.99,40.48
63334,26.23,78.99,40.48
102786,26.23,78.99,40.48
31163,26.23,78.99,40.48
14988,26.23,78.99,40.48
6495,26.23,78.99,40.48
57090,26.23,78.99,40.48
35593,26.23,78.99,40.48
577970,26.23,78.99,40.49
328469,26.23,78.99,40.49
522282,26.23,78.99,40.49
394297,26.23,78.99,40.49
250412,26.23,78.99,40.49
164444,26.23,78.99,40.49
87,26.23,78.99,40.47
1251,26.23,78.99,40.48
5842,26.23,78.99,40.48
530,26.23,78.99,40.48
152,26.23,78.99,40.48
2912,26.23,78.99,40.48
1062,26.23,78.99,40.48
5,26.22,78.99,40.47
7,26.23,78.99,40.47
2,26.23,78.99,40.46
2115,26.23,78.99,40.55
2685,26.23,78.99,40.54
5210,26.23,78.99,40.54
2198,26.23,78.99,40.54
2918,26.23,78.99,40.54
23443,26.23,78.99,40.54
81895,26.23,78.99,40.53
8292,26.23,78.99,40.54
45231,26.23,78.99,40.53
526720,26.23,78.99,40.53
271769,26.23,78.99,40.53
195045,26.23,78.99,40.53
464275,26.23,78.99,40.53
953,26.22,79,40.56
744,26.23,79,40.56
596,26.23,79,40.56
1367,26.23,78.99,40.55
1817,26.23,78.99,40.55
305,26.23,79,40.55
534,26.23,79,40.55
1453,26.23,79,40.55
287,26.24,79,40.55
1775,26.23,79,40.54
403,26.24,79,40.55
1326,26.23,79,40.54
2017,26.23,78.99,40.54
3108,26.23,78.99,40.54
1574,26.23,79,40.54
1956,26.23,79,40.54
793,26.24,79,40.54
1181,26.24,79,40.54
1437,26.24,79,40.54
985,26.24,79,40.54
9063,26.23,78.99,40.54
30165,26.23,78.99,40.53
2501,26.23,79,40.54
8972,26.23,79,40.53
118025,26.23,78.99,40.53
332072,26.23,78.99,40.53
50304,26.23,79,40.53
204591,26.23,79,40.53
1317,26.24,79,40.54
2336,26.24,79,40.53
935,26.24,79,40.54
969,26.24,79,40.53
12920,26.24,79,40.53
74624,26.24,79,40.53
2156,26.24,79,40.53
16345,26.24,79,40.53
333,26.24,79,40.54
10,26.24,79,40.55
15,26.24,79,40.54
384,26.24,79,40.54
241,26.24,79,40.54
451,26.24,79,40.54
312,26.24,79,40.54
136,26.24,79,40.54
379,26.24,79,40.53
165,26.24,79,40.53
451,26.24,79,40.53
190,26.24,79,40.53
904,26.24,79,40.53
198,26.24,79,40.53
45,26.25,79,40.54
45,26.25,79,40.53
5,26.25,79,40.53
4,26.25,79,40.53
42,26.25,79,40.53
45,26.25,79,40.53
916205,26.23,78.99,40.51
907768,26.23,78.99,40.52
923927,26.23,78.99,40.51
915680,26.23,78.99,40.52
920664,26.23,78.99,40.51
923255,26.23,78.99,40.51
930755,26.23,78.99,40.51
928299,26.23,78.99,40.51
830382,26.23,78.99,40.52
715550,26.23,78.99,40.53
828559,26.23,78.99,40.52
698786,26.23,78.99,40.53
896874,26.23,78.99,40.52
870689,26.23,78.99,40.52
903955,26.23,78.99,40.52
877461,26.23,78.99,40.52
923720,26.23,78.99,40.51
922082,26.23,78.99,40.5
929580,26.23,78.99,40.5
931160,26.23,78.99,40.51
918802,26.23,78.99,40.5
911786,26.23,78.99,40.5
919275,26.23,78.99,40.5
926280,26.23,78.99,40.5
902393,26.23,78.99,40.5
879773,26.23,78.99,40.49
909002,26.23,78.99,40.5
885823,26.23,78.99,40.49
845930,26.23,78.99,40.49
747032,26.23,78.99,40.49
844650,26.23,78.99,40.49
733971,26.23,78.99,40.49
897876,26.23,78.99,40.52
909398,26.23,78.99,40.51
910273,26.23,79,40.51
897371,26.23,79,40.52
915168,26.23,78.99,40.51
918452,26.23,78.99,40.51
917141,26.23,79,40.51
920675,26.23,79,40.51
884634,26.24,79,40.51
878301,26.24,79,40.51
853551,26.24,79,40.51
863487,26.24,79,40.51
865084,26.24,79,40.51
837897,26.24,79,40.52
780241,26.24,79,40.52
450917,26.24,79,40.52
830290,26.24,79,40.51
565053,26.24,79,40.51
763161,26.23,78.99,40.52
590683,26.23,78.99,40.53
474764,26.23,79,40.53
706785,26.23,79,40.52
880826,26.23,78.99,40.52
841048,26.23,78.99,40.52
874512,26.23,79,40.52
823125,26.23,79,40.52
466965,26.24,79,40.52
231901,26.24,79,40.53
88524,26.24,79,40.53
6165,26.24,79,40.53
258779,26.24,79,40.52
39452,26.24,79,40.52
783530,26.24,79,40.52
669828,26.24,79,40.52
490896,26.24,79,40.52
142382,26.24,79,40.52
675516,26.24,79,40.52
295774,26.24,79,40.52
3270,26.25,79,40.52
29229,26.25,79,40.52
152,26.25,79,40.53
513,26.25,79,40.52
22,26.25,79,40.53
25,26.25,79,40.52
64,26.25,79,40.52
504,26.25,79,40.52
5,26.25,79,40.52
632957,26.24,79,40.51
663381,26.24,79,40.51
416782,26.24,79,40.51
368726,26.24,79,40.51
169334,26.25,79,40.51
96381,26.25,79,40.52
5537,26.25,79,40.51
70,26.25,79,40.51
2113,26.25,79,40.52
23,26.25,79,40.52
28241,26.25,79,40.51
423,26.25,79,40.51
12487,26.25,79,40.51
190,26.25,79,40.51
916632,26.23,78.99,40.5
918904,26.23,78.99,40.51
921147,26.23,79,40.51
918695,26.23,79,40.5
901841,26.23,78.99,40.5
912023,26.23,78.99,40.5
913035,26.23,79,40.5
901510,26.23,79,40.5
869063,26.24,79,40.5
844147,26.24,79,40.5
789527,26.24,79,40.5
469688,26.24,79,40.5
835440,26.24,79,40.5
575850,26.24,79,40.5
880553,26.24,79,40.5
885385,26.24,79,40.51
864363,26.24,79,40.51
856428,26.24,79,40.5
886558,26.23,78.99,40.5
851568,26.23,78.99,40.49
880867,26.23,79,40.5
836015,26.23,79,40.49
785401,26.23,78.99,40.49
635649,26.23,78.99,40.49
735813,26.23,79,40.49
528593,26.23,79,40.49
511714,26.24,79,40.49
284930,26.24,79,40.49
131286,26.24,79,40.49
25174,26.24,79,40.49
312179,26.24,79,40.49
83165,26.24,79,40.49
794862,26.24,79,40.5
692989,26.24,79,40.49
528431,26.24,79,40.49
187912,26.24,79,40.49
695186,26.24,79,40.5
330086,26.24,79,40.5
665979,26.24,79,40.51
640145,26.24,79,40.5
426522,26.24,79,40.51
393899,26.24,79,40.5
188048,26.25,79,40.5
124654,26.25,79,40.5
42872,26.25,79,40.51
701,26.25,79,40.51
43013,26.25,79,40.5
829,26.25,79,40.5
30948,26.25,79,40.5
16772,26.25,79,40.5
718,26.25,79,40.5
423,26.25,79,40.5
28636,26.25,79,40.49
67696,26.25,79,40.5
2000,26.25,79,40.49
9096,26.25,79,40.49
134,26.25,79,40.49
9,26.25,79,40.49
597,26.25,79,40.49
24,26.25,79,40.49
2336,26.25,79,40.49
70,26.25,79,40.49
7089,26.25,79,40.5
187,26.25,79,40.5
2,26.25,79,40.52
2,26.25,79,40.52
2,26.25,79,40.52
3,26.26,79,40.52
3,26.25,79,40.51
2,26.25,79,40.51
3,26.25,79,40.51
7,26.25,79,40.51
3,26.25,79,40.51
4,26.25,79,40.51
4,26.25,79,40.51
10,26.25,79,40.51
4,26.25,79,40.5
12,26.25,79,40.5
4,26.25,79,40.5
4,26.26,79,40.5
3,26.25,79,40.5
12,26.25,79,40.5
9,26.25,79,40.5
2,26.25,79,40.49
2,26.25,79,40.49
2,26.25,79,40.49
3,26.25,79,40.49
2,26.25,79,40.49
4,26.25,79,40.5
6,26.25,79,40.5
2,26.25,79,40.5
3,26.25,79,40.5
2,26.25,79,40.52
3,26.25,79,40.52
4,26.26,79,40.51
4,26.26,79,40.51
4,26.26,79,40.51
4,26.26,79,40.51
4,26.26,79,40.5
3,26.26,79,40.5
5,26.23,78.99,40.47
2,26.24,79,40.47
2,26.23,78.99,40.46
52069,26.23,78.99,40.48
17803,26.23,78.99,40.48
7109,26.24,78.99,40.48
21527,26.24,78.99,40.48
355208,26.23,78.99,40.49
163328,26.23,78.99,40.49
79375,26.24,78.99,40.49
228225,26.24,78.99,40.49
6603,26.24,78.99,40.48
1255,26.24,79,40.48
92571,26.24,78.99,40.49
26573,26.24,78.99,40.49
28758,26.24,79,40.49
6007,26.24,79,40.49
43,26.23,78.99,40.47
4,26.24,79,40.47
552,26.23,78.99,40.48
2917,26.23,78.99,40.48
251,26.24,78.99,40.48
1328,26.24,78.99,40.48
1427,26.24,78.99,40.48
180,26.24,79,40.48
45,26.24,79,40.48
102,26.24,79,40.48
31,26.24,79,40.48
4,26.24,79,40.47
13,26.24,79,40.48
3,26.25,79,40.48
396,26.25,79,40.49
4489,26.24,78.99,40.49
1945,26.24,78.99,40.49
719,26.25,79,40.49
42,26.25,79,40.48
207,26.24,78.99,40.48
123,26.25,79,40.48
449,26.24,78.99,40.48
8,26.25,79,40.48
5,26.25,79,40.48
12,26.25,79,40.48
2,26.25,79,40.48
10,26.25,79,40.49
8,26.25,79,40.49
32,26.25,79,40.49
45,26.25,79,40.49
2,26.25,79,40.49
2,26.25,79,40.49
611,26.18,78.99,40.51
1189,26.17,79,40.52
951,26.17,79,40.51
1641,26.17,79,40.52
1473,26.17,79,40.52
379,26.17,79,40.5
447,26.18,78.99,40.51
318,26.18,78.99,40.5
707,26.17,79,40.51
516,26.17,79,40.5
440,26.22,79,40.56
1100,26.22,79,40.56
2343,26.2,78.99,40.55
2468,26.19,79,40.55
2461,26.19,79,40.55
2103,26.17,79,40.54
1936,26.17,79,40.53
2372,26.18,79,40.55
2271,26.17,79,40.54
2257,26.18,78.99,40.54
2381,26.18,79,40.55
2228,26.19,78.99,40.54
2132,26.18,78.99,40.54
1852,26.19,78.99,40.54
1753,26.18,78.99,40.53
1382,26.18,78.99,40.54
1406,26.18,78.99,40.53
954,26.19,78.99,40.53
2379,26.2,78.99,40.55
2248,26.2,79,40.56
2432,26.19,79,40.55
1663,26.21,79,40.56
1190,26.21,79,40.56
2029,26.21,79,40.56
2086,26.21,78.99,40.56
1675,26.21,79,40.56
1243,26.22,79,40.56
1811,26.22,78.99,40.56
2372,26.2,78.99,40.55
2276,26.2,78.99,40.55
2294,26.21,79,40.56
2360,26.2,78.99,40.55
2285,26.21,78.99,40.55
2301,26.2,78.99,40.55
2301,26.21,78.99,40.55
2150,26.22,78.99,40.55
1726,26.22,78.99,40.55
2263,26.22,78.99,40.55
2088,26.22,78.99,40.55
1207,26.19,78.99,40.54
1332,26.19,78.99,40.53
1977,26.19,78.99,40.54
1501,26.19,78.99,40.54
1565,26.2,78.99,40.54
1819,26.2,78.99,40.55
1934,26.2,78.99,40.54
1994,26.21,78.99,40.55
1603,26.21,78.99,40.54
1479,26.2,78.99,40.54
2045,26.21,78.99,40.54
1867,26.21,78.99,40.54
3020,26.21,78.99,40.54
1698,26.21,78.99,40.54
2211,26.21,78.99,40.54
2274,26.21,78.99,40.54
4177,26.21,78.99,40.54
2149,26.22,78.99,40.55
2306,26.22,78.99,40.55
2973,26.22,78.99,40.54
6958,26.22,78.99,40.54
2246,26.22,78.99,40.54
4193,26.22,78.99,40.54
5794,26.22,78.99,40.54
12081,26.2,78.99,40.53
2772,26.2,78.99,40.54
2085,26.2,78.99,40.54
4468,26.2,78.99,40.53
1734,26.2,78.99,40.54
3879,26.21,78.99,40.54
3624,26.2,78.99,40.53
10444,26.21,78.99,40.53
8225,26.21,78.99,40.54
22636,26.21,78.99,40.53
5321,26.21,78.99,40.54
12732,26.21,78.99,40.54
17465,26.21,78.99,40.53
43001,26.21,78.99,40.53
12044,26.2,78.99,40.53
26470,26.2,78.99,40.53
10100,26.2,78.99,40.53
35109,26.21,78.99,40.53
28579,26.2,78.99,40.53
104693,26.21,78.99,40.53
81742,26.21,78.99,40.53
208418,26.21,78.99,40.53
80216,26.21,78.99,40.53
177431,26.21,78.99,40.53
255558,26.21,78.99,40.53
411378,26.21,78.99,40.53
26094,26.22,78.99,40.54
85431,26.22,78.99,40.53
15139,26.22,78.99,40.54
76777,26.22,78.99,40.53
73234,26.22,78.99,40.54
471265,26.22,78.99,40.53
265035,26.22,78.99,40.53
507026,26.22,78.99,40.53
276315,26.22,78.99,40.53
445630,26.22,78.99,40.53
1694,26.17,79,40.53
1070,26.18,78.99,40.53
608,26.19,78.99,40.53
814,26.18,78.99,40.52
418,26.19,78.99,40.52
553,26.18,78.99,40.52
280,26.19,78.99,40.52
374,26.18,78.99,40.51
169,26.19,78.99,40.51
244,26.17,79,40.5
181,26.17,79,40.49
208,26.18,78.99,40.51
88,26.19,78.99,40.51
107,26.18,78.99,40.5
36,26.19,78.99,40.5
61,26.18,78.99,40.5
10,26.19,78.99,40.5
30,26.18,78.99,40.49
5907,26.19,78.99,40.52
6141,26.19,78.99,40.51
2340,26.19,78.99,40.53
4356,26.19,78.99,40.52
121274,26.2,78.99,40.52
43920,26.2,78.99,40.53
341004,26.2,78.99,40.52
230434,26.2,78.99,40.52
336371,26.2,78.99,40.52
610470,26.21,78.99,40.52
475866,26.2,78.99,40.52
721639,26.21,78.99,40.52
763125,26.21,78.99,40.52
686198,26.21,78.99,40.52
822947,26.21,78.99,40.52
761585,26.21,78.99,40.52
62470,26.2,78.99,40.53
130257,26.2,78.99,40.52
84386,26.2,78.99,40.53
257836,26.21,78.99,40.53
192629,26.2,78.99,40.52
445392,26.21,78.99,40.52
563660,26.21,78.99,40.52
388509,26.21,78.99,40.53
473262,26.21,78.99,40.53
652302,26.21,78.99,40.52
856836,26.22,78.99,40.52
875660,26.22,78.99,40.52
719169,26.22,78.99,40.53
771473,26.22,78.99,40.53
223569,26.2,78.99,40.52
294501,26.2,78.99,40.51
577288,26.2,78.99,40.51
602692,26.2,78.99,40.51
727422,26.2,78.99,40.51
707857,26.2,78.99,40.51
863141,26.21,78.99,40.51
526461,26.2,78.99,40.51
446856,26.2,78.99,40.52
666189,26.2,78.99,40.51
592562,26.2,78.99,40.52
834635,26.21,78.99,40.52
908518,26.22,78.99,40.51
914302,26.22,78.99,40.51
895802,26.22,78.99,40.52
904166,26.22,78.99,40.52
4911,26.19,78.99,40.51
2893,26.19,78.99,40.5
1060,26.19,78.99,40.5
215,26.19,78.99,40.49
293296,26.2,78.99,40.51
217734,26.2,78.99,40.5
604895,26.2,78.99,40.51
584111,26.2,78.99,40.5
729458,26.2,78.99,40.51
714484,26.2,78.99,40.5
865378,26.21,78.99,40.51
536587,26.2,78.99,40.5
460477,26.2,78.99,40.5
678048,26.2,78.99,40.5
610889,26.2,78.99,40.5
842832,26.21,78.99,40.5
909740,26.22,78.99,40.51
915409,26.22,78.99,40.51
900177,26.22,78.99,40.5
907884,26.22,78.99,40.5
104065,26.2,78.99,40.5
26409,26.2,78.99,40.49
351730,26.2,78.99,40.5
230539,26.2,78.99,40.49
497953,26.2,78.99,40.5
742390,26.21,78.99,40.5
353198,26.2,78.99,40.49
640225,26.21,78.99,40.49
781333,26.21,78.99,40.5
836660,26.21,78.99,40.5
713030,26.21,78.99,40.49
784627,26.21,78.99,40.49
119697,26.2,78.99,40.49
47518,26.2,78.99,40.49
193830,26.2,78.99,40.49
475602,26.21,78.99,40.49
75104,26.2,78.99,40.49
268239,26.21,78.99,40.49
598280,26.21,78.99,40.49
413741,26.21,78.99,40.49
687472,26.21,78.99,40.49
507958,26.21,78.99,40.49
869413,26.22,78.99,40.5
884229,26.22,78.99,40.5
749705,26.22,78.99,40.49
795938,26.22,78.99,40.49
86,26.17,79,40.49
52,26.17,79,40.48
318,26.16,79,40.49
28,26.17,79,40.48
6,26.18,78.99,40.48
14,26.18,78.99,40.49
2,26.18,78.99,40.48
11,26.18,79,40.47
25,26.19,78.99,40.49
22,26.2,78.99,40.48
42,26.21,78.99,40.47
21,26.21,78.99,40.48
60,26.2,78.99,40.48
334,26.21,78.99,40.48
339,26.21,78.99,40.48
1875,26.21,78.99,40.48
290,26.21,78.99,40.48
1760,26.21,78.99,40.48
163,26.22,78.99,40.47
326,26.22,78.99,40.47
3445,26.22,78.99,40.48
6692,26.22,78.99,40.48
5428,26.2,78.99,40.49
492,26.2,78.99,40.48
21215,26.2,78.99,40.49
8729,26.2,78.99,40.49
7970,26.2,78.99,40.49
25798,26.21,78.99,40.49
22797,26.2,78.99,40.49
105002,26.21,78.99,40.49
216092,26.21,78.99,40.49
83139,26.21,78.99,40.49
274078,26.21,78.99,40.49
97761,26.21,78.99,40.49
445,26.2,78.99,40.48
2371,26.2,78.99,40.48
426,26.2,78.99,40.48
1137,26.21,78.99,40.48
1979,26.2,78.99,40.48
6415,26.21,78.99,40.48
8770,26.21,78.99,40.48
26621,26.21,78.99,40.48
8631,26.21,78.99,40.48
27775,26.21,78.99,40.48
382822,26.22,78.99,40.49
491854,26.22,78.99,40.49
52633,26.22,78.99,40.48
95817,26.22,78.99,40.48
84928,26.23,78.99,40.48
402980,26.23,78.99,40.49
346,26.23,78.99,40.47
6312,26.23,78.99,40.48
2,26.22,78.99,40.46
6,26.22,78.99,40.47
20,26.22,78.99,40.47
32,26.23,78.99,40.47
6,26.23,78.99,40.46
1850,26.23,78.99,40.55
5142,26.23,78.99,40.54
57553,26.23,78.99,40.54
349926,26.23,78.99,40.53
210,26.23,79,40.57
71,26.23,79,40.56
1154,26.22,78.99,40.56
265,26.23,79,40.56
884,26.23,78.99,40.56
967,26.23,78.99,40.55
1485,26.23,78.99,40.55
59,26.23,79,40.56
85,26.24,79,40.56
493,26.23,78.99,40.55
21,26.24,79,40.55
906,26.23,78.99,40.55
54,26.24,79,40.55
469,26.24,79,40.55
7,26.24,79,40.55
1369,26.23,78.99,40.55
734,26.24,79,40.54
2012,26.23,78.99,40.54
3447,26.23,78.99,40.54
1401,26.24,78.99,40.54
1873,26.24,78.99,40.54
672,26.24,79,40.54
964,26.24,79,40.54
1190,26.24,79,40.54
807,26.24,79,40.54
12261,26.23,78.99,40.54
36505,26.23,78.99,40.53
3013,26.24,78.99,40.54
11185,26.24,78.99,40.53
118660,26.23,78.99,40.53
297429,26.23,78.99,40.53
48134,26.24,78.99,40.53
176241,26.24,78.99,40.53
1995,26.24,78.99,40.54
5933,26.24,78.99,40.53
780,26.24,79,40.54
1242,26.24,79,40.53
20343,26.24,78.99,40.53
63338,26.24,78.99,40.53
2553,26.24,79,40.53
11547,26.24,79,40.53
82,26.24,79,40.54
138,26.24,79,40.54
16,26.25,79,40.54
223,26.24,78.99,40.54
89,26.25,79,40.54
284,26.24,78.99,40.53
110,26.25,79,40.53
381,26.24,78.99,40.53
96,26.25,79,40.53
827,26.24,78.99,40.53
118,26.25,79,40.53
6,26.25,79,40.54
12,26.25,79,40.53
15,26.25,79,40.53
21,26.25,79,40.53
885610,26.23,78.99,40.52
898956,26.23,78.99,40.51
707145,26.23,78.99,40.53
846581,26.23,78.99,40.52
900154,26.23,78.99,40.51
889563,26.23,78.99,40.5
855504,26.23,78.99,40.5
734619,26.23,78.99,40.49
868023,26.23,78.99,40.52
883598,26.23,78.99,40.51
878236,26.24,78.99,40.51
858909,26.24,78.99,40.52
890693,26.23,78.99,40.51
894956,26.23,78.99,40.51
887516,26.24,78.99,40.51
892506,26.24,78.99,40.51
836516,26.24,78.99,40.51
826777,26.24,78.99,40.51
769189,26.24,79,40.51
785442,26.24,79,40.51
806428,26.24,78.99,40.51
763648,26.24,78.99,40.52
657940,26.24,79,40.52
302683,26.24,78.99,40.52
731061,26.24,79,40.51
406040,26.24,78.99,40.51
704855,26.23,78.99,40.52
524892,26.23,78.99,40.53
398129,26.24,78.99,40.53
618787,26.24,78.99,40.52
846861,26.23,78.99,40.52
793518,26.23,78.99,40.52
827275,26.24,78.99,40.52
754566,26.24,78.99,40.52
360857,26.24,78.99,40.52
178342,26.24,78.99,40.53
59542,26.24,79,40.53
2549,26.24,78.99,40.53
178393,26.24,79,40.52
18540,26.24,78.99,40.52
686718,26.24,78.99,40.52
553748,26.24,78.99,40.52
355883,26.24,79,40.52
79068,26.24,78.99,40.52
532104,26.24,79,40.52
184514,26.24,78.99,40.52
1628,26.25,78.99,40.52
7967,26.25,78.99,40.52
393,26.25,78.99,40.53
692,26.25,78.99,40.52
14,26.25,79,40.53
18,26.25,79,40.52
35,26.25,79,40.52
144,26.25,79,40.52
2,26.25,79,40.52
477993,26.24,78.99,40.51
513444,26.24,78.99,40.51
250663,26.25,79,40.51
219876,26.25,79,40.51
90650,26.25,78.99,40.51
38572,26.25,78.99,40.52
2191,26.25,79,40.51
26,26.25,79,40.51
714,26.25,79,40.52
9,26.25,79,40.52
6354,26.25,79,40.51
95,26.25,79,40.51
3460,26.25,79,40.51
49,26.25,79,40.51
892438,26.23,78.99,40.5
895516,26.23,78.99,40.51
893098,26.24,78.99,40.51
889381,26.24,78.99,40.5
872713,26.23,78.99,40.5
886596,26.23,78.99,40.5
881508,26.24,78.99,40.5
864063,26.24,78.99,40.5
810404,26.24,78.99,40.5
770862,26.24,78.99,40.5
669505,26.24,79,40.5
326295,26.24,78.99,40.5
736697,26.24,79,40.5
420451,26.24,78.99,40.5
828847,26.24,78.99,40.5
837243,26.24,78.99,40.51
786334,26.24,79,40.51
772163,26.24,79,40.5
853547,26.23,78.99,40.5
806566,26.23,78.99,40.49
835355,26.24,78.99,40.5
770842,26.24,78.99,40.49
729699,26.23,78.99,40.49
569950,26.23,78.99,40.49
651695,26.24,78.99,40.49
449493,26.24,78.99,40.49
404258,26.24,78.99,40.49
227142,26.24,78.99,40.49
97317,26.24,79,40.49
17271,26.24,78.99,40.49
225341,26.24,79,40.49
54167,26.24,78.99,40.49
701204,26.24,78.99,40.5
580587,26.24,78.99,40.49
395207,26.24,79,40.49
122720,26.24,78.99,40.49
555402,26.24,79,40.5
219452,26.24,78.99,40.5
516089,26.24,78.99,40.51
487656,26.24,78.99,40.5
257699,26.25,79,40.51
237594,26.25,79,40.5
120540,26.25,78.99,40.5
74320,26.25,78.99,40.5
6505,26.25,79,40.51
121,26.25,79,40.51
7986,26.25,79,40.5
145,26.25,79,40.5
6468,26.25,79,40.5
4515,26.25,79,40.5
139,26.25,79,40.5
117,26.25,79,40.5
17054,26.25,78.99,40.49
38951,26.25,78.99,40.5
2185,26.25,78.99,40.49
6696,26.25,78.99,40.49
142,26.25,79,40.49
14,26.25,79,40.49
390,26.25,79,40.49
28,26.25,79,40.49
1079,26.25,79,40.49
52,26.25,79,40.49
2458,26.25,79,40.5
82,26.25,79,40.5
2,26.25,79,40.52
2,26.25,79,40.53
2,26.25,79,40.52
3,26.26,79,40.52
3,26.26,79,40.53
2,26.25,79,40.52
2,26.25,79,40.52
2,26.25,79,40.52
2,26.25,79,40.52
4,26.26,79,40.52
3,26.26,79,40.52
3,26.26,79,40.51
3,26.25,79,40.51
2,26.25,79,40.52
3,26.26,79,40.51
5,26.25,79,40.51
3,26.26,79,40.51
4,26.25,79,40.51
3,26.26,79,40.51
5,26.25,79,40.51
3,26.26,79,40.5
6,26.25,79,40.5
3,26.26,79,40.5
3,26.25,79,40.5
3,26.25,79,40.5
5,26.25,79,40.5
5,26.25,79,40.5
2,26.26,79,40.49
2,26.25,79,40.49
3,26.25,79,40.49
3,26.25,79,40.49
2,26.26,79,40.49
2,26.25,79,40.5
3,26.25,79,40.5
4,26.25,79,40.5
5,26.25,79,40.5
2,26.26,79,40.49
2,26.26,79,40.5
3,26.26,79,40.52
4,26.26,79,40.52
4,26.26,79,40.52
4,26.26,79,40.51
4,26.26,79,40.51
4,26.26,79,40.51
4,26.26,79,40.51
4,26.26,79,40.5
3,26.26,79,40.5
3,26.26,79,40.5
26,26.24,78.99,40.47
3,26.24,78.99,40.47
3,26.23,78.99,40.46
5,26.24,78.99,40.46
3,26.24,78.99,40.46
3,26.24,78.99,40.47
35909,26.24,78.99,40.48
185936,26.24,78.99,40.49
2704,26.24,78.99,40.48
9856,26.24,78.99,40.48
586,26.24,78.99,40.48
3218,26.24,78.99,40.48
82444,26.24,78.99,40.49
32723,26.24,78.99,40.49
28238,26.24,78.99,40.49
10745,26.24,78.99,40.49
175,26.24,78.99,40.47
15,26.24,78.99,40.47
2556,26.24,78.99,40.48
135,26.24,78.99,40.48
8,26.25,78.99,40.47
2,26.25,78.99,40.47
37,26.25,78.99,40.48
3,26.25,79,40.48
2577,26.25,78.99,40.49
357,26.25,78.99,40.48
12,26.25,79,40.48
47,26.25,79,40.49
2,26.25,79,40.48
2,26.26,79,40.49
3,26.25,79,40.49
1910,26.16,79,40.53
1076,26.17,78.99,40.52
841,26.17,78.99,40.51
1285,26.16,79,40.51
1529,26.17,78.99,40.52
1399,26.17,78.99,40.52
1683,26.17,79,40.52
329,26.17,78.99,40.5
514,26.17,79,40.49
622,26.17,78.99,40.51
471,26.17,78.99,40.5
875,26.16,79,40.5
1711,26.19,79,40.57
674,26.22,78.99,40.56
1298,26.22,78.99,40.56
733,26.22,79,40.56
790,26.21,79,40.57
2474,26.17,79,40.55
2504,26.17,78.99,40.56
2499,26.18,79,40.56
2474,26.19,79,40.55
2387,26.19,78.99,40.55
2334,26.19,78.99,40.55
2479,26.18,79,40.55
2457,26.19,79,40.55
2071,26.17,79,40.53
1790,26.17,78.99,40.54
1462,26.17,78.99,40.53
2276,26.17,79,40.54
2320,26.18,78.99,40.54
2126,26.18,78.99,40.54
2298,26.18,78.98,40.54
1998,26.18,78.98,40.54
2286,26.18,78.99,40.54
1983,26.19,78.99,40.55
1934,26.18,78.99,40.54
1518,26.19,78.99,40.54
1608,26.18,78.98,40.54
1253,26.18,78.98,40.53
1484,26.18,78.99,40.54
1253,26.19,78.99,40.54
1064,26.18,78.99,40.53
1184,26.19,78.99,40.53
2405,26.19,78.99,40.55
2262,26.2,78.99,40.56
2101,26.2,79,40.56
1745,26.2,79,40.56
2210,26.19,79,40.56
2382,26.2,78.99,40.55
2204,26.2,78.99,40.55
1331,26.21,79,40.57
1885,26.21,78.99,40.56
1468,26.21,78.99,40.56
2127,26.21,78.99,40.56
1955,26.21,78.99,40.56
1545,26.22,78.99,40.56
2340,26.2,78.99,40.55
2209,26.2,78.99,40.55
2331,26.21,78.99,40.55
2232,26.21,78.99,40.55
2248,26.21,78.99,40.55
2244,26.21,78.99,40.55
2011,26.22,78.99,40.55
1482,26.23,78.99,40.55
2215,26.22,78.99,40.55
1881,26.23,78.99,40.55
2661,26.2,78.99,40.54
7412,26.2,78.99,40.53
1790,26.2,78.99,40.55
1686,26.2,78.99,40.54
3187,26.2,78.99,40.54
1981,26.2,78.99,40.55
1935,26.21,78.99,40.55
2238,26.21,78.99,40.55
2617,26.21,78.99,40.54
5956,26.21,78.99,40.54
2619,26.22,78.99,40.55
2502,26.23,78.99,40.55
10607,26.22,78.99,40.54
11312,26.23,78.99,40.54
56077,26.2,78.99,40.53
12653,26.2,78.99,40.54
13428,26.21,78.99,40.54
48682,26.21,78.99,40.54
89583,26.21,78.99,40.53
290635,26.21,78.99,40.53
106821,26.22,78.99,40.54
109394,26.23,78.99,40.54
448128,26.22,78.99,40.53
452647,26.23,78.99,40.53
677,26.17,78.99,40.52
499,26.17,78.99,40.51
1157,26.17,78.99,40.53
953,26.17,78.99,40.52
730,26.18,78.98,40.52
958,26.18,78.98,40.53
722,26.18,78.99,40.53
1451,26.19,78.99,40.53
503,26.18,78.99,40.52
2127,26.19,78.99,40.52
514,26.18,78.98,40.52
363,26.18,78.98,40.51
337,26.18,78.99,40.52
2817,26.19,78.99,40.52
210,26.18,78.99,40.51
2910,26.19,78.99,40.51
304,26.17,78.99,40.51
194,26.17,78.99,40.5
68,26.17,78.99,40.49
110,26.17,78.99,40.5
219,26.18,78.98,40.51
131,26.18,78.98,40.5
115,26.18,78.99,40.51
2176,26.19,78.99,40.51
57,26.18,78.99,40.5
1105,26.19,78.99,40.5
63,26.18,78.98,40.5
29,26.18,78.98,40.49
25,26.18,78.99,40.5
373,26.19,78.99,40.5
7,26.18,78.99,40.49
88,26.19,78.99,40.49
98070,26.2,78.99,40.52
133517,26.2,78.99,40.51
20989,26.2,78.99,40.53
51937,26.2,78.99,40.52
333327,26.2,78.99,40.52
169119,26.2,78.99,40.53
539295,26.21,78.99,40.52
784605,26.21,78.99,40.52
293048,26.21,78.99,40.53
614395,26.21,78.99,40.53
839015,26.22,78.99,40.52
836159,26.23,78.99,40.52
730198,26.22,78.99,40.53
728617,26.23,78.99,40.53
470013,26.2,78.99,40.52
541079,26.2,78.99,40.51
747824,26.21,78.99,40.51
862215,26.21,78.99,40.51
692381,26.21,78.99,40.52
842495,26.21,78.99,40.52
887700,26.22,78.99,40.51
884342,26.23,78.99,40.51
874943,26.22,78.99,40.52
871480,26.23,78.99,40.52
131183,26.2,78.99,40.51
88462,26.2,78.99,40.5
36737,26.2,78.99,40.5
9890,26.2,78.99,40.49
544723,26.2,78.99,40.51
479723,26.2,78.99,40.5
751790,26.21,78.99,40.51
864299,26.21,78.99,40.51
705955,26.21,78.99,40.5
849645,26.21,78.99,40.5
889295,26.22,78.99,40.51
885818,26.23,78.99,40.51
880063,26.22,78.99,40.5
876231,26.23,78.99,40.5
344027,26.2,78.99,40.5
169130,26.2,78.99,40.49
562242,26.21,78.99,40.5
802266,26.21,78.99,40.5
298460,26.21,78.99,40.49
648135,26.21,78.99,40.49
851049,26.22,78.99,40.5
846565,26.23,78.99,40.5
756777,26.22,78.99,40.49
753666,26.23,78.99,40.49
300,26.16,78.99,40.47
493,26.16,78.99,40.48
298,26.16,78.99,40.49
152,26.17,79,40.48
26,26.17,78.99,40.48
41,26.17,78.99,40.49
106,26.17,79,40.47
16,26.18,78.99,40.48
10,26.18,78.98,40.49
3,26.18,78.98,40.48
28,26.17,79,40.46
6,26.17,78.99,40.45
8,26.18,78.99,40.47
141,26.2,78.99,40.48
2015,26.2,78.99,40.49
430,26.2,78.99,40.48
22,26.21,78.99,40.47
243,26.21,78.99,40.47
684,26.21,78.99,40.48
4529,26.21,78.99,40.48
755,26.22,78.99,40.47
1164,26.23,78.99,40.47
12180,26.22,78.99,40.48
16940,26.23,78.99,40.48
45189,26.2,78.99,40.49
6302,26.2,78.99,40.48
78411,26.21,78.99,40.49
311954,26.21,78.99,40.49
10196,26.21,78.99,40.48
53556,26.21,78.99,40.48
488227,26.22,78.99,40.49
498181,26.23,78.99,40.49
126224,26.22,78.99,40.48
151959,26.23,78.99,40.48
102258,26.23,78.99,40.48
353458,26.23,78.99,40.49
1107,26.23,78.99,40.47
12645,26.23,78.99,40.48
4,26.21,78.99,40.46
5,26.21,78.99,40.47
6,26.22,78.99,40.46
11,26.23,78.99,40.46
49,26.22,78.99,40.47
90,26.23,78.99,40.47
140,26.23,78.99,40.47
21,26.23,78.99,40.46
5,26.17,78.99,40.45
53,26.23,79,40.57
1599,26.23,78.99,40.55
6759,26.23,78.99,40.54
64116,26.23,78.99,40.54
301705,26.23,78.99,40.53
461,26.23,78.99,40.56
48,26.23,79,40.57
216,26.23,78.99,40.56
927,26.23,78.99,40.56
498,26.23,78.99,40.56
672,26.23,78.99,40.55
1137,26.23,78.99,40.55
21,26.24,79,40.56
33,26.24,79,40.56
201,26.23,78.99,40.56
249,26.24,78.99,40.55
51,26.24,78.99,40.55
565,26.24,78.99,40.55
173,26.24,78.99,40.55
37,26.24,78.99,40.55
878,26.24,78.99,40.55
347,26.24,78.99,40.54
2102,26.24,78.99,40.54
711,26.24,78.99,40.54
19460,26.24,78.99,40.54
142833,26.24,78.99,40.53
2084,26.24,78.99,40.54
7248,26.24,78.99,40.53
628,26.24,78.99,40.54
1307,26.24,78.99,40.53
23598,26.24,78.99,40.53
57604,26.24,78.99,40.53
3287,26.24,78.99,40.53
11039,26.24,78.99,40.53
6,26.25,78.99,40.54
3,26.25,79,40.55
32,26.25,78.99,40.54
2,26.25,79,40.54
92,26.25,78.99,40.54
683,26.25,78.99,40.53
2,26.25,79,40.53
3,26.26,79,40.54
3,26.26,79,40.54
3,26.26,79,40.54
4,26.26,79,40.53
2,26.25,79,40.53
831269,26.23,78.99,40.52
851146,26.23,78.99,40.51
610947,26.23,78.99,40.53
773949,26.23,78.99,40.52
852526,26.23,78.99,40.51
835873,26.23,78.99,40.5
785215,26.23,78.99,40.5
640024,26.23,78.99,40.49
806691,26.24,78.99,40.52
837709,26.24,78.99,40.51
772857,26.24,78.99,40.51
758846,26.24,78.99,40.51
655416,26.24,78.99,40.51
678562,26.24,78.99,40.51
729109,26.24,78.99,40.51
671511,26.24,78.99,40.52
520752,26.24,78.99,40.52
190991,26.25,78.99,40.52
606177,26.24,78.99,40.51
269437,26.25,78.99,40.51
450908,26.24,78.99,40.53
707650,26.24,78.99,40.52
276134,26.24,78.99,40.52
137204,26.24,78.99,40.53
38525,26.24,78.99,40.53
3906,26.25,78.99,40.53
121338,26.24,78.99,40.52
12843,26.25,78.99,40.52
579624,26.24,78.99,40.52
439959,26.24,78.99,40.52
250270,26.24,78.99,40.52
38301,26.25,78.99,40.52
396581,26.24,78.99,40.52
104595,26.25,78.99,40.52
22915,26.25,78.99,40.52
61965,26.25,78.99,40.52
1382,26.25,78.99,40.52
4118,26.25,78.99,40.52
3791,26.25,78.99,40.53
11925,26.25,78.99,40.52
373,26.25,78.99,40.53
648,26.25,78.99,40.52
16,26.25,78.99,40.53
21,26.25,78.99,40.52
44,26.25,78.99,40.52
97,26.25,78.99,40.52
3,26.25,79,40.52
208293,26.25,78.99,40.51
174907,26.25,78.99,40.51
115676,26.25,78.99,40.52
37409,26.25,78.99,40.51
13327,26.25,78.99,40.52
885,26.25,78.99,40.51
26,26.25,79,40.51
336,26.25,78.99,40.52
12,26.25,79,40.52
3417,26.25,78.99,40.51
106,26.25,79,40.51
1714,26.25,78.99,40.51
68,26.25,79,40.51
838977,26.24,78.99,40.51
811261,26.24,78.99,40.5
732627,26.24,78.99,40.5
679597,26.24,78.99,40.5
536444,26.24,78.99,40.5
225327,26.25,78.99,40.5
614136,26.24,78.99,40.5
293933,26.25,78.99,40.5
760768,26.24,78.99,40.5
773269,26.24,78.99,40.51
679608,26.24,78.99,40.51
659697,26.24,78.99,40.5
721613,26.24,78.99,40.5
488568,26.24,78.99,40.49
319150,26.24,78.99,40.49
182431,26.24,78.99,40.49
74798,26.24,78.99,40.49
16277,26.25,78.99,40.49
164416,26.24,78.99,40.49
37749,26.25,78.99,40.49
597016,26.24,78.99,40.5
470350,26.24,78.99,40.49
290714,26.24,78.99,40.49
82498,26.25,78.99,40.49
423896,26.24,78.99,40.5
147448,26.25,78.99,40.5
219350,26.25,78.99,40.51
214853,26.25,78.99,40.5
164680,26.25,78.99,40.5
88637,26.25,78.99,40.5
54526,26.25,78.99,40.5
3096,26.25,78.99,40.51
162,26.25,79,40.51
4145,26.25,78.99,40.5
194,26.25,79,40.5
3672,26.25,78.99,40.5
3136,26.25,78.99,40.5
217,26.25,79,40.5
219,26.25,79,40.5
109409,26.25,78.99,40.5
65305,26.25,78.99,40.49
17252,26.25,78.99,40.49
30851,26.25,78.99,40.5
16300,26.25,78.99,40.49
32187,26.25,78.99,40.49
3725,26.25,78.99,40.49
8323,26.25,78.99,40.49
256,26.25,78.99,40.49
45,26.25,79,40.49
493,26.25,78.99,40.49
65,26.25,79,40.49
1176,26.25,78.99,40.49
129,26.25,79,40.49
1937,26.25,78.99,40.5
156,26.25,79,40.5
4,26.26,79,40.52
4,26.26,79,40.53
2,26.26,79,40.53
2,26.26,79,40.52
2,26.25,79,40.53
2,26.25,79,40.52
3,26.26,79,40.52
3,26.26,79,40.52
3,26.25,79,40.52
3,26.25,79,40.52
4,26.26,79,40.51
4,26.26,79,40.52
3,26.26,79,40.51
4,26.25,79,40.51
3,26.26,79,40.52
4,26.25,79,40.52
4,26.26,79,40.51
4,26.26,79,40.51
4,26.26,79,40.51
7,26.25,79,40.51
3,26.26,79,40.51
6,26.25,79,40.51
4,26.26,79,40.51
4,26.26,79,40.5
3,26.26,79,40.5
3,26.26,79,40.51
8,26.25,79,40.51
3,26.26,79,40.5
9,26.25,79,40.5
3,26.26,79,40.5
3,26.26,79,40.5
9,26.25,79,40.5
9,26.25,79,40.5
2,26.26,79,40.49
2,26.26,79,40.49
2,26.26,79,40.49
2,26.26,79,40.49
4,26.25,79,40.49
5,26.25,79,40.49
2,26.26,79,40.5
2,26.26,79,40.5
2,26.26,79,40.49
3,26.26,79,40.5
3,26.26,79,40.5
7,26.25,79,40.49
7,26.25,79,40.5
4,26.26,79,40.52
4,26.26,79,40.52
4,26.26,79,40.51
3,26.26,79,40.51
3,26.26,79,40.5
112,26.24,78.99,40.47
21,26.24,78.99,40.47
18,26.24,78.99,40.46
5,26.24,78.99,40.46
5,26.24,78.99,40.46
3,26.24,78.99,40.46
2,26.25,78.99,40.47
3,26.25,78.99,40.46
3,26.25,78.99,40.47
35362,26.24,78.99,40.48
144538,26.24,78.99,40.49
5629,26.24,78.99,40.48
39628,26.24,78.99,40.49
669,26.24,78.99,40.47
70,26.24,78.99,40.47
4903,26.24,78.99,40.48
473,26.24,78.99,40.48
20,26.25,78.99,40.47
3,26.25,78.99,40.47
70,26.25,78.99,40.48
5,26.25,78.99,40.48
2609,26.25,78.99,40.49
394,26.25,78.99,40.48
16,26.25,78.99,40.48
66,26.25,78.99,40.49
4,26.24,78.99,40.45
2,26.26,78.99,40.48
2,26.26,78.99,40.48
2,26.26,79,40.49
3,26.26,78.99,40.49
1921,26.16,78.99,40.53
2199,26.16,78.99,40.54
1984,26.16,78.99,40.53
1185,26.17,78.99,40.51
1393,26.16,79,40.51
1640,26.17,78.99,40.52
1683,26.16,79,40.52
468,26.17,78.99,40.49
753,26.16,79,40.49
785,26.17,78.99,40.5
1079,26.16,79,40.5
212,26.16,78.99,40.47
642,26.15,78.99,40.48
460,26.15,78.99,40.47
2381,26.17,78.99,40.57
1409,26.18,78.99,40.58
2011,26.18,78.99,40.57
1200,26.18,78.99,40.58
1814,26.18,78.99,40.57
510,26.2,78.99,40.58
1834,26.19,78.98,40.57
1133,26.2,78.99,40.57
347,26.21,78.99,40.58
46,26.22,78.99,40.58
823,26.21,79,40.57
269,26.22,79,40.57
950,26.22,78.99,40.56
997,26.21,78.99,40.57
2526,26.16,78.99,40.56
2463,26.16,78.99,40.55
2252,26.16,78.99,40.54
2450,26.17,78.98,40.55
2491,26.17,78.98,40.56
2339,26.18,79,40.56
2487,26.18,78.98,40.56
2476,26.18,79,40.56
2423,26.19,78.99,40.55
2457,26.18,78.99,40.55
2318,26.19,78.99,40.55
2398,26.19,78.98,40.55
2206,26.19,78.98,40.55
1742,26.17,78.98,40.53
2240,26.17,78.98,40.54
1946,26.18,78.98,40.55
1698,26.18,78.98,40.54
1972,26.18,78.98,40.55
1858,26.19,78.98,40.55
1595,26.18,78.98,40.54
1837,26.19,78.98,40.54
1448,26.18,78.98,40.54
1329,26.18,78.98,40.53
1344,26.18,78.98,40.54
2702,26.19,78.98,40.54
1211,26.18,78.98,40.53
5270,26.19,78.98,40.53
1976,26.2,78.99,40.56
2295,26.19,78.98,40.56
1908,26.2,79,40.57
2197,26.2,78.99,40.56
2340,26.2,78.98,40.55
2254,26.2,78.98,40.55
1879,26.21,78.98,40.56
1694,26.21,78.99,40.56
1268,26.22,78.98,40.56
2163,26.21,78.98,40.56
2087,26.21,78.99,40.56
1820,26.22,78.99,40.56
765,26.22,78.98,40.56
1326,26.22,78.98,40.56
2268,26.21,78.98,40.55
2327,26.21,78.98,40.55
2263,26.21,78.99,40.55
2136,26.22,78.99,40.55
2249,26.21,78.99,40.55
2336,26.22,78.99,40.55
1810,26.22,78.98,40.55
1141,26.23,78.98,40.55
2146,26.22,78.98,40.55
1690,26.23,78.98,40.55
11057,26.2,78.98,40.54
33920,26.2,78.98,40.53
2326,26.2,78.98,40.55
4078,26.2,78.98,40.54
9669,26.21,78.98,40.54
3350,26.21,78.98,40.55
2538,26.21,78.99,40.55
3425,26.22,78.99,40.55
7958,26.21,78.99,40.54
16065,26.22,78.99,40.54
3682,26.22,78.98,40.55
3062,26.23,78.98,40.55
21830,26.22,78.98,40.54
17821,26.23,78.98,40.54
149670,26.21,78.98,40.53
40882,26.21,78.98,40.54
48630,26.21,78.99,40.54
116492,26.22,78.99,40.54
215835,26.21,78.99,40.53
410497,26.22,78.99,40.53
161333,26.22,78.98,40.54
128100,26.23,78.98,40.54
483039,26.22,78.98,40.53
424917,26.23,78.98,40.53
672,26.17,78.98,40.51
1149,26.17,78.98,40.52
1184,26.18,78.98,40.52
1244,26.18,78.98,40.53
1208,26.18,78.98,40.53
10916,26.19,78.98,40.53
1296,26.18,78.98,40.52
21151,26.19,78.98,40.52
1073,26.18,78.98,40.52
923,26.18,78.98,40.51
1359,26.18,78.98,40.52
34903,26.19,78.98,40.52
1273,26.18,78.98,40.51
44420,26.19,78.98,40.51
360,26.17,78.98,40.5
169,26.17,78.98,40.49
697,26.18,78.98,40.51
448,26.18,78.98,40.5
1045,26.18,78.98,40.51
40159,26.19,78.98,40.51
642,26.18,78.98,40.5
24196,26.19,78.98,40.5
258,26.18,78.98,40.5
99,26.18,78.98,40.49
389,26.18,78.98,40.5
10726,26.19,78.98,40.5
148,26.18,78.98,40.49
3498,26.19,78.98,40.49
277943,26.2,78.98,40.52
334393,26.2,78.98,40.51
91588,26.2,78.98,40.53
185079,26.2,78.98,40.52
516088,26.21,78.98,40.52
334029,26.21,78.98,40.53
666752,26.21,78.99,40.52
788617,26.22,78.99,40.52
473075,26.21,78.99,40.53
667386,26.22,78.99,40.53
811945,26.22,78.98,40.52
787539,26.23,78.98,40.52
714728,26.22,78.98,40.53
673708,26.23,78.98,40.53
629910,26.21,78.98,40.52
678644,26.21,78.98,40.51
791043,26.21,78.99,40.51
850535,26.22,78.99,40.51
759031,26.21,78.99,40.52
833613,26.22,78.99,40.52
862273,26.22,78.98,40.51
846520,26.23,78.98,40.51
848125,26.22,78.98,40.52
830027,26.23,78.98,40.52
335390,26.2,78.98,40.51
279499,26.2,78.98,40.5
184308,26.2,78.98,40.5
83362,26.2,78.98,40.49
683055,26.21,78.98,40.51
643984,26.21,78.98,40.5
794220,26.21,78.99,40.51
852712,26.22,78.99,40.51
769804,26.21,78.99,40.5
840712,26.22,78.99,40.5
864087,26.22,78.98,40.51
848266,26.23,78.98,40.51
854057,26.22,78.98,40.5
835661,26.23,78.98,40.5
538813,26.21,78.98,40.5
352456,26.21,78.98,40.49
688734,26.21,78.99,40.5
804328,26.22,78.99,40.5
500360,26.21,78.99,40.49
697428,26.22,78.99,40.49
824388,26.22,78.98,40.5
799548,26.23,78.98,40.5
740585,26.22,78.98,40.49
699838,26.23,78.98,40.49
303,26.16,78.98,40.47
449,26.16,78.98,40.48
62,26.16,78.99,40.45
105,26.16,78.99,40.46
23,26.16,78.99,40.44
24,26.16,78.99,40.44
74,26.17,78.98,40.48
39,26.17,78.98,40.47
31,26.18,78.98,40.49
4,26.18,78.98,40.48
110,26.19,78.98,40.48
41,26.18,78.98,40.49
844,26.19,78.98,40.49
10,26.17,78.98,40.46
4,26.17,78.98,40.46
3606,26.2,78.98,40.48
21616,26.2,78.98,40.49
104,26.2,78.98,40.47
737,26.2,78.98,40.48
4337,26.21,78.98,40.48
418,26.21,78.98,40.47
273,26.21,78.99,40.47
1372,26.22,78.99,40.47
4764,26.21,78.99,40.48
16729,26.22,78.99,40.48
3106,26.22,78.98,40.47
3599,26.23,78.98,40.47
31034,26.22,78.98,40.48
32321,26.23,78.98,40.48
146575,26.21,78.98,40.49
31991,26.21,78.98,40.48
222190,26.21,78.99,40.49
445108,26.22,78.99,40.49
44892,26.21,78.99,40.48
130488,26.22,78.99,40.48
525367,26.22,78.98,40.49
471455,26.23,78.98,40.49
200080,26.22,78.98,40.48
182919,26.23,78.98,40.48
100622,26.24,78.98,40.48
294106,26.24,78.98,40.49
3286,26.24,78.98,40.47
20481,26.24,78.98,40.48
42,26.2,78.98,40.47
5,26.2,78.98,40.46
12,26.21,78.98,40.46
5,26.21,78.99,40.46
2,26.23,78.99,40.45
27,26.22,78.99,40.46
6,26.22,78.99,40.46
3,26.23,78.99,40.46
115,26.21,78.98,40.47
13,26.22,78.99,40.46
25,26.21,78.99,40.47
80,26.22,78.99,40.47
40,26.22,78.98,40.46
46,26.23,78.98,40.46
327,26.22,78.98,40.47
345,26.23,78.98,40.47
506,26.24,78.98,40.47
70,26.24,78.98,40.46
7,26.23,78.99,40.46
6,26.17,78.98,40.45
6,26.22,78.99,40.45
2,26.21,78.99,40.45
3,26.23,78.99,40.45
12,26.23,78.99,40.58
15,26.23,79,40.57
184,26.23,78.99,40.57
1328,26.24,78.98,40.55
7550,26.24,78.98,40.54
60956,26.24,78.98,40.54
246677,26.24,78.98,40.53
291,26.23,78.98,40.56
115,26.23,78.99,40.56
664,26.23,78.98,40.56
312,26.23,78.99,40.56
431,26.24,78.98,40.55
753,26.24,78.98,40.55
37,26.24,78.99,40.56
10,26.24,78.99,40.56
91,26.24,78.99,40.56
133,26.24,78.99,40.55
3,26.24,78.99,40.55
329,26.24,78.99,40.55
60,26.24,78.99,40.55
3,26.25,79,40.55
3,26.25,79,40.56
509,26.24,78.99,40.55
150,26.24,78.99,40.55
1685,26.24,78.99,40.54
300,26.24,78.99,40.54
16979,26.24,78.99,40.54
108789,26.24,78.99,40.53
2077,26.24,78.99,40.54
18330,26.24,78.99,40.53
4,26.25,78.99,40.55
11,26.25,78.99,40.54
30,26.25,78.99,40.54
290,26.25,78.99,40.53
3,26.25,78.99,40.53
3,26.25,79,40.55
2,26.26,78.99,40.54
3,26.26,79,40.54
3,26.26,79,40.54
2,26.26,78.99,40.54
4,26.26,79,40.53
3,26.26,79,40.54
3,26.26,78.99,40.53
5,26.26,79,40.53
3,26.26,78.99,40.53
759418,26.24,78.98,40.52
787602,26.24,78.98,40.51
509095,26.24,78.98,40.53
684318,26.24,78.98,40.52
789138,26.24,78.98,40.51
764485,26.24,78.98,40.5
696897,26.24,78.98,40.5
538417,26.24,78.98,40.49
675601,26.24,78.99,40.52
726975,26.24,78.99,40.51
542895,26.24,78.99,40.51
457361,26.24,78.99,40.52
320819,26.24,78.99,40.53
547588,26.24,78.99,40.52
100896,26.24,78.99,40.53
278077,26.24,78.99,40.52
7011,26.25,78.99,40.52
1882,26.25,78.99,40.53
17,26.25,78.99,40.53
62,26.25,78.99,40.52
87396,26.25,78.99,40.51
33852,26.25,78.99,40.52
291,26.25,78.99,40.52
789,26.25,78.99,40.51
728933,26.24,78.99,40.51
681569,26.24,78.99,40.5
473263,26.24,78.99,40.5
548287,26.24,78.99,40.51
564856,26.24,78.99,40.5
354787,26.24,78.99,40.49
140945,26.24,78.99,40.49
313087,26.24,78.99,40.5
109343,26.25,78.99,40.51
84806,26.25,78.99,40.5
1294,26.25,78.99,40.51
1320,26.25,78.99,40.5
40523,26.25,78.99,40.5
12747,26.25,78.99,40.49
254,26.25,78.99,40.49
749,26.25,78.99,40.5
4,26.26,79,40.52
5,26.27,79,40.53
3,26.26,79,40.53
4,26.26,79,40.52
4,26.26,79,40.52
4,26.26,79,40.52
5,26.26,79,40.52
4,26.26,79,40.51
7,26.26,79,40.51
3,26.26,79,40.51
2,26.26,79,40.5
10,26.26,79,40.51
10,26.26,79,40.5
2,26.26,79,40.49
2,26.27,79,40.49
4,26.26,79,40.49
2,26.27,79,40.5
2,26.26,79,40.5
7,26.26,79,40.5
4,26.27,79,40.52
4,26.27,79,40.52
3,26.27,79,40.51
2,26.27,79,40.51
2,26.27,79,40.5
331,26.24,78.98,40.47
110,26.25,78.99,40.47
78,26.24,78.98,40.46
13,26.25,78.99,40.46
3,26.24,78.99,40.45
6,26.24,78.99,40.45
9,26.24,78.99,40.46
5,26.24,78.99,40.46
2,26.25,78.99,40.47
2,26.25,78.99,40.46
5,26.25,78.99,40.46
6,26.25,78.99,40.47
33709,26.24,78.98,40.48
108776,26.24,78.98,40.49
6579,26.25,78.99,40.48
29140,26.25,78.99,40.49
2341,26.24,78.98,40.47
374,26.25,78.99,40.47
8120,26.24,78.98,40.48
1453,26.25,78.99,40.48
47,26.25,78.99,40.47
5,26.26,78.99,40.47
130,26.25,78.99,40.48
9,26.26,78.99,40.48
1356,26.25,78.99,40.49
431,26.25,78.99,40.48
17,26.26,78.99,40.48
35,26.26,78.99,40.49
2,26.24,78.99,40.45
2,26.26,78.99,40.47
2,26.26,78.99,40.48
2,26.26,78.99,40.48
2,26.26,78.99,40.48
2,26.26,78.99,40.49
3,26.26,78.99,40.49
2433,26.15,78.99,40.55
2155,26.16,78.98,40.54
1959,26.16,78.98,40.53
2219,26.15,78.99,40.54
1983,26.15,78.99,40.53
1442,26.15,78.99,40.51
1364,26.16,78.98,40.51
1680,26.16,78.98,40.52
1703,26.15,78.99,40.52
678,26.16,78.98,40.49
883,26.15,78.99,40.49
1166,26.15,78.99,40.5
1007,26.16,78.98,40.5
220,26.16,78.98,40.47
330,26.15,78.99,40.46
241,26.15,78.99,40.46
438,26.15,78.97,40.47
598,26.15,78.98,40.48
791,26.14,78.99,40.48
603,26.14,78.99,40.47
2078,26.16,78.99,40.58
2359,26.17,78.98,40.57
2397,26.16,78.99,40.57
838,26.18,78.99,40.59
1633,26.17,78.99,40.58
189,26.2,78.99,40.59
110,26.19,78.99,40.6
315,26.19,78.99,40.59
1458,26.18,78.97,40.58
2080,26.18,78.97,40.57
721,26.19,78.99,40.58
1320,26.18,78.98,40.58
1919,26.18,78.98,40.57
41,26.21,78.99,40.59
627,26.2,78.98,40.58
1416,26.2,78.98,40.57
142,26.21,78.99,40.58
503,26.21,78.98,40.58
83,26.22,78.98,40.58
17,26.23,78.99,40.58
374,26.21,79,40.57
1091,26.21,78.98,40.57
450,26.22,78.98,40.57
2529,26.15,78.99,40.56
2458,26.15,78.99,40.55
1535,26.16,78.98,40.52
1070,26.16,78.98,40.51
673,26.16,78.98,40.5
401,26.16,78.98,40.49
2494,26.16,78.97,40.56
2423,26.16,78.98,40.55
2228,26.16,78.98,40.54
1968,26.16,78.98,40.53
2378,26.18,78.97,40.55
2423,26.18,78.97,40.56
2381,26.18,78.98,40.56
2375,26.19,78.98,40.55
2363,26.18,78.98,40.55
2427,26.19,78.98,40.55
1766,26.18,78.97,40.53
1908,26.18,78.97,40.54
1980,26.18,78.98,40.55
1976,26.18,78.98,40.54
1947,26.19,78.98,40.55
3191,26.19,78.98,40.55
2010,26.19,78.98,40.54
5537,26.19,78.98,40.54
2533,26.18,78.98,40.54
3399,26.18,78.98,40.53
2972,26.19,78.98,40.54
12577,26.19,78.98,40.54
4687,26.19,78.98,40.53
25127,26.19,78.98,40.53
2173,26.2,78.98,40.56
2367,26.2,78.98,40.55
2826,26.2,78.98,40.55
2294,26.2,78.98,40.55
2572,26.2,78.98,40.55
1651,26.21,78.98,40.56
1507,26.21,78.98,40.56
1056,26.22,78.98,40.56
2100,26.21,78.98,40.56
1993,26.21,78.98,40.56
1635,26.22,78.98,40.56
563,26.23,78.98,40.56
1050,26.23,78.98,40.56
2471,26.21,78.98,40.55
3754,26.21,78.98,40.55
2231,26.21,78.98,40.55
1991,26.22,78.98,40.55
2728,26.21,78.98,40.55
2581,26.22,78.98,40.55
1567,26.23,78.98,40.55
793,26.23,78.98,40.55
2717,26.23,78.98,40.55
1435,26.23,78.98,40.55
69833,26.2,78.98,40.53
32289,26.2,78.98,40.54
34276,26.2,78.98,40.54
98717,26.2,78.98,40.53
6242,26.2,78.98,40.55
13072,26.2,78.98,40.54
4846,26.2,78.98,40.55
11760,26.2,78.98,40.54
29345,26.21,78.98,40.54
11002,26.21,78.98,40.55
5650,26.21,78.98,40.55
6196,26.22,78.98,40.55
22016,26.21,78.98,40.54
33465,26.22,78.98,40.54
7085,26.23,78.98,40.55
3837,26.23,78.98,40.55
37067,26.23,78.98,40.54
23313,26.23,78.98,40.54
270068,26.21,78.98,40.53
99257,26.21,78.98,40.54
111715,26.21,78.98,40.54
185323,26.22,78.98,40.54
344412,26.21,78.98,40.53
471351,26.22,78.98,40.53
193923,26.23,78.98,40.54
130314,26.23,78.98,40.54
480909,26.23,78.98,40.53
378515,26.23,78.98,40.53
2267,26.18,78.97,40.51
2110,26.18,78.97,40.52
6785,26.18,78.98,40.52
5551,26.18,78.98,40.53
8297,26.19,78.98,40.53
53299,26.19,78.98,40.53
11374,26.19,78.98,40.52
97828,26.19,78.98,40.52
9172,26.18,78.98,40.52
8649,26.18,78.98,40.51
15783,26.19,78.98,40.52
148890,26.19,78.98,40.52
16445,26.19,78.98,40.51
181049,26.19,78.98,40.51
1536,26.18,78.97,40.5
586,26.18,78.97,40.49
9964,26.18,78.98,40.51
6705,26.18,78.98,40.5
16922,26.19,78.98,40.51
180074,26.19,78.98,40.51
11694,26.19,78.98,40.5
142165,26.19,78.98,40.5
6031,26.18,78.98,40.5
2656,26.18,78.98,40.49
8719,26.19,78.98,40.5
87620,26.19,78.98,40.5
4100,26.19,78.98,40.49
35551,26.19,78.98,40.49
355870,26.2,78.98,40.51
310548,26.2,78.98,40.52
461921,26.2,78.98,40.52
516634,26.2,78.98,40.51
231749,26.2,78.98,40.52
142414,26.2,78.98,40.53
219734,26.2,78.98,40.53
354264,26.2,78.98,40.52
621952,26.21,78.98,40.52
471623,26.21,78.98,40.53
718172,26.21,78.98,40.52
776543,26.22,78.98,40.52
580321,26.21,78.98,40.53
678602,26.22,78.98,40.53
777653,26.23,78.98,40.52
729396,26.23,78.98,40.52
683497,26.23,78.98,40.53
606773,26.23,78.98,40.53
694361,26.21,78.98,40.52
727568,26.21,78.98,40.51
799673,26.21,78.98,40.51
832220,26.22,78.98,40.51
776429,26.21,78.98,40.52
815687,26.22,78.98,40.52
831507,26.23,78.98,40.51
799994,26.23,78.98,40.51
815306,26.23,78.98,40.52
779485,26.23,78.98,40.52
357212,26.2,78.98,40.51
316677,26.2,78.98,40.5
520577,26.2,78.98,40.51
475053,26.2,78.98,40.5
233026,26.2,78.98,40.5
132581,26.2,78.98,40.49
369951,26.2,78.98,40.5
226706,26.2,78.98,40.49
731452,26.21,78.98,40.51
707188,26.21,78.98,40.5
802617,26.21,78.98,40.51
834541,26.22,78.98,40.51
786089,26.21,78.98,40.5
823179,26.22,78.98,40.5
833533,26.23,78.98,40.51
801981,26.23,78.98,40.51
821993,26.23,78.98,40.5
785744,26.23,78.98,40.5
645887,26.21,78.98,40.5
501082,26.21,78.98,40.49
737944,26.21,78.98,40.5
791685,26.22,78.98,40.5
612055,26.21,78.98,40.49
706661,26.22,78.98,40.49
791113,26.23,78.98,40.5
742643,26.23,78.98,40.5
709623,26.23,78.98,40.49
633979,26.23,78.98,40.49
134,26.15,78.99,40.45
441,26.16,78.97,40.48
305,26.16,78.97,40.47
148,26.16,78.98,40.47
241,26.16,78.98,40.48
39,26.16,78.97,40.46
74,26.16,78.98,40.46
90,26.15,78.99,40.44
50,26.16,78.99,40.44
26,26.16,78.97,40.44
13,26.17,78.99,40.43
22,26.16,78.97,40.45
145,26.18,78.97,40.48
19,26.18,78.97,40.47
1495,26.18,78.98,40.49
495,26.18,78.98,40.48
660,26.19,78.98,40.48
3270,26.19,78.98,40.48
1703,26.19,78.98,40.49
11770,26.19,78.98,40.49
12,26.18,78.98,40.47
240,26.18,78.98,40.48
36,26.19,78.98,40.47
163,26.19,78.98,40.47
253,26.19,78.98,40.48
1244,26.19,78.98,40.48
58,26.19,78.98,40.47
60076,26.2,78.98,40.49
24257,26.2,78.98,40.48
25656,26.2,78.98,40.48
90807,26.2,78.98,40.49
10064,26.2,78.98,40.48
3280,26.2,78.98,40.47
2520,26.2,78.98,40.47
8048,26.2,78.98,40.48
21259,26.21,78.98,40.48
4925,26.21,78.98,40.47
2836,26.21,78.98,40.47
6038,26.22,78.98,40.47
19994,26.21,78.98,40.48
43616,26.22,78.98,40.48
10434,26.23,78.98,40.47
8897,26.23,78.98,40.47
58496,26.23,78.98,40.48
49315,26.23,78.98,40.48
285618,26.21,78.98,40.49
96003,26.21,78.98,40.48
371263,26.21,78.98,40.49
511061,26.22,78.98,40.49
117894,26.21,78.98,40.48
217672,26.22,78.98,40.48
524600,26.23,78.98,40.49
425026,26.23,78.98,40.49
249839,26.23,78.98,40.48
187449,26.23,78.98,40.48
93009,26.24,78.98,40.48
237857,26.24,78.98,40.49
8038,26.24,78.98,40.47
27528,26.24,78.98,40.48
141,26.2,78.98,40.46
950,26.2,78.98,40.47
86,26.2,78.98,40.46
737,26.2,78.98,40.47
33,26.2,78.98,40.45
104,26.21,78.98,40.46
68,26.21,78.98,40.46
36,26.22,78.98,40.45
3,26.22,78.98,40.45
5,26.23,78.98,40.45
111,26.22,78.98,40.46
49,26.22,78.98,40.46
18,26.23,78.98,40.46
1609,26.21,78.98,40.47
150,26.21,78.98,40.46
76,26.21,78.98,40.46
100,26.22,78.98,40.46
730,26.21,78.98,40.47
858,26.22,78.98,40.47
224,26.23,78.98,40.46
173,26.23,78.98,40.46
1959,26.23,78.98,40.47
1268,26.23,78.98,40.47
1544,26.24,78.98,40.47
224,26.24,78.98,40.46
20,26.23,78.98,40.45
2,26.24,78.98,40.45
63,26.23,78.98,40.46
30,26.24,78.98,40.46
7,26.21,78.98,40.45
7,26.21,78.98,40.45
5,26.22,78.98,40.45
3,26.23,78.98,40.45
11,26.23,78.99,40.59
6,26.24,78.99,40.58
20,26.23,78.98,40.58
61,26.23,78.98,40.57
5,26.25,78.99,40.58
4,26.25,79,40.57
5,26.25,79,40.57
1708,26.24,78.98,40.55
8678,26.24,78.98,40.54
53082,26.24,78.98,40.54
193510,26.24,78.98,40.53
199,26.23,78.98,40.56
70,26.24,78.98,40.56
453,26.23,78.98,40.56
202,26.24,78.98,40.56
253,26.24,78.98,40.55
782,26.24,78.98,40.55
3,26.25,79,40.56
33,26.24,78.99,40.56
3,26.25,79,40.56
82,26.24,78.98,40.55
19,26.25,78.99,40.55
199,26.24,78.98,40.55
42,26.25,78.99,40.55
3,26.26,79,40.55
2,26.25,78.99,40.55
2,26.25,78.99,40.55
5,26.25,78.99,40.55
2,26.25,78.99,40.55
298,26.24,78.98,40.55
70,26.25,78.99,40.55
1208,26.24,78.98,40.54
127,26.25,78.99,40.54
12524,26.24,78.98,40.54
74344,26.24,78.98,40.53
1101,26.25,78.99,40.54
10828,26.25,78.99,40.53
6,26.25,78.99,40.55
2,26.26,78.99,40.55
12,26.25,78.99,40.54
3,26.26,78.99,40.54
20,26.25,78.99,40.54
144,26.25,78.99,40.53
3,26.26,78.99,40.54
6,26.26,78.99,40.53
3,26.26,79,40.55
3,26.26,79,40.55
2,26.27,79,40.54
2,26.27,79,40.55
2,26.26,78.99,40.54
3,26.26,78.99,40.54
2,26.27,79,40.54
5,26.26,78.99,40.53
5,26.27,79,40.54
3,26.26,78.99,40.54
5,26.27,79,40.53
5,26.26,78.99,40.53
4,26.26,78.99,40.53
662564,26.24,78.98,40.52
699544,26.24,78.98,40.51
401478,26.24,78.98,40.53
572139,26.24,78.98,40.52
701264,26.24,78.98,40.51
668364,26.24,78.98,40.5
586685,26.24,78.98,40.5
432280,26.24,78.98,40.49
522213,26.24,78.98,40.52
579676,26.24,78.98,40.51
346126,26.25,78.99,40.51
277350,26.25,78.99,40.52
217099,26.24,78.98,40.53
394144,26.24,78.98,40.52
58046,26.25,78.99,40.53
163784,26.25,78.99,40.52
2762,26.25,78.99,40.52
651,26.25,78.99,40.53
13,26.26,78.99,40.53
34,26.26,78.99,40.52
14117,26.25,78.99,40.51
6227,26.25,78.99,40.52
69,26.26,78.99,40.52
145,26.26,78.99,40.51
582870,26.24,78.98,40.51
531594,26.24,78.98,40.5
303419,26.25,78.99,40.5
357206,26.25,78.99,40.51
416310,26.24,78.98,40.5
251955,26.24,78.98,40.49
91679,26.25,78.99,40.49
196885,26.25,78.99,40.5
22289,26.25,78.99,40.51
20371,26.25,78.99,40.5
234,26.26,78.99,40.51
236,26.26,78.99,40.5
11572,26.25,78.99,40.5
4499,26.25,78.99,40.49
76,26.26,78.99,40.49
152,26.26,78.99,40.5
5,26.27,79,40.53
5,26.26,78.99,40.53
4,26.26,78.99,40.53
4,26.26,78.99,40.52
4,26.26,78.99,40.52
4,26.26,78.99,40.52
4,26.26,78.99,40.52
3,26.26,78.99,40.51
5,26.26,78.99,40.51
2,26.27,79,40.5
2,26.27,79,40.49
2,26.26,78.99,40.51
2,26.26,78.99,40.5
5,26.26,78.99,40.51
4,26.26,78.99,40.5
2,26.27,79,40.49
2,26.26,78.99,40.49
3,26.26,78.99,40.49
2,26.26,78.99,40.5
4,26.26,78.99,40.5
4,26.27,79,40.52
3,26.27,79,40.52
3,26.27,79,40.52
2,26.27,79,40.51
2,26.27,79,40.51
2,26.27,79,40.5
220,26.25,78.98,40.46
47,26.25,78.98,40.46
766,26.25,78.98,40.47
327,26.25,78.98,40.47
13,26.25,78.98,40.45
3,26.25,78.99,40.46
5,26.26,78.99,40.46
5,26.26,78.99,40.47
12,26.25,78.99,40.46
17,26.25,78.99,40.47
37447,26.25,78.98,40.48
88136,26.25,78.98,40.49
11185,26.25,78.98,40.48
24031,26.25,78.98,40.49
5470,26.25,78.98,40.47
1590,26.25,78.98,40.47
12720,26.25,78.98,40.48
3909,26.25,78.98,40.48
106,26.26,78.98,40.47
10,26.26,78.98,40.47
235,26.26,78.98,40.48
19,26.26,78.98,40.48
1256,26.26,78.98,40.49
709,26.26,78.98,40.48
36,26.26,78.98,40.48
54,26.26,78.98,40.49
2,26.25,78.98,40.44
3,26.25,78.98,40.45
2,26.25,78.98,40.45
2,26.26,78.99,40.47
2,26.27,78.99,40.47
2,26.27,78.99,40.48
2,26.26,78.99,40.47
3,26.26,78.99,40.48
2,26.27,78.99,40.48
4,26.26,78.99,40.48
2,26.27,78.99,40.49
4,26.26,78.99,40.49
10,26.16,78.98,40.4
2381,26.15,78.97,40.55
2525,26.14,78.99,40.56
2445,26.14,78.99,40.55
2173,26.15,78.97,40.54
1936,26.15,78.98,40.53
2230,26.14,78.99,40.54
2040,26.14,78.99,40.53
1549,26.14,78.99,40.51
1763,26.14,78.99,40.52
1387,26.15,78.98,40.51
1816,26.14,78.99,40.52
1652,26.15,78.98,40.52
1123,26.14,78.99,40.5
1302,26.14,78.99,40.5
966,26.14,78.99,40.49
822,26.15,78.98,40.49
1099,26.15,78.98,40.5
300,26.14,78.99,40.44
253,26.15,78.97,40.46
324,26.15,78.97,40.47
460,26.14,78.99,40.46
549,26.14,78.97,40.47
717,26.14,78.97,40.48
966,26.13,78.99,40.48
767,26.13,78.99,40.47
2127,26.16,78.99,40.58
2046,26.16,78.97,40.58
2485,26.15,78.99,40.57
2358,26.16,78.97,40.57
183,26.16,78.98,40.61
470,26.18,78.99,40.59
907,26.18,78.97,40.59
895,26.16,78.99,40.6
1675,26.17,78.97,40.58
2197,26.17,78.97,40.57
249,26.2,78.97,40.59
183,26.18,78.99,40.6
8,26.23,78.99,40.6
79,26.2,78.99,40.59
165,26.19,78.97,40.6
48,26.2,78.99,40.6
373,26.19,78.97,40.59
1132,26.18,78.97,40.58
1827,26.18,78.97,40.57
887,26.19,78.97,40.58
1676,26.19,78.97,40.57
16,26.22,78.99,40.59
72,26.21,78.97,40.59
432,26.2,78.97,40.58
1152,26.2,78.97,40.57
227,26.21,78.98,40.58
43,26.23,78.98,40.58
799,26.21,78.98,40.57
239,26.23,78.98,40.57
2137,26.16,78.97,40.54
1881,26.16,78.97,40.53
2526,26.15,78.99,40.56
2476,26.16,78.97,40.56
2383,26.16,78.97,40.55
901,26.16,78.97,40.5
634,26.16,78.97,40.49
1229,26.16,78.97,40.51
1562,26.16,78.97,40.52
726,26.16,78.96,40.51
1154,26.16,78.96,40.52
1103,26.17,78.97,40.52
828,26.17,78.97,40.51
536,26.17,78.97,40.5
263,26.17,78.97,40.49
2387,26.16,78.96,40.56
2339,26.16,78.96,40.55
2420,26.17,78.97,40.56
2382,26.17,78.97,40.55
1690,26.16,78.96,40.53
2075,26.16,78.96,40.54
2014,26.17,78.97,40.54
1448,26.17,78.97,40.53
2382,26.18,78.97,40.55
2303,26.18,78.97,40.56
2288,26.19,78.97,40.56
2576,26.19,78.97,40.55
11635,26.18,78.97,40.53
3732,26.18,78.97,40.54
6958,26.19,78.97,40.54
27327,26.19,78.97,40.53
1937,26.2,78.97,40.56
4371,26.2,78.97,40.55
1478,26.21,78.98,40.56
1306,26.22,78.98,40.56
781,26.22,78.98,40.56
2015,26.21,78.98,40.56
1851,26.22,78.98,40.56
1374,26.22,78.98,40.56
629,26.23,78.97,40.56
1158,26.23,78.97,40.56
409,26.23,78.98,40.56
799,26.23,78.98,40.56
2743,26.21,78.98,40.55
5426,26.21,78.98,40.55
2212,26.22,78.98,40.55
2415,26.22,78.98,40.55
3661,26.22,78.98,40.55
5392,26.22,78.98,40.55
2764,26.23,78.97,40.55
7497,26.23,78.97,40.55
1332,26.23,78.98,40.55
852,26.24,78.98,40.55
3328,26.23,78.98,40.55
2675,26.24,78.98,40.55
178313,26.2,78.97,40.53
35686,26.2,78.97,40.54
55967,26.21,78.98,40.54
20474,26.21,78.98,40.55
11316,26.22,78.98,40.55
18290,26.22,78.98,40.55
45071,26.22,78.98,40.54
61709,26.22,78.98,40.54
29005,26.23,78.97,40.55
86734,26.23,78.97,40.54
11198,26.23,78.98,40.55
10117,26.24,78.98,40.55
51515,26.23,78.98,40.54
32663,26.24,78.98,40.54
374560,26.21,78.98,40.53
178420,26.21,78.98,40.54
191113,26.22,78.98,40.54
240667,26.22,78.98,40.54
430537,26.22,78.98,40.53
490989,26.22,78.98,40.53
489335,26.23,78.97,40.53
268527,26.23,78.97,40.54
210376,26.23,78.98,40.54
125639,26.24,78.98,40.54
455940,26.23,78.98,40.53
324190,26.24,78.98,40.53
38997,26.18,78.97,40.51
25982,26.18,78.97,40.52
73356,26.19,78.97,40.52
123379,26.19,78.97,40.51
35307,26.18,78.97,40.5
18648,26.18,78.97,40.49
115994,26.19,78.97,40.5
56679,26.19,78.97,40.49
571822,26.2,78.97,40.51
423053,26.2,78.97,40.52
667909,26.21,78.98,40.52
550589,26.21,78.98,40.53
730719,26.22,78.98,40.52
755818,26.22,78.98,40.52
624329,26.22,78.98,40.53
665279,26.22,78.98,40.53
728046,26.23,78.97,40.52
638011,26.23,78.97,40.53
737539,26.23,78.98,40.52
658758,26.24,78.98,40.52
639358,26.23,78.98,40.53
529322,26.24,78.98,40.53
716217,26.21,78.98,40.52
742570,26.21,78.98,40.51
794128,26.22,78.98,40.51
808594,26.22,78.98,40.51
773315,26.22,78.98,40.52
790952,26.22,78.98,40.52
779326,26.23,78.97,40.51
760376,26.23,78.97,40.52
794940,26.23,78.98,40.51
742651,26.24,78.98,40.51
776026,26.23,78.98,40.52
716774,26.24,78.98,40.52
581450,26.2,78.97,40.5
444236,26.2,78.97,40.49
746233,26.21,78.98,40.51
728031,26.21,78.98,40.5
796941,26.22,78.98,40.51
811044,26.22,78.98,40.51
782806,26.22,78.98,40.5
798977,26.22,78.98,40.5
781852,26.23,78.97,40.51
768855,26.23,78.97,40.5
797123,26.23,78.98,40.51
744672,26.24,78.98,40.51
783362,26.23,78.98,40.5
723295,26.24,78.98,40.5
690352,26.21,78.98,40.5
582776,26.21,78.98,40.49
749076,26.22,78.98,40.5
771052,26.22,78.98,40.5
654858,26.22,78.98,40.49
693022,26.22,78.98,40.49
743590,26.23,78.97,40.5
665954,26.23,78.97,40.49
751883,26.23,78.98,40.5
672328,26.24,78.98,40.5
666303,26.23,78.98,40.49
557369,26.24,78.98,40.49
543,26.15,78.96,40.48
396,26.15,78.96,40.47
128,26.16,78.97,40.45
203,26.16,78.97,40.46
195,26.16,78.96,40.48
121,26.16,78.96,40.47
21,26.17,78.97,40.47
92,26.17,78.97,40.48
78,26.16,78.96,40.46
44,26.16,78.96,40.45
2,26.17,78.97,40.46
161,26.14,78.99,40.44
73,26.16,78.97,40.45
106,26.14,78.98,40.42
47,26.16,78.97,40.44
18,26.16,78.99,40.42
25,26.16,78.96,40.44
31,26.16,78.96,40.44
8,26.17,78.97,40.44
2,26.17,78.97,40.44
6316,26.18,78.97,40.48
968,26.18,78.97,40.47
15388,26.19,78.97,40.48
3088,26.19,78.97,40.47
69,26.18,78.97,40.46
6,26.19,78.97,40.45
200,26.19,78.97,40.46
176997,26.2,78.97,40.48
29412,26.2,78.97,40.47
61023,26.21,78.98,40.48
23216,26.21,78.98,40.47
16075,26.22,78.98,40.47
18800,26.22,78.98,40.47
55377,26.22,78.98,40.48
83834,26.22,78.98,40.48
128744,26.23,78.97,40.48
45927,26.23,78.97,40.47
27671,26.23,78.98,40.47
17780,26.24,78.98,40.47
90632,26.23,78.98,40.48
62774,26.24,78.98,40.48
405719,26.21,78.98,40.49
188693,26.21,78.98,40.48
467626,26.22,78.98,40.49
533089,26.22,78.98,40.49
214152,26.22,78.98,40.48
290089,26.22,78.98,40.48
532252,26.23,78.97,40.49
324380,26.23,78.97,40.48
500321,26.23,78.98,40.49
369785,26.24,78.98,40.49
272329,26.23,78.98,40.48
182143,26.24,78.98,40.48
318531,26.24,78.97,40.49
171193,26.24,78.97,40.48
90091,26.24,78.98,40.48
195319,26.24,78.98,40.49
73595,26.24,78.97,40.48
30275,26.24,78.97,40.47
15507,26.24,78.98,40.47
36028,26.24,78.98,40.48
3658,26.2,78.97,40.46
245,26.2,78.97,40.45
86,26.21,78.98,40.45
394,26.21,78.98,40.46
54,26.22,78.98,40.45
304,26.22,78.98,40.46
216,26.23,78.98,40.45
7116,26.21,78.98,40.47
1762,26.21,78.98,40.46
979,26.22,78.98,40.46
868,26.22,78.98,40.46
4475,26.22,78.98,40.47
4880,26.22,78.98,40.47
3848,26.23,78.97,40.46
13451,26.23,78.97,40.47
1528,26.23,78.98,40.46
698,26.24,78.98,40.46
7405,26.23,78.98,40.47
3940,26.24,78.98,40.47
1793,26.24,78.97,40.46
7707,26.24,78.97,40.47
743,26.24,78.98,40.46
3718,26.24,78.98,40.47
94,26.24,78.98,40.45
13,26.2,78.97,40.44
2,26.23,78.98,40.44
10,26.21,78.98,40.45
15,26.23,78.98,40.44
10,26.24,78.98,40.44
2,26.24,78.98,40.44
6,26.23,78.99,40.6
5,26.24,78.99,40.6
7,26.23,78.99,40.59
20,26.23,78.97,40.59
6,26.24,78.99,40.59
11,26.24,78.98,40.58
23,26.24,78.98,40.57
2,26.25,78.99,40.58
7,26.25,78.98,40.58
2,26.26,78.99,40.58
5,26.25,78.98,40.57
4,26.25,78.98,40.57
2,26.26,78.99,40.57
13588,26.24,78.97,40.55
37646,26.24,78.97,40.54
2384,26.24,78.98,40.55
9915,26.24,78.98,40.54
270697,26.24,78.97,40.53
115543,26.24,78.97,40.54
42149,26.24,78.98,40.54
147705,26.24,78.98,40.53
151,26.24,78.98,40.56
948,26.24,78.97,40.55
3233,26.24,78.97,40.55
234,26.24,78.98,40.55
836,26.24,78.98,40.55
25,26.25,78.98,40.56
2,26.26,79,40.56
2,26.25,78.99,40.56
54,26.25,78.98,40.55
18,26.25,78.98,40.55
150,26.25,78.98,40.55
36,26.25,78.98,40.55
3,26.25,78.99,40.55
2,26.26,78.99,40.55
4,26.25,78.99,40.55
262,26.25,78.98,40.55
27,26.25,78.98,40.55
1038,26.25,78.98,40.54
76,26.25,78.98,40.54
7144,26.25,78.98,40.54
48755,26.25,78.98,40.53
323,26.25,78.98,40.54
5633,26.25,78.98,40.53
39,26.26,78.98,40.55
7,26.26,78.98,40.55
152,26.26,78.98,40.54
16,26.26,78.98,40.54
243,26.26,78.98,40.54
655,26.26,78.98,40.53
18,26.26,78.98,40.54
22,26.26,78.98,40.53
2,26.27,79,40.56
2,26.26,78.99,40.55
2,26.27,79,40.55
2,26.27,79,40.54
4,26.27,78.99,40.54
3,26.27,78.99,40.54
3,26.26,78.99,40.54
5,26.26,78.99,40.54
2,26.27,79,40.55
3,26.27,79,40.54
3,26.27,79,40.53
4,26.27,79,40.54
5,26.27,78.99,40.54
6,26.26,78.99,40.54
4,26.27,78.99,40.53
5,26.26,78.99,40.53
641712,26.24,78.97,40.52
673259,26.24,78.97,40.51
546928,26.24,78.98,40.52
590310,26.24,78.98,40.51
576118,26.24,78.97,40.52
445738,26.24,78.97,40.53
307029,26.24,78.98,40.53
453895,26.24,78.98,40.52
675310,26.24,78.97,40.51
648647,26.24,78.97,40.5
592390,26.24,78.98,40.51
555188,26.24,78.98,40.5
590752,26.24,78.97,40.5
475747,26.24,78.97,40.49
472635,26.24,78.98,40.5
341702,26.24,78.98,40.49
379656,26.25,78.98,40.52
435249,26.25,78.98,40.51
201701,26.25,78.98,40.51
157783,26.25,78.98,40.52
147005,26.25,78.98,40.53
274559,26.25,78.98,40.52
27950,26.25,78.98,40.53
89946,26.25,78.98,40.52
4368,26.26,78.98,40.52
1400,26.26,78.98,40.53
29,26.26,78.98,40.53
56,26.26,78.98,40.52
6971,26.26,78.98,40.51
4801,26.26,78.98,40.52
73,26.26,78.98,40.52
100,26.26,78.98,40.51
439020,26.25,78.98,40.51
392813,26.25,78.98,40.5
175145,26.25,78.98,40.5
207473,26.25,78.98,40.51
299535,26.25,78.98,40.5
183789,26.25,78.98,40.49
57337,26.25,78.98,40.49
114334,26.25,78.98,40.5
5615,26.26,78.98,40.51
5497,26.26,78.98,40.5
106,26.26,78.98,40.51
110,26.26,78.98,40.5
3502,26.26,78.98,40.5
2530,26.26,78.98,40.49
79,26.26,78.98,40.49
94,26.26,78.98,40.5
3,26.27,78.99,40.52
3,26.27,78.99,40.52
4,26.27,78.99,40.53
5,26.26,78.99,40.53
4,26.27,78.99,40.52
5,26.26,78.99,40.52
3,26.27,78.99,40.52
2,26.27,78.99,40.51
3,26.27,78.99,40.52
5,26.26,78.99,40.52
3,26.27,78.99,40.51
5,26.26,78.99,40.51
2,26.27,78.99,40.51
2,26.27,78.99,40.5
2,26.27,78.99,40.49
2,26.27,78.99,40.5
2,26.28,79,40.5
2,26.27,79,40.49
2,26.27,78.99,40.51
2,26.27,78.99,40.5
5,26.26,78.99,40.51
5,26.26,78.99,40.5
2,26.27,78.99,40.49
5,26.26,78.99,40.49
2,26.27,78.99,40.5
5,26.26,78.99,40.5
3,26.27,79,40.53
2,26.28,79,40.52
2,26.28,79,40.52
2,26.28,79,40.51
2,26.28,79,40.51
2,26.28,79,40.5
2,26.18,78.98,40.36
2,26.18,78.98,40.38
2,26.17,78.98,40.4
558,26.25,78.97,40.46
31,26.25,78.97,40.45
5,26.26,78.98,40.45
20,26.26,78.98,40.46
37541,26.25,78.97,40.48
7724,26.25,78.97,40.47
142,26.26,78.98,40.47
31,26.26,78.98,40.47
266,26.26,78.98,40.48
46,26.26,78.98,40.48
1156,26.26,78.98,40.49
775,26.26,78.98,40.48
98,26.26,78.98,40.48
125,26.26,78.98,40.49
2,26.25,78.98,40.43
3,26.25,78.97,40.44
2,26.26,78.98,40.44
7,26.25,78.97,40.45
3,26.26,78.98,40.45
2,26.27,78.98,40.46
2,26.27,78.98,40.47
2,26.27,78.99,40.47
2,26.27,78.99,40.48
4,26.27,78.98,40.47
5,26.27,78.98,40.48
2,26.27,78.99,40.48
2,26.27,78.99,40.49
3,26.27,78.99,40.48
7,26.27,78.98,40.48
3,26.27,78.99,40.49
7,26.27,78.98,40.49
89,26.09,78.99,40.23
3,26.15,78.96,40.24
33,26.09,78.98,40.21
13,26.15,78.98,40.34
16,26.16,78.96,40.41
43,26.15,78.98,40.4
27,26.15,78.98,40.39
174,26.1,78.99,40.27
371,26.06,78.99,40.22
49,26.09,78.96,40.24
21,26.12,78.95,40.24
353,26.06,78.97,40.21
2476,26.14,78.97,40.56
2372,26.14,78.97,40.55
2530,26.13,78.99,40.56
2462,26.13,78.99,40.55
2172,26.14,78.97,40.54
1970,26.14,78.97,40.53
2267,26.13,78.99,40.54
2092,26.13,78.99,40.53
1666,26.13,78.99,40.51
1520,26.14,78.97,40.51
1875,26.13,78.99,40.52
1713,26.14,78.97,40.52
1429,26.14,78.97,40.51
1696,26.14,78.97,40.52
1202,26.13,78.99,40.49
1127,26.14,78.97,40.5
1433,26.13,78.99,40.5
1291,26.14,78.97,40.5
932,26.14,78.97,40.49
1165,26.14,78.97,40.5
8,26.16,78.98,40.36
205,26.09,78.95,40.21
2567,26.13,78.98,40.57
357,26.12,78.98,40.42
308,26.14,78.96,40.44
489,26.12,78.98,40.44
11,26.16,78.98,40.38
440,26.14,78.97,40.46
753,26.12,78.98,40.46
931,26.13,78.97,40.48
641,26.13,78.96,40.47
796,26.13,78.96,40.48
1114,26.12,78.98,40.48
236,26.15,78.98,40.62
1402,26.14,78.98,40.6
2431,26.14,78.99,40.58
2043,26.16,78.97,40.58
2371,26.16,78.97,40.57
1836,26.16,78.96,40.58
2229,26.16,78.96,40.57
52,26.17,78.98,40.62
229,26.16,78.96,40.61
318,26.18,78.99,40.6
554,26.18,78.97,40.59
937,26.16,78.96,40.59
1316,26.18,78.96,40.58
1905,26.18,78.96,40.57
251,26.18,78.97,40.6
11,26.23,78.97,40.6
139,26.2,78.97,40.59
23,26.19,78.98,40.61
11,26.22,78.99,40.6
16,26.21,78.99,40.6
30,26.2,78.99,40.6
171,26.19,78.96,40.6
409,26.19,78.96,40.59
94,26.2,78.97,40.6
258,26.2,78.97,40.59
844,26.19,78.96,40.58
1519,26.19,78.96,40.57
656,26.2,78.97,40.58
1388,26.2,78.97,40.57
82,26.21,78.97,40.59
36,26.22,78.97,40.59
264,26.21,78.96,40.58
780,26.21,78.96,40.57
126,26.22,78.97,40.58
27,26.23,78.97,40.58
520,26.22,78.97,40.57
93,26.23,78.97,40.57
2090,26.15,78.96,40.54
1836,26.15,78.96,40.53
1779,26.15,78.96,40.53
2066,26.15,78.96,40.54
2435,26.15,78.96,40.56
2346,26.15,78.96,40.55
2332,26.15,78.96,40.56
2294,26.15,78.96,40.55
949,26.15,78.96,40.5
484,26.16,78.96,40.5
731,26.15,78.96,40.49
304,26.16,78.96,40.49
1217,26.15,78.96,40.51
1504,26.15,78.96,40.52
966,26.15,78.96,40.51
1368,26.15,78.96,40.52
461,26.14,78.96,40.47
591,26.14,78.96,40.48
219,26.13,78.98,40.42
1920,26.17,78.95,40.51
1790,26.17,78.95,40.52
6379,26.18,78.96,40.52
9150,26.18,78.96,40.51
8386,26.18,78.96,40.5
5009,26.18,78.96,40.49
2205,26.17,78.95,40.56
2248,26.17,78.95,40.55
2267,26.18,78.96,40.56
2303,26.18,78.96,40.55
1979,26.17,78.95,40.53
2165,26.17,78.95,40.54
2292,26.18,78.96,40.54
3435,26.18,78.96,40.53
3434,26.19,78.96,40.55
2004,26.19,78.96,40.56
2036,26.2,78.97,40.56
4378,26.2,78.97,40.55
56782,26.19,78.96,40.53
16027,26.19,78.96,40.54
28410,26.2,78.97,40.54
107739,26.2,78.97,40.53
1931,26.21,78.96,40.56
12057,26.21,78.96,40.55
1359,26.22,78.97,40.56
484,26.23,78.97,40.56
7944,26.22,78.97,40.55
5850,26.23,78.97,40.55
308893,26.21,78.96,40.53
88221,26.21,78.96,40.54
76437,26.22,78.97,40.54
62853,26.23,78.97,40.54
374660,26.22,78.97,40.53
333676,26.23,78.97,40.53
175403,26.19,78.96,40.51
122317,26.19,78.96,40.52
242930,26.2,78.97,40.52
345823,26.2,78.97,40.51
176583,26.19,78.96,40.5
123576,26.19,78.96,40.49
350165,26.2,78.97,40.5
252872,26.2,78.97,40.49
637211,26.21,78.96,40.51
536466,26.21,78.96,40.52
649067,26.22,78.97,40.52
615961,26.23,78.97,40.52
738043,26.22,78.97,40.51
714046,26.23,78.97,40.51
645740,26.21,78.96,40.5
562958,26.21,78.96,40.49
744879,26.22,78.97,40.5
719720,26.23,78.97,40.5
673572,26.22,78.97,40.49
637872,26.23,78.97,40.49
318,26.15,78.95,40.47
431,26.15,78.95,40.48
249,26.15,78.96,40.47
367,26.15,78.96,40.48
245,26.15,78.96,40.46
546,26.17,78.95,40.48
160,26.17,78.95,40.47
353,26.18,78.96,40.47
1884,26.18,78.96,40.48
51,26.17,78.95,40.46
5,26.17,78.95,40.45
13,26.18,78.96,40.45
55,26.18,78.96,40.46
137,26.15,78.96,40.44
70,26.15,78.95,40.42
18,26.16,78.96,40.42
2,26.17,78.95,40.44
52362,26.19,78.96,40.48
12181,26.19,78.96,40.47
104576,26.2,78.97,40.48
21946,26.2,78.97,40.47
2000,26.19,78.96,40.46
234,26.19,78.96,40.45
196,26.2,78.97,40.45
3108,26.2,78.97,40.46
335208,26.21,78.96,40.48
96857,26.21,78.96,40.47
95763,26.22,78.97,40.47
110150,26.23,78.97,40.47
413226,26.22,78.97,40.48
382439,26.23,78.97,40.48
161437,26.25,78.97,40.48
45752,26.25,78.97,40.47
15464,26.21,78.96,40.46
1377,26.21,78.96,40.45
743,26.22,78.97,40.45
706,26.23,78.97,40.45
11967,26.22,78.97,40.46
13975,26.23,78.97,40.46
5208,26.25,78.97,40.46
256,26.25,78.97,40.45
38,26.19,78.96,40.44
18,26.2,78.97,40.44
11,26.21,78.96,40.44
110,26.21,78.96,40.44
4,26.22,78.97,40.44
8,26.23,78.97,40.43
50,26.22,78.97,40.44
49,26.23,78.97,40.44
32,26.25,78.97,40.44
2,26.23,78.97,40.43
8,26.25,78.97,40.44
4,26.23,78.99,40.61
8,26.23,78.97,40.6
2,26.25,78.99,40.6
6,26.24,78.97,40.6
12,26.23,78.97,40.59
3,26.25,78.99,40.59
6,26.24,78.97,40.59
6,26.25,78.97,40.58
14,26.25,78.97,40.57
2,26.25,78.99,40.59
2,26.25,78.99,40.6
3,26.25,78.97,40.58
2,26.27,78.99,40.58
3,26.26,78.98,40.58
5,26.25,78.97,40.57
2,26.27,78.99,40.57
3,26.26,78.98,40.57
2,26.27,78.99,40.58
2,26.27,78.99,40.57
17280,26.25,78.97,40.54
113360,26.25,78.97,40.53
102,26.25,78.97,40.56
1434,26.25,78.97,40.55
18,26.25,78.97,40.56
3,26.26,78.98,40.56
154,26.25,78.97,40.55
12,26.26,78.98,40.55
1829,26.25,78.97,40.54
11457,26.25,78.97,40.53
45,26.26,78.98,40.55
8,26.26,78.98,40.55
155,26.26,78.98,40.54
11,26.26,78.98,40.54
160,26.26,78.98,40.54
421,26.26,78.98,40.53
11,26.26,78.98,40.54
14,26.26,78.98,40.53
2,26.28,78.99,40.55
2,26.27,78.98,40.56
2,26.27,78.99,40.56
2,26.28,79,40.55
2,26.27,78.98,40.55
2,26.28,79,40.54
2,26.27,78.99,40.54
2,26.28,79,40.55
2,26.27,78.99,40.54
2,26.27,78.98,40.55
3,26.27,78.98,40.54
3,26.27,78.99,40.53
3,26.27,78.99,40.53
2,26.28,79,40.53
4,26.27,78.99,40.54
3,26.27,78.98,40.54
4,26.27,78.99,40.53
3,26.27,78.98,40.53
449706,26.25,78.97,40.51
312343,26.25,78.97,40.52
458759,26.25,78.97,40.5
340804,26.25,78.97,40.49
164764,26.25,78.97,40.51
77047,26.25,78.97,40.52
2277,26.26,78.98,40.52
705,26.26,78.98,40.53
25,26.26,78.98,40.53
48,26.26,78.98,40.52
4027,26.26,78.98,40.51
2396,26.26,78.98,40.52
100,26.26,78.98,40.52
140,26.26,78.98,40.51
176099,26.25,78.97,40.5
107529,26.25,78.97,40.49
3133,26.26,78.98,40.51
3540,26.26,78.98,40.5
195,26.26,78.98,40.51
219,26.26,78.98,40.5
2453,26.26,78.98,40.5
2177,26.26,78.98,40.49
201,26.26,78.98,40.49
211,26.26,78.98,40.5
3,26.27,78.99,40.53
2,26.27,78.99,40.52
3,26.27,78.99,40.53
4,26.27,78.98,40.53
3,26.27,78.99,40.52
5,26.27,78.98,40.52
2,26.27,78.99,40.52
2,26.27,78.99,40.51
3,26.27,78.99,40.52
6,26.27,78.98,40.52
3,26.27,78.99,40.51
7,26.27,78.98,40.51
2,26.27,78.99,40.51
2,26.27,78.99,40.5
2,26.27,78.99,40.49
2,26.27,78.99,40.5
3,26.27,78.99,40.51
3,26.27,78.99,40.5
9,26.27,78.98,40.51
10,26.27,78.98,40.5
3,26.27,78.99,40.49
10,26.27,78.98,40.49
3,26.27,78.99,40.5
10,26.27,78.98,40.5
2,26.28,79,40.52
2,26.28,79,40.51
2,26.28,79,40.5
2,26.18,78.94,40.37
2,26.18,78.95,40.38
2,26.18,78.95,40.4
504,26.26,78.97,40.46
65,26.26,78.97,40.45
11,26.27,78.97,40.45
37,26.27,78.97,40.46
21867,26.26,78.97,40.48
4819,26.26,78.97,40.47
148,26.27,78.97,40.47
491,26.27,78.97,40.48
3,26.25,78.97,40.42
3,26.25,78.97,40.43
10,26.26,78.97,40.44
2,26.27,78.97,40.44
18,26.26,78.97,40.44
5,26.27,78.97,40.44
2,26.28,78.98,40.47
2,26.27,78.98,40.46
3,26.27,78.98,40.46
2,26.28,78.98,40.48
5,26.27,78.98,40.47
2,26.28,78.98,40.48
8,26.27,78.98,40.48
2,26.27,78.98,40.45
6,26.15,78.99,40.27
3,26.15,78.98,40.2
5,26.16,78.98,40.34
8,26.15,78.98,40.31
3,26.15,78.96,40.27
2,26.17,78.95,40.24
27,26.12,78.96,40.21
20,26.14,78.93,40.25
1059,26.04,78.99,40.23
881,26.04,78.98,40.21
5,26.15,78.95,40.34
42,26.13,78.98,40.34
42,26.14,78.97,40.36
38,26.15,78.95,40.4
145,26.13,78.98,40.4
23,26.15,78.95,40.39
64,26.13,78.97,40.38
235,26.1,78.98,40.31
822,26.06,78.99,40.28
54,26.09,78.96,40.27
353,26.06,78.95,40.24
99,26.12,78.98,40.32
25,26.12,78.94,40.27
158,26.09,78.93,40.25
1591,26.03,78.95,40.21
2453,26.13,78.96,40.56
2352,26.13,78.96,40.55
2528,26.12,78.98,40.56
2040,26.13,78.97,40.53
2185,26.13,78.96,40.54
1995,26.13,78.96,40.53
2257,26.12,78.98,40.54
1915,26.11,78.99,40.52
1572,26.13,78.97,40.51
1799,26.13,78.97,40.52
1480,26.13,78.96,40.51
1733,26.13,78.96,40.52
1530,26.11,78.99,40.5
1139,26.13,78.97,40.49
1333,26.13,78.97,40.5
1000,26.13,78.96,40.49
1215,26.13,78.96,40.5
1571,26.09,78.98,40.48
5,26.16,78.94,40.36
374,26.09,78.93,40.22
9,26.17,78.98,40.63
45,26.15,78.98,40.63
2505,26.13,78.96,40.57
2574,26.12,78.98,40.58
2261,26.12,78.98,40.59
305,26.12,78.95,40.43
530,26.11,78.98,40.42
406,26.12,78.95,40.44
746,26.1,78.98,40.44
7,26.16,78.94,40.38
13,26.16,78.94,40.4
1076,26.1,78.98,40.46
580,26.12,78.96,40.46
1335,26.1,78.98,40.48
877,26.12,78.96,40.48
376,26.13,78.98,40.62
242,26.15,78.95,40.61
1633,26.13,78.98,40.6
1214,26.15,78.95,40.6
2207,26.15,78.96,40.58
1474,26.17,78.95,40.58
1937,26.17,78.95,40.57
6,26.19,78.98,40.64
80,26.18,78.95,40.61
523,26.17,78.95,40.6
1164,26.17,78.95,40.58
1685,26.17,78.95,40.57
995,26.18,78.95,40.58
1617,26.18,78.95,40.57
5,26.2,78.98,40.64
3,26.22,78.98,40.63
7,26.2,78.98,40.62
39,26.19,78.96,40.61
53,26.2,78.97,40.6
26,26.21,78.96,40.6
15,26.22,78.97,40.6
6,26.22,78.99,40.62
96,26.2,78.95,40.6
249,26.2,78.95,40.59
56,26.2,78.96,40.6
161,26.2,78.96,40.59
489,26.2,78.95,40.58
1164,26.2,78.95,40.57
392,26.2,78.96,40.58
957,26.2,78.96,40.57
18,26.22,78.96,40.6
51,26.22,78.96,40.59
12,26.22,78.96,40.6
24,26.22,78.96,40.59
115,26.22,78.96,40.58
377,26.22,78.96,40.57
64,26.22,78.96,40.58
13,26.24,78.96,40.58
216,26.22,78.96,40.57
66,26.24,78.96,40.57
2078,26.14,78.96,40.54
1842,26.14,78.96,40.53
2121,26.15,78.95,40.54
1882,26.15,78.95,40.53
2124,26.16,78.95,40.53
2314,26.16,78.95,40.54
2398,26.14,78.96,40.56
2315,26.14,78.96,40.55
2296,26.15,78.95,40.56
2263,26.15,78.95,40.55
2119,26.16,78.95,40.56
2221,26.16,78.95,40.55
750,26.14,78.96,40.49
965,26.14,78.96,40.5
559,26.15,78.95,40.49
792,26.15,78.95,40.5
698,26.15,78.96,40.5
1864,26.17,78.95,40.5
466,26.15,78.96,40.49
1080,26.17,78.95,40.49
1237,26.14,78.96,40.51
1516,26.14,78.96,40.52
1154,26.15,78.95,40.51
1526,26.15,78.95,40.52
1478,26.16,78.95,40.51
1720,26.16,78.95,40.52
553,26.13,78.94,40.48
326,26.13,78.94,40.46
212,26.13,78.94,40.44
134,26.13,78.94,40.42
18511,26.17,78.95,40.51
13579,26.17,78.95,40.52
47722,26.18,78.95,40.52
71612,26.18,78.95,40.51
14060,26.17,78.95,40.49
22547,26.17,78.95,40.5
72506,26.18,78.95,40.5
48255,26.18,78.95,40.49
1980,26.17,78.95,40.56
2860,26.17,78.95,40.55
2067,26.18,78.95,40.56
3083,26.18,78.95,40.55
8816,26.17,78.95,40.53
4798,26.17,78.95,40.54
7764,26.18,78.95,40.54
22221,26.18,78.95,40.53
13648,26.2,78.95,40.55
3908,26.2,78.95,40.56
2546,26.2,78.96,40.56
13452,26.2,78.96,40.55
147094,26.2,78.95,40.53
55823,26.2,78.95,40.54
75851,26.2,78.96,40.54
223682,26.2,78.96,40.53
2524,26.22,78.96,40.56
23764,26.22,78.96,40.55
1217,26.22,78.96,40.56
522,26.24,78.96,40.56
14370,26.22,78.96,40.55
7368,26.24,78.96,40.55
380040,26.22,78.96,40.53
139825,26.22,78.96,40.54
113498,26.22,78.96,40.54
65259,26.24,78.96,40.54
397527,26.22,78.96,40.53
268495,26.24,78.96,40.53
336759,26.2,78.95,40.51
261282,26.2,78.95,40.52
399387,26.2,78.96,40.52
499222,26.2,78.96,40.51
343363,26.2,78.95,40.5
275589,26.2,78.95,40.49
508138,26.2,78.96,40.5
422938,26.2,78.96,40.49
637140,26.22,78.96,40.51
561740,26.22,78.96,40.52
612955,26.22,78.96,40.52
494744,26.24,78.96,40.52
691875,26.22,78.96,40.51
598551,26.24,78.96,40.51
644987,26.22,78.96,40.5
587342,26.22,78.96,40.49
698651,26.22,78.96,40.5
605565,26.24,78.96,40.5
636169,26.22,78.96,40.49
518132,26.24,78.96,40.49
1216,26.16,78.94,40.48
200,26.16,78.94,40.46
11685,26.17,78.95,40.48
4187,26.17,78.95,40.47
8267,26.18,78.95,40.47
23673,26.18,78.95,40.48
1747,26.17,78.95,40.46
397,26.17,78.95,40.45
723,26.18,78.95,40.45
2503,26.18,78.95,40.46
35,26.16,78.94,40.44
18,26.16,78.94,40.42
2,26.17,78.95,40.42
2,26.17,78.95,40.44
111,26.17,78.95,40.44
7,26.18,78.95,40.44
145,26.18,78.95,40.44
156643,26.2,78.95,40.48
56346,26.2,78.95,40.47
240967,26.2,78.96,40.48
79585,26.2,78.96,40.47
14844,26.2,78.95,40.46
3654,26.2,78.95,40.45
2506,26.2,78.96,40.45
16302,26.2,78.96,40.46
420249,26.22,78.96,40.48
177008,26.22,78.96,40.47
162566,26.22,78.96,40.47
117953,26.24,78.96,40.47
440605,26.22,78.96,40.48
315404,26.24,78.96,40.48
111060,26.25,78.96,40.48
35796,26.25,78.96,40.47
40372,26.22,78.96,40.46
5644,26.22,78.96,40.45
2687,26.22,78.96,40.45
1688,26.24,78.96,40.45
28940,26.22,78.96,40.46
22323,26.24,78.96,40.46
5905,26.25,78.96,40.46
523,26.25,78.96,40.45
29,26.2,78.95,40.43
18,26.2,78.96,40.43
933,26.2,78.95,40.44
57,26.2,78.95,40.44
41,26.2,78.96,40.44
558,26.2,78.96,40.44
97,26.22,78.96,40.44
746,26.22,78.96,40.44
26,26.22,78.96,40.44
26,26.24,78.96,40.44
271,26.22,78.96,40.44
139,26.24,78.96,40.44
93,26.25,78.96,40.44
16,26.22,78.96,40.43
8,26.22,78.96,40.43
2,26.24,78.96,40.42
8,26.24,78.96,40.43
20,26.25,78.96,40.44
3,26.25,78.97,40.43
6,26.23,78.97,40.61
2,26.24,78.98,40.62
2,26.26,78.99,40.61
5,26.24,78.96,40.6
3,26.25,78.97,40.6
8,26.24,78.96,40.59
4,26.25,78.97,40.59
6,26.25,78.96,40.58
15,26.25,78.96,40.57
2,26.26,78.99,40.59
3,26.25,78.97,40.59
2,26.25,78.97,40.6
2,26.26,78.99,40.6
2,26.27,78.99,40.59
4,26.26,78.97,40.58
3,26.27,78.97,40.58
7,26.26,78.97,40.57
3,26.27,78.97,40.57
2,26.27,78.97,40.58
2,26.28,78.99,40.58
2,26.28,78.99,40.57
2,26.27,78.98,40.57
2,26.29,78.99,40.57
12308,26.25,78.96,40.54
70578,26.25,78.96,40.53
91,26.25,78.96,40.56
1100,26.25,78.96,40.55
18,26.26,78.97,40.56
4,26.27,78.97,40.56
91,26.26,78.97,40.55
7,26.27,78.97,40.55
992,26.26,78.97,40.54
4424,26.26,78.97,40.53
22,26.27,78.97,40.54
59,26.27,78.97,40.53
2,26.28,78.98,40.55
2,26.29,78.99,40.55
2,26.28,78.99,40.56
2,26.27,78.98,40.56
2,26.27,78.98,40.55
2,26.29,78.99,40.53
2,26.29,78.99,40.54
2,26.28,78.98,40.54
3,26.27,78.98,40.54
2,26.29,78.99,40.53
2,26.28,78.98,40.53
3,26.27,78.98,40.53
281487,26.25,78.96,40.51
188058,26.25,78.96,40.52
292726,26.25,78.96,40.5
218495,26.25,78.96,40.49
68576,26.26,78.97,40.51
26358,26.26,78.97,40.52
267,26.27,78.97,40.52
801,26.27,78.97,40.51
82946,26.26,78.97,40.5
55167,26.26,78.97,40.49
1227,26.27,78.97,40.5
1077,26.27,78.97,40.49
2,26.28,78.98,40.52
5,26.27,78.98,40.52
2,26.28,78.98,40.51
8,26.27,78.98,40.51
2,26.28,78.98,40.5
2,26.28,78.98,40.49
11,26.27,78.98,40.5
11,26.27,78.98,40.49
2,26.29,78.99,40.56
2,26.29,78.99,40.52
2,26.29,78.99,40.51
2,26.26,78.96,40.41
3,26.17,78.93,40.4
2,26.19,78.94,40.4
3,26.2,78.95,40.4
442,26.27,78.96,40.46
142,26.27,78.96,40.45
25,26.27,78.97,40.45
48,26.27,78.97,40.46
6914,26.27,78.96,40.48
2048,26.27,78.96,40.47
107,26.27,78.97,40.47
209,26.27,78.97,40.48
4,26.26,78.97,40.42
3,26.27,78.97,40.43
5,26.26,78.97,40.43
26,26.27,78.96,40.44
6,26.27,78.97,40.44
42,26.27,78.96,40.44
12,26.27,78.97,40.44
2,26.29,78.98,40.47
2,26.29,78.97,40.46
4,26.28,78.97,40.45
5,26.28,78.97,40.46
2,26.29,78.98,40.47
7,26.28,78.97,40.47
2,26.29,78.98,40.48
8,26.28,78.97,40.48
2,26.28,78.97,40.44
2,26.28,78.97,40.45
3,26.17,78.96,40.21
3,26.15,78.96,40.31
2,26.16,78.94,40.34
3,26.2,78.92,40.25
3,26.17,78.94,40.27
26,26.14,78.94,40.21
40,26.14,78.92,40.27
1275,26.04,78.99,40.27
947,26.04,78.96,40.24
2584,26,78.99,40.23
1428,26.04,78.98,40.3
2377,26.01,78.97,40.21
14,26.13,78.94,40.36
81,26.12,78.97,40.35
11,26.13,78.94,40.34
123,26.11,78.97,40.36
154,26.1,78.97,40.34
268,26.11,78.97,40.4
80,26.13,78.94,40.4
186,26.11,78.97,40.38
38,26.13,78.94,40.38
409,26.11,78.97,40.4
800,26.06,78.98,40.31
55,26.09,78.96,40.3
1482,26.03,78.94,40.25
345,26.06,78.95,40.27
23,26.12,78.94,40.31
239,26.09,78.92,40.27
1905,26.03,78.94,40.22
2346,26.09,78.98,40.53
2397,26.12,78.96,40.56
2581,26.1,78.98,40.56
2399,26.1,78.98,40.54
2150,26.12,78.96,40.54
2105,26.1,78.98,40.52
1816,26.1,78.98,40.5
1759,26.12,78.96,40.52
1295,26.12,78.96,40.5
1495,26.09,78.95,40.48
1759,26.08,78.98,40.48
1466,26.08,78.98,40.46
1246,26.08,78.97,40.44
7,26.14,78.93,40.34
6,26.14,78.93,40.36
266,26.11,78.89,40.28
309,26.11,78.91,40.22
1306,26.06,78.91,40.22
3,26.17,78.98,40.65
16,26.16,78.98,40.64
17,26.17,78.95,40.63
65,26.13,78.97,40.64
53,26.15,78.95,40.63
945,26.11,78.97,40.61
526,26.11,78.97,40.62
2469,26.12,78.95,40.58
2611,26.1,78.98,40.58
2140,26.12,78.95,40.59
2213,26.11,78.98,40.6
360,26.11,78.94,40.42
802,26.09,78.97,40.42
956,26.09,78.97,40.44
504,26.11,78.94,40.44
159,26.12,78.93,40.42
245,26.12,78.93,40.44
10,26.14,78.93,40.38
22,26.14,78.93,40.4
742,26.1,78.95,40.46
1105,26.1,78.95,40.48
436,26.12,78.93,40.46
815,26.12,78.93,40.48
2,26.19,78.97,40.66
2,26.2,78.98,40.65
338,26.13,78.94,40.61
135,26.16,78.94,40.62
1430,26.13,78.94,40.6
722,26.16,78.94,40.6
2199,26.13,78.94,40.58
1652,26.16,78.94,40.58
9,26.19,78.94,40.64
39,26.19,78.94,40.62
216,26.19,78.94,40.6
984,26.19,78.94,40.58
6,26.2,78.95,40.63
2,26.23,78.98,40.64
4,26.22,78.95,40.63
18,26.2,78.95,40.62
2,26.23,78.98,40.62
9,26.22,78.96,40.61
57,26.2,78.94,40.6
163,26.2,78.94,40.59
33,26.21,78.95,40.6
104,26.21,78.95,40.59
318,26.2,78.94,40.58
1140,26.2,78.94,40.57
165,26.21,78.95,40.58
664,26.21,78.95,40.57
14,26.22,78.95,40.6
43,26.22,78.95,40.59
8,26.23,78.96,40.6
18,26.23,78.96,40.59
258,26.22,78.95,40.58
1235,26.22,78.95,40.57
45,26.23,78.96,40.58
13,26.24,78.95,40.58
317,26.23,78.96,40.57
76,26.24,78.95,40.57
2368,26.15,78.94,40.54
2069,26.13,78.94,40.54
2289,26.15,78.94,40.53
4273,26.16,78.93,40.54
5542,26.16,78.93,40.53
7443,26.17,78.94,40.53
5412,26.17,78.94,40.54
2051,26.15,78.94,40.56
2289,26.13,78.94,40.56
2180,26.15,78.94,40.55
1949,26.16,78.93,40.56
2672,26.16,78.93,40.55
2057,26.17,78.94,40.56
2861,26.17,78.94,40.55
969,26.13,78.94,40.5
2905,26.16,78.94,40.5
1545,26.15,78.94,40.51
1570,26.13,78.94,40.52
1869,26.15,78.94,40.52
5716,26.16,78.93,40.51
5780,26.16,78.93,40.52
8782,26.17,78.94,40.51
8668,26.17,78.94,40.52
437,26.14,78.93,40.48
141,26.14,78.93,40.46
67,26.14,78.93,40.44
44,26.14,78.93,40.42
8,26.16,78.91,40.34
4,26.16,78.91,40.36
3,26.16,78.91,40.38
4,26.16,78.91,40.4
363,26.14,78.86,40.28
25,26.14,78.92,40.31
197021,26.19,78.94,40.52
203337,26.19,78.94,40.5
13358,26.19,78.94,40.56
91552,26.19,78.94,40.54
30528,26.2,78.94,40.55
7852,26.2,78.94,40.56
4580,26.21,78.95,40.56
28826,26.21,78.95,40.55
250951,26.2,78.94,40.53
117436,26.2,78.94,40.54
137895,26.21,78.95,40.54
320469,26.21,78.95,40.53
10555,26.22,78.95,40.56
42178,26.22,78.95,40.55
2571,26.23,78.96,40.56
671,26.24,78.95,40.56
21620,26.23,78.96,40.55
7667,26.24,78.95,40.55
392426,26.22,78.95,40.53
175839,26.22,78.95,40.54
126823,26.23,78.96,40.54
55306,26.24,78.95,40.54
369934,26.23,78.96,40.53
198868,26.24,78.95,40.53
450900,26.2,78.94,40.51
377699,26.2,78.94,40.52
480963,26.21,78.95,40.52
557790,26.21,78.95,40.51
459253,26.2,78.94,40.5
401968,26.2,78.94,40.49
566454,26.21,78.95,40.5
509173,26.21,78.95,40.49
608007,26.22,78.95,40.51
541394,26.22,78.95,40.52
553243,26.23,78.96,40.52
369657,26.24,78.95,40.52
628890,26.23,78.96,40.51
463005,26.24,78.95,40.51
615570,26.22,78.95,40.5
566011,26.22,78.95,40.49
636184,26.23,78.96,40.5
471226,26.24,78.95,40.5
577274,26.23,78.96,40.49
395153,26.24,78.95,40.49
41848,26.17,78.93,40.48
7874,26.17,78.93,40.46
95210,26.19,78.94,40.48
18236,26.19,78.94,40.46
545,26.17,78.93,40.44
28,26.17,78.93,40.42
71,26.19,78.94,40.42
1851,26.19,78.94,40.44
275836,26.2,78.94,40.48
132429,26.2,78.94,40.47
355958,26.21,78.95,40.48
162945,26.21,78.95,40.47
47657,26.2,78.94,40.46
19183,26.2,78.94,40.45
14439,26.21,78.95,40.45
47275,26.21,78.95,40.46
435919,26.22,78.95,40.48
236020,26.22,78.95,40.47
191219,26.23,78.96,40.47
105400,26.24,78.95,40.47
413781,26.23,78.96,40.48
246824,26.24,78.95,40.48
68079,26.26,78.95,40.48
24358,26.26,78.95,40.47
74241,26.22,78.95,40.46
16252,26.22,78.95,40.45
8017,26.23,78.96,40.45
3452,26.24,78.95,40.45
48956,26.23,78.96,40.46
26889,26.24,78.95,40.46
6192,26.26,78.95,40.46
1293,26.26,78.95,40.45
25,26.2,78.94,40.42
179,26.2,78.94,40.43
16,26.21,78.95,40.42
140,26.21,78.95,40.43
5342,26.2,78.94,40.44
1192,26.2,78.94,40.44
745,26.21,78.95,40.44
3676,26.21,78.95,40.44
592,26.22,78.95,40.44
3615,26.22,78.95,40.44
151,26.23,78.96,40.44
68,26.24,78.95,40.44
1389,26.23,78.96,40.44
361,26.24,78.95,40.44
246,26.26,78.95,40.44
5,26.22,78.95,40.42
98,26.22,78.95,40.43
5,26.23,78.96,40.42
54,26.23,78.96,40.43
36,26.26,78.95,40.44
2,26.25,78.96,40.42
12,26.24,78.95,40.42
25,26.24,78.95,40.43
9,26.25,78.96,40.43
2,26.24,78.98,40.63
2,26.26,78.98,40.62
3,26.24,78.96,40.61
2,26.26,78.96,40.61
2,26.27,78.98,40.62
3,26.24,78.95,40.6
3,26.25,78.96,40.6
6,26.24,78.95,40.59
4,26.25,78.96,40.59
15,26.26,78.95,40.58
95,26.26,78.95,40.57
2,26.27,78.99,40.6
2,26.26,78.97,40.6
2,26.27,78.97,40.59
2,26.26,78.97,40.59
7,26.27,78.96,40.58
4,26.27,78.97,40.58
15,26.27,78.96,40.57
5,26.27,78.97,40.57
2,26.28,78.99,40.59
3,26.28,78.97,40.58
2,26.29,78.99,40.58
2,26.29,78.97,40.57
3,26.28,78.97,40.57
2,26.29,78.99,40.57
2,26.29,78.99,40.58
6537,26.26,78.95,40.54
38793,26.26,78.95,40.53
288,26.26,78.95,40.56
1460,26.26,78.95,40.55
27,26.27,78.96,40.56
6,26.27,78.97,40.56
78,26.27,78.96,40.55
9,26.27,78.97,40.55
284,26.27,78.96,40.54
1455,26.27,78.96,40.53
14,26.27,78.97,40.54
37,26.27,78.97,40.53
2,26.3,78.99,40.55
2,26.29,78.98,40.55
2,26.29,78.98,40.56
3,26.28,78.97,40.56
3,26.28,78.97,40.55
2,26.29,78.98,40.53
2,26.3,78.99,40.54
2,26.3,78.99,40.53
2,26.29,78.98,40.54
4,26.28,78.97,40.54
2,26.29,78.98,40.53
5,26.28,78.97,40.53
162712,26.26,78.95,40.51
105821,26.26,78.95,40.52
170105,26.26,78.95,40.5
127713,26.26,78.95,40.49
13501,26.27,78.96,40.51
5526,26.27,78.96,40.52
109,26.27,78.97,40.52
248,26.27,78.97,40.51
18527,26.27,78.96,40.5
14570,26.27,78.96,40.49
365,26.27,78.97,40.5
338,26.27,78.97,40.49
2,26.29,78.98,40.52
2,26.29,78.98,40.51
2,26.29,78.98,40.5
2,26.29,78.98,40.5
3,26.29,78.98,40.52
7,26.28,78.97,40.52
3,26.29,78.98,40.51
9,26.28,78.97,40.51
3,26.29,78.98,40.5
2,26.29,78.98,40.49
10,26.28,78.97,40.5
10,26.28,78.97,40.49
2,26.3,78.99,40.55
2,26.3,78.99,40.56
2,26.27,78.95,40.4
13,26.19,78.91,40.4
21,26.2,78.92,40.4
19,26.21,78.94,40.4
6,26.23,78.95,40.4
3,26.26,78.95,40.4
538,26.27,78.95,40.46
299,26.27,78.95,40.45
67,26.28,78.96,40.45
97,26.28,78.96,40.46
2517,26.27,78.95,40.48
1464,26.27,78.95,40.47
200,26.28,78.96,40.47
236,26.28,78.96,40.48
6,26.27,78.96,40.42
48,26.27,78.95,40.44
12,26.28,78.96,40.44
83,26.27,78.95,40.44
27,26.28,78.96,40.44
2,26.29,78.97,40.46
3,26.29,78.97,40.46
7,26.29,78.97,40.45
9,26.29,78.97,40.46
2,26.3,78.97,40.47
2,26.3,78.97,40.48
4,26.29,78.97,40.47
14,26.29,78.97,40.47
4,26.29,78.97,40.48
16,26.29,78.97,40.48
2,26.29,78.96,40.43
3,26.29,78.96,40.44
2,26.29,78.97,40.45
4,26.29,78.97,40.45
4,26.2,78.94,40.22
7,26.2,78.91,40.28
67,26.14,78.92,40.22
66,26.17,78.89,40.28
421,26.14,78.87,40.23
2927,25.98,78.99,40.28
2538,26,78.99,40.27
862,26.04,78.96,40.27
3253,25.98,78.99,40.22
2221,26.01,78.95,40.25
2917,25.98,78.98,40.3
2310,26.01,78.98,40.31
935,26.04,78.96,40.3
3410,25.98,78.97,40.21
821,26.06,78.97,40.34
411,26.09,78.97,40.36
48,26.1,78.94,40.34
36,26.12,78.93,40.36
27,26.12,78.93,40.34
696,26.08,78.97,40.39
67,26.12,78.93,40.38
291,26.11,78.94,40.41
118,26.12,78.93,40.4
359,26.06,78.94,40.31
1574,26.03,78.93,40.27
216,26.09,78.92,40.31
1179,26.06,78.9,40.28
3473,26,78.92,40.22
2282,26.09,78.95,40.53
2631,26.08,78.97,40.55
2495,26.08,78.98,40.54
2633,26.09,78.98,40.56
2406,26.11,78.94,40.56
2239,26.12,78.93,40.56
2265,26.1,78.95,40.54
2195,26.12,78.93,40.54
2073,26.09,78.95,40.52
1774,26.09,78.95,40.5
2272,26.08,78.98,40.52
2043,26.08,78.98,40.5
1976,26.1,78.95,40.52
1561,26.1,78.95,40.5
1908,26.12,78.93,40.52
1375,26.12,78.93,40.5
1393,26.08,78.94,40.46
1714,26.08,78.94,40.48
2055,26.06,78.97,40.48
1821,26.06,78.97,40.46
1146,26.08,78.94,40.44
1545,26.07,78.97,40.44
1354,26.06,78.97,40.42
29,26.13,78.92,40.34
28,26.14,78.9,40.34
24,26.14,78.9,40.36
28,26.13,78.92,40.36
221,26.11,78.89,40.31
1138,26.08,78.87,40.28
1255,26.08,78.88,40.23
3420,26.03,78.89,40.23
8,26.17,78.94,40.65
4,26.16,78.97,40.65
15,26.14,78.97,40.65
108,26.12,78.97,40.64
68,26.14,78.94,40.63
25,26.16,78.94,40.63
904,26.11,78.94,40.61
332,26.09,78.97,40.63
926,26.09,78.97,40.62
465,26.12,78.93,40.62
2401,26.11,78.94,40.58
2645,26.08,78.97,40.58
1970,26.11,78.94,40.59
2402,26.09,78.97,40.6
1436,26.12,78.93,40.6
2077,26.12,78.93,40.58
1049,26.07,78.97,40.42
507,26.09,78.93,40.42
720,26.09,78.93,40.44
329,26.1,78.92,40.42
54,26.13,78.92,40.42
504,26.1,78.92,40.44
91,26.13,78.92,40.44
26,26.13,78.92,40.38
41,26.13,78.92,40.4
17,26.14,78.9,40.38
22,26.14,78.9,40.4
1073,26.09,78.93,40.46
1482,26.09,78.93,40.48
864,26.1,78.92,40.46
211,26.13,78.92,40.46
1345,26.1,78.92,40.48
536,26.13,78.92,40.48
1300,26.11,78.84,40.29
2,26.16,78.97,40.67
2,26.17,78.97,40.66
2,26.19,78.97,40.67
2,26.17,78.97,40.68
4,26.19,78.94,40.65
2,26.22,78.97,40.66
3,26.2,78.94,40.65
2,26.23,78.98,40.65
15,26.17,78.93,40.64
198,26.14,78.93,40.62
68,26.17,78.93,40.62
828,26.14,78.93,40.6
319,26.17,78.93,40.6
1639,26.14,78.93,40.58
1098,26.17,78.93,40.58
5,26.2,78.92,40.64
17,26.2,78.92,40.62
124,26.2,78.92,40.6
3095,26.2,78.92,40.58
4,26.21,78.94,40.64
3,26.23,78.95,40.63
9,26.21,78.94,40.62
5,26.23,78.95,40.62
65,26.21,78.94,40.6
2045,26.21,78.94,40.58
12,26.23,78.94,40.6
41,26.23,78.94,40.59
5,26.24,78.95,40.6
16,26.24,78.95,40.59
307,26.23,78.94,40.58
1714,26.23,78.94,40.57
42,26.24,78.95,40.58
121,26.25,78.95,40.58
434,26.24,78.95,40.57
527,26.25,78.95,40.57
2247,26.13,78.92,40.54
1966,26.13,78.92,40.56
2866,26.14,78.93,40.54
43765,26.17,78.93,40.54
2057,26.14,78.93,40.56
8056,26.17,78.93,40.56
1260,26.13,78.92,40.5
2049,26.13,78.92,40.52
1363,26.14,78.93,40.5
85889,26.17,78.93,40.5
2688,26.14,78.93,40.52
84897,26.17,78.93,40.52
10580,26.16,78.91,40.48
1850,26.16,78.91,40.46
139,26.16,78.91,40.44
10,26.16,78.91,40.42
30,26.16,78.89,40.34
20,26.16,78.89,40.36
6,26.17,78.9,40.34
2,26.17,78.9,40.36
6,26.17,78.9,40.4
270,26.14,78.86,40.31
543,26.16,78.83,40.29
35,26.17,78.89,40.31
344829,26.2,78.92,40.52
359385,26.2,78.92,40.5
51929,26.2,78.92,40.56
199553,26.2,78.92,40.54
50544,26.21,78.94,40.56
281661,26.21,78.94,40.54
16326,26.23,78.94,40.56
54825,26.23,78.94,40.55
4262,26.24,78.95,40.56
3375,26.25,78.95,40.56
26412,26.24,78.95,40.55
11873,26.25,78.95,40.55
372206,26.23,78.94,40.53
186191,26.23,78.94,40.54
123510,26.24,78.95,40.54
44528,26.25,78.95,40.54
316160,26.24,78.95,40.53
137668,26.25,78.95,40.53
491128,26.21,78.94,40.52
508191,26.21,78.94,40.5
562320,26.23,78.94,40.51
498306,26.23,78.94,40.52
473169,26.24,78.95,40.52
260260,26.25,78.95,40.52
547491,26.24,78.95,40.51
333325,26.25,78.95,40.51
569836,26.23,78.94,40.5
523368,26.23,78.94,40.49
554992,26.24,78.95,40.5
343191,26.25,78.95,40.5
498259,26.24,78.95,40.49
286509,26.25,78.95,40.49
141087,26.19,78.91,40.48
52333,26.19,78.91,40.46
232028,26.2,78.92,40.48
76806,26.2,78.92,40.46
8145,26.19,78.91,40.44
341,26.19,78.91,40.42
582,26.2,78.92,40.42
11308,26.2,78.92,40.44
323622,26.21,78.94,40.48
83441,26.21,78.94,40.46
416496,26.23,78.94,40.48
252842,26.23,78.94,40.47
191097,26.24,78.95,40.47
86601,26.25,78.95,40.47
360953,26.24,78.95,40.48
183839,26.25,78.95,40.48
135841,26.26,78.94,40.48
71925,26.26,78.94,40.47
43015,26.26,78.95,40.48
22126,26.26,78.95,40.47
105054,26.23,78.94,40.46
38049,26.23,78.94,40.45
20828,26.24,78.95,40.45
6883,26.25,78.95,40.45
65813,26.24,78.95,40.46
28143,26.25,78.95,40.46
29321,26.26,78.94,40.46
11247,26.26,78.94,40.45
8788,26.26,78.95,40.46
3258,26.26,78.95,40.45
421,26.21,78.94,40.42
9703,26.21,78.94,40.44
2585,26.23,78.94,40.44
9759,26.23,78.94,40.44
1056,26.24,78.95,40.44
168,26.25,78.95,40.44
4928,26.24,78.95,40.44
880,26.25,78.95,40.44
344,26.26,78.94,40.44
1524,26.26,78.94,40.44
52,26.26,78.95,40.44
555,26.26,78.95,40.44
58,26.23,78.94,40.42
307,26.23,78.94,40.43
37,26.24,78.95,40.42
192,26.24,78.95,40.43
31,26.26,78.95,40.42
2,26.26,78.98,40.64
2,26.24,78.95,40.63
3,26.26,78.95,40.62
3,26.27,78.95,40.61
12,26.26,78.95,40.6
134,26.26,78.94,40.58
599,26.26,78.94,40.57
22,26.26,78.95,40.58
121,26.26,78.95,40.57
4,26.27,78.96,40.6
8,26.27,78.95,40.58
5,26.28,78.96,40.58
19,26.27,78.95,40.57
8,26.28,78.96,40.57
3,26.28,78.96,40.59
2,26.29,78.97,40.58
3,26.29,78.97,40.57
3,26.29,78.96,40.58
4,26.29,78.96,40.57
96172,26.26,78.94,40.53
38331,26.26,78.94,40.54
6048,26.26,78.95,40.54
21990,26.26,78.95,40.53
3964,26.26,78.94,40.56
13803,26.26,78.94,40.55
382,26.26,78.95,40.56
2154,26.26,78.95,40.55
47,26.27,78.95,40.56
11,26.28,78.96,40.56
153,26.27,78.95,40.55
23,26.28,78.96,40.55
377,26.27,78.95,40.54
994,26.27,78.95,40.53
47,26.28,78.96,40.54
89,26.28,78.96,40.53
3,26.3,78.97,40.55
2,26.29,78.97,40.56
5,26.29,78.97,40.56
3,26.29,78.97,40.55
6,26.29,78.97,40.55
3,26.3,78.97,40.54
3,26.3,78.98,40.53
3,26.29,78.97,40.54
9,26.29,78.97,40.54
3,26.29,78.97,40.53
11,26.29,78.97,40.53
228837,26.26,78.94,40.51
173381,26.26,78.94,40.52
90234,26.26,78.95,40.51
54544,26.26,78.95,40.52
240650,26.26,78.94,40.5
201166,26.26,78.94,40.49
96402,26.26,78.95,40.5
74032,26.26,78.95,40.49
4395,26.27,78.95,40.51
2427,26.27,78.95,40.52
188,26.28,78.96,40.52
268,26.28,78.96,40.51
4932,26.27,78.95,40.5
4301,26.27,78.95,40.49
317,26.28,78.96,40.5
320,26.28,78.96,40.49
3,26.3,78.98,40.52
2,26.3,78.98,40.51
2,26.3,78.98,40.5
2,26.3,78.98,40.49
4,26.29,78.97,40.52
16,26.29,78.97,40.52
4,26.29,78.97,40.51
19,26.29,78.97,40.51
4,26.29,78.97,40.5
4,26.29,78.97,40.49
19,26.29,78.97,40.5
19,26.29,78.97,40.49
3,26.28,78.94,40.4
85,26.2,78.9,40.4
3,26.21,78.91,40.38
113,26.21,78.91,40.4
3,26.23,78.92,40.38
82,26.23,78.92,40.4
27,26.24,78.93,40.4
8,26.27,78.93,40.4
304,26.28,78.94,40.46
945,26.28,78.94,40.48
12,26.29,78.94,40.42
59,26.28,78.94,40.44
8,26.3,78.96,40.46
15,26.3,78.96,40.48
4,26.3,78.96,40.44
1497,26.11,78.85,40.23
3181,26.08,78.83,40.24
14,26.2,78.92,40.22
2,26.2,78.91,40.31
13,26.22,78.88,40.28
83,26.17,78.9,40.22
127,26.19,78.86,40.28
683,26.16,78.84,40.23
2388,26.01,78.97,40.34
3001,25.98,78.96,40.28
3343,25.95,78.98,40.26
3417,25.96,78.98,40.22
3360,25.98,78.95,40.25
2203,26.01,78.95,40.27
2984,25.98,78.96,40.3
3258,25.95,78.98,40.31
2141,26.01,78.95,40.31
3483,25.95,78.98,40.21
3520,25.98,78.94,40.22
1629,26.03,78.97,40.36
463,26.06,78.93,40.34
230,26.09,78.92,40.35
1782,26.04,78.96,40.39
406,26.09,78.92,40.39
1502,26.03,78.92,40.31
3397,26,78.9,40.28
1172,26.06,78.89,40.31
3238,26.03,78.87,40.28
4190,26,78.87,40.23
3936,25.97,78.89,40.23
2485,26.08,78.94,40.55
2412,26.08,78.94,40.54
2692,26.06,78.97,40.56
2613,26.06,78.97,40.54
2400,26.09,78.93,40.56
2180,26.1,78.92,40.56
2361,26.09,78.93,40.54
2267,26.1,78.92,40.54
2248,26.08,78.94,40.52
2016,26.08,78.94,40.5
2442,26.06,78.97,40.52
2274,26.06,78.97,40.5
2194,26.09,78.93,40.52
1902,26.09,78.93,40.5
2167,26.1,78.92,40.52
1847,26.1,78.92,40.5
1811,26.07,78.93,40.46
2072,26.06,78.93,40.48
2359,26.03,78.97,40.47
1327,26.06,78.93,40.43
1527,26.07,78.93,40.44
2030,26.04,78.96,40.43
2694,26.06,78.97,40.57
201,26.11,78.89,40.35
2957,26.08,78.82,40.29
3011,26.06,78.85,40.29
1189,26.08,78.86,40.31
3354,26.05,78.85,40.23
2932,25.9,78.98,40.26
2965,25.9,78.98,40.3
8,26.12,78.96,40.67
169,26.1,78.97,40.64
7,26.14,78.97,40.66
7,26.16,78.94,40.65
21,26.12,78.97,40.65
20,26.13,78.93,40.65
99,26.12,78.93,40.63
41,26.14,78.93,40.64
314,26.09,78.92,40.63
795,26.09,78.93,40.61
386,26.08,78.96,40.64
1140,26.07,78.97,40.62
515,26.1,78.92,40.62
255,26.13,78.92,40.62
2318,26.09,78.93,40.58
2669,26.07,78.97,40.58
2474,26.07,78.97,40.6
1868,26.09,78.93,40.6
1332,26.1,78.92,40.6
825,26.13,78.92,40.6
1919,26.1,78.92,40.58
1520,26.13,78.92,40.58
907,26.07,78.92,40.42
1247,26.07,78.92,40.44
754,26.09,78.91,40.42
1099,26.09,78.91,40.44
212,26.12,78.9,40.42
22,26.14,78.9,40.42
344,26.12,78.9,40.44
50,26.14,78.9,40.44
258,26.11,78.89,40.39
2,26.16,78.89,40.38
10,26.16,78.89,40.4
1628,26.07,78.92,40.46
1952,26.07,78.92,40.48
1545,26.09,78.91,40.46
1929,26.09,78.91,40.48
708,26.12,78.9,40.46
368,26.14,78.9,40.46
1286,26.12,78.9,40.48
1909,26.14,78.9,40.48
1456,26.14,78.82,40.29
1382,26.11,78.83,40.31
3,26.15,78.97,40.67
3,26.16,78.93,40.67
5,26.17,78.93,40.65
3,26.19,78.93,40.67
2,26.2,78.97,40.68
3,26.17,78.92,40.67
4,26.2,78.92,40.65
2,26.21,78.97,40.67
3,26.21,78.94,40.65
2,26.24,78.97,40.66
2,26.23,78.94,40.65
25,26.16,78.91,40.64
8,26.19,78.91,40.64
100,26.16,78.91,40.62
28,26.19,78.91,40.62
385,26.16,78.91,40.6
156,26.19,78.91,40.6
985,26.16,78.91,40.58
2420,26.19,78.91,40.58
3,26.21,78.91,40.64
12,26.21,78.91,40.62
233,26.21,78.91,40.6
8424,26.21,78.91,40.58
4,26.23,78.92,40.64
3,26.24,78.93,40.64
8,26.23,78.92,40.62
5,26.24,78.93,40.62
124,26.23,78.92,40.6
4926,26.23,78.92,40.58
43,26.24,78.93,40.6
1520,26.24,78.93,40.58
1962,26.12,78.9,40.5
2321,26.12,78.9,40.52
1847,26.12,78.9,40.56
2173,26.12,78.9,40.54
4315,26.14,78.9,40.54
1724,26.14,78.9,40.56
14704,26.16,78.91,40.54
120337,26.19,78.91,40.54
2958,26.16,78.91,40.56
35070,26.19,78.91,40.56
4824,26.14,78.9,40.5
6596,26.14,78.9,40.52
24280,26.16,78.91,40.5
213619,26.19,78.91,40.5
27052,26.16,78.91,40.52
203751,26.19,78.91,40.52
72428,26.17,78.9,40.48
26563,26.17,78.9,40.46
3259,26.17,78.9,40.44
151,26.17,78.9,40.42
184,26.14,78.86,40.35
24,26.17,78.87,40.34
18,26.17,78.87,40.36
4,26.18,78.88,40.34
2,26.18,78.88,40.36
82,26.17,78.87,40.4
93,26.18,78.88,40.4
728,26.19,78.81,40.29
354,26.16,78.83,40.31
54,26.19,78.86,40.31
389992,26.21,78.91,40.52
406544,26.21,78.91,40.5
87706,26.21,78.91,40.56
260955,26.21,78.91,40.54
69610,26.23,78.92,40.56
282031,26.23,78.92,40.54
32361,26.24,78.93,40.56
205772,26.24,78.93,40.54
438463,26.23,78.92,40.52
455856,26.23,78.92,40.5
401089,26.24,78.93,40.52
418537,26.24,78.93,40.5
237226,26.2,78.9,40.48
117579,26.2,78.9,40.46
305923,26.21,78.91,40.48
141442,26.21,78.91,40.46
31298,26.2,78.9,40.44
2275,26.2,78.9,40.42
2622,26.21,78.91,40.42
31748,26.21,78.91,40.44
327806,26.23,78.92,40.48
131927,26.23,78.92,40.46
257013,26.24,78.93,40.48
50648,26.27,78.93,40.48
81373,26.24,78.93,40.46
12255,26.27,78.93,40.46
1558,26.23,78.92,40.42
22866,26.23,78.92,40.44
8679,26.24,78.93,40.44
812,26.27,78.93,40.44
366,26.24,78.93,40.42
88,26.27,78.93,40.42
2,26.27,78.95,40.63
2,26.26,78.97,40.65
3,26.26,78.94,40.63
5,26.27,78.93,40.62
3,26.28,78.94,40.62
3,26.3,78.95,40.61
27,26.27,78.93,40.6
313,26.27,78.93,40.58
10,26.28,78.94,40.6
40,26.28,78.94,40.58
4,26.3,78.95,40.6
2,26.31,78.96,40.57
5,26.3,78.96,40.58
25460,26.27,78.93,40.54
4001,26.27,78.93,40.56
164,26.28,78.94,40.56
527,26.28,78.94,40.54
3,26.31,78.96,40.56
8,26.3,78.96,40.56
2,26.31,78.97,40.54
13,26.3,78.96,40.54
75124,26.27,78.93,40.52
91991,26.27,78.93,40.5
1264,26.28,78.94,40.52
1474,26.28,78.94,40.5
2,26.31,78.97,40.52
2,26.31,78.97,40.5
19,26.3,78.96,40.52
20,26.3,78.96,40.5
5,26.3,78.93,40.4
2,26.21,78.88,40.36
452,26.21,78.88,40.4
21,26.23,78.89,40.38
501,26.23,78.89,40.4
17,26.24,78.91,40.38
2,26.26,78.92,40.38
298,26.24,78.91,40.4
119,26.26,78.92,40.4
22,26.28,78.92,40.4
131,26.3,78.93,40.46
319,26.3,78.93,40.48
18,26.3,78.93,40.42
45,26.3,78.93,40.44
7,26.31,78.94,40.46
2,26.33,78.95,40.48
11,26.31,78.94,40.48
2,26.31,78.94,40.42
4,26.31,78.94,40.44
1729,26.13,78.82,40.24
4226,26.08,78.81,40.24
18,26.22,78.89,40.23
6,26.22,78.88,40.31
22,26.25,78.85,40.28
155,26.19,78.87,40.23
233,26.22,78.83,40.29
983,26.19,78.82,40.24
3201,25.96,78.97,40.34
2941,25.98,78.97,40.36
2302,26.01,78.94,40.34
3010,25.98,78.96,40.38
3132,25.92,78.98,40.24
3430,25.96,78.95,40.25
3370,25.96,78.95,40.27
3387,25.98,78.93,40.27
3134,25.92,78.98,40.32
3300,25.96,78.95,40.31
3272,25.98,78.93,40.31
3169,25.92,78.96,40.22
3523,25.95,78.93,40.22
1616,26.03,78.92,40.35
1325,26.06,78.9,40.35
2666,26,78.96,40.4
1997,26.03,78.91,40.39
1673,26.06,78.9,40.39
3271,26,78.9,40.31
3885,25.97,78.88,40.28
4108,26,78.86,40.29
3230,26.03,78.87,40.31
4374,26,78.85,40.24
3556,25.94,78.88,40.23
3059,25.96,78.96,40.47
2489,26.07,78.93,40.56
2495,26.07,78.93,40.54
2764,26.04,78.96,40.55
2352,26.07,78.92,40.56
2102,26.09,78.91,40.56
2421,26.07,78.92,40.54
2281,26.09,78.91,40.54
2429,26.06,78.93,40.52
2293,26.06,78.93,40.5
2616,26.03,78.97,40.51
2377,26.07,78.92,40.52
2236,26.07,78.92,40.5
2334,26.09,78.91,40.52
2222,26.09,78.91,40.5
2867,26,78.96,40.47
2500,26.04,78.92,40.47
2797,26,78.96,40.43
2278,26.04,78.91,40.43
2609,26.04,78.96,40.59
2480,26.06,78.93,40.57
2655,26,78.96,40.59
1027,26.01,78.96,40.63
1403,26.04,78.96,40.62
1302,26.08,78.86,40.35
3577,26.08,78.81,40.31
3276,26.05,78.84,40.31
4827,26.02,78.83,40.24
2483,25.87,78.98,40.25
2917,25.9,78.95,40.28
2550,25.87,78.97,40.3
2908,25.9,78.95,40.3
3,26.06,78.96,40.7
3,26.09,78.96,40.7
41,26.05,78.96,40.66
24,26.09,78.96,40.66
12,26.12,78.92,40.67
4,26.13,78.96,40.68
153,26.1,78.92,40.64
26,26.12,78.92,40.65
60,26.13,78.92,40.64
11,26.15,78.93,40.65
764,26.05,78.96,40.63
298,26.08,78.92,40.63
785,26.08,78.92,40.62
188,26.09,78.91,40.64
521,26.09,78.91,40.62
36,26.14,78.9,40.64
281,26.12,78.9,40.62
128,26.14,78.9,40.62
1709,26.07,78.92,40.6
2181,26.07,78.92,40.58
1197,26.09,78.91,40.6
1734,26.09,78.91,40.58
778,26.12,78.9,40.6
402,26.14,78.9,40.6
1369,26.12,78.9,40.58
939,26.14,78.9,40.58
639,26.1,78.89,40.42
2069,26.06,78.9,40.43
1002,26.1,78.89,40.44
1615,26.08,78.86,40.39
578,26.11,78.88,40.42
1092,26.11,78.88,40.44
170,26.13,78.89,40.42
24,26.16,78.89,40.42
305,26.13,78.89,40.44
662,26.16,78.89,40.44
180,26.14,78.86,40.39
1527,26.1,78.89,40.46
2411,26.06,78.89,40.47
1988,26.1,78.89,40.48
2044,26.11,78.88,40.46
3103,26.11,78.88,40.48
1134,26.13,78.89,40.46
7168,26.16,78.89,40.46
2515,26.13,78.89,40.48
28731,26.16,78.89,40.48
1284,26.11,78.84,40.35
1680,26.13,78.81,40.31
3992,26.1,78.78,40.31
2301,26.1,78.89,40.52
2306,26.1,78.89,40.5
1705,26.1,78.89,40.56
2074,26.1,78.89,40.54
5,26.15,78.92,40.67
4,26.16,78.91,40.67
9,26.16,78.91,40.65
5,26.19,78.91,40.65
2,26.2,78.91,40.74
3,26.19,78.91,40.67
2,26.17,78.92,40.69
3,26.2,78.92,40.67
3,26.21,78.91,40.67
4,26.21,78.91,40.65
2,26.21,78.93,40.67
3,26.23,78.92,40.67
2,26.24,78.93,40.67
3,26.23,78.92,40.66
3,26.24,78.93,40.65
11,26.17,78.9,40.64
41,26.17,78.9,40.62
20,26.2,78.9,40.62
146,26.17,78.9,40.6
263,26.2,78.9,40.6
1082,26.17,78.9,40.58
7312,26.2,78.9,40.58
10,26.23,78.89,40.64
68,26.23,78.89,40.62
990,26.23,78.89,40.6
14950,26.23,78.89,40.58
6,26.24,78.91,40.64
4,26.26,78.92,40.64
25,26.24,78.91,40.62
11,26.26,78.92,40.62
359,26.24,78.91,40.6
7428,26.24,78.91,40.58
105,26.26,78.92,40.6
2004,26.26,78.92,40.58
3732,26.11,78.88,40.52
3788,26.11,78.88,40.5
4124,26.13,78.89,40.5
4822,26.13,78.89,40.52
1298,26.11,78.88,40.56
2168,26.11,78.88,40.54
1641,26.13,78.89,40.56
2762,26.13,78.89,40.54
23296,26.16,78.89,40.54
4723,26.16,78.89,40.56
62220,26.17,78.9,40.54
197524,26.2,78.9,40.54
15127,26.17,78.9,40.56
75660,26.2,78.9,40.56
44184,26.16,78.89,40.5
42195,26.16,78.89,40.52
107677,26.17,78.9,40.5
311539,26.2,78.9,40.5
102801,26.17,78.9,40.52
296737,26.2,78.9,40.52
94658,26.17,78.87,40.48
42282,26.17,78.87,40.46
160240,26.18,78.88,40.48
80545,26.18,78.88,40.46
10714,26.17,78.87,40.44
1427,26.17,78.87,40.42
20950,26.18,78.88,40.44
2094,26.18,78.88,40.42
179,26.16,78.83,40.35
39,26.19,78.86,40.35
1197,26.19,78.86,40.39
602,26.19,78.8,40.31
91,26.22,78.82,40.31
368587,26.23,78.89,40.52
385313,26.23,78.89,40.5
103676,26.23,78.89,40.56
264138,26.23,78.89,40.54
71226,26.24,78.91,40.56
236612,26.24,78.91,40.54
27347,26.26,78.92,40.56
138790,26.26,78.92,40.54
361533,26.24,78.91,40.52
377170,26.24,78.91,40.5
259254,26.26,78.92,40.52
276540,26.26,78.92,40.5
283825,26.21,78.88,40.48
174423,26.21,78.88,40.46
311094,26.23,78.89,40.48
175984,26.23,78.89,40.46
65120,26.21,78.88,40.44
8421,26.21,78.88,40.42
8131,26.23,78.89,40.42
57437,26.23,78.89,40.44
282703,26.24,78.91,40.48
139630,26.24,78.91,40.46
181803,26.26,78.92,40.48
12625,26.28,78.92,40.48
72474,26.26,78.92,40.46
3404,26.28,78.92,40.46
4854,26.24,78.91,40.42
36638,26.24,78.91,40.44
11890,26.26,78.92,40.44
574,26.28,78.92,40.44
1097,26.26,78.92,40.42
201,26.28,78.92,40.42
3,26.28,78.94,40.63
2,26.26,78.94,40.65
4,26.27,78.93,40.64
3,26.3,78.94,40.63
18,26.28,78.92,40.62
8,26.3,78.93,40.62
3,26.32,78.95,40.61
4,26.31,78.94,40.62
74,26.28,78.92,40.6
403,26.28,78.92,40.58
18,26.3,78.93,40.6
46,26.3,78.93,40.58
3,26.33,78.95,40.6
6,26.31,78.94,40.6
3,26.33,78.95,40.58
7,26.31,78.94,40.58
6855,26.28,78.92,40.54
1619,26.28,78.92,40.56
101,26.3,78.93,40.56
243,26.3,78.93,40.54
3,26.33,78.95,40.56
10,26.31,78.94,40.56
3,26.33,78.95,40.54
14,26.31,78.94,40.54
17599,26.28,78.92,40.52
22131,26.28,78.92,40.5
440,26.3,78.93,40.52
498,26.3,78.93,40.5
2,26.33,78.95,40.52
2,26.33,78.95,40.5
16,26.31,78.94,40.52
15,26.31,78.94,40.5
2,26.34,78.96,40.53
9,26.31,78.91,40.4
2,26.33,78.93,40.4
38,26.22,78.87,40.36
29,26.24,78.88,40.36
2711,26.22,78.87,40.4
363,26.22,78.87,40.38
319,26.24,78.88,40.38
2272,26.24,78.88,40.4
132,26.25,78.89,40.38
38,26.27,78.9,40.38
941,26.25,78.89,40.4
473,26.27,78.9,40.4
60,26.3,78.9,40.4
11,26.25,78.89,40.36
5,26.27,78.9,40.36
107,26.31,78.91,40.46
155,26.31,78.91,40.48
36,26.31,78.91,40.42
62,26.31,78.91,40.44
8,26.33,78.93,40.46
2,26.34,78.94,40.48
10,26.33,78.93,40.48
4,26.33,78.93,40.42
6,26.33,78.93,40.44
2722,26.13,78.8,40.24
5435,26.05,78.79,40.24
4457,26.1,78.79,40.24
3,26.25,78.91,40.22
3,26.28,78.88,40.28
31,26.25,78.86,40.23
36,26.28,78.83,40.29
27,26.25,78.85,40.31
2,26.28,78.88,40.31
348,26.22,78.83,40.23
1757,26.19,78.8,40.24
2,26.15,78.91,40.74
3092,25.93,78.96,40.38
3111,25.92,78.97,40.35
3252,25.95,78.94,40.34
3198,25.98,78.92,40.35
3099,25.95,78.96,40.4
3195,25.98,78.91,40.38
3188,25.92,78.93,40.27
3526,25.95,78.91,40.28
3144,25.92,78.93,40.31
3437,25.95,78.9,40.31
2827,25.89,78.94,40.22
3167,25.92,78.9,40.23
3140,26,78.9,40.35
3149,26.03,78.87,40.35
3060,26,78.9,40.39
3082,26.03,78.87,40.39
3476,25.95,78.86,40.29
3769,25.97,78.87,40.31
4084,26,78.84,40.31
3596,25.94,78.86,40.24
4047,25.97,78.83,40.24
3025,25.95,78.96,40.5
2990,25.95,78.9,40.48
2978,25.92,78.96,40.47
3083,25.95,78.95,40.43
2795,25.9,78.96,40.46
2877,26,78.96,40.55
2530,26.04,78.91,40.55
2925,25.97,78.96,40.55
2239,26.06,78.89,40.55
2913,26,78.96,40.51
2615,26.04,78.92,40.51
3001,25.97,78.96,40.51
2510,26.06,78.89,40.51
2937,26,78.9,40.47
3011,26,78.9,40.43
2871,26.03,78.87,40.47
2991,26.03,78.87,40.43
128,26.01,78.96,40.66
3,26.02,78.97,40.7
40,26.02,78.96,40.67
2179,26.04,78.91,40.58
1710,26,78.9,40.59
2660,25.97,78.96,40.59
1155,25.97,78.97,40.62
589,26,78.9,40.63
1136,26.04,78.91,40.62
3435,26.08,78.81,40.35
3253,26.05,78.84,40.35
3168,26.05,78.84,40.39
5014,26.05,78.79,40.32
4493,26.02,78.82,40.31
5364,26.02,78.77,40.25
4590,25.99,78.8,40.24
2514,25.87,78.97,40.22
2621,25.87,78.97,40.34
2609,25.87,78.97,40.38
1944,25.8,78.97,40.26
2536,25.87,78.93,40.28
2509,25.87,78.93,40.31
2547,25.87,78.96,40.42
5,26.06,78.9,40.7
5,26.09,78.9,40.69
2,26.11,78.96,40.71
19,26.05,78.91,40.67
30,26.09,78.91,40.66
7,26.13,78.91,40.67
86,26.12,78.9,40.64
18,26.13,78.92,40.65
6,26.14,78.9,40.67
14,26.14,78.9,40.65
106,26.1,78.89,40.64
418,26.06,78.89,40.63
294,26.1,78.89,40.62
65,26.11,78.88,40.64
174,26.11,78.88,40.62
51,26.13,78.89,40.64
17,26.16,78.89,40.64
154,26.13,78.89,40.62
58,26.16,78.89,40.62
725,26.1,78.89,40.6
1483,26.06,78.9,40.59
1217,26.1,78.89,40.58
393,26.11,78.88,40.6
814,26.11,78.88,40.58
391,26.13,78.89,40.6
151,26.16,78.89,40.6
894,26.13,78.89,40.58
607,26.16,78.89,40.58
2817,26.05,78.84,40.47
3281,26.08,78.81,40.39
3050,26.05,78.84,40.43
1508,26.11,78.84,40.39
2130,26.08,78.86,40.43
1025,26.16,78.83,40.39
1767,26.14,78.86,40.43
2635,26.08,78.86,40.47
15962,26.14,78.86,40.47
1171,26.13,78.81,40.35
2058,26.16,78.78,40.31
4647,26.13,78.75,40.32
3564,26.1,78.78,40.35
6338,26.07,78.74,40.32
2380,26.08,78.86,40.51
1596,26.08,78.86,40.55
2,26.17,78.91,40.75
3,26.15,78.91,40.7
4,26.17,78.9,40.67
3,26.2,78.9,40.67
7,26.17,78.9,40.65
6,26.2,78.9,40.65
2,26.2,78.9,40.73
2,26.22,78.91,40.75
2,26.25,78.91,40.78
2,26.25,78.91,40.75
3,26.2,78.91,40.7
4,26.23,78.89,40.67
6,26.23,78.89,40.65
2,26.23,78.92,40.69
3,26.24,78.91,40.67
3,26.26,78.92,40.67
5,26.24,78.91,40.65
4,26.26,78.92,40.66
61,26.17,78.87,40.62
33,26.21,78.88,40.64
45,26.18,78.88,40.62
198,26.21,78.88,40.62
130,26.17,78.87,40.6
1321,26.17,78.87,40.58
160,26.18,78.88,40.6
2558,26.21,78.88,40.6
2898,26.18,78.88,40.58
18203,26.21,78.88,40.58
50,26.22,78.87,40.64
313,26.22,78.87,40.62
25,26.24,78.88,40.64
188,26.24,78.88,40.62
4207,26.22,78.87,40.6
26874,26.22,78.87,40.58
2230,26.24,78.88,40.6
19422,26.24,78.88,40.58
14,26.25,78.89,40.64
9,26.27,78.9,40.64
81,26.25,78.89,40.62
46,26.27,78.9,40.62
863,26.25,78.89,40.6
8554,26.25,78.89,40.58
324,26.27,78.9,40.6
2388,26.27,78.9,40.58
30151,26.14,78.86,40.51
8623,26.14,78.86,40.55
78464,26.17,78.87,40.54
18864,26.17,78.87,40.56
131905,26.18,78.88,40.54
238538,26.21,78.88,40.54
46937,26.18,78.88,40.56
109213,26.21,78.88,40.56
122620,26.17,78.87,40.5
114317,26.17,78.87,40.52
208027,26.18,78.88,40.5
343141,26.21,78.88,40.5
196202,26.18,78.88,40.52
327838,26.21,78.88,40.52
186879,26.19,78.86,40.47
51096,26.19,78.86,40.43
518,26.19,78.8,40.35
369,26.22,78.83,40.35
8277,26.22,78.83,40.39
1630,26.21,78.77,40.31
394,26.24,78.8,40.31
331382,26.22,78.87,40.5
317371,26.22,78.87,40.52
324843,26.24,78.88,40.52
339500,26.24,78.88,40.5
244421,26.22,78.87,40.54
127560,26.22,78.87,40.56
105224,26.24,78.88,40.56
236935,26.24,78.88,40.54
64416,26.25,78.89,40.56
182045,26.25,78.89,40.54
17987,26.27,78.9,40.56
85721,26.27,78.9,40.54
274277,26.25,78.89,40.52
289305,26.25,78.89,40.5
153251,26.27,78.9,40.52
164412,26.27,78.9,40.5
289299,26.22,78.87,40.48
200794,26.22,78.87,40.46
282557,26.24,78.88,40.48
181471,26.24,78.88,40.46
98545,26.22,78.87,40.44
26987,26.22,78.87,40.42
20134,26.24,78.88,40.42
77700,26.24,78.88,40.44
224679,26.25,78.89,40.48
123424,26.25,78.89,40.46
111939,26.27,78.9,40.48
2522,26.3,78.9,40.48
46885,26.27,78.9,40.46
1453,26.3,78.9,40.46
12397,26.25,78.89,40.42
43568,26.25,78.89,40.44
12492,26.27,78.9,40.44
763,26.3,78.9,40.44
4884,26.27,78.9,40.42
442,26.3,78.9,40.42
3,26.27,78.93,40.67
3,26.28,78.94,40.65
4,26.3,78.93,40.63
7,26.28,78.92,40.64
3,26.27,78.93,40.65
4,26.31,78.94,40.63
56,26.3,78.9,40.62
16,26.31,78.91,40.62
2,26.34,78.94,40.61
2,26.34,78.93,40.63
5,26.33,78.93,40.62
197,26.3,78.9,40.6
844,26.3,78.9,40.58
24,26.31,78.91,40.6
74,26.31,78.91,40.58
3,26.34,78.94,40.6
7,26.33,78.93,40.6
3,26.34,78.94,40.58
9,26.33,78.93,40.58
5469,26.3,78.9,40.54
2503,26.3,78.9,40.56
151,26.31,78.91,40.56
258,26.31,78.91,40.54
3,26.34,78.94,40.56
13,26.33,78.93,40.56
3,26.34,78.94,40.54
15,26.33,78.93,40.54
4846,26.3,78.9,40.52
4646,26.3,78.9,40.5
257,26.31,78.91,40.52
224,26.31,78.91,40.5
2,26.34,78.94,40.52
2,26.34,78.94,40.5
15,26.33,78.93,40.52
13,26.33,78.93,40.5
2,26.35,78.94,40.59
2,26.35,78.94,40.57
3,26.32,78.9,40.38
80,26.31,78.89,40.4
18,26.32,78.9,40.4
2,26.34,78.91,40.38
3,26.34,78.91,40.4
197,26.25,78.85,40.35
5621,26.25,78.85,40.39
921,26.28,78.88,40.39
25,26.28,78.88,40.35
1704,26.31,78.89,40.48
1375,26.31,78.89,40.46
213,26.32,78.9,40.46
246,26.32,78.9,40.48
812,26.31,78.89,40.44
551,26.31,78.89,40.42
83,26.32,78.9,40.42
119,26.32,78.9,40.44
2,26.35,78.92,40.46
14,26.34,78.91,40.46
2,26.35,78.92,40.48
16,26.34,78.91,40.48
7,26.34,78.91,40.42
2,26.35,78.92,40.44
10,26.34,78.91,40.44
3076,26.16,78.78,40.24
5611,26.13,78.76,40.24
5994,26.02,78.71,40.26
7183,26.07,78.73,40.25
5,26.28,78.89,40.23
8,26.3,78.85,40.29
44,26.28,78.84,40.23
90,26.27,78.82,40.31
12,26.3,78.85,40.31
752,26.24,78.8,40.24
2308,26.21,78.78,40.24
2,26.15,78.9,40.73
2,26.22,78.9,40.78
2,26.17,78.9,40.78
2,26.06,78.9,40.74
2,26.11,78.9,40.75
2929,25.9,78.96,40.39
3032,25.92,78.92,40.38
3105,25.92,78.93,40.35
3312,25.95,78.9,40.35
3179,25.95,78.9,40.39
2795,25.89,78.91,40.28
3099,25.92,78.88,40.28
2723,25.89,78.91,40.31
2984,25.92,78.88,40.31
2596,25.86,78.88,40.23
3538,25.97,78.87,40.35
3755,26,78.84,40.35
3310,25.97,78.88,40.39
3416,26,78.84,40.39
3318,25.94,78.85,40.31
3661,25.97,78.82,40.31
3410,25.91,78.81,40.24
2888,25.92,78.97,40.51
2899,25.95,78.9,40.5
2804,25.93,78.97,40.54
2890,25.92,78.9,40.48
2985,25.95,78.89,40.47
2990,25.92,78.95,40.44
3077,25.95,78.89,40.43
2853,25.9,78.96,40.43
2384,25.87,78.96,40.47
2695,25.89,78.91,40.47
2601,25.96,78.9,40.55
2487,26.01,78.89,40.55
2064,26.03,78.87,40.55
2813,25.96,78.9,40.52
2790,26.01,78.9,40.51
2583,26.03,78.87,40.51
2963,25.97,78.87,40.47
3132,25.97,78.88,40.43
2820,26,78.84,40.47
3115,26,78.84,40.43
2598,25.93,78.97,40.58
12,25.98,78.97,40.7
98,25.98,78.97,40.66
110,26.01,78.9,40.66
3,25.99,78.97,40.71
7,26.02,78.9,40.7
32,26.02,78.9,40.67
1618,26.01,78.89,40.59
2453,25.94,78.97,40.59
2011,25.96,78.9,40.59
1166,25.94,78.97,40.62
783,25.97,78.9,40.63
520,26.01,78.89,40.62
313,26.03,78.87,40.63
1122,26.03,78.87,40.59
2,26.03,78.9,40.74
4288,26.05,78.78,40.35
3584,26.05,78.78,40.39
4011,26.02,78.81,40.35
3498,26.02,78.81,40.39
4704,26.02,78.76,40.32
4110,25.99,78.79,40.32
4422,25.96,78.74,40.25
1431,26.05,78.84,40.55
2225,26.05,78.84,40.51
2575,26.02,78.81,40.47
3036,26.02,78.81,40.43
2027,25.81,78.94,40.22
1419,25.71,78.97,40.26
1837,25.81,78.97,40.35
2468,25.87,78.93,40.35
2454,25.87,78.92,40.39
1968,25.81,78.91,40.3
1157,25.83,78.95,40.5
2427,25.87,78.92,40.42
1602,25.83,78.96,40.44
3934,26.02,78.71,40.33
7,26.06,78.88,40.7
4,26.11,78.89,40.7
43,26.06,78.89,40.66
17,26.11,78.89,40.66
5,26.16,78.89,40.67
10,26.16,78.89,40.65
608,26.05,78.84,40.59
159,26.05,78.84,40.63
167,26.08,78.86,40.63
49,26.14,78.86,40.63
701,26.08,78.86,40.59
425,26.14,78.86,40.59
3203,26.08,78.81,40.47
3368,26.1,78.78,40.39
3226,26.08,78.81,40.43
1778,26.13,78.81,40.39
2977,26.11,78.84,40.43
8100,26.19,78.8,40.39
32684,26.16,78.83,40.43
5470,26.11,78.84,40.47
106147,26.16,78.83,40.47
4135,26.13,78.75,40.35
1185,26.16,78.78,40.35
3391,26.18,78.75,40.32
5852,26.16,78.72,40.32
2884,26.05,78.78,40.43
2212,26.05,78.78,40.47
9646,26.12,78.7,40.33
4275,26.07,78.73,40.37
1765,26.08,78.81,40.51
765,26.08,78.81,40.55
4866,26.11,78.84,40.51
1513,26.11,78.84,40.55
2,26.17,78.88,40.74
3,26.17,78.88,40.7
4,26.17,78.87,40.67
11,26.17,78.87,40.65
4,26.18,78.88,40.67
4,26.21,78.88,40.67
8,26.18,78.88,40.65
11,26.21,78.88,40.65
3,26.22,78.88,40.74
2,26.25,78.88,40.77
2,26.28,78.91,40.75
2,26.25,78.89,40.74
4,26.22,78.88,40.7
5,26.22,78.87,40.67
16,26.22,78.87,40.65
4,26.24,78.88,40.67
12,26.24,78.88,40.65
3,26.25,78.9,40.7
4,26.25,78.89,40.67
3,26.27,78.9,40.67
8,26.25,78.89,40.65
6,26.27,78.9,40.65
256,26.19,78.86,40.63
10745,26.19,78.86,40.59
448,26.25,78.85,40.63
16373,26.25,78.85,40.59
135,26.28,78.88,40.63
3715,26.28,78.88,40.59
131686,26.16,78.83,40.51
73476,26.16,78.83,40.55
145172,26.19,78.86,40.55
247220,26.19,78.86,40.51
214662,26.22,78.83,40.47
98074,26.22,78.83,40.43
2038,26.21,78.77,40.35
1469,26.24,78.8,40.35
30646,26.24,78.8,40.39
6009,26.24,78.74,40.32
2229,26.27,78.77,40.32
253115,26.25,78.85,40.51
148344,26.25,78.85,40.55
61471,26.28,78.88,40.55
125892,26.28,78.88,40.51
200372,26.25,78.85,40.47
77565,26.25,78.85,40.43
88856,26.28,78.88,40.47
24623,26.28,78.88,40.43
2,26.28,78.91,40.69
2,26.3,78.92,40.67
3,26.28,78.92,40.67
6,26.31,78.91,40.64
4,26.3,78.93,40.65
16,26.3,78.9,40.64
5,26.28,78.92,40.66
3,26.33,78.93,40.64
4,26.31,78.93,40.65
14,26.31,78.89,40.64
5,26.32,78.9,40.64
53,26.31,78.89,40.62
14,26.32,78.9,40.62
3,26.34,78.91,40.64
2,26.35,78.92,40.62
5,26.34,78.91,40.62
146,26.31,78.89,40.6
646,26.31,78.89,40.58
25,26.32,78.9,40.6
65,26.32,78.9,40.58
2,26.35,78.92,40.6
6,26.34,78.91,40.6
2,26.35,78.92,40.58
8,26.34,78.91,40.58
3571,26.31,78.89,40.54
2022,26.31,78.89,40.56
194,26.32,78.9,40.56
288,26.32,78.9,40.54
2,26.35,78.92,40.56
15,26.34,78.91,40.56
2,26.35,78.92,40.54
19,26.34,78.91,40.54
2722,26.31,78.89,40.52
2806,26.31,78.89,40.5
314,26.32,78.9,40.52
301,26.32,78.9,40.5
2,26.35,78.92,40.52
3,26.35,78.92,40.5
20,26.34,78.91,40.52
19,26.34,78.91,40.5
4,26.33,78.87,40.35
44,26.33,78.87,40.39
3,26.36,78.9,40.39
4,26.36,78.84,40.31
695,26.27,78.82,40.35
14307,26.27,78.82,40.39
1525,26.3,78.85,40.39
66,26.3,78.85,40.35
789,26.33,78.87,40.47
383,26.33,78.87,40.43
11,26.36,78.9,40.47
8,26.36,78.9,40.43
2,20.4,87.62,49.74
2,20.65,87.83,49.74
2,20.82,87.39,49.94
2,19.48,87.01,49.35
2,19.84,86.55,49.74
2,20.22,86.07,49.93
4374,26.18,78.75,40.24
7700,26.15,78.72,40.25
6513,26.01,78.67,40.27
10267,26.12,78.7,40.26
3,26.36,78.84,40.24
12,26.3,78.86,40.23
110,26.27,78.82,40.24
254,26.3,78.79,40.31
60,26.33,78.82,40.31
1497,26.27,78.77,40.24
3524,26.24,78.75,40.24
3,26.06,78.88,40.73
2,26.12,78.88,40.74
2,26.19,78.9,40.79
2,26.23,78.87,40.78
2,26.17,78.87,40.77
2,26.23,78.9,40.81
2,26.14,78.9,40.79
2,26.08,78.9,40.75
2,26.12,78.9,40.78
2670,25.89,78.91,40.35
2836,25.92,78.88,40.35
2645,25.89,78.91,40.39
2772,25.92,78.88,40.39
2354,25.86,78.86,40.31
1978,25.8,78.82,40.24
3040,25.94,78.85,40.35
3219,25.97,78.82,40.35
2849,25.94,78.85,40.39
2894,25.97,78.82,40.39
2875,25.91,78.8,40.32
2917,25.85,78.76,40.25
2024,25.87,78.96,40.53
2749,25.92,78.91,40.51
2848,25.95,78.89,40.5
2549,25.92,78.9,40.55
2398,25.87,78.91,40.48
2594,25.89,78.89,40.46
2597,25.89,78.9,40.43
2744,25.92,78.88,40.47
2760,25.92,78.88,40.43
2356,25.97,78.87,40.55
1913,26,78.84,40.55
2730,25.97,78.87,40.51
2442,26,78.84,40.51
2709,25.94,78.85,40.47
2784,25.94,78.85,40.43
2549,25.97,78.82,40.47
2727,25.97,78.82,40.43
2121,25.92,78.9,40.58
1694,25.88,78.97,40.6
35,25.95,78.97,40.7
28,25.98,78.89,40.7
173,25.94,78.97,40.66
123,25.98,78.9,40.67
125,26.01,78.88,40.66
10,25.99,78.9,40.71
9,26.03,78.87,40.7
54,26.03,78.87,40.66
1896,25.94,78.9,40.59
1623,25.98,78.87,40.59
950,25.93,78.89,40.63
602,25.98,78.87,40.62
361,26,78.84,40.63
1100,26,78.84,40.59
2,26.03,78.86,40.74
2,25.96,78.97,40.74
2,25.99,78.89,40.74
3656,26.02,78.76,40.35
2820,26.02,78.76,40.39
3439,25.99,78.79,40.35
2895,25.99,78.79,40.39
3485,25.96,78.75,40.33
4034,25.9,78.71,40.26
1358,26.02,78.81,40.55
2024,26.02,78.81,40.51
1757,26.02,78.76,40.47
2220,26.02,78.76,40.43
2284,25.99,78.79,40.47
2584,25.99,78.79,40.43
1319,25.7,78.95,40.23
1478,25.75,78.9,40.23
344,25.72,78.97,40.33
798,25.64,78.96,40.26
1256,25.7,78.91,40.3
1867,25.81,78.91,40.37
1422,25.75,78.87,40.31
5,25.75,78.99,40.48
55,25.76,78.96,40.49
156,25.76,78.96,40.43
35,25.72,78.96,40.38
287,25.8,78.96,40.51
859,25.81,78.9,40.53
471,25.79,78.96,40.45
1690,25.81,78.9,40.44
309,25.81,78.97,40.58
2,25.76,79.02,40.58
6213,25.95,78.63,40.28
2124,26.01,78.68,40.38
9064,26,78.59,40.29
186,26.02,78.81,40.63
624,26.02,78.81,40.59
3,26.14,78.86,40.74
7,26.05,78.84,40.7
32,26.05,78.84,40.66
6,26.08,78.86,40.7
4,26.14,78.86,40.7
26,26.08,78.86,40.66
11,26.14,78.86,40.66
280,26.08,78.81,40.59
74,26.08,78.81,40.63
66,26.11,78.84,40.63
149,26.16,78.83,40.63
268,26.11,78.84,40.59
3082,26.16,78.83,40.59
784,26.05,78.78,40.55
1486,26.05,78.78,40.51
11810,26.1,78.78,40.47
5226,26.13,78.75,40.39
4776,26.1,78.78,40.43
5730,26.16,78.78,40.39
12392,26.13,78.81,40.43
37323,26.21,78.77,40.39
83483,26.19,78.8,40.43
45193,26.13,78.81,40.47
175618,26.19,78.8,40.47
5157,26.15,78.72,40.35
3004,26.18,78.75,40.35
9752,26.21,78.72,40.32
11663,26.18,78.7,40.33
5926,26.07,78.73,40.45
24373,26.12,78.67,40.38
7985,26.1,78.78,40.51
1230,26.1,78.78,40.55
51971,26.13,78.81,40.51
17374,26.13,78.81,40.55
3,26.19,78.86,40.74
4,26.19,78.86,40.7
14,26.19,78.86,40.66
3,26.25,78.85,40.74
2,26.28,78.87,40.78
3,26.28,78.88,40.74
5,26.25,78.85,40.7
22,26.25,78.85,40.66
4,26.28,78.88,40.7
11,26.28,78.88,40.66
846,26.22,78.83,40.63
21794,26.22,78.83,40.59
464,26.27,78.82,40.63
7990,26.27,78.82,40.59
90,26.3,78.85,40.63
1195,26.3,78.85,40.59
201002,26.19,78.8,40.51
128075,26.19,78.8,40.55
165411,26.22,78.83,40.55
251250,26.22,78.83,40.51
197005,26.24,78.8,40.47
115276,26.24,78.8,40.43
65092,26.24,78.74,40.39
11609,26.24,78.74,40.35
4919,26.27,78.77,40.35
38849,26.27,78.77,40.39
14611,26.29,78.72,40.32
166226,26.27,78.82,40.51
96174,26.27,78.82,40.55
21306,26.3,78.85,40.55
53785,26.3,78.85,40.51
143134,26.27,78.82,40.47
70259,26.27,78.82,40.43
44895,26.3,78.85,40.47
16311,26.3,78.85,40.43
2,26.31,78.88,40.77
2,26.31,78.89,40.74
2,26.31,78.9,40.7
2,26.34,78.91,40.69
4,26.31,78.9,40.66
2,26.33,78.91,40.66
12,26.33,78.87,40.63
2,26.36,78.9,40.63
99,26.33,78.87,40.59
4,26.36,78.9,40.59
719,26.33,78.87,40.55
10,26.36,78.9,40.55
948,26.33,78.87,40.51
13,26.36,78.9,40.51
9,26.36,78.84,40.35
35,26.36,78.84,40.39
2,26.39,78.87,40.39
7,26.38,78.81,40.31
1379,26.3,78.79,40.35
10904,26.3,78.79,40.39
749,26.33,78.82,40.39
276,26.33,78.82,40.35
145,26.36,78.84,40.47
140,26.36,78.84,40.43
3,26.39,78.87,40.47
4,26.39,78.87,40.43
2,21.34,87.82,49.94
2,19.96,87.41,49.35
2,20.34,86.95,49.74
2,20.73,86.48,49.94
2,20.42,87.6,49.24
2,20.65,87.8,49.24
2,20.42,87.6,49.51
2,20.65,87.8,49.51
2,20.83,87.36,49.74
2,21.23,86.89,49.94
2,19,86.61,48.77
2,19.4,86.13,49.34
2,20.13,85.38,49.92
2,19.76,85.66,49.72
2,20.12,85.08,49.91
2,18.92,85.73,48.77
3,19.32,85.26,49.33
2,19.67,84.79,49.7
2,20.05,84.28,49.89
2,19.25,84.37,49.32
2,19.61,83.88,49.68
2,19.48,87.01,48.77
3,19.88,86.53,49.35
3,20.26,86.06,49.73
2,20.64,85.6,49.93
2,20.61,85.22,49.92
12,25.75,78.99,40.43
3,25.72,78.98,40.4
2,25.75,79.03,40.5
2,25.61,78.96,40.38
466,25.6,78.96,40.26
48,25.6,78.96,40.32
757,25.59,78.95,40.23
2,25.54,78.97,40.37
56,25.54,78.97,40.3
469,25.53,78.96,40.25
7128,26.21,78.72,40.25
11217,26.18,78.69,40.25
12469,26.06,78.62,40.28
15732,26.12,78.66,40.27
4,26.38,78.82,40.24
25,26.33,78.83,40.24
149,26.3,78.8,40.24
344,26.35,78.76,40.32
3871,26.29,78.71,40.25
2,26.05,78.84,40.74
2,26.08,78.86,40.74
2,26.12,78.87,40.77
2,26.19,78.89,40.82
3,26.19,78.86,40.78
3,26.25,78.85,40.78
2,26.23,78.86,40.81
2,26.14,78.86,40.78
2,26.2,78.88,40.85
2,26.14,78.89,40.82
2106,25.86,78.86,40.37
1710,25.8,78.81,40.32
1244,25.74,78.77,40.25
2188,25.91,78.8,40.37
2234,25.85,78.76,40.32
1999,25.79,78.72,40.25
1827,25.86,78.9,40.54
2369,25.92,78.87,40.54
2639,25.92,78.87,40.51
2079,25.86,78.86,40.45
2214,25.94,78.85,40.55
1815,25.97,78.82,40.55
2541,25.94,78.85,40.51
2269,25.97,78.82,40.51
2102,25.91,78.8,40.45
535,25.89,78.97,40.68
1918,25.92,78.86,40.58
782,25.84,78.97,40.61
1253,25.87,78.89,40.61
162,25.92,78.97,40.7
53,25.95,78.89,40.7
32,25.98,78.86,40.69
205,25.94,78.89,40.66
125,25.98,78.86,40.66
12,26,78.84,40.7
73,26,78.85,40.66
698,25.94,78.85,40.63
1567,25.94,78.85,40.59
436,25.97,78.82,40.63
1108,25.97,78.82,40.59
26,25.89,78.97,40.75
2,25.92,78.97,40.77
2,26,78.84,40.74
5,25.95,78.88,40.74
3018,25.9,78.72,40.33
2297,25.96,78.74,40.37
4361,25.9,78.67,40.27
2253,25.95,78.64,40.39
1289,26.02,78.76,40.51
715,26.02,78.76,40.55
1313,25.99,78.79,40.55
1882,25.99,78.79,40.51
1837,25.96,78.74,40.45
1049,25.64,78.91,40.23
973,25.69,78.84,40.24
95,25.65,78.96,40.32
390,25.7,78.91,40.37
776,25.64,78.88,40.31
1105,25.75,78.87,40.37
938,25.69,78.82,40.32
6,25.75,78.98,40.51
3,25.69,78.95,40.53
11,25.72,78.91,40.53
22,25.76,78.97,40.51
30,25.7,78.9,40.45
6,25.66,78.96,40.38
191,25.76,78.9,40.54
1158,25.81,78.89,40.51
525,25.75,78.87,40.45
6,25.76,78.99,40.57
22,25.77,78.97,40.57
121,25.77,78.9,40.6
45,25.79,78.97,40.59
83,25.82,78.97,40.66
5822,25.89,78.58,40.29
239,25.99,78.79,40.63
664,25.99,78.79,40.59
2363,26,78.59,40.4
1354,26.01,78.68,40.45
12391,26.06,78.63,40.39
11283,26,78.55,40.3
8,26.02,78.81,40.7
40,26.02,78.81,40.66
364,26.02,78.76,40.59
113,26.02,78.76,40.63
81,26.05,78.78,40.63
324,26.05,78.78,40.59
2,26.02,78.81,40.74
3,26.08,78.81,40.74
3,26.11,78.84,40.74
4,26.16,78.83,40.74
6,26.08,78.81,40.7
19,26.08,78.81,40.66
5,26.11,78.84,40.7
4,26.16,78.83,40.7
16,26.11,78.84,40.66
17,26.16,78.83,40.66
160,26.1,78.78,40.59
57,26.1,78.78,40.63
86,26.13,78.81,40.63
1124,26.19,78.8,40.63
695,26.13,78.81,40.59
17496,26.19,78.8,40.59
3179,26.07,78.73,40.53
58592,26.13,78.75,40.47
22345,26.15,78.72,40.39
19150,26.13,78.75,40.43
32895,26.18,78.75,40.39
52233,26.16,78.78,40.43
126862,26.21,78.77,40.43
116817,26.16,78.78,40.47
194733,26.21,78.77,40.47
35132,26.23,78.69,40.33
61439,26.18,78.69,40.39
72599,26.21,78.72,40.39
17820,26.18,78.69,40.35
17208,26.21,78.72,40.35
70000,26.12,78.67,40.45
77219,26.17,78.61,40.39
56803,26.13,78.75,40.51
14697,26.13,78.75,40.55
126291,26.16,78.78,40.51
70387,26.16,78.78,40.55
2,26.28,78.86,40.81
5,26.22,78.83,40.74
6,26.22,78.83,40.7
46,26.22,78.83,40.66
4,26.27,78.82,40.74
2,26.3,78.84,40.78
3,26.3,78.85,40.74
5,26.27,78.82,40.7
32,26.27,78.82,40.66
3,26.3,78.85,40.7
10,26.3,78.85,40.66
1558,26.24,78.8,40.63
24085,26.24,78.8,40.59
305,26.3,78.79,40.63
2642,26.3,78.79,40.59
29,26.33,78.82,40.63
150,26.33,78.82,40.59
212221,26.21,78.77,40.51
146131,26.21,78.77,40.55
144162,26.24,78.8,40.55
219930,26.24,78.8,40.51
187089,26.24,78.74,40.47
140879,26.24,78.74,40.43
162437,26.27,78.77,40.47
107275,26.27,78.77,40.43
12635,26.34,78.68,40.33
44049,26.29,78.71,40.37
95499,26.3,78.79,40.51
51256,26.3,78.79,40.55
2509,26.33,78.82,40.55
4328,26.33,78.82,40.51
88045,26.3,78.79,40.47
47751,26.3,78.79,40.43
5689,26.33,78.82,40.47
3928,26.33,78.82,40.43
2,26.33,78.87,40.74
2,26.33,78.87,40.7
3,26.33,78.87,40.66
2,26.36,78.84,40.63
6,26.36,78.84,40.59
47,26.36,78.84,40.55
84,26.36,78.84,40.51
2,26.39,78.87,40.51
19,26.38,78.81,40.35
71,26.38,78.81,40.39
3,26.41,78.84,40.39
7,26.41,78.78,40.32
2067,26.35,78.76,40.37
219,26.38,78.81,40.47
258,26.38,78.81,40.43
5,26.41,78.84,40.47
7,26.41,78.84,40.43
2,21.75,87.32,49.94
2,20.89,88,49.51
2,21.32,87.77,49.74
2,22.27,87.76,49.95
2,21.82,88.18,49.75
2,19.96,87.41,48.77
3,20.36,86.94,49.35
3,20.75,86.47,49.74
3,21.14,85.99,49.94
2,20.42,87.6,48.61
2,20.42,87.6,48.93
2,20.84,87.34,49.35
3,21.24,86.87,49.74
3,21.64,86.4,49.94
2,19,86.61,48.15
4,19.4,86.13,48.77
4,19.8,85.66,49.34
3,20.18,85.38,49.72
3,20.17,85.08,49.71
2,20.55,84.69,49.9
4,18.92,85.73,48.15
5,19.32,85.25,48.77
4,19.72,84.78,49.33
3,20.1,84.29,49.69
2,20.47,83.79,49.88
2,18.83,84.85,48.77
3,19.25,84.37,48.77
3,19.65,83.89,49.32
3,20.02,83.4,49.68
2,20.37,82.89,49.88
2,19.57,83.01,49.32
2,19.92,82.51,49.68
3,19.48,87.01,48.15
5,19.88,86.53,48.77
5,20.28,86.06,49.35
4,20.67,85.6,49.73
3,21.06,85.36,49.93
4,20.64,85.22,49.72
3,21.05,85.03,49.92
2,25.68,78.94,40.46
398,25.59,78.9,40.31
34,25.59,78.9,40.37
594,25.53,78.93,40.24
238,25.51,78.91,40.3
36,25.51,78.91,40.35
34,25.4,78.98,40.3
15757,26.23,78.68,40.26
41161,26.11,78.56,40.29
42102,26.17,78.61,40.27
5,26.41,78.79,40.24
4033,26.34,78.67,40.26
124,26.35,78.77,40.24
335,26.4,78.71,40.33
2,26.16,78.89,40.83
3,26.16,78.83,40.78
2,26.09,78.86,40.78
2,26.11,78.84,40.78
2,26.08,78.81,40.78
3,26.27,78.82,40.78
2,26.2,78.85,40.82
3,26.22,78.83,40.78
2,26.25,78.85,40.82
2,26.14,78.85,40.82
2,26.19,78.84,40.85
2,26.16,78.88,40.86
1457,25.8,78.81,40.37
1099,25.74,78.76,40.32
711,25.68,78.74,40.25
1609,25.79,78.72,40.33
1564,25.85,78.75,40.37
2094,25.79,78.68,40.26
1858,25.86,78.85,40.53
1114,25.8,78.81,40.45
1863,25.91,78.8,40.53
1370,25.85,78.75,40.45
290,25.85,78.97,40.68
269,25.88,78.88,40.68
346,25.82,78.89,40.62
1204,25.86,78.84,40.6
132,25.91,78.88,40.7
47,25.95,78.84,40.7
178,25.95,78.84,40.66
25,25.97,78.82,40.7
112,25.97,78.82,40.66
989,25.91,78.8,40.61
14,25.87,78.87,40.75
21,25.86,78.96,40.76
3,25.91,78.87,40.77
6,25.95,78.84,40.74
4,25.97,78.82,40.74
2044,25.9,78.69,40.38
3513,25.84,78.64,40.27
4304,25.83,78.55,40.29
2675,25.89,78.59,40.4
1090,25.95,78.63,40.45
1270,25.96,78.74,40.53
1371,25.9,78.69,40.45
678,25.58,78.86,40.25
656,25.63,78.79,40.25
373,25.59,78.84,40.32
160,25.64,78.87,40.37
470,25.64,78.78,40.33
577,25.69,78.82,40.37
3,25.69,78.92,40.55
9,25.7,78.89,40.51
8,25.7,78.9,40.55
10,25.64,78.87,40.45
227,25.75,78.86,40.53
138,25.69,78.82,40.45
2,25.68,78.93,40.6
4,25.77,78.97,40.63
5,25.7,78.9,40.59
67,25.75,78.84,40.6
12,25.73,78.89,40.61
25,25.77,78.88,40.67
8,25.79,78.97,40.67
2,25.8,78.96,40.74
10634,25.94,78.52,40.3
3,25.99,78.79,40.74
15,25.99,78.79,40.7
61,25.99,78.79,40.66
444,25.96,78.74,40.61
1344,26,78.57,40.45
608,26.01,78.68,40.53
19428,26.06,78.62,40.45
62293,26.12,78.57,40.4
31102,26.05,78.51,40.31
10,26.02,78.76,40.7
37,26.02,78.76,40.66
6,26.05,78.78,40.7
24,26.05,78.78,40.66
152,26.07,78.73,40.61
3,26.02,78.76,40.74
2,26.05,78.78,40.78
3,26.05,78.78,40.74
3,26.1,78.78,40.74
3,26.19,78.8,40.78
4,26.13,78.81,40.74
6,26.19,78.8,40.74
3,26.1,78.78,40.7
20,26.1,78.78,40.66
2,26.13,78.81,40.7
4,26.19,78.8,40.7
19,26.13,78.81,40.66
79,26.19,78.8,40.66
1004,26.13,78.75,40.59
645,26.13,78.75,40.63
1065,26.16,78.78,40.63
3340,26.21,78.77,40.63
6381,26.16,78.78,40.59
29151,26.21,78.77,40.59
55684,26.12,78.67,40.53
130163,26.18,78.72,40.45
76706,26.23,78.66,40.37
114652,26.17,78.61,40.45
105166,26.22,78.56,40.4
130433,26.18,78.72,40.53
2,26.3,78.84,40.82
6,26.24,78.8,40.74
9,26.24,78.8,40.7
92,26.24,78.8,40.66
2,26.3,78.79,40.78
3,26.3,78.79,40.74
2,26.33,78.82,40.74
26,26.3,78.79,40.66
2,26.33,78.82,40.7
5,26.33,78.82,40.66
35453,26.24,78.74,40.59
3284,26.24,78.74,40.63
1747,26.27,78.77,40.63
18698,26.27,78.77,40.59
178,26.32,78.76,40.63
360,26.32,78.76,40.59
6,26.35,78.79,40.63
13,26.35,78.79,40.59
195684,26.24,78.74,40.51
137847,26.24,78.74,40.55
106950,26.27,78.77,40.55
169042,26.27,78.77,40.51
106133,26.29,78.71,40.45
27778,26.34,78.65,40.38
35282,26.32,78.76,40.51
7187,26.32,78.76,40.55
168,26.35,78.79,40.55
591,26.35,78.79,40.51
10807,26.35,78.76,40.45
4,26.38,78.81,40.55
12,26.38,78.81,40.51
14,26.41,78.78,40.35
45,26.41,78.78,40.39
2,26.44,78.81,40.39
3,26.46,78.76,40.32
442,26.4,78.7,40.37
125,26.41,78.78,40.47
126,26.41,78.78,40.43
2,26.44,78.81,40.47
3,26.44,78.81,40.43
16,24.79,88.07,49.94
15,24.98,87.93,49.94
14,25.16,87.66,49.94
2,22.86,88.24,49.95
2,22.31,88.38,49.75
2,23.07,87.89,49.96
2,23.28,87.68,49.96
3,22.15,86.83,49.94
2,21.73,87.28,49.74
2,21.31,87.74,49.35
3,22.67,87.27,49.95
2,22.22,87.7,49.76
2,19.96,87.41,48.15
4,20.36,86.94,48.77
4,20.76,86.46,49.35
4,21.15,85.98,49.74
3,21.55,85.54,49.94
3,21.53,85.2,49.94
2,20.84,87.34,48.77
3,21.24,86.86,49.35
3,21.64,86.39,49.74
3,22.05,85.92,49.94
2,21.2,81.91,49.88
2,20.75,81.54,49.68
3,19,86.61,47.52
6,19.4,86.13,48.15
8,19.8,85.65,48.77
6,20.2,85.18,49.34
4,20.58,84.69,49.7
3,20.97,84.2,49.88
4,18.92,85.73,47.52
7,19.32,85.25,48.15
7,19.72,84.77,48.77
6,20.13,84.3,49.32
4,20.51,83.81,49.68
2,20.88,83.31,49.88
2,18.83,84.85,48.15
3,19.25,84.37,48.15
4,19.65,83.89,48.77
4,20.05,83.41,49.32
3,20.42,82.92,49.68
2,20.79,82.4,49.88
2,19.57,83.01,48.77
2,19.97,82.53,49.32
2,20.34,82.03,49.68
3,19.48,87.01,47.52
7,19.88,86.53,48.15
8,20.28,86.05,48.77
7,20.68,85.58,49.34
5,21.08,85.35,49.73
5,21.07,85.03,49.72
3,21.46,84.61,49.9
15,25.39,87.89,49.94
15,24.79,88.12,49.8
15,25.21,88.05,49.94
14,24.99,88.12,49.8
14,25.41,88.12,49.85
15,25.62,88.04,49.94
210,25.54,78.88,40.32
25,25.53,78.87,40.37
151,25.42,78.87,40.25
23,25.39,78.91,40.37
4,25.21,78.98,40.29
33135,26.23,78.64,40.26
6199,26.34,78.63,40.27
65068,26.17,78.52,40.3
62085,26.22,78.55,40.29
3,26.46,78.76,40.25
131,26.4,78.71,40.25
2,26.1,78.78,40.78
3,26.13,78.81,40.78
2,26.16,78.83,40.82
2,26.09,78.82,40.83
3,26.19,78.8,40.82
2,26.27,78.82,40.82
3,26.24,78.8,40.78
3,26.22,78.83,40.82
2,26.25,78.84,40.85
2,26.27,78.82,40.86
3,26.19,78.8,40.86
2,26.22,78.82,40.86
2,26.16,78.83,40.86
551,25.68,78.73,40.33
888,25.74,78.76,40.37
709,25.68,78.7,40.26
1270,25.73,78.65,40.27
1158,25.79,78.7,40.37
804,25.8,78.81,40.53
444,25.74,78.76,40.45
1140,25.85,78.75,40.53
730,25.79,78.7,40.45
75,25.81,78.87,40.69
270,25.86,78.83,40.68
374,25.8,78.81,40.61
140,25.91,78.8,40.68
542,25.85,78.75,40.61
19,25.86,78.81,40.74
5,25.82,78.86,40.76
5,25.91,78.79,40.76
2454,25.78,78.59,40.28
1810,25.84,78.64,40.38
4848,25.83,78.51,40.3
2205,25.83,78.55,40.4
1086,25.89,78.58,40.45
622,25.95,78.63,40.53
1039,25.9,78.69,40.53
934,25.84,78.64,40.45
403,25.9,78.69,40.61
138,25.4,78.63,40.28
290,25.52,78.74,40.26
81,25.58,78.83,40.37
240,25.63,78.77,40.37
5,25.66,78.86,40.53
6,25.58,78.83,40.45
58,25.69,78.82,40.53
38,25.63,78.77,40.45
7,25.75,78.82,40.66
11,25.69,78.81,40.6
3,25.73,78.87,40.68
1180,25.94,78.52,40.46
9043,25.88,78.47,40.31
21648,25.99,78.46,40.32
182,25.95,78.63,40.61
3,25.96,78.74,40.76
132,26.01,78.68,40.61
56,25.96,78.74,40.68
503,26,78.57,40.53
21625,26.05,78.51,40.46
8090,26.06,78.62,40.53
101285,26.17,78.53,40.41
65847,26.11,78.56,40.45
59313,26.1,78.45,40.32
1210,26.12,78.67,40.61
16,26.07,78.73,40.68
3,26.07,78.73,40.76
3,26.13,78.75,40.78
5,26.13,78.75,40.74
3,26.16,78.78,40.78
4,26.21,78.77,40.78
7,26.16,78.78,40.74
12,26.21,78.77,40.74
86,26.13,78.75,40.66
16,26.21,78.77,40.7
110,26.16,78.78,40.66
245,26.21,78.77,40.66
9852,26.18,78.72,40.61
94194,26.17,78.61,40.53
136790,26.23,78.66,40.45
80866,26.28,78.6,40.38
103760,26.28,78.52,40.41
121440,26.22,78.55,40.45
125789,26.23,78.66,40.53
2,26.3,78.79,40.82
3,26.24,78.74,40.78
11,26.24,78.74,40.74
3,26.27,78.77,40.78
6,26.27,78.77,40.74
4,26.24,78.74,40.7
233,26.24,78.74,40.66
3,26.27,78.77,40.7
104,26.27,78.77,40.66
2,26.32,78.76,40.74
24,26.32,78.76,40.66
2,26.35,78.79,40.66
5005,26.29,78.71,40.61
134,26.35,78.73,40.59
3,26.38,78.76,40.59
96347,26.29,78.71,40.53
51477,26.34,78.65,40.45
4630,26.39,78.6,40.39
1694,26.35,78.73,40.51
577,26.35,78.73,40.55
14,26.38,78.76,40.55
568,26.4,78.7,40.45
2,26.41,78.78,40.55
5,26.41,78.78,40.51
6,26.46,78.75,40.37
93,26.45,78.64,40.38
5,26.46,78.75,40.45
13,25.27,86.85,49.94
13,25.09,87.13,49.94
13,25.52,87.08,49.94
13,25.34,87.37,49.94
14,24.78,86.4,49.94
13,25.02,86.62,49.94
18,24.56,87.95,49.95
17,24.57,88.12,49.79
14,24.7,87.88,49.75
18,24.36,88.08,49.95
18,24.36,88.13,49.79
2,23.74,88,49.96
16,24.73,87.7,49.94
13,24.9,87.75,49.75
15,24.59,86.66,49.94
14,24.84,86.89,49.94
15,24.91,87.41,49.94
11,25.1,87.5,49.75
12,24.54,86.19,49.94
4,24.29,85.97,49.94
3,24.1,86.22,49.94
8,24.35,86.44,49.94
2,22.75,88.13,49.78
2,22.97,87.79,49.8
2,23.19,87.58,49.8
2,23.59,87.22,49.95
4,24.05,85.76,49.94
3,22.55,86.34,49.94
3,22.13,86.8,49.74
2,21.72,87.26,49.35
4,23.85,86.01,49.94
3,23.05,86.77,49.95
3,22.62,87.21,49.76
2,22.2,87.66,49.36
2,21.6,81.41,49.88
2,21.15,81.05,49.68
2,19.96,87.41,47.52
4,20.36,86.94,48.15
6,20.76,86.46,48.77
5,21.16,85.98,49.35
5,21.56,85.54,49.74
4,21.98,85.33,49.94
5,21.54,85.2,49.74
4,21.95,84.98,49.93
2,20.84,87.34,48.15
3,21.24,86.86,48.77
4,21.64,86.38,49.35
4,22.04,85.91,49.74
4,22.45,85.5,49.94
4,22.44,85.17,49.94
2,21.7,82.33,49.88
3,21.23,81.95,49.68
3,20.78,81.58,49.32
3,19,86.61,46.9
7,19.4,86.13,47.52
10,19.8,85.65,48.15
10,20.2,85.17,48.77
7,20.61,84.7,49.33
5,20.99,84.21,49.68
3,21.38,83.72,49.88
3,18.92,85.73,46.9
6,19.32,85.25,47.52
8,19.72,84.77,48.15
8,20.13,84.29,48.77
6,20.53,83.82,49.32
4,20.91,83.33,49.68
2,21.29,82.82,49.88
2,18.83,84.85,47.21
2,19.25,84.37,47.52
3,19.65,83.89,48.15
5,20.05,83.41,48.77
4,20.45,82.93,49.32
3,20.83,82.44,49.68
2,19.97,82.53,48.77
3,20.37,82.05,49.32
3,19.48,87.01,46.9
8,19.88,86.53,47.52
11,20.28,86.05,48.15
10,20.68,85.58,48.77
7,21.09,85.1,49.34
5,21.48,84.62,49.7
4,21.87,84.13,49.88
2,19,86.61,46.27
2,18.92,85.73,46.27
7,23.75,88.14,49.6
13,25.75,87.32,49.94
14,25.57,87.61,49.94
11,25.33,87.72,49.74
13,24.71,87.93,49.62
12,25.14,87.86,49.74
12,24.91,87.92,49.62
17,24.35,88.12,49.43
14,24.55,88.12,49.44
12,24.78,88.12,49.45
14,25.22,88.12,49.8
11,24.97,88.12,49.46
14,25.99,87.56,49.94
11,25.35,87.92,49.66
13,25.62,88.12,49.8
15,25.8,87.85,49.94
11,25.57,87.85,49.74
19,25.42,78.82,40.41
72,25.3,78.78,40.26
77,25.28,78.53,40.31
4,25.21,78.9,40.37
14,25.19,78.89,40.26
36962,26.28,78.6,40.27
1793,26.39,78.59,40.28
71597,26.16,78.48,40.31
62345,26.27,78.51,40.3
51,26.45,78.64,40.27
262,26.44,78.55,40.29
3,26.13,78.78,40.84
2,26.08,78.8,40.9
3,26.24,78.77,40.84
2,26.19,78.8,40.91
447,25.62,78.61,40.28
686,25.73,78.65,40.38
429,25.68,78.71,40.37
266,25.74,78.76,40.53
142,25.68,78.71,40.45
530,25.79,78.7,40.53
339,25.73,78.65,40.45
40,25.8,78.8,40.68
85,25.74,78.76,40.61
53,25.85,78.75,40.68
196,25.79,78.7,40.61
4,25.8,78.79,40.76
3,25.85,78.75,40.76
231,25.5,78.5,40.3
503,25.6,78.42,40.32
1786,25.72,78.48,40.31
1188,25.78,78.6,40.39
553,25.89,78.58,40.53
903,25.83,78.53,40.45
642,25.84,78.64,40.53
568,25.78,78.59,40.45
157,25.89,78.58,40.61
38,25.9,78.69,40.68
224,25.84,78.64,40.61
1220,25.88,78.47,40.46
7951,25.82,78.4,40.33
2,25.9,78.69,40.76
2,26.07,78.73,40.84
21,25.4,78.63,40.43
2,25.58,78.83,40.53
42,25.52,78.72,40.42
17,25.63,78.77,40.53
2,25.69,78.8,40.68
4,25.63,78.77,40.61
1173,25.93,78.42,40.48
74,25.94,78.52,40.61
332,25.94,78.52,40.53
2144,25.99,78.46,40.47
47344,26.04,78.41,40.33
16390,25.93,78.41,40.33
72,26,78.57,40.61
19,25.95,78.63,40.68
3,26.01,78.68,40.76
246,26.06,78.62,40.61
20,26.01,78.68,40.68
7211,26.05,78.51,40.53
58769,26.1,78.45,40.46
43048,26.11,78.56,40.53
101007,26.16,78.5,40.45
74817,26.15,78.4,40.33
1892,26.17,78.61,40.61
41,26.12,78.67,40.68
9,26.12,78.67,40.76
15,26.18,78.72,40.76
1818,26.23,78.66,40.61
243,26.18,78.72,40.68
94663,26.22,78.55,40.53
64882,26.33,78.55,40.4
112144,26.28,78.6,40.45
105137,26.27,78.49,40.45
91320,26.28,78.6,40.53
4,26.29,78.71,40.76
83,26.29,78.71,40.68
8,26.35,78.73,40.66
340,26.34,78.65,40.61
4,26.4,78.7,40.61
37934,26.34,78.65,40.53
7656,26.39,78.59,40.45
200,26.45,78.56,40.4
137,26.45,78.64,40.45
360,26.4,78.7,40.53
3,26.46,78.75,40.53
3,26.51,78.69,40.37
11,26.5,78.59,40.4
4,26.51,78.69,40.45
14,26.13,86.76,49.94
14,26.37,86.99,49.94
13,25.94,87.04,49.94
14,26.17,87.28,49.94
13,25.65,86.32,49.94
13,25.89,86.54,49.94
13,25.46,86.58,49.94
13,25.7,86.8,49.94
11,25.24,86.78,49.74
11,25.05,87.03,49.75
10,25.48,86.99,49.75
11,25.29,87.25,49.75
14,25.17,85.9,49.94
14,24.97,86.15,49.94
13,25.41,86.11,49.94
13,25.21,86.36,49.94
13,24.76,86.36,49.74
11,25,86.56,49.74
4,24.11,87.7,49.95
15,24.47,87.78,49.76
16,24.48,87.93,49.62
13,24.65,87.76,49.51
11,24.26,87.9,49.77
14,24.27,87.95,49.63
17,24.15,88.13,49.56
2,23.62,87.86,49.81
12,24.65,87.76,49.24
15,24.46,87.18,49.95
14,24.66,87.54,49.75
11,24.86,87.64,49.51
14,24.56,86.6,49.74
12,24.8,86.82,49.75
12,24.85,87.29,49.75
10,25.06,87.41,49.51
14,24.92,85.68,49.94
14,24.73,85.94,49.94
7,24.49,85.72,49.94
11,24.68,85.48,49.94
11,24.52,86.15,49.74
4,24.27,85.95,49.74
3,23.94,86.71,49.95
3,24.08,86.19,49.74
7,24.32,86.39,49.74
2,22.71,88.06,49.38
2,23.09,87.59,49.39
3,23.52,87.14,49.78
2,22.91,80.82,49.88
2,22.44,80.47,49.68
6,24.63,85.02,49.92
10,24.83,84.77,49.91
4,24.24,85.5,49.94
5,24.44,85.34,49.94
4,24.43,85.19,49.94
4,23.61,85.8,49.94
4,24.03,85.74,49.74
4,23.81,85.53,49.94
4,22.94,85.85,49.94
3,22.53,86.32,49.74
3,22.12,86.78,49.35
3,23.44,86.27,49.94
4,23.83,85.98,49.74
3,23.02,86.73,49.75
2,22.6,87.19,49.37
2,22.1,81.84,49.88
2,21.64,81.47,49.68
2,21.18,81.1,49.32
2,22.51,81.34,49.88
2,22.04,80.97,49.68
2,21.58,80.62,49.32
3,19.48,87.01,46.27
2,19.96,87.41,46.9
5,20.36,86.94,47.52
8,20.76,86.46,48.15
7,21.16,85.98,48.77
6,21.56,85.5,49.35
5,21.98,85.33,49.74
5,21.96,84.99,49.73
4,22.36,84.54,49.9
2,20.84,87.34,47.52
3,21.24,86.86,48.15
3,21.64,86.38,48.77
4,22.04,85.9,49.35
4,22.45,85.49,49.74
4,22.87,85.31,49.94
5,22.44,85.17,49.74
4,22.84,84.93,49.92
3,22.19,82.75,49.88
4,21.72,82.36,49.68
4,21.25,81.98,49.32
2,20.78,81.58,48.77
4,22.68,83.16,49.88
7,19.4,86.13,46.9
11,19.8,85.65,47.52
11,20.2,85.17,48.15
10,20.61,84.7,48.77
7,21.01,84.22,49.32
5,21.4,83.73,49.68
3,21.78,83.24,49.88
5,19.32,85.25,46.9
6,19.72,84.77,47.52
7,20.13,84.29,48.15
8,20.53,83.82,48.77
6,20.93,83.34,49.32
4,21.32,82.84,49.68
2,19.65,83.89,47.52
3,20.05,83.41,48.15
5,20.45,82.93,48.77
4,20.85,82.46,49.32
2,20.37,82.05,48.77
9,19.88,86.53,46.9
12,20.28,86.05,47.52
12,20.68,85.58,48.15
10,21.08,85.1,48.77
8,21.49,84.62,49.33
6,21.88,84.14,49.68
4,22.27,83.65,49.88
6,19.4,86.13,46.27
4,19.32,85.25,46.27
5,23.63,87.99,49.48
8,23.74,88.14,48.89
10,25.1,87.74,49.51
11,25.72,87.21,49.74
11,25.53,87.46,49.74
9,25.3,87.61,49.51
15,24.26,87.93,49.31
14,24.47,87.92,49.31
11,24.7,87.92,49.32
11,25.16,87.92,49.62
10,24.9,87.92,49.32
16,24.34,88.12,49.06
13,24.53,88.12,49.06
11,24.76,88.12,49.06
10,25.21,88.12,49.46
9,24.95,88.12,49.06
15,26.22,87.81,49.94
11,25.96,87.42,49.74
10,25.6,88.12,49.46
14,26.02,88.12,49.8
10,25.57,87.92,49.62
15,26.04,88.02,49.94
11,25.76,87.68,49.74
9,25.53,87.73,49.51
15,26.42,88.12,49.8
16,26.46,88,49.94
15,26.41,87.52,49.94
16,26.65,87.76,49.94
15,26.61,87.23,49.94
132,25.38,78.44,40.32
10,25.3,78.75,40.43
36,25.18,78.66,40.28
46,25.16,78.47,40.32
10,25.28,78.53,40.45
4,25.2,78.82,40.42
7,25.08,78.81,40.27
32483,26.33,78.54,40.29
79107,26.21,78.44,40.31
70731,26.27,78.47,40.3
2,26.51,78.68,40.26
13,26.5,78.58,40.29
1815,26.44,78.51,40.3
4,26.18,78.72,40.84
2,26.13,78.77,40.92
2,26.19,78.78,40.98
2,26.24,78.77,40.92
5,26.12,78.67,40.84
75,25.68,78.71,40.53
133,25.62,78.61,40.43
211,25.73,78.65,40.53
11,25.74,78.76,40.68
19,25.68,78.71,40.61
21,25.79,78.7,40.68
61,25.73,78.65,40.61
44,25.5,78.52,40.45
858,25.6,78.34,40.34
101,25.6,78.43,40.47
395,25.83,78.53,40.53
329,25.72,78.5,40.45
329,25.78,78.59,40.53
15,25.89,78.58,40.68
99,25.83,78.53,40.61
21,25.84,78.64,40.68
95,25.78,78.59,40.61
21114,25.8,78.14,40.39
4936,25.7,78.26,40.36
11536,25.81,78.33,40.35
1036,25.82,78.42,40.48
349,25.88,78.47,40.53
49,25.88,78.47,40.61
2,26.07,78.73,40.92
4,25.4,78.62,40.57
4,25.52,78.72,40.57
8,25.94,78.52,40.68
346,25.93,78.41,40.53
47,25.93,78.41,40.61
117,25.99,78.46,40.61
16801,26.05,78.42,40.47
565,25.99,78.46,40.53
49137,26.04,78.33,40.35
32683,25.92,78.24,40.37
281,26.05,78.51,40.61
11,26,78.57,40.68
2,26,78.57,40.76
5,26.06,78.62,40.76
1298,26.11,78.56,40.61
24,26.06,78.62,40.68
27597,26.1,78.45,40.53
92062,26.16,78.41,40.47
67184,26.16,78.5,40.53
106753,26.21,78.44,40.46
73480,26.15,78.37,40.34
2,26,78.57,40.84
3,26.06,78.62,40.84
1285,26.22,78.55,40.61
50,26.17,78.61,40.68
6,26.17,78.61,40.76
7,26.23,78.66,40.76
743,26.28,78.6,40.61
46,26.23,78.66,40.68
73540,26.27,78.49,40.53
66084,26.33,78.54,40.45
71599,26.32,78.43,40.47
46342,26.33,78.54,40.53
5,26.17,78.61,40.84
4,26.23,78.66,40.84
4,26.34,78.65,40.68
48,26.39,78.59,40.61
3556,26.39,78.59,40.53
716,26.44,78.53,40.45
20,26.5,78.58,40.45
42,26.45,78.64,40.53
2,26.56,78.63,40.38
4,26.55,78.55,40.41
2,26.56,78.63,40.45
15,26.52,86.24,49.94
14,26.32,86.49,49.94
15,26.56,86.72,49.94
12,26.11,86.69,49.74
12,26.35,86.91,49.75
11,25.91,86.95,49.75
11,26.15,87.16,49.75
14,26.04,85.82,49.94
15,26.28,86.03,49.94
14,25.84,86.07,49.94
14,26.08,86.28,49.94
11,25.63,86.28,49.74
11,25.87,86.49,49.74
11,25.43,86.52,49.74
11,25.67,86.74,49.74
10,25.22,86.73,49.51
10,25.02,86.97,49.51
9,25.46,86.93,49.51
9,25.26,87.17,49.51
10,24.86,87.64,49.24
9,25.06,87.41,49.24
14,25.56,85.41,49.94
14,25.54,85.23,49.94
14,25.36,85.65,49.94
14,25.8,85.61,49.94
14,25.6,85.86,49.94
12,25.15,85.87,49.74
12,24.95,86.11,49.74
11,25.39,86.07,49.74
11,25.19,86.32,49.74
13,24.74,86.33,49.51
11,24.98,86.53,49.51
11,24.2,87.79,49.54
14,24.41,87.67,49.52
3,24.02,87.58,49.78
14,24.41,87.67,49.24
13,24.2,87.78,49.25
12,24.05,87.95,49.43
17,24.13,88.12,48.89
3,23.54,87.78,49.41
11,24.65,87.76,48.93
13,24.62,87.45,49.51
13,24.54,86.57,49.51
13,24.4,87.09,49.76
12,24.78,86.77,49.51
11,24.82,87.21,49.51
12,24.62,87.45,49.24
11,24.82,87.21,49.24
15,25.31,85.15,49.94
14,25.32,85.31,49.94
15,25.12,85.44,49.94
15,25.1,85.24,49.94
15,25.07,84.98,49.93
14,24.87,85.17,49.94
14,24.86,85.32,49.94
13,24.91,85.66,49.74
13,24.71,85.91,49.74
6,24.47,85.7,49.74
10,24.67,85.46,49.74
9,24.5,86.13,49.51
4,24.26,85.93,49.51
3,23.9,86.65,49.75
4,24.06,86.17,49.51
6,24.3,86.37,49.51
3,23.48,87.11,49.38
3,23.81,80.73,49.88
2,23.33,80.39,49.68
2,22.86,80.07,49.32
3,23.4,81.26,49.88
3,22.93,80.9,49.68
3,22.46,80.54,49.32
18,25.63,83.81,49.88
17,25.43,84.05,49.89
16,25.23,84.29,49.9
14,25.03,84.53,49.9
7,24.63,85.02,49.72
4,24.39,84.81,49.9
10,24.83,84.77,49.71
5,24.59,84.57,49.89
4,24.01,85.2,49.94
4,24.23,85.49,49.74
4,24.02,85.35,49.94
5,24.43,85.33,49.74
5,24.42,85.18,49.74
4,24.19,85.05,49.92
4,23.34,85.45,49.94
4,23.59,85.78,49.74
4,24.02,85.73,49.51
4,23.8,85.52,49.74
4,23.37,85.14,49.94
4,22.93,85.83,49.74
3,22.52,86.3,49.35
2,22.12,86.78,48.77
4,23.41,86.24,49.74
4,23.82,85.97,49.51
3,23,86.71,49.36
4,22.59,82.26,49.88
4,22.12,81.88,49.68
4,21.66,81.5,49.32
2,21.18,81.1,48.77
3,23,81.76,49.88
3,22.52,81.39,49.68
3,22.06,81.02,49.32
2,21.58,80.62,48.77
5,23.48,82.18,49.88
5,23.08,82.67,49.88
2,19.96,87.41,46.27
9,19.88,86.53,46.27
2,19.48,87.01,45.65
2,19.7,86.99,45.18
2,19.46,86.79,45.18
3,19.42,86.35,45.18
2,19.42,86.35,44.86
5,23.16,83.57,49.88
5,23.65,83.98,49.88
6,20.36,86.94,46.9
10,20.76,86.46,47.52
10,21.16,85.98,48.15
8,21.56,85.5,48.77
6,21.96,85.02,49.34
6,22.36,84.54,49.7
5,22.76,84.05,49.88
3,20.84,87.34,46.9
4,21.24,86.86,47.52
4,21.64,86.38,48.15
4,22.04,85.9,48.77
5,22.44,85.42,49.35
4,22.87,85.3,49.74
5,22.84,84.93,49.72
5,23.25,84.46,49.9
5,22.2,82.77,49.68
6,21.73,82.38,49.32
5,21.25,81.98,48.77
6,22.69,83.17,49.68
10,19.8,85.65,46.9
10,20.2,85.17,47.52
10,20.61,84.7,48.15
10,21.01,84.22,48.77
7,21.41,83.74,49.32
5,21.8,83.25,49.68
3,19.72,84.77,46.9
4,20.13,84.29,47.52
7,20.53,83.82,48.15
8,20.93,83.34,48.77
6,21.33,82.86,49.32
3,20.45,82.93,48.15
5,20.85,82.46,48.77
13,20.28,86.05,46.9
13,20.68,85.58,47.52
11,21.08,85.1,48.15
10,21.49,84.62,48.77
7,21.89,84.14,49.32
6,22.28,83.66,49.68
9,19.8,85.65,46.27
4,19.4,86.13,45.65
2,19.72,84.77,46.27
2,19.32,85.25,45.65
5,19.62,86.11,45.18
3,19.38,85.91,45.18
2,19.34,85.47,45.18
3,19.62,86.11,44.86
2,19.38,85.91,44.86
3,19.54,85.23,45.18
2,19.54,85.23,44.86
6,23.62,87.98,48.81
8,23.76,88.14,48.2
16,26.76,86.45,49.94
16,26.85,87.47,49.94
9,25.11,87.74,49.24
9,25.7,87.13,49.51
9,25.5,87.37,49.51
9,25.3,87.6,49.24
15,24.26,87.92,48.98
13,24.46,87.92,48.98
11,24.7,87.92,48.98
9,25.16,87.92,49.32
9,24.9,87.92,48.98
15,24.33,88.12,48.71
12,24.52,88.12,48.71
11,24.75,88.12,48.7
9,25.19,88.12,49.06
9,24.92,88.12,48.76
12,26.19,87.64,49.75
10,25.94,87.33,49.51
9,25.58,88.12,49.06
11,26.02,88.12,49.46
9,25.56,87.92,49.32
11,25.99,87.92,49.62
11,26,87.83,49.74
9,25.74,87.58,49.51
8,25.53,87.73,49.24
18,26.89,87.97,49.94
19,26.89,88.12,49.79
21,27.13,88.12,49.79
20,27.12,88.07,49.94
12,26.41,88.12,49.44
17,26.69,88.12,49.79
12,26.39,87.92,49.62
17,26.69,88.09,49.94
13,26.43,87.81,49.75
12,26.39,87.38,49.75
14,26.63,87.6,49.75
16,26.8,86.95,49.94
13,26.59,87.12,49.75
17,25.38,78.45,40.47
131,25.38,78.37,40.34
259,25.48,78.28,40.36
13241,25.68,78.08,40.41
2582,25.58,78.16,40.39
19,25.06,78.56,40.31
6,25.18,78.65,40.44
48,25.15,78.39,40.33
6,25.16,78.47,40.46
3,25.28,78.52,40.57
4,24.96,78.7,40.29
2,25.08,78.76,40.43
18997,26.38,78.48,40.31
72413,26.28,78.38,40.33
57420,26.32,78.43,40.32
5,26.55,78.54,40.3
32,26.55,78.5,40.3
736,26.49,78.47,40.31
3,26.18,78.72,40.92
2,26.14,78.76,40.99
2,26.24,78.75,40.99
3,26.23,78.66,40.92
3,26.12,78.67,40.92
4,26.17,78.61,40.92
30614,25.9,78.06,40.41
3,25.68,78.71,40.68
29,25.62,78.6,40.57
8,25.73,78.65,40.68
13,25.5,78.5,40.57
44,25.6,78.38,40.57
9,25.83,78.53,40.68
82,25.72,78.48,40.57
10,25.78,78.59,40.68
2,26,78.57,40.92
3,26.06,78.62,40.92
560,25.8,78.16,40.62
220,25.7,78.27,40.59
218,25.82,78.36,40.57
5,25.88,78.47,40.68
721,25.92,78.25,40.59
2,26.07,78.72,41
20,25.93,78.41,40.68
25,25.99,78.46,40.68
6144,26.04,78.35,40.57
52042,26.14,78.22,40.37
39272,26.02,78.12,40.4
1102,26.1,78.45,40.61
31,26.05,78.51,40.68
1724,26.16,78.5,40.61
52,26.11,78.56,40.68
50312,26.15,78.39,40.52
2174,26.15,78.39,40.61
1529,26.21,78.44,40.61
88302,26.28,78.39,40.47
71162,26.21,78.44,40.53
65280,26.25,78.3,40.35
2,25.99,78.46,40.92
3,26.05,78.51,40.92
4,26.05,78.51,40.84
4,26.11,78.56,40.92
5,26.11,78.56,40.84
858,26.27,78.49,40.61
25,26.22,78.55,40.68
493,26.33,78.54,40.61
10,26.28,78.6,40.68
40945,26.32,78.43,40.53
34429,26.37,78.38,40.48
26736,26.38,78.48,40.46
10124,26.38,78.48,40.53
3,26.22,78.55,40.92
4,26.22,78.55,40.84
2,26.28,78.6,40.92
2,26.28,78.6,40.84
8,26.44,78.53,40.61
218,26.44,78.53,40.53
167,26.49,78.47,40.46
14,26.55,78.52,40.45
7,26.5,78.58,40.53
2,26.56,78.63,40.53
2,26.61,78.58,40.4
3,26.61,78.57,40.45
3,20.89,88.13,43.7
2,19.62,86.11,44.55
6,21.32,88.12,42.48
17,26.91,85.73,49.94
16,26.72,85.99,49.94
14,26.51,86.2,49.74
13,26.31,86.45,49.74
13,26.55,86.65,49.74
11,26.1,86.65,49.51
12,26.34,86.86,49.51
10,25.9,86.89,49.51
10,26.14,87.1,49.51
17,26.68,85.51,49.94
16,26.44,85.36,49.94
16,26.45,85.2,49.94
15,26.24,85.57,49.94
15,26.48,85.78,49.94
13,26.03,85.79,49.74
13,26.27,86,49.74
12,25.83,86.03,49.74
12,26.07,86.24,49.74
10,25.62,86.25,49.51
11,25.86,86.45,49.51
10,25.42,86.49,49.51
10,25.66,86.69,49.51
9,25.22,86.73,49.24
10,25.02,86.97,49.24
9,25.46,86.93,49.24
9,25.26,87.17,49.24
10,24.86,87.64,48.93
9,25.06,87.41,48.93
15,25.75,85.12,49.94
15,25.76,85.3,49.94
16,26.19,85.1,49.94
15,26.2,85.28,49.94
15,25.99,85.38,49.94
15,25.99,85.21,49.94
16,25.95,84.9,49.93
12,25.55,85.4,49.74
13,25.54,85.22,49.74
12,25.35,85.62,49.74
12,25.79,85.59,49.74
12,25.59,85.83,49.74
11,25.14,85.85,49.51
12,24.94,86.09,49.51
10,25.38,86.05,49.51
10,25.18,86.29,49.51
12,24.54,86.57,49.24
12,24.74,86.33,49.24
11,24.98,86.53,49.24
11,24.78,86.77,49.24
13,24.21,87.77,48.93
14,24.42,87.67,48.93
4,23.95,87.5,49.38
16,24.12,88.12,48.32
14,24.05,87.94,48.81
4,23.53,87.77,48.77
13,24.2,87.77,48.61
13,24.42,87.67,48.61
11,24.65,87.76,48.61
10,24.36,87.03,49.36
12,24.62,87.45,48.93
11,24.82,87.21,48.93
15,25.51,84.94,49.93
16,25.27,84.74,49.92
16,25.71,84.7,49.92
16,25.47,84.49,49.91
13,25.31,85.14,49.74
13,25.31,85.3,49.74
13,25.09,85.23,49.74
13,25.11,85.43,49.74
14,25.07,84.97,49.73
13,24.87,85.16,49.74
12,24.85,85.31,49.74
12,24.9,85.65,49.51
12,24.7,85.89,49.51
7,24.46,85.69,49.51
9,24.66,85.45,49.51
6,24.3,86.37,49.24
9,24.5,86.13,49.24
4,24.06,86.17,49.24
5,24.26,85.93,49.24
4,23.88,86.63,49.36
2,23.48,87.11,48.77
18,26.35,84.42,49.9
18,26.59,84.62,49.91
17,26.39,84.86,49.92
17,26.15,84.66,49.92
17,25.87,84.01,49.89
18,26.11,84.21,49.89
16,25.91,84.46,49.91
17,25.67,84.25,49.9
4,24.29,81.17,49.88
3,23.81,80.82,49.68
3,23.34,80.46,49.32
2,22.86,80.07,48.77
4,23.89,81.69,49.88
4,23.41,81.31,49.68
4,22.94,80.94,49.32
3,22.46,80.54,48.77
18,25.83,83.56,49.88
16,25.39,83.6,49.88
14,25.19,83.84,49.88
16,25.63,83.81,49.68
15,25.43,84.05,49.69
14,25.23,84.29,49.7
10,24.99,84.08,49.88
13,25.03,84.53,49.7
7,24.79,84.33,49.88
5,24.13,84.38,49.89
7,24.62,85.02,49.5
5,24.39,84.81,49.7
10,24.83,84.77,49.49
6,24.59,84.57,49.69
4,23.82,85.97,49.24
4,24.02,85.73,49.24
4,23.74,84.85,49.91
5,24.22,85.49,49.51
4,24,85.19,49.74
4,24.02,85.34,49.74
5,24.42,85.25,49.51
5,24.19,85.04,49.72
5,23.36,85.14,49.74
4,23.33,85.44,49.74
4,23.58,85.77,49.51
4,23.79,85.52,49.51
4,23.58,85.77,49.24
4,23.78,85.53,49.24
4,22.92,85.82,49.35
2,22.52,86.3,48.77
4,23.4,86.23,49.35
2,23,86.7,48.77
5,22.61,82.29,49.68
5,22.13,81.9,49.32
5,21.66,81.5,48.77
5,23.01,81.8,49.68
5,22.54,81.42,49.32
4,22.06,81.02,48.77
6,23.49,82.21,49.68
5,23.97,82.6,49.88
5,24.45,83.01,49.88
6,23.09,82.69,49.68
5,23.57,83.09,49.88
5,24.05,83.49,49.88
3,20.84,87.34,46.27
6,20.36,86.94,46.27
13,20.28,86.05,46.27
7,19.88,86.53,45.65
2,19.94,87.19,45.18
5,19.88,86.53,45.02
6,23.17,83.58,49.68
6,23.65,83.98,49.68
12,20.76,86.46,46.9
13,21.16,85.98,47.52
11,21.56,85.5,48.15
8,21.96,85.02,48.77
7,22.37,84.55,49.33
6,22.76,84.06,49.68
6,21.24,86.86,46.9
7,21.64,86.38,47.52
6,22.04,85.9,48.15
5,22.44,85.42,48.77
5,22.84,84.95,49.34
5,23.25,84.46,49.7
7,22.21,82.78,49.32
7,21.73,82.38,48.77
3,21.25,81.98,48.15
7,22.69,83.18,49.32
7,20.2,85.17,46.9
6,20.61,84.7,47.52
9,21.01,84.22,48.15
9,21.41,83.74,48.77
7,21.81,83.26,49.32
2,20.13,84.29,46.9
3,20.53,83.82,47.52
7,20.93,83.34,48.15
8,21.33,82.86,48.77
3,20.85,82.46,48.15
12,20.68,85.58,46.9
9,21.08,85.1,47.52
9,21.49,84.62,48.15
9,21.89,84.14,48.77
7,22.29,83.66,49.32
6,20.2,85.17,46.27
7,19.8,85.65,45.65
2,19.72,84.77,45.65
5,19.8,85.65,45.02
2,19.72,84.77,45.02
8,21.32,88.12,41.85
10,21.32,88.12,41.12
9,21.3,87.87,40.44
6,21.32,88.12,43.06
4,20.91,88.14,43.95
6,23.65,87.98,48.16
4,23.78,88.14,47.55
17,26.96,86.2,49.94
22,27.33,88.12,49.79
21,27.32,87.94,49.94
15,26.75,86.4,49.74
15,26.83,87.34,49.75
16,27,86.67,49.94
17,27.04,87.19,49.94
18,27.09,87.71,49.94
18,27.15,85.95,49.94
9,25.11,87.74,48.93
9,25.7,87.13,49.24
9,25.5,87.37,49.24
8,25.3,87.6,48.93
14,24.25,87.92,48.65
13,24.46,87.92,48.65
11,24.69,87.92,48.65
9,25.15,87.92,48.98
9,24.87,87.92,48.7
8,25.14,88.12,48.69
11,24.53,88.12,48.19
10,26.18,87.54,49.51
9,25.94,87.33,49.24
8,25.57,88.12,48.69
10,26,88.12,49.06
8,25.55,87.92,48.98
8,25.53,87.73,48.93
9,25.99,87.92,49.32
10,25.97,87.72,49.51
9,25.74,87.58,49.24
17,26.87,87.79,49.75
17,26.87,87.92,49.62
19,26.88,88.12,49.42
21,27.12,88.12,49.42
20,27.1,87.88,49.75
20,27.11,87.92,49.62
11,26.4,88.12,49.05
15,26.68,88.12,49.43
11,26.39,87.92,49.32
14,26.67,87.92,49.62
15,26.66,87.89,49.75
11,26.42,87.7,49.51
20,27.32,88.12,49.41
11,26.38,87.3,49.51
12,26.62,87.5,49.51
14,26.79,86.87,49.75
12,26.58,87.06,49.51
1116,25.46,78.1,40.4
8,25.38,78.4,40.57
29,25.48,78.29,40.59
76,25.26,78.3,40.35
161,25.36,78.18,40.38
13290,25.67,78,40.42
259,25.68,78.1,40.63
134,25.58,78.18,40.61
17,24.92,78.33,40.35
3,25.06,78.55,40.46
3,25.16,78.42,40.56
2,24.73,78.62,40.31
10062,26.43,78.42,40.32
40218,26.37,78.37,40.33
2,26.61,78.57,40.29
232,26.59,78.43,40.32
23300,25.76,77.75,40.42
3,26.18,78.72,41
2,26.14,78.74,41.05
2,26.24,78.74,41.05
2,26.23,78.66,41
3,26.12,78.67,41
4,26.17,78.61,41
27875,25.9,77.99,40.43
246,25.9,78.08,40.64
902,26.01,78.15,40.62
2,25.62,78.6,40.72
2,25.5,78.5,40.72
3,25.6,78.38,40.72
4,25.72,78.48,40.72
2,26,78.57,41
3,26.06,78.62,41
29,25.8,78.14,40.72
9,25.7,78.26,40.72
6,25.82,78.36,40.72
32,25.92,78.24,40.72
2,26.08,78.71,41.07
3,25.99,78.46,41
4,26.05,78.51,41
4,26.11,78.56,41
109,26.04,78.34,40.72
9210,26.14,78.24,40.6
45277,26.24,78.13,40.4
35624,26.12,78,40.43
48,26.16,78.44,40.72
26465,26.26,78.33,40.57
42822,26.36,78.2,40.38
8,26.04,78.34,40.88
6,26.16,78.44,40.88
3,26.22,78.55,41
2,26.28,78.6,41
693,26.32,78.43,40.61
17,26.27,78.49,40.68
170,26.38,78.48,40.61
5,26.33,78.54,40.68
11928,26.37,78.37,40.53
4129,26.43,78.43,40.47
292,26.37,78.37,40.61
10,26.43,78.42,40.61
636,26.43,78.42,40.53
2,26.27,78.49,40.92
2,26.27,78.49,40.84
3,26.49,78.47,40.61
36,26.49,78.47,40.53
64,26.59,78.45,40.47
3,26.55,78.52,40.53
3,26.72,78.52,40.45
2,20.9,88,44.08
6,21.33,88.13,43.58
2,19.9,86.75,44.55
4,20.1,86.51,44.55
3,20.1,86.51,44.24
3,19.86,86.31,44.55
2,19.86,86.31,44.24
3,19.8,85.65,44.4
9,22.14,88.12,42.45
2,21.31,87.92,42.5
2,21.31,87.93,43.11
20,27.32,85.17,49.93
20,27.3,85.33,49.94
18,27.11,85.48,49.94
17,26.91,85.71,49.74
15,26.71,85.96,49.74
14,26.5,86.18,49.51
12,26.3,86.42,49.51
13,26.54,86.62,49.51
11,26.1,86.65,49.24
12,26.34,86.86,49.24
10,25.9,86.89,49.24
10,26.14,87.1,49.24
19,27.07,85.03,49.93
19,26.83,84.82,49.92
18,26.89,85.34,49.94
18,26.87,85.19,49.94
17,26.64,85.06,49.93
16,26.67,85.5,49.74
15,26.43,85.35,49.74
16,26.45,85.19,49.74
14,26.23,85.55,49.74
15,26.47,85.75,49.74
12,26.02,85.77,49.51
13,26.26,85.98,49.51
11,25.82,86.01,49.51
12,26.06,86.21,49.51
10,25.62,86.25,49.24
10,25.86,86.45,49.24
9,25.42,86.49,49.24
9,25.66,86.69,49.24
9,25.22,86.73,48.93
10,25.02,86.97,48.93
9,25.46,86.93,48.93
9,25.26,87.17,48.93
11,24.62,87.45,48.61
10,24.82,87.21,48.61
10,24.85,87.63,48.62
9,25.06,87.41,48.61
3,24.7,80.64,49.88
2,24.22,80.31,49.68
2,23.74,80,49.32
13,25.76,85.29,49.74
13,25.75,85.12,49.74
14,26.2,85.27,49.74
15,26.19,85.09,49.74
13,25.99,85.37,49.74
14,25.98,85.21,49.74
14,25.95,84.9,49.73
11,25.54,85.37,49.51
11,25.34,85.61,49.51
12,25.78,85.57,49.51
11,25.58,85.81,49.51
11,25.14,85.85,49.24
11,24.94,86.09,49.24
10,25.38,86.05,49.24
10,25.18,86.29,49.24
11,24.54,86.57,48.93
11,24.74,86.33,48.93
11,24.98,86.53,48.93
11,24.78,86.77,48.93
14,24.03,87.94,48.28
6,23.96,87.49,48.77
5,23.55,87.77,48.14
11,24.42,87.7,48.13
9,24.36,87.03,48.77
13,25.51,84.94,49.73
14,25.27,84.73,49.72
14,25.71,84.7,49.72
14,25.47,84.49,49.71
12,25.3,85.17,49.51
12,25.1,85.41,49.51
13,25.07,84.97,49.5
12,24.86,85.21,49.51
12,24.9,85.65,49.24
11,24.7,85.89,49.24
7,24.46,85.69,49.24
9,24.66,85.45,49.24
6,24.3,86.37,48.93
8,24.5,86.13,48.93
4,24.06,86.17,48.93
5,24.26,85.93,48.93
4,23.88,86.63,48.77
3,23.48,87.11,48.15
19,26.55,84.17,49.89
20,26.79,84.38,49.9
17,26.35,84.42,49.7
18,26.59,84.62,49.71
16,26.39,84.86,49.72
16,26.15,84.66,49.72
19,26.07,83.77,49.88
19,26.31,83.97,49.88
16,25.87,84.01,49.69
17,26.11,84.21,49.69
15,25.91,84.45,49.71
15,25.67,84.25,49.7
5,24.77,81.61,49.88
5,24.29,81.23,49.68
4,23.82,80.87,49.32
4,23.34,80.46,48.77
2,22.86,80.07,48.15
5,24.37,82.11,49.88
5,23.89,81.72,49.68
5,23.42,81.34,49.32
5,22.94,80.94,48.77
2,22.46,80.54,48.15
7,25.26,82.03,49.88
20,26.04,83.32,49.88
19,25.8,83.12,49.88
18,25.59,83.36,49.88
6,24.85,82.52,49.88
17,25.83,83.57,49.68
7,24.93,83.42,49.88
15,25.39,83.61,49.68
13,25.19,83.85,49.68
15,25.63,83.81,49.48
14,25.43,84.05,49.48
5,24.53,83.9,49.88
13,25.23,84.29,49.49
10,24.99,84.09,49.68
12,25.03,84.53,49.49
7,24.79,84.33,49.68
9,24.83,84.77,49.24
7,24.63,85.01,49.24
5,24.13,84.39,49.69
5,24.39,84.81,49.49
6,24.59,84.57,49.48
7,24.59,84.57,49.24
6,24.39,84.81,49.24
5,24.22,85.49,49.24
6,24.42,85.25,49.24
4,23.82,85.97,48.93
4,24.02,85.73,48.93
5,23.73,84.85,49.71
5,23.99,85.28,49.51
5,24.19,85.05,49.5
5,23.98,85.29,49.24
5,24.18,85.05,49.24
3,23.58,85.77,48.93
4,23.78,85.53,48.93
4,23.33,85.34,49.35
2,20.91,88.22,45.02
3,22.92,85.82,48.77
2,22.52,86.3,48.15
2,22.12,86.78,47.52
2,21.72,87.26,46.9
2,21.31,87.74,46.27
3,23.4,86.23,48.77
6,22.61,82.3,49.32
6,22.13,81.9,48.77
3,21.66,81.5,48.15
6,23.02,81.82,49.32
6,22.54,81.42,48.77
3,22.06,81.02,48.15
7,23.49,82.22,49.32
6,23.97,82.62,49.68
6,24.45,83.02,49.68
7,23.09,82.7,49.32
6,23.57,83.1,49.68
6,24.05,83.5,49.68
2,20.84,87.34,45.02
8,21.24,86.86,46.27
3,20.84,87.34,45.65
14,20.76,86.46,46.27
6,20.36,86.94,45.65
12,20.68,85.58,46.27
13,20.28,86.05,45.65
5,20.36,86.94,45.02
10,20.28,86.05,45.02
7,23.17,83.58,49.32
6,23.65,83.99,49.32
16,21.16,85.98,46.9
13,21.56,85.5,47.52
10,21.96,85.02,48.15
8,22.37,84.54,48.77
7,22.77,84.06,49.32
11,21.64,86.38,46.9
10,22.04,85.9,47.52
8,22.44,85.42,48.15
6,22.84,84.94,48.77
6,23.25,84.47,49.33
8,22.21,82.78,48.77
6,21.73,82.38,48.15
2,21.25,81.98,47.52
8,22.69,83.18,48.77
3,20.61,84.7,46.9
5,21.01,84.22,47.52
8,21.41,83.74,48.15
9,21.81,83.26,48.77
3,20.93,83.34,47.52
6,21.33,82.86,48.15
7,21.08,85.1,46.9
6,21.49,84.62,47.52
9,21.89,84.14,48.15
9,22.29,83.66,48.77
2,20.61,84.7,46.27
6,20.2,85.17,45.65
6,20.2,85.17,45.02
10,22.13,88.12,41.81
3,21.31,87.92,41.88
6,21.29,87.73,40.63
5,21.31,87.92,41.21
14,22.12,88.12,41.09
11,21.3,88.12,40.58
7,21.72,87.45,40.44
6,21.33,88.14,43.95
9,22.69,88.12,42.44
8,21.81,88.13,43.69
8,22.14,88.12,43.03
3,20.92,88.25,44.02
2,20.92,88.23,44.16
4,23.68,87.98,47.53
6,24.52,88.12,47.54
19,27.36,85.69,49.94
21,27.54,85.24,49.94
21,27.56,85.44,49.94
23,27.58,88.12,49.78
23,27.56,88.05,49.94
19,27.58,88.12,49.4
16,26.95,86.16,49.74
18,27.2,86.41,49.94
22,27.31,87.92,49.62
21,27.31,87.76,49.75
21,27.52,87.65,49.94
15,26.74,86.38,49.51
14,26.82,87.26,49.51
16,26.99,86.61,49.74
16,27.03,87.08,49.75
18,27.07,87.56,49.75
18,27.24,86.9,49.94
19,27.28,87.42,49.94
18,27.15,85.92,49.74
19,27.4,86.15,49.94
8,25.08,87.74,48.61
9,25.7,87.13,48.93
8,25.5,87.37,48.93
8,25.3,87.6,48.61
8,25.11,87.92,48.64
12,24.47,87.93,48.15
8,25.33,88.12,48.19
10,26.18,87.55,49.24
9,25.94,87.33,48.93
9,26,88.12,48.68
8,25.55,87.92,48.64
8,25.53,87.73,48.61
9,25.99,87.92,48.98
9,25.97,87.72,49.24
8,25.74,87.58,48.93
16,26.86,87.67,49.51
16,26.86,87.92,49.31
16,26.87,88.12,49.03
19,27.11,88.12,49.02
20,27.09,87.76,49.51
20,27.11,87.92,49.31
10,26.39,88.12,48.67
14,26.67,88.12,49.03
10,26.39,87.92,48.97
13,26.66,87.92,49.31
13,26.65,87.77,49.51
10,26.42,87.7,49.24
19,27.31,88.12,49.02
20,27.31,87.92,49.31
11,26.38,87.3,49.24
12,26.62,87.5,49.24
14,26.82,87.26,49.24
14,26.78,86.82,49.51
12,26.58,87.06,49.24
9,24.7,78.21,40.38
17164,25.66,77.83,40.44
21232,25.78,77.92,40.44
1513,25.45,78.02,40.42
81,25.46,78.11,40.63
7049,25.56,77.94,40.44
3,25.48,78.28,40.72
6,25.26,78.31,40.58
19,25.36,78.2,40.61
58,25.13,78.16,40.38
2355,25.33,77.85,40.43
115,25.68,78.04,40.73
10,25.58,78.16,40.72
13341,26.48,78.3,40.35
7,26.72,78.5,40.31
601,26.61,78.35,40.34
7110,25.76,77.73,40.71
29024,26,77.9,40.45
25735,25.88,77.81,40.45
23262,25.75,77.67,40.39
3,26.22,78.55,41.07
2,26.23,78.66,41.08
3,26.12,78.67,41.07
2,26.18,78.71,41.07
3,26.17,78.61,41.07
277,25.9,78.03,40.73
103,26.02,78.12,40.72
4,26.05,78.51,41.07
3,26,78.57,41.07
4,26.11,78.56,41.07
3,26.06,78.62,41.07
2,25.8,78.14,40.88
3,25.99,78.46,41.07
2,25.93,78.41,41.07
2,25.93,78.41,41
4,25.92,78.24,40.88
2,26.08,78.69,41.13
6,26.04,78.34,41.04
5,26.16,78.44,41.04
212,26.14,78.22,40.72
2631,26.24,78.15,40.62
32498,26.22,77.88,40.44
40891,26.24,78.06,40.42
418,26.12,78.01,40.74
269,26.26,78.32,40.72
5055,26.36,78.22,40.6
25948,26.46,78.12,40.4
12,26.14,78.22,40.88
5,26.26,78.32,40.88
2,26.27,78.49,41.07
2,26.27,78.49,41
5,26.38,78.42,40.72
485,26.48,78.31,40.58
17,26.6,78.41,40.57
2,25.51,79.55,41.19
2,25.59,79.61,41.19
2,25.59,79.61,41.04
2,20.91,88.21,44.47
3,21.32,88,44.08
2,21.32,87.96,43.67
3,21.79,87.97,43.8
3,20.36,86.94,44.4
6,20.28,86.05,44.4
3,20.28,86.05,43.77
5,20.2,85.17,44.4
2,20.13,84.29,44.4
3,20.2,85.17,43.77
3,22.12,87.92,42.49
3,22.13,87.93,43.1
2,21.24,86.86,43.15
2,20.76,86.46,43.15
2,20.68,85.58,43.15
3,20.61,84.7,43.15
22,27.52,84.98,49.92
21,27.31,85.17,49.73
21,27.3,85.32,49.74
19,27.11,85.47,49.74
18,26.9,85.7,49.51
16,26.7,85.94,49.51
14,26.5,86.18,49.24
15,26.74,86.38,49.24
13,26.3,86.42,49.24
13,26.54,86.62,49.24
12,26.1,86.65,48.93
12,26.34,86.86,48.93
10,25.9,86.89,48.93
10,26.14,87.1,48.93
21,27.28,84.78,49.91
20,27.03,84.58,49.91
20,27.07,85.02,49.73
19,26.83,84.82,49.72
18,26.88,85.33,49.74
18,26.87,85.18,49.74
17,26.63,85.05,49.73
16,26.67,85.49,49.51
15,26.43,85.29,49.51
14,26.22,85.53,49.51
15,26.46,85.74,49.51
12,26.02,85.77,49.24
13,26.26,85.98,49.24
11,25.82,86.01,49.24
12,26.06,86.21,49.24
9,25.62,86.25,48.93
10,25.86,86.45,48.93
9,25.42,86.49,48.93
9,25.66,86.69,48.93
9,25.22,86.73,48.61
10,25.02,86.97,48.61
8,25.46,86.93,48.61
9,25.26,87.17,48.61
9,24.83,87.41,48.15
3,25.59,80.57,49.88
2,25.1,80.23,49.68
2,24.62,79.93,49.32
4,25.18,81.09,49.88
4,24.7,80.73,49.68
3,24.22,80.39,49.32
2,23.74,80.02,48.77
7,25.67,81.53,49.88
12,25.75,85.13,49.51
14,26.19,85.1,49.51
13,25.98,85.33,49.51
13,25.95,84.9,49.5
11,25.54,85.37,49.24
10,25.34,85.61,49.24
11,25.78,85.57,49.24
10,25.58,85.81,49.24
11,25.14,85.85,48.93
11,24.94,86.09,48.93
10,25.38,86.05,48.93
10,25.18,86.29,48.93
10,24.54,86.57,48.61
10,24.74,86.33,48.61
10,24.98,86.53,48.61
10,24.78,86.77,48.61
4,23.57,87.77,47.52
2,23.58,87.77,46.9
8,24.41,87.7,47.52
8,23.95,87.48,48.15
8,24.36,87.03,48.15
12,25.51,84.93,49.5
13,25.27,84.73,49.5
13,25.71,84.69,49.5
13,25.47,84.49,49.49
11,25.3,85.17,49.24
12,25.1,85.41,49.24
12,25.07,84.97,49.24
11,24.86,85.21,49.24
11,24.9,85.65,48.93
10,24.7,85.89,48.93
6,24.46,85.69,48.93
8,24.66,85.45,48.93
6,24.3,86.37,48.61
8,24.5,86.13,48.61
4,24.06,86.17,48.61
5,24.26,85.93,48.61
5,23.88,86.63,48.15
3,23.48,87.11,47.52
20,26.52,83.73,49.88
20,26.28,83.52,49.88
21,26.76,83.93,49.88
22,27,84.13,49.88
20,26.55,84.17,49.69
21,26.79,84.38,49.7
18,26.35,84.42,49.49
19,26.59,84.62,49.49
16,26.39,84.86,49.5
15,26.15,84.66,49.5
18,26.07,83.77,49.68
19,26.31,83.97,49.68
15,25.87,84.02,49.48
16,26.11,84.22,49.48
14,25.91,84.46,49.49
14,25.67,84.25,49.49
6,24.78,81.65,49.68
6,24.3,81.27,49.32
5,23.82,80.87,48.77
4,23.34,80.46,48.15
6,24.37,82.13,49.68
6,23.9,81.75,49.32
6,23.42,81.34,48.77
5,22.94,80.94,48.15
2,22.46,80.54,47.52
15,25.74,82.44,49.88
8,25.26,82.05,49.68
21,26.22,82.85,49.88
19,26.03,83.33,49.68
11,25.33,82.93,49.88
18,25.79,83.13,49.68
17,25.59,83.37,49.68
7,24.85,82.54,49.68
17,25.83,83.57,49.48
8,24.93,83.42,49.68
14,25.39,83.61,49.48
12,25.19,83.85,49.48
13,25.39,83.61,49.24
14,25.63,83.81,49.24
12,25.19,83.85,49.24
13,25.43,84.05,49.24
11,25.03,84.53,49.24
12,25.23,84.29,49.24
6,24.53,83.91,49.68
10,24.99,84.09,49.48
8,24.79,84.33,49.48
8,24.79,84.33,49.24
10,24.99,84.09,49.24
9,24.83,84.77,48.93
7,24.63,85.01,48.93
7,24.59,84.57,48.93
6,24.39,84.81,48.93
5,24.13,84.39,49.32
5,24.22,85.49,48.93
6,24.42,85.25,48.93
4,23.82,85.97,48.61
3,23.58,85.77,48.61
4,24.02,85.73,48.61
4,23.78,85.53,48.61
4,23.98,85.29,48.93
5,24.18,85.05,48.93
5,23.73,84.86,49.34
4,23.32,85.34,48.77
2,21.31,87.74,45.02
4,22.92,85.82,48.15
4,22.52,86.3,47.52
4,22.12,86.78,46.9
4,21.72,87.26,46.27
2,21.31,87.74,45.65
2,21.79,88.14,45.02
3,23.4,86.23,48.15
8,22.61,82.3,48.77
6,22.13,81.9,48.15
2,21.66,81.5,47.52
7,23.02,81.82,48.77
6,22.54,81.42,48.15
2,22.06,81.02,47.52
8,23.49,82.22,48.77
7,23.97,82.63,49.32
7,24.45,83.03,49.32
8,23.09,82.7,48.77
7,23.57,83.11,49.32
6,24.05,83.51,49.32
9,21.24,86.86,45.02
15,21.64,86.38,46.27
9,21.24,86.86,45.65
18,21.16,85.98,46.27
14,20.76,86.46,45.65
7,21.08,85.1,46.27
14,20.68,85.58,45.65
12,20.76,86.46,45.02
13,20.68,85.58,45.02
8,23.17,83.58,48.77
7,23.65,83.99,48.77
14,21.56,85.5,46.9
10,21.96,85.02,47.52
9,22.37,84.54,48.15
8,22.77,84.06,48.77
15,22.04,85.9,46.9
12,22.44,85.42,47.52
9,22.84,84.94,48.15
7,23.25,84.46,48.77
8,22.21,82.78,48.15
5,21.73,82.38,47.52
8,22.69,83.18,48.15
2,21.01,84.22,46.9
5,21.41,83.74,47.52
8,21.81,83.26,48.15
4,21.33,82.86,47.52
3,21.49,84.62,46.9
6,21.89,84.14,47.52
9,22.29,83.66,48.15
3,20.61,84.7,45.65
5,20.61,84.7,45.02
10,22.68,88.12,41.79
9,23.11,88.12,42.43
4,22.68,87.92,42.49
2,22.7,87.77,43.19
4,22.12,87.92,41.86
2,21.3,87.63,41.27
2,25.68,79.55,41.19
2,25.51,79.55,41.35
2,25.59,79.61,41.35
2,25.83,79.8,40.88
4,21.29,87.63,40.86
4,21.71,87.35,40.64
7,22.12,87.92,41.2
8,21.3,87.92,40.75
13,22.67,88.12,41.08
19,22.11,88.12,40.56
14,22.2,87.84,40.44
4,21.33,88.07,44.16
4,21.81,88,44.08
6,21.34,88.17,44.02
8,21.84,88.14,43.95
4,23.11,87.95,43
4,22.74,87.95,43.13
9,22.77,88.13,43.06
8,22.2,88.13,43.57
9,23.13,88.13,42.94
8,24.46,87.93,47.53
7,25.34,88.12,47.54
3,24.51,88.12,46.9
11,23.59,88.12,42.43
8,24.01,88.13,42.97
23,27.76,85.15,49.93
22,27.76,85.31,49.94
23,29.18,88.09,49.95
25,29.4,87.96,49.95
20,27.35,85.67,49.74
20,27.6,85.9,49.94
23,27.54,85.24,49.74
23,27.55,85.43,49.74
22,27.8,85.65,49.94
20,28.45,88.12,49.77
25,28.45,88.02,49.94
23,28.01,88.12,49.78
25,28.01,88.03,49.94
24,27.78,88.12,49.83
22,27.57,87.93,49.61
23,27.55,87.86,49.75
24,27.76,87.88,49.94
18,27.99,88.12,49.39
18,27.58,88.12,49.01
20,27.57,87.92,49.3
17,26.94,86.14,49.51
18,27.19,86.36,49.74
19,27.44,86.62,49.94
21,27.3,87.65,49.51
22,27.51,87.51,49.75
22,27.72,87.34,49.94
16,26.98,86.58,49.51
16,27.02,87.02,49.51
17,27.06,87.46,49.51
18,27.23,86.82,49.75
19,27.27,87.3,49.75
19,27.48,87.12,49.94
19,27.14,85.9,49.51
20,27.39,86.12,49.74
20,27.64,86.36,49.94
9,25.7,87.13,48.61
8,25.5,87.37,48.61
7,25.29,87.67,48.15
10,26.19,88.12,48.17
7,25.3,87.92,48.17
9,26.18,87.55,48.93
9,25.94,87.33,48.61
8,25.98,87.92,48.64
9,25.97,87.72,48.93
8,25.74,87.58,48.61
15,26.86,87.67,49.24
14,26.86,88.12,48.66
14,26.86,87.92,48.96
17,27.11,88.12,48.67
17,27.1,87.92,48.96
19,27.09,87.76,49.24
12,26.66,88.12,48.67
9,26.38,87.92,48.64
12,26.66,87.92,48.97
12,26.65,87.77,49.24
10,26.42,87.7,48.93
19,27.31,88.12,48.67
19,27.31,87.92,48.96
19,27.3,87.65,49.24
17,27.06,87.46,49.24
11,26.38,87.3,48.93
11,26.62,87.5,48.93
16,27.02,87.02,49.24
13,26.82,87.26,48.93
14,26.78,86.82,49.24
12,26.58,87.06,48.93
16,26.98,86.58,49.24
21,29.17,88.12,49.77
21,29.39,88.12,49.77
5,24.45,77.94,40.42
29,24.89,77.89,40.42
1362,25.09,77.66,40.4
10,24.68,78.06,40.41
21982,25.73,77.45,40.39
15321,25.53,77.62,40.4
2023,25.66,77.79,40.72
539,26,77.91,40.75
543,25.76,77.76,40.79
333,25.78,77.93,40.75
365,25.32,77.77,40.72
145,25.56,77.95,40.75
26,25.46,78.06,40.72
140,25.12,78.02,40.42
6,25.14,78.2,40.6
3,25.36,78.18,40.72
6,25.56,77.94,40.88
4,25.68,78.04,40.88
700,24.86,77.52,40.39
31,24.65,77.7,40.4
4787,26.58,78.18,40.39
2,26.82,78.42,40.32
154,26.7,78.28,40.36
2526,25.88,77.77,40.72
6591,25.75,77.67,40.71
2278,26.22,77.84,40.71
30261,26.1,77.79,40.43
26220,25.97,77.58,40.4
29731,26.32,77.8,40.41
2,26.28,78.54,41.19
2,26.18,78.64,41.18
45,26,77.9,40.88
16,25.9,78.02,40.88
23,26.12,78,40.88
12,26.02,78.12,40.88
3,26.06,78.56,41.19
5,26.16,78.44,41.19
3,25.8,78.14,41.04
2,25.94,78.46,41.19
6,26.04,78.34,41.19
4,25.92,78.24,41.04
8,26.14,78.22,41.04
3,26.26,78.32,41.04
31026,26.34,77.98,40.44
208,26.24,78.1,40.72
203,26.22,77.9,40.76
382,26.46,78.14,40.62
75,26.36,78.2,40.72
24545,26.46,78.04,40.42
8,26.24,78.1,40.88
3,26.36,78.2,40.88
9,26.48,78.3,40.72
156,26.58,78.2,40.61
22,26.7,78.29,40.59
2,25.37,79.62,41.35
2,25.49,79.72,41.35
2,25.37,79.62,41.19
2,25.71,79.7,41.19
2,25.49,79.72,41.19
2,25.71,79.7,41.04
2,25.49,79.72,41.04
2,25.83,79.8,41.19
2,25.83,79.8,41.04
2,21.31,87.79,44.52
4,22.17,87.96,43.67
2,21.77,87.84,43.92
3,22.72,87.84,43.8
3,21.78,87.84,44.21
4,21.79,88.15,44.47
7,21.24,86.86,44.4
4,21.24,86.86,43.77
9,20.76,86.46,44.4
11,20.68,85.58,44.4
5,20.76,86.46,43.77
7,20.68,85.58,43.77
6,20.61,84.7,44.4
6,20.61,84.7,43.77
2,20.53,83.82,43.77
2,22.21,87.6,43.14
6,21.64,86.38,43.15
3,21.64,86.38,42.52
5,21.16,85.98,43.15
5,21.08,85.1,43.15
2,21.16,85.98,42.52
2,21.08,85.1,42.52
5,21.01,84.22,43.15
2,21.01,84.22,42.52
25,27.96,84.94,49.92
24,27.72,84.74,49.91
23,27.48,84.54,49.9
22,27.24,84.34,49.89
24,27.51,84.98,49.72
23,27.3,85.22,49.51
20,27.1,85.46,49.51
20,27.14,85.9,49.24
18,26.9,85.7,49.24
16,26.7,85.94,49.24
17,26.94,86.14,49.24
15,26.5,86.18,48.93
15,26.74,86.38,48.93
13,26.3,86.42,48.93
13,26.54,86.62,48.93
12,26.1,86.65,48.61
13,26.34,86.86,48.61
10,25.9,86.89,48.61
11,26.14,87.1,48.61
7,25.3,87.66,47.52
23,27.27,84.78,49.71
22,27.03,84.58,49.71
21,27.06,85.02,49.5
20,26.83,84.82,49.5
19,26.87,85.26,49.51
17,26.63,85.05,49.5
17,26.66,85.5,49.24
16,26.42,85.3,49.24
13,26.22,85.53,49.24
15,26.46,85.74,49.24
12,26.02,85.77,48.93
13,26.26,85.98,48.93
10,25.82,86.01,48.93
12,26.06,86.21,48.93
9,25.62,86.25,48.61
10,25.86,86.45,48.61
9,25.42,86.49,48.61
9,25.66,86.69,48.61
8,25.24,86.95,48.15
6,24.83,87.41,47.52
4,24.42,87.7,46.9
6,26.08,81.03,49.88
4,25.59,80.66,49.68
2,24.11,79.74,48.14
3,25.1,80.31,49.32
2,24.62,79.93,48.77
5,25.18,81.15,49.68
5,24.7,80.79,49.32
4,24.22,80.39,48.77
2,23.74,80.02,48.15
17,26.15,81.95,49.88
8,25.66,81.57,49.68
24,26.63,82.37,49.88
2,23.95,87.48,46.27
11,25.75,85.13,49.24
14,26.19,85.09,49.24
12,25.98,85.33,49.24
13,25.95,84.89,49.24
10,25.54,85.37,48.93
10,25.34,85.61,48.93
10,25.78,85.57,48.93
10,25.58,85.81,48.93
10,25.14,85.85,48.61
10,24.94,86.09,48.61
9,25.38,86.05,48.61
10,25.18,86.29,48.61
8,24.76,86.55,48.15
6,24.36,87.03,47.52
5,23.95,87.47,47.21
11,25.51,84.93,49.24
12,25.27,84.73,49.24
12,25.71,84.69,49.24
12,25.47,84.49,49.24
11,25.3,85.17,48.93
11,25.1,85.41,48.93
11,25.07,84.97,48.93
10,24.86,85.21,48.93
10,24.9,85.65,48.61
9,24.7,85.89,48.61
6,24.46,85.69,48.61
8,24.66,85.45,48.61
6,24.28,86.15,48.15
4,23.88,86.63,47.52
2,23.48,87.11,46.9
23,26.7,83.26,49.88
21,26.51,83.73,49.68
20,26.27,83.53,49.68
24,27.18,83.67,49.88
22,26.75,83.93,49.68
23,26.99,84.14,49.68
20,26.55,84.18,49.48
22,26.79,84.38,49.49
18,26.35,84.41,49.24
19,26.59,84.62,49.24
16,26.39,84.86,49.24
15,26.15,84.65,49.24
18,26.07,83.77,49.48
19,26.31,83.98,49.48
15,25.87,84.01,49.24
16,26.11,84.21,49.24
14,25.91,84.45,49.24
13,25.67,84.25,49.24
7,24.78,81.67,49.32
7,24.3,81.27,48.77
6,23.82,80.87,48.15
4,23.34,80.46,47.52
7,24.37,82.15,49.32
8,23.9,81.75,48.77
7,23.42,81.34,48.15
4,22.94,80.94,47.52
15,25.74,82.46,49.68
9,25.26,82.07,49.32
21,26.21,82.87,49.68
19,26.03,83.33,49.48
17,25.79,83.13,49.48
11,25.33,82.94,49.68
15,25.59,83.37,49.48
8,24.85,82.55,49.32
17,25.79,83.13,49.24
15,25.59,83.37,49.24
19,26.03,83.33,49.24
16,25.83,83.57,49.24
8,24.93,83.43,49.32
12,25.39,83.61,48.93
13,25.63,83.81,48.93
11,25.19,83.85,48.93
12,25.43,84.05,48.93
10,25.03,84.53,48.93
11,25.23,84.29,48.93
8,24.79,84.33,48.93
10,24.99,84.09,48.93
6,24.53,83.91,49.32
8,24.83,84.77,48.61
7,24.59,84.57,48.61
7,24.63,85.01,48.61
6,24.39,84.81,48.61
6,24.13,84.39,48.77
5,24.22,85.49,48.61
6,24.42,85.25,48.61
4,23.98,85.29,48.61
5,24.18,85.05,48.61
4,23.8,85.75,48.15
6,23.32,85.34,48.15
5,23.73,84.87,48.77
5,21.72,87.26,45.02
7,22.92,85.82,47.52
8,22.52,86.3,46.9
8,22.12,86.78,46.27
5,21.72,87.26,45.65
4,22.2,87.66,45.02
4,23.08,87.58,45.02
4,23.4,86.23,47.52
3,23,86.7,46.9
3,22.6,87.18,46.27
3,22.2,87.66,45.65
3,23.48,87.11,46.27
2,23.08,87.58,45.64
8,22.61,82.3,48.15
5,22.13,81.9,47.52
8,23.02,81.82,48.15
5,22.54,81.42,47.52
8,23.49,82.22,48.15
7,23.97,82.63,48.77
7,24.45,83.03,48.77
8,23.09,82.7,48.15
7,23.57,83.11,48.77
7,24.05,83.51,48.77
17,21.64,86.38,45.02
18,22.04,85.9,46.27
17,21.64,86.38,45.65
17,21.56,85.5,46.27
18,21.16,85.98,45.65
3,21.49,84.62,46.27
11,21.08,85.1,45.65
18,21.16,85.98,45.02
13,21.08,85.1,45.02
9,23.17,83.58,48.15
8,23.65,83.99,48.15
10,21.96,85.02,46.9
8,22.37,84.54,47.52
9,22.77,84.06,48.15
16,22.44,85.42,46.9
12,22.84,84.94,47.52
9,23.25,84.46,48.15
7,22.21,82.78,47.52
3,21.73,82.38,46.9
8,22.69,83.18,47.52
3,21.41,83.74,46.9
6,21.81,83.26,47.52
2,21.33,82.86,46.9
4,21.89,84.14,46.9
7,22.29,83.66,47.52
2,21.73,82.38,46.27
4,21.89,84.14,46.27
2,21.41,83.74,46.27
2,21.01,84.22,45.65
4,21.01,84.22,45.02
4,23.54,87.76,43.19
11,23.09,88.12,41.78
4,22.67,87.92,41.86
4,23.09,87.92,42.49
2,22.66,87.74,42.52
3,23.07,87.55,43.15
3,21.89,84.14,41.9
2,25.81,79.61,41.19
2,25.67,79.55,41.35
2,25.37,79.62,41.5
2,25.41,79.54,41.73
2,25.51,79.55,41.51
2,25.49,79.72,41.5
2,25.71,79.7,41.35
2,25.59,79.61,41.5
2,25.83,79.8,41.35
2,24.84,79.89,41.74
2,25.61,79.82,40.88
2,25.73,79.92,40.88
2,25.95,79.9,40.88
2,25.32,80.29,40.86
2,22.21,87.59,41.27
2,21.71,87.29,40.86
7,22.2,87.69,40.63
7,22.67,87.92,41.2
11,22.11,87.92,40.74
13,23.08,88.12,41.07
17,22.67,88.12,40.56
14,23.57,88.12,41.07
19,22.66,88.04,40.44
3,22.6,87.34,40.44
2,23,86.8,40.44
5,21.81,88.21,44.16
4,22.23,88,44.08
6,21.82,88.24,44.02
8,22.27,88.14,43.95
5,23.57,87.96,43.13
5,22.77,88.01,43.71
9,22.81,88.15,43.63
10,23.6,88.13,43.08
9,23.75,88.15,44.32
9,23.46,88.23,44.34
4,22.68,87.83,44.23
6,23.4,88.19,44.48
2,22.67,88.06,45.02
4,23.5,87.8,45.01
3,24.44,87.7,46.28
7,23.72,88.02,44.39
5,24.53,88.12,46.27
3,24.09,88.12,45.6
4,23.73,88.14,44.96
10,24.06,88.13,44.45
8,24.48,88.13,43.73
6,25.32,87.92,47.53
3,24.46,87.93,46.9
10,26.19,88.12,47.53
7,25.33,88.12,46.9
4,23.99,87.94,43.01
5,23.57,87.92,42.49
9,24,88.12,42.44
12,23.58,88.12,41.78
8,24.5,88.12,43.1
25,28.21,85.3,49.93
26,28.2,85.13,49.92
24,27.99,85.23,49.93
25,27.75,85.15,49.73
24,27.75,85.31,49.74
24,28,85.41,49.93
29,28.64,84.87,49.9
33,29.57,84.81,49.89
24,29.67,88.07,49.95
20,28.88,88.12,49.78
25,28.92,87.99,49.95
18,28.44,88.12,49.39
24,29.12,87.9,49.75
27,29.6,87.67,49.95
25,29.34,87.79,49.75
27,29.13,87.73,49.95
22,27.34,85.66,49.51
22,27.59,85.88,49.74
22,27.84,86.11,49.94
24,27.54,85.42,49.51
24,27.79,85.63,49.74
23,28.04,85.85,49.94
27,28.86,87.47,49.94
27,28.66,87.8,49.94
27,28.21,87.83,49.94
22,28.42,87.93,49.61
23,28.42,87.84,49.75
22,27.99,87.93,49.61
23,27.99,87.85,49.75
23,27.76,87.93,49.66
21,27.54,87.75,49.51
24,27.75,87.72,49.75
24,27.96,87.57,49.94
18,27.98,88.12,49
21,27.98,87.92,49.3
19,27.57,88.12,48.66
19,27.57,87.92,48.96
20,27.55,87.75,49.24
22,27.9,86.81,49.94
19,27.18,86.34,49.51
20,27.43,86.57,49.74
21,27.5,87.42,49.51
23,27.71,87.24,49.75
19,27.22,86.78,49.51
19,27.26,87.22,49.51
20,27.47,87.03,49.75
21,27.38,86.1,49.51
21,27.63,86.32,49.74
19,27.22,86.78,49.24
13,26.99,88.12,48.17
9,26.18,87.92,48.15
9,25.97,87.72,48.61
9,26.18,87.55,48.61
9,25.72,87.36,48.15
13,26.86,87.92,48.63
13,26.86,87.67,48.93
15,27.1,87.92,48.63
16,27.09,87.76,48.93
11,26.65,87.92,48.63
11,26.65,87.77,48.93
10,26.42,87.7,48.61
18,27.3,87.92,48.63
18,27.3,87.65,48.93
21,27.5,87.42,49.24
19,27.26,87.22,49.24
15,27.06,87.46,48.93
11,26.38,87.3,48.61
11,26.62,87.5,48.61
15,27.02,87.02,48.93
13,26.82,87.26,48.61
14,26.78,86.82,48.93
12,26.58,87.06,48.61
22,27.38,86.1,49.24
19,27.18,86.34,49.24
16,26.98,86.58,48.93
24,29.12,87.93,49.61
24,29.33,87.93,49.61
20,29.14,88.12,49.38
22,29.66,88.12,49.76
22,29.35,88.12,49.38
33,30.43,85.64,49.92
34,30.66,85.42,49.9
3,24,77.79,40.4
9835,25.3,77.49,40.39
11,24.88,77.81,40.7
288,25.09,77.62,40.73
20438,25.72,77.31,40.39
1969,25.73,77.45,40.76
2095,25.53,77.59,40.74
190,25.66,77.84,40.77
326,25.88,77.82,40.78
583,26.09,77.81,40.78
166,25.76,77.71,40.89
22,25.66,77.82,40.88
54,25.88,77.8,40.88
20,25.78,77.92,40.88
19,25.33,77.87,40.85
3,25.13,78.09,40.8
2,25.56,77.94,41.04
3,25.68,78.04,41.04
1053,24.85,77.37,40.39
128,24.86,77.51,40.74
11,24.35,77.52,40.39
8,24.65,77.66,40.73
1588,26.68,78.1,40.41
8,26.81,78.35,40.34
103,26.8,78.16,40.39
4982,26.11,77.77,40.71
3484,25.97,77.56,40.74
10930,26.32,77.79,40.71
24580,26.44,77.87,40.44
24123,26.17,77.42,40.39
29215,26.32,77.73,40.39
28571,26.2,77.66,40.39
2,26.28,78.54,41.35
2,26.19,78.61,41.34
85,26.1,77.79,40.88
31,26.22,77.88,40.88
21,26,77.9,41.04
11,25.9,78.02,41.04
16,26.12,78,41.04
11,26.02,78.12,41.04
10,26.14,78.22,41.19
5,26.26,78.32,41.19
3,26.06,78.56,41.35
5,26.16,78.44,41.35
6,25.8,78.14,41.19
3,25.94,78.46,41.35
2,25.82,78.36,41.19
7,26.04,78.34,41.35
6,25.92,78.24,41.19
2,25.41,79.54,42.05
2,24.84,79.89,42.05
12,26.24,78.1,41.19
4,26.36,78.2,41.19
8,26.24,78.1,41.04
2,26.36,78.2,41.04
281,26.34,77.99,40.74
690,26.32,77.82,40.79
13776,26.56,77.96,40.44
177,26.46,78.09,40.72
12,26.34,77.98,40.88
5,26.46,78.08,40.88
8,26.58,78.18,40.72
67,26.68,78.12,40.63
17,26.8,78.18,40.61
2,26.92,78.27,40.59
2,25.93,79.68,41.19
2,25.93,79.68,41.04
2,25.61,79.82,41.35
2,25.28,79.85,41.43
2,25.73,79.92,41.35
2,25.61,79.82,41.19
2,25.61,79.82,41.04
2,25.28,79.85,41.11
2,25.73,79.92,41.19
2,25.73,79.92,41.04
2,25.95,79.9,41.19
2,25.95,79.9,41.04
2,25.08,80.09,41.43
2,25.08,80.09,41.11
2,25.32,80.29,41.11
5,24.44,87.71,43.16
5,23.53,87.83,43.79
5,23.52,87.85,44.37
4,21.72,87.26,44.4
3,21.72,87.28,43.76
3,22.2,87.62,43.78
4,23.08,87.58,43.78
4,22.19,87.82,44.54
3,22.2,87.59,44.34
5,23.07,87.59,44.39
15,21.64,86.38,44.4
11,21.64,86.38,43.77
15,21.16,85.98,44.4
12,21.08,85.1,44.4
11,21.16,85.98,43.77
11,21.08,85.1,43.77
6,21.01,84.22,44.4
7,21.01,84.22,43.77
3,23.82,80.87,42.52
6,22.12,86.78,43.15
3,22.6,87.18,42.52
3,22.12,86.78,42.52
5,22.6,87.18,43.15
11,22.04,85.9,43.15
7,22.04,85.9,42.52
10,21.56,85.5,43.15
8,21.49,84.62,43.15
6,21.56,85.5,42.52
5,21.49,84.62,42.52
10,21.89,84.14,43.15
7,21.89,84.14,42.52
2,22.21,82.78,41.9
6,21.41,83.74,43.15
3,21.41,83.74,42.52
37,30.72,84.27,49.88
35,30.05,84.32,49.88
32,29.06,84.4,49.88
27,28.15,84.48,49.89
27,27.95,84.94,49.72
26,27.71,84.74,49.71
26,27.66,84.07,49.88
25,27.47,84.54,49.7
24,27.23,84.34,49.69
25,27.51,84.98,49.5
25,27.54,85.42,49.24
22,27.34,85.66,49.24
24,27.31,85.22,49.24
21,27.1,85.46,49.24
19,27.14,85.9,48.93
18,26.9,85.7,48.93
16,26.7,85.94,48.93
17,26.94,86.14,48.93
15,26.5,86.18,48.61
15,26.74,86.38,48.61
14,26.3,86.42,48.61
14,26.54,86.62,48.61
13,26.12,86.87,48.15
9,25.72,87.36,47.52
7,25.3,87.66,46.9
24,27.27,84.78,49.49
23,27.03,84.58,49.49
22,27.07,85.02,49.24
21,26.83,84.82,49.24
19,26.86,85.26,49.24
18,26.63,85.06,49.24
17,26.66,85.5,48.93
16,26.42,85.3,48.93
14,26.22,85.53,48.93
15,26.46,85.74,48.93
12,26.02,85.77,48.61
14,26.26,85.98,48.61
11,25.82,86.01,48.61
12,26.06,86.21,48.61
10,25.64,86.47,48.15
8,25.24,86.95,47.52
6,24.83,87.41,46.9
8,24.84,87.41,46.27
25,27.04,81.88,49.88
17,26.56,81.45,49.88
3,26.5,80.5,49.88
7,26.07,81.08,49.68
2,26,80.15,49.68
2,25.5,79.88,49.32
26,27.11,82.78,49.88
28,27.59,83.19,49.88
5,25.58,80.71,49.32
2,24.11,79.74,47.52
4,25.1,80.31,48.77
3,24.62,79.93,48.15
6,25.18,81.19,49.32
6,24.7,80.79,48.77
5,24.22,80.39,48.15
2,23.74,80.02,47.52
17,26.14,81.98,49.68
9,25.66,81.59,49.32
24,26.62,82.38,49.68
5,23.95,87.49,45.65
8,24.36,87.03,46.27
11,25.75,85.13,48.93
14,26.19,85.09,48.93
12,25.98,85.33,48.93
12,25.95,84.89,48.93
10,25.54,85.37,48.61
10,25.34,85.61,48.61
10,25.78,85.57,48.61
10,25.58,85.81,48.61
8,25.16,86.07,48.15
7,24.76,86.55,47.52
6,24.36,87.03,46.9
10,25.51,84.93,48.93
11,25.27,84.73,48.93
11,25.71,84.69,48.93
11,25.47,84.49,48.93
10,25.3,85.17,48.61
10,25.1,85.41,48.61
9,25.07,84.97,48.61
9,24.86,85.21,48.61
7,24.68,85.67,48.15
6,24.28,86.15,47.52
5,23.88,86.63,46.9
24,26.69,83.27,49.68
22,26.51,83.74,49.48
20,26.27,83.53,49.48
27,27.17,83.67,49.68
23,26.75,83.94,49.48
25,26.99,84.14,49.48
25,26.75,83.94,49.24
26,26.99,84.14,49.24
21,26.55,84.18,49.24
23,26.79,84.38,49.24
18,26.35,84.41,48.93
20,26.59,84.62,48.93
16,26.39,84.86,48.93
14,26.15,84.65,48.93
21,26.27,83.53,49.24
23,26.51,83.74,49.24
18,26.07,83.77,49.24
20,26.31,83.97,49.24
14,25.87,84.01,48.93
16,26.11,84.21,48.93
13,25.91,84.45,48.93
12,25.67,84.25,48.93
3,23.34,80.46,46.27
8,24.78,81.67,48.77
9,24.3,81.27,48.15
7,23.82,80.87,47.52
3,23.34,80.46,46.9
3,22.94,80.94,46.27
8,24.37,82.15,48.77
9,23.9,81.75,48.15
8,23.42,81.34,47.52
4,22.94,80.94,46.9
15,25.73,82.47,49.32
11,25.26,82.07,48.77
21,26.21,82.87,49.32
11,25.33,82.95,49.32
9,24.85,82.55,48.77
17,25.79,83.13,48.93
14,25.59,83.37,48.93
19,26.03,83.33,48.93
16,25.83,83.57,48.93
9,24.93,83.43,48.77
11,25.39,83.61,48.61
13,25.63,83.81,48.61
10,25.19,83.85,48.61
11,25.43,84.05,48.61
9,25.03,84.53,48.61
8,24.79,84.33,48.61
9,24.99,84.09,48.61
10,25.23,84.29,48.61
7,24.53,83.91,48.77
7,24.61,84.79,48.15
7,24.13,84.39,48.15
7,23.8,85.75,47.52
6,24.2,85.27,48.15
10,23.32,85.34,47.52
7,23.73,84.87,48.15
13,22.12,86.78,45.02
13,22.92,85.82,46.9
14,22.52,86.3,46.27
12,22.12,86.78,45.65
9,22.6,87.18,45.02
13,23.48,87.11,45.02
8,23.4,86.23,46.9
8,23,86.7,46.27
6,22.6,87.18,45.65
11,23.88,86.63,46.27
8,23.48,87.11,45.65
2,22.13,81.9,46.27
7,22.61,82.3,47.52
3,22.13,81.9,46.9
3,22.54,81.42,46.27
8,23.02,81.82,47.52
3,22.54,81.42,46.9
9,23.49,82.22,47.52
8,23.97,82.63,48.15
8,24.45,83.03,48.15
9,23.09,82.7,47.52
8,23.57,83.11,48.15
8,24.05,83.51,48.15
20,22.04,85.9,45.02
18,22.44,85.42,46.27
20,22.04,85.9,45.65
13,21.96,85.02,46.27
19,21.56,85.5,45.65
8,21.49,84.62,45.65
19,21.56,85.5,45.02
11,21.49,84.62,45.02
9,23.17,83.58,47.52
10,23.65,83.99,47.52
11,22.37,84.54,46.27
17,22.84,84.94,46.27
8,22.37,84.54,46.9
8,22.77,84.06,47.52
14,22.84,84.94,46.9
12,23.25,84.46,47.52
5,22.25,83.22,46.58
7,21.89,84.14,45.65
11,21.89,84.14,45.02
3,21.41,83.74,45.65
5,21.41,83.74,45.02
13,23.97,88.12,41.06
3,23.55,87.72,42.52
6,23.95,87.49,43.15
5,23.08,87.92,41.85
2,22.66,87.74,41.9
8,23.48,87.11,43.15
2,23.07,87.54,42.52
3,21.96,85.02,41.9
3,22.04,85.9,41.9
5,22.69,83.18,41.9
4,22.29,83.66,41.9
6,22.37,84.54,41.9
2,25.81,79.61,41.35
2,25.67,79.55,41.5
2,25.93,79.69,41.35
2,26.02,79.63,41.35
2,25.28,79.85,41.74
2,25.61,79.82,41.5
2,25.71,79.7,41.5
2,25.51,79.65,41.74
3,25.73,79.92,41.5
2,25.95,79.9,41.35
2,25.83,79.8,41.5
3,25.32,80.29,41.43
3,25.08,80.09,42.05
2,24.64,80.13,42.05
3,25.08,80.09,41.74
2,24.64,80.13,41.74
11,24.3,81.27,42.52
5,23.9,81.75,41.9
2,25.53,80.05,40.85
2,25.85,80.02,40.88
2,25.97,80.12,40.76
2,25.97,80.12,40.88
2,26.07,80,40.88
2,25.12,80.53,40.86
2,25.56,80.49,40.86
2,25.8,80.69,40.64
2,25.6,80.93,40.64
3,22.66,87.74,41.27
3,22.2,87.59,40.86
10,22.66,87.86,40.63
2,22.6,87.24,40.64
7,23.08,87.92,41.19
10,22.67,87.92,40.74
7,23.56,87.92,41.19
18,23.48,88.12,40.56
14,23.51,87.62,40.44
5,22.63,88.03,44.07
5,22.24,88.05,44.16
9,22.68,88.15,43.96
8,22.28,88.16,44.02
10,23.47,88.27,44.03
10,23.63,88.15,43.69
6,23.59,88.03,43.72
5,23.28,88.11,44.36
4,22.69,88.1,44.45
2,23.47,88.41,44.06
9,23.37,88.22,44.04
3,24.49,87.92,46.27
2,24.03,87.93,45.63
3,23.65,87.99,45.01
6,24.46,87.69,45.65
8,23.95,87.49,45.02
7,24.01,87.95,44.48
5,24.46,87.95,43.76
8,25.32,88.12,46.27
7,24.55,88.12,45.63
8,24.08,88.12,44.97
8,24.51,88.12,44.36
9,25.32,88.12,43.76
8,25.3,87.66,46.27
10,26.18,87.64,47.52
9,26.19,87.92,47.53
6,25.31,87.92,46.9
11,27.01,88.12,47.53
10,26.18,88.12,46.91
5,24.48,87.94,43.13
4,23.98,87.92,42.49
6,23.57,87.92,41.85
4,24.46,87.69,42.52
16,24.5,88.12,41.07
9,24.52,88.12,42.46
10,23.98,88.12,41.78
9,25.32,88.12,43.12
27,28.46,85.38,49.93
28,28.2,85.29,49.73
27,28.49,85.22,49.92
28,28.19,85.12,49.72
27,27.98,85.23,49.73
27,27.75,85.18,49.5
25,28.24,85.6,49.94
26,27.99,85.4,49.73
32,30.15,85.89,49.94
32,29.91,86.13,49.94
33,30.12,85.39,49.91
34,30.14,85.1,49.89
30,29.17,85.42,49.92
31,29.14,85.12,49.9
32,28.62,84.87,49.7
36,29.52,84.81,49.69
25,29.58,87.88,49.75
26,29.89,87.92,49.95
29,29.8,87.35,49.94
19,28.86,88.12,49.38
23,28.84,87.93,49.61
24,28.88,87.82,49.75
17,28.43,88.12,49
22,28.42,87.93,49.3
26,29.09,87.77,49.51
27,29.54,87.55,49.75
28,29.33,87.42,49.94
27,29.3,87.68,49.51
26,29.09,87.59,49.75
28,29.07,87.18,49.94
29,29.27,86.9,49.94
25,28.3,86.29,49.94
23,27.58,85.86,49.51
23,27.83,86.08,49.74
26,27.78,85.62,49.51
25,28.03,85.83,49.74
26,27.78,85.62,49.24
24,27.58,85.86,49.24
26,28.39,87.27,49.94
26,28.84,87.37,49.75
24,28.63,87.65,49.75
24,28.4,87.72,49.51
22,27.97,87.73,49.51
24,28.19,87.68,49.75
22,27.74,87.61,49.51
24,27.95,87.46,49.75
22,27.74,87.61,49.24
17,27.98,88.12,48.66
20,27.98,87.92,48.95
22,27.97,87.73,49.24
21,27.56,88.12,48.18
20,27.55,87.75,48.93
19,27.57,87.92,48.63
21,27.42,86.54,49.51
23,27.7,87.18,49.51
21,27.46,86.98,49.51
23,27.62,86.3,49.51
23,27.89,86.75,49.74
23,27.7,87.18,49.24
21,27.46,86.98,49.24
18,27.22,86.78,48.93
21,27.42,86.54,49.24
23,27.62,86.3,49.24
12,26.99,87.92,48.16
14,27.09,87.76,48.61
11,26.65,87.77,48.61
9,26.19,87.64,48.15
12,26.86,87.67,48.61
21,27.5,87.42,48.93
17,27.3,87.65,48.61
18,27.26,87.22,48.93
14,27.06,87.46,48.61
15,27.02,87.02,48.61
14,26.78,86.82,48.61
12,26.6,87.29,48.14
17,27.22,86.78,48.61
21,27.38,86.1,48.93
18,27.18,86.34,48.93
16,26.98,86.58,48.61
29,29.53,87.12,49.94
30,29.74,86.85,49.94
25,29.11,87.93,49.29
25,29.59,87.93,49.61
25,29.32,87.93,49.29
23,29.88,88.12,49.75
17,29.12,88.12,48.99
23,29.61,88.12,49.36
19,29.32,88.12,48.99
35,30.3,85.63,49.74
35,30.49,85.42,49.71
32,30.18,86.34,49.95
32,30.42,86.1,49.95
34,30.66,85.84,49.94
35,30.79,85.41,49.72
36,30.78,84.97,49.79
36,30.52,84.74,49.88
37,30.78,84.26,49.54
2,23.52,77.38,40.39
16775,25.49,77.17,40.39
10784,25.28,77.34,40.39
815,25.3,77.48,40.75
14,25.09,77.68,40.89
19578,25.93,77.13,40.39
22579,26.16,77.27,40.39
1530,25.72,77.3,40.8
125,25.74,77.49,40.94
89,25.53,77.65,40.9
213,25.97,77.62,40.91
26,25.76,77.7,41.04
8,25.66,77.82,41.04
23,25.88,77.8,41.04
10,25.78,77.92,41.04
3,25.33,77.85,41.11
6,25.56,77.94,41.19
2,25.46,78.06,41.19
6,25.68,78.04,41.19
2,25.58,78.16,41.19
7086,25.05,77.21,40.39
12933,25.25,76.97,40.39
9,24.86,77.55,40.92
175,24.42,77.21,40.39
126,24.85,77.37,40.78
2,24.34,77.5,40.76
5,24.88,80.33,42.36
3,25.28,79.85,42.05
4,25.08,80.09,42.36
2,25.51,79.65,42.05
1654,26.68,78.03,40.42
21,26.94,78.05,40.41
3,26.92,78.27,40.36
4021,26.44,77.83,40.72
2688,26.17,77.42,40.77
10645,26.32,77.72,40.7
6438,26.2,77.66,40.71
11869,26.65,77.74,40.41
22840,26.41,77.54,40.39
18853,26.37,77.1,40.39
17941,26.14,76.95,40.39
2,26.38,78.42,41.35
2,26.48,78.3,41.35
2,26.28,78.54,41.51
2,26.18,78.59,41.5
241,26.2,77.67,40.9
170,26.32,77.77,40.88
31,26.1,77.78,41.04
17,26.22,77.88,41.04
26,26,77.9,41.19
15,25.9,78.02,41.19
20,26.12,78,41.19
14,26.02,78.12,41.19
15,26.24,78.1,41.35
7,26.36,78.2,41.35
11,26.14,78.22,41.35
6,26.26,78.32,41.35
3,26.06,78.55,41.5
4,26.16,78.44,41.5
8,25.8,78.14,41.35
2,25.7,78.26,41.35
3,25.94,78.46,41.5
2,25.82,78.36,41.35
6,26.04,78.34,41.5
7,25.92,78.24,41.35
2,25.41,79.54,42.36
2,24.84,79.89,42.36
3,24.64,80.13,42.36
3,24.22,80.39,42.52
6,23.82,80.87,43.15
12,26.34,77.98,41.19
4,26.46,78.08,41.19
7,26.34,77.98,41.04
2,26.46,78.08,41.04
261,26.44,77.88,40.77
182,26.56,77.97,40.75
21,26.44,77.86,40.88
5,26.56,77.96,40.88
31,26.68,78.07,40.73
9,26.93,78.07,40.64
2,26.05,79.78,41.19
2,26.05,79.78,41.04
2,26.15,79.67,41.19
2,26.26,79.63,41.31
2,26.37,79.65,41.19
3,25.85,80.02,41.35
3,25.52,80.05,41.43
2,25.85,80.02,41.19
2,25.85,80.02,41.04
2,25.52,80.05,41.11
3,25.97,80.12,41.35
3,26.07,80,41.35
3,25.97,80.12,41.19
2,26.07,80,41.19
2,25.97,80.12,41.04
2,26.07,80,41.04
2,24.88,80.33,41.43
2,24.88,80.33,41.11
4,25.12,80.53,41.43
3,25.56,80.49,41.11
3,25.12,80.53,41.11
2,24.3,81.27,41.27
9,24.83,87.41,43.15
6,24.41,87.72,43.77
7,24.43,87.71,44.38
6,25.3,87.66,43.15
7,23.95,87.49,43.77
9,23.95,87.49,44.4
12,22.12,86.78,44.4
9,22.12,86.78,43.77
8,22.6,87.18,43.77
12,23.48,87.11,43.77
9,22.6,87.18,44.4
14,23.48,87.11,44.4
19,22.04,85.9,44.4
17,22.04,85.9,43.77
19,21.56,85.5,44.4
13,21.49,84.62,44.4
16,21.56,85.5,43.77
13,21.49,84.62,43.77
13,21.89,84.14,44.4
13,21.89,84.14,43.77
7,21.41,83.74,44.4
8,21.41,83.74,43.77
6,23.42,81.34,43.15
2,22.61,82.3,41.9
2,23.02,81.82,41.9
3,23.42,81.34,42.52
11,23.9,81.75,42.52
11,22.52,86.3,43.15
8,23,86.7,42.52
8,22.52,86.3,42.52
11,23,86.7,43.15
14,22.4,84.98,42.83
8,22.25,83.22,42.83
17,23.9,81.75,43.15
16,24.3,81.27,43.15
33,30.78,83.85,49.57
37,30.53,84.27,49.68
37,30.48,83.84,49.88
35,29.51,83.92,49.88
37,29.95,84.32,49.68
31,28.57,83.99,49.88
35,29.03,84.4,49.68
30,28.07,83.59,49.88
30,28.14,84.48,49.69
29,27.95,84.94,49.5
28,27.71,84.74,49.49
29,27.65,84.08,49.68
27,27.47,84.54,49.49
26,27.23,84.34,49.48
30,27.95,84.94,49.24
29,27.71,84.74,49.24
28,27.75,85.18,49.24
27,27.51,84.98,49.24
25,27.54,85.42,48.93
22,27.34,85.66,48.93
24,27.31,85.22,48.93
21,27.1,85.46,48.93
19,27.14,85.9,48.61
18,26.9,85.7,48.61
17,26.7,85.94,48.61
17,26.94,86.14,48.61
16,26.52,86.4,48.15
15,26.12,86.87,47.52
12,25.72,87.36,46.9
28,27.47,84.54,49.24
27,27.23,84.34,49.24
25,27.27,84.78,49.24
24,27.03,84.58,49.24
22,27.07,85.02,48.93
21,26.83,84.82,48.93
20,26.86,85.26,48.93
18,26.63,85.06,48.93
17,26.66,85.5,48.61
16,26.42,85.3,48.61
14,26.22,85.53,48.61
16,26.46,85.74,48.61
14,26.04,85.99,48.15
13,25.64,86.47,47.52
11,25.24,86.95,46.9
16,25.24,86.95,46.27
12,24.84,87.41,45.65
29,27.52,82.29,49.88
31,28,82.7,49.88
22,27.45,81.38,49.88
25,27.02,81.9,49.68
11,26.97,80.95,49.88
17,26.55,81.49,49.68
4,26.47,80.58,49.68
9,26.06,81.11,49.32
2,25.04,79.71,48.15
3,25.98,80.23,49.32
2,25.5,79.88,48.77
28,27.1,82.79,49.68
30,27.58,83.19,49.68
2,24.11,79.74,46.27
7,25.58,80.71,48.77
2,24.11,79.74,46.89
5,25.1,80.31,48.15
3,24.62,79.93,47.52
2,23.74,80.02,46.27
8,25.18,81.19,48.77
7,24.7,80.79,48.15
5,24.22,80.39,47.52
2,23.74,80.02,46.9
17,26.14,81.99,49.32
12,25.66,81.59,48.77
25,26.61,82.4,49.32
14,24.36,87.03,45.65
18,24.36,87.03,45.02
16,24.28,86.15,46.27
16,24.76,86.55,46.27
10,25.75,85.13,48.61
14,26.19,85.09,48.61
12,25.98,85.33,48.61
12,25.95,84.89,48.61
10,25.56,85.59,48.15
9,25.16,86.07,47.52
10,24.76,86.55,46.9
10,25.51,84.93,48.61
10,25.27,84.73,48.61
11,25.71,84.69,48.61
10,25.47,84.49,48.61
8,25.08,85.19,48.15
8,24.68,85.67,47.52
10,24.28,86.15,46.9
26,26.69,83.28,49.32
29,27.17,83.68,49.32
26,26.75,83.94,48.93
27,26.99,84.14,48.93
22,26.55,84.18,48.93
24,26.79,84.38,48.93
18,26.35,84.41,48.61
20,26.59,84.62,48.61
16,26.39,84.86,48.61
14,26.15,84.65,48.61
22,26.27,83.53,48.93
24,26.51,83.74,48.93
18,26.07,83.77,48.93
20,26.31,83.97,48.93
14,25.87,84.01,48.61
16,26.11,84.21,48.61
12,25.91,84.45,48.61
11,25.67,84.25,48.61
2,23.34,80.46,45.65
11,23.82,80.87,44.4
2,23.34,80.46,45.02
2,22.94,80.94,45.02
2,22.94,80.94,45.65
10,23.82,80.87,46.27
10,24.78,81.67,48.15
10,24.3,81.27,47.52
9,23.82,80.87,46.9
10,23.42,81.34,46.27
9,24.37,82.15,48.15
10,23.9,81.75,47.52
9,23.42,81.34,46.9
16,25.73,82.47,48.77
14,25.26,82.07,48.15
24,26.21,82.87,48.77
10,24.85,82.55,48.15
12,25.33,82.95,48.77
17,25.79,83.13,48.61
14,25.59,83.37,48.61
20,26.03,83.33,48.61
16,25.83,83.57,48.61
9,24.93,83.43,48.15
11,25.41,83.83,48.15
8,25.01,84.31,48.15
8,24.53,83.91,48.15
8,24.61,84.79,47.52
10,24.13,84.39,47.52
13,23.8,85.75,46.9
16,23.32,85.34,46.9
8,24.2,85.27,47.52
10,23.73,84.87,47.52
19,23.32,85.34,46.27
19,23.8,85.75,46.27
19,22.52,86.3,45.02
18,22.92,85.82,46.27
18,22.52,86.3,45.65
17,23,86.7,45.02
20,23.88,86.63,45.02
15,23.4,86.23,46.27
14,23,86.7,45.65
17,23.88,86.63,45.65
2,22.54,81.42,45.02
2,22.54,81.42,45.65
10,23.05,82.26,46.58
9,23.97,82.63,47.52
9,24.45,83.03,47.52
9,23.57,83.11,47.52
9,24.05,83.51,47.52
12,23.21,84.02,46.58
9,22.25,83.22,45.33
20,22.4,84.98,45.33
5,23.09,82.7,41.9
5,23.49,82.22,41.9
3,24.37,82.15,41.27
7,23.97,87.92,41.19
3,23.55,87.72,41.9
13,24.36,87.03,43.15
4,23.96,87.49,42.52
15,23.88,86.63,43.15
5,23.48,87.11,42.52
2,23.07,87.54,41.9
4,23,86.7,41.9
2,23,86.7,41.27
4,22.52,86.3,41.9
5,22.44,85.42,41.9
9,23.17,83.58,41.9
2,23.17,83.58,41.27
8,22.77,84.06,41.9
9,22.84,84.94,41.9
2,22.84,84.94,41.27
2,22.77,84.06,41.27
2,25.68,79.55,41.66
2,25.8,79.62,41.5
2,26.05,79.78,41.35
2,25.93,79.69,41.51
2,26.15,79.68,41.35
2,26.02,79.63,41.5
3,25.72,79.79,42.05
3,25.52,80.05,41.74
3,25.85,80.02,41.5
3,25.95,79.9,41.5
2,25.72,79.8,41.74
3,25.97,80.12,41.5
3,26.07,80,41.5
4,25.52,80.05,42.05
4,25.56,80.49,41.43
4,25.32,80.29,41.74
5,25.32,80.29,42.05
7,25.12,80.53,42.36
6,25.32,80.29,42.36
4,24.88,80.33,42.05
3,24.88,80.33,41.74
6,25.12,80.53,42.05
5,25.12,80.53,41.74
9,24.7,80.79,42.52
16,24.78,81.67,42.52
10,24.37,82.15,41.9
5,24.3,81.27,41.9
2,26.17,79.88,40.88
2,25.76,80.25,40.85
2,26.09,80.22,40.77
2,26.19,80.09,40.75
2,26.09,80.22,40.88
2,26.19,80.1,40.88
3,25.8,80.69,40.86
2,25.36,80.73,40.86
3,25.6,80.93,40.86
2,24.78,81.67,40.86
2,26,80.45,40.64
2,26.04,80.89,40.64
2,25.18,81.19,40.64
2,25.84,81.13,40.64
2,25.26,82.07,40.64
6,24.83,87.41,42.52
11,25.24,86.95,42.52
5,22.66,87.74,40.86
4,23.55,87.72,41.27
2,23.07,87.54,41.27
2,24.85,82.55,40.64
7,23.51,87.48,40.64
10,23.48,87.92,40.74
23,24.49,88.12,40.56
27,24.45,87.99,40.44
2,24.32,86.71,40.44
7,22.69,88.24,44.01
9,23.33,88.2,44
6,22.66,88.21,44.12
7,25.32,87.92,46.27
5,24.52,87.92,45.64
7,24.46,87.69,45.02
6,24.02,87.93,45
14,24.83,87.41,45.02
6,24.48,87.94,44.38
6,25.31,87.92,43.77
10,26.14,88.12,46.31
8,25.32,88.12,45.64
8,24.54,88.12,44.99
8,25.31,88.12,44.38
10,26.18,88.12,43.76
25,27.55,88.12,47.53
12,26.6,87.3,47.52
10,25.3,87.66,45.64
11,26.18,87.64,46.9
14,25.72,87.36,46.27
10,27.01,87.92,47.52
9,26.19,87.92,46.9
9,27,88.12,46.92
5,25.31,87.92,43.14
8,24.5,87.92,41.19
4,24.46,87.69,41.9
5,24.5,87.92,42.5
5,23.97,87.92,41.85
5,25.3,87.66,42.52
15,25.31,88.12,41.09
10,25.32,88.12,42.49
11,24.51,88.12,41.8
10,26.19,88.12,43.14
11,27,88.12,43.75
24,27.95,88.12,46.92
22,27.95,88.12,47.53
16,27,86.8,47.52
31,29.95,86.59,49.94
30,29.69,86.38,49.94
30,29.47,86.64,49.94
28,28.73,85.76,49.93
29,28.45,85.37,49.73
30,28.48,85.21,49.72
30,28.19,85.14,49.5
27,28.23,85.59,49.74
28,27.98,85.38,49.5
30,28.19,85.14,49.24
28,27.98,85.38,49.24
32,29.65,85.7,49.93
34,30.07,85.88,49.75
33,29.86,86.12,49.74
35,30.02,85.39,49.71
36,30.03,85.1,49.69
32,29.13,85.42,49.72
33,29.11,85.12,49.71
33,28.61,84.88,49.33
37,29.49,84.81,49.33
37,30.39,85.41,49.49
37,30.24,85.63,49.51
25,30.19,88.05,49.95
27,29.53,87.76,49.51
26,29.8,87.76,49.75
28,30.09,87.6,49.95
29,29.74,87.28,49.75
30,30.01,87.07,49.94
17,28.84,88.12,48.99
24,28.84,87.93,49.29
26,28.86,87.7,49.51
16,28.42,88.12,48.65
21,28.42,87.92,48.95
24,28.41,87.72,49.24
27,29.09,87.77,49.24
30,29.5,87.47,49.51
28,29.29,87.32,49.75
28,29.3,87.68,49.24
28,29.06,87.51,49.51
27,28.79,86.71,49.94
28,29.04,87.11,49.75
29,29.24,86.85,49.74
25,27.82,86.06,49.51
27,28.02,85.82,49.51
26,28.29,86.26,49.74
27,28.02,85.82,49.24
25,27.82,86.06,49.24
26,27.78,85.62,48.93
24,27.58,85.86,48.93
27,28.82,87.3,49.51
25,28.62,87.56,49.51
24,28.18,87.58,49.51
23,27.94,87.38,49.51
25,28.37,87.18,49.75
24,27.94,87.38,49.24
24,28.18,87.58,49.24
18,27.97,88.12,48.16
22,27.74,87.61,48.93
22,27.97,87.73,48.93
18,27.98,87.92,48.63
21,27.56,87.92,48.16
20,27.55,87.75,48.61
23,27.7,87.18,48.93
21,27.46,86.98,48.93
21,27.42,86.54,48.93
23,27.62,86.3,48.93
24,27.88,86.72,49.35
21,27.7,87.18,48.61
19,27.46,86.98,48.61
19,27.5,87.42,48.61
17,27.26,87.22,48.61
13,27.08,87.6,48.15
22,27.62,86.3,48.61
19,27.42,86.54,48.61
15,27,86.8,48.15
20,27.38,86.1,48.61
18,27.18,86.34,48.61
29,29.49,87.06,49.75
31,29.69,86.81,49.75
25,29.8,87.93,49.61
24,29.1,87.92,48.95
26,29.56,87.93,49.29
25,29.31,87.92,48.95
23,30.18,88.12,49.73
24,29.82,88.12,49.34
15,29.1,88.12,48.65
23,29.58,88.12,48.98
16,29.31,88.12,48.64
38,30.38,85.39,49.24
38,30.23,85.63,49.24
33,30.11,86.32,49.75
34,30.32,86.08,49.77
34,30.52,85.83,49.77
36,30.6,85.4,49.58
37,30.59,84.97,49.62
37,30.37,84.74,49.69
39,30.27,84.73,49.32
38,30.59,84.26,49.41
36,30.78,85.39,49.36
32,30.46,86.55,49.95
33,30.68,86.3,49.96
34,30.79,85.81,49.71
37,30.78,84.75,49.47
36,30.78,84.26,48.85
64,23.92,76.87,40.41
14271,25.46,76.8,40.4
16538,25.69,76.93,40.39
866,25.49,77.17,40.83
690,25.28,77.33,40.79
48,25.3,77.52,40.93
4,25.09,77.65,41.11
1377,25.93,77.12,40.84
2069,26.16,77.27,40.81
184,26.18,77.45,40.95
51,25.73,77.38,41.13
17,25.53,77.61,41.12
56,25.97,77.58,41.12
27,25.76,77.7,41.19
14,25.66,77.82,41.19
28,25.88,77.8,41.19
15,25.78,77.92,41.19
9,25.33,77.85,41.43
2,25.13,78.09,41.43
2,25.36,78.18,41.5
2,25.48,78.28,41.5
7,25.57,78.05,41.43
2297,24.32,76.51,40.43
5651,24.79,76.76,40.41
361,25.05,77.2,40.82
519,25.25,76.96,40.88
25,24.41,77.19,40.84
4,24.85,77.45,41.11
8,25.12,80.53,42.68
6,24.88,80.33,42.68
5,25.08,80.09,42.68
3,25.28,79.85,42.36
2,25.51,79.65,42.36
6,25.32,80.29,42.68
4,25.52,80.05,42.36
3,25.72,79.8,42.36
365,26.87,77.91,40.42
2,27.13,78.13,40.39
2569,26.65,77.69,40.72
3628,26.41,77.53,40.75
5414,26.86,77.56,40.39
15811,26.61,77.3,40.39
1196,26.37,77.09,40.86
1091,26.14,76.95,40.89
14628,26.58,76.92,40.39
16605,26.13,76.81,40.4
2,26.38,78.42,41.5
2,26.48,78.3,41.5
2,26.58,78.18,41.35
43,26.2,77.66,41.04
192,26.39,77.59,40.92
22,26.32,77.76,41.04
49,26.2,77.66,41.19
31,26.32,77.76,41.19
37,26.1,77.78,41.19
26,26.22,77.88,41.19
17,26.34,77.98,41.35
7,26.46,78.08,41.35
29,26,77.9,41.35
18,25.9,78.02,41.35
23,26.12,78,41.35
15,26.02,78.12,41.35
16,26.24,78.1,41.5
8,26.36,78.2,41.5
11,26.14,78.22,41.5
6,26.26,78.32,41.5
2,26.06,78.55,41.66
3,26.16,78.44,41.66
3,25.94,78.46,41.66
5,26.04,78.34,41.66
9,25.8,78.14,41.5
4,25.7,78.26,41.5
3,25.82,78.36,41.5
8,25.92,78.24,41.5
2,25.04,79.65,42.36
2,25.41,79.54,42.68
3,24.84,79.89,42.68
3,24.64,80.13,42.68
2,24.4,79.93,42.68
4,24.22,80.39,43.15
9,23.82,80.87,43.77
14,26.44,77.86,41.19
4,26.56,77.96,41.19
7,26.44,77.86,41.04
2,26.56,77.96,41.04
93,26.65,77.76,40.87
4,26.89,77.95,40.83
36,30.69,83.36,49.88
9,27.88,80.88,49.88
3,27.4,80.42,49.88
30,30.78,83.35,49.59
2,26.17,79.88,41.35
2,26.27,79.76,41.35
2,26.17,79.88,41.19
2,26.17,79.88,41.04
2,26.27,79.76,41.19
2,26.27,79.76,41.04
2,26.37,79.66,41.34
2,26.48,79.61,41.31
2,26.49,79.74,41.19
2,26.59,79.63,41.19
2,26.49,79.74,41.04
3,25.76,80.25,41.43
3,25.76,80.25,41.11
3,26.09,80.22,41.35
3,26.19,80.1,41.35
3,26.09,80.22,41.19
3,26.19,80.1,41.19
2,26.09,80.22,41.04
2,26.19,80.1,41.04
4,25.8,80.69,41.11
5,25.36,80.73,41.43
3,25.36,80.73,41.11
2,24.7,80.79,41.27
4,25.6,80.93,41.11
4,24.78,81.67,41.27
7,26.18,87.64,43.15
16,25.24,86.95,43.15
12,24.83,87.41,43.77
13,24.83,87.41,44.4
11,25.72,87.36,43.15
7,25.3,87.66,43.77
8,26.18,87.64,43.77
9,25.3,87.66,44.4
20,24.28,86.15,43.15
19,24.76,86.55,43.15
16,24.36,87.03,43.77
18,24.36,87.03,44.4
12,23.42,81.34,44.4
10,23.42,81.34,43.77
18,22.52,86.3,44.4
16,22.52,86.3,43.77
15,23,86.7,43.77
18,23.88,86.63,43.77
17,23,86.7,44.4
20,23.88,86.63,44.4
21,22.4,84.98,44.08
13,22.25,83.22,44.08
10,23.05,82.26,42.83
18,24.37,82.15,42.52
19,23.21,84.02,42.83
15,23.36,85.79,42.83
21,23.9,81.75,43.77
23,24.37,82.15,43.15
20,24.85,82.55,42.52
20,24.78,81.67,43.15
12,24.7,80.79,43.15
19,24.3,81.27,43.77
39,30.78,83.36,48.91
33,28.49,83.11,49.88
34,28.99,83.51,49.88
36,30.78,83.85,48.89
36,30.59,83.86,49.42
38,30.42,84.27,49.32
37,29.98,83.43,49.88
37,30.33,83.85,49.68
37,29.45,83.92,49.68
39,29.89,84.33,49.32
34,28.54,84,49.68
36,29.01,84.41,49.32
32,28.06,83.6,49.68
32,28.13,84.48,49.33
31,27.65,84.08,49.32
30,27.95,84.94,48.93
29,27.71,84.74,48.93
27,27.75,85.18,48.93
27,27.51,84.98,48.93
23,27.54,85.42,48.61
21,27.34,85.66,48.61
23,27.31,85.22,48.61
20,27.1,85.46,48.61
19,26.92,85.92,48.15
19,26.52,86.4,47.52
18,26.12,86.87,46.9
18,27,86.8,46.9
29,27.47,84.54,48.93
28,27.23,84.34,48.93
26,27.27,84.78,48.93
25,27.03,84.58,48.93
22,27.07,85.02,48.61
21,26.83,84.82,48.61
19,26.86,85.26,48.61
18,26.63,85.06,48.61
17,26.44,85.52,48.15
17,26.04,85.99,47.52
17,25.64,86.47,46.9
21,25.24,86.95,45.02
20,25.64,86.47,46.27
19,25.24,86.95,45.65
25,27.93,81.8,49.88
30,27.5,82.31,49.68
26,28.42,82.22,49.88
33,27.98,82.71,49.68
23,27.43,81.42,49.68
26,27.02,81.92,49.32
13,26.95,81,49.68
17,26.54,81.51,49.32
6,26.46,80.63,49.32
11,26.06,81.11,48.77
2,25.03,79.52,46.28
2,25.04,79.71,47.52
4,25.98,80.23,48.77
3,25.5,79.88,48.15
2,26.37,79.84,48.77
2,25.93,79.69,48.15
30,27.09,82.8,49.32
33,27.57,83.2,49.32
2,24.11,79.74,45.64
2,23.74,80.02,45.65
7,24.22,80.39,44.4
4,24.62,79.93,46.27
9,25.58,80.71,48.15
6,25.1,80.31,47.52
3,24.62,79.93,46.9
7,24.22,80.39,46.27
10,25.18,81.19,48.15
9,24.7,80.79,47.52
6,24.22,80.39,46.9
19,26.14,81.99,48.77
15,25.66,81.59,48.15
28,26.61,82.4,48.77
20,24.28,86.15,45.65
21,24.28,86.15,45.02
20,24.76,86.55,45.65
22,24.76,86.55,45.02
16,24.68,85.67,46.27
18,25.16,86.07,46.27
12,25.97,85.11,48.15
12,25.56,85.59,47.52
14,25.16,86.07,46.9
9,25.49,84.71,48.15
9,25.08,85.19,47.52
12,24.68,85.67,46.9
29,26.69,83.28,48.77
31,27.17,83.68,48.77
26,26.75,83.94,48.61
27,26.99,84.14,48.61
22,26.55,84.18,48.61
24,26.79,84.38,48.61
17,26.37,84.64,48.15
23,26.27,83.53,48.61
25,26.51,83.74,48.61
18,26.07,83.77,48.61
20,26.31,83.97,48.61
13,25.89,84.23,48.15
12,23.82,80.87,45.65
20,24.3,81.27,44.4
12,23.82,80.87,45.02
22,23.9,81.75,44.4
13,23.42,81.34,45.02
12,23.42,81.34,45.65
16,24.3,81.27,46.27
13,24.78,81.67,47.52
14,24.3,81.27,46.9
16,23.9,81.75,46.27
11,24.37,82.15,47.52
13,23.9,81.75,46.9
20,25.73,82.47,48.15
18,25.26,82.07,47.52
26,26.21,82.87,48.15
13,24.85,82.55,47.52
13,25.33,82.95,48.15
18,25.81,83.35,48.15
10,24.93,83.43,47.52
11,25.41,83.83,47.52
9,25.01,84.31,47.52
9,24.53,83.91,47.52
14,24.17,84.83,46.58
20,23.36,85.79,45.33
13,24.01,83.07,46.58
14,23.05,82.26,45.33
20,23.21,84.02,45.33
8,25.72,87.36,42.52
10,23.57,83.11,41.9
2,23.57,83.11,41.27
10,23.97,82.63,41.9
3,23.97,82.63,41.27
6,24.85,82.55,41.27
3,23.96,87.49,41.27
3,23.96,87.49,41.9
8,24.36,87.03,42.52
10,23.88,86.63,42.52
3,23.48,87.11,41.9
2,23.48,87.11,41.27
13,23.65,83.99,41.9
4,23.65,83.99,41.27
5,23.37,85.78,41.56
11,23.25,84.46,41.9
3,23.25,84.46,41.27
15,24.28,86.15,42.52
13,24.76,86.55,42.52
2,25.92,79.65,42.05
2,26.05,79.78,41.5
2,26.15,79.68,41.5
2,25.91,79.65,41.74
2,26.17,79.88,41.5
2,26.27,79.76,41.5
2,26.38,79.66,41.51
4,25.96,80.01,42.05
4,25.76,80.25,41.74
3,26.09,80.22,41.5
3,26.19,80.1,41.5
3,25.96,80.01,41.74
5,25.76,80.25,42.05
6,25.6,80.93,41.43
5,25.8,80.69,41.43
5,25.56,80.49,41.74
7,25.56,80.49,42.05
9,25.36,80.73,42.36
8,25.56,80.49,42.36
8,25.36,80.73,42.05
6,25.36,80.73,41.74
5,24.7,80.79,41.9
13,25.18,81.19,42.52
18,25.26,82.07,42.52
14,24.85,82.55,41.9
10,24.78,81.67,41.9
2,26.29,79.98,40.88
2,26.39,79.86,40.88
2,26.61,79.84,40.88
2,26,80.45,40.86
2,26.21,80.32,40.78
2,26.31,80.2,40.77
2,26.21,80.32,40.88
2,26.31,80.2,40.88
3,26.04,80.89,40.86
3,25.18,81.19,40.86
3,25.84,81.13,40.86
4,25.26,82.07,40.86
2,26.24,80.65,40.64
2,26.08,81.33,40.64
2,26.28,81.09,40.64
2,25.66,81.59,40.64
3,25.73,82.47,40.64
4,24.83,87.41,41.9
4,24.46,87.69,41.27
17,25.64,86.47,42.52
6,25.24,86.95,41.9
3,24.85,82.55,40.86
4,23.52,87.39,40.86
2,25.33,82.95,40.64
3,25.81,83.35,40.64
12,24.45,87.8,40.64
13,24.49,87.92,40.74
27,26.18,87.92,40.44
20,25.31,88.12,40.56
16,25.28,87.51,40.44
10,26.59,87.49,40.44
11,26.6,88.12,46.24
8,26.16,87.92,46.29
7,25.32,87.92,45.64
6,24.51,87.92,45.01
10,25.3,87.66,45.02
6,25.31,87.92,44.39
7,26.19,87.92,43.77
10,26.11,88.12,45.66
8,25.31,88.12,45.01
10,26.16,88.12,44.37
15,25.72,87.36,45.02
10,26.18,87.64,44.4
15,27.55,88.12,46.92
24,27.55,87.92,47.52
11,27.09,87.6,47.52
13,26.6,87.3,46.9
20,26.12,86.87,46.27
15,25.72,87.36,45.65
11,26.2,87.64,46.26
21,27,86.8,46.27
23,27.99,88.12,46.36
9,27,87.92,46.9
8,27,88.13,46.37
6,26.19,87.92,43.14
8,25.31,87.92,41.2
4,25.3,87.66,41.9
5,25.31,87.92,42.51
6,24.5,87.92,41.86
17,26.19,88.12,41.11
11,26.19,88.12,42.5
12,25.31,88.12,41.82
8,27,87.92,43.76
15,28.41,88.12,46.33
11,26.93,88.13,44.33
11,27.01,88.12,43.14
11,27.55,88.12,43.75
12,29.06,88.14,46.35
18,28.43,88.12,46.93
14,28.72,88.12,46.28
13,28.81,88.12,46.56
24,27.95,87.92,46.91
14,27.48,87.2,46.9
21,27.88,86.72,46.27
19,28.44,88.12,47.53
22,27.95,87.92,47.52
15,27.48,87.2,47.52
19,27.4,86.32,47.52
31,30.23,86.81,49.95
32,29.9,86.56,49.75
29,29.21,86.2,49.94
32,29.65,86.36,49.74
31,29.44,86.6,49.74
30,28.71,85.75,49.73
30,28.43,85.34,49.5
29,28.22,85.58,49.5
31,28.43,85.34,49.24
29,28.22,85.58,49.24
30,28.19,85.14,48.93
28,27.98,85.38,48.93
34,29.59,85.7,49.73
36,30.03,85.87,49.51
35,29.82,86.11,49.51
38,30.02,85.87,49.24
38,29.97,85.21,49.33
34,29.09,85.29,49.33
31,28.61,84.88,48.77
35,29.49,84.81,48.77
35,30.28,86.07,49.53
35,30.43,85.84,49.53
35,30.07,86.31,49.52
37,29.82,86.11,49.24
27,30.41,87.87,49.95
24,30.43,88.12,49.81
26,30.06,87.87,49.75
28,29.53,87.76,49.24
29,29.74,87.65,49.51
28,30,87.5,49.75
30,30.29,87.3,49.95
32,29.7,87.23,49.51
31,29.94,87.02,49.75
15,28.83,88.12,48.65
23,28.83,87.92,48.95
26,28.86,87.7,49.24
25,28.62,87.56,49.24
16,28.43,88.12,48.16
18,28.42,87.92,48.63
22,28.41,87.72,48.93
27,29.09,87.77,48.93
27,28.82,87.3,49.24
31,29.5,87.47,49.24
30,29.26,87.27,49.51
28,29.3,87.68,48.93
28,29.06,87.51,49.24
29,29.02,87.06,49.51
28,28.77,86.67,49.74
31,29.22,86.83,49.51
27,28.02,85.82,48.93
25,27.82,86.06,48.93
27,28.28,86.24,49.35
25,28.02,85.82,48.61
23,27.82,86.06,48.61
24,27.78,85.62,48.61
22,27.58,85.86,48.61
23,27.94,87.38,48.93
23,28.18,87.58,48.93
26,28.36,87.12,49.35
21,28.18,87.58,48.61
22,27.94,87.38,48.61
18,27.96,87.92,48.15
20,27.97,87.73,48.61
21,27.54,87.75,48.15
21,27.74,87.61,48.61
24,27.88,86.72,48.77
17,27.48,87.2,48.15
18,27.4,86.32,48.15
32,29.46,87.03,49.51
33,29.66,86.79,49.51
26,30.07,87.93,49.6
26,29.77,87.92,49.28
23,29.1,87.92,48.63
25,29.55,87.92,48.95
24,29.3,87.92,48.63
29,30.75,87.85,49.95
27,30.67,88.03,49.95
25,30.6,88.12,49.74
24,30.13,88.12,49.33
24,29.79,88.12,48.97
18,29.56,88.12,48.64
13,29.23,88.12,48.32
38,30.38,85.39,48.93
38,30.23,85.63,48.93
37,30.41,85.83,49.24
37,30.59,85.39,49.28
37,30.27,86.07,49.24
32,30.36,86.53,49.78
33,30.55,86.27,49.8
35,30.63,85.8,49.6
38,30.59,84.75,49.36
37,30.27,84.72,48.77
36,30.58,84.26,48.8
37,30.38,85.39,48.61
37,30.23,85.63,48.61
36,30.78,85.39,48.97
35,30.79,85.82,49.31
32,30.7,86.77,49.96
34,30.8,86.28,49.72
36,30.78,84.78,48.83
35,30.78,84.26,48.17
36,30.78,85.39,48.63
16,29.22,88.12,47.39
36,23.45,76.62,40.44
5,23.92,76.86,40.96
13102,25.45,76.66,40.41
630,25.46,76.8,40.93
14606,25.89,76.68,40.41
894,25.69,76.92,40.9
36,25.49,77.19,41.17
15,25.29,77.42,41.12
4,24.65,77.69,41.43
9,24.85,77.45,41.43
3,24.89,77.89,41.43
10,25.09,77.65,41.43
2,24.45,77.93,41.74
90,25.93,77.16,41.17
101,26.17,77.35,41.13
68,25.73,77.37,41.43
28,25.53,77.61,41.43
64,25.97,77.57,41.43
27,25.77,77.81,41.43
13,25.33,77.85,41.74
3,25.13,78.09,41.74
2,25.37,78.29,41.74
10,25.57,78.05,41.74
12495,25.65,76.49,40.43
12423,26.09,76.45,40.43
170,26.14,76.99,41.2
131,26.37,77.13,41.18
2309,24.3,76.23,40.46
86,24.32,76.51,41.05
9497,25.19,76.3,40.45
203,24.79,76.75,40.95
12,25.05,77.22,41.16
19,25.25,77.01,41.21
3,24.4,77.3,41.31
2,23.99,77.75,41.9
10167,25.54,76.08,40.47
11,25.36,80.73,42.68
9,25.56,80.49,42.68
6,25.76,80.25,42.36
4,25.96,80.01,42.36
2,26.17,79.51,42.38
3,25.28,79.85,42.68
2,25.51,79.65,42.67
4,25.52,80.05,42.68
7,25.1,80.31,43.15
3,25.72,79.8,42.68
2,25.92,79.65,42.36
73,26.88,77.85,40.69
202,27.09,77.7,40.4
4,27.33,77.9,40.41
779,26.85,77.55,40.74
1259,26.61,77.29,40.8
5462,26.84,77.42,40.39
8993,26.81,77.06,40.39
751,26.58,76.92,40.9
1012,26.13,76.81,40.93
13714,26.57,76.78,40.4
13769,26.33,76.65,40.41
2,26.68,78.06,41.35
2,26.38,78.42,41.66
3,26.48,78.3,41.66
4,26.68,78.06,41.5
3,26.58,78.18,41.5
50,26.41,77.54,41.12
21,26.44,77.86,41.35
9,26.56,77.96,41.35
43,26.21,77.77,41.43
24,26.44,77.86,41.5
12,26.56,77.96,41.5
19,26.34,77.98,41.5
10,26.46,78.08,41.5
29,26,77.9,41.5
19,25.9,78.02,41.5
23,26.12,78,41.5
15,26.02,78.12,41.5
14,26.24,78.1,41.66
8,26.36,78.2,41.66
10,26.14,78.22,41.66
6,26.26,78.32,41.66
2,26.06,78.55,41.82
2,25.94,78.46,41.82
4,26.04,78.34,41.82
3,26.16,78.44,41.82
6,25.81,78.25,41.74
2,25.04,79.65,42.68
2,25.37,79.59,43.13
3,24.62,79.91,43.15
4,24.62,79.93,44.4
6,24.22,80.39,43.77
15,26.65,77.73,41.11
40,26.86,77.6,40.9
82,26.61,77.31,41.14
2,26.89,77.93,41.11
3,27.09,77.73,40.87
36,30.51,83.37,49.68
34,30.43,82.94,49.88
6,28.36,81.31,49.88
12,27.84,80.93,49.68
5,27.37,80.5,49.68
3,26.87,80.13,49.32
33,30.58,83.36,49.42
29,30.78,82.93,49.59
2,26.71,79.56,41.19
2,26.29,79.98,41.35
2,26.39,79.86,41.35
2,26.29,79.98,41.19
2,26.29,79.98,41.04
2,26.39,79.86,41.19
2,26.39,79.86,41.04
2,26.49,79.74,41.35
2,26.6,79.63,41.35
2,26.61,79.84,41.19
2,26.71,79.72,41.19
2,26.61,79.84,41.04
2,26.71,79.72,41.04
4,26,80.45,41.43
3,26,80.45,41.11
4,26.21,80.32,41.5
3,26.21,80.32,41.35
3,26.31,80.2,41.5
3,26.31,80.2,41.35
3,26.21,80.32,41.19
3,26.31,80.2,41.19
3,26.21,80.32,41.04
2,26.31,80.2,41.04
4,26.04,80.89,41.11
5,25.84,81.13,41.11
5,25.18,81.19,41.27
7,25.26,82.07,41.27
13,26.6,87.3,43.15
6,26.18,87.64,42.52
2,25.57,79.44,43.98
23,25.64,86.47,43.15
20,25.24,86.95,43.77
21,25.24,86.95,44.4
20,26.12,86.87,43.15
13,25.72,87.36,43.77
15,26.6,87.3,43.77
15,25.72,87.36,44.4
22,24.68,85.67,43.15
22,24.28,86.15,43.77
23,24.28,86.15,44.4
23,25.16,86.07,43.15
22,24.76,86.55,43.77
23,24.76,86.55,44.4
16,23.05,82.26,44.08
23,23.21,84.02,44.08
21,23.36,85.79,44.08
21,24.01,83.07,42.83
20,24.17,84.83,42.83
18,25.33,82.95,42.52
24,24.37,82.15,43.77
23,24.85,82.55,43.15
21,25.26,82.07,43.15
16,25.18,81.19,43.15
23,24.78,81.67,43.77
14,24.7,80.79,43.77
9,25.1,80.31,43.77
40,30.78,83.36,48.2
40,30.78,82.94,48.92
37,30.59,83.37,48.82
32,28.92,82.62,49.88
34,28.47,83.12,49.68
36,29.43,83.02,49.88
36,28.95,83.52,49.68
37,30.78,83.85,48.18
36,30.58,83.85,48.81
36,30.42,84.27,48.77
37,29.88,83.44,49.68
37,30.23,83.85,49.32
38,29.41,83.93,49.32
36,29.89,84.33,48.77
32,30.78,83.85,47.54
36,28.53,84,49.32
35,29.01,84.4,48.77
35,28.05,83.6,49.32
32,28.13,84.48,48.77
32,27.65,84.08,48.77
28,27.95,84.94,48.61
28,27.71,84.74,48.61
26,27.75,85.18,48.61
25,27.51,84.98,48.61
21,27.32,85.44,48.15
21,26.92,85.92,47.52
22,26.52,86.4,46.9
22,27.4,86.32,46.9
28,27.47,84.54,48.61
28,27.23,84.34,48.61
25,27.27,84.78,48.61
24,27.03,84.58,48.61
20,26.85,85.04,48.15
19,26.44,85.52,47.52
20,26.04,85.99,46.9
24,25.64,86.47,45.02
21,26.04,85.99,46.27
22,25.64,86.47,45.65
24,26.52,86.4,46.27
25,27.4,86.32,46.27
2,25.04,79.51,45.05
2,25.03,79.52,45.67
2,25.54,79.48,44.48
3,25.01,79.67,44.36
26,27.91,81.83,49.68
31,27.5,82.32,49.32
27,28.39,82.23,49.68
34,27.97,82.72,49.32
4,26.86,80.13,48.77
23,27.42,81.44,49.32
27,27.02,81.92,48.77
14,26.94,81.04,49.32
19,26.54,81.51,48.77
14,26.06,81.11,48.15
8,26.46,80.63,48.77
2,25.67,79.52,46.91
3,25.04,79.71,46.9
2,25.67,79.52,46.29
3,25.04,79.71,46.27
5,25.98,80.23,48.15
3,25.5,79.88,47.52
3,26.37,79.84,48.15
2,25.93,79.69,47.52
33,27.09,82.8,48.77
35,27.57,83.2,48.77
4,24.62,79.93,45.65
9,25.1,80.31,44.4
4,24.62,79.93,45.02
8,24.22,80.39,45.65
16,24.7,80.79,44.4
8,24.22,80.39,45.02
9,25.1,80.31,46.27
11,25.58,80.71,47.52
8,25.1,80.31,46.9
14,24.7,80.79,46.27
14,25.18,81.19,47.52
12,24.7,80.79,46.9
17,26.06,81.11,47.52
23,26.14,81.99,48.15
20,25.66,81.59,47.52
30,26.61,82.4,48.15
17,24.68,85.67,45.65
20,24.68,85.67,45.02
20,25.16,86.07,45.65
22,25.16,86.07,45.02
14,25.08,85.19,46.27
17,25.56,85.59,46.27
14,25.97,85.11,47.52
16,25.56,85.59,46.9
10,25.49,84.71,47.52
13,25.08,85.19,46.9
30,26.69,83.28,48.15
31,27.17,83.68,48.15
24,26.77,84.16,48.15
17,26.37,84.64,47.52
22,26.29,83.75,48.15
14,25.89,84.23,47.52
19,24.3,81.27,45.65
23,24.78,81.67,44.4
20,24.3,81.27,45.02
25,24.37,82.15,44.4
21,23.9,81.75,45.02
20,23.9,81.75,45.65
20,24.82,82.11,46.58
24,25.73,82.47,47.52
28,26.21,82.87,47.52
16,25.33,82.95,47.52
19,25.81,83.35,47.52
14,24.97,83.87,46.58
21,24.01,83.07,45.33
20,24.17,84.83,45.33
15,26.12,86.87,42.52
5,25.72,87.36,41.9
22,26.04,85.99,42.52
13,24.05,83.51,41.9
4,24.05,83.51,41.27
14,24.45,83.03,41.9
5,24.45,83.03,41.27
8,25.33,82.95,41.27
8,24.18,84.84,41.53
18,24.68,85.67,42.52
18,25.16,86.07,42.52
5,24.32,86.58,41.56
20,25.08,85.19,42.52
21,25.56,85.59,42.52
2,26.38,79.49,42.37
3,26.16,79.78,42.05
2,26.4,79.65,42.05
3,26.29,79.98,41.5
2,26.39,79.86,41.5
2,26.16,79.78,41.74
2,26.49,79.74,41.5
2,26.59,79.64,41.51
2,26.4,79.66,41.75
4,26.2,80.21,42.05
5,26,80.45,41.74
4,26.2,80.21,41.74
6,26,80.45,42.05
5,26.2,80.21,42.36
7,26,80.45,42.36
7,25.84,81.13,41.43
8,25.6,80.93,41.74
6,26.04,80.89,41.43
7,25.8,80.69,41.74
10,25.6,80.93,42.05
8,25.8,80.69,42.05
11,25.6,80.93,42.36
10,25.8,80.69,42.68
9,25.8,80.69,42.36
12,25.6,80.93,42.68
9,25.18,81.19,41.9
15,25.66,81.59,42.52
16,25.73,82.47,42.52
15,25.33,82.95,41.9
13,25.26,82.07,41.9
2,26.41,80.07,40.75
2,26.41,80.08,40.88
2,26.51,79.96,40.88
2,26.73,79.94,40.88
2,26.83,79.83,40.88
2,26.24,80.65,40.86
2,26.44,80.41,40.86
3,26.08,81.33,40.86
3,26.28,81.09,40.86
4,25.66,81.59,40.86
5,25.73,82.47,40.86
2,26.48,80.85,40.64
2,26.68,80.61,40.64
2,26.32,81.53,40.64
2,26.52,81.29,40.64
3,26.21,82.87,40.64
2,26.14,81.99,40.64
35,30.78,83.37,47.55
12,30.26,86.07,45.49
30,30.78,84.26,47.53
11,30.78,86.27,45.18
12,30.78,85.83,45.49
4,25.3,87.66,41.27
6,24.46,87.69,40.86
3,24.83,87.41,41.27
4,25.72,87.36,41.27
10,25.64,86.47,41.9
4,25.24,86.95,41.27
2,24.01,84.69,40.83
2,24.45,83.03,40.86
4,25.33,82.95,40.86
5,25.81,83.35,40.86
2,24.33,86.69,40.84
2,24.97,83.87,40.64
3,26.29,83.75,40.64
2,25.12,85.64,40.64
7,25.28,87.38,40.64
13,26.18,87.75,40.64
11,25.31,87.92,40.74
6,26.18,87.64,40.86
5,26.59,87.37,40.64
27,26.19,88.12,40.58
2,26.08,86.52,40.44
2,27,86.87,40.44
20,27.08,87.85,40.44
10,26.64,87.94,46.19
10,26.56,88.13,45.8
8,26.14,87.93,45.65
7,25.31,87.92,45.02
7,26.18,87.92,44.39
10,26.13,88.12,45
10,26.18,87.64,45.02
24,26.12,86.87,45.02
12,26.93,88.14,44.75
16,26.6,87.3,44.4
10,27.09,87.6,43.77
15,27.57,88.13,46.34
15,27.55,87.92,46.91
24,27.54,87.75,47.52
10,27.09,87.6,46.9
14,26.6,87.29,46.27
22,26.12,86.87,45.65
9,26.66,87.8,46.11
11,26.19,87.64,45.65
15,27.48,87.2,46.27
23,27,86.8,45.65
12,27.97,87.94,46.32
7,28.06,88.13,45.72
7,27.02,87.94,46.33
4,26.96,88.14,45.92
7,27.01,87.92,43.14
9,26.19,87.92,41.21
6,26.19,87.92,42.51
6,25.31,87.92,41.87
17,27.01,88.12,41.12
11,27.01,88.12,42.51
13,26.19,88.12,41.85
8,27.09,87.6,43.15
11,30.4,86.28,45.18
14,29.22,86.83,45.49
13,29.46,87.03,45.49
12,29.66,86.79,45.18
22,27.88,86.72,45.65
17,27.48,87.2,43.77
12,28.42,87.93,46.29
8,26.95,87.95,44.36
8,27.55,87.92,43.76
12,28.94,88.14,46.2
14,28.73,88.13,45.93
14,28.7,88.13,45.59
11,28.42,88.13,45.68
12,27.57,88.13,44.35
11,27.54,88.12,43.14
12,27.95,88.12,43.74
11,30.78,86.96,44.86
17,30.78,85.39,46.11
15,30.78,85.83,45.8
13,30.78,86.27,45.49
12,30.78,86.67,45.17
24,30.78,84.79,46.9
11,29.13,88,46.25
13,29.05,88.13,46.53
20,29.21,88.12,47.1
24,29.26,88.13,46.6
11,29.47,88.15,46.32
19,28.82,88.12,46.94
16,28.43,87.92,46.91
13,28.85,87.94,46.51
13,28.77,87.94,46.23
12,28.42,87.73,46.26
15,29.22,86.83,45.8
17,27.96,87.55,46.9
18,27.88,86.72,46.9
15,28.36,87.12,46.27
19,28.76,86.64,45.65
14,29.42,86.59,45.49
24,28.28,86.24,46.27
12,29.86,86.55,45.18
14,29.62,86.35,45.49
15,30.02,85.87,46.11
13,30.26,86.07,45.8
12,30.4,86.28,45.49
13,30.06,86.31,45.49
11,30.28,86.51,45.18
8,30.34,88.15,45.51
5,29.87,88.15,46.33
2,30.12,88.15,45.87
14,29.46,87.03,45.8
13,29.66,86.79,45.49
15,29.42,86.59,45.8
16,28.84,88.12,47.54
17,28.44,87.92,47.53
22,27.96,87.55,47.52
18,27.88,86.72,47.52
21,27.8,85.84,47.52
23,30.27,84.72,47.52
27,30.78,84.79,47.53
20,30.38,85.4,47.36
19,30.23,85.63,47.36
23,30.78,85.39,47.36
31,30.52,87.03,49.96
32,30.15,86.77,49.76
35,29.86,86.55,49.51
31,29.18,86.18,49.74
34,29.62,86.35,49.51
33,29.42,86.59,49.51
34,29.42,86.59,49.24
29,28.43,85.34,48.93
30,28.69,85.76,49.35
28,28.22,85.58,48.93
27,28.43,85.34,48.61
26,28.22,85.58,48.61
28,28.19,85.14,48.61
26,27.98,85.38,48.61
35,29.62,86.35,49.24
35,29.56,85.69,49.34
38,30.02,85.87,48.93
36,29.98,85.2,48.77
31,29.09,85.28,48.77
26,28.61,84.88,48.15
27,29.49,84.81,48.15
37,30.02,85.87,48.61
37,29.82,86.11,48.93
34,30.48,86.27,49.56
34,30.32,86.51,49.53
37,30.06,86.31,49.24
12,29.22,88.12,47.69
29,30.6,87.57,49.95
30,30.8,87.61,49.86
27,30.27,87.72,49.76
26,30.29,87.93,49.65
28,29.99,87.75,49.51
26,29.53,87.76,48.93
29,29.74,87.65,49.24
30,29.94,87.43,49.51
30,30.19,87.23,49.77
33,29.7,87.23,49.24
33,29.9,86.99,49.51
13,28.84,88.12,48.17
20,28.83,87.92,48.63
25,28.86,87.7,48.93
24,28.62,87.56,48.93
15,28.43,87.92,48.15
19,28.41,87.72,48.61
26,29.09,87.77,48.61
29,29.02,87.06,49.24
26,28.82,87.3,48.93
30,29.5,87.47,48.93
31,29.26,87.27,49.24
29,29.3,87.68,48.61
27,29.06,87.51,48.93
31,29.22,86.83,49.24
28,28.76,86.64,49.35
26,28.28,86.24,48.77
21,27.8,85.84,48.15
24,28.36,87.12,48.77
20,27.88,86.72,48.15
21,27.96,87.55,48.14
33,29.46,87.03,49.24
35,29.66,86.79,49.24
21,29.98,85.2,47.52
21,29.09,85.28,47.52
11,29.22,88.12,48
28,30.58,87.7,49.77
27,30.5,87.85,49.76
26,30.45,87.93,49.6
26,30.06,87.93,49.28
25,29.76,87.92,48.94
25,29.55,87.92,48.62
19,29.22,87.92,48.31
30,30.79,87.79,49.82
28,30.79,88,49.74
25,30.58,88.12,49.37
24,30.1,88.12,48.97
22,29.77,88.12,48.64
13,29.55,88.12,48.31
37,30.58,85.39,48.94
37,30.39,85.84,48.93
37,30.26,86.07,48.93
35,30.45,86.28,49.24
36,30.61,85.82,49.26
32,30.57,86.73,49.81
34,30.66,86.27,49.62
31,30.27,84.72,48.14
36,30.58,84.78,48.79
33,30.58,84.26,48.16
37,30.58,85.39,48.62
35,30.38,85.39,48.3
37,30.39,85.83,48.61
35,30.23,85.63,48.3
36,30.78,85.83,48.95
34,30.8,86.27,49.28
33,30.81,86.76,49.7
31,30.79,87.5,49.64
36,30.78,85.83,48.63
35,30.78,85.39,48.31
34,30.78,84.78,48.16
14,29.55,88.12,47.39
11,29.22,87.92,47.37
18,30.02,85.87,47.36
2,25.93,79.48,44.45
593,23.84,75.98,40.49
3,22.95,76.08,40.51
38,23.42,76.32,40.47
2,23.45,76.6,41.08
2,23.51,77.34,41.9
196,23.35,75.58,40.54
49,22.47,75.54,40.55
570,25.45,76.66,40.98
54,25.46,76.84,41.25
857,25.89,76.68,40.97
76,25.67,76.98,41.21
22,25.05,77.21,41.43
41,25.25,76.97,41.43
56,25.49,77.17,41.43
25,25.29,77.41,41.43
6,24.65,77.69,41.74
12,24.85,77.45,41.74
5,24.89,77.89,41.74
13,25.09,77.65,41.74
3,24.45,77.93,42.05
2,24.69,78.13,42.05
161,25.93,77.12,41.42
136,26.17,77.33,41.43
72,25.73,77.37,41.74
33,25.53,77.61,41.74
61,25.97,77.57,41.74
28,25.77,77.81,41.74
11,25.33,77.85,42.05
4,25.13,78.09,42.05
2,25.37,78.29,42.05
9,25.57,78.05,42.05
10905,26.3,76.28,40.45
669,25.65,76.49,41.03
11128,25.86,76.25,40.45
911,26.09,76.45,41.05
314,26.13,76.89,41.41
246,26.58,76.96,41.22
254,26.37,77.09,41.42
6293,24.71,75.9,40.48
78,24.3,76.23,41.15
4,24.33,76.59,41.46
372,25.19,76.3,41.09
10,24.8,76.84,41.4
7,24.39,77.27,41.9
3,23.99,77.75,42.52
7918,25.12,75.42,40.53
9143,25.61,75.76,40.5
536,25.54,76.08,41.17
7,26,80.45,42.68
6,25.76,80.25,42.68
12,25.58,80.71,43.15
2,26.16,79.49,42.64
4,25.96,80.01,42.68
3,26.16,79.78,42.36
5,26.2,80.21,42.68
2,26.4,79.65,42.36
2,25.92,79.64,42.68
4,25.52,79.86,43.14
2,26.37,79.48,42.7
2,25.94,79.44,43.84
37,27.09,77.66,40.71
106,27.3,77.52,40.39
4,27.53,77.67,40.4
631,26.84,77.42,40.77
579,26.81,77.05,40.86
1560,27.05,77.26,40.39
4403,27.02,76.88,40.39
754,26.57,76.78,40.94
875,26.33,76.65,40.99
9374,26.77,76.61,40.42
10871,26.53,76.42,40.44
4,26.89,77.93,41.43
3,26.48,78.3,41.82
2,26.38,78.42,41.82
2,26.69,78.17,41.74
77,26.41,77.53,41.43
27,26.65,77.73,41.43
37,26.21,77.77,41.74
15,26.45,77.97,41.74
19,26.01,78.01,41.74
12,26.24,78.1,41.82
7,26.36,78.2,41.82
9,26.14,78.22,41.82
5,26.26,78.32,41.82
2,26.05,78.44,42.05
5,25.81,78.25,42.05
2,25.01,79.65,43.81
3,25.38,79.63,43.54
3,24.62,79.92,43.76
30,26.85,77.5,41.11
113,26.82,77.09,41.19
130,26.61,77.29,41.43
50,26.85,77.49,41.43
2,27.3,77.56,40.9
5,27.09,77.69,41.11
12,27.09,77.7,41.43
3,28.73,78.95,40.33
2,28.49,78.61,40.37
2,28.19,78.66,40.54
2,28.11,78.59,40.61
2,28.31,78.8,40.49
8,29.01,78.95,40.36
4,28.8,78.99,40.42
3,28.66,78.99,40.42
8,29.36,82.12,49.88
29,29.9,82.53,49.88
35,30.39,83.38,49.32
29,30.66,82.45,49.88
35,30.28,82.96,49.68
2,28.8,81.75,49.68
9,28.32,81.34,49.68
14,27.82,80.96,49.32
8,27.34,80.56,49.32
2,27.28,79.8,48.77
32,30.58,82.95,49.42
29,30.78,82.4,49.59
41,30.78,82.38,48.94
5,26.18,87.64,41.27
2,26.72,79.56,41.35
2,26.81,79.61,41.19
2,26.88,79.54,41.19
2,26.81,79.61,41.03
3,26.41,80.08,41.5
3,26.41,80.08,41.35
3,26.51,79.96,41.5
2,26.51,79.96,41.35
2,26.41,80.08,41.19
2,26.41,80.08,41.04
2,26.51,79.96,41.19
2,26.51,79.96,41.04
2,26.61,79.84,41.5
2,26.71,79.72,41.5
2,26.61,79.84,41.35
2,26.71,79.72,41.35
2,26.73,79.94,41.19
2,26.83,79.83,41.19
2,26.73,79.94,41.04
2,26.83,79.83,41.04
4,26.24,80.65,41.43
3,26.24,80.65,41.11
4,26.44,80.41,41.43
3,26.44,80.41,41.11
5,26.08,81.33,41.11
4,26.28,81.09,41.11
7,25.66,81.59,41.27
8,25.81,83.35,41.27
8,25.73,82.47,41.27
22,27,86.8,43.15
10,26.6,87.3,42.52
5,26.18,87.64,41.9
4,25.65,79.85,43.63
4,25.44,79.86,43.86
27,26.04,85.99,43.15
25,25.64,86.47,43.77
25,25.64,86.47,44.4
26,26.52,86.4,43.15
23,26.12,86.87,43.77
24,27,86.8,43.77
24,26.12,86.87,44.4
24,27,86.8,44.4
24,25.08,85.19,43.15
24,24.68,85.67,43.77
23,24.68,85.67,44.4
25,25.56,85.59,43.15
25,25.16,86.07,43.77
24,25.16,86.07,44.4
26,24.85,82.55,44.4
24,24.01,83.07,44.08
24,24.17,84.83,44.08
21,24.97,83.87,42.83
16,25.81,83.35,42.52
21,25.33,82.95,43.15
25,24.85,82.55,43.77
24,25.26,82.07,44.4
18,25.73,82.47,43.15
18,25.66,81.59,43.15
23,25.26,82.07,43.77
18,25.18,81.19,43.77
14,25.58,80.71,43.77
43,30.78,82.95,48.21
37,30.58,83.37,48.16
36,30.59,82.96,48.83
36,30.39,83.38,48.77
32,28.88,82.63,49.68
36,28.45,83.12,49.32
36,29.37,83.04,49.68
37,28.93,83.52,49.32
34,30.58,83.86,48.16
32,30.42,84.27,48.15
37,29.81,83.45,49.32
36,30.23,83.85,48.77
36,29.41,83.93,48.77
30,29.89,84.33,48.15
38,30.78,82.95,47.55
27,30.78,83.86,46.9
28,30.58,83.86,47.53
24,29.89,84.33,47.52
35,28.53,84,48.77
29,29.01,84.4,48.15
22,29.49,84.81,47.52
35,28.05,83.6,48.77
21,29.09,85.28,46.9
28,28.13,84.48,48.15
23,28.61,84.88,47.52
30,27.65,84.08,48.15
24,27.73,84.96,48.15
22,27.32,85.44,47.52
23,26.92,85.92,46.9
22,28.21,85.36,47.52
24,27.8,85.84,46.9
25,27.25,84.56,48.15
21,26.85,85.04,47.52
20,26.44,85.52,46.9
24,26.04,85.99,45.02
20,26.44,85.52,46.27
22,26.04,85.99,45.65
25,26.92,85.92,46.27
26,26.52,86.4,45.65
26,27.8,85.84,46.27
26,27.4,86.32,45.65
24,28.28,86.24,45.65
28,26.52,86.4,45.02
26,27.4,86.32,45.02
22,28.28,86.24,45.02
22,29.09,85.28,46.27
2,25.69,79.51,45.06
3,25.92,79.65,44.36
3,25.03,79.71,45.01
2,25.67,79.52,45.67
3,25.04,79.71,45.65
4,25.5,79.86,44.39
27,27.9,81.84,49.32
31,27.5,82.32,48.77
27,28.38,82.24,49.32
32,27.97,82.72,48.77
15,27.82,80.96,48.77
10,27.34,80.56,48.77
5,26.86,80.13,48.15
23,27.42,81.44,48.77
27,27.02,81.92,48.15
22,26.54,81.51,48.15
16,26.94,81.04,48.77
10,26.46,80.63,48.15
6,26.86,80.13,47.52
12,26.46,80.63,47.52
2,26.43,79.52,46.62
4,25.53,79.87,46.27
7,25.98,80.23,47.52
3,26.37,79.84,47.52
4,25.53,79.87,46.9
32,27.09,82.8,48.15
32,27.57,83.2,48.15
10,25.1,80.31,45.65
15,25.58,80.71,44.4
10,25.1,80.31,45.02
15,24.7,80.79,45.65
19,25.18,81.19,44.4
16,24.7,80.79,45.02
25,27.02,81.92,47.52
23,26.54,81.51,47.52
18,25.62,81.15,46.58
27,26.14,81.99,47.52
30,26.61,82.4,47.52
16,25.08,85.19,45.65
20,25.08,85.19,45.02
18,25.56,85.59,45.65
21,25.56,85.59,45.02
30,26.69,83.28,47.52
29,27.17,83.68,47.52
23,26.77,84.16,47.52
22,26.29,83.75,47.52
17,25.93,84.67,46.58
26,25.77,82.91,46.58
24,24.82,82.11,45.33
22,24.97,83.87,45.33
21,26.52,86.4,42.52
9,26.12,86.87,41.9
25,26.44,85.52,42.52
13,26.04,85.99,41.9
20,25.89,84.23,42.52
21,25.49,84.71,42.52
22,25.97,85.11,42.52
11,24.97,83.88,41.56
9,25.11,85.62,41.53
23,26.37,84.64,42.52
2,26.72,79.57,41.5
2,26.67,79.45,42.37
3,26.4,79.97,42.05
2,26.61,79.75,42.05
3,26.4,79.97,41.74
2,26.6,79.75,41.74
4,26.4,79.97,42.36
3,26.6,79.75,42.36
5,26.44,80.41,42.05
5,26.24,80.65,41.74
4,26.44,80.41,41.74
6,26.24,80.65,42.05
6,26.44,80.41,42.36
7,26.24,80.65,42.36
7,26.08,81.33,41.43
9,25.84,81.13,41.74
6,26.28,81.09,41.43
7,26.04,80.89,41.74
11,25.84,81.13,42.05
9,26.04,80.89,42.05
11,26.06,81.11,42.52
13,26.21,82.87,42.52
13,25.81,83.35,41.9
13,26.14,81.99,42.52
13,25.73,82.47,41.9
12,25.66,81.59,41.9
2,26.77,84.16,40.64
2,26.64,80.17,40.84
2,26.85,80.04,40.76
2,26.85,80.05,40.88
2,26.95,79.93,40.88
3,26.48,80.85,40.86
2,26.68,80.61,40.86
3,26.32,81.53,40.86
3,26.52,81.29,40.86
4,26.21,82.87,40.86
4,26.14,81.99,40.86
2,26.72,81.06,40.64
2,26.56,81.73,40.64
2,26.76,81.5,40.64
2,26.69,83.28,40.64
2,26.61,82.4,40.64
32,30.58,83.37,47.53
30,30.78,83.37,46.91
25,30.42,84.27,47.52
19,30.27,84.72,46.9
18,29.98,85.2,46.9
15,30.23,85.63,46.11
13,30.39,85.84,45.8
15,30.38,85.4,46.11
14,29.82,86.11,45.8
14,30.02,85.87,45.8
13,29.82,86.11,45.49
13,30.02,85.87,45.49
14,29.42,86.59,45.18
14,29.62,86.35,45.18
12,30.39,85.84,45.49
11,30.26,86.07,45.18
12,30.06,86.31,45.18
26,30.58,84.26,47.52
11,30.58,86.27,45.18
12,30.58,85.83,45.49
26,30.78,84.26,46.9
11,30.78,86.68,44.86
10,30.78,86.27,44.86
14,30.78,85.39,45.8
18,30.78,84.79,46.27
10,30.78,85.83,45.18
11,30.78,85.39,45.49
19,30.78,83.86,46.28
5,26.12,86.87,41.27
6,25.64,86.47,41.27
3,25.28,87.29,40.86
3,24.96,83.77,40.84
4,25.28,85.77,40.83
4,26.29,83.75,40.86
8,26.04,85.99,41.27
3,25.93,84.68,40.64
2,26.08,86.47,40.64
3,26.6,87.3,40.86
15,26.19,87.92,40.75
2,27,86.83,40.64
8,27.08,87.7,40.63
25,27,88.12,40.58
2,27.4,86.35,40.44
24,27.53,88.05,40.44
5,27.48,87.33,40.44
9,26.62,87.95,45.77
8,26.72,88.14,45.54
8,26.17,87.92,45.01
10,26.7,88.13,45.06
24,27,86.8,45.02
12,27,88.17,44.92
13,28.1,88.14,44.94
16,26.6,87.31,45.02
13,27.57,88.15,44.76
9,26.98,88,44.82
13,27.93,88.13,44.83
10,27.09,87.63,44.41
9,27.54,87.75,43.77
2,27.69,88.14,45.95
9,27.56,87.94,46.29
15,27.54,87.75,46.9
10,27.08,87.62,46.26
9,26.65,87.81,45.8
15,26.6,87.29,45.64
11,27.96,87.56,46.27
17,27.48,87.2,45.65
5,27.93,88.15,45.52
8,28.01,87.97,45.68
5,27.02,87.99,45.83
8,27.54,87.92,43.14
8,27.01,87.92,41.21
6,27.01,87.92,42.52
7,26.19,87.92,41.88
17,27.54,88.12,41.14
12,27.54,88.12,42.51
13,27.01,88.12,41.85
7,27.09,87.6,42.52
8,27.54,87.75,43.15
16,27.48,87.2,43.15
11,29.29,87.71,46.11
11,29.5,87.47,45.8
13,29.11,87.85,46.11
10,30.42,86.69,44.86
10,30.4,86.28,44.86
10,30.28,86.51,44.86
12,29.7,87.23,45.49
12,29.9,86.99,45.18
13,29.26,87.27,45.8
15,29.02,87.06,45.8
13,29.26,87.27,45.49
14,29.02,87.06,45.49
13,29.62,86.35,44.86
12,29.86,86.55,44.86
14,29.22,86.83,45.18
13,29.42,86.59,44.86
13,29.46,87.03,45.18
12,29.66,86.79,44.86
17,28.36,87.12,45.65
20,27.88,86.72,45.02
16,28.76,86.64,45.02
18,27.48,87.2,44.4
12,28.41,87.75,45.64
18,27.88,86.72,43.77
11,27.96,87.55,43.77
11,29.03,88,46.12
13,28.79,87.97,45.89
13,28.75,87.96,45.57
11,28.42,87.94,45.66
9,27.55,87.97,44.39
9,27.95,87.92,43.76
11,28.95,88.15,45.89
12,28.95,88.15,45.52
14,28.76,88.14,45.14
13,28.47,88.13,44.98
12,28.01,88.13,44.29
12,27.95,88.12,43.14
12,28.44,88.12,43.73
13,30.51,88.13,45.26
10,30.78,86.97,44.5
12,30.78,87.47,44.86
15,30.79,87.97,45.18
13,30.79,87.75,44.86
8,30.38,88.14,45.26
11,30.58,86.95,44.86
16,30.38,85.4,46.43
16,30.23,85.63,46.43
15,30.39,85.84,46.11
15,30.58,85.39,46.11
14,30.58,85.83,45.8
12,30.58,86.27,45.49
12,30.58,86.67,45.18
14,30.79,87.44,45.12
12,30.78,87.18,44.86
13,30.78,86.95,45.17
20,30.78,85.39,46.43
17,30.78,85.83,46.11
15,30.78,86.26,45.8
14,30.79,86.68,45.49
17,30.38,85.4,46.74
16,30.23,85.63,46.74
22,30.78,85.39,46.74
21,30.58,84.79,46.9
18,30.38,85.4,47.05
16,30.23,85.63,47.05
23,30.78,85.39,47.05
15,30.02,85.87,47.05
12,29.09,87.96,46.45
15,29.22,87.92,47.07
14,29.28,87.95,46.52
5,29.48,88.03,46.22
21,29.18,88.12,46.82
18,29.57,88.12,47.08
20,29.52,88.14,46.54
16,28.84,87.92,46.91
16,28.43,87.72,46.9
15,29.02,87.06,46.11
13,28.84,87.51,46.27
13,29.26,87.27,46.11
15,29.22,86.83,46.11
16,28.36,87.12,46.9
21,28.28,86.24,46.9
13,29.1,87.81,46.39
22,28.68,85.76,46.9
17,29.56,85.69,46.9
15,30.02,85.87,46.74
18,28.76,86.64,46.27
19,29.16,86.17,45.65
25,28.68,85.76,46.27
18,29.56,85.69,46.27
15,30.02,85.87,46.43
12,30.1,86.75,45.18
13,29.86,86.55,45.49
15,29.62,86.35,45.8
15,29.82,86.11,46.11
15,30.26,86.07,46.11
14,30.41,86.28,45.81
14,30.06,86.31,45.8
12,30.28,86.51,45.49
11,30.42,86.69,45.18
10,30.33,88.15,45.83
15,30.61,88.13,45.5
4,30.25,88.02,45.5
15,30.74,88.12,45.38
12,29.82,88.15,46.49
6,30.1,88.15,46.21
3,29.8,88.04,46.24
12,29.3,87.69,46.42
10,29.5,87.47,46.11
12,29.7,87.23,45.8
13,29.9,86.99,45.49
14,29.46,87.03,46.11
14,29.66,86.79,45.8
15,29.42,86.59,46.11
17,30.79,88.05,45.58
16,30.79,87.97,45.44
14,30.79,87.66,45.19
13,28.85,87.92,47.53
17,28.43,87.72,47.52
19,28.36,87.12,47.52
20,28.28,86.24,47.52
25,30.38,85.4,47.68
24,30.58,84.79,47.52
25,30.23,85.63,47.68
26,30.78,85.39,47.68
19,30.39,85.83,47.36
21,30.58,85.39,47.36
22,30.78,85.83,47.36
31,30.72,87.26,49.96
31,30.41,86.98,49.79
34,30.11,86.75,49.52
36,29.86,86.55,49.24
33,29.42,86.59,48.93
32,29.16,86.17,49.35
28,28.68,85.76,48.77
24,28.21,85.36,48.15
36,29.62,86.35,48.93
24,29.09,85.28,48.15
33,29.56,85.69,48.77
29,29.98,85.2,48.15
34,30.02,85.87,48.3
36,29.82,86.11,48.61
37,30.26,86.07,48.61
37,30.06,86.31,48.93
32,30.5,86.71,49.56
35,30.31,86.51,49.24
8,29.22,87.92,47.68
11,29.54,88.12,47.69
29,30.63,87.51,49.73
29,30.46,87.47,49.78
29,30.18,87.62,49.51
28,29.99,87.75,49.24
27,29.53,87.76,48.61
27,29.74,87.65,48.93
32,29.94,87.43,49.24
31,30.15,87.19,49.52
32,29.7,87.23,48.93
35,29.9,86.99,49.24
14,28.84,87.92,48.16
17,28.42,87.72,48.14
22,28.86,87.7,48.61
21,28.62,87.56,48.61
26,29.28,87.69,48.3
27,29.02,87.06,48.93
23,28.82,87.3,48.61
30,29.5,87.47,48.61
30,29.26,87.27,48.93
24,29.06,87.51,48.61
30,29.22,86.83,48.93
25,28.76,86.64,48.77
21,28.28,86.24,48.15
21,28.36,87.12,48.15
32,29.46,87.03,48.93
35,29.66,86.79,48.93
30,29.42,86.59,48.61
20,28.68,85.76,47.52
19,29.56,85.69,47.52
23,30.02,85.87,47.68
28,30.46,87.59,49.61
27,30.37,87.73,49.51
11,29.22,87.92,47.99
11,29.55,88.12,48
28,30.62,87.67,49.7
27,30.6,87.85,49.61
26,30.43,87.93,49.29
25,30.05,87.92,48.94
26,29.75,87.92,48.62
22,29.54,87.92,48.31
30,30.79,87.73,49.59
29,30.79,87.98,49.35
26,30.55,88.12,48.98
25,30.07,88.12,48.63
15,29.76,88.12,48.31
36,30.42,86.28,48.93
36,30.59,85.83,48.94
34,30.63,86.26,49.25
32,30.67,86.74,49.62
29,30.63,87.44,49.56
36,30.58,85.83,48.62
35,30.58,85.39,48.31
32,30.58,84.79,48.15
31,30.38,85.4,47.99
36,30.39,85.83,48.3
31,30.23,85.63,47.99
35,30.79,86.27,48.94
33,30.8,86.72,49.27
32,30.8,87.21,49.71
31,30.79,87.46,49.27
35,30.78,86.27,48.63
35,30.78,85.83,48.31
32,30.78,85.39,47.99
15,29.76,88.12,47.38
5,29.54,87.92,47.37
11,29.28,87.69,47.36
16,29.82,86.11,47.36
19,30.26,86.07,47.36
10,29.18,78.94,40.32
10,28.91,78.69,40.38
2,26.43,79.49,44.49
3,20.72,75.81,42.03
5,21.47,74.46,40.58
5585,24.18,74.84,40.58
6939,24.63,75.05,40.56
3800,24.24,75.51,40.53
31,23.84,75.98,41.26
2,23.42,76.31,41.18
3,23.91,76.86,41.89
3,23.51,77.34,42.52
2060,23.77,75.13,40.56
24,23.35,75.57,41.41
69,22.42,74.95,40.57
11,22.48,75.52,41.47
81,25.45,76.74,41.44
177,25.65,76.51,41.48
276,25.89,76.7,41.44
139,25.7,76.93,41.42
30,25.05,77.21,41.74
50,25.25,76.97,41.74
65,25.49,77.17,41.74
33,25.29,77.41,41.74
7,24.65,77.69,42.05
13,24.85,77.45,42.05
6,24.89,77.89,42.05
13,25.09,77.65,42.05
157,25.93,77.13,41.74
117,26.17,77.33,41.74
58,25.73,77.37,42.05
29,25.53,77.61,42.05
42,25.97,77.57,42.05
22,25.77,77.81,42.05
7,25.33,77.85,42.36
3,25.13,78.09,42.36
2,25.37,78.29,42.36
5,25.57,78.05,42.36
10223,26.29,76.13,40.47
877,26.3,76.28,41.11
9857,26.05,76.01,40.48
857,25.86,76.25,41.12
447,25.84,76.31,41.53
558,26.09,76.48,41.49
506,26.33,76.67,41.45
286,26.13,76.89,41.74
347,26.57,76.86,41.42
184,26.37,77.09,41.74
232,24.71,75.89,41.23
5,24.32,76.39,41.88
46,25.23,76.42,41.5
18,24.79,76.77,41.88
8,24.39,77.27,42.52
2,23.99,77.75,43.15
7758,25.53,75.08,40.57
617,25.12,75.42,41.39
7832,26,75.34,40.54
767,25.61,75.76,41.28
221,25.56,76.13,41.59
8,26.24,80.65,42.68
14,26.06,81.11,43.15
6,26.44,80.41,42.68
4,26.4,79.97,42.68
3,26.16,79.78,42.68
2,26.39,79.63,42.69
2,25.93,79.61,43.16
7,25.98,80.23,43.15
3,26.6,79.75,42.68
2,26.67,79.45,42.7
2,26.35,79.44,43.17
2,28.44,78.1,40.38
3,28.28,78.23,40.66
3,28.5,78.78,40.47
4,28.68,78.37,40.38
6,28.49,78.41,40.64
3,25.92,79.61,43.76
2,26.36,79.44,43.85
3,28.24,78.27,40.83
16,27.3,77.51,40.74
137,27.28,77.38,40.39
2,27.74,77.5,40.39
243,27.05,77.25,40.81
330,27.02,76.88,40.91
596,27.25,77.02,40.39
4090,27,76.73,40.41
569,26.77,76.61,41
742,26.53,76.42,41.07
5261,26.97,76.3,40.45
5,26.89,77.93,41.74
2,26.69,78.17,42.05
65,26.41,77.53,41.74
26,26.65,77.73,41.74
23,26.21,77.77,42.05
9,26.45,77.97,42.05
12,26.01,78.01,42.05
6,26.25,78.21,42.05
2,25.81,78.25,42.36
43,27.05,77.27,41.14
174,27.02,76.92,41.23
177,26.81,77.05,41.42
95,26.61,77.29,41.74
69,27.05,77.26,41.43
39,26.85,77.49,41.74
2,27.53,77.65,41.11
11,27.29,77.46,41.11
20,27.29,77.46,41.43
11,27.09,77.7,41.74
4,30.16,79.32,49.26
24,30.78,79.66,49.27
5,28.72,78.78,40.35
6,28.72,78.79,40.49
3,28.29,78.64,40.59
2,28.05,78.5,40.79
13,28.97,78.8,40.5
9,28.76,78.86,40.56
6,28.63,78.86,40.56
3,28.3,78.87,40.56
14,29.3,78.96,40.42
8,29.05,79.06,40.42
2,28.56,79.1,40.42
13,30.22,81.57,49.88
9,29.3,82.15,49.68
29,29.8,82.55,49.68
30,30.48,82.48,49.68
33,30.18,82.97,49.32
2,27.25,79.52,46.59
4,28.78,81.76,49.32
12,28.3,81.36,49.32
3,28.19,80.14,49.01
3,27.28,79.8,47.52
3,27.28,79.8,48.14
28,30.58,82.43,49.42
35,30.59,82.4,48.84
39,30.78,81.53,49.25
46,30.78,82.38,48.23
44,30.78,82.39,47.57
4,26.6,87.3,41.27
8,26.52,86.4,41.27
2,26.89,79.55,41.5
2,26.89,79.54,41.35
2,26.82,79.61,41.5
2,26.81,79.61,41.35
2,26.93,79.71,41.19
2,26.93,79.71,41.04
3,26.64,80.17,41.43
2,26.64,80.17,41.11
2,26.84,79.94,41.43
2,26.85,80.05,41.19
2,26.95,79.93,41.19
2,26.85,80.05,41.04
2,26.95,79.93,41.04
5,26.48,80.85,41.43
3,26.48,80.85,41.11
4,26.68,80.61,41.43
3,26.68,80.61,41.11
5,26.32,81.53,41.11
4,26.52,81.29,41.11
7,26.29,83.75,41.27
7,26.21,82.87,41.27
7,26.14,81.99,41.27
25,27.4,86.32,43.15
18,27,86.8,42.52
7,26.6,87.3,41.9
8,25.98,80.23,43.77
30,26.44,85.52,43.15
28,26.04,85.99,43.77
27,26.04,85.99,44.4
30,26.92,85.92,43.15
28,26.52,86.4,43.77
25,27.4,86.32,43.77
29,26.52,86.4,44.4
25,27.4,86.32,44.4
18,28.28,86.24,44.4
25,25.49,84.71,43.15
25,25.08,85.19,43.77
24,25.08,85.19,44.4
27,25.97,85.11,43.15
26,25.56,85.59,43.77
25,25.56,85.59,44.4
26,25.33,82.95,44.4
25,25.89,84.23,43.15
18,26.29,83.75,42.52
25,24.97,83.87,44.08
20,25.81,83.35,43.15
24,25.33,82.95,43.77
28,26.37,84.64,43.15
24,25.73,82.47,44.4
21,25.66,81.59,44.4
17,26.06,81.11,44.4
17,26.21,82.87,43.15
15,26.14,81.99,43.15
21,25.73,82.47,43.77
20,25.66,81.59,43.77
11,26.54,81.51,43.15
15,26.06,81.11,43.77
39,30.58,82.96,48.17
36,30.39,83.38,48.15
34,30.18,82.97,48.77
30,28.85,82.64,49.32
32,28.45,83.12,48.77
35,29.33,83.04,49.32
35,28.93,83.52,48.77
36,29.81,83.45,48.77
32,29.41,83.93,48.15
33,30.23,83.85,48.15
33,30.78,82.96,46.91
35,30.58,82.96,47.53
24,30.58,83.86,46.9
27,30.23,83.85,47.52
27,29.41,83.93,47.52
21,29.89,84.33,46.9
20,29.49,84.81,46.9
31,28.53,84,48.15
24,29.01,84.4,47.52
32,28.05,83.6,48.15
23,28.61,84.88,46.9
25,28.13,84.48,47.52
27,27.65,84.08,47.52
23,27.73,84.96,47.52
24,27.32,85.44,46.9
24,28.21,85.36,46.9
23,27.25,84.56,47.52
21,26.85,85.04,46.9
24,26.44,85.52,45.02
21,26.85,85.04,46.27
20,26.44,85.52,45.65
24,27.32,85.44,46.27
26,26.92,85.92,45.65
26,28.21,85.36,46.27
27,27.8,85.84,45.65
26,28.68,85.76,45.65
28,26.92,85.92,45.02
26,27.8,85.84,45.02
25,28.68,85.76,45.02
25,28.61,84.88,46.27
20,29.49,84.81,46.27
24,29.09,85.28,45.65
22,30.78,82.96,46.28
2,26.43,79.51,45.36
5,25.53,79.87,45.65
8,25.98,80.23,44.4
5,26.38,79.81,44.39
5,25.54,79.86,45.02
5,28.78,81.76,48.77
13,28.3,81.36,48.77
25,27.9,81.84,48.77
28,27.5,82.32,48.15
22,28.38,82.24,48.77
28,27.97,82.72,48.15
15,27.38,81,47.83
8,26.43,80.24,46.58
25,27.5,82.32,47.52
28,27.97,82.72,47.52
30,27.09,82.8,47.52
31,27.57,83.2,47.52
25,26.58,81.96,46.58
19,25.62,81.15,45.33
27,26.73,83.72,46.58
27,25.77,82.91,45.33
22,25.93,84.67,45.33
26,26.92,85.92,42.52
13,26.52,86.4,41.9
27,26.85,85.04,42.52
16,26.44,85.52,41.9
22,26.77,84.16,42.52
11,25.91,84.67,41.56
2,26.79,79.59,42.05
2,26.8,79.59,41.74
2,26.79,79.59,42.36
4,26.64,80.17,42.05
3,26.84,79.94,42.05
3,26.64,80.17,41.74
3,26.84,79.94,41.74
4,26.64,80.17,42.36
3,26.84,79.94,42.36
5,26.68,80.61,42.05
6,26.48,80.85,41.74
4,26.68,80.61,41.74
6,26.48,80.85,42.05
6,26.68,80.61,42.68
6,26.68,80.61,42.36
8,26.48,80.85,42.68
7,26.48,80.85,42.36
17,26.69,83.28,42.52
13,26.29,83.75,41.9
7,26.32,81.53,41.43
5,26.52,81.29,41.43
9,26.08,81.33,41.74
7,26.28,81.09,41.74
11,26.08,81.33,42.05
9,26.28,81.09,42.05
9,26.54,81.51,42.52
10,26.61,82.4,42.52
10,26.21,82.87,41.9
10,26.14,81.99,41.9
2,27.73,84.97,40.44
3,27.25,84.56,40.64
4,26.77,84.16,40.86
2,27.17,83.68,40.64
2,26.88,80.38,40.86
2,27.08,80.13,40.85
2,26.72,81.06,40.86
2,26.92,80.82,40.86
3,26.56,81.73,40.86
3,26.76,81.5,40.86
4,26.69,83.28,40.86
3,26.61,82.4,40.86
2,27.09,82.8,40.64
4,27.09,87.6,41.27
5,27.09,87.6,41.9
31,30.39,83.38,47.52
27,30.58,83.37,46.9
21,30.78,83.37,46.28
18,29.89,84.33,46.27
21,30.42,84.27,46.9
16,30.27,84.72,46.27
13,30.38,85.4,45.8
13,30.23,85.63,45.8
17,29.98,85.2,46.27
12,30.23,85.63,45.49
11,30.38,85.4,45.49
13,29.82,86.11,45.18
12,30.02,85.87,45.18
17,29.56,85.69,45.65
18,29.16,86.17,45.02
25,29.09,85.28,45.02
10,30.39,85.84,45.18
12,29.82,86.11,44.86
11,30.02,85.87,44.86
10,30.26,86.07,44.86
11,30.06,86.31,44.86
23,30.58,84.26,46.9
10,30.58,86.67,44.86
10,30.58,86.27,44.86
13,30.58,85.39,45.8
16,30.58,84.79,46.27
10,30.58,85.83,45.18
11,30.58,85.39,45.49
18,30.58,83.86,46.27
18,30.78,84.27,46.27
8,30.78,86.49,44.39
9,30.78,85.83,44.87
9,30.78,85.39,44.87
10,30.78,85.39,45.18
12,30.78,84.79,45.65
13,30.78,83.86,45.65
3,26.08,86.43,40.86
9,26.44,85.52,41.27
5,26.03,84.66,40.84
3,26.88,85.48,40.64
3,27,86.8,40.86
4,27.08,87.6,40.86
4,27.54,87.75,41.27
12,27,87.93,40.75
3,27.4,86.33,40.64
12,27.53,87.86,40.63
3,27.48,87.25,40.64
25,27.54,88.12,40.59
2,27.8,85.85,40.44
2,27.88,86.76,40.44
13,27.95,87.77,40.44
8,26.81,87.98,45.5
9,26.78,87.97,45.09
2,26.92,88.18,45.15
11,26.97,87.64,45.14
18,27.48,87.2,45.02
10,27.09,88.07,45.03
12,28.03,87.98,44.99
9,27.55,88.24,44.92
11,27.97,88.15,45.17
12,27.85,88,44.9
11,27.55,88.03,44.85
11,27.17,87.66,44.91
10,27.53,87.8,44.45
13,27.96,87.58,45.02
4,27.66,87.98,45.86
7,27.54,87.77,46.24
3,27.9,88.28,45.53
11,26.95,87.67,45.46
11,27.12,87.63,45.73
9,27.84,88.01,45.48
12,27.96,87.58,45.64
5,27.44,88.02,45.76
2,27.09,88.07,45.62
8,27.95,87.92,43.14
8,27.54,87.92,41.22
7,27.54,87.92,42.52
6,27.01,87.92,41.88
16,27.94,88.12,41.15
12,27.95,88.12,42.51
13,27.54,88.12,41.86
5,27.54,87.75,41.9
14,28.28,86.24,43.77
6,27.54,87.75,42.52
13,27.48,87.2,42.52
18,27.88,86.72,43.15
10,27.96,87.55,43.15
9,30.37,87.94,45.26
13,30.6,87.83,45.18
12,30.59,87.66,44.86
12,30.59,87.42,44.86
6,30.26,87.98,45.26
3,29.54,87.86,46.12
5,29.74,87.67,45.8
10,29.94,87.43,45.49
12,30.14,87.19,45.18
11,29.29,87.72,45.8
12,29.5,87.47,45.49
12,29.08,87.88,45.79
11,30.1,86.75,44.86
11,30.32,86.95,44.86
9,30.34,86.49,44.39
10,30.58,86.95,44.5
11,30.14,87.19,44.86
12,29.7,87.23,45.18
11,29.9,86.99,44.86
13,29.26,87.27,45.18
13,28.84,87.52,45.65
14,29.02,87.06,45.18
12,29.26,87.27,44.86
13,29.02,87.06,44.86
13,29.22,86.83,44.86
12,29.46,87.03,44.86
11,29.64,86.57,44.4
16,28.36,87.12,45.02
19,27.88,86.72,44.4
13,28.76,86.64,44.4
12,28.45,87.78,45
12,27.95,87.56,44.4
10,28.46,87.74,43.79
14,28.36,87.12,43.77
11,29.03,88.02,45.84
12,29.03,88.02,45.5
13,28.81,87.98,45.14
12,28.46,87.97,45.01
10,27.98,87.94,44.34
9,28.47,87.93,43.76
12,28.96,88.15,45.02
13,28.49,88.13,44.31
12,28.42,88.12,43.13
12,28.8,88.12,43.59
14,30.64,88.12,45.16
14,30.79,87.99,44.87
11,30.78,87.45,44.39
5,30.15,88.14,45.18
13,30.6,87.41,45.12
11,30.58,87.16,44.86
12,30.59,86.94,45.17
16,30.39,85.84,46.43
18,30.58,85.39,46.43
16,30.58,85.83,46.11
14,30.59,86.27,45.8
13,30.6,86.68,45.49
13,30.79,87.19,45.19
14,30.79,86.93,45.43
20,30.78,85.83,46.43
18,30.79,86.25,46.11
16,30.8,86.67,45.78
19,30.58,85.39,46.74
16,30.39,85.84,46.74
21,30.78,85.83,46.74
19,30.58,85.39,47.05
16,30.39,85.83,47.05
21,30.78,85.83,47.05
19,29.77,88.12,47.13
14,29.28,87.69,47.05
15,29.82,86.11,47.05
14,30.26,86.07,47.05
16,29.2,87.93,46.77
10,29.57,87.93,47.06
13,29.52,87.99,46.47
21,29.58,88.13,46.81
15,29.02,87.06,46.43
14,29.26,87.27,46.43
15,28.84,87.5,46.89
15,29.22,86.83,46.43
17,28.76,86.64,46.9
14,29.28,87.69,46.74
18,29.16,86.17,46.9
15,29.82,86.11,46.74
14,30.26,86.07,46.74
19,29.16,86.17,46.27
15,29.82,86.11,46.43
15,30.26,86.07,46.43
11,30.43,87.16,44.86
12,30.33,86.95,45.18
13,30.1,86.75,45.49
14,29.86,86.55,45.8
15,29.62,86.35,46.11
15,30.43,86.27,46.12
14,30.06,86.31,46.11
13,30.43,86.7,45.5
14,30.29,86.51,45.8
14,30.3,88.15,46.17
18,30.62,88.14,45.81
3,30.25,88.03,45.81
3,30.19,87.91,45.51
10,30.46,87.97,45.5
8,30.27,87.81,45.28
12,30.55,87.92,45.38
12,30.44,87.6,44.86
11,30.38,87.73,45.18
17,30.01,88.15,46.52
7,29.79,88.03,46.42
2,29.76,87.94,46.17
2,30.02,88.04,46.15
7,30.18,87.63,45.49
12,30.36,87.39,45.18
10,29.55,87.83,46.41
3,29.74,87.67,46.11
7,29.94,87.43,45.8
12,30.14,87.19,45.49
11,29.5,87.47,46.43
10,29.7,87.23,46.11
12,29.9,86.99,45.8
14,29.46,87.03,46.43
14,29.66,86.79,46.11
15,29.42,86.59,46.43
14,30.62,87.9,45.58
14,30.61,87.84,45.44
13,30.61,87.6,45.2
20,30.79,88.15,46.15
19,30.79,88.14,45.99
18,30.8,88.03,45.78
16,30.8,87.63,45.48
10,29.28,87.69,47.68
15,28.84,87.5,47.52
18,28.76,86.64,47.52
26,30.58,85.39,47.68
27,30.39,85.84,47.68
28,30.78,85.83,47.68
21,30.58,85.83,47.36
22,30.79,86.26,47.36
30,30.58,87.19,49.81
32,30.36,86.95,49.54
36,30.1,86.75,49.24
37,29.86,86.55,48.93
22,28.68,85.76,48.15
28,29.16,86.17,48.77
33,29.62,86.35,48.61
25,29.56,85.69,48.15
30,30.02,85.87,47.99
32,29.82,86.11,48.3
36,30.26,86.07,48.3
36,30.41,86.28,48.61
37,30.06,86.31,48.61
36,30.29,86.51,48.93
33,30.48,86.72,49.24
5,29.54,87.92,47.68
12,29.76,88.12,47.69
30,30.37,87.38,49.53
29,30.18,87.61,49.24
26,29.99,87.75,48.93
28,29.53,87.76,48.3
28,29.74,87.65,48.61
30,29.94,87.43,48.93
33,30.14,87.19,49.24
17,29.28,87.69,47.99
32,29.7,87.23,48.61
34,29.9,86.99,48.93
30,29.5,87.47,48.3
24,29.02,87.06,48.61
18,28.83,87.5,48.15
27,29.26,87.27,48.61
27,29.22,86.83,48.61
20,28.76,86.64,48.15
30,29.46,87.03,48.61
33,29.66,86.79,48.61
26,29.42,86.59,48.3
18,29.16,86.17,47.52
21,29.82,86.11,47.68
28,30.26,86.07,47.68
28,30.45,87.59,49.47
28,30.36,87.73,49.24
12,29.54,87.92,47.99
12,29.75,88.12,47.99
28,30.6,87.64,49.52
27,30.6,87.83,49.28
26,30.42,87.93,48.95
26,30.03,87.92,48.62
24,29.75,87.92,48.31
30,30.79,87.71,49.32
30,30.79,87.96,48.98
28,30.53,88.13,48.64
19,30.05,88.12,48.31
35,30.6,86.27,48.93
33,30.65,86.71,49.25
31,30.66,87.16,49.62
30,30.6,87.42,49.24
35,30.59,86.27,48.62
36,30.58,85.83,48.3
33,30.39,85.84,47.99
32,30.58,85.39,47.99
31,30.79,87.42,49.01
33,30.8,86.7,48.95
32,30.8,87.14,49.27
34,30.8,86.67,48.64
35,30.79,86.26,48.31
34,30.78,85.83,47.99
16,30.06,88.12,47.37
4,29.75,87.92,47.37
5,29.53,87.76,47.36
9,29.5,87.47,47.36
15,29.42,86.59,47.36
15,29.62,86.35,47.36
22,30.41,86.28,47.36
18,30.06,86.31,47.36
9,28.9,78.52,40.4
15,29.14,78.76,40.36
16,29.16,78.79,40.48
18,29.49,78.95,40.34
15,28.93,78.55,40.63
2,26.77,79.48,44.36
6,20.68,75.37,42.79
15,21.48,74.43,41.57
1260,22.27,73.47,40.59
6533,24.2,74.53,40.59
666,24.18,74.84,41.56
7519,24.73,74.75,40.58
612,24.63,75.05,41.5
248,24.24,75.51,41.37
5,23.37,75.65,42.05
2,23.85,76.01,41.96
5,23.91,76.86,42.52
3,22.55,76.54,42.52
2,23.03,76.94,42.52
4,23.51,77.34,43.15
2,22.15,77.02,42.52
3160,23.27,74.28,40.58
355,23.77,75.13,41.5
38,22.42,74.93,41.55
2,22.5,75.66,42.07
9,21.64,76.18,42.82
106,25.45,76.73,41.74
234,25.65,76.49,41.74
306,25.89,76.69,41.74
147,25.69,76.93,41.74
32,25.05,77.21,42.05
52,25.25,76.97,42.05
61,25.49,77.17,42.05
33,25.29,77.41,42.05
8,24.87,77.67,42.52
108,25.93,77.13,42.05
72,26.17,77.33,42.05
34,25.73,77.37,42.36
19,25.53,77.61,42.36
22,25.97,77.57,42.36
12,25.77,77.81,42.36
4,25.33,77.85,42.68
2,25.13,78.09,42.68
2,25.57,78.05,42.68
7415,26.48,75.74,40.5
929,26.29,76.13,41.17
744,26.3,76.32,41.53
1037,26.05,76.01,41.21
530,25.86,76.25,41.74
550,26.09,76.45,41.73
610,26.53,76.45,41.5
407,26.77,76.63,41.46
367,26.33,76.65,41.74
152,26.13,76.89,42.05
219,26.57,76.85,41.74
94,26.37,77.09,42.05
6286,26.41,75.01,40.57
28,24.72,75.93,41.94
9,24.31,76.39,42.52
73,25.19,76.32,41.89
26,24.79,76.79,42.52
7,24.39,77.27,43.15
7719,25.51,74.79,40.58
802,25.53,75.08,41.52
148,25.11,75.5,42.03
822,26,75.34,41.43
270,25.59,75.86,41.96
3,26.81,79.61,44.24
5,26.64,80.17,42.68
8,26.46,80.63,43.15
3,26.84,79.94,42.68
2,26.79,79.59,42.68
4,26.38,79.8,43.15
2,26.77,79.45,43.99
5,28.86,77.84,40.39
5,28.46,78.03,40.72
10,28.69,78.22,40.71
7,28.49,78.49,40.79
5,28.42,78.06,40.89
2,26.66,79.43,43.72
4,26.39,79.79,43.77
4,28.25,78.26,41.11
2,28.18,77.86,40.9
4,27.53,77.66,41.43
2,27.33,77.9,41.74
20,27.28,77.38,40.77
2,27.72,77.35,40.39
20,27.49,77.22,40.39
108,27.25,77.01,40.86
348,27,76.73,40.96
663,27.44,76.54,40.43
434,26.97,76.3,41.1
4656,26.95,76,40.48
3,26.89,77.93,42.05
36,26.41,77.53,42.05
13,26.65,77.73,42.05
10,26.21,77.77,42.36
3,26.45,77.97,42.36
6,26.01,78.01,42.36
2,26.25,78.21,42.36
75,27.26,77.05,41.19
209,27.01,76.82,41.43
83,27.25,77.01,41.42
99,26.81,77.05,41.74
45,26.61,77.29,42.05
40,27.05,77.26,41.74
17,26.85,77.49,42.05
4,27.73,77.42,41.12
20,27.49,77.23,41.15
5,27.73,77.42,41.43
23,27.49,77.22,41.43
13,27.29,77.46,41.74
4,27.09,77.7,42.05
10,29.11,79.32,46.64
27,30.14,79.32,47.97
4,30,79.51,49.1
19,30.61,80.54,49.88
2,29.97,79.97,49.68
21,30.59,79.83,49.11
37,30.78,80.52,49.26
50,30.78,79.67,48
2,28.05,78.5,41.43
10,28.49,78.46,41.11
3,28.05,78.5,41.11
15,28.95,78.7,40.61
9,28.74,78.65,40.61
13,28.72,78.67,40.8
4,28.28,78.7,40.79
2,28.09,78.94,40.82
21,29.22,78.84,40.55
3,28.33,79.19,40.61
14,29,78.95,40.56
5,28.54,78.99,40.58
17,29.5,79.12,40.42
2,28.59,79.44,40.44
4,28.81,79.24,40.43
2,28.2,79.32,45.43
2,27.24,79.52,45.38
13,30.08,81.62,49.68
27,30.37,82.47,49.31
6,29.26,82.16,49.32
25,29.73,82.57,49.32
32,30.37,82.45,48.77
4,27.26,79.8,46.57
4,28.19,80.14,47.83
31,30.59,81.58,49.11
41,30.58,82.4,48.18
40,30.58,82.41,47.54
48,30.78,81.54,47.93
39,30.78,82.4,46.92
29,30.78,82.4,46.29
7,27,86.8,41.27
10,26.92,85.92,41.27
10,26.85,85.04,41.27
8,26.77,84.16,41.27
2,27.04,79.7,41.43
2,27.05,79.81,41.19
2,27.05,79.81,41.04
3,26.88,80.38,41.43
2,26.88,80.38,41.11
2,27.08,80.14,41.43
2,27.08,80.14,41.11
4,26.72,81.06,41.43
3,26.72,81.06,41.11
3,26.92,80.82,41.43
3,26.92,80.82,41.11
6,26.56,81.73,41.43
4,26.56,81.73,41.11
5,26.76,81.5,41.43
4,26.76,81.5,41.11
6,26.69,83.28,41.27
5,26.61,82.4,41.27
21,27.8,85.84,43.15
23,27.4,86.32,42.52
12,27,86.8,41.9
10,26.46,80.63,44.4
6,26.86,80.14,44.4
6,26.94,81.04,43.15
9,26.46,80.63,43.77
31,26.85,85.04,43.15
30,26.44,85.52,43.77
28,26.44,85.52,44.4
31,27.32,85.44,43.15
31,26.92,85.92,43.77
22,27.8,85.84,43.77
30,26.92,85.92,44.4
24,27.8,85.84,44.4
20,28.68,85.76,44.4
27,25.81,83.35,44.4
24,26.29,83.75,43.15
25,25.81,83.35,43.77
27,26.77,84.16,43.15
27,25.93,84.67,44.08
25,26.21,82.87,44.4
19,26.14,81.99,44.4
15,26.54,81.51,44.4
22,26.69,83.28,43.15
14,26.61,82.4,43.15
22,26.21,82.87,43.77
17,26.14,81.99,43.77
10,27.02,81.92,43.15
13,26.54,81.51,43.77
27,27.17,83.68,43.15
9,29.26,82.16,48.77
26,29.73,82.57,48.77
36,30.18,82.97,48.15
23,28.85,82.64,48.77
31,28.45,83.12,48.15
32,29.33,83.04,48.77
33,28.93,83.52,48.15
34,29.81,83.45,48.15
29,30.58,82.96,46.9
34,30.18,82.97,47.52
30,29.81,83.45,47.52
22,30.23,83.85,46.9
31,28.45,83.12,47.52
30,28.93,83.52,47.52
23,29.41,83.93,46.9
22,29.01,84.4,46.9
27,28.53,84,47.52
30,28.05,83.6,47.52
25,27.69,84.52,46.58
25,26.85,85.04,45.02
22,26.85,85.04,45.65
25,27.32,85.44,45.65
28,28.21,85.36,45.65
27,27.32,85.44,45.02
28,28.21,85.36,45.02
22,29.01,84.4,46.27
27,28.61,84.88,45.65
19,29.49,84.81,45.65
29,28.61,84.88,45.02
15,30.78,82.96,45.66
21,30.58,82.96,46.27
8,26.43,80.24,45.33
15,28.34,81.8,47.83
13,27.38,81,46.58
27,27.53,82.76,46.58
22,26.58,81.96,45.33
28,26.73,83.72,45.33
21,29.41,83.93,46.27
28,27.32,85.44,42.52
17,26.92,85.92,41.9
28,27.25,84.56,42.52
18,26.85,85.04,41.9
22,27.17,83.68,42.52
15,26.77,84.16,41.9
2,27.04,79.7,42.05
2,27.04,79.7,41.74
2,27.04,79.7,42.36
4,26.88,80.38,42.05
3,27.08,80.14,42.05
4,26.88,80.38,41.74
3,27.08,80.14,41.74
5,26.88,80.38,42.68
3,27.08,80.14,42.68
4,26.88,80.38,42.36
3,27.08,80.14,42.36
4,26.92,80.82,42.05
5,26.72,81.06,41.74
4,26.92,80.82,41.74
6,26.72,81.06,42.05
5,26.94,81.04,42.52
14,27.09,82.8,42.52
11,26.69,83.28,41.9
7,27.02,81.92,42.52
8,26.61,82.4,41.9
7,26.54,81.51,41.9
2,28.21,85.37,40.44
3,27.73,84.96,40.64
2,28.13,84.49,40.44
5,27.25,84.56,40.86
3,27.65,84.08,40.64
4,27.17,83.68,40.86
2,27.57,83.2,40.64
2,27.12,80.58,40.86
2,26.96,81.26,40.86
2,27.16,81.02,40.86
3,27.09,82.8,40.86
2,27.02,81.92,40.86
5,27.48,87.2,41.27
3,28.69,85.77,40.44
9,27.48,87.2,41.9
25,30.39,83.38,46.9
19,30.58,83.37,46.27
14,30.78,83.37,45.66
18,30.23,83.85,46.27
16,29.89,84.33,45.65
17,30.42,84.27,46.27
13,30.27,84.72,45.65
10,30.38,85.4,45.18
11,30.23,85.63,45.18
15,29.98,85.2,45.65
14,29.16,86.17,44.4
17,29.56,85.69,45.02
13,28.68,85.76,43.77
22,29.09,85.28,44.4
20,29.49,84.81,45.02
10,30.38,85.4,44.86
10,30.23,85.63,44.86
9,30.39,85.84,44.86
10,30.04,86.09,44.4
17,30.58,84.27,46.27
9,30.58,86.48,44.39
9,30.58,85.83,44.86
9,30.58,85.39,44.86
10,30.58,85.39,45.18
12,30.58,84.79,45.65
13,30.58,83.86,45.65
12,30.78,84.27,45.65
7,30.78,86.52,43.78
8,30.78,85.62,44.4
9,30.78,84.79,45.03
10,30.78,83.87,45.04
5,26.88,85.48,40.86
3,27.8,85.84,40.64
5,27.4,86.32,40.86
5,27.54,87.75,40.86
3,27.48,87.2,40.86
4,27.96,87.55,41.27
12,27.54,87.93,40.75
2,27.88,86.74,40.64
6,27.95,87.64,40.63
23,27.94,88.12,40.6
2,28.28,86.26,40.44
3,29.17,86.18,40.44
5,30.18,86.12,40.44
19,28.4,87.99,40.44
2,28.35,87.2,40.44
4,27.05,88.09,45.2
9,27.26,87.86,45.25
9,27.53,88.2,45.03
11,27.85,88.01,45.19
2,27.93,88.37,45.42
9,27.92,88.26,45.13
8,27.54,87.82,45.68
10,27.72,87.86,45.43
8,27.25,87.88,45.41
10,27.54,87.85,45.02
6,27.8,88.27,45.46
3,27.52,88.23,45.62
9,28.84,87.94,43.64
8,28.43,87.92,43.14
7,27.95,87.92,41.23
7,27.95,87.92,42.52
7,27.54,87.92,41.88
16,28.42,88.12,41.19
12,28.43,88.12,42.52
13,27.95,88.12,41.87
6,27.96,87.55,41.9
11,28.76,86.64,43.77
13,28.28,86.24,43.15
10,29.64,86.57,43.77
8,30.34,86.51,43.77
18,27.88,86.72,42.52
8,27.96,87.55,42.52
9,28.43,87.72,43.15
14,28.36,87.12,43.15
12,30.47,87.92,45.17
13,30.59,87.84,44.87
10,30.59,87.38,44.39
12,30.35,87.39,44.86
5,30.03,88,45.18
3,29.98,87.84,45.49
11,30.18,87.62,45.19
6,30.19,87.87,45.28
3,29.52,87.92,45.81
2,29.77,87.94,45.49
8,29.74,87.67,45.49
12,29.94,87.43,45.18
12,29.5,87.47,45.18
12,29.29,87.72,45.49
12,29.08,87.88,45.5
12,30.36,87.73,44.87
10,30.36,87.35,44.39
12,29.5,87.47,44.86
11,29.94,87.43,44.86
12,29.7,87.23,44.86
10,30.1,86.97,44.4
13,28.84,87.52,45.02
11,28.48,87.77,44.41
15,28.36,87.12,44.4
12,29.24,87.05,44.4
13,29.01,88.14,43.98
11,28.84,87.5,43.77
2,29.22,88.17,45.5
12,29.04,88.02,45.03
11,28.51,87.97,44.36
14,28.94,88.15,44.31
12,28.82,88.12,43.13
13,29.35,88.13,43.7
10,30.79,87.99,43.76
8,30.78,87.41,43.77
13,29.38,88.15,44
13,30.58,88.12,44.87
13,30.79,88,44.39
8,30.17,88.14,44.84
2,30.79,88.5,45.74
13,30.6,87.18,45.19
13,30.61,86.93,45.43
17,30.58,85.83,46.43
16,30.61,86.26,46.11
15,30.63,86.68,45.79
15,30.8,87.17,45.48
19,30.79,86.25,46.42
18,30.81,86.64,46.1
16,30.81,86.93,45.83
18,30.58,85.83,46.74
19,30.79,86.25,46.74
17,30.58,85.83,47.05
18,30.79,86.26,47.05
20,30.05,88.12,47.07
8,29.75,87.93,47.12
9,29.55,87.77,47.04
12,29.5,87.47,47.05
15,29.42,86.59,47.05
15,29.62,86.35,47.05
14,30.42,86.28,47.05
13,30.06,86.31,47.05
21,30.26,88.14,46.72
22,30,88.14,46.79
14,29.57,87.95,46.77
15,29.42,86.59,46.74
15,29.24,87.05,46.9
12,29.5,87.47,46.74
12,29.56,87.8,46.73
15,29.62,86.35,46.74
14,30.43,86.27,46.74
13,30.06,86.31,46.74
24,30.79,88.15,46.69
15,29.62,86.35,46.43
15,30.43,86.27,46.43
14,30.06,86.31,46.43
13,30.45,87.17,45.2
13,30.34,86.95,45.49
13,30.1,86.75,45.8
14,29.86,86.55,46.11
14,30.3,86.51,46.12
14,30.47,86.72,45.81
17,30.46,88.14,46.18
19,30.27,88.15,46.47
6,30.24,88.03,46.13
18,30.6,88.14,46.07
2,30.2,87.92,45.8
12,30.5,88,45.8
8,30.35,87.78,45.52
11,30.44,87.71,45.42
12,30.46,87.57,45.21
19,30.7,88.14,46.19
10,29.97,88.03,46.47
5,29.76,87.93,46.35
4,30.18,87.63,45.8
12,30.37,87.39,45.49
7,29.74,87.67,46.43
5,29.94,87.43,46.11
10,30.14,87.19,45.8
10,29.7,87.23,46.43
11,29.9,86.99,46.11
13,29.66,86.79,46.43
18,30.67,88.02,46.14
17,30.67,88.01,46
15,30.66,87.91,45.79
14,30.64,87.58,45.49
20,30.82,88.09,46.17
22,30.78,88.15,46.43
19,30.82,88.03,46.04
17,30.81,87.65,45.77
7,29.53,87.76,47.68
11,29.5,87.47,47.68
14,29.24,87.05,47.52
17,29.42,86.59,47.68
28,30.58,85.83,47.68
31,30.79,86.26,47.68
23,30.59,86.26,47.36
26,30.8,86.63,47.36
31,30.49,87.14,49.56
33,30.34,86.95,49.24
36,30.1,86.75,48.93
36,29.86,86.55,48.61
29,29.62,86.35,48.3
22,29.16,86.17,48.15
27,29.82,86.11,47.99
33,30.26,86.07,47.99
36,30.42,86.27,48.3
35,30.06,86.31,48.3
34,30.46,86.72,48.93
35,30.29,86.51,48.61
5,29.75,87.92,47.68
13,30.04,88.12,47.68
30,30.36,87.39,49.24
27,29.99,87.75,48.61
28,30.18,87.61,48.93
21,29.53,87.76,47.99
30,29.74,87.65,48.3
29,29.94,87.43,48.61
32,30.14,87.19,48.93
22,29.5,87.47,47.99
32,29.7,87.23,48.3
34,29.9,86.99,48.61
21,29.24,87.05,48.15
31,29.66,86.79,48.3
21,29.42,86.59,47.99
19,29.62,86.35,47.68
31,30.42,86.28,47.68
26,30.06,86.31,47.68
29,30.45,87.59,49.25
27,30.37,87.73,48.92
13,29.75,87.92,47.99
14,30.04,88.12,47.99
28,30.6,87.64,49.27
28,30.6,87.83,48.95
28,30.42,87.95,48.62
27,30.02,87.92,48.3
31,30.79,87.63,48.94
30,30.8,87.97,48.66
26,30.51,88.13,48.31
29,30.82,88,48.22
30,30.61,87.4,48.99
33,30.63,86.7,48.94
31,30.63,87.13,49.25
34,30.63,86.67,48.63
35,30.6,86.26,48.3
34,30.58,85.83,47.99
32,30.8,87.13,48.94
33,30.81,86.92,48.59
34,30.8,86.64,48.32
35,30.79,86.25,47.99
20,30.52,88.13,47.37
3,30.03,87.92,47.37
3,29.74,87.65,47.36
9,29.7,87.23,47.36
13,29.66,86.79,47.36
15,29.86,86.55,47.36
22,30.29,86.51,47.36
24,30.82,88.07,47.36
14,28.92,78.35,40.69
14,29.28,78.41,40.38
21,29.35,78.83,40.34
20,29.14,78.63,40.6
18,29.82,78.95,40.32
26,29.44,78.8,40.49
20,30.02,78.95,40.6
17,28.93,78.44,40.83
13,29.35,78.08,40.38
3,27.26,79.77,44.39
5,26.86,80.16,43.77
3,27.34,80.56,43.15
4,28.16,79.31,44.55
8,20.28,71.93,40.57
4,19.82,72.82,41.55
204,21.29,72.68,40.59
10,20.5,73.63,41.58
31,21.48,74.42,42.81
588,22.28,73.46,41.59
3622,23.08,72.51,40.59
6961,24.96,73.67,40.59
7206,25.44,74.07,40.59
7439,24.56,74.15,40.59
7697,25.04,74.54,40.58
1084,24.2,74.53,41.59
110,24.18,74.89,42.16
697,24.73,74.75,41.57
115,24.6,75.15,42.1
41,23.82,75.21,42.11
34,24.25,75.55,42.03
6,23.35,75.57,42.5
4,23.84,75.98,42.52
9,23.91,76.86,43.15
6,22.55,76.54,43.15
4,23.03,76.94,43.15
3,22.15,77.02,43.15
2,22.63,77.42,43.15
6090,24.04,73.31,40.59
917,23.27,74.28,41.57
38,22.45,75.22,42.8
2,21.63,76.18,44.08
4447,26.88,75.26,40.54
111,25.45,76.73,42.05
190,25.65,76.49,42.05
198,25.89,76.69,42.05
126,25.69,76.93,42.05
30,25.27,77.19,42.52
3,24.87,77.67,43.15
58,25.93,77.13,42.36
35,26.17,77.33,42.36
17,25.73,77.37,42.68
9,25.53,77.61,42.68
9,25.97,77.57,42.68
5,25.77,77.81,42.68
1031,26.48,75.74,41.3
615,26.05,76.03,41.76
587,26.29,76.21,41.73
295,26.06,76.01,42.05
260,26.3,76.21,42.05
257,25.86,76.25,42.05
243,26.09,76.45,42.05
401,26.53,76.41,41.74
292,26.98,76.37,41.52
226,26.77,76.61,41.74
91,26.77,76.61,42.05
157,26.53,76.41,42.05
149,26.33,76.65,42.05
71,26.13,76.89,42.36
93,26.57,76.85,42.05
42,26.37,77.09,42.36
7003,25.92,74.47,40.59
6274,26.39,74.71,40.58
428,26.41,75.01,41.53
29,24.72,75.91,42.52
19,24.31,76.39,43.15
80,25.19,76.31,42.52
17,24.79,76.79,43.15
816,25.51,74.79,41.57
315,25.54,75.16,42.12
121,25.12,75.42,42.51
316,26,75.42,42.07
136,25.6,75.83,42.52
2,28.22,77.82,40.73
6,29.25,77.33,40.42
2,26.82,79.59,43.9
2,26.79,79.59,43.15
5,26.86,80.16,43.15
2,27.04,79.7,42.68
8,28.88,77.76,40.83
11,28.68,78.26,40.87
6,28.45,78.02,41.11
12,28.69,78.22,41.11
2,26.77,79.58,43.62
9,28.69,78.22,41.43
3,28.45,78.02,41.43
9,28.49,78.46,41.43
3,28.25,78.26,41.43
2,28.05,78.5,41.74
2,28.21,77.82,41.11
3,27.53,77.66,41.74
2,27.73,77.34,40.79
11,27.49,77.21,40.81
11,27.92,76.96,40.4
147,27.44,76.54,41.02
252,27.85,76.24,40.46
488,26.95,76,41.2
1707,27.36,75.67,40.51
15,26.41,77.53,42.36
5,26.65,77.73,42.36
3,26.21,77.77,42.68
2,26.01,78.01,42.68
127,27.43,76.63,41.45
98,27.01,76.81,41.74
37,27.25,77.02,41.74
15,27.25,77.02,42.05
36,27.01,76.81,42.05
38,26.81,77.05,42.05
18,26.61,77.29,42.36
16,27.05,77.26,42.05
5,26.85,77.49,42.36
26,27.9,77,41.38
3,27.73,77.42,41.74
10,27.49,77.22,41.74
3,27.49,77.22,42.05
4,27.29,77.46,42.05
32,29.14,79.3,44.55
24,29.12,79.31,45.4
43,30.13,79.32,46.66
9,29.04,79.52,46.6
26,29.99,79.51,47.89
17,30.43,80.65,49.68
4,29.87,80.07,49.01
29,30.59,80.62,49.1
44,30.59,79.84,47.9
51,30.78,80.54,47.97
58,30.78,79.68,46.67
41,29.8,79.12,40.62
6,28.29,78.7,41.74
4,28.09,78.94,41.74
49,29.8,79.12,41.89
7,28.29,78.7,41.43
17,28.73,78.66,41.11
7,28.29,78.7,41.11
4,28.09,78.94,41.43
3,28.09,78.94,41.11
24,29.17,78.63,40.8
19,28.97,78.86,40.8
8,28.53,78.9,40.82
5,28.33,79.13,40.84
25,29.42,79.08,40.56
5,28.57,79.38,40.63
8,28.78,79.15,40.6
8,29.14,79.55,40.43
50,29.8,79.12,41.18
2,28.18,79.51,45.37
4,27.26,79.8,45.35
13,29.98,81.64,49.01
38,30.37,82.45,48.15
4,29.14,80.84,47.83
3,28.19,80.14,46.58
38,30.37,82.45,47.52
41,30.58,81.57,47.87
35,30.58,82.41,46.9
45,30.78,81.55,46.63
27,30.58,82.41,46.28
20,30.78,82.4,45.67
2,27.89,79.18,42.05
2,27.89,79.18,41.74
2,27.89,79.18,41.43
9,27.4,86.32,41.27
11,27.32,85.44,41.27
10,27.25,84.56,41.27
7,27.17,83.68,41.27
2,27.12,80.58,41.43
2,27.12,80.58,41.11
2,27.32,80.34,41.43
3,26.96,81.26,41.43
3,26.96,81.26,41.11
3,27.16,81.02,41.43
2,27.16,81.02,41.11
5,27.09,82.8,41.27
3,27.02,81.92,41.27
15,30.78,82.97,45.06
15,28.21,85.36,43.15
22,27.8,85.84,42.52
17,27.4,86.32,41.9
9,26.94,81.04,44.4
5,27.34,80.56,44.4
6,27.42,81.44,43.15
7,26.94,81.04,43.77
33,27.25,84.56,43.15
32,26.85,85.04,43.77
30,26.85,85.04,44.4
30,27.73,84.96,43.15
31,27.32,85.44,43.77
18,28.21,85.36,43.77
31,27.32,85.44,44.4
25,28.21,85.36,44.4
21,26.61,82.4,44.4
16,27.02,81.92,44.4
28,26.73,83.72,44.08
19,27.09,82.8,43.15
18,26.61,82.4,43.77
17,27.5,82.32,43.15
13,27.02,81.92,43.77
33,27.65,84.08,43.15
26,27.57,83.2,43.15
27,28.61,84.88,44.4
17,28.61,84.88,43.77
30,29.29,82.6,47.83
27,30.18,82.97,46.9
24,29.81,83.45,46.9
27,28.49,83.56,46.58
24,29.01,84.4,45.65
29,29.01,84.4,45.02
27,27.69,84.52,45.33
16,30.58,82.96,45.65
22,30.18,82.97,46.27
19,28.34,81.8,46.58
10,27.38,81,45.33
27,27.53,82.76,45.33
20,29.81,83.45,46.27
21,29.41,83.93,45.65
28,29.41,83.93,45.02
27,28.13,84.48,43.15
27,27.73,84.96,42.52
21,27.32,85.44,41.9
29,27.65,84.08,42.52
20,27.25,84.56,41.9
25,27.97,82.72,43.15
21,27.57,83.2,42.52
14,27.17,83.68,41.9
2,27.28,79.9,42.05
2,27.28,79.9,41.74
2,27.28,79.9,42.68
2,27.28,79.9,42.36
3,27.12,80.58,42.05
2,27.32,80.34,42.05
3,27.12,80.58,41.74
2,27.32,80.34,41.74
4,27.82,80.96,43.15
3,27.34,80.56,42.52
3,27.16,81.02,42.05
4,26.96,81.26,41.74
3,27.16,81.02,41.74
5,26.96,81.26,42.05
5,27.42,81.44,42.52
12,27.5,82.32,42.52
9,27.09,82.8,41.9
5,27.02,81.92,41.9
2,28.13,79.38,40.85
3,28.37,79.6,40.64
2,28.64,80.03,40.44
3,28.61,84.89,40.44
5,28.21,85.36,40.64
7,27.73,84.96,40.86
5,28.13,84.48,40.64
2,28.53,84.01,40.44
6,27.65,84.08,40.86
3,28.05,83.6,40.64
2,28.44,83.13,40.44
4,27.57,83.2,40.86
2,27.97,82.72,40.64
2,27.5,82.32,40.86
2,27.42,81.44,40.86
5,29.61,85.71,40.44
9,27.88,86.72,41.27
6,28.69,85.77,40.64
4,29.11,85.3,40.44
15,27.88,86.72,41.9
8,30.55,85.71,40.44
19,30.39,83.38,46.27
14,30.58,83.37,45.65
12,30.78,83.38,45.05
16,30.23,83.85,45.65
18,29.89,84.33,45.02
9,28.68,85.76,43.15
13,30.42,84.27,45.65
13,30.27,84.72,45.02
10,29.16,86.17,43.77
16,29.56,85.69,44.4
14,29.98,85.2,45.02
16,29.09,85.28,43.77
22,29.49,84.81,44.4
9,30.04,86.09,43.77
9,30.31,85.62,44.4
8,29.16,86.17,43.15
12,30.58,84.27,45.65
9,30.04,86.09,43.15
8,30.58,86.5,43.77
8,30.58,85.62,44.4
10,30.58,84.79,45.02
12,30.58,83.86,45.03
10,30.78,84.28,45.04
7,30.78,86.51,43.15
7,30.78,85.64,43.79
8,30.78,84.81,44.42
10,30.78,83.89,44.44
6,27.8,85.84,40.86
4,28.28,86.25,40.64
6,29.17,86.17,40.64
8,30.09,86.1,40.63
4,27.88,86.72,40.86
3,27.96,87.55,40.86
5,28.43,87.72,41.27
7,28.36,87.12,41.27
10,27.95,87.93,40.76
9,28.41,87.83,40.63
2,28.36,87.15,40.64
22,28.42,88.12,40.63
7,30.79,86.56,40.62
2,28.76,86.67,40.44
3,29.67,86.58,40.44
6,30.57,86.54,40.44
8,28.81,87.67,40.44
8,27.5,88.17,45.21
2,27.93,88.37,45.19
2,27.78,88.5,45.39
9,27.8,88.25,45.19
6,27.5,88.13,45.44
8,30.59,87.34,43.77
11,29.35,87.96,43.75
9,28.84,87.92,43.13
7,28.43,87.92,41.24
7,28.43,87.92,42.52
6,27.95,87.92,41.89
16,28.79,88.12,41.23
12,28.82,88.12,42.53
13,28.42,88.12,41.88
6,28.43,87.72,41.9
12,28.36,87.12,41.9
11,29.24,87.05,43.77
11,28.76,86.64,43.15
15,28.28,86.24,42.52
9,30.09,86.97,43.77
9,29.64,86.57,43.15
8,30.34,86.5,43.14
10,30.6,87.84,43.77
8,30.36,87.33,43.77
7,28.43,87.72,42.52
14,28.36,87.12,42.52
10,28.83,87.51,43.15
12,30.42,87.93,44.88
12,30.59,87.84,44.39
11,30.18,87.62,44.87
8,30.05,87.98,44.86
2,29.38,88.17,45.49
5,29.52,87.92,45.49
10,29.74,87.67,45.18
11,29.74,87.67,44.86
7,29.95,87.83,45.19
12,29.25,87.77,45.02
12,29.07,88,44.07
11,30.14,87.71,44.41
10,29.32,87.74,43.81
12,28.84,87.51,44.4
11,29.72,87.46,44.4
12,29.39,88.02,44.09
4,29.22,88.17,45.02
13,29.02,88.02,44.37
5,29.11,88.23,44.33
13,29.34,88.12,43.15
13,30.33,88.13,43.73
8,30.8,88.01,43.19
7,30.79,87.42,43.14
12,29.37,88.22,44.02
12,30.39,88.14,44.37
3,30.79,88.6,45.53
2,30.65,88.42,45.49
14,30.64,87.16,45.49
17,30.61,86.25,46.42
16,30.66,86.65,46.1
15,30.69,86.93,45.84
16,30.81,87.16,45.76
18,30.81,86.64,46.42
19,30.82,86.91,46.09
16,30.61,86.26,46.74
16,30.81,86.64,46.73
16,30.6,86.26,47.05
17,30.8,86.63,47.05
23,30.82,88.07,47.05
21,30.52,88.13,47.06
8,30.01,87.94,47.06
7,29.74,87.66,47.05
10,29.7,87.23,47.05
13,29.66,86.79,47.05
13,29.86,86.55,47.05
13,30.3,86.51,47.05
23,30.62,88.13,46.77
22,30.4,88.13,46.74
15,30.22,87.99,46.7
15,29.97,87.98,46.76
13,29.66,86.79,46.74
11,29.7,87.23,46.74
10,29.74,87.67,46.74
13,29.86,86.55,46.74
12,30.31,86.51,46.74
17,30.68,88.03,46.68
23,30.82,88.06,46.73
13,29.86,86.55,46.43
13,30.31,86.51,46.43
13,30.49,87.17,45.51
13,30.34,86.95,45.8
12,30.1,86.75,46.11
15,30.61,86.94,45.88
14,30.5,86.72,46.12
20,30.48,88.13,46.44
10,30.39,87.99,46.17
12,30.23,88.02,46.44
3,30.2,87.92,46.11
12,30.51,87.99,46.07
7,30.4,87.8,45.81
12,30.5,87.56,45.51
21,30.66,88.13,46.43
16,30.59,87.99,46.19
6,29.97,87.84,46.42
2,30.18,87.63,46.11
9,30.38,87.39,45.8
6,29.94,87.43,46.43
7,30.14,87.19,46.11
10,29.9,86.99,46.43
16,30.63,87.88,46.15
18,30.7,87.99,46.17
19,30.67,88.02,46.43
17,30.71,87.94,46.05
15,30.68,87.6,45.79
21,30.82,88.06,46.42
19,30.83,87.9,46.12
19,30.82,87.64,46.02
26,30.82,88.07,47.68
9,29.74,87.65,47.68
15,29.7,87.23,47.68
18,29.66,86.79,47.68
32,30.6,86.26,47.68
33,30.81,86.63,47.68
27,30.65,86.65,47.36
29,30.82,86.9,47.37
31,30.48,87.13,49.25
33,30.34,86.95,48.92
35,30.1,86.75,48.61
33,29.86,86.55,48.3
24,29.62,86.35,47.99
35,30.42,86.27,47.99
32,30.06,86.31,47.99
35,30.3,86.51,48.3
34,30.47,86.72,48.61
4,30.02,87.92,47.68
19,30.5,88.13,47.68
29,29.99,87.75,48.3
28,30.18,87.61,48.61
30,30.36,87.39,48.92
24,29.74,87.65,47.99
31,29.94,87.43,48.3
31,30.14,87.19,48.61
27,29.7,87.23,47.99
33,29.9,86.99,48.3
25,29.66,86.79,47.99
22,29.86,86.55,47.68
31,30.3,86.51,47.68
28,30.47,87.57,48.89
28,30.39,87.75,48.6
20,30.5,88.13,47.99
15,30.02,87.92,47.99
29,30.65,87.85,48.19
29,30.61,87.59,48.92
29,30.63,87.86,48.64
29,30.42,87.96,48.31
29,30.71,87.92,48.21
31,30.8,87.6,48.65
32,30.81,88.03,48.37
30,30.82,87.89,48.25
27,30.82,88.06,48.01
31,30.64,87.13,48.93
33,30.69,86.93,48.57
34,30.66,86.65,48.31
35,30.6,86.26,47.99
33,30.81,87.16,48.65
34,30.82,86.91,48.32
34,30.81,86.62,48
5,30.43,87.97,47.37
7,30.65,87.88,47.36
5,29.94,87.43,47.36
12,29.9,86.99,47.36
18,30.1,86.75,47.36
26,30.49,86.73,47.36
10,30.71,87.97,47.36
24,30.83,87.9,47.37
20,29.31,78.23,40.71
2,30.35,78.95,40.56
20,29.76,78.62,40.36
8,30.24,78.95,40.3
14,30.03,78.95,41.16
29,29.4,78.67,40.67
23,29.81,78.79,40.47
23,29.92,78.81,40.72
13,29.71,77.79,40.39
4,28.22,80.48,44.4
3,30.01,78.95,41.86
55,30.06,79.31,44.5
37,29.19,79.29,44.09
18,29.36,77.98,40.78
20,28.93,78.42,41.11
22,29.32,78.33,40.84
18,28.93,78.42,41.43
18,28.73,78.66,41.43
2,27.26,79.76,43.79
2,27.74,80.07,44.39
4,27.34,80.56,43.77
3,28.16,79.74,44.39
2,27.74,80.08,43.15
3,28.14,79.49,44.46
2,27.66,79.44,43.91
7,28.14,79.24,43.9
7,28.18,79.3,44.09
55,21.1,70.95,40.58
15,20.34,71.88,41.55
924,22.1,71.72,40.59
173,21.31,72.66,41.58
8,20.52,73.61,42.82
46,21.92,69.98,40.58
1018,22.91,70.76,40.59
5,21.48,74.42,44.08
99,22.28,73.46,42.82
716,23.08,72.5,41.59
3973,23.89,71.55,40.59
6391,25.37,73.19,40.59
6639,25.84,73.59,40.59
761,24.96,73.67,41.59
658,25.44,74.07,41.59
1091,24.56,74.15,41.59
880,25.04,74.54,41.58
175,24.18,74.63,42.52
123,24.64,75.02,42.51
38,23.76,75.12,42.51
21,24.24,75.51,42.52
19,23.36,75.58,43.15
15,23.84,75.98,43.15
9,22.96,76.06,43.15
7,23.43,76.46,43.15
4,23.91,76.86,43.77
5675,24.85,72.35,40.59
866,24.04,73.3,41.59
135,23.25,74.27,42.81
12,22.44,75.22,44.08
2241,27.29,74.93,40.57
941,26.88,75.26,41.44
78,25.67,76.71,42.52
8,25.27,77.19,43.15
34,26.13,76.89,42.68
16,26.37,77.09,42.68
26,25.93,77.13,42.68
13,26.17,77.33,42.68
2,25.75,77.59,43.15
248,26.48,75.79,41.98
86,26.08,76.23,42.52
153,26.96,76.17,41.9
34,26.55,76.63,42.52
6354,26.32,73.99,40.59
525,25.92,74.47,41.59
5010,26.8,74.39,40.59
385,26.39,74.71,41.58
108,26.42,75.08,42.13
35,24.72,75.91,43.15
6,24.31,76.39,43.77
29,25.19,76.31,43.15
2,24.79,76.79,43.77
154,25.52,74.94,42.5
64,25.12,75.43,43.15
99,26,75.35,42.52
33,25.6,75.83,43.15
6,29.66,77,40.45
2,28.41,77.34,40.87
6,29.27,77.29,40.99
2,28.79,76.9,40.44
2,27.26,79.68,43.15
6,28.86,77.79,41.31
2,27.69,79.55,43.76
2,27.63,79.16,43.77
3,28.47,78.24,41.9
3,28.37,77.39,41.34
18,27.92,76.94,40.92
12,28.31,76.49,40.45
104,27.85,76.24,41.15
206,27.83,75.94,40.49
447,27.36,75.67,41.31
566,27.76,75.19,40.55
47,28.27,76.59,41.53
107,27.86,76.31,41.56
5,26.61,77.29,42.68
5,26.41,77.53,42.68
60,27.44,76.56,41.89
8,27.03,77.04,42.52
15,27.91,76.96,41.9
27,29.06,79.47,44.45
52,30.17,79.31,45.42
20,29.05,79.5,45.35
39,29.99,79.51,46.61
5,29.03,79.75,46.58
15,29.87,80.07,47.83
16,30.32,80.71,49.01
5,28.29,78.7,42.05
4,28.09,78.94,42.05
42,29.8,79.12,42.59
40,30.59,80.63,47.88
50,30.59,79.84,46.62
54,30.78,80.56,46.65
63,30.63,79.31,44.43
60,30.78,79.7,45.38
2,27.89,79.18,42.68
2,27.89,79.18,42.36
35,30.14,79.3,40.59
40,29.66,79.12,40.73
25,30.21,79.35,40.42
13,28.53,78.9,41.74
10,28.33,79.14,41.74
62,30.15,79.3,41.84
47,29.66,79.12,41.89
28,29.17,78.62,41.43
29,29.17,78.62,41.11
26,28.97,78.86,41.43
14,28.53,78.9,41.43
25,28.97,78.86,41.11
12,28.53,78.9,41.11
9,28.33,79.14,41.43
7,28.33,79.14,41.11
13,28.77,79.09,40.83
30,29.38,79.04,40.8
9,28.57,79.34,40.85
19,29.6,79.85,40.43
13,29.08,79.54,40.6
56,30.16,79.3,41.13
47,29.66,79.12,41.24
3,28.19,80.14,45.33
28,29.98,81.64,47.83
12,29.14,80.84,46.58
33,30.37,82.45,46.9
33,30.78,81.56,45.39
41,30.58,81.58,46.6
26,30.37,82.45,46.27
20,30.58,82.41,45.65
21,30.78,82.41,45.06
4,28.13,79.38,42.05
2,27.92,79.62,42.05
4,28.13,79.38,41.74
2,27.92,79.62,41.74
4,28.13,79.38,41.43
2,27.92,79.62,41.43
3,28.13,79.38,41.11
12,27.8,85.84,41.27
13,27.73,84.96,41.27
11,27.65,84.08,41.27
7,27.57,83.2,41.27
2,27.36,80.78,41.43
4,27.5,82.32,41.27
2,27.42,81.44,41.27
19,30.58,82.96,45.03
21,30.78,82.98,44.47
10,28.61,84.88,43.15
16,28.21,85.36,42.52
21,27.8,85.84,41.9
13,28.7,80.88,44.4
11,27.42,81.44,44.4
7,27.82,80.96,44.4
14,27.9,81.84,43.15
9,27.42,81.44,43.77
5,27.82,80.96,43.77
34,28.05,83.6,43.15
26,27.53,82.76,44.08
33,27.69,84.52,44.08
30,29.01,84.4,44.4
20,29.01,84.4,43.77
31,29.29,82.6,46.58
22,28.34,81.8,45.33
19,30.18,82.97,45.65
19,29.81,83.45,45.65
29,28.49,83.56,45.33
27,29.81,83.45,45.02
33,29.41,83.93,44.4
24,28.53,84,43.15
24,28.13,84.48,42.52
23,27.73,84.96,41.9
35,28.45,83.12,43.15
31,28.05,83.6,42.52
22,27.65,84.08,41.9
24,28.38,82.24,43.15
20,27.97,82.72,42.52
14,27.57,83.2,41.9
14,28.7,80.88,43.77
4,28.22,80.48,43.15
3,27.36,80.78,42.05
2,27.56,80.54,42.05
2,27.36,80.78,41.74
2,27.56,80.54,41.74
13,28.3,81.36,43.15
3,27.82,80.96,42.52
11,27.9,81.84,42.52
8,27.5,82.32,41.9
3,27.42,81.44,41.9
5,28.36,79.58,40.86
2,28.16,79.82,40.86
5,29.11,80.4,40.44
5,28.63,80.01,40.64
4,29.01,84.42,40.44
7,28.61,84.89,40.64
8,28.21,85.36,40.86
9,28.13,84.48,40.86
6,28.53,84.01,40.64
3,28.92,83.54,40.44
7,28.05,83.6,40.86
5,28.45,83.12,40.64
3,28.83,82.65,40.44
4,27.97,82.72,40.86
3,28.37,82.24,40.64
2,28.76,81.76,40.44
2,27.9,81.84,40.86
2,28.3,81.36,40.64
2,28.7,80.88,40.44
2,28.22,80.48,40.64
9,29.58,85.69,40.64
8,30.13,85.27,40.44
7,30.78,86.53,41.17
13,28.28,86.24,41.27
10,28.68,85.76,40.86
9,29.09,85.29,40.64
6,29.52,84.84,40.44
18,28.28,86.24,41.9
11,30.41,85.66,40.63
9,30.78,85.72,40.59
27,30.07,79.49,40.41
16,30.39,83.38,45.65
15,30.58,83.37,45.03
13,30.78,83.4,44.46
17,30.23,83.85,45.02
21,29.89,84.33,44.4
9,29.09,85.28,43.15
9,28.68,85.76,42.52
12,30.42,84.27,45.02
13,30.27,84.72,44.39
9,30.31,85.63,43.77
13,29.56,85.69,43.77
14,29.98,85.21,44.39
19,29.49,84.81,43.77
9,29.56,85.69,43.15
8,29.16,86.17,42.52
11,30.58,84.27,45.03
8,30.04,86.09,42.52
8,30.31,85.63,43.14
7,30.58,86.5,43.15
8,30.58,85.63,43.78
9,30.58,84.79,44.4
13,30.58,83.87,44.41
9,30.78,84.29,44.43
7,30.78,86.52,42.52
7,30.78,85.66,43.18
8,30.78,84.86,43.83
9,30.79,83.92,43.88
5,30.79,87.39,41.04
9,30.34,86.5,41.27
11,30.04,86.09,40.86
12,29.64,86.57,41.27
10,29.16,86.17,40.86
12,28.76,86.64,41.27
6,28.28,86.24,40.86
4,28.76,86.65,40.64
5,29.65,86.57,40.64
7,30.43,86.51,40.63
4,28.43,87.72,40.86
3,28.36,87.12,40.86
5,28.84,87.5,41.27
10,28.43,87.93,40.77
4,28.82,87.57,40.63
22,28.78,88.13,40.65
8,30.59,86.51,40.76
4,30.79,87.42,40.62
2,29.24,87.07,40.44
3,30.22,86.99,40.43
12,29.29,87.92,40.42
3,30.6,87.44,40.43
8,30.82,88.1,40.43
6,30.74,88.1,40.4
2,27.79,88.5,45.23
11,30.19,87.95,43.77
7,30.61,87.36,43.14
9,29.37,87.93,43.14
7,28.82,87.93,41.26
8,28.84,87.92,42.52
7,28.43,87.92,41.89
17,29.24,88.14,41.25
14,29.29,88.13,42.57
13,28.81,88.12,41.89
14,28.76,86.64,41.9
8,28.84,87.51,41.91
11,29.64,86.57,41.9
9,30.34,86.5,41.9
9,30.36,88.15,42.7
10,29.72,87.45,43.79
11,29.24,87.06,43.14
13,28.76,86.64,42.52
9,30.09,86.97,43.15
10,29.64,86.57,42.52
9,30.34,86.5,42.52
10,30.15,87.7,43.79
7,30.38,87.36,43.13
8,30.64,87.89,43.19
9,29.35,87.72,43.16
9,28.83,87.51,42.53
14,29.68,88.14,42.61
11,29.94,88.14,42.83
11,30.23,87.97,44.4
10,29.95,87.81,44.87
2,29.67,88.13,45.18
2,29.8,88.18,44.85
6,29.47,88.02,45.02
12,29.31,87.8,44.42
12,29.41,88.16,44.13
9,29.22,88.19,44.4
11,30.26,88.13,43.18
9,30.44,88.14,42.81
7,30.81,88.07,42.67
5,30.79,87.45,41.4
6,30.8,87.44,42.52
7,30.78,86.52,41.88
8,30.56,88.14,42.52
2,29.63,88.3,44.02
2,29.84,88.39,43.99
4,29.91,88.28,44.34
2,30.02,88.4,44.84
3,30.79,88.78,45.49
6,30.79,88.52,45.43
7,30.66,88.42,45.18
3,26.21,88.42,40.57
2,26.24,88.57,40.44
15,30.69,87.17,45.78
16,30.67,86.65,46.43
17,30.72,86.93,46.11
19,30.82,87.14,46.03
17,30.82,86.88,46.36
13,30.66,86.66,46.73
9,30.82,86.89,46.78
16,30.65,86.65,47.05
20,30.82,86.9,47.05
10,30.71,87.97,47.05
21,30.83,87.9,47.05
9,30.43,87.97,47.05
3,30.65,87.88,47.05
5,29.98,87.77,47.04
5,29.94,87.43,47.05
9,29.9,86.99,47.05
11,30.1,86.75,47.05
14,30.49,86.73,47.05
15,30.52,87.97,46.77
15,30.34,87.95,46.73
13,30.19,87.89,46.66
7,30.64,87.88,46.73
10,29.98,87.81,46.72
10,29.9,86.99,46.74
9,29.94,87.43,46.74
11,30.1,86.75,46.74
11,30.5,86.72,46.74
13,30.71,87.97,46.74
16,30.83,87.9,46.73
11,30.1,86.75,46.43
14,30.5,86.72,46.42
15,30.63,86.94,46.13
13,30.53,87.14,45.81
11,30.34,86.95,46.11
6,30.3,87.88,46.19
15,30.41,87.96,46.43
9,30.2,87.91,46.41
7,30.4,87.78,46.08
11,30.54,87.59,45.81
12,30.55,87.81,46.18
18,30.56,87.97,46.42
7,30.18,87.63,46.43
7,30.38,87.39,46.11
7,30.14,87.19,46.43
16,30.63,87.88,46.43
17,30.68,87.81,46.2
19,30.82,87.33,46.06
19,30.71,87.97,46.43
18,30.74,87.84,46.15
17,30.71,87.6,46.07
15,30.83,87.89,46.38
19,30.83,87.65,46.17
22,30.83,87.53,46.18
10,30.71,87.98,47.68
26,30.83,87.9,47.69
6,29.99,87.75,47.68
13,29.94,87.43,47.68
22,29.9,86.99,47.68
33,30.66,86.64,47.68
32,30.82,86.9,47.69
29,30.73,86.93,47.36
28,30.83,87.07,47.37
31,30.48,87.14,48.9
33,30.34,86.95,48.62
34,30.1,86.75,48.3
29,29.86,86.55,47.99
34,30.3,86.51,47.99
33,30.61,86.93,48.54
34,30.49,86.73,48.3
5,30.42,87.97,47.68
9,30.65,87.88,47.68
23,29.99,87.75,47.99
31,30.18,87.61,48.3
30,30.37,87.39,48.61
26,29.94,87.43,47.99
32,30.14,87.19,48.3
30,29.9,86.99,47.99
28,30.1,86.75,47.68
32,30.5,86.73,47.68
29,30.5,87.57,48.59
28,30.67,87.81,48.19
31,30.43,87.77,48.3
18,30.42,87.97,47.99
20,30.65,87.88,47.99
30,30.65,87.57,48.63
31,30.67,87.92,48.35
29,30.73,87.84,48.22
21,30.72,87.97,48
28,30.83,87.89,48.01
33,30.81,87.63,48.38
32,30.68,87.17,48.63
33,30.72,86.92,48.31
34,30.67,86.63,47.99
32,30.82,86.9,48.01
33,30.82,87.19,48.37
25,30.82,87.54,48.2
7,30.69,87.81,47.36
2,30.43,87.78,47.36
11,30.14,87.19,47.36
28,30.64,86.94,47.37
20,30.34,86.95,47.36
12,30.76,87.84,47.37
10,30.83,87.77,47.37
22,29.8,78.37,40.64
16,30.15,78.26,40.37
2,30.55,78.95,40.27
15,30.2,78.8,40.35
6,30.32,78.79,40.68
13,30.28,78.8,40.45
20,29.93,78.79,41.23
23,29.83,78.53,40.77
10,30.1,77.3,40.42
12,29.73,77.69,40.85
6,28.62,80.01,44.39
3,28.22,80.48,43.77
38,29.2,79.23,43.9
15,29.91,78.81,41.87
47,29.91,79.48,44.44
32,29.11,79.44,43.96
2,29.99,78.95,42.57
38,29.8,79.12,43.29
59,30.13,79.3,43.9
17,29.36,78.17,41.26
17,28.95,78.64,41.9
3,28.15,79.72,43.79
2,27.74,80.07,43.78
5,28.14,79.6,43.15
6,28.14,79.34,43.77
6,28.17,79.44,43.97
7,28.6,79.12,43.9
21,21.15,70.92,41.56
4,20.37,71.85,42.8
251,22.12,71.7,41.59
37,21.33,72.65,42.82
4,23.55,68.05,40.59
16,22.74,69.01,40.59
8,21.96,69.95,41.58
674,23.72,69.8,40.59
137,22.92,70.75,41.59
293,24.52,68.84,40.59
3379,24.69,70.59,40.59
38,23.09,72.5,42.82
515,23.89,71.54,41.59
5918,25.77,72.71,40.59
6177,26.25,73.11,40.59
501,25.37,73.19,41.59
434,25.84,73.59,41.59
112,24.96,73.67,42.51
93,25.44,74.07,42.51
223,24.56,74.15,42.51
186,25.04,74.55,42.5
78,24.16,74.62,43.15
76,24.64,75.03,43.15
49,23.76,75.1,43.15
36,24.24,75.51,43.15
7,23.4,76.02,44.08
5070,25.65,71.39,40.59
551,24.85,72.35,41.59
51,24.04,73.3,42.82
2,23.24,74.26,44.08
88,27.36,75.71,41.99
2358,27.27,74.64,40.58
1066,27.29,74.93,41.52
89,26.89,75.34,42.07
14,25.67,76.71,43.15
4,26.15,77.11,43.15
42,26.48,75.75,42.52
10,26.08,76.23,43.15
13,26.96,76.15,42.52
2,26.55,76.63,43.15
5809,26.72,73.51,40.59
3569,27.2,73.91,40.59
369,26.32,73.99,41.59
60,25.92,74.47,42.51
343,26.8,74.39,41.58
30,26.4,74.87,42.51
9,24.72,75.91,43.77
3,25.19,76.31,43.77
36,25.52,74.95,43.15
9,25.12,75.43,43.77
13,26,75.35,43.15
2,25.6,75.83,43.77
5,29.64,76.69,40.48
8,29.68,76.97,41.1
5,29.27,77.35,41.44
6,29.19,76.41,40.5
6,28.8,76.88,41.07
10,28.73,76.97,41.49
3,28.39,77.36,41.9
36,28.31,76.49,41.11
23,28.71,76.01,40.51
160,27.83,75.94,41.25
75,28.24,75.61,40.53
255,28.17,74.86,40.57
664,27.76,75.19,41.46
30,28.31,76.5,41.92
73,27.83,76.1,41.93
4,27.43,76.56,42.52
65,30.63,79.31,43.79
62,30.15,79.3,43.22
17,29.1,80.4,44.4
21,29.04,79.7,44.38
40,29.86,79.68,44.39
46,30.03,79.51,45.38
15,29.03,79.73,45.29
30,30.32,80.71,47.83
24,29.87,80.07,46.58
2,28.29,78.7,42.68
2,28.09,78.94,42.68
12,28.53,78.9,42.05
4,28.29,78.7,42.36
10,28.33,79.14,42.05
3,28.09,78.94,42.36
63,30.15,79.3,42.53
42,29.66,79.12,42.55
45,30.59,80.64,46.61
56,30.44,79.51,44.41
53,30.59,79.85,45.34
64,30.79,79.7,43.83
49,30.78,80.58,45.39
62,30.79,79.7,44.44
4,28.14,79.6,42.52
11,28.62,80,43.15
18,29.1,80.4,43.77
38,30.78,81.57,44.49
29,30.61,79.44,40.42
44,30.8,79.47,40.58
43,30.63,79.31,40.56
35,30.06,79.5,40.57
41,29.98,79.45,40.73
33,29.96,79.62,40.55
65,30.63,79.31,41.77
38,29.37,79.03,41.9
20,28.77,79.1,42.05
16,28.57,79.34,42.05
21,28.77,79.1,41.74
16,28.57,79.34,41.74
56,30,79.46,41.87
58,30.63,79.31,41.06
23,30.02,80.24,40.43
38,29.37,79.03,41.27
20,28.77,79.1,41.43
18,28.77,79.1,41.11
15,28.57,79.34,41.43
12,28.57,79.34,41.11
25,29.55,79.92,40.6
19,29.09,79.51,40.83
52,30,79.46,41.22
32,30.58,81.59,45.35
36,29.98,81.64,46.58
17,29.14,80.84,45.33
25,29.18,81.28,44.4
21,30.37,82.45,45.65
24,30.58,82.41,45.04
36,30.78,82.41,44.47
7,28.36,79.58,42.05
4,28.16,79.82,42.05
8,28.36,79.58,41.74
5,28.16,79.82,41.74
7,28.36,79.58,41.43
4,28.16,79.82,41.43
6,28.36,79.58,41.11
3,28.16,79.82,41.11
15,28.21,85.36,41.27
16,28.13,84.48,41.27
13,28.05,83.6,41.27
8,27.97,82.72,41.27
4,27.9,81.84,41.27
2,27.82,80.96,41.27
27,30.18,82.97,45.02
32,30.58,82.97,44.42
37,30.79,83,43.91
25,29.41,83.93,43.77
7,29.01,84.4,43.15
8,28.61,84.88,42.52
21,28.21,85.36,41.9
31,29.29,82.6,45.33
21,28.34,81.8,44.08
37,29.81,83.45,44.4
35,28.49,83.56,44.08
22,28.93,83.52,43.15
19,28.53,84,42.52
24,28.13,84.48,41.9
36,28.85,82.64,43.15
33,28.45,83.12,42.52
24,28.05,83.6,41.9
26,29.18,81.28,43.77
24,28.78,81.76,43.15
21,28.38,82.24,42.52
15,27.97,82.72,41.9
2,27.96,80.06,42.05
2,27.96,80.06,41.74
13,28.7,80.88,43.15
4,28.22,80.48,42.52
10,28.3,81.36,42.52
7,27.9,81.84,41.9
3,27.82,80.96,41.9
10,29.57,80.78,40.44
10,29.11,80.4,40.64
7,28.62,80,40.86
6,29.41,83.96,40.44
10,29.01,84.41,40.64
12,28.61,84.88,40.86
12,28.53,84,40.86
9,28.93,83.53,40.64
5,29.29,83.06,40.44
8,28.45,83.12,40.86
7,28.85,82.64,40.64
4,29.22,82.17,40.44
5,28.38,82.24,40.86
5,28.77,81.76,40.64
4,29.16,81.28,40.44
3,28.3,81.36,40.86
4,28.7,80.88,40.64
2,28.22,80.48,40.86
14,29.16,86.17,41.27
11,30.04,86.09,41.27
12,30.31,85.62,40.86
13,29.56,85.69,40.86
12,30.04,85.23,40.63
11,30.49,84.86,40.43
8,30.58,86.5,41.23
8,30.78,85.68,41.14
16,28.68,85.76,41.27
14,29.09,85.28,40.86
12,29.5,84.82,40.64
9,29.94,84.4,40.43
8,30.78,85.67,41.88
12,29.16,86.17,41.9
8,30.04,86.09,41.9
14,28.68,85.76,41.9
11,30.59,85.65,40.75
7,30.79,84.98,40.6
28,30.44,79.78,40.42
33,30.76,79.75,40.42
64,30.8,79.46,41.84
59,30.8,79.46,41.1
45,30.84,79.63,40.62
18,30.39,83.38,45.02
20,30.58,83.38,44.42
18,30.79,83.43,43.88
21,30.23,83.85,44.4
19,29.89,84.33,43.77
12,29.49,84.81,43.15
5,29.09,85.28,42.52
14,30.42,84.27,44.4
13,30.1,85.01,43.77
11,29.99,85.21,43.14
6,29.56,85.69,42.52
11,30.58,84.27,44.41
8,30.58,86.5,42.52
7,30.31,85.62,42.52
7,30.59,85.63,43.16
9,30.59,84.82,43.8
12,30.6,83.88,43.82
9,30.79,84.33,43.84
7,30.78,85.66,42.54
8,30.79,84.93,43.25
7,30.8,83.97,43.31
5,30.6,87.33,41.1
10,30.81,88.08,40.64
5,30.8,87.94,41.02
5,30.8,87.94,41.31
9,30.09,86.97,41.27
9,30.34,86.5,40.86
9,29.64,86.57,40.86
9,29.24,87.05,41.27
6,28.76,86.64,40.86
3,29.24,87.06,40.64
4,30.14,86.97,40.63
3,28.84,87.51,40.85
5,29.36,87.76,41.25
8,28.81,87.94,40.77
7,29.33,87.82,40.57
22,29.22,88.14,40.65
16,29.62,88.15,41.17
18,29.73,88.16,40.79
4,30.48,87.39,40.6
4,30.57,87.86,40.41
4,30.62,87.37,40.74
6,30.81,87.97,40.68
4,30.7,88,40.54
4,30.63,88,40.51
17,29.66,88.1,40.4
3,29.71,87.47,40.43
3,30.26,87.67,40.42
5,30.69,88.16,40.45
4,30.56,88,40.4
2,26.21,88.42,41.11
9,30.18,87.96,43.16
8,30.37,88,42.73
7,30.69,87.96,42.67
7,30.58,87.92,42.66
6,30.61,87.39,41.43
6,30.63,87.38,42.52
8,30.58,86.5,41.89
2,30.6,88.66,45.43
4,30.48,88.62,45.18
8,29.3,87.98,41.27
8,29.35,87.95,42.54
7,28.84,87.92,41.9
15,29.26,88.13,41.91
6,29.35,87.75,41.9
11,29.24,87.06,41.91
9,30.09,86.97,41.9
7,30.41,87.81,42.67
7,30.46,88.03,42.44
8,30.34,88.03,42.58
9,30.21,88.15,42.69
9,30.49,88.16,42.65
9,29.72,87.44,43.14
11,29.24,87.07,42.53
9,30.09,86.97,42.52
7,30.4,87.38,42.52
8,30.18,87.7,43.13
7,30.18,87.64,42.67
8,29.37,87.76,42.53
14,29.71,88.15,42.4
9,29.76,88,42.55
9,30.02,88.15,42.69
9,29.99,87.98,42.74
3,29.67,88.14,44.87
4,29.8,88.27,44.41
2,29.55,88.35,44.86
5,29.6,88.33,44.13
10,29.43,88.12,44.45
2,29.76,88.52,44.1
3,30.4,88.81,45.18
2,30.28,88.96,45.18
7,30.75,88.15,42.71
8,30.61,88.16,42.53
7,30.81,88.07,42.36
5,30.8,87.44,41.88
8,30.56,88.16,42.52
3,30.79,89.09,45.48
2,29.81,88.4,43.92
7,30.02,88.4,44.31
5,30.33,88.41,44.85
14,30.79,88.63,45.18
16,30.65,88.42,44.85
2,26.8,92.1,40.86
4,26.74,88.42,40.58
2,27.01,91.99,40.63
2,26.77,91.77,40.64
2,26.91,90.83,40.44
2,26.83,89.86,40.44
3,26.75,88.83,40.44
17,30.73,87.17,46.07
15,30.72,86.91,46.38
7,30.82,87.03,46.41
9,30.71,86.92,46.78
6,30.82,87.02,46.7
21,30.72,86.93,47.05
22,30.83,87.07,47.05
7,30.76,87.84,47.05
6,30.83,87.77,47.05
4,30.69,87.81,47.05
3,30.18,87.62,47.05
6,30.14,87.19,47.05
19,30.64,86.94,47.05
10,30.34,86.95,47.05
7,30.48,87.77,46.76
10,30.31,87.78,46.69
3,30.69,87.81,46.74
9,30.18,87.63,46.74
9,30.14,87.19,46.74
8,30.63,86.94,46.82
9,30.35,86.95,46.74
4,30.76,87.84,46.74
15,30.64,86.93,46.35
11,30.35,86.95,46.43
13,30.56,87.15,46.12
15,30.52,87.79,46.42
11,30.34,87.78,46.42
14,30.69,87.81,46.43
13,30.57,87.6,46.13
11,30.38,87.39,46.43
18,30.72,87.34,46.12
22,30.83,87.33,46.17
12,30.76,87.84,46.41
18,30.75,87.6,46.25
21,30.74,87.5,46.27
11,30.84,87.61,46.22
3,30.83,87.76,46.39
15,30.76,87.84,47.68
14,30.83,87.77,47.7
6,30.18,87.61,47.68
18,30.14,87.19,47.68
30,30.73,86.92,47.68
27,30.83,87.07,47.69
21,30.75,87.12,47.36
21,30.83,87.16,47.37
31,30.52,87.14,48.6
33,30.34,86.95,48.3
33,30.1,86.75,47.99
33,30.63,86.94,48.28
34,30.5,86.72,47.99
33,30.82,87.21,48.22
11,30.69,87.81,47.68
4,30.44,87.78,47.68
20,30.69,87.81,47.98
24,30.18,87.61,47.99
31,30.39,87.39,48.3
28,30.14,87.19,47.99
30,30.64,86.94,47.68
25,30.34,86.95,47.68
31,30.55,87.6,48.29
19,30.44,87.78,47.99
23,30.75,87.84,47.99
32,30.7,87.59,48.34
25,30.83,87.78,48.04
31,30.73,86.92,48
33,30.71,87.21,48.33
26,30.83,87.08,48.04
20,30.73,87.52,48.13
6,30.84,87.61,48.14
32,30.83,87.3,48.19
4,30.38,87.39,47.36
13,30.57,87.15,47.36
4,30.76,87.7,47.37
22,31.03,79.18,40.5
6,30.91,78.95,40.52
4,30.85,78.95,40.25
15,30.2,78.07,40.71
12,30.55,77.94,40.37
5,30.6,78.6,40.36
3,30.32,78.77,41.23
3,30.68,78.79,40.68
2,30.63,78.81,40.42
7,30.29,78.65,40.71
3,30.32,78.8,41.88
21,29.82,78.48,41.26
13,30.28,78.19,40.86
10,30.53,77.62,40.39
9,30.51,76.95,40.44
11,30.13,77.23,40.98
8,29.76,77.72,41.33
11,29.83,78.5,41.9
25,29.06,79.68,43.8
8,28.62,79.99,43.77
11,29.54,79.09,43.9
34,29.11,79.32,43.77
4,29.89,78.82,42.54
37,29.66,79.12,43.2
51,29.97,79.46,43.82
32,29.8,79.12,43.77
6,29.35,78.16,41.9
8,28.95,78.64,42.52
12,28.55,79.12,43.15
5,28.16,79.46,43.56
10,28.56,79.12,43.77
4,26.14,66.93,40.59
60,25.33,67.88,40.59
14,22.13,71.7,42.82
2,22.76,68.99,41.59
71,23.73,69.79,41.59
2,22.93,70.74,42.82
37,24.53,68.83,41.59
2326,25.49,69.63,40.59
422,24.69,70.59,41.59
9,23.89,71.54,42.82
5386,26.61,72.19,40.59
419,25.77,72.71,41.59
371,26.25,73.11,41.59
31,25.37,73.19,42.51
23,25.84,73.59,42.51
21,24.96,73.67,43.15
19,25.44,74.07,43.15
53,24.56,74.15,43.15
57,25.04,74.55,43.15
10,24.2,75.06,44.08
4492,26.45,70.43,40.59
503,25.65,71.39,41.59
12,24.85,72.35,42.82
252,28.14,74.57,40.58
880,27.68,74.31,40.58
87,27.75,75.26,42.09
9,27.36,75.68,42.52
704,27.27,74.64,41.57
38,27.3,75.01,42.12
13,26.88,75.27,42.51
3,26.48,75.75,43.15
3679,27.57,73,40.59
365,26.72,73.51,41.59
502,27.2,73.91,41.59
15,26.32,73.99,42.51
8,25.92,74.47,43.15
10,26.8,74.39,42.51
2,26.4,74.87,43.15
2,24.72,75.91,44.4
2,25.12,75.43,44.4
11,30.05,76.36,40.5
20,29.59,75.93,40.54
11,29.66,76.67,41.2
15,29.7,77.02,41.51
4,29.27,77.28,41.9
29,29.19,76.4,41.27
11,28.79,76.89,41.9
44,29.12,75.52,40.56
92,28.71,76.01,41.33
86,28.64,75.12,40.56
794,28.17,74.86,41.54
189,28.24,75.61,41.38
92,28.69,76.04,42
5,28.32,76.48,42.52
122,28.22,75.65,42.04
7,27.84,76.08,42.52
67,30.63,79.31,43.12
59,30.44,79.5,43.78
67,30.79,79.41,43.05
54,30,79.46,43.17
43,29.89,79.67,43.78
66,30.8,79.74,43.3
45,30.27,79.89,44.39
27,29.58,80.8,44.4
28,29.5,79.95,44.39
39,30.32,80.71,46.58
32,29.87,80.06,45.33
66,30.63,79.31,42.45
32,29.52,79.94,43.77
27,29.07,79.52,43.15
30,29.37,79.03,42.52
13,28.55,79.12,42.52
56,30,79.46,42.52
57,30.6,79.86,43.8
44,30.58,80.66,45.36
55,30.59,79.86,44.41
53,30.79,80.61,44.22
13,28.62,80,42.52
20,29.1,80.4,43.15
30,29.58,80.8,43.77
40,30.59,81.59,44.43
52,30.79,81.57,43.91
40,30.45,79.6,40.58
46,30.63,79.64,40.73
47,30.44,79.5,40.74
39,29.9,79.66,40.8
36,30.36,79.89,40.56
41,30.69,79.87,40.56
60,30.44,79.5,41.85
51,29.91,79.66,41.9
29,29.07,79.52,41.9
25,30.39,80.65,40.43
55,30.44,79.5,41.19
30,29.99,80.3,40.61
30,29.54,79.91,40.83
47,29.91,79.66,41.27
25,29.07,79.52,41.27
37,29.98,81.64,45.33
39,29.66,81.69,44.4
26,30.37,82.45,45.02
49,30.79,82.43,43.9
40,30.58,82.41,44.42
13,28.62,80,41.9
10,28.62,80,41.27
18,28.61,84.88,41.27
19,28.53,84,41.27
16,28.45,83.12,41.27
10,28.38,82.24,41.27
5,28.3,81.36,41.27
3,28.22,80.48,41.27
41,30.18,82.97,44.4
51,30.8,83,43.4
44,30.6,82.97,43.84
32,29.81,83.45,43.77
8,29.45,83.91,43.11
3,29.01,84.4,42.52
17,28.61,84.88,41.9
39,29.29,82.6,44.08
23,29.33,83.04,43.15
14,28.93,83.52,42.52
24,28.53,84,41.9
41,29.66,81.69,43.77
39,29.26,82.16,43.15
36,28.85,82.64,42.52
28,28.45,83.12,41.9
27,29.18,81.28,43.15
23,28.78,81.76,42.52
16,28.38,82.24,41.9
13,28.7,80.88,42.52
8,28.3,81.36,41.9
4,28.22,80.48,41.9
14,29.99,81.17,40.44
17,29.58,80.8,40.64
15,29.1,80.4,40.86
8,29.76,83.49,40.44
13,29.41,83.94,40.64
16,29.01,84.4,40.86
16,28.93,83.52,40.86
13,29.32,83.05,40.64
7,29.67,82.58,40.44
12,28.85,82.64,40.86
11,29.24,82.16,40.64
8,29.61,81.68,40.44
8,28.78,81.76,40.86
10,29.17,81.28,40.64
6,28.7,80.88,40.86
7,30.31,85.62,41.27
13,29.56,85.69,41.27
14,29.99,85.21,40.86
13,30.37,84.78,40.61
11,30.67,84.43,40.42
8,30.59,85.63,41.22
7,30.79,84.98,41.16
16,29.09,85.28,41.27
17,29.49,84.81,40.86
15,29.9,84.35,40.62
12,30.31,83.95,40.43
7,30.79,84.96,41.9
7,30.58,85.63,41.89
5,30.31,85.62,41.89
7,29.56,85.69,41.9
8,29.09,85.28,41.9
7,30.62,84.88,40.74
3,30.8,84.51,40.61
31,30.77,80.13,40.42
66,30.8,79.46,42.52
59,30.63,79.63,41.87
56,30.84,79.63,41.94
55,30.63,79.63,41.21
56,30.84,79.63,41.19
46,30.76,79.77,40.73
47,30.96,79.63,40.62
38,30.98,79.75,40.42
46,31.03,79.49,40.58
39,31.03,79.64,40.3
36,31.03,79.96,40.33
28,30.39,83.38,44.4
28,30.6,83.39,43.81
37,30.8,83.44,43.28
21,30.24,83.85,43.77
11,29.9,84.29,43.11
5,29.49,84.81,42.52
15,30.44,84.27,43.73
15,30.3,84.71,43.14
10,29.99,85.21,42.52
11,30.6,84.28,43.79
7,30.59,85.63,42.53
9,30.61,84.86,43.19
6,30.64,83.88,43.21
7,30.8,84.38,43.27
8,30.79,84.96,42.6
7,30.82,83.99,42.95
5,30.69,87.98,40.73
14,29.7,88.15,41.44
15,29.72,88.15,41.07
5,30.65,87.84,41.35
6,30.38,87.35,41.28
4,30.64,87.84,41.08
6,30.7,88.16,40.69
8,30.81,88.09,41.03
7,30.81,88.08,41.4
4,30.59,88.06,40.54
6,30.09,86.98,40.85
5,29.24,87.05,40.86
6,29.72,87.45,41.27
3,29.71,87.44,40.6
6,29.76,87.94,41.15
5,29.39,87.79,40.8
3,30.21,87.64,40.57
12,29.72,88.03,40.49
10,29.28,88,40.74
8,29.71,88.03,41.19
20,29.64,88.16,40.64
18,29.77,88.17,40.79
8,29.83,88.05,40.83
4,30.4,87.38,40.83
4,30.47,87.8,40.56
4,30.66,87.87,40.78
4,30.54,87.94,40.79
4,30.47,87.93,40.52
4,30.54,87.96,40.61
7,29.91,87.93,40.4
6,30.13,87.94,40.4
5,30.57,88.27,40.46
7,30.27,88.09,40.4
2,26.74,88.42,41.11
2,27.25,92.32,41.03
7,30.64,88.04,42.68
7,30.51,88.05,42.46
6,30.69,87.96,42.36
6,30.56,87.92,42.35
6,30.63,87.38,41.89
4,29.91,88.53,44.37
3,30.19,88.59,44.86
5,30.6,88.75,45.18
9,30.48,88.62,44.86
14,29.68,88.15,42.1
8,29.33,87.96,41.91
14,29.68,88.15,41.75
8,29.71,87.47,41.91
7,30.4,87.38,41.9
6,30.44,87.81,42.35
7,30.34,87.81,42.46
7,30.45,88.05,42.43
9,30.21,88.02,42.56
8,30.41,88.05,42.54
8,30.24,88.2,42.64
8,29.96,87.82,42.65
8,29.79,87.9,42.51
7,30.18,87.64,42.37
9,29.72,87.45,42.53
14,29.77,88.17,42.45
9,29.81,88.03,42.34
9,29.9,88.17,42.64
9,30.06,88.03,42.57
2,29.75,88.54,44.02
4,29.59,88.33,44.45
2,29.36,88.47,44.13
2,30.04,88.79,44.86
3,29.8,88.65,44.41
4,30.3,88.93,44.86
2,30.41,89.13,45.18
7,30.71,88.16,42.4
7,30.81,88.07,42.05
7,30.81,88.06,41.72
8,30.56,88.17,42.52
9,30.48,88.27,42.64
3,30.79,89.83,45.43
2,30.79,89.58,45.49
4,30.78,89.37,45.42
14,30.78,89.06,45.17
2,29.94,88.41,43.8
21,30.79,88.63,44.86
12,30.46,88.41,44.36
2,27.03,92.17,40.86
3,27,91.9,40.86
2,26.76,91.7,40.86
5,27.15,88.42,40.58
2,26.74,88.62,40.75
7,28.03,88.42,40.62
3,27.21,91.72,40.63
2,26.97,91.5,40.64
3,26.91,90.81,40.64
2,26.83,89.9,40.64
2,26.75,88.97,40.63
2,27.39,91.28,40.44
5,27.16,88.53,40.44
3,27.31,90.31,40.44
3,27.23,89.32,40.44
9,30.73,87.08,46.44
2,30.83,87.16,46.37
4,30.73,87.07,46.71
2,30.83,87.16,46.72
21,30.76,87.12,47.05
22,30.83,87.16,47.05
2,30.76,87.7,47.05
3,30.38,87.39,47.05
9,30.57,87.15,47.05
4,30.58,87.62,46.74
7,30.38,87.39,46.74
6,30.56,87.15,46.74
17,30.64,87.35,46.19
13,30.56,87.15,46.42
14,30.59,87.6,46.43
20,30.74,87.35,46.26
6,30.88,87.38,46.21
18,30.78,87.56,46.29
5,30.76,87.7,46.42
6,30.76,87.7,47.68
6,30.38,87.39,47.68
10,30.76,87.12,47.68
3,30.83,87.16,47.7
7,30.76,87.23,47.37
32,30.55,87.14,48.3
30,30.64,86.94,47.99
32,30.73,87.24,48.16
31,30.34,86.95,47.99
2,30.58,87.62,47.68
11,30.59,87.67,47.95
22,30.39,87.39,47.99
11,30.57,87.15,47.68
21,30.57,87.54,48.06
14,30.75,87.71,48
19,30.75,87.13,48.01
5,30.83,87.17,48
2,30.78,87.56,48.06
26,30.73,87.33,48.12
6,30.89,87.37,48.14
4,30.92,78.95,41.13
24,31.03,79.14,41.14
18,31.27,78.87,40.33
25,31.24,79.08,40.35
21,31.16,79.08,40.63
4,30.96,78.81,40.39
5,31.02,78.81,40.65
5,31.03,78.75,40.34
34,31.54,79.4,40.39
19,31.03,79.14,41.85
12,30.61,77.82,40.76
5,30.68,78.34,40.62
5,30.99,78.17,40.37
3,30.67,78.78,41.22
5,30.29,78.62,41.29
5,30.71,78.48,40.77
9,31.45,78.54,40.38
6,30.29,78.65,41.93
10,30.23,78.1,41.27
12,30.65,77.85,40.96
12,30.94,77.24,40.41
11,30.59,77.53,40.86
11,30.5,76.63,40.47
30,30.55,76.89,41.08
4,30.23,78.09,41.9
16,30.17,77.28,41.42
4,29.75,77.68,41.9
3,29.83,78.5,42.52
20,29.37,79.03,43.15
13,29.43,79.07,43.77
29,29.07,79.43,43.57
29,29.66,79.12,43.65
11,28.55,79.12,43.58
150,27.1,67.72,40.59
949,26.3,68.68,40.59
8,25.34,67.87,41.59
305,25.5,69.63,41.59
5,24.69,70.59,42.82
1265,28.06,68.52,40.59
3308,27.26,69.48,40.59
4868,27.41,71.24,40.59
473,26.61,72.19,41.59
13,25.77,72.71,42.51
10,26.25,73.11,42.51
2,25.77,72.71,43.15
4,25.37,73.19,43.15
3,25.84,73.59,43.15
575,26.45,70.43,41.59
8,25.65,71.39,42.82
415,28.52,73.8,40.59
887,28.14,74.57,41.57
131,28.18,74.94,42.14
845,27.68,74.31,41.58
24,27.76,75.19,42.51
11,27.28,74.79,42.5
3325,28.37,72.04,40.59
604,27.57,73,41.59
10,26.72,73.51,42.51
13,27.2,73.91,42.51
3,27.2,73.91,43.15
48,30.45,75.71,40.54
64,30.07,76.33,41.28
109,29.59,75.92,41.41
30,29.68,76.81,41.9
3,29.27,77.28,42.52
50,29.18,76.43,41.96
4,28.79,76.88,42.52
117,29.48,74.6,40.58
195,29.12,75.52,41.48
377,28.64,75.12,41.51
205,29.06,75.61,42.09
188,28.58,75.21,42.12
31,28.72,76,42.52
33,28.24,75.6,42.52
63,30.61,79.59,43.03
61,30.44,79.5,43.13
48,30.29,79.89,43.77
47,29.91,79.66,43.15
62,30.63,79.88,43.22
67,30.81,80.11,43.19
67,30.83,79.73,42.95
41,30.05,81.21,44.39
37,30,80.33,44.39
41,30.32,80.73,45.34
62,30.44,79.5,42.49
41,30.01,80.32,43.77
50,29.91,79.66,42.52
35,29.52,79.93,43.15
29,29.07,79.52,42.52
49,30.61,80.69,44.15
62,30.8,80.65,43.31
22,29.1,80.4,42.52
33,29.58,80.8,43.15
45,30.06,81.21,43.77
43,30.34,81.62,44.4
50,30.61,81.6,43.82
54,30.8,81.57,43.3
31,30.93,80.55,40.42
42,30.31,79.9,40.81
38,30.82,80.22,40.57
45,30.64,79.96,40.81
51,30.3,79.89,41.89
40,29.52,79.93,41.9
26,30.75,81.08,40.42
33,30.43,80.7,40.61
36,29.99,80.31,40.84
48,30.3,79.89,41.27
37,29.52,79.93,41.27
53,30.8,82.49,43.29
49,30.6,82.42,43.82
42,30.16,82.17,44.39
23,29.1,80.4,41.9
20,29.1,80.4,41.27
20,29.01,84.4,41.27
24,28.93,83.52,41.27
21,28.85,82.64,41.27
14,28.78,81.76,41.27
9,28.7,80.88,41.27
28,30.63,82.97,43.29
41,30.19,82.97,43.77
13,29.84,83.43,43.13
2,29.47,83.91,42.47
12,29.01,84.4,41.9
48,30.11,82.09,43.77
30,29.73,82.57,43.15
10,29.33,83.04,42.52
22,28.93,83.52,41.9
43,29.66,81.69,43.15
40,29.26,82.16,42.52
32,28.85,82.64,41.9
28,29.18,81.28,42.52
21,28.78,81.76,41.9
12,28.7,80.88,41.9
17,30.4,81.58,40.43
23,30.03,81.19,40.63
23,29.58,80.8,40.86
10,30.11,83,40.43
17,29.79,83.46,40.63
20,29.41,83.93,40.86
21,29.33,83.04,40.86
17,29.71,82.57,40.64
11,30.04,82.08,40.44
17,29.26,82.16,40.86
16,29.64,81.68,40.64
15,29.18,81.28,40.86
7,29.98,85.21,41.27
12,30.31,84.7,40.84
11,30.56,84.33,40.56
11,30.81,84.19,40.42
2,30.61,84.88,41.23
13,29.49,84.81,41.27
18,29.9,84.33,40.85
17,30.29,83.88,40.6
15,30.6,83.48,40.42
2,30.8,84.51,41.93
5,30.61,84.88,41.9
3,29.98,85.21,41.89
4,29.49,84.81,41.9
4,30.66,84.39,40.73
2,30.92,84.36,40.64
32,31.03,80.67,40.34
62,30.63,79.63,42.5
59,30.84,79.63,42.63
53,30.76,79.76,41.91
46,30.96,79.63,41.94
35,31.03,79.47,41.91
50,31.03,79.47,41.17
52,30.76,79.77,41.24
54,30.96,79.63,41.19
47,31,79.76,40.73
43,31.06,79.87,40.55
44,31.18,79.61,40.45
46,31.17,79.53,40.68
42,31.3,79.71,40.37
41,31.18,79.97,40.47
39,31.25,79.99,40.36
63,28.79,66.7,40.59
4,32.33,66.41,40.59
36,31.57,80.26,40.41
34,31.8,79.8,40.39
34,30.41,83.38,43.75
20,30.65,83.37,43.16
11,30.86,83.51,42.96
8,30.28,83.84,43.12
4,29.93,84.3,42.48
12,30.47,84.25,43.1
9,30.31,84.7,42.52
7,30.64,84.28,43.18
8,30.62,84.88,42.55
4,30.81,84.51,42.65
4,30.59,88.05,40.76
5,30.69,87.99,41.08
4,30.54,87.94,41.11
5,30.69,87.97,41.42
5,30.54,87.93,41.44
14,29.77,88.17,41.42
7,29.8,88.03,41.45
15,29.77,88.17,41.07
7,29.83,88.04,41.1
6,29.94,87.83,41.43
5,30.41,87.8,41.43
6,30.18,87.63,41.43
5,29.94,87.83,41.11
4,30.41,87.8,41.11
5,30.18,87.63,41.11
5,30.57,88.37,40.48
5,30.57,88.25,40.72
6,30.69,88.16,41.06
6,30.69,88.16,41.4
6,30.49,88.26,40.54
5,29.94,87.89,40.52
5,30.12,87.91,40.52
7,29.77,87.96,40.72
4,29.72,87.47,40.82
4,29.94,87.83,40.8
4,30.17,87.63,40.81
11,29.87,88.08,40.83
17,29.76,88.28,40.66
11,29.72,88.06,40.7
4,30.41,87.81,40.8
4,30.26,87.86,40.87
6,30.24,88.06,40.5
4,30.42,87.92,40.61
7,30.37,88.27,40.58
5,30.59,88.38,40.48
12,29.62,88.38,40.65
19,29.97,88.32,40.4
6,30.47,88.27,40.4
7,28.04,88.52,40.44
2,27.14,88.42,41.12
3,28.03,88.42,41.18
3,27.24,92.07,41.11
2,27,91.9,41.11
3,27.48,92.16,41.11
2,27.48,92.16,41.43
2,27.49,92.32,41.03
6,30.6,88.04,42.37
6,30.69,87.96,42.05
6,30.54,87.92,42.05
5,30.69,87.96,41.73
5,30.54,87.93,41.74
2,30.59,89.38,45.43
4,30.58,89.1,45.17
3,29.88,88.56,43.87
13,30.59,88.75,44.86
11,30.31,88.59,44.38
14,29.77,88.17,42.1
8,29.78,88.02,42.08
14,29.77,88.17,41.75
7,29.78,88.02,41.74
7,29.95,87.83,42.07
6,30.4,87.8,42.05
7,30.18,87.63,42.06
6,29.95,87.83,41.74
5,30.4,87.8,41.74
6,30.18,87.63,41.74
8,30.2,87.92,42.43
7,30.3,87.88,42.31
8,30.45,88.08,42.43
7,29.96,88.29,42.64
8,30.22,88.13,42.53
8,29.77,88.29,42.47
10,29.88,88.08,42.38
7,29.97,87.84,42.37
9,29.97,88.07,42.53
8,30.39,88.27,42.53
2,29.8,88.39,42.8
3,29.81,88.68,44
2,30.09,89.19,44.86
2,30.32,89.39,45.18
6,30.41,89.13,44.86
8,30.2,88.86,44.39
2,30.43,89.6,45.18
2,30.34,89.83,45.18
2,30.44,90.04,45.18
6,30.69,88.16,42.08
6,30.69,88.16,41.74
8,30.56,88.25,42.45
8,30.3,88.35,42.64
9,30.78,90.04,45.17
10,30.78,89.83,45.17
12,30.78,89.59,45.17
14,30.78,89.37,45.17
23,30.78,89.05,44.86
19,30.79,88.62,44.39
8,30.4,88.41,43.72
6,30.28,88.41,43.24
3,27.48,92.16,40.86
3,27.24,92.07,40.86
4,27.2,91.66,40.86
3,26.96,91.46,40.86
6,27.63,88.42,40.6
3,27.15,88.62,40.75
3,26.91,90.8,40.86
9,28.54,88.42,40.65
5,28.04,88.61,40.76
2,27.7,92.15,40.63
3,27.45,91.94,40.63
4,27.39,91.23,40.64
3,27.16,88.71,40.63
4,27.31,90.32,40.64
2,27.23,89.39,40.64
2,27.89,91.76,40.44
5,27.79,90.74,40.44
5,27.71,89.8,40.44
6,27.63,88.78,40.44
4,30.76,87.23,46.41
8,30.76,87.23,47.05
2,30.67,87.32,47.05
11,30.67,87.34,46.43
10,30.74,87.55,46.46
9,30.86,87.4,46.29
4,30.8,87.64,46.43
20,30.66,87.35,48.04
3,30.69,87.29,47.92
23,30.57,87.15,47.99
4,30.76,87.23,47.97
2,31.03,78.8,41.22
21,31.16,79.07,41.22
13,31.37,78.93,40.75
4,31.15,78.63,40.74
22,31.75,78.96,40.38
26,31.8,79.29,40.67
11,31.16,79.07,41.88
3,31.03,79.13,42.53
10,31.38,77.66,40.39
10,31.08,77.99,40.72
5,30.71,78.44,41.27
12,31.08,78.12,40.87
13,31.85,78.07,40.38
12,31.62,78.36,40.7
2,30.29,78.67,42.52
3,30.71,78.45,41.9
72,31.36,76.23,40.5
41,31,77.15,40.98
16,30.63,77.64,41.32
51,30.53,76.59,41.19
74,30.58,76.94,41.49
18,30.63,77.61,41.9
21,30.15,77.2,41.89
2,29.75,77.68,42.52
13,29.37,79.04,43.58
18,27.1,67.72,41.59
123,26.3,68.67,41.59
3,25.5,69.63,42.82
3160,29.02,69.32,40.59
163,28.06,68.52,41.59
4440,28.22,70.28,40.59
495,27.26,69.47,41.59
652,27.41,71.23,41.59
11,26.61,72.19,42.82
11,26.46,70.43,42.82
3379,29.98,70.13,40.59
3551,29.17,71.08,40.59
567,29.33,72.84,40.59
952,28.52,73.8,41.58
18,27.68,74.32,42.51
64,28.16,74.72,42.5
5,27.68,74.32,43.15
9,28.16,74.72,43.15
2,27.76,75.2,43.15
840,28.37,72.04,41.59
18,27.57,73,42.82
89,30.41,75.11,40.57
193,30.46,75.69,41.44
127,30.08,76.35,41.97
157,29.61,75.98,42.05
18,29.67,76.8,42.52
24,29.2,76.4,42.52
200,30.28,73.65,40.59
525,29.48,74.6,41.56
113,29.13,75.51,42.49
105,28.64,75.12,42.5
12,29.12,75.52,43.15
8,28.64,75.12,43.15
3,28.72,76,43.15
2,28.24,75.6,43.15
131,32.12,75.66,40.56
53,30.31,79.9,43.12
63,30.66,80.21,43.07
62,30.73,79.85,42.82
44,30.9,80.1,42.95
47,30.34,80.74,44.07
52,30.3,79.89,42.51
44,30,80.32,43.15
38,29.52,79.93,42.52
58,30.84,80.65,42.95
56,30.65,80.71,43.2
36,29.58,80.8,42.52
48,30.09,81.2,43.13
49,30.37,81.62,43.76
18,30.85,81.56,42.95
45,30.65,81.59,43.18
25,30.95,81.51,40.41
36,31.19,80.67,40.49
38,31.05,80.61,40.56
42,30.87,80.25,40.8
47,30.61,79.99,41.27
45,30.61,79.99,41.9
46,29.98,80.33,41.9
33,30.85,81.11,40.57
39,30.48,80.72,40.83
42,29.98,80.33,41.27
13,30.86,82.51,42.95
26,30.65,82.47,43.17
48,30.38,82.45,43.76
37,29.58,80.8,41.9
32,29.58,80.8,41.27
19,29.41,83.93,41.27
29,29.33,83.04,41.27
28,29.26,82.16,41.27
22,29.18,81.28,41.27
23,30.21,82.98,43.13
7,29.44,83.93,41.88
41,30.13,82.09,43.13
7,29.73,82.57,42.52
18,29.33,83.04,41.9
43,29.66,81.69,42.52
37,29.26,82.16,41.9
28,29.18,81.28,41.9
17,30.68,82.49,40.42
26,30.48,81.6,40.6
31,30.07,81.21,40.85
20,30.17,82.98,40.62
23,29.82,83.45,40.85
26,29.74,82.57,40.86
21,30.1,82.08,40.63
24,29.66,81.69,40.86
9,30.95,83.92,40.42
3,30.3,84.71,41.27
7,30.49,84.26,40.81
10,30.82,84.08,40.56
8,29.89,84.33,41.27
18,30.31,83.85,40.83
18,30.67,83.41,40.58
2,30.3,84.71,41.9
2,29.91,84.34,41.87
4,30.92,84.22,40.74
20,31.03,82.58,40.33
10,31.05,83.86,40.34
4,31.06,84.31,40.47
3,31.28,84.67,40.39
35,31.31,80.69,40.38
28,31.03,81.5,40.33
59,30.76,79.76,42.53
23,30.96,79.63,42.63
4,30.98,79.77,42.95
8,31.03,79.47,42.61
35,31.01,79.76,41.91
24,31.16,79.54,41.9
44,31.16,79.54,41.23
48,31,79.76,41.24
43,31.38,79.95,40.63
44,31.19,79.97,40.8
43,31.41,79.66,40.77
5,28.79,66.69,41.59
750,30.71,68.3,40.59
6,34.28,68.03,40.59
35,31.86,80.16,40.72
29,31.99,79.73,40.73
32,31.97,80.79,40.4
31,32.09,79.79,40.37
16,30.47,83.37,43.1
3,30.66,84.39,42.56
8,30.48,88.46,40.56
6,30.46,88.23,40.77
4,30.58,88.04,41.09
5,30.58,88.04,41.42
12,29.77,88.29,41.24
8,29.88,88.08,41.43
9,29.88,88.08,41.1
5,30.27,87.88,41.43
6,30.05,87.93,41.42
5,30.27,87.88,41.11
6,30.06,87.93,41.11
4,29.63,88.39,41.24
6,30.57,88.36,40.75
6,30.56,88.24,41.08
6,30.59,88.38,40.65
6,30.56,88.24,41.42
6,30.41,88.27,40.48
7,30.5,88.47,40.55
17,29.99,88.32,40.48
5,29.95,87.92,40.61
5,30.06,87.93,40.79
15,29.86,88.29,40.72
6,30.22,88.08,40.59
6,30.2,88.05,40.8
7,30.35,88.24,40.79
16,30.24,88.48,40.59
12,29.7,88.48,40.72
6,28.05,88.69,40.63
6,30.71,88.38,40.46
11,29.14,88.4,40.65
23,29.74,88.52,40.4
20,30.03,88.63,40.4
6,30.75,88.43,40.39
14,30.28,88.46,40.4
11,28.45,88.72,40.44
3,27.63,88.42,41.15
3,28.55,88.42,41.21
2,28.04,88.62,41.24
5,27.44,91.86,41.11
2,27.44,91.86,41.43
2,26.96,91.46,41.11
3,27.2,91.66,41.11
5,27.68,92.05,41.11
3,27.68,92.05,41.43
2,27.7,92.32,41.37
2,27.7,92.32,41.03
6,30.58,88.04,42.06
5,30.58,88.04,41.74
8,30.45,88.24,42.38
3,30.58,90.04,45.18
3,30.58,89.83,45.18
4,30.58,89.59,45.17
4,30.58,89.38,45.17
12,30.59,89.09,44.86
18,30.59,88.76,44.39
8,30.27,88.59,43.75
8,29.77,88.29,41.94
9,29.88,88.08,42.07
9,29.88,88.08,41.74
7,30.27,87.88,42.06
7,30.05,87.94,42.06
6,30.27,87.88,41.74
7,30.05,87.94,41.74
2,29.63,88.39,41.93
7,30.01,88.32,42.53
7,29.88,88.31,42.39
8,30.2,88.08,42.33
8,30,88.01,42.34
8,30.27,88.42,42.53
8,30.34,88.25,42.33
6,30.11,88.4,42.85
2,29.85,88.52,42.73
5,30.21,88.58,43.22
2,29.85,88.67,42.99
10,30.22,88.87,43.78
14,30.41,89.14,44.4
2,30.13,89.63,44.86
4,30.32,89.39,44.86
3,29.87,89.21,44.4
6,30.43,89.6,44.86
5,30.35,89.84,44.86
2,30.17,90.07,44.86
6,30.78,90.71,45.17
8,30.78,90.3,45.17
7,30.56,88.24,42.1
6,30.56,88.24,41.75
8,30.3,88.39,42.77
8,30.36,88.39,42.66
8,30.56,88.36,42.46
24,30.78,89.58,44.86
24,30.78,89.36,44.86
23,30.78,89.9,44.86
22,30.78,89.04,44.4
14,30.79,88.64,43.77
10,30.65,88.4,43.09
2,30.78,91.58,45.17
4,30.78,91.16,45.18
6,30.78,91.89,44.86
4,27.68,92.05,40.86
4,27.44,91.86,40.86
5,27.38,91.2,40.86
4,27.63,88.61,40.76
2,27.16,88.83,40.86
4,27.31,90.32,40.86
2,27.23,89.44,40.86
7,28.55,88.61,40.78
4,28.05,88.8,40.86
2,27.94,92.26,40.63
5,27.87,91.66,40.64
9,27.79,90.73,40.64
5,27.71,89.83,40.64
4,27.63,88.92,40.63
7,28.28,91.18,40.44
10,28.19,90.23,40.44
8,28.11,89.26,40.44
4,30.84,87.41,46.46
30,32.46,78.87,40.4
4,31.16,78.62,41.27
11,31.38,78.93,41.27
21,31.92,78.85,40.71
26,31.61,79.28,40.8
13,31.52,78.48,40.83
3,31.15,78.63,41.9
5,31.38,78.93,41.9
88,32.29,77.07,40.47
41,31.47,77.55,40.86
16,31.12,78.02,41.27
45,31.96,77.96,40.84
17,31.11,78.01,41.9
196,31.39,76.19,41.3
82,31.03,77.2,41.42
80,31.03,77.12,41.89
98,30.56,76.73,41.9
10,30.63,77.61,42.52
13,30.15,77.21,42.52
556,29.02,69.32,41.59
773,28.22,70.28,41.59
8,27.26,69.47,42.82
19,27.41,71.23,42.82
1880,30.94,70.93,40.59
962,29.98,70.12,41.59
1078,30.13,71.88,40.59
1095,29.17,71.08,41.59
1142,29.33,72.84,41.59
57,28.52,73.8,42.82
37,28.37,72.04,42.82
551,31.89,71.73,40.59
288,31.09,72.69,40.59
202,31.24,74.45,40.58
318,30.42,75.1,41.54
60,30.08,76.33,42.52
186,30.47,75.83,42.04
89,29.6,75.91,42.5
11,30.08,76.33,43.15
7,29.6,75.92,43.15
2,29.67,76.8,43.15
2,29.2,76.4,43.15
904,30.28,73.65,41.59
89,29.48,74.61,42.81
159,33.1,76.18,40.56
220,32.22,75.06,40.58
370,32.14,75.64,41.49
58,30.54,80.27,42.95
50,30.61,79.99,42.48
35,30.88,80.2,42.82
6,30.93,81.06,42.95
47,30.75,80.72,42.82
53,30.38,80.72,43.11
46,29.98,80.33,42.52
44,30.07,81.2,42.51
50,30.41,81.62,43.11
2,30.77,81.58,42.82
32,31.08,81.53,40.55
31,31.19,81.49,40.48
37,31.2,80.64,40.82
35,31.45,80.65,40.75
42,30.86,80.26,41.27
31,30.86,80.26,41.9
39,30.46,80.73,41.9
35,30.95,81.13,40.81
43,30.46,80.73,41.27
32,30.43,82.48,43.09
40,30.06,81.21,41.9
40,30.06,81.21,41.27
17,29.81,83.45,41.27
32,29.73,82.57,41.27
34,29.66,81.69,41.27
6,29.83,83.44,41.88
6,30.13,82.09,42.51
15,29.73,82.57,41.9
40,29.66,81.69,41.9
22,30.79,82.47,40.58
32,30.55,81.61,40.83
24,30.23,82.97,40.84
29,30.15,82.09,40.85
17,31.19,82.56,40.49
10,31.03,83.84,40.56
7,31.19,83.81,40.49
6,30.82,84.03,40.8
6,30.29,83.85,41.27
17,30.72,83.38,40.81
2,30.33,83.84,41.87
4,31.2,84.23,40.59
16,31.04,83.39,40.31
18,31.34,82.47,40.35
9,31.25,83.77,40.38
5,31.49,84.18,40.4
29,31.68,81.5,40.38
18,31.01,79.76,42.53
12,31.06,79.89,42.82
5,31.16,79.54,42.54
26,31.93,79.71,40.87
25,31.18,79.98,41.89
14,31.42,79.71,41.9
40,31.18,79.98,41.27
36,31.42,79.71,41.27
35,31.67,80.17,40.83
100,30.71,68.29,41.59
674,32.63,69.9,40.59
28,32.2,80.78,40.8
26,32.24,79.72,40.77
28,32.61,80.56,40.4
9,30.46,88.45,40.8
6,30.45,88.21,41.1
9,30.49,88.48,40.71
6,30.45,88.21,41.42
7,30.34,88.23,41.11
11,29.88,88.31,41.26
7,30.18,88.06,41.43
6,30.18,88.06,41.11
7,30.34,88.23,41.43
5,29.17,88.41,41.23
5,29.72,88.5,41.26
6,30.65,88.38,40.77
6,30.56,88.36,41.08
7,30.75,88.38,40.68
6,30.56,88.36,41.42
7,30.63,88.46,40.53
19,29.78,88.58,40.5
19,30.04,88.65,40.52
7,30.66,88.51,40.48
15,30.25,88.49,40.5
8,30.6,88.56,40.59
14,30.4,88.57,40.6
16,30.34,88.63,40.79
16,30.02,88.32,40.73
16,30.24,88.5,40.8
18,30.04,88.63,40.6
10,29.2,88.55,40.75
13,29.8,88.62,40.74
8,28.47,88.86,40.63
10,30.83,88.45,40.46
24,30.06,88.77,40.41
20,29.33,88.72,40.42
21,30.36,88.88,40.41
12,30.58,88.61,40.4
18,28.96,89.11,40.44
2,27.63,88.62,41.23
3,28.57,88.62,41.25
2,28.05,88.8,41.27
7,27.64,91.62,41.11
4,27.64,91.62,41.43
3,27.38,91.2,41.27
2,27.31,90.32,41.27
5,27.94,92.14,41.11
8,27.88,91.82,41.11
4,27.94,92.14,41.43
6,27.88,91.82,41.43
2,27.97,92.32,41.37
2,27.97,92.32,41.03
2,27.97,92.32,41.71
2,27.94,92.14,41.74
2,27.88,91.82,41.74
2,30.58,90.71,45.18
3,30.58,90.3,45.18
7,30.45,88.21,42.07
7,30.45,88.21,41.74
8,30.26,88.53,42.68
9,30.31,88.5,42.55
9,30.45,88.44,42.38
11,30.58,89.59,44.86
11,30.58,89.38,44.86
10,30.58,89.91,44.86
19,30.59,89.09,44.4
13,30.6,88.77,43.77
10,30.53,88.56,43.07
8,30.34,88.23,42.05
8,29.88,88.31,41.91
8,30.18,88.06,42.05
7,30.18,88.06,41.74
7,30.34,88.23,41.74
2,29.72,88.5,41.91
2,29.23,88.4,41.89
8,30.04,88.33,42.34
8,30.25,88.64,42.45
9,30.24,88.5,42.33
5,30.12,88.53,42.77
7,30.25,88.64,42.59
2,29.87,88.65,42.69
2,29.81,88.65,42.4
5,29.87,89.2,43.77
14,30.41,89.15,43.77
7,30.23,88.84,43.13
10,30.27,89.61,44.4
4,30.38,90.72,44.86
2,30.22,90.51,44.86
4,30.37,90.26,44.86
4,29.96,90.09,44.39
20,30.78,90.71,44.86
23,30.78,90.3,44.86
7,30.56,88.36,42.1
7,30.56,88.36,41.75
9,30.64,88.39,42.77
8,30.69,88.39,42.43
27,30.78,89.66,44.4
17,30.78,89.05,43.78
13,30.79,88.64,43.16
2,30.58,91.15,45.18
4,30.59,91.85,44.86
19,30.78,91.9,44.5
9,30.78,91.59,44.86
14,30.78,91.16,44.86
3,27.93,92.14,40.86
8,27.86,91.6,40.86
10,27.79,90.72,40.86
5,27.71,89.84,40.86
3,27.63,89,40.86
5,28.49,88.95,40.86
4,28.36,92.04,40.63
12,28.27,91.15,40.64
14,28.19,90.24,40.64
6,28.11,89.32,40.64
5,28.78,91.65,40.44
16,28.67,90.66,40.44
15,28.59,89.73,40.44
150,33.78,76.92,40.55
39,33.39,79.65,40.47
97,33.25,77.88,40.49
51,32.6,78.79,40.93
25,31.85,78.83,40.86
17,31.68,79.29,41.26
15,31.59,78.4,41.26
13,31.59,78.41,41.9
4,31.67,79.29,41.9
195,32.35,77.01,41.18
75,31.5,77.56,41.34
71,31.97,77.95,41.32
63,31.51,77.53,41.9
7,31.11,78.01,42.52
58,31.99,77.93,41.9
191,31.39,76.36,41.94
34,31.03,77.13,42.52
40,30.56,76.73,42.52
10,31.03,77.13,43.15
7,30.56,76.73,43.15
12,29.02,69.32,42.82
23,28.22,70.28,42.82
1135,30.94,70.93,41.59
42,29.98,70.12,42.82
1341,30.13,71.88,41.59
58,29.17,71.08,42.82
101,29.33,72.84,42.82
303,32.85,72.54,40.59
767,31.89,71.73,41.59
256,32.04,73.5,40.59
1078,31.09,72.69,41.59
668,31.24,74.44,41.57
116,30.44,75.4,42.79
199,30.29,73.65,42.82
254,33.81,73.34,40.59
250,33,74.31,40.59
201,33.3,75.56,40.59
351,33.12,76.15,41.48
628,32.24,75.04,41.56
366,32.18,75.76,42.09
2,30.7,68.29,43.45
32,30.85,80.26,42.47
4,30.94,81.1,42.82
45,30.46,80.72,42.49
4,30.54,81.6,42.49
28,31.65,81.43,40.84
3,31.34,80.65,41.9
19,31.34,80.65,41.27
6,30.94,81.13,41.9
23,30.94,81.13,41.27
8,30.54,81.61,41.9
29,30.54,81.61,41.27
16,30.21,82.97,41.27
34,30.14,82.09,41.27
7,30.21,82.96,41.9
12,30.14,82.09,41.9
22,30.92,82.46,40.81
7,31.47,82.48,40.74
10,31.2,83.36,40.47
5,31.11,83.77,40.81
4,31.4,83.76,40.73
8,30.69,83.37,41.27
4,30.73,83.4,41.95
2,31.6,84.16,40.81
6,31.62,82.43,40.61
3,31.78,84.16,40.69
25,32.02,81.58,40.74
10,31.54,83.31,40.36
18,32.65,82.33,40.42
16,31.18,79.98,42.48
2,31.42,79.71,42.5
19,32.14,79.69,41.27
24,32.09,80.69,40.96
9,32.15,79.69,41.9
6,31.74,80.17,41.9
20,31.74,80.17,41.27
146,32.62,69.9,41.59
140,34.56,71.52,40.59
28,32.75,80.51,40.94
19,33.49,81.38,40.48
8,30.54,88.49,40.82
9,30.45,88.45,41.1
8,30.65,88.48,40.74
8,30.6,88.57,40.76
9,30.45,88.45,41.42
14,30.24,88.51,41.11
11,30.04,88.33,41.27
12,30.24,88.51,41.43
4,29.21,88.57,41.26
6,29.8,88.63,41.27
6,30.69,88.39,41.06
9,30.82,88.43,40.68
7,30.69,88.39,41.41
7,30.73,88.53,40.54
22,30.05,88.8,40.54
14,29.36,88.81,40.58
22,30.31,88.92,40.54
14,30.51,88.68,40.51
14,30.47,88.72,40.79
13,30.5,88.68,40.6
18,30.29,88.94,40.79
16,30.04,88.74,40.79
10,29.43,88.83,40.81
12,28.97,89.2,40.63
10,30.81,88.62,40.72
9,30.82,88.58,40.45
17,30.66,89.01,40.41
31,29.88,89.19,40.43
36,29.48,89.65,40.44
2,28.49,88.95,41.27
3,27.71,89.84,41.27
10,27.84,91.38,41.11
6,27.84,91.38,41.43
7,27.79,90.72,41.27
6,28.12,92.01,41.11
11,28.08,91.58,41.11
6,28.12,92.01,41.43
9,28.08,91.58,41.43
5,28.35,92.13,41.11
5,28.35,92.13,41.43
2,28.37,92.32,41.38
2,28.38,92.32,41.03
7,30.79,92.24,44.39
2,30.31,91.83,44.86
2,28.37,92.32,42.03
3,28.37,92.32,41.71
2,30.25,90.95,44.86
2,28.35,92.13,42.05
5,28.35,92.13,41.74
4,28.12,92.01,41.74
5,28.08,91.58,41.74
2,27.84,91.38,41.74
2,30.27,91.39,44.86
3,30.41,91.58,44.86
3,30.4,91.16,44.86
9,30.58,90.71,44.86
9,30.58,90.3,44.86
9,30.45,88.45,42.07
9,30.45,88.45,41.74
9,30.53,88.52,42.72
9,30.45,88.72,42.67
9,30.58,88.5,42.39
10,30.45,88.7,42.36
21,30.58,89.68,44.4
15,30.59,89.11,43.77
11,30.62,88.75,43.16
9,30.24,88.51,42.05
9,30.04,88.33,41.9
11,30.24,88.51,41.74
3,29.8,88.64,41.89
4,30.06,88.75,42.67
4,30.05,88.75,42.35
18,30.27,89.6,43.77
5,29.87,89.2,43.15
11,30.41,89.14,43.14
7,30.28,88.94,42.68
8,30.28,88.95,42.36
2,29.47,89.69,43.15
11,30.3,90.5,44.4
10,29.97,90.09,43.77
33,30.78,90.51,44.39
8,30.69,88.39,42.08
7,30.69,88.39,41.74
12,30.8,88.62,42.68
12,30.8,88.61,42.36
23,30.78,89.64,43.78
14,30.78,89.05,43.14
14,30.59,91.85,44.5
5,30.58,91.57,44.86
7,30.58,91.15,44.86
27,30.78,91.4,44.39
6,28.34,91.95,40.86
16,28.27,91.12,40.86
14,28.19,90.24,40.86
5,28.11,89.36,40.86
9,28.98,89.25,40.86
2,28.84,92.23,40.63
10,28.76,91.57,40.64
24,28.67,90.65,40.64
15,28.59,89.75,40.64
2,29.3,92.12,40.44
17,29.16,91.08,40.44
29,29.07,90.15,40.44
150,34.38,76.85,40.57
308,33.81,76.89,41.47
39,34.07,80.45,40.52
85,33.92,78.71,40.52
70,33.48,79.61,41.17
200,33.32,77.82,41.24
45,32.45,78.79,41.68
4,31.59,78.41,42.52
193,32.29,77.1,41.87
27,31.51,77.53,42.52
7,31.51,77.53,43.15
8,31.99,77.93,43.15
24,31.99,77.93,42.52
110,31.4,76.2,42.81
130,30.93,70.93,42.82
158,30.13,71.88,42.82
447,32.85,72.54,41.59
194,31.89,71.73,42.82
821,32.05,73.49,41.59
311,31.09,72.69,42.82
259,31.25,74.45,42.81
2,30.44,75.41,44.08
5,30.29,73.65,44.08
175,34.77,74.15,40.59
246,33.81,73.34,41.59
199,33.95,75.12,40.59
580,33,74.3,41.59
505,33.31,75.55,41.59
324,33.02,76.29,42.1
246,32.2,75.25,42.81
5,32.62,69.89,43.45
4,31.38,81.49,42.39
3,30.96,81.13,42.47
3,31.49,82.47,42.5
13,31.83,81.5,41.6
2,31.56,83.37,42.54
4,31.62,83.31,40.8
3,31.17,83.75,41.27
3,31.19,83.75,41.92
10,31.08,82.45,41.57
3,32.03,83.73,42.51
2,31.66,84.16,41.9
2,31.81,83.28,40.67
12,32.82,82.31,40.98
5,32.09,83.25,40.38
7,33.67,83.12,40.5
4,32.15,79.69,42.52
23,32.6,80.53,41.69
31,34.54,71.51,41.59
151,34.91,75.92,40.58
117,35.74,74.96,40.59
30,36.52,73.14,40.59
30,33.6,81.35,41.22
14,34.22,82.18,40.53
8,30.58,88.5,41.09
8,30.72,88.53,40.74
13,30.47,88.71,41.11
8,30.58,88.5,41.42
12,30.46,88.71,41.43
11,30.05,88.74,41.11
8,30.05,88.74,41.43
4,29.42,88.85,41.27
14,30.3,88.95,41.11
12,30.29,88.95,41.42
11,30.81,88.61,41.04
11,30.8,88.6,41.39
11,30.69,88.7,40.78
9,30.72,88.66,40.54
20,30.56,89.07,40.55
23,29.87,89.21,40.59
19,30.48,89.12,40.78
17,29.88,89.19,40.82
26,29.47,89.67,40.63
14,30.8,88.98,40.63
27,30.46,89.5,40.43
36,30.1,90.03,40.44
2,28.11,89.36,41.27
4,28.99,89.25,41.27
9,28.19,90.24,41.27
10,28.32,91.78,41.11
9,28.32,91.78,41.43
14,28.27,91.12,41.27
8,28.56,91.98,41.11
7,28.56,91.98,41.43
2,28.82,92.32,41.38
18,30.78,92.23,43.78
2,30.56,92.52,43.77
7,30.59,92.11,44.39
3,30.09,91.83,44.4
3,29.73,92.09,43.77
2,29.28,92.52,41.83
3,28.81,92.32,42.03
4,28.82,92.32,41.71
2,28.79,92.12,42.36
4,29.62,91.45,43.77
4,30.03,90.97,44.4
5,28.56,91.98,42.05
7,28.56,91.98,41.74
3,28.32,91.78,42.05
7,28.32,91.78,41.74
2,28.74,91.53,42.52
2,29.15,91.05,43.15
3,29.55,90.57,43.77
5,28.27,91.12,41.9
2,28.67,90.64,42.52
3,28.19,90.24,41.9
9,30.33,91.38,44.39
23,30.58,90.51,44.39
9,30.58,88.5,42.06
11,30.46,88.7,42.05
9,30.58,88.5,41.74
11,30.46,88.71,41.74
11,30.64,88.72,42.68
11,30.64,88.71,42.36
22,30.58,89.66,43.77
12,30.59,89.1,43.14
5,30.05,88.74,42.05
6,30.05,88.74,41.74
2,29.41,88.86,41.9
17,30.27,89.6,43.15
5,29.87,89.21,42.52
10,30.41,89.13,42.52
8,30.28,88.95,42.05
10,30.29,88.95,41.74
3,29.47,89.69,42.52
23,30.3,90.51,43.77
13,29.97,90.09,43.15
36,30.78,90.49,43.79
12,30.8,88.6,42.04
11,30.8,88.6,41.72
20,30.78,89.63,43.16
14,30.78,89.03,42.52
18,30.58,91.37,44.39
39,30.78,91.45,43.78
4,28.8,92.12,40.86
15,28.74,91.53,40.86
27,28.67,90.64,40.86
12,28.59,89.76,40.86
20,29.47,89.69,40.86
4,29.25,91.99,40.63
25,29.15,91.06,40.64
34,29.07,90.16,40.64
8,29.65,91.53,40.44
36,29.57,90.56,40.44
103,35.06,77.68,40.57
271,34.4,76.83,41.53
295,33.68,76.89,42.07
41,34.69,80.39,40.56
77,34.13,80.43,41.37
95,34.53,78.63,40.55
183,33.98,78.67,41.35
66,33.34,79.58,41.84
180,33.18,77.88,41.89
17,32.51,78.77,42.83
85,32.35,77.01,42.83
3,31.4,76.21,44.08
116,32.85,72.53,42.82
6,31.89,71.73,44.08
314,32.05,73.49,42.82
14,31.09,72.69,44.08
10,31.24,74.45,44.08
106,34.77,74.14,41.59
62,33.81,73.34,42.82
329,33.96,75.1,41.58
227,33,74.29,42.82
174,33.16,76.05,42.83
11,32.2,75.25,44.08
5,31.94,82.88,42.5
4,31.93,81.49,42.86
5,32.41,83.24,42.5
22,32.75,82.29,41.73
3,32.53,84.1,42.52
2,32.13,84.57,41.9
8,32.01,83.25,41.57
2,32.28,83.24,40.81
10,33.77,83.11,41.27
3,34.35,83.94,40.55
2,32.81,84.07,40.43
10,32.66,80.54,42.83
37,33.46,81.33,41.88
171,34.92,75.9,41.58
55,35.73,74.95,41.58
5,36.48,73.12,41.58
94,35.89,76.72,40.58
63,36.72,75.77,40.59
7,38.57,74.78,40.58
26,34.28,82.17,41.41
12,34.84,82.12,40.56
11,30.67,88.71,41.09
11,30.66,88.7,41.41
16,30.44,89.14,41.26
10,29.87,89.21,41.27
14,30.79,89.01,41.21
16,30.66,89.05,40.73
27,30.35,89.57,40.6
26,30.29,89.58,40.83
38,30.02,90.07,40.63
45,30.53,90.36,40.43
19,30.79,89.55,40.62
7,28.59,89.76,41.27
13,29.47,89.69,41.27
23,28.67,90.64,41.27
4,28.79,92.12,41.11
5,28.79,92.12,41.43
16,28.74,91.53,41.27
3,29.24,92.32,42.51
5,29.9,92.52,42.49
31,30.79,92.25,43.16
8,30.57,92.52,43.13
4,29.82,92.32,43.14
19,30.59,92.1,43.77
6,30.4,92.32,43.77
4,30.37,92.08,44.37
10,30.07,91.82,43.77
3,29.9,92.52,41.83
6,29.73,92.1,43.14
4,29.24,92.32,41.87
5,28.79,92.12,42.05
6,28.79,92.12,41.74
5,29.22,91.9,42.52
7,29.62,91.45,43.15
12,30.03,90.97,43.77
11,28.74,91.53,41.9
6,29.15,91.05,42.52
5,29.55,90.57,43.15
10,28.67,90.64,41.9
3,29.07,90.17,42.52
2,28.59,89.76,41.9
24,30.33,91.39,43.77
34,30.58,90.49,43.78
11,30.65,88.7,42.05
11,30.65,88.7,41.73
19,30.58,89.66,43.15
12,30.59,89.08,42.52
19,30.27,89.6,42.52
12,30.42,89.13,41.9
6,29.87,89.21,41.9
6,29.47,89.69,41.9
27,30.31,90.5,43.14
17,29.97,90.09,42.52
33,30.78,90.46,43.2
19,30.78,89.62,42.54
14,30.79,89,41.89
35,30.58,91.4,43.77
42,30.79,91.43,43.2
6,29.22,91.9,40.86
32,29.15,91.05,40.86
32,29.07,90.17,40.86
43,29.97,90.09,40.86
13,29.63,91.48,40.64
42,29.56,90.56,40.64
24,30.13,90.93,40.43
53,36.05,78.48,40.58
156,35.08,77.66,41.52
116,34.12,76.86,42.79
19,35.37,81.2,40.58
51,35.22,79.45,40.57
70,34.73,80.37,41.51
68,34,80.42,41.96
191,34.57,78.61,41.46
169,33.84,78.66,41.94
25,33.49,79.58,42.8
65,33.33,77.81,42.81
2,32.35,77.01,44.08
4,32.85,72.53,44.08
20,32.05,73.49,44.08
18,34.77,74.14,42.82
3,33.81,73.34,44.08
125,33.96,75.1,42.82
21,33,74.29,44.08
9,33.16,76.06,44.08
8,35.72,74.94,42.82
57,34.92,75.9,42.82
5,32.93,83.62,42.52
7,32.82,82.3,42.83
18,33.63,83.09,41.92
2,34.97,83.89,40.57
5,33.41,84.02,42.52
2,33.01,84.5,42.52
4,32.89,84.06,41.77
3,34.42,83.94,41.46
2,32.97,84.06,41.04
25,34.16,82.18,42
14,33.64,81.34,42.81
79,35.88,76.71,41.58
23,36.7,75.76,41.58
47,36.88,77.53,40.59
25,37.74,76.58,40.58
15,34.88,82.12,41.51
5,35.52,82.95,40.58
6,36.35,82,40.59
14,30.61,89.08,41.25
25,30.27,89.6,41.27
19,30.79,89.58,41.2
48,30.42,90.45,40.6
24,30.61,89.64,40.75
34,30.8,90.3,40.62
21,29.07,90.17,41.27
38,29.97,90.09,41.27
31,29.15,91.05,41.27
7,29.22,91.9,41.27
24,30.79,92.34,42.62
13,30.56,92.53,42.47
9,29.82,92.33,42.51
29,30.6,92.1,43.15
16,30.41,92.33,43.14
12,30.35,92.07,43.77
4,30.55,92.53,41.81
32,30.8,92.09,42.52
14,30.08,91.82,43.14
4,29.82,92.33,41.87
11,29.73,92.1,42.52
10,29.22,91.9,41.9
13,29.62,91.45,42.52
16,30.03,90.97,43.14
21,29.15,91.05,41.9
12,29.55,90.57,42.52
9,29.07,90.17,41.9
25,30.34,91.39,43.14
34,30.59,90.48,43.17
19,30.58,89.65,42.53
13,30.59,89.07,41.9
19,30.27,89.59,41.89
34,30.33,90.51,42.49
21,29.97,90.09,41.89
31,30.79,90.38,42.59
19,30.78,89.59,41.89
36,30.6,91.4,43.17
31,30.8,91.36,42.63
17,29.63,91.45,40.86
47,30.36,90.53,40.83
47,29.55,90.57,40.86
2,30.12,91.87,40.61
31,30.08,90.96,40.61
2,30.53,91.36,40.42
27,37.03,79.28,40.58
67,36.04,78.47,41.56
62,35.07,77.66,42.78
6,34.12,76.86,44.08
19,36.19,80.24,40.58
27,35.39,81.19,41.56
102,35.24,79.44,41.53
22,34.43,80.38,42.77
50,34.29,78.62,42.74
10,33.96,75.1,44.08
5,34.92,75.9,44.08
2,36.68,75.75,42.82
22,35.87,76.7,42.82
5,34.31,83.95,42.06
5,33.79,83.1,42.8
2,35.02,83.89,41.53
2,33.89,84.42,42.52
2,33.75,84.86,41.98
9,34.59,82.14,42.77
29,36.85,77.52,41.58
9,37.68,76.56,41.58
7,38.07,80.09,40.58
7,37.2,81.04,40.58
6,39,78.28,40.58
4,35.55,82.95,41.55
5,36.34,81.99,41.58
2,36.5,83.75,40.58
23,30.59,89.64,41.25
30,30.8,90.3,41.2
10,30.92,90.73,40.63
36,30.63,90.43,40.74
4,30.91,90.91,40.42
43,30.35,90.5,41.27
42,29.55,90.57,41.27
18,29.62,91.45,41.27
5,30.8,92.48,41.88
26,30.63,92.19,42.58
19,30.42,92.35,42.5
20,30.37,92.08,43.13
5,30.42,92.36,41.86
20,30.65,91.99,42.42
25,30.85,92.24,42.31
17,30.11,91.83,42.5
3,29.74,92.1,41.9
21,29.62,91.45,41.9
27,30.06,90.97,42.5
26,29.55,90.57,41.9
22,30.39,91.38,42.47
37,30.34,90.5,41.88
34,30.61,90.45,42.53
20,30.58,89.64,41.89
30,30.79,90.32,41.94
20,30.64,91.36,42.54
36,30.09,90.97,40.84
3,30.52,91.38,40.58
21,37.01,79.27,41.58
22,36.03,78.47,42.81
3,35.07,77.66,44.08
27,36.19,80.23,41.58
10,35.38,81.18,42.81
27,35.22,79.42,42.78
6,36.83,77.51,42.82
2,34.74,83.9,42.79
2,35.53,82.95,42.8
3,37.99,80.08,41.58
4,37.16,81.03,41.58
3,38.8,78.25,41.57
3,30.92,90.73,41.24
32,30.63,90.41,41.24
6,30.92,90.86,40.73
5,30.92,91.01,40.55
34,30.07,90.97,41.27
4,30.66,92.33,41.87
5,30.4,92.14,41.87
21,30.41,92.09,42.47
9,30.78,92.13,42.17
3,30.33,91.39,41.97
3,30.11,91.83,41.89
34,30.06,90.97,41.88
30,30.63,90.4,41.89
3,30.54,91.37,40.82
4,36.99,79.27,42.82
9,36.18,80.23,42.82
2,30.92,90.86,41.26
4,30.93,91.07,40.79
2,30.83,92.28,41.89
2,30.69,92.05,41.85
