ppm HF Concentration mole,X (m),Y (m),Z (m)
499734,152.31,77.93,36.41
582400,152.31,77.93,36.41
552047,152.31,77.93,36.41
550777,152.31,77.93,36.41
515033,152.31,77.93,36.41
33196,152.31,77.93,36.42
570909,152.31,77.93,36.41
494766,152.31,77.93,36.41
655914,152.3,77.93,36.41
653558,152.3,77.93,36.41
30775,152.3,77.93,36.42
47537,152.31,77.93,36.42
39283,152.31,77.93,36.42
10867,152.31,77.93,36.42
11285,152.31,77.93,36.42
82562,152.3,77.93,36.42
405974,152.31,77.93,36.4
388945,152.31,77.93,36.41
365869,152.31,77.93,36.4
319892,152.31,77.93,36.41
497640,152.31,77.93,36.41
561047,152.31,77.93,36.41
467309,152.31,77.93,36.41
565327,152.31,77.93,36.41
383327,152.31,77.93,36.41
335695,152.31,77.93,36.4
314409,152.31,77.93,36.4
667231,152.31,77.93,36.41
697636,152.31,77.93,36.41
635216,152.31,77.93,36.41
741897,152.31,77.93,36.41
511673,152.31,77.93,36.41
657405,152.31,77.93,36.41
240367,152.31,77.93,36.41
682602,152.31,77.93,36.41
748394,152.31,77.93,36.41
658795,152.31,77.93,36.41
295840,152.31,77.93,36.41
392402,152.31,77.93,36.42
24239,152.31,77.93,36.42
498056,152.31,77.93,36.42
20621,152.31,77.93,36.42
119197,152.31,77.93,36.42
9551,152.31,77.93,36.42
2808,152.31,77.93,36.42
5612,152.31,77.93,36.42
1766,152.31,77.93,36.42
529534,152.3,77.93,36.41
427551,152.3,77.93,36.41
310733,152.3,77.93,36.4
525287,152.31,77.93,36.41
466181,152.3,77.93,36.41
363065,152.31,77.93,36.41
380016,152.3,77.93,36.4
521343,152.3,77.93,36.41
531334,152.3,77.93,36.41
803486,152.3,77.93,36.41
507151,152.3,77.93,36.41
721076,152.3,77.93,36.41
431152,152.3,77.93,36.41
813109,152.3,77.93,36.41
546996,152.3,77.93,36.41
616432,152.31,77.93,36.41
557893,152.3,77.93,36.41
666111,152.31,77.93,36.41
828267,152.3,77.93,36.41
620682,152.31,77.93,36.42
683009,152.31,77.93,36.41
709788,152.31,77.93,36.41
716183,152.31,77.93,36.41
83624,152.3,77.93,36.42
33504,152.3,77.93,36.42
27723,152.3,77.93,36.42
35762,152.31,77.93,36.42
9828,152.3,77.93,36.42
11112,152.31,77.93,36.42
43868,152.3,77.93,36.42
15090,152.3,77.93,36.42
6543,152.3,77.93,36.42
182447,152.31,77.93,36.42
182090,152.31,77.93,36.42
6563,152.31,77.93,36.42
17168,152.31,77.93,36.42
15665,152.31,77.93,36.42
6441,152.31,77.93,36.42
2540,152.31,77.93,36.42
2256,152.31,77.93,36.42
1057,152.31,77.93,36.43
973,152.31,77.93,36.43
632958,152.3,77.93,36.42
446052,152.3,77.93,36.42
30211,152.3,77.93,36.42
702855,152.3,77.93,36.42
662030,152.3,77.93,36.42
532032,152.31,77.93,36.42
565082,152.31,77.93,36.42
326411,152.31,77.93,36.42
367021,152.31,77.93,36.42
381969,152.31,77.93,36.42
437582,152.31,77.93,36.42
276077,152.31,77.93,36.41
46469,152.31,77.93,36.42
242,152.31,77.93,36.43
357,152.31,77.93,36.43
160963,152.31,77.93,36.41
2879,152.31,77.93,36.42
1011,152.31,77.93,36.42
244124,152.31,77.93,36.4
216054,152.31,77.93,36.41
226359,152.31,77.93,36.41
309623,152.31,77.93,36.4
204390,152.31,77.93,36.41
148748,152.31,77.93,36.4
264925,152.31,77.93,36.41
282124,152.31,77.93,36.41
289177,152.31,77.93,36.41
221153,152.31,77.93,36.41
285579,152.31,77.93,36.4
162325,152.31,77.93,36.4
292274,152.31,77.93,36.4
175156,152.31,77.93,36.4
250326,152.31,77.93,36.4
77300,152.31,77.93,36.4
247013,152.31,77.93,36.4
260160,152.31,77.93,36.4
206334,152.31,77.93,36.4
574235,152.3,77.93,36.41
708336,152.31,77.93,36.41
726710,152.31,77.93,36.41
705679,152.31,77.93,36.41
755347,152.31,77.93,36.41
748965,152.31,77.93,36.41
293541,152.31,77.93,36.41
307629,152.31,77.93,36.41
311365,152.31,77.93,36.41
296232,152.31,77.93,36.41
288189,152.31,77.93,36.41
287741,152.31,77.93,36.41
353593,152.31,77.93,36.41
240772,152.31,77.93,36.41
60288,152.31,77.93,36.41
323314,152.31,77.93,36.41
345198,152.31,77.93,36.41
326763,152.31,77.93,36.41
300070,152.31,77.93,36.41
221727,152.31,77.93,36.42
245849,152.31,77.93,36.41
288545,152.31,77.93,36.41
263176,152.31,77.93,36.41
165732,152.31,77.93,36.42
196820,152.31,77.93,36.42
77297,152.31,77.93,36.42
67354,152.31,77.93,36.42
115211,152.31,77.93,36.42
127831,152.31,77.93,36.42
31350,152.31,77.93,36.42
11909,152.31,77.93,36.42
2404,152.31,77.93,36.42
2300,152.31,77.93,36.42
5233,152.31,77.93,36.42
1327,152.31,77.93,36.42
1327,152.31,77.93,36.42
816,152.31,77.93,36.42
533,152.31,77.93,36.43
340,152.31,77.93,36.43
262044,152.3,77.93,36.4
366561,152.3,77.93,36.41
421305,152.3,77.93,36.41
378436,152.3,77.93,36.41
259174,152.3,77.93,36.41
313063,152.3,77.93,36.4
225090,152.31,77.93,36.4
125437,152.3,77.93,36.4
254144,152.3,77.93,36.4
216752,152.3,77.93,36.4
231819,152.3,77.93,36.41
174177,152.3,77.93,36.41
345706,152.3,77.93,36.41
598884,152.3,77.93,36.41
348981,152.3,77.93,36.41
300597,152.3,77.93,36.41
702340,152.3,77.93,36.41
324770,152.3,77.93,36.41
579852,152.3,77.93,36.41
311566,152.3,77.93,36.41
263687,152.3,77.93,36.41
380252,152.3,77.93,36.41
327857,152.3,77.93,36.41
315511,152.3,77.93,36.41
369285,152.3,77.93,36.41
312306,152.3,77.93,36.41
265443,152.3,77.93,36.41
206655,152.3,77.93,36.41
158300,152.3,77.93,36.42
180872,152.3,77.93,36.41
257537,152.3,77.93,36.41
180537,152.3,77.93,36.41
285000,152.3,77.93,36.41
651392,152.3,77.93,36.41
819032,152.3,77.93,36.41
567641,152.3,77.93,36.41
827192,152.3,77.93,36.41
349195,152.3,77.93,36.41
580616,152.3,77.93,36.41
731623,152.31,77.93,36.41
620723,152.3,77.93,36.41
799900,152.3,77.93,36.41
594082,152.3,77.93,36.42
762397,152.3,77.93,36.42
742097,152.31,77.93,36.41
742456,152.31,77.93,36.41
693608,152.31,77.93,36.42
690701,152.31,77.93,36.42
220552,152.31,77.93,36.42
267910,152.31,77.93,36.41
757486,152.31,77.93,36.41
761103,152.31,77.93,36.41
762434,152.31,77.93,36.41
762093,152.31,77.93,36.41
300771,152.31,77.93,36.41
316347,152.31,77.93,36.41
110119,152.3,77.93,36.42
568925,152.3,77.93,36.42
56086,152.3,77.93,36.42
506420,152.3,77.93,36.42
39485,152.3,77.93,36.42
28515,152.3,77.93,36.42
255960,152.3,77.93,36.42
42288,152.3,77.93,36.42
16421,152.3,77.93,36.42
8829,152.3,77.93,36.42
51816,152.3,77.93,36.42
128717,152.31,77.93,36.42
5550,152.3,77.93,36.42
9623,152.3,77.93,36.42
14123,152.31,77.93,36.42
6444,152.3,77.93,36.42
15418,152.3,77.93,36.42
8498,152.3,77.93,36.42
2657,152.3,77.93,36.42
1201,152.3,77.93,36.43
5925,152.3,77.93,36.42
4363,152.3,77.93,36.42
2545,152.3,77.93,36.42
1256,152.3,77.93,36.43
37919,152.31,77.93,36.42
41880,152.31,77.93,36.42
7028,152.31,77.93,36.42
7001,152.31,77.93,36.42
2124,152.31,77.93,36.42
2004,152.31,77.93,36.42
1793,152.31,77.93,36.42
1858,152.31,77.93,36.42
898,152.31,77.93,36.43
757,152.31,77.93,36.43
655,152.31,77.93,36.43
731,152.31,77.93,36.43
233563,152.3,77.93,36.42
324299,152.31,77.93,36.42
170808,152.3,77.93,36.42
264920,152.31,77.93,36.42
138353,152.3,77.93,36.42
60624,152.3,77.93,36.42
220573,152.3,77.93,36.42
319274,152.3,77.93,36.42
450722,152.31,77.93,36.42
556973,152.31,77.93,36.42
576357,152.31,77.93,36.42
184419,152.3,77.93,36.42
276890,152.3,77.93,36.42
369270,152.31,77.93,36.42
431829,152.31,77.93,36.42
483955,152.31,77.93,36.42
143337,152.31,77.93,36.42
175785,152.31,77.93,36.42
70786,152.31,77.93,36.42
77904,152.31,77.93,36.42
96667,152.31,77.93,36.42
107818,152.31,77.93,36.42
79445,152.31,77.93,36.41
32579,152.31,77.93,36.4
109298,152.31,77.93,36.41
738812,152.31,77.93,36.41
113328,152.31,77.93,36.41
773577,152.31,77.93,36.41
80315,152.31,77.93,36.41
571932,152.31,77.93,36.41
91287,152.31,77.93,36.41
49870,152.31,77.93,36.41
663805,152.31,77.93,36.41
720598,152.31,77.93,36.41
640665,152.31,77.93,36.42
655084,152.31,77.93,36.41
81471,152.31,77.93,36.42
625762,152.31,77.93,36.42
588931,152.31,77.93,36.42
39632,152.31,77.93,36.42
484528,152.31,77.93,36.42
16254,152.31,77.93,36.42
152827,152.31,77.93,36.42
9868,152.31,77.93,36.42
2955,152.31,77.93,36.42
228,152.31,77.93,36.43
152,152.31,77.93,36.43
155,152.31,77.93,36.43
98,152.31,77.93,36.43
461,152.31,77.93,36.43
230,152.31,77.93,36.43
301,152.31,77.93,36.43
137,152.31,77.93,36.43
129638,152.31,77.93,36.41
30539,152.31,77.93,36.41
51004,152.31,77.93,36.41
6798,152.31,77.93,36.4
2368,152.31,77.93,36.42
357,152.31,77.93,36.42
173,152.31,77.93,36.43
391,152.31,77.93,36.42
725,152.31,77.93,36.42
352,152.31,77.93,36.42
223460,152.31,77.93,36.4
94279,152.31,77.93,36.4
171889,152.31,77.93,36.4
19759,152.31,77.93,36.4
211948,152.31,77.93,36.4
92117,152.31,77.93,36.4
220478,152.3,77.93,36.4
91190,152.31,77.93,36.41
114637,152.31,77.93,36.41
138560,152.31,77.93,36.41
70826,152.31,77.93,36.41
87418,152.31,77.93,36.41
105787,152.31,77.93,36.41
145616,152.31,77.93,36.41
105688,152.31,77.93,36.41
90132,152.31,77.93,36.4
114582,152.31,77.93,36.4
110304,152.31,77.93,36.4
117785,152.31,77.93,36.4
43271,152.31,77.93,36.4
13483,152.31,77.93,36.4
76886,152.31,77.93,36.4
242641,152.31,77.93,36.4
99629,152.31,77.93,36.4
220345,152.31,77.93,36.4
88398,152.31,77.93,36.4
61029,152.31,77.93,36.4
185283,152.3,77.93,36.41
310827,152.3,77.93,36.41
367612,152.31,77.93,36.41
342914,152.31,77.93,36.41
398180,152.31,77.93,36.41
380408,152.31,77.93,36.41
99754,152.31,77.93,36.41
98373,152.31,77.93,36.41
102254,152.31,77.93,36.41
106033,152.31,77.93,36.41
90749,152.31,77.93,36.41
90639,152.31,77.93,36.41
86654,152.31,77.93,36.41
97090,152.31,77.93,36.41
132306,152.31,77.93,36.41
126863,152.31,77.93,36.41
44676,152.31,77.93,36.41
101548,152.31,77.93,36.41
103752,152.31,77.93,36.41
118567,152.31,77.93,36.41
104343,152.31,77.93,36.41
81290,152.31,77.93,36.41
58834,152.31,77.93,36.42
56733,152.31,77.93,36.42
69551,152.31,77.93,36.41
66502,152.31,77.93,36.41
86712,152.31,77.93,36.41
89213,152.31,77.93,36.41
78231,152.31,77.93,36.41
73489,152.31,77.93,36.41
39145,152.31,77.93,36.42
35288,152.31,77.93,36.42
48556,152.31,77.93,36.42
46239,152.31,77.93,36.42
18718,152.31,77.93,36.42
18207,152.31,77.93,36.42
9406,152.31,77.93,36.42
28118,152.31,77.93,36.42
29114,152.31,77.93,36.42
22025,152.31,77.93,36.42
9949,152.31,77.93,36.42
6591,152.31,77.93,36.42
2899,152.31,77.93,36.42
1715,152.31,77.93,36.42
917,152.31,77.93,36.42
548,152.31,77.93,36.42
464,152.31,77.93,36.43
345,152.31,77.93,36.43
211,152.31,77.93,36.43
298,152.31,77.93,36.43
1628,152.31,77.93,36.42
579,152.31,77.93,36.42
223328,152.3,77.93,36.41
181329,152.3,77.93,36.4
86188,152.3,77.93,36.4
200897,152.3,77.93,36.4
170512,152.3,77.93,36.4
251988,152.3,77.93,36.41
261931,152.3,77.93,36.41
213274,152.3,77.93,36.41
171757,152.3,77.93,36.41
125948,152.3,77.93,36.41
242641,152.3,77.93,36.4
194487,152.3,77.93,36.4
72207,152.31,77.93,36.4
198059,152.31,77.93,36.4
186021,152.31,77.93,36.4
62651,152.3,77.93,36.4
50763,152.3,77.93,36.4
183100,152.3,77.93,36.4
72099,152.3,77.93,36.41
68711,152.3,77.93,36.41
138526,152.3,77.93,36.41
375472,152.3,77.93,36.41
340012,152.3,77.93,36.41
282005,152.3,77.93,36.41
157165,152.3,77.93,36.41
271433,152.3,77.93,36.41
149784,152.3,77.93,36.41
230454,152.3,77.93,36.41
205038,152.3,77.93,36.41
135556,152.3,77.93,36.41
167921,152.3,77.93,36.41
174799,152.3,77.93,36.41
126365,152.3,77.93,36.41
125598,152.3,77.93,36.41
125282,152.3,77.93,36.41
118778,152.3,77.93,36.41
424688,152.3,77.93,36.41
93652,152.3,77.93,36.41
445357,152.3,77.93,36.41
72818,152.3,77.93,36.41
396203,152.3,77.93,36.41
53241,152.3,77.93,36.42
308232,152.3,77.93,36.42
57730,152.3,77.93,36.41
75330,152.3,77.93,36.41
59259,152.3,77.93,36.41
84280,152.3,77.93,36.41
218327,152.3,77.93,36.41
321936,152.3,77.93,36.41
522043,152.3,77.93,36.41
724654,152.31,77.93,36.41
248200,152.3,77.93,36.41
327562,152.3,77.93,36.41
563514,152.3,77.93,36.41
734874,152.31,77.93,36.41
119440,152.3,77.93,36.41
184611,152.3,77.93,36.41
322939,152.3,77.93,36.41
192102,152.3,77.93,36.41
289453,152.3,77.93,36.41
454264,152.3,77.93,36.41
691744,152.31,77.93,36.41
167041,152.3,77.93,36.42
255306,152.3,77.93,36.42
379092,152.3,77.93,36.42
599649,152.31,77.93,36.42
331791,152.31,77.93,36.41
335623,152.31,77.93,36.41
251478,152.31,77.93,36.42
263644,152.31,77.93,36.42
66910,152.31,77.93,36.42
86518,152.31,77.93,36.41
382833,152.31,77.93,36.41
379616,152.31,77.93,36.41
403499,152.31,77.93,36.41
393936,152.31,77.93,36.41
101796,152.31,77.93,36.41
108856,152.31,77.93,36.41
37814,152.3,77.93,36.42
183218,152.3,77.93,36.42
134580,152.3,77.93,36.42
75726,152.3,77.93,36.42
24613,152.3,77.93,36.42
87946,152.3,77.93,36.42
15355,152.3,77.93,36.42
40337,152.3,77.93,36.42
9498,152.3,77.93,36.42
16122,152.3,77.93,36.42
9666,152.3,77.93,36.42
5729,152.3,77.93,36.42
7903,152.3,77.93,36.42
3328,152.3,77.93,36.42
13683,152.3,77.93,36.42
27630,152.3,77.93,36.42
4565,152.3,77.93,36.42
6041,152.3,77.93,36.42
7106,152.3,77.93,36.42
2025,152.3,77.93,36.42
2203,152.3,77.93,36.42
855,152.3,77.93,36.43
1007,152.3,77.93,36.43
2218,152.3,77.93,36.42
3332,152.3,77.93,36.42
3348,152.3,77.93,36.42
1874,152.3,77.93,36.42
2047,152.3,77.93,36.42
1208,152.3,77.93,36.43
902,152.3,77.93,36.43
1047,152.3,77.93,36.43
8996,152.31,77.93,36.42
10228,152.31,77.93,36.42
3520,152.31,77.93,36.42
3514,152.31,77.93,36.42
1410,152.31,77.93,36.42
1247,152.31,77.93,36.42
594,152.31,77.93,36.43
488,152.31,77.93,36.43
47659,152.3,77.93,36.42
80649,152.3,77.93,36.42
31708,152.3,77.93,36.42
57297,152.3,77.93,36.42
28173,152.3,77.93,36.42
15576,152.3,77.93,36.42
51335,152.3,77.93,36.42
78596,152.3,77.93,36.42
133476,152.3,77.93,36.42
172054,152.31,77.93,36.42
186675,152.31,77.93,36.42
39948,152.3,77.93,36.42
62259,152.3,77.93,36.42
103227,152.3,77.93,36.42
123280,152.31,77.93,36.42
136324,152.31,77.93,36.42
37590,152.31,77.93,36.42
49632,152.31,77.93,36.42
15598,152.31,77.93,36.42
17818,152.31,77.93,36.42
22426,152.31,77.93,36.42
25795,152.31,77.93,36.42
15533,152.31,77.93,36.41
22524,152.31,77.93,36.4
5881,152.31,77.93,36.4
447069,152.31,77.93,36.41
24709,152.32,77.93,36.41
11799,152.32,77.93,36.41
302200,152.31,77.93,36.41
238203,152.31,77.93,36.41
21210,152.31,77.93,36.41
130064,152.31,77.93,36.41
14385,152.31,77.93,36.41
43580,152.31,77.93,36.41
8949,152.31,77.93,36.41
698823,152.31,77.93,36.41
38001,152.32,77.93,36.41
513144,152.31,77.93,36.41
260812,152.31,77.93,36.41
266573,152.31,77.93,36.41
678378,152.31,77.93,36.42
26725,152.32,77.93,36.42
696574,152.31,77.93,36.41
223705,152.31,77.93,36.42
247306,152.31,77.93,36.41
646294,152.31,77.93,36.42
282392,152.31,77.93,36.42
11179,152.32,77.93,36.42
191295,152.31,77.93,36.42
125292,152.31,77.93,36.42
3960,152.32,77.93,36.42
56847,152.31,77.93,36.42
5534,152.31,77.93,36.42
12491,152.31,77.93,36.42
2290,152.31,77.93,36.42
2638,152.31,77.93,36.42
899,152.31,77.93,36.42
350,152.31,77.93,36.42
31443,152.32,77.93,36.41
32665,152.32,77.93,36.41
20099,152.32,77.93,36.42
101,152.31,77.93,36.43
150,152.31,77.93,36.43
107,152.31,77.93,36.43
97,152.31,77.93,36.43
76,152.31,77.93,36.43
95,152.31,77.93,36.43
71,152.31,77.93,36.43
546,152.3,77.93,36.43
300,152.31,77.93,36.43
378,152.31,77.93,36.43
603,152.3,77.93,36.43
219,152.31,77.93,36.43
99,152.31,77.93,36.43
202,152.31,77.93,36.43
175,152.31,77.93,36.43
173,152.31,77.93,36.43
125,152.31,77.93,36.43
21706,152.31,77.93,36.41
5384,152.31,77.93,36.41
9287,152.31,77.93,36.41
3643,152.31,77.93,36.4
1068,152.31,77.93,36.4
620,152.31,77.93,36.42
231,152.31,77.93,36.42
117,152.31,77.93,36.43
97,152.31,77.93,36.43
258,152.31,77.93,36.42
169,152.31,77.93,36.42
240,152.31,77.93,36.42
98,152.31,77.93,36.43
62696,152.31,77.93,36.4
199921,152.31,77.93,36.4
62467,152.31,77.93,36.4
24086,152.31,77.93,36.4
12107,152.31,77.93,36.4
3165,152.31,77.93,36.4
64165,152.31,77.93,36.4
201219,152.31,77.93,36.4
149847,152.31,77.93,36.4
40956,152.31,77.93,36.4
10742,152.31,77.93,36.4
738,152.31,77.93,36.4
43054,152.31,77.93,36.4
40015,152.31,77.93,36.4
33511,152.31,77.93,36.41
29346,152.31,77.93,36.41
46719,152.31,77.93,36.41
59793,152.31,77.93,36.41
44886,152.31,77.93,36.4
9987,152.31,77.93,36.41
37890,152.31,77.93,36.41
51938,152.31,77.93,36.41
47688,152.31,77.93,36.41
16497,152.31,77.93,36.41
57502,152.31,77.93,36.4
64858,152.31,77.93,36.4
39075,152.31,77.93,36.4
6334,152.31,77.93,36.4
61822,152.31,77.93,36.4
65337,152.31,77.93,36.4
30751,152.31,77.93,36.4
28560,152.31,77.93,36.41
60750,152.3,77.93,36.41
93232,152.3,77.93,36.41
119399,152.31,77.93,36.41
115938,152.31,77.93,36.41
133648,152.31,77.93,36.41
133641,152.31,77.93,36.41
32918,152.31,77.93,36.41
36749,152.31,77.93,36.41
33719,152.31,77.93,36.41
32123,152.31,77.93,36.41
31110,152.31,77.93,36.41
15445,152.31,77.93,36.41
29919,152.31,77.93,36.41
27823,152.31,77.93,36.41
16300,152.31,77.93,36.41
32657,152.31,77.93,36.41
41946,152.31,77.93,36.41
46228,152.31,77.93,36.41
25295,152.31,77.93,36.41
5976,152.31,77.93,36.41
33557,152.31,77.93,36.41
34863,152.31,77.93,36.41
36730,152.31,77.93,36.41
32178,152.31,77.93,36.41
10350,152.31,77.93,36.41
18385,152.31,77.93,36.42
16448,152.31,77.93,36.42
13906,152.31,77.93,36.42
22901,152.31,77.93,36.41
19700,152.31,77.93,36.41
16633,152.31,77.93,36.41
28940,152.31,77.93,36.41
26022,152.31,77.93,36.41
19205,152.31,77.93,36.41
26466,152.31,77.93,36.41
22405,152.31,77.93,36.41
18136,152.31,77.93,36.41
11105,152.31,77.93,36.42
10562,152.31,77.93,36.42
6846,152.31,77.93,36.42
14308,152.31,77.93,36.42
13149,152.31,77.93,36.42
11024,152.31,77.93,36.42
5506,152.31,77.93,36.42
5497,152.31,77.93,36.42
4267,152.31,77.93,36.42
1727,152.31,77.93,36.42
8109,152.31,77.93,36.42
8182,152.31,77.93,36.42
7587,152.31,77.93,36.42
4116,152.31,77.93,36.42
3401,152.31,77.93,36.42
2866,152.31,77.93,36.42
1500,152.31,77.93,36.42
1090,152.31,77.93,36.42
635,152.31,77.93,36.42
424,152.31,77.93,36.42
287,152.31,77.93,36.43
190,152.31,77.93,36.43
929,152.31,77.93,36.42
475,152.31,77.93,36.42
418,152.31,77.93,36.42
218,152.31,77.93,36.42
200,152.31,77.93,36.42
112,152.31,77.93,36.43
151738,152.3,77.93,36.4
124647,152.3,77.93,36.41
160081,152.3,77.93,36.41
139989,152.3,77.93,36.41
55040,152.3,77.93,36.4
139517,152.3,77.93,36.4
42523,152.3,77.93,36.4
123544,152.3,77.93,36.4
31551,152.3,77.93,36.4
135614,152.3,77.93,36.4
111820,152.3,77.93,36.41
80010,152.3,77.93,36.41
157810,152.3,77.93,36.4
60492,152.3,77.93,36.41
55755,152.3,77.93,36.41
149574,152.3,77.93,36.4
47303,152.3,77.93,36.4
163644,152.3,77.93,36.4
42688,152.31,77.93,36.4
46759,152.31,77.93,36.4
164217,152.3,77.93,36.4
26069,152.3,77.93,36.4
26267,152.3,77.93,36.4
23825,152.3,77.93,36.41
24576,152.3,77.93,36.41
65593,152.3,77.93,36.41
67879,152.3,77.93,36.41
54977,152.3,77.93,36.41
44495,152.3,77.93,36.41
35499,152.3,77.93,36.41
26793,152.3,77.93,36.42
13601,152.3,77.93,36.42
19744,152.3,77.93,36.42
117962,152.3,77.93,36.41
71559,152.3,77.93,36.41
114940,152.3,77.93,36.41
93067,152.3,77.93,36.41
77619,152.3,77.93,36.41
90103,152.3,77.93,36.41
93676,152.3,77.93,36.41
81050,152.3,77.93,36.41
79149,152.3,77.93,36.41
93579,152.3,77.93,36.41
76964,152.3,77.93,36.41
43031,152.3,77.93,36.41
43552,152.3,77.93,36.41
45524,152.3,77.93,36.41
120218,152.3,77.93,36.41
99775,152.3,77.93,36.41
80774,152.3,77.93,36.41
60416,152.3,77.93,36.42
19910,152.3,77.93,36.41
24679,152.3,77.93,36.41
21043,152.3,77.93,36.41
27553,152.3,77.93,36.41
57620,152.3,77.93,36.41
88198,152.3,77.93,36.41
154353,152.3,77.93,36.41
286583,152.3,77.93,36.41
77715,152.3,77.93,36.41
102603,152.3,77.93,36.41
174288,152.3,77.93,36.41
314875,152.3,77.93,36.41
44266,152.3,77.93,36.41
59964,152.3,77.93,36.41
97906,152.3,77.93,36.41
22172,152.3,77.93,36.41
48962,152.3,77.93,36.41
75569,152.3,77.93,36.41
127308,152.3,77.93,36.41
241552,152.3,77.93,36.41
40313,152.3,77.93,36.42
63145,152.3,77.93,36.42
100398,152.3,77.93,36.42
185368,152.3,77.93,36.42
98863,152.31,77.93,36.41
107814,152.31,77.93,36.41
69570,152.31,77.93,36.42
76955,152.31,77.93,36.42
22939,152.31,77.93,36.42
31192,152.31,77.93,36.41
122847,152.31,77.93,36.41
131479,152.31,77.93,36.41
135037,152.31,77.93,36.41
140245,152.31,77.93,36.41
37317,152.31,77.93,36.41
39031,152.31,77.93,36.41
39834,152.3,77.93,36.42
31235,152.3,77.93,36.42
22870,152.3,77.93,36.42
14570,152.3,77.93,36.42
22459,152.3,77.93,36.42
9622,152.3,77.93,36.42
13068,152.3,77.93,36.42
13799,152.3,77.93,36.42
8280,152.3,77.93,36.42
6432,152.3,77.93,36.42
7879,152.3,77.93,36.42
4227,152.3,77.93,36.42
4378,152.3,77.93,36.42
1984,152.3,77.93,36.42
2453,152.3,77.93,36.42
2599,152.3,77.93,36.42
2806,152.3,77.93,36.42
4927,152.3,77.93,36.42
7139,152.3,77.93,36.42
2602,152.3,77.93,36.42
3165,152.3,77.93,36.42
3611,152.3,77.93,36.42
1438,152.3,77.93,36.42
667,152.3,77.93,36.43
1649,152.3,77.93,36.42
1841,152.3,77.93,36.42
2159,152.3,77.93,36.42
1361,152.3,77.93,36.42
874,152.3,77.93,36.43
1027,152.3,77.93,36.43
700,152.3,77.93,36.43
3046,152.31,77.93,36.42
3300,152.31,77.93,36.42
1674,152.31,77.93,36.42
1666,152.31,77.93,36.42
883,152.31,77.93,36.42
797,152.31,77.93,36.42
459,152.31,77.93,36.43
383,152.31,77.93,36.43
12805,152.3,77.93,36.42
18248,152.3,77.93,36.42
8717,152.3,77.93,36.42
12636,152.3,77.93,36.42
8778,152.3,77.93,36.42
5782,152.3,77.93,36.42
15894,152.3,77.93,36.42
12129,152.3,77.93,36.42
22845,152.3,77.93,36.42
34304,152.3,77.93,36.42
45338,152.31,77.93,36.42
51153,152.31,77.93,36.42
17265,152.3,77.93,36.42
24864,152.3,77.93,36.42
30913,152.31,77.93,36.42
35265,152.31,77.93,36.42
11283,152.31,77.93,36.42
15861,152.31,77.93,36.42
4812,152.31,77.93,36.42
5278,152.31,77.93,36.42
6979,152.31,77.93,36.42
7703,152.31,77.93,36.42
3318,152.31,77.93,36.41
2148,152.31,77.93,36.4
1649,152.31,77.93,36.4
2983,152.31,77.93,36.4
822,152.31,77.93,36.4
385,152.31,77.93,36.4
37855,152.32,77.93,36.41
3996,152.32,77.93,36.41
9685,152.32,77.93,36.41
2332,152.32,77.93,36.41
35674,152.31,77.93,36.41
25031,152.31,77.93,36.41
744,152.32,77.93,36.41
1878,152.32,77.93,36.41
13125,152.31,77.93,36.41
5654,152.31,77.93,36.41
1433,152.32,77.93,36.41
115273,152.32,77.93,36.41
6882,152.32,77.93,36.41
80521,152.32,77.93,36.41
51683,152.31,77.93,36.41
42752,152.31,77.93,36.41
87679,152.32,77.93,36.42
5557,152.32,77.93,36.42
113605,152.32,77.93,36.41
39402,152.31,77.93,36.42
48637,152.31,77.93,36.41
48088,152.32,77.93,36.42
14019,152.32,77.93,36.42
2295,152.32,77.93,36.42
27415,152.31,77.93,36.42
14357,152.31,77.93,36.42
3322,152.32,77.93,36.42
1035,152.32,77.93,36.42
445,152.32,77.93,36.42
6695,152.31,77.93,36.42
2011,152.31,77.93,36.42
576,152.32,77.93,36.42
663,152.31,77.93,36.42
265,152.32,77.93,36.42
245,152.31,77.93,36.42
142,152.32,77.93,36.42
5752,152.32,77.93,36.41
6178,152.32,77.93,36.41
4121,152.32,77.93,36.42
75,152.31,77.93,36.43
69,152.31,77.93,36.43
58,152.31,77.93,36.43
141,152.31,77.93,36.43
105,152.31,77.93,36.43
83,152.31,77.93,36.43
78,152.31,77.93,36.43
80,152.31,77.93,36.43
67,152.31,77.93,36.43
71,152.31,77.93,36.43
63,152.31,77.93,36.43
58,152.31,77.93,36.43
361,152.3,77.93,36.43
443,152.3,77.93,36.43
253,152.31,77.93,36.43
406,152.3,77.93,36.43
498,152.3,77.93,36.43
608,152.3,77.93,36.43
182,152.31,77.93,36.43
153,152.31,77.93,36.43
320,152.3,77.93,36.43
216,152.3,77.93,36.43
266,152.3,77.93,36.43
136,152.31,77.93,36.43
123,152.31,77.93,36.43
99,152.31,77.93,36.43
126,152.31,77.93,36.43
87,152.31,77.93,36.43
66,152.31,77.93,36.43
2755,152.31,77.93,36.41
1201,152.31,77.93,36.41
496,152.31,77.93,36.4
178,152.31,77.93,36.4
1280,152.31,77.93,36.41
730,152.31,77.93,36.41
786,152.31,77.93,36.42
394,152.31,77.93,36.42
192,152.31,77.93,36.42
115,152.31,77.93,36.42
77,152.31,77.93,36.43
117,152.31,77.93,36.42
86,152.31,77.93,36.42
105,152.31,77.93,36.42
73,152.31,77.93,36.43
64,152.31,77.93,36.43
33292,152.31,77.93,36.4
40673,152.31,77.93,36.4
10380,152.31,77.93,36.4
2076,152.31,77.93,36.4
1371,152.31,77.93,36.4
44523,152.31,77.93,36.4
43738,152.31,77.93,36.4
145441,152.31,77.93,36.4
6295,152.31,77.93,36.4
427,152.31,77.93,36.4
1573,152.31,77.93,36.4
208,152.31,77.93,36.4
18303,152.3,77.93,36.4
27571,152.31,77.93,36.4
16014,152.3,77.93,36.4
24052,152.31,77.93,36.4
13036,152.3,77.93,36.41
18742,152.31,77.93,36.41
11032,152.3,77.93,36.41
14571,152.31,77.93,36.41
24135,152.31,77.93,36.41
20230,152.31,77.93,36.41
7148,152.31,77.93,36.41
1329,152.31,77.93,36.41
19309,152.31,77.93,36.41
18920,152.31,77.93,36.41
8988,152.31,77.93,36.41
2265,152.31,77.93,36.41
29145,152.31,77.93,36.4
20729,152.31,77.93,36.4
5893,152.31,77.93,36.4
763,152.31,77.93,36.4
31227,152.31,77.93,36.4
19691,152.31,77.93,36.4
3871,152.31,77.93,36.4
10197,152.3,77.93,36.41
11905,152.31,77.93,36.41
30733,152.3,77.93,36.41
39450,152.31,77.93,36.41
38676,152.31,77.93,36.41
45424,152.31,77.93,36.41
45991,152.31,77.93,36.41
11086,152.3,77.93,36.41
11581,152.31,77.93,36.41
13442,152.31,77.93,36.41
10731,152.31,77.93,36.41
11993,152.31,77.93,36.41
11213,152.31,77.93,36.41
10450,152.31,77.93,36.41
6573,152.31,77.93,36.41
1885,152.31,77.93,36.41
9415,152.31,77.93,36.41
6739,152.31,77.93,36.41
2466,152.31,77.93,36.41
14841,152.31,77.93,36.41
16428,152.31,77.93,36.41
11234,152.31,77.93,36.41
3716,152.31,77.93,36.41
12201,152.31,77.93,36.41
13225,152.31,77.93,36.41
11729,152.31,77.93,36.41
5456,152.31,77.93,36.41
530,152.31,77.93,36.41
811,152.31,77.93,36.41
6998,152.31,77.93,36.42
8932,152.31,77.93,36.41
5631,152.31,77.93,36.42
4907,152.31,77.93,36.42
2840,152.31,77.93,36.42
6770,152.31,77.93,36.41
5755,152.31,77.93,36.41
3299,152.31,77.93,36.41
10293,152.31,77.93,36.41
10763,152.31,77.93,36.41
8660,152.31,77.93,36.41
6984,152.31,77.93,36.41
3023,152.31,77.93,36.41
7767,152.31,77.93,36.41
6422,152.31,77.93,36.41
3348,152.31,77.93,36.41
3849,152.31,77.93,36.42
5184,152.31,77.93,36.42
3586,152.31,77.93,36.42
2924,152.31,77.93,36.42
1369,152.31,77.93,36.42
4502,152.31,77.93,36.42
3979,152.31,77.93,36.42
2140,152.31,77.93,36.42
2028,152.31,77.93,36.42
1989,152.31,77.93,36.42
1802,152.31,77.93,36.42
1050,152.31,77.93,36.42
2910,152.31,77.93,36.42
2824,152.31,77.93,36.42
2711,152.31,77.93,36.42
1949,152.31,77.93,36.42
494,152.31,77.93,36.42
296,152.31,77.93,36.42
1366,152.31,77.93,36.42
1273,152.31,77.93,36.42
792,152.31,77.93,36.42
649,152.31,77.93,36.42
428,152.31,77.93,36.42
316,152.31,77.93,36.42
235,152.31,77.93,36.43
168,152.31,77.93,36.43
295,152.31,77.93,36.42
515,152.31,77.93,36.42
330,152.31,77.93,36.42
170,152.31,77.93,36.42
184,152.31,77.93,36.42
106,152.31,77.93,36.42
171,152.31,77.93,36.42
111,152.31,77.93,36.43
113,152.31,77.93,36.42
81,152.31,77.93,36.43
29006,152.3,77.93,36.4
123719,152.3,77.93,36.4
114407,152.3,77.93,36.4
64720,152.3,77.93,36.41
109096,152.3,77.93,36.41
50172,152.3,77.93,36.41
103258,152.3,77.93,36.4
88784,152.3,77.93,36.41
92284,152.3,77.93,36.4
27259,152.3,77.93,36.4
105286,152.3,77.93,36.4
17735,152.3,77.93,36.4
97326,152.3,77.93,36.4
20926,152.3,77.93,36.4
16402,152.3,77.93,36.4
43486,152.3,77.93,36.41
37892,152.3,77.93,36.41
19796,152.3,77.93,36.41
19356,152.3,77.93,36.41
28957,152.3,77.93,36.4
128058,152.3,77.93,36.4
26192,152.3,77.93,36.4
22198,152.3,77.93,36.4
30233,152.3,77.93,36.4
138265,152.3,77.93,36.4
10592,152.3,77.93,36.4
11650,152.3,77.93,36.4
8955,152.3,77.93,36.41
9566,152.3,77.93,36.41
44411,152.3,77.93,36.41
35897,152.3,77.93,36.41
45547,152.3,77.93,36.41
43827,152.3,77.93,36.41
51398,152.3,77.93,36.41
50874,152.3,77.93,36.41
39206,152.3,77.93,36.41
32522,152.3,77.93,36.41
29642,152.3,77.93,36.41
24520,152.3,77.93,36.41
20002,152.3,77.93,36.41
26347,152.3,77.93,36.41
15705,152.3,77.93,36.42
20344,152.3,77.93,36.42
14933,152.3,77.93,36.42
10947,152.3,77.93,36.42
9128,152.3,77.93,36.42
12025,152.3,77.93,36.42
4636,152.3,77.93,36.42
6708,152.3,77.93,36.42
3260,152.3,77.93,36.42
45312,152.3,77.93,36.41
27640,152.3,77.93,36.41
48405,152.3,77.93,36.41
29061,152.3,77.93,36.41
46662,152.3,77.93,36.41
30702,152.3,77.93,36.41
64283,152.3,77.93,36.41
42239,152.3,77.93,36.41
31918,152.3,77.93,36.41
16238,152.3,77.93,36.41
15975,152.3,77.93,36.41
16398,152.3,77.93,36.41
40958,152.3,77.93,36.41
33669,152.3,77.93,36.41
27483,152.3,77.93,36.41
21445,152.3,77.93,36.42
7562,152.3,77.93,36.41
8926,152.3,77.93,36.41
8060,152.3,77.93,36.41
9759,152.3,77.93,36.41
20296,152.3,77.93,36.41
30188,152.3,77.93,36.41
48947,152.3,77.93,36.41
83487,152.3,77.93,36.41
25171,152.3,77.93,36.41
41504,152.3,77.93,36.41
56041,152.3,77.93,36.41
94502,152.3,77.93,36.41
15998,152.3,77.93,36.41
22387,152.3,77.93,36.41
32894,152.3,77.93,36.41
8699,152.3,77.93,36.41
11158,152.3,77.93,36.41
17023,152.3,77.93,36.41
25188,152.3,77.93,36.41
39679,152.3,77.93,36.41
67101,152.3,77.93,36.41
13922,152.3,77.93,36.42
20324,152.3,77.93,36.42
30606,152.3,77.93,36.42
49211,152.3,77.93,36.42
33983,152.31,77.93,36.41
37805,152.31,77.93,36.41
23840,152.31,77.93,36.42
26254,152.31,77.93,36.42
9225,152.31,77.93,36.42
12639,152.31,77.93,36.41
42673,152.31,77.93,36.41
46869,152.31,77.93,36.41
46679,152.31,77.93,36.41
49566,152.31,77.93,36.41
14870,152.31,77.93,36.41
14884,152.31,77.93,36.41
15627,152.3,77.93,36.42
10944,152.3,77.93,36.42
10930,152.3,77.93,36.42
8211,152.3,77.93,36.42
7385,152.3,77.93,36.42
5853,152.3,77.93,36.42
4832,152.3,77.93,36.42
4944,152.3,77.93,36.42
4144,152.3,77.93,36.42
3038,152.3,77.93,36.42
3314,152.3,77.93,36.42
2776,152.3,77.93,36.42
1455,152.3,77.93,36.42
1635,152.3,77.93,36.42
1754,152.3,77.93,36.42
1046,152.3,77.93,36.43
2043,152.3,77.93,36.42
2212,152.3,77.93,36.42
2257,152.3,77.93,36.42
2687,152.3,77.93,36.42
1453,152.3,77.93,36.42
1596,152.3,77.93,36.42
1941,152.3,77.93,36.42
915,152.3,77.93,36.42
516,152.3,77.93,36.43
1329,152.3,77.93,36.42
1225,152.3,77.93,36.42
907,152.3,77.93,36.42
908,152.3,77.93,36.43
688,152.3,77.93,36.43
550,152.3,77.93,36.43
1355,152.3,77.93,36.42
1372,152.31,77.93,36.42
885,152.3,77.93,36.42
855,152.31,77.93,36.42
561,152.3,77.93,36.42
508,152.31,77.93,36.42
350,152.3,77.93,36.43
298,152.31,77.93,36.43
4786,152.3,77.93,36.42
5980,152.3,77.93,36.42
3402,152.3,77.93,36.42
4187,152.3,77.93,36.42
3813,152.3,77.93,36.42
2757,152.3,77.93,36.42
6512,152.3,77.93,36.42
8814,152.3,77.93,36.42
6653,152.3,77.93,36.42
5106,152.3,77.93,36.42
11747,152.3,77.93,36.42
15355,152.31,77.93,36.42
16844,152.31,77.93,36.42
8323,152.3,77.93,36.42
10138,152.31,77.93,36.42
11119,152.31,77.93,36.42
4170,152.31,77.93,36.42
6166,152.31,77.93,36.42
1999,152.3,77.93,36.42
2034,152.31,77.93,36.42
2896,152.3,77.93,36.42
2947,152.31,77.93,36.42
1888,152.31,77.93,36.41
589,152.32,77.93,36.41
316,152.32,77.93,36.41
118,152.32,77.93,36.4
814,152.31,77.93,36.4
313,152.31,77.93,36.4
344,152.31,77.93,36.4
180,152.31,77.93,36.4
131,152.31,77.93,36.4
102,152.31,77.93,36.4
601,152.32,77.93,36.41
3679,152.32,77.93,36.41
1601,152.32,77.93,36.41
388,152.32,77.93,36.41
4050,152.32,77.93,36.41
2641,152.32,77.93,36.41
361,152.32,77.93,36.41
158,152.32,77.93,36.41
815,152.32,77.93,36.41
275,152.32,77.93,36.41
1558,152.32,77.93,36.41
697,152.32,77.93,36.41
1536,152.32,77.93,36.41
9485,152.32,77.93,36.41
6800,152.32,77.93,36.41
6850,152.32,77.93,36.41
5551,152.32,77.93,36.41
1284,152.32,77.93,36.42
7926,152.32,77.93,36.42
9694,152.32,77.93,36.41
5730,152.32,77.93,36.42
6866,152.32,77.93,36.41
4848,152.32,77.93,36.42
2072,152.32,77.93,36.42
472,152.32,77.93,36.42
3966,152.32,77.93,36.42
2169,152.32,77.93,36.42
797,152.32,77.93,36.42
265,152.32,77.93,36.42
319,152.32,77.93,36.42
154,152.32,77.93,36.42
1045,152.32,77.93,36.42
423,152.32,77.93,36.42
93,152.32,77.93,36.42
103,152.32,77.93,36.42
189,152.32,77.93,36.42
101,152.32,77.93,36.42
85,152.32,77.93,36.42
70,152.32,77.93,36.42
881,152.32,77.93,36.41
718,152.32,77.93,36.41
1002,152.32,77.93,36.41
641,152.32,77.93,36.42
740,152.32,77.93,36.42
63,152.31,77.93,36.43
55,152.31,77.93,36.43
59,152.31,77.93,36.43
51,152.31,77.93,36.43
54,152.31,77.93,36.43
136,152.31,77.93,36.43
107,152.31,77.93,36.43
104,152.31,77.93,36.43
91,152.31,77.93,36.43
75,152.31,77.93,36.43
68,152.31,77.93,36.43
85,152.31,77.93,36.43
63,152.31,77.93,36.43
80,152.31,77.93,36.43
68,152.31,77.93,36.43
70,152.31,77.93,36.43
63,152.31,77.93,36.43
52,152.31,77.93,36.43
58,152.31,77.93,36.43
514,152.3,77.93,36.43
265,152.3,77.93,36.43
300,152.3,77.93,36.43
222,152.3,77.93,36.43
337,152.3,77.93,36.43
429,152.3,77.93,36.43
398,152.3,77.93,36.43
168,152.31,77.93,36.43
219,152.3,77.93,36.43
151,152.3,77.93,36.43
186,152.3,77.93,36.43
107,152.31,77.93,36.43
177,152.3,77.93,36.43
131,152.3,77.93,36.43
127,152.31,77.93,36.43
86,152.31,77.93,36.43
88,152.31,77.93,36.43
86,152.3,77.93,36.43
79,152.31,77.93,36.43
71,152.31,77.93,36.43
323,152.31,77.93,36.41
199,152.31,77.93,36.41
375,152.31,77.93,36.41
183,152.31,77.93,36.41
130,152.31,77.93,36.4
97,152.31,77.93,36.4
193,152.32,77.93,36.41
127,152.32,77.93,36.41
197,152.32,77.93,36.42
127,152.32,77.93,36.42
88,152.32,77.93,36.42
77,152.31,77.93,36.42
64,152.31,77.93,36.43
68,152.32,77.93,36.42
72,152.31,77.93,36.42
51,152.32,77.93,36.43
60,152.31,77.93,36.43
1299,152.31,77.93,36.4
15670,152.31,77.93,36.4
17544,152.31,77.93,36.4
25826,152.31,77.93,36.4
25155,152.31,77.93,36.4
147099,152.31,77.93,36.4
7423,152.31,77.93,36.4
1601,152.31,77.93,36.4
1015,152.31,77.93,36.4
216,152.31,77.93,36.4
6779,152.31,77.93,36.4
49181,152.31,77.93,36.4
11167,152.31,77.93,36.4
1099,152.31,77.93,36.4
129,152.31,77.93,36.4
140,152.31,77.93,36.4
8434,152.3,77.93,36.4
6912,152.3,77.93,36.4
11326,152.31,77.93,36.4
13017,152.31,77.93,36.4
9513,152.31,77.93,36.4
11550,152.31,77.93,36.4
5661,152.3,77.93,36.41
4811,152.3,77.93,36.41
7463,152.31,77.93,36.41
9357,152.31,77.93,36.41
5954,152.31,77.93,36.41
7410,152.31,77.93,36.41
8337,152.31,77.93,36.41
4049,152.31,77.93,36.41
1040,152.31,77.93,36.41
7116,152.31,77.93,36.41
4329,152.31,77.93,36.41
1435,152.31,77.93,36.41
249,152.31,77.93,36.41
181,152.31,77.93,36.41
9361,152.31,77.93,36.4
3693,152.31,77.93,36.4
764,152.31,77.93,36.4
9019,152.31,77.93,36.4
2849,152.31,77.93,36.4
474,152.31,77.93,36.4
139,152.31,77.93,36.4
106,152.31,77.93,36.4
4266,152.3,77.93,36.41
4353,152.3,77.93,36.41
4788,152.31,77.93,36.41
5668,152.31,77.93,36.41
4715,152.31,77.93,36.41
5106,152.3,77.93,36.41
13141,152.3,77.93,36.41
13180,152.31,77.93,36.41
15318,152.3,77.93,36.41
16045,152.31,77.93,36.41
4485,152.31,77.93,36.41
4569,152.31,77.93,36.41
5274,152.31,77.93,36.41
4169,152.31,77.93,36.41
3461,152.31,77.93,36.41
4162,152.31,77.93,36.41
3735,152.31,77.93,36.41
2698,152.31,77.93,36.41
1077,152.31,77.93,36.41
275,152.32,77.93,36.41
2685,152.31,77.93,36.41
1275,152.31,77.93,36.41
369,152.32,77.93,36.41
5812,152.31,77.93,36.41
4534,152.31,77.93,36.41
1979,152.31,77.93,36.41
4821,152.31,77.93,36.41
4242,152.31,77.93,36.41
2491,152.31,77.93,36.41
344,152.31,77.93,36.41
116,152.31,77.93,36.41
463,152.31,77.93,36.41
154,152.31,77.93,36.41
3170,152.31,77.93,36.42
2301,152.31,77.93,36.42
3987,152.31,77.93,36.41
2742,152.31,77.93,36.41
1842,152.31,77.93,36.42
1272,152.31,77.93,36.42
524,152.32,77.93,36.42
2122,152.31,77.93,36.41
1435,152.31,77.93,36.41
571,152.32,77.93,36.41
4456,152.31,77.93,36.41
3092,152.31,77.93,36.41
4373,152.31,77.93,36.41
3264,152.31,77.93,36.41
2587,152.31,77.93,36.41
1433,152.31,77.93,36.41
469,152.32,77.93,36.41
2389,152.31,77.93,36.41
1490,152.31,77.93,36.41
551,152.32,77.93,36.41
949,152.31,77.93,36.42
1338,152.31,77.93,36.42
1656,152.31,77.93,36.42
1433,152.31,77.93,36.42
2294,152.31,77.93,36.42
1824,152.31,77.93,36.42
1212,152.31,77.93,36.42
745,152.31,77.93,36.42
299,152.32,77.93,36.42
1513,152.31,77.93,36.42
1025,152.31,77.93,36.42
423,152.32,77.93,36.42
874,152.31,77.93,36.42
801,152.31,77.93,36.42
580,152.31,77.93,36.42
1193,152.31,77.93,36.42
1094,152.31,77.93,36.42
892,152.31,77.93,36.42
301,152.31,77.93,36.42
159,152.31,77.93,36.42
213,152.31,77.93,36.42
118,152.31,77.93,36.42
676,152.31,77.93,36.42
625,152.31,77.93,36.42
464,152.31,77.93,36.42
398,152.31,77.93,36.42
301,152.31,77.93,36.42
240,152.31,77.93,36.42
198,152.31,77.93,36.43
152,152.31,77.93,36.43
219,152.31,77.93,36.42
156,152.31,77.93,36.42
313,152.31,77.93,36.42
231,152.31,77.93,36.42
146,152.31,77.93,36.42
90,152.31,77.93,36.42
105,152.31,77.93,36.42
74,152.31,77.93,36.42
152,152.31,77.93,36.42
111,152.31,77.93,36.42
112,152.31,77.93,36.43
87,152.31,77.93,36.43
82,152.31,77.93,36.42
71,152.31,77.93,36.43
103951,152.31,77.93,36.4
62786,152.3,77.93,36.4
16141,152.3,77.93,36.4
20653,152.3,77.93,36.4
85826,152.3,77.93,36.4
78447,152.3,77.93,36.4
36998,152.3,77.93,36.41
30348,152.3,77.93,36.41
23909,152.3,77.93,36.41
66891,152.3,77.93,36.41
63722,152.3,77.93,36.41
17859,152.3,77.93,36.4
70785,152.3,77.93,36.4
69758,152.3,77.93,36.4
12936,152.3,77.93,36.4
7580,152.3,77.93,36.4
11729,152.3,77.93,36.4
8420,152.3,77.93,36.4
15840,152.3,77.93,36.41
14871,152.3,77.93,36.41
7473,152.3,77.93,36.41
7491,152.3,77.93,36.41
14288,152.3,77.93,36.4
11679,152.3,77.93,36.4
20062,152.3,77.93,36.4
18496,152.3,77.93,36.4
37989,152.3,77.93,36.4
112077,152.3,77.93,36.4
5055,152.3,77.93,36.4
6425,152.3,77.93,36.4
3944,152.3,77.93,36.41
4341,152.3,77.93,36.41
22850,152.3,77.93,36.41
25192,152.3,77.93,36.41
24810,152.3,77.93,36.41
20618,152.29,77.93,36.41
26986,152.3,77.93,36.41
23339,152.3,77.93,36.41
36149,152.3,77.93,36.41
24110,152.3,77.93,36.41
30981,152.3,77.93,36.41
19932,152.3,77.93,36.41
16795,152.3,77.93,36.41
19277,152.29,77.93,36.41
16240,152.29,77.93,36.41
13459,152.29,77.93,36.41
13826,152.3,77.93,36.41
10796,152.29,77.93,36.42
11052,152.3,77.93,36.42
8544,152.3,77.93,36.42
6406,152.3,77.93,36.42
6640,152.3,77.93,36.42
8479,152.29,77.93,36.42
6504,152.29,77.93,36.42
3291,152.3,77.93,36.42
4583,152.3,77.93,36.42
3713,152.3,77.93,36.42
4997,152.3,77.93,36.42
2358,152.3,77.93,36.42
2662,152.3,77.93,36.42
1876,152.3,77.93,36.42
19059,152.3,77.93,36.41
11811,152.3,77.93,36.41
21430,152.3,77.93,36.41
12362,152.3,77.93,36.41
22045,152.3,77.93,36.41
12651,152.3,77.93,36.41
21291,152.3,77.93,36.41
12788,152.3,77.93,36.41
6761,152.3,77.93,36.41
6528,152.3,77.93,36.41
6991,152.3,77.93,36.41
6974,152.3,77.93,36.41
16450,152.3,77.93,36.41
13772,152.3,77.93,36.41
10628,152.3,77.93,36.41
9099,152.3,77.93,36.41
11489,152.3,77.93,36.41
7740,152.3,77.93,36.41
9340,152.3,77.93,36.42
6438,152.3,77.93,36.42
3442,152.3,77.93,36.41
3758,152.3,77.93,36.41
3593,152.3,77.93,36.41
3952,152.3,77.93,36.41
12297,152.3,77.93,36.41
19032,152.3,77.93,36.41
29039,152.3,77.93,36.41
14457,152.3,77.93,36.41
21412,152.3,77.93,36.41
32432,152.3,77.93,36.41
9017,152.3,77.93,36.41
12255,152.3,77.93,36.41
5912,152.3,77.93,36.41
6644,152.3,77.93,36.41
6002,152.3,77.93,36.41
3843,152.3,77.93,36.41
4445,152.3,77.93,36.41
4080,152.3,77.93,36.41
10270,152.3,77.93,36.41
15565,152.3,77.93,36.41
23277,152.3,77.93,36.41
8418,152.3,77.93,36.42
12031,152.3,77.93,36.42
17268,152.3,77.93,36.42
4384,152.3,77.93,36.42
5191,152.3,77.93,36.41
12725,152.3,77.93,36.41
9465,152.3,77.93,36.42
14614,152.31,77.93,36.41
10499,152.31,77.93,36.42
4275,152.31,77.93,36.42
5592,152.31,77.93,36.41
16466,152.3,77.93,36.41
15489,152.3,77.93,36.41
17699,152.31,77.93,36.41
17904,152.31,77.93,36.41
6320,152.31,77.93,36.41
5977,152.31,77.93,36.41
7373,152.3,77.93,36.42
5168,152.3,77.93,36.42
5774,152.3,77.93,36.42
4034,152.3,77.93,36.42
4345,152.3,77.93,36.42
3075,152.3,77.93,36.42
3131,152.3,77.93,36.42
2316,152.3,77.93,36.42
2174,152.3,77.93,36.42
1703,152.3,77.93,36.42
1079,152.3,77.93,36.42
1411,152.3,77.93,36.42
707,152.3,77.93,36.43
1219,152.3,77.93,36.42
1885,152.3,77.93,36.42
909,152.3,77.93,36.43
1463,152.3,77.93,36.42
1443,152.3,77.93,36.42
1254,152.3,77.93,36.42
1321,152.3,77.93,36.42
890,152.3,77.93,36.42
898,152.3,77.93,36.42
1195,152.3,77.93,36.42
598,152.3,77.93,36.42
394,152.3,77.93,36.43
878,152.3,77.93,36.42
879,152.3,77.93,36.42
619,152.3,77.93,36.42
573,152.3,77.93,36.43
426,152.3,77.93,36.43
769,152.3,77.93,36.42
718,152.31,77.93,36.42
551,152.3,77.93,36.42
507,152.31,77.93,36.42
393,152.3,77.93,36.42
348,152.31,77.93,36.42
280,152.3,77.93,36.43
240,152.31,77.93,36.43
2374,152.3,77.93,36.42
2683,152.3,77.93,36.42
1747,152.3,77.93,36.42
1904,152.3,77.93,36.42
2113,152.3,77.93,36.42
1601,152.3,77.93,36.42
3207,152.3,77.93,36.42
3775,152.3,77.93,36.42
5304,152.3,77.93,36.42
4268,152.3,77.93,36.42
3518,152.3,77.93,36.42
2753,152.3,77.93,36.42
6157,152.3,77.93,36.42
6742,152.31,77.93,36.42
4194,152.3,77.93,36.42
4432,152.31,77.93,36.42
1958,152.31,77.93,36.42
2914,152.31,77.93,36.42
3158,152.3,77.93,36.42
2262,152.3,77.93,36.42
1091,152.3,77.93,36.42
1028,152.31,77.93,36.42
1577,152.3,77.93,36.42
1515,152.31,77.93,36.42
50,152.31,77.93,36.43
138,152.32,77.93,36.41
295,152.32,77.93,36.41
125,152.32,77.93,36.41
82,152.32,77.93,36.41
88,152.32,77.93,36.41
69,152.32,77.93,36.4
62,152.32,77.93,36.4
56,152.32,77.93,36.4
154,152.31,77.93,36.4
90,152.31,77.93,36.4
87,152.31,77.93,36.4
83,152.31,77.93,36.4
72,152.31,77.93,36.4
60,152.32,77.93,36.4
69,152.31,77.93,36.4
70,152.31,77.93,36.4
71,152.31,77.93,36.4
75,152.32,77.93,36.41
119,152.32,77.93,36.41
433,152.32,77.93,36.41
103,152.32,77.93,36.41
248,152.32,77.93,36.41
492,152.32,77.93,36.41
325,152.32,77.93,36.41
96,152.32,77.93,36.41
63,152.32,77.93,36.41
160,152.32,77.93,36.41
75,152.32,77.93,36.41
209,152.32,77.93,36.41
120,152.32,77.93,36.41
288,152.32,77.93,36.41
292,152.32,77.93,36.42
398,152.32,77.93,36.41
1006,152.32,77.93,36.41
711,152.32,77.93,36.41
876,152.32,77.93,36.41
696,152.32,77.93,36.41
940,152.32,77.93,36.42
1113,152.32,77.93,36.41
819,152.32,77.93,36.42
914,152.32,77.93,36.41
637,152.32,77.93,36.42
135,152.32,77.93,36.42
360,152.32,77.93,36.42
616,152.32,77.93,36.42
387,152.32,77.93,36.42
192,152.32,77.93,36.42
87,152.32,77.93,36.42
111,152.32,77.93,36.42
69,152.32,77.93,36.42
223,152.32,77.93,36.42
128,152.32,77.93,36.42
72,152.32,77.93,36.42
58,152.32,77.93,36.42
82,152.32,77.93,36.42
63,152.32,77.93,36.42
67,152.32,77.93,36.42
51,152.32,77.93,36.42
52,152.32,77.93,36.42
58,152.32,77.93,36.42
51,152.32,77.93,36.43
156,152.32,77.93,36.41
167,152.32,77.93,36.41
186,152.32,77.93,36.41
164,152.32,77.93,36.42
153,152.32,77.93,36.42
102,152.32,77.93,36.42
59,152.31,77.93,36.43
59,152.31,77.93,36.43
56,152.31,77.93,36.43
48,152.32,77.93,36.43
61,152.31,77.93,36.43
53,152.31,77.93,36.43
137,152.31,77.93,36.43
112,152.31,77.93,36.43
113,152.31,77.93,36.43
94,152.31,77.93,36.43
100,152.31,77.93,36.43
90,152.31,77.93,36.43
85,152.31,77.93,36.43
75,152.31,77.93,36.43
73,152.31,77.93,36.43
66,152.31,77.93,36.43
64,152.31,77.93,36.43
78,152.31,77.93,36.43
80,152.31,77.93,36.43
68,152.31,77.93,36.43
79,152.31,77.93,36.43
59,152.31,77.93,36.43
54,152.31,77.93,36.43
359,152.3,77.93,36.43
433,152.3,77.93,36.43
235,152.3,77.93,36.43
112,152.3,77.93,36.43
261,152.3,77.93,36.43
201,152.3,77.93,36.43
183,152.3,77.93,36.43
151,152.3,77.93,36.43
264,152.3,77.93,36.43
163,152.3,77.93,36.43
133,152.3,77.93,36.43
141,152.31,77.93,36.43
122,152.31,77.93,36.43
173,152.3,77.93,36.43
153,152.3,77.93,36.43
116,152.3,77.93,36.43
125,152.3,77.93,36.43
100,152.31,77.93,36.43
97,152.3,77.93,36.43
89,152.3,77.93,36.43
91,152.31,77.93,36.43
79,152.3,77.93,36.43
67,152.31,77.93,36.43
89,152.31,77.93,36.41
73,152.31,77.93,36.41
87,152.32,77.93,36.41
67,152.32,77.93,36.41
65,152.31,77.93,36.4
58,152.32,77.93,36.4
61,152.31,77.93,36.4
81,152.31,77.93,36.4
96,152.32,77.93,36.41
83,152.32,77.93,36.41
72,152.32,77.93,36.41
64,152.32,77.93,36.41
126,152.32,77.93,36.41
111,152.32,77.93,36.41
131,152.32,77.93,36.42
134,152.32,77.93,36.41
119,152.32,77.93,36.42
102,152.32,77.93,36.42
85,152.32,77.93,36.42
72,152.32,77.93,36.42
64,152.32,77.93,36.42
65,152.31,77.93,36.42
61,152.31,77.93,36.43
59,152.32,77.93,36.42
59,152.32,77.93,36.42
55,152.32,77.93,36.43
610,152.31,77.93,36.4
7983,152.31,77.93,36.4
489,152.31,77.93,36.39
148,152.31,77.93,36.4
8430,152.3,77.93,36.4
15532,152.3,77.93,36.4
4431,152.31,77.93,36.4
8596,152.31,77.93,36.4
7860,152.31,77.93,36.4
4610,152.31,77.93,36.4
14121,152.31,77.93,36.4
5598,152.31,77.93,36.4
35965,152.31,77.93,36.4
1297,152.31,77.93,36.4
1726,152.31,77.93,36.4
1402,152.31,77.93,36.4
267,152.31,77.93,36.4
1452,152.31,77.93,36.4
209,152.31,77.93,36.4
100,152.31,77.93,36.4
95,152.31,77.93,36.4
82,152.31,77.93,36.4
73,152.31,77.93,36.4
3445,152.31,77.93,36.4
115,152.31,77.93,36.4
64,152.31,77.93,36.4
4864,152.3,77.93,36.4
5375,152.3,77.93,36.4
3565,152.3,77.93,36.4
4269,152.3,77.93,36.4
2842,152.31,77.93,36.4
2274,152.31,77.93,36.4
5394,152.31,77.93,36.4
4052,152.31,77.93,36.4
4590,152.31,77.93,36.4
3996,152.31,77.93,36.4
2831,152.3,77.93,36.41
3355,152.3,77.93,36.41
2397,152.3,77.93,36.41
2808,152.3,77.93,36.41
1784,152.31,77.93,36.41
1532,152.31,77.93,36.41
3697,152.31,77.93,36.41
3326,152.31,77.93,36.41
3061,152.31,77.93,36.41
2872,152.31,77.93,36.41
1053,152.31,77.93,36.41
1009,152.31,77.93,36.41
1917,152.31,77.93,36.41
689,152.31,77.93,36.41
1979,152.31,77.93,36.41
828,152.31,77.93,36.41
159,152.31,77.93,36.41
189,152.31,77.93,36.41
89,152.31,77.93,36.41
78,152.31,77.93,36.41
1101,152.31,77.93,36.4
1166,152.31,77.93,36.4
2004,152.31,77.93,36.4
580,152.31,77.93,36.4
1616,152.31,77.93,36.4
417,152.31,77.93,36.4
135,152.31,77.93,36.4
111,152.31,77.93,36.4
73,152.31,77.93,36.4
71,152.31,77.93,36.4
2071,152.3,77.93,36.41
2259,152.3,77.93,36.41
2055,152.3,77.93,36.41
2123,152.3,77.93,36.41
1232,152.31,77.93,36.41
1075,152.31,77.93,36.41
2382,152.31,77.93,36.41
2244,152.31,77.93,36.41
2064,152.31,77.93,36.41
1984,152.31,77.93,36.41
2283,152.3,77.93,36.41
2864,152.31,77.93,36.41
1748,152.31,77.93,36.41
1868,152.31,77.93,36.41
719,152.31,77.93,36.41
751,152.31,77.93,36.41
1440,152.31,77.93,36.41
1139,152.31,77.93,36.41
1448,152.31,77.93,36.41
1108,152.31,77.93,36.41
324,152.31,77.93,36.41
367,152.31,77.93,36.41
547,152.31,77.93,36.41
200,152.31,77.93,36.41
638,152.31,77.93,36.41
248,152.31,77.93,36.41
81,152.32,77.93,36.41
90,152.32,77.93,36.41
862,152.31,77.93,36.41
811,152.31,77.93,36.41
1782,152.31,77.93,36.41
967,152.31,77.93,36.41
1670,152.31,77.93,36.41
1106,152.31,77.93,36.41
231,152.31,77.93,36.41
279,152.31,77.93,36.41
101,152.31,77.93,36.41
68,152.32,77.93,36.41
124,152.31,77.93,36.41
73,152.32,77.93,36.41
2206,152.31,77.93,36.41
2025,152.31,77.93,36.41
1719,152.31,77.93,36.42
2047,152.31,77.93,36.41
791,152.31,77.93,36.41
716,152.31,77.93,36.42
1142,152.31,77.93,36.42
841,152.31,77.93,36.42
1296,152.31,77.93,36.41
927,152.31,77.93,36.41
338,152.31,77.93,36.42
350,152.31,77.93,36.41
590,152.31,77.93,36.42
314,152.31,77.93,36.42
624,152.31,77.93,36.41
328,152.31,77.93,36.41
113,152.32,77.93,36.42
114,152.32,77.93,36.41
767,152.31,77.93,36.41
834,152.31,77.93,36.41
1438,152.31,77.93,36.41
1043,152.31,77.93,36.41
1391,152.31,77.93,36.41
1062,152.31,77.93,36.41
377,152.31,77.93,36.41
362,152.31,77.93,36.41
645,152.31,77.93,36.41
288,152.31,77.93,36.41
680,152.31,77.93,36.41
324,152.31,77.93,36.41
100,152.32,77.93,36.41
109,152.32,77.93,36.41
581,152.31,77.93,36.42
500,152.31,77.93,36.42
842,152.31,77.93,36.42
660,152.31,77.93,36.42
925,152.31,77.93,36.42
1257,152.31,77.93,36.42
571,152.31,77.93,36.42
463,152.31,77.93,36.42
711,152.31,77.93,36.42
584,152.31,77.93,36.42
887,152.31,77.93,36.42
688,152.31,77.93,36.42
260,152.31,77.93,36.42
290,152.31,77.93,36.42
403,152.31,77.93,36.42
214,152.31,77.93,36.42
484,152.31,77.93,36.42
267,152.31,77.93,36.42
97,152.32,77.93,36.42
107,152.32,77.93,36.42
359,152.31,77.93,36.42
293,152.31,77.93,36.42
423,152.31,77.93,36.42
339,152.31,77.93,36.42
536,152.31,77.93,36.42
450,152.31,77.93,36.42
168,152.31,77.93,36.42
211,152.31,77.93,36.42
137,152.31,77.93,36.42
87,152.32,77.93,36.42
111,152.31,77.93,36.42
78,152.32,77.93,36.42
421,152.31,77.93,36.42
373,152.31,77.93,36.42
320,152.31,77.93,36.42
276,152.31,77.93,36.42
182,152.31,77.93,36.42
233,152.31,77.93,36.42
234,152.31,77.93,36.42
195,152.31,77.93,36.42
178,152.31,77.93,36.43
144,152.31,77.93,36.43
143,152.31,77.93,36.42
117,152.31,77.93,36.43
142,152.31,77.93,36.42
106,152.31,77.93,36.42
184,152.31,77.93,36.42
131,152.31,77.93,36.42
93,152.31,77.93,36.42
71,152.32,77.93,36.42
81,152.31,77.93,36.42
67,152.32,77.93,36.42
113,152.31,77.93,36.42
89,152.31,77.93,36.42
95,152.31,77.93,36.43
80,152.31,77.93,36.43
73,152.31,77.93,36.42
70,152.31,77.93,36.43
30990,152.29,77.93,36.41
33002,152.29,77.93,36.4
113207,152.3,77.93,36.4
38206,152.31,77.93,36.4
111172,152.3,77.93,36.39
133974,152.3,77.93,36.4
41161,152.31,77.93,36.39
10832,152.3,77.93,36.4
45003,152.3,77.93,36.4
42274,152.3,77.93,36.4
10768,152.3,77.93,36.4
17803,152.3,77.93,36.4
57422,152.3,77.93,36.4
18547,152.3,77.93,36.41
12530,152.3,77.93,36.41
15302,152.3,77.93,36.41
11256,152.3,77.93,36.41
48174,152.3,77.93,36.41
9629,152.3,77.93,36.4
9046,152.3,77.93,36.4
47538,152.3,77.93,36.4
6085,152.3,77.93,36.4
4137,152.3,77.93,36.4
7101,152.3,77.93,36.4
4931,152.3,77.93,36.4
6408,152.3,77.93,36.41
6297,152.3,77.93,36.41
3486,152.3,77.93,36.41
3696,152.3,77.93,36.41
9077,152.3,77.93,36.4
21882,152.3,77.93,36.4
3222,152.3,77.93,36.4
4567,152.3,77.93,36.4
2410,152.3,77.93,36.4
3556,152.3,77.93,36.4
2195,152.3,77.93,36.41
2555,152.3,77.93,36.41
1810,152.3,77.93,36.41
1488,152.3,77.93,36.41
11841,152.29,77.93,36.41
12361,152.3,77.93,36.41
13462,152.3,77.93,36.41
15878,152.29,77.93,36.41
18280,152.29,77.93,36.41
12859,152.3,77.93,36.41
24526,152.29,77.93,36.41
13513,152.3,77.93,36.41
20439,152.29,77.93,36.41
11033,152.29,77.93,36.41
9565,152.29,77.93,36.41
10778,152.3,77.93,36.41
9290,152.3,77.93,36.41
13414,152.29,77.93,36.41
11336,152.29,77.93,36.41
9509,152.29,77.93,36.41
8060,152.29,77.93,36.41
7845,152.3,77.93,36.41
7773,152.29,77.93,36.42
6642,152.29,77.93,36.42
6480,152.3,77.93,36.42
5388,152.29,77.93,36.42
5222,152.3,77.93,36.42
4382,152.29,77.93,36.42
4121,152.3,77.93,36.42
6358,152.29,77.93,36.42
5073,152.29,77.93,36.42
2374,152.3,77.93,36.42
3159,152.3,77.93,36.42
3030,152.29,77.93,36.42
3954,152.29,77.93,36.42
2229,152.29,77.93,36.42
1733,152.3,77.93,36.42
1632,152.29,77.93,36.42
1244,152.3,77.93,36.42
1083,152.29,77.93,36.42
8858,152.3,77.93,36.41
5581,152.3,77.93,36.41
9622,152.3,77.93,36.41
5710,152.3,77.93,36.41
10024,152.3,77.93,36.41
5694,152.3,77.93,36.41
10147,152.3,77.93,36.41
5665,152.3,77.93,36.41
3220,152.3,77.93,36.41
3199,152.3,77.93,36.41
3406,152.3,77.93,36.41
3332,152.3,77.93,36.41
7870,152.3,77.93,36.41
6858,152.3,77.93,36.41
5213,152.3,77.93,36.41
4712,152.3,77.93,36.41
5894,152.3,77.93,36.41
4146,152.3,77.93,36.41
4959,152.3,77.93,36.42
3559,152.3,77.93,36.42
1939,152.3,77.93,36.41
1920,152.3,77.93,36.41
1996,152.3,77.93,36.41
2009,152.3,77.93,36.41
1275,152.3,77.93,36.41
1226,152.3,77.93,36.41
7942,152.3,77.93,36.41
11944,152.3,77.93,36.41
8682,152.3,77.93,36.41
12781,152.3,77.93,36.41
4933,152.3,77.93,36.41
6564,152.3,77.93,36.41
2622,152.3,77.93,36.41
6498,152.3,77.93,36.41
3373,152.3,77.93,36.41
4198,152.3,77.93,36.41
3204,152.3,77.93,36.41
4001,152.3,77.93,36.41
1992,152.3,77.93,36.41
2103,152.3,77.93,36.41
2129,152.3,77.93,36.41
2373,152.3,77.93,36.41
1264,152.3,77.93,36.41
1366,152.3,77.93,36.41
6714,152.3,77.93,36.41
9919,152.3,77.93,36.41
5521,152.3,77.93,36.42
7654,152.3,77.93,36.42
5610,152.3,77.93,36.41
4535,152.3,77.93,36.42
2548,152.3,77.93,36.42
3083,152.3,77.93,36.42
2899,152.3,77.93,36.41
3574,152.3,77.93,36.41
2975,152.31,77.93,36.42
3562,152.31,77.93,36.41
4067,152.3,77.93,36.42
2943,152.3,77.93,36.42
3276,152.3,77.93,36.42
2379,152.3,77.93,36.42
2583,152.3,77.93,36.42
1881,152.3,77.93,36.42
2001,152.3,77.93,36.42
1473,152.3,77.93,36.42
1515,152.3,77.93,36.42
1134,152.3,77.93,36.42
1125,152.3,77.93,36.42
860,152.3,77.93,36.42
973,152.3,77.93,36.42
842,152.3,77.93,36.42
571,152.3,77.93,36.43
966,152.3,77.93,36.43
827,152.3,77.93,36.42
801,152.3,77.93,36.42
620,152.3,77.93,36.42
588,152.3,77.93,36.42
829,152.3,77.93,36.42
428,152.3,77.93,36.42
316,152.3,77.93,36.43
641,152.3,77.93,36.42
633,152.3,77.93,36.42
464,152.3,77.93,36.42
462,152.3,77.93,36.43
351,152.3,77.93,36.43
536,152.3,77.93,36.42
409,152.3,77.93,36.42
483,152.3,77.93,36.42
366,152.3,77.93,36.42
264,152.31,77.93,36.42
332,152.31,77.93,36.42
311,152.3,77.93,36.42
244,152.3,77.93,36.43
275,152.3,77.93,36.42
211,152.3,77.93,36.43
210,152.31,77.93,36.42
171,152.31,77.93,36.43
1456,152.3,77.93,36.42
1517,152.3,77.93,36.42
1103,152.3,77.93,36.42
1109,152.3,77.93,36.42
1361,152.3,77.93,36.42
1074,152.3,77.93,36.42
1912,152.3,77.93,36.42
2103,152.3,77.93,36.42
2823,152.3,77.93,36.42
2465,152.3,77.93,36.42
2117,152.3,77.93,36.42
1725,152.3,77.93,36.42
1852,152.3,77.93,36.42
1402,152.3,77.93,36.42
1703,152.31,77.93,36.42
1002,152.3,77.93,36.42
736,152.3,77.93,36.42
671,152.3,77.93,36.42
987,152.3,77.93,36.42
437,152.31,77.93,36.42
595,152.31,77.93,36.42
46,152.32,77.93,36.43
48,152.32,77.93,36.43
61,152.32,77.93,36.41
63,152.32,77.93,36.41
77,152.32,77.93,36.41
54,152.32,77.93,36.41
56,152.32,77.93,36.41
55,152.32,77.93,36.4
54,152.32,77.93,36.4
53,152.32,77.93,36.4
53,152.32,77.93,36.4
63,152.31,77.93,36.4
57,152.32,77.93,36.4
69,152.31,77.93,36.4
64,152.31,77.93,36.4
62,152.31,77.93,36.4
56,152.32,77.93,36.4
58,152.32,77.93,36.4
49,152.32,77.93,36.41
68,152.32,77.93,36.41
58,152.32,77.93,36.41
51,152.32,77.93,36.41
56,152.32,77.93,36.41
93,152.32,77.93,36.41
71,152.32,77.93,36.41
100,152.32,77.93,36.41
81,152.32,77.93,36.41
55,152.32,77.93,36.41
50,152.32,77.93,36.41
62,152.32,77.93,36.41
51,152.32,77.93,36.41
68,152.32,77.93,36.41
60,152.32,77.93,36.41
100,152.32,77.93,36.41
81,152.32,77.93,36.41
104,152.32,77.93,36.42
112,152.32,77.93,36.41
155,152.32,77.93,36.41
125,152.32,77.93,36.41
148,152.32,77.93,36.41
124,152.32,77.93,36.41
157,152.32,77.93,36.42
164,152.32,77.93,36.41
152,152.32,77.93,36.42
159,152.32,77.93,36.41
53,152.32,77.93,36.42
49,152.32,77.93,36.42
82,152.32,77.93,36.42
71,152.32,77.93,36.42
130,152.32,77.93,36.42
96,152.32,77.93,36.42
132,152.32,77.93,36.42
105,152.32,77.93,36.42
73,152.32,77.93,36.42
61,152.32,77.93,36.42
50,152.32,77.93,36.42
83,152.32,77.93,36.42
67,152.32,77.93,36.42
54,152.32,77.93,36.42
47,152.32,77.93,36.42
58,152.32,77.93,36.42
51,152.32,77.93,36.42
54,152.32,77.93,36.42
55,152.32,77.93,36.42
52,152.32,77.93,36.43
46,152.32,77.93,36.42
48,152.32,77.93,36.42
47,152.32,77.93,36.43
61,152.32,77.93,36.41
63,152.32,77.93,36.41
65,152.32,77.93,36.41
64,152.32,77.93,36.42
62,152.32,77.93,36.42
57,152.32,77.93,36.42
60,152.32,77.93,36.43
49,152.32,77.93,36.43
64,152.32,77.93,36.43
72,152.31,77.93,36.43
51,152.31,77.93,36.43
115,152.31,77.94,36.43
96,152.31,77.93,36.43
91,152.31,77.93,36.43
99,152.31,77.94,36.43
96,152.31,77.94,36.43
93,152.31,77.94,36.43
85,152.31,77.93,36.43
83,152.31,77.93,36.43
74,152.31,77.93,36.43
83,152.31,77.93,36.43
74,152.31,77.93,36.43
93,152.31,77.94,36.43
82,152.31,77.93,36.43
82,152.31,77.93,36.43
62,152.31,77.93,36.44
56,152.31,77.93,36.44
447,152.29,77.93,36.43
267,152.29,77.93,36.43
299,152.3,77.93,36.43
409,152.29,77.93,36.43
198,152.3,77.93,36.43
219,152.29,77.93,36.43
122,152.3,77.93,36.43
116,152.3,77.93,36.43
238,152.3,77.93,36.43
187,152.3,77.93,36.43
151,152.3,77.94,36.43
166,152.3,77.93,36.43
130,152.3,77.93,36.43
122,152.3,77.94,36.43
111,152.3,77.93,36.43
94,152.3,77.93,36.43
109,152.3,77.94,36.43
92,152.31,77.93,36.43
107,152.3,77.93,36.43
83,152.3,77.93,36.44
72,152.3,77.93,36.44
65,152.32,77.93,36.41
63,152.32,77.93,36.41
59,152.32,77.93,36.41
57,152.32,77.93,36.41
63,152.32,77.93,36.4
63,152.32,77.93,36.4
57,152.32,77.93,36.4
57,152.32,77.93,36.4
55,152.32,77.93,36.4
64,152.32,77.93,36.4
87,152.31,77.93,36.4
62,152.31,77.93,36.4
63,152.32,77.93,36.41
61,152.32,77.93,36.41
60,152.32,77.93,36.41
60,152.32,77.93,36.41
70,152.32,77.93,36.41
67,152.32,77.93,36.41
73,152.32,77.93,36.42
72,152.32,77.93,36.41
71,152.32,77.93,36.42
68,152.32,77.93,36.42
65,152.32,77.93,36.42
62,152.32,77.93,36.42
61,152.32,77.93,36.42
60,152.32,77.93,36.42
65,152.32,77.93,36.42
64,152.32,77.93,36.43
57,152.32,77.93,36.42
57,152.32,77.93,36.43
2845,152.31,77.94,36.4
139,152.31,77.93,36.4
434,152.31,77.93,36.39
2655,152.31,77.93,36.39
88,152.31,77.93,36.39
5616,152.3,77.94,36.4
2178,152.31,77.94,36.4
15672,152.3,77.94,36.4
3260,152.31,77.94,36.4
260,152.31,77.93,36.4
78,152.31,77.93,36.4
290,152.31,77.93,36.4
79,152.31,77.93,36.4
2135,152.3,77.94,36.4
1306,152.31,77.94,36.4
1168,152.3,77.94,36.41
899,152.31,77.94,36.41
314,152.31,77.93,36.41
89,152.31,77.93,36.41
95,152.31,77.93,36.41
84,152.31,77.94,36.41
84,152.31,77.94,36.41
72,152.31,77.93,36.41
71,152.31,77.93,36.41
277,152.31,77.93,36.4
85,152.31,77.93,36.4
84,152.31,77.93,36.4
84,152.31,77.94,36.4
84,152.31,77.94,36.4
72,152.31,77.93,36.4
71,152.31,77.93,36.4
843,152.3,77.94,36.41
664,152.31,77.94,36.41
930,152.3,77.94,36.41
633,152.31,77.94,36.41
345,152.31,77.93,36.41
127,152.31,77.93,36.41
69,152.32,77.93,36.41
71,152.32,77.93,36.41
338,152.31,77.93,36.41
101,152.31,77.93,36.41
115,152.31,77.93,36.41
82,152.31,77.94,36.41
84,152.31,77.94,36.41
72,152.31,77.93,36.41
68,152.32,77.93,36.41
77,152.31,77.93,36.41
68,152.32,77.93,36.41
747,152.31,77.94,36.41
718,152.31,77.94,36.42
336,152.31,77.93,36.42
155,152.31,77.93,36.42
78,152.32,77.93,36.42
78,152.32,77.93,36.41
355,152.31,77.93,36.41
150,152.31,77.93,36.41
73,152.32,77.93,36.41
76,152.32,77.93,36.41
325,152.31,77.94,36.42
511,152.31,77.94,36.42
270,152.31,77.93,36.42
139,152.31,77.93,36.42
75,152.32,77.93,36.42
77,152.32,77.93,36.42
202,152.31,77.93,36.42
112,152.31,77.93,36.42
129,152.31,77.93,36.42
94,152.31,77.94,36.42
100,152.31,77.94,36.42
95,152.31,77.93,36.42
72,152.32,77.93,36.42
86,152.31,77.93,36.42
71,152.32,77.93,36.42
215,152.31,77.94,36.42
139,152.31,77.93,36.42
167,152.31,77.93,36.42
150,152.31,77.94,36.43
118,152.31,77.93,36.42
105,152.31,77.93,36.43
132,152.31,77.94,36.42
118,152.31,77.94,36.42
111,152.31,77.93,36.42
89,152.31,77.93,36.42
131,152.31,77.93,36.42
98,152.31,77.93,36.42
89,152.31,77.94,36.42
86,152.31,77.94,36.42
80,152.31,77.93,36.42
69,152.32,77.93,36.42
76,152.31,77.93,36.42
68,152.32,77.93,36.42
108,152.31,77.94,36.42
101,152.31,77.94,36.43
98,152.31,77.93,36.42
83,152.31,77.93,36.42
90,152.31,77.93,36.43
80,152.31,77.93,36.43
84,152.31,77.94,36.42
82,152.31,77.94,36.43
74,152.31,77.93,36.42
72,152.31,77.93,36.43
23323,152.29,77.93,36.4
17732,152.29,77.93,36.41
7204,152.29,77.93,36.41
6488,152.29,77.93,36.4
22259,152.29,77.93,36.4
59562,152.3,77.93,36.4
67561,152.3,77.93,36.39
34533,152.3,77.93,36.4
100098,152.3,77.93,36.4
35398,152.3,77.94,36.39
25873,152.3,77.94,36.4
19176,152.31,77.94,36.39
103420,152.3,77.93,36.39
92736,152.3,77.93,36.39
7147,152.3,77.93,36.4
32805,152.29,77.93,36.4
9608,152.3,77.93,36.4
32137,152.29,77.93,36.4
6427,152.3,77.93,36.4
11041,152.3,77.93,36.4
5568,152.3,77.93,36.41
5383,152.3,77.93,36.4
3356,152.3,77.93,36.4
2361,152.3,77.93,36.41
5075,152.3,77.94,36.4
10107,152.3,77.94,36.4
2430,152.3,77.94,36.4
1347,152.3,77.94,36.41
9013,152.29,77.93,36.41
7864,152.29,77.93,36.41
6837,152.29,77.93,36.41
8354,152.29,77.93,36.41
7459,152.29,77.93,36.41
12120,152.29,77.93,36.41
14211,152.29,77.93,36.41
8260,152.29,77.93,36.41
7415,152.29,77.93,36.41
7347,152.29,77.93,36.41
7683,152.29,77.93,36.41
5927,152.29,77.93,36.42
7217,152.29,77.93,36.41
6285,152.29,77.93,36.41
6072,152.29,77.93,36.41
5359,152.29,77.93,36.41
10683,152.29,77.93,36.41
9514,152.29,77.93,36.41
5466,152.29,77.93,36.41
4684,152.29,77.93,36.41
4577,152.29,77.93,36.42
3989,152.29,77.93,36.42
3957,152.29,77.93,36.42
3836,152.29,77.93,36.42
3337,152.29,77.93,36.42
3077,152.29,77.93,36.42
2753,152.29,77.93,36.42
4447,152.29,77.93,36.42
2583,152.29,77.93,36.42
2410,152.29,77.93,36.42
2211,152.29,77.93,36.42
1742,152.29,77.93,36.42
2701,152.29,77.93,36.42
1561,152.29,77.93,36.42
1327,152.29,77.93,36.42
995,152.29,77.93,36.42
707,152.29,77.93,36.42
840,152.29,77.93,36.43
4630,152.3,77.93,36.41
3001,152.3,77.93,36.41
4860,152.3,77.93,36.41
3009,152.3,77.93,36.41
4922,152.3,77.93,36.41
2971,152.3,77.93,36.41
4942,152.3,77.93,36.41
2880,152.3,77.93,36.41
1892,152.3,77.93,36.41
1965,152.3,77.93,36.41
1279,152.3,77.94,36.41
1341,152.3,77.94,36.41
1959,152.3,77.93,36.41
1909,152.3,77.93,36.41
1273,152.3,77.94,36.41
1313,152.3,77.94,36.41
4299,152.3,77.93,36.41
3897,152.3,77.93,36.41
2896,152.3,77.93,36.41
2735,152.3,77.93,36.41
3470,152.3,77.93,36.41
2494,152.3,77.93,36.41
3008,152.3,77.93,36.42
2219,152.3,77.93,36.42
972,152.3,77.94,36.41
1960,152.3,77.93,36.41
1925,152.3,77.93,36.41
1359,152.3,77.94,36.41
1349,152.3,77.94,36.41
2211,152.3,77.93,36.41
3081,152.3,77.93,36.41
2193,152.3,77.93,36.41
935,152.3,77.94,36.41
1805,152.3,77.93,36.41
1644,152.3,77.93,36.42
1223,152.3,77.94,36.42
1314,152.3,77.94,36.41
1851,152.3,77.93,36.42
2620,152.3,77.93,36.42
2050,152.3,77.93,36.41
1026,152.3,77.94,36.42
1082,152.3,77.94,36.41
2549,152.3,77.93,36.42
1899,152.3,77.93,36.42
2106,152.3,77.93,36.42
1589,152.3,77.93,36.42
1716,152.3,77.93,36.42
1296,152.3,77.93,36.42
1373,152.3,77.93,36.42
1047,152.3,77.93,36.42
1082,152.3,77.93,36.42
832,152.3,77.93,36.42
844,152.3,77.93,36.42
658,152.3,77.93,36.42
553,152.3,77.93,36.43
616,152.3,77.93,36.42
587,152.3,77.93,36.42
489,152.3,77.93,36.42
453,152.3,77.93,36.42
439,152.3,77.93,36.42
348,152.3,77.93,36.42
644,152.3,77.93,36.42
519,152.3,77.93,36.42
512,152.3,77.94,36.42
421,152.3,77.94,36.42
351,152.3,77.93,36.42
278,152.3,77.93,36.43
279,152.3,77.93,36.42
229,152.3,77.93,36.43
367,152.3,77.93,36.43
296,152.3,77.94,36.42
204,152.3,77.94,36.43
997,152.3,77.93,36.42
1022,152.3,77.93,36.42
794,152.3,77.93,36.42
779,152.3,77.93,36.42
738,152.3,77.93,36.42
572,152.3,77.93,36.42
987,152.3,77.93,36.42
804,152.3,77.93,36.42
764,152.3,77.94,36.42
629,152.3,77.94,36.42
1266,152.3,77.93,36.42
1349,152.3,77.93,36.42
1540,152.3,77.93,36.42
1746,152.3,77.93,36.42
953,152.3,77.93,36.42
1178,152.3,77.93,36.42
1426,152.3,77.93,36.42
1203,152.3,77.93,36.42
924,152.3,77.94,36.42
1079,152.3,77.94,36.42
778,152.3,77.94,36.42
473,152.3,77.94,36.42
54,152.32,77.93,36.43
46,152.32,77.93,36.43
47,152.32,77.93,36.43
53,152.32,77.93,36.41
55,152.32,77.93,36.41
53,152.32,77.93,36.41
50,152.32,77.93,36.41
54,152.32,77.93,36.4
55,152.32,77.93,36.4
51,152.32,77.93,36.4
61,152.32,77.93,36.4
53,152.32,77.93,36.4
59,152.32,77.93,36.4
56,152.32,77.93,36.4
49,152.32,77.93,36.41
48,152.32,77.93,36.41
48,152.32,77.93,36.41
51,152.32,77.93,36.41
50,152.32,77.93,36.41
48,152.32,77.93,36.41
48,152.32,77.93,36.41
55,152.32,77.93,36.41
52,152.32,77.93,36.41
59,152.32,77.93,36.41
56,152.32,77.93,36.41
51,152.32,77.93,36.41
48,152.32,77.93,36.41
51,152.32,77.93,36.41
54,152.32,77.93,36.41
54,152.32,77.93,36.41
55,152.32,77.93,36.41
53,152.32,77.93,36.41
56,152.32,77.93,36.42
56,152.32,77.93,36.41
62,152.32,77.93,36.41
58,152.32,77.93,36.41
66,152.32,77.93,36.41
62,152.32,77.93,36.41
63,152.32,77.93,36.42
63,152.32,77.93,36.41
68,152.32,77.93,36.42
68,152.32,77.93,36.41
49,152.32,77.93,36.42
49,152.32,77.93,36.42
46,152.32,77.93,36.42
46,152.32,77.93,36.42
54,152.32,77.93,36.42
52,152.32,77.93,36.42
60,152.32,77.93,36.42
57,152.32,77.93,36.42
66,152.32,77.93,36.42
62,152.32,77.93,36.42
53,152.32,77.93,36.42
51,152.32,77.93,36.42
58,152.32,77.93,36.42
56,152.32,77.93,36.42
50,152.32,77.93,36.42
45,152.32,77.93,36.42
54,152.32,77.93,36.42
45,152.32,77.93,36.42
50,152.32,77.93,36.42
53,152.32,77.93,36.42
52,152.32,77.93,36.42
53,152.32,77.93,36.43
45,152.32,77.93,36.42
46,152.32,77.93,36.43
48,152.32,77.93,36.41
48,152.32,77.93,36.41
48,152.32,77.93,36.41
48,152.32,77.93,36.42
47,152.32,77.93,36.42
47,152.32,77.93,36.42
66,152.32,77.93,36.43
69,152.32,77.93,36.43
48,152.32,77.93,36.43
68,152.32,77.93,36.43
76,152.31,77.93,36.43
51,152.32,77.93,36.44
53,152.31,77.93,36.43
137,152.31,77.94,36.43
111,152.31,77.94,36.43
122,152.31,77.94,36.43
104,152.31,77.94,36.43
93,152.31,77.94,36.43
82,152.32,77.94,36.43
91,152.31,77.94,36.43
81,152.32,77.94,36.43
100,152.31,77.94,36.43
113,152.31,77.94,36.43
92,152.31,77.94,36.43
85,152.31,77.94,36.43
89,152.31,77.94,36.43
97,152.31,77.94,36.43
63,152.31,77.93,36.44
54,152.31,77.93,36.44
64,152.31,77.93,36.44
324,152.29,77.93,36.43
427,152.29,77.93,36.43
232,152.29,77.93,36.43
253,152.29,77.93,36.43
282,152.29,77.93,36.43
145,152.29,77.93,36.43
202,152.3,77.93,36.43
135,152.3,77.93,36.43
121,152.3,77.93,36.43
113,152.3,77.93,36.43
232,152.3,77.94,36.43
191,152.3,77.94,36.43
168,152.3,77.94,36.43
182,152.3,77.94,36.43
151,152.3,77.94,36.43
145,152.3,77.94,36.43
130,152.3,77.94,36.43
130,152.3,77.94,36.43
125,152.3,77.94,36.43
100,152.3,77.93,36.44
104,152.3,77.94,36.43
120,152.3,77.94,36.43
121,152.3,77.94,36.43
78,152.3,77.93,36.44
77,152.3,77.93,36.44
67,152.32,77.93,36.41
67,152.32,77.93,36.4
67,152.32,77.93,36.4
67,152.32,77.93,36.4
69,152.32,77.93,36.4
80,152.31,77.93,36.4
62,152.32,77.93,36.39
64,152.31,77.93,36.39
60,152.32,77.93,36.39
74,152.32,77.94,36.41
73,152.32,77.94,36.41
65,152.32,77.93,36.41
64,152.32,77.93,36.41
74,152.32,77.94,36.41
73,152.32,77.94,36.41
64,152.32,77.93,36.41
64,152.32,77.93,36.41
74,152.32,77.94,36.41
73,152.32,77.94,36.41
66,152.32,77.93,36.41
65,152.32,77.93,36.41
74,152.32,77.94,36.41
75,152.32,77.94,36.42
66,152.32,77.93,36.42
66,152.32,77.93,36.41
74,152.32,77.94,36.42
74,152.32,77.94,36.42
66,152.32,77.93,36.42
66,152.32,77.93,36.42
74,152.32,77.94,36.42
73,152.32,77.94,36.42
65,152.32,77.93,36.42
65,152.32,77.93,36.42
73,152.32,77.94,36.42
72,152.32,77.94,36.42
64,152.32,77.93,36.42
64,152.32,77.93,36.42
65,152.32,77.93,36.43
406,152.31,77.94,36.4
3259,152.31,77.94,36.4
119,152.31,77.94,36.4
129,152.31,77.94,36.39
1611,152.31,77.94,36.39
334,152.31,77.94,36.39
324,152.31,77.93,36.39
76,152.31,77.93,36.39
3006,152.3,77.94,36.4
5711,152.3,77.94,36.4
1515,152.31,77.94,36.4
393,152.31,77.94,36.4
2494,152.31,77.94,36.4
456,152.31,77.94,36.4
119,152.31,77.94,36.4
92,152.32,77.94,36.4
122,152.31,77.94,36.4
92,152.32,77.94,36.4
1476,152.3,77.94,36.4
824,152.3,77.94,36.41
863,152.31,77.94,36.4
316,152.31,77.94,36.4
547,152.31,77.94,36.41
271,152.31,77.94,36.41
118,152.31,77.94,36.41
90,152.32,77.94,36.41
118,152.31,77.94,36.4
90,152.32,77.94,36.4
576,152.3,77.94,36.41
516,152.3,77.94,36.41
413,152.31,77.94,36.41
246,152.31,77.94,36.41
401,152.31,77.94,36.41
242,152.31,77.94,36.41
136,152.31,77.94,36.41
90,152.32,77.94,36.41
120,152.31,77.94,36.41
89,152.32,77.94,36.41
437,152.31,77.94,36.41
260,152.31,77.94,36.41
431,152.31,77.94,36.42
259,152.31,77.94,36.42
147,152.31,77.94,36.42
92,152.32,77.94,36.42
145,152.31,77.94,36.41
91,152.32,77.94,36.41
269,152.31,77.94,36.42
183,152.31,77.94,36.42
358,152.31,77.94,36.42
224,152.31,77.94,36.42
137,152.31,77.94,36.42
91,152.32,77.94,36.42
120,152.31,77.94,36.42
88,152.32,77.94,36.42
204,152.31,77.94,36.42
148,152.31,77.94,36.42
162,152.31,77.94,36.43
125,152.31,77.94,36.43
107,152.31,77.94,36.42
85,152.32,77.94,36.42
98,152.31,77.94,36.43
83,152.32,77.94,36.43
4913,152.29,77.93,36.4
16985,152.29,77.93,36.4
19101,152.29,77.93,36.4
11821,152.29,77.93,36.4
10603,152.29,77.93,36.41
3460,152.29,77.93,36.41
3954,152.29,77.93,36.4
15787,152.29,77.93,36.4
30599,152.3,77.93,36.4
16840,152.3,77.93,36.4
38048,152.3,77.93,36.4
31297,152.3,77.93,36.39
20763,152.3,77.94,36.39
46443,152.3,77.93,36.39
17636,152.3,77.94,36.4
9365,152.3,77.94,36.4
21040,152.3,77.94,36.39
12577,152.3,77.94,36.39
24695,152.3,77.94,36.39
73701,152.3,77.93,36.39
4707,152.29,77.93,36.4
6537,152.3,77.93,36.4
26676,152.29,77.93,36.4
3820,152.3,77.94,36.4
6246,152.3,77.94,36.4
2328,152.29,77.93,36.41
3049,152.29,77.93,36.4
2260,152.3,77.94,36.4
1477,152.3,77.94,36.41
2885,152.3,77.94,36.4
4766,152.3,77.94,36.4
1690,152.3,77.94,36.4
1037,152.3,77.94,36.41
3755,152.29,77.93,36.41
6772,152.29,77.93,36.41
3569,152.29,77.93,36.41
8653,152.29,77.93,36.41
3570,152.29,77.93,36.41
3450,152.29,77.93,36.41
5258,152.29,77.93,36.41
2802,152.29,77.93,36.42
3979,152.29,77.93,36.42
3157,152.29,77.93,36.41
2533,152.29,77.93,36.42
2096,152.29,77.93,36.42
2886,152.29,77.93,36.42
1911,152.29,77.93,36.42
1505,152.29,77.93,36.42
1966,152.29,77.93,36.42
1312,152.29,77.93,36.42
805,152.29,77.93,36.42
1261,152.29,77.93,36.42
837,152.29,77.93,36.42
515,152.29,77.93,36.42
716,152.29,77.93,36.43
1863,152.29,77.93,36.41
1951,152.29,77.93,36.41
1094,152.3,77.94,36.41
982,152.3,77.94,36.41
1747,152.29,77.93,36.41
1523,152.29,77.93,36.42
727,152.3,77.94,36.41
959,152.3,77.94,36.41
613,152.3,77.94,36.41
1087,152.3,77.94,36.41
895,152.3,77.94,36.42
1044,152.3,77.94,36.42
524,152.3,77.94,36.42
536,152.3,77.94,36.41
1209,152.29,77.93,36.42
882,152.29,77.93,36.42
612,152.29,77.93,36.42
416,152.29,77.93,36.43
422,152.3,77.94,36.42
371,152.3,77.94,36.42
309,152.3,77.94,36.43
259,152.3,77.94,36.43
263,152.3,77.94,36.42
205,152.3,77.94,36.43
575,152.3,77.94,36.42
546,152.3,77.94,36.42
752,152.3,77.94,36.42
788,152.3,77.94,36.42
449,152.3,77.94,36.42
348,152.3,77.94,36.42
56,152.32,77.93,36.43
45,152.32,77.93,36.43
49,152.32,77.93,36.43
46,152.32,77.93,36.43
55,152.32,77.93,36.41
50,152.32,77.93,36.41
56,152.32,77.93,36.4
51,152.32,77.93,36.4
48,152.32,77.93,36.41
58,152.32,77.93,36.4
52,152.32,77.93,36.4
58,152.32,77.93,36.4
55,152.32,77.93,36.4
52,152.32,77.93,36.4
50,152.32,77.93,36.41
50,152.32,77.93,36.41
48,152.32,77.93,36.41
49,152.32,77.93,36.41
49,152.32,77.93,36.41
47,152.32,77.93,36.41
52,152.32,77.93,36.41
52,152.32,77.93,36.41
57,152.32,77.93,36.41
57,152.32,77.93,36.41
52,152.32,77.93,36.41
52,152.32,77.93,36.41
57,152.32,77.93,36.41
57,152.32,77.93,36.41
49,152.32,77.93,36.41
49,152.32,77.93,36.41
49,152.32,77.93,36.42
49,152.32,77.93,36.41
53,152.32,77.93,36.41
52,152.32,77.93,36.41
58,152.32,77.93,36.41
57,152.32,77.93,36.41
53,152.32,77.93,36.42
53,152.32,77.93,36.41
59,152.32,77.93,36.42
58,152.32,77.93,36.41
48,152.32,77.93,36.42
49,152.32,77.93,36.42
44,152.32,77.93,36.42
49,152.32,77.93,36.42
49,152.32,77.93,36.42
52,152.32,77.93,36.42
52,152.32,77.93,36.42
58,152.32,77.93,36.42
58,152.32,77.93,36.42
52,152.32,77.93,36.42
51,152.32,77.93,36.42
57,152.32,77.93,36.42
57,152.32,77.93,36.42
49,152.32,77.93,36.42
51,152.32,77.93,36.42
51,152.32,77.93,36.42
44,152.32,77.93,36.42
57,152.32,77.93,36.42
56,152.32,77.93,36.42
54,152.32,77.93,36.43
44,152.32,77.93,36.42
45,152.32,77.93,36.43
46,152.32,77.93,36.41
45,152.32,77.93,36.42
45,152.32,77.93,36.42
73,152.32,77.94,36.43
82,152.32,77.94,36.43
73,152.32,77.94,36.43
47,152.32,77.93,36.43
74,152.32,77.94,36.43
78,152.32,77.94,36.43
83,152.32,77.94,36.43
80,152.31,77.94,36.43
53,152.32,77.93,36.44
155,152.3,77.94,36.43
141,152.3,77.94,36.43
131,152.3,77.94,36.43
132,152.31,77.94,36.43
113,152.31,77.94,36.43
123,152.31,77.94,36.43
108,152.31,77.94,36.43
99,152.31,77.94,36.43
89,152.32,77.94,36.43
97,152.31,77.94,36.43
88,152.32,77.94,36.43
117,152.31,77.94,36.43
105,152.31,77.94,36.43
95,152.31,77.94,36.43
124,152.3,77.94,36.43
108,152.31,77.94,36.43
68,152.31,77.93,36.44
112,152.31,77.94,36.43
97,152.31,77.94,36.44
102,152.31,77.94,36.43
89,152.31,77.94,36.43
57,152.31,77.93,36.44
94,152.31,77.94,36.43
71,152.31,77.93,36.44
101,152.31,77.94,36.44
61,152.31,77.93,36.44
73,152.31,77.93,36.45
306,152.29,77.94,36.43
418,152.29,77.93,36.43
293,152.29,77.93,36.43
230,152.29,77.94,36.43
249,152.29,77.93,36.43
177,152.29,77.93,36.43
266,152.29,77.94,36.43
164,152.3,77.94,36.43
149,152.29,77.93,36.43
212,152.29,77.94,36.43
153,152.3,77.94,36.43
148,152.3,77.94,36.43
122,152.29,77.93,36.43
230,152.3,77.94,36.43
201,152.3,77.94,36.43
180,152.3,77.94,36.43
195,152.3,77.94,36.43
170,152.3,77.94,36.43
161,152.3,77.94,36.43
150,152.3,77.94,36.43
147,152.3,77.94,36.43
138,152.3,77.94,36.43
99,152.3,77.93,36.44
93,152.3,77.93,36.44
137,152.3,77.94,36.43
137,152.3,77.94,36.43
116,152.3,77.94,36.44
85,152.3,77.93,36.44
116,152.3,77.94,36.44
85,152.3,77.93,36.44
86,152.3,77.93,36.45
78,152.32,77.94,36.41
78,152.32,77.94,36.4
77,152.32,77.94,36.4
92,152.32,77.94,36.4
72,152.32,77.94,36.4
77,152.32,77.94,36.4
76,152.32,77.94,36.39
91,152.32,77.94,36.39
85,152.31,77.94,36.39
62,152.32,77.93,36.39
59,152.32,77.93,36.39
77,152.32,77.94,36.41
78,152.32,77.94,36.41
77,152.32,77.94,36.41
77,152.32,77.94,36.42
76,152.32,77.94,36.42
75,152.32,77.94,36.42
74,152.32,77.94,36.42
74,152.32,77.94,36.43
497,152.31,77.93,36.38
78,152.31,77.93,36.39
378,152.31,77.93,36.38
2513,152.3,77.94,36.4
746,152.31,77.94,36.4
208,152.31,77.94,36.4
133,152.31,77.94,36.4
3016,152.3,77.94,36.39
3381,152.31,77.94,36.39
3947,152.31,77.93,36.39
825,152.31,77.94,36.39
338,152.31,77.94,36.39
214,152.31,77.94,36.39
124,152.31,77.94,36.39
77,152.31,77.93,36.39
131,152.31,77.94,36.39
1757,152.3,77.94,36.4
1212,152.3,77.94,36.4
2735,152.3,77.94,36.4
1851,152.3,77.94,36.4
503,152.31,77.94,36.4
193,152.31,77.94,36.4
640,152.31,77.94,36.4
204,152.31,77.94,36.4
130,152.31,77.94,36.4
106,152.32,77.94,36.4
132,152.31,77.94,36.4
107,152.32,77.94,36.4
1095,152.3,77.94,36.4
760,152.3,77.94,36.4
712,152.3,77.94,36.41
508,152.3,77.94,36.41
382,152.31,77.94,36.4
177,152.31,77.94,36.4
303,152.31,77.94,36.41
166,152.31,77.94,36.41
123,152.31,77.94,36.41
104,152.32,77.94,36.41
126,152.31,77.94,36.4
105,152.32,77.94,36.4
517,152.3,77.94,36.41
386,152.3,77.94,36.41
429,152.3,77.94,36.41
341,152.3,77.94,36.41
259,152.31,77.94,36.41
160,152.31,77.94,36.41
243,152.31,77.94,36.41
161,152.31,77.94,36.41
119,152.31,77.94,36.41
101,152.32,77.94,36.41
120,152.31,77.94,36.41
102,152.32,77.94,36.41
331,152.3,77.94,36.41
318,152.3,77.94,36.42
245,152.31,77.94,36.41
165,152.31,77.94,36.41
240,152.31,77.94,36.42
164,152.31,77.94,36.42
117,152.31,77.94,36.42
98,152.32,77.94,36.42
118,152.31,77.94,36.41
100,152.32,77.94,36.41
244,152.3,77.94,36.42
287,152.3,77.94,36.42
205,152.3,77.94,36.42
176,152.3,77.94,36.43
190,152.31,77.94,36.42
141,152.31,77.94,36.42
218,152.31,77.94,36.42
154,152.31,77.94,36.42
114,152.31,77.94,36.42
96,152.32,77.94,36.42
110,152.31,77.94,36.42
94,152.32,77.94,36.42
164,152.31,77.94,36.42
129,152.31,77.94,36.42
145,152.31,77.94,36.43
119,152.31,77.94,36.43
106,152.31,77.94,36.42
92,152.32,77.94,36.42
102,152.31,77.94,36.43
91,152.32,77.94,36.43
48580,152.3,77.93,36.38
19703,152.3,77.94,36.38
20120,152.29,77.93,36.4
3462,152.29,77.94,36.4
13761,152.29,77.93,36.4
14404,152.29,77.93,36.4
4313,152.29,77.94,36.4
11409,152.29,77.93,36.4
10294,152.29,77.93,36.4
2827,152.29,77.93,36.4
8714,152.29,77.93,36.4
6942,152.29,77.93,36.41
2430,152.29,77.93,36.41
2061,152.29,77.93,36.41
2669,152.29,77.93,36.4
8458,152.3,77.94,36.4
25186,152.29,77.93,36.4
36294,152.3,77.93,36.39
9467,152.3,77.94,36.4
9931,152.3,77.94,36.39
26386,152.29,77.93,36.39
11985,152.3,77.94,36.39
44656,152.3,77.93,36.39
7500,152.3,77.94,36.4
4050,152.3,77.94,36.4
10532,152.3,77.94,36.39
5673,152.3,77.94,36.39
17305,152.3,77.94,36.39
72634,152.3,77.93,36.39
2973,152.29,77.94,36.4
4278,152.29,77.94,36.4
2372,152.3,77.94,36.4
3500,152.3,77.94,36.4
1462,152.29,77.94,36.41
2015,152.29,77.94,36.4
1590,152.3,77.94,36.4
1101,152.3,77.94,36.41
1750,152.3,77.94,36.4
2542,152.3,77.94,36.4
1191,152.3,77.94,36.4
831,152.3,77.94,36.41
4850,152.29,77.93,36.41
2172,152.29,77.93,36.41
1729,152.29,77.93,36.41
5773,152.29,77.93,36.41
2224,152.29,77.93,36.41
1883,152.29,77.93,36.41
3787,152.29,77.93,36.41
1974,152.29,77.93,36.41
2864,152.29,77.93,36.42
1667,152.29,77.93,36.42
1542,152.29,77.93,36.41
1332,152.29,77.93,36.42
2174,152.29,77.93,36.42
1331,152.29,77.93,36.42
1082,152.29,77.93,36.42
1537,152.29,77.93,36.42
984,152.29,77.93,36.42
834,152.29,77.93,36.42
505,152.29,77.93,36.42
667,152.29,77.93,36.43
1041,152.29,77.93,36.42
678,152.29,77.93,36.42
611,152.29,77.93,36.42
431,152.29,77.93,36.43
1035,152.29,77.94,36.41
1169,152.29,77.94,36.41
829,152.3,77.94,36.41
695,152.3,77.94,36.41
955,152.29,77.94,36.41
858,152.29,77.94,36.42
620,152.3,77.94,36.41
629,152.3,77.94,36.41
508,152.3,77.94,36.41
594,152.3,77.94,36.41
575,152.3,77.94,36.42
566,152.3,77.94,36.42
373,152.3,77.94,36.42
397,152.3,77.94,36.41
730,152.29,77.94,36.42
585,152.29,77.94,36.42
452,152.29,77.94,36.42
345,152.29,77.94,36.43
345,152.3,77.94,36.42
311,152.3,77.94,36.42
280,152.3,77.94,36.43
246,152.3,77.94,36.43
244,152.3,77.94,36.42
208,152.3,77.94,36.43
424,152.3,77.94,36.42
397,152.3,77.94,36.42
505,152.3,77.94,36.42
491,152.3,77.94,36.42
335,152.3,77.94,36.42
289,152.3,77.94,36.42
44,152.32,77.93,36.43
61,152.32,77.93,36.43
66,152.32,77.93,36.43
49,152.32,77.93,36.43
46,152.32,77.93,36.43
45,152.32,77.93,36.43
52,152.32,77.93,36.41
59,152.32,77.93,36.41
50,152.32,77.93,36.4
60,152.32,77.93,36.4
48,152.32,77.93,36.4
48,152.32,77.93,36.41
61,152.32,77.93,36.4
51,152.32,77.93,36.4
63,152.32,77.93,36.4
56,152.32,77.93,36.4
51,152.32,77.93,36.4
51,152.32,77.93,36.41
47,152.32,77.93,36.41
51,152.32,77.93,36.41
46,152.32,77.93,36.41
59,152.32,77.93,36.41
59,152.32,77.93,36.41
50,152.32,77.93,36.41
50,152.32,77.93,36.42
59,152.32,77.93,36.41
59,152.32,77.93,36.42
50,152.32,77.93,36.42
44,152.32,77.93,36.42
50,152.32,77.93,36.42
59,152.32,77.93,36.42
59,152.32,77.93,36.42
51,152.32,77.93,36.42
58,152.32,77.93,36.42
59,152.32,77.93,36.43
44,152.32,77.93,36.42
44,152.32,77.93,36.43
44,152.32,77.93,36.43
45,152.32,77.93,36.41
44,152.32,77.93,36.42
44,152.32,77.93,36.42
80,152.32,77.94,36.43
87,152.32,77.94,36.43
80,152.32,77.94,36.43
77,152.32,77.94,36.43
87,152.32,77.94,36.43
80,152.32,77.94,36.43
87,152.32,77.94,36.44
51,152.32,77.93,36.44
53,152.32,77.93,36.44
62,152.31,77.93,36.45
167,152.3,77.94,36.43
148,152.31,77.94,36.43
154,152.3,77.94,36.43
138,152.31,77.94,36.43
144,152.3,77.94,36.43
131,152.31,77.94,36.43
125,152.31,77.94,36.43
130,152.31,77.94,36.43
115,152.31,77.94,36.43
124,152.31,77.94,36.43
111,152.31,77.94,36.43
104,152.32,77.94,36.43
94,152.32,77.94,36.43
101,152.32,77.94,36.43
92,152.32,77.94,36.43
119,152.31,77.94,36.43
108,152.31,77.94,36.43
105,152.31,77.94,36.43
99,152.32,77.94,36.43
136,152.3,77.94,36.43
112,152.31,77.94,36.44
114,152.31,77.94,36.43
97,152.32,77.94,36.43
97,152.31,77.94,36.44
110,152.31,77.94,36.44
64,152.31,77.93,36.45
98,152.31,77.94,36.44
56,152.32,77.93,36.44
111,152.31,77.94,36.45
78,152.3,77.93,36.45
67,152.31,77.93,36.45
311,152.29,77.94,36.43
291,152.29,77.94,36.43
257,152.29,77.94,36.43
408,152.29,77.93,36.43
282,152.29,77.93,36.43
234,152.29,77.94,36.43
194,152.29,77.94,36.43
171,152.29,77.93,36.43
130,152.29,77.93,36.44
252,152.29,77.94,36.43
215,152.29,77.94,36.43
178,152.29,77.94,36.43
170,152.3,77.94,36.43
158,152.29,77.94,36.43
154,152.3,77.94,36.43
128,152.29,77.93,36.44
223,152.29,77.94,36.43
198,152.29,77.94,36.43
205,152.3,77.94,36.43
186,152.3,77.94,36.43
181,152.3,77.94,36.43
170,152.3,77.94,36.43
164,152.3,77.94,36.43
151,152.3,77.94,36.43
157,152.3,77.94,36.43
148,152.3,77.94,36.43
141,152.3,77.94,36.44
111,152.29,77.93,36.44
134,152.3,77.94,36.44
103,152.29,77.93,36.44
132,152.3,77.94,36.44
125,152.3,77.94,36.44
99,152.29,77.94,36.45
122,152.3,77.94,36.45
91,152.3,77.94,36.45
62,152.32,77.93,36.39
89,152.32,77.94,36.41
90,152.32,77.94,36.4
90,152.32,77.94,36.4
58,152.32,77.93,36.39
107,152.32,77.94,36.4
79,152.32,77.94,36.4
89,152.32,77.94,36.4
107,152.32,77.94,36.39
98,152.32,77.94,36.39
83,152.32,77.94,36.39
61,152.32,77.93,36.39
88,152.32,77.94,36.41
89,152.32,77.94,36.41
87,152.32,77.94,36.41
86,152.32,77.94,36.42
85,152.32,77.94,36.42
84,152.32,77.94,36.42
82,152.32,77.94,36.42
81,152.32,77.94,36.43
3672,152.3,77.93,36.38
568,152.31,77.94,36.39
112,152.31,77.93,36.38
192,152.31,77.94,36.39
70,152.32,77.93,36.38
1699,152.3,77.94,36.38
530,152.31,77.94,36.38
110,152.31,77.94,36.38
1694,152.3,77.94,36.4
870,152.31,77.94,36.4
1008,152.31,77.94,36.39
353,152.31,77.94,36.4
193,152.31,77.94,36.4
194,152.31,77.94,36.39
147,152.32,77.94,36.4
2078,152.3,77.94,36.39
1538,152.31,77.94,36.39
395,152.31,77.94,36.39
148,152.32,77.94,36.39
171,152.31,77.94,36.39
1149,152.3,77.94,36.4
1570,152.3,77.94,36.4
937,152.3,77.94,36.4
562,152.31,77.94,36.4
1292,152.3,77.94,36.4
717,152.31,77.94,36.4
286,152.31,77.94,36.4
180,152.31,77.94,36.4
320,152.31,77.94,36.4
187,152.31,77.94,36.4
141,152.32,77.94,36.4
118,152.32,77.94,36.4
144,152.32,77.94,36.4
119,152.32,77.94,36.4
615,152.3,77.94,36.41
830,152.3,77.94,36.4
668,152.3,77.94,36.4
434,152.31,77.94,36.4
492,152.3,77.94,36.41
346,152.31,77.94,36.41
252,152.31,77.94,36.4
171,152.31,77.94,36.4
225,152.31,77.94,36.41
163,152.31,77.94,36.41
133,152.32,77.94,36.41
114,152.32,77.94,36.41
137,152.32,77.94,36.4
116,152.32,77.94,36.4
399,152.3,77.94,36.41
479,152.3,77.94,36.41
388,152.3,77.94,36.41
291,152.31,77.94,36.41
331,152.3,77.94,36.41
261,152.31,77.94,36.41
207,152.31,77.94,36.41
157,152.31,77.94,36.41
196,152.31,77.94,36.41
152,152.31,77.94,36.41
126,152.32,77.94,36.41
110,152.32,77.94,36.41
130,152.32,77.94,36.41
112,152.32,77.94,36.41
300,152.3,77.94,36.41
245,152.31,77.94,36.41
278,152.3,77.94,36.42
232,152.31,77.94,36.42
191,152.31,77.94,36.41
149,152.31,77.94,36.41
184,152.31,77.94,36.42
144,152.31,77.94,36.42
120,152.32,77.94,36.42
105,152.32,77.94,36.42
123,152.32,77.94,36.41
107,152.32,77.94,36.41
229,152.3,77.94,36.42
196,152.31,77.94,36.42
255,152.3,77.94,36.42
215,152.31,77.94,36.42
205,152.3,77.94,36.42
177,152.31,77.94,36.42
184,152.3,77.94,36.43
161,152.31,77.94,36.43
161,152.31,77.94,36.42
132,152.31,77.94,36.42
174,152.31,77.94,36.42
139,152.31,77.94,36.42
117,152.32,77.94,36.42
103,152.32,77.94,36.42
113,152.32,77.94,36.42
100,152.32,77.94,36.42
148,152.31,77.94,36.42
126,152.31,77.94,36.42
138,152.31,77.94,36.43
120,152.31,77.94,36.43
110,152.32,77.94,36.42
98,152.32,77.94,36.42
106,152.32,77.94,36.43
96,152.32,77.94,36.43
39861,152.29,77.93,36.39
60466,152.3,77.93,36.38
6165,152.3,77.94,36.39
38600,152.3,77.94,36.38
1418,152.3,77.94,36.38
44443,152.29,77.94,36.38
4795,152.29,77.94,36.4
13455,152.29,77.93,36.39
15707,152.29,77.93,36.39
5525,152.29,77.93,36.4
4893,152.29,77.93,36.41
2526,152.29,77.94,36.4
2428,152.29,77.94,36.4
2862,152.29,77.94,36.4
3128,152.29,77.94,36.4
9092,152.29,77.93,36.4
7671,152.29,77.93,36.4
2101,152.29,77.94,36.4
6913,152.29,77.93,36.4
1735,152.29,77.94,36.41
1403,152.29,77.94,36.41
1819,152.29,77.94,36.4
5623,152.29,77.94,36.4
4999,152.3,77.94,36.4
6858,152.29,77.94,36.39
6594,152.3,77.94,36.39
19691,152.29,77.93,36.39
8170,152.3,77.94,36.39
27926,152.29,77.93,36.39
3643,152.3,77.94,36.4
4919,152.3,77.94,36.39
2062,152.3,77.94,36.4
2453,152.3,77.94,36.39
7526,152.3,77.94,36.39
1945,152.29,77.94,36.4
2659,152.29,77.94,36.4
1533,152.29,77.94,36.4
2084,152.29,77.94,36.4
1081,152.29,77.94,36.41
1429,152.29,77.94,36.4
1131,152.29,77.94,36.4
851,152.29,77.94,36.41
1167,152.3,77.94,36.4
1551,152.3,77.94,36.4
878,152.3,77.94,36.4
676,152.3,77.94,36.41
4208,152.29,77.93,36.41
3562,152.28,77.93,36.41
1386,152.29,77.94,36.41
1026,152.29,77.94,36.41
1520,152.29,77.94,36.41
1170,152.29,77.94,36.41
2840,152.28,77.93,36.41
2213,152.28,77.93,36.42
1241,152.29,77.94,36.41
1074,152.29,77.94,36.42
917,152.29,77.94,36.41
810,152.29,77.94,36.42
1717,152.28,77.93,36.42
1261,152.29,77.93,36.42
893,152.29,77.94,36.42
693,152.29,77.94,36.42
705,152.29,77.94,36.42
573,152.29,77.94,36.42
885,152.29,77.93,36.42
641,152.29,77.93,36.42
413,152.29,77.94,36.43
590,152.29,77.93,36.43
541,152.29,77.94,36.42
461,152.29,77.94,36.42
366,152.29,77.94,36.43
733,152.29,77.94,36.41
863,152.29,77.94,36.41
670,152.29,77.94,36.41
556,152.29,77.94,36.41
648,152.29,77.94,36.41
580,152.29,77.94,36.42
539,152.3,77.94,36.41
484,152.29,77.94,36.41
433,152.29,77.94,36.42
448,152.3,77.94,36.41
451,152.3,77.94,36.41
413,152.3,77.94,36.42
319,152.3,77.94,36.42
351,152.3,77.94,36.41
508,152.29,77.94,36.42
434,152.29,77.94,36.42
362,152.29,77.94,36.42
302,152.29,77.94,36.43
294,152.29,77.94,36.42
255,152.29,77.94,36.43
275,152.3,77.94,36.42
236,152.3,77.94,36.43
231,152.3,77.94,36.42
206,152.3,77.94,36.43
339,152.29,77.94,36.42
385,152.29,77.94,36.42
322,152.3,77.94,36.42
369,152.3,77.94,36.42
289,152.3,77.94,36.42
259,152.3,77.94,36.42
61,152.32,77.93,36.43
67,152.32,77.94,36.43
69,152.32,77.94,36.43
71,152.32,77.94,36.43
47,152.32,77.93,36.43
44,152.32,77.93,36.43
46,152.32,77.93,36.43
55,152.32,77.93,36.41
56,152.32,77.93,36.4
67,152.32,77.94,36.41
66,152.32,77.94,36.4
48,152.33,77.93,36.4
47,152.33,77.93,36.41
50,152.33,77.93,36.4
67,152.32,77.94,36.4
69,152.32,77.94,36.4
50,152.33,77.93,36.4
53,152.32,77.93,36.39
52,152.32,77.93,36.4
55,152.32,77.93,36.41
46,152.33,77.93,36.41
54,152.32,77.93,36.41
45,152.33,77.93,36.41
68,152.32,77.94,36.41
68,152.32,77.94,36.41
54,152.32,77.93,36.41
54,152.32,77.93,36.42
68,152.32,77.94,36.41
67,152.32,77.94,36.42
54,152.32,77.93,36.42
43,152.33,77.93,36.42
54,152.32,77.93,36.42
67,152.32,77.94,36.42
67,152.32,77.94,36.42
54,152.32,77.93,36.42
57,152.32,77.93,36.43
65,152.32,77.94,36.42
66,152.32,77.94,36.43
43,152.33,77.93,36.42
43,152.33,77.93,36.43
43,152.33,77.93,36.43
43,152.33,77.93,36.43
48,152.33,77.93,36.4
44,152.33,77.93,36.41
43,152.33,77.93,36.42
43,152.33,77.93,36.42
86,152.32,77.94,36.43
85,152.32,77.94,36.43
91,152.32,77.94,36.43
89,152.32,77.94,36.43
81,152.32,77.94,36.43
81,152.32,77.94,36.43
87,152.32,77.94,36.44
47,152.32,77.93,36.44
91,152.32,77.94,36.44
50,152.32,77.93,36.44
101,152.31,77.94,36.45
58,152.32,77.94,36.45
174,152.3,77.94,36.43
162,152.3,77.94,36.43
165,152.3,77.94,36.43
155,152.3,77.94,36.43
158,152.3,77.94,36.43
143,152.31,77.94,36.43
148,152.3,77.94,36.43
135,152.31,77.94,36.43
152,152.3,77.94,36.43
143,152.3,77.94,36.43
146,152.3,77.94,36.43
139,152.3,77.94,36.43
140,152.3,77.94,36.43
129,152.31,77.94,36.43
133,152.3,77.94,36.43
124,152.31,77.94,36.43
137,152.31,77.94,36.43
130,152.31,77.94,36.43
128,152.31,77.94,36.43
116,152.31,77.94,36.43
123,152.31,77.94,36.43
112,152.31,77.94,36.43
114,152.32,77.94,36.43
110,152.32,77.94,36.43
105,152.32,77.94,36.43
97,152.32,77.94,36.43
103,152.32,77.94,36.43
95,152.32,77.94,36.43
125,152.31,77.94,36.43
121,152.31,77.94,36.43
118,152.31,77.94,36.43
109,152.31,77.94,36.43
114,152.31,77.94,36.43
106,152.31,77.94,36.43
107,152.32,77.94,36.43
105,152.32,77.94,36.43
100,152.32,77.94,36.43
98,152.32,77.94,36.43
128,152.3,77.94,36.44
119,152.3,77.94,36.44
112,152.31,77.94,36.44
97,152.32,77.94,36.44
105,152.31,77.94,36.44
94,152.32,77.94,36.44
101,152.31,77.94,36.45
112,152.3,77.94,36.45
77,152.3,77.94,36.45
70,152.31,77.94,36.45
67,152.31,77.94,36.45
58,152.32,77.94,36.45
223,152.28,77.93,36.43
343,152.28,77.93,36.43
296,152.29,77.94,36.43
270,152.29,77.94,36.43
247,152.29,77.94,36.43
232,152.29,77.94,36.43
313,152.28,77.93,36.43
194,152.29,77.94,36.43
186,152.28,77.93,36.43
166,152.29,77.94,36.44
140,152.28,77.93,36.44
122,152.29,77.94,36.44
238,152.29,77.94,36.43
213,152.29,77.94,36.43
216,152.29,77.94,36.43
198,152.29,77.94,36.43
178,152.29,77.94,36.43
189,152.3,77.94,36.43
163,152.3,77.94,36.43
153,152.29,77.94,36.44
139,152.29,77.94,36.44
110,152.29,77.93,36.44
145,152.3,77.94,36.44
132,152.3,77.94,36.44
113,152.29,77.94,36.45
133,152.29,77.94,36.45
106,152.29,77.94,36.45
123,152.3,77.94,36.45
94,152.29,77.94,36.45
89,152.3,77.94,36.45
102,152.29,77.94,36.45
128,152.32,77.94,36.39
70,152.32,77.94,36.38
59,152.32,77.93,36.38
99,152.32,77.94,36.41
100,152.32,77.94,36.4
101,152.32,77.94,36.4
118,152.32,77.94,36.4
117,152.32,77.94,36.39
89,152.32,77.94,36.4
90,152.32,77.94,36.39
101,152.32,77.94,36.4
111,152.32,77.94,36.39
57,152.32,77.93,36.39
97,152.32,77.94,36.41
98,152.32,77.94,36.41
95,152.32,77.94,36.41
93,152.32,77.94,36.42
92,152.32,77.94,36.42
90,152.32,77.94,36.42
88,152.32,77.94,36.42
87,152.32,77.94,36.43
1292,152.3,77.94,36.38
336,152.31,77.94,36.38
181,152.32,77.94,36.39
733,152.3,77.94,36.38
741,152.3,77.94,36.38
100,152.31,77.94,36.38
343,152.31,77.94,36.38
82,152.31,77.94,36.38
150,152.31,77.94,36.37
1217,152.3,77.94,36.4
1487,152.3,77.94,36.39
767,152.3,77.94,36.4
844,152.3,77.94,36.39
810,152.3,77.94,36.4
460,152.31,77.94,36.4
894,152.3,77.94,36.39
508,152.31,77.94,36.39
328,152.31,77.94,36.4
342,152.31,77.94,36.39
264,152.31,77.94,36.4
191,152.31,77.94,36.4
268,152.31,77.94,36.39
194,152.31,77.94,36.39
184,152.32,77.94,36.4
188,152.32,77.94,36.39
153,152.32,77.94,36.4
154,152.32,77.94,36.39
1518,152.3,77.94,36.39
396,152.31,77.94,36.39
173,152.32,77.94,36.39
885,152.3,77.94,36.4
765,152.3,77.94,36.4
1137,152.3,77.94,36.4
971,152.3,77.94,36.4
664,152.3,77.94,36.4
555,152.3,77.94,36.4
559,152.3,77.94,36.4
359,152.31,77.94,36.4
683,152.3,77.94,36.4
409,152.31,77.94,36.4
307,152.31,77.94,36.4
281,152.31,77.94,36.4
234,152.31,77.94,36.4
178,152.31,77.94,36.4
251,152.31,77.94,36.4
185,152.31,77.94,36.4
178,152.32,77.94,36.4
171,152.32,77.94,36.4
146,152.32,77.94,36.4
125,152.32,77.94,36.4
150,152.32,77.94,36.4
126,152.32,77.94,36.4
553,152.3,77.94,36.41
475,152.3,77.94,36.41
692,152.3,77.94,36.4
595,152.3,77.94,36.4
463,152.3,77.94,36.4
388,152.3,77.94,36.41
451,152.3,77.94,36.4
311,152.31,77.94,36.4
371,152.3,77.94,36.41
273,152.31,77.94,36.41
258,152.31,77.94,36.4
236,152.31,77.94,36.41
218,152.31,77.94,36.4
171,152.31,77.94,36.4
203,152.31,77.94,36.41
164,152.31,77.94,36.41
165,152.32,77.94,36.4
159,152.32,77.94,36.41
138,152.32,77.94,36.41
120,152.32,77.94,36.41
142,152.32,77.94,36.4
123,152.32,77.94,36.4
387,152.3,77.94,36.41
335,152.3,77.94,36.41
454,152.3,77.94,36.41
390,152.3,77.94,36.41
334,152.3,77.94,36.41
294,152.3,77.94,36.41
315,152.3,77.94,36.41
245,152.31,77.94,36.41
278,152.3,77.94,36.41
225,152.31,77.94,36.41
219,152.31,77.94,36.41
204,152.31,77.94,36.41
191,152.31,77.94,36.41
157,152.31,77.94,36.41
181,152.31,77.94,36.41
151,152.31,77.94,36.41
153,152.32,77.94,36.41
147,152.32,77.94,36.41
129,152.32,77.94,36.41
115,152.32,77.94,36.41
134,152.32,77.94,36.41
118,152.32,77.94,36.41
270,152.3,77.94,36.42
297,152.3,77.94,36.41
265,152.3,77.94,36.41
242,152.3,77.94,36.42
253,152.3,77.94,36.41
211,152.31,77.94,36.41
234,152.3,77.94,36.42
200,152.31,77.94,36.42
192,152.31,77.94,36.41
182,152.31,77.94,36.42
174,152.31,77.94,36.41
145,152.31,77.94,36.41
166,152.31,77.94,36.42
140,152.31,77.94,36.42
136,152.32,77.94,36.42
141,152.32,77.94,36.41
122,152.32,77.94,36.42
109,152.32,77.94,36.42
126,152.32,77.94,36.41
112,152.32,77.94,36.41
246,152.3,77.94,36.42
225,152.3,77.94,36.42
206,152.3,77.94,36.42
223,152.3,77.94,36.42
200,152.3,77.94,36.42
175,152.31,77.94,36.42
216,152.3,77.94,36.42
187,152.31,77.94,36.42
206,152.3,77.94,36.42
189,152.3,77.94,36.43
177,152.3,77.94,36.43
191,152.3,77.94,36.42
184,152.3,77.94,36.42
162,152.31,77.94,36.42
170,152.3,77.94,36.43
152,152.31,77.94,36.43
162,152.31,77.94,36.42
172,152.31,77.94,36.42
149,152.31,77.94,36.42
130,152.31,77.94,36.42
158,152.31,77.94,36.42
135,152.31,77.94,36.42
126,152.32,77.94,36.42
131,152.32,77.94,36.42
118,152.32,77.94,36.42
107,152.32,77.94,36.42
115,152.32,77.94,36.42
104,152.32,77.94,36.42
144,152.31,77.94,36.43
152,152.31,77.94,36.42
141,152.31,77.94,36.42
124,152.31,77.94,36.42
134,152.31,77.94,36.43
120,152.31,77.94,36.43
122,152.32,77.94,36.42
118,152.32,77.94,36.43
111,152.32,77.94,36.42
101,152.32,77.94,36.42
108,152.32,77.94,36.43
99,152.32,77.94,36.43
14698,152.29,77.94,36.39
4427,152.29,77.94,36.39
28177,152.29,77.94,36.38
3299,152.3,77.94,36.38
22770,152.3,77.94,36.38
2942,152.3,77.94,36.38
3674,152.29,77.94,36.38
36248,152.29,77.94,36.38
5692,152.28,77.93,36.4
2805,152.29,77.94,36.4
8388,152.28,77.93,36.39
2930,152.29,77.94,36.39
10502,152.28,77.93,36.39
4804,152.28,77.93,36.4
1377,152.29,77.94,36.41
1685,152.29,77.94,36.4
3701,152.28,77.93,36.4
1900,152.29,77.94,36.4
1624,152.29,77.94,36.4
2256,152.29,77.94,36.4
2048,152.29,77.94,36.4
7055,152.28,77.93,36.4
1290,152.29,77.94,36.41
1041,152.29,77.94,36.41
1597,152.29,77.94,36.4
1297,152.29,77.94,36.4
2792,152.29,77.94,36.39
3843,152.29,77.94,36.39
1622,152.3,77.94,36.39
2472,152.3,77.94,36.39
1327,152.29,77.94,36.4
1708,152.29,77.94,36.4
1068,152.29,77.94,36.4
1328,152.29,77.94,36.4
834,152.29,77.94,36.41
1045,152.29,77.94,36.4
854,152.29,77.94,36.4
686,152.29,77.94,36.41
908,152.29,77.94,36.4
1133,152.29,77.94,36.4
756,152.3,77.94,36.4
912,152.3,77.94,36.4
730,152.29,77.94,36.4
596,152.29,77.94,36.41
627,152.3,77.94,36.4
520,152.3,77.94,36.41
1077,152.28,77.94,36.41
1219,152.28,77.94,36.41
2686,152.28,77.93,36.41
983,152.29,77.94,36.41
744,152.29,77.94,36.41
1110,152.29,77.94,36.41
865,152.29,77.94,36.41
956,152.28,77.94,36.41
823,152.28,77.94,36.42
1811,152.28,77.93,36.41
874,152.29,77.94,36.41
764,152.29,77.94,36.42
656,152.29,77.94,36.41
580,152.29,77.94,36.42
698,152.28,77.94,36.42
574,152.28,77.94,36.42
1136,152.28,77.93,36.42
653,152.29,77.94,36.42
509,152.29,77.94,36.42
544,152.29,77.94,36.42
440,152.29,77.94,36.42
466,152.29,77.94,36.42
394,152.28,77.94,36.42
633,152.28,77.93,36.42
445,152.29,77.94,36.42
374,152.29,77.94,36.42
364,152.29,77.94,36.43
317,152.29,77.94,36.43
581,152.29,77.94,36.41
684,152.29,77.94,36.41
565,152.29,77.94,36.41
478,152.29,77.94,36.41
507,152.29,77.94,36.41
450,152.29,77.94,36.42
416,152.29,77.94,36.41
369,152.29,77.94,36.42
496,152.29,77.94,36.41
425,152.29,77.94,36.41
442,152.3,77.94,36.41
382,152.3,77.94,36.41
337,152.3,77.94,36.41
399,152.29,77.94,36.42
352,152.29,77.94,36.42
295,152.29,77.94,36.42
330,152.29,77.94,36.42
309,152.29,77.94,36.42
271,152.29,77.94,36.43
265,152.29,77.94,36.42
238,152.29,77.94,36.43
225,152.3,77.94,36.42
274,152.3,77.94,36.42
64,152.33,77.94,36.43
69,152.33,77.94,36.43
73,152.32,77.94,36.43
74,152.32,77.94,36.43
73,152.32,77.94,36.43
45,152.33,77.93,36.43
61,152.33,77.94,36.41
61,152.33,77.94,36.4
77,152.32,77.94,36.41
76,152.32,77.94,36.4
47,152.33,77.93,36.4
46,152.33,77.93,36.41
50,152.33,77.93,36.4
62,152.33,77.94,36.4
75,152.32,77.94,36.4
76,152.32,77.94,36.4
72,152.32,77.94,36.4
74,152.32,77.94,36.39
50,152.33,77.93,36.39
51,152.33,77.93,36.39
44,152.33,77.93,36.41
43,152.33,77.93,36.41
61,152.33,77.94,36.41
46,152.33,77.93,36.41
60,152.33,77.94,36.41
77,152.32,77.94,36.41
77,152.32,77.94,36.41
60,152.33,77.94,36.41
60,152.33,77.94,36.42
76,152.32,77.94,36.41
76,152.32,77.94,36.42
60,152.33,77.94,36.42
42,152.33,77.93,36.42
60,152.33,77.94,36.42
75,152.32,77.94,36.42
74,152.32,77.94,36.42
60,152.33,77.94,36.42
61,152.33,77.94,36.43
73,152.32,77.94,36.42
73,152.32,77.94,36.43
42,152.33,77.93,36.42
42,152.33,77.93,36.43
42,152.33,77.93,36.43
43,152.33,77.93,36.43
46,152.33,77.93,36.44
47,152.33,77.93,36.4
48,152.33,77.93,36.4
43,152.33,77.93,36.41
43,152.33,77.93,36.42
42,152.33,77.93,36.42
42,152.33,77.93,36.42
97,152.32,77.94,36.43
95,152.32,77.94,36.43
89,152.32,77.94,36.43
88,152.32,77.94,36.43
88,152.32,77.94,36.43
86,152.32,77.94,36.44
51,152.32,77.94,36.45
87,152.32,77.94,36.44
46,152.33,77.94,36.44
94,152.32,77.94,36.45
53,152.32,77.94,36.45
54,152.32,77.94,36.45
171,152.3,77.95,36.43
146,152.31,77.95,36.43
151,152.3,77.95,36.43
132,152.31,77.95,36.43
123,152.31,77.95,36.43
104,152.32,77.94,36.43
114,152.31,77.95,36.43
99,152.32,77.94,36.43
136,152.3,77.95,36.44
121,152.31,77.95,36.44
125,152.3,77.95,36.44
112,152.31,77.95,36.44
106,152.31,77.95,36.44
94,152.32,77.94,36.44
100,152.31,77.95,36.44
90,152.32,77.94,36.44
106,152.31,77.95,36.45
116,152.3,77.95,36.45
81,152.3,77.94,36.45
96,152.31,77.95,36.45
100,152.31,77.94,36.45
94,152.32,77.94,36.45
101,152.31,77.95,36.45
108,152.3,77.94,36.45
69,152.31,77.94,36.46
61,152.31,77.94,36.45
207,152.28,77.94,36.43
219,152.28,77.93,36.43
251,152.28,77.94,36.43
334,152.28,77.93,36.43
241,152.29,77.94,36.43
194,152.29,77.94,36.43
166,152.29,77.94,36.44
148,152.28,77.94,36.44
152,152.29,77.94,36.44
131,152.28,77.94,36.44
167,152.28,77.94,36.44
144,152.28,77.94,36.44
209,152.29,77.94,36.43
180,152.29,77.94,36.43
193,152.29,77.95,36.43
169,152.29,77.95,36.43
159,152.29,77.94,36.44
144,152.29,77.94,36.44
151,152.29,77.95,36.44
137,152.29,77.95,36.44
328,152.27,77.94,36.43
251,152.27,77.94,36.43
143,152.29,77.94,36.45
121,152.28,77.94,36.45
114,152.28,77.94,36.45
133,152.29,77.94,36.45
127,152.29,77.95,36.45
127,152.29,77.95,36.45
118,152.29,77.95,36.45
117,152.3,77.94,36.45
106,152.29,77.94,36.45
88,152.29,77.94,36.46
205,152.32,77.94,36.38
137,152.32,77.94,36.39
63,152.32,77.94,36.38
67,152.32,77.94,36.38
54,152.33,77.94,36.38
59,152.32,77.94,36.38
125,152.32,77.94,36.4
122,152.32,77.94,36.41
106,152.32,77.94,36.41
107,152.32,77.94,36.4
127,152.32,77.94,36.4
129,152.32,77.94,36.4
108,152.32,77.94,36.4
109,152.32,77.94,36.4
116,152.32,77.94,36.39
121,152.32,77.94,36.39
119,152.32,77.94,36.41
116,152.32,77.94,36.41
102,152.32,77.94,36.41
104,152.32,77.94,36.41
113,152.32,77.94,36.41
110,152.32,77.94,36.42
100,152.32,77.94,36.41
98,152.32,77.94,36.42
104,152.32,77.94,36.42
107,152.32,77.94,36.42
96,152.32,77.94,36.42
94,152.32,77.94,36.42
102,152.32,77.94,36.42
99,152.32,77.94,36.43
92,152.32,77.94,36.42
90,152.32,77.94,36.43
117,152.31,77.94,36.37
1077,152.3,77.95,36.38
536,152.31,77.95,36.38
256,152.31,77.94,36.38
167,152.32,77.94,36.38
446,152.31,77.95,36.38
898,152.3,77.94,36.37
495,152.3,77.94,36.38
3138,152.3,77.94,36.37
933,152.3,77.95,36.38
80,152.31,77.94,36.37
331,152.31,77.94,36.38
81,152.31,77.94,36.37
250,152.31,77.95,36.38
367,152.31,77.95,36.38
250,152.3,77.94,36.37
97,152.31,77.94,36.37
860,152.3,77.95,36.39
480,152.31,77.95,36.39
240,152.31,77.95,36.39
159,152.32,77.94,36.39
1065,152.3,77.95,36.39
560,152.31,77.95,36.39
255,152.31,77.95,36.39
164,152.32,77.94,36.39
639,152.3,77.95,36.4
392,152.31,77.95,36.4
219,152.31,77.95,36.4
151,152.32,77.94,36.4
462,152.3,77.95,36.4
311,152.31,77.95,36.4
197,152.31,77.95,36.4
142,152.32,77.94,36.4
346,152.3,77.95,36.41
252,152.31,77.95,36.41
177,152.31,77.95,36.41
133,152.32,77.94,36.41
276,152.3,77.95,36.41
214,152.31,77.95,36.41
161,152.31,77.95,36.41
125,152.32,77.94,36.41
231,152.3,77.95,36.42
186,152.31,77.95,36.42
197,152.3,77.95,36.42
164,152.31,77.95,36.42
146,152.31,77.95,36.42
117,152.32,77.94,36.42
133,152.31,77.95,36.42
110,152.32,77.94,36.42
2151,152.29,77.94,36.39
8418,152.28,77.94,36.38
17661,152.28,77.94,36.38
2607,152.29,77.94,36.38
1447,152.29,77.95,36.38
24070,152.29,77.94,36.37
1318,152.3,77.94,36.38
1565,152.29,77.95,36.38
31889,152.29,77.94,36.38
11669,152.29,77.94,36.37
2993,152.29,77.94,36.38
33261,152.29,77.94,36.38
3704,152.29,77.94,36.37
1235,152.28,77.94,36.4
4122,152.28,77.93,36.39
1593,152.29,77.94,36.39
4793,152.28,77.94,36.39
1872,152.29,77.94,36.39
6962,152.28,77.94,36.39
1176,152.28,77.94,36.4
3125,152.28,77.93,36.4
969,152.28,77.94,36.4
2409,152.28,77.93,36.4
1218,152.29,77.94,36.4
876,152.29,77.94,36.4
1306,152.29,77.94,36.39
1774,152.29,77.94,36.39
985,152.29,77.95,36.39
1269,152.29,77.95,36.39
925,152.29,77.94,36.4
657,152.29,77.94,36.4
729,152.29,77.95,36.4
538,152.29,77.95,36.4
2384,152.27,77.94,36.4
2083,152.27,77.94,36.4
1655,152.27,77.94,36.4
755,152.28,77.94,36.41
1789,152.28,77.93,36.41
640,152.29,77.94,36.41
590,152.28,77.94,36.41
1278,152.28,77.93,36.41
494,152.29,77.94,36.41
449,152.28,77.94,36.42
859,152.28,77.93,36.42
389,152.29,77.94,36.42
336,152.28,77.94,36.42
542,152.28,77.93,36.42
305,152.29,77.94,36.42
483,152.29,77.94,36.41
374,152.29,77.94,36.41
408,152.29,77.95,36.41
323,152.29,77.95,36.41
302,152.29,77.94,36.42
248,152.29,77.94,36.42
224,152.29,77.95,36.42
266,152.29,77.95,36.42
1277,152.27,77.94,36.41
970,152.27,77.94,36.41
687,152.27,77.94,36.42
482,152.27,77.94,36.42
68,152.33,77.94,36.43
71,152.33,77.94,36.43
78,152.33,77.94,36.43
78,152.33,77.94,36.43
78,152.33,77.94,36.43
42,152.33,77.93,36.43
82,152.33,77.94,36.44
50,152.33,77.94,36.39
69,152.33,77.94,36.41
69,152.33,77.94,36.4
46,152.33,77.93,36.4
85,152.33,77.94,36.41
86,152.33,77.94,36.4
70,152.33,77.94,36.4
71,152.33,77.94,36.4
84,152.33,77.94,36.4
83,152.33,77.94,36.4
82,152.33,77.94,36.4
48,152.33,77.93,36.39
88,152.33,77.94,36.39
49,152.33,77.93,36.39
56,152.33,77.94,36.41
57,152.33,77.94,36.41
42,152.33,77.93,36.41
55,152.33,77.94,36.41
56,152.33,77.94,36.42
67,152.33,77.94,36.41
68,152.33,77.94,36.41
84,152.33,77.94,36.41
85,152.33,77.94,36.41
67,152.33,77.94,36.41
66,152.33,77.94,36.42
83,152.33,77.94,36.41
82,152.33,77.94,36.42
41,152.33,77.93,36.42
56,152.33,77.94,36.42
59,152.33,77.94,36.42
66,152.33,77.94,36.42
66,152.33,77.94,36.42
81,152.33,77.94,36.42
80,152.33,77.94,36.42
67,152.33,77.94,36.42
66,152.33,77.94,36.43
42,152.33,77.93,36.42
79,152.33,77.94,36.42
78,152.33,77.94,36.43
41,152.33,77.93,36.43
44,152.33,77.93,36.44
44,152.33,77.94,36.44
43,152.33,77.93,36.41
46,152.33,77.93,36.4
42,152.33,77.93,36.41
41,152.33,77.93,36.42
91,152.33,77.94,36.43
87,152.33,77.94,36.43
84,152.33,77.94,36.44
88,152.32,77.94,36.45
47,152.33,77.94,36.45
82,152.33,77.94,36.44
88,152.32,77.94,36.45
47,152.33,77.94,36.45
87,152.32,77.95,36.45
49,152.32,77.94,36.45
52,152.32,77.94,36.46
72,152.3,77.94,36.47
57,152.31,77.94,36.47
67,152.3,77.94,36.48
176,152.3,77.95,36.43
157,152.3,77.95,36.43
155,152.3,77.95,36.43
132,152.31,77.95,36.43
139,152.3,77.95,36.43
122,152.31,77.95,36.43
113,152.32,77.95,36.43
97,152.32,77.95,36.43
106,152.32,77.95,36.43
93,152.32,77.95,36.43
141,152.3,77.95,36.44
130,152.3,77.95,36.44
127,152.3,77.95,36.44
113,152.31,77.95,36.44
118,152.3,77.95,36.44
106,152.31,77.95,36.44
100,152.32,77.95,36.44
89,152.32,77.95,36.44
95,152.32,77.95,36.44
86,152.32,77.95,36.44
120,152.3,77.95,36.45
110,152.3,77.95,36.45
100,152.31,77.95,36.45
91,152.32,77.95,36.45
112,152.3,77.95,36.45
109,152.3,77.95,36.45
76,152.3,77.94,36.46
104,152.3,77.95,36.45
99,152.31,77.95,36.46
95,152.31,77.95,36.45
92,152.31,77.95,36.45
59,152.31,77.94,36.46
88,152.32,77.95,36.45
198,152.28,77.94,36.43
221,152.27,77.94,36.43
227,152.28,77.94,36.43
220,152.28,77.94,36.43
191,152.28,77.94,36.43
177,152.28,77.94,36.44
170,152.28,77.94,36.44
163,152.28,77.94,36.44
154,152.28,77.94,36.44
179,152.27,77.94,36.44
150,152.28,77.94,36.44
207,152.29,77.95,36.43
182,152.29,77.95,36.43
193,152.29,77.95,36.43
171,152.29,77.95,36.43
162,152.29,77.95,36.44
147,152.29,77.95,36.44
154,152.29,77.95,36.44
140,152.29,77.95,36.44
223,152.27,77.94,36.43
203,152.27,77.94,36.43
188,152.27,77.94,36.44
283,152.27,77.94,36.43
142,152.28,77.95,36.45
126,152.28,77.94,36.45
134,152.28,77.95,36.45
119,152.28,77.94,36.45
135,152.28,77.94,36.45
109,152.28,77.94,36.46
136,152.29,77.95,36.45
129,152.29,77.95,36.45
126,152.29,77.95,36.45
120,152.29,77.95,36.45
112,152.29,77.95,36.46
96,152.29,77.94,36.46
152,152.27,77.94,36.45
87,152.29,77.94,36.47
80,152.29,77.94,36.48
170,152.32,77.94,36.38
216,152.32,77.94,36.38
127,152.33,77.94,36.38
154,152.32,77.94,36.38
61,152.32,77.94,36.38
61,152.32,77.94,36.37
55,152.33,77.94,36.38
51,152.33,77.94,36.38
112,152.33,77.94,36.4
117,152.33,77.94,36.4
120,152.33,77.94,36.39
123,152.33,77.94,36.39
108,152.33,77.94,36.41
103,152.33,77.94,36.41
98,152.33,77.94,36.42
94,152.33,77.94,36.42
325,152.31,77.95,36.37
433,152.3,77.94,36.36
87,152.31,77.94,36.36
86,152.31,77.94,36.35
837,152.3,77.95,36.38
557,152.3,77.95,36.38
326,152.31,77.95,36.38
202,152.32,77.95,36.38
146,152.32,77.95,36.38
509,152.3,77.95,36.38
308,152.31,77.95,36.38
462,152.3,77.95,36.37
2763,152.3,77.94,36.37
827,152.3,77.95,36.38
695,152.3,77.95,36.38
233,152.31,77.95,36.37
71,152.32,77.94,36.37
202,152.32,77.95,36.38
240,152.31,77.95,36.38
431,152.3,77.95,36.38
281,152.31,77.95,36.38
361,152.3,77.95,36.37
253,152.31,77.95,36.37
663,152.3,77.95,36.39
782,152.3,77.95,36.39
489,152.3,77.95,36.39
298,152.31,77.95,36.39
190,152.32,77.95,36.39
139,152.32,77.95,36.39
554,152.3,77.95,36.39
324,152.31,77.95,36.39
198,152.32,77.95,36.39
143,152.32,77.95,36.39
419,152.3,77.95,36.4
532,152.3,77.95,36.4
406,152.3,77.95,36.4
265,152.31,77.95,36.4
178,152.32,77.95,36.4
133,152.32,77.95,36.4
330,152.3,77.95,36.4
231,152.31,77.95,36.4
165,152.32,77.95,36.4
127,152.32,77.95,36.4
276,152.3,77.95,36.41
335,152.3,77.95,36.41
271,152.3,77.95,36.41
202,152.31,77.95,36.41
152,152.32,77.95,36.41
120,152.32,77.95,36.41
229,152.3,77.95,36.41
180,152.31,77.95,36.41
141,152.32,77.95,36.41
114,152.32,77.95,36.41
233,152.3,77.95,36.42
201,152.3,77.95,36.42
198,152.3,77.95,36.42
161,152.31,77.95,36.42
174,152.3,77.95,36.42
145,152.31,77.95,36.42
130,152.32,77.95,36.42
108,152.32,77.95,36.42
121,152.32,77.95,36.42
102,152.32,77.95,36.42
307,152.3,77.94,36.35
1557,152.28,77.95,36.39
4054,152.28,77.94,36.38
8797,152.28,77.94,36.38
2042,152.28,77.95,36.38
19640,152.28,77.94,36.37
1353,152.29,77.95,36.38
976,152.29,77.95,36.38
2156,152.29,77.95,36.38
1107,152.29,77.95,36.38
3240,152.29,77.95,36.38
26264,152.29,77.94,36.37
704,152.29,77.95,36.37
1818,152.29,77.95,36.38
2255,152.27,77.94,36.38
18,152.29,77.95,36.37
13072,152.29,77.94,36.36
4648,152.29,77.94,36.35
923,152.28,77.94,36.39
3108,152.27,77.94,36.39
957,152.28,77.94,36.39
1065,152.28,77.94,36.39
3484,152.27,77.94,36.39
1271,152.28,77.94,36.39
761,152.28,77.94,36.4
626,152.28,77.94,36.4
746,152.28,77.94,36.4
584,152.28,77.94,36.4
860,152.29,77.95,36.39
1089,152.29,77.95,36.39
705,152.29,77.95,36.39
849,152.29,77.95,36.39
674,152.29,77.95,36.4
528,152.29,77.95,36.4
569,152.29,77.95,36.4
456,152.29,77.95,36.4
606,152.27,77.94,36.4
1833,152.27,77.94,36.39
563,152.27,77.94,36.4
489,152.27,77.94,36.4
1227,152.26,77.94,36.4
512,152.28,77.94,36.41
463,152.28,77.94,36.41
416,152.28,77.94,36.41
374,152.28,77.94,36.41
336,152.28,77.94,36.42
308,152.28,77.94,36.42
272,152.28,77.94,36.42
258,152.28,77.94,36.42
419,152.29,77.95,36.41
341,152.29,77.95,36.41
369,152.29,77.95,36.41
305,152.29,77.95,36.41
284,152.29,77.95,36.42
240,152.29,77.95,36.42
221,152.29,77.95,36.42
258,152.29,77.95,36.42
415,152.27,77.94,36.41
352,152.27,77.94,36.41
810,152.26,77.94,36.41
299,152.27,77.94,36.42
256,152.27,77.94,36.42
486,152.26,77.94,36.42
78,152.33,77.94,36.43
40,152.33,77.93,36.43
79,152.33,77.94,36.43
82,152.33,77.94,36.44
83,152.33,77.94,36.44
119,152.33,77.94,36.39
46,152.33,77.94,36.38
46,152.33,77.94,36.38
66,152.33,77.94,36.41
86,152.33,77.94,36.4
89,152.33,77.94,36.4
46,152.33,77.93,36.39
95,152.33,77.94,36.39
104,152.33,77.94,36.39
46,152.33,77.94,36.39
43,152.34,77.94,36.4
64,152.33,77.94,36.41
41,152.34,77.93,36.41
63,152.33,77.94,36.41
84,152.33,77.94,36.41
83,152.33,77.94,36.41
67,152.33,77.94,36.42
40,152.34,77.93,36.42
65,152.33,77.94,36.42
80,152.33,77.94,36.42
78,152.33,77.94,36.42
40,152.34,77.93,36.43
39,152.34,77.93,36.43
40,152.33,77.94,36.44
41,152.33,77.94,36.44
42,152.34,77.93,36.4
43,152.34,77.93,36.4
40,152.34,77.93,36.41
40,152.34,77.93,36.42
85,152.33,77.95,36.43
82,152.33,77.95,36.43
80,152.33,77.95,36.44
82,152.33,77.94,36.45
43,152.33,77.94,36.45
79,152.33,77.95,36.44
83,152.32,77.95,36.45
82,152.33,77.95,36.45
43,152.33,77.94,36.45
81,152.32,77.95,36.45
88,152.32,77.95,36.46
47,152.33,77.94,36.46
46,152.33,77.94,36.47
77,152.29,77.94,36.47
92,152.3,77.95,36.47
61,152.31,77.94,36.47
83,152.31,77.95,36.47
49,152.32,77.94,36.47
59,152.31,77.94,36.48
48,152.32,77.94,36.48
87,152.3,77.96,36.48
71,152.29,77.94,36.48
57,152.31,77.94,36.49
178,152.29,77.95,36.43
160,152.3,77.95,36.43
160,152.29,77.95,36.43
145,152.3,77.95,36.43
140,152.31,77.95,36.43
121,152.31,77.95,36.43
128,152.31,77.95,36.43
113,152.31,77.95,36.43
104,152.32,77.95,36.43
91,152.33,77.95,36.43
99,152.32,77.95,36.43
87,152.33,77.95,36.43
145,152.29,77.95,36.44
132,152.3,77.95,36.44
133,152.29,77.95,36.44
122,152.3,77.95,36.44
119,152.31,77.95,36.44
105,152.31,77.95,36.44
111,152.31,77.95,36.44
100,152.31,77.95,36.44
94,152.32,77.95,36.44
84,152.33,77.95,36.44
90,152.32,77.95,36.44
81,152.33,77.95,36.44
123,152.29,77.95,36.45
114,152.3,77.95,36.45
107,152.3,77.95,36.45
104,152.31,77.95,36.45
95,152.31,77.95,36.45
91,152.31,77.95,36.45
86,152.32,77.95,36.45
115,152.29,77.95,36.45
100,152.3,77.95,36.46
99,152.31,77.95,36.45
83,152.32,77.95,36.45
87,152.31,77.95,36.46
223,152.28,77.95,36.43
215,152.28,77.95,36.43
198,152.28,77.95,36.43
190,152.28,77.95,36.43
177,152.28,77.95,36.44
171,152.28,77.95,36.44
160,152.28,77.95,36.44
156,152.28,77.95,36.44
165,152.27,77.94,36.44
204,152.28,77.95,36.43
182,152.28,77.95,36.43
192,152.29,77.95,36.43
172,152.29,77.95,36.43
164,152.28,77.95,36.44
149,152.28,77.95,36.44
155,152.29,77.95,36.44
142,152.29,77.95,36.44
204,152.27,77.95,36.43
170,152.27,77.95,36.44
202,152.26,77.94,36.44
283,152.26,77.94,36.43
143,152.28,77.95,36.45
132,152.28,77.95,36.45
150,152.28,77.95,36.45
135,152.27,77.94,36.45
124,152.28,77.95,36.46
116,152.27,77.94,36.46
137,152.28,77.95,36.45
131,152.29,77.95,36.45
127,152.28,77.95,36.45
123,152.29,77.95,36.45
113,152.29,77.95,36.46
134,152.26,77.94,36.46
150,152.27,77.95,36.45
156,152.26,77.94,36.45
104,152.27,77.94,36.47
93,152.28,77.94,36.47
101,152.29,77.95,36.47
95,152.29,77.96,36.48
84,152.28,77.94,36.48
53,152.33,77.94,36.36
116,152.33,77.95,36.38
129,152.33,77.95,36.38
148,152.32,77.95,36.38
176,152.32,77.95,36.38
175,152.32,77.95,36.37
133,152.33,77.94,36.38
116,152.33,77.95,36.38
132,152.33,77.95,36.38
53,152.33,77.94,36.37
103,152.33,77.95,36.4
107,152.33,77.95,36.4
119,152.33,77.95,36.4
114,152.33,77.95,36.4
110,152.33,77.95,36.39
113,152.33,77.95,36.39
123,152.33,77.95,36.39
126,152.33,77.95,36.39
99,152.33,77.95,36.41
95,152.33,77.95,36.41
92,152.33,77.95,36.42
88,152.33,77.95,36.42
1901,152.29,77.94,36.36
331,152.3,77.95,36.36
131,152.31,77.94,36.36
204,152.31,77.95,36.36
65,152.32,77.94,36.36
130,152.31,77.94,36.35
179,152.31,77.95,36.36
68,152.32,77.94,36.35
673,152.29,77.95,36.38
524,152.3,77.95,36.38
505,152.3,77.95,36.38
143,152.32,77.95,36.38
358,152.31,77.95,36.38
237,152.31,77.95,36.38
167,152.32,77.95,36.38
345,152.31,77.95,36.38
234,152.31,77.95,36.38
694,152.29,77.95,36.38
703,152.3,77.95,36.38
550,152.3,77.95,36.37
442,152.3,77.95,36.38
388,152.3,77.95,36.37
144,152.32,77.95,36.38
168,152.32,77.95,36.38
197,152.32,77.95,36.38
187,152.32,77.95,36.37
318,152.31,77.95,36.38
225,152.31,77.95,36.38
286,152.31,77.95,36.37
213,152.31,77.95,36.37
536,152.29,77.95,36.39
448,152.3,77.95,36.39
616,152.29,77.95,36.39
502,152.3,77.95,36.39
140,152.32,77.95,36.39
136,152.32,77.95,36.39
323,152.31,77.95,36.39
220,152.31,77.95,36.39
158,152.32,77.95,36.39
351,152.31,77.95,36.39
232,152.31,77.95,36.39
164,152.32,77.95,36.39
376,152.29,77.95,36.4
323,152.3,77.95,36.4
452,152.29,77.95,36.4
384,152.3,77.95,36.4
131,152.32,77.95,36.4
287,152.31,77.95,36.4
203,152.31,77.95,36.4
150,152.32,77.95,36.4
250,152.31,77.95,36.4
186,152.31,77.95,36.4
142,152.32,77.95,36.4
267,152.29,77.95,36.41
234,152.3,77.95,36.41
315,152.29,77.95,36.41
273,152.3,77.95,36.41
125,152.32,77.95,36.4
109,152.33,77.95,36.41
104,152.33,77.95,36.41
218,152.31,77.95,36.41
169,152.31,77.95,36.41
133,152.32,77.95,36.41
193,152.31,77.95,36.41
155,152.31,77.95,36.41
125,152.32,77.95,36.41
230,152.29,77.95,36.42
203,152.3,77.95,36.42
201,152.29,77.95,36.42
179,152.3,77.95,36.42
172,152.31,77.95,36.42
142,152.31,77.95,36.42
154,152.31,77.95,36.42
131,152.31,77.95,36.42
118,152.32,77.95,36.42
99,152.33,77.95,36.42
111,152.32,77.95,36.42
95,152.33,77.95,36.42
940,152.29,77.94,36.35
253,152.3,77.95,36.36
1044,152.28,77.95,36.39
1029,152.28,77.95,36.38
1369,152.28,77.95,36.38
3573,152.27,77.94,36.38
1617,152.28,77.95,36.38
12998,152.27,77.94,36.37
914,152.28,77.95,36.38
1072,152.28,77.95,36.38
711,152.29,77.95,36.38
706,152.29,77.95,36.38
1472,152.29,77.95,36.37
604,152.27,77.95,36.38
1781,152.26,77.94,36.38
5303,152.26,77.94,36.37
15802,152.27,77.94,36.36
12651,152.27,77.94,36.35
17021,152.28,77.94,36.36
960,152.29,77.95,36.36
8390,152.28,77.94,36.35
181,152.29,77.96,36.36
10905,152.26,77.94,36.36
730,152.28,77.95,36.39
703,152.28,77.95,36.39
863,152.28,77.95,36.39
858,152.28,77.95,36.39
589,152.28,77.95,36.4
502,152.28,77.94,36.4
581,152.28,77.95,36.4
481,152.28,77.95,36.4
647,152.28,77.95,36.39
773,152.28,77.95,36.39
555,152.29,77.95,36.39
643,152.29,77.95,36.39
538,152.28,77.95,36.4
446,152.28,77.95,36.4
471,152.29,77.95,36.4
396,152.29,77.95,36.4
1117,152.26,77.94,36.39
527,152.27,77.95,36.39
816,152.26,77.94,36.4
429,152.27,77.95,36.4
422,152.28,77.94,36.41
401,152.28,77.95,36.41
354,152.27,77.94,36.41
336,152.28,77.95,36.41
300,152.27,77.94,36.42
286,152.28,77.95,36.42
256,152.28,77.94,36.42
246,152.28,77.95,36.42
372,152.28,77.95,36.41
314,152.28,77.95,36.41
336,152.29,77.95,36.41
286,152.29,77.95,36.41
269,152.28,77.95,36.42
233,152.28,77.95,36.42
217,152.29,77.95,36.42
248,152.29,77.95,36.42
595,152.26,77.94,36.41
334,152.27,77.95,36.41
416,152.26,77.94,36.42
258,152.27,77.95,36.42
75,152.34,77.94,36.43
77,152.34,77.94,36.43
79,152.33,77.94,36.43
78,152.33,77.94,36.43
77,152.33,77.94,36.44
78,152.33,77.94,36.44
109,152.33,77.94,36.39
42,152.34,77.94,36.38
111,152.33,77.95,36.38
42,152.34,77.94,36.38
78,152.34,77.94,36.4
83,152.34,77.94,36.4
92,152.33,77.94,36.4
95,152.33,77.94,36.4
93,152.34,77.94,36.4
98,152.33,77.94,36.39
43,152.34,77.94,36.39
103,152.33,77.94,36.39
41,152.34,77.94,36.39
41,152.34,77.94,36.39
76,152.34,77.94,36.41
39,152.34,77.93,36.41
74,152.34,77.94,36.41
89,152.33,77.94,36.41
87,152.33,77.94,36.41
74,152.34,77.94,36.42
37,152.34,77.94,36.42
74,152.34,77.94,36.42
84,152.33,77.94,36.42
81,152.33,77.94,36.42
142,152.31,77.94,36.35
37,152.34,77.94,36.43
41,152.33,77.94,36.45
37,152.34,77.94,36.43
37,152.34,77.94,36.44
38,152.34,77.94,36.44
39,152.34,77.94,36.4
40,152.34,77.94,36.4
38,152.34,77.93,36.41
37,152.34,77.93,36.42
80,152.33,77.95,36.43
78,152.33,77.95,36.43
76,152.33,77.95,36.44
74,152.33,77.95,36.44
77,152.33,77.95,36.45
79,152.33,77.95,36.45
75,152.33,77.95,36.45
77,152.33,77.95,36.45
39,152.34,77.94,36.45
77,152.33,77.95,36.46
39,152.34,77.94,36.46
75,152.33,77.95,36.47
40,152.33,77.94,36.47
93,152.29,77.96,36.47
83,152.31,77.96,36.47
74,152.32,77.96,36.47
63,152.3,77.94,36.48
77,152.31,77.96,36.48
51,152.32,77.94,36.48
70,152.32,77.96,36.48
43,152.33,77.94,36.48
67,152.29,77.94,36.49
85,152.29,77.96,36.48
75,152.29,77.94,36.48
61,152.3,77.95,36.49
72,152.31,77.96,36.49
51,152.31,77.95,36.49
178,152.29,77.96,36.43
161,152.29,77.96,36.43
164,152.29,77.96,36.43
150,152.29,77.96,36.43
163,152.3,77.96,36.43
146,152.3,77.96,36.43
148,152.3,77.96,36.43
133,152.3,77.96,36.43
123,152.31,77.96,36.43
133,152.31,77.96,36.43
127,152.31,77.96,36.43
111,152.32,77.96,36.43
118,152.31,77.96,36.43
104,152.32,77.96,36.43
97,152.32,77.96,36.43
102,152.32,77.96,36.43
97,152.32,77.95,36.43
85,152.33,77.95,36.43
92,152.32,77.95,36.43
82,152.33,77.95,36.43
147,152.29,77.96,36.44
135,152.29,77.96,36.44
137,152.29,77.96,36.44
127,152.29,77.96,36.44
135,152.3,77.96,36.44
123,152.3,77.96,36.44
125,152.3,77.96,36.44
114,152.3,77.96,36.44
114,152.31,77.96,36.44
107,152.31,77.96,36.44
110,152.31,77.96,36.44
98,152.32,77.96,36.44
104,152.31,77.96,36.44
94,152.32,77.96,36.44
92,152.32,77.96,36.44
88,152.32,77.96,36.44
88,152.32,77.95,36.44
79,152.33,77.95,36.44
85,152.32,77.95,36.44
77,152.33,77.95,36.44
125,152.29,77.96,36.45
117,152.29,77.96,36.45
118,152.29,77.96,36.45
111,152.29,77.96,36.45
116,152.3,77.96,36.45
107,152.3,77.96,36.45
109,152.3,77.96,36.45
101,152.3,77.96,36.45
101,152.31,77.96,36.45
96,152.31,77.96,36.45
98,152.31,77.96,36.45
90,152.32,77.96,36.45
93,152.31,77.96,36.45
86,152.32,77.96,36.45
84,152.32,77.96,36.45
81,152.32,77.96,36.45
82,152.32,77.95,36.45
79,152.32,77.95,36.45
103,152.29,77.96,36.46
90,152.31,77.96,36.46
78,152.32,77.96,36.46
200,152.27,77.95,36.43
166,152.27,77.95,36.44
184,152.28,77.96,36.43
153,152.28,77.96,36.44
197,152.26,77.95,36.43
167,152.26,77.95,36.44
214,152.25,77.94,36.44
281,152.25,77.94,36.43
141,152.27,77.95,36.45
122,152.27,77.95,36.46
122,152.26,77.94,36.46
131,152.28,77.96,36.45
114,152.28,77.96,36.46
130,152.26,77.96,36.46
138,152.25,77.94,36.46
179,152.25,77.94,36.45
161,152.25,77.94,36.45
145,152.26,77.96,36.45
110,152.27,77.96,36.47
108,152.27,77.94,36.47
102,152.28,77.96,36.47
121,152.25,77.95,36.47
109,152.25,77.95,36.48
97,152.27,77.95,36.48
90,152.27,77.95,36.48
92,152.28,77.96,36.48
78,152.28,77.95,36.49
75,152.32,77.94,36.35
132,152.33,77.95,36.37
46,152.34,77.94,36.36
46,152.33,77.94,36.35
105,152.33,77.95,36.38
115,152.33,77.95,36.38
136,152.33,77.95,36.37
105,152.33,77.95,36.38
116,152.33,77.95,36.38
46,152.34,77.94,36.37
95,152.33,77.95,36.4
98,152.33,77.95,36.4
107,152.33,77.95,36.4
103,152.33,77.95,36.4
101,152.33,77.95,36.39
103,152.33,77.95,36.39
110,152.33,77.95,36.39
113,152.33,77.95,36.39
92,152.33,77.95,36.41
89,152.33,77.95,36.41
86,152.33,77.95,36.42
83,152.33,77.95,36.42
55,152.33,77.94,36.35
419,152.29,77.96,36.36
236,152.31,77.96,36.36
146,152.32,77.96,36.36
196,152.31,77.96,36.35
134,152.32,77.96,36.35
125,152.33,77.96,36.38
126,152.33,77.96,36.38
552,152.29,77.96,36.38
570,152.29,77.96,36.38
422,152.29,77.96,36.38
419,152.29,77.96,36.38
473,152.3,77.96,36.38
362,152.3,77.96,36.38
465,152.3,77.96,36.38
357,152.3,77.96,36.38
272,152.31,77.96,36.38
272,152.31,77.96,36.38
158,152.32,77.96,36.38
157,152.32,77.96,36.38
262,152.31,77.96,36.38
188,152.32,77.96,36.38
259,152.31,77.96,36.38
188,152.32,77.96,36.38
489,152.29,77.96,36.37
336,152.3,77.96,36.38
311,152.3,77.96,36.37
264,152.31,77.96,36.38
251,152.31,77.96,36.37
161,152.32,77.95,36.37
248,152.31,77.96,36.38
233,152.31,77.96,36.37
123,152.33,77.96,36.39
120,152.33,77.96,36.39
116,152.33,77.96,36.4
454,152.29,77.96,36.39
509,152.29,77.96,36.39
366,152.29,77.96,36.39
401,152.29,77.96,36.39
405,152.3,77.96,36.39
323,152.3,77.96,36.39
448,152.3,77.96,36.39
349,152.3,77.96,36.39
264,152.31,77.96,36.39
248,152.31,77.96,36.39
154,152.32,77.96,36.39
149,152.32,77.96,36.39
240,152.31,77.96,36.39
177,152.32,77.96,36.39
255,152.31,77.96,36.39
184,152.32,77.96,36.39
395,152.29,77.96,36.4
341,152.29,77.96,36.4
328,152.29,77.96,36.4
290,152.29,77.96,36.4
307,152.3,77.96,36.4
255,152.3,77.96,36.4
355,152.3,77.96,36.4
289,152.3,77.96,36.4
230,152.31,77.96,36.4
209,152.31,77.96,36.4
143,152.32,77.96,36.4
135,152.32,77.96,36.4
221,152.31,77.96,36.4
167,152.32,77.96,36.4
201,152.31,77.96,36.4
156,152.32,77.96,36.4
295,152.29,77.96,36.41
256,152.29,77.96,36.41
227,152.29,77.96,36.41
256,152.29,77.96,36.41
232,152.3,77.96,36.41
199,152.3,77.96,36.41
266,152.3,77.96,36.41
225,152.3,77.96,36.41
112,152.33,77.96,36.4
119,152.32,77.95,36.41
100,152.33,77.95,36.41
113,152.32,77.95,36.41
96,152.33,77.95,36.41
190,152.31,77.96,36.41
172,152.31,77.96,36.41
128,152.32,77.96,36.41
121,152.32,77.96,36.41
182,152.31,77.96,36.41
146,152.32,77.96,36.41
165,152.31,77.96,36.41
136,152.32,77.96,36.41
199,152.29,77.96,36.42
225,152.29,77.96,36.42
181,152.29,77.96,36.42
202,152.29,77.96,36.42
204,152.3,77.96,36.42
178,152.3,77.96,36.42
182,152.3,77.96,36.42
160,152.3,77.96,36.42
144,152.31,77.96,36.42
157,152.31,77.96,36.42
151,152.31,77.96,36.42
127,152.32,77.96,36.42
138,152.31,77.96,36.42
118,152.32,77.96,36.42
108,152.32,77.96,36.42
114,152.32,77.96,36.42
107,152.32,77.95,36.42
92,152.33,77.95,36.42
102,152.32,77.95,36.42
88,152.33,77.95,36.42
528,152.29,77.94,36.34
307,152.29,77.96,36.35
234,152.3,77.94,36.34
3452,152.28,77.94,36.34
785,152.27,77.95,36.38
1112,152.27,77.95,36.37
9106,152.26,77.94,36.37
587,152.28,77.96,36.38
677,152.28,77.96,36.37
1773,152.25,77.94,36.38
551,152.26,77.96,36.38
675,152.26,77.96,36.37
3802,152.25,77.94,36.37
1376,152.25,77.94,36.38
1099,152.27,77.96,36.36
13406,152.26,77.94,36.36
770,152.27,77.96,36.36
11745,152.27,77.94,36.35
840,152.28,77.96,36.36
647,152.28,77.96,36.35
680,152.26,77.96,36.37
8648,152.25,77.94,36.36
8710,152.25,77.95,36.35
554,152.27,77.95,36.39
429,152.27,77.95,36.4
481,152.28,77.96,36.39
376,152.28,77.96,36.4
870,152.25,77.94,36.39
635,152.25,77.94,36.4
440,152.26,77.95,36.39
361,152.26,77.95,36.4
327,152.27,77.95,36.41
252,152.27,77.95,36.42
290,152.28,77.96,36.41
228,152.28,77.96,36.42
488,152.25,77.94,36.41
371,152.25,77.94,36.42
294,152.26,77.95,36.41
239,152.26,77.95,36.42
74,152.34,77.94,36.43
73,152.34,77.94,36.43
76,152.34,77.95,36.43
75,152.34,77.95,36.43
73,152.34,77.94,36.44
73,152.34,77.95,36.44
72,152.34,77.95,36.44
78,152.33,77.95,36.45
40,152.33,77.94,36.48
98,152.34,77.95,36.39
39,152.34,77.94,36.38
40,152.34,77.94,36.38
100,152.34,77.95,36.38
41,152.34,77.94,36.37
81,152.34,77.94,36.4
84,152.34,77.94,36.4
87,152.34,77.95,36.4
90,152.34,77.95,36.4
87,152.34,77.94,36.4
90,152.34,77.95,36.39
92,152.34,77.95,36.39
94,152.34,77.95,36.39
39,152.34,77.94,36.39
38,152.34,77.94,36.39
78,152.34,77.94,36.41
36,152.35,77.94,36.41
76,152.34,77.94,36.41
85,152.34,77.95,36.41
82,152.34,77.95,36.41
74,152.34,77.94,36.42
35,152.35,77.94,36.42
75,152.34,77.94,36.42
80,152.34,77.95,36.42
78,152.34,77.95,36.42
170,152.31,77.96,36.35
95,152.31,77.94,36.34
210,152.3,77.95,36.33
35,152.35,77.94,36.43
37,152.34,77.94,36.45
35,152.35,77.94,36.43
37,152.34,77.94,36.44
35,152.34,77.94,36.44
36,152.35,77.94,36.4
37,152.35,77.94,36.4
35,152.35,77.94,36.41
35,152.35,77.94,36.41
35,152.35,77.94,36.42
34,152.35,77.94,36.42
76,152.34,77.95,36.43
74,152.34,77.95,36.43
80,152.34,77.96,36.43
77,152.34,77.96,36.43
72,152.34,77.95,36.44
71,152.34,77.95,36.44
75,152.34,77.96,36.44
73,152.34,77.96,36.44
71,152.33,77.95,36.45
35,152.34,77.94,36.46
68,152.33,77.95,36.46
66,152.33,77.96,36.47
36,152.34,77.94,36.47
64,152.33,77.96,36.48
43,152.33,77.95,36.49
59,152.3,77.95,36.5
51,152.31,77.95,36.5
95,152.29,77.96,36.47
85,152.3,77.96,36.47
76,152.31,77.96,36.47
66,152.33,77.96,36.47
78,152.3,77.96,36.48
39,152.34,77.95,36.48
70,152.31,77.96,36.48
62,152.33,77.96,36.48
46,152.32,77.95,36.49
67,152.29,77.95,36.5
78,152.29,77.96,36.49
71,152.29,77.95,36.49
86,152.29,77.96,36.48
71,152.3,77.96,36.49
65,152.31,77.96,36.49
61,152.29,77.95,36.5
162,152.29,77.96,36.43
138,152.3,77.96,36.43
110,152.31,77.96,36.43
87,152.33,77.96,36.43
137,152.29,77.96,36.44
119,152.3,77.96,36.44
98,152.31,77.96,36.44
80,152.33,77.96,36.44
119,152.29,77.96,36.45
105,152.3,77.96,36.45
89,152.31,77.96,36.45
75,152.33,77.96,36.45
105,152.29,77.96,36.46
94,152.3,77.96,36.46
82,152.31,77.96,36.46
70,152.33,77.96,36.46
190,152.27,77.96,36.43
162,152.27,77.96,36.44
176,152.27,77.97,36.43
150,152.27,77.97,36.44
193,152.25,77.96,36.43
168,152.25,77.96,36.44
192,152.25,77.96,36.43
166,152.25,77.96,36.44
231,152.24,77.94,36.44
287,152.24,77.94,36.43
140,152.27,77.96,36.45
123,152.27,77.96,36.46
131,152.27,77.97,36.45
115,152.27,77.97,36.46
145,152.24,77.95,36.46
128,152.25,77.96,36.46
151,152.25,77.96,36.45
185,152.24,77.95,36.45
145,152.25,77.96,36.45
157,152.24,77.95,36.46
109,152.27,77.96,36.47
113,152.26,77.95,36.47
102,152.27,77.97,36.47
114,152.25,77.96,36.47
130,152.24,77.95,36.47
112,152.25,77.95,36.48
103,152.25,77.97,36.48
98,152.27,77.96,36.48
101,152.26,77.95,36.48
92,152.27,77.97,36.48
82,152.27,77.95,36.49
84,152.28,77.96,36.49
76,152.27,77.95,36.5
98,152.25,77.95,36.49
58,152.33,77.95,36.34
122,152.32,77.96,36.35
57,152.33,77.94,36.34
40,152.34,77.94,36.36
101,152.33,77.96,36.36
96,152.33,77.96,36.36
40,152.34,77.94,36.35
96,152.34,77.95,36.38
96,152.34,77.95,36.38
103,152.34,77.96,36.38
104,152.34,77.96,36.38
103,152.33,77.95,36.37
88,152.34,77.95,36.4
90,152.34,77.95,36.4
97,152.34,77.96,36.4
94,152.34,77.96,36.4
92,152.34,77.95,36.39
94,152.34,77.95,36.39
100,152.34,77.96,36.39
102,152.34,77.96,36.39
85,152.34,77.95,36.41
83,152.34,77.95,36.41
91,152.34,77.96,36.41
88,152.34,77.96,36.41
80,152.34,77.95,36.42
78,152.34,77.95,36.42
82,152.34,77.96,36.42
85,152.34,77.96,36.42
114,152.33,77.96,36.36
103,152.33,77.96,36.35
397,152.29,77.96,36.36
268,152.3,77.96,36.36
170,152.31,77.96,36.36
224,152.3,77.96,36.35
149,152.31,77.96,36.35
122,152.33,77.96,36.37
135,152.33,77.96,36.38
136,152.33,77.96,36.38
111,152.33,77.96,36.38
111,152.33,77.96,36.38
118,152.33,77.96,36.38
119,152.33,77.96,36.38
408,152.29,77.96,36.38
304,152.3,77.96,36.38
191,152.31,77.96,36.38
427,152.29,77.96,36.37
299,152.3,77.96,36.37
186,152.31,77.96,36.37
107,152.33,77.96,36.39
109,152.33,77.96,36.39
117,152.33,77.96,36.39
114,152.33,77.96,36.39
133,152.33,77.96,36.39
129,152.33,77.96,36.39
104,152.33,77.96,36.4
101,152.33,77.96,36.4
111,152.33,77.96,36.4
107,152.33,77.96,36.4
125,152.33,77.96,36.4
120,152.33,77.96,36.4
358,152.29,77.96,36.39
282,152.3,77.96,36.39
183,152.31,77.96,36.39
296,152.29,77.96,36.4
240,152.3,77.96,36.4
165,152.31,77.96,36.4
240,152.29,77.96,36.41
198,152.3,77.96,36.41
144,152.31,77.96,36.41
103,152.33,77.96,36.41
195,152.29,77.96,36.42
164,152.3,77.96,36.42
126,152.31,77.96,36.42
95,152.33,77.96,36.42
639,152.29,77.95,36.33
231,152.29,77.96,36.35
1113,152.29,77.94,36.34
349,152.29,77.96,36.35
186,152.3,77.96,36.34
346,152.29,77.95,36.33
3489,152.27,77.95,36.34
225,152.28,77.96,36.35
1846,152.27,77.95,36.33
6370,152.27,77.95,36.35
4206,152.25,77.95,36.34
527,152.27,77.96,36.38
734,152.27,77.96,36.37
439,152.27,77.97,36.38
498,152.27,77.97,36.37
449,152.25,77.96,36.38
483,152.25,77.96,36.38
625,152.25,77.96,36.37
3207,152.24,77.95,36.37
1673,152.24,77.95,36.38
957,152.27,77.96,36.36
853,152.27,77.96,36.35
9547,152.26,77.95,36.35
523,152.27,77.97,36.36
521,152.27,77.97,36.35
6670,152.24,77.95,36.36
739,152.25,77.96,36.36
6517,152.25,77.95,36.35
953,152.25,77.96,36.36
5382,152.24,77.95,36.36
427,152.27,77.96,36.39
346,152.27,77.96,36.4
372,152.27,77.97,36.39
309,152.27,77.97,36.4
379,152.25,77.96,36.39
956,152.24,77.94,36.39
320,152.25,77.96,36.4
638,152.24,77.94,36.4
375,152.25,77.96,36.39
316,152.25,77.96,36.4
281,152.27,77.96,36.41
229,152.27,77.96,36.42
254,152.27,77.97,36.41
210,152.27,77.97,36.42
269,152.25,77.96,36.41
470,152.24,77.94,36.41
228,152.25,77.96,36.42
359,152.24,77.94,36.42
266,152.25,77.96,36.41
225,152.25,77.96,36.42
69,152.34,77.95,36.43
69,152.34,77.95,36.43
73,152.34,77.95,36.43
71,152.34,77.95,36.43
68,152.34,77.95,36.44
67,152.34,77.95,36.44
70,152.34,77.95,36.44
69,152.34,77.95,36.44
70,152.34,77.95,36.45
34,152.35,77.94,36.46
37,152.34,77.94,36.48
36,152.35,77.94,36.36
89,152.34,77.95,36.39
91,152.34,77.95,36.38
36,152.35,77.94,36.38
95,152.34,77.95,36.38
36,152.35,77.94,36.37
75,152.34,77.95,36.4
78,152.34,77.95,36.4
82,152.34,77.95,36.4
84,152.34,77.95,36.4
80,152.34,77.95,36.39
82,152.34,77.95,36.39
36,152.35,77.94,36.39
86,152.34,77.95,36.39
87,152.34,77.95,36.39
71,152.35,77.94,36.41
71,152.35,77.94,36.41
70,152.35,77.94,36.42
69,152.35,77.94,36.42
74,152.34,77.95,36.41
73,152.34,77.95,36.41
80,152.34,77.95,36.41
78,152.34,77.95,36.41
72,152.34,77.95,36.42
70,152.34,77.95,36.42
76,152.34,77.95,36.42
74,152.34,77.95,36.42
129,152.31,77.96,36.34
156,152.3,77.97,36.33
182,152.3,77.95,36.33
132,152.31,77.95,36.33
95,152.31,77.95,36.33
68,152.32,77.95,36.33
33,152.35,77.94,36.43
33,152.35,77.94,36.45
35,152.34,77.94,36.44
34,152.34,77.94,36.44
33,152.35,77.94,36.4
33,152.35,77.94,36.39
33,152.35,77.94,36.41
32,152.35,77.94,36.42
70,152.34,77.96,36.43
67,152.34,77.96,36.44
64,152.34,77.96,36.45
60,152.34,77.96,36.46
33,152.35,77.94,36.47
57,152.34,77.96,36.47
55,152.34,77.96,36.48
40,152.34,77.95,36.49
58,152.33,77.96,36.49
38,152.34,77.95,36.49
66,152.3,77.97,36.5
60,152.31,77.97,36.5
53,152.31,77.95,36.5
46,152.32,77.95,36.5
59,152.29,77.95,36.51
52,152.29,77.96,36.53
95,152.28,77.97,36.47
87,152.29,77.97,36.47
77,152.31,77.97,36.47
68,152.32,77.97,36.47
59,152.34,77.97,36.47
79,152.29,77.97,36.48
71,152.31,77.97,36.48
63,152.32,77.97,36.48
56,152.34,77.97,36.48
58,152.32,77.97,36.49
71,152.29,77.97,36.5
70,152.28,77.95,36.5
86,152.28,77.97,36.48
78,152.29,77.97,36.49
72,152.29,77.97,36.49
65,152.31,77.97,36.49
65,152.29,77.97,36.5
157,152.28,77.97,36.43
136,152.28,77.97,36.44
139,152.29,77.97,36.43
116,152.31,77.97,36.43
94,152.32,77.97,36.43
75,152.34,77.97,36.43
121,152.29,77.97,36.44
103,152.31,77.97,36.44
85,152.32,77.97,36.44
71,152.34,77.97,36.44
119,152.28,77.97,36.45
106,152.28,77.97,36.46
107,152.29,77.97,36.45
93,152.31,77.97,36.45
79,152.32,77.97,36.45
67,152.34,77.97,36.45
96,152.29,77.97,36.46
84,152.31,77.97,36.46
73,152.32,77.97,36.46
63,152.34,77.97,36.46
73,152.26,77.95,36.51
85,152.24,77.96,36.51
62,152.26,77.96,36.53
285,152.22,77.95,36.44
195,152.22,77.95,36.46
183,152.26,77.97,36.43
158,152.26,77.97,36.44
168,152.27,77.97,36.43
146,152.27,77.97,36.44
194,152.24,77.96,36.43
169,152.24,77.96,36.44
291,152.23,77.95,36.43
239,152.23,77.95,36.44
186,152.25,77.97,36.43
162,152.25,77.97,36.44
138,152.26,77.97,36.45
122,152.26,77.97,36.46
128,152.27,77.97,36.45
114,152.27,77.97,36.46
148,152.24,77.96,36.45
132,152.24,77.97,36.46
177,152.23,77.95,36.46
143,152.25,77.97,36.45
127,152.25,77.97,36.46
150,152.22,77.95,36.47
109,152.26,77.97,36.47
102,152.27,77.97,36.47
131,152.23,77.95,36.48
113,152.25,77.97,36.47
100,152.25,77.97,36.48
97,152.26,77.97,36.48
92,152.27,77.97,36.48
86,152.26,77.95,36.5
75,152.27,77.97,36.5
82,152.27,77.97,36.49
103,152.23,77.95,36.49
88,152.25,77.97,36.49
84,152.33,77.97,36.34
46,152.34,77.95,36.33
46,152.34,77.95,36.34
93,152.33,77.96,36.34
42,152.34,77.95,36.34
80,152.34,77.96,36.36
35,152.35,77.94,36.35
76,152.34,77.96,36.35
86,152.34,77.96,36.38
85,152.34,77.96,36.37
81,152.34,77.96,36.4
84,152.34,77.96,36.39
78,152.34,77.96,36.41
74,152.34,77.96,36.42
128,152.32,77.97,36.36
91,152.34,77.97,36.36
117,152.32,77.97,36.35
84,152.34,77.97,36.35
361,152.28,77.97,36.36
270,152.29,77.97,36.36
187,152.31,77.97,36.36
240,152.29,77.97,36.35
166,152.31,77.97,36.35
127,152.32,77.98,36.35
138,152.32,77.98,36.36
136,152.32,77.97,36.37
96,152.34,77.97,36.37
138,152.32,77.97,36.38
97,152.34,77.97,36.38
337,152.28,77.97,36.38
279,152.29,77.97,36.38
202,152.31,77.97,36.38
361,152.28,77.97,36.37
285,152.29,77.97,36.37
201,152.31,77.97,36.37
146,152.32,77.98,36.37
95,152.34,77.97,36.39
147,152.32,77.98,36.38
134,152.32,77.97,36.39
91,152.34,77.97,36.4
125,152.32,77.97,36.4
299,152.28,77.97,36.39
256,152.29,77.97,36.39
192,152.31,77.97,36.39
256,152.28,77.97,36.4
224,152.29,77.97,36.4
173,152.31,77.97,36.4
217,152.28,77.97,36.41
184,152.28,77.97,36.42
191,152.29,77.97,36.41
86,152.34,77.97,36.41
152,152.31,77.97,36.41
114,152.32,77.97,36.41
163,152.29,77.97,36.42
80,152.34,77.97,36.42
133,152.31,77.97,36.42
103,152.32,77.97,36.42
350,152.29,77.95,36.32
103,152.32,77.97,36.34
228,152.29,77.97,36.33
1022,152.28,77.95,36.33
287,152.29,77.96,36.34
337,152.28,77.97,36.35
202,152.29,77.97,36.34
143,152.31,77.97,36.34
174,152.29,77.97,36.33
113,152.32,77.98,36.34
713,152.27,77.96,36.35
3829,152.26,77.95,36.34
314,152.27,77.97,36.33
487,152.27,77.97,36.34
2741,152.23,77.95,36.34
652,152.25,77.97,36.34
1173,152.26,77.95,36.32
1350,152.24,77.96,36.32
1764,152.22,77.95,36.38
426,152.26,77.97,36.38
509,152.26,77.97,36.37
359,152.27,77.97,36.38
405,152.27,77.97,36.37
506,152.24,77.96,36.38
627,152.24,77.97,36.37
2478,152.23,77.95,36.37
417,152.25,77.97,36.38
524,152.25,77.97,36.37
608,152.26,77.97,36.36
848,152.26,77.97,36.35
435,152.27,77.97,36.36
448,152.27,77.97,36.35
724,152.24,77.97,36.37
3743,152.23,77.95,36.36
706,152.25,77.97,36.36
834,152.25,77.97,36.35
907,152.22,77.95,36.4
464,152.22,77.95,36.42
356,152.26,77.97,36.39
299,152.26,77.97,36.4
312,152.27,77.97,36.39
268,152.27,77.97,36.4
390,152.24,77.96,36.39
317,152.24,77.96,36.4
346,152.25,77.97,36.39
291,152.25,77.97,36.4
252,152.26,77.97,36.41
214,152.26,77.97,36.42
229,152.27,77.97,36.41
195,152.27,77.97,36.42
265,152.24,77.96,36.41
226,152.24,77.96,36.42
249,152.25,77.97,36.41
214,152.25,77.97,36.42
63,152.35,77.95,36.43
65,152.35,77.95,36.43
63,152.35,77.95,36.44
30,152.36,77.94,36.45
61,152.35,77.95,36.45
59,152.35,77.96,36.46
31,152.36,77.94,36.46
32,152.36,77.94,36.47
34,152.35,77.95,36.48
75,152.35,77.96,36.37
33,152.36,77.94,36.36
33,152.36,77.95,36.35
32,152.36,77.94,36.38
76,152.35,77.95,36.38
78,152.35,77.96,36.37
32,152.36,77.94,36.37
30,152.36,77.94,36.38
68,152.35,77.95,36.4
69,152.35,77.95,36.39
72,152.35,77.95,36.4
74,152.35,77.95,36.39
66,152.35,77.95,36.41
64,152.35,77.95,36.42
70,152.35,77.95,36.41
67,152.35,77.95,36.42
127,152.3,77.97,36.33
123,152.31,77.97,36.33
99,152.32,77.98,36.33
111,152.31,77.97,36.33
90,152.32,77.97,36.33
83,152.31,77.95,36.32
430,152.26,77.96,36.3
158,152.29,77.95,36.3
32,152.35,77.94,36.43
29,152.36,77.94,36.45
32,152.35,77.94,36.44
29,152.36,77.94,36.4
30,152.36,77.94,36.39
29,152.36,77.94,36.41
29,152.36,77.94,36.42
62,152.35,77.97,36.43
59,152.35,77.97,36.44
66,152.34,77.97,36.43
62,152.34,77.97,36.44
57,152.35,77.97,36.45
54,152.35,77.97,36.46
59,152.34,77.97,36.45
56,152.34,77.97,36.46
51,152.35,77.97,36.47
53,152.34,77.97,36.47
40,152.34,77.95,36.5
48,152.35,77.97,36.48
50,152.34,77.97,36.49
50,152.34,77.97,36.48
51,152.34,77.97,36.49
35,152.35,77.95,36.49
36,152.35,77.95,36.5
60,152.31,77.97,36.5
54,152.32,77.97,36.5
47,152.32,77.95,36.51
42,152.33,77.95,36.5
64,152.27,77.95,36.52
55,152.27,77.96,36.53
59,152.29,77.98,36.51
49,152.3,77.95,36.52
50,152.29,77.98,36.53
45,152.3,77.96,36.53
94,152.27,77.98,36.47
87,152.29,77.98,36.47
79,152.29,77.98,36.48
55,152.34,77.98,36.47
79,152.3,77.98,36.47
70,152.32,77.98,36.47
61,152.33,77.97,36.47
72,152.3,77.98,36.48
65,152.32,77.98,36.48
57,152.33,77.97,36.48
52,152.34,77.98,36.48
53,152.33,77.97,36.49
60,152.32,77.98,36.49
55,152.32,77.98,36.5
85,152.27,77.98,36.48
78,152.28,77.97,36.49
70,152.28,77.97,36.5
72,152.29,77.98,36.49
66,152.3,77.98,36.49
66,152.29,77.98,36.5
61,152.3,77.98,36.5
151,152.27,77.98,36.43
137,152.29,77.98,36.43
132,152.27,77.98,36.44
121,152.29,77.98,36.44
65,152.34,77.98,36.44
119,152.3,77.98,36.43
99,152.32,77.98,36.43
80,152.33,77.97,36.43
106,152.3,77.98,36.44
90,152.32,77.98,36.44
75,152.33,77.97,36.44
117,152.27,77.98,36.45
107,152.29,77.98,36.45
105,152.27,77.98,36.46
96,152.29,77.98,36.46
58,152.34,77.98,36.46
62,152.34,77.98,36.45
95,152.3,77.98,36.45
82,152.32,77.98,36.45
70,152.33,77.97,36.45
86,152.3,77.98,36.46
75,152.32,77.98,36.46
65,152.33,77.97,36.46
66,152.26,77.98,36.51
76,152.25,77.96,36.52
89,152.22,77.96,36.51
72,152.24,77.99,36.51
56,152.26,77.99,36.53
75,152.22,77.96,36.53
65,152.25,77.96,36.53
180,152.22,77.97,36.44
310,152.2,77.95,36.44
138,152.22,77.97,36.45
211,152.2,77.95,36.46
174,152.25,77.97,36.43
152,152.25,77.97,36.44
160,152.26,77.98,36.43
140,152.26,77.98,36.44
169,152.23,77.98,36.44
134,152.25,77.97,36.45
119,152.25,77.97,36.46
125,152.26,77.98,36.45
111,152.26,77.98,36.46
133,152.23,77.98,36.46
121,152.21,77.96,36.49
114,152.22,77.98,36.47
151,152.21,77.95,36.48
107,152.25,77.97,36.47
96,152.25,77.97,36.48
100,152.26,77.98,36.47
90,152.26,77.98,36.48
106,152.23,77.98,36.47
107,152.22,77.96,36.5
85,152.23,77.98,36.49
80,152.26,77.98,36.49
37,152.34,77.95,36.32
67,152.34,77.97,36.33
38,152.34,77.95,36.33
69,152.34,77.96,36.35
75,152.34,77.97,36.34
35,152.35,77.95,36.33
35,152.35,77.95,36.34
67,152.35,77.97,36.36
61,152.35,77.97,36.35
71,152.35,77.97,36.38
70,152.35,77.97,36.37
69,152.35,77.97,36.4
71,152.35,77.97,36.39
67,152.35,77.97,36.41
64,152.35,77.97,36.42
100,152.33,77.97,36.36
74,152.34,77.97,36.36
93,152.33,77.97,36.35
69,152.34,77.97,36.35
317,152.27,77.98,36.36
255,152.29,77.98,36.36
192,152.3,77.98,36.36
236,152.29,77.98,36.35
174,152.3,77.98,36.35
132,152.31,77.98,36.35
100,152.32,77.98,36.35
143,152.31,77.98,36.36
107,152.32,77.98,36.36
105,152.33,77.97,36.37
77,152.34,77.97,36.37
106,152.33,77.97,36.38
78,152.34,77.97,36.38
288,152.27,77.98,36.38
251,152.29,77.98,36.38
199,152.3,77.98,36.38
310,152.27,77.98,36.37
261,152.29,77.98,36.37
201,152.3,77.98,36.37
148,152.31,77.98,36.37
112,152.32,77.98,36.37
78,152.34,77.97,36.39
75,152.34,77.97,36.4
148,152.31,77.98,36.38
113,152.32,77.98,36.38
104,152.33,77.97,36.39
142,152.32,77.98,36.39
99,152.33,77.97,36.4
133,152.32,77.98,36.4
259,152.27,77.98,36.39
231,152.29,77.98,36.39
188,152.3,77.98,36.39
228,152.27,77.98,36.4
206,152.29,77.98,36.4
171,152.3,77.98,36.4
72,152.34,77.97,36.41
69,152.34,77.98,36.43
69,152.34,77.97,36.42
199,152.27,77.98,36.41
180,152.29,77.98,36.41
173,152.27,77.98,36.42
157,152.29,77.98,36.42
152,152.3,77.98,36.41
93,152.33,77.97,36.41
121,152.32,77.98,36.41
135,152.3,77.98,36.42
87,152.33,77.97,36.42
109,152.32,77.98,36.42
138,152.3,77.95,36.31
140,152.29,77.98,36.32
485,152.27,77.95,36.31
84,152.33,77.97,36.34
289,152.28,77.97,36.34
245,152.28,77.97,36.33
305,152.27,77.98,36.35
205,152.29,77.98,36.34
153,152.3,77.98,36.34
173,152.29,77.98,36.33
132,152.3,77.98,36.33
119,152.31,77.98,36.34
91,152.32,77.98,36.34
105,152.31,77.98,36.33
1555,152.21,77.96,36.34
1696,152.22,77.96,36.34
431,152.23,77.98,36.34
471,152.26,77.98,36.34
1017,152.24,77.96,36.32
192,152.26,77.98,36.32
974,152.22,77.96,36.32
228,152.23,77.98,36.32
421,152.22,77.97,36.38
1410,152.2,77.95,36.38
869,152.18,77.96,36.38
2021,152.21,77.95,36.36
365,152.25,77.97,36.38
425,152.25,77.97,36.37
307,152.26,77.98,36.38
340,152.26,77.98,36.37
422,152.23,77.98,36.38
481,152.25,77.97,36.36
538,152.25,77.97,36.35
359,152.26,77.98,36.36
350,152.26,77.98,36.35
535,152.23,77.98,36.36
830,152.2,77.95,36.4
345,152.22,77.97,36.4
674,152.18,77.96,36.4
489,152.2,77.95,36.42
244,152.22,77.97,36.42
459,152.18,77.96,36.42
312,152.25,77.97,36.39
268,152.25,77.97,36.4
272,152.26,77.98,36.39
239,152.26,77.98,36.4
295,152.23,77.98,36.4
231,152.25,77.97,36.41
200,152.25,77.97,36.42
209,152.26,77.98,36.41
182,152.26,77.98,36.42
220,152.23,77.98,36.42
55,152.36,77.95,36.43
54,152.36,77.95,36.44
58,152.36,77.96,36.43
56,152.36,77.96,36.44
53,152.36,77.96,36.45
54,152.36,77.96,36.45
29,152.36,77.94,36.46
52,152.36,77.96,36.46
28,152.37,77.94,36.46
50,152.36,77.96,36.47
30,152.36,77.95,36.47
31,152.36,77.95,36.48
61,152.35,77.96,36.36
29,152.37,77.95,36.36
56,152.36,77.96,36.36
29,152.36,77.95,36.35
59,152.36,77.96,36.38
63,152.36,77.96,36.38
29,152.36,77.94,36.37
63,152.36,77.96,36.37
28,152.37,77.94,36.37
27,152.37,77.94,36.38
59,152.36,77.95,36.4
59,152.36,77.95,36.39
63,152.36,77.96,36.4
64,152.36,77.96,36.39
58,152.36,77.95,36.41
56,152.36,77.95,36.42
62,152.36,77.96,36.41
60,152.36,77.96,36.42
74,152.33,77.97,36.33
81,152.32,77.98,36.33
85,152.31,77.97,36.32
45,152.33,77.95,36.32
60,152.32,77.95,36.3
483,152.22,77.96,36.3
433,152.25,77.96,36.3
90,152.26,77.98,36.3
85,152.29,77.98,36.3
215,152.27,77.96,36.3
84,152.3,77.96,36.3
48,152.28,77.96,36.55
40,152.3,77.96,36.55
330,152.18,77.96,36.43
29,152.36,77.94,36.43
27,152.37,77.94,36.45
29,152.36,77.94,36.44
27,152.37,77.94,36.4
27,152.37,77.94,36.39
26,152.37,77.94,36.41
26,152.37,77.94,36.42
54,152.36,77.97,36.43
52,152.36,77.97,36.44
57,152.35,77.98,36.43
55,152.35,77.98,36.44
50,152.36,77.97,36.45
48,152.36,77.97,36.46
53,152.35,77.98,36.45
50,152.35,77.98,36.46
45,152.36,77.97,36.47
48,152.35,77.98,36.47
47,152.34,77.97,36.5
35,152.34,77.95,36.51
43,152.36,77.97,36.48
45,152.35,77.98,36.48
45,152.35,77.97,36.49
31,152.36,77.95,36.5
46,152.34,77.97,36.49
43,152.34,77.97,36.5
51,152.32,77.98,36.51
39,152.33,77.95,36.52
49,152.33,77.97,36.5
36,152.33,77.96,36.53
32,152.33,77.96,36.55
60,152.28,77.99,36.51
50,152.28,77.99,36.53
51,152.3,77.98,36.51
44,152.3,77.99,36.53
39,152.32,77.96,36.54
93,152.27,77.99,36.47
84,152.27,77.99,36.48
49,152.34,77.99,36.47
85,152.28,77.99,36.47
78,152.28,77.99,36.48
87,152.28,77.99,36.47
79,152.3,77.98,36.47
79,152.28,77.99,36.48
73,152.3,77.98,36.48
72,152.3,77.99,36.47
66,152.3,77.99,36.48
56,152.33,77.99,36.47
53,152.33,77.99,36.48
71,152.31,77.98,36.47
63,152.32,77.98,36.47
66,152.31,77.98,36.48
59,152.32,77.98,36.48
46,152.34,77.99,36.48
48,152.34,77.98,36.49
45,152.34,77.98,36.5
49,152.33,77.99,36.49
46,152.33,77.99,36.5
61,152.31,77.98,36.49
54,152.32,77.98,36.49
56,152.31,77.98,36.5
50,152.32,77.98,36.5
71,152.28,77.99,36.49
61,152.3,77.99,36.49
56,152.3,77.99,36.5
67,152.3,77.98,36.49
61,152.3,77.98,36.5
143,152.27,77.99,36.43
127,152.27,77.99,36.44
57,152.34,77.99,36.44
127,152.28,77.99,36.43
114,152.28,77.99,36.44
133,152.28,77.99,36.43
118,152.3,77.98,36.43
118,152.28,77.99,36.44
106,152.3,77.98,36.44
92,152.3,77.99,36.44
102,152.3,77.99,36.43
72,152.33,77.99,36.43
68,152.33,77.99,36.44
101,152.31,77.98,36.43
84,152.32,77.98,36.43
92,152.31,77.98,36.44
78,152.32,77.98,36.44
52,152.34,77.99,36.46
55,152.34,77.99,36.45
114,152.27,77.99,36.45
102,152.27,77.99,36.46
103,152.28,77.99,36.45
93,152.28,77.99,36.46
106,152.28,77.99,36.45
95,152.3,77.98,36.45
95,152.28,77.99,36.46
87,152.3,77.98,36.46
78,152.3,77.99,36.46
85,152.3,77.99,36.45
60,152.33,77.99,36.46
64,152.33,77.99,36.45
84,152.31,77.98,36.45
72,152.32,77.98,36.45
77,152.31,77.98,36.46
67,152.32,77.98,36.46
83,152.19,77.97,36.53
99,152.19,77.96,36.51
91,152.21,77.96,36.52
69,152.22,77.99,36.51
66,152.25,77.99,36.51
60,152.22,78,36.53
55,152.25,77.99,36.53
76,152.21,77.97,36.54
68,152.23,77.96,36.54
56,152.25,77.96,36.55
165,152.21,77.98,36.44
295,152.19,77.96,36.44
131,152.21,77.98,36.46
222,152.19,77.96,36.46
149,152.22,77.99,36.44
145,152.25,77.99,36.44
121,152.22,77.99,36.46
116,152.25,77.99,36.46
89,152.21,77.99,36.49
123,152.19,77.96,36.5
106,152.21,77.98,36.47
163,152.19,77.96,36.48
99,152.22,77.99,36.48
95,152.25,77.99,36.48
83,152.22,77.99,36.49
78,152.25,77.99,36.49
53,152.34,77.97,36.32
25,152.36,77.95,36.32
56,152.35,77.97,36.34
51,152.35,77.97,36.33
28,152.36,77.95,36.33
63,152.34,77.97,36.34
57,152.34,77.97,36.33
56,152.36,77.97,36.36
52,152.36,77.97,36.35
59,152.36,77.97,36.38
58,152.36,77.97,36.37
59,152.36,77.97,36.4
60,152.36,77.97,36.39
58,152.36,77.97,36.41
56,152.36,77.97,36.42
275,152.27,77.99,36.36
266,152.27,77.99,36.35
81,152.34,77.98,36.36
61,152.35,77.98,36.36
75,152.34,77.98,36.35
57,152.35,77.98,36.35
86,152.33,77.99,36.36
80,152.33,77.99,36.35
211,152.28,77.99,36.36
201,152.28,77.99,36.35
235,152.28,77.99,36.36
186,152.3,77.98,36.36
221,152.28,77.99,36.35
174,152.3,77.98,36.35
133,152.3,77.99,36.35
104,152.32,77.99,36.35
141,152.3,77.99,36.36
110,152.32,77.99,36.36
251,152.27,77.99,36.38
268,152.27,77.99,36.37
84,152.34,77.98,36.37
63,152.35,77.98,36.37
85,152.34,77.98,36.38
65,152.35,77.98,36.38
89,152.33,77.99,36.37
90,152.33,77.99,36.38
202,152.28,77.99,36.38
210,152.28,77.99,36.37
226,152.28,77.99,36.38
188,152.3,77.98,36.38
235,152.28,77.99,36.37
192,152.3,77.98,36.37
146,152.3,77.99,36.37
114,152.32,77.99,36.37
145,152.3,77.99,36.38
229,152.27,77.99,36.39
205,152.27,77.99,36.4
84,152.34,77.98,36.39
65,152.35,77.98,36.39
81,152.34,77.98,36.4
63,152.35,77.98,36.4
115,152.32,77.99,36.38
89,152.33,77.99,36.39
85,152.33,77.99,36.4
144,152.31,77.98,36.39
110,152.32,77.98,36.39
135,152.31,77.98,36.4
105,152.32,77.98,36.4
189,152.28,77.99,36.39
173,152.28,77.99,36.4
140,152.3,77.99,36.39
132,152.3,77.99,36.4
209,152.28,77.99,36.39
178,152.3,77.98,36.39
189,152.28,77.99,36.4
164,152.3,77.98,36.4
182,152.27,77.99,36.41
162,152.27,77.99,36.42
60,152.34,77.99,36.43
78,152.34,77.98,36.41
62,152.35,77.98,36.41
73,152.34,77.98,36.42
60,152.35,77.98,36.42
157,152.28,77.99,36.41
141,152.28,77.99,36.42
169,152.28,77.99,36.41
148,152.3,77.98,36.41
150,152.28,77.99,36.42
132,152.3,77.98,36.42
112,152.3,77.99,36.42
122,152.3,77.99,36.41
81,152.33,77.99,36.41
77,152.33,77.99,36.42
123,152.31,77.98,36.41
98,152.32,77.98,36.41
112,152.31,77.98,36.42
91,152.32,77.98,36.42
145,152.28,77.99,36.32
95,152.3,77.98,36.32
69,152.34,77.98,36.34
62,152.34,77.98,36.33
74,152.33,77.99,36.34
68,152.33,77.99,36.33
212,152.28,77.99,36.34
155,152.3,77.98,36.34
136,152.3,77.98,36.33
121,152.3,77.99,36.34
95,152.32,77.99,36.34
108,152.3,77.99,36.33
85,152.32,77.99,36.33
294,152.21,77.99,36.34
1010,152.19,77.96,36.34
622,152.17,77.97,36.34
679,152.19,77.96,36.32
288,152.22,77.99,36.34
281,152.25,77.99,36.34
731,152.21,77.96,36.32
199,152.22,77.99,36.32
201,152.25,77.99,36.32
420,152.19,77.97,36.3
403,152.21,77.97,36.3
334,152.21,77.98,36.38
1065,152.19,77.96,36.37
668,152.17,77.96,36.38
227,152.18,77.99,36.38
347,152.21,77.98,36.36
1140,152.19,77.96,36.36
717,152.17,77.96,36.36
283,152.22,77.99,36.38
282,152.25,77.99,36.38
312,152.22,77.99,36.36
311,152.25,77.99,36.36
533,152.17,77.96,36.4
219,152.18,77.99,36.4
275,152.21,77.98,36.4
405,152.17,77.96,36.42
186,152.18,77.99,36.42
212,152.21,77.98,36.42
231,152.22,77.99,36.4
230,152.25,77.99,36.4
185,152.22,77.99,36.42
182,152.25,77.99,36.42
48,152.37,77.96,36.43
47,152.37,77.96,36.44
51,152.36,77.96,36.43
50,152.36,77.96,36.44
46,152.37,77.96,36.45
44,152.37,77.96,36.46
48,152.36,77.96,36.45
46,152.36,77.97,36.46
26,152.38,77.95,36.46
28,152.37,77.95,36.47
43,152.36,77.97,36.47
27,152.38,77.95,36.47
28,152.37,77.95,36.48
41,152.36,77.97,36.48
29,152.37,77.95,36.49
25,152.37,77.95,36.34
26,152.37,77.95,36.36
50,152.36,77.97,36.36
47,152.36,77.97,36.35
25,152.38,77.95,36.36
25,152.37,77.95,36.35
50,152.37,77.96,36.38
48,152.37,77.96,36.37
54,152.36,77.96,36.38
52,152.36,77.97,36.37
25,152.38,77.95,36.37
25,152.38,77.95,36.38
50,152.37,77.96,36.4
50,152.37,77.96,36.39
55,152.36,77.96,36.4
55,152.36,77.96,36.39
49,152.37,77.96,36.41
49,152.37,77.96,36.42
54,152.36,77.96,36.41
52,152.36,77.96,36.42
59,152.33,77.98,36.32
64,152.32,77.98,36.3
37,152.33,77.96,36.3
118,152.22,78,36.3
115,152.25,77.99,36.3
248,152.22,77.97,36.28
400,152.23,77.96,36.3
208,152.25,77.96,36.28
95,152.28,77.99,36.3
68,152.3,77.99,36.3
114,152.28,77.96,36.28
55,152.3,77.96,36.28
224,152.21,77.97,36.28
50,152.26,77.96,36.56
35,152.32,77.96,36.55
44,152.28,77.99,36.55
39,152.3,77.99,36.55
42,152.29,77.96,36.56
159,152.18,77.99,36.43
298,152.17,77.96,36.44
222,152.17,77.96,36.46
168,152.17,77.96,36.48
135,152.17,77.97,36.49
26,152.37,77.94,36.43
26,152.38,77.95,36.45
27,152.37,77.94,36.44
24,152.38,77.94,36.4
24,152.38,77.94,36.39
24,152.38,77.94,36.41
24,152.38,77.94,36.42
147,152.11,77.97,36.29
219,152.11,77.98,36.33
47,152.36,77.98,36.43
46,152.36,77.98,36.44
50,152.36,77.99,36.43
48,152.36,77.99,36.44
44,152.36,77.98,36.45
43,152.36,77.98,36.46
47,152.36,77.99,36.45
45,152.36,77.99,36.46
41,152.36,77.98,36.47
38,152.36,77.98,36.48
43,152.36,77.99,36.47
40,152.36,77.99,36.48
28,152.36,77.96,36.53
41,152.34,77.98,36.51
30,152.36,77.95,36.51
38,152.36,77.98,36.49
42,152.33,77.98,36.51
30,152.35,77.96,36.54
37,152.33,77.99,36.53
33,152.33,77.99,36.55
28,152.34,77.96,36.55
59,152.26,78,36.51
52,152.29,78,36.51
51,152.26,78,36.53
45,152.29,78,36.53
44,152.32,78,36.51
39,152.32,78,36.53
82,152.26,78,36.48
44,152.35,77.99,36.47
42,152.35,77.99,36.48
45,152.35,78,36.47
43,152.35,78,36.48
50,152.34,77.99,36.47
48,152.34,77.99,36.48
72,152.29,78,36.48
59,152.32,78,36.48
41,152.35,77.99,36.49
69,152.26,78,36.49
61,152.29,78,36.49
51,152.32,78,36.49
118,152.26,78,36.44
52,152.35,77.99,36.43
50,152.35,77.99,36.44
52,152.35,78,36.44
54,152.35,78,36.43
62,152.34,77.99,36.43
59,152.34,77.99,36.44
101,152.29,78,36.44
78,152.32,78,36.44
48,152.35,77.99,36.45
46,152.35,77.99,36.46
50,152.35,78,36.45
47,152.35,78,36.46
53,152.34,77.99,36.46
56,152.34,77.99,36.45
98,152.26,78,36.46
85,152.29,78,36.46
67,152.32,78,36.46
71,152.19,78,36.51
61,152.19,78.01,36.53
85,152.18,77.97,36.53
103,152.18,77.97,36.51
67,152.21,78.01,36.51
64,152.24,78,36.51
57,152.25,78.02,36.51
58,152.21,78.01,36.53
55,152.24,78,36.53
48,152.25,78,36.55
63,152.2,77.97,36.56
58,152.23,77.97,36.55
49,152.25,78.02,36.53
147,152.19,77.99,36.44
121,152.19,77.99,36.46
128,152.21,78.01,36.44
126,152.24,78,36.44
108,152.21,78.01,36.46
105,152.24,78,36.46
89,152.25,78.02,36.46
104,152.25,78.02,36.44
84,152.19,78,36.49
124,152.18,77.96,36.5
100,152.19,78,36.47
91,152.21,78.01,36.48
88,152.24,78,36.48
78,152.21,78.01,36.49
75,152.24,78,36.49
76,152.25,78.02,36.48
66,152.25,78.02,36.49
23,152.36,77.96,36.3
19,152.38,77.96,36.32
39,152.36,77.98,36.32
45,152.36,77.98,36.34
47,152.36,77.98,36.36
44,152.36,77.98,36.35
51,152.36,77.99,36.36
49,152.36,77.99,36.35
50,152.36,77.98,36.38
49,152.36,77.98,36.37
53,152.36,77.99,36.37
54,152.36,77.99,36.38
51,152.36,77.98,36.4
51,152.36,77.98,36.39
55,152.36,77.99,36.39
54,152.36,77.99,36.4
50,152.36,77.98,36.41
49,152.36,77.98,36.42
52,152.36,77.99,36.42
53,152.36,77.99,36.41
195,152.26,78,36.36
60,152.35,77.99,36.36
88,152.32,78,36.36
83,152.32,78,36.35
147,152.29,78,36.36
85,152.32,78,36.35
89,152.32,78,36.36
105,152.31,78,36.35
111,152.31,78,36.36
191,152.26,78,36.38
64,152.35,77.99,36.38
91,152.32,78,36.37
92,152.32,78,36.38
152,152.29,78,36.38
92,152.32,78,36.37
92,152.32,78,36.38
114,152.31,78,36.37
114,152.31,78,36.38
169,152.26,78,36.4
64,152.35,77.99,36.4
140,152.29,78,36.4
99,152.32,78,36.4
143,152.26,78,36.42
61,152.35,77.99,36.42
121,152.29,78,36.42
89,152.32,78,36.42
130,152.26,78,36.32
98,152.29,78,36.32
67,152.32,78,36.32
172,152.26,78,36.34
53,152.35,77.99,36.34
77,152.32,78,36.34
71,152.32,78,36.33
127,152.29,78,36.34
79,152.32,78,36.34
73,152.32,78,36.33
97,152.31,78,36.34
88,152.31,78,36.33
219,152.19,78,36.34
678,152.18,77.96,36.34
166,152.17,78,36.34
353,152.14,77.97,36.33
163,152.19,78,36.32
504,152.18,77.97,36.32
187,152.21,78.01,36.34
194,152.24,78,36.34
154,152.21,78.01,36.32
151,152.24,78,36.32
135,152.25,78.02,36.34
110,152.25,78.02,36.32
109,152.19,78,36.3
193,152.15,77.98,36.29
336,152.18,77.97,36.3
220,152.18,77.97,36.28
111,152.21,78.01,36.3
194,152.19,77.97,36.28
422,152.14,77.97,36.37
189,152.17,78,36.38
248,152.19,77.99,36.38
182,152.17,78,36.36
252,152.19,78,36.36
198,152.21,78.01,36.38
206,152.24,78,36.38
204,152.21,78.01,36.36
215,152.24,78,36.36
150,152.25,78.02,36.36
150,152.25,78.02,36.38
345,152.14,77.97,36.41
178,152.17,78,36.4
212,152.19,77.99,36.4
155,152.17,78,36.42
177,152.19,77.99,36.42
177,152.21,78.01,36.4
181,152.24,78,36.4
152,152.21,78.01,36.42
152,152.24,78,36.42
138,152.25,78.02,36.4
121,152.25,78.02,36.42
41,152.38,77.96,36.43
40,152.38,77.96,36.44
45,152.37,77.97,36.43
43,152.37,77.97,36.44
39,152.38,77.97,36.45
38,152.38,77.97,36.46
24,152.39,77.95,36.46
42,152.37,77.97,36.45
40,152.37,77.97,36.46
37,152.38,77.97,36.47
38,152.37,77.97,36.47
37,152.37,77.97,36.48
24,152.39,77.95,36.48
36,152.37,77.97,36.49
24,152.38,77.95,36.5
39,152.37,77.97,36.34
20,152.38,77.95,36.34
20,152.4,77.95,36.38
38,152.38,77.97,36.37
42,152.37,77.97,36.36
40,152.37,77.97,36.35
21,152.39,77.95,36.36
41,152.38,77.97,36.38
40,152.38,77.97,36.37
22,152.39,77.95,36.37
46,152.37,77.97,36.38
44,152.37,77.97,36.37
42,152.38,77.96,36.4
42,152.38,77.96,36.39
47,152.37,77.97,36.4
47,152.37,77.97,36.39
42,152.38,77.96,36.41
42,152.38,77.96,36.42
46,152.37,77.97,36.41
46,152.37,77.97,36.42
83,152.12,77.97,36.26
44,152.35,77.99,36.32
47,152.33,77.99,36.3
30,152.33,77.96,36.28
25,152.35,77.96,36.3
74,152.22,78,36.29
110,152.24,78,36.3
84,152.25,78.02,36.3
69,152.25,78,36.28
92,152.26,78,36.3
121,152.26,77.96,36.28
200,152.23,77.97,36.28
64,152.28,77.99,36.28
72,152.29,78,36.3
51,152.3,77.99,36.28
52,152.32,78,36.3
64,152.29,77.96,36.28
35,152.32,77.96,36.28
98,152.14,77.98,36.26
76,152.21,78.01,36.28
111,152.2,77.97,36.26
44,152.26,78,36.55
50,152.24,77.97,36.57
46,152.25,77.97,36.58
44,152.26,77.97,36.57
34,152.32,78,36.55
26,152.34,77.97,36.57
32,152.32,77.96,36.57
39,152.29,78,36.55
38,152.29,77.96,36.57
33,152.31,77.97,36.58
133,152.17,78,36.44
111,152.17,78,36.46
232,152.14,77.97,36.45
95,152.17,78,36.47
83,152.17,78,36.49
148,152.14,77.97,36.49
101,152.14,77.97,36.52
75,152.14,77.98,36.56
49,152.2,77.98,36.6
47,152.12,77.97,36.22
104,152.11,77.98,36.52
77,152.12,77.98,36.56
52,152.17,77.98,36.6
24,152.38,77.94,36.43
25,152.38,77.94,36.44
22,152.39,77.95,36.45
21,152.39,77.95,36.4
22,152.39,77.95,36.42
18,152.38,77.96,36.32
154,152.07,77.97,36.33
112,152.07,77.97,36.3
77,152.1,78.03,36.32
62,152.1,78.03,36.29
179,152.06,77.98,36.37
206,152.09,77.98,36.41
178,152.06,77.98,36.41
253,152.1,77.98,36.37
248,152.1,77.98,36.4
40,152.37,77.99,36.44
37,152.37,77.99,36.46
34,152.37,77.99,36.47
31,152.36,77.99,36.53
24,152.37,77.96,36.53
25,152.37,77.96,36.52
34,152.36,77.98,36.51
31,152.37,77.99,36.49
36,152.35,77.99,36.51
32,152.35,78,36.53
22,152.37,77.96,36.55
29,152.34,78,36.55
24,152.36,77.96,36.56
35,152.31,78.01,36.55
52,152.28,78.01,36.51
45,152.31,78.01,36.51
45,152.28,78.01,36.53
39,152.31,78.01,36.53
38,152.33,78.01,36.51
34,152.33,78.01,36.53
69,152.28,78.01,36.48
37,152.36,78.01,36.48
48,152.33,78.01,36.48
59,152.31,78.01,36.48
34,152.36,78.01,36.49
42,152.33,78.01,36.49
60,152.28,78.01,36.49
51,152.31,78.01,36.49
93,152.28,78.01,36.44
43,152.36,78.01,36.44
59,152.33,78.01,36.44
77,152.31,78.01,36.44
40,152.36,78.01,36.46
53,152.33,78.01,36.46
80,152.28,78.01,36.46
67,152.31,78.01,36.46
68,152.18,78.01,36.51
58,152.18,78.01,36.53
89,152.16,77.97,36.53
62,152.2,78.02,36.51
60,152.22,78.02,36.51
55,152.2,78.02,36.53
54,152.24,78.03,36.51
50,152.27,78.03,36.51
67,152.16,77.98,36.57
46,152.2,78.02,36.56
53,152.22,78.02,36.53
47,152.24,78.01,36.55
54,152.22,77.97,36.57
48,152.24,78.03,36.53
43,152.25,78.02,36.55
44,152.27,78.03,36.53
124,152.18,78.01,36.44
106,152.18,78.01,36.46
108,152.2,78.02,36.44
109,152.22,78.02,36.44
94,152.2,78.02,36.46
94,152.22,78.02,36.46
80,152.24,78.03,36.46
74,152.27,78.03,36.46
91,152.24,78.03,36.44
84,152.27,78.03,36.44
91,152.18,78.01,36.48
79,152.18,78.01,36.49
82,152.2,78.02,36.48
80,152.22,78.02,36.48
71,152.2,78.02,36.49
70,152.22,78.02,36.49
70,152.24,78.03,36.48
65,152.27,78.03,36.48
62,152.24,78.03,36.49
57,152.27,78.03,36.49
33,152.36,77.99,36.3
17,152.37,77.96,36.3
29,152.37,77.99,36.32
34,152.37,77.99,36.34
38,152.37,77.99,36.36
41,152.37,77.99,36.38
42,152.37,77.99,36.4
41,152.37,77.99,36.42
127,152.28,78.01,36.36
43,152.36,78.01,36.36
64,152.33,78.01,36.36
95,152.31,78.01,36.36
130,152.28,78.01,36.38
46,152.36,78.01,36.38
68,152.33,78.01,36.38
99,152.31,78.01,36.38
121,152.28,78.01,36.4
47,152.36,78.01,36.4
68,152.33,78.01,36.4
96,152.31,78.01,36.4
108,152.28,78.01,36.42
45,152.36,78.01,36.42
64,152.33,78.01,36.42
87,152.31,78.01,36.42
54,152.31,78.01,36.3
91,152.28,78.01,36.32
34,152.36,78.01,36.32
49,152.33,78.01,36.32
69,152.31,78.01,36.32
113,152.28,78.01,36.34
39,152.36,78.01,36.34
57,152.33,78.01,36.34
84,152.31,78.01,36.34
100,152.14,78.02,36.33
166,152.18,78.01,36.34
136,152.18,78.01,36.32
135,152.2,78.02,36.34
142,152.22,78.02,36.34
114,152.2,78.02,36.32
118,152.22,78.02,36.32
108,152.24,78.03,36.34
97,152.27,78.03,36.34
91,152.24,78.03,36.32
81,152.27,78.03,36.32
67,152.14,78.03,36.29
102,152.18,78.01,36.3
75,152.18,78.02,36.28
198,152.17,77.97,36.28
91,152.2,78.02,36.3
91,152.22,78.02,36.3
70,152.2,78.02,36.28
73,152.24,78.03,36.3
122,152.14,78.02,36.37
177,152.18,78.01,36.38
177,152.18,78.01,36.36
147,152.2,78.02,36.38
154,152.22,78.02,36.38
147,152.2,78.02,36.36
156,152.22,78.02,36.36
117,152.24,78.03,36.36
107,152.27,78.03,36.36
119,152.24,78.03,36.38
109,152.27,78.03,36.38
117,152.14,78.02,36.41
163,152.18,78.01,36.4
143,152.18,78.01,36.42
138,152.2,78.02,36.4
142,152.22,78.02,36.4
124,152.2,78.02,36.42
126,152.22,78.02,36.42
113,152.24,78.03,36.4
104,152.27,78.03,36.4
103,152.24,78.03,36.42
95,152.27,78.03,36.42
30,152.39,77.97,36.45
31,152.4,77.97,36.44
35,152.39,77.98,36.44
33,152.39,77.98,36.46
20,152.4,77.96,36.48
31,152.38,77.98,36.47
29,152.38,77.98,36.49
23,152.38,77.96,36.51
19,152.4,77.96,36.5
27,152.38,77.98,36.32
30,152.38,77.98,36.34
15,152.4,77.96,36.34
30,152.4,77.97,36.38
17,152.41,77.95,36.38
17,152.4,77.95,36.35
32,152.38,77.98,36.36
34,152.39,77.98,36.38
31,152.4,77.97,36.4
31,152.4,77.97,36.42
36,152.39,77.98,36.4
36,152.39,77.98,36.42
71,152.07,77.96,36.26
43,152.07,77.96,36.23
73,152.09,77.96,36.26
41,152.11,78.03,36.25
45,152.09,77.96,36.23
38,152.33,77.99,36.28
36,152.35,77.99,36.3
21,152.35,77.96,36.28
17,152.36,77.96,36.28
75,152.24,78.01,36.28
65,152.27,78.03,36.3
62,152.25,78.02,36.28
65,152.26,78,36.28
70,152.28,78.01,36.3
74,152.25,77.97,36.25
53,152.29,78,36.28
40,152.32,78,36.28
40,152.33,78.01,36.3
29,152.3,77.97,36.25
42,152.31,78.01,36.28
44,152.14,78.03,36.26
89,152.17,77.98,36.25
49,152.2,78.02,36.26
72,152.22,77.97,36.25
68,152.22,78.02,36.28
58,152.24,78.03,36.28
22,152.36,77.97,36.57
39,152.28,78.01,36.55
38,152.25,78.02,36.57
41,152.24,78.01,36.57
38,152.26,78.01,36.57
39,152.25,77.97,36.6
39,152.28,77.97,36.58
30,152.33,78.01,36.55
26,152.34,78,36.57
30,152.32,78,36.57
27,152.33,77.97,36.58
34,152.29,78.01,36.57
30,152.3,77.97,36.6
31,152.31,78.01,36.57
42,152.22,77.98,36.61
97,152.14,78.02,36.45
187,152.1,77.98,36.45
76,152.14,78.02,36.48
138,152.1,77.98,36.49
177,152.09,77.98,36.44
59,152.14,78.03,36.52
47,152.14,78.03,36.55
36,152.2,78.03,36.59
157,152.06,77.98,36.45
129,152.07,77.98,36.49
28,152.12,78.03,36.21
32,152.25,77.98,36.22
35,152.22,77.97,36.22
46,152.17,77.97,36.22
27,152.12,77.95,36.19
26,152.07,77.95,36.2
27,152.09,77.95,36.19
55,152.1,78.03,36.53
47,152.11,78.03,36.56
35,152.16,78.03,36.61
105,152.07,77.97,36.52
87,152.07,77.97,36.56
79,152.08,77.97,36.57
62,152.12,77.97,36.6
34,152.22,77.98,36.64
55,152.14,77.97,36.61
42,152.17,77.97,36.63
27,152.28,77.97,36.64
20,152.33,77.97,36.63
22,152.39,77.95,36.44
19,152.41,77.95,36.46
19,152.41,77.96,36.47
15,152.41,77.95,36.36
17,152.41,77.95,36.4
18,152.41,77.95,36.42
16,152.37,77.96,36.28
14,152.4,77.96,36.32
115,152.03,77.97,36.33
62,152.06,78.03,36.33
86,152.03,77.97,36.3
50,152.07,78.03,36.29
70,152.12,78.05,36.33
53,152.12,78.05,36.29
137,152.02,77.97,36.37
73,152.06,78.04,36.37
74,152.09,78.04,36.42
76,152.05,78.03,36.41
146,152.02,77.97,36.41
82,152.11,78.04,36.37
83,152.11,78.04,36.41
31,152.39,78,36.44
30,152.39,78,36.46
28,152.39,78,36.48
20,152.39,77.96,36.54
26,152.37,78,36.53
26,152.39,78,36.49
29,152.37,77.99,36.51
31,152.36,78.01,36.51
28,152.36,78.01,36.53
24,152.37,78,36.55
19,152.39,77.97,36.55
25,152.36,78.01,36.55
18,152.39,77.97,36.57
35,152.29,78.03,36.55
31,152.32,78.02,36.55
26,152.35,78.02,36.55
45,152.29,78.03,36.51
38,152.32,78.02,36.51
40,152.29,78.03,36.53
34,152.32,78.02,36.53
32,152.35,78.02,36.51
29,152.35,78.02,36.53
57,152.29,78.03,36.48
30,152.38,78.02,36.48
39,152.35,78.02,36.48
48,152.32,78.02,36.48
28,152.38,78.02,36.49
35,152.35,78.02,36.49
43,152.32,78.02,36.49
51,152.29,78.03,36.49
73,152.29,78.03,36.44
34,152.38,78.02,36.44
45,152.35,78.02,36.44
59,152.32,78.02,36.44
32,152.38,78.02,36.46
42,152.35,78.02,36.46
54,152.32,78.02,36.46
65,152.29,78.03,36.46
55,152.17,78.04,36.52
57,152.21,78.03,36.51
50,152.21,78.03,36.53
51,152.23,78.05,36.51
45,152.23,78.05,36.53
48,152.25,78.04,36.51
44,152.28,78.04,36.51
39,152.28,78.04,36.53
44,152.17,78.04,36.56
41,152.22,78.03,36.56
43,152.25,78.04,36.53
39,152.27,78.03,36.55
35,152.28,78.04,36.55
85,152.17,78.04,36.45
93,152.21,78.03,36.44
82,152.21,78.03,36.46
71,152.23,78.05,36.46
79,152.23,78.05,36.44
68,152.25,78.04,36.46
61,152.28,78.04,36.46
75,152.25,78.04,36.44
68,152.28,78.04,36.44
68,152.17,78.04,36.49
73,152.21,78.03,36.48
64,152.21,78.03,36.49
64,152.23,78.05,36.48
57,152.23,78.05,36.49
61,152.25,78.04,36.48
55,152.28,78.04,36.48
54,152.25,78.04,36.49
49,152.28,78.04,36.49
14,152.39,77.96,36.3
26,152.37,77.99,36.3
29,152.36,78.01,36.3
24,152.39,78,36.32
27,152.39,78,36.34
29,152.39,78,36.36
31,152.39,78,36.38
32,152.39,78,36.4
32,152.39,78,36.42
87,152.29,78.03,36.36
33,152.38,78.02,36.36
47,152.35,78.02,36.36
66,152.32,78.02,36.36
90,152.29,78.03,36.38
35,152.38,78.02,36.38
49,152.35,78.02,36.38
69,152.32,78.02,36.38
88,152.29,78.03,36.4
35,152.38,78.02,36.4
50,152.35,78.02,36.4
68,152.32,78.02,36.4
81,152.29,78.03,36.42
35,152.38,78.02,36.42
48,152.35,78.02,36.42
64,152.32,78.02,36.42
54,152.29,78.03,36.3
42,152.32,78.02,36.3
32,152.35,78.02,36.3
66,152.29,78.03,36.32
27,152.38,78.02,36.32
37,152.35,78.02,36.32
51,152.32,78.02,36.32
79,152.29,78.03,36.34
30,152.38,78.02,36.34
42,152.35,78.02,36.34
59,152.32,78.02,36.34
91,152.17,78.04,36.33
109,152.21,78.03,36.34
94,152.21,78.03,36.32
87,152.23,78.05,36.34
76,152.23,78.05,36.32
82,152.25,78.04,36.34
71,152.28,78.04,36.34
71,152.25,78.04,36.32
62,152.28,78.04,36.32
65,152.17,78.04,36.29
76,152.21,78.03,36.3
61,152.21,78.03,36.28
63,152.23,78.05,36.3
52,152.23,78.05,36.28
59,152.25,78.04,36.3
51,152.28,78.04,36.3
105,152.17,78.04,36.37
119,152.21,78.03,36.38
118,152.21,78.03,36.36
94,152.23,78.05,36.36
96,152.23,78.05,36.38
89,152.25,78.04,36.36
78,152.28,78.04,36.36
91,152.25,78.04,36.38
80,152.28,78.04,36.38
100,152.17,78.04,36.41
114,152.21,78.03,36.4
104,152.21,78.03,36.42
93,152.23,78.05,36.4
87,152.23,78.05,36.42
88,152.25,78.04,36.4
79,152.28,78.04,36.4
83,152.25,78.04,36.42
74,152.28,78.04,36.42
25,152.41,77.98,36.45
25,152.41,77.98,36.44
28,152.4,77.99,36.44
27,152.4,77.99,36.46
24,152.41,77.98,36.47
25,152.4,77.99,36.48
24,152.4,77.99,36.49
27,152.38,77.99,36.51
19,152.4,77.96,36.53
16,152.42,77.96,36.5
19,152.4,77.96,36.51
21,152.4,77.99,36.32
13,152.42,77.96,36.34
23,152.4,77.99,36.34
12,152.43,77.96,36.34
24,152.41,77.98,36.38
13,152.43,77.96,36.38
22,152.41,77.98,36.36
25,152.4,77.99,36.36
27,152.4,77.99,36.38
25,152.41,77.98,36.4
25,152.41,77.98,36.42
28,152.4,77.99,36.4
28,152.4,77.99,36.42
18,152.31,77.97,36.22
26,152.04,77.95,36.2
20,151.97,77.94,36.19
59,152.03,77.96,36.27
36,152.07,78.03,36.25
39,152.03,77.96,36.23
26,152.06,78.03,36.22
38,151.97,77.96,36.25
37,152.09,78.03,36.25
37,152.12,78.05,36.25
27,152.09,78.03,36.22
25,152.12,78.05,36.21
30,152.34,78,36.28
22,152.37,78,36.28
24,152.36,78.01,36.28
15,152.36,77.97,36.25
43,152.25,78.02,36.26
51,152.27,78.03,36.28
53,152.28,78.01,36.28
39,152.28,77.97,36.25
31,152.3,78.01,36.25
27,152.35,78.02,36.28
32,152.33,78.01,36.28
18,152.33,77.97,36.25
42,152.28,78.04,36.28
43,152.29,78.03,36.28
34,152.32,78.02,36.28
41,152.17,78.04,36.25
41,152.22,78.03,36.25
48,152.25,78.04,36.28
26,152.17,78.05,36.21
18,152.12,78.06,36.17
19,152.38,77.97,36.58
23,152.36,78.01,36.57
21,152.36,77.97,36.59
35,152.27,78.03,36.57
33,152.25,78.02,36.59
35,152.28,78.01,36.57
32,152.28,77.97,36.61
27,152.3,78.02,36.59
23,152.33,77.97,36.6
24,152.35,78.02,36.57
27,152.33,78.01,36.57
31,152.28,78.04,36.57
31,152.29,78.03,36.57
28,152.32,78.02,36.57
32,152.22,78.04,36.6
74,152.11,78.04,36.45
63,152.11,78.04,36.48
72,152.09,78.04,36.44
52,152.12,78.05,36.52
42,152.12,78.05,36.56
25,152.23,78.05,36.64
34,152.17,78.05,36.6
70,151.97,77.97,36.32
24,151.86,77.95,36.25
18,151.91,77.94,36.19
30,151.9,77.96,36.26
11,151.91,77.92,36.12
16,151.86,77.94,36.19
72,152.05,78.04,36.45
63,152.06,78.04,36.49
137,152.02,77.97,36.45
120,152.03,77.97,36.49
101,151.97,77.97,36.39
26,152.25,78.02,36.22
21,152.31,78.02,36.22
25,152.23,78.04,36.21
24,152.21,78.02,36.21
27,152.17,78.02,36.21
20,152.12,78.02,36.18
19,152.06,78.03,36.18
20,152.09,78.02,36.18
21,152.28,77.98,36.21
19,152.23,77.96,36.19
24,152.15,77.95,36.18
25,152.17,77.96,36.19
19,152.2,77.96,36.18
16,152.12,77.94,36.16
17,152.04,77.94,36.16
17,152.07,77.94,36.16
17,152.09,77.94,36.16
11,151.86,77.93,36.13
11,151.97,77.92,36.12
7,151.92,77.91,36.06
54,152.06,78.04,36.53
47,152.07,78.04,36.56
45,152.08,78.03,36.57
38,152.12,78.04,36.6
25,152.23,78.03,36.65
35,152.14,78.04,36.61
30,152.17,78.03,36.64
21,152.28,78.03,36.65
17,152.33,78.03,36.64
102,152.03,77.97,36.52
83,152.04,77.97,36.56
64,152.09,77.97,36.6
36,152.19,77.97,36.65
28,152.23,77.97,36.67
29,152.25,77.97,36.65
45,152.14,77.97,36.64
23,152.28,77.97,36.67
21,152.31,77.97,36.65
16,152.36,77.97,36.64
14,152.39,77.98,36.63
18,152.41,77.95,36.44
15,152.43,77.96,36.46
15,152.43,77.96,36.48
15,152.43,77.96,36.49
13,152.43,77.96,36.36
14,152.43,77.96,36.4
14,152.43,77.96,36.42
13,152.4,77.96,36.3
13,152.39,77.97,36.28
12,152.42,77.96,36.32
49,152.06,78.06,36.33
49,152.02,78.04,36.33
39,152.06,78.06,36.29
39,152.03,78.04,36.29
49,152.09,78.07,36.33
60,152.14,78.07,36.33
39,152.09,78.07,36.29
47,152.14,78.07,36.29
59,152.06,78.06,36.37
58,152.02,78.04,36.37
62,152.06,78.06,36.41
61,152.02,78.04,36.41
57,152.09,78.07,36.37
68,152.14,78.07,36.37
58,152.09,78.07,36.41
68,152.14,78.07,36.41
46,152.14,78.07,36.52
39,152.14,78.07,36.56
63,152.14,78.07,36.45
54,152.14,78.07,36.48
25,152.4,78.02,36.44
24,152.4,78.02,36.46
23,152.4,78.02,36.48
22,152.39,78.01,36.53
22,152.4,78.02,36.49
24,152.39,78,36.51
26,152.38,78.02,36.51
24,152.38,78.02,36.53
21,152.39,78.01,36.55
16,152.4,77.97,36.56
19,152.39,78.01,36.57
22,152.38,78.02,36.55
15,152.4,77.97,36.57
31,152.31,78.04,36.55
27,152.34,78.04,36.55
25,152.34,78.04,36.57
23,152.36,78.03,36.55
38,152.31,78.04,36.51
33,152.34,78.04,36.51
34,152.31,78.04,36.53
30,152.34,78.04,36.53
27,152.36,78.03,36.51
25,152.36,78.03,36.53
25,152.39,78.03,36.48
24,152.39,78.03,36.49
47,152.31,78.04,36.48
32,152.36,78.03,36.48
39,152.34,78.04,36.48
29,152.36,78.03,36.49
36,152.34,78.04,36.49
43,152.31,78.04,36.49
27,152.39,78.03,36.44
26,152.39,78.03,36.46
57,152.31,78.04,36.44
36,152.36,78.03,36.44
46,152.34,78.04,36.44
34,152.36,78.03,36.46
43,152.34,78.04,36.46
52,152.31,78.04,36.46
46,152.2,78.06,36.52
45,152.24,78.06,36.51
41,152.24,78.06,36.53
40,152.25,78.07,36.51
36,152.25,78.07,36.53
38,152.3,78.05,36.51
34,152.3,78.05,36.53
42,152.27,78.06,36.51
38,152.27,78.06,36.53
37,152.2,78.06,36.56
34,152.25,78.06,36.56
31,152.3,78.05,36.55
66,152.2,78.06,36.45
61,152.24,78.06,36.46
67,152.24,78.06,36.44
52,152.25,78.07,36.46
56,152.25,78.07,36.44
54,152.3,78.05,36.44
50,152.3,78.05,36.46
57,152.27,78.06,36.46
62,152.27,78.06,36.44
55,152.2,78.06,36.48
56,152.24,78.06,36.48
50,152.24,78.06,36.49
48,152.25,78.07,36.48
44,152.25,78.07,36.49
46,152.3,78.05,36.48
42,152.3,78.05,36.49
52,152.27,78.06,36.48
47,152.27,78.06,36.49
51,152.17,78.09,36.45
45,152.17,78.09,36.48
39,152.17,78.09,36.52
33,152.17,78.09,36.56
21,152.39,78,36.3
23,152.38,78.02,36.3
20,152.4,78.02,36.32
22,152.4,78.02,36.34
23,152.4,78.02,36.36
25,152.4,78.02,36.38
26,152.4,78.02,36.4
26,152.4,78.02,36.42
26,152.39,78.03,36.36
27,152.39,78.03,36.38
63,152.31,78.04,36.36
35,152.36,78.03,36.36
48,152.34,78.04,36.36
66,152.31,78.04,36.38
37,152.36,78.03,36.38
50,152.34,78.04,36.38
28,152.39,78.03,36.4
28,152.39,78.03,36.42
65,152.31,78.04,36.4
38,152.36,78.03,36.4
50,152.34,78.04,36.4
62,152.31,78.04,36.42
37,152.36,78.03,36.42
49,152.34,78.04,36.42
28,152.34,78.04,36.28
42,152.31,78.04,36.3
33,152.34,78.04,36.3
25,152.36,78.03,36.3
22,152.39,78.03,36.32
24,152.39,78.03,36.34
50,152.31,78.04,36.32
29,152.36,78.03,36.32
39,152.34,78.04,36.32
57,152.31,78.04,36.34
32,152.36,78.03,36.34
44,152.34,78.04,36.34
67,152.2,78.06,36.33
69,152.24,78.06,36.34
61,152.24,78.06,36.32
56,152.25,78.07,36.34
50,152.25,78.07,36.32
48,152.3,78.05,36.32
54,152.3,78.05,36.34
63,152.27,78.06,36.34
56,152.27,78.06,36.32
51,152.2,78.06,36.29
53,152.24,78.06,36.3
44,152.24,78.06,36.28
44,152.25,78.07,36.3
37,152.25,78.07,36.28
41,152.3,78.05,36.3
48,152.27,78.06,36.3
40,152.27,78.06,36.28
77,152.2,78.06,36.37
75,152.24,78.06,36.36
77,152.24,78.06,36.38
60,152.25,78.07,36.36
62,152.25,78.07,36.38
58,152.3,78.05,36.36
61,152.3,78.05,36.38
68,152.27,78.06,36.36
71,152.27,78.06,36.38
75,152.2,78.06,36.41
76,152.24,78.06,36.4
72,152.24,78.06,36.42
61,152.25,78.07,36.4
59,152.25,78.07,36.42
60,152.3,78.05,36.4
58,152.3,78.05,36.42
70,152.27,78.06,36.4
67,152.27,78.06,36.42
54,152.17,78.09,36.37
54,152.17,78.09,36.41
39,152.17,78.09,36.29
48,152.17,78.09,36.33
20,152.43,77.99,36.46
20,152.43,77.99,36.44
23,152.42,78,36.44
22,152.42,78,36.46
20,152.43,77.99,36.47
21,152.42,78,36.48
19,152.43,78,36.49
21,152.4,78,36.53
20,152.42,78,36.49
23,152.4,77.99,36.51
16,152.41,77.97,36.53
16,152.42,77.96,36.51
19,152.4,78,36.3
17,152.43,77.99,36.34
17,152.41,78,36.32
19,152.42,78,36.34
10,152.44,77.96,36.34
20,152.43,77.99,36.38
11,152.45,77.96,36.38
19,152.43,77.99,36.36
21,152.42,78,36.36
22,152.42,78,36.38
20,152.43,77.99,36.4
20,152.43,77.99,36.42
23,152.42,78,36.4
23,152.42,78,36.42
11,152.36,77.97,36.22
12,152.33,77.97,36.21
17,152.06,78.07,36.17
19,152.03,78.03,36.18
15,151.96,78.04,36.16
17,152.09,78.07,36.17
30,152.06,78.06,36.25
31,152.03,78.04,36.25
22,152.06,78.07,36.21
24,152.03,78.03,36.22
22,151.96,78.05,36.24
30,152.09,78.07,36.25
34,152.14,78.07,36.25
23,152.09,78.07,36.21
24,152.14,78.07,36.21
10,152.39,77.97,36.25
18,152.39,78.01,36.28
20,152.36,78.01,36.26
20,152.38,78.02,36.28
22,152.36,78.03,36.28
35,152.3,78.05,36.28
33,152.28,78.03,36.25
23,152.33,78.02,36.25
35,152.31,78.04,36.28
35,152.2,78.06,36.25
32,152.25,78.06,36.25
24,152.2,78.06,36.21
29,152.17,78.09,36.25
22,152.17,78.09,36.21
15,152.36,78.02,36.22
16,152.33,78.03,36.21
18,152.14,78.07,36.17
18,152.17,78.05,36.17
14,152.12,78.06,36.14
16,152.17,78.09,36.17
17,152.2,78.06,36.17
9,152.41,77.97,36.26
20,152.38,78.02,36.57
16,152.39,77.98,36.6
21,152.36,78.02,36.59
12,152.42,77.98,36.6
21,152.36,78.03,36.57
18,152.36,77.98,36.62
28,152.28,78.03,36.6
28,152.3,78.05,36.57
22,152.33,78.03,36.6
28,152.31,78.04,36.57
22,152.28,78.04,36.64
18,152.33,78.04,36.63
19,152.28,78.05,36.67
30,152.2,78.06,36.6
27,152.25,78.06,36.6
22,152.25,78.06,36.64
55,152.09,78.07,36.45
50,152.09,78.07,36.48
59,152.06,78.06,36.44
52,152.06,78.06,36.48
43,152.09,78.07,36.52
45,152.07,78.06,36.52
63,152.06,77.97,36.61
39,152.07,78.07,36.55
37,152.09,78.07,36.56
35,152.12,78.06,36.59
21,152.23,78.06,36.67
28,152.17,78.09,36.6
25,152.2,78.06,36.64
32,152.14,78.07,36.6
28,152.17,78.05,36.63
32,151.96,78.05,36.31
46,151.89,77.97,36.33
16,151.85,78.07,36.23
22,151.8,77.96,36.27
14,151.9,78.05,36.17
18,151.89,78.06,36.25
10,151.9,78.04,36.09
8,151.8,77.91,36.08
7,151.77,77.91,36.06
10,151.8,77.93,36.14
13,151.85,78.06,36.17
15,151.8,77.94,36.2
6,151.71,77.9,36.03
60,152.02,78.04,36.45
55,152.02,78.04,36.49
41,151.96,78.05,36.39
66,151.89,77.97,36.4
104,151.97,77.97,36.47
83,151.97,77.97,36.54
22,152.25,78.06,36.21
21,152.28,78.03,36.21
17,152.22,78.05,36.17
13,152.09,78.08,36.13
14,152.06,78.07,36.14
17,152.22,78.02,36.17
19,152.14,78.02,36.17
19,152.17,78.02,36.18
17,152.2,78.02,36.17
15,152.12,78.02,36.14
15,152.03,78.02,36.14
15,152.06,78.02,36.14
15,152.09,78.02,36.14
9,151.85,78.05,36.09
10,151.96,78.03,36.09
14,152.25,77.97,36.18
13,152.28,77.97,36.19
10,152.31,77.97,36.18
12,152.23,77.95,36.15
10,152.12,77.93,36.12
15,152.15,77.95,36.16
14,152.18,77.95,36.16
12,152.2,77.95,36.15
10,152.07,77.93,36.11
7,151.86,77.91,36.06
7,151.98,77.91,36.05
5,151.69,77.88,35.98
6,151.76,77.89,36
7,151.9,78.04,36.02
6,151.92,77.9,36
5,151.66,77.88,36.02
48,152.03,78.04,36.52
42,152.04,78.04,36.56
38,152.09,78.04,36.6
26,152.19,78.03,36.65
22,152.23,78.03,36.67
23,152.25,78.03,36.65
30,152.14,78.04,36.64
19,152.28,78.03,36.67
18,152.31,78.03,36.65
15,152.36,78.03,36.65
13,152.39,78.03,36.64
84,152,77.97,36.56
67,152.04,77.97,36.6
53,152.05,77.97,36.64
50,152.09,77.97,36.64
31,152.17,77.97,36.69
30,152.2,77.97,36.68
24,152.25,77.97,36.68
46,152.11,77.97,36.65
36,152.15,77.97,36.68
19,152.31,77.97,36.68
20,152.28,77.97,36.69
14,152.36,77.97,36.67
11,152.42,77.97,36.64
15,152.43,77.96,36.44
12,152.45,77.96,36.46
13,152.44,77.96,36.48
13,152.44,77.96,36.49
11,152.45,77.96,36.36
11,152.45,77.96,36.4
12,152.45,77.96,36.42
15,152.41,77.97,36.55
11,152.44,77.98,36.59
11,152.42,77.97,36.3
10,152.41,77.97,36.28
10,152.44,77.97,36.32
38,152.04,78.08,36.33
32,152.04,78.08,36.29
36,152.06,78.1,36.33
43,152.12,78.1,36.33
31,152.06,78.1,36.29
35,152.12,78.1,36.29
44,152.03,78.08,36.37
46,152.03,78.08,36.41
41,152.06,78.1,36.37
48,152.12,78.1,36.37
43,152.06,78.1,36.41
49,152.12,78.1,36.41
38,152.12,78.1,36.52
34,152.12,78.1,36.56
47,152.12,78.1,36.45
43,152.12,78.1,36.48
21,152.42,78.03,36.44
20,152.42,78.03,36.46
20,152.42,78.03,36.48
19,152.42,78.03,36.49
19,152.4,78.02,36.53
21,152.4,78.02,36.51
22,152.39,78.03,36.51
21,152.39,78.03,36.53
18,152.4,78.02,36.55
17,152.4,78.02,36.57
13,152.42,77.97,36.58
19,152.39,78.03,36.55
18,152.39,78.03,36.57
27,152.32,78.05,36.55
24,152.35,78.05,36.55
25,152.32,78.05,36.57
22,152.35,78.05,36.57
27,152.31,78.07,36.55
25,152.31,78.07,36.57
20,152.38,78.05,36.55
19,152.38,78.05,36.57
21,152.37,78.06,36.55
19,152.37,78.06,36.57
33,152.32,78.05,36.51
28,152.35,78.05,36.51
30,152.32,78.05,36.53
26,152.35,78.05,36.53
33,152.31,78.07,36.51
30,152.31,78.07,36.53
23,152.38,78.05,36.51
22,152.38,78.05,36.53
24,152.37,78.06,36.51
22,152.37,78.06,36.53
21,152.41,78.04,36.48
20,152.41,78.04,36.49
26,152.38,78.05,36.48
25,152.38,78.05,36.49
27,152.37,78.06,36.48
25,152.37,78.06,36.49
39,152.32,78.05,36.48
32,152.35,78.05,36.48
30,152.35,78.05,36.49
38,152.31,78.07,36.48
36,152.32,78.05,36.49
35,152.31,78.07,36.49
22,152.41,78.04,36.44
22,152.41,78.04,36.46
29,152.38,78.05,36.44
28,152.38,78.05,36.46
30,152.37,78.06,36.44
28,152.37,78.06,36.46
46,152.32,78.05,36.44
37,152.35,78.05,36.44
44,152.31,78.07,36.44
35,152.35,78.05,36.46
43,152.32,78.05,36.46
41,152.31,78.07,36.46
37,152.23,78.09,36.52
32,152.28,78.08,36.52
31,152.23,78.09,36.56
27,152.28,78.08,36.56
50,152.23,78.09,36.45
43,152.28,78.08,36.45
44,152.23,78.09,36.48
38,152.28,78.08,36.48
40,152.15,78.12,36.45
40,152.2,78.12,36.45
37,152.15,78.12,36.48
37,152.2,78.12,36.48
33,152.15,78.12,36.52
33,152.2,78.12,36.52
29,152.15,78.12,36.56
28,152.2,78.12,36.56
18,152.4,78.02,36.3
15,152.4,78.02,36.28
17,152.39,78.03,36.28
19,152.39,78.03,36.3
16,152.42,78.03,36.32
18,152.42,78.03,36.34
19,152.42,78.03,36.36
20,152.42,78.03,36.38
21,152.42,78.03,36.4
21,152.42,78.03,36.42
21,152.41,78.04,36.36
22,152.41,78.04,36.38
28,152.38,78.05,36.36
29,152.38,78.05,36.38
30,152.37,78.06,36.38
29,152.37,78.06,36.36
47,152.32,78.05,36.36
36,152.35,78.05,36.36
45,152.31,78.07,36.36
49,152.32,78.05,36.38
38,152.35,78.05,36.38
47,152.31,78.07,36.38
22,152.41,78.04,36.4
23,152.41,78.04,36.42
30,152.38,78.05,36.4
29,152.38,78.05,36.42
31,152.37,78.06,36.4
30,152.37,78.06,36.42
50,152.32,78.05,36.4
39,152.35,78.05,36.4
47,152.31,78.07,36.4
48,152.32,78.05,36.42
38,152.35,78.05,36.42
46,152.31,78.07,36.42
29,152.32,78.05,36.28
23,152.35,78.05,36.28
29,152.31,78.07,36.28
34,152.32,78.05,36.3
27,152.35,78.05,36.3
33,152.31,78.07,36.3
19,152.38,78.05,36.28
21,152.38,78.05,36.3
20,152.37,78.06,36.28
22,152.37,78.06,36.3
18,152.41,78.04,36.32
19,152.41,78.04,36.34
23,152.38,78.05,36.32
26,152.38,78.05,36.34
27,152.37,78.06,36.34
24,152.37,78.06,36.32
39,152.32,78.05,36.32
30,152.35,78.05,36.32
38,152.31,78.07,36.32
44,152.32,78.05,36.34
34,152.35,78.05,36.34
42,152.31,78.07,36.34
48,152.23,78.09,36.33
41,152.28,78.08,36.33
38,152.23,78.09,36.29
32,152.28,78.08,36.29
54,152.23,78.09,36.37
46,152.28,78.08,36.37
54,152.23,78.09,36.41
47,152.28,78.08,36.41
40,152.15,78.12,36.37
41,152.2,78.12,36.37
41,152.15,78.12,36.41
42,152.2,78.12,36.41
30,152.15,78.12,36.29
31,152.2,78.12,36.29
36,152.15,78.12,36.33
37,152.2,78.12,36.33
17,152.44,78,36.46
17,152.44,78,36.44
19,152.43,78.01,36.44
19,152.43,78.01,36.46
17,152.44,78,36.47
18,152.43,78.01,36.48
16,152.44,78,36.49
17,152.43,78.01,36.49
18,152.41,78.01,36.53
19,152.41,78,36.51
12,152.45,77.97,36.52
17,152.41,78.01,36.55
16,152.41,78.01,36.3
14,152.41,78.01,36.28
14,152.44,78,36.34
13,152.44,78.01,36.32
15,152.43,78.01,36.32
16,152.43,78.01,36.34
8,152.46,77.97,36.32
9,152.46,77.97,36.34
10,152.46,77.97,36.37
16,152.44,78,36.38
15,152.44,78,36.36
17,152.43,78.01,36.36
18,152.43,78.01,36.38
16,152.44,78,36.4
17,152.44,78,36.42
19,152.43,78.01,36.4
19,152.43,78.01,36.42
8,152.39,77.97,36.22
9,152.33,77.98,36.18
9,151.96,78.11,36.08
12,151.96,78.11,36.15
16,152.04,78.08,36.17
13,152.04,78.08,36.13
16,152.06,78.1,36.17
16,152.12,78.1,36.17
13,152.06,78.1,36.13
17,151.96,78.11,36.23
25,152.04,78.08,36.25
20,152.04,78.08,36.21
25,152.06,78.1,36.25
28,152.12,78.1,36.25
20,152.06,78.1,36.21
21,152.12,78.1,36.21
15,152.39,78.02,36.25
17,152.31,78.05,36.21
17,152.36,78.05,36.25
24,152.31,78.05,36.25
28,152.23,78.09,36.25
24,152.28,78.08,36.25
21,152.23,78.09,36.21
18,152.28,78.08,36.21
24,152.15,78.12,36.25
24,152.2,78.12,36.25
19,152.15,78.12,36.21
19,152.2,78.12,36.21
15,152.15,78.12,36.17
13,152.36,78.05,36.21
11,152.39,78.03,36.21
11,152.34,78.04,36.18
10,152.12,78.06,36.09
13,152.14,78.07,36.13
13,152.17,78.05,36.14
15,152.2,78.12,36.17
13,152.17,78.09,36.13
13,152.2,78.06,36.13
15,152.23,78.09,36.17
13,152.12,78.1,36.13
12,152.15,78.12,36.13
6,152.44,77.97,36.23
6,152.42,77.97,36.21
7,152.44,77.98,36.25
13,152.41,78.01,36.26
19,152.25,78.07,36.68
12,152.43,78.03,36.61
17,152.39,78.03,36.6
14,152.39,78.04,36.63
18,152.36,78.05,36.6
23,152.31,78.05,36.6
15,152.36,78.05,36.64
19,152.31,78.05,36.64
16,152.31,78.06,36.68
16,152.28,78.08,36.68
26,152.23,78.09,36.6
23,152.28,78.08,36.6
22,152.23,78.09,36.64
19,152.28,78.08,36.64
24,152.2,78.12,36.6
42,152.06,78.1,36.45
39,152.06,78.1,36.48
46,152.03,78.08,36.45
43,152.04,78.08,36.48
36,152.06,78.1,36.52
38,152.04,78.08,36.52
32,152.06,78.1,36.56
35,152.06,78.04,36.61
34,152.04,78.09,36.56
32,152.09,78.08,36.6
29,152.12,78.1,36.6
21,152.2,78.07,36.68
26,152.15,78.12,36.6
24,152.17,78.09,36.64
27,152.15,78.07,36.64
23,151.96,78.11,36.31
29,151.96,78.11,36.39
23,151.88,78.07,36.32
33,151.81,77.97,36.33
12,151.85,78.14,36.21
14,151.8,78.08,36.24
20,151.74,77.96,36.29
10,151.85,78.13,36.15
11,151.9,78.15,36.15
14,151.9,78.15,36.23
8,151.85,78.13,36.07
8,151.9,78.15,36.07
7,151.79,78.05,36.04
7,151.71,77.91,36.08
6,151.75,78.05,36.01
9,151.78,78.06,36.1
10,151.71,77.93,36.14
7,151.65,77.9,36.07
11,151.79,78.07,36.17
13,151.72,77.94,36.21
17,151.71,77.96,36.27
5,151.69,78.04,35.98
28,151.89,78.07,36.39
42,151.97,78.05,36.47
36,151.97,78.06,36.54
45,151.82,77.98,36.4
74,151.89,77.97,36.47
62,151.96,77.97,36.61
67,151.9,77.97,36.55
21,152.2,78.12,36.64
15,152.25,78.06,36.17
12,152.31,78.05,36.17
13,152.28,78.08,36.17
14,152.28,78.04,36.18
12,152.22,78.05,36.14
10,152.06,78.09,36.08
14,152.25,78.02,36.17
13,152.28,78.02,36.17
12,152.3,78.02,36.16
12,152.23,78.02,36.14
11,152.12,78.02,36.1
14,152.14,78.02,36.14
14,152.17,78.02,36.14
13,152.2,78.02,36.14
10,152.06,78.02,36.09
7,151.85,78.04,36.02
8,151.97,78.03,36.02
4,151.67,78.01,35.92
5,151.75,78.03,35.95
7,152.23,77.94,36.11
10,152.26,77.95,36.15
9,152.28,77.96,36.15
8,152.31,77.96,36.15
8,152.18,77.93,36.1
6,152.08,77.91,36.04
6,151.86,77.89,36
5,151.98,77.9,35.99
4,151.71,77.85,35.94
5,151.77,77.87,35.95
5,151.64,78.02,35.96
4,151.66,78.09,35.89
4,151.73,78.12,35.91
6,151.84,78.12,35.99
6,151.9,78.15,36
6,151.91,78.03,35.96
7,151.96,78.11,36
5,151.79,78.15,35.92
4,151.85,78.2,35.92
4,151.59,77.84,35.96
5,151.51,77.86,36.01
39,152,78.05,36.56
36,152.04,78.05,36.6
30,152.05,78.05,36.64
31,152.09,78.04,36.64
23,152.17,78.04,36.69
23,152.2,78.04,36.68
20,152.25,78.03,36.68
30,152.11,78.04,36.65
25,152.15,78.04,36.68
16,152.31,78.03,36.68
17,152.28,78.04,36.69
13,152.36,78.03,36.68
11,152.42,78.03,36.64
11,152.44,78.03,36.6
59,152,77.97,36.63
41,152.07,77.97,36.69
27,152.17,77.97,36.72
25,152.2,77.97,36.71
21,152.25,77.97,36.71
33,152.11,77.97,36.71
15,152.34,77.97,36.69
16,152.31,77.97,36.71
17,152.28,77.97,36.72
11,152.39,77.97,36.69
9,152.45,77.97,36.65
10,152.41,77.97,36.67
12,152.45,77.96,36.44
11,152.46,77.97,36.46
11,152.46,77.97,36.48
11,152.46,77.97,36.49
9,152.47,77.97,36.38
9,152.46,77.97,36.36
10,152.47,77.97,36.4
10,152.47,77.97,36.42
9,152.47,77.97,36.6
12,152.44,77.98,36.56
6,152.48,77.98,36.26
8,152.44,77.97,36.29
24,152.01,78.13,36.31
33,152.09,78.13,36.33
28,152.09,78.13,36.29
28,152.12,78.15,36.33
25,152.12,78.15,36.29
29,152.01,78.13,36.39
36,152.09,78.13,36.37
38,152.09,78.13,36.41
31,152.12,78.15,36.37
32,152.12,78.15,36.41
32,152.09,78.13,36.52
29,152.09,78.13,36.56
28,152.12,78.15,36.52
26,152.12,78.15,36.56
37,152.09,78.13,36.45
35,152.09,78.13,36.48
32,152.12,78.15,36.45
31,152.12,78.15,36.48
17,152.43,78.04,36.44
17,152.43,78.04,36.46
18,152.42,78.06,36.46
19,152.42,78.06,36.44
17,152.43,78.04,36.48
17,152.42,78.06,36.49
18,152.42,78.06,36.48
16,152.43,78.04,36.49
17,152.42,78.04,36.52
15,152.42,78.04,36.56
16,152.39,78.07,36.56
22,152.34,78.08,36.56
18,152.39,78.07,36.52
25,152.34,78.08,36.52
20,152.39,78.07,36.48
29,152.34,78.08,36.48
22,152.39,78.07,36.45
32,152.34,78.08,36.45
30,152.26,78.11,36.52
25,152.31,78.11,36.52
26,152.26,78.11,36.56
22,152.31,78.11,36.56
37,152.26,78.11,36.45
30,152.31,78.11,36.45
34,152.26,78.11,36.48
28,152.31,78.11,36.48
33,152.18,78.15,36.45
31,152.23,78.14,36.45
31,152.18,78.15,36.48
29,152.23,78.14,36.48
28,152.18,78.15,36.52
27,152.23,78.14,36.52
25,152.18,78.15,36.56
24,152.23,78.14,36.56
14,152.42,78.04,36.29
14,152.43,78.04,36.32
15,152.43,78.04,36.34
15,152.42,78.06,36.32
16,152.42,78.06,36.34
16,152.43,78.04,36.36
17,152.43,78.04,36.38
17,152.42,78.06,36.36
18,152.42,78.06,36.38
17,152.43,78.04,36.4
17,152.43,78.04,36.42
19,152.42,78.06,36.42
18,152.42,78.06,36.4
21,152.39,78.07,36.37
33,152.34,78.08,36.37
22,152.39,78.07,36.41
34,152.34,78.08,36.41
16,152.39,78.07,36.29
24,152.34,78.08,36.29
19,152.39,78.07,36.33
29,152.34,78.08,36.33
34,152.26,78.11,36.33
28,152.31,78.11,36.33
28,152.26,78.11,36.29
23,152.31,78.11,36.29
38,152.26,78.11,36.37
31,152.31,78.11,36.37
39,152.26,78.11,36.41
32,152.31,78.11,36.41
32,152.18,78.15,36.37
31,152.23,78.14,36.37
34,152.18,78.15,36.41
32,152.23,78.14,36.41
25,152.18,78.15,36.29
24,152.23,78.14,36.29
30,152.18,78.15,36.33
28,152.23,78.14,36.33
14,152.46,78.01,36.44
14,152.46,78.01,36.46
16,152.45,78.03,36.44
16,152.45,78.03,36.46
14,152.46,78.01,36.47
14,152.46,78.01,36.49
16,152.45,78.03,36.48
15,152.45,78.03,36.49
15,152.44,78.02,36.52
9,152.48,77.98,36.52
14,152.44,78.03,36.56
12,152.44,78.02,36.29
12,152.46,78.01,36.34
11,152.46,78.02,36.32
7,152.48,77.98,36.32
13,152.45,78.03,36.32
14,152.45,78.03,36.34
12,152.47,78.01,36.38
13,152.47,78.01,36.4
13,152.47,78.01,36.42
13,152.46,78.01,36.38
13,152.46,78.01,36.36
14,152.45,78.03,36.36
15,152.45,78.03,36.38
14,152.46,78.01,36.4
14,152.46,78.01,36.42
16,152.45,78.03,36.4
16,152.45,78.03,36.42
7,152.38,77.97,36.18
7,152.36,77.98,36.17
7,152.33,77.97,36.15
9,152.01,78.13,36.08
8,151.96,78.19,36.07
10,151.96,78.19,36.15
14,151.96,78.19,36.23
13,152.01,78.13,36.15
15,152.09,78.13,36.17
12,152.09,78.13,36.13
14,152.12,78.15,36.17
11,152.12,78.15,36.13
18,152.01,78.13,36.23
23,152.09,78.13,36.25
19,152.09,78.13,36.21
21,152.12,78.15,36.25
17,152.12,78.15,36.21
11,152.42,78.04,36.25
9,152.42,78.04,36.21
10,152.39,78.07,36.21
14,152.34,78.08,36.21
13,152.39,78.07,36.25
18,152.34,78.08,36.25
13,152.26,78.11,36.17
22,152.26,78.11,36.25
18,152.31,78.11,36.25
17,152.26,78.11,36.21
14,152.31,78.11,36.21
21,152.18,78.15,36.25
20,152.23,78.14,36.25
17,152.18,78.15,36.21
16,152.23,78.14,36.21
14,152.18,78.15,36.17
13,152.23,78.14,36.17
10,152.36,78.05,36.17
8,152.39,78.03,36.18
8,152.34,78.04,36.14
11,152.31,78.11,36.17
11,152.34,78.08,36.17
9,152.17,78.08,36.08
12,152.2,78.12,36.13
12,152.23,78.09,36.13
10,152.23,78.14,36.13
10,152.26,78.11,36.13
9,152.12,78.12,36.07
11,152.18,78.15,36.13
7,152.44,78.02,36.21
7,152.43,78.02,36.2
5,152.47,77.97,36.22
5,152.42,77.96,36.19
10,152.44,78.03,36.25
4,152.51,77.97,36.25
6,152.48,78.03,36.25
8,152.44,78.03,36.22
19,152.23,78.09,36.68
18,152.2,78.08,36.71
16,152.25,78.08,36.71
14,152.31,78.07,36.71
14,152.28,78.09,36.72
13,152.42,78.05,36.6
12,152.42,78.05,36.64
13,152.36,78.06,36.67
14,152.39,78.07,36.6
19,152.34,78.08,36.6
13,152.39,78.07,36.64
16,152.34,78.08,36.64
14,152.34,78.08,36.68
16,152.26,78.11,36.68
14,152.31,78.11,36.68
22,152.26,78.11,36.6
19,152.31,78.11,36.6
19,152.26,78.11,36.64
16,152.31,78.11,36.64
22,152.18,78.15,36.6
21,152.23,78.14,36.6
18,152.23,78.14,36.64
30,152.01,78.13,36.47
30,151.96,78.11,36.46
27,151.96,78.12,36.54
27,152.01,78.14,36.54
29,152.06,78.1,36.6
30,152.04,78.09,36.6
25,152.06,78.11,36.64
27,152.09,78.09,36.64
23,152.12,78.15,36.6
26,152.09,78.13,36.6
23,152.09,78.13,36.64
21,152.12,78.15,36.64
23,152.15,78.12,36.64
25,152.12,78.1,36.64
21,152.17,78.09,36.68
22,152.15,78.08,36.68
18,152.17,78.1,36.72
17,151.96,78.19,36.31
20,151.96,78.19,36.39
18,151.9,78.15,36.31
21,151.9,78.15,36.39
18,151.81,78.09,36.32
26,151.74,77.98,36.34
11,151.8,78.17,36.23
13,151.73,78.1,36.26
9,151.8,78.17,36.15
9,151.85,78.2,36.15
11,151.85,78.2,36.23
7,151.79,78.16,36.07
7,151.85,78.2,36.07
6,151.79,78.16,36
6,151.85,78.2,36
5,151.74,78.14,35.98
6,151.69,78.06,36.03
8,151.61,77.92,36.14
8,151.69,78.08,36.1
6,151.63,78.05,36.01
13,151.6,77.95,36.26
10,151.7,78.09,36.17
11,151.7,78.11,36.24
10,151.48,77.94,36.24
4,151.68,78.16,35.92
4,151.62,78.12,35.91
21,151.81,78.1,36.39
30,151.89,78.08,36.47
30,151.96,78.07,36.61
29,151.9,78.08,36.54
33,151.74,77.98,36.41
52,151.82,77.98,36.48
49,151.81,77.98,36.54
53,151.84,77.98,36.56
54,151.91,77.97,36.62
20,152.18,78.15,36.64
16,152.23,78.14,36.68
18,152.2,78.12,36.68
4,151.74,78.21,35.92
4,151.8,78.26,35.92
6,151.96,78.19,36
6,152.01,78.14,36
4,151.91,78.25,35.92
9,152.23,78.05,36.09
10,152.28,78.08,36.13
11,152.25,78.06,36.13
9,152.31,78.06,36.13
10,152.28,78.05,36.14
6,152.12,78.13,36
7,152.06,78.1,36
9,152.23,78.02,36.09
11,152.25,78.02,36.14
10,152.28,78.02,36.14
9,152.31,78.02,36.13
6,152.17,78.09,36
9,152.17,78.02,36.08
7,152.07,78.02,36.01
5,151.85,78.02,35.95
6,151.96,78.02,35.94
4,151.68,77.98,35.88
4,151.75,78,35.89
5,152.18,77.92,36.04
6,152.28,77.94,36.1
4,152.18,77.91,35.97
4,152.13,77.9,35.96
5,152.08,77.9,35.98
4,151.88,77.88,35.93
4,151.98,77.88,35.92
3,151.72,77.83,35.9
4,151.81,77.86,35.93
4,151.57,77.97,35.9
3,151.62,78.12,35.84
3,151.68,78.16,35.84
3,151.67,78.07,35.83
4,151.73,78.11,35.84
3,151.56,78.07,35.84
5,151.84,78.12,35.92
5,151.9,78.15,35.92
5,151.96,78.11,35.92
3,151.8,78.26,35.84
3,151.74,78.21,35.84
4,151.79,78.15,35.84
4,151.85,78.2,35.84
3,151.6,77.79,35.87
2,151.7,77.76,35.81
4,151.49,77.99,35.95
7,151.5,77.9,36.12
4,151.39,77.82,35.99
3,151.41,77.78,35.91
30,152,78.06,36.63
25,152.07,78.06,36.69
20,152.17,78.05,36.72
19,152.2,78.04,36.71
17,152.25,78.04,36.71
22,152.11,78.05,36.71
14,152.34,78.04,36.69
14,152.31,78.04,36.71
15,152.28,78.04,36.72
11,152.39,78.04,36.69
9,152.45,78.03,36.65
11,152.41,78.03,36.67
12,152.44,78.04,36.59
13,152.47,78.01,36.45
13,152.47,78.01,36.44
9,152.47,78.03,36.6
40,151.91,77.98,36.7
40,152.01,77.97,36.7
21,152.17,77.97,36.76
21,152.23,77.97,36.72
23,152.12,77.97,36.78
14,152.28,77.97,36.76
11,152.37,77.97,36.73
13,152.34,77.97,36.72
10,152.39,77.97,36.72
8,152.44,77.97,36.71
8,152.47,77.97,36.63
8,152.45,77.97,36.68
10,152.47,77.97,36.45
10,152.47,77.97,36.44
9,152.48,77.97,36.49
7,152.49,77.97,36.37
8,152.49,77.97,36.41
7,152.51,77.97,36.6
7,152.51,77.98,36.53
9,152.48,77.98,36.56
6,152.48,77.98,36.29
7,152.49,77.98,36.34
4,152.52,77.97,36.27
21,152.07,78.18,36.31
24,152.15,78.18,36.33
21,152.15,78.18,36.29
24,152.07,78.18,36.39
26,152.15,78.18,36.37
27,152.15,78.18,36.41
17,152.02,78.24,36.39
15,152.02,78.24,36.31
23,152.07,78.18,36.54
25,152.15,78.18,36.52
23,152.15,78.18,36.56
25,152.07,78.18,36.47
27,152.15,78.18,36.45
26,152.15,78.18,36.48
14,152.45,78.07,36.45
14,152.45,78.07,36.48
13,152.45,78.07,36.52
12,152.45,78.07,36.56
13,152.42,78.1,36.56
17,152.37,78.1,36.56
14,152.42,78.1,36.52
19,152.37,78.1,36.52
15,152.42,78.1,36.48
21,152.37,78.1,36.48
15,152.42,78.1,36.45
22,152.37,78.1,36.45
23,152.29,78.14,36.52
19,152.34,78.13,36.52
21,152.29,78.14,36.56
17,152.34,78.13,36.56
28,152.29,78.14,36.45
22,152.34,78.13,36.45
26,152.29,78.14,36.48
21,152.34,78.13,36.48
23,152.18,78.2,36.45
22,152.18,78.2,36.48
24,152.26,78.17,36.45
23,152.26,78.17,36.48
27,152.21,78.17,36.45
25,152.21,78.17,36.48
21,152.18,78.2,36.52
19,152.18,78.2,36.56
21,152.26,78.17,36.52
19,152.26,78.17,36.56
24,152.21,78.17,36.52
22,152.21,78.17,36.56
10,152.45,78.07,36.29
12,152.45,78.07,36.33
13,152.45,78.07,36.37
14,152.45,78.07,36.41
15,152.42,78.1,36.37
22,152.37,78.1,36.37
15,152.42,78.1,36.41
23,152.37,78.1,36.41
12,152.42,78.1,36.29
17,152.37,78.1,36.29
13,152.42,78.1,36.33
20,152.37,78.1,36.33
25,152.29,78.14,36.33
20,152.34,78.13,36.33
21,152.29,78.14,36.29
17,152.34,78.13,36.29
27,152.29,78.14,36.37
21,152.34,78.13,36.37
28,152.29,78.14,36.41
22,152.34,78.13,36.41
22,152.18,78.2,36.37
23,152.18,78.2,36.41
24,152.26,78.17,36.37
25,152.26,78.17,36.41
26,152.21,78.17,36.37
27,152.21,78.17,36.41
18,152.18,78.2,36.29
20,152.18,78.2,36.33
19,152.26,78.17,36.29
22,152.26,78.17,36.33
21,152.21,78.17,36.29
24,152.21,78.17,36.33
12,152.47,78.04,36.45
12,152.47,78.04,36.48
11,152.47,78.04,36.52
10,152.47,78.05,36.56
9,152.5,78.03,36.34
9,152.47,78.04,36.29
10,152.47,78.04,36.33
10,152.49,78.02,36.37
10,152.49,78.02,36.41
11,152.47,78.04,36.37
12,152.47,78.04,36.41
7,152.39,78.02,36.17
8,152.33,78.02,36.13
5,152.33,77.94,36.11
5,152.38,77.96,36.15
6,152.36,77.96,36.15
4,152.42,77.95,36.15
6,152.07,78.18,36
8,152.07,78.18,36.07
7,152.02,78.24,36.07
6,152.02,78.24,36
9,151.91,78.25,36.15
11,151.91,78.25,36.23
7,151.91,78.25,36.07
5,151.91,78.25,36
10,152.02,78.24,36.15
12,152.02,78.24,36.23
11,152.07,78.18,36.15
13,152.15,78.18,36.17
10,152.15,78.18,36.13
16,152.07,78.18,36.23
18,152.15,78.18,36.25
15,152.15,78.18,36.21
9,152.45,78.07,36.25
7,152.45,78.07,36.21
7,152.42,78.05,36.17
8,152.39,78.07,36.17
8,152.42,78.1,36.21
11,152.37,78.1,36.21
10,152.42,78.1,36.25
14,152.37,78.1,36.25
9,152.37,78.1,36.17
11,152.29,78.14,36.17
9,152.34,78.13,36.17
17,152.29,78.14,36.25
14,152.34,78.13,36.25
14,152.29,78.14,36.21
11,152.34,78.13,36.21
16,152.18,78.2,36.25
13,152.18,78.2,36.21
13,152.26,78.17,36.21
16,152.26,78.17,36.25
18,152.21,78.17,36.25
15,152.21,78.17,36.21
11,152.18,78.2,36.17
9,152.18,78.2,36.13
11,152.26,78.17,36.17
12,152.21,78.17,36.17
10,152.21,78.17,36.13
7,152.34,78.04,36.09
7,152.39,78.04,36.14
7,152.36,78.05,36.13
6,152.42,78.05,36.13
7,152.39,78.07,36.13
9,152.31,78.11,36.13
8,152.34,78.08,36.13
8,152.34,78.13,36.13
7,152.37,78.1,36.13
9,152.26,78.17,36.13
8,152.23,78.11,36.07
9,152.29,78.14,36.13
8,152.18,78.18,36.07
6,152.47,78.02,36.21
6,152.43,78.02,36.17
4,152.51,77.96,36.23
4,152.46,77.95,36.19
5,152.51,78.03,36.24
7,152.47,78.04,36.25
6,152.47,78.05,36.21
16,152.2,78.12,36.72
14,152.23,78.14,36.72
14,152.26,78.11,36.72
16,152.23,78.09,36.72
20,152.15,78.18,36.6
18,152.15,78.18,36.64
12,152.28,78.1,36.76
12,152.34,78.09,36.72
12,152.31,78.11,36.72
11,152.45,78.07,36.6
11,152.42,78.06,36.67
10,152.45,78.07,36.64
11,152.39,78.08,36.68
10,152.39,78.09,36.71
12,152.42,78.1,36.6
15,152.37,78.1,36.6
11,152.42,78.1,36.64
13,152.37,78.1,36.64
12,152.37,78.1,36.68
11,152.37,78.1,36.72
14,152.29,78.14,36.68
12,152.34,78.13,36.68
11,152.34,78.13,36.72
18,152.29,78.14,36.6
15,152.34,78.13,36.6
16,152.29,78.14,36.64
14,152.34,78.13,36.64
18,152.18,78.2,36.6
16,152.18,78.2,36.64
18,152.26,78.17,36.6
16,152.26,78.17,36.64
19,152.21,78.17,36.6
17,152.21,78.17,36.64
14,152.26,78.17,36.68
18,152.02,78.24,36.47
21,151.96,78.19,36.47
22,151.91,78.16,36.46
21,151.91,78.16,36.54
23,151.96,78.13,36.6
20,151.96,78.19,36.54
23,152.01,78.14,36.62
21,152.07,78.11,36.68
17,152.02,78.24,36.54
20,152.07,78.18,36.62
19,152.12,78.13,36.7
15,152.18,78.11,36.76
13,151.91,78.25,36.31
15,151.91,78.25,36.39
13,151.8,78.18,36.31
14,151.85,78.2,36.31
15,151.8,78.18,36.39
16,151.85,78.21,36.39
14,151.73,78.12,36.32
21,151.61,77.98,36.39
8,151.74,78.22,36.15
10,151.74,78.22,36.23
8,151.8,78.26,36.15
9,151.8,78.26,36.23
6,151.74,78.21,36.07
6,151.8,78.26,36.07
5,151.74,78.21,36
5,151.8,78.26,36
6,151.69,78.18,36.07
5,151.68,78.17,35.99
5,151.62,78.15,35.98
7,151.59,78.07,36.09
8,151.69,78.19,36.15
9,151.69,78.2,36.21
9,151.58,78.11,36.22
11,151.4,77.94,36.29
7,151.46,78.1,36.19
3,151.58,78.23,35.88
3,151.46,78.13,35.88
16,151.73,78.12,36.4
22,151.81,78.1,36.47
21,151.81,78.11,36.53
23,151.83,78.1,36.56
25,151.91,78.08,36.62
39,151.74,77.98,36.48
41,151.75,77.99,36.55
45,151.83,77.98,36.63
28,151.61,78,36.52
36,151.84,77.98,36.7
15,152.18,78.18,36.7
3,151.7,78.33,35.88
4,151.86,78.31,35.92
4,151.92,78.36,35.92
4,151.97,78.3,35.92
5,151.96,78.19,35.92
5,152.01,78.14,35.92
4,152.02,78.24,35.92
4,152.07,78.18,35.92
3,151.86,78.31,35.84
3,151.91,78.25,35.84
3,151.92,78.36,35.84
3,151.97,78.3,35.84
7,152.28,78.07,36.08
5,152.23,78.12,36
6,152.18,78.18,36
5,152.12,78.13,35.92
4,152.17,78.09,35.92
5,152.06,78.1,35.92
6,152.17,78.01,36.01
7,152.28,78.01,36.08
5,152.18,78.02,35.94
5,152.12,78.02,35.93
5,152.06,78.02,35.94
4,151.86,78.01,35.88
4,151.96,78.01,35.87
3,151.69,77.95,35.83
4,151.79,77.99,35.87
3,152.38,77.92,36.04
4,152.28,77.92,36.04
3,152.24,77.91,35.96
3,152.18,77.89,35.91
3,152.14,77.89,35.91
4,152.07,77.89,35.92
3,151.94,77.85,35.85
3,151.81,77.8,35.83
3,151.33,78.06,35.86
3,151.58,77.9,35.8
2,151.58,78.23,35.72
2,151.46,78.12,35.73
3,151.68,78.11,35.72
3,151.78,78.07,35.82
2,151.67,77.86,35.73
2,151.56,78.01,35.72
2,151.7,78.33,35.72
4,151.84,78.11,35.84
4,151.9,78.14,35.84
4,151.95,78.11,35.84
3,151.8,78.21,35.72
2,151.38,77.68,35.82
3,151.49,77.74,35.84
2,151.7,77.7,35.74
5,151.47,78.05,36.07
3,151.36,77.95,35.92
3,151.37,77.89,35.83
9,151.3,77.92,36.25
6,151.39,77.88,36.1
5,151.3,77.84,36.05
3,151.28,77.78,35.96
3,151.29,77.72,35.89
21,151.91,78.09,36.7
23,152.01,78.07,36.7
16,152.17,78.06,36.76
17,152.23,78.04,36.73
17,152.12,78.07,36.78
13,152.28,78.05,36.76
11,152.37,78.05,36.73
12,152.34,78.04,36.72
10,152.39,78.04,36.72
8,152.44,78.05,36.71
9,152.47,78.03,36.63
9,152.45,78.04,36.68
10,152.47,78.05,36.6
9,152.47,78.06,36.63
11,152.49,78.02,36.44
10,152.5,78.03,36.48
8,152.51,78.03,36.6
8,152.52,78.03,36.53
9,152.48,78.03,36.57
5,152.53,78.03,36.26
39,151.95,77.97,36.71
31,151.91,77.98,36.77
29,152.02,77.97,36.77
24,152.05,77.97,36.79
16,152.23,77.97,36.78
17,152.13,77.97,36.84
10,152.34,77.97,36.78
8,152.43,77.97,36.73
5,152.54,77.97,36.61
6,152.48,77.97,36.72
7,152.48,77.97,36.69
7,152.5,77.97,36.64
8,152.49,77.97,36.45
8,152.49,77.98,36.48
6,152.53,77.98,36.37
6,152.53,77.98,36.41
6,152.52,77.97,36.52
7,152.51,77.97,36.56
5,152.52,77.98,36.3
5,152.52,77.97,36.33
4,152.55,77.96,36.26
4,151.34,78.11,35.99
3,151.24,78.15,35.88
3,151.21,77.99,35.83
2,151.24,78.15,35.72
16,152.13,78.23,36.31
19,152.13,78.23,36.39
13,151.97,78.3,36.39
14,152.08,78.29,36.39
12,151.97,78.3,36.31
12,152.08,78.29,36.31
14,152.08,78.29,36.54
15,152.08,78.29,36.47
18,152.13,78.23,36.54
19,152.13,78.23,36.47
11,152.48,78.09,36.45
10,152.48,78.09,36.48
10,152.48,78.09,36.52
9,152.48,78.09,36.56
10,152.45,78.12,36.56
13,152.4,78.13,36.56
11,152.45,78.12,36.52
15,152.4,78.13,36.52
11,152.45,78.12,36.48
16,152.4,78.13,36.48
12,152.45,78.12,36.45
16,152.4,78.13,36.45
18,152.32,78.16,36.52
15,152.37,78.16,36.52
17,152.32,78.16,36.56
14,152.37,78.16,36.56
16,152.29,78.19,36.56
17,152.29,78.19,36.52
21,152.32,78.16,36.45
16,152.37,78.16,36.45
20,152.32,78.16,36.48
16,152.37,78.16,36.48
19,152.29,78.19,36.45
18,152.29,78.19,36.48
18,152.24,78.23,36.47
16,152.24,78.23,36.54
8,152.48,78.09,36.29
9,152.48,78.09,36.33
10,152.48,78.09,36.37
10,152.48,78.09,36.41
11,152.45,78.12,36.37
16,152.4,78.13,36.37
11,152.45,78.12,36.41
16,152.4,78.13,36.41
9,152.45,78.12,36.29
13,152.4,78.13,36.29
10,152.45,78.12,36.33
14,152.4,78.13,36.33
18,152.32,78.16,36.33
14,152.37,78.16,36.33
16,152.32,78.16,36.29
13,152.37,78.16,36.29
17,152.29,78.19,36.33
15,152.29,78.19,36.29
20,152.32,78.16,36.37
16,152.37,78.16,36.37
21,152.32,78.16,36.41
16,152.37,78.16,36.41
19,152.29,78.19,36.41
18,152.29,78.19,36.37
18,152.24,78.23,36.39
15,152.24,78.23,36.31
9,152.5,78.06,36.45
9,152.5,78.06,36.49
8,152.53,78.05,36.51
9,152.5,78.06,36.52
8,152.5,78.07,36.56
6,152.52,78.05,36.29
7,152.52,78.05,36.33
7,152.5,78.06,36.29
8,152.5,78.06,36.33
7,152.52,78.04,36.37
8,152.52,78.04,36.41
9,152.5,78.06,36.37
9,152.5,78.06,36.41
6,152.33,78.01,36.09
6,152.39,78.02,36.14
7,152.36,78.02,36.13
5,152.42,78.01,36.14
4,152.46,77.95,36.16
4,152.39,77.94,36.1
2,152.44,77.91,36.02
5,152.13,78.23,36
7,152.13,78.23,36.07
6,151.97,78.3,36.07
6,152.08,78.29,36.07
5,151.97,78.3,36
5,152.08,78.29,36
8,151.97,78.3,36.15
10,151.97,78.3,36.23
7,151.86,78.31,36.15
9,151.86,78.31,36.23
7,151.92,78.36,36.15
8,151.92,78.36,36.23
6,151.86,78.31,36.07
5,151.86,78.31,36
5,151.92,78.36,36
6,151.92,78.36,36.07
8,152.08,78.29,36.15
10,152.08,78.29,36.23
10,152.13,78.23,36.15
13,152.13,78.23,36.23
7,152.48,78.09,36.25
6,152.48,78.09,36.21
6,152.45,78.07,36.17
7,152.42,78.1,36.17
7,152.45,78.12,36.21
9,152.4,78.13,36.21
8,152.45,78.12,36.25
11,152.4,78.13,36.25
7,152.4,78.13,36.17
10,152.32,78.16,36.17
8,152.37,78.16,36.17
8,152.32,78.16,36.13
8,152.29,78.19,36.13
9,152.29,78.19,36.17
14,152.32,78.16,36.25
11,152.37,78.16,36.25
11,152.32,78.16,36.21
9,152.37,78.16,36.21
13,152.29,78.19,36.25
11,152.29,78.19,36.21
12,152.24,78.23,36.23
9,152.24,78.23,36.15
5,152.45,78.07,36.13
6,152.42,78.1,36.13
5,152.39,78.06,36.08
7,152.37,78.16,36.13
6,152.4,78.13,36.13
6,152.34,78.11,36.07
5,152.29,78.17,36
6,152.29,78.17,36.07
6,152.24,78.23,36.07
5,152.24,78.23,36
5,152.51,78.02,36.21
5,152.47,78.02,36.18
3,152.55,77.96,36.23
3,152.51,77.95,36.19
3,152.5,77.94,36.16
5,152.53,78.05,36.26
6,152.5,78.06,36.25
5,152.5,78.07,36.21
5,152.47,78.05,36.17
13,152.26,78.17,36.72
13,152.29,78.14,36.72
12,152.23,78.13,36.77
16,152.13,78.23,36.62
10,152.34,78.12,36.77
9,152.48,78.09,36.6
9,152.45,78.08,36.68
8,152.48,78.09,36.64
10,152.42,78.1,36.68
8,152.45,78.09,36.71
9,152.42,78.1,36.72
10,152.45,78.12,36.6
12,152.4,78.13,36.6
9,152.45,78.12,36.64
11,152.4,78.13,36.64
10,152.4,78.13,36.68
9,152.4,78.13,36.72
12,152.32,78.16,36.68
10,152.37,78.16,36.68
11,152.32,78.16,36.72
9,152.37,78.16,36.72
11,152.29,78.19,36.72
12,152.29,78.19,36.68
15,152.32,78.16,36.6
13,152.37,78.16,36.6
14,152.32,78.16,36.64
11,152.37,78.16,36.64
13,152.29,78.19,36.64
15,152.29,78.19,36.6
14,152.24,78.23,36.62
12,152.24,78.23,36.7
13,152.08,78.29,36.62
14,151.97,78.3,36.47
16,151.91,78.25,36.47
16,151.81,78.19,36.46
17,151.85,78.21,36.46
17,151.85,78.21,36.54
19,151.91,78.16,36.62
16,151.8,78.19,36.52
15,151.91,78.25,36.54
18,151.96,78.19,36.62
17,151.91,78.17,36.69
19,152.02,78.15,36.7
14,151.97,78.3,36.54
16,152.02,78.24,36.62
16,152.07,78.18,36.7
14,152.13,78.14,36.77
9,151.92,78.36,36.31
10,151.92,78.36,36.39
10,151.86,78.31,36.31
11,151.86,78.31,36.39
11,151.74,78.22,36.31
11,151.8,78.26,36.31
12,151.75,78.23,36.39
12,151.8,78.26,36.39
11,151.59,78.14,36.36
18,151.5,77.98,36.42
14,151.39,77.97,36.41
18,151.38,77.99,36.54
7,151.69,78.33,36.19
5,151.7,78.33,36.04
3,151.59,78.45,35.88
5,151.58,78.23,36.03
7,151.58,78.25,36.19
6,151.45,78.2,36.15
7,151.37,78.12,36.24
4,151.45,78.16,36.02
3,151.48,78.35,35.88
3,151.36,78.25,35.88
2,151.36,78.25,35.72
2,151.48,78.35,35.72
2,151.14,78.27,35.72
3,151.14,78.27,35.88
5,151.24,78.21,36.15
17,151.74,78.13,36.47
18,151.74,78.13,36.55
21,151.83,78.11,36.62
13,151.61,78.17,36.51
19,151.84,78.12,36.7
22,151.49,78,36.54
34,151.69,77.99,36.54
38,151.75,77.99,36.63
33,151.76,77.99,36.7
26,151.6,78,36.67
29,151.85,77.99,36.78
12,152.08,78.29,36.7
13,152.13,78.23,36.7
12,152.18,78.18,36.78
2,151.81,78.43,35.72
3,151.71,78.55,35.88
3,151.81,78.43,35.88
3,151.98,78.41,35.92
4,152.03,78.35,35.92
4,151.96,78.19,35.84
4,152.01,78.14,35.84
4,152.08,78.29,35.92
3,152.02,78.24,35.84
3,152.07,78.18,35.84
4,152.13,78.23,35.92
3,151.98,78.41,35.84
2,151.92,78.31,35.72
3,152.03,78.35,35.84
2,152.44,77.9,35.97
4,152.34,78.11,36
4,152.39,78.07,36
5,152.28,78.08,36
4,152.23,78.12,35.92
4,152.29,78.17,35.92
4,152.24,78.23,35.92
4,152.18,78.18,35.92
3,152.12,78.13,35.84
3,152.17,78.1,35.84
4,152.06,78.1,35.84
4,152.39,78.01,36.01
5,152.28,78.01,36.01
4,152.23,78.01,35.93
4,152.18,78.02,35.87
4,152.13,78.02,35.86
4,152.06,78.02,35.87
3,151.92,77.97,35.79
3,151.79,77.92,35.76
2,152.38,77.91,35.97
3,152.34,77.91,35.96
3,152.29,77.91,35.97
3,152.24,77.9,35.9
2,152.14,77.87,35.82
2,152.01,77.83,35.79
2,151.91,77.72,35.7
2,151.59,78.45,35.72
2,151.71,78.55,35.72
2,151.34,78.03,35.72
2,151.43,77.93,35.69
2,151.34,77.79,35.73
2,151.46,77.84,35.76
2,151.58,78.23,35.57
2,151.36,78.25,35.57
2,151.48,78.35,35.57
2,151.46,78.13,35.57
2,151.68,78.11,35.57
2,151.77,78.01,35.7
2,151.66,77.94,35.67
2,151.67,77.8,35.66
2,151.56,78,35.57
2,151.81,78.43,35.57
2,151.7,78.33,35.57
2,151.92,78.31,35.57
2,151.8,78.21,35.57
3,151.9,78.1,35.72
2,151.37,77.62,35.77
2,151.59,77.64,35.72
2,151.79,77.66,35.67
2,151.24,78.15,35.57
2,151.32,77.86,35.67
2,151.21,77.94,35.71
2,151.19,77.53,35.75
6,151.26,78.09,36.19
5,151.36,78.02,36.04
4,151.26,77.98,35.98
3,151.23,77.91,35.89
2,151.25,77.83,35.8
12,151.22,77.95,36.42
9,151.22,77.93,36.31
6,151.3,77.88,36.15
4,151.21,77.8,36.03
2,151.16,77.65,35.86
21,151.95,78.09,36.71
17,151.91,78.11,36.76
18,152.02,78.09,36.77
16,152.05,78.08,36.79
14,152.23,78.06,36.78
13,152.13,78.08,36.84
10,152.34,78.06,36.78
9,152.43,78.05,36.73
7,152.48,78.05,36.72
8,152.48,78.04,36.69
7,152.5,78.04,36.64
6,152.54,78.04,36.61
8,152.5,78.07,36.6
8,152.5,78.08,36.64
8,152.52,78.04,36.45
8,152.52,78.05,36.48
7,152.53,78.03,36.36
7,152.53,78.03,36.52
8,152.52,78.03,36.57
6,152.53,78.03,36.29
6,152.53,78.03,36.33
4,152.55,78.03,36.25
28,151.96,77.98,36.79
18,152.06,77.98,36.86
13,152.23,77.97,36.84
13,152.18,77.97,36.87
7,152.41,77.97,36.8
9,152.34,77.97,36.84
7,152.45,77.97,36.77
5,152.55,77.97,36.6
5,152.52,77.97,36.73
5,152.54,77.97,36.64
6,152.5,77.97,36.67
6,152.53,77.98,36.45
6,152.52,77.97,36.49
4,152.56,77.97,36.37
5,152.56,77.98,36.41
5,152.56,77.97,36.52
5,152.55,77.97,36.56
4,152.55,77.97,36.3
4,152.56,77.97,36.33
3,152.59,77.96,36.27
3,152.59,77.95,36.23
4,151.24,78.17,36.02
3,151.02,78.17,35.88
2,151.02,78.17,35.72
2,151.12,78.04,35.73
3,151.11,78.05,35.87
12,152.19,78.29,36.31
14,152.19,78.29,36.39
11,152.03,78.35,36.54
11,152.03,78.35,36.47
11,152.03,78.35,36.39
11,152.14,78.34,36.39
10,152.03,78.35,36.31
10,152.14,78.34,36.31
8,151.98,78.41,36.31
9,151.98,78.41,36.39
9,151.98,78.41,36.47
9,151.98,78.41,36.54
11,152.14,78.34,36.54
11,152.14,78.34,36.47
14,152.19,78.29,36.54
14,152.19,78.29,36.47
8,152.51,78.12,36.45
8,152.51,78.12,36.48
8,152.51,78.12,36.52
8,152.51,78.12,36.56
9,152.48,78.15,36.52
8,152.48,78.15,36.56
11,152.43,78.15,36.56
12,152.43,78.15,36.52
12,152.4,78.18,36.52
11,152.4,78.18,36.56
9,152.48,78.15,36.45
9,152.48,78.15,36.48
12,152.43,78.15,36.48
12,152.43,78.15,36.45
13,152.4,78.18,36.45
12,152.4,78.18,36.48
13,152.35,78.22,36.54
14,152.35,78.22,36.47
12,152.3,78.28,36.47
12,152.3,78.28,36.54
7,152.51,78.12,36.29
7,152.51,78.12,36.33
8,152.51,78.12,36.37
8,152.51,78.12,36.41
8,152.48,78.15,36.37
9,152.48,78.15,36.41
12,152.43,78.15,36.37
12,152.43,78.15,36.41
12,152.4,78.18,36.41
12,152.4,78.18,36.37
8,152.48,78.15,36.33
7,152.48,78.15,36.29
10,152.43,78.15,36.29
11,152.43,78.15,36.33
11,152.4,78.18,36.33
10,152.4,78.18,36.29
12,152.35,78.22,36.31
13,152.35,78.22,36.39
12,152.3,78.28,36.39
10,152.3,78.28,36.31
7,152.53,78.09,36.45
7,152.53,78.09,36.48
6,152.55,78.07,36.52
6,152.55,78.07,36.56
7,152.53,78.09,36.52
7,152.53,78.09,36.56
5,152.55,78.07,36.29
6,152.56,78.07,36.33
6,152.53,78.09,36.29
6,152.53,78.09,36.33
6,152.56,78.06,36.37
6,152.56,78.06,36.41
7,152.53,78.09,36.37
7,152.53,78.09,36.41
5,152.47,78.05,36.13
5,152.47,78.01,36.14
5,152.39,78.01,36.08
3,152.45,78.01,36
3,152.48,77.93,36.11
2,152.48,77.91,36.04
5,152.19,78.29,36
6,152.19,78.29,36.07
6,152.03,78.35,36.07
6,152.14,78.34,36.07
5,152.03,78.35,36
4,152.14,78.34,36
7,152.03,78.35,36.15
8,152.03,78.35,36.23
6,151.81,78.43,36.19
6,151.98,78.41,36.15
7,151.98,78.41,36.23
4,151.81,78.43,36.04
4,151.98,78.41,36
5,151.98,78.41,36.07
7,152.14,78.34,36.15
8,152.14,78.34,36.23
8,152.19,78.29,36.15
10,152.19,78.29,36.23
6,152.51,78.12,36.25
5,152.51,78.12,36.21
5,152.48,78.09,36.17
5,152.48,78.09,36.13
6,152.45,78.12,36.17
5,152.45,78.12,36.13
6,152.48,78.15,36.25
6,152.48,78.15,36.21
7,152.43,78.15,36.21
9,152.43,78.15,36.25
9,152.4,78.18,36.25
8,152.4,78.18,36.21
6,152.43,78.15,36.17
5,152.43,78.15,36.13
6,152.4,78.18,36.13
7,152.4,78.18,36.17
7,152.35,78.22,36.15
9,152.35,78.22,36.23
9,152.3,78.28,36.23
7,152.3,78.28,36.15
4,152.45,78.1,36.08
5,152.4,78.16,36.07
4,152.35,78.22,36
5,152.35,78.22,36.07
5,152.3,78.28,36.07
4,152.3,78.28,36
4,152.55,78.03,36.22
4,152.51,78.02,36.18
4,152.51,78.02,36.14
3,152.57,77.94,36.18
5,152.55,78.07,36.25
5,152.53,78.09,36.25
4,152.56,78.07,36.21
5,152.53,78.09,36.21
5,152.5,78.07,36.17
4,152.5,78.07,36.13
10,152.29,78.17,36.78
10,152.23,78.15,36.84
10,152.24,78.23,36.78
8,152.34,78.14,36.84
12,152.19,78.29,36.62
11,152.19,78.29,36.7
7,152.45,78.12,36.76
8,152.4,78.16,36.78
7,152.51,78.12,36.6
7,152.51,78.12,36.64
8,152.48,78.1,36.68
8,152.45,78.12,36.68
7,152.48,78.1,36.72
8,152.45,78.12,36.72
8,152.48,78.15,36.6
7,152.48,78.15,36.64
10,152.43,78.15,36.6
9,152.43,78.15,36.64
10,152.4,78.18,36.64
10,152.4,78.18,36.6
9,152.43,78.15,36.68
8,152.43,78.15,36.72
8,152.4,78.18,36.72
9,152.4,78.18,36.68
9,152.35,78.22,36.7
11,152.35,78.22,36.62
10,152.3,78.28,36.62
9,152.3,78.28,36.7
11,152.03,78.35,36.62
11,152.14,78.34,36.62
9,152.14,78.34,36.7
11,151.92,78.36,36.47
12,151.86,78.31,36.47
11,151.92,78.36,36.54
12,151.86,78.31,36.54
13,151.75,78.23,36.46
13,151.8,78.26,36.47
13,151.8,78.26,36.54
16,151.85,78.21,36.62
14,151.75,78.23,36.54
15,151.91,78.25,36.62
14,151.85,78.22,36.7
16,151.96,78.19,36.7
14,151.91,78.19,36.76
15,152.02,78.16,36.76
13,151.97,78.3,36.62
14,152.02,78.24,36.7
14,152.07,78.18,36.78
11,152.13,78.16,36.84
7,151.81,78.43,36.35
9,151.7,78.33,36.35
8,151.59,78.27,36.34
9,151.48,78.17,36.39
8,151.36,78.16,36.37
17,151.3,77.99,36.58
9,151.35,78.19,36.51
19,151.39,78.01,36.66
9,151.6,78.29,36.49
2,151.25,78.37,35.57
4,151.71,78.55,36.04
5,151.71,78.55,36.19
5,151.59,78.45,36.19
4,151.59,78.45,36.04
2,151.61,78.67,35.72
2,151.61,78.67,35.88
3,151.49,78.57,35.88
2,151.49,78.57,35.72
4,151.48,78.35,36.04
5,151.47,78.35,36.19
5,151.36,78.26,36.18
4,151.36,78.25,36.03
3,151.37,78.47,35.88
3,151.25,78.37,35.88
2,151.25,78.37,35.72
2,151.37,78.47,35.72
2,150.92,78.4,35.8
3,151.13,78.27,36.03
4,151.13,78.27,36.19
10,151.48,78.19,36.52
15,151.68,78.15,36.54
17,151.75,78.13,36.62
16,151.76,78.14,36.7
12,151.6,78.18,36.66
16,151.85,78.13,36.78
22,151.48,78.01,36.68
30,151.68,78,36.68
22,151.59,78.01,36.8
27,151.78,77.99,36.78
22,151.8,77.99,36.86
23,151.86,77.99,36.84
9,151.98,78.41,36.62
9,151.98,78.41,36.7
10,152.03,78.35,36.7
10,152.08,78.29,36.78
8,152.14,78.34,36.78
11,152.13,78.23,36.78
10,152.18,78.18,36.85
9,152.19,78.29,36.78
3,152.45,78.1,36
4,152.4,78.16,36
2,151.93,78.53,35.72
2,151.83,78.65,35.88
2,151.73,78.77,35.88
3,151.93,78.53,35.88
3,152.35,78.22,35.92
3,152.3,78.28,35.92
4,152.19,78.29,35.92
4,152.14,78.34,35.92
3,152.04,78.46,35.84
3,152.04,78.46,35.92
3,152.09,78.4,35.92
3,152.09,78.4,35.84
2,152.02,78.19,35.72
3,152.08,78.29,35.84
3,152.13,78.23,35.84
3,152.14,78.34,35.84
3,152.19,78.29,35.84
2,152.03,78.41,35.72
3,152.45,78.01,35.94
2,152.49,77.9,35.97
2,152.49,77.89,35.92
2,152.44,77.89,35.9
3,152.34,78.11,35.92
3,152.39,78.08,35.92
4,152.28,78.08,35.92
3,152.29,78.17,35.84
3,152.24,78.23,35.84
3,152.23,78.12,35.84
3,152.18,78.18,35.84
2,152.11,78.11,35.71
2,151.99,78.04,35.68
3,152.39,78.01,35.94
3,152.34,78.01,35.92
4,152.28,78.01,35.94
3,152.23,78.02,35.86
2,152.12,78,35.76
2,151.99,77.96,35.73
2,151.89,77.82,35.62
2,152.24,77.88,35.83
2,152.39,77.89,35.91
2,152.34,77.9,35.9
2,152.29,77.9,35.9
2,152.15,77.82,35.73
2,152.03,77.78,35.72
2,151.59,78.45,35.57
2,151.83,78.65,35.72
2,151.34,78.03,35.57
2,151.44,77.91,35.57
2,151.33,77.72,35.67
2,151.55,77.73,35.63
2,151.78,77.99,35.57
2,151.65,77.9,35.56
2,152.02,78.19,35.57
2,151.9,78.09,35.57
2,151.47,77.57,35.69
2,151.12,78.05,35.57
2,151.08,77.84,35.7
2,151.22,77.92,35.57
2,150.69,78.19,35.8
7,151.18,78.14,36.38
6,151.17,78.11,36.25
5,151.26,78.04,36.08
3,151.16,77.93,35.95
2,151.1,77.75,35.77
14,151.16,77.96,36.56
10,151.08,77.91,36.43
7,151.12,77.89,36.28
5,151.17,77.85,36.14
3,151.05,77.69,35.98
2,150.88,77.44,35.87
17,151.96,78.1,36.79
13,152.06,78.1,36.86
11,152.23,78.08,36.84
11,152.18,78.09,36.87
8,152.41,78.07,36.8
9,152.34,78.07,36.84
7,152.45,78.06,36.77
6,152.55,78.04,36.6
6,152.52,78.06,36.73
6,152.54,78.05,36.64
7,152.5,78.04,36.67
6,152.55,78.08,36.59
7,152.53,78.09,36.6
6,152.53,78.09,36.64
7,152.5,78.08,36.67
6,152.56,78.06,36.45
7,152.53,78.03,36.45
7,152.55,78.07,36.48
7,152.53,78.03,36.49
5,152.57,78.03,36.37
5,152.57,78.04,36.41
6,152.56,78.04,36.52
6,152.55,78.04,36.56
5,152.56,78.03,36.29
5,152.56,78.03,36.33
4,152.59,78.04,36.26
4,152.59,78.04,36.22
21,151.97,77.98,36.85
14,152.07,77.98,36.92
10,152.29,77.97,36.87
11,152.18,77.98,36.93
6,152.4,77.97,36.86
5,152.52,77.97,36.78
4,152.58,77.97,36.6
4,152.58,77.97,36.64
5,152.55,77.97,36.69
5,152.56,77.97,36.45
5,152.56,77.97,36.49
3,152.6,77.97,36.37
4,152.6,77.97,36.41
4,152.59,77.97,36.52
4,152.59,77.97,36.56
3,152.59,77.97,36.3
3,152.6,77.97,36.34
2,152.65,77.96,36.25
4,151,78.19,36.18
3,151.01,78.17,36.03
3,151.09,78.1,36.01
2,150.88,77.96,35.79
9,152.25,78.34,36.31
10,152.25,78.34,36.39
8,152.04,78.46,36.47
8,152.04,78.46,36.54
9,152.09,78.4,36.54
9,152.09,78.4,36.47
7,152.04,78.46,36.31
7,152.04,78.46,36.39
8,152.2,78.4,36.31
9,152.2,78.4,36.39
9,152.09,78.4,36.39
8,152.09,78.4,36.31
6,151.93,78.53,36.35
5,151.83,78.65,36.5
4,151.83,78.65,36.35
6,151.93,78.53,36.5
9,152.2,78.4,36.54
9,152.2,78.4,36.47
10,152.25,78.34,36.54
10,152.25,78.34,36.47
7,152.54,78.14,36.45
7,152.54,78.14,36.48
7,152.51,78.17,36.48
7,152.51,78.17,36.45
7,152.54,78.14,36.52
7,152.54,78.14,36.56
7,152.51,78.17,36.52
7,152.51,78.17,36.56
8,152.46,78.21,36.54
9,152.46,78.21,36.47
9,152.41,78.27,36.54
9,152.41,78.27,36.47
8,152.36,78.33,36.47
8,152.36,78.33,36.54
5,152.54,78.14,36.29
6,152.54,78.14,36.33
6,152.51,78.17,36.29
6,152.51,78.17,36.33
6,152.54,78.14,36.37
7,152.54,78.14,36.41
7,152.51,78.17,36.37
7,152.51,78.17,36.41
8,152.46,78.21,36.39
7,152.46,78.21,36.31
8,152.41,78.27,36.31
9,152.41,78.27,36.39
8,152.36,78.33,36.39
7,152.36,78.33,36.31
6,152.56,78.11,36.45
6,152.56,78.11,36.48
5,152.59,78.09,36.52
5,152.58,78.09,36.56
6,152.56,78.11,36.52
6,152.56,78.11,36.56
4,152.59,78.09,36.29
5,152.59,78.09,36.33
5,152.56,78.11,36.29
5,152.56,78.11,36.33
5,152.59,78.08,36.37
5,152.59,78.08,36.41
6,152.56,78.11,36.37
6,152.56,78.11,36.41
4,152.49,78.07,36.08
3,152.5,78.07,36
4,152.49,78.01,36.08
3,152.49,78.01,36.01
2,152.56,77.93,36.11
2,152.56,77.91,36.04
4,152.25,78.34,36
5,152.25,78.34,36.07
4,152.04,78.46,36
5,152.04,78.46,36.07
5,152.2,78.4,36.07
4,152.2,78.4,36
5,152.09,78.4,36.07
4,152.09,78.4,36
6,152.04,78.46,36.23
5,152.04,78.46,36.15
6,152.09,78.4,36.15
7,152.09,78.4,36.23
5,151.93,78.53,36.19
4,151.83,78.65,36.19
3,151.83,78.65,36.04
4,151.93,78.53,36.04
6,152.2,78.4,36.15
7,152.2,78.4,36.23
6,152.25,78.34,36.15
8,152.25,78.34,36.23
5,152.54,78.14,36.25
5,152.54,78.14,36.21
5,152.51,78.17,36.25
5,152.51,78.17,36.21
4,152.51,78.15,36.15
6,152.46,78.21,36.23
5,152.46,78.21,36.15
5,152.41,78.27,36.15
6,152.41,78.27,36.23
6,152.36,78.33,36.23
5,152.36,78.33,36.15
3,152.51,78.15,36.07
3,152.51,78.15,36
4,152.46,78.21,36.07
3,152.46,78.21,36
3,152.41,78.27,36
4,152.41,78.27,36.07
4,152.36,78.33,36.07
3,152.36,78.33,36
3,152.57,78.03,36.16
2,152.65,77.94,36.19
4,152.59,78.09,36.25
4,152.59,78.09,36.21
5,152.56,78.11,36.25
4,152.56,78.11,36.21
4,152.56,78.09,36.15
8,152.35,78.22,36.78
8,152.29,78.17,36.85
8,152.3,78.28,36.78
8,152.24,78.22,36.86
6,152.4,78.17,36.85
9,152.25,78.34,36.62
8,152.25,78.34,36.7
7,152.25,78.34,36.78
5,152.51,78.16,36.77
6,152.46,78.2,36.78
6,152.41,78.27,36.78
6,152.36,78.33,36.78
6,152.54,78.14,36.6
6,152.54,78.14,36.64
7,152.51,78.17,36.6
6,152.51,78.17,36.64
6,152.51,78.15,36.7
8,152.46,78.21,36.62
7,152.46,78.21,36.7
7,152.41,78.27,36.7
8,152.41,78.27,36.62
8,152.36,78.33,36.62
7,152.36,78.33,36.7
7,152.04,78.46,36.7
8,152.04,78.46,36.62
8,152.2,78.4,36.62
8,152.2,78.4,36.7
9,152.09,78.4,36.62
8,152.09,78.4,36.7
8,151.81,78.43,36.5
11,151.92,78.36,36.62
12,151.86,78.31,36.62
10,151.7,78.33,36.5
13,151.75,78.24,36.62
13,151.8,78.26,36.62
12,151.75,78.24,36.69
12,151.8,78.27,36.7
13,151.91,78.25,36.7
13,151.86,78.23,36.77
14,151.96,78.2,36.78
10,151.92,78.36,36.7
11,151.86,78.31,36.7
12,151.97,78.3,36.7
12,152.02,78.24,36.78
11,152.07,78.2,36.85
5,151.71,78.55,36.35
6,151.59,78.45,36.35
6,151.71,78.55,36.5
7,151.59,78.45,36.5
7,151.48,78.35,36.35
6,151.35,78.3,36.34
9,151.27,78.19,36.55
18,151.31,78,36.7
7,151.35,78.32,36.49
10,151.37,78.2,36.65
9,151.59,78.31,36.65
7,151.48,78.36,36.5
3,151.61,78.67,36.04
4,151.61,78.67,36.19
4,151.49,78.57,36.19
3,151.49,78.57,36.04
2,151.4,78.8,35.8
3,151.37,78.47,36.04
4,151.37,78.47,36.19
4,151.25,78.37,36.19
3,151.25,78.37,36.04
2,151.16,78.6,35.8
2,150.48,78.43,36.11
2,150.72,78.64,35.8
2,150.48,78.43,35.8
3,150.92,78.4,36.11
5,151.13,78.29,36.34
5,150.99,78.21,36.33
6,151.11,78.3,36.49
10,151.47,78.2,36.67
14,151.68,78.16,36.67
11,151.59,78.2,36.79
14,151.78,78.15,36.78
12,151.8,78.16,36.86
14,151.86,78.14,36.84
17,151.31,78.01,36.84
19,151.48,78.01,36.83
23,151.68,78,36.83
17,151.81,78,36.95
21,151.9,77.99,36.87
3,151.73,78.77,36.19
3,151.73,78.77,36.04
3,151.73,78.77,36.35
4,151.73,78.77,36.5
5,151.83,78.65,36.66
6,151.93,78.53,36.66
7,152.2,78.4,36.78
7,152.04,78.46,36.78
8,151.98,78.41,36.78
8,152.09,78.4,36.78
9,152.03,78.35,36.78
5,151.83,78.65,36.82
6,152.2,78.4,36.86
7,152.25,78.34,36.86
9,152.08,78.29,36.86
7,152.14,78.34,36.86
9,152.13,78.23,36.86
8,152.18,78.2,36.93
8,152.19,78.29,36.86
3,152.45,78.1,35.92
3,152.4,78.16,35.92
2,152.5,78.08,35.92
2,152.05,78.63,35.72
2,151.95,78.75,35.88
2,151.85,78.87,35.88
2,152.05,78.63,35.88
3,152.41,78.27,35.92
2,152.35,78.22,35.84
3,152.3,78.28,35.84
2,152.41,78.27,35.84
3,152.36,78.33,35.92
3,152.25,78.34,35.92
2,152.36,78.33,35.84
3,152.2,78.4,35.92
3,152.15,78.51,35.88
3,152.2,78.4,35.84
2,152.14,78.29,35.72
3,152.25,78.34,35.84
2,152.15,78.51,35.72
2,152.51,78.15,35.92
2,152.46,78.21,35.92
2,152.5,78.01,35.94
2,152.5,78.01,35.88
2,152.45,78.01,35.86
2,152.55,77.9,35.98
3,152.34,78.11,35.84
2,152.39,78.08,35.85
3,152.28,78.09,35.84
2,152.24,78.17,35.72
2,152.23,78.01,35.78
2,152.39,78.01,35.87
3,152.34,78.01,35.86
3,152.28,78.01,35.86
2,152.14,77.95,35.66
2,152.01,77.89,35.64
2,152.33,77.87,35.81
2,150.45,77.99,35.8
3,150.68,78.2,36.11
8,151.12,78.15,36.52
5,150.85,78.12,36.3
6,151.03,78.09,36.38
5,151.07,78.05,36.22
4,151.12,78,36.07
2,150.98,77.8,35.9
14,151.17,78,36.99
15,151.16,78,36.85
16,151.17,77.98,36.7
13,151.02,77.93,36.6
8,150.95,77.85,36.41
5,150.97,77.78,36.22
2,150.86,77.55,35.99
14,151.97,78.12,36.85
11,152.07,78.12,36.92
9,152.29,78.08,36.87
9,152.18,78.11,36.93
7,152.4,78.08,36.86
5,152.52,78.07,36.78
5,152.58,78.05,36.6
5,152.58,78.05,36.64
5,152.55,78.06,36.69
5,152.58,78.1,36.6
6,152.56,78.11,36.6
5,152.56,78.11,36.64
6,152.55,78.11,36.68
5,152.59,78.08,36.45
6,152.57,78.03,36.45
5,152.59,78.09,36.48
6,152.56,78.03,36.49
4,152.6,78.04,36.37
5,152.6,78.04,36.41
5,152.59,78.04,36.52
5,152.59,78.05,36.56
4,152.6,78.04,36.29
4,152.6,78.04,36.33
3,152.65,78.05,36.24
12,152.12,77.98,36.95
15,152,77.99,36.94
8,152.29,77.98,36.93
9,152.18,77.99,37
9,152.24,77.98,36.95
5,152.46,77.98,36.87
6,152.4,77.98,36.92
4,152.58,77.97,36.79
4,152.51,77.98,36.85
3,152.64,77.97,36.62
3,152.62,77.97,36.7
4,152.6,77.97,36.45
4,152.6,77.97,36.49
3,152.65,77.97,36.39
3,152.63,77.97,36.56
3,152.65,77.97,36.32
2,152.73,77.95,36.26
3,150.48,78.43,36.43
2,150.25,78.23,36.11
3,150.84,78.04,36.07
2,150.63,77.76,35.79
6,152.26,78.45,36.31
7,152.26,78.45,36.39
7,152.31,78.39,36.31
7,152.31,78.39,36.39
6,152.15,78.51,36.5
6,152.15,78.51,36.35
4,152.05,78.63,36.35
4,151.95,78.75,36.5
3,151.95,78.75,36.35
3,151.85,78.87,36.35
3,151.85,78.87,36.5
5,152.05,78.63,36.5
7,152.26,78.45,36.54
7,152.26,78.45,36.47
8,152.31,78.39,36.54
8,152.31,78.39,36.47
5,152.57,78.2,36.47
5,152.57,78.2,36.54
6,152.52,78.26,36.54
6,152.52,78.26,36.47
6,152.47,78.32,36.54
6,152.47,78.32,36.47
6,152.42,78.38,36.47
6,152.42,78.38,36.54
5,152.57,78.2,36.31
5,152.57,78.2,36.39
6,152.52,78.26,36.39
5,152.52,78.26,36.31
5,152.47,78.32,36.31
6,152.47,78.32,36.39
6,152.42,78.38,36.39
5,152.42,78.38,36.31
5,152.62,78.14,36.47
5,152.62,78.14,36.54
4,152.66,78.11,36.39
3,152.66,78.11,36.31
4,152.62,78.14,36.31
4,152.62,78.14,36.39
3,152.56,78.1,36.08
2,152.56,78.1,36
3,152.57,78.02,36.09
2,152.57,78.01,36.01
2,152.65,77.92,36.12
2,152.64,77.91,36.05
3,152.26,78.45,36
4,152.26,78.45,36.07
3,152.31,78.39,36
4,152.31,78.39,36.07
4,152.15,78.51,36.04
5,152.15,78.51,36.19
4,152.05,78.63,36.19
3,151.95,78.75,36.19
2,151.95,78.75,36.04
2,151.85,78.87,36.04
2,151.85,78.87,36.19
3,152.05,78.63,36.04
5,152.26,78.45,36.15
5,152.26,78.45,36.23
5,152.31,78.39,36.15
6,152.31,78.39,36.23
4,152.57,78.2,36.23
3,152.57,78.2,36.15
4,152.52,78.26,36.23
4,152.52,78.26,36.15
4,152.47,78.32,36.15
5,152.47,78.32,36.23
5,152.42,78.38,36.23
4,152.42,78.38,36.15
3,152.57,78.2,36.07
2,152.57,78.2,36
3,152.52,78.26,36.07
3,152.52,78.26,36
3,152.47,78.32,36
3,152.47,78.32,36.07
3,152.42,78.38,36.07
3,152.42,78.38,36
3,152.66,78.04,36.16
2,152.73,77.94,36.19
3,152.66,78.11,36.23
2,152.66,78.11,36.15
3,152.62,78.14,36.23
3,152.62,78.14,36.15
5,152.41,78.27,36.86
5,152.36,78.33,36.86
7,152.35,78.22,36.86
7,152.29,78.19,36.93
7,152.3,78.28,36.86
7,152.24,78.23,36.93
5,152.51,78.17,36.85
6,152.4,78.19,36.92
5,152.46,78.21,36.86
7,152.26,78.45,36.62
6,152.26,78.45,36.7
7,152.31,78.39,36.62
7,152.31,78.39,36.7
6,152.26,78.45,36.78
5,152.26,78.45,36.86
6,152.31,78.39,36.78
5,152.31,78.39,36.86
4,152.57,78.19,36.78
5,152.52,78.26,36.78
5,152.47,78.32,36.78
4,152.47,78.32,36.86
4,152.42,78.38,36.86
5,152.42,78.38,36.78
5,152.57,78.2,36.62
5,152.57,78.19,36.7
6,152.52,78.26,36.62
5,152.52,78.26,36.7
5,152.47,78.32,36.7
6,152.47,78.32,36.62
6,152.42,78.38,36.62
5,152.42,78.38,36.7
6,152.15,78.51,36.66
5,152.05,78.63,36.66
3,151.95,78.75,36.82
4,151.95,78.75,36.66
8,151.81,78.43,36.66
10,151.7,78.33,36.66
9,151.59,78.32,36.78
11,151.8,78.27,36.78
12,151.91,78.26,36.78
11,151.86,78.24,36.84
11,151.97,78.22,36.85
9,152.07,78.21,36.92
9,151.92,78.36,36.78
10,151.86,78.31,36.78
11,151.97,78.3,36.78
10,152.02,78.24,36.85
10,151.81,78.28,36.85
4,151.61,78.67,36.35
5,151.49,78.57,36.35
5,151.61,78.67,36.5
6,151.71,78.55,36.66
5,151.49,78.57,36.5
7,151.59,78.45,36.66
5,151.37,78.47,36.35
5,151.25,78.37,36.35
6,151.25,78.37,36.5
8,151.36,78.33,36.62
9,151.28,78.2,36.68
6,151.37,78.47,36.5
8,151.48,78.37,36.66
6,151.71,78.55,36.82
7,151.59,78.45,36.82
3,151.4,78.8,36.11
3,151.16,78.6,36.11
2,150.72,78.64,36.11
2,150.28,78.67,36.11
3,150.72,78.64,36.43
2,150.28,78.67,36.43
5,150.93,78.4,36.43
7,151.12,78.32,36.66
7,151.12,78.33,36.82
9,151.29,78.21,36.83
10,151.47,78.21,36.82
12,151.67,78.18,36.83
10,151.81,78.17,36.95
13,151.9,78.14,36.87
15,151.31,78.01,36.99
16,151.48,78.01,36.98
12,151.17,78,37.15
16,151.68,78.01,36.98
14,151.9,78,36.99
2,151.64,79,36.11
2,151.64,79,36.43
3,151.85,78.87,36.66
4,151.73,78.77,36.66
3,151.85,78.87,36.82
4,151.73,78.77,36.82
4,152.05,78.63,36.82
6,151.93,78.53,36.82
5,152.15,78.51,36.82
7,151.98,78.41,36.86
6,152.04,78.46,36.86
7,152.09,78.4,36.86
8,152.03,78.35,36.86
4,151.83,78.65,36.97
5,152.2,78.4,36.93
6,152.25,78.34,36.93
8,152.08,78.29,36.94
6,152.14,78.34,36.93
8,152.13,78.24,36.93
7,152.18,78.22,36.99
7,152.19,78.29,36.93
2,152.46,78.21,35.84
2,152.45,78.1,35.84
2,152.4,78.16,35.84
2,152.51,78.14,35.84
2,152.5,78.08,35.86
2,152.56,78.1,35.92
2,152.17,78.73,35.88
2,152.47,78.32,35.92
2,152.47,78.32,35.84
2,152.36,78.27,35.72
2,152.42,78.38,35.84
2,152.42,78.38,35.92
3,152.31,78.39,35.92
2,152.31,78.39,35.84
2,152.26,78.45,35.84
3,152.26,78.45,35.92
2,152.27,78.61,35.88
2,152.26,78.39,35.72
2,152.57,78.2,35.92
2,152.52,78.26,35.92
2,152.56,78.01,35.94
2,152.45,78,35.78
2,152.56,78.01,35.87
2,152.34,78.1,35.71
2,152.34,78,35.75
8,151.14,78.2,36.98
8,151.13,78.19,36.83
9,151.14,78.18,36.68
2,150.44,78,36.11
4,150.68,78.22,36.41
8,150.97,78.11,36.56
6,150.88,78.01,36.35
4,150.89,77.92,36.15
2,150.77,77.64,35.9
12,151.01,77.99,37.09
14,151.02,77.96,36.8
10,150.86,77.85,36.55
2,150.7,77.39,36.06
4,150.75,77.63,36.24
9,152.12,78.12,36.95
11,152,78.14,36.94
8,152.29,78.1,36.93
8,152.18,78.13,37
8,152.24,78.11,36.95
6,152.46,78.09,36.87
6,152.4,78.1,36.92
4,152.58,78.09,36.79
5,152.51,78.09,36.85
4,152.62,78.17,36.76
4,152.64,78.07,36.62
4,152.62,78.07,36.7
4,152.62,78.14,36.62
4,152.61,78.15,36.69
5,152.6,78.04,36.45
5,152.6,78.04,36.49
4,152.66,78.11,36.46
4,152.66,78.05,36.39
4,152.66,78.12,36.52
4,152.63,78.06,36.56
3,152.66,78.05,36.31
2,152.73,78.06,36.24
10,152.07,77.99,37.03
9,152.13,77.99,37.01
11,152.02,77.99,37.01
3,152.62,77.97,36.77
6,152.36,77.98,36.95
7,152.29,77.98,37
7,152.24,77.99,37.02
4,152.46,77.98,36.94
4,152.51,77.98,36.91
3,152.58,77.98,36.86
3,152.7,77.97,36.64
2,152.7,77.98,36.7
3,152.65,77.97,36.47
2,152.73,77.97,36.4
3,152.66,77.97,36.53
2,152.73,77.97,36.33
4,150.49,78.43,36.74
2,150.25,78.23,36.43
2,150.58,77.84,36.06
4,152.37,78.49,36.35
4,152.27,78.61,36.5
4,152.27,78.61,36.35
3,152.17,78.73,36.35
3,152.07,78.85,36.5
3,152.07,78.85,36.35
2,151.97,78.97,36.35
2,151.97,78.97,36.5
3,152.17,78.73,36.5
5,152.37,78.49,36.5
4,152.63,78.25,36.47
4,152.63,78.25,36.54
4,152.58,78.31,36.54
4,152.58,78.31,36.47
4,152.53,78.37,36.54
4,152.53,78.37,36.47
4,152.48,78.43,36.47
4,152.48,78.43,36.54
3,152.63,78.25,36.31
4,152.63,78.25,36.39
4,152.58,78.31,36.39
4,152.58,78.31,36.31
4,152.53,78.37,36.31
4,152.53,78.37,36.39
4,152.48,78.43,36.39
4,152.48,78.43,36.31
3,152.68,78.19,36.47
3,152.68,78.19,36.54
3,152.72,78.14,36.39
3,152.72,78.14,36.31
3,152.68,78.19,36.31
3,152.68,78.19,36.39
2,152.62,78.14,36.07
2,152.62,78.14,36
2,152.67,78.1,36.07
2,152.67,78.1,36
2,152.66,78.03,36.09
2,152.65,78.02,36.02
3,152.37,78.49,36.04
3,152.27,78.61,36.04
3,152.27,78.61,36.19
3,152.17,78.73,36.19
2,152.07,78.85,36.19
2,152.07,78.85,36.04
2,151.97,78.97,36.19
2,152.17,78.73,36.04
4,152.37,78.49,36.19
3,152.63,78.25,36.23
3,152.63,78.25,36.15
3,152.58,78.31,36.23
3,152.58,78.31,36.15
3,152.53,78.37,36.15
4,152.53,78.37,36.23
4,152.48,78.43,36.23
3,152.48,78.43,36.15
2,152.63,78.25,36.07
2,152.63,78.25,36
3,152.58,78.31,36.07
2,152.58,78.31,36
2,152.53,78.37,36
3,152.53,78.37,36.07
3,152.48,78.43,36.07
2,152.48,78.43,36
2,152.74,78.05,36.17
2,152.73,78.14,36.23
2,152.73,78.14,36.15
3,152.68,78.19,36.23
2,152.68,78.19,36.15
5,152.41,78.26,36.94
5,152.36,78.33,36.93
6,152.35,78.22,36.93
6,152.29,78.21,36.99
6,152.3,78.28,36.93
6,152.24,78.24,37.01
3,151.95,78.75,36.97
5,152.26,78.45,36.93
5,152.31,78.39,36.93
4,152.51,78.19,36.9
4,152.57,78.21,36.85
5,152.46,78.22,36.93
4,152.52,78.26,36.86
4,152.47,78.32,36.93
4,152.42,78.38,36.93
5,152.37,78.49,36.66
4,152.37,78.49,36.82
3,152.63,78.25,36.78
4,152.58,78.31,36.78
4,152.53,78.37,36.78
3,152.53,78.37,36.86
3,152.48,78.43,36.86
4,152.48,78.43,36.78
4,152.63,78.25,36.62
4,152.63,78.25,36.7
4,152.58,78.31,36.62
4,152.58,78.31,36.7
4,152.53,78.37,36.7
4,152.53,78.37,36.62
4,152.48,78.43,36.62
4,152.48,78.43,36.7
4,152.27,78.61,36.82
4,152.27,78.61,36.66
3,152.17,78.73,36.66
3,152.17,78.73,36.82
3,152.07,78.85,36.82
3,152.07,78.85,36.66
8,151.48,78.37,36.82
7,151.81,78.43,36.82
9,151.7,78.34,36.81
9,151.86,78.31,36.86
8,151.92,78.36,36.86
9,151.81,78.29,36.94
9,151.97,78.3,36.86
10,151.91,78.26,36.85
9,152.02,78.25,36.93
3,151.4,78.8,36.43
5,151.61,78.67,36.66
5,151.49,78.57,36.66
4,151.61,78.67,36.82
5,151.49,78.57,36.82
4,151.16,78.6,36.43
6,151.37,78.46,36.66
7,151.25,78.38,36.66
6,151.37,78.46,36.82
7,151.25,78.38,36.82
5,151.71,78.55,36.97
6,151.59,78.44,36.97
2,151.2,79.04,36.11
2,150.96,78.84,36.11
2,150.52,78.87,36.11
2,151.2,79.04,36.43
3,150.96,78.84,36.43
2,150.52,78.87,36.43
4,150.72,78.64,36.74
2,150.28,78.67,36.74
5,150.92,78.41,36.74
7,151.13,78.33,36.97
4,150.72,78.64,37.05
8,151.29,78.21,36.98
9,151.48,78.21,36.98
7,151.15,78.2,37.13
9,151.68,78.2,36.98
10,151.9,78.17,36.99
12,151.3,78.01,37.14
12,151.49,78.01,37.13
10,151.17,78.01,37.3
11,151.7,78.01,37.13
9,151.91,78,37.13
2,151.97,78.97,36.66
2,151.97,78.97,36.82
2,151.64,79,36.74
3,151.85,78.87,36.97
3,151.73,78.77,36.97
4,152.05,78.63,36.97
5,151.93,78.53,36.97
4,152.15,78.51,36.97
6,152.03,78.41,36.97
2,151.85,78.87,37.13
3,151.73,78.77,37.13
3,151.95,78.75,37.13
3,151.83,78.65,37.13
4,152.26,78.45,37.01
5,152.2,78.4,37.01
4,152.31,78.39,37.01
5,152.25,78.34,37.01
6,152.14,78.34,37.01
7,152.08,78.29,37.01
7,152.14,78.25,37.01
6,152.19,78.29,37.01
7,152.02,78.27,37
2,152.52,78.26,35.84
2,152.57,78.2,35.84
2,152.56,78.1,35.84
2,152.62,78.14,35.92
2,152.66,78.11,35.92
2,152.53,78.37,35.92
2,152.53,78.37,35.84
2,152.48,78.43,35.84
2,152.48,78.43,35.92
2,152.37,78.49,35.88
2,152.63,78.25,35.92
2,152.58,78.31,35.92
2,152.65,78.02,35.94
7,150.96,78.19,37.07
8,150.97,78.15,36.76
5,150.66,78.26,36.72
3,150.42,78.03,36.4
6,150.78,78.02,36.49
2,150.59,77.46,35.97
3,150.65,77.75,36.16
9,151,78,37.38
8,150.76,77.94,37.09
11,150.81,77.91,36.81
3,150.65,77.73,36.53
8,152.07,78.15,37.03
8,152.13,78.14,37.01
9,152.02,78.16,37.01
4,152.62,78.09,36.77
6,152.36,78.11,36.95
6,152.29,78.12,37
7,152.24,78.13,37.02
5,152.46,78.11,36.94
5,152.51,78.11,36.91
4,152.58,78.11,36.86
3,152.67,78.2,36.77
3,152.7,78.08,36.64
3,152.7,78.1,36.7
3,152.73,78.16,36.6
3,152.68,78.19,36.62
3,152.68,78.19,36.7
3,152.72,78.15,36.46
4,152.66,78.05,36.47
3,152.73,78.07,36.39
3,152.72,78.15,36.54
4,152.66,78.06,36.53
2,152.8,78.08,36.26
2,152.73,78.07,36.32
7,152.12,78,37.13
2,152.68,77.98,36.78
4,152.41,77.99,37.03
5,152.35,77.99,37.01
6,152.24,77.99,37.1
4,152.46,77.99,37.01
4,152.52,77.99,36.96
3,152.57,77.99,37
3,152.64,77.98,36.87
3,152.56,77.99,36.93
2,152.72,77.97,36.61
2,152.76,77.98,36.72
2,152.73,77.97,36.47
2,152.8,77.97,36.4
2,152.72,77.97,36.55
4,150.49,78.42,37.05
2,150.28,78.67,37.05
3,152.49,78.59,36.35
3,152.39,78.71,36.5
2,152.39,78.71,36.35
2,152.29,78.83,36.35
2,152.19,78.95,36.5
2,152.19,78.95,36.35
2,152.29,78.83,36.5
3,152.49,78.59,36.5
3,152.69,78.3,36.47
3,152.69,78.3,36.54
3,152.64,78.36,36.54
3,152.64,78.36,36.47
3,152.59,78.47,36.5
3,152.69,78.3,36.31
3,152.69,78.3,36.39
3,152.64,78.36,36.39
3,152.64,78.36,36.31
3,152.59,78.47,36.35
3,152.74,78.24,36.47
3,152.74,78.24,36.54
2,152.79,78.18,36.39
2,152.79,78.18,36.31
2,152.74,78.24,36.31
2,152.74,78.24,36.39
2,152.68,78.19,36.07
2,152.68,78.19,36
2,152.73,78.14,36.07
2,152.74,78.04,36.09
2,152.49,78.59,36.04
2,152.39,78.71,36.04
2,152.39,78.71,36.19
2,152.29,78.83,36.19
2,152.49,78.59,36.19
2,152.69,78.3,36.23
2,152.69,78.3,36.15
3,152.64,78.36,36.23
2,152.64,78.36,36.15
2,152.59,78.47,36.19
2,152.69,78.3,36.07
2,152.69,78.3,36
2,152.64,78.36,36.07
2,152.64,78.36,36
2,152.59,78.47,36.04
2,152.83,78.08,36.23
2,152.79,78.18,36.23
2,152.79,78.18,36.15
2,152.74,78.24,36.23
2,152.74,78.24,36.15
4,152.41,78.27,37.01
4,152.36,78.33,37.01
5,152.35,78.23,37.01
5,152.3,78.28,37.01
5,152.24,78.26,37.09
3,152.42,78.38,37.01
3,152.47,78.32,37.01
4,152.46,78.23,37
3,152.27,78.61,36.97
2,152.07,78.85,36.97
2,152.07,78.85,37.13
2,151.97,78.97,37.13
2,151.97,78.97,36.97
3,152.17,78.73,36.97
3,152.37,78.49,36.97
3,152.63,78.25,36.86
3,152.56,78.22,36.92
3,152.58,78.31,36.86
4,152.52,78.26,36.93
3,152.57,78.24,36.99
3,152.53,78.37,36.93
3,152.53,78.37,37.01
3,152.48,78.43,37.01
3,152.48,78.43,36.93
3,152.49,78.59,36.66
2,152.49,78.59,36.82
3,152.69,78.3,36.78
3,152.64,78.36,36.78
2,152.59,78.47,36.82
3,152.69,78.3,36.62
3,152.69,78.3,36.7
3,152.64,78.36,36.62
3,152.64,78.36,36.7
3,152.59,78.47,36.66
2,152.39,78.71,36.82
3,152.39,78.71,36.66
2,152.29,78.83,36.66
2,152.29,78.83,36.82
2,152.19,78.95,36.82
2,152.19,78.95,36.66
7,151.48,78.37,36.97
6,151.14,78.34,37.13
6,151.81,78.43,36.97
7,151.7,78.35,36.97
8,151.92,78.32,36.97
4,151.4,78.8,36.74
4,151.61,78.67,36.97
5,151.49,78.57,36.97
5,151.16,78.6,36.74
6,151.37,78.46,36.97
6,151.25,78.38,36.97
4,151.61,78.67,37.13
4,151.49,78.57,37.13
4,151.71,78.55,37.13
5,151.59,78.44,37.13
2,150.76,79.08,36.11
2,151,79.28,36.43
2,151.2,79.04,36.74
2,150.76,79.08,36.43
3,150.96,78.84,36.74
2,150.32,79.11,36.43
3,150.52,78.87,36.74
2,150.08,78.91,36.74
2,151.2,79.04,37.05
3,150.96,78.84,37.05
3,150.52,78.87,37.05
2,150.08,78.91,37.05
5,150.92,78.42,37.05
3,150.72,78.64,37.36
7,151.29,78.21,37.13
7,151.48,78.21,37.13
6,151.15,78.21,37.29
7,151.69,78.2,37.13
7,151.91,78.2,37.13
10,151.3,78.01,37.29
9,151.49,78.01,37.29
8,151.17,78.01,37.45
6,151.02,78,37.68
8,151.7,78.01,37.29
7,151.91,78.01,37.29
5,150.67,78.29,37.05
2,151.44,79.24,36.74
2,151.44,79.24,37.05
2,151.64,79,37.05
2,152.27,78.61,37.13
2,152.17,78.73,37.13
3,152.05,78.63,37.13
4,151.93,78.53,37.13
3,152.15,78.51,37.13
5,152.04,78.41,37.13
2,151.85,78.87,37.29
3,151.73,78.77,37.29
2,151.95,78.75,37.29
3,151.83,78.65,37.29
4,152.26,78.4,37.13
5,152.14,78.32,37.12
6,150.96,78.2,37.37
6,150.69,78.13,37.07
7,150.73,78.09,36.77
2,150.38,78.08,36.69
3,150.54,77.87,36.46
7,150.75,77.95,37.38
2,150.56,77.8,36.83
6,152.12,78.18,37.13
3,152.68,78.11,36.78
3,152.68,78.22,36.84
5,152.41,78.14,37.03
5,152.35,78.13,37.01
5,152.24,78.16,37.1
4,152.46,78.14,37.01
4,152.52,78.13,36.96
3,152.57,78.15,37
3,152.64,78.13,36.87
4,152.56,78.13,36.93
2,152.74,78.24,36.78
3,152.72,78.09,36.61
2,152.76,78.12,36.71
2,152.78,78.2,36.62
2,152.79,78.21,36.68
3,152.74,78.24,36.62
2,152.74,78.24,36.7
2,152.79,78.19,36.46
3,152.73,78.07,36.47
2,152.8,78.09,36.39
2,152.78,78.19,36.54
3,152.72,78.08,36.55
2,152.81,78.09,36.32
3,152.25,78.01,37.31
5,152.12,78.01,37.28
3,152.34,78.01,37.28
2,152.76,77.99,36.78
2,152.68,77.99,36.85
3,152.48,78,37.17
4,152.36,78,37.13
3,152.53,77.99,37.02
2,152.62,78,37.01
2,152.64,77.99,36.94
2,152.78,77.98,36.63
2,152.78,77.98,36.69
2,152.8,77.98,36.48
2,152.79,77.98,36.55
4,150.49,78.43,37.36
2,150.28,78.67,37.36
2,152.61,78.69,36.5
2,152.75,78.35,36.47
2,152.75,78.35,36.54
2,152.7,78.41,36.54
2,152.7,78.41,36.47
2,152.71,78.57,36.5
2,152.75,78.35,36.31
2,152.75,78.35,36.39
2,152.7,78.41,36.39
2,152.7,78.41,36.31
2,152.8,78.29,36.47
2,152.8,78.29,36.54
2,152.85,78.23,36.31
2,152.85,78.23,36.39
2,152.8,78.29,36.31
2,152.8,78.29,36.39
2,152.74,78.24,36.07
2,152.75,78.35,36.23
2,152.75,78.35,36.15
2,152.7,78.41,36.23
2,152.7,78.41,36.15
2,152.7,78.41,36.07
2,152.83,78.16,36.21
2,152.8,78.29,36.23
2,152.07,78.85,37.29
2,151.97,78.97,37.29
3,152.37,78.49,37.13
3,152.48,78.37,37.13
4,152.35,78.31,37.11
3,152.52,78.27,37.01
2,152.49,78.59,37.13
2,152.39,78.71,36.97
2,152.39,78.71,37.13
2,152.29,78.83,37.13
2,152.19,78.95,36.97
2,152.29,78.83,36.97
2,152.49,78.59,36.97
3,152.64,78.36,36.86
3,152.58,78.31,37.01
2,152.69,78.3,36.86
3,152.63,78.26,36.93
3,152.62,78.27,37
3,152.58,78.31,36.93
2,152.59,78.47,36.97
2,152.61,78.69,36.66
2,152.75,78.35,36.78
2,152.75,78.35,36.86
2,152.7,78.41,36.78
2,152.7,78.41,36.86
2,152.75,78.35,36.62
2,152.75,78.35,36.7
2,152.7,78.41,36.62
2,152.7,78.41,36.7
7,150.75,77.95,37.67
5,151.37,78.46,37.13
6,151.25,78.38,37.13
6,151.48,78.37,37.13
6,151.14,78.34,37.28
5,151.81,78.43,37.13
6,151.7,78.36,37.13
6,151.92,78.35,37.12
3,151.4,78.8,37.05
4,151.16,78.6,37.05
3,151.61,78.67,37.29
4,151.49,78.57,37.29
4,151.71,78.55,37.29
5,151.59,78.44,37.29
2,151,79.28,36.74
2,150.76,79.08,36.74
2,150.32,79.11,36.74
2,151,79.28,37.05
2,151.2,79.04,37.36
2,150.76,79.08,37.05
3,150.96,78.84,37.36
2,150.32,79.11,37.05
2,150.52,78.87,37.36
2,150.52,78.87,37.68
2,150.08,78.91,37.36
5,150.92,78.43,37.36
3,150.72,78.64,37.68
6,151.28,78.21,37.29
6,151.48,78.21,37.29
6,151.15,78.21,37.44
4,150.98,78.19,37.68
6,151.7,78.21,37.29
5,151.91,78.21,37.29
8,151.3,78.01,37.44
7,151.49,78.01,37.44
6,151.18,78.01,37.62
4,151.03,77.99,37.96
6,151.7,78.01,37.44
5,151.91,78.01,37.44
5,150.66,78.3,37.36
2,151.64,79,37.36
2,152.27,78.61,37.29
2,152.17,78.73,37.29
3,152.05,78.63,37.29
3,151.93,78.53,37.29
3,152.15,78.51,37.29
4,152.04,78.42,37.28
2,151.73,78.77,37.44
2,151.85,78.87,37.44
2,151.95,78.75,37.44
3,151.83,78.65,37.44
3,152.26,78.4,37.28
3,152.35,78.34,37.27
4,152.13,78.35,37.28
3,150.5,77.86,37.68
6,150.68,78.14,37.37
2,150.46,77.96,36.77
3,152.25,78.2,37.31
4,152.12,78.2,37.28
3,152.34,78.2,37.28
2,152.76,78.13,36.78
3,152.68,78.13,36.85
2,152.73,78.25,36.85
3,152.48,78.19,37.17
4,152.36,78.17,37.13
4,152.53,78.15,37.02
2,152.59,78.47,37.13
3,152.62,78.16,37.01
3,152.64,78.14,36.94
2,152.8,78.29,36.78
2,152.8,78.29,36.85
2,152.85,78.26,36.76
2,152.82,78.15,36.79
2,152.78,78.11,36.62
2,152.78,78.12,36.69
2,152.84,78.24,36.62
2,152.84,78.25,36.7
2,152.8,78.29,36.62
2,152.8,78.29,36.7
2,152.85,78.23,36.46
2,152.86,78.11,36.41
2,152.8,78.1,36.47
2,152.85,78.24,36.54
2,152.79,78.1,36.55
3,152.25,78.01,37.44
4,152.11,78.01,37.44
2,152.36,78.01,37.44
2,152.48,78.01,37.29
2,152.74,77.99,36.86
2,152.56,78,37.12
2,152.71,78,37.01
3,150.49,78.43,37.68
2,150.28,78.67,37.68
2,152.37,78.49,37.29
2,152.48,78.38,37.28
2,152.56,78.31,37.11
2,152.7,78.35,36.97
5,150.68,78.14,37.68
5,150.76,77.94,37.96
5,151.37,78.46,37.29
5,151.25,78.38,37.29
5,151.48,78.37,37.29
5,151.14,78.34,37.44
4,151.81,78.43,37.29
5,151.7,78.37,37.29
4,151.92,78.36,37.28
3,151.4,78.8,37.36
4,151.16,78.6,37.36
3,151.49,78.57,37.44
3,151.61,78.67,37.44
3,151.71,78.55,37.44
4,151.59,78.44,37.44
2,151.2,79.04,37.68
2,150.96,78.84,37.68
2,150.76,79.08,37.36
2,150.32,79.11,37.36
2,150.76,79.08,37.68
2,150.52,78.87,37.99
2,150.08,78.91,37.68
4,150.92,78.42,37.68
2,150.72,78.64,37.99
5,151.28,78.21,37.44
5,151.48,78.21,37.44
4,151.15,78.21,37.62
3,150.98,78.19,37.97
5,151.7,78.21,37.44
4,151.91,78.21,37.44
5,151.4,78.01,37.67
3,151.18,78,38.02
3,151.04,77.98,38.27
4,151.81,78.01,37.67
4,150.66,78.3,37.68
2,152.27,78.61,37.44
2,152.17,78.73,37.44
2,152.05,78.63,37.44
3,151.93,78.53,37.44
2,152.15,78.51,37.44
3,152.04,78.42,37.44
2,151.84,78.76,37.68
2,152.36,78.35,37.44
2,152.26,78.4,37.44
3,152.12,78.35,37.44
3,150.39,78.03,37.68
4,150.51,77.84,37.96
3,152.25,78.21,37.44
3,152.11,78.21,37.44
2,152.36,78.21,37.44
2,152.48,78.2,37.29
2,152.79,78.3,36.94
2,152.74,78.15,36.86
3,152.56,78.18,37.12
2,152.71,78.18,37.01
2,152.84,78.15,36.77
2,152.82,78.16,36.86
2,152.85,78.14,36.62
2,152.84,78.14,36.7
2,152.87,78.12,36.47
2,152.86,78.13,36.55
2,152.22,78.01,37.68
4,150.48,77.81,38.19
2,150.28,78.67,37.99
3,150.49,78.42,37.99
2,150.24,78.24,37.68
2,150.04,78.47,37.68
2,152.37,78.49,37.44
2,152.58,78.34,37.28
4,150.69,78.13,37.98
3,150.78,77.92,38.25
5,151.25,78.38,37.44
4,151.37,78.46,37.44
4,151.48,78.37,37.44
4,151.14,78.34,37.6
3,151.81,78.43,37.44
4,151.7,78.37,37.44
3,151.92,78.36,37.44
2,151.4,78.8,37.68
3,151.16,78.59,37.68
2,151.6,78.56,37.68
2,150.96,78.84,37.99
3,150.92,78.42,37.99
2,150.72,78.64,38.3
4,151.38,78.21,37.68
3,151.15,78.2,38.03
2,150.99,78.18,38.29
3,151.81,78.21,37.68
3,151.41,78.01,37.97
3,151.19,78,38.22
2,151.05,77.96,38.51
2,151.81,78.01,37.98
3,150.67,78.29,37.99
3,150.57,77.84,38.29
2,152.04,78.53,37.68
3,150.4,78.01,37.98
4,150.32,77.69,38.23
4,150.3,77.71,37.96
2,152.22,78.21,37.68
2,152.48,78.21,37.44
2,152.58,78.2,37.28
2,152.79,78.18,36.95
3,150.37,77.98,38.23
2,150.49,78.43,38.3
2,150.28,78.67,38.3
2,150.04,78.47,37.99
2,150.25,78.23,37.99
3,150.71,78.11,38.28
2,150.83,77.89,38.54
3,151.37,78.41,37.67
2,151.14,78.33,38.07
2,151.81,78.4,37.68
2,151.4,78.8,37.99
2,151.16,78.59,37.99
2,151.6,78.55,37.99
2,150.92,78.41,38.3
3,151.39,78.21,37.98
2,151.16,78.2,38.24
2,150.99,78.15,38.54
2,151.81,78.21,37.99
2,151.42,78.01,38.28
2,151.16,77.97,38.61
2,150.66,78.27,38.31
3,150.47,78.01,38.33
3,150.18,77.83,38.28
3,150.17,77.85,37.98
3,150.17,77.56,38
2,150.04,78.47,38.3
2,150.25,78.23,38.3
2,149.8,78.27,37.99
2,150,78.03,38.3
2,149.99,78.04,37.99
2,150.75,78.07,38.59
2,150.88,77.83,38.82
2,151.36,78.41,37.99
2,151.14,78.33,38.22
2,151.81,78.4,37.99
2,151.16,78.59,38.3
2,151.39,78.2,38.29
2,150.66,78.25,38.62
2,150.43,78.13,38.38
2,150.01,77.67,38.03
2,151.36,78.41,38.3
